collective,num_nodes,num_gpus,size_bytes,count,data_type,redop,time_oop_us,algbw_oop,busbw_oop,errors_oop,time_ip_us,algbw_ip,busbw_ip,errors_ip,algo,proto,nchannels,requested_algo,requested_proto,requested_nchannels,substituted,measured_algo_raw,nchannels_source
all_reduce_perf,1,8,4096,1024,float,sum,6.0,0.08,0.15,0,6.11,0.09,0.16,0,RING,SIMPLE,1,RING,SIMPLE,1,0,RING,A_flag_ceiling
all_reduce_perf,1,8,8192,2048,float,sum,21.08,0.19,0.33,0,6.54,0.19,0.33,0,RING,SIMPLE,1,RING,SIMPLE,1,0,RING,A_flag_ceiling
all_reduce_perf,1,8,16384,4096,float,sum,21.01,0.31,0.55,0,5.8,0.39,0.68,0,RING,SIMPLE,1,RING,SIMPLE,1,0,RING,A_flag_ceiling
all_reduce_perf,1,8,32768,8192,float,sum,5.78,0.75,1.32,0,16.38,0.75,1.31,0,RING,SIMPLE,1,RING,SIMPLE,1,0,RING,A_flag_ceiling
all_reduce_perf,1,8,65536,16384,float,sum,5.69,1.42,2.49,0,13.57,1.43,2.51,0,RING,SIMPLE,1,RING,SIMPLE,1,0,RING,A_flag_ceiling
all_reduce_perf,1,8,131072,32768,float,sum,5.56,2.32,4.06,0,19.31,1.9,3.33,0,RING,SIMPLE,1,RING,SIMPLE,1,0,RING,A_flag_ceiling
all_reduce_perf,1,8,262144,65536,float,sum,5.69,3.43,6.0,0,5.68,3.48,6.09,0,RING,SIMPLE,1,RING,SIMPLE,1,0,RING,A_flag_ceiling
all_reduce_perf,1,8,524288,131072,float,sum,17.63,4.42,7.74,0,5.61,4.51,7.89,0,RING,SIMPLE,1,RING,SIMPLE,1,0,RING,A_flag_ceiling
all_reduce_perf,1,8,1048576,262144,float,sum,23.55,5.3,9.27,0,5.67,5.36,9.39,0,RING,SIMPLE,1,RING,SIMPLE,1,0,RING,A_flag_ceiling
all_reduce_perf,1,8,2097152,524288,float,sum,5.53,6.13,10.72,0,22.96,6.35,11.12,0,RING,SIMPLE,1,RING,SIMPLE,1,0,RING,A_flag_ceiling
all_reduce_perf,1,8,4194304,1048576,float,sum,5.67,6.84,11.97,0,24.17,7.14,12.49,0,RING,SIMPLE,1,RING,SIMPLE,1,0,RING,A_flag_ceiling
all_reduce_perf,1,8,8388608,2097152,float,sum,5.69,6.88,12.04,0,19.8,7.0,12.25,0,RING,SIMPLE,1,RING,SIMPLE,1,0,RING,A_flag_ceiling
all_reduce_perf,1,8,16777216,4194304,float,sum,5.68,6.95,12.17,0,5.79,7.05,12.34,0,RING,SIMPLE,1,RING,SIMPLE,1,0,RING,A_flag_ceiling
all_reduce_perf,1,8,33554432,8388608,float,sum,19.79,6.98,12.22,0,5.89,7.04,12.33,0,RING,SIMPLE,1,RING,SIMPLE,1,0,RING,A_flag_ceiling
all_reduce_perf,1,8,67108864,16777216,float,sum,21.7,6.75,11.82,0,6.62,6.76,11.82,0,RING,SIMPLE,1,RING,SIMPLE,1,0,RING*,A_flag_ceiling
all_reduce_perf,1,8,134217728,33554432,float,sum,5.65,6.72,11.76,0,19.94,6.71,11.74,0,RING,SIMPLE,1,RING,SIMPLE,1,0,RING*,A_flag_ceiling
all_reduce_perf,1,8,268435456,67108864,float,sum,6.05,6.69,11.7,0,21.72,6.73,11.77,0,RING,SIMPLE,1,RING,SIMPLE,1,0,RING*,A_flag_ceiling
all_reduce_perf,1,8,536870912,134217728,float,sum,6.15,6.75,11.81,0,19.9,6.76,11.84,0,RING,SIMPLE,1,RING,SIMPLE,1,0,RING*,A_flag_ceiling
all_reduce_perf,1,8,4096,1024,float,sum,6.17,0.13,0.23,0,6.27,0.15,0.26,0,RING,LL,1,RING,LL,1,0,RING,A_flag_ceiling
all_reduce_perf,1,8,8192,2048,float,sum,14.49,0.27,0.47,0,6.33,0.3,0.53,0,RING,LL,1,RING,LL,1,0,RING,A_flag_ceiling
all_reduce_perf,1,8,16384,4096,float,sum,8.04,0.55,0.96,0,5.84,0.59,1.04,0,RING,LL,1,RING,LL,1,0,RING,A_flag_ceiling
all_reduce_perf,1,8,32768,8192,float,sum,6.06,0.92,1.6,0,6.72,0.9,1.58,0,RING,LL,1,RING,LL,1,0,RING,A_flag_ceiling
all_reduce_perf,1,8,65536,16384,float,sum,5.8,1.21,2.12,0,9.61,1.23,2.15,0,RING,LL,1,RING,LL,1,0,RING,A_flag_ceiling
all_reduce_perf,1,8,131072,32768,float,sum,5.63,1.44,2.52,0,14.14,1.29,2.26,0,RING,LL,1,RING,LL,1,0,RING,A_flag_ceiling
all_reduce_perf,1,8,262144,65536,float,sum,5.9,1.51,2.64,0,5.73,1.53,2.68,0,RING,LL,1,RING,LL,1,0,RING,A_flag_ceiling
all_reduce_perf,1,8,524288,131072,float,sum,16.74,1.55,2.71,0,5.75,1.56,2.74,0,RING,LL,1,RING,LL,1,0,RING,A_flag_ceiling
all_reduce_perf,1,8,1048576,262144,float,sum,12.05,1.58,2.76,0,5.86,1.58,2.77,0,RING,LL,1,RING,LL,1,0,RING,A_flag_ceiling
all_reduce_perf,1,8,2097152,524288,float,sum,5.84,1.58,2.76,0,6.78,1.6,2.8,0,RING,LL,1,RING,LL,1,0,RING,A_flag_ceiling
all_reduce_perf,1,8,4194304,1048576,float,sum,5.92,1.59,2.78,0,7.4,1.61,2.82,0,RING,LL,1,RING,LL,1,0,RING,A_flag_ceiling
all_reduce_perf,1,8,8388608,2097152,float,sum,5.8,1.6,2.81,0,11.21,1.62,2.83,0,RING,LL,1,RING,LL,1,0,RING,A_flag_ceiling
all_reduce_perf,1,8,16777216,4194304,float,sum,5.81,1.61,2.82,0,5.85,1.63,2.85,0,RING,LL,1,RING,LL,1,0,RING,A_flag_ceiling
all_reduce_perf,1,8,33554432,8388608,float,sum,9.29,1.62,2.83,0,6.02,1.64,2.86,0,RING,LL,1,RING,LL,1,0,RING,A_flag_ceiling
all_reduce_perf,1,8,67108864,16777216,float,sum,17.4,1.46,2.56,0,5.88,1.46,2.55,0,RING,LL,1,RING,LL,1,0,RING*,A_flag_ceiling
all_reduce_perf,1,8,134217728,33554432,float,sum,5.98,1.45,2.54,0,13.25,1.45,2.54,0,RING,LL,1,RING,LL,1,0,RING*,A_flag_ceiling
all_reduce_perf,1,8,268435456,67108864,float,sum,6.5,1.47,2.57,0,22.39,1.46,2.56,0,RING,LL,1,RING,LL,1,0,RING*,A_flag_ceiling
all_reduce_perf,1,8,536870912,134217728,float,sum,7.15,1.46,2.56,0,22.38,1.47,2.57,0,RING,LL,1,RING,LL,1,0,RING*,A_flag_ceiling
all_reduce_perf,1,8,4096,1024,float,sum,6.04,0.08,0.14,0,6.0,0.09,0.16,0,RING,SIMPLE,2,RING,SIMPLE,2,0,RING,A_flag_ceiling
all_reduce_perf,1,8,8192,2048,float,sum,19.65,0.19,0.32,0,5.78,0.19,0.32,0,RING,SIMPLE,2,RING,SIMPLE,2,0,RING,A_flag_ceiling
all_reduce_perf,1,8,16384,4096,float,sum,17.01,0.32,0.56,0,5.66,0.36,0.63,0,RING,SIMPLE,2,RING,SIMPLE,2,0,RING,A_flag_ceiling
all_reduce_perf,1,8,32768,8192,float,sum,6.03,0.73,1.28,0,13.89,0.73,1.27,0,RING,SIMPLE,2,RING,SIMPLE,2,0,RING,A_flag_ceiling
all_reduce_perf,1,8,65536,16384,float,sum,5.81,1.44,2.52,0,9.35,1.49,2.61,0,RING,SIMPLE,2,RING,SIMPLE,2,0,RING,A_flag_ceiling
all_reduce_perf,1,8,131072,32768,float,sum,5.68,2.75,4.82,0,22.24,2.07,3.62,0,RING,SIMPLE,2,RING,SIMPLE,2,0,RING,A_flag_ceiling
all_reduce_perf,1,8,262144,65536,float,sum,5.83,4.55,7.96,0,5.83,4.67,8.17,0,RING,SIMPLE,2,RING,SIMPLE,2,0,RING,A_flag_ceiling
all_reduce_perf,1,8,524288,131072,float,sum,17.79,6.6,11.54,0,5.76,6.77,11.85,0,RING,SIMPLE,2,RING,SIMPLE,2,0,RING,A_flag_ceiling
all_reduce_perf,1,8,1048576,262144,float,sum,18.13,8.75,15.32,0,5.78,8.96,15.68,0,RING,SIMPLE,2,RING,SIMPLE,2,0,RING,A_flag_ceiling
all_reduce_perf,1,8,2097152,524288,float,sum,5.7,10.46,18.31,0,11.96,10.6,18.55,0,RING,SIMPLE,2,RING,SIMPLE,2,0,RING,A_flag_ceiling
all_reduce_perf,1,8,4194304,1048576,float,sum,5.78,11.82,20.68,0,17.91,11.9,20.82,0,RING,SIMPLE,2,RING,SIMPLE,2,0,RING,A_flag_ceiling
all_reduce_perf,1,8,8388608,2097152,float,sum,5.83,12.69,22.21,0,20.41,12.47,21.82,0,RING,SIMPLE,2,RING,SIMPLE,2,0,RING,A_flag_ceiling
all_reduce_perf,1,8,16777216,4194304,float,sum,5.65,12.81,22.42,0,5.62,12.79,22.38,0,RING,SIMPLE,2,RING,SIMPLE,2,0,RING,A_flag_ceiling
all_reduce_perf,1,8,33554432,8388608,float,sum,21.96,12.86,22.51,0,5.82,12.85,22.48,0,RING,SIMPLE,2,RING,SIMPLE,2,0,RING,A_flag_ceiling
all_reduce_perf,1,8,67108864,16777216,float,sum,19.14,13.45,23.54,0,5.86,13.49,23.61,0,RING,SIMPLE,2,RING,SIMPLE,2,0,RING*,A_flag_ceiling
all_reduce_perf,1,8,134217728,33554432,float,sum,5.69,13.45,23.53,0,10.43,13.46,23.55,0,RING,SIMPLE,2,RING,SIMPLE,2,0,RING*,A_flag_ceiling
all_reduce_perf,1,8,268435456,67108864,float,sum,5.88,13.4,23.45,0,10.98,13.41,23.47,0,RING,SIMPLE,2,RING,SIMPLE,2,0,RING*,A_flag_ceiling
all_reduce_perf,1,8,536870912,134217728,float,sum,6.08,13.38,23.42,0,19.08,13.35,23.37,0,RING,SIMPLE,2,RING,SIMPLE,2,0,RING*,A_flag_ceiling
all_reduce_perf,1,8,4096,1024,float,sum,5.99,0.14,0.24,0,6.1,0.15,0.26,0,RING,LL,2,RING,LL,2,0,RING,A_flag_ceiling
all_reduce_perf,1,8,8192,2048,float,sum,20.15,0.26,0.45,0,6.37,0.31,0.54,0,RING,LL,2,RING,LL,2,0,RING,A_flag_ceiling
all_reduce_perf,1,8,16384,4096,float,sum,16.88,0.46,0.8,0,5.9,0.61,1.07,0,RING,LL,2,RING,LL,2,0,RING,A_flag_ceiling
all_reduce_perf,1,8,32768,8192,float,sum,6.03,1.12,1.96,0,20.53,1.13,1.98,0,RING,LL,2,RING,LL,2,0,RING,A_flag_ceiling
all_reduce_perf,1,8,65536,16384,float,sum,5.67,1.75,3.06,0,18.97,1.6,2.8,0,RING,LL,2,RING,LL,2,0,RING,A_flag_ceiling
all_reduce_perf,1,8,131072,32768,float,sum,5.83,2.27,3.97,0,22.36,1.75,3.07,0,RING,LL,2,RING,LL,2,0,RING,A_flag_ceiling
all_reduce_perf,1,8,262144,65536,float,sum,5.77,2.63,4.61,0,5.76,2.64,4.62,0,RING,LL,2,RING,LL,2,0,RING,A_flag_ceiling
all_reduce_perf,1,8,524288,131072,float,sum,18.69,2.72,4.77,0,5.7,2.74,4.8,0,RING,LL,2,RING,LL,2,0,RING,A_flag_ceiling
all_reduce_perf,1,8,1048576,262144,float,sum,23.24,2.79,4.89,0,5.7,2.8,4.9,0,RING,LL,2,RING,LL,2,0,RING,A_flag_ceiling
all_reduce_perf,1,8,2097152,524288,float,sum,5.88,2.82,4.93,0,11.13,2.81,4.91,0,RING,LL,2,RING,LL,2,0,RING,A_flag_ceiling
all_reduce_perf,1,8,4194304,1048576,float,sum,5.83,2.8,4.9,0,20.26,2.83,4.95,0,RING,LL,2,RING,LL,2,0,RING,A_flag_ceiling
all_reduce_perf,1,8,8388608,2097152,float,sum,5.87,2.8,4.91,0,17.96,2.82,4.94,0,RING,LL,2,RING,LL,2,0,RING,A_flag_ceiling
all_reduce_perf,1,8,16777216,4194304,float,sum,5.77,2.8,4.91,0,5.78,2.83,4.95,0,RING,LL,2,RING,LL,2,0,RING,A_flag_ceiling
all_reduce_perf,1,8,33554432,8388608,float,sum,19.65,2.81,4.91,0,5.98,2.83,4.95,0,RING,LL,2,RING,LL,2,0,RING,A_flag_ceiling
all_reduce_perf,1,8,67108864,16777216,float,sum,11.59,2.87,5.02,0,6.28,2.84,4.98,0,RING,LL,2,RING,LL,2,0,RING*,A_flag_ceiling
all_reduce_perf,1,8,134217728,33554432,float,sum,5.96,2.83,4.96,0,10.99,2.83,4.96,0,RING,LL,2,RING,LL,2,0,RING*,A_flag_ceiling
all_reduce_perf,1,8,268435456,67108864,float,sum,6.15,2.84,4.96,0,20.91,2.84,4.98,0,RING,LL,2,RING,LL,2,0,RING*,A_flag_ceiling
all_reduce_perf,1,8,536870912,134217728,float,sum,6.41,2.84,4.97,0,23.72,2.83,4.95,0,RING,LL,2,RING,LL,2,0,RING*,A_flag_ceiling
all_reduce_perf,1,8,4096,1024,float,sum,5.89,0.09,0.15,0,6.26,0.09,0.17,0,RING,SIMPLE,4,RING,SIMPLE,4,0,RING,A_flag_ceiling
all_reduce_perf,1,8,8192,2048,float,sum,11.58,0.19,0.33,0,5.86,0.19,0.33,0,RING,SIMPLE,4,RING,SIMPLE,4,0,RING,A_flag_ceiling
all_reduce_perf,1,8,16384,4096,float,sum,18.39,0.32,0.57,0,5.64,0.37,0.65,0,RING,SIMPLE,4,RING,SIMPLE,4,0,RING,A_flag_ceiling
all_reduce_perf,1,8,32768,8192,float,sum,5.88,0.69,1.2,0,7.91,0.69,1.21,0,RING,SIMPLE,4,RING,SIMPLE,4,0,RING,A_flag_ceiling
all_reduce_perf,1,8,65536,16384,float,sum,5.93,1.42,2.49,0,10.58,1.46,2.55,0,RING,SIMPLE,4,RING,SIMPLE,4,0,RING,A_flag_ceiling
all_reduce_perf,1,8,131072,32768,float,sum,5.99,2.78,4.87,0,19.23,2.22,3.89,0,RING,SIMPLE,4,RING,SIMPLE,4,0,RING,A_flag_ceiling
all_reduce_perf,1,8,262144,65536,float,sum,5.84,5.34,9.34,0,6.02,5.53,9.67,0,RING,SIMPLE,4,RING,SIMPLE,4,0,RING,A_flag_ceiling
all_reduce_perf,1,8,524288,131072,float,sum,16.57,8.6,15.05,0,5.76,9.02,15.78,0,RING,SIMPLE,4,RING,SIMPLE,4,0,RING,A_flag_ceiling
all_reduce_perf,1,8,1048576,262144,float,sum,16.17,13.04,22.83,0,5.75,13.3,23.27,0,RING,SIMPLE,4,RING,SIMPLE,4,0,RING,A_flag_ceiling
all_reduce_perf,1,8,2097152,524288,float,sum,5.82,17.05,29.84,0,13.41,17.17,30.05,0,RING,SIMPLE,4,RING,SIMPLE,4,0,RING,A_flag_ceiling
all_reduce_perf,1,8,4194304,1048576,float,sum,5.86,19.95,34.91,0,18.84,20.2,35.35,0,RING,SIMPLE,4,RING,SIMPLE,4,0,RING,A_flag_ceiling
all_reduce_perf,1,8,8388608,2097152,float,sum,5.9,22.58,39.52,0,12.26,22.33,39.07,0,RING,SIMPLE,4,RING,SIMPLE,4,0,RING,A_flag_ceiling
all_reduce_perf,1,8,16777216,4194304,float,sum,5.74,24.02,42.03,0,5.66,24.66,43.15,0,RING,SIMPLE,4,RING,SIMPLE,4,0,RING,A_flag_ceiling
all_reduce_perf,1,8,33554432,8388608,float,sum,18.93,24.36,42.63,0,7.19,24.56,42.97,0,RING,SIMPLE,4,RING,SIMPLE,4,0,RING,A_flag_ceiling
all_reduce_perf,1,8,67108864,16777216,float,sum,11.63,26.64,46.61,0,7.24,26.7,46.73,0,RING,SIMPLE,4,RING,SIMPLE,4,0,RING*,A_flag_ceiling
all_reduce_perf,1,8,134217728,33554432,float,sum,5.98,26.5,46.38,0,11.73,26.52,46.41,0,RING,SIMPLE,4,RING,SIMPLE,4,0,RING*,A_flag_ceiling
all_reduce_perf,1,8,268435456,67108864,float,sum,6.02,26.45,46.29,0,18.11,26.43,46.25,0,RING,SIMPLE,4,RING,SIMPLE,4,0,RING*,A_flag_ceiling
all_reduce_perf,1,8,536870912,134217728,float,sum,6.22,26.31,46.04,0,21.64,26.34,46.09,0,RING,SIMPLE,4,RING,SIMPLE,4,0,RING*,A_flag_ceiling
all_reduce_perf,1,8,4096,1024,float,sum,5.98,0.14,0.25,0,6.33,0.15,0.26,0,RING,LL,4,RING,LL,4,0,RING,A_flag_ceiling
all_reduce_perf,1,8,8192,2048,float,sum,10.14,0.29,0.51,0,5.97,0.3,0.52,0,RING,LL,4,RING,LL,4,0,RING,A_flag_ceiling
all_reduce_perf,1,8,16384,4096,float,sum,12.9,0.48,0.85,0,5.79,0.61,1.07,0,RING,LL,4,RING,LL,4,0,RING,A_flag_ceiling
all_reduce_perf,1,8,32768,8192,float,sum,6.01,1.16,2.02,0,16.28,1.16,2.03,0,RING,LL,4,RING,LL,4,0,RING,A_flag_ceiling
all_reduce_perf,1,8,65536,16384,float,sum,5.94,2.21,3.87,0,15.17,1.96,3.43,0,RING,LL,4,RING,LL,4,0,RING,A_flag_ceiling
all_reduce_perf,1,8,131072,32768,float,sum,5.9,3.29,5.75,0,17.4,2.62,4.58,0,RING,LL,4,RING,LL,4,0,RING,A_flag_ceiling
all_reduce_perf,1,8,262144,65536,float,sum,5.98,4.19,7.33,0,5.93,4.28,7.49,0,RING,LL,4,RING,LL,4,0,RING,A_flag_ceiling
all_reduce_perf,1,8,524288,131072,float,sum,16.17,4.89,8.55,0,5.83,4.97,8.7,0,RING,LL,4,RING,LL,4,0,RING,A_flag_ceiling
all_reduce_perf,1,8,1048576,262144,float,sum,13.92,5.17,9.05,0,5.93,5.18,9.07,0,RING,LL,4,RING,LL,4,0,RING,A_flag_ceiling
all_reduce_perf,1,8,2097152,524288,float,sum,5.75,5.27,9.23,0,16.94,5.26,9.21,0,RING,LL,4,RING,LL,4,0,RING,A_flag_ceiling
all_reduce_perf,1,8,4194304,1048576,float,sum,6.02,5.3,9.28,0,17.92,5.32,9.31,0,RING,LL,4,RING,LL,4,0,RING,A_flag_ceiling
all_reduce_perf,1,8,8388608,2097152,float,sum,5.99,5.33,9.33,0,19.59,5.29,9.25,0,RING,LL,4,RING,LL,4,0,RING,A_flag_ceiling
all_reduce_perf,1,8,16777216,4194304,float,sum,5.79,5.29,9.26,0,5.83,5.33,9.33,0,RING,LL,4,RING,LL,4,0,RING,A_flag_ceiling
all_reduce_perf,1,8,33554432,8388608,float,sum,9.95,5.24,9.17,0,6.06,5.3,9.28,0,RING,LL,4,RING,LL,4,0,RING,A_flag_ceiling
all_reduce_perf,1,8,67108864,16777216,float,sum,18.38,5.76,10.08,0,6.09,5.78,10.11,0,RING,LL,4,RING,LL,4,0,RING*,A_flag_ceiling
all_reduce_perf,1,8,134217728,33554432,float,sum,6.66,5.75,10.06,0,17.86,5.73,10.03,0,RING,LL,4,RING,LL,4,0,RING*,A_flag_ceiling
all_reduce_perf,1,8,268435456,67108864,float,sum,6.3,5.68,9.95,0,19.91,5.68,9.93,0,RING,LL,4,RING,LL,4,0,RING*,A_flag_ceiling
all_reduce_perf,1,8,536870912,134217728,float,sum,6.57,5.67,9.93,0,18.52,5.72,10.0,0,RING,LL,4,RING,LL,4,0,RING*,A_flag_ceiling
all_reduce_perf,1,8,4096,1024,float,sum,6.14,0.09,0.16,0,6.87,0.09,0.16,0,RING,SIMPLE,8,RING,SIMPLE,8,0,RING,A_flag_ceiling
all_reduce_perf,1,8,8192,2048,float,sum,11.87,0.19,0.33,0,6.08,0.19,0.33,0,RING,SIMPLE,8,RING,SIMPLE,8,0,RING,A_flag_ceiling
all_reduce_perf,1,8,16384,4096,float,sum,11.68,0.32,0.56,0,6.02,0.36,0.63,0,RING,SIMPLE,8,RING,SIMPLE,8,0,RING,A_flag_ceiling
all_reduce_perf,1,8,32768,8192,float,sum,5.51,0.69,1.2,0,7.18,0.7,1.22,0,RING,SIMPLE,8,RING,SIMPLE,8,0,RING,A_flag_ceiling
all_reduce_perf,1,8,65536,16384,float,sum,5.96,1.36,2.37,0,10.71,1.39,2.44,0,RING,SIMPLE,8,RING,SIMPLE,8,0,RING,A_flag_ceiling
all_reduce_perf,1,8,131072,32768,float,sum,5.75,2.79,4.89,0,18.06,2.19,3.83,0,RING,SIMPLE,8,RING,SIMPLE,8,0,RING,A_flag_ceiling
all_reduce_perf,1,8,262144,65536,float,sum,5.84,5.46,9.56,0,5.96,5.7,9.98,0,RING,SIMPLE,8,RING,SIMPLE,8,0,RING,A_flag_ceiling
all_reduce_perf,1,8,524288,131072,float,sum,14.52,10.37,18.14,0,5.74,10.82,18.94,0,RING,SIMPLE,8,RING,SIMPLE,8,0,RING,A_flag_ceiling
all_reduce_perf,1,8,1048576,262144,float,sum,14.95,16.86,29.51,0,5.86,18.13,31.72,0,RING,SIMPLE,8,RING,SIMPLE,8,0,RING,A_flag_ceiling
all_reduce_perf,1,8,2097152,524288,float,sum,5.94,25.79,45.13,0,8.26,26.33,46.08,0,RING,SIMPLE,8,RING,SIMPLE,8,0,RING,A_flag_ceiling
all_reduce_perf,1,8,4194304,1048576,float,sum,5.92,33.67,58.92,0,18.8,33.76,59.08,0,RING,SIMPLE,8,RING,SIMPLE,8,0,RING,A_flag_ceiling
all_reduce_perf,1,8,8388608,2097152,float,sum,5.77,39.67,69.43,0,17.32,38.16,66.78,0,RING,SIMPLE,8,RING,SIMPLE,8,0,RING,A_flag_ceiling
all_reduce_perf,1,8,16777216,4194304,float,sum,5.74,44.64,78.12,0,5.8,45.27,79.23,0,RING,SIMPLE,8,RING,SIMPLE,8,0,RING,A_flag_ceiling
all_reduce_perf,1,8,33554432,8388608,float,sum,19.26,48.24,84.41,0,5.9,48.44,84.77,0,RING,SIMPLE,8,RING,SIMPLE,8,0,RING,A_flag_ceiling
all_reduce_perf,1,8,67108864,16777216,float,sum,18.35,51.28,89.75,0,6.24,51.55,90.21,0,RING,SIMPLE,8,RING,SIMPLE,8,0,RING*,A_flag_ceiling
all_reduce_perf,1,8,134217728,33554432,float,sum,6.14,52.93,92.63,0,7.82,52.8,92.41,0,RING,SIMPLE,8,RING,SIMPLE,8,0,RING*,A_flag_ceiling
all_reduce_perf,1,8,268435456,67108864,float,sum,6.37,52.63,92.1,0,18.74,52.55,91.96,0,RING,SIMPLE,8,RING,SIMPLE,8,0,RING*,A_flag_ceiling
all_reduce_perf,1,8,536870912,134217728,float,sum,6.39,52.51,91.89,0,12.59,52.34,91.6,0,RING,SIMPLE,8,RING,SIMPLE,8,0,RING*,A_flag_ceiling
all_reduce_perf,1,8,4096,1024,float,sum,6.0,0.14,0.25,0,6.19,0.15,0.27,0,RING,LL,8,RING,LL,8,0,RING,A_flag_ceiling
all_reduce_perf,1,8,8192,2048,float,sum,7.95,0.27,0.48,0,6.12,0.3,0.53,0,RING,LL,8,RING,LL,8,0,RING,A_flag_ceiling
all_reduce_perf,1,8,16384,4096,float,sum,19.15,0.42,0.74,0,6.73,0.59,1.02,0,RING,LL,8,RING,LL,8,0,RING,A_flag_ceiling
all_reduce_perf,1,8,32768,8192,float,sum,6.6,1.15,2.01,0,9.69,1.12,1.96,0,RING,LL,8,RING,LL,8,0,RING,A_flag_ceiling
all_reduce_perf,1,8,65536,16384,float,sum,6.53,2.29,4.0,0,22.27,1.81,3.17,0,RING,LL,8,RING,LL,8,0,RING,A_flag_ceiling
all_reduce_perf,1,8,131072,32768,float,sum,5.89,4.52,7.9,0,19.24,3.17,5.54,0,RING,LL,8,RING,LL,8,0,RING,A_flag_ceiling
all_reduce_perf,1,8,262144,65536,float,sum,5.91,6.49,11.35,0,5.86,6.67,11.68,0,RING,LL,8,RING,LL,8,0,RING,A_flag_ceiling
all_reduce_perf,1,8,524288,131072,float,sum,19.55,8.25,14.45,0,5.72,8.56,14.98,0,RING,LL,8,RING,LL,8,0,RING,A_flag_ceiling
all_reduce_perf,1,8,1048576,262144,float,sum,22.25,9.78,17.12,0,5.81,9.91,17.35,0,RING,LL,8,RING,LL,8,0,RING,A_flag_ceiling
all_reduce_perf,1,8,2097152,524288,float,sum,5.78,10.22,17.88,0,7.95,10.34,18.09,0,RING,LL,8,RING,LL,8,0,RING,A_flag_ceiling
all_reduce_perf,1,8,4194304,1048576,float,sum,5.92,10.46,18.31,0,23.37,10.55,18.46,0,RING,LL,8,RING,LL,8,0,RING,A_flag_ceiling
all_reduce_perf,1,8,8388608,2097152,float,sum,5.89,10.52,18.42,0,24.73,10.38,18.16,0,RING,LL,8,RING,LL,8,0,RING,A_flag_ceiling
all_reduce_perf,1,8,16777216,4194304,float,sum,5.65,10.6,18.55,0,5.82,10.65,18.64,0,RING,LL,8,RING,LL,8,0,RING,A_flag_ceiling
all_reduce_perf,1,8,33554432,8388608,float,sum,17.53,10.52,18.41,0,5.94,10.71,18.73,0,RING,LL,8,RING,LL,8,0,RING,A_flag_ceiling
all_reduce_perf,1,8,67108864,16777216,float,sum,24.33,11.51,20.15,0,6.22,11.5,20.13,0,RING,LL,8,RING,LL,8,0,RING*,A_flag_ceiling
all_reduce_perf,1,8,134217728,33554432,float,sum,6.16,11.46,20.05,0,21.89,11.45,20.03,0,RING,LL,8,RING,LL,8,0,RING*,A_flag_ceiling
all_reduce_perf,1,8,268435456,67108864,float,sum,6.41,11.34,19.84,0,23.27,11.43,20.0,0,RING,LL,8,RING,LL,8,0,RING*,A_flag_ceiling
all_reduce_perf,1,8,536870912,134217728,float,sum,6.68,11.32,19.82,0,21.5,11.36,19.89,0,RING,LL,8,RING,LL,8,0,RING*,A_flag_ceiling
all_reduce_perf,1,8,4096,1024,float,sum,6.01,0.09,0.15,0,6.18,0.09,0.16,0,RING,SIMPLE,16,RING,SIMPLE,16,0,RING,A_flag_ceiling
all_reduce_perf,1,8,8192,2048,float,sum,18.03,0.19,0.32,0,5.96,0.19,0.33,0,RING,SIMPLE,16,RING,SIMPLE,16,0,RING,A_flag_ceiling
all_reduce_perf,1,8,16384,4096,float,sum,17.22,0.32,0.56,0,5.88,0.36,0.63,0,RING,SIMPLE,16,RING,SIMPLE,16,0,RING,A_flag_ceiling
all_reduce_perf,1,8,32768,8192,float,sum,6.56,0.68,1.18,0,12.66,0.68,1.19,0,RING,SIMPLE,16,RING,SIMPLE,16,0,RING,A_flag_ceiling
all_reduce_perf,1,8,65536,16384,float,sum,5.79,1.36,2.38,0,18.4,1.4,2.45,0,RING,SIMPLE,16,RING,SIMPLE,16,0,RING,A_flag_ceiling
all_reduce_perf,1,8,131072,32768,float,sum,6.02,2.64,4.62,0,16.81,2.29,4.0,0,RING,SIMPLE,16,RING,SIMPLE,16,0,RING,A_flag_ceiling
all_reduce_perf,1,8,262144,65536,float,sum,6.05,5.52,9.66,0,6.06,5.69,9.96,0,RING,SIMPLE,16,RING,SIMPLE,16,0,RING,A_flag_ceiling
all_reduce_perf,1,8,524288,131072,float,sum,17.32,10.79,18.89,0,5.95,11.21,19.62,0,RING,SIMPLE,16,RING,SIMPLE,16,0,RING,A_flag_ceiling
all_reduce_perf,1,8,1048576,262144,float,sum,8.75,20.55,35.96,0,6.15,21.65,37.89,0,RING,SIMPLE,16,RING,SIMPLE,16,0,RING,A_flag_ceiling
all_reduce_perf,1,8,2097152,524288,float,sum,5.9,34.33,60.07,0,8.63,35.46,62.05,0,RING,SIMPLE,16,RING,SIMPLE,16,0,RING,A_flag_ceiling
all_reduce_perf,1,8,4194304,1048576,float,sum,5.96,50.55,88.46,0,11.28,51.27,89.72,0,RING,SIMPLE,16,RING,SIMPLE,16,0,RING,A_flag_ceiling
all_reduce_perf,1,8,8388608,2097152,float,sum,5.99,66.26,115.95,0,15.99,61.23,107.15,0,RING,SIMPLE,16,RING,SIMPLE,16,0,RING,A_flag_ceiling
all_reduce_perf,1,8,16777216,4194304,float,sum,5.94,78.63,137.61,0,5.99,80.66,141.15,0,RING,SIMPLE,16,RING,SIMPLE,16,0,RING,A_flag_ceiling
all_reduce_perf,1,8,33554432,8388608,float,sum,19.61,88.99,155.74,0,5.88,90.77,158.84,0,RING,SIMPLE,16,RING,SIMPLE,16,0,RING,A_flag_ceiling
all_reduce_perf,1,8,67108864,16777216,float,sum,17.58,96.73,169.27,0,6.82,96.98,169.72,0,RING,SIMPLE,16,RING,SIMPLE,16,0,RING*,A_flag_ceiling
all_reduce_perf,1,8,134217728,33554432,float,sum,6.74,100.68,176.19,0,22.19,100.86,176.5,0,RING,SIMPLE,16,RING,SIMPLE,16,0,RING*,A_flag_ceiling
all_reduce_perf,1,8,268435456,67108864,float,sum,6.75,103.12,180.45,0,20.61,102.95,180.17,0,RING,SIMPLE,16,RING,SIMPLE,16,0,RING*,A_flag_ceiling
all_reduce_perf,1,8,536870912,134217728,float,sum,6.9,102.69,179.71,0,22.92,102.68,179.7,0,RING,SIMPLE,16,RING,SIMPLE,16,0,RING*,A_flag_ceiling
all_reduce_perf,1,8,4096,1024,float,sum,6.01,0.13,0.22,0,5.93,0.15,0.27,0,RING,LL,16,RING,LL,16,0,RING,A_flag_ceiling
all_reduce_perf,1,8,8192,2048,float,sum,17.22,0.26,0.46,0,5.81,0.3,0.53,0,RING,LL,16,RING,LL,16,0,RING,A_flag_ceiling
all_reduce_perf,1,8,16384,4096,float,sum,18.37,0.44,0.78,0,5.89,0.58,1.02,0,RING,LL,16,RING,LL,16,0,RING,A_flag_ceiling
all_reduce_perf,1,8,32768,8192,float,sum,6.29,1.16,2.03,0,6.88,1.15,2.02,0,RING,LL,16,RING,LL,16,0,RING,A_flag_ceiling
all_reduce_perf,1,8,65536,16384,float,sum,5.89,2.32,4.05,0,17.91,2.02,3.53,0,RING,LL,16,RING,LL,16,0,RING,A_flag_ceiling
all_reduce_perf,1,8,131072,32768,float,sum,5.83,4.59,8.03,0,19.75,3.18,5.56,0,RING,LL,16,RING,LL,16,0,RING,A_flag_ceiling
all_reduce_perf,1,8,262144,65536,float,sum,5.81,8.97,15.7,0,5.99,9.04,15.82,0,RING,LL,16,RING,LL,16,0,RING,A_flag_ceiling
all_reduce_perf,1,8,524288,131072,float,sum,17.32,12.71,22.24,0,5.78,13.15,23.01,0,RING,LL,16,RING,LL,16,0,RING,A_flag_ceiling
all_reduce_perf,1,8,1048576,262144,float,sum,18.87,15.93,27.88,0,5.44,16.98,29.72,0,RING,LL,16,RING,LL,16,0,RING,A_flag_ceiling
all_reduce_perf,1,8,2097152,524288,float,sum,5.45,19.44,34.03,0,7.69,19.68,34.43,0,RING,LL,16,RING,LL,16,0,RING,A_flag_ceiling
all_reduce_perf,1,8,4194304,1048576,float,sum,5.51,20.38,35.66,0,6.77,20.33,35.58,0,RING,LL,16,RING,LL,16,0,RING,A_flag_ceiling
all_reduce_perf,1,8,8388608,2097152,float,sum,5.34,20.7,36.22,0,10.2,20.66,36.16,0,RING,LL,16,RING,LL,16,0,RING,A_flag_ceiling
all_reduce_perf,1,8,16777216,4194304,float,sum,5.17,20.91,36.6,0,5.1,21.16,37.03,0,RING,LL,16,RING,LL,16,0,RING,A_flag_ceiling
all_reduce_perf,1,8,33554432,8388608,float,sum,9.37,20.76,36.34,0,5.59,21.0,36.76,0,RING,LL,16,RING,LL,16,0,RING,A_flag_ceiling
all_reduce_perf,1,8,67108864,16777216,float,sum,17.88,22.36,39.12,0,6.14,22.35,39.11,0,RING,LL,16,RING,LL,16,0,RING*,A_flag_ceiling
all_reduce_perf,1,8,134217728,33554432,float,sum,6.27,21.99,38.48,0,17.49,21.99,38.48,0,RING,LL,16,RING,LL,16,0,RING*,A_flag_ceiling
all_reduce_perf,1,8,268435456,67108864,float,sum,6.83,21.95,38.41,0,18.79,21.81,38.17,0,RING,LL,16,RING,LL,16,0,RING*,A_flag_ceiling
all_reduce_perf,1,8,536870912,134217728,float,sum,6.96,21.57,37.75,0,21.96,21.56,37.72,0,RING,LL,16,RING,LL,16,0,RING*,A_flag_ceiling
all_reduce_perf,1,8,4096,1024,float,sum,6.07,0.08,0.15,0,8.72,0.09,0.16,0,RING,SIMPLE,24,RING,SIMPLE,24,0,RING,A_flag_ceiling
all_reduce_perf,1,8,8192,2048,float,sum,16.65,0.18,0.32,0,5.82,0.19,0.33,0,RING,SIMPLE,24,RING,SIMPLE,24,0,RING,A_flag_ceiling
all_reduce_perf,1,8,16384,4096,float,sum,8.31,0.35,0.61,0,5.89,0.36,0.63,0,RING,SIMPLE,24,RING,SIMPLE,24,0,RING,A_flag_ceiling
all_reduce_perf,1,8,32768,8192,float,sum,5.92,0.67,1.18,0,13.52,0.69,1.2,0,RING,SIMPLE,24,RING,SIMPLE,24,0,RING,A_flag_ceiling
all_reduce_perf,1,8,65536,16384,float,sum,5.93,1.35,2.35,0,7.23,1.38,2.42,0,RING,SIMPLE,24,RING,SIMPLE,24,0,RING,A_flag_ceiling
all_reduce_perf,1,8,131072,32768,float,sum,6.96,2.66,4.65,0,10.68,2.52,4.4,0,RING,SIMPLE,24,RING,SIMPLE,24,0,RING,A_flag_ceiling
all_reduce_perf,1,8,262144,65536,float,sum,6.12,5.52,9.65,0,6.15,5.69,9.95,0,RING,SIMPLE,24,RING,SIMPLE,24,0,RING,A_flag_ceiling
all_reduce_perf,1,8,524288,131072,float,sum,19.65,10.61,18.57,0,5.91,11.13,19.48,0,RING,SIMPLE,24,RING,SIMPLE,24,0,RING,A_flag_ceiling
all_reduce_perf,1,8,1048576,262144,float,sum,17.66,19.71,34.49,0,6.18,21.99,38.47,0,RING,SIMPLE,24,RING,SIMPLE,24,0,RING,A_flag_ceiling
all_reduce_perf,1,8,2097152,524288,float,sum,6.14,34.7,60.73,0,17.14,35.47,62.07,0,RING,SIMPLE,24,RING,SIMPLE,24,0,RING,A_flag_ceiling
all_reduce_perf,1,8,4194304,1048576,float,sum,7.05,57.47,100.58,0,9.89,58.14,101.75,0,RING,SIMPLE,24,RING,SIMPLE,24,0,RING,A_flag_ceiling
all_reduce_perf,1,8,8388608,2097152,float,sum,6.16,78.95,138.16,0,19.96,71.28,124.75,0,RING,SIMPLE,24,RING,SIMPLE,24,0,RING,A_flag_ceiling
all_reduce_perf,1,8,16777216,4194304,float,sum,6.15,102.31,179.05,0,6.03,104.94,183.65,0,RING,SIMPLE,24,RING,SIMPLE,24,0,RING,A_flag_ceiling
all_reduce_perf,1,8,33554432,8388608,float,sum,18.28,119.69,209.46,0,6.2,121.61,212.81,0,RING,SIMPLE,24,RING,SIMPLE,24,0,RING,A_flag_ceiling
all_reduce_perf,1,8,67108864,16777216,float,sum,21.01,135.13,236.48,0,7.55,135.17,236.54,0,RING,SIMPLE,24,RING,SIMPLE,24,0,RING*,A_flag_ceiling
all_reduce_perf,1,8,134217728,33554432,float,sum,7.32,143.53,251.17,0,12.05,143.09,250.41,0,RING,SIMPLE,24,RING,SIMPLE,24,0,RING*,A_flag_ceiling
all_reduce_perf,1,8,268435456,67108864,float,sum,7.51,148.29,259.51,0,12.53,147.88,258.78,0,RING,SIMPLE,24,RING,SIMPLE,24,0,RING*,A_flag_ceiling
all_reduce_perf,1,8,536870912,134217728,float,sum,7.48,148.89,260.55,0,22.0,148.26,259.46,0,RING,SIMPLE,24,RING,SIMPLE,24,0,RING*,A_flag_ceiling
all_reduce_perf,1,8,4096,1024,float,sum,6.14,0.13,0.23,0,6.14,0.15,0.27,0,RING,LL,24,RING,LL,24,0,RING,A_flag_ceiling
all_reduce_perf,1,8,8192,2048,float,sum,15.13,0.28,0.5,0,5.97,0.3,0.52,0,RING,LL,24,RING,LL,24,0,RING,A_flag_ceiling
all_reduce_perf,1,8,16384,4096,float,sum,20.02,0.42,0.74,0,6.07,0.59,1.03,0,RING,LL,24,RING,LL,24,0,RING,A_flag_ceiling
all_reduce_perf,1,8,32768,8192,float,sum,6.41,1.14,1.99,0,17.23,1.16,2.02,0,RING,LL,24,RING,LL,24,0,RING,A_flag_ceiling
all_reduce_perf,1,8,65536,16384,float,sum,6.0,2.32,4.06,0,20.19,1.87,3.27,0,RING,LL,24,RING,LL,24,0,RING,A_flag_ceiling
all_reduce_perf,1,8,131072,32768,float,sum,6.14,4.57,8.0,0,20.16,3.14,5.49,0,RING,LL,24,RING,LL,24,0,RING,A_flag_ceiling
all_reduce_perf,1,8,262144,65536,float,sum,6.18,8.99,15.74,0,6.26,9.3,16.27,0,RING,LL,24,RING,LL,24,0,RING,A_flag_ceiling
all_reduce_perf,1,8,524288,131072,float,sum,16.15,12.67,22.18,0,6.14,13.43,23.49,0,RING,LL,24,RING,LL,24,0,RING,A_flag_ceiling
all_reduce_perf,1,8,1048576,262144,float,sum,18.15,17.79,31.14,0,6.17,20.48,35.84,0,RING,LL,24,RING,LL,24,0,RING,A_flag_ceiling
all_reduce_perf,1,8,2097152,524288,float,sum,6.19,24.41,42.72,0,16.03,24.74,43.3,0,RING,LL,24,RING,LL,24,0,RING,A_flag_ceiling
all_reduce_perf,1,8,4194304,1048576,float,sum,6.12,27.6,48.29,0,17.98,27.73,48.53,0,RING,LL,24,RING,LL,24,0,RING,A_flag_ceiling
all_reduce_perf,1,8,8388608,2097152,float,sum,6.15,29.28,51.24,0,18.55,28.21,49.37,0,RING,LL,24,RING,LL,24,0,RING,A_flag_ceiling
all_reduce_perf,1,8,16777216,4194304,float,sum,6.05,30.39,53.18,0,6.14,30.14,52.74,0,RING,LL,24,RING,LL,24,0,RING,A_flag_ceiling
all_reduce_perf,1,8,33554432,8388608,float,sum,11.02,30.28,52.99,0,6.08,30.63,53.61,0,RING,LL,24,RING,LL,24,0,RING,A_flag_ceiling
all_reduce_perf,1,8,67108864,16777216,float,sum,20.82,33.08,57.88,0,7.48,33.07,57.88,0,RING,LL,24,RING,LL,24,0,RING*,A_flag_ceiling
all_reduce_perf,1,8,134217728,33554432,float,sum,7.15,32.74,57.3,0,18.42,33.08,57.9,0,RING,LL,24,RING,LL,24,0,RING*,A_flag_ceiling
all_reduce_perf,1,8,268435456,67108864,float,sum,8.12,32.69,57.2,0,21.35,32.93,57.62,0,RING,LL,24,RING,LL,24,0,RING*,A_flag_ceiling
all_reduce_perf,1,8,536870912,134217728,float,sum,7.73,32.52,56.91,0,20.92,32.58,57.01,0,RING,LL,24,RING,LL,24,0,RING*,A_flag_ceiling
all_reduce_perf,1,8,4096,1024,float,sum,5.93,0.09,0.16,0,5.94,0.09,0.16,0,RING,SIMPLE,32,RING,SIMPLE,32,0,RING,A_flag_ceiling
all_reduce_perf,1,8,8192,2048,float,sum,15.97,0.19,0.32,0,5.85,0.19,0.33,0,RING,SIMPLE,32,RING,SIMPLE,32,0,RING,A_flag_ceiling
all_reduce_perf,1,8,16384,4096,float,sum,15.01,0.34,0.59,0,5.92,0.35,0.62,0,RING,SIMPLE,32,RING,SIMPLE,32,0,RING,A_flag_ceiling
all_reduce_perf,1,8,32768,8192,float,sum,6.04,0.68,1.2,0,15.23,0.69,1.2,0,RING,SIMPLE,32,RING,SIMPLE,32,0,RING,A_flag_ceiling
all_reduce_perf,1,8,65536,16384,float,sum,5.89,1.36,2.38,0,8.32,1.27,2.22,0,RING,SIMPLE,32,RING,SIMPLE,32,0,RING,A_flag_ceiling
all_reduce_perf,1,8,131072,32768,float,sum,6.07,2.72,4.77,0,21.09,2.15,3.77,0,RING,SIMPLE,32,RING,SIMPLE,32,0,RING,A_flag_ceiling
all_reduce_perf,1,8,262144,65536,float,sum,6.54,5.39,9.43,0,6.34,5.5,9.62,0,RING,SIMPLE,32,RING,SIMPLE,32,0,RING,A_flag_ceiling
all_reduce_perf,1,8,524288,131072,float,sum,16.76,10.74,18.8,0,6.3,11.16,19.53,0,RING,SIMPLE,32,RING,SIMPLE,32,0,RING,A_flag_ceiling
all_reduce_perf,1,8,1048576,262144,float,sum,11.42,21.7,37.97,0,6.31,22.01,38.51,0,RING,SIMPLE,32,RING,SIMPLE,32,0,RING,A_flag_ceiling
all_reduce_perf,1,8,2097152,524288,float,sum,6.52,41.34,72.34,0,17.69,42.61,74.57,0,RING,SIMPLE,32,RING,SIMPLE,32,0,RING,A_flag_ceiling
all_reduce_perf,1,8,4194304,1048576,float,sum,6.3,66.51,116.38,0,15.96,66.96,117.19,0,RING,SIMPLE,32,RING,SIMPLE,32,0,RING,A_flag_ceiling
all_reduce_perf,1,8,8388608,2097152,float,sum,6.4,95.68,167.45,0,20.68,83.89,146.81,0,RING,SIMPLE,32,RING,SIMPLE,32,0,RING,A_flag_ceiling
all_reduce_perf,1,8,16777216,4194304,float,sum,6.44,122.15,213.77,0,6.33,124.29,217.5,0,RING,SIMPLE,32,RING,SIMPLE,32,0,RING,A_flag_ceiling
all_reduce_perf,1,8,33554432,8388608,float,sum,19.65,142.25,248.94,0,6.27,144.05,252.08,0,RING,SIMPLE,32,RING,SIMPLE,32,0,RING,A_flag_ceiling
all_reduce_perf,1,8,67108864,16777216,float,sum,19.5,167.99,293.98,0,8.01,168.16,294.27,0,RING,SIMPLE,32,RING,SIMPLE,32,0,RING*,A_flag_ceiling
all_reduce_perf,1,8,134217728,33554432,float,sum,7.8,179.95,314.92,0,16.81,180.09,315.16,0,RING,SIMPLE,32,RING,SIMPLE,32,0,RING*,A_flag_ceiling
all_reduce_perf,1,8,268435456,67108864,float,sum,8.03,186.19,325.83,0,22.19,186.16,325.78,0,RING,SIMPLE,32,RING,SIMPLE,32,0,RING*,A_flag_ceiling
all_reduce_perf,1,8,536870912,134217728,float,sum,8.08,189.53,331.68,0,19.57,188.59,330.03,0,RING,SIMPLE,32,RING,SIMPLE,32,0,RING*,A_flag_ceiling
all_reduce_perf,1,8,4096,1024,float,sum,6.19,0.13,0.22,0,6.29,0.15,0.25,0,RING,LL,32,RING,LL,32,0,RING,A_flag_ceiling
all_reduce_perf,1,8,8192,2048,float,sum,12.32,0.29,0.51,0,6.19,0.3,0.52,0,RING,LL,32,RING,LL,32,0,RING,A_flag_ceiling
all_reduce_perf,1,8,16384,4096,float,sum,15.81,0.46,0.8,0,6.57,0.58,1.02,0,RING,LL,32,RING,LL,32,0,RING,A_flag_ceiling
all_reduce_perf,1,8,32768,8192,float,sum,6.26,1.16,2.04,0,7.54,1.14,1.99,0,RING,LL,32,RING,LL,32,0,RING,A_flag_ceiling
all_reduce_perf,1,8,65536,16384,float,sum,6.34,2.32,4.05,0,17.12,2.02,3.53,0,RING,LL,32,RING,LL,32,0,RING,A_flag_ceiling
all_reduce_perf,1,8,131072,32768,float,sum,6.15,4.59,8.04,0,16.75,3.32,5.81,0,RING,LL,32,RING,LL,32,0,RING,A_flag_ceiling
all_reduce_perf,1,8,262144,65536,float,sum,6.3,9.15,16.01,0,6.4,9.35,16.37,0,RING,LL,32,RING,LL,32,0,RING,A_flag_ceiling
all_reduce_perf,1,8,524288,131072,float,sum,16.43,16.79,29.38,0,6.19,18.08,31.64,0,RING,LL,32,RING,LL,32,0,RING,A_flag_ceiling
all_reduce_perf,1,8,1048576,262144,float,sum,12.83,22.37,39.14,0,6.21,26.1,45.67,0,RING,LL,32,RING,LL,32,0,RING,A_flag_ceiling
all_reduce_perf,1,8,2097152,524288,float,sum,6.3,32.64,57.12,0,16.4,33.04,57.82,0,RING,LL,32,RING,LL,32,0,RING,A_flag_ceiling
all_reduce_perf,1,8,4194304,1048576,float,sum,6.35,38.1,66.67,0,16.42,37.83,66.21,0,RING,LL,32,RING,LL,32,0,RING,A_flag_ceiling
all_reduce_perf,1,8,8388608,2097152,float,sum,6.23,39.72,69.5,0,18.75,37.92,66.36,0,RING,LL,32,RING,LL,32,0,RING,A_flag_ceiling
all_reduce_perf,1,8,16777216,4194304,float,sum,6.15,40.42,70.74,0,6.16,40.93,71.62,0,RING,LL,32,RING,LL,32,0,RING,A_flag_ceiling
all_reduce_perf,1,8,33554432,8388608,float,sum,10.68,40.53,70.92,0,6.35,41.22,72.14,0,RING,LL,32,RING,LL,32,0,RING,A_flag_ceiling
all_reduce_perf,1,8,67108864,16777216,float,sum,19.18,43.81,76.67,0,7.78,43.78,76.61,0,RING,LL,32,RING,LL,32,0,RING*,A_flag_ceiling
all_reduce_perf,1,8,134217728,33554432,float,sum,7.42,43.63,76.36,0,18.22,43.43,76.0,0,RING,LL,32,RING,LL,32,0,RING*,A_flag_ceiling
all_reduce_perf,1,8,268435456,67108864,float,sum,7.65,43.66,76.4,0,18.77,43.55,76.21,0,RING,LL,32,RING,LL,32,0,RING*,A_flag_ceiling
all_reduce_perf,1,8,536870912,134217728,float,sum,7.59,43.33,75.82,0,18.9,43.14,75.49,0,RING,LL,32,RING,LL,32,0,RING*,A_flag_ceiling
all_reduce_perf,1,8,4096,1024,float,sum,6.11,0.08,0.15,0,6.67,0.09,0.16,0,RING,SIMPLE,40,RING,SIMPLE,40,0,RING,A_flag_ceiling
all_reduce_perf,1,8,8192,2048,float,sum,8.03,0.19,0.33,0,6.0,0.19,0.33,0,RING,SIMPLE,40,RING,SIMPLE,40,0,RING,A_flag_ceiling
all_reduce_perf,1,8,16384,4096,float,sum,15.89,0.31,0.54,0,5.96,0.36,0.63,0,RING,SIMPLE,40,RING,SIMPLE,40,0,RING,A_flag_ceiling
all_reduce_perf,1,8,32768,8192,float,sum,6.11,0.69,1.21,0,7.32,0.7,1.23,0,RING,SIMPLE,40,RING,SIMPLE,40,0,RING,A_flag_ceiling
all_reduce_perf,1,8,65536,16384,float,sum,5.99,1.36,2.38,0,18.0,1.39,2.44,0,RING,SIMPLE,40,RING,SIMPLE,40,0,RING,A_flag_ceiling
all_reduce_perf,1,8,131072,32768,float,sum,6.01,2.73,4.78,0,12.58,2.39,4.18,0,RING,SIMPLE,40,RING,SIMPLE,40,0,RING,A_flag_ceiling
all_reduce_perf,1,8,262144,65536,float,sum,6.3,5.44,9.52,0,6.38,5.5,9.62,0,RING,SIMPLE,40,RING,SIMPLE,40,0,RING,A_flag_ceiling
all_reduce_perf,1,8,524288,131072,float,sum,14.69,10.65,18.64,0,7.24,11.05,19.34,0,RING,SIMPLE,40,RING,SIMPLE,40,0,RING,A_flag_ceiling
all_reduce_perf,1,8,1048576,262144,float,sum,14.53,20.15,35.27,0,6.48,22.19,38.84,0,RING,SIMPLE,40,RING,SIMPLE,40,0,RING,A_flag_ceiling
all_reduce_perf,1,8,2097152,524288,float,sum,6.47,41.23,72.15,0,11.4,42.03,73.55,0,RING,SIMPLE,40,RING,SIMPLE,40,0,RING,A_flag_ceiling
all_reduce_perf,1,8,4194304,1048576,float,sum,6.49,67.34,117.85,0,10.64,67.78,118.61,0,RING,SIMPLE,40,RING,SIMPLE,40,0,RING,A_flag_ceiling
all_reduce_perf,1,8,8388608,2097152,float,sum,6.53,98.46,172.3,0,10.09,95.43,167.0,0,RING,SIMPLE,40,RING,SIMPLE,40,0,RING,A_flag_ceiling
all_reduce_perf,1,8,16777216,4194304,float,sum,6.65,133.62,233.84,0,6.43,136.48,238.85,0,RING,SIMPLE,40,RING,SIMPLE,40,0,RING,A_flag_ceiling
all_reduce_perf,1,8,33554432,8388608,float,sum,13.92,166.17,290.79,0,6.54,167.91,293.85,0,RING,SIMPLE,40,RING,SIMPLE,40,0,RING,A_flag_ceiling
all_reduce_perf,1,8,67108864,16777216,float,sum,22.71,187.57,328.25,0,8.45,188.34,329.6,0,RING,SIMPLE,40,RING,SIMPLE,40,0,RING*,A_flag_ceiling
all_reduce_perf,1,8,134217728,33554432,float,sum,8.54,201.0,351.74,0,19.01,201.03,351.81,0,RING,SIMPLE,40,RING,SIMPLE,40,0,RING*,A_flag_ceiling
all_reduce_perf,1,8,268435456,67108864,float,sum,9.67,208.8,365.39,0,17.56,208.54,364.94,0,RING,SIMPLE,40,RING,SIMPLE,40,0,RING*,A_flag_ceiling
all_reduce_perf,1,8,536870912,134217728,float,sum,8.83,213.2,373.11,0,14.16,212.59,372.04,0,RING,SIMPLE,40,RING,SIMPLE,40,0,RING*,A_flag_ceiling
all_reduce_perf,1,8,4096,1024,float,sum,6.0,0.13,0.24,0,6.02,0.15,0.26,0,RING,LL,40,RING,LL,40,0,RING,A_flag_ceiling
all_reduce_perf,1,8,8192,2048,float,sum,8.68,0.26,0.46,0,6.89,0.29,0.51,0,RING,LL,40,RING,LL,40,0,RING,A_flag_ceiling
all_reduce_perf,1,8,16384,4096,float,sum,18.33,0.42,0.73,0,5.84,0.59,1.04,0,RING,LL,40,RING,LL,40,0,RING,A_flag_ceiling
all_reduce_perf,1,8,32768,8192,float,sum,7.32,1.13,1.98,0,8.47,1.14,1.99,0,RING,LL,40,RING,LL,40,0,RING,A_flag_ceiling
all_reduce_perf,1,8,65536,16384,float,sum,7.77,2.23,3.9,0,15.01,2.03,3.56,0,RING,LL,40,RING,LL,40,0,RING,A_flag_ceiling
all_reduce_perf,1,8,131072,32768,float,sum,6.24,4.4,7.7,0,22.06,2.99,5.23,0,RING,LL,40,RING,LL,40,0,RING,A_flag_ceiling
all_reduce_perf,1,8,262144,65536,float,sum,6.29,8.96,15.68,0,6.46,9.24,16.16,0,RING,LL,40,RING,LL,40,0,RING,A_flag_ceiling
all_reduce_perf,1,8,524288,131072,float,sum,12.9,16.66,29.15,0,6.4,17.76,31.08,0,RING,LL,40,RING,LL,40,0,RING,A_flag_ceiling
all_reduce_perf,1,8,1048576,262144,float,sum,15.81,21.68,37.95,0,6.47,25.62,44.84,0,RING,LL,40,RING,LL,40,0,RING,A_flag_ceiling
all_reduce_perf,1,8,2097152,524288,float,sum,6.37,32.82,57.43,0,9.91,33.31,58.3,0,RING,LL,40,RING,LL,40,0,RING,A_flag_ceiling
all_reduce_perf,1,8,4194304,1048576,float,sum,6.38,42.23,73.9,0,9.86,41.91,73.34,0,RING,LL,40,RING,LL,40,0,RING,A_flag_ceiling
all_reduce_perf,1,8,8388608,2097152,float,sum,6.38,46.59,81.53,0,11.82,45.78,80.12,0,RING,LL,40,RING,LL,40,0,RING,A_flag_ceiling
all_reduce_perf,1,8,16777216,4194304,float,sum,6.39,47.39,82.93,0,6.21,48.61,85.07,0,RING,LL,40,RING,LL,40,0,RING,A_flag_ceiling
all_reduce_perf,1,8,33554432,8388608,float,sum,8.1,48.68,85.19,0,6.44,49.62,86.84,0,RING,LL,40,RING,LL,40,0,RING,A_flag_ceiling
all_reduce_perf,1,8,67108864,16777216,float,sum,20.05,54.03,94.55,0,8.52,53.61,93.82,0,RING,LL,40,RING,LL,40,0,RING*,A_flag_ceiling
all_reduce_perf,1,8,134217728,33554432,float,sum,8.29,54.12,94.71,0,23.79,53.97,94.45,0,RING,LL,40,RING,LL,40,0,RING*,A_flag_ceiling
all_reduce_perf,1,8,268435456,67108864,float,sum,8.36,53.9,94.33,0,25.36,53.84,94.23,0,RING,LL,40,RING,LL,40,0,RING*,A_flag_ceiling
all_reduce_perf,1,8,536870912,134217728,float,sum,8.61,53.68,93.93,0,22.31,53.61,93.81,0,RING,LL,40,RING,LL,40,0,RING*,A_flag_ceiling
all_reduce_perf,1,8,4096,1024,float,sum,5.48,0.08,0.15,0,5.35,0.09,0.17,0,RING,SIMPLE,48,RING,SIMPLE,48,0,RING,A_flag_ceiling
all_reduce_perf,1,8,8192,2048,float,sum,6.33,0.19,0.33,0,5.05,0.19,0.33,0,RING,SIMPLE,48,RING,SIMPLE,48,0,RING,A_flag_ceiling
all_reduce_perf,1,8,16384,4096,float,sum,6.23,0.34,0.6,0,5.16,0.36,0.64,0,RING,SIMPLE,48,RING,SIMPLE,48,0,RING,A_flag_ceiling
all_reduce_perf,1,8,32768,8192,float,sum,5.19,0.67,1.17,0,6.09,0.69,1.21,0,RING,SIMPLE,48,RING,SIMPLE,48,0,RING,A_flag_ceiling
all_reduce_perf,1,8,65536,16384,float,sum,5.28,1.35,2.36,0,6.08,1.39,2.43,0,RING,SIMPLE,48,RING,SIMPLE,48,0,RING,A_flag_ceiling
all_reduce_perf,1,8,131072,32768,float,sum,5.4,2.72,4.76,0,11.5,2.27,3.97,0,RING,SIMPLE,48,RING,SIMPLE,48,0,RING,A_flag_ceiling
all_reduce_perf,1,8,262144,65536,float,sum,6.5,5.31,9.3,0,5.75,5.45,9.53,0,RING,SIMPLE,48,RING,SIMPLE,48,0,RING,A_flag_ceiling
all_reduce_perf,1,8,524288,131072,float,sum,7.31,10.72,18.76,0,5.63,11.25,19.68,0,RING,SIMPLE,48,RING,SIMPLE,48,0,RING,A_flag_ceiling
all_reduce_perf,1,8,1048576,262144,float,sum,6.7,21.18,37.07,0,5.8,21.82,38.19,0,RING,SIMPLE,48,RING,SIMPLE,48,0,RING,A_flag_ceiling
all_reduce_perf,1,8,2097152,524288,float,sum,5.87,40.99,71.74,0,6.61,42.72,74.75,0,RING,SIMPLE,48,RING,SIMPLE,48,0,RING,A_flag_ceiling
all_reduce_perf,1,8,4194304,1048576,float,sum,5.89,66.62,116.59,0,6.81,66.95,117.16,0,RING,SIMPLE,48,RING,SIMPLE,48,0,RING,A_flag_ceiling
all_reduce_perf,1,8,8388608,2097152,float,sum,5.83,105.49,184.61,0,6.76,94.99,166.23,0,RING,SIMPLE,48,RING,SIMPLE,48,0,RING,A_flag_ceiling
all_reduce_perf,1,8,16777216,4194304,float,sum,5.86,137.01,239.77,0,5.82,139.94,244.89,0,RING,SIMPLE,48,RING,SIMPLE,48,0,RING,A_flag_ceiling
all_reduce_perf,1,8,33554432,8388608,float,sum,7.21,166.65,291.64,0,6.02,168.49,294.86,0,RING,SIMPLE,48,RING,SIMPLE,48,0,RING,A_flag_ceiling
all_reduce_perf,1,8,67108864,16777216,float,sum,9.36,195.63,342.35,0,8.45,195.86,342.75,0,RING,SIMPLE,48,RING,SIMPLE,48,0,RING*,A_flag_ceiling
all_reduce_perf,1,8,134217728,33554432,float,sum,8.27,210.92,369.11,0,9.19,210.93,369.12,0,RING,SIMPLE,48,RING,SIMPLE,48,0,RING*,A_flag_ceiling
all_reduce_perf,1,8,268435456,67108864,float,sum,8.42,216.15,378.26,0,17.84,216.75,379.31,0,RING,SIMPLE,48,RING,SIMPLE,48,0,RING*,A_flag_ceiling
all_reduce_perf,1,8,536870912,134217728,float,sum,8.53,219.65,384.38,0,20.71,218.81,382.92,0,RING,SIMPLE,48,RING,SIMPLE,48,0,RING*,A_flag_ceiling
all_reduce_perf,1,8,4096,1024,float,sum,6.01,0.14,0.24,0,5.94,0.15,0.26,0,RING,LL,48,RING,LL,48,0,RING,A_flag_ceiling
all_reduce_perf,1,8,8192,2048,float,sum,12.81,0.29,0.5,0,6.14,0.3,0.53,0,RING,LL,48,RING,LL,48,0,RING,A_flag_ceiling
all_reduce_perf,1,8,16384,4096,float,sum,15.38,0.46,0.81,0,6.03,0.6,1.04,0,RING,LL,48,RING,LL,48,0,RING,A_flag_ceiling
all_reduce_perf,1,8,32768,8192,float,sum,6.12,1.16,2.02,0,13.23,1.13,1.98,0,RING,LL,48,RING,LL,48,0,RING,A_flag_ceiling
all_reduce_perf,1,8,65536,16384,float,sum,6.35,2.28,4.0,0,16.62,2.03,3.56,0,RING,LL,48,RING,LL,48,0,RING,A_flag_ceiling
all_reduce_perf,1,8,131072,32768,float,sum,6.4,4.51,7.9,0,15.27,3.47,6.07,0,RING,LL,48,RING,LL,48,0,RING,A_flag_ceiling
all_reduce_perf,1,8,262144,65536,float,sum,6.5,9.06,15.85,0,6.53,9.29,16.26,0,RING,LL,48,RING,LL,48,0,RING,A_flag_ceiling
all_reduce_perf,1,8,524288,131072,float,sum,18.17,17.12,29.96,0,6.39,17.99,31.47,0,RING,LL,48,RING,LL,48,0,RING,A_flag_ceiling
all_reduce_perf,1,8,1048576,262144,float,sum,16.07,23.09,40.41,0,6.45,26.48,46.34,0,RING,LL,48,RING,LL,48,0,RING,A_flag_ceiling
all_reduce_perf,1,8,2097152,524288,float,sum,6.59,39.44,69.02,0,16.47,39.88,69.8,0,RING,LL,48,RING,LL,48,0,RING,A_flag_ceiling
all_reduce_perf,1,8,4194304,1048576,float,sum,6.64,47.02,82.29,0,12.54,47.19,82.58,0,RING,LL,48,RING,LL,48,0,RING,A_flag_ceiling
all_reduce_perf,1,8,8388608,2097152,float,sum,6.61,53.22,93.13,0,16.33,50.69,88.7,0,RING,LL,48,RING,LL,48,0,RING,A_flag_ceiling
all_reduce_perf,1,8,16777216,4194304,float,sum,6.58,56.32,98.56,0,6.51,57.21,100.12,0,RING,LL,48,RING,LL,48,0,RING,A_flag_ceiling
all_reduce_perf,1,8,33554432,8388608,float,sum,12.14,58.07,101.62,0,6.59,58.72,102.77,0,RING,LL,48,RING,LL,48,0,RING,A_flag_ceiling
all_reduce_perf,1,8,67108864,16777216,float,sum,11.06,62.39,109.18,0,9.15,64.54,112.94,0,RING,LL,48,RING,LL,48,0,RING*,A_flag_ceiling
all_reduce_perf,1,8,134217728,33554432,float,sum,9.0,64.46,112.8,0,10.8,64.49,112.86,0,RING,LL,48,RING,LL,48,0,RING*,A_flag_ceiling
all_reduce_perf,1,8,268435456,67108864,float,sum,9.16,64.34,112.59,0,19.69,64.58,113.02,0,RING,LL,48,RING,LL,48,0,RING*,A_flag_ceiling
all_reduce_perf,1,8,536870912,134217728,float,sum,9.2,64.24,112.42,0,22.55,64.39,112.68,0,RING,LL,48,RING,LL,48,0,RING*,A_flag_ceiling
all_reduce_perf,1,8,4096,1024,float,sum,6.09,0.09,0.15,0,6.1,0.09,0.16,0,RING,SIMPLE,56,RING,SIMPLE,56,0,RING,A_flag_ceiling
all_reduce_perf,1,8,8192,2048,float,sum,9.08,0.19,0.32,0,6.17,0.19,0.33,0,RING,SIMPLE,56,RING,SIMPLE,56,0,RING,A_flag_ceiling
all_reduce_perf,1,8,16384,4096,float,sum,15.79,0.31,0.54,0,5.86,0.36,0.64,0,RING,SIMPLE,56,RING,SIMPLE,56,0,RING,A_flag_ceiling
all_reduce_perf,1,8,32768,8192,float,sum,6.29,0.7,1.22,0,21.73,0.69,1.21,0,RING,SIMPLE,56,RING,SIMPLE,56,0,RING,A_flag_ceiling
all_reduce_perf,1,8,65536,16384,float,sum,6.13,1.35,2.37,0,21.32,1.36,2.38,0,RING,SIMPLE,56,RING,SIMPLE,56,0,RING,A_flag_ceiling
all_reduce_perf,1,8,131072,32768,float,sum,6.18,2.75,4.82,0,19.89,2.17,3.81,0,RING,SIMPLE,56,RING,SIMPLE,56,0,RING,A_flag_ceiling
all_reduce_perf,1,8,262144,65536,float,sum,6.48,5.45,9.54,0,6.4,5.49,9.61,0,RING,SIMPLE,56,RING,SIMPLE,56,0,RING,A_flag_ceiling
all_reduce_perf,1,8,524288,131072,float,sum,19.36,10.81,18.91,0,6.24,11.34,19.85,0,RING,SIMPLE,56,RING,SIMPLE,56,0,RING,A_flag_ceiling
all_reduce_perf,1,8,1048576,262144,float,sum,15.46,19.5,34.12,0,6.44,21.92,38.36,0,RING,SIMPLE,56,RING,SIMPLE,56,0,RING,A_flag_ceiling
all_reduce_perf,1,8,2097152,524288,float,sum,6.69,42.01,73.52,0,15.91,42.89,75.05,0,RING,SIMPLE,56,RING,SIMPLE,56,0,RING,A_flag_ceiling
all_reduce_perf,1,8,4194304,1048576,float,sum,6.87,68.06,119.1,0,9.06,67.18,117.57,0,RING,SIMPLE,56,RING,SIMPLE,56,0,RING,A_flag_ceiling
all_reduce_perf,1,8,8388608,2097152,float,sum,6.69,104.81,183.42,0,25.77,86.01,150.52,0,RING,SIMPLE,56,RING,SIMPLE,56,0,RING,A_flag_ceiling
all_reduce_perf,1,8,16777216,4194304,float,sum,6.8,147.84,258.72,0,6.63,150.06,262.61,0,RING,SIMPLE,56,RING,SIMPLE,56,0,RING,A_flag_ceiling
all_reduce_perf,1,8,33554432,8388608,float,sum,14.87,177.85,311.24,0,6.73,180.01,315.02,0,RING,SIMPLE,56,RING,SIMPLE,56,0,RING,A_flag_ceiling
all_reduce_perf,1,8,67108864,16777216,float,sum,10.69,200.88,351.53,0,9.59,201.06,351.86,0,RING,SIMPLE,56,RING,SIMPLE,56,0,RING*,A_flag_ceiling
all_reduce_perf,1,8,134217728,33554432,float,sum,9.44,215.8,377.65,0,22.93,215.86,377.76,0,RING,SIMPLE,56,RING,SIMPLE,56,0,RING*,A_flag_ceiling
all_reduce_perf,1,8,268435456,67108864,float,sum,9.58,222.17,388.79,0,20.85,222.44,389.28,0,RING,SIMPLE,56,RING,SIMPLE,56,0,RING*,A_flag_ceiling
all_reduce_perf,1,8,536870912,134217728,float,sum,9.71,225.89,395.3,0,13.75,225.62,394.84,0,RING,SIMPLE,56,RING,SIMPLE,56,0,RING*,A_flag_ceiling
all_reduce_perf,1,8,4096,1024,float,sum,6.15,0.14,0.25,0,5.94,0.15,0.26,0,RING,LL,56,RING,LL,56,0,RING,A_flag_ceiling
all_reduce_perf,1,8,8192,2048,float,sum,18.51,0.28,0.48,0,5.95,0.3,0.52,0,RING,LL,56,RING,LL,56,0,RING,A_flag_ceiling
all_reduce_perf,1,8,16384,4096,float,sum,12.45,0.42,0.74,0,5.92,0.59,1.03,0,RING,LL,56,RING,LL,56,0,RING,A_flag_ceiling
all_reduce_perf,1,8,32768,8192,float,sum,6.6,1.17,2.04,0,10.49,1.14,2.0,0,RING,LL,56,RING,LL,56,0,RING,A_flag_ceiling
all_reduce_perf,1,8,65536,16384,float,sum,6.29,2.33,4.08,0,17.24,1.94,3.39,0,RING,LL,56,RING,LL,56,0,RING,A_flag_ceiling
all_reduce_perf,1,8,131072,32768,float,sum,6.33,4.58,8.02,0,19.38,3.25,5.68,0,RING,LL,56,RING,LL,56,0,RING,A_flag_ceiling
all_reduce_perf,1,8,262144,65536,float,sum,6.61,9.15,16.01,0,6.67,9.32,16.31,0,RING,LL,56,RING,LL,56,0,RING,A_flag_ceiling
all_reduce_perf,1,8,524288,131072,float,sum,17.75,16.38,28.67,0,7.51,18.07,31.63,0,RING,LL,56,RING,LL,56,0,RING,A_flag_ceiling
all_reduce_perf,1,8,1048576,262144,float,sum,16.39,22.71,39.74,0,6.72,26.37,46.15,0,RING,LL,56,RING,LL,56,0,RING,A_flag_ceiling
all_reduce_perf,1,8,2097152,524288,float,sum,6.56,39.29,68.76,0,16.38,40.32,70.56,0,RING,LL,56,RING,LL,56,0,RING,A_flag_ceiling
all_reduce_perf,1,8,4194304,1048576,float,sum,6.84,53.97,94.46,0,18.76,53.37,93.4,0,RING,LL,56,RING,LL,56,0,RING,A_flag_ceiling
all_reduce_perf,1,8,8388608,2097152,float,sum,6.73,57.1,99.93,0,19.24,53.23,93.15,0,RING,LL,56,RING,LL,56,0,RING,A_flag_ceiling
all_reduce_perf,1,8,16777216,4194304,float,sum,6.69,62.71,109.74,0,6.66,63.95,111.91,0,RING,LL,56,RING,LL,56,0,RING,A_flag_ceiling
all_reduce_perf,1,8,33554432,8388608,float,sum,11.51,65.85,115.23,0,6.74,66.93,117.13,0,RING,LL,56,RING,LL,56,0,RING,A_flag_ceiling
all_reduce_perf,1,8,67108864,16777216,float,sum,22.98,72.93,127.63,0,9.74,73.33,128.33,0,RING,LL,56,RING,LL,56,0,RING*,A_flag_ceiling
all_reduce_perf,1,8,134217728,33554432,float,sum,9.41,73.59,128.77,0,14.96,74.66,130.66,0,RING,LL,56,RING,LL,56,0,RING*,A_flag_ceiling
all_reduce_perf,1,8,268435456,67108864,float,sum,9.59,73.99,129.49,0,14.55,74.16,129.78,0,RING,LL,56,RING,LL,56,0,RING*,A_flag_ceiling
all_reduce_perf,1,8,536870912,134217728,float,sum,9.83,73.97,129.45,0,14.85,74.0,129.49,0,RING,LL,56,RING,LL,56,0,RING*,A_flag_ceiling
all_reduce_perf,1,8,4096,1024,float,sum,6.11,0.14,0.25,0,6.13,0.17,0.29,0,TREE,LL,1,TREE,LL,1,0,TREE,A_flag_ceiling
all_reduce_perf,1,8,8192,2048,float,sum,16.06,0.28,0.49,0,5.75,0.29,0.5,0,TREE,LL,1,TREE,LL,1,0,TREE,A_flag_ceiling
all_reduce_perf,1,8,16384,4096,float,sum,20.14,0.37,0.65,0,5.63,0.46,0.81,0,TREE,LL,1,TREE,LL,1,0,TREE,A_flag_ceiling
all_reduce_perf,1,8,32768,8192,float,sum,5.66,0.7,1.23,0,15.67,0.68,1.19,0,TREE,LL,1,TREE,LL,1,0,TREE,A_flag_ceiling
all_reduce_perf,1,8,65536,16384,float,sum,5.55,0.92,1.6,0,9.62,0.92,1.61,0,TREE,LL,1,TREE,LL,1,0,TREE,A_flag_ceiling
all_reduce_perf,1,8,131072,32768,float,sum,5.64,1.09,1.9,0,16.2,1.01,1.77,0,TREE,LL,1,TREE,LL,1,0,TREE,A_flag_ceiling
all_reduce_perf,1,8,262144,65536,float,sum,5.79,1.19,2.09,0,5.84,1.2,2.09,0,TREE,LL,1,TREE,LL,1,0,TREE,A_flag_ceiling
all_reduce_perf,1,8,524288,131072,float,sum,9.8,1.25,2.18,0,5.66,1.26,2.2,0,TREE,LL,1,TREE,LL,1,0,TREE,A_flag_ceiling
all_reduce_perf,1,8,1048576,262144,float,sum,10.02,1.29,2.26,0,5.72,1.31,2.29,0,TREE,LL,1,TREE,LL,1,0,TREE,A_flag_ceiling
all_reduce_perf,1,8,2097152,524288,float,sum,5.64,1.31,2.29,0,11.77,1.33,2.33,0,TREE,LL,1,TREE,LL,1,0,TREE,A_flag_ceiling
all_reduce_perf,1,8,4194304,1048576,float,sum,6.45,1.34,2.34,0,17.35,1.35,2.36,0,TREE,LL,1,TREE,LL,1,0,TREE,A_flag_ceiling
all_reduce_perf,1,8,8388608,2097152,float,sum,5.82,1.35,2.35,0,19.59,1.36,2.38,0,TREE,LL,1,TREE,LL,1,0,TREE,A_flag_ceiling
all_reduce_perf,1,8,16777216,4194304,float,sum,5.76,1.35,2.36,0,5.67,1.38,2.41,0,TREE,LL,1,TREE,LL,1,0,TREE,A_flag_ceiling
all_reduce_perf,1,8,33554432,8388608,float,sum,18.69,1.36,2.38,0,5.86,1.38,2.42,0,TREE,LL,1,TREE,LL,1,0,TREE,A_flag_ceiling
all_reduce_perf,1,8,67108864,16777216,float,sum,14.77,1.39,2.43,0,6.14,1.38,2.41,0,TREE,LL,1,TREE,LL,1,0,TREE,A_flag_ceiling
all_reduce_perf,1,8,134217728,33554432,float,sum,6.13,1.38,2.42,0,18.61,1.39,2.43,0,TREE,LL,1,TREE,LL,1,0,TREE,A_flag_ceiling
all_reduce_perf,1,8,268435456,67108864,float,sum,6.73,1.39,2.43,0,22.08,1.39,2.44,0,TREE,LL,1,TREE,LL,1,0,TREE,A_flag_ceiling
all_reduce_perf,1,8,536870912,134217728,float,sum,6.47,1.39,2.43,0,20.47,1.39,2.43,0,TREE,LL,1,TREE,LL,1,0,TREE,A_flag_ceiling
all_reduce_perf,1,8,4096,1024,float,sum,6.08,0.16,0.29,0,5.96,0.18,0.32,0,TREE,LL,2,TREE,LL,2,0,TREE,A_flag_ceiling
all_reduce_perf,1,8,8192,2048,float,sum,18.78,0.26,0.46,0,5.77,0.33,0.58,0,TREE,LL,2,TREE,LL,2,0,TREE,A_flag_ceiling
all_reduce_perf,1,8,16384,4096,float,sum,19.38,0.44,0.76,0,5.84,0.58,1.02,0,TREE,LL,2,TREE,LL,2,0,TREE,A_flag_ceiling
all_reduce_perf,1,8,32768,8192,float,sum,6.01,0.92,1.6,0,18.07,0.89,1.56,0,TREE,LL,2,TREE,LL,2,0,TREE,A_flag_ceiling
all_reduce_perf,1,8,65536,16384,float,sum,5.76,1.35,2.37,0,20.41,1.37,2.39,0,TREE,LL,2,TREE,LL,2,0,TREE,A_flag_ceiling
all_reduce_perf,1,8,131072,32768,float,sum,5.7,1.79,3.13,0,19.75,1.51,2.65,0,TREE,LL,2,TREE,LL,2,0,TREE,A_flag_ceiling
all_reduce_perf,1,8,262144,65536,float,sum,5.91,2.12,3.7,0,5.83,2.12,3.71,0,TREE,LL,2,TREE,LL,2,0,TREE,A_flag_ceiling
all_reduce_perf,1,8,524288,131072,float,sum,18.62,2.31,4.05,0,5.52,2.32,4.06,0,TREE,LL,2,TREE,LL,2,0,TREE,A_flag_ceiling
all_reduce_perf,1,8,1048576,262144,float,sum,19.37,2.45,4.28,0,5.74,2.42,4.24,0,TREE,LL,2,TREE,LL,2,0,TREE,A_flag_ceiling
all_reduce_perf,1,8,2097152,524288,float,sum,5.74,2.51,4.39,0,18.95,2.49,4.36,0,TREE,LL,2,TREE,LL,2,0,TREE,A_flag_ceiling
all_reduce_perf,1,8,4194304,1048576,float,sum,5.82,2.53,4.42,0,19.72,2.53,4.42,0,TREE,LL,2,TREE,LL,2,0,TREE,A_flag_ceiling
all_reduce_perf,1,8,8388608,2097152,float,sum,5.79,2.55,4.46,0,20.3,2.56,4.48,0,TREE,LL,2,TREE,LL,2,0,TREE,A_flag_ceiling
all_reduce_perf,1,8,16777216,4194304,float,sum,5.87,2.56,4.47,0,5.75,2.61,4.56,0,TREE,LL,2,TREE,LL,2,0,TREE,A_flag_ceiling
all_reduce_perf,1,8,33554432,8388608,float,sum,15.63,2.58,4.52,0,5.87,2.6,4.55,0,TREE,LL,2,TREE,LL,2,0,TREE,A_flag_ceiling
all_reduce_perf,1,8,67108864,16777216,float,sum,18.87,2.58,4.51,0,6.06,2.63,4.6,0,TREE,LL,2,TREE,LL,2,0,TREE,A_flag_ceiling
all_reduce_perf,1,8,134217728,33554432,float,sum,5.88,2.6,4.55,0,7.6,2.64,4.62,0,TREE,LL,2,TREE,LL,2,0,TREE,A_flag_ceiling
all_reduce_perf,1,8,268435456,67108864,float,sum,6.13,2.6,4.55,0,19.37,2.62,4.58,0,TREE,LL,2,TREE,LL,2,0,TREE,A_flag_ceiling
all_reduce_perf,1,8,536870912,134217728,float,sum,7.14,2.6,4.55,0,22.79,2.63,4.6,0,TREE,LL,2,TREE,LL,2,0,TREE,A_flag_ceiling
all_reduce_perf,1,8,4096,1024,float,sum,5.96,0.15,0.27,0,5.9,0.19,0.32,0,TREE,LL,4,TREE,LL,4,0,TREE,A_flag_ceiling
all_reduce_perf,1,8,8192,2048,float,sum,19.28,0.29,0.5,0,5.98,0.35,0.6,0,TREE,LL,4,TREE,LL,4,0,TREE,A_flag_ceiling
all_reduce_perf,1,8,16384,4096,float,sum,22.4,0.44,0.76,0,6.02,0.66,1.15,0,TREE,LL,4,TREE,LL,4,0,TREE,A_flag_ceiling
all_reduce_perf,1,8,32768,8192,float,sum,5.9,1.09,1.91,0,17.76,1.06,1.85,0,TREE,LL,4,TREE,LL,4,0,TREE,A_flag_ceiling
all_reduce_perf,1,8,65536,16384,float,sum,6.72,1.72,3.02,0,16.58,1.76,3.08,0,TREE,LL,4,TREE,LL,4,0,TREE,A_flag_ceiling
all_reduce_perf,1,8,131072,32768,float,sum,5.83,2.58,4.52,0,18.3,2.08,3.64,0,TREE,LL,4,TREE,LL,4,0,TREE,A_flag_ceiling
all_reduce_perf,1,8,262144,65536,float,sum,5.82,3.35,5.87,0,5.85,3.36,5.89,0,TREE,LL,4,TREE,LL,4,0,TREE,A_flag_ceiling
all_reduce_perf,1,8,524288,131072,float,sum,13.03,3.92,6.86,0,5.98,3.94,6.9,0,TREE,LL,4,TREE,LL,4,0,TREE,A_flag_ceiling
all_reduce_perf,1,8,1048576,262144,float,sum,12.46,4.37,7.64,0,5.72,4.36,7.63,0,TREE,LL,4,TREE,LL,4,0,TREE,A_flag_ceiling
all_reduce_perf,1,8,2097152,524288,float,sum,5.76,4.59,8.04,0,12.4,4.59,8.03,0,TREE,LL,4,TREE,LL,4,0,TREE,A_flag_ceiling
all_reduce_perf,1,8,4194304,1048576,float,sum,5.99,4.71,8.24,0,11.84,4.7,8.23,0,TREE,LL,4,TREE,LL,4,0,TREE,A_flag_ceiling
all_reduce_perf,1,8,8388608,2097152,float,sum,5.99,4.79,8.39,0,18.08,4.74,8.3,0,TREE,LL,4,TREE,LL,4,0,TREE,A_flag_ceiling
all_reduce_perf,1,8,16777216,4194304,float,sum,5.88,4.83,8.45,0,5.82,4.76,8.34,0,TREE,LL,4,TREE,LL,4,0,TREE,A_flag_ceiling
all_reduce_perf,1,8,33554432,8388608,float,sum,19.49,4.89,8.56,0,6.15,4.86,8.5,0,TREE,LL,4,TREE,LL,4,0,TREE,A_flag_ceiling
all_reduce_perf,1,8,67108864,16777216,float,sum,14.84,4.94,8.65,0,6.22,4.83,8.45,0,TREE,LL,4,TREE,LL,4,0,TREE,A_flag_ceiling
all_reduce_perf,1,8,134217728,33554432,float,sum,5.88,4.97,8.7,0,7.5,4.87,8.52,0,TREE,LL,4,TREE,LL,4,0,TREE,A_flag_ceiling
all_reduce_perf,1,8,268435456,67108864,float,sum,6.27,4.98,8.72,0,21.18,4.9,8.58,0,TREE,LL,4,TREE,LL,4,0,TREE,A_flag_ceiling
all_reduce_perf,1,8,536870912,134217728,float,sum,6.2,4.99,8.74,0,20.79,4.86,8.51,0,TREE,LL,4,TREE,LL,4,0,TREE,A_flag_ceiling
all_reduce_perf,1,8,4096,1024,float,sum,6.0,0.16,0.28,0,6.33,0.18,0.31,0,TREE,LL,8,TREE,LL,8,0,TREE,A_flag_ceiling
all_reduce_perf,1,8,8192,2048,float,sum,21.21,0.26,0.46,0,6.2,0.34,0.6,0,TREE,LL,8,TREE,LL,8,0,TREE,A_flag_ceiling
all_reduce_perf,1,8,16384,4096,float,sum,16.8,0.49,0.86,0,5.96,0.67,1.17,0,TREE,LL,8,TREE,LL,8,0,TREE,A_flag_ceiling
all_reduce_perf,1,8,32768,8192,float,sum,5.81,1.23,2.16,0,13.41,1.19,2.09,0,TREE,LL,8,TREE,LL,8,0,TREE,A_flag_ceiling
all_reduce_perf,1,8,65536,16384,float,sum,6.7,2.01,3.52,0,18.44,1.87,3.27,0,TREE,LL,8,TREE,LL,8,0,TREE,A_flag_ceiling
all_reduce_perf,1,8,131072,32768,float,sum,5.78,3.46,6.06,0,18.68,2.56,4.48,0,TREE,LL,8,TREE,LL,8,0,TREE,A_flag_ceiling
all_reduce_perf,1,8,262144,65536,float,sum,5.89,5.02,8.79,0,5.81,5.08,8.88,0,TREE,LL,8,TREE,LL,8,0,TREE,A_flag_ceiling
all_reduce_perf,1,8,524288,131072,float,sum,20.3,6.55,11.45,0,5.94,6.68,11.7,0,TREE,LL,8,TREE,LL,8,0,TREE,A_flag_ceiling
all_reduce_perf,1,8,1048576,262144,float,sum,17.12,7.83,13.69,0,6.04,7.89,13.81,0,TREE,LL,8,TREE,LL,8,0,TREE,A_flag_ceiling
all_reduce_perf,1,8,2097152,524288,float,sum,5.85,8.7,15.23,0,20.77,8.68,15.19,0,TREE,LL,8,TREE,LL,8,0,TREE,A_flag_ceiling
all_reduce_perf,1,8,4194304,1048576,float,sum,6.04,9.15,16.02,0,20.52,9.14,15.99,0,TREE,LL,8,TREE,LL,8,0,TREE,A_flag_ceiling
all_reduce_perf,1,8,8388608,2097152,float,sum,5.86,9.39,16.44,0,20.64,9.18,16.06,0,TREE,LL,8,TREE,LL,8,0,TREE,A_flag_ceiling
all_reduce_perf,1,8,16777216,4194304,float,sum,5.89,9.53,16.68,0,5.91,9.46,16.55,0,TREE,LL,8,TREE,LL,8,0,TREE,A_flag_ceiling
all_reduce_perf,1,8,33554432,8388608,float,sum,18.44,9.6,16.8,0,5.93,9.47,16.56,0,TREE,LL,8,TREE,LL,8,0,TREE,A_flag_ceiling
all_reduce_perf,1,8,67108864,16777216,float,sum,15.73,9.54,16.69,0,5.94,9.57,16.76,0,TREE,LL,8,TREE,LL,8,0,TREE,A_flag_ceiling
all_reduce_perf,1,8,134217728,33554432,float,sum,5.82,9.57,16.75,0,19.11,9.63,16.86,0,TREE,LL,8,TREE,LL,8,0,TREE,A_flag_ceiling
all_reduce_perf,1,8,268435456,67108864,float,sum,6.04,9.51,16.65,0,21.3,9.66,16.9,0,TREE,LL,8,TREE,LL,8,0,TREE,A_flag_ceiling
all_reduce_perf,1,8,536870912,134217728,float,sum,6.07,9.66,16.9,0,19.12,9.77,17.1,0,TREE,LL,8,TREE,LL,8,0,TREE,A_flag_ceiling
all_reduce_perf,1,8,4096,1024,float,sum,6.11,0.16,0.29,0,6.51,0.19,0.34,0,TREE,LL,16,TREE,LL,16,0,TREE,A_flag_ceiling
all_reduce_perf,1,8,8192,2048,float,sum,16.96,0.31,0.54,0,5.88,0.34,0.6,0,TREE,LL,16,TREE,LL,16,0,TREE,A_flag_ceiling
all_reduce_perf,1,8,16384,4096,float,sum,15.91,0.48,0.84,0,5.98,0.69,1.21,0,TREE,LL,16,TREE,LL,16,0,TREE,A_flag_ceiling
all_reduce_perf,1,8,32768,8192,float,sum,6.54,1.37,2.39,0,18.77,1.3,2.27,0,TREE,LL,16,TREE,LL,16,0,TREE,A_flag_ceiling
all_reduce_perf,1,8,65536,16384,float,sum,6.23,2.45,4.28,0,18.35,2.04,3.58,0,TREE,LL,16,TREE,LL,16,0,TREE,A_flag_ceiling
all_reduce_perf,1,8,131072,32768,float,sum,6.33,4.13,7.23,0,18.84,3.0,5.26,0,TREE,LL,16,TREE,LL,16,0,TREE,A_flag_ceiling
all_reduce_perf,1,8,262144,65536,float,sum,6.27,6.75,11.81,0,6.2,6.77,11.85,0,TREE,LL,16,TREE,LL,16,0,TREE,A_flag_ceiling
all_reduce_perf,1,8,524288,131072,float,sum,12.42,9.6,16.79,0,6.2,10.0,17.5,0,TREE,LL,16,TREE,LL,16,0,TREE,A_flag_ceiling
all_reduce_perf,1,8,1048576,262144,float,sum,16.69,13.13,22.97,0,6.23,13.15,23.01,0,TREE,LL,16,TREE,LL,16,0,TREE,A_flag_ceiling
all_reduce_perf,1,8,2097152,524288,float,sum,6.2,15.63,27.36,0,11.61,15.61,27.32,0,TREE,LL,16,TREE,LL,16,0,TREE,A_flag_ceiling
all_reduce_perf,1,8,4194304,1048576,float,sum,6.08,17.27,30.22,0,17.19,17.11,29.95,0,TREE,LL,16,TREE,LL,16,0,TREE,A_flag_ceiling
all_reduce_perf,1,8,8388608,2097152,float,sum,6.08,18.21,31.87,0,18.36,17.61,30.82,0,TREE,LL,16,TREE,LL,16,0,TREE,A_flag_ceiling
all_reduce_perf,1,8,16777216,4194304,float,sum,6.06,18.75,32.8,0,6.22,18.59,32.53,0,TREE,LL,16,TREE,LL,16,0,TREE,A_flag_ceiling
all_reduce_perf,1,8,33554432,8388608,float,sum,18.99,18.85,32.99,0,6.49,18.71,32.74,0,TREE,LL,16,TREE,LL,16,0,TREE,A_flag_ceiling
all_reduce_perf,1,8,67108864,16777216,float,sum,19.23,18.81,32.91,0,6.18,18.94,33.14,0,TREE,LL,16,TREE,LL,16,0,TREE,A_flag_ceiling
all_reduce_perf,1,8,134217728,33554432,float,sum,6.28,18.79,32.88,0,11.62,18.89,33.05,0,TREE,LL,16,TREE,LL,16,0,TREE,A_flag_ceiling
all_reduce_perf,1,8,268435456,67108864,float,sum,6.27,18.87,33.02,0,10.29,19.01,33.27,0,TREE,LL,16,TREE,LL,16,0,TREE,A_flag_ceiling
all_reduce_perf,1,8,536870912,134217728,float,sum,6.39,18.89,33.06,0,24.31,19.0,33.25,0,TREE,LL,16,TREE,LL,16,0,TREE,A_flag_ceiling
all_reduce_perf,1,8,4096,1024,float,sum,6.1,0.16,0.29,0,5.97,0.17,0.3,0,TREE,LL,24,TREE,LL,24,0,TREE,A_flag_ceiling
all_reduce_perf,1,8,8192,2048,float,sum,18.83,0.3,0.52,0,5.68,0.35,0.61,0,TREE,LL,24,TREE,LL,24,0,TREE,A_flag_ceiling
all_reduce_perf,1,8,16384,4096,float,sum,18.04,0.49,0.86,0,6.01,0.69,1.2,0,TREE,LL,24,TREE,LL,24,0,TREE,A_flag_ceiling
all_reduce_perf,1,8,32768,8192,float,sum,6.37,1.38,2.42,0,16.74,1.25,2.18,0,TREE,LL,24,TREE,LL,24,0,TREE,A_flag_ceiling
all_reduce_perf,1,8,65536,16384,float,sum,6.19,2.45,4.3,0,18.87,1.91,3.34,0,TREE,LL,24,TREE,LL,24,0,TREE,A_flag_ceiling
all_reduce_perf,1,8,131072,32768,float,sum,6.37,4.42,7.74,0,19.85,3.0,5.25,0,TREE,LL,24,TREE,LL,24,0,TREE,A_flag_ceiling
all_reduce_perf,1,8,262144,65536,float,sum,6.26,7.34,12.85,0,6.3,7.39,12.93,0,TREE,LL,24,TREE,LL,24,0,TREE,A_flag_ceiling
all_reduce_perf,1,8,524288,131072,float,sum,7.58,11.48,20.08,0,6.51,11.8,20.65,0,TREE,LL,24,TREE,LL,24,0,TREE,A_flag_ceiling
all_reduce_perf,1,8,1048576,262144,float,sum,23.39,14.96,26.18,0,6.88,16.54,28.94,0,TREE,LL,24,TREE,LL,24,0,TREE,A_flag_ceiling
all_reduce_perf,1,8,2097152,524288,float,sum,6.27,20.95,36.66,0,21.17,21.11,36.95,0,TREE,LL,24,TREE,LL,24,0,TREE,A_flag_ceiling
all_reduce_perf,1,8,4194304,1048576,float,sum,6.48,24.23,42.4,0,20.64,24.0,42.0,0,TREE,LL,24,TREE,LL,24,0,TREE,A_flag_ceiling
all_reduce_perf,1,8,8388608,2097152,float,sum,6.34,26.2,45.84,0,19.93,25.1,43.92,0,TREE,LL,24,TREE,LL,24,0,TREE,A_flag_ceiling
all_reduce_perf,1,8,16777216,4194304,float,sum,6.32,27.31,47.8,0,6.47,27.37,47.89,0,TREE,LL,24,TREE,LL,24,0,TREE,A_flag_ceiling
all_reduce_perf,1,8,33554432,8388608,float,sum,18.47,27.71,48.49,0,6.49,27.7,48.48,0,TREE,LL,24,TREE,LL,24,0,TREE,A_flag_ceiling
all_reduce_perf,1,8,67108864,16777216,float,sum,21.14,27.82,48.68,0,10.34,27.98,48.97,0,TREE,LL,24,TREE,LL,24,0,TREE,A_flag_ceiling
all_reduce_perf,1,8,134217728,33554432,float,sum,6.16,27.37,47.9,0,14.91,28.09,49.17,0,TREE,LL,24,TREE,LL,24,0,TREE,A_flag_ceiling
all_reduce_perf,1,8,268435456,67108864,float,sum,7.22,28.09,49.15,0,20.85,28.17,49.31,0,TREE,LL,24,TREE,LL,24,0,TREE,A_flag_ceiling
all_reduce_perf,1,8,536870912,134217728,float,sum,7.29,28.2,49.34,0,12.85,28.31,49.55,0,TREE,LL,24,TREE,LL,24,0,TREE,A_flag_ceiling
all_reduce_perf,1,8,4096,1024,float,sum,6.09,0.16,0.29,0,6.17,0.18,0.31,0,TREE,LL,32,TREE,LL,32,0,TREE,A_flag_ceiling
all_reduce_perf,1,8,8192,2048,float,sum,17.2,0.28,0.49,0,6.25,0.35,0.62,0,TREE,LL,32,TREE,LL,32,0,TREE,A_flag_ceiling
all_reduce_perf,1,8,16384,4096,float,sum,20.26,0.46,0.81,0,5.91,0.68,1.19,0,TREE,LL,32,TREE,LL,32,0,TREE,A_flag_ceiling
all_reduce_perf,1,8,32768,8192,float,sum,6.54,1.35,2.36,0,7.08,1.31,2.29,0,TREE,LL,32,TREE,LL,32,0,TREE,A_flag_ceiling
all_reduce_perf,1,8,65536,16384,float,sum,6.74,2.66,4.66,0,16.85,2.22,3.88,0,TREE,LL,32,TREE,LL,32,0,TREE,A_flag_ceiling
all_reduce_perf,1,8,131072,32768,float,sum,6.73,4.69,8.2,0,11.43,4.09,7.16,0,TREE,LL,32,TREE,LL,32,0,TREE,A_flag_ceiling
all_reduce_perf,1,8,262144,65536,float,sum,6.75,8.2,14.36,0,6.6,8.2,14.35,0,TREE,LL,32,TREE,LL,32,0,TREE,A_flag_ceiling
all_reduce_perf,1,8,524288,131072,float,sum,21.58,12.89,22.55,0,7.69,13.32,23.3,0,TREE,LL,32,TREE,LL,32,0,TREE,A_flag_ceiling
all_reduce_perf,1,8,1048576,262144,float,sum,17.38,18.76,32.83,0,6.57,19.68,34.44,0,TREE,LL,32,TREE,LL,32,0,TREE,A_flag_ceiling
all_reduce_perf,1,8,2097152,524288,float,sum,6.66,25.65,44.89,0,15.85,25.75,45.05,0,TREE,LL,32,TREE,LL,32,0,TREE,A_flag_ceiling
all_reduce_perf,1,8,4194304,1048576,float,sum,6.67,30.57,53.5,0,16.53,30.32,53.06,0,TREE,LL,32,TREE,LL,32,0,TREE,A_flag_ceiling
all_reduce_perf,1,8,8388608,2097152,float,sum,6.54,33.58,58.76,0,13.55,32.63,57.11,0,TREE,LL,32,TREE,LL,32,0,TREE,A_flag_ceiling
all_reduce_perf,1,8,16777216,4194304,float,sum,6.69,35.54,62.19,0,6.47,35.32,61.81,0,TREE,LL,32,TREE,LL,32,0,TREE,A_flag_ceiling
all_reduce_perf,1,8,33554432,8388608,float,sum,12.94,36.31,63.55,0,6.57,36.29,63.51,0,TREE,LL,32,TREE,LL,32,0,TREE,A_flag_ceiling
all_reduce_perf,1,8,67108864,16777216,float,sum,14.57,36.43,63.76,0,6.76,36.56,63.98,0,TREE,LL,32,TREE,LL,32,0,TREE,A_flag_ceiling
all_reduce_perf,1,8,134217728,33554432,float,sum,6.44,36.53,63.93,0,13.64,36.72,64.25,0,TREE,LL,32,TREE,LL,32,0,TREE,A_flag_ceiling
all_reduce_perf,1,8,268435456,67108864,float,sum,6.67,36.69,64.2,0,7.42,36.71,64.24,0,TREE,LL,32,TREE,LL,32,0,TREE,A_flag_ceiling
all_reduce_perf,1,8,536870912,134217728,float,sum,6.77,37.02,64.79,0,23.56,36.98,64.72,0,TREE,LL,32,TREE,LL,32,0,TREE,A_flag_ceiling
all_reduce_perf,1,8,4096,1024,float,sum,6.07,0.17,0.29,0,6.07,0.17,0.3,0,TREE,LL,40,TREE,LL,40,0,TREE,A_flag_ceiling
all_reduce_perf,1,8,8192,2048,float,sum,20.39,0.27,0.47,0,5.94,0.35,0.62,0,TREE,LL,40,TREE,LL,40,0,TREE,A_flag_ceiling
all_reduce_perf,1,8,16384,4096,float,sum,11.98,0.46,0.8,0,6.19,0.68,1.18,0,TREE,LL,40,TREE,LL,40,0,TREE,A_flag_ceiling
all_reduce_perf,1,8,32768,8192,float,sum,6.49,1.35,2.37,0,22.41,1.12,1.96,0,TREE,LL,40,TREE,LL,40,0,TREE,A_flag_ceiling
all_reduce_perf,1,8,65536,16384,float,sum,6.63,2.6,4.54,0,19.38,2.07,3.62,0,TREE,LL,40,TREE,LL,40,0,TREE,A_flag_ceiling
all_reduce_perf,1,8,131072,32768,float,sum,6.75,4.78,8.37,0,18.54,3.31,5.78,0,TREE,LL,40,TREE,LL,40,0,TREE,A_flag_ceiling
all_reduce_perf,1,8,262144,65536,float,sum,6.72,8.12,14.21,0,6.74,8.08,14.14,0,TREE,LL,40,TREE,LL,40,0,TREE,A_flag_ceiling
all_reduce_perf,1,8,524288,131072,float,sum,20.42,13.43,23.5,0,6.73,13.79,24.13,0,TREE,LL,40,TREE,LL,40,0,TREE,A_flag_ceiling
all_reduce_perf,1,8,1048576,262144,float,sum,16.58,20.24,35.42,0,6.95,21.57,37.74,0,TREE,LL,40,TREE,LL,40,0,TREE,A_flag_ceiling
all_reduce_perf,1,8,2097152,524288,float,sum,6.93,28.89,50.55,0,20.48,29.18,51.07,0,TREE,LL,40,TREE,LL,40,0,TREE,A_flag_ceiling
all_reduce_perf,1,8,4194304,1048576,float,sum,6.96,35.63,62.35,0,18.78,35.22,61.63,0,TREE,LL,40,TREE,LL,40,0,TREE,A_flag_ceiling
all_reduce_perf,1,8,8388608,2097152,float,sum,7.27,40.34,70.6,0,14.39,38.78,67.87,0,TREE,LL,40,TREE,LL,40,0,TREE,A_flag_ceiling
all_reduce_perf,1,8,16777216,4194304,float,sum,6.86,43.17,75.54,0,6.84,42.79,74.88,0,TREE,LL,40,TREE,LL,40,0,TREE,A_flag_ceiling
all_reduce_perf,1,8,33554432,8388608,float,sum,11.91,44.48,77.85,0,7.74,44.27,77.48,0,TREE,LL,40,TREE,LL,40,0,TREE,A_flag_ceiling
all_reduce_perf,1,8,67108864,16777216,float,sum,22.76,44.72,78.25,0,7.03,45.01,78.76,0,TREE,LL,40,TREE,LL,40,0,TREE,A_flag_ceiling
all_reduce_perf,1,8,134217728,33554432,float,sum,6.83,45.08,78.9,0,22.28,45.18,79.06,0,TREE,LL,40,TREE,LL,40,0,TREE,A_flag_ceiling
all_reduce_perf,1,8,268435456,67108864,float,sum,6.95,45.38,79.41,0,20.62,45.28,79.24,0,TREE,LL,40,TREE,LL,40,0,TREE,A_flag_ceiling
all_reduce_perf,1,8,536870912,134217728,float,sum,7.09,45.58,79.77,0,23.4,45.52,79.66,0,TREE,LL,40,TREE,LL,40,0,TREE,A_flag_ceiling
all_reduce_perf,1,8,4096,1024,float,sum,6.02,0.17,0.29,0,5.88,0.19,0.33,0,TREE,LL,48,TREE,LL,48,0,TREE,A_flag_ceiling
all_reduce_perf,1,8,8192,2048,float,sum,14.27,0.3,0.53,0,6.29,0.36,0.62,0,TREE,LL,48,TREE,LL,48,0,TREE,A_flag_ceiling
all_reduce_perf,1,8,16384,4096,float,sum,18.89,0.47,0.82,0,5.96,0.67,1.18,0,TREE,LL,48,TREE,LL,48,0,TREE,A_flag_ceiling
all_reduce_perf,1,8,32768,8192,float,sum,6.47,1.37,2.39,0,18.74,1.25,2.19,0,TREE,LL,48,TREE,LL,48,0,TREE,A_flag_ceiling
all_reduce_perf,1,8,65536,16384,float,sum,6.7,2.63,4.61,0,17.54,2.15,3.76,0,TREE,LL,48,TREE,LL,48,0,TREE,A_flag_ceiling
all_reduce_perf,1,8,131072,32768,float,sum,6.45,4.8,8.4,0,21.13,3.12,5.46,0,TREE,LL,48,TREE,LL,48,0,TREE,A_flag_ceiling
all_reduce_perf,1,8,262144,65536,float,sum,6.86,8.43,14.75,0,6.78,8.77,15.35,0,TREE,LL,48,TREE,LL,48,0,TREE,A_flag_ceiling
all_reduce_perf,1,8,524288,131072,float,sum,8.41,14.08,24.63,0,6.75,14.05,24.58,0,TREE,LL,48,TREE,LL,48,0,TREE,A_flag_ceiling
all_reduce_perf,1,8,1048576,262144,float,sum,18.69,20.4,35.7,0,7.02,22.78,39.86,0,TREE,LL,48,TREE,LL,48,0,TREE,A_flag_ceiling
all_reduce_perf,1,8,2097152,524288,float,sum,6.98,31.8,55.65,0,9.11,31.81,55.66,0,TREE,LL,48,TREE,LL,48,0,TREE,A_flag_ceiling
all_reduce_perf,1,8,4194304,1048576,float,sum,7.07,40.52,70.91,0,23.47,39.99,69.99,0,TREE,LL,48,TREE,LL,48,0,TREE,A_flag_ceiling
all_reduce_perf,1,8,8388608,2097152,float,sum,7.04,46.72,81.77,0,22.61,42.56,74.47,0,TREE,LL,48,TREE,LL,48,0,TREE,A_flag_ceiling
all_reduce_perf,1,8,16777216,4194304,float,sum,6.97,50.51,88.39,0,6.85,50.31,88.03,0,TREE,LL,48,TREE,LL,48,0,TREE,A_flag_ceiling
all_reduce_perf,1,8,33554432,8388608,float,sum,13.77,52.35,91.61,0,6.9,52.03,91.05,0,TREE,LL,48,TREE,LL,48,0,TREE,A_flag_ceiling
all_reduce_perf,1,8,67108864,16777216,float,sum,20.67,53.14,93.0,0,7.08,52.96,92.69,0,TREE,LL,48,TREE,LL,48,0,TREE,A_flag_ceiling
all_reduce_perf,1,8,134217728,33554432,float,sum,6.92,53.76,94.07,0,10.72,53.69,93.97,0,TREE,LL,48,TREE,LL,48,0,TREE,A_flag_ceiling
all_reduce_perf,1,8,268435456,67108864,float,sum,7.13,53.92,94.36,0,23.99,53.95,94.41,0,TREE,LL,48,TREE,LL,48,0,TREE,A_flag_ceiling
all_reduce_perf,1,8,536870912,134217728,float,sum,7.04,54.38,95.16,0,10.44,54.06,94.61,0,TREE,LL,48,TREE,LL,48,0,TREE,A_flag_ceiling
all_reduce_perf,1,8,4096,1024,float,sum,5.55,0.16,0.27,0,5.33,0.18,0.32,0,TREE,LL,56,TREE,LL,56,0,TREE,A_flag_ceiling
all_reduce_perf,1,8,8192,2048,float,sum,18.66,0.29,0.5,0,5.21,0.35,0.62,0,TREE,LL,56,TREE,LL,56,0,TREE,A_flag_ceiling
all_reduce_perf,1,8,16384,4096,float,sum,19.23,0.46,0.81,0,5.37,0.66,1.16,0,TREE,LL,56,TREE,LL,56,0,TREE,A_flag_ceiling
all_reduce_perf,1,8,32768,8192,float,sum,5.65,1.34,2.34,0,7.86,1.28,2.24,0,TREE,LL,56,TREE,LL,56,0,TREE,A_flag_ceiling
all_reduce_perf,1,8,65536,16384,float,sum,5.99,2.6,4.56,0,9.41,2.32,4.06,0,TREE,LL,56,TREE,LL,56,0,TREE,A_flag_ceiling
all_reduce_perf,1,8,131072,32768,float,sum,5.97,4.7,8.23,0,17.17,3.31,5.8,0,TREE,LL,56,TREE,LL,56,0,TREE,A_flag_ceiling
all_reduce_perf,1,8,262144,65536,float,sum,6.27,8.61,15.06,0,6.29,8.79,15.39,0,TREE,LL,56,TREE,LL,56,0,TREE,A_flag_ceiling
all_reduce_perf,1,8,524288,131072,float,sum,13.26,14.79,25.89,0,6.29,15.22,26.64,0,TREE,LL,56,TREE,LL,56,0,TREE,A_flag_ceiling
all_reduce_perf,1,8,1048576,262144,float,sum,19.63,20.56,35.98,0,6.38,23.86,41.75,0,TREE,LL,56,TREE,LL,56,0,TREE,A_flag_ceiling
all_reduce_perf,1,8,2097152,524288,float,sum,6.42,34.24,59.92,0,11.14,34.47,60.32,0,TREE,LL,56,TREE,LL,56,0,TREE,A_flag_ceiling
all_reduce_perf,1,8,4194304,1048576,float,sum,6.48,44.78,78.37,0,9.25,44.06,77.1,0,TREE,LL,56,TREE,LL,56,0,TREE,A_flag_ceiling
all_reduce_perf,1,8,8388608,2097152,float,sum,6.48,52.3,91.52,0,20.28,48.02,84.03,0,TREE,LL,56,TREE,LL,56,0,TREE,A_flag_ceiling
all_reduce_perf,1,8,16777216,4194304,float,sum,6.5,57.42,100.48,0,6.39,57.03,99.8,0,TREE,LL,56,TREE,LL,56,0,TREE,A_flag_ceiling
all_reduce_perf,1,8,33554432,8388608,float,sum,16.52,59.67,104.43,0,7.21,59.39,103.93,0,TREE,LL,56,TREE,LL,56,0,TREE,A_flag_ceiling
all_reduce_perf,1,8,67108864,16777216,float,sum,21.4,60.64,106.13,0,6.52,60.42,105.74,0,TREE,LL,56,TREE,LL,56,0,TREE,A_flag_ceiling
all_reduce_perf,1,8,134217728,33554432,float,sum,6.34,61.54,107.69,0,7.55,61.49,107.6,0,TREE,LL,56,TREE,LL,56,0,TREE,A_flag_ceiling
all_reduce_perf,1,8,268435456,67108864,float,sum,6.57,61.87,108.27,0,15.54,61.79,108.14,0,TREE,LL,56,TREE,LL,56,0,TREE,A_flag_ceiling
all_reduce_perf,1,8,536870912,134217728,float,sum,6.69,62.39,109.18,0,15.58,62.11,108.69,0,TREE,LL,56,TREE,LL,56,0,TREE,A_flag_ceiling
all_reduce_perf,1,8,4096,1024,float,sum,5.97,0.15,0.26,0,6.25,0.17,0.29,0,TREE,LL,1,,,,0,TREE,A_flag_ceiling
all_reduce_perf,1,8,8192,2048,float,sum,15.98,0.29,0.5,0,5.83,0.28,0.5,0,TREE,LL,1,,,,0,TREE,A_flag_ceiling
all_reduce_perf,1,8,16384,4096,float,sum,15.73,0.4,0.71,0,5.89,0.45,0.79,0,TREE,LL,1,,,,0,TREE,A_flag_ceiling
all_reduce_perf,1,8,32768,8192,float,sum,5.9,0.91,1.59,0,15.56,0.89,1.57,0,TREE,LL,2,,,,0,TREE,A_flag_ceiling
all_reduce_perf,1,8,65536,16384,float,sum,5.87,1.74,3.05,0,13.42,1.72,3.0,0,TREE,LL,4,,,,0,TREE,A_flag_ceiling
all_reduce_perf,1,8,131072,32768,float,sum,5.99,3.41,5.97,0,19.29,2.46,4.31,0,TREE,LL,8,,,,0,TREE,A_flag_ceiling
all_reduce_perf,1,8,262144,65536,float,sum,6.4,6.69,11.7,0,6.23,6.67,11.67,0,TREE,LL,16,,,,0,TREE,A_flag_ceiling
all_reduce_perf,1,8,524288,131072,float,sum,8.76,10.65,18.63,0,5.86,11.4,19.95,0,RING,SIMPLE,16,,,,0,RING,A_flag_ceiling
all_reduce_perf,1,8,1048576,262144,float,sum,20.81,18.93,33.13,0,6.28,22.36,39.12,0,RING,SIMPLE,32,,,,0,RING,A_flag_ceiling
all_reduce_perf,1,8,2097152,524288,float,sum,6.69,41.38,72.42,0,12.49,42.84,74.97,0,RING,SIMPLE,56,,,,0,RING,A_flag_ceiling
all_reduce_perf,1,8,4194304,1048576,float,sum,6.58,68.15,119.27,0,22.05,68.62,120.08,0,RING,SIMPLE,56,,,,0,RING,A_flag_ceiling
all_reduce_perf,1,8,8388608,2097152,float,sum,6.63,101.22,177.14,0,20.76,91.52,160.16,0,RING,SIMPLE,56,,,,0,RING,A_flag_ceiling
all_reduce_perf,1,8,16777216,4194304,float,sum,6.75,147.65,258.38,0,7.91,149.39,261.43,0,RING,SIMPLE,56,,,,0,RING,A_flag_ceiling
all_reduce_perf,1,8,33554432,8388608,float,sum,17.75,177.85,311.24,0,6.61,180.0,315.0,0,RING,SIMPLE,56,,,,0,RING,A_flag_ceiling
all_reduce_perf,1,8,67108864,16777216,float,sum,23.93,200.83,351.46,0,9.71,201.4,352.45,0,RING,SIMPLE,56,,,,0,RING*,A_flag_ceiling
all_reduce_perf,1,8,134217728,33554432,float,sum,9.48,215.26,376.7,0,13.25,215.72,377.52,0,RING,SIMPLE,56,,,,0,RING*,A_flag_ceiling
all_reduce_perf,1,8,268435456,67108864,float,sum,9.69,222.07,388.63,0,13.94,223.06,390.36,0,RING,SIMPLE,56,,,,0,RING*,A_flag_ceiling
all_reduce_perf,1,8,536870912,134217728,float,sum,9.66,226.62,396.58,0,20.44,225.41,394.47,0,RING,SIMPLE,56,,,,0,RING*,A_flag_ceiling
all_reduce_perf,1,8,4096,1024,float,sum,6.5,0.09,0.15,0,7.34,0.09,0.16,0,RING,SIMPLE,1,RING,SIMPLE,1,0,RING,A_flag_ceiling
all_reduce_perf,1,8,8192,2048,float,sum,19.8,0.18,0.32,0,6.39,0.19,0.33,0,RING,SIMPLE,1,RING,SIMPLE,1,0,RING,A_flag_ceiling
all_reduce_perf,1,8,16384,4096,float,sum,18.79,0.33,0.57,0,6.66,0.38,0.67,0,RING,SIMPLE,1,RING,SIMPLE,1,0,RING,A_flag_ceiling
all_reduce_perf,1,8,32768,8192,float,sum,8.69,0.75,1.32,0,16.23,0.74,1.29,0,RING,SIMPLE,1,RING,SIMPLE,1,0,RING,A_flag_ceiling
all_reduce_perf,1,8,65536,16384,float,sum,6.18,1.43,2.49,0,18.34,1.41,2.47,0,RING,SIMPLE,1,RING,SIMPLE,1,0,RING,A_flag_ceiling
all_reduce_perf,1,8,131072,32768,float,sum,6.2,2.31,4.04,0,20.19,1.93,3.37,0,RING,SIMPLE,1,RING,SIMPLE,1,0,RING,A_flag_ceiling
all_reduce_perf,1,8,262144,65536,float,sum,6.26,3.42,5.98,0,6.25,3.48,6.09,0,RING,SIMPLE,1,RING,SIMPLE,1,0,RING,A_flag_ceiling
all_reduce_perf,1,8,524288,131072,float,sum,17.81,4.43,7.75,0,6.11,4.53,7.93,0,RING,SIMPLE,1,RING,SIMPLE,1,0,RING,A_flag_ceiling
all_reduce_perf,1,8,1048576,262144,float,sum,11.73,5.32,9.31,0,6.18,5.34,9.34,0,RING,SIMPLE,1,RING,SIMPLE,1,0,RING,A_flag_ceiling
all_reduce_perf,1,8,2097152,524288,float,sum,6.35,6.09,10.67,0,18.31,6.28,10.99,0,RING,SIMPLE,1,RING,SIMPLE,1,0,RING,A_flag_ceiling
all_reduce_perf,1,8,4194304,1048576,float,sum,6.4,6.8,11.9,0,11.16,7.11,12.45,0,RING,SIMPLE,1,RING,SIMPLE,1,0,RING,A_flag_ceiling
all_reduce_perf,1,8,8388608,2097152,float,sum,6.19,6.86,12.01,0,22.26,7.0,12.25,0,RING,SIMPLE,1,RING,SIMPLE,1,0,RING,A_flag_ceiling
all_reduce_perf,1,8,16777216,4194304,float,sum,6.24,6.96,12.18,0,6.29,7.08,12.39,0,RING,SIMPLE,1,RING,SIMPLE,1,0,RING,A_flag_ceiling
all_reduce_perf,1,8,33554432,8388608,float,sum,13.96,6.98,12.22,0,6.32,7.06,12.36,0,RING,SIMPLE,1,RING,SIMPLE,1,0,RING,A_flag_ceiling
all_reduce_perf,1,8,67108864,16777216,float,sum,11.95,6.71,11.75,0,6.33,6.71,11.75,0,RING,SIMPLE,1,RING,SIMPLE,1,0,RING*,A_flag_ceiling
all_reduce_perf,1,8,134217728,33554432,float,sum,6.41,6.7,11.72,0,20.46,6.72,11.76,0,RING,SIMPLE,1,RING,SIMPLE,1,0,RING*,A_flag_ceiling
all_reduce_perf,1,8,268435456,67108864,float,sum,6.33,6.69,11.7,0,20.21,6.71,11.75,0,RING,SIMPLE,1,RING,SIMPLE,1,0,RING*,A_flag_ceiling
all_reduce_perf,1,8,536870912,134217728,float,sum,6.63,6.73,11.78,0,21.06,6.75,11.81,0,RING,SIMPLE,1,RING,SIMPLE,1,0,RING*,A_flag_ceiling
all_reduce_perf,1,8,4096,1024,float,sum,7.24,0.14,0.24,0,7.22,0.15,0.27,0,RING,LL,1,RING,LL,1,0,RING,A_flag_ceiling
all_reduce_perf,1,8,8192,2048,float,sum,20.77,0.26,0.45,0,6.23,0.31,0.54,0,RING,LL,1,RING,LL,1,0,RING,A_flag_ceiling
all_reduce_perf,1,8,16384,4096,float,sum,14.48,0.45,0.8,0,5.74,0.62,1.08,0,RING,LL,1,RING,LL,1,0,RING,A_flag_ceiling
all_reduce_perf,1,8,32768,8192,float,sum,5.81,0.91,1.59,0,20.83,0.91,1.6,0,RING,LL,1,RING,LL,1,0,RING,A_flag_ceiling
all_reduce_perf,1,8,65536,16384,float,sum,5.76,1.2,2.1,0,20.72,1.22,2.13,0,RING,LL,1,RING,LL,1,0,RING,A_flag_ceiling
all_reduce_perf,1,8,131072,32768,float,sum,5.6,1.45,2.53,0,20.9,1.25,2.19,0,RING,LL,1,RING,LL,1,0,RING,A_flag_ceiling
all_reduce_perf,1,8,262144,65536,float,sum,5.78,1.52,2.66,0,5.68,1.54,2.69,0,RING,LL,1,RING,LL,1,0,RING,A_flag_ceiling
all_reduce_perf,1,8,524288,131072,float,sum,9.17,1.56,2.72,0,5.52,1.57,2.75,0,RING,LL,1,RING,LL,1,0,RING,A_flag_ceiling
all_reduce_perf,1,8,1048576,262144,float,sum,21.46,1.58,2.76,0,5.75,1.59,2.77,0,RING,LL,1,RING,LL,1,0,RING,A_flag_ceiling
all_reduce_perf,1,8,2097152,524288,float,sum,5.63,1.59,2.78,0,15.58,1.61,2.81,0,RING,LL,1,RING,LL,1,0,RING,A_flag_ceiling
all_reduce_perf,1,8,4194304,1048576,float,sum,5.99,1.6,2.79,0,20.43,1.62,2.83,0,RING,LL,1,RING,LL,1,0,RING,A_flag_ceiling
all_reduce_perf,1,8,8388608,2097152,float,sum,5.84,1.61,2.82,0,22.15,1.62,2.83,0,RING,LL,1,RING,LL,1,0,RING,A_flag_ceiling
all_reduce_perf,1,8,16777216,4194304,float,sum,5.67,1.62,2.83,0,5.78,1.63,2.86,0,RING,LL,1,RING,LL,1,0,RING,A_flag_ceiling
all_reduce_perf,1,8,33554432,8388608,float,sum,11.48,1.62,2.84,0,5.79,1.64,2.86,0,RING,LL,1,RING,LL,1,0,RING,A_flag_ceiling
all_reduce_perf,1,8,67108864,16777216,float,sum,21.3,1.45,2.53,0,6.0,1.45,2.54,0,RING,LL,1,RING,LL,1,0,RING*,A_flag_ceiling
all_reduce_perf,1,8,134217728,33554432,float,sum,5.93,1.45,2.54,0,18.2,1.46,2.55,0,RING,LL,1,RING,LL,1,0,RING*,A_flag_ceiling
all_reduce_perf,1,8,268435456,67108864,float,sum,6.31,1.44,2.53,0,25.61,1.45,2.54,0,RING,LL,1,RING,LL,1,0,RING*,A_flag_ceiling
all_reduce_perf,1,8,536870912,134217728,float,sum,6.66,1.45,2.53,0,26.29,1.46,2.55,0,RING,LL,1,RING,LL,1,0,RING*,A_flag_ceiling
all_reduce_perf,1,8,4096,1024,float,sum,5.94,0.09,0.15,0,6.08,0.09,0.16,0,RING,SIMPLE,2,RING,SIMPLE,2,0,RING,A_flag_ceiling
all_reduce_perf,1,8,8192,2048,float,sum,21.89,0.19,0.32,0,6.03,0.19,0.33,0,RING,SIMPLE,2,RING,SIMPLE,2,0,RING,A_flag_ceiling
all_reduce_perf,1,8,16384,4096,float,sum,17.07,0.29,0.51,0,5.86,0.36,0.64,0,RING,SIMPLE,2,RING,SIMPLE,2,0,RING,A_flag_ceiling
all_reduce_perf,1,8,32768,8192,float,sum,5.61,0.72,1.25,0,11.29,0.73,1.27,0,RING,SIMPLE,2,RING,SIMPLE,2,0,RING,A_flag_ceiling
all_reduce_perf,1,8,65536,16384,float,sum,5.38,1.46,2.55,0,9.45,1.5,2.62,0,RING,SIMPLE,2,RING,SIMPLE,2,0,RING,A_flag_ceiling
all_reduce_perf,1,8,131072,32768,float,sum,5.38,2.79,4.88,0,18.55,2.22,3.88,0,RING,SIMPLE,2,RING,SIMPLE,2,0,RING,A_flag_ceiling
all_reduce_perf,1,8,262144,65536,float,sum,5.14,4.54,7.94,0,5.11,4.71,8.24,0,RING,SIMPLE,2,RING,SIMPLE,2,0,RING,A_flag_ceiling
all_reduce_perf,1,8,524288,131072,float,sum,5.93,6.59,11.54,0,4.97,6.88,12.03,0,RING,SIMPLE,2,RING,SIMPLE,2,0,RING,A_flag_ceiling
all_reduce_perf,1,8,1048576,262144,float,sum,15.65,8.78,15.37,0,5.03,8.94,15.65,0,RING,SIMPLE,2,RING,SIMPLE,2,0,RING,A_flag_ceiling
all_reduce_perf,1,8,2097152,524288,float,sum,4.98,10.44,18.27,0,7.67,10.6,18.56,0,RING,SIMPLE,2,RING,SIMPLE,2,0,RING,A_flag_ceiling
all_reduce_perf,1,8,4194304,1048576,float,sum,5.09,11.82,20.69,0,12.94,11.96,20.93,0,RING,SIMPLE,2,RING,SIMPLE,2,0,RING,A_flag_ceiling
all_reduce_perf,1,8,8388608,2097152,float,sum,5.03,12.67,22.17,0,19.92,12.39,21.68,0,RING,SIMPLE,2,RING,SIMPLE,2,0,RING,A_flag_ceiling
all_reduce_perf,1,8,16777216,4194304,float,sum,5.02,12.76,22.34,0,5.03,12.8,22.41,0,RING,SIMPLE,2,RING,SIMPLE,2,0,RING,A_flag_ceiling
all_reduce_perf,1,8,33554432,8388608,float,sum,9.62,12.93,22.62,0,5.14,12.86,22.51,0,RING,SIMPLE,2,RING,SIMPLE,2,0,RING,A_flag_ceiling
all_reduce_perf,1,8,67108864,16777216,float,sum,10.68,13.5,23.63,0,5.21,13.52,23.67,0,RING,SIMPLE,2,RING,SIMPLE,2,0,RING*,A_flag_ceiling
all_reduce_perf,1,8,134217728,33554432,float,sum,5.09,13.48,23.59,0,6.12,13.45,23.54,0,RING,SIMPLE,2,RING,SIMPLE,2,0,RING*,A_flag_ceiling
all_reduce_perf,1,8,268435456,67108864,float,sum,5.29,13.36,23.38,0,10.2,13.39,23.44,0,RING,SIMPLE,2,RING,SIMPLE,2,0,RING*,A_flag_ceiling
all_reduce_perf,1,8,536870912,134217728,float,sum,5.36,13.38,23.41,0,19.28,13.38,23.41,0,RING,SIMPLE,2,RING,SIMPLE,2,0,RING*,A_flag_ceiling
all_reduce_perf,1,8,4096,1024,float,sum,5.99,0.14,0.25,0,6.32,0.15,0.27,0,RING,LL,2,RING,LL,2,0,RING,A_flag_ceiling
all_reduce_perf,1,8,8192,2048,float,sum,6.84,0.25,0.44,0,7.2,0.32,0.56,0,RING,LL,2,RING,LL,2,0,RING,A_flag_ceiling
all_reduce_perf,1,8,16384,4096,float,sum,8.99,0.43,0.75,0,5.82,0.62,1.09,0,RING,LL,2,RING,LL,2,0,RING,A_flag_ceiling
all_reduce_perf,1,8,32768,8192,float,sum,6.12,1.16,2.02,0,10.8,1.16,2.04,0,RING,LL,2,RING,LL,2,0,RING,A_flag_ceiling
all_reduce_perf,1,8,65536,16384,float,sum,5.75,1.74,3.05,0,14.82,1.58,2.77,0,RING,LL,2,RING,LL,2,0,RING,A_flag_ceiling
all_reduce_perf,1,8,131072,32768,float,sum,5.71,2.27,3.97,0,19.8,1.85,3.23,0,RING,LL,2,RING,LL,2,0,RING,A_flag_ceiling
all_reduce_perf,1,8,262144,65536,float,sum,5.75,2.62,4.58,0,5.89,2.66,4.65,0,RING,LL,2,RING,LL,2,0,RING,A_flag_ceiling
all_reduce_perf,1,8,524288,131072,float,sum,19.85,2.7,4.72,0,5.64,2.78,4.87,0,RING,LL,2,RING,LL,2,0,RING,A_flag_ceiling
all_reduce_perf,1,8,1048576,262144,float,sum,20.33,2.76,4.83,0,5.81,2.82,4.94,0,RING,LL,2,RING,LL,2,0,RING,A_flag_ceiling
all_reduce_perf,1,8,2097152,524288,float,sum,5.75,2.78,4.86,0,10.51,2.84,4.96,0,RING,LL,2,RING,LL,2,0,RING,A_flag_ceiling
all_reduce_perf,1,8,4194304,1048576,float,sum,5.84,2.76,4.84,0,18.82,2.86,5.01,0,RING,LL,2,RING,LL,2,0,RING,A_flag_ceiling
all_reduce_perf,1,8,8388608,2097152,float,sum,5.9,2.77,4.84,0,21.63,2.85,5.0,0,RING,LL,2,RING,LL,2,0,RING,A_flag_ceiling
all_reduce_perf,1,8,16777216,4194304,float,sum,6.56,2.76,4.83,0,6.01,2.86,5.0,0,RING,LL,2,RING,LL,2,0,RING,A_flag_ceiling
all_reduce_perf,1,8,33554432,8388608,float,sum,11.55,2.76,4.84,0,6.0,2.85,4.99,0,RING,LL,2,RING,LL,2,0,RING,A_flag_ceiling
all_reduce_perf,1,8,67108864,16777216,float,sum,20.16,2.87,5.02,0,6.0,2.89,5.05,0,RING,LL,2,RING,LL,2,0,RING*,A_flag_ceiling
all_reduce_perf,1,8,134217728,33554432,float,sum,5.94,2.83,4.96,0,22.74,2.89,5.06,0,RING,LL,2,RING,LL,2,0,RING*,A_flag_ceiling
all_reduce_perf,1,8,268435456,67108864,float,sum,6.38,2.84,4.96,0,22.81,2.87,5.02,0,RING,LL,2,RING,LL,2,0,RING*,A_flag_ceiling
all_reduce_perf,1,8,536870912,134217728,float,sum,6.31,2.85,5.0,0,22.96,2.89,5.05,0,RING,LL,2,RING,LL,2,0,RING*,A_flag_ceiling
all_reduce_perf,1,8,4096,1024,float,sum,5.44,0.08,0.15,0,5.3,0.09,0.16,0,RING,SIMPLE,4,RING,SIMPLE,4,0,RING,A_flag_ceiling
all_reduce_perf,1,8,8192,2048,float,sum,14.15,0.19,0.32,0,5.04,0.19,0.33,0,RING,SIMPLE,4,RING,SIMPLE,4,0,RING,A_flag_ceiling
all_reduce_perf,1,8,16384,4096,float,sum,8.18,0.35,0.62,0,5.12,0.36,0.63,0,RING,SIMPLE,4,RING,SIMPLE,4,0,RING,A_flag_ceiling
all_reduce_perf,1,8,32768,8192,float,sum,5.23,0.69,1.21,0,6.07,0.69,1.2,0,RING,SIMPLE,4,RING,SIMPLE,4,0,RING,A_flag_ceiling
all_reduce_perf,1,8,65536,16384,float,sum,5.16,1.41,2.47,0,18.42,1.44,2.53,0,RING,SIMPLE,4,RING,SIMPLE,4,0,RING,A_flag_ceiling
all_reduce_perf,1,8,131072,32768,float,sum,6.44,2.69,4.7,0,14.12,2.25,3.94,0,RING,SIMPLE,4,RING,SIMPLE,4,0,RING,A_flag_ceiling
all_reduce_perf,1,8,262144,65536,float,sum,5.21,5.42,9.48,0,5.21,5.57,9.74,0,RING,SIMPLE,4,RING,SIMPLE,4,0,RING,A_flag_ceiling
all_reduce_perf,1,8,524288,131072,float,sum,6.05,8.65,15.13,0,5.05,9.12,15.96,0,RING,SIMPLE,4,RING,SIMPLE,4,0,RING,A_flag_ceiling
all_reduce_perf,1,8,1048576,262144,float,sum,9.49,13.09,22.91,0,5.09,13.23,23.14,0,RING,SIMPLE,4,RING,SIMPLE,4,0,RING,A_flag_ceiling
all_reduce_perf,1,8,2097152,524288,float,sum,5.09,17.0,29.75,0,12.18,17.19,30.09,0,RING,SIMPLE,4,RING,SIMPLE,4,0,RING,A_flag_ceiling
all_reduce_perf,1,8,4194304,1048576,float,sum,5.19,20.01,35.02,0,15.87,20.21,35.37,0,RING,SIMPLE,4,RING,SIMPLE,4,0,RING,A_flag_ceiling
all_reduce_perf,1,8,8388608,2097152,float,sum,5.09,22.52,39.42,0,10.26,22.29,39.01,0,RING,SIMPLE,4,RING,SIMPLE,4,0,RING,A_flag_ceiling
all_reduce_perf,1,8,16777216,4194304,float,sum,5.09,24.08,42.13,0,5.06,24.57,43.0,0,RING,SIMPLE,4,RING,SIMPLE,4,0,RING,A_flag_ceiling
all_reduce_perf,1,8,33554432,8388608,float,sum,6.55,24.39,42.69,0,5.17,24.64,43.12,0,RING,SIMPLE,4,RING,SIMPLE,4,0,RING,A_flag_ceiling
all_reduce_perf,1,8,67108864,16777216,float,sum,7.49,26.57,46.49,0,5.42,26.61,46.56,0,RING,SIMPLE,4,RING,SIMPLE,4,0,RING*,A_flag_ceiling
all_reduce_perf,1,8,134217728,33554432,float,sum,5.28,26.54,46.45,0,6.83,26.5,46.38,0,RING,SIMPLE,4,RING,SIMPLE,4,0,RING*,A_flag_ceiling
all_reduce_perf,1,8,268435456,67108864,float,sum,7.3,26.47,46.33,0,19.19,26.41,46.23,0,RING,SIMPLE,4,RING,SIMPLE,4,0,RING*,A_flag_ceiling
all_reduce_perf,1,8,536870912,134217728,float,sum,6.26,26.33,46.08,0,22.84,26.29,46.02,0,RING,SIMPLE,4,RING,SIMPLE,4,0,RING*,A_flag_ceiling
all_reduce_perf,1,8,4096,1024,float,sum,5.97,0.13,0.23,0,7.59,0.15,0.26,0,RING,LL,4,RING,LL,4,0,RING,A_flag_ceiling
all_reduce_perf,1,8,8192,2048,float,sum,7.26,0.27,0.47,0,6.45,0.3,0.53,0,RING,LL,4,RING,LL,4,0,RING,A_flag_ceiling
all_reduce_perf,1,8,16384,4096,float,sum,11.88,0.49,0.86,0,5.92,0.61,1.06,0,RING,LL,4,RING,LL,4,0,RING,A_flag_ceiling
all_reduce_perf,1,8,32768,8192,float,sum,6.44,1.15,2.02,0,7.08,1.15,2.01,0,RING,LL,4,RING,LL,4,0,RING,A_flag_ceiling
all_reduce_perf,1,8,65536,16384,float,sum,5.92,2.25,3.93,0,6.78,2.14,3.75,0,RING,LL,4,RING,LL,4,0,RING,A_flag_ceiling
all_reduce_perf,1,8,131072,32768,float,sum,5.99,3.33,5.82,0,19.0,2.53,4.43,0,RING,LL,4,RING,LL,4,0,RING,A_flag_ceiling
all_reduce_perf,1,8,262144,65536,float,sum,5.92,4.24,7.42,0,5.95,4.31,7.54,0,RING,LL,4,RING,LL,4,0,RING,A_flag_ceiling
all_reduce_perf,1,8,524288,131072,float,sum,8.85,4.86,8.5,0,5.99,4.97,8.7,0,RING,LL,4,RING,LL,4,0,RING,A_flag_ceiling
all_reduce_perf,1,8,1048576,262144,float,sum,15.78,5.13,8.98,0,5.89,5.21,9.12,0,RING,LL,4,RING,LL,4,0,RING,A_flag_ceiling
all_reduce_perf,1,8,2097152,524288,float,sum,5.97,5.26,9.21,0,18.74,5.31,9.29,0,RING,LL,4,RING,LL,4,0,RING,A_flag_ceiling
all_reduce_perf,1,8,4194304,1048576,float,sum,6.03,5.28,9.24,0,10.44,5.37,9.39,0,RING,LL,4,RING,LL,4,0,RING,A_flag_ceiling
all_reduce_perf,1,8,8388608,2097152,float,sum,5.92,5.3,9.27,0,18.91,5.34,9.34,0,RING,LL,4,RING,LL,4,0,RING,A_flag_ceiling
all_reduce_perf,1,8,16777216,4194304,float,sum,5.9,5.23,9.16,0,5.94,5.37,9.4,0,RING,LL,4,RING,LL,4,0,RING,A_flag_ceiling
all_reduce_perf,1,8,33554432,8388608,float,sum,18.46,5.21,9.13,0,6.02,5.35,9.37,0,RING,LL,4,RING,LL,4,0,RING,A_flag_ceiling
all_reduce_perf,1,8,67108864,16777216,float,sum,15.24,5.82,10.19,0,6.3,5.77,10.1,0,RING,LL,4,RING,LL,4,0,RING*,A_flag_ceiling
all_reduce_perf,1,8,134217728,33554432,float,sum,6.1,5.76,10.07,0,20.39,5.74,10.04,0,RING,LL,4,RING,LL,4,0,RING*,A_flag_ceiling
all_reduce_perf,1,8,268435456,67108864,float,sum,6.4,5.74,10.05,0,18.47,5.75,10.06,0,RING,LL,4,RING,LL,4,0,RING*,A_flag_ceiling
all_reduce_perf,1,8,536870912,134217728,float,sum,6.71,5.76,10.08,0,11.95,5.74,10.05,0,RING,LL,4,RING,LL,4,0,RING*,A_flag_ceiling
all_reduce_perf,1,8,4096,1024,float,sum,7.15,0.09,0.15,0,6.03,0.09,0.16,0,RING,SIMPLE,8,RING,SIMPLE,8,0,RING,A_flag_ceiling
all_reduce_perf,1,8,8192,2048,float,sum,6.9,0.18,0.32,0,6.12,0.19,0.33,0,RING,SIMPLE,8,RING,SIMPLE,8,0,RING,A_flag_ceiling
all_reduce_perf,1,8,16384,4096,float,sum,9.95,0.34,0.6,0,5.9,0.36,0.64,0,RING,SIMPLE,8,RING,SIMPLE,8,0,RING,A_flag_ceiling
all_reduce_perf,1,8,32768,8192,float,sum,6.04,0.69,1.2,0,7.02,0.69,1.21,0,RING,SIMPLE,8,RING,SIMPLE,8,0,RING,A_flag_ceiling
all_reduce_perf,1,8,65536,16384,float,sum,5.86,1.36,2.37,0,15.01,1.4,2.45,0,RING,SIMPLE,8,RING,SIMPLE,8,0,RING,A_flag_ceiling
all_reduce_perf,1,8,131072,32768,float,sum,5.92,2.79,4.88,0,12.14,2.39,4.18,0,RING,SIMPLE,8,RING,SIMPLE,8,0,RING,A_flag_ceiling
all_reduce_perf,1,8,262144,65536,float,sum,5.9,5.57,9.74,0,5.97,5.66,9.91,0,RING,SIMPLE,8,RING,SIMPLE,8,0,RING,A_flag_ceiling
all_reduce_perf,1,8,524288,131072,float,sum,12.44,10.42,18.24,0,5.8,10.91,19.09,0,RING,SIMPLE,8,RING,SIMPLE,8,0,RING,A_flag_ceiling
all_reduce_perf,1,8,1048576,262144,float,sum,12.92,17.61,30.82,0,5.86,18.03,31.55,0,RING,SIMPLE,8,RING,SIMPLE,8,0,RING,A_flag_ceiling
all_reduce_perf,1,8,2097152,524288,float,sum,5.91,25.68,44.94,0,13.65,26.22,45.88,0,RING,SIMPLE,8,RING,SIMPLE,8,0,RING,A_flag_ceiling
all_reduce_perf,1,8,4194304,1048576,float,sum,5.99,33.54,58.7,0,7.46,33.63,58.85,0,RING,SIMPLE,8,RING,SIMPLE,8,0,RING,A_flag_ceiling
all_reduce_perf,1,8,8388608,2097152,float,sum,6.1,39.63,69.36,0,17.45,38.16,66.78,0,RING,SIMPLE,8,RING,SIMPLE,8,0,RING,A_flag_ceiling
all_reduce_perf,1,8,16777216,4194304,float,sum,5.8,44.52,77.91,0,5.91,45.32,79.32,0,RING,SIMPLE,8,RING,SIMPLE,8,0,RING,A_flag_ceiling
all_reduce_perf,1,8,33554432,8388608,float,sum,18.19,48.0,84.0,0,5.77,48.66,85.15,0,RING,SIMPLE,8,RING,SIMPLE,8,0,RING,A_flag_ceiling
all_reduce_perf,1,8,67108864,16777216,float,sum,10.85,51.37,89.9,0,6.35,51.67,90.42,0,RING,SIMPLE,8,RING,SIMPLE,8,0,RING*,A_flag_ceiling
all_reduce_perf,1,8,134217728,33554432,float,sum,6.18,52.87,92.52,0,14.32,52.87,92.52,0,RING,SIMPLE,8,RING,SIMPLE,8,0,RING*,A_flag_ceiling
all_reduce_perf,1,8,268435456,67108864,float,sum,6.37,52.48,91.84,0,14.17,52.74,92.29,0,RING,SIMPLE,8,RING,SIMPLE,8,0,RING*,A_flag_ceiling
all_reduce_perf,1,8,536870912,134217728,float,sum,6.43,52.42,91.73,0,19.21,52.51,91.89,0,RING,SIMPLE,8,RING,SIMPLE,8,0,RING*,A_flag_ceiling
all_reduce_perf,1,8,4096,1024,float,sum,6.23,0.13,0.23,0,6.13,0.15,0.26,0,RING,LL,8,RING,LL,8,0,RING,A_flag_ceiling
all_reduce_perf,1,8,8192,2048,float,sum,21.65,0.25,0.43,0,6.59,0.3,0.52,0,RING,LL,8,RING,LL,8,0,RING,A_flag_ceiling
all_reduce_perf,1,8,16384,4096,float,sum,8.38,0.45,0.79,0,5.91,0.58,1.02,0,RING,LL,8,RING,LL,8,0,RING,A_flag_ceiling
all_reduce_perf,1,8,32768,8192,float,sum,6.36,1.1,1.93,0,13.79,1.14,2.0,0,RING,LL,8,RING,LL,8,0,RING,A_flag_ceiling
all_reduce_perf,1,8,65536,16384,float,sum,5.78,2.28,3.98,0,18.85,1.91,3.35,0,RING,LL,8,RING,LL,8,0,RING,A_flag_ceiling
all_reduce_perf,1,8,131072,32768,float,sum,5.91,4.5,7.87,0,10.61,3.85,6.74,0,RING,LL,8,RING,LL,8,0,RING,A_flag_ceiling
all_reduce_perf,1,8,262144,65536,float,sum,5.88,6.38,11.16,0,5.88,6.65,11.64,0,RING,LL,8,RING,LL,8,0,RING,A_flag_ceiling
all_reduce_perf,1,8,524288,131072,float,sum,11.86,8.22,14.38,0,5.66,8.52,14.92,0,RING,LL,8,RING,LL,8,0,RING,A_flag_ceiling
all_reduce_perf,1,8,1048576,262144,float,sum,19.68,9.82,17.18,0,5.87,9.9,17.32,0,RING,LL,8,RING,LL,8,0,RING,A_flag_ceiling
all_reduce_perf,1,8,2097152,524288,float,sum,5.86,10.28,18.0,0,16.55,10.33,18.07,0,RING,LL,8,RING,LL,8,0,RING,A_flag_ceiling
all_reduce_perf,1,8,4194304,1048576,float,sum,5.82,10.51,18.39,0,20.21,10.49,18.35,0,RING,LL,8,RING,LL,8,0,RING,A_flag_ceiling
all_reduce_perf,1,8,8388608,2097152,float,sum,5.77,10.55,18.46,0,21.35,10.42,18.24,0,RING,LL,8,RING,LL,8,0,RING,A_flag_ceiling
all_reduce_perf,1,8,16777216,4194304,float,sum,5.78,10.59,18.54,0,5.91,10.64,18.63,0,RING,LL,8,RING,LL,8,0,RING,A_flag_ceiling
all_reduce_perf,1,8,33554432,8388608,float,sum,23.04,10.55,18.46,0,6.1,10.65,18.64,0,RING,LL,8,RING,LL,8,0,RING,A_flag_ceiling
all_reduce_perf,1,8,67108864,16777216,float,sum,22.44,11.52,20.17,0,6.33,11.62,20.33,0,RING,LL,8,RING,LL,8,0,RING*,A_flag_ceiling
all_reduce_perf,1,8,134217728,33554432,float,sum,5.99,11.44,20.01,0,7.85,11.55,20.22,0,RING,LL,8,RING,LL,8,0,RING*,A_flag_ceiling
all_reduce_perf,1,8,268435456,67108864,float,sum,6.38,11.29,19.75,0,16.25,11.45,20.04,0,RING,LL,8,RING,LL,8,0,RING*,A_flag_ceiling
all_reduce_perf,1,8,536870912,134217728,float,sum,6.25,11.34,19.85,0,20.32,11.45,20.03,0,RING,LL,8,RING,LL,8,0,RING*,A_flag_ceiling
all_reduce_perf,1,8,4096,1024,float,sum,5.72,0.08,0.15,0,6.08,0.09,0.16,0,RING,SIMPLE,16,RING,SIMPLE,16,0,RING,A_flag_ceiling
all_reduce_perf,1,8,8192,2048,float,sum,7.05,0.18,0.32,0,6.02,0.18,0.32,0,RING,SIMPLE,16,RING,SIMPLE,16,0,RING,A_flag_ceiling
all_reduce_perf,1,8,16384,4096,float,sum,18.28,0.31,0.54,0,5.8,0.36,0.63,0,RING,SIMPLE,16,RING,SIMPLE,16,0,RING,A_flag_ceiling
all_reduce_perf,1,8,32768,8192,float,sum,6.09,0.68,1.19,0,19.03,0.7,1.22,0,RING,SIMPLE,16,RING,SIMPLE,16,0,RING,A_flag_ceiling
all_reduce_perf,1,8,65536,16384,float,sum,5.77,1.36,2.37,0,7.22,1.39,2.44,0,RING,SIMPLE,16,RING,SIMPLE,16,0,RING,A_flag_ceiling
all_reduce_perf,1,8,131072,32768,float,sum,5.92,2.73,4.78,0,14.48,2.21,3.87,0,RING,SIMPLE,16,RING,SIMPLE,16,0,RING,A_flag_ceiling
all_reduce_perf,1,8,262144,65536,float,sum,6.13,5.51,9.65,0,6.06,5.71,9.99,0,RING,SIMPLE,16,RING,SIMPLE,16,0,RING,A_flag_ceiling
all_reduce_perf,1,8,524288,131072,float,sum,16.95,10.73,18.78,0,5.9,11.38,19.92,0,RING,SIMPLE,16,RING,SIMPLE,16,0,RING,A_flag_ceiling
all_reduce_perf,1,8,1048576,262144,float,sum,16.55,19.88,34.79,0,7.02,21.68,37.93,0,RING,SIMPLE,16,RING,SIMPLE,16,0,RING,A_flag_ceiling
all_reduce_perf,1,8,2097152,524288,float,sum,7.23,34.22,59.88,0,16.71,35.76,62.57,0,RING,SIMPLE,16,RING,SIMPLE,16,0,RING,A_flag_ceiling
all_reduce_perf,1,8,4194304,1048576,float,sum,6.17,50.91,89.1,0,16.39,51.54,90.19,0,RING,SIMPLE,16,RING,SIMPLE,16,0,RING,A_flag_ceiling
all_reduce_perf,1,8,8388608,2097152,float,sum,6.1,66.43,116.26,0,17.38,61.61,107.81,0,RING,SIMPLE,16,RING,SIMPLE,16,0,RING,A_flag_ceiling
all_reduce_perf,1,8,16777216,4194304,float,sum,5.94,78.93,138.14,0,5.97,80.08,140.14,0,RING,SIMPLE,16,RING,SIMPLE,16,0,RING,A_flag_ceiling
all_reduce_perf,1,8,33554432,8388608,float,sum,12.22,89.19,156.07,0,6.08,90.49,158.36,0,RING,SIMPLE,16,RING,SIMPLE,16,0,RING,A_flag_ceiling
all_reduce_perf,1,8,67108864,16777216,float,sum,18.58,77.98,136.47,0,6.92,97.05,169.83,0,RING,SIMPLE,16,RING,SIMPLE,16,0,RING*,A_flag_ceiling
all_reduce_perf,1,8,134217728,33554432,float,sum,6.75,95.59,167.27,0,9.75,100.92,176.61,0,RING,SIMPLE,16,RING,SIMPLE,16,0,RING*,A_flag_ceiling
all_reduce_perf,1,8,268435456,67108864,float,sum,7.04,102.89,180.06,0,17.81,102.56,179.49,0,RING,SIMPLE,16,RING,SIMPLE,16,0,RING*,A_flag_ceiling
all_reduce_perf,1,8,536870912,134217728,float,sum,6.88,102.63,179.61,0,21.38,102.39,179.18,0,RING,SIMPLE,16,RING,SIMPLE,16,0,RING*,A_flag_ceiling
all_reduce_perf,1,8,4096,1024,float,sum,6.71,0.14,0.25,0,7.15,0.15,0.26,0,RING,LL,16,RING,LL,16,0,RING,A_flag_ceiling
all_reduce_perf,1,8,8192,2048,float,sum,21.47,0.25,0.44,0,6.81,0.3,0.53,0,RING,LL,16,RING,LL,16,0,RING,A_flag_ceiling
all_reduce_perf,1,8,16384,4096,float,sum,19.74,0.43,0.76,0,7.69,0.59,1.04,0,RING,LL,16,RING,LL,16,0,RING,A_flag_ceiling
all_reduce_perf,1,8,32768,8192,float,sum,8.22,1.17,2.05,0,20.78,1.14,2.0,0,RING,LL,16,RING,LL,16,0,RING,A_flag_ceiling
all_reduce_perf,1,8,65536,16384,float,sum,6.55,2.32,4.05,0,22.47,1.78,3.12,0,RING,LL,16,RING,LL,16,0,RING,A_flag_ceiling
all_reduce_perf,1,8,131072,32768,float,sum,6.62,4.54,7.95,0,19.35,3.2,5.6,0,RING,LL,16,RING,LL,16,0,RING,A_flag_ceiling
all_reduce_perf,1,8,262144,65536,float,sum,6.82,8.86,15.51,0,6.87,9.12,15.97,0,RING,LL,16,RING,LL,16,0,RING,A_flag_ceiling
all_reduce_perf,1,8,524288,131072,float,sum,18.32,12.59,22.04,0,6.74,13.28,23.25,0,RING,LL,16,RING,LL,16,0,RING,A_flag_ceiling
all_reduce_perf,1,8,1048576,262144,float,sum,19.35,16.11,28.2,0,6.83,16.87,29.52,0,RING,LL,16,RING,LL,16,0,RING,A_flag_ceiling
all_reduce_perf,1,8,2097152,524288,float,sum,6.87,19.38,33.92,0,17.44,19.63,34.35,0,RING,LL,16,RING,LL,16,0,RING,A_flag_ceiling
all_reduce_perf,1,8,4194304,1048576,float,sum,6.78,20.32,35.55,0,20.74,20.37,35.64,0,RING,LL,16,RING,LL,16,0,RING,A_flag_ceiling
all_reduce_perf,1,8,8388608,2097152,float,sum,6.47,20.71,36.25,0,23.5,19.98,34.96,0,RING,LL,16,RING,LL,16,0,RING,A_flag_ceiling
all_reduce_perf,1,8,16777216,4194304,float,sum,7.5,20.71,36.24,0,6.74,21.05,36.84,0,RING,LL,16,RING,LL,16,0,RING,A_flag_ceiling
all_reduce_perf,1,8,33554432,8388608,float,sum,12.1,20.85,36.48,0,8.18,21.05,36.83,0,RING,LL,16,RING,LL,16,0,RING,A_flag_ceiling
all_reduce_perf,1,8,67108864,16777216,float,sum,12.21,22.29,39.01,0,7.95,22.21,38.87,0,RING,LL,16,RING,LL,16,0,RING*,A_flag_ceiling
all_reduce_perf,1,8,134217728,33554432,float,sum,7.44,21.89,38.3,0,16.65,21.99,38.48,0,RING,LL,16,RING,LL,16,0,RING*,A_flag_ceiling
all_reduce_perf,1,8,268435456,67108864,float,sum,7.68,21.89,38.31,0,18.46,21.77,38.09,0,RING,LL,16,RING,LL,16,0,RING*,A_flag_ceiling
all_reduce_perf,1,8,536870912,134217728,float,sum,9.26,21.68,37.94,0,20.37,21.62,37.83,0,RING,LL,16,RING,LL,16,0,RING*,A_flag_ceiling
all_reduce_perf,1,8,4096,1024,float,sum,5.95,0.09,0.16,0,5.85,0.09,0.16,0,RING,SIMPLE,24,RING,SIMPLE,24,0,RING,A_flag_ceiling
all_reduce_perf,1,8,8192,2048,float,sum,11.79,0.18,0.32,0,5.82,0.18,0.32,0,RING,SIMPLE,24,RING,SIMPLE,24,0,RING,A_flag_ceiling
all_reduce_perf,1,8,16384,4096,float,sum,20.78,0.3,0.52,0,5.82,0.36,0.64,0,RING,SIMPLE,24,RING,SIMPLE,24,0,RING,A_flag_ceiling
all_reduce_perf,1,8,32768,8192,float,sum,6.98,0.69,1.2,0,16.33,0.7,1.22,0,RING,SIMPLE,24,RING,SIMPLE,24,0,RING,A_flag_ceiling
all_reduce_perf,1,8,65536,16384,float,sum,6.98,1.34,2.35,0,19.91,1.41,2.47,0,RING,SIMPLE,24,RING,SIMPLE,24,0,RING,A_flag_ceiling
all_reduce_perf,1,8,131072,32768,float,sum,6.21,2.75,4.81,0,21.43,2.08,3.63,0,RING,SIMPLE,24,RING,SIMPLE,24,0,RING,A_flag_ceiling
all_reduce_perf,1,8,262144,65536,float,sum,6.2,5.5,9.62,0,6.27,5.72,10.0,0,RING,SIMPLE,24,RING,SIMPLE,24,0,RING,A_flag_ceiling
all_reduce_perf,1,8,524288,131072,float,sum,10.02,10.66,18.66,0,6.23,11.15,19.52,0,RING,SIMPLE,24,RING,SIMPLE,24,0,RING,A_flag_ceiling
all_reduce_perf,1,8,1048576,262144,float,sum,9.0,21.43,37.5,0,6.38,21.91,38.33,0,RING,SIMPLE,24,RING,SIMPLE,24,0,RING,A_flag_ceiling
all_reduce_perf,1,8,2097152,524288,float,sum,6.37,34.72,60.75,0,8.21,35.4,61.96,0,RING,SIMPLE,24,RING,SIMPLE,24,0,RING,A_flag_ceiling
all_reduce_perf,1,8,4194304,1048576,float,sum,6.25,57.05,99.84,0,15.68,58.41,102.22,0,RING,SIMPLE,24,RING,SIMPLE,24,0,RING,A_flag_ceiling
all_reduce_perf,1,8,8388608,2097152,float,sum,6.28,78.8,137.89,0,20.37,71.3,124.78,0,RING,SIMPLE,24,RING,SIMPLE,24,0,RING,A_flag_ceiling
all_reduce_perf,1,8,16777216,4194304,float,sum,6.16,102.63,179.61,0,6.23,104.72,183.25,0,RING,SIMPLE,24,RING,SIMPLE,24,0,RING,A_flag_ceiling
all_reduce_perf,1,8,33554432,8388608,float,sum,19.43,119.32,208.81,0,6.3,121.99,213.48,0,RING,SIMPLE,24,RING,SIMPLE,24,0,RING,A_flag_ceiling
all_reduce_perf,1,8,67108864,16777216,float,sum,22.56,135.29,236.75,0,7.37,135.51,237.15,0,RING,SIMPLE,24,RING,SIMPLE,24,0,RING*,A_flag_ceiling
all_reduce_perf,1,8,134217728,33554432,float,sum,7.34,142.93,250.13,0,9.72,142.98,250.21,0,RING,SIMPLE,24,RING,SIMPLE,24,0,RING*,A_flag_ceiling
all_reduce_perf,1,8,268435456,67108864,float,sum,7.49,147.94,258.89,0,16.95,147.98,258.96,0,RING,SIMPLE,24,RING,SIMPLE,24,0,RING*,A_flag_ceiling
all_reduce_perf,1,8,536870912,134217728,float,sum,7.48,148.89,260.56,0,11.58,148.13,259.23,0,RING,SIMPLE,24,RING,SIMPLE,24,0,RING*,A_flag_ceiling
all_reduce_perf,1,8,4096,1024,float,sum,6.05,0.13,0.23,0,6.14,0.15,0.27,0,RING,LL,24,RING,LL,24,0,RING,A_flag_ceiling
all_reduce_perf,1,8,8192,2048,float,sum,16.41,0.29,0.51,0,6.08,0.3,0.52,0,RING,LL,24,RING,LL,24,0,RING,A_flag_ceiling
all_reduce_perf,1,8,16384,4096,float,sum,19.85,0.43,0.75,0,5.98,0.59,1.03,0,RING,LL,24,RING,LL,24,0,RING,A_flag_ceiling
all_reduce_perf,1,8,32768,8192,float,sum,6.58,1.18,2.06,0,19.25,1.14,1.99,0,RING,LL,24,RING,LL,24,0,RING,A_flag_ceiling
all_reduce_perf,1,8,65536,16384,float,sum,6.03,2.27,3.97,0,17.84,2.01,3.51,0,RING,LL,24,RING,LL,24,0,RING,A_flag_ceiling
all_reduce_perf,1,8,131072,32768,float,sum,6.19,4.54,7.94,0,19.55,3.21,5.61,0,RING,LL,24,RING,LL,24,0,RING,A_flag_ceiling
all_reduce_perf,1,8,262144,65536,float,sum,6.3,8.87,15.53,0,7.34,8.98,15.71,0,RING,LL,24,RING,LL,24,0,RING,A_flag_ceiling
all_reduce_perf,1,8,524288,131072,float,sum,16.83,12.76,22.33,0,6.19,13.34,23.34,0,RING,LL,24,RING,LL,24,0,RING,A_flag_ceiling
all_reduce_perf,1,8,1048576,262144,float,sum,19.14,18.48,32.34,0,6.31,20.57,36.0,0,RING,LL,24,RING,LL,24,0,RING,A_flag_ceiling
all_reduce_perf,1,8,2097152,524288,float,sum,6.32,24.46,42.81,0,21.01,24.77,43.34,0,RING,LL,24,RING,LL,24,0,RING,A_flag_ceiling
all_reduce_perf,1,8,4194304,1048576,float,sum,6.35,27.64,48.37,0,17.84,27.76,48.59,0,RING,LL,24,RING,LL,24,0,RING,A_flag_ceiling
all_reduce_perf,1,8,8388608,2097152,float,sum,6.14,29.36,51.38,0,19.17,28.24,49.42,0,RING,LL,24,RING,LL,24,0,RING,A_flag_ceiling
all_reduce_perf,1,8,16777216,4194304,float,sum,6.13,30.17,52.8,0,6.16,30.57,53.5,0,RING,LL,24,RING,LL,24,0,RING,A_flag_ceiling
all_reduce_perf,1,8,33554432,8388608,float,sum,19.86,30.49,53.36,0,6.26,31.16,54.53,0,RING,LL,24,RING,LL,24,0,RING,A_flag_ceiling
all_reduce_perf,1,8,67108864,16777216,float,sum,20.7,32.85,57.48,0,7.54,33.13,57.98,0,RING,LL,24,RING,LL,24,0,RING*,A_flag_ceiling
all_reduce_perf,1,8,134217728,33554432,float,sum,7.44,32.86,57.51,0,21.63,32.93,57.63,0,RING,LL,24,RING,LL,24,0,RING*,A_flag_ceiling
all_reduce_perf,1,8,268435456,67108864,float,sum,7.68,32.66,57.15,0,22.65,32.85,57.49,0,RING,LL,24,RING,LL,24,0,RING*,A_flag_ceiling
all_reduce_perf,1,8,536870912,134217728,float,sum,7.69,32.48,56.85,0,22.85,32.48,56.84,0,RING,LL,24,RING,LL,24,0,RING*,A_flag_ceiling
all_reduce_perf,1,8,4096,1024,float,sum,6.2,0.09,0.16,0,6.29,0.09,0.16,0,RING,SIMPLE,32,RING,SIMPLE,32,0,RING,A_flag_ceiling
all_reduce_perf,1,8,8192,2048,float,sum,8.51,0.18,0.32,0,5.88,0.19,0.33,0,RING,SIMPLE,32,RING,SIMPLE,32,0,RING,A_flag_ceiling
all_reduce_perf,1,8,16384,4096,float,sum,13.73,0.34,0.59,0,5.95,0.35,0.61,0,RING,SIMPLE,32,RING,SIMPLE,32,0,RING,A_flag_ceiling
all_reduce_perf,1,8,32768,8192,float,sum,5.81,0.68,1.19,0,7.85,0.69,1.22,0,RING,SIMPLE,32,RING,SIMPLE,32,0,RING,A_flag_ceiling
all_reduce_perf,1,8,65536,16384,float,sum,6.01,1.38,2.41,0,11.95,1.4,2.45,0,RING,SIMPLE,32,RING,SIMPLE,32,0,RING,A_flag_ceiling
all_reduce_perf,1,8,131072,32768,float,sum,6.21,2.75,4.8,0,16.2,2.27,3.98,0,RING,SIMPLE,32,RING,SIMPLE,32,0,RING,A_flag_ceiling
all_reduce_perf,1,8,262144,65536,float,sum,6.41,5.39,9.43,0,6.44,5.51,9.65,0,RING,SIMPLE,32,RING,SIMPLE,32,0,RING,A_flag_ceiling
all_reduce_perf,1,8,524288,131072,float,sum,16.89,10.77,18.84,0,6.43,11.21,19.61,0,RING,SIMPLE,32,RING,SIMPLE,32,0,RING,A_flag_ceiling
all_reduce_perf,1,8,1048576,262144,float,sum,11.7,20.08,35.13,0,6.26,21.84,38.22,0,RING,SIMPLE,32,RING,SIMPLE,32,0,RING,A_flag_ceiling
all_reduce_perf,1,8,2097152,524288,float,sum,6.3,41.01,71.77,0,7.12,42.6,74.55,0,RING,SIMPLE,32,RING,SIMPLE,32,0,RING,A_flag_ceiling
all_reduce_perf,1,8,4194304,1048576,float,sum,6.21,66.36,116.12,0,15.6,67.07,117.37,0,RING,SIMPLE,32,RING,SIMPLE,32,0,RING,A_flag_ceiling
all_reduce_perf,1,8,8388608,2097152,float,sum,6.33,94.77,165.85,0,17.58,84.06,147.11,0,RING,SIMPLE,32,RING,SIMPLE,32,0,RING,A_flag_ceiling
all_reduce_perf,1,8,16777216,4194304,float,sum,6.45,121.08,211.9,0,7.35,123.41,215.96,0,RING,SIMPLE,32,RING,SIMPLE,32,0,RING,A_flag_ceiling
all_reduce_perf,1,8,33554432,8388608,float,sum,15.2,141.39,247.44,0,6.34,143.63,251.35,0,RING,SIMPLE,32,RING,SIMPLE,32,0,RING,A_flag_ceiling
all_reduce_perf,1,8,67108864,16777216,float,sum,21.94,167.16,292.54,0,7.96,168.68,295.19,0,RING,SIMPLE,32,RING,SIMPLE,32,0,RING*,A_flag_ceiling
all_reduce_perf,1,8,134217728,33554432,float,sum,7.87,180.54,315.94,0,9.76,180.55,315.96,0,RING,SIMPLE,32,RING,SIMPLE,32,0,RING*,A_flag_ceiling
all_reduce_perf,1,8,268435456,67108864,float,sum,8.06,185.79,325.13,0,20.73,185.84,325.22,0,RING,SIMPLE,32,RING,SIMPLE,32,0,RING*,A_flag_ceiling
all_reduce_perf,1,8,536870912,134217728,float,sum,8.12,189.87,332.27,0,13.79,188.87,330.53,0,RING,SIMPLE,32,RING,SIMPLE,32,0,RING*,A_flag_ceiling
all_reduce_perf,1,8,4096,1024,float,sum,6.43,0.14,0.24,0,7.92,0.15,0.27,0,RING,LL,32,RING,LL,32,0,RING,A_flag_ceiling
all_reduce_perf,1,8,8192,2048,float,sum,21.47,0.25,0.44,0,6.83,0.3,0.52,0,RING,LL,32,RING,LL,32,0,RING,A_flag_ceiling
all_reduce_perf,1,8,16384,4096,float,sum,16.28,0.48,0.84,0,6.4,0.59,1.02,0,RING,LL,32,RING,LL,32,0,RING,A_flag_ceiling
all_reduce_perf,1,8,32768,8192,float,sum,7.15,1.14,2.0,0,16.58,1.13,1.98,0,RING,LL,32,RING,LL,32,0,RING,A_flag_ceiling
all_reduce_perf,1,8,65536,16384,float,sum,6.82,2.32,4.07,0,17.66,2.03,3.55,0,RING,LL,32,RING,LL,32,0,RING,A_flag_ceiling
all_reduce_perf,1,8,131072,32768,float,sum,6.75,4.56,7.98,0,16.27,3.49,6.1,0,RING,LL,32,RING,LL,32,0,RING,A_flag_ceiling
all_reduce_perf,1,8,262144,65536,float,sum,6.9,8.98,15.71,0,6.8,9.26,16.2,0,RING,LL,32,RING,LL,32,0,RING,A_flag_ceiling
all_reduce_perf,1,8,524288,131072,float,sum,18.17,16.83,29.45,0,6.75,17.95,31.41,0,RING,LL,32,RING,LL,32,0,RING,A_flag_ceiling
all_reduce_perf,1,8,1048576,262144,float,sum,17.09,22.65,39.63,0,6.9,25.56,44.73,0,RING,LL,32,RING,LL,32,0,RING,A_flag_ceiling
all_reduce_perf,1,8,2097152,524288,float,sum,6.83,32.59,57.04,0,10.78,33.09,57.9,0,RING,LL,32,RING,LL,32,0,RING,A_flag_ceiling
all_reduce_perf,1,8,4194304,1048576,float,sum,7.69,37.93,66.37,0,10.29,37.83,66.21,0,RING,LL,32,RING,LL,32,0,RING,A_flag_ceiling
all_reduce_perf,1,8,8388608,2097152,float,sum,6.86,39.63,69.34,0,18.72,37.53,65.68,0,RING,LL,32,RING,LL,32,0,RING,A_flag_ceiling
all_reduce_perf,1,8,16777216,4194304,float,sum,6.72,40.08,70.13,0,6.71,40.73,71.28,0,RING,LL,32,RING,LL,32,0,RING,A_flag_ceiling
all_reduce_perf,1,8,33554432,8388608,float,sum,15.89,40.25,70.44,0,6.96,40.98,71.71,0,RING,LL,32,RING,LL,32,0,RING,A_flag_ceiling
all_reduce_perf,1,8,67108864,16777216,float,sum,17.02,44.04,77.07,0,8.64,44.07,77.13,0,RING,LL,32,RING,LL,32,0,RING*,A_flag_ceiling
all_reduce_perf,1,8,134217728,33554432,float,sum,8.48,43.76,76.57,0,16.59,43.76,76.59,0,RING,LL,32,RING,LL,32,0,RING*,A_flag_ceiling
all_reduce_perf,1,8,268435456,67108864,float,sum,8.44,43.44,76.02,0,17.42,43.25,75.68,0,RING,LL,32,RING,LL,32,0,RING*,A_flag_ceiling
all_reduce_perf,1,8,536870912,134217728,float,sum,8.68,42.97,75.19,0,18.69,43.08,75.39,0,RING,LL,32,RING,LL,32,0,RING*,A_flag_ceiling
all_reduce_perf,1,8,4096,1024,float,sum,5.59,0.09,0.16,0,5.43,0.09,0.16,0,RING,SIMPLE,40,RING,SIMPLE,40,0,RING,A_flag_ceiling
all_reduce_perf,1,8,8192,2048,float,sum,6.43,0.19,0.32,0,5.31,0.19,0.33,0,RING,SIMPLE,40,RING,SIMPLE,40,0,RING,A_flag_ceiling
all_reduce_perf,1,8,16384,4096,float,sum,19.13,0.31,0.54,0,5.23,0.37,0.64,0,RING,SIMPLE,40,RING,SIMPLE,40,0,RING,A_flag_ceiling
all_reduce_perf,1,8,32768,8192,float,sum,5.25,0.69,1.21,0,8.29,0.69,1.21,0,RING,SIMPLE,40,RING,SIMPLE,40,0,RING,A_flag_ceiling
all_reduce_perf,1,8,65536,16384,float,sum,5.32,1.36,2.38,0,17.02,1.41,2.46,0,RING,SIMPLE,40,RING,SIMPLE,40,0,RING,A_flag_ceiling
all_reduce_perf,1,8,131072,32768,float,sum,5.31,2.72,4.77,0,16.59,2.26,3.96,0,RING,SIMPLE,40,RING,SIMPLE,40,0,RING,A_flag_ceiling
all_reduce_perf,1,8,262144,65536,float,sum,5.68,5.46,9.56,0,5.77,5.52,9.66,0,RING,SIMPLE,40,RING,SIMPLE,40,0,RING,A_flag_ceiling
all_reduce_perf,1,8,524288,131072,float,sum,15.05,10.77,18.84,0,5.64,11.24,19.66,0,RING,SIMPLE,40,RING,SIMPLE,40,0,RING,A_flag_ceiling
all_reduce_perf,1,8,1048576,262144,float,sum,20.75,18.71,32.75,0,5.56,22.43,39.26,0,RING,SIMPLE,40,RING,SIMPLE,40,0,RING,A_flag_ceiling
all_reduce_perf,1,8,2097152,524288,float,sum,5.73,41.32,72.3,0,12.23,42.51,74.39,0,RING,SIMPLE,40,RING,SIMPLE,40,0,RING,A_flag_ceiling
all_reduce_perf,1,8,4194304,1048576,float,sum,5.87,66.76,116.83,0,17.73,68.42,119.73,0,RING,SIMPLE,40,RING,SIMPLE,40,0,RING,A_flag_ceiling
all_reduce_perf,1,8,8388608,2097152,float,sum,5.74,98.16,171.78,0,15.49,87.22,152.63,0,RING,SIMPLE,40,RING,SIMPLE,40,0,RING,A_flag_ceiling
all_reduce_perf,1,8,16777216,4194304,float,sum,5.79,134.71,235.74,0,5.78,137.02,239.78,0,RING,SIMPLE,40,RING,SIMPLE,40,0,RING,A_flag_ceiling
all_reduce_perf,1,8,33554432,8388608,float,sum,17.02,166.02,290.53,0,5.81,168.64,295.12,0,RING,SIMPLE,40,RING,SIMPLE,40,0,RING,A_flag_ceiling
all_reduce_perf,1,8,67108864,16777216,float,sum,23.42,187.59,328.28,0,7.9,188.82,330.43,0,RING,SIMPLE,40,RING,SIMPLE,40,0,RING*,A_flag_ceiling
all_reduce_perf,1,8,134217728,33554432,float,sum,7.69,200.52,350.92,0,15.58,201.29,352.26,0,RING,SIMPLE,40,RING,SIMPLE,40,0,RING*,A_flag_ceiling
all_reduce_perf,1,8,268435456,67108864,float,sum,7.88,208.79,365.39,0,22.76,209.08,365.89,0,RING,SIMPLE,40,RING,SIMPLE,40,0,RING*,A_flag_ceiling
all_reduce_perf,1,8,536870912,134217728,float,sum,7.97,212.51,371.89,0,24.39,211.42,369.98,0,RING,SIMPLE,40,RING,SIMPLE,40,0,RING*,A_flag_ceiling
all_reduce_perf,1,8,4096,1024,float,sum,6.24,0.13,0.22,0,6.13,0.15,0.26,0,RING,LL,40,RING,LL,40,0,RING,A_flag_ceiling
all_reduce_perf,1,8,8192,2048,float,sum,23.08,0.24,0.42,0,6.3,0.29,0.5,0,RING,LL,40,RING,LL,40,0,RING,A_flag_ceiling
all_reduce_perf,1,8,16384,4096,float,sum,17.02,0.46,0.8,0,6.25,0.6,1.04,0,RING,LL,40,RING,LL,40,0,RING,A_flag_ceiling
all_reduce_perf,1,8,32768,8192,float,sum,6.19,1.16,2.03,0,7.33,1.11,1.93,0,RING,LL,40,RING,LL,40,0,RING,A_flag_ceiling
all_reduce_perf,1,8,65536,16384,float,sum,6.5,2.28,4.0,0,13.26,2.06,3.61,0,RING,LL,40,RING,LL,40,0,RING,A_flag_ceiling
all_reduce_perf,1,8,131072,32768,float,sum,6.41,4.58,8.02,0,19.12,3.26,5.7,0,RING,LL,40,RING,LL,40,0,RING,A_flag_ceiling
all_reduce_perf,1,8,262144,65536,float,sum,6.35,8.97,15.69,0,6.45,9.18,16.06,0,RING,LL,40,RING,LL,40,0,RING,A_flag_ceiling
all_reduce_perf,1,8,524288,131072,float,sum,12.14,16.52,28.9,0,6.43,17.86,31.26,0,RING,LL,40,RING,LL,40,0,RING,A_flag_ceiling
all_reduce_perf,1,8,1048576,262144,float,sum,18.25,21.75,38.07,0,6.46,26.18,45.82,0,RING,LL,40,RING,LL,40,0,RING,A_flag_ceiling
all_reduce_perf,1,8,2097152,524288,float,sum,6.67,32.94,57.64,0,14.89,33.3,58.28,0,RING,LL,40,RING,LL,40,0,RING,A_flag_ceiling
all_reduce_perf,1,8,4194304,1048576,float,sum,6.66,42.01,73.53,0,10.33,42.06,73.61,0,RING,LL,40,RING,LL,40,0,RING,A_flag_ceiling
all_reduce_perf,1,8,8388608,2097152,float,sum,6.57,46.62,81.59,0,10.33,46.07,80.62,0,RING,LL,40,RING,LL,40,0,RING,A_flag_ceiling
all_reduce_perf,1,8,16777216,4194304,float,sum,6.51,47.55,83.22,0,6.54,48.83,85.45,0,RING,LL,40,RING,LL,40,0,RING,A_flag_ceiling
all_reduce_perf,1,8,33554432,8388608,float,sum,17.23,49.06,85.86,0,6.71,49.75,87.06,0,RING,LL,40,RING,LL,40,0,RING,A_flag_ceiling
all_reduce_perf,1,8,67108864,16777216,float,sum,20.18,53.85,94.24,0,8.71,53.44,93.52,0,RING,LL,40,RING,LL,40,0,RING*,A_flag_ceiling
all_reduce_perf,1,8,134217728,33554432,float,sum,8.52,54.27,94.97,0,14.7,53.95,94.42,0,RING,LL,40,RING,LL,40,0,RING*,A_flag_ceiling
all_reduce_perf,1,8,268435456,67108864,float,sum,8.88,53.82,94.19,0,17.13,54.24,94.93,0,RING,LL,40,RING,LL,40,0,RING*,A_flag_ceiling
all_reduce_perf,1,8,536870912,134217728,float,sum,8.87,53.76,94.09,0,22.43,53.74,94.05,0,RING,LL,40,RING,LL,40,0,RING*,A_flag_ceiling
all_reduce_perf,1,8,4096,1024,float,sum,6.1,0.08,0.15,0,5.97,0.09,0.16,0,RING,SIMPLE,48,RING,SIMPLE,48,0,RING,A_flag_ceiling
all_reduce_perf,1,8,8192,2048,float,sum,12.72,0.19,0.32,0,6.38,0.19,0.33,0,RING,SIMPLE,48,RING,SIMPLE,48,0,RING,A_flag_ceiling
all_reduce_perf,1,8,16384,4096,float,sum,17.95,0.32,0.55,0,5.75,0.33,0.58,0,RING,SIMPLE,48,RING,SIMPLE,48,0,RING,A_flag_ceiling
all_reduce_perf,1,8,32768,8192,float,sum,6.02,0.69,1.21,0,9.82,0.69,1.21,0,RING,SIMPLE,48,RING,SIMPLE,48,0,RING,A_flag_ceiling
all_reduce_perf,1,8,65536,16384,float,sum,5.87,1.35,2.36,0,17.94,1.4,2.45,0,RING,SIMPLE,48,RING,SIMPLE,48,0,RING,A_flag_ceiling
all_reduce_perf,1,8,131072,32768,float,sum,6.02,2.74,4.8,0,21.18,2.13,3.72,0,RING,SIMPLE,48,RING,SIMPLE,48,0,RING,A_flag_ceiling
all_reduce_perf,1,8,262144,65536,float,sum,6.43,5.38,9.42,0,6.45,5.51,9.65,0,RING,SIMPLE,48,RING,SIMPLE,48,0,RING,A_flag_ceiling
all_reduce_perf,1,8,524288,131072,float,sum,15.67,10.68,18.68,0,6.28,11.14,19.5,0,RING,SIMPLE,48,RING,SIMPLE,48,0,RING,A_flag_ceiling
all_reduce_perf,1,8,1048576,262144,float,sum,14.01,19.78,34.61,0,6.6,21.82,38.18,0,RING,SIMPLE,48,RING,SIMPLE,48,0,RING,A_flag_ceiling
all_reduce_perf,1,8,2097152,524288,float,sum,6.57,41.75,73.07,0,15.32,42.77,74.84,0,RING,SIMPLE,48,RING,SIMPLE,48,0,RING,A_flag_ceiling
all_reduce_perf,1,8,4194304,1048576,float,sum,6.58,66.1,115.68,0,20.04,67.11,117.45,0,RING,SIMPLE,48,RING,SIMPLE,48,0,RING,A_flag_ceiling
all_reduce_perf,1,8,8388608,2097152,float,sum,6.61,104.84,183.47,0,9.51,98.15,171.76,0,RING,SIMPLE,48,RING,SIMPLE,48,0,RING,A_flag_ceiling
all_reduce_perf,1,8,16777216,4194304,float,sum,6.42,137.23,240.16,0,6.49,139.58,244.27,0,RING,SIMPLE,48,RING,SIMPLE,48,0,RING,A_flag_ceiling
all_reduce_perf,1,8,33554432,8388608,float,sum,18.15,166.89,292.05,0,6.63,168.65,295.13,0,RING,SIMPLE,48,RING,SIMPLE,48,0,RING,A_flag_ceiling
all_reduce_perf,1,8,67108864,16777216,float,sum,23.42,194.72,340.76,0,9.04,196.14,343.25,0,RING,SIMPLE,48,RING,SIMPLE,48,0,RING*,A_flag_ceiling
all_reduce_perf,1,8,134217728,33554432,float,sum,8.83,211.42,369.98,0,10.26,210.89,369.05,0,RING,SIMPLE,48,RING,SIMPLE,48,0,RING*,A_flag_ceiling
all_reduce_perf,1,8,268435456,67108864,float,sum,9.05,217.64,380.88,0,19.54,217.5,380.62,0,RING,SIMPLE,48,RING,SIMPLE,48,0,RING*,A_flag_ceiling
all_reduce_perf,1,8,536870912,134217728,float,sum,9.19,220.47,385.82,0,22.75,219.48,384.09,0,RING,SIMPLE,48,RING,SIMPLE,48,0,RING*,A_flag_ceiling
all_reduce_perf,1,8,4096,1024,float,sum,6.01,0.13,0.22,0,5.85,0.15,0.26,0,RING,LL,48,RING,LL,48,0,RING,A_flag_ceiling
all_reduce_perf,1,8,8192,2048,float,sum,16.19,0.27,0.48,0,7.02,0.3,0.53,0,RING,LL,48,RING,LL,48,0,RING,A_flag_ceiling
all_reduce_perf,1,8,16384,4096,float,sum,14.44,0.47,0.82,0,5.86,0.58,1.01,0,RING,LL,48,RING,LL,48,0,RING,A_flag_ceiling
all_reduce_perf,1,8,32768,8192,float,sum,6.29,1.15,2.01,0,8.09,1.12,1.95,0,RING,LL,48,RING,LL,48,0,RING,A_flag_ceiling
all_reduce_perf,1,8,65536,16384,float,sum,6.26,2.31,4.04,0,11.12,2.19,3.83,0,RING,LL,48,RING,LL,48,0,RING,A_flag_ceiling
all_reduce_perf,1,8,131072,32768,float,sum,6.22,4.61,8.07,0,17.58,3.3,5.77,0,RING,LL,48,RING,LL,48,0,RING,A_flag_ceiling
all_reduce_perf,1,8,262144,65536,float,sum,6.62,9.05,15.84,0,6.61,9.07,15.86,0,RING,LL,48,RING,LL,48,0,RING,A_flag_ceiling
all_reduce_perf,1,8,524288,131072,float,sum,10.74,16.66,29.16,0,6.53,18.12,31.7,0,RING,LL,48,RING,LL,48,0,RING,A_flag_ceiling
all_reduce_perf,1,8,1048576,262144,float,sum,16.62,22.83,39.95,0,7.35,25.84,45.21,0,RING,LL,48,RING,LL,48,0,RING,A_flag_ceiling
all_reduce_perf,1,8,2097152,524288,float,sum,6.59,39.32,68.81,0,10.12,39.93,69.88,0,RING,LL,48,RING,LL,48,0,RING,A_flag_ceiling
all_reduce_perf,1,8,4194304,1048576,float,sum,6.57,47.17,82.54,0,16.96,47.25,82.68,0,RING,LL,48,RING,LL,48,0,RING,A_flag_ceiling
all_reduce_perf,1,8,8388608,2097152,float,sum,6.49,53.39,93.44,0,16.91,50.4,88.2,0,RING,LL,48,RING,LL,48,0,RING,A_flag_ceiling
all_reduce_perf,1,8,16777216,4194304,float,sum,6.48,56.27,98.47,0,6.45,56.78,99.37,0,RING,LL,48,RING,LL,48,0,RING,A_flag_ceiling
all_reduce_perf,1,8,33554432,8388608,float,sum,14.02,57.81,101.17,0,6.51,58.5,102.38,0,RING,LL,48,RING,LL,48,0,RING,A_flag_ceiling
all_reduce_perf,1,8,67108864,16777216,float,sum,16.71,64.38,112.66,0,9.12,64.57,113.01,0,RING,LL,48,RING,LL,48,0,RING*,A_flag_ceiling
all_reduce_perf,1,8,134217728,33554432,float,sum,8.84,64.42,112.74,0,16.28,64.73,113.28,0,RING,LL,48,RING,LL,48,0,RING*,A_flag_ceiling
all_reduce_perf,1,8,268435456,67108864,float,sum,8.96,64.2,112.34,0,24.06,64.57,113.0,0,RING,LL,48,RING,LL,48,0,RING*,A_flag_ceiling
all_reduce_perf,1,8,536870912,134217728,float,sum,9.23,64.35,112.62,0,22.41,64.31,112.54,0,RING,LL,48,RING,LL,48,0,RING*,A_flag_ceiling
all_reduce_perf,1,8,4096,1024,float,sum,5.91,0.09,0.15,0,5.85,0.09,0.16,0,RING,SIMPLE,56,RING,SIMPLE,56,0,RING,A_flag_ceiling
all_reduce_perf,1,8,8192,2048,float,sum,16.29,0.19,0.33,0,5.75,0.19,0.33,0,RING,SIMPLE,56,RING,SIMPLE,56,0,RING,A_flag_ceiling
all_reduce_perf,1,8,16384,4096,float,sum,12.6,0.35,0.61,0,5.8,0.37,0.64,0,RING,SIMPLE,56,RING,SIMPLE,56,0,RING,A_flag_ceiling
all_reduce_perf,1,8,32768,8192,float,sum,5.85,0.69,1.2,0,18.8,0.69,1.21,0,RING,SIMPLE,56,RING,SIMPLE,56,0,RING,A_flag_ceiling
all_reduce_perf,1,8,65536,16384,float,sum,6.13,1.38,2.41,0,15.59,1.39,2.43,0,RING,SIMPLE,56,RING,SIMPLE,56,0,RING,A_flag_ceiling
all_reduce_perf,1,8,131072,32768,float,sum,6.09,2.72,4.76,0,21.08,2.13,3.73,0,RING,SIMPLE,56,RING,SIMPLE,56,0,RING,A_flag_ceiling
all_reduce_perf,1,8,262144,65536,float,sum,6.4,5.36,9.38,0,6.46,5.41,9.47,0,RING,SIMPLE,56,RING,SIMPLE,56,0,RING,A_flag_ceiling
all_reduce_perf,1,8,524288,131072,float,sum,22.39,10.63,18.61,0,6.48,11.18,19.57,0,RING,SIMPLE,56,RING,SIMPLE,56,0,RING,A_flag_ceiling
all_reduce_perf,1,8,1048576,262144,float,sum,20.71,18.78,32.87,0,6.65,21.87,38.28,0,RING,SIMPLE,56,RING,SIMPLE,56,0,RING,A_flag_ceiling
all_reduce_perf,1,8,2097152,524288,float,sum,6.67,41.67,72.92,0,14.28,42.39,74.18,0,RING,SIMPLE,56,RING,SIMPLE,56,0,RING,A_flag_ceiling
all_reduce_perf,1,8,4194304,1048576,float,sum,6.86,67.7,118.48,0,19.56,68.76,120.34,0,RING,SIMPLE,56,RING,SIMPLE,56,0,RING,A_flag_ceiling
all_reduce_perf,1,8,8388608,2097152,float,sum,6.82,106.07,185.63,0,18.48,94.55,165.46,0,RING,SIMPLE,56,RING,SIMPLE,56,0,RING,A_flag_ceiling
all_reduce_perf,1,8,16777216,4194304,float,sum,6.81,147.54,258.2,0,6.71,150.31,263.04,0,RING,SIMPLE,56,RING,SIMPLE,56,0,RING,A_flag_ceiling
all_reduce_perf,1,8,33554432,8388608,float,sum,18.23,178.49,312.36,0,6.75,179.45,314.05,0,RING,SIMPLE,56,RING,SIMPLE,56,0,RING,A_flag_ceiling
all_reduce_perf,1,8,67108864,16777216,float,sum,21.59,200.75,351.32,0,9.64,199.58,349.27,0,RING,SIMPLE,56,RING,SIMPLE,56,0,RING*,A_flag_ceiling
all_reduce_perf,1,8,134217728,33554432,float,sum,9.48,215.54,377.19,0,19.12,215.98,377.96,0,RING,SIMPLE,56,RING,SIMPLE,56,0,RING*,A_flag_ceiling
all_reduce_perf,1,8,268435456,67108864,float,sum,9.63,222.06,388.61,0,22.97,222.07,388.63,0,RING,SIMPLE,56,RING,SIMPLE,56,0,RING*,A_flag_ceiling
all_reduce_perf,1,8,536870912,134217728,float,sum,9.76,226.17,395.8,0,25.46,224.8,393.41,0,RING,SIMPLE,56,RING,SIMPLE,56,0,RING*,A_flag_ceiling
all_reduce_perf,1,8,4096,1024,float,sum,6.47,0.13,0.23,0,7.09,0.15,0.26,0,RING,LL,56,RING,LL,56,0,RING,A_flag_ceiling
all_reduce_perf,1,8,8192,2048,float,sum,19.66,0.26,0.45,0,6.15,0.3,0.52,0,RING,LL,56,RING,LL,56,0,RING,A_flag_ceiling
all_reduce_perf,1,8,16384,4096,float,sum,17.16,0.43,0.75,0,6.09,0.59,1.03,0,RING,LL,56,RING,LL,56,0,RING,A_flag_ceiling
all_reduce_perf,1,8,32768,8192,float,sum,6.86,1.17,2.04,0,7.25,1.11,1.95,0,RING,LL,56,RING,LL,56,0,RING,A_flag_ceiling
all_reduce_perf,1,8,65536,16384,float,sum,6.45,2.31,4.04,0,7.51,2.24,3.92,0,RING,LL,56,RING,LL,56,0,RING,A_flag_ceiling
all_reduce_perf,1,8,131072,32768,float,sum,6.57,4.58,8.02,0,11.21,3.54,6.2,0,RING,LL,56,RING,LL,56,0,RING,A_flag_ceiling
all_reduce_perf,1,8,262144,65536,float,sum,6.73,9.07,15.88,0,6.83,9.21,16.12,0,RING,LL,56,RING,LL,56,0,RING,A_flag_ceiling
all_reduce_perf,1,8,524288,131072,float,sum,9.08,17.01,29.77,0,6.72,18.04,31.57,0,RING,LL,56,RING,LL,56,0,RING,A_flag_ceiling
all_reduce_perf,1,8,1048576,262144,float,sum,8.62,23.11,40.44,0,6.65,26.21,45.86,0,RING,LL,56,RING,LL,56,0,RING,A_flag_ceiling
all_reduce_perf,1,8,2097152,524288,float,sum,6.89,39.08,68.4,0,8.37,40.01,70.02,0,RING,LL,56,RING,LL,56,0,RING,A_flag_ceiling
all_reduce_perf,1,8,4194304,1048576,float,sum,7.48,53.82,94.19,0,7.97,53.46,93.56,0,RING,LL,56,RING,LL,56,0,RING,A_flag_ceiling
all_reduce_perf,1,8,8388608,2097152,float,sum,7.11,56.71,99.25,0,7.97,54.23,94.89,0,RING,LL,56,RING,LL,56,0,RING,A_flag_ceiling
all_reduce_perf,1,8,16777216,4194304,float,sum,6.75,63.0,110.25,0,6.66,63.94,111.9,0,RING,LL,56,RING,LL,56,0,RING,A_flag_ceiling
all_reduce_perf,1,8,33554432,8388608,float,sum,7.82,66.44,116.28,0,7.47,67.54,118.2,0,RING,LL,56,RING,LL,56,0,RING,A_flag_ceiling
all_reduce_perf,1,8,67108864,16777216,float,sum,14.69,73.46,128.56,0,9.78,73.56,128.73,0,RING,LL,56,RING,LL,56,0,RING*,A_flag_ceiling
all_reduce_perf,1,8,134217728,33554432,float,sum,9.72,73.97,129.45,0,21.45,74.54,130.45,0,RING,LL,56,RING,LL,56,0,RING*,A_flag_ceiling
all_reduce_perf,1,8,268435456,67108864,float,sum,9.76,74.21,129.88,0,14.1,74.18,129.82,0,RING,LL,56,RING,LL,56,0,RING*,A_flag_ceiling
all_reduce_perf,1,8,536870912,134217728,float,sum,9.83,73.8,129.15,0,11.0,73.7,128.98,0,RING,LL,56,RING,LL,56,0,RING*,A_flag_ceiling
all_reduce_perf,1,8,4096,1024,float,sum,5.76,0.15,0.27,0,5.56,0.17,0.3,0,TREE,LL,1,TREE,LL,1,0,TREE,A_flag_ceiling
all_reduce_perf,1,8,8192,2048,float,sum,8.89,0.27,0.48,0,5.25,0.29,0.51,0,TREE,LL,1,TREE,LL,1,0,TREE,A_flag_ceiling
all_reduce_perf,1,8,16384,4096,float,sum,18.76,0.38,0.67,0,5.09,0.46,0.8,0,TREE,LL,1,TREE,LL,1,0,TREE,A_flag_ceiling
all_reduce_perf,1,8,32768,8192,float,sum,5.32,0.69,1.2,0,5.95,0.68,1.19,0,TREE,LL,1,TREE,LL,1,0,TREE,A_flag_ceiling
all_reduce_perf,1,8,65536,16384,float,sum,5.01,0.9,1.57,0,12.6,0.9,1.57,0,TREE,LL,1,TREE,LL,1,0,TREE,A_flag_ceiling
all_reduce_perf,1,8,131072,32768,float,sum,4.93,1.07,1.87,0,16.03,0.97,1.7,0,TREE,LL,1,TREE,LL,1,0,TREE,A_flag_ceiling
all_reduce_perf,1,8,262144,65536,float,sum,5.02,1.17,2.05,0,5.02,1.18,2.06,0,TREE,LL,1,TREE,LL,1,0,TREE,A_flag_ceiling
all_reduce_perf,1,8,524288,131072,float,sum,17.01,1.23,2.16,0,4.89,1.24,2.17,0,TREE,LL,1,TREE,LL,1,0,TREE,A_flag_ceiling
all_reduce_perf,1,8,1048576,262144,float,sum,15.58,1.27,2.23,0,4.94,1.3,2.28,0,TREE,LL,1,TREE,LL,1,0,TREE,A_flag_ceiling
all_reduce_perf,1,8,2097152,524288,float,sum,4.98,1.3,2.28,0,6.26,1.31,2.29,0,TREE,LL,1,TREE,LL,1,0,TREE,A_flag_ceiling
all_reduce_perf,1,8,4194304,1048576,float,sum,5.16,1.32,2.31,0,15.78,1.34,2.34,0,TREE,LL,1,TREE,LL,1,0,TREE,A_flag_ceiling
all_reduce_perf,1,8,8388608,2097152,float,sum,5.16,1.34,2.35,0,16.66,1.35,2.36,0,TREE,LL,1,TREE,LL,1,0,TREE,A_flag_ceiling
all_reduce_perf,1,8,16777216,4194304,float,sum,5.11,1.35,2.36,0,4.97,1.36,2.38,0,TREE,LL,1,TREE,LL,1,0,TREE,A_flag_ceiling
all_reduce_perf,1,8,33554432,8388608,float,sum,15.91,1.36,2.39,0,5.18,1.37,2.4,0,TREE,LL,1,TREE,LL,1,0,TREE,A_flag_ceiling
all_reduce_perf,1,8,67108864,16777216,float,sum,10.18,1.37,2.39,0,5.21,1.37,2.4,0,TREE,LL,1,TREE,LL,1,0,TREE,A_flag_ceiling
all_reduce_perf,1,8,134217728,33554432,float,sum,5.73,1.37,2.4,0,16.46,1.38,2.41,0,TREE,LL,1,TREE,LL,1,0,TREE,A_flag_ceiling
all_reduce_perf,1,8,268435456,67108864,float,sum,6.24,1.37,2.41,0,20.0,1.38,2.41,0,TREE,LL,1,TREE,LL,1,0,TREE,A_flag_ceiling
all_reduce_perf,1,8,536870912,134217728,float,sum,6.24,1.37,2.4,0,24.05,1.38,2.41,0,TREE,LL,1,TREE,LL,1,0,TREE,A_flag_ceiling
all_reduce_perf,1,8,4096,1024,float,sum,6.06,0.16,0.29,0,5.92,0.19,0.33,0,TREE,LL,2,TREE,LL,2,0,TREE,A_flag_ceiling
all_reduce_perf,1,8,8192,2048,float,sum,18.95,0.29,0.5,0,5.87,0.33,0.58,0,TREE,LL,2,TREE,LL,2,0,TREE,A_flag_ceiling
all_reduce_perf,1,8,16384,4096,float,sum,18.51,0.43,0.76,0,5.76,0.57,1.0,0,TREE,LL,2,TREE,LL,2,0,TREE,A_flag_ceiling
all_reduce_perf,1,8,32768,8192,float,sum,5.8,0.92,1.61,0,16.38,0.9,1.58,0,TREE,LL,2,TREE,LL,2,0,TREE,A_flag_ceiling
all_reduce_perf,1,8,65536,16384,float,sum,5.81,1.36,2.37,0,10.16,1.35,2.36,0,TREE,LL,2,TREE,LL,2,0,TREE,A_flag_ceiling
all_reduce_perf,1,8,131072,32768,float,sum,5.62,1.77,3.1,0,10.34,1.64,2.88,0,TREE,LL,2,TREE,LL,2,0,TREE,A_flag_ceiling
all_reduce_perf,1,8,262144,65536,float,sum,5.77,2.1,3.68,0,5.81,2.11,3.69,0,TREE,LL,2,TREE,LL,2,0,TREE,A_flag_ceiling
all_reduce_perf,1,8,524288,131072,float,sum,19.18,2.31,4.05,0,5.68,2.32,4.06,0,TREE,LL,2,TREE,LL,2,0,TREE,A_flag_ceiling
all_reduce_perf,1,8,1048576,262144,float,sum,18.98,2.44,4.26,0,5.74,2.42,4.24,0,TREE,LL,2,TREE,LL,2,0,TREE,A_flag_ceiling
all_reduce_perf,1,8,2097152,524288,float,sum,5.68,2.5,4.38,0,6.54,2.5,4.37,0,TREE,LL,2,TREE,LL,2,0,TREE,A_flag_ceiling
all_reduce_perf,1,8,4194304,1048576,float,sum,5.65,2.53,4.43,0,19.5,2.55,4.46,0,TREE,LL,2,TREE,LL,2,0,TREE,A_flag_ceiling
all_reduce_perf,1,8,8388608,2097152,float,sum,5.69,2.54,4.45,0,21.45,2.56,4.49,0,TREE,LL,2,TREE,LL,2,0,TREE,A_flag_ceiling
all_reduce_perf,1,8,16777216,4194304,float,sum,5.73,2.56,4.48,0,5.88,2.6,4.54,0,TREE,LL,2,TREE,LL,2,0,TREE,A_flag_ceiling
all_reduce_perf,1,8,33554432,8388608,float,sum,21.05,2.58,4.52,0,5.84,2.61,4.57,0,TREE,LL,2,TREE,LL,2,0,TREE,A_flag_ceiling
all_reduce_perf,1,8,67108864,16777216,float,sum,24.4,2.6,4.54,0,5.99,2.63,4.6,0,TREE,LL,2,TREE,LL,2,0,TREE,A_flag_ceiling
all_reduce_perf,1,8,134217728,33554432,float,sum,6.0,2.6,4.55,0,24.02,2.63,4.6,0,TREE,LL,2,TREE,LL,2,0,TREE,A_flag_ceiling
all_reduce_perf,1,8,268435456,67108864,float,sum,7.1,2.61,4.57,0,23.94,2.63,4.61,0,TREE,LL,2,TREE,LL,2,0,TREE,A_flag_ceiling
all_reduce_perf,1,8,536870912,134217728,float,sum,7.13,2.64,4.62,0,23.96,2.63,4.6,0,TREE,LL,2,TREE,LL,2,0,TREE,A_flag_ceiling
all_reduce_perf,1,8,4096,1024,float,sum,6.05,0.16,0.28,0,6.19,0.18,0.32,0,TREE,LL,4,TREE,LL,4,0,TREE,A_flag_ceiling
all_reduce_perf,1,8,8192,2048,float,sum,12.58,0.28,0.49,0,6.18,0.36,0.62,0,TREE,LL,4,TREE,LL,4,0,TREE,A_flag_ceiling
all_reduce_perf,1,8,16384,4096,float,sum,18.38,0.46,0.81,0,5.86,0.64,1.12,0,TREE,LL,4,TREE,LL,4,0,TREE,A_flag_ceiling
all_reduce_perf,1,8,32768,8192,float,sum,5.99,1.09,1.91,0,6.82,1.06,1.85,0,TREE,LL,4,TREE,LL,4,0,TREE,A_flag_ceiling
all_reduce_perf,1,8,65536,16384,float,sum,5.75,1.76,3.09,0,18.83,1.68,2.95,0,TREE,LL,4,TREE,LL,4,0,TREE,A_flag_ceiling
all_reduce_perf,1,8,131072,32768,float,sum,5.74,2.55,4.45,0,11.02,2.35,4.1,0,TREE,LL,4,TREE,LL,4,0,TREE,A_flag_ceiling
all_reduce_perf,1,8,262144,65536,float,sum,5.83,3.36,5.88,0,5.79,3.35,5.86,0,TREE,LL,4,TREE,LL,4,0,TREE,A_flag_ceiling
all_reduce_perf,1,8,524288,131072,float,sum,14.1,3.93,6.88,0,5.68,3.99,6.98,0,TREE,LL,4,TREE,LL,4,0,TREE,A_flag_ceiling
all_reduce_perf,1,8,1048576,262144,float,sum,15.44,4.35,7.62,0,5.87,4.36,7.63,0,TREE,LL,4,TREE,LL,4,0,TREE,A_flag_ceiling
all_reduce_perf,1,8,2097152,524288,float,sum,5.71,4.59,8.03,0,20.03,4.6,8.05,0,TREE,LL,4,TREE,LL,4,0,TREE,A_flag_ceiling
all_reduce_perf,1,8,4194304,1048576,float,sum,6.04,4.72,8.25,0,18.89,4.69,8.21,0,TREE,LL,4,TREE,LL,4,0,TREE,A_flag_ceiling
all_reduce_perf,1,8,8388608,2097152,float,sum,5.76,4.77,8.35,0,19.16,4.74,8.29,0,TREE,LL,4,TREE,LL,4,0,TREE,A_flag_ceiling
all_reduce_perf,1,8,16777216,4194304,float,sum,5.86,4.83,8.44,0,5.89,4.81,8.42,0,TREE,LL,4,TREE,LL,4,0,TREE,A_flag_ceiling
all_reduce_perf,1,8,33554432,8388608,float,sum,18.77,4.9,8.58,0,6.01,4.87,8.52,0,TREE,LL,4,TREE,LL,4,0,TREE,A_flag_ceiling
all_reduce_perf,1,8,67108864,16777216,float,sum,18.18,4.92,8.62,0,5.99,4.91,8.59,0,TREE,LL,4,TREE,LL,4,0,TREE,A_flag_ceiling
all_reduce_perf,1,8,134217728,33554432,float,sum,6.39,4.95,8.66,0,19.22,4.94,8.64,0,TREE,LL,4,TREE,LL,4,0,TREE,A_flag_ceiling
all_reduce_perf,1,8,268435456,67108864,float,sum,6.22,4.99,8.73,0,20.43,4.99,8.74,0,TREE,LL,4,TREE,LL,4,0,TREE,A_flag_ceiling
all_reduce_perf,1,8,536870912,134217728,float,sum,6.28,5.02,8.78,0,19.34,5.0,8.74,0,TREE,LL,4,TREE,LL,4,0,TREE,A_flag_ceiling
all_reduce_perf,1,8,4096,1024,float,sum,6.2,0.17,0.3,0,6.18,0.19,0.33,0,TREE,LL,8,TREE,LL,8,0,TREE,A_flag_ceiling
all_reduce_perf,1,8,8192,2048,float,sum,18.3,0.29,0.5,0,6.1,0.36,0.63,0,TREE,LL,8,TREE,LL,8,0,TREE,A_flag_ceiling
all_reduce_perf,1,8,16384,4096,float,sum,21.2,0.46,0.8,0,5.94,0.7,1.22,0,TREE,LL,8,TREE,LL,8,0,TREE,A_flag_ceiling
all_reduce_perf,1,8,32768,8192,float,sum,5.95,1.26,2.2,0,18.91,1.21,2.12,0,TREE,LL,8,TREE,LL,8,0,TREE,A_flag_ceiling
all_reduce_perf,1,8,65536,16384,float,sum,5.8,2.12,3.7,0,12.95,2.03,3.56,0,TREE,LL,8,TREE,LL,8,0,TREE,A_flag_ceiling
all_reduce_perf,1,8,131072,32768,float,sum,5.91,3.44,6.03,0,19.66,2.48,4.35,0,TREE,LL,8,TREE,LL,8,0,TREE,A_flag_ceiling
all_reduce_perf,1,8,262144,65536,float,sum,5.92,5.03,8.8,0,5.89,5.09,8.91,0,TREE,LL,8,TREE,LL,8,0,TREE,A_flag_ceiling
all_reduce_perf,1,8,524288,131072,float,sum,18.37,6.51,11.38,0,5.67,6.65,11.64,0,TREE,LL,8,TREE,LL,8,0,TREE,A_flag_ceiling
all_reduce_perf,1,8,1048576,262144,float,sum,22.19,7.89,13.81,0,5.58,7.89,13.8,0,TREE,LL,8,TREE,LL,8,0,TREE,A_flag_ceiling
all_reduce_perf,1,8,2097152,524288,float,sum,5.3,8.69,15.21,0,7.82,8.67,15.18,0,TREE,LL,8,TREE,LL,8,0,TREE,A_flag_ceiling
all_reduce_perf,1,8,4194304,1048576,float,sum,5.44,9.16,16.03,0,19.86,9.11,15.94,0,TREE,LL,8,TREE,LL,8,0,TREE,A_flag_ceiling
all_reduce_perf,1,8,8388608,2097152,float,sum,5.15,9.4,16.46,0,15.28,9.12,15.97,0,TREE,LL,8,TREE,LL,8,0,TREE,A_flag_ceiling
all_reduce_perf,1,8,16777216,4194304,float,sum,5.16,9.54,16.7,0,5.16,9.31,16.29,0,TREE,LL,8,TREE,LL,8,0,TREE,A_flag_ceiling
all_reduce_perf,1,8,33554432,8388608,float,sum,8.16,9.58,16.76,0,5.25,9.4,16.44,0,TREE,LL,8,TREE,LL,8,0,TREE,A_flag_ceiling
all_reduce_perf,1,8,67108864,16777216,float,sum,9.03,9.55,16.71,0,5.31,9.38,16.41,0,TREE,LL,8,TREE,LL,8,0,TREE,A_flag_ceiling
all_reduce_perf,1,8,134217728,33554432,float,sum,5.94,9.5,16.62,0,6.27,9.33,16.34,0,TREE,LL,8,TREE,LL,8,0,TREE,A_flag_ceiling
all_reduce_perf,1,8,268435456,67108864,float,sum,5.34,9.56,16.72,0,19.92,9.4,16.44,0,TREE,LL,8,TREE,LL,8,0,TREE,A_flag_ceiling
all_reduce_perf,1,8,536870912,134217728,float,sum,5.36,9.51,16.64,0,23.82,9.36,16.39,0,TREE,LL,8,TREE,LL,8,0,TREE,A_flag_ceiling
all_reduce_perf,1,8,4096,1024,float,sum,6.38,0.15,0.26,0,6.11,0.19,0.33,0,TREE,LL,16,TREE,LL,16,0,TREE,A_flag_ceiling
all_reduce_perf,1,8,8192,2048,float,sum,17.8,0.3,0.53,0,5.72,0.35,0.62,0,TREE,LL,16,TREE,LL,16,0,TREE,A_flag_ceiling
all_reduce_perf,1,8,16384,4096,float,sum,18.12,0.49,0.86,0,5.97,0.67,1.17,0,TREE,LL,16,TREE,LL,16,0,TREE,A_flag_ceiling
all_reduce_perf,1,8,32768,8192,float,sum,6.13,1.34,2.34,0,14.99,1.29,2.26,0,TREE,LL,16,TREE,LL,16,0,TREE,A_flag_ceiling
all_reduce_perf,1,8,65536,16384,float,sum,5.98,2.39,4.18,0,20.9,1.84,3.22,0,TREE,LL,16,TREE,LL,16,0,TREE,A_flag_ceiling
all_reduce_perf,1,8,131072,32768,float,sum,6.19,4.24,7.42,0,18.07,3.07,5.37,0,TREE,LL,16,TREE,LL,16,0,TREE,A_flag_ceiling
all_reduce_perf,1,8,262144,65536,float,sum,6.15,6.81,11.92,0,6.32,6.72,11.76,0,TREE,LL,16,TREE,LL,16,0,TREE,A_flag_ceiling
all_reduce_perf,1,8,524288,131072,float,sum,19.14,9.76,17.08,0,6.24,10.05,17.59,0,TREE,LL,16,TREE,LL,16,0,TREE,A_flag_ceiling
all_reduce_perf,1,8,1048576,262144,float,sum,17.89,13.07,22.88,0,6.03,13.13,22.97,0,TREE,LL,16,TREE,LL,16,0,TREE,A_flag_ceiling
all_reduce_perf,1,8,2097152,524288,float,sum,6.13,15.63,27.35,0,18.73,15.67,27.42,0,TREE,LL,16,TREE,LL,16,0,TREE,A_flag_ceiling
all_reduce_perf,1,8,4194304,1048576,float,sum,6.13,17.23,30.15,0,18.31,17.12,29.95,0,TREE,LL,16,TREE,LL,16,0,TREE,A_flag_ceiling
all_reduce_perf,1,8,8388608,2097152,float,sum,6.2,18.15,31.76,0,15.76,17.68,30.94,0,TREE,LL,16,TREE,LL,16,0,TREE,A_flag_ceiling
all_reduce_perf,1,8,16777216,4194304,float,sum,6.21,18.58,32.52,0,6.1,18.57,32.51,0,TREE,LL,16,TREE,LL,16,0,TREE,A_flag_ceiling
all_reduce_perf,1,8,33554432,8388608,float,sum,10.54,18.72,32.76,0,6.33,18.88,33.05,0,TREE,LL,16,TREE,LL,16,0,TREE,A_flag_ceiling
all_reduce_perf,1,8,67108864,16777216,float,sum,20.16,18.84,32.97,0,6.21,18.86,33.01,0,TREE,LL,16,TREE,LL,16,0,TREE,A_flag_ceiling
all_reduce_perf,1,8,134217728,33554432,float,sum,6.14,18.82,32.94,0,17.27,18.95,33.16,0,TREE,LL,16,TREE,LL,16,0,TREE,A_flag_ceiling
all_reduce_perf,1,8,268435456,67108864,float,sum,6.34,18.86,33.01,0,18.8,18.98,33.22,0,TREE,LL,16,TREE,LL,16,0,TREE,A_flag_ceiling
all_reduce_perf,1,8,536870912,134217728,float,sum,6.27,18.93,33.12,0,20.53,19.09,33.4,0,TREE,LL,16,TREE,LL,16,0,TREE,A_flag_ceiling
all_reduce_perf,1,8,4096,1024,float,sum,5.74,0.17,0.3,0,5.47,0.18,0.32,0,TREE,LL,24,TREE,LL,24,0,TREE,A_flag_ceiling
all_reduce_perf,1,8,8192,2048,float,sum,19.24,0.28,0.49,0,5.28,0.34,0.6,0,TREE,LL,24,TREE,LL,24,0,TREE,A_flag_ceiling
all_reduce_perf,1,8,16384,4096,float,sum,17.35,0.46,0.81,0,5.33,0.69,1.2,0,TREE,LL,24,TREE,LL,24,0,TREE,A_flag_ceiling
all_reduce_perf,1,8,32768,8192,float,sum,5.6,1.35,2.36,0,12.25,1.18,2.07,0,TREE,LL,24,TREE,LL,24,0,TREE,A_flag_ceiling
all_reduce_perf,1,8,65536,16384,float,sum,5.39,2.45,4.29,0,15.01,1.91,3.34,0,TREE,LL,24,TREE,LL,24,0,TREE,A_flag_ceiling
all_reduce_perf,1,8,131072,32768,float,sum,5.6,4.38,7.66,0,20.39,2.9,5.08,0,TREE,LL,24,TREE,LL,24,0,TREE,A_flag_ceiling
all_reduce_perf,1,8,262144,65536,float,sum,5.71,7.41,12.98,0,5.64,7.41,12.96,0,TREE,LL,24,TREE,LL,24,0,TREE,A_flag_ceiling
all_reduce_perf,1,8,524288,131072,float,sum,6.78,11.51,20.14,0,5.5,11.76,20.58,0,TREE,LL,24,TREE,LL,24,0,TREE,A_flag_ceiling
all_reduce_perf,1,8,1048576,262144,float,sum,7.85,16.15,28.26,0,5.63,16.52,28.91,0,TREE,LL,24,TREE,LL,24,0,TREE,A_flag_ceiling
all_reduce_perf,1,8,2097152,524288,float,sum,5.64,21.04,36.82,0,6.47,21.18,37.06,0,TREE,LL,24,TREE,LL,24,0,TREE,A_flag_ceiling
all_reduce_perf,1,8,4194304,1048576,float,sum,5.66,24.22,42.38,0,13.15,24.02,42.03,0,TREE,LL,24,TREE,LL,24,0,TREE,A_flag_ceiling
all_reduce_perf,1,8,8388608,2097152,float,sum,5.59,26.16,45.78,0,9.64,25.7,44.97,0,TREE,LL,24,TREE,LL,24,0,TREE,A_flag_ceiling
all_reduce_perf,1,8,16777216,4194304,float,sum,5.6,27.25,47.69,0,5.52,27.15,47.51,0,TREE,LL,24,TREE,LL,24,0,TREE,A_flag_ceiling
all_reduce_perf,1,8,33554432,8388608,float,sum,6.44,27.72,48.51,0,5.66,27.63,48.35,0,TREE,LL,24,TREE,LL,24,0,TREE,A_flag_ceiling
all_reduce_perf,1,8,67108864,16777216,float,sum,15.39,27.81,48.66,0,5.69,27.88,48.79,0,TREE,LL,24,TREE,LL,24,0,TREE,A_flag_ceiling
all_reduce_perf,1,8,134217728,33554432,float,sum,5.52,27.87,48.77,0,11.23,27.94,48.9,0,TREE,LL,24,TREE,LL,24,0,TREE,A_flag_ceiling
all_reduce_perf,1,8,268435456,67108864,float,sum,5.71,27.9,48.82,0,6.86,28.04,49.07,0,TREE,LL,24,TREE,LL,24,0,TREE,A_flag_ceiling
all_reduce_perf,1,8,536870912,134217728,float,sum,5.85,28.02,49.04,0,13.3,28.11,49.2,0,TREE,LL,24,TREE,LL,24,0,TREE,A_flag_ceiling
all_reduce_perf,1,8,4096,1024,float,sum,6.28,0.15,0.27,0,7.57,0.17,0.3,0,TREE,LL,32,TREE,LL,32,0,TREE,A_flag_ceiling
all_reduce_perf,1,8,8192,2048,float,sum,19.48,0.28,0.5,0,6.11,0.36,0.62,0,TREE,LL,32,TREE,LL,32,0,TREE,A_flag_ceiling
all_reduce_perf,1,8,16384,4096,float,sum,7.76,0.56,0.98,0,6.18,0.69,1.2,0,TREE,LL,32,TREE,LL,32,0,TREE,A_flag_ceiling
all_reduce_perf,1,8,32768,8192,float,sum,6.8,1.33,2.33,0,11.78,1.27,2.22,0,TREE,LL,32,TREE,LL,32,0,TREE,A_flag_ceiling
all_reduce_perf,1,8,65536,16384,float,sum,6.75,2.59,4.54,0,12.21,2.67,4.68,0,TREE,LL,32,TREE,LL,32,0,TREE,A_flag_ceiling
all_reduce_perf,1,8,131072,32768,float,sum,6.54,4.83,8.45,0,19.2,3.29,5.77,0,TREE,LL,32,TREE,LL,32,0,TREE,A_flag_ceiling
all_reduce_perf,1,8,262144,65536,float,sum,6.58,8.18,14.31,0,6.6,8.24,14.42,0,TREE,LL,32,TREE,LL,32,0,TREE,A_flag_ceiling
all_reduce_perf,1,8,524288,131072,float,sum,19.1,13.01,22.76,0,6.45,13.32,23.31,0,TREE,LL,32,TREE,LL,32,0,TREE,A_flag_ceiling
all_reduce_perf,1,8,1048576,262144,float,sum,19.49,18.09,31.65,0,6.52,19.76,34.59,0,TREE,LL,32,TREE,LL,32,0,TREE,A_flag_ceiling
all_reduce_perf,1,8,2097152,524288,float,sum,6.54,25.76,45.08,0,15.62,25.95,45.42,0,TREE,LL,32,TREE,LL,32,0,TREE,A_flag_ceiling
all_reduce_perf,1,8,4194304,1048576,float,sum,6.72,30.49,53.36,0,18.82,30.3,53.02,0,TREE,LL,32,TREE,LL,32,0,TREE,A_flag_ceiling
all_reduce_perf,1,8,8388608,2097152,float,sum,6.52,33.64,58.88,0,17.81,32.06,56.11,0,TREE,LL,32,TREE,LL,32,0,TREE,A_flag_ceiling
all_reduce_perf,1,8,16777216,4194304,float,sum,6.41,35.45,62.03,0,6.47,35.34,61.84,0,TREE,LL,32,TREE,LL,32,0,TREE,A_flag_ceiling
all_reduce_perf,1,8,33554432,8388608,float,sum,16.42,36.07,63.12,0,6.48,36.13,63.23,0,TREE,LL,32,TREE,LL,32,0,TREE,A_flag_ceiling
all_reduce_perf,1,8,67108864,16777216,float,sum,9.34,36.27,63.47,0,6.63,36.27,63.48,0,TREE,LL,32,TREE,LL,32,0,TREE,A_flag_ceiling
all_reduce_perf,1,8,134217728,33554432,float,sum,6.5,36.47,63.82,0,12.31,36.59,64.04,0,TREE,LL,32,TREE,LL,32,0,TREE,A_flag_ceiling
all_reduce_perf,1,8,268435456,67108864,float,sum,6.69,36.59,64.03,0,10.41,36.69,64.21,0,TREE,LL,32,TREE,LL,32,0,TREE,A_flag_ceiling
all_reduce_perf,1,8,536870912,134217728,float,sum,6.75,36.65,64.14,0,21.03,36.63,64.1,0,TREE,LL,32,TREE,LL,32,0,TREE,A_flag_ceiling
all_reduce_perf,1,8,4096,1024,float,sum,6.08,0.16,0.29,0,6.07,0.18,0.32,0,TREE,LL,40,TREE,LL,40,0,TREE,A_flag_ceiling
all_reduce_perf,1,8,8192,2048,float,sum,10.86,0.28,0.49,0,5.74,0.35,0.62,0,TREE,LL,40,TREE,LL,40,0,TREE,A_flag_ceiling
all_reduce_perf,1,8,16384,4096,float,sum,15.98,0.49,0.85,0,5.9,0.7,1.23,0,TREE,LL,40,TREE,LL,40,0,TREE,A_flag_ceiling
all_reduce_perf,1,8,32768,8192,float,sum,6.37,1.34,2.35,0,14.93,1.31,2.29,0,TREE,LL,40,TREE,LL,40,0,TREE,A_flag_ceiling
all_reduce_perf,1,8,65536,16384,float,sum,6.59,2.68,4.69,0,18.7,2.04,3.57,0,TREE,LL,40,TREE,LL,40,0,TREE,A_flag_ceiling
all_reduce_perf,1,8,131072,32768,float,sum,6.51,4.69,8.21,0,10.1,4.06,7.11,0,TREE,LL,40,TREE,LL,40,0,TREE,A_flag_ceiling
all_reduce_perf,1,8,262144,65536,float,sum,6.67,8.13,14.22,0,6.47,8.21,14.37,0,TREE,LL,40,TREE,LL,40,0,TREE,A_flag_ceiling
all_reduce_perf,1,8,524288,131072,float,sum,16.89,13.39,23.42,0,6.54,13.73,24.02,0,TREE,LL,40,TREE,LL,40,0,TREE,A_flag_ceiling
all_reduce_perf,1,8,1048576,262144,float,sum,18.52,19.57,34.25,0,6.67,21.47,37.57,0,TREE,LL,40,TREE,LL,40,0,TREE,A_flag_ceiling
all_reduce_perf,1,8,2097152,524288,float,sum,6.73,29.21,51.12,0,11.02,28.93,50.63,0,TREE,LL,40,TREE,LL,40,0,TREE,A_flag_ceiling
all_reduce_perf,1,8,4194304,1048576,float,sum,6.83,35.42,61.99,0,15.96,35.08,61.38,0,TREE,LL,40,TREE,LL,40,0,TREE,A_flag_ceiling
all_reduce_perf,1,8,8388608,2097152,float,sum,6.77,40.35,70.62,0,18.52,37.6,65.8,0,TREE,LL,40,TREE,LL,40,0,TREE,A_flag_ceiling
all_reduce_perf,1,8,16777216,4194304,float,sum,6.66,43.1,75.42,0,6.6,42.98,75.21,0,TREE,LL,40,TREE,LL,40,0,TREE,A_flag_ceiling
all_reduce_perf,1,8,33554432,8388608,float,sum,12.34,44.51,77.89,0,6.72,44.2,77.34,0,TREE,LL,40,TREE,LL,40,0,TREE,A_flag_ceiling
all_reduce_perf,1,8,67108864,16777216,float,sum,8.29,44.77,78.34,0,6.96,45.0,78.74,0,TREE,LL,40,TREE,LL,40,0,TREE,A_flag_ceiling
all_reduce_perf,1,8,134217728,33554432,float,sum,6.69,45.26,79.21,0,10.74,45.31,79.29,0,TREE,LL,40,TREE,LL,40,0,TREE,A_flag_ceiling
all_reduce_perf,1,8,268435456,67108864,float,sum,7.04,45.34,79.34,0,15.75,45.49,79.61,0,TREE,LL,40,TREE,LL,40,0,TREE,A_flag_ceiling
all_reduce_perf,1,8,536870912,134217728,float,sum,6.97,45.53,79.68,0,21.39,45.53,79.67,0,TREE,LL,40,TREE,LL,40,0,TREE,A_flag_ceiling
all_reduce_perf,1,8,4096,1024,float,sum,6.28,0.18,0.31,0,5.88,0.19,0.32,0,TREE,LL,48,TREE,LL,48,0,TREE,A_flag_ceiling
all_reduce_perf,1,8,8192,2048,float,sum,13.26,0.3,0.53,0,6.71,0.34,0.6,0,TREE,LL,48,TREE,LL,48,0,TREE,A_flag_ceiling
all_reduce_perf,1,8,16384,4096,float,sum,10.88,0.64,1.12,0,6.25,0.67,1.18,0,TREE,LL,48,TREE,LL,48,0,TREE,A_flag_ceiling
all_reduce_perf,1,8,32768,8192,float,sum,6.63,1.32,2.3,0,9.58,1.27,2.23,0,TREE,LL,48,TREE,LL,48,0,TREE,A_flag_ceiling
all_reduce_perf,1,8,65536,16384,float,sum,6.75,2.62,4.58,0,20.08,2.01,3.53,0,TREE,LL,48,TREE,LL,48,0,TREE,A_flag_ceiling
all_reduce_perf,1,8,131072,32768,float,sum,6.84,4.57,8.01,0,21.43,3.14,5.49,0,TREE,LL,48,TREE,LL,48,0,TREE,A_flag_ceiling
all_reduce_perf,1,8,262144,65536,float,sum,7.0,8.48,14.84,0,6.91,8.65,15.14,0,TREE,LL,48,TREE,LL,48,0,TREE,A_flag_ceiling
all_reduce_perf,1,8,524288,131072,float,sum,17.4,13.83,24.2,0,6.98,14.05,24.59,0,TREE,LL,48,TREE,LL,48,0,TREE,A_flag_ceiling
all_reduce_perf,1,8,1048576,262144,float,sum,15.37,20.83,36.45,0,7.04,22.9,40.07,0,TREE,LL,48,TREE,LL,48,0,TREE,A_flag_ceiling
all_reduce_perf,1,8,2097152,524288,float,sum,6.94,32.01,56.01,0,12.66,31.88,55.79,0,TREE,LL,48,TREE,LL,48,0,TREE,A_flag_ceiling
all_reduce_perf,1,8,4194304,1048576,float,sum,7.14,40.54,70.94,0,19.43,39.93,69.87,0,TREE,LL,48,TREE,LL,48,0,TREE,A_flag_ceiling
all_reduce_perf,1,8,8388608,2097152,float,sum,7.21,46.02,80.54,0,18.94,43.59,76.29,0,TREE,LL,48,TREE,LL,48,0,TREE,A_flag_ceiling
all_reduce_perf,1,8,16777216,4194304,float,sum,7.02,50.44,88.28,0,6.89,50.19,87.83,0,TREE,LL,48,TREE,LL,48,0,TREE,A_flag_ceiling
all_reduce_perf,1,8,33554432,8388608,float,sum,19.94,52.33,91.58,0,7.08,52.16,91.28,0,TREE,LL,48,TREE,LL,48,0,TREE,A_flag_ceiling
all_reduce_perf,1,8,67108864,16777216,float,sum,18.67,52.97,92.7,0,7.12,53.13,92.98,0,TREE,LL,48,TREE,LL,48,0,TREE,A_flag_ceiling
all_reduce_perf,1,8,134217728,33554432,float,sum,6.9,53.57,93.75,0,10.56,53.8,94.15,0,TREE,LL,48,TREE,LL,48,0,TREE,A_flag_ceiling
all_reduce_perf,1,8,268435456,67108864,float,sum,7.15,54.04,94.57,0,20.31,54.16,94.78,0,TREE,LL,48,TREE,LL,48,0,TREE,A_flag_ceiling
all_reduce_perf,1,8,536870912,134217728,float,sum,7.28,54.25,94.95,0,20.05,54.2,94.85,0,TREE,LL,48,TREE,LL,48,0,TREE,A_flag_ceiling
all_reduce_perf,1,8,4096,1024,float,sum,6.11,0.17,0.29,0,6.26,0.19,0.33,0,TREE,LL,56,TREE,LL,56,0,TREE,A_flag_ceiling
all_reduce_perf,1,8,8192,2048,float,sum,13.89,0.31,0.55,0,5.94,0.35,0.61,0,TREE,LL,56,TREE,LL,56,0,TREE,A_flag_ceiling
all_reduce_perf,1,8,16384,4096,float,sum,18.24,0.48,0.85,0,5.92,0.68,1.2,0,TREE,LL,56,TREE,LL,56,0,TREE,A_flag_ceiling
all_reduce_perf,1,8,32768,8192,float,sum,7.26,1.36,2.37,0,16.45,1.33,2.33,0,TREE,LL,56,TREE,LL,56,0,TREE,A_flag_ceiling
all_reduce_perf,1,8,65536,16384,float,sum,6.77,2.59,4.54,0,15.55,2.17,3.8,0,TREE,LL,56,TREE,LL,56,0,TREE,A_flag_ceiling
all_reduce_perf,1,8,131072,32768,float,sum,6.7,4.74,8.3,0,18.75,3.35,5.86,0,TREE,LL,56,TREE,LL,56,0,TREE,A_flag_ceiling
all_reduce_perf,1,8,262144,65536,float,sum,7.21,8.7,15.23,0,6.99,8.7,15.23,0,TREE,LL,56,TREE,LL,56,0,TREE,A_flag_ceiling
all_reduce_perf,1,8,524288,131072,float,sum,11.58,14.6,25.56,0,7.14,15.19,26.58,0,TREE,LL,56,TREE,LL,56,0,TREE,A_flag_ceiling
all_reduce_perf,1,8,1048576,262144,float,sum,15.47,21.9,38.32,0,7.2,23.55,41.22,0,TREE,LL,56,TREE,LL,56,0,TREE,A_flag_ceiling
all_reduce_perf,1,8,2097152,524288,float,sum,7.15,34.55,60.47,0,21.38,34.32,60.06,0,TREE,LL,56,TREE,LL,56,0,TREE,A_flag_ceiling
all_reduce_perf,1,8,4194304,1048576,float,sum,6.78,44.84,78.47,0,19.56,44.27,77.47,0,TREE,LL,56,TREE,LL,56,0,TREE,A_flag_ceiling
all_reduce_perf,1,8,8388608,2097152,float,sum,6.58,52.16,91.29,0,26.66,46.08,80.65,0,TREE,LL,56,TREE,LL,56,0,TREE,A_flag_ceiling
all_reduce_perf,1,8,16777216,4194304,float,sum,6.53,57.2,100.1,0,6.43,56.76,99.34,0,TREE,LL,56,TREE,LL,56,0,TREE,A_flag_ceiling
all_reduce_perf,1,8,33554432,8388608,float,sum,7.88,59.81,104.67,0,6.47,59.62,104.34,0,TREE,LL,56,TREE,LL,56,0,TREE,A_flag_ceiling
all_reduce_perf,1,8,67108864,16777216,float,sum,15.29,60.8,106.4,0,6.52,60.73,106.28,0,TREE,LL,56,TREE,LL,56,0,TREE,A_flag_ceiling
all_reduce_perf,1,8,134217728,33554432,float,sum,6.33,61.58,107.76,0,7.33,61.66,107.91,0,TREE,LL,56,TREE,LL,56,0,TREE,A_flag_ceiling
all_reduce_perf,1,8,268435456,67108864,float,sum,6.55,61.93,108.38,0,20.35,62.17,108.79,0,TREE,LL,56,TREE,LL,56,0,TREE,A_flag_ceiling
all_reduce_perf,1,8,536870912,134217728,float,sum,6.68,62.4,109.2,0,21.85,62.31,109.04,0,TREE,LL,56,TREE,LL,56,0,TREE,A_flag_ceiling
all_reduce_perf,1,8,4096,1024,float,sum,5.98,0.16,0.27,0,5.89,0.16,0.28,0,TREE,LL,1,,,,0,TREE,A_flag_ceiling
all_reduce_perf,1,8,8192,2048,float,sum,20.57,0.25,0.44,0,6.46,0.29,0.51,0,TREE,LL,1,,,,0,TREE,A_flag_ceiling
all_reduce_perf,1,8,16384,4096,float,sum,21.45,0.36,0.63,0,6.05,0.46,0.8,0,TREE,LL,1,,,,0,TREE,A_flag_ceiling
all_reduce_perf,1,8,32768,8192,float,sum,5.98,0.9,1.58,0,12.15,0.89,1.57,0,TREE,LL,2,,,,0,TREE,A_flag_ceiling
all_reduce_perf,1,8,65536,16384,float,sum,5.98,1.76,3.08,0,19.75,1.63,2.86,0,TREE,LL,4,,,,0,TREE,A_flag_ceiling
all_reduce_perf,1,8,131072,32768,float,sum,5.93,3.38,5.92,0,20.73,2.44,4.28,0,TREE,LL,8,,,,0,TREE,A_flag_ceiling
all_reduce_perf,1,8,262144,65536,float,sum,6.3,6.74,11.8,0,7.01,6.76,11.83,0,TREE,LL,16,,,,0,TREE,A_flag_ceiling
all_reduce_perf,1,8,524288,131072,float,sum,8.59,10.67,18.67,0,5.91,11.36,19.88,0,RING,SIMPLE,16,,,,0,RING,A_flag_ceiling
all_reduce_perf,1,8,1048576,262144,float,sum,17.79,19.91,34.84,0,6.28,22.25,38.93,0,RING,SIMPLE,32,,,,0,RING,A_flag_ceiling
all_reduce_perf,1,8,2097152,524288,float,sum,6.74,41.48,72.59,0,9.91,42.48,74.33,0,RING,SIMPLE,56,,,,0,RING,A_flag_ceiling
all_reduce_perf,1,8,4194304,1048576,float,sum,7.23,68.15,119.26,0,21.34,68.31,119.54,0,RING,SIMPLE,56,,,,0,RING,A_flag_ceiling
all_reduce_perf,1,8,8388608,2097152,float,sum,6.85,106.25,185.93,0,18.67,94.19,164.83,0,RING,SIMPLE,56,,,,0,RING,A_flag_ceiling
all_reduce_perf,1,8,16777216,4194304,float,sum,6.84,147.86,258.76,0,6.67,150.61,263.56,0,RING,SIMPLE,56,,,,0,RING,A_flag_ceiling
all_reduce_perf,1,8,33554432,8388608,float,sum,11.19,178.0,311.5,0,6.87,180.68,316.19,0,RING,SIMPLE,56,,,,0,RING,A_flag_ceiling
all_reduce_perf,1,8,67108864,16777216,float,sum,23.64,200.28,350.49,0,9.54,200.56,350.97,0,RING,SIMPLE,56,,,,0,RING*,A_flag_ceiling
all_reduce_perf,1,8,134217728,33554432,float,sum,9.38,214.98,376.22,0,19.21,215.49,377.1,0,RING,SIMPLE,56,,,,0,RING*,A_flag_ceiling
all_reduce_perf,1,8,268435456,67108864,float,sum,9.51,222.5,389.37,0,25.94,222.81,389.91,0,RING,SIMPLE,56,,,,0,RING*,A_flag_ceiling
all_reduce_perf,1,8,536870912,134217728,float,sum,9.67,226.43,396.26,0,14.18,225.99,395.48,0,RING,SIMPLE,56,,,,0,RING*,A_flag_ceiling
all_reduce_perf,1,8,4096,1024,float,sum,6.72,0.08,0.15,0,7.27,0.09,0.16,0,RING,SIMPLE,1,RING,SIMPLE,1,0,RING,A_flag_ceiling
all_reduce_perf,1,8,8192,2048,float,sum,7.58,0.18,0.32,0,7.28,0.19,0.32,0,RING,SIMPLE,1,RING,SIMPLE,1,0,RING,A_flag_ceiling
all_reduce_perf,1,8,16384,4096,float,sum,10.33,0.38,0.66,0,6.23,0.38,0.66,0,RING,SIMPLE,1,RING,SIMPLE,1,0,RING,A_flag_ceiling
all_reduce_perf,1,8,32768,8192,float,sum,6.52,0.75,1.32,0,11.35,0.75,1.31,0,RING,SIMPLE,1,RING,SIMPLE,1,0,RING,A_flag_ceiling
all_reduce_perf,1,8,65536,16384,float,sum,6.33,1.42,2.49,0,16.45,1.45,2.54,0,RING,SIMPLE,1,RING,SIMPLE,1,0,RING,A_flag_ceiling
all_reduce_perf,1,8,131072,32768,float,sum,6.14,2.33,4.08,0,10.69,2.11,3.69,0,RING,SIMPLE,1,RING,SIMPLE,1,0,RING,A_flag_ceiling
all_reduce_perf,1,8,262144,65536,float,sum,6.22,3.4,5.95,0,6.29,3.47,6.07,0,RING,SIMPLE,1,RING,SIMPLE,1,0,RING,A_flag_ceiling
all_reduce_perf,1,8,524288,131072,float,sum,13.57,4.42,7.74,0,6.19,4.56,7.97,0,RING,SIMPLE,1,RING,SIMPLE,1,0,RING,A_flag_ceiling
all_reduce_perf,1,8,1048576,262144,float,sum,17.14,5.29,9.26,0,6.2,5.37,9.4,0,RING,SIMPLE,1,RING,SIMPLE,1,0,RING,A_flag_ceiling
all_reduce_perf,1,8,2097152,524288,float,sum,6.19,6.04,10.57,0,13.34,6.22,10.89,0,RING,SIMPLE,1,RING,SIMPLE,1,0,RING,A_flag_ceiling
all_reduce_perf,1,8,4194304,1048576,float,sum,6.21,6.84,11.96,0,18.78,7.15,12.51,0,RING,SIMPLE,1,RING,SIMPLE,1,0,RING,A_flag_ceiling
all_reduce_perf,1,8,8388608,2097152,float,sum,6.21,6.89,12.05,0,9.65,7.06,12.36,0,RING,SIMPLE,1,RING,SIMPLE,1,0,RING,A_flag_ceiling
all_reduce_perf,1,8,16777216,4194304,float,sum,6.31,6.95,12.16,0,6.46,7.06,12.36,0,RING,SIMPLE,1,RING,SIMPLE,1,0,RING,A_flag_ceiling
all_reduce_perf,1,8,33554432,8388608,float,sum,18.74,6.97,12.19,0,6.44,7.06,12.35,0,RING,SIMPLE,1,RING,SIMPLE,1,0,RING,A_flag_ceiling
all_reduce_perf,1,8,67108864,16777216,float,sum,14.67,6.75,11.81,0,6.57,6.75,11.82,0,RING,SIMPLE,1,RING,SIMPLE,1,0,RING*,A_flag_ceiling
all_reduce_perf,1,8,134217728,33554432,float,sum,6.12,6.71,11.74,0,12.27,6.73,11.77,0,RING,SIMPLE,1,RING,SIMPLE,1,0,RING*,A_flag_ceiling
all_reduce_perf,1,8,268435456,67108864,float,sum,7.82,6.71,11.74,0,24.19,6.72,11.76,0,RING,SIMPLE,1,RING,SIMPLE,1,0,RING*,A_flag_ceiling
all_reduce_perf,1,8,536870912,134217728,float,sum,7.16,6.77,11.85,0,22.7,6.75,11.81,0,RING,SIMPLE,1,RING,SIMPLE,1,0,RING*,A_flag_ceiling
all_reduce_perf,1,8,4096,1024,float,sum,6.2,0.13,0.23,0,5.94,0.15,0.27,0,RING,LL,1,RING,LL,1,0,RING,A_flag_ceiling
all_reduce_perf,1,8,8192,2048,float,sum,19.05,0.24,0.42,0,6.29,0.29,0.52,0,RING,LL,1,RING,LL,1,0,RING,A_flag_ceiling
all_reduce_perf,1,8,16384,4096,float,sum,17.47,0.45,0.79,0,5.7,0.6,1.05,0,RING,LL,1,RING,LL,1,0,RING,A_flag_ceiling
all_reduce_perf,1,8,32768,8192,float,sum,5.79,0.91,1.59,0,14.68,0.89,1.56,0,RING,LL,1,RING,LL,1,0,RING,A_flag_ceiling
all_reduce_perf,1,8,65536,16384,float,sum,5.67,1.21,2.11,0,16.88,1.22,2.13,0,RING,LL,1,RING,LL,1,0,RING,A_flag_ceiling
all_reduce_perf,1,8,131072,32768,float,sum,5.7,1.44,2.51,0,18.25,1.29,2.25,0,RING,LL,1,RING,LL,1,0,RING,A_flag_ceiling
all_reduce_perf,1,8,262144,65536,float,sum,5.95,1.52,2.65,0,7.03,1.52,2.67,0,RING,LL,1,RING,LL,1,0,RING,A_flag_ceiling
all_reduce_perf,1,8,524288,131072,float,sum,7.53,1.55,2.71,0,5.68,1.56,2.72,0,RING,LL,1,RING,LL,1,0,RING,A_flag_ceiling
all_reduce_perf,1,8,1048576,262144,float,sum,18.18,1.58,2.76,0,5.76,1.57,2.75,0,RING,LL,1,RING,LL,1,0,RING,A_flag_ceiling
all_reduce_perf,1,8,2097152,524288,float,sum,5.82,1.58,2.77,0,6.69,1.59,2.79,0,RING,LL,1,RING,LL,1,0,RING,A_flag_ceiling
all_reduce_perf,1,8,4194304,1048576,float,sum,5.79,1.59,2.79,0,17.04,1.61,2.82,0,RING,LL,1,RING,LL,1,0,RING,A_flag_ceiling
all_reduce_perf,1,8,8388608,2097152,float,sum,5.85,1.6,2.81,0,10.67,1.61,2.82,0,RING,LL,1,RING,LL,1,0,RING,A_flag_ceiling
all_reduce_perf,1,8,16777216,4194304,float,sum,5.72,1.61,2.83,0,5.69,1.62,2.84,0,RING,LL,1,RING,LL,1,0,RING,A_flag_ceiling
all_reduce_perf,1,8,33554432,8388608,float,sum,11.64,1.62,2.83,0,5.9,1.63,2.85,0,RING,LL,1,RING,LL,1,0,RING,A_flag_ceiling
all_reduce_perf,1,8,67108864,16777216,float,sum,12.78,1.45,2.54,0,5.96,1.45,2.54,0,RING,LL,1,RING,LL,1,0,RING*,A_flag_ceiling
all_reduce_perf,1,8,134217728,33554432,float,sum,6.09,1.44,2.52,0,22.61,1.44,2.52,0,RING,LL,1,RING,LL,1,0,RING*,A_flag_ceiling
all_reduce_perf,1,8,268435456,67108864,float,sum,6.16,1.44,2.53,0,25.71,1.44,2.53,0,RING,LL,1,RING,LL,1,0,RING*,A_flag_ceiling
all_reduce_perf,1,8,536870912,134217728,float,sum,6.86,1.45,2.54,0,22.62,1.45,2.53,0,RING,LL,1,RING,LL,1,0,RING*,A_flag_ceiling
all_reduce_perf,1,8,4096,1024,float,sum,5.99,0.09,0.16,0,6.14,0.09,0.16,0,RING,SIMPLE,2,RING,SIMPLE,2,0,RING,A_flag_ceiling
all_reduce_perf,1,8,8192,2048,float,sum,16.81,0.19,0.33,0,6.02,0.19,0.34,0,RING,SIMPLE,2,RING,SIMPLE,2,0,RING,A_flag_ceiling
all_reduce_perf,1,8,16384,4096,float,sum,18.23,0.32,0.57,0,5.95,0.36,0.64,0,RING,SIMPLE,2,RING,SIMPLE,2,0,RING,A_flag_ceiling
all_reduce_perf,1,8,32768,8192,float,sum,6.16,0.74,1.29,0,7.29,0.74,1.29,0,RING,SIMPLE,2,RING,SIMPLE,2,0,RING,A_flag_ceiling
all_reduce_perf,1,8,65536,16384,float,sum,5.62,1.45,2.54,0,11.86,1.52,2.65,0,RING,SIMPLE,2,RING,SIMPLE,2,0,RING,A_flag_ceiling
all_reduce_perf,1,8,131072,32768,float,sum,6.53,2.76,4.82,0,18.06,2.26,3.96,0,RING,SIMPLE,2,RING,SIMPLE,2,0,RING,A_flag_ceiling
all_reduce_perf,1,8,262144,65536,float,sum,5.73,4.64,8.12,0,5.79,4.72,8.27,0,RING,SIMPLE,2,RING,SIMPLE,2,0,RING,A_flag_ceiling
all_reduce_perf,1,8,524288,131072,float,sum,7.62,6.68,11.69,0,5.62,6.9,12.07,0,RING,SIMPLE,2,RING,SIMPLE,2,0,RING,A_flag_ceiling
all_reduce_perf,1,8,1048576,262144,float,sum,19.33,8.83,15.46,0,5.73,9.01,15.76,0,RING,SIMPLE,2,RING,SIMPLE,2,0,RING,A_flag_ceiling
all_reduce_perf,1,8,2097152,524288,float,sum,5.78,10.42,18.24,0,16.13,10.62,18.59,0,RING,SIMPLE,2,RING,SIMPLE,2,0,RING,A_flag_ceiling
all_reduce_perf,1,8,4194304,1048576,float,sum,5.73,11.77,20.59,0,13.61,11.99,20.97,0,RING,SIMPLE,2,RING,SIMPLE,2,0,RING,A_flag_ceiling
all_reduce_perf,1,8,8388608,2097152,float,sum,5.77,12.61,22.06,0,18.93,12.74,22.29,0,RING,SIMPLE,2,RING,SIMPLE,2,0,RING,A_flag_ceiling
all_reduce_perf,1,8,16777216,4194304,float,sum,5.87,12.67,22.16,0,5.85,12.96,22.67,0,RING,SIMPLE,2,RING,SIMPLE,2,0,RING,A_flag_ceiling
all_reduce_perf,1,8,33554432,8388608,float,sum,17.52,12.76,22.34,0,5.75,13.01,22.77,0,RING,SIMPLE,2,RING,SIMPLE,2,0,RING,A_flag_ceiling
all_reduce_perf,1,8,67108864,16777216,float,sum,14.24,13.47,23.58,0,5.97,13.51,23.65,0,RING,SIMPLE,2,RING,SIMPLE,2,0,RING*,A_flag_ceiling
all_reduce_perf,1,8,134217728,33554432,float,sum,5.75,13.42,23.49,0,19.11,13.45,23.53,0,RING,SIMPLE,2,RING,SIMPLE,2,0,RING*,A_flag_ceiling
all_reduce_perf,1,8,268435456,67108864,float,sum,6.12,13.38,23.42,0,17.72,13.39,23.43,0,RING,SIMPLE,2,RING,SIMPLE,2,0,RING*,A_flag_ceiling
all_reduce_perf,1,8,536870912,134217728,float,sum,6.03,13.42,23.49,0,21.73,13.39,23.44,0,RING,SIMPLE,2,RING,SIMPLE,2,0,RING*,A_flag_ceiling
all_reduce_perf,1,8,4096,1024,float,sum,6.2,0.13,0.23,0,6.38,0.15,0.26,0,RING,LL,2,RING,LL,2,0,RING,A_flag_ceiling
all_reduce_perf,1,8,8192,2048,float,sum,10.06,0.27,0.48,0,6.68,0.3,0.53,0,RING,LL,2,RING,LL,2,0,RING,A_flag_ceiling
all_reduce_perf,1,8,16384,4096,float,sum,15.41,0.43,0.75,0,6.03,0.61,1.07,0,RING,LL,2,RING,LL,2,0,RING,A_flag_ceiling
all_reduce_perf,1,8,32768,8192,float,sum,6.75,1.14,2.0,0,6.92,1.12,1.96,0,RING,LL,2,RING,LL,2,0,RING,A_flag_ceiling
all_reduce_perf,1,8,65536,16384,float,sum,5.84,1.75,3.07,0,15.19,1.68,2.93,0,RING,LL,2,RING,LL,2,0,RING,A_flag_ceiling
all_reduce_perf,1,8,131072,32768,float,sum,5.87,2.22,3.88,0,17.65,1.83,3.21,0,RING,LL,2,RING,LL,2,0,RING,A_flag_ceiling
all_reduce_perf,1,8,262144,65536,float,sum,5.84,2.61,4.56,0,5.79,2.64,4.62,0,RING,LL,2,RING,LL,2,0,RING,A_flag_ceiling
all_reduce_perf,1,8,524288,131072,float,sum,17.58,2.7,4.73,0,5.73,2.74,4.8,0,RING,LL,2,RING,LL,2,0,RING,A_flag_ceiling
all_reduce_perf,1,8,1048576,262144,float,sum,18.25,2.75,4.82,0,5.78,2.79,4.88,0,RING,LL,2,RING,LL,2,0,RING,A_flag_ceiling
all_reduce_perf,1,8,2097152,524288,float,sum,5.92,2.76,4.83,0,8.63,2.81,4.91,0,RING,LL,2,RING,LL,2,0,RING,A_flag_ceiling
all_reduce_perf,1,8,4194304,1048576,float,sum,5.75,2.75,4.82,0,14.25,2.84,4.97,0,RING,LL,2,RING,LL,2,0,RING,A_flag_ceiling
all_reduce_perf,1,8,8388608,2097152,float,sum,5.73,2.77,4.85,0,20.5,2.83,4.95,0,RING,LL,2,RING,LL,2,0,RING,A_flag_ceiling
all_reduce_perf,1,8,16777216,4194304,float,sum,5.77,2.76,4.83,0,5.71,2.83,4.96,0,RING,LL,2,RING,LL,2,0,RING,A_flag_ceiling
all_reduce_perf,1,8,33554432,8388608,float,sum,17.8,2.75,4.82,0,5.84,2.82,4.94,0,RING,LL,2,RING,LL,2,0,RING,A_flag_ceiling
all_reduce_perf,1,8,67108864,16777216,float,sum,21.64,2.88,5.05,0,6.09,2.89,5.06,0,RING,LL,2,RING,LL,2,0,RING*,A_flag_ceiling
all_reduce_perf,1,8,134217728,33554432,float,sum,6.02,2.88,5.04,0,18.71,2.88,5.05,0,RING,LL,2,RING,LL,2,0,RING*,A_flag_ceiling
all_reduce_perf,1,8,268435456,67108864,float,sum,6.04,2.85,4.99,0,20.44,2.83,4.96,0,RING,LL,2,RING,LL,2,0,RING*,A_flag_ceiling
all_reduce_perf,1,8,536870912,134217728,float,sum,7.32,2.84,4.97,0,19.8,2.81,4.93,0,RING,LL,2,RING,LL,2,0,RING*,A_flag_ceiling
all_reduce_perf,1,8,4096,1024,float,sum,6.09,0.09,0.15,0,6.65,0.1,0.17,0,RING,SIMPLE,4,RING,SIMPLE,4,0,RING,A_flag_ceiling
all_reduce_perf,1,8,8192,2048,float,sum,18.46,0.19,0.33,0,5.95,0.19,0.34,0,RING,SIMPLE,4,RING,SIMPLE,4,0,RING,A_flag_ceiling
all_reduce_perf,1,8,16384,4096,float,sum,20.1,0.3,0.53,0,5.85,0.37,0.64,0,RING,SIMPLE,4,RING,SIMPLE,4,0,RING,A_flag_ceiling
all_reduce_perf,1,8,32768,8192,float,sum,6.2,0.69,1.2,0,20.97,0.69,1.2,0,RING,SIMPLE,4,RING,SIMPLE,4,0,RING,A_flag_ceiling
all_reduce_perf,1,8,65536,16384,float,sum,5.91,1.41,2.47,0,6.71,1.46,2.55,0,RING,SIMPLE,4,RING,SIMPLE,4,0,RING,A_flag_ceiling
all_reduce_perf,1,8,131072,32768,float,sum,5.91,2.79,4.88,0,19.19,2.22,3.89,0,RING,SIMPLE,4,RING,SIMPLE,4,0,RING,A_flag_ceiling
all_reduce_perf,1,8,262144,65536,float,sum,5.86,5.39,9.43,0,6.79,5.59,9.78,0,RING,SIMPLE,4,RING,SIMPLE,4,0,RING,A_flag_ceiling
all_reduce_perf,1,8,524288,131072,float,sum,10.51,8.75,15.32,0,5.88,9.08,15.9,0,RING,SIMPLE,4,RING,SIMPLE,4,0,RING,A_flag_ceiling
all_reduce_perf,1,8,1048576,262144,float,sum,20.27,12.96,22.68,0,5.76,13.33,23.33,0,RING,SIMPLE,4,RING,SIMPLE,4,0,RING,A_flag_ceiling
all_reduce_perf,1,8,2097152,524288,float,sum,5.8,16.98,29.72,0,17.92,17.28,30.24,0,RING,SIMPLE,4,RING,SIMPLE,4,0,RING,A_flag_ceiling
all_reduce_perf,1,8,4194304,1048576,float,sum,5.94,20.03,35.06,0,13.23,20.23,35.4,0,RING,SIMPLE,4,RING,SIMPLE,4,0,RING,A_flag_ceiling
all_reduce_perf,1,8,8388608,2097152,float,sum,5.79,22.22,38.88,0,18.85,22.0,38.5,0,RING,SIMPLE,4,RING,SIMPLE,4,0,RING,A_flag_ceiling
all_reduce_perf,1,8,16777216,4194304,float,sum,5.7,23.93,41.88,0,5.69,24.36,42.64,0,RING,SIMPLE,4,RING,SIMPLE,4,0,RING,A_flag_ceiling
all_reduce_perf,1,8,33554432,8388608,float,sum,17.35,24.28,42.48,0,5.83,24.63,43.1,0,RING,SIMPLE,4,RING,SIMPLE,4,0,RING,A_flag_ceiling
all_reduce_perf,1,8,67108864,16777216,float,sum,20.24,26.55,46.46,0,6.1,26.68,46.68,0,RING,SIMPLE,4,RING,SIMPLE,4,0,RING*,A_flag_ceiling
all_reduce_perf,1,8,134217728,33554432,float,sum,6.05,26.51,46.4,0,7.16,26.5,46.37,0,RING,SIMPLE,4,RING,SIMPLE,4,0,RING*,A_flag_ceiling
all_reduce_perf,1,8,268435456,67108864,float,sum,6.15,26.36,46.12,0,14.97,26.36,46.13,0,RING,SIMPLE,4,RING,SIMPLE,4,0,RING*,A_flag_ceiling
all_reduce_perf,1,8,536870912,134217728,float,sum,21.71,26.29,46.01,0,20.17,26.37,46.14,0,RING,SIMPLE,4,RING,SIMPLE,4,0,RING*,A_flag_ceiling
all_reduce_perf,1,8,4096,1024,float,sum,6.31,0.13,0.23,0,6.57,0.15,0.26,0,RING,LL,4,RING,LL,4,0,RING,A_flag_ceiling
all_reduce_perf,1,8,8192,2048,float,sum,20.37,0.26,0.45,0,6.03,0.29,0.52,0,RING,LL,4,RING,LL,4,0,RING,A_flag_ceiling
all_reduce_perf,1,8,16384,4096,float,sum,19.53,0.42,0.73,0,5.97,0.61,1.06,0,RING,LL,4,RING,LL,4,0,RING,A_flag_ceiling
all_reduce_perf,1,8,32768,8192,float,sum,6.25,1.15,2.0,0,19.59,1.14,2.0,0,RING,LL,4,RING,LL,4,0,RING,A_flag_ceiling
all_reduce_perf,1,8,65536,16384,float,sum,5.88,2.29,4.0,0,21.04,1.74,3.05,0,RING,LL,4,RING,LL,4,0,RING,A_flag_ceiling
all_reduce_perf,1,8,131072,32768,float,sum,5.83,3.24,5.68,0,18.35,2.53,4.43,0,RING,LL,4,RING,LL,4,0,RING,A_flag_ceiling
all_reduce_perf,1,8,262144,65536,float,sum,5.85,4.22,7.38,0,5.83,4.29,7.51,0,RING,LL,4,RING,LL,4,0,RING,A_flag_ceiling
all_reduce_perf,1,8,524288,131072,float,sum,11.43,4.89,8.55,0,5.88,4.99,8.73,0,RING,LL,4,RING,LL,4,0,RING,A_flag_ceiling
all_reduce_perf,1,8,1048576,262144,float,sum,18.9,5.14,8.99,0,5.8,5.19,9.08,0,RING,LL,4,RING,LL,4,0,RING,A_flag_ceiling
all_reduce_perf,1,8,2097152,524288,float,sum,5.96,5.27,9.23,0,22.02,5.28,9.24,0,RING,LL,4,RING,LL,4,0,RING,A_flag_ceiling
all_reduce_perf,1,8,4194304,1048576,float,sum,5.92,5.31,9.29,0,17.84,5.34,9.35,0,RING,LL,4,RING,LL,4,0,RING,A_flag_ceiling
all_reduce_perf,1,8,8388608,2097152,float,sum,6.09,5.33,9.32,0,16.71,5.31,9.29,0,RING,LL,4,RING,LL,4,0,RING,A_flag_ceiling
all_reduce_perf,1,8,16777216,4194304,float,sum,5.69,5.29,9.27,0,5.45,5.35,9.37,0,RING,LL,4,RING,LL,4,0,RING,A_flag_ceiling
all_reduce_perf,1,8,33554432,8388608,float,sum,6.61,5.25,9.19,0,6.74,5.31,9.29,0,RING,LL,4,RING,LL,4,0,RING,A_flag_ceiling
all_reduce_perf,1,8,67108864,16777216,float,sum,19.06,5.79,10.13,0,6.46,5.79,10.14,0,RING,LL,4,RING,LL,4,0,RING*,A_flag_ceiling
all_reduce_perf,1,8,134217728,33554432,float,sum,6.17,5.74,10.05,0,19.98,5.72,10.02,0,RING,LL,4,RING,LL,4,0,RING*,A_flag_ceiling
all_reduce_perf,1,8,268435456,67108864,float,sum,6.36,5.75,10.06,0,22.41,5.74,10.05,0,RING,LL,4,RING,LL,4,0,RING*,A_flag_ceiling
all_reduce_perf,1,8,536870912,134217728,float,sum,6.7,5.76,10.07,0,22.13,5.7,9.97,0,RING,LL,4,RING,LL,4,0,RING*,A_flag_ceiling
all_reduce_perf,1,8,4096,1024,float,sum,6.89,0.09,0.15,0,6.5,0.09,0.16,0,RING,SIMPLE,8,RING,SIMPLE,8,0,RING,A_flag_ceiling
all_reduce_perf,1,8,8192,2048,float,sum,15.66,0.18,0.32,0,5.96,0.19,0.33,0,RING,SIMPLE,8,RING,SIMPLE,8,0,RING,A_flag_ceiling
all_reduce_perf,1,8,16384,4096,float,sum,16.34,0.33,0.58,0,5.8,0.36,0.63,0,RING,SIMPLE,8,RING,SIMPLE,8,0,RING,A_flag_ceiling
all_reduce_perf,1,8,32768,8192,float,sum,6.56,0.68,1.18,0,6.86,0.68,1.2,0,RING,SIMPLE,8,RING,SIMPLE,8,0,RING,A_flag_ceiling
all_reduce_perf,1,8,65536,16384,float,sum,5.81,1.37,2.39,0,7.16,1.38,2.42,0,RING,SIMPLE,8,RING,SIMPLE,8,0,RING,A_flag_ceiling
all_reduce_perf,1,8,131072,32768,float,sum,5.93,2.78,4.86,0,21.51,2.14,3.74,0,RING,SIMPLE,8,RING,SIMPLE,8,0,RING,A_flag_ceiling
all_reduce_perf,1,8,262144,65536,float,sum,5.99,5.57,9.74,0,6.32,5.68,9.95,0,RING,SIMPLE,8,RING,SIMPLE,8,0,RING,A_flag_ceiling
all_reduce_perf,1,8,524288,131072,float,sum,8.89,10.36,18.12,0,5.81,10.98,19.21,0,RING,SIMPLE,8,RING,SIMPLE,8,0,RING,A_flag_ceiling
all_reduce_perf,1,8,1048576,262144,float,sum,15.4,17.22,30.14,0,6.06,17.95,31.41,0,RING,SIMPLE,8,RING,SIMPLE,8,0,RING,A_flag_ceiling
all_reduce_perf,1,8,2097152,524288,float,sum,5.92,25.58,44.76,0,17.27,17.93,31.38,0,RING,SIMPLE,8,RING,SIMPLE,8,0,RING,A_flag_ceiling
all_reduce_perf,1,8,4194304,1048576,float,sum,6.39,33.54,58.69,0,17.14,33.74,59.04,0,RING,SIMPLE,8,RING,SIMPLE,8,0,RING,A_flag_ceiling
all_reduce_perf,1,8,8388608,2097152,float,sum,6.03,39.31,68.79,0,13.12,38.73,67.78,0,RING,SIMPLE,8,RING,SIMPLE,8,0,RING,A_flag_ceiling
all_reduce_perf,1,8,16777216,4194304,float,sum,6.01,44.34,77.6,0,6.12,45.25,79.19,0,RING,SIMPLE,8,RING,SIMPLE,8,0,RING,A_flag_ceiling
all_reduce_perf,1,8,33554432,8388608,float,sum,15.66,47.77,83.59,0,6.08,48.33,84.57,0,RING,SIMPLE,8,RING,SIMPLE,8,0,RING,A_flag_ceiling
all_reduce_perf,1,8,67108864,16777216,float,sum,7.85,51.48,90.1,0,6.53,51.34,89.84,0,RING,SIMPLE,8,RING,SIMPLE,8,0,RING*,A_flag_ceiling
all_reduce_perf,1,8,134217728,33554432,float,sum,6.19,52.66,92.16,0,7.15,52.63,92.11,0,RING,SIMPLE,8,RING,SIMPLE,8,0,RING*,A_flag_ceiling
all_reduce_perf,1,8,268435456,67108864,float,sum,6.42,52.56,91.98,0,16.77,52.46,91.8,0,RING,SIMPLE,8,RING,SIMPLE,8,0,RING*,A_flag_ceiling
all_reduce_perf,1,8,536870912,134217728,float,sum,6.37,52.6,92.04,0,15.29,52.4,91.69,0,RING,SIMPLE,8,RING,SIMPLE,8,0,RING*,A_flag_ceiling
all_reduce_perf,1,8,4096,1024,float,sum,6.0,0.13,0.23,0,6.27,0.15,0.26,0,RING,LL,8,RING,LL,8,0,RING,A_flag_ceiling
all_reduce_perf,1,8,8192,2048,float,sum,12.4,0.29,0.51,0,5.96,0.3,0.53,0,RING,LL,8,RING,LL,8,0,RING,A_flag_ceiling
all_reduce_perf,1,8,16384,4096,float,sum,22.4,0.39,0.69,0,6.58,0.58,1.02,0,RING,LL,8,RING,LL,8,0,RING,A_flag_ceiling
all_reduce_perf,1,8,32768,8192,float,sum,5.95,1.13,1.97,0,10.17,1.13,1.97,0,RING,LL,8,RING,LL,8,0,RING,A_flag_ceiling
all_reduce_perf,1,8,65536,16384,float,sum,5.98,2.22,3.89,0,10.09,2.35,4.12,0,RING,LL,8,RING,LL,8,0,RING,A_flag_ceiling
all_reduce_perf,1,8,131072,32768,float,sum,5.77,4.35,7.62,0,19.3,3.12,5.45,0,RING,LL,8,RING,LL,8,0,RING,A_flag_ceiling
all_reduce_perf,1,8,262144,65536,float,sum,5.86,6.43,11.26,0,5.97,6.63,11.61,0,RING,LL,8,RING,LL,8,0,RING,A_flag_ceiling
all_reduce_perf,1,8,524288,131072,float,sum,15.95,8.21,14.37,0,5.91,8.43,14.76,0,RING,LL,8,RING,LL,8,0,RING,A_flag_ceiling
all_reduce_perf,1,8,1048576,262144,float,sum,17.02,9.74,17.05,0,5.92,9.82,17.19,0,RING,LL,8,RING,LL,8,0,RING,A_flag_ceiling
all_reduce_perf,1,8,2097152,524288,float,sum,5.85,10.23,17.9,0,10.57,10.3,18.03,0,RING,LL,8,RING,LL,8,0,RING,A_flag_ceiling
all_reduce_perf,1,8,4194304,1048576,float,sum,5.92,10.49,18.35,0,19.21,10.48,18.33,0,RING,LL,8,RING,LL,8,0,RING,A_flag_ceiling
all_reduce_perf,1,8,8388608,2097152,float,sum,5.88,10.5,18.37,0,19.44,10.46,18.31,0,RING,LL,8,RING,LL,8,0,RING,A_flag_ceiling
all_reduce_perf,1,8,16777216,4194304,float,sum,5.97,10.59,18.53,0,5.9,10.69,18.7,0,RING,LL,8,RING,LL,8,0,RING,A_flag_ceiling
all_reduce_perf,1,8,33554432,8388608,float,sum,13.15,10.52,18.4,0,6.14,10.72,18.76,0,RING,LL,8,RING,LL,8,0,RING,A_flag_ceiling
all_reduce_perf,1,8,67108864,16777216,float,sum,19.5,11.52,20.15,0,6.5,11.58,20.27,0,RING,LL,8,RING,LL,8,0,RING*,A_flag_ceiling
all_reduce_perf,1,8,134217728,33554432,float,sum,6.34,11.41,19.97,0,15.48,11.5,20.12,0,RING,LL,8,RING,LL,8,0,RING*,A_flag_ceiling
all_reduce_perf,1,8,268435456,67108864,float,sum,6.44,11.36,19.88,0,23.93,11.4,19.96,0,RING,LL,8,RING,LL,8,0,RING*,A_flag_ceiling
all_reduce_perf,1,8,536870912,134217728,float,sum,6.6,11.36,19.88,0,20.78,11.38,19.91,0,RING,LL,8,RING,LL,8,0,RING*,A_flag_ceiling
all_reduce_perf,1,8,4096,1024,float,sum,6.03,0.09,0.16,0,6.24,0.09,0.16,0,RING,SIMPLE,16,RING,SIMPLE,16,0,RING,A_flag_ceiling
all_reduce_perf,1,8,8192,2048,float,sum,17.87,0.19,0.33,0,6.46,0.18,0.32,0,RING,SIMPLE,16,RING,SIMPLE,16,0,RING,A_flag_ceiling
all_reduce_perf,1,8,16384,4096,float,sum,9.88,0.35,0.61,0,5.87,0.36,0.63,0,RING,SIMPLE,16,RING,SIMPLE,16,0,RING,A_flag_ceiling
all_reduce_perf,1,8,32768,8192,float,sum,6.25,0.69,1.2,0,14.31,0.68,1.19,0,RING,SIMPLE,16,RING,SIMPLE,16,0,RING,A_flag_ceiling
all_reduce_perf,1,8,65536,16384,float,sum,5.85,1.37,2.4,0,12.65,1.4,2.45,0,RING,SIMPLE,16,RING,SIMPLE,16,0,RING,A_flag_ceiling
all_reduce_perf,1,8,131072,32768,float,sum,6.04,2.68,4.69,0,8.22,2.55,4.47,0,RING,SIMPLE,16,RING,SIMPLE,16,0,RING,A_flag_ceiling
all_reduce_perf,1,8,262144,65536,float,sum,6.05,5.58,9.76,0,7.69,5.64,9.87,0,RING,SIMPLE,16,RING,SIMPLE,16,0,RING,A_flag_ceiling
all_reduce_perf,1,8,524288,131072,float,sum,15.48,10.83,18.96,0,6.05,11.44,20.01,0,RING,SIMPLE,16,RING,SIMPLE,16,0,RING,A_flag_ceiling
all_reduce_perf,1,8,1048576,262144,float,sum,19.47,19.05,33.34,0,6.07,21.81,38.16,0,RING,SIMPLE,16,RING,SIMPLE,16,0,RING,A_flag_ceiling
all_reduce_perf,1,8,2097152,524288,float,sum,6.05,34.84,60.97,0,8.38,35.73,62.53,0,RING,SIMPLE,16,RING,SIMPLE,16,0,RING,A_flag_ceiling
all_reduce_perf,1,8,4194304,1048576,float,sum,6.12,50.78,88.86,0,12.33,51.59,90.28,0,RING,SIMPLE,16,RING,SIMPLE,16,0,RING,A_flag_ceiling
all_reduce_perf,1,8,8388608,2097152,float,sum,6.23,66.74,116.8,0,19.67,61.06,106.85,0,RING,SIMPLE,16,RING,SIMPLE,16,0,RING,A_flag_ceiling
all_reduce_perf,1,8,16777216,4194304,float,sum,6.07,79.41,138.97,0,6.05,80.51,140.9,0,RING,SIMPLE,16,RING,SIMPLE,16,0,RING,A_flag_ceiling
all_reduce_perf,1,8,33554432,8388608,float,sum,19.42,89.61,156.82,0,6.04,90.85,158.99,0,RING,SIMPLE,16,RING,SIMPLE,16,0,RING,A_flag_ceiling
all_reduce_perf,1,8,67108864,16777216,float,sum,11.26,96.32,168.57,0,6.85,97.07,169.88,0,RING,SIMPLE,16,RING,SIMPLE,16,0,RING*,A_flag_ceiling
all_reduce_perf,1,8,134217728,33554432,float,sum,6.65,101.02,176.78,0,11.32,100.85,176.48,0,RING,SIMPLE,16,RING,SIMPLE,16,0,RING*,A_flag_ceiling
all_reduce_perf,1,8,268435456,67108864,float,sum,6.75,103.01,180.26,0,11.19,103.04,180.32,0,RING,SIMPLE,16,RING,SIMPLE,16,0,RING*,A_flag_ceiling
all_reduce_perf,1,8,536870912,134217728,float,sum,6.98,102.81,179.92,0,22.62,102.6,179.56,0,RING,SIMPLE,16,RING,SIMPLE,16,0,RING*,A_flag_ceiling
all_reduce_perf,1,8,4096,1024,float,sum,6.37,0.13,0.23,0,5.86,0.15,0.27,0,RING,LL,16,RING,LL,16,0,RING,A_flag_ceiling
all_reduce_perf,1,8,8192,2048,float,sum,22.69,0.24,0.42,0,6.37,0.3,0.53,0,RING,LL,16,RING,LL,16,0,RING,A_flag_ceiling
all_reduce_perf,1,8,16384,4096,float,sum,18.53,0.41,0.72,0,5.89,0.59,1.03,0,RING,LL,16,RING,LL,16,0,RING,A_flag_ceiling
all_reduce_perf,1,8,32768,8192,float,sum,6.7,1.15,2.01,0,7.21,1.14,1.99,0,RING,LL,16,RING,LL,16,0,RING,A_flag_ceiling
all_reduce_perf,1,8,65536,16384,float,sum,6.01,2.31,4.05,0,6.84,2.36,4.13,0,RING,LL,16,RING,LL,16,0,RING,A_flag_ceiling
all_reduce_perf,1,8,131072,32768,float,sum,5.95,4.53,7.92,0,19.94,3.19,5.58,0,RING,LL,16,RING,LL,16,0,RING,A_flag_ceiling
all_reduce_perf,1,8,262144,65536,float,sum,6.8,8.58,15.01,0,6.0,9.08,15.89,0,RING,LL,16,RING,LL,16,0,RING,A_flag_ceiling
all_reduce_perf,1,8,524288,131072,float,sum,10.86,12.6,22.06,0,6.04,13.26,23.2,0,RING,LL,16,RING,LL,16,0,RING,A_flag_ceiling
all_reduce_perf,1,8,1048576,262144,float,sum,11.18,16.59,29.03,0,5.96,16.87,29.53,0,RING,LL,16,RING,LL,16,0,RING,A_flag_ceiling
all_reduce_perf,1,8,2097152,524288,float,sum,6.03,19.32,33.81,0,12.4,19.52,34.16,0,RING,LL,16,RING,LL,16,0,RING,A_flag_ceiling
all_reduce_perf,1,8,4194304,1048576,float,sum,6.14,20.24,35.42,0,15.54,20.36,35.64,0,RING,LL,16,RING,LL,16,0,RING,A_flag_ceiling
all_reduce_perf,1,8,8388608,2097152,float,sum,6.0,20.59,36.04,0,22.38,19.93,34.89,0,RING,LL,16,RING,LL,16,0,RING,A_flag_ceiling
all_reduce_perf,1,8,16777216,4194304,float,sum,6.18,20.87,36.53,0,5.97,21.08,36.89,0,RING,LL,16,RING,LL,16,0,RING,A_flag_ceiling
all_reduce_perf,1,8,33554432,8388608,float,sum,24.0,20.85,36.49,0,6.15,21.16,37.03,0,RING,LL,16,RING,LL,16,0,RING,A_flag_ceiling
all_reduce_perf,1,8,67108864,16777216,float,sum,24.64,22.3,39.03,0,7.08,22.31,39.05,0,RING,LL,16,RING,LL,16,0,RING*,A_flag_ceiling
all_reduce_perf,1,8,134217728,33554432,float,sum,6.67,22.0,38.5,0,12.45,21.95,38.41,0,RING,LL,16,RING,LL,16,0,RING*,A_flag_ceiling
all_reduce_perf,1,8,268435456,67108864,float,sum,6.94,21.85,38.24,0,13.11,21.81,38.16,0,RING,LL,16,RING,LL,16,0,RING*,A_flag_ceiling
all_reduce_perf,1,8,536870912,134217728,float,sum,6.98,21.49,37.6,0,22.45,21.68,37.93,0,RING,LL,16,RING,LL,16,0,RING*,A_flag_ceiling
all_reduce_perf,1,8,4096,1024,float,sum,5.95,0.09,0.15,0,5.84,0.09,0.16,0,RING,SIMPLE,24,RING,SIMPLE,24,0,RING,A_flag_ceiling
all_reduce_perf,1,8,8192,2048,float,sum,6.95,0.18,0.32,0,5.77,0.19,0.33,0,RING,SIMPLE,24,RING,SIMPLE,24,0,RING,A_flag_ceiling
all_reduce_perf,1,8,16384,4096,float,sum,7.74,0.34,0.6,0,5.72,0.37,0.64,0,RING,SIMPLE,24,RING,SIMPLE,24,0,RING,A_flag_ceiling
all_reduce_perf,1,8,32768,8192,float,sum,6.01,0.69,1.21,0,6.88,0.68,1.19,0,RING,SIMPLE,24,RING,SIMPLE,24,0,RING,A_flag_ceiling
all_reduce_perf,1,8,65536,16384,float,sum,5.83,1.35,2.37,0,17.77,1.39,2.43,0,RING,SIMPLE,24,RING,SIMPLE,24,0,RING,A_flag_ceiling
all_reduce_perf,1,8,131072,32768,float,sum,5.94,2.76,4.83,0,21.34,2.12,3.7,0,RING,SIMPLE,24,RING,SIMPLE,24,0,RING,A_flag_ceiling
all_reduce_perf,1,8,262144,65536,float,sum,6.12,5.59,9.78,0,5.99,5.7,9.98,0,RING,SIMPLE,24,RING,SIMPLE,24,0,RING,A_flag_ceiling
all_reduce_perf,1,8,524288,131072,float,sum,17.26,10.68,18.7,0,6.06,11.24,19.68,0,RING,SIMPLE,24,RING,SIMPLE,24,0,RING,A_flag_ceiling
all_reduce_perf,1,8,1048576,262144,float,sum,8.92,21.5,37.63,0,6.19,22.03,38.56,0,RING,SIMPLE,24,RING,SIMPLE,24,0,RING,A_flag_ceiling
all_reduce_perf,1,8,2097152,524288,float,sum,7.2,35.17,61.54,0,10.8,35.66,62.4,0,RING,SIMPLE,24,RING,SIMPLE,24,0,RING,A_flag_ceiling
all_reduce_perf,1,8,4194304,1048576,float,sum,6.29,58.08,101.65,0,11.57,58.15,101.77,0,RING,SIMPLE,24,RING,SIMPLE,24,0,RING,A_flag_ceiling
all_reduce_perf,1,8,8388608,2097152,float,sum,6.07,79.32,138.8,0,18.85,71.99,125.99,0,RING,SIMPLE,24,RING,SIMPLE,24,0,RING,A_flag_ceiling
all_reduce_perf,1,8,16777216,4194304,float,sum,6.21,102.5,179.38,0,5.96,104.8,183.39,0,RING,SIMPLE,24,RING,SIMPLE,24,0,RING,A_flag_ceiling
all_reduce_perf,1,8,33554432,8388608,float,sum,20.74,119.48,209.08,0,6.21,121.59,212.78,0,RING,SIMPLE,24,RING,SIMPLE,24,0,RING,A_flag_ceiling
all_reduce_perf,1,8,67108864,16777216,float,sum,13.06,135.29,236.75,0,7.48,135.36,236.88,0,RING,SIMPLE,24,RING,SIMPLE,24,0,RING*,A_flag_ceiling
all_reduce_perf,1,8,134217728,33554432,float,sum,7.31,142.99,250.24,0,11.79,143.24,250.67,0,RING,SIMPLE,24,RING,SIMPLE,24,0,RING*,A_flag_ceiling
all_reduce_perf,1,8,268435456,67108864,float,sum,7.35,147.75,258.56,0,23.17,147.77,258.6,0,RING,SIMPLE,24,RING,SIMPLE,24,0,RING*,A_flag_ceiling
all_reduce_perf,1,8,536870912,134217728,float,sum,7.3,148.73,260.29,0,21.9,148.06,259.11,0,RING,SIMPLE,24,RING,SIMPLE,24,0,RING*,A_flag_ceiling
all_reduce_perf,1,8,4096,1024,float,sum,6.18,0.13,0.23,0,6.26,0.1,0.18,0,RING,LL,24,RING,LL,24,0,RING,A_flag_ceiling
all_reduce_perf,1,8,8192,2048,float,sum,16.02,0.28,0.49,0,5.76,0.3,0.53,0,RING,LL,24,RING,LL,24,0,RING,A_flag_ceiling
all_reduce_perf,1,8,16384,4096,float,sum,15.75,0.45,0.79,0,5.87,0.58,1.02,0,RING,LL,24,RING,LL,24,0,RING,A_flag_ceiling
all_reduce_perf,1,8,32768,8192,float,sum,7.14,1.16,2.03,0,15.81,1.14,1.99,0,RING,LL,24,RING,LL,24,0,RING,A_flag_ceiling
all_reduce_perf,1,8,65536,16384,float,sum,6.02,2.28,3.99,0,18.61,1.93,3.38,0,RING,LL,24,RING,LL,24,0,RING,A_flag_ceiling
all_reduce_perf,1,8,131072,32768,float,sum,6.15,4.56,7.98,0,14.15,3.52,6.16,0,RING,LL,24,RING,LL,24,0,RING,A_flag_ceiling
all_reduce_perf,1,8,262144,65536,float,sum,6.17,8.69,15.2,0,6.13,9.14,15.99,0,RING,LL,24,RING,LL,24,0,RING,A_flag_ceiling
all_reduce_perf,1,8,524288,131072,float,sum,13.61,12.61,22.07,0,6.04,13.27,23.23,0,RING,LL,24,RING,LL,24,0,RING,A_flag_ceiling
all_reduce_perf,1,8,1048576,262144,float,sum,9.06,19.9,34.83,0,6.06,20.52,35.92,0,RING,LL,24,RING,LL,24,0,RING,A_flag_ceiling
all_reduce_perf,1,8,2097152,524288,float,sum,6.18,24.31,42.54,0,8.34,24.55,42.97,0,RING,LL,24,RING,LL,24,0,RING,A_flag_ceiling
all_reduce_perf,1,8,4194304,1048576,float,sum,6.2,27.62,48.33,0,16.09,27.7,48.47,0,RING,LL,24,RING,LL,24,0,RING,A_flag_ceiling
all_reduce_perf,1,8,8388608,2097152,float,sum,6.12,29.29,51.26,0,13.79,28.39,49.68,0,RING,LL,24,RING,LL,24,0,RING,A_flag_ceiling
all_reduce_perf,1,8,16777216,4194304,float,sum,6.14,30.23,52.89,0,6.1,30.63,53.6,0,RING,LL,24,RING,LL,24,0,RING,A_flag_ceiling
all_reduce_perf,1,8,33554432,8388608,float,sum,11.21,30.65,53.64,0,6.25,31.0,54.25,0,RING,LL,24,RING,LL,24,0,RING,A_flag_ceiling
all_reduce_perf,1,8,67108864,16777216,float,sum,12.24,32.86,57.51,0,7.41,33.19,58.07,0,RING,LL,24,RING,LL,24,0,RING*,A_flag_ceiling
all_reduce_perf,1,8,134217728,33554432,float,sum,7.25,32.66,57.15,0,18.72,32.77,57.35,0,RING,LL,24,RING,LL,24,0,RING*,A_flag_ceiling
all_reduce_perf,1,8,268435456,67108864,float,sum,7.43,32.51,56.9,0,18.92,32.87,57.52,0,RING,LL,24,RING,LL,24,0,RING*,A_flag_ceiling
all_reduce_perf,1,8,536870912,134217728,float,sum,7.74,32.43,56.75,0,16.13,32.53,56.92,0,RING,LL,24,RING,LL,24,0,RING*,A_flag_ceiling
all_reduce_perf,1,8,4096,1024,float,sum,6.28,0.09,0.16,0,6.08,0.09,0.17,0,RING,SIMPLE,32,RING,SIMPLE,32,0,RING,A_flag_ceiling
all_reduce_perf,1,8,8192,2048,float,sum,6.92,0.19,0.32,0,5.76,0.19,0.34,0,RING,SIMPLE,32,RING,SIMPLE,32,0,RING,A_flag_ceiling
all_reduce_perf,1,8,16384,4096,float,sum,14.37,0.34,0.6,0,5.92,0.36,0.62,0,RING,SIMPLE,32,RING,SIMPLE,32,0,RING,A_flag_ceiling
all_reduce_perf,1,8,32768,8192,float,sum,5.99,0.67,1.17,0,14.23,0.68,1.2,0,RING,SIMPLE,32,RING,SIMPLE,32,0,RING,A_flag_ceiling
all_reduce_perf,1,8,65536,16384,float,sum,5.84,1.35,2.36,0,6.82,1.36,2.38,0,RING,SIMPLE,32,RING,SIMPLE,32,0,RING,A_flag_ceiling
all_reduce_perf,1,8,131072,32768,float,sum,6.09,2.69,4.71,0,18.42,2.1,3.67,0,RING,SIMPLE,32,RING,SIMPLE,32,0,RING,A_flag_ceiling
all_reduce_perf,1,8,262144,65536,float,sum,6.28,5.45,9.54,0,6.29,5.46,9.56,0,RING,SIMPLE,32,RING,SIMPLE,32,0,RING,A_flag_ceiling
all_reduce_perf,1,8,524288,131072,float,sum,8.32,10.65,18.64,0,6.23,11.14,19.5,0,RING,SIMPLE,32,RING,SIMPLE,32,0,RING,A_flag_ceiling
all_reduce_perf,1,8,1048576,262144,float,sum,18.13,20.15,35.26,0,6.44,22.16,38.78,0,RING,SIMPLE,32,RING,SIMPLE,32,0,RING,A_flag_ceiling
all_reduce_perf,1,8,2097152,524288,float,sum,6.5,40.89,71.56,0,10.6,42.46,74.3,0,RING,SIMPLE,32,RING,SIMPLE,32,0,RING,A_flag_ceiling
all_reduce_perf,1,8,4194304,1048576,float,sum,6.32,66.51,116.39,0,20.66,66.43,116.26,0,RING,SIMPLE,32,RING,SIMPLE,32,0,RING,A_flag_ceiling
all_reduce_perf,1,8,8388608,2097152,float,sum,6.29,94.86,166.0,0,21.73,82.46,144.31,0,RING,SIMPLE,32,RING,SIMPLE,32,0,RING,A_flag_ceiling
all_reduce_perf,1,8,16777216,4194304,float,sum,6.29,121.08,211.89,0,6.14,124.11,217.19,0,RING,SIMPLE,32,RING,SIMPLE,32,0,RING,A_flag_ceiling
all_reduce_perf,1,8,33554432,8388608,float,sum,22.2,142.0,248.5,0,6.38,143.11,250.44,0,RING,SIMPLE,32,RING,SIMPLE,32,0,RING,A_flag_ceiling
all_reduce_perf,1,8,67108864,16777216,float,sum,19.88,167.42,292.99,0,7.87,168.08,294.13,0,RING,SIMPLE,32,RING,SIMPLE,32,0,RING*,A_flag_ceiling
all_reduce_perf,1,8,134217728,33554432,float,sum,7.8,180.02,315.03,0,22.85,179.91,314.84,0,RING,SIMPLE,32,RING,SIMPLE,32,0,RING*,A_flag_ceiling
all_reduce_perf,1,8,268435456,67108864,float,sum,8.0,185.89,325.31,0,21.5,186.21,325.87,0,RING,SIMPLE,32,RING,SIMPLE,32,0,RING*,A_flag_ceiling
all_reduce_perf,1,8,536870912,134217728,float,sum,7.94,189.97,332.45,0,19.9,188.35,329.6,0,RING,SIMPLE,32,RING,SIMPLE,32,0,RING*,A_flag_ceiling
all_reduce_perf,1,8,4096,1024,float,sum,6.03,0.12,0.22,0,6.12,0.15,0.26,0,RING,LL,32,RING,LL,32,0,RING,A_flag_ceiling
all_reduce_perf,1,8,8192,2048,float,sum,15.44,0.27,0.48,0,6.67,0.3,0.52,0,RING,LL,32,RING,LL,32,0,RING,A_flag_ceiling
all_reduce_perf,1,8,16384,4096,float,sum,9.13,0.46,0.8,0,6.17,0.58,1.01,0,RING,LL,32,RING,LL,32,0,RING,A_flag_ceiling
all_reduce_perf,1,8,32768,8192,float,sum,6.34,1.15,2.01,0,8.01,1.11,1.94,0,RING,LL,32,RING,LL,32,0,RING,A_flag_ceiling
all_reduce_perf,1,8,65536,16384,float,sum,6.31,2.32,4.07,0,16.56,2.09,3.67,0,RING,LL,32,RING,LL,32,0,RING,A_flag_ceiling
all_reduce_perf,1,8,131072,32768,float,sum,7.41,4.53,7.93,0,18.31,3.26,5.71,0,RING,LL,32,RING,LL,32,0,RING,A_flag_ceiling
all_reduce_perf,1,8,262144,65536,float,sum,6.42,8.94,15.64,0,6.58,9.14,15.99,0,RING,LL,32,RING,LL,32,0,RING,A_flag_ceiling
all_reduce_perf,1,8,524288,131072,float,sum,9.51,16.16,28.28,0,6.39,17.9,31.33,0,RING,LL,32,RING,LL,32,0,RING,A_flag_ceiling
all_reduce_perf,1,8,1048576,262144,float,sum,9.44,23.47,41.07,0,6.39,25.71,44.99,0,RING,LL,32,RING,LL,32,0,RING,A_flag_ceiling
all_reduce_perf,1,8,2097152,524288,float,sum,6.4,32.49,56.86,0,9.86,32.99,57.73,0,RING,LL,32,RING,LL,32,0,RING,A_flag_ceiling
all_reduce_perf,1,8,4194304,1048576,float,sum,6.38,37.8,66.15,0,16.41,37.72,66.0,0,RING,LL,32,RING,LL,32,0,RING,A_flag_ceiling
all_reduce_perf,1,8,8388608,2097152,float,sum,6.28,39.62,69.34,0,20.59,37.43,65.5,0,RING,LL,32,RING,LL,32,0,RING,A_flag_ceiling
all_reduce_perf,1,8,16777216,4194304,float,sum,6.25,40.39,70.68,0,6.43,40.89,71.56,0,RING,LL,32,RING,LL,32,0,RING,A_flag_ceiling
all_reduce_perf,1,8,33554432,8388608,float,sum,19.99,40.39,70.69,0,6.38,41.14,72.0,0,RING,LL,32,RING,LL,32,0,RING,A_flag_ceiling
all_reduce_perf,1,8,67108864,16777216,float,sum,11.64,44.15,77.26,0,8.11,44.23,77.4,0,RING,LL,32,RING,LL,32,0,RING*,A_flag_ceiling
all_reduce_perf,1,8,134217728,33554432,float,sum,7.81,43.72,76.5,0,13.19,43.88,76.8,0,RING,LL,32,RING,LL,32,0,RING*,A_flag_ceiling
all_reduce_perf,1,8,268435456,67108864,float,sum,8.06,43.6,76.3,0,20.4,43.7,76.48,0,RING,LL,32,RING,LL,32,0,RING*,A_flag_ceiling
all_reduce_perf,1,8,536870912,134217728,float,sum,8.13,43.3,75.78,0,18.01,43.3,75.77,0,RING,LL,32,RING,LL,32,0,RING*,A_flag_ceiling
all_reduce_perf,1,8,4096,1024,float,sum,6.01,0.09,0.15,0,5.94,0.09,0.16,0,RING,SIMPLE,40,RING,SIMPLE,40,0,RING,A_flag_ceiling
all_reduce_perf,1,8,8192,2048,float,sum,14.7,0.19,0.33,0,6.04,0.19,0.33,0,RING,SIMPLE,40,RING,SIMPLE,40,0,RING,A_flag_ceiling
all_reduce_perf,1,8,16384,4096,float,sum,16.7,0.33,0.57,0,5.78,0.37,0.64,0,RING,SIMPLE,40,RING,SIMPLE,40,0,RING,A_flag_ceiling
all_reduce_perf,1,8,32768,8192,float,sum,6.35,0.69,1.21,0,20.49,0.69,1.21,0,RING,SIMPLE,40,RING,SIMPLE,40,0,RING,A_flag_ceiling
all_reduce_perf,1,8,65536,16384,float,sum,6.0,1.34,2.35,0,15.11,1.38,2.41,0,RING,SIMPLE,40,RING,SIMPLE,40,0,RING,A_flag_ceiling
all_reduce_perf,1,8,131072,32768,float,sum,5.92,2.72,4.75,0,21.07,2.13,3.74,0,RING,SIMPLE,40,RING,SIMPLE,40,0,RING,A_flag_ceiling
all_reduce_perf,1,8,262144,65536,float,sum,6.41,5.38,9.42,0,6.38,5.48,9.59,0,RING,SIMPLE,40,RING,SIMPLE,40,0,RING,A_flag_ceiling
all_reduce_perf,1,8,524288,131072,float,sum,21.22,10.62,18.59,0,6.2,11.31,19.79,0,RING,SIMPLE,40,RING,SIMPLE,40,0,RING,A_flag_ceiling
all_reduce_perf,1,8,1048576,262144,float,sum,10.43,21.38,37.42,0,6.26,22.12,38.72,0,RING,SIMPLE,40,RING,SIMPLE,40,0,RING,A_flag_ceiling
all_reduce_perf,1,8,2097152,524288,float,sum,6.35,40.98,71.72,0,14.7,42.44,74.27,0,RING,SIMPLE,40,RING,SIMPLE,40,0,RING,A_flag_ceiling
all_reduce_perf,1,8,4194304,1048576,float,sum,6.46,67.07,117.37,0,17.85,67.59,118.29,0,RING,SIMPLE,40,RING,SIMPLE,40,0,RING,A_flag_ceiling
all_reduce_perf,1,8,8388608,2097152,float,sum,6.42,97.76,171.07,0,19.64,87.58,153.26,0,RING,SIMPLE,40,RING,SIMPLE,40,0,RING,A_flag_ceiling
all_reduce_perf,1,8,16777216,4194304,float,sum,6.29,134.61,235.57,0,6.26,137.64,240.87,0,RING,SIMPLE,40,RING,SIMPLE,40,0,RING,A_flag_ceiling
all_reduce_perf,1,8,33554432,8388608,float,sum,11.57,166.1,290.67,0,6.32,168.63,295.1,0,RING,SIMPLE,40,RING,SIMPLE,40,0,RING,A_flag_ceiling
all_reduce_perf,1,8,67108864,16777216,float,sum,12.74,187.79,328.63,0,9.18,188.09,329.15,0,RING,SIMPLE,40,RING,SIMPLE,40,0,RING*,A_flag_ceiling
all_reduce_perf,1,8,134217728,33554432,float,sum,8.44,200.81,351.41,0,18.38,201.28,352.24,0,RING,SIMPLE,40,RING,SIMPLE,40,0,RING*,A_flag_ceiling
all_reduce_perf,1,8,268435456,67108864,float,sum,8.51,209.33,366.32,0,20.93,209.03,365.8,0,RING,SIMPLE,40,RING,SIMPLE,40,0,RING*,A_flag_ceiling
all_reduce_perf,1,8,536870912,134217728,float,sum,8.42,213.02,372.78,0,24.02,211.39,369.93,0,RING,SIMPLE,40,RING,SIMPLE,40,0,RING*,A_flag_ceiling
all_reduce_perf,1,8,4096,1024,float,sum,6.22,0.12,0.22,0,6.02,0.15,0.26,0,RING,LL,40,RING,LL,40,0,RING,A_flag_ceiling
all_reduce_perf,1,8,8192,2048,float,sum,16.92,0.28,0.49,0,6.0,0.3,0.52,0,RING,LL,40,RING,LL,40,0,RING,A_flag_ceiling
all_reduce_perf,1,8,16384,4096,float,sum,17.1,0.45,0.79,0,6.06,0.56,0.98,0,RING,LL,40,RING,LL,40,0,RING,A_flag_ceiling
all_reduce_perf,1,8,32768,8192,float,sum,6.84,1.11,1.94,0,7.42,1.12,1.97,0,RING,LL,40,RING,LL,40,0,RING,A_flag_ceiling
all_reduce_perf,1,8,65536,16384,float,sum,6.38,2.31,4.04,0,14.07,2.06,3.61,0,RING,LL,40,RING,LL,40,0,RING,A_flag_ceiling
all_reduce_perf,1,8,131072,32768,float,sum,6.23,4.6,8.06,0,17.24,3.28,5.75,0,RING,LL,40,RING,LL,40,0,RING,A_flag_ceiling
all_reduce_perf,1,8,262144,65536,float,sum,6.51,8.89,15.56,0,6.47,9.31,16.3,0,RING,LL,40,RING,LL,40,0,RING,A_flag_ceiling
all_reduce_perf,1,8,524288,131072,float,sum,17.68,16.85,29.49,0,6.47,18.3,32.03,0,RING,LL,40,RING,LL,40,0,RING,A_flag_ceiling
all_reduce_perf,1,8,1048576,262144,float,sum,17.4,22.53,39.43,0,6.5,26.22,45.88,0,RING,LL,40,RING,LL,40,0,RING,A_flag_ceiling
all_reduce_perf,1,8,2097152,524288,float,sum,6.41,32.77,57.35,0,15.8,33.1,57.92,0,RING,LL,40,RING,LL,40,0,RING,A_flag_ceiling
all_reduce_perf,1,8,4194304,1048576,float,sum,6.67,42.03,73.56,0,13.2,42.11,73.7,0,RING,LL,40,RING,LL,40,0,RING,A_flag_ceiling
all_reduce_perf,1,8,8388608,2097152,float,sum,6.49,46.68,81.69,0,16.36,44.28,77.5,0,RING,LL,40,RING,LL,40,0,RING,A_flag_ceiling
all_reduce_perf,1,8,16777216,4194304,float,sum,6.39,47.79,83.63,0,6.43,48.75,85.32,0,RING,LL,40,RING,LL,40,0,RING,A_flag_ceiling
all_reduce_perf,1,8,33554432,8388608,float,sum,15.41,48.91,85.6,0,6.51,49.51,86.64,0,RING,LL,40,RING,LL,40,0,RING,A_flag_ceiling
all_reduce_perf,1,8,67108864,16777216,float,sum,24.28,53.66,93.9,0,8.7,53.6,93.8,0,RING,LL,40,RING,LL,40,0,RING*,A_flag_ceiling
all_reduce_perf,1,8,134217728,33554432,float,sum,8.49,54.17,94.8,0,21.23,53.82,94.19,0,RING,LL,40,RING,LL,40,0,RING*,A_flag_ceiling
all_reduce_perf,1,8,268435456,67108864,float,sum,8.66,53.51,93.64,0,19.89,53.6,93.8,0,RING,LL,40,RING,LL,40,0,RING*,A_flag_ceiling
all_reduce_perf,1,8,536870912,134217728,float,sum,8.74,53.82,94.19,0,22.63,53.38,93.41,0,RING,LL,40,RING,LL,40,0,RING*,A_flag_ceiling
all_reduce_perf,1,8,4096,1024,float,sum,6.03,0.08,0.15,0,6.06,0.09,0.16,0,RING,SIMPLE,48,RING,SIMPLE,48,0,RING,A_flag_ceiling
all_reduce_perf,1,8,8192,2048,float,sum,13.39,0.19,0.33,0,6.2,0.19,0.33,0,RING,SIMPLE,48,RING,SIMPLE,48,0,RING,A_flag_ceiling
all_reduce_perf,1,8,16384,4096,float,sum,10.17,0.33,0.57,0,5.91,0.36,0.64,0,RING,SIMPLE,48,RING,SIMPLE,48,0,RING,A_flag_ceiling
all_reduce_perf,1,8,32768,8192,float,sum,6.07,0.67,1.17,0,11.44,0.69,1.21,0,RING,SIMPLE,48,RING,SIMPLE,48,0,RING,A_flag_ceiling
all_reduce_perf,1,8,65536,16384,float,sum,5.93,1.32,2.32,0,6.67,1.4,2.45,0,RING,SIMPLE,48,RING,SIMPLE,48,0,RING,A_flag_ceiling
all_reduce_perf,1,8,131072,32768,float,sum,6.06,2.72,4.76,0,15.33,2.31,4.05,0,RING,SIMPLE,48,RING,SIMPLE,48,0,RING,A_flag_ceiling
all_reduce_perf,1,8,262144,65536,float,sum,7.06,5.33,9.32,0,6.41,5.53,9.67,0,RING,SIMPLE,48,RING,SIMPLE,48,0,RING,A_flag_ceiling
all_reduce_perf,1,8,524288,131072,float,sum,16.35,10.78,18.87,0,6.36,11.17,19.55,0,RING,SIMPLE,48,RING,SIMPLE,48,0,RING,A_flag_ceiling
all_reduce_perf,1,8,1048576,262144,float,sum,18.0,19.62,34.34,0,6.46,21.83,38.2,0,RING,SIMPLE,48,RING,SIMPLE,48,0,RING,A_flag_ceiling
all_reduce_perf,1,8,2097152,524288,float,sum,6.43,41.23,72.15,0,7.24,42.67,74.68,0,RING,SIMPLE,48,RING,SIMPLE,48,0,RING,A_flag_ceiling
all_reduce_perf,1,8,4194304,1048576,float,sum,7.27,66.48,116.35,0,19.79,66.57,116.49,0,RING,SIMPLE,48,RING,SIMPLE,48,0,RING,A_flag_ceiling
all_reduce_perf,1,8,8388608,2097152,float,sum,6.69,105.08,183.88,0,18.47,92.88,162.53,0,RING,SIMPLE,48,RING,SIMPLE,48,0,RING,A_flag_ceiling
all_reduce_perf,1,8,16777216,4194304,float,sum,6.53,136.43,238.75,0,6.49,139.03,243.3,0,RING,SIMPLE,48,RING,SIMPLE,48,0,RING,A_flag_ceiling
all_reduce_perf,1,8,33554432,8388608,float,sum,13.96,167.04,292.33,0,6.57,169.19,296.08,0,RING,SIMPLE,48,RING,SIMPLE,48,0,RING,A_flag_ceiling
all_reduce_perf,1,8,67108864,16777216,float,sum,14.75,194.0,339.5,0,9.86,196.01,343.02,0,RING,SIMPLE,48,RING,SIMPLE,48,0,RING*,A_flag_ceiling
all_reduce_perf,1,8,134217728,33554432,float,sum,8.95,210.85,368.98,0,10.48,211.27,369.72,0,RING,SIMPLE,48,RING,SIMPLE,48,0,RING*,A_flag_ceiling
all_reduce_perf,1,8,268435456,67108864,float,sum,9.06,217.14,379.99,0,20.09,217.07,379.88,0,RING,SIMPLE,48,RING,SIMPLE,48,0,RING*,A_flag_ceiling
all_reduce_perf,1,8,536870912,134217728,float,sum,9.12,219.96,384.93,0,20.41,219.19,383.58,0,RING,SIMPLE,48,RING,SIMPLE,48,0,RING*,A_flag_ceiling
all_reduce_perf,1,8,4096,1024,float,sum,5.88,0.14,0.24,0,5.79,0.15,0.26,0,RING,LL,48,RING,LL,48,0,RING,A_flag_ceiling
all_reduce_perf,1,8,8192,2048,float,sum,18.68,0.27,0.47,0,5.96,0.3,0.52,0,RING,LL,48,RING,LL,48,0,RING,A_flag_ceiling
all_reduce_perf,1,8,16384,4096,float,sum,19.48,0.43,0.74,0,5.98,0.59,1.03,0,RING,LL,48,RING,LL,48,0,RING,A_flag_ceiling
all_reduce_perf,1,8,32768,8192,float,sum,5.97,1.14,1.99,0,18.11,1.13,1.98,0,RING,LL,48,RING,LL,48,0,RING,A_flag_ceiling
all_reduce_perf,1,8,65536,16384,float,sum,6.13,2.29,4.01,0,9.3,2.11,3.69,0,RING,LL,48,RING,LL,48,0,RING,A_flag_ceiling
all_reduce_perf,1,8,131072,32768,float,sum,6.25,4.58,8.01,0,16.54,3.41,5.96,0,RING,LL,48,RING,LL,48,0,RING,A_flag_ceiling
all_reduce_perf,1,8,262144,65536,float,sum,6.53,8.83,15.44,0,6.53,9.19,16.09,0,RING,LL,48,RING,LL,48,0,RING,A_flag_ceiling
all_reduce_perf,1,8,524288,131072,float,sum,9.34,17.1,29.92,0,6.25,17.82,31.18,0,RING,LL,48,RING,LL,48,0,RING,A_flag_ceiling
all_reduce_perf,1,8,1048576,262144,float,sum,17.17,22.22,38.89,0,6.53,26.35,46.11,0,RING,LL,48,RING,LL,48,0,RING,A_flag_ceiling
all_reduce_perf,1,8,2097152,524288,float,sum,6.5,39.32,68.81,0,16.31,39.58,69.26,0,RING,LL,48,RING,LL,48,0,RING,A_flag_ceiling
all_reduce_perf,1,8,4194304,1048576,float,sum,6.59,47.05,82.34,0,8.57,47.13,82.49,0,RING,LL,48,RING,LL,48,0,RING,A_flag_ceiling
all_reduce_perf,1,8,8388608,2097152,float,sum,6.47,53.09,92.91,0,14.69,50.44,88.28,0,RING,LL,48,RING,LL,48,0,RING,A_flag_ceiling
all_reduce_perf,1,8,16777216,4194304,float,sum,6.58,56.0,98.0,0,6.54,57.14,99.99,0,RING,LL,48,RING,LL,48,0,RING,A_flag_ceiling
all_reduce_perf,1,8,33554432,8388608,float,sum,17.89,58.09,101.65,0,6.58,58.95,103.16,0,RING,LL,48,RING,LL,48,0,RING,A_flag_ceiling
all_reduce_perf,1,8,67108864,16777216,float,sum,19.63,64.18,112.31,0,8.81,64.29,112.52,0,RING,LL,48,RING,LL,48,0,RING*,A_flag_ceiling
all_reduce_perf,1,8,134217728,33554432,float,sum,8.76,64.59,113.04,0,18.1,64.64,113.11,0,RING,LL,48,RING,LL,48,0,RING*,A_flag_ceiling
all_reduce_perf,1,8,268435456,67108864,float,sum,8.89,63.83,111.7,0,11.23,64.52,112.9,0,RING,LL,48,RING,LL,48,0,RING*,A_flag_ceiling
all_reduce_perf,1,8,536870912,134217728,float,sum,9.07,63.95,111.92,0,22.31,64.01,112.02,0,RING,LL,48,RING,LL,48,0,RING*,A_flag_ceiling
all_reduce_perf,1,8,4096,1024,float,sum,5.74,0.09,0.15,0,5.41,0.1,0.17,0,RING,SIMPLE,56,RING,SIMPLE,56,0,RING,A_flag_ceiling
all_reduce_perf,1,8,8192,2048,float,sum,6.3,0.19,0.33,0,5.05,0.19,0.33,0,RING,SIMPLE,56,RING,SIMPLE,56,0,RING,A_flag_ceiling
all_reduce_perf,1,8,16384,4096,float,sum,15.31,0.3,0.53,0,5.17,0.36,0.64,0,RING,SIMPLE,56,RING,SIMPLE,56,0,RING,A_flag_ceiling
all_reduce_perf,1,8,32768,8192,float,sum,5.27,0.69,1.21,0,6.16,0.69,1.2,0,RING,SIMPLE,56,RING,SIMPLE,56,0,RING,A_flag_ceiling
all_reduce_perf,1,8,65536,16384,float,sum,5.18,1.38,2.41,0,18.99,1.4,2.44,0,RING,SIMPLE,56,RING,SIMPLE,56,0,RING,A_flag_ceiling
all_reduce_perf,1,8,131072,32768,float,sum,5.35,2.76,4.83,0,19.17,1.84,3.22,0,RING,SIMPLE,56,RING,SIMPLE,56,0,RING,A_flag_ceiling
all_reduce_perf,1,8,262144,65536,float,sum,5.7,5.43,9.51,0,5.74,5.55,9.71,0,RING,SIMPLE,56,RING,SIMPLE,56,0,RING,A_flag_ceiling
all_reduce_perf,1,8,524288,131072,float,sum,6.58,10.8,18.91,0,5.64,11.31,19.79,0,RING,SIMPLE,56,RING,SIMPLE,56,0,RING,A_flag_ceiling
all_reduce_perf,1,8,1048576,262144,float,sum,18.2,19.12,33.46,0,5.74,22.03,38.55,0,RING,SIMPLE,56,RING,SIMPLE,56,0,RING,A_flag_ceiling
all_reduce_perf,1,8,2097152,524288,float,sum,5.94,41.85,73.24,0,13.09,42.99,75.24,0,RING,SIMPLE,56,RING,SIMPLE,56,0,RING,A_flag_ceiling
all_reduce_perf,1,8,4194304,1048576,float,sum,5.96,68.26,119.45,0,20.42,69.0,120.75,0,RING,SIMPLE,56,RING,SIMPLE,56,0,RING,A_flag_ceiling
all_reduce_perf,1,8,8388608,2097152,float,sum,5.94,106.67,186.67,0,19.2,92.55,161.97,0,RING,SIMPLE,56,RING,SIMPLE,56,0,RING,A_flag_ceiling
all_reduce_perf,1,8,16777216,4194304,float,sum,5.97,148.11,259.19,0,5.95,151.7,265.47,0,RING,SIMPLE,56,RING,SIMPLE,56,0,RING,A_flag_ceiling
all_reduce_perf,1,8,33554432,8388608,float,sum,8.98,178.73,312.77,0,6.11,180.36,315.63,0,RING,SIMPLE,56,RING,SIMPLE,56,0,RING,A_flag_ceiling
all_reduce_perf,1,8,67108864,16777216,float,sum,23.71,199.52,349.16,0,8.81,201.65,352.89,0,RING,SIMPLE,56,RING,SIMPLE,56,0,RING*,A_flag_ceiling
all_reduce_perf,1,8,134217728,33554432,float,sum,8.68,216.17,378.3,0,9.64,215.91,377.84,0,RING,SIMPLE,56,RING,SIMPLE,56,0,RING*,A_flag_ceiling
all_reduce_perf,1,8,268435456,67108864,float,sum,8.9,222.01,388.52,0,13.35,221.49,387.61,0,RING,SIMPLE,56,RING,SIMPLE,56,0,RING*,A_flag_ceiling
all_reduce_perf,1,8,536870912,134217728,float,sum,8.93,225.86,395.25,0,22.52,225.01,393.76,0,RING,SIMPLE,56,RING,SIMPLE,56,0,RING*,A_flag_ceiling
all_reduce_perf,1,8,4096,1024,float,sum,6.8,0.13,0.23,0,6.63,0.15,0.26,0,RING,LL,56,RING,LL,56,0,RING,A_flag_ceiling
all_reduce_perf,1,8,8192,2048,float,sum,19.23,0.27,0.48,0,7.01,0.29,0.5,0,RING,LL,56,RING,LL,56,0,RING,A_flag_ceiling
all_reduce_perf,1,8,16384,4096,float,sum,16.94,0.45,0.79,0,6.36,0.58,1.02,0,RING,LL,56,RING,LL,56,0,RING,A_flag_ceiling
all_reduce_perf,1,8,32768,8192,float,sum,8.59,1.16,2.04,0,19.56,1.14,2.0,0,RING,LL,56,RING,LL,56,0,RING,A_flag_ceiling
all_reduce_perf,1,8,65536,16384,float,sum,6.86,2.28,4.0,0,19.8,1.94,3.4,0,RING,LL,56,RING,LL,56,0,RING,A_flag_ceiling
all_reduce_perf,1,8,131072,32768,float,sum,6.93,4.56,7.99,0,16.84,3.5,6.12,0,RING,LL,56,RING,LL,56,0,RING,A_flag_ceiling
all_reduce_perf,1,8,262144,65536,float,sum,7.21,9.05,15.85,0,7.24,9.2,16.1,0,RING,LL,56,RING,LL,56,0,RING,A_flag_ceiling
all_reduce_perf,1,8,524288,131072,float,sum,17.23,17.28,30.24,0,7.41,18.2,31.84,0,RING,LL,56,RING,LL,56,0,RING,A_flag_ceiling
all_reduce_perf,1,8,1048576,262144,float,sum,20.74,21.68,37.93,0,7.3,26.33,46.09,0,RING,LL,56,RING,LL,56,0,RING,A_flag_ceiling
all_reduce_perf,1,8,2097152,524288,float,sum,7.35,38.95,68.16,0,18.33,40.1,70.17,0,RING,LL,56,RING,LL,56,0,RING,A_flag_ceiling
all_reduce_perf,1,8,4194304,1048576,float,sum,7.34,53.95,94.42,0,9.21,52.94,92.65,0,RING,LL,56,RING,LL,56,0,RING,A_flag_ceiling
all_reduce_perf,1,8,8388608,2097152,float,sum,7.37,57.3,100.28,0,13.91,54.12,94.71,0,RING,LL,56,RING,LL,56,0,RING,A_flag_ceiling
all_reduce_perf,1,8,16777216,4194304,float,sum,7.34,62.87,110.03,0,7.27,63.65,111.39,0,RING,LL,56,RING,LL,56,0,RING,A_flag_ceiling
all_reduce_perf,1,8,33554432,8388608,float,sum,13.7,66.09,115.66,0,7.44,67.41,117.97,0,RING,LL,56,RING,LL,56,0,RING,A_flag_ceiling
all_reduce_perf,1,8,67108864,16777216,float,sum,23.59,73.22,128.14,0,10.21,73.65,128.89,0,RING,LL,56,RING,LL,56,0,RING*,A_flag_ceiling
all_reduce_perf,1,8,134217728,33554432,float,sum,10.22,74.04,129.57,0,13.84,73.86,129.25,0,RING,LL,56,RING,LL,56,0,RING*,A_flag_ceiling
all_reduce_perf,1,8,268435456,67108864,float,sum,10.78,73.62,128.83,0,21.01,73.54,128.69,0,RING,LL,56,RING,LL,56,0,RING*,A_flag_ceiling
all_reduce_perf,1,8,536870912,134217728,float,sum,10.98,73.67,128.92,0,22.18,73.76,129.07,0,RING,LL,56,RING,LL,56,0,RING*,A_flag_ceiling
all_reduce_perf,1,8,4096,1024,float,sum,5.94,0.15,0.26,0,5.99,0.17,0.29,0,TREE,LL,1,TREE,LL,1,0,TREE,A_flag_ceiling
all_reduce_perf,1,8,8192,2048,float,sum,10.27,0.3,0.52,0,5.84,0.29,0.51,0,TREE,LL,1,TREE,LL,1,0,TREE,A_flag_ceiling
all_reduce_perf,1,8,16384,4096,float,sum,21.33,0.36,0.63,0,5.73,0.47,0.83,0,TREE,LL,1,TREE,LL,1,0,TREE,A_flag_ceiling
all_reduce_perf,1,8,32768,8192,float,sum,5.76,0.69,1.21,0,21.16,0.68,1.19,0,TREE,LL,1,TREE,LL,1,0,TREE,A_flag_ceiling
all_reduce_perf,1,8,65536,16384,float,sum,5.78,0.9,1.57,0,8.88,0.92,1.6,0,TREE,LL,1,TREE,LL,1,0,TREE,A_flag_ceiling
all_reduce_perf,1,8,131072,32768,float,sum,5.77,1.08,1.89,0,17.8,0.98,1.72,0,TREE,LL,1,TREE,LL,1,0,TREE,A_flag_ceiling
all_reduce_perf,1,8,262144,65536,float,sum,5.86,1.18,2.06,0,5.89,1.18,2.06,0,TREE,LL,1,TREE,LL,1,0,TREE,A_flag_ceiling
all_reduce_perf,1,8,524288,131072,float,sum,19.26,1.24,2.17,0,5.73,1.24,2.18,0,TREE,LL,1,TREE,LL,1,0,TREE,A_flag_ceiling
all_reduce_perf,1,8,1048576,262144,float,sum,15.58,1.28,2.24,0,5.68,1.3,2.27,0,TREE,LL,1,TREE,LL,1,0,TREE,A_flag_ceiling
all_reduce_perf,1,8,2097152,524288,float,sum,5.7,1.3,2.28,0,16.56,1.31,2.29,0,TREE,LL,1,TREE,LL,1,0,TREE,A_flag_ceiling
all_reduce_perf,1,8,4194304,1048576,float,sum,5.75,1.33,2.33,0,19.1,1.34,2.34,0,TREE,LL,1,TREE,LL,1,0,TREE,A_flag_ceiling
all_reduce_perf,1,8,8388608,2097152,float,sum,5.79,1.35,2.36,0,15.96,1.34,2.35,0,TREE,LL,1,TREE,LL,1,0,TREE,A_flag_ceiling
all_reduce_perf,1,8,16777216,4194304,float,sum,5.76,1.36,2.38,0,5.89,1.37,2.39,0,TREE,LL,1,TREE,LL,1,0,TREE,A_flag_ceiling
all_reduce_perf,1,8,33554432,8388608,float,sum,18.23,1.36,2.39,0,5.72,1.37,2.4,0,TREE,LL,1,TREE,LL,1,0,TREE,A_flag_ceiling
all_reduce_perf,1,8,67108864,16777216,float,sum,16.15,1.36,2.38,0,5.89,1.37,2.41,0,TREE,LL,1,TREE,LL,1,0,TREE,A_flag_ceiling
all_reduce_perf,1,8,134217728,33554432,float,sum,6.04,1.36,2.39,0,15.95,1.38,2.41,0,TREE,LL,1,TREE,LL,1,0,TREE,A_flag_ceiling
all_reduce_perf,1,8,268435456,67108864,float,sum,6.32,1.36,2.38,0,22.23,1.39,2.43,0,TREE,LL,1,TREE,LL,1,0,TREE,A_flag_ceiling
all_reduce_perf,1,8,536870912,134217728,float,sum,7.09,1.38,2.42,0,21.76,1.39,2.43,0,TREE,LL,1,TREE,LL,1,0,TREE,A_flag_ceiling
all_reduce_perf,1,8,4096,1024,float,sum,6.08,0.15,0.27,0,6.38,0.18,0.32,0,TREE,LL,2,TREE,LL,2,0,TREE,A_flag_ceiling
all_reduce_perf,1,8,8192,2048,float,sum,11.86,0.29,0.52,0,5.92,0.33,0.57,0,TREE,LL,2,TREE,LL,2,0,TREE,A_flag_ceiling
all_reduce_perf,1,8,16384,4096,float,sum,16.8,0.44,0.78,0,6.02,0.55,0.97,0,TREE,LL,2,TREE,LL,2,0,TREE,A_flag_ceiling
all_reduce_perf,1,8,32768,8192,float,sum,6.25,0.92,1.61,0,11.27,0.89,1.55,0,TREE,LL,2,TREE,LL,2,0,TREE,A_flag_ceiling
all_reduce_perf,1,8,65536,16384,float,sum,5.73,1.32,2.31,0,10.39,1.33,2.34,0,TREE,LL,2,TREE,LL,2,0,TREE,A_flag_ceiling
all_reduce_perf,1,8,131072,32768,float,sum,5.77,1.76,3.08,0,14.02,1.55,2.72,0,TREE,LL,2,TREE,LL,2,0,TREE,A_flag_ceiling
all_reduce_perf,1,8,262144,65536,float,sum,5.79,2.09,3.66,0,5.8,2.09,3.66,0,TREE,LL,2,TREE,LL,2,0,TREE,A_flag_ceiling
all_reduce_perf,1,8,524288,131072,float,sum,14.9,2.29,4.01,0,5.66,2.31,4.04,0,TREE,LL,2,TREE,LL,2,0,TREE,A_flag_ceiling
all_reduce_perf,1,8,1048576,262144,float,sum,17.9,2.43,4.25,0,5.63,2.43,4.25,0,TREE,LL,2,TREE,LL,2,0,TREE,A_flag_ceiling
all_reduce_perf,1,8,2097152,524288,float,sum,5.9,2.49,4.36,0,10.42,2.5,4.38,0,TREE,LL,2,TREE,LL,2,0,TREE,A_flag_ceiling
all_reduce_perf,1,8,4194304,1048576,float,sum,5.96,2.55,4.46,0,10.72,2.55,4.46,0,TREE,LL,2,TREE,LL,2,0,TREE,A_flag_ceiling
all_reduce_perf,1,8,8388608,2097152,float,sum,5.82,2.55,4.46,0,10.6,2.57,4.49,0,TREE,LL,2,TREE,LL,2,0,TREE,A_flag_ceiling
all_reduce_perf,1,8,16777216,4194304,float,sum,5.75,2.56,4.47,0,5.85,2.59,4.53,0,TREE,LL,2,TREE,LL,2,0,TREE,A_flag_ceiling
all_reduce_perf,1,8,33554432,8388608,float,sum,21.21,2.59,4.53,0,6.01,2.61,4.57,0,TREE,LL,2,TREE,LL,2,0,TREE,A_flag_ceiling
all_reduce_perf,1,8,67108864,16777216,float,sum,18.66,2.58,4.52,0,5.75,2.64,4.61,0,TREE,LL,2,TREE,LL,2,0,TREE,A_flag_ceiling
all_reduce_perf,1,8,134217728,33554432,float,sum,5.73,2.58,4.52,0,18.43,2.64,4.62,0,TREE,LL,2,TREE,LL,2,0,TREE,A_flag_ceiling
all_reduce_perf,1,8,268435456,67108864,float,sum,6.02,2.61,4.57,0,22.47,2.64,4.62,0,TREE,LL,2,TREE,LL,2,0,TREE,A_flag_ceiling
all_reduce_perf,1,8,536870912,134217728,float,sum,6.69,2.6,4.55,0,26.16,2.63,4.6,0,TREE,LL,2,TREE,LL,2,0,TREE,A_flag_ceiling
all_reduce_perf,1,8,4096,1024,float,sum,6.06,0.15,0.26,0,5.97,0.18,0.32,0,TREE,LL,4,TREE,LL,4,0,TREE,A_flag_ceiling
all_reduce_perf,1,8,8192,2048,float,sum,17.61,0.3,0.53,0,6.03,0.34,0.6,0,TREE,LL,4,TREE,LL,4,0,TREE,A_flag_ceiling
all_reduce_perf,1,8,16384,4096,float,sum,19.89,0.42,0.74,0,5.93,0.63,1.11,0,TREE,LL,4,TREE,LL,4,0,TREE,A_flag_ceiling
all_reduce_perf,1,8,32768,8192,float,sum,6.8,1.08,1.9,0,13.43,1.05,1.84,0,TREE,LL,4,TREE,LL,4,0,TREE,A_flag_ceiling
all_reduce_perf,1,8,65536,16384,float,sum,5.73,1.76,3.08,0,6.77,1.77,3.09,0,TREE,LL,4,TREE,LL,4,0,TREE,A_flag_ceiling
all_reduce_perf,1,8,131072,32768,float,sum,5.72,2.58,4.51,0,13.05,2.08,3.64,0,TREE,LL,4,TREE,LL,4,0,TREE,A_flag_ceiling
all_reduce_perf,1,8,262144,65536,float,sum,5.76,3.37,5.9,0,5.82,3.38,5.92,0,TREE,LL,4,TREE,LL,4,0,TREE,A_flag_ceiling
all_reduce_perf,1,8,524288,131072,float,sum,13.64,3.95,6.92,0,5.67,3.99,6.98,0,TREE,LL,4,TREE,LL,4,0,TREE,A_flag_ceiling
all_reduce_perf,1,8,1048576,262144,float,sum,21.57,4.38,7.66,0,5.71,4.35,7.61,0,TREE,LL,4,TREE,LL,4,0,TREE,A_flag_ceiling
all_reduce_perf,1,8,2097152,524288,float,sum,5.73,4.63,8.1,0,7.09,4.61,8.06,0,TREE,LL,4,TREE,LL,4,0,TREE,A_flag_ceiling
all_reduce_perf,1,8,4194304,1048576,float,sum,5.81,4.72,8.27,0,6.88,4.69,8.21,0,TREE,LL,4,TREE,LL,4,0,TREE,A_flag_ceiling
all_reduce_perf,1,8,8388608,2097152,float,sum,5.77,4.8,8.39,0,8.78,4.72,8.26,0,TREE,LL,4,TREE,LL,4,0,TREE,A_flag_ceiling
all_reduce_perf,1,8,16777216,4194304,float,sum,5.72,4.85,8.49,0,5.78,4.77,8.35,0,TREE,LL,4,TREE,LL,4,0,TREE,A_flag_ceiling
all_reduce_perf,1,8,33554432,8388608,float,sum,15.27,4.93,8.62,0,5.82,4.87,8.52,0,TREE,LL,4,TREE,LL,4,0,TREE,A_flag_ceiling
all_reduce_perf,1,8,67108864,16777216,float,sum,20.75,4.97,8.7,0,5.93,4.91,8.6,0,TREE,LL,4,TREE,LL,4,0,TREE,A_flag_ceiling
all_reduce_perf,1,8,134217728,33554432,float,sum,5.83,4.99,8.74,0,18.88,4.9,8.57,0,TREE,LL,4,TREE,LL,4,0,TREE,A_flag_ceiling
all_reduce_perf,1,8,268435456,67108864,float,sum,6.09,5.02,8.78,0,7.99,4.96,8.68,0,TREE,LL,4,TREE,LL,4,0,TREE,A_flag_ceiling
all_reduce_perf,1,8,536870912,134217728,float,sum,6.17,5.03,8.8,0,15.62,5.01,8.76,0,TREE,LL,4,TREE,LL,4,0,TREE,A_flag_ceiling
all_reduce_perf,1,8,4096,1024,float,sum,6.12,0.17,0.3,0,6.29,0.18,0.31,0,TREE,LL,8,TREE,LL,8,0,TREE,A_flag_ceiling
all_reduce_perf,1,8,8192,2048,float,sum,21.13,0.27,0.47,0,6.37,0.35,0.61,0,TREE,LL,8,TREE,LL,8,0,TREE,A_flag_ceiling
all_reduce_perf,1,8,16384,4096,float,sum,15.61,0.48,0.85,0,5.97,0.69,1.2,0,TREE,LL,8,TREE,LL,8,0,TREE,A_flag_ceiling
all_reduce_perf,1,8,32768,8192,float,sum,6.69,1.19,2.09,0,8.61,1.14,2.0,0,TREE,LL,8,TREE,LL,8,0,TREE,A_flag_ceiling
all_reduce_perf,1,8,65536,16384,float,sum,7.12,2.05,3.59,0,14.78,1.98,3.47,0,TREE,LL,8,TREE,LL,8,0,TREE,A_flag_ceiling
all_reduce_perf,1,8,131072,32768,float,sum,5.94,3.38,5.92,0,17.06,2.65,4.63,0,TREE,LL,8,TREE,LL,8,0,TREE,A_flag_ceiling
all_reduce_perf,1,8,262144,65536,float,sum,5.92,5.05,8.84,0,6.93,4.96,8.67,0,TREE,LL,8,TREE,LL,8,0,TREE,A_flag_ceiling
all_reduce_perf,1,8,524288,131072,float,sum,17.28,6.57,11.5,0,5.78,6.66,11.65,0,TREE,LL,8,TREE,LL,8,0,TREE,A_flag_ceiling
all_reduce_perf,1,8,1048576,262144,float,sum,17.28,7.9,13.83,0,5.95,7.88,13.79,0,TREE,LL,8,TREE,LL,8,0,TREE,A_flag_ceiling
all_reduce_perf,1,8,2097152,524288,float,sum,5.93,8.65,15.14,0,12.66,8.68,15.2,0,TREE,LL,8,TREE,LL,8,0,TREE,A_flag_ceiling
all_reduce_perf,1,8,4194304,1048576,float,sum,6.01,9.13,15.98,0,18.39,9.12,15.97,0,TREE,LL,8,TREE,LL,8,0,TREE,A_flag_ceiling
all_reduce_perf,1,8,8388608,2097152,float,sum,5.97,9.39,16.43,0,14.09,9.2,16.1,0,TREE,LL,8,TREE,LL,8,0,TREE,A_flag_ceiling
all_reduce_perf,1,8,16777216,4194304,float,sum,5.79,9.53,16.68,0,5.91,9.43,16.5,0,TREE,LL,8,TREE,LL,8,0,TREE,A_flag_ceiling
all_reduce_perf,1,8,33554432,8388608,float,sum,15.95,9.61,16.82,0,6.04,9.44,16.51,0,TREE,LL,8,TREE,LL,8,0,TREE,A_flag_ceiling
all_reduce_perf,1,8,67108864,16777216,float,sum,17.76,9.6,16.8,0,6.09,9.46,16.55,0,TREE,LL,8,TREE,LL,8,0,TREE,A_flag_ceiling
all_reduce_perf,1,8,134217728,33554432,float,sum,5.94,9.55,16.72,0,17.24,9.52,16.66,0,TREE,LL,8,TREE,LL,8,0,TREE,A_flag_ceiling
all_reduce_perf,1,8,268435456,67108864,float,sum,6.16,9.6,16.79,0,20.66,9.6,16.8,0,TREE,LL,8,TREE,LL,8,0,TREE,A_flag_ceiling
all_reduce_perf,1,8,536870912,134217728,float,sum,6.42,9.63,16.85,0,9.01,9.63,16.85,0,TREE,LL,8,TREE,LL,8,0,TREE,A_flag_ceiling
all_reduce_perf,1,8,4096,1024,float,sum,6.16,0.15,0.26,0,6.02,0.19,0.33,0,TREE,LL,16,TREE,LL,16,0,TREE,A_flag_ceiling
all_reduce_perf,1,8,8192,2048,float,sum,16.21,0.3,0.52,0,5.66,0.36,0.63,0,TREE,LL,16,TREE,LL,16,0,TREE,A_flag_ceiling
all_reduce_perf,1,8,16384,4096,float,sum,10.03,0.64,1.12,0,5.93,0.68,1.19,0,TREE,LL,16,TREE,LL,16,0,TREE,A_flag_ceiling
all_reduce_perf,1,8,32768,8192,float,sum,6.1,1.37,2.39,0,17.22,1.29,2.25,0,TREE,LL,16,TREE,LL,16,0,TREE,A_flag_ceiling
all_reduce_perf,1,8,65536,16384,float,sum,6.28,2.4,4.2,0,19.46,1.94,3.39,0,TREE,LL,16,TREE,LL,16,0,TREE,A_flag_ceiling
all_reduce_perf,1,8,131072,32768,float,sum,6.06,4.18,7.31,0,19.86,2.93,5.13,0,TREE,LL,16,TREE,LL,16,0,TREE,A_flag_ceiling
all_reduce_perf,1,8,262144,65536,float,sum,6.15,6.7,11.72,0,6.18,6.85,11.98,0,TREE,LL,16,TREE,LL,16,0,TREE,A_flag_ceiling
all_reduce_perf,1,8,524288,131072,float,sum,18.74,9.75,17.06,0,5.96,10.09,17.66,0,TREE,LL,16,TREE,LL,16,0,TREE,A_flag_ceiling
all_reduce_perf,1,8,1048576,262144,float,sum,17.53,13.08,22.89,0,6.03,13.23,23.16,0,TREE,LL,16,TREE,LL,16,0,TREE,A_flag_ceiling
all_reduce_perf,1,8,2097152,524288,float,sum,6.05,15.66,27.4,0,13.94,15.67,27.42,0,TREE,LL,16,TREE,LL,16,0,TREE,A_flag_ceiling
all_reduce_perf,1,8,4194304,1048576,float,sum,6.08,17.24,30.16,0,15.29,17.14,29.99,0,TREE,LL,16,TREE,LL,16,0,TREE,A_flag_ceiling
all_reduce_perf,1,8,8388608,2097152,float,sum,6.1,18.21,31.86,0,16.54,17.6,30.8,0,TREE,LL,16,TREE,LL,16,0,TREE,A_flag_ceiling
all_reduce_perf,1,8,16777216,4194304,float,sum,6.1,18.72,32.76,0,6.01,18.55,32.47,0,TREE,LL,16,TREE,LL,16,0,TREE,A_flag_ceiling
all_reduce_perf,1,8,33554432,8388608,float,sum,11.65,18.72,32.75,0,6.9,18.8,32.9,0,TREE,LL,16,TREE,LL,16,0,TREE,A_flag_ceiling
all_reduce_perf,1,8,67108864,16777216,float,sum,18.33,18.77,32.84,0,6.87,18.95,33.16,0,TREE,LL,16,TREE,LL,16,0,TREE,A_flag_ceiling
all_reduce_perf,1,8,134217728,33554432,float,sum,5.96,18.78,32.86,0,10.2,18.96,33.18,0,TREE,LL,16,TREE,LL,16,0,TREE,A_flag_ceiling
all_reduce_perf,1,8,268435456,67108864,float,sum,6.21,18.83,32.95,0,12.87,18.96,33.18,0,TREE,LL,16,TREE,LL,16,0,TREE,A_flag_ceiling
all_reduce_perf,1,8,536870912,134217728,float,sum,6.19,18.82,32.94,0,18.5,19.01,33.27,0,TREE,LL,16,TREE,LL,16,0,TREE,A_flag_ceiling
all_reduce_perf,1,8,4096,1024,float,sum,6.04,0.16,0.28,0,5.94,0.18,0.32,0,TREE,LL,24,TREE,LL,24,0,TREE,A_flag_ceiling
all_reduce_perf,1,8,8192,2048,float,sum,18.78,0.28,0.5,0,6.0,0.35,0.62,0,TREE,LL,24,TREE,LL,24,0,TREE,A_flag_ceiling
all_reduce_perf,1,8,16384,4096,float,sum,11.88,0.49,0.86,0,6.04,0.68,1.19,0,TREE,LL,24,TREE,LL,24,0,TREE,A_flag_ceiling
all_reduce_perf,1,8,32768,8192,float,sum,6.71,1.34,2.34,0,17.45,1.26,2.21,0,TREE,LL,24,TREE,LL,24,0,TREE,A_flag_ceiling
all_reduce_perf,1,8,65536,16384,float,sum,6.23,2.42,4.24,0,17.97,2.01,3.53,0,TREE,LL,24,TREE,LL,24,0,TREE,A_flag_ceiling
all_reduce_perf,1,8,131072,32768,float,sum,6.42,4.41,7.72,0,18.16,3.17,5.55,0,TREE,LL,24,TREE,LL,24,0,TREE,A_flag_ceiling
all_reduce_perf,1,8,262144,65536,float,sum,6.31,7.39,12.93,0,6.28,7.35,12.87,0,TREE,LL,24,TREE,LL,24,0,TREE,A_flag_ceiling
all_reduce_perf,1,8,524288,131072,float,sum,18.74,11.66,20.4,0,6.29,11.89,20.82,0,TREE,LL,24,TREE,LL,24,0,TREE,A_flag_ceiling
all_reduce_perf,1,8,1048576,262144,float,sum,22.34,15.27,26.73,0,6.23,16.68,29.18,0,TREE,LL,24,TREE,LL,24,0,TREE,A_flag_ceiling
all_reduce_perf,1,8,2097152,524288,float,sum,6.32,21.24,37.18,0,16.29,21.11,36.95,0,TREE,LL,24,TREE,LL,24,0,TREE,A_flag_ceiling
all_reduce_perf,1,8,4194304,1048576,float,sum,6.33,24.27,42.48,0,7.35,24.02,42.04,0,TREE,LL,24,TREE,LL,24,0,TREE,A_flag_ceiling
all_reduce_perf,1,8,8388608,2097152,float,sum,6.4,26.28,45.99,0,16.12,25.38,44.41,0,TREE,LL,24,TREE,LL,24,0,TREE,A_flag_ceiling
all_reduce_perf,1,8,16777216,4194304,float,sum,6.37,27.28,47.75,0,6.2,27.26,47.71,0,TREE,LL,24,TREE,LL,24,0,TREE,A_flag_ceiling
all_reduce_perf,1,8,33554432,8388608,float,sum,22.91,27.66,48.4,0,6.29,27.39,47.93,0,TREE,LL,24,TREE,LL,24,0,TREE,A_flag_ceiling
all_reduce_perf,1,8,67108864,16777216,float,sum,23.56,27.67,48.42,0,6.48,27.54,48.2,0,TREE,LL,24,TREE,LL,24,0,TREE,A_flag_ceiling
all_reduce_perf,1,8,134217728,33554432,float,sum,6.26,27.91,48.84,0,16.87,27.84,48.73,0,TREE,LL,24,TREE,LL,24,0,TREE,A_flag_ceiling
all_reduce_perf,1,8,268435456,67108864,float,sum,6.41,27.97,48.95,0,20.91,27.86,48.75,0,TREE,LL,24,TREE,LL,24,0,TREE,A_flag_ceiling
all_reduce_perf,1,8,536870912,134217728,float,sum,6.63,28.17,49.29,0,18.92,27.78,48.62,0,TREE,LL,24,TREE,LL,24,0,TREE,A_flag_ceiling
all_reduce_perf,1,8,4096,1024,float,sum,6.14,0.15,0.26,0,6.18,0.18,0.32,0,TREE,LL,32,TREE,LL,32,0,TREE,A_flag_ceiling
all_reduce_perf,1,8,8192,2048,float,sum,16.32,0.32,0.57,0,6.02,0.35,0.61,0,TREE,LL,32,TREE,LL,32,0,TREE,A_flag_ceiling
all_reduce_perf,1,8,16384,4096,float,sum,16.83,0.51,0.9,0,6.06,0.66,1.15,0,TREE,LL,32,TREE,LL,32,0,TREE,A_flag_ceiling
all_reduce_perf,1,8,32768,8192,float,sum,6.28,1.33,2.32,0,19.52,1.2,2.1,0,TREE,LL,32,TREE,LL,32,0,TREE,A_flag_ceiling
all_reduce_perf,1,8,65536,16384,float,sum,6.49,2.6,4.54,0,18.58,2.1,3.67,0,TREE,LL,32,TREE,LL,32,0,TREE,A_flag_ceiling
all_reduce_perf,1,8,131072,32768,float,sum,6.63,4.63,8.1,0,17.65,3.38,5.92,0,TREE,LL,32,TREE,LL,32,0,TREE,A_flag_ceiling
all_reduce_perf,1,8,262144,65536,float,sum,6.65,8.13,14.23,0,6.75,8.09,14.17,0,TREE,LL,32,TREE,LL,32,0,TREE,A_flag_ceiling
all_reduce_perf,1,8,524288,131072,float,sum,17.37,12.83,22.45,0,6.45,13.09,22.9,0,TREE,LL,32,TREE,LL,32,0,TREE,A_flag_ceiling
all_reduce_perf,1,8,1048576,262144,float,sum,19.73,17.99,31.48,0,6.73,19.49,34.11,0,TREE,LL,32,TREE,LL,32,0,TREE,A_flag_ceiling
all_reduce_perf,1,8,2097152,524288,float,sum,6.75,25.5,44.62,0,19.71,25.74,45.04,0,TREE,LL,32,TREE,LL,32,0,TREE,A_flag_ceiling
all_reduce_perf,1,8,4194304,1048576,float,sum,6.82,30.49,53.36,0,10.83,30.27,52.98,0,TREE,LL,32,TREE,LL,32,0,TREE,A_flag_ceiling
all_reduce_perf,1,8,8388608,2097152,float,sum,6.91,33.48,58.59,0,18.35,32.0,56.01,0,TREE,LL,32,TREE,LL,32,0,TREE,A_flag_ceiling
all_reduce_perf,1,8,16777216,4194304,float,sum,6.73,35.53,62.18,0,6.69,35.35,61.87,0,TREE,LL,32,TREE,LL,32,0,TREE,A_flag_ceiling
all_reduce_perf,1,8,33554432,8388608,float,sum,15.35,36.09,63.16,0,6.7,36.17,63.3,0,TREE,LL,32,TREE,LL,32,0,TREE,A_flag_ceiling
all_reduce_perf,1,8,67108864,16777216,float,sum,16.66,36.41,63.72,0,6.73,36.39,63.68,0,TREE,LL,32,TREE,LL,32,0,TREE,A_flag_ceiling
all_reduce_perf,1,8,134217728,33554432,float,sum,6.65,36.73,64.28,0,19.03,36.67,64.18,0,TREE,LL,32,TREE,LL,32,0,TREE,A_flag_ceiling
all_reduce_perf,1,8,268435456,67108864,float,sum,6.66,36.73,64.28,0,18.7,36.85,64.49,0,TREE,LL,32,TREE,LL,32,0,TREE,A_flag_ceiling
all_reduce_perf,1,8,536870912,134217728,float,sum,6.87,36.85,64.48,0,17.03,36.81,64.41,0,TREE,LL,32,TREE,LL,32,0,TREE,A_flag_ceiling
all_reduce_perf,1,8,4096,1024,float,sum,6.04,0.17,0.3,0,5.89,0.17,0.3,0,TREE,LL,40,TREE,LL,40,0,TREE,A_flag_ceiling
all_reduce_perf,1,8,8192,2048,float,sum,19.02,0.29,0.5,0,5.67,0.35,0.61,0,TREE,LL,40,TREE,LL,40,0,TREE,A_flag_ceiling
all_reduce_perf,1,8,16384,4096,float,sum,16.09,0.49,0.86,0,6.02,0.66,1.16,0,TREE,LL,40,TREE,LL,40,0,TREE,A_flag_ceiling
all_reduce_perf,1,8,32768,8192,float,sum,7.23,1.34,2.35,0,11.06,1.23,2.15,0,TREE,LL,40,TREE,LL,40,0,TREE,A_flag_ceiling
all_reduce_perf,1,8,65536,16384,float,sum,6.84,2.61,4.56,0,16.49,2.28,3.99,0,TREE,LL,40,TREE,LL,40,0,TREE,A_flag_ceiling
all_reduce_perf,1,8,131072,32768,float,sum,6.9,4.72,8.27,0,17.36,3.46,6.06,0,TREE,LL,40,TREE,LL,40,0,TREE,A_flag_ceiling
all_reduce_perf,1,8,262144,65536,float,sum,7.15,8.18,14.31,0,7.06,8.15,14.27,0,TREE,LL,40,TREE,LL,40,0,TREE,A_flag_ceiling
all_reduce_perf,1,8,524288,131072,float,sum,17.79,13.34,23.34,0,6.97,13.69,23.96,0,TREE,LL,40,TREE,LL,40,0,TREE,A_flag_ceiling
all_reduce_perf,1,8,1048576,262144,float,sum,20.53,19.28,33.73,0,7.31,21.15,37.01,0,TREE,LL,40,TREE,LL,40,0,TREE,A_flag_ceiling
all_reduce_perf,1,8,2097152,524288,float,sum,7.41,29.01,50.77,0,17.97,29.03,50.81,0,TREE,LL,40,TREE,LL,40,0,TREE,A_flag_ceiling
all_reduce_perf,1,8,4194304,1048576,float,sum,7.24,35.52,62.17,0,16.94,35.11,61.44,0,TREE,LL,40,TREE,LL,40,0,TREE,A_flag_ceiling
all_reduce_perf,1,8,8388608,2097152,float,sum,7.23,40.27,70.47,0,12.26,38.98,68.21,0,TREE,LL,40,TREE,LL,40,0,TREE,A_flag_ceiling
all_reduce_perf,1,8,16777216,4194304,float,sum,7.44,43.07,75.38,0,7.39,42.9,75.08,0,TREE,LL,40,TREE,LL,40,0,TREE,A_flag_ceiling
all_reduce_perf,1,8,33554432,8388608,float,sum,18.1,44.4,77.71,0,7.07,44.47,77.83,0,TREE,LL,40,TREE,LL,40,0,TREE,A_flag_ceiling
all_reduce_perf,1,8,67108864,16777216,float,sum,18.24,44.82,78.43,0,7.5,45.03,78.8,0,TREE,LL,40,TREE,LL,40,0,TREE,A_flag_ceiling
all_reduce_perf,1,8,134217728,33554432,float,sum,7.24,45.28,79.24,0,20.04,45.37,79.39,0,TREE,LL,40,TREE,LL,40,0,TREE,A_flag_ceiling
all_reduce_perf,1,8,268435456,67108864,float,sum,7.36,45.45,79.54,0,12.09,45.5,79.63,0,TREE,LL,40,TREE,LL,40,0,TREE,A_flag_ceiling
all_reduce_perf,1,8,536870912,134217728,float,sum,7.59,45.75,80.07,0,22.53,45.59,79.79,0,TREE,LL,40,TREE,LL,40,0,TREE,A_flag_ceiling
all_reduce_perf,1,8,4096,1024,float,sum,5.9,0.16,0.28,0,5.95,0.18,0.31,0,TREE,LL,48,TREE,LL,48,0,TREE,A_flag_ceiling
all_reduce_perf,1,8,8192,2048,float,sum,18.69,0.27,0.47,0,5.76,0.35,0.62,0,TREE,LL,48,TREE,LL,48,0,TREE,A_flag_ceiling
all_reduce_perf,1,8,16384,4096,float,sum,16.92,0.5,0.88,0,5.92,0.67,1.18,0,TREE,LL,48,TREE,LL,48,0,TREE,A_flag_ceiling
all_reduce_perf,1,8,32768,8192,float,sum,6.48,1.35,2.36,0,18.87,1.27,2.22,0,TREE,LL,48,TREE,LL,48,0,TREE,A_flag_ceiling
all_reduce_perf,1,8,65536,16384,float,sum,6.54,2.66,4.65,0,19.54,2.07,3.61,0,TREE,LL,48,TREE,LL,48,0,TREE,A_flag_ceiling
all_reduce_perf,1,8,131072,32768,float,sum,6.4,4.71,8.25,0,9.37,3.84,6.72,0,TREE,LL,48,TREE,LL,48,0,TREE,A_flag_ceiling
all_reduce_perf,1,8,262144,65536,float,sum,7.95,8.75,15.32,0,6.94,8.78,15.36,0,TREE,LL,48,TREE,LL,48,0,TREE,A_flag_ceiling
all_reduce_perf,1,8,524288,131072,float,sum,11.84,13.97,24.44,0,6.87,14.27,24.97,0,TREE,LL,48,TREE,LL,48,0,TREE,A_flag_ceiling
all_reduce_perf,1,8,1048576,262144,float,sum,18.04,20.04,35.08,0,7.05,22.78,39.86,0,TREE,LL,48,TREE,LL,48,0,TREE,A_flag_ceiling
all_reduce_perf,1,8,2097152,524288,float,sum,6.89,31.98,55.96,0,13.04,31.85,55.73,0,TREE,LL,48,TREE,LL,48,0,TREE,A_flag_ceiling
all_reduce_perf,1,8,4194304,1048576,float,sum,7.05,40.63,71.1,0,10.3,39.88,69.79,0,TREE,LL,48,TREE,LL,48,0,TREE,A_flag_ceiling
all_reduce_perf,1,8,8388608,2097152,float,sum,7.06,46.64,81.62,0,11.25,45.02,78.78,0,TREE,LL,48,TREE,LL,48,0,TREE,A_flag_ceiling
all_reduce_perf,1,8,16777216,4194304,float,sum,6.89,50.64,88.62,0,7.1,50.24,87.92,0,TREE,LL,48,TREE,LL,48,0,TREE,A_flag_ceiling
all_reduce_perf,1,8,33554432,8388608,float,sum,20.33,52.34,91.59,0,7.0,52.12,91.21,0,TREE,LL,48,TREE,LL,48,0,TREE,A_flag_ceiling
all_reduce_perf,1,8,67108864,16777216,float,sum,19.66,53.09,92.91,0,7.15,53.2,93.1,0,TREE,LL,48,TREE,LL,48,0,TREE,A_flag_ceiling
all_reduce_perf,1,8,134217728,33554432,float,sum,6.89,53.74,94.05,0,12.27,53.72,94.01,0,TREE,LL,48,TREE,LL,48,0,TREE,A_flag_ceiling
all_reduce_perf,1,8,268435456,67108864,float,sum,7.12,53.85,94.24,0,18.07,54.15,94.77,0,TREE,LL,48,TREE,LL,48,0,TREE,A_flag_ceiling
all_reduce_perf,1,8,536870912,134217728,float,sum,7.04,54.35,95.11,0,19.23,54.1,94.68,0,TREE,LL,48,TREE,LL,48,0,TREE,A_flag_ceiling
all_reduce_perf,1,8,4096,1024,float,sum,6.02,0.17,0.29,0,5.99,0.18,0.32,0,TREE,LL,56,TREE,LL,56,0,TREE,A_flag_ceiling
all_reduce_perf,1,8,8192,2048,float,sum,7.07,0.3,0.53,0,5.96,0.35,0.6,0,TREE,LL,56,TREE,LL,56,0,TREE,A_flag_ceiling
all_reduce_perf,1,8,16384,4096,float,sum,16.69,0.51,0.9,0,6.15,0.69,1.21,0,TREE,LL,56,TREE,LL,56,0,TREE,A_flag_ceiling
all_reduce_perf,1,8,32768,8192,float,sum,6.43,1.3,2.28,0,10.2,1.3,2.28,0,TREE,LL,56,TREE,LL,56,0,TREE,A_flag_ceiling
all_reduce_perf,1,8,65536,16384,float,sum,6.59,2.63,4.6,0,10.54,2.65,4.64,0,TREE,LL,56,TREE,LL,56,0,TREE,A_flag_ceiling
all_reduce_perf,1,8,131072,32768,float,sum,7.84,4.75,8.32,0,20.92,3.23,5.65,0,TREE,LL,56,TREE,LL,56,0,TREE,A_flag_ceiling
all_reduce_perf,1,8,262144,65536,float,sum,7.02,8.61,15.07,0,7.05,8.8,15.4,0,TREE,LL,56,TREE,LL,56,0,TREE,A_flag_ceiling
all_reduce_perf,1,8,524288,131072,float,sum,21.73,14.79,25.88,0,7.12,15.35,26.86,0,TREE,LL,56,TREE,LL,56,0,TREE,A_flag_ceiling
all_reduce_perf,1,8,1048576,262144,float,sum,20.08,20.67,36.18,0,7.07,23.53,41.17,0,TREE,LL,56,TREE,LL,56,0,TREE,A_flag_ceiling
all_reduce_perf,1,8,2097152,524288,float,sum,7.29,34.39,60.19,0,8.41,34.42,60.24,0,TREE,LL,56,TREE,LL,56,0,TREE,A_flag_ceiling
all_reduce_perf,1,8,4194304,1048576,float,sum,7.35,45.07,78.88,0,23.42,44.17,77.31,0,TREE,LL,56,TREE,LL,56,0,TREE,A_flag_ceiling
all_reduce_perf,1,8,8388608,2097152,float,sum,7.19,52.22,91.38,0,25.05,46.56,81.47,0,TREE,LL,56,TREE,LL,56,0,TREE,A_flag_ceiling
all_reduce_perf,1,8,16777216,4194304,float,sum,7.14,57.29,100.25,0,7.03,56.97,99.69,0,TREE,LL,56,TREE,LL,56,0,TREE,A_flag_ceiling
all_reduce_perf,1,8,33554432,8388608,float,sum,21.41,59.64,104.37,0,7.34,59.54,104.2,0,TREE,LL,56,TREE,LL,56,0,TREE,A_flag_ceiling
all_reduce_perf,1,8,67108864,16777216,float,sum,19.22,60.37,105.64,0,7.34,60.59,106.03,0,TREE,LL,56,TREE,LL,56,0,TREE,A_flag_ceiling
all_reduce_perf,1,8,134217728,33554432,float,sum,7.23,61.25,107.19,0,21.75,61.44,107.52,0,TREE,LL,56,TREE,LL,56,0,TREE,A_flag_ceiling
all_reduce_perf,1,8,268435456,67108864,float,sum,7.44,61.59,107.78,0,20.6,61.64,107.88,0,TREE,LL,56,TREE,LL,56,0,TREE,A_flag_ceiling
all_reduce_perf,1,8,536870912,134217728,float,sum,7.47,62.1,108.67,0,20.51,62.24,108.92,0,TREE,LL,56,TREE,LL,56,0,TREE,A_flag_ceiling
all_reduce_perf,1,8,4096,1024,float,sum,6.03,0.14,0.25,0,6.1,0.16,0.29,0,TREE,LL,1,,,,0,TREE,A_flag_ceiling
all_reduce_perf,1,8,8192,2048,float,sum,13.29,0.28,0.49,0,5.92,0.28,0.49,0,TREE,LL,1,,,,0,TREE,A_flag_ceiling
all_reduce_perf,1,8,16384,4096,float,sum,18.06,0.38,0.66,0,5.78,0.48,0.83,0,TREE,LL,1,,,,0,TREE,A_flag_ceiling
all_reduce_perf,1,8,32768,8192,float,sum,5.86,0.9,1.58,0,14.63,0.88,1.54,0,TREE,LL,2,,,,0,TREE,A_flag_ceiling
all_reduce_perf,1,8,65536,16384,float,sum,5.81,1.71,2.99,0,14.76,1.75,3.06,0,TREE,LL,4,,,,0,TREE,A_flag_ceiling
all_reduce_perf,1,8,131072,32768,float,sum,5.81,3.43,6.0,0,18.93,2.54,4.45,0,TREE,LL,8,,,,0,TREE,A_flag_ceiling
all_reduce_perf,1,8,262144,65536,float,sum,6.28,6.64,11.61,0,6.29,6.72,11.75,0,TREE,LL,16,,,,0,TREE,A_flag_ceiling
all_reduce_perf,1,8,524288,131072,float,sum,17.38,10.76,18.82,0,5.9,11.45,20.03,0,RING,SIMPLE,16,,,,0,RING,A_flag_ceiling
all_reduce_perf,1,8,1048576,262144,float,sum,19.59,19.38,33.91,0,6.24,22.44,39.27,0,RING,SIMPLE,32,,,,0,RING,A_flag_ceiling
all_reduce_perf,1,8,2097152,524288,float,sum,6.68,41.81,73.16,0,17.75,42.93,75.13,0,RING,SIMPLE,56,,,,0,RING,A_flag_ceiling
all_reduce_perf,1,8,4194304,1048576,float,sum,6.71,67.69,118.46,0,18.62,68.36,119.63,0,RING,SIMPLE,56,,,,0,RING,A_flag_ceiling
all_reduce_perf,1,8,8388608,2097152,float,sum,6.73,105.37,184.4,0,11.7,102.29,179.01,0,RING,SIMPLE,56,,,,0,RING,A_flag_ceiling
all_reduce_perf,1,8,16777216,4194304,float,sum,6.58,147.51,258.15,0,6.6,150.13,262.74,0,RING,SIMPLE,56,,,,0,RING,A_flag_ceiling
all_reduce_perf,1,8,33554432,8388608,float,sum,17.57,178.22,311.88,0,6.67,179.54,314.19,0,RING,SIMPLE,56,,,,0,RING,A_flag_ceiling
all_reduce_perf,1,8,67108864,16777216,float,sum,21.65,200.37,350.65,0,9.74,200.89,351.55,0,RING,SIMPLE,56,,,,0,RING*,A_flag_ceiling
all_reduce_perf,1,8,134217728,33554432,float,sum,9.54,215.63,377.34,0,13.12,215.23,376.64,0,RING,SIMPLE,56,,,,0,RING*,A_flag_ceiling
all_reduce_perf,1,8,268435456,67108864,float,sum,9.72,221.88,388.29,0,25.08,222.17,388.81,0,RING,SIMPLE,56,,,,0,RING*,A_flag_ceiling
all_reduce_perf,1,8,536870912,134217728,float,sum,9.61,225.65,394.89,0,14.08,225.01,393.76,0,RING,SIMPLE,56,,,,0,RING*,A_flag_ceiling
