collective,num_nodes,num_gpus,size_bytes,count,data_type,redop,time_oop_us,algbw_oop,busbw_oop,errors_oop,time_ip_us,algbw_ip,busbw_ip,errors_ip,algo,proto,nchannels,requested_algo,requested_proto,requested_nchannels,substituted,measured_algo_raw,nchannels_source
all_reduce_perf,1,8,4096,1024,float,sum,94.84,0.04,0.08,0,40.66,0.1,0.18,0,RING,SIMPLE,1,RING,SIMPLE,1,0,RING,A_flag_ceiling
all_reduce_perf,1,8,8192,2048,float,sum,40.91,0.2,0.35,0,40.14,0.2,0.36,0,RING,SIMPLE,1,RING,SIMPLE,1,0,RING,A_flag_ceiling
all_reduce_perf,1,8,16384,4096,float,sum,41.46,0.4,0.69,0,39.08,0.42,0.73,0,RING,SIMPLE,1,RING,SIMPLE,1,0,RING,A_flag_ceiling
all_reduce_perf,1,8,32768,8192,float,sum,40.31,0.81,1.42,0,39.39,0.83,1.46,0,RING,SIMPLE,1,RING,SIMPLE,1,0,RING,A_flag_ceiling
all_reduce_perf,1,8,65536,16384,float,sum,42.33,1.55,2.71,0,41.29,1.59,2.78,0,RING,SIMPLE,1,RING,SIMPLE,1,0,RING,A_flag_ceiling
all_reduce_perf,1,8,131072,32768,float,sum,52.17,2.51,4.4,0,51.84,2.53,4.42,0,RING,SIMPLE,1,RING,SIMPLE,1,0,RING,A_flag_ceiling
all_reduce_perf,1,8,262144,65536,float,sum,73.22,3.58,6.27,0,72.53,3.61,6.33,0,RING,SIMPLE,1,RING,SIMPLE,1,0,RING,A_flag_ceiling
all_reduce_perf,1,8,524288,131072,float,sum,114.15,4.59,8.04,0,112.28,4.67,8.17,0,RING,SIMPLE,1,RING,SIMPLE,1,0,RING,A_flag_ceiling
all_reduce_perf,1,8,1048576,262144,float,sum,195.02,5.38,9.41,0,189.17,5.54,9.7,0,RING,SIMPLE,1,RING,SIMPLE,1,0,RING,A_flag_ceiling
all_reduce_perf,1,8,2097152,524288,float,sum,339.7,6.17,10.8,0,325.16,6.45,11.29,0,RING,SIMPLE,1,RING,SIMPLE,1,0,RING,A_flag_ceiling
all_reduce_perf,1,8,4194304,1048576,float,sum,612.03,6.85,11.99,0,578.9,7.25,12.68,0,RING,SIMPLE,1,RING,SIMPLE,1,0,RING,A_flag_ceiling
all_reduce_perf,1,8,8388608,2097152,float,sum,1214.95,6.9,12.08,0,1176.03,7.13,12.48,0,RING,SIMPLE,1,RING,SIMPLE,1,0,RING,A_flag_ceiling
all_reduce_perf,1,8,16777216,4194304,float,sum,2416.3,6.94,12.15,0,2373.01,7.07,12.37,0,RING,SIMPLE,1,RING,SIMPLE,1,0,RING,A_flag_ceiling
all_reduce_perf,1,8,33554432,8388608,float,sum,4801.03,6.99,12.23,0,4762.35,7.05,12.33,0,RING,SIMPLE,1,RING,SIMPLE,1,0,RING,A_flag_ceiling
all_reduce_perf,1,8,67108864,16777216,float,sum,9955.07,6.74,11.8,0,9935.41,6.75,11.82,0,RING,SIMPLE,1,RING,SIMPLE,1,0,RING*,A_flag_ceiling
all_reduce_perf,1,8,134217728,33554432,float,sum,19977.5,6.72,11.76,0,19918.9,6.74,11.79,0,RING,SIMPLE,1,RING,SIMPLE,1,0,RING*,A_flag_ceiling
all_reduce_perf,1,8,268435456,67108864,float,sum,40031.2,6.71,11.73,0,39930.5,6.72,11.76,0,RING,SIMPLE,1,RING,SIMPLE,1,0,RING*,A_flag_ceiling
all_reduce_perf,1,8,536870912,134217728,float,sum,79571.3,6.75,11.81,0,79381.7,6.76,11.84,0,RING,SIMPLE,1,RING,SIMPLE,1,0,RING*,A_flag_ceiling
all_reduce_perf,1,8,4096,1024,float,sum,25.19,0.16,0.28,0,23.34,0.18,0.31,0,RING,LL,1,RING,LL,1,0,RING,A_flag_ceiling
all_reduce_perf,1,8,8192,2048,float,sum,24.19,0.34,0.59,0,23.36,0.35,0.61,0,RING,LL,1,RING,LL,1,0,RING,A_flag_ceiling
all_reduce_perf,1,8,16384,4096,float,sum,27.38,0.6,1.05,0,24.1,0.68,1.19,0,RING,LL,1,RING,LL,1,0,RING,A_flag_ceiling
all_reduce_perf,1,8,32768,8192,float,sum,32.82,1.0,1.75,0,31.97,1.02,1.79,0,RING,LL,1,RING,LL,1,0,RING,A_flag_ceiling
all_reduce_perf,1,8,65536,16384,float,sum,51.38,1.28,2.23,0,50.62,1.29,2.27,0,RING,LL,1,RING,LL,1,0,RING,A_flag_ceiling
all_reduce_perf,1,8,131072,32768,float,sum,88.62,1.48,2.59,0,87.29,1.5,2.63,0,RING,LL,1,RING,LL,1,0,RING,A_flag_ceiling
all_reduce_perf,1,8,262144,65536,float,sum,171.26,1.53,2.68,0,170.03,1.54,2.7,0,RING,LL,1,RING,LL,1,0,RING,A_flag_ceiling
all_reduce_perf,1,8,524288,131072,float,sum,335.56,1.56,2.73,0,331.01,1.58,2.77,0,RING,LL,1,RING,LL,1,0,RING,A_flag_ceiling
all_reduce_perf,1,8,1048576,262144,float,sum,664.91,1.58,2.76,0,653.44,1.6,2.81,0,RING,LL,1,RING,LL,1,0,RING,A_flag_ceiling
all_reduce_perf,1,8,2097152,524288,float,sum,1321.28,1.59,2.78,0,1300.54,1.61,2.82,0,RING,LL,1,RING,LL,1,0,RING,A_flag_ceiling
all_reduce_perf,1,8,4194304,1048576,float,sum,2628.83,1.6,2.79,0,2594.19,1.62,2.83,0,RING,LL,1,RING,LL,1,0,RING,A_flag_ceiling
all_reduce_perf,1,8,8388608,2097152,float,sum,5211.47,1.61,2.82,0,5159.44,1.63,2.85,0,RING,LL,1,RING,LL,1,0,RING,A_flag_ceiling
all_reduce_perf,1,8,16777216,4194304,float,sum,10370.5,1.62,2.83,0,10399.2,1.61,2.82,0,RING,LL,1,RING,LL,1,0,RING,A_flag_ceiling
all_reduce_perf,1,8,33554432,8388608,float,sum,20708.2,1.62,2.84,0,20867.4,1.61,2.81,0,RING,LL,1,RING,LL,1,0,RING,A_flag_ceiling
all_reduce_perf,1,8,67108864,16777216,float,sum,46481.5,1.44,2.53,0,46401.2,1.45,2.53,0,RING,LL,1,RING,LL,1,0,RING*,A_flag_ceiling
all_reduce_perf,1,8,134217728,33554432,float,sum,93108.8,1.44,2.52,0,93109.5,1.44,2.52,0,RING,LL,1,RING,LL,1,0,RING*,A_flag_ceiling
all_reduce_perf,1,8,268435456,67108864,float,sum,186673.0,1.44,2.52,0,186137.0,1.44,2.52,0,RING,LL,1,RING,LL,1,0,RING*,A_flag_ceiling
all_reduce_perf,1,8,536870912,134217728,float,sum,371376.0,1.45,2.53,0,371843.0,1.44,2.53,0,RING,LL,1,RING,LL,1,0,RING*,A_flag_ceiling
all_reduce_perf,1,8,4096,1024,float,sum,42.31,0.1,0.17,0,40.84,0.1,0.18,0,RING,SIMPLE,2,RING,SIMPLE,2,0,RING,A_flag_ceiling
all_reduce_perf,1,8,8192,2048,float,sum,41.01,0.2,0.35,0,40.23,0.2,0.36,0,RING,SIMPLE,2,RING,SIMPLE,2,0,RING,A_flag_ceiling
all_reduce_perf,1,8,16384,4096,float,sum,44.36,0.37,0.65,0,41.67,0.39,0.69,0,RING,SIMPLE,2,RING,SIMPLE,2,0,RING,A_flag_ceiling
all_reduce_perf,1,8,32768,8192,float,sum,41.63,0.79,1.38,0,40.32,0.81,1.42,0,RING,SIMPLE,2,RING,SIMPLE,2,0,RING,A_flag_ceiling
all_reduce_perf,1,8,65536,16384,float,sum,41.92,1.56,2.74,0,40.49,1.62,2.83,0,RING,SIMPLE,2,RING,SIMPLE,2,0,RING,A_flag_ceiling
all_reduce_perf,1,8,131072,32768,float,sum,44.32,2.96,5.17,0,42.74,3.07,5.37,0,RING,SIMPLE,2,RING,SIMPLE,2,0,RING,A_flag_ceiling
all_reduce_perf,1,8,262144,65536,float,sum,54.28,4.83,8.45,0,53.05,4.94,8.65,0,RING,SIMPLE,2,RING,SIMPLE,2,0,RING,A_flag_ceiling
all_reduce_perf,1,8,524288,131072,float,sum,75.27,6.97,12.19,0,74.09,7.08,12.38,0,RING,SIMPLE,2,RING,SIMPLE,2,0,RING,A_flag_ceiling
all_reduce_perf,1,8,1048576,262144,float,sum,116.94,8.97,15.69,0,114.81,9.13,15.98,0,RING,SIMPLE,2,RING,SIMPLE,2,0,RING,A_flag_ceiling
all_reduce_perf,1,8,2097152,524288,float,sum,199.71,10.5,18.38,0,194.26,10.8,18.89,0,RING,SIMPLE,2,RING,SIMPLE,2,0,RING,A_flag_ceiling
all_reduce_perf,1,8,4194304,1048576,float,sum,352.39,11.9,20.83,0,345.35,12.15,21.25,0,RING,SIMPLE,2,RING,SIMPLE,2,0,RING,A_flag_ceiling
all_reduce_perf,1,8,8388608,2097152,float,sum,665.2,12.61,22.07,0,650.06,12.9,22.58,0,RING,SIMPLE,2,RING,SIMPLE,2,0,RING,A_flag_ceiling
all_reduce_perf,1,8,16777216,4194304,float,sum,1319.88,12.71,22.24,0,1300.75,12.9,22.57,0,RING,SIMPLE,2,RING,SIMPLE,2,0,RING,A_flag_ceiling
all_reduce_perf,1,8,33554432,8388608,float,sum,2625.7,12.78,22.36,0,2600.1,12.91,22.58,0,RING,SIMPLE,2,RING,SIMPLE,2,0,RING,A_flag_ceiling
all_reduce_perf,1,8,67108864,16777216,float,sum,4969.2,13.5,23.63,0,4969.84,13.5,23.63,0,RING,SIMPLE,2,RING,SIMPLE,2,0,RING*,A_flag_ceiling
all_reduce_perf,1,8,134217728,33554432,float,sum,9972.03,13.46,23.55,0,9971.97,13.46,23.55,0,RING,SIMPLE,2,RING,SIMPLE,2,0,RING*,A_flag_ceiling
all_reduce_perf,1,8,268435456,67108864,float,sum,20019.9,13.41,23.46,0,20019.8,13.41,23.46,0,RING,SIMPLE,2,RING,SIMPLE,2,0,RING*,A_flag_ceiling
all_reduce_perf,1,8,536870912,134217728,float,sum,40072.1,13.4,23.45,0,40099.2,13.39,23.43,0,RING,SIMPLE,2,RING,SIMPLE,2,0,RING*,A_flag_ceiling
all_reduce_perf,1,8,4096,1024,float,sum,24.9,0.16,0.29,0,23.63,0.17,0.3,0,RING,LL,2,RING,LL,2,0,RING,A_flag_ceiling
all_reduce_perf,1,8,8192,2048,float,sum,24.12,0.34,0.59,0,23.62,0.35,0.61,0,RING,LL,2,RING,LL,2,0,RING,A_flag_ceiling
all_reduce_perf,1,8,16384,4096,float,sum,26.38,0.62,1.09,0,24.97,0.66,1.15,0,RING,LL,2,RING,LL,2,0,RING,A_flag_ceiling
all_reduce_perf,1,8,32768,8192,float,sum,25.58,1.28,2.24,0,24.24,1.35,2.37,0,RING,LL,2,RING,LL,2,0,RING,A_flag_ceiling
all_reduce_perf,1,8,65536,16384,float,sum,34.94,1.88,3.28,0,33.98,1.93,3.38,0,RING,LL,2,RING,LL,2,0,RING,A_flag_ceiling
all_reduce_perf,1,8,131072,32768,float,sum,56.28,2.33,4.08,0,55.19,2.38,4.16,0,RING,LL,2,RING,LL,2,0,RING,A_flag_ceiling
all_reduce_perf,1,8,262144,65536,float,sum,97.94,2.68,4.68,0,98.34,2.67,4.66,0,RING,LL,2,RING,LL,2,0,RING,A_flag_ceiling
all_reduce_perf,1,8,524288,131072,float,sum,191.37,2.74,4.79,0,191.91,2.73,4.78,0,RING,LL,2,RING,LL,2,0,RING,A_flag_ceiling
all_reduce_perf,1,8,1048576,262144,float,sum,375.72,2.79,4.88,0,375.85,2.79,4.88,0,RING,LL,2,RING,LL,2,0,RING,A_flag_ceiling
all_reduce_perf,1,8,2097152,524288,float,sum,746.67,2.81,4.92,0,744.89,2.82,4.93,0,RING,LL,2,RING,LL,2,0,RING,A_flag_ceiling
all_reduce_perf,1,8,4194304,1048576,float,sum,1481.99,2.83,4.95,0,1475.58,2.84,4.97,0,RING,LL,2,RING,LL,2,0,RING,A_flag_ceiling
all_reduce_perf,1,8,8388608,2097152,float,sum,2974.51,2.82,4.94,0,2959.51,2.83,4.96,0,RING,LL,2,RING,LL,2,0,RING,A_flag_ceiling
all_reduce_perf,1,8,16777216,4194304,float,sum,5959.38,2.82,4.93,0,5948.59,2.82,4.94,0,RING,LL,2,RING,LL,2,0,RING,A_flag_ceiling
all_reduce_perf,1,8,33554432,8388608,float,sum,11903.0,2.82,4.93,0,11981.8,2.8,4.9,0,RING,LL,2,RING,LL,2,0,RING,A_flag_ceiling
all_reduce_perf,1,8,67108864,16777216,float,sum,23343.6,2.87,5.03,0,23473.6,2.86,5.0,0,RING,LL,2,RING,LL,2,0,RING*,A_flag_ceiling
all_reduce_perf,1,8,134217728,33554432,float,sum,46751.9,2.87,5.02,0,47242.5,2.84,4.97,0,RING,LL,2,RING,LL,2,0,RING*,A_flag_ceiling
all_reduce_perf,1,8,268435456,67108864,float,sum,93506.8,2.87,5.02,0,94351.9,2.85,4.98,0,RING,LL,2,RING,LL,2,0,RING*,A_flag_ceiling
all_reduce_perf,1,8,536870912,134217728,float,sum,186996.0,2.87,5.02,0,188369.0,2.85,4.99,0,RING,LL,2,RING,LL,2,0,RING*,A_flag_ceiling
all_reduce_perf,1,8,4096,1024,float,sum,41.67,0.1,0.17,0,39.72,0.1,0.18,0,RING,SIMPLE,4,RING,SIMPLE,4,0,RING,A_flag_ceiling
all_reduce_perf,1,8,8192,2048,float,sum,40.6,0.2,0.35,0,39.75,0.21,0.36,0,RING,SIMPLE,4,RING,SIMPLE,4,0,RING,A_flag_ceiling
all_reduce_perf,1,8,16384,4096,float,sum,44.64,0.37,0.64,0,41.28,0.4,0.69,0,RING,SIMPLE,4,RING,SIMPLE,4,0,RING,A_flag_ceiling
all_reduce_perf,1,8,32768,8192,float,sum,44.6,0.73,1.29,0,43.34,0.76,1.32,0,RING,SIMPLE,4,RING,SIMPLE,4,0,RING,A_flag_ceiling
all_reduce_perf,1,8,65536,16384,float,sum,43.54,1.51,2.63,0,42.42,1.55,2.7,0,RING,SIMPLE,4,RING,SIMPLE,4,0,RING,A_flag_ceiling
all_reduce_perf,1,8,131072,32768,float,sum,45.37,2.89,5.06,0,42.72,3.07,5.37,0,RING,SIMPLE,4,RING,SIMPLE,4,0,RING,A_flag_ceiling
all_reduce_perf,1,8,262144,65536,float,sum,45.53,5.76,10.08,0,44.33,5.91,10.35,0,RING,SIMPLE,4,RING,SIMPLE,4,0,RING,A_flag_ceiling
all_reduce_perf,1,8,524288,131072,float,sum,56.02,9.36,16.38,0,54.61,9.6,16.8,0,RING,SIMPLE,4,RING,SIMPLE,4,0,RING,A_flag_ceiling
all_reduce_perf,1,8,1048576,262144,float,sum,77.7,13.5,23.62,0,75.86,13.82,24.19,0,RING,SIMPLE,4,RING,SIMPLE,4,0,RING,A_flag_ceiling
all_reduce_perf,1,8,2097152,524288,float,sum,120.57,17.39,30.44,0,119.02,17.62,30.84,0,RING,SIMPLE,4,RING,SIMPLE,4,0,RING,A_flag_ceiling
all_reduce_perf,1,8,4194304,1048576,float,sum,206.86,20.28,35.48,0,203.6,20.6,36.05,0,RING,SIMPLE,4,RING,SIMPLE,4,0,RING,A_flag_ceiling
all_reduce_perf,1,8,8388608,2097152,float,sum,372.04,22.55,39.46,0,365.33,22.96,40.18,0,RING,SIMPLE,4,RING,SIMPLE,4,0,RING,A_flag_ceiling
all_reduce_perf,1,8,16777216,4194304,float,sum,694.53,24.16,42.27,0,684.94,24.49,42.87,0,RING,SIMPLE,4,RING,SIMPLE,4,0,RING,A_flag_ceiling
all_reduce_perf,1,8,33554432,8388608,float,sum,1375.15,24.4,42.7,0,1370.23,24.49,42.85,0,RING,SIMPLE,4,RING,SIMPLE,4,0,RING,A_flag_ceiling
all_reduce_perf,1,8,67108864,16777216,float,sum,2507.16,26.77,46.84,0,2513.52,26.7,46.72,0,RING,SIMPLE,4,RING,SIMPLE,4,0,RING*,A_flag_ceiling
all_reduce_perf,1,8,134217728,33554432,float,sum,5052.37,26.57,46.49,0,5059.5,26.53,46.42,0,RING,SIMPLE,4,RING,SIMPLE,4,0,RING*,A_flag_ceiling
all_reduce_perf,1,8,268435456,67108864,float,sum,10155.4,26.43,46.26,0,10168.7,26.4,46.2,0,RING,SIMPLE,4,RING,SIMPLE,4,0,RING*,A_flag_ceiling
all_reduce_perf,1,8,536870912,134217728,float,sum,20355.3,26.38,46.16,0,20371.8,26.35,46.12,0,RING,SIMPLE,4,RING,SIMPLE,4,0,RING*,A_flag_ceiling
all_reduce_perf,1,8,4096,1024,float,sum,24.96,0.16,0.29,0,23.44,0.17,0.31,0,RING,LL,4,RING,LL,4,0,RING,A_flag_ceiling
all_reduce_perf,1,8,8192,2048,float,sum,25.3,0.32,0.57,0,23.87,0.34,0.6,0,RING,LL,4,RING,LL,4,0,RING,A_flag_ceiling
all_reduce_perf,1,8,16384,4096,float,sum,26.99,0.61,1.06,0,23.94,0.68,1.2,0,RING,LL,4,RING,LL,4,0,RING,A_flag_ceiling
all_reduce_perf,1,8,32768,8192,float,sum,25.37,1.29,2.26,0,24.25,1.35,2.37,0,RING,LL,4,RING,LL,4,0,RING,A_flag_ceiling
all_reduce_perf,1,8,65536,16384,float,sum,26.01,2.52,4.41,0,24.88,2.63,4.61,0,RING,LL,4,RING,LL,4,0,RING,A_flag_ceiling
all_reduce_perf,1,8,131072,32768,float,sum,38.05,3.44,6.03,0,36.38,3.6,6.3,0,RING,LL,4,RING,LL,4,0,RING,A_flag_ceiling
all_reduce_perf,1,8,262144,65536,float,sum,59.46,4.41,7.72,0,58.96,4.45,7.78,0,RING,LL,4,RING,LL,4,0,RING,A_flag_ceiling
all_reduce_perf,1,8,524288,131072,float,sum,104.43,5.02,8.79,0,103.3,5.08,8.88,0,RING,LL,4,RING,LL,4,0,RING,A_flag_ceiling
all_reduce_perf,1,8,1048576,262144,float,sum,202.43,5.18,9.07,0,200.42,5.23,9.16,0,RING,LL,4,RING,LL,4,0,RING,A_flag_ceiling
all_reduce_perf,1,8,2097152,524288,float,sum,400.02,5.24,9.17,0,394.11,5.32,9.31,0,RING,LL,4,RING,LL,4,0,RING,A_flag_ceiling
all_reduce_perf,1,8,4194304,1048576,float,sum,796.4,5.27,9.22,0,781.4,5.37,9.39,0,RING,LL,4,RING,LL,4,0,RING,A_flag_ceiling
all_reduce_perf,1,8,8388608,2097152,float,sum,1574.9,5.33,9.32,0,1562.22,5.37,9.4,0,RING,LL,4,RING,LL,4,0,RING,A_flag_ceiling
all_reduce_perf,1,8,16777216,4194304,float,sum,3172.73,5.29,9.25,0,3127.26,5.36,9.39,0,RING,LL,4,RING,LL,4,0,RING,A_flag_ceiling
all_reduce_perf,1,8,33554432,8388608,float,sum,6369.73,5.27,9.22,0,6317.61,5.31,9.29,0,RING,LL,4,RING,LL,4,0,RING,A_flag_ceiling
all_reduce_perf,1,8,67108864,16777216,float,sum,11660.3,5.76,10.07,0,11533.8,5.82,10.18,0,RING,LL,4,RING,LL,4,0,RING*,A_flag_ceiling
all_reduce_perf,1,8,134217728,33554432,float,sum,23440.4,5.73,10.02,0,23261.0,5.77,10.1,0,RING,LL,4,RING,LL,4,0,RING*,A_flag_ceiling
all_reduce_perf,1,8,268435456,67108864,float,sum,46999.5,5.71,10.0,0,46903.4,5.72,10.02,0,RING,LL,4,RING,LL,4,0,RING*,A_flag_ceiling
all_reduce_perf,1,8,536870912,134217728,float,sum,94551.1,5.68,9.94,0,93688.0,5.73,10.03,0,RING,LL,4,RING,LL,4,0,RING*,A_flag_ceiling
all_reduce_perf,1,8,4096,1024,float,sum,42.28,0.1,0.17,0,40.05,0.1,0.18,0,RING,SIMPLE,8,RING,SIMPLE,8,0,RING,A_flag_ceiling
all_reduce_perf,1,8,8192,2048,float,sum,40.82,0.2,0.35,0,39.98,0.2,0.36,0,RING,SIMPLE,8,RING,SIMPLE,8,0,RING,A_flag_ceiling
all_reduce_perf,1,8,16384,4096,float,sum,42.75,0.38,0.67,0,41.41,0.4,0.69,0,RING,SIMPLE,8,RING,SIMPLE,8,0,RING,A_flag_ceiling
all_reduce_perf,1,8,32768,8192,float,sum,44.35,0.74,1.29,0,42.63,0.77,1.35,0,RING,SIMPLE,8,RING,SIMPLE,8,0,RING,A_flag_ceiling
all_reduce_perf,1,8,65536,16384,float,sum,44.59,1.47,2.57,0,43.22,1.52,2.65,0,RING,SIMPLE,8,RING,SIMPLE,8,0,RING,A_flag_ceiling
all_reduce_perf,1,8,131072,32768,float,sum,44.91,2.92,5.11,0,42.42,3.09,5.41,0,RING,SIMPLE,8,RING,SIMPLE,8,0,RING,A_flag_ceiling
all_reduce_perf,1,8,262144,65536,float,sum,44.31,5.92,10.35,0,42.87,6.12,10.7,0,RING,SIMPLE,8,RING,SIMPLE,8,0,RING,A_flag_ceiling
all_reduce_perf,1,8,524288,131072,float,sum,46.15,11.36,19.88,0,44.56,11.76,20.59,0,RING,SIMPLE,8,RING,SIMPLE,8,0,RING,A_flag_ceiling
all_reduce_perf,1,8,1048576,262144,float,sum,56.61,18.52,32.42,0,54.99,19.07,33.37,0,RING,SIMPLE,8,RING,SIMPLE,8,0,RING,A_flag_ceiling
all_reduce_perf,1,8,2097152,524288,float,sum,78.54,26.7,46.73,0,76.66,27.36,47.87,0,RING,SIMPLE,8,RING,SIMPLE,8,0,RING,A_flag_ceiling
all_reduce_perf,1,8,4194304,1048576,float,sum,121.55,34.51,60.39,0,119.79,35.01,61.27,0,RING,SIMPLE,8,RING,SIMPLE,8,0,RING,A_flag_ceiling
all_reduce_perf,1,8,8388608,2097152,float,sum,209.68,40.01,70.01,0,204.83,40.95,71.67,0,RING,SIMPLE,8,RING,SIMPLE,8,0,RING,A_flag_ceiling
all_reduce_perf,1,8,16777216,4194304,float,sum,375.78,44.65,78.13,0,368.58,45.52,79.66,0,RING,SIMPLE,8,RING,SIMPLE,8,0,RING,A_flag_ceiling
all_reduce_perf,1,8,33554432,8388608,float,sum,698.12,48.06,84.11,0,689.47,48.67,85.17,0,RING,SIMPLE,8,RING,SIMPLE,8,0,RING,A_flag_ceiling
all_reduce_perf,1,8,67108864,16777216,float,sum,1303.28,51.49,90.11,0,1299.31,51.65,90.39,0,RING,SIMPLE,8,RING,SIMPLE,8,0,RING*,A_flag_ceiling
all_reduce_perf,1,8,134217728,33554432,float,sum,2540.21,52.84,92.47,0,2532.16,53.01,92.76,0,RING,SIMPLE,8,RING,SIMPLE,8,0,RING*,A_flag_ceiling
all_reduce_perf,1,8,268435456,67108864,float,sum,5104.64,52.59,92.03,0,5099.62,52.64,92.12,0,RING,SIMPLE,8,RING,SIMPLE,8,0,RING*,A_flag_ceiling
all_reduce_perf,1,8,536870912,134217728,float,sum,10236.1,52.45,91.79,0,10221.9,52.52,91.91,0,RING,SIMPLE,8,RING,SIMPLE,8,0,RING*,A_flag_ceiling
all_reduce_perf,1,8,4096,1024,float,sum,25.42,0.16,0.28,0,23.7,0.17,0.3,0,RING,LL,8,RING,LL,8,0,RING,A_flag_ceiling
all_reduce_perf,1,8,8192,2048,float,sum,25.18,0.33,0.57,0,24.39,0.34,0.59,0,RING,LL,8,RING,LL,8,0,RING,A_flag_ceiling
all_reduce_perf,1,8,16384,4096,float,sum,28.08,0.58,1.02,0,24.55,0.67,1.17,0,RING,LL,8,RING,LL,8,0,RING,A_flag_ceiling
all_reduce_perf,1,8,32768,8192,float,sum,25.7,1.27,2.23,0,24.5,1.34,2.34,0,RING,LL,8,RING,LL,8,0,RING,A_flag_ceiling
all_reduce_perf,1,8,65536,16384,float,sum,25.85,2.54,4.44,0,24.59,2.66,4.66,0,RING,LL,8,RING,LL,8,0,RING,A_flag_ceiling
all_reduce_perf,1,8,131072,32768,float,sum,29.14,4.5,7.87,0,25.69,5.1,8.93,0,RING,LL,8,RING,LL,8,0,RING,A_flag_ceiling
all_reduce_perf,1,8,262144,65536,float,sum,37.47,7.0,12.24,0,36.81,7.12,12.46,0,RING,LL,8,RING,LL,8,0,RING,A_flag_ceiling
all_reduce_perf,1,8,524288,131072,float,sum,60.04,8.73,15.28,0,59.42,8.82,15.44,0,RING,LL,8,RING,LL,8,0,RING,A_flag_ceiling
all_reduce_perf,1,8,1048576,262144,float,sum,105.05,9.98,17.47,0,104.57,10.03,17.55,0,RING,LL,8,RING,LL,8,0,RING,A_flag_ceiling
all_reduce_perf,1,8,2097152,524288,float,sum,203.55,10.3,18.03,0,202.5,10.36,18.12,0,RING,LL,8,RING,LL,8,0,RING,A_flag_ceiling
all_reduce_perf,1,8,4194304,1048576,float,sum,399.89,10.49,18.35,0,398.86,10.52,18.4,0,RING,LL,8,RING,LL,8,0,RING,A_flag_ceiling
all_reduce_perf,1,8,8388608,2097152,float,sum,795.47,10.55,18.45,0,790.7,10.61,18.57,0,RING,LL,8,RING,LL,8,0,RING,A_flag_ceiling
all_reduce_perf,1,8,16777216,4194304,float,sum,1588.31,10.56,18.49,0,1584.08,10.59,18.53,0,RING,LL,8,RING,LL,8,0,RING,A_flag_ceiling
all_reduce_perf,1,8,33554432,8388608,float,sum,3173.13,10.57,18.51,0,3176.47,10.56,18.49,0,RING,LL,8,RING,LL,8,0,RING,A_flag_ceiling
all_reduce_perf,1,8,67108864,16777216,float,sum,5787.12,11.6,20.29,0,5888.61,11.4,19.94,0,RING,LL,8,RING,LL,8,0,RING*,A_flag_ceiling
all_reduce_perf,1,8,134217728,33554432,float,sum,11698.1,11.47,20.08,0,11678.8,11.49,20.11,0,RING,LL,8,RING,LL,8,0,RING*,A_flag_ceiling
all_reduce_perf,1,8,268435456,67108864,float,sum,23548.2,11.4,19.95,0,23511.6,11.42,19.98,0,RING,LL,8,RING,LL,8,0,RING*,A_flag_ceiling
all_reduce_perf,1,8,536870912,134217728,float,sum,47147.2,11.39,19.93,0,47096.6,11.4,19.95,0,RING,LL,8,RING,LL,8,0,RING*,A_flag_ceiling
all_reduce_perf,1,8,4096,1024,float,sum,42.26,0.1,0.17,0,40.47,0.1,0.18,0,RING,SIMPLE,16,RING,SIMPLE,16,0,RING,A_flag_ceiling
all_reduce_perf,1,8,8192,2048,float,sum,41.15,0.2,0.35,0,40.15,0.2,0.36,0,RING,SIMPLE,16,RING,SIMPLE,16,0,RING,A_flag_ceiling
all_reduce_perf,1,8,16384,4096,float,sum,42.92,0.38,0.67,0,41.28,0.4,0.69,0,RING,SIMPLE,16,RING,SIMPLE,16,0,RING,A_flag_ceiling
all_reduce_perf,1,8,32768,8192,float,sum,45.25,0.72,1.27,0,43.43,0.75,1.32,0,RING,SIMPLE,16,RING,SIMPLE,16,0,RING,A_flag_ceiling
all_reduce_perf,1,8,65536,16384,float,sum,45.04,1.46,2.55,0,117.78,0.56,0.97,0,RING,SIMPLE,16,RING,SIMPLE,16,0,RING,A_flag_ceiling
all_reduce_perf,1,8,131072,32768,float,sum,140.17,0.94,1.64,0,43.98,2.98,5.21,0,RING,SIMPLE,16,RING,SIMPLE,16,0,RING,A_flag_ceiling
all_reduce_perf,1,8,262144,65536,float,sum,44.42,5.9,10.33,0,43.31,6.05,10.59,0,RING,SIMPLE,16,RING,SIMPLE,16,0,RING,A_flag_ceiling
all_reduce_perf,1,8,524288,131072,float,sum,44.83,11.69,20.46,0,43.33,12.1,21.18,0,RING,SIMPLE,16,RING,SIMPLE,16,0,RING,A_flag_ceiling
all_reduce_perf,1,8,1048576,262144,float,sum,47.82,21.93,38.37,0,45.24,23.18,40.56,0,RING,SIMPLE,16,RING,SIMPLE,16,0,RING,A_flag_ceiling
all_reduce_perf,1,8,2097152,524288,float,sum,57.69,36.35,63.62,0,55.87,37.54,65.69,0,RING,SIMPLE,16,RING,SIMPLE,16,0,RING,A_flag_ceiling
all_reduce_perf,1,8,4194304,1048576,float,sum,81.33,51.57,90.25,0,77.53,54.1,94.67,0,RING,SIMPLE,16,RING,SIMPLE,16,0,RING,A_flag_ceiling
all_reduce_perf,1,8,8388608,2097152,float,sum,123.73,67.8,118.65,0,148.39,56.53,98.93,0,RING,SIMPLE,16,RING,SIMPLE,16,0,RING,A_flag_ceiling
all_reduce_perf,1,8,16777216,4194304,float,sum,208.65,80.41,140.72,0,205.64,81.58,142.77,0,RING,SIMPLE,16,RING,SIMPLE,16,0,RING,A_flag_ceiling
all_reduce_perf,1,8,33554432,8388608,float,sum,374.48,89.6,156.81,0,369.79,90.74,158.79,0,RING,SIMPLE,16,RING,SIMPLE,16,0,RING,A_flag_ceiling
all_reduce_perf,1,8,67108864,16777216,float,sum,691.14,97.1,169.92,0,690.68,97.16,170.04,0,RING,SIMPLE,16,RING,SIMPLE,16,0,RING*,A_flag_ceiling
all_reduce_perf,1,8,134217728,33554432,float,sum,1330.39,100.89,176.55,0,1329.64,100.94,176.65,0,RING,SIMPLE,16,RING,SIMPLE,16,0,RING*,A_flag_ceiling
all_reduce_perf,1,8,268435456,67108864,float,sum,2605.15,103.04,180.32,0,2608.88,102.89,180.06,0,RING,SIMPLE,16,RING,SIMPLE,16,0,RING*,A_flag_ceiling
all_reduce_perf,1,8,536870912,134217728,float,sum,5221.01,102.83,179.95,0,5222.66,102.8,179.89,0,RING,SIMPLE,16,RING,SIMPLE,16,0,RING*,A_flag_ceiling
all_reduce_perf,1,8,4096,1024,float,sum,24.81,0.17,0.29,0,23.65,0.17,0.3,0,RING,LL,16,RING,LL,16,0,RING,A_flag_ceiling
all_reduce_perf,1,8,8192,2048,float,sum,25.23,0.32,0.57,0,24.33,0.34,0.59,0,RING,LL,16,RING,LL,16,0,RING,A_flag_ceiling
all_reduce_perf,1,8,16384,4096,float,sum,27.24,0.6,1.05,0,24.55,0.67,1.17,0,RING,LL,16,RING,LL,16,0,RING,A_flag_ceiling
all_reduce_perf,1,8,32768,8192,float,sum,25.15,1.3,2.28,0,24.41,1.34,2.35,0,RING,LL,16,RING,LL,16,0,RING,A_flag_ceiling
all_reduce_perf,1,8,65536,16384,float,sum,25.66,2.55,4.47,0,24.66,2.66,4.65,0,RING,LL,16,RING,LL,16,0,RING,A_flag_ceiling
all_reduce_perf,1,8,131072,32768,float,sum,28.7,4.57,7.99,0,25.13,5.22,9.13,0,RING,LL,16,RING,LL,16,0,RING,A_flag_ceiling
all_reduce_perf,1,8,262144,65536,float,sum,26.79,9.79,17.12,0,26.11,10.04,17.57,0,RING,LL,16,RING,LL,16,0,RING,A_flag_ceiling
all_reduce_perf,1,8,524288,131072,float,sum,37.88,13.84,24.22,0,37.38,14.03,24.55,0,RING,LL,16,RING,LL,16,0,RING,A_flag_ceiling
all_reduce_perf,1,8,1048576,262144,float,sum,60.96,17.2,30.1,0,60.12,17.44,30.52,0,RING,LL,16,RING,LL,16,0,RING,A_flag_ceiling
all_reduce_perf,1,8,2097152,524288,float,sum,106.52,19.69,34.46,0,105.62,19.86,34.75,0,RING,LL,16,RING,LL,16,0,RING,A_flag_ceiling
all_reduce_perf,1,8,4194304,1048576,float,sum,206.19,20.34,35.6,0,204.46,20.51,35.9,0,RING,LL,16,RING,LL,16,0,RING,A_flag_ceiling
all_reduce_perf,1,8,8388608,2097152,float,sum,405.51,20.69,36.2,0,401.07,20.92,36.6,0,RING,LL,16,RING,LL,16,0,RING,A_flag_ceiling
all_reduce_perf,1,8,16777216,4194304,float,sum,807.62,20.77,36.35,0,802.81,20.9,36.57,0,RING,LL,16,RING,LL,16,0,RING,A_flag_ceiling
all_reduce_perf,1,8,33554432,8388608,float,sum,1619.07,20.72,36.27,0,1606.31,20.89,36.56,0,RING,LL,16,RING,LL,16,0,RING,A_flag_ceiling
all_reduce_perf,1,8,67108864,16777216,float,sum,3029.77,22.15,38.76,0,3018.29,22.23,38.91,0,RING,LL,16,RING,LL,16,0,RING*,A_flag_ceiling
all_reduce_perf,1,8,134217728,33554432,float,sum,6102.97,21.99,38.49,0,6110.45,21.97,38.44,0,RING,LL,16,RING,LL,16,0,RING*,A_flag_ceiling
all_reduce_perf,1,8,268435456,67108864,float,sum,12287.0,21.85,38.23,0,12286.6,21.85,38.23,0,RING,LL,16,RING,LL,16,0,RING*,A_flag_ceiling
all_reduce_perf,1,8,536870912,134217728,float,sum,24780.1,21.67,37.91,0,24736.0,21.7,37.98,0,RING,LL,16,RING,LL,16,0,RING*,A_flag_ceiling
all_reduce_perf,1,8,4096,1024,float,sum,42.48,0.1,0.17,0,40.27,0.1,0.18,0,RING,SIMPLE,24,RING,SIMPLE,24,0,RING,A_flag_ceiling
all_reduce_perf,1,8,8192,2048,float,sum,40.73,0.2,0.35,0,40.0,0.2,0.36,0,RING,SIMPLE,24,RING,SIMPLE,24,0,RING,A_flag_ceiling
all_reduce_perf,1,8,16384,4096,float,sum,43.32,0.38,0.66,0,41.25,0.4,0.7,0,RING,SIMPLE,24,RING,SIMPLE,24,0,RING,A_flag_ceiling
all_reduce_perf,1,8,32768,8192,float,sum,45.34,0.72,1.26,0,43.51,0.75,1.32,0,RING,SIMPLE,24,RING,SIMPLE,24,0,RING,A_flag_ceiling
all_reduce_perf,1,8,65536,16384,float,sum,44.89,1.46,2.55,0,43.54,1.51,2.63,0,RING,SIMPLE,24,RING,SIMPLE,24,0,RING,A_flag_ceiling
all_reduce_perf,1,8,131072,32768,float,sum,45.16,2.9,5.08,0,43.77,2.99,5.24,0,RING,SIMPLE,24,RING,SIMPLE,24,0,RING,A_flag_ceiling
all_reduce_perf,1,8,262144,65536,float,sum,44.01,5.96,10.42,0,42.74,6.13,10.73,0,RING,SIMPLE,24,RING,SIMPLE,24,0,RING,A_flag_ceiling
all_reduce_perf,1,8,524288,131072,float,sum,45.01,11.65,20.39,0,43.93,11.94,20.89,0,RING,SIMPLE,24,RING,SIMPLE,24,0,RING,A_flag_ceiling
all_reduce_perf,1,8,1048576,262144,float,sum,47.56,22.05,38.58,0,44.79,23.41,40.97,0,RING,SIMPLE,24,RING,SIMPLE,24,0,RING,A_flag_ceiling
all_reduce_perf,1,8,2097152,524288,float,sum,57.44,36.51,63.89,0,55.86,37.54,65.7,0,RING,SIMPLE,24,RING,SIMPLE,24,0,RING,A_flag_ceiling
all_reduce_perf,1,8,4194304,1048576,float,sum,69.76,60.12,105.21,0,67.94,61.74,108.04,0,RING,SIMPLE,24,RING,SIMPLE,24,0,RING,A_flag_ceiling
all_reduce_perf,1,8,8388608,2097152,float,sum,103.79,80.82,141.44,0,101.16,82.93,145.12,0,RING,SIMPLE,24,RING,SIMPLE,24,0,RING,A_flag_ceiling
all_reduce_perf,1,8,16777216,4194304,float,sum,161.05,104.18,182.31,0,157.81,106.31,186.04,0,RING,SIMPLE,24,RING,SIMPLE,24,0,RING,A_flag_ceiling
all_reduce_perf,1,8,33554432,8388608,float,sum,277.75,120.81,211.42,0,275.19,121.93,213.38,0,RING,SIMPLE,24,RING,SIMPLE,24,0,RING,A_flag_ceiling
all_reduce_perf,1,8,67108864,16777216,float,sum,493.58,135.96,237.94,0,493.1,136.1,238.17,0,RING,SIMPLE,24,RING,SIMPLE,24,0,RING*,A_flag_ceiling
all_reduce_perf,1,8,134217728,33554432,float,sum,934.56,143.62,251.33,0,934.18,143.67,251.43,0,RING,SIMPLE,24,RING,SIMPLE,24,0,RING*,A_flag_ceiling
all_reduce_perf,1,8,268435456,67108864,float,sum,1811.56,148.18,259.31,0,1813.58,148.01,259.02,0,RING,SIMPLE,24,RING,SIMPLE,24,0,RING*,A_flag_ceiling
all_reduce_perf,1,8,536870912,134217728,float,sum,3606.49,148.86,260.51,0,3612.97,148.6,260.04,0,RING,SIMPLE,24,RING,SIMPLE,24,0,RING*,A_flag_ceiling
all_reduce_perf,1,8,4096,1024,float,sum,24.98,0.16,0.29,0,23.66,0.17,0.3,0,RING,LL,24,RING,LL,24,0,RING,A_flag_ceiling
all_reduce_perf,1,8,8192,2048,float,sum,25.25,0.32,0.57,0,24.19,0.34,0.59,0,RING,LL,24,RING,LL,24,0,RING,A_flag_ceiling
all_reduce_perf,1,8,16384,4096,float,sum,26.26,0.62,1.09,0,25.09,0.65,1.14,0,RING,LL,24,RING,LL,24,0,RING,A_flag_ceiling
all_reduce_perf,1,8,32768,8192,float,sum,25.07,1.31,2.29,0,24.29,1.35,2.36,0,RING,LL,24,RING,LL,24,0,RING,A_flag_ceiling
all_reduce_perf,1,8,65536,16384,float,sum,25.65,2.55,4.47,0,24.35,2.69,4.71,0,RING,LL,24,RING,LL,24,0,RING,A_flag_ceiling
all_reduce_perf,1,8,131072,32768,float,sum,29.04,4.51,7.9,0,25.26,5.19,9.08,0,RING,LL,24,RING,LL,24,0,RING,A_flag_ceiling
all_reduce_perf,1,8,262144,65536,float,sum,26.55,9.88,17.28,0,25.61,10.24,17.91,0,RING,LL,24,RING,LL,24,0,RING,A_flag_ceiling
all_reduce_perf,1,8,524288,131072,float,sum,37.42,14.01,24.52,0,36.67,14.3,25.02,0,RING,LL,24,RING,LL,24,0,RING,A_flag_ceiling
all_reduce_perf,1,8,1048576,262144,float,sum,50.08,20.94,36.64,0,48.66,21.55,37.71,0,RING,LL,24,RING,LL,24,0,RING,A_flag_ceiling
all_reduce_perf,1,8,2097152,524288,float,sum,83.62,25.08,43.89,0,83.15,25.22,44.14,0,RING,LL,24,RING,LL,24,0,RING,A_flag_ceiling
all_reduce_perf,1,8,4194304,1048576,float,sum,150.1,27.94,48.9,0,147.87,28.37,49.64,0,RING,LL,24,RING,LL,24,0,RING,A_flag_ceiling
all_reduce_perf,1,8,8388608,2097152,float,sum,284.82,29.45,51.54,0,282.44,29.7,51.98,0,RING,LL,24,RING,LL,24,0,RING,A_flag_ceiling
all_reduce_perf,1,8,16777216,4194304,float,sum,555.34,30.21,52.87,0,551.8,30.4,53.21,0,RING,LL,24,RING,LL,24,0,RING,A_flag_ceiling
all_reduce_perf,1,8,33554432,8388608,float,sum,1101.79,30.45,53.3,0,1091.54,30.74,53.8,0,RING,LL,24,RING,LL,24,0,RING,A_flag_ceiling
all_reduce_perf,1,8,67108864,16777216,float,sum,2042.63,32.85,57.49,0,2026.71,33.11,57.95,0,RING,LL,24,RING,LL,24,0,RING*,A_flag_ceiling
all_reduce_perf,1,8,134217728,33554432,float,sum,4096.59,32.76,57.34,0,4081.96,32.88,57.54,0,RING,LL,24,RING,LL,24,0,RING*,A_flag_ceiling
all_reduce_perf,1,8,268435456,67108864,float,sum,8229.05,32.62,57.09,0,8216.22,32.67,57.17,0,RING,LL,24,RING,LL,24,0,RING*,A_flag_ceiling
all_reduce_perf,1,8,536870912,134217728,float,sum,16553.1,32.43,56.76,0,16494.2,32.55,56.96,0,RING,LL,24,RING,LL,24,0,RING*,A_flag_ceiling
all_reduce_perf,1,8,4096,1024,float,sum,42.39,0.1,0.17,0,40.62,0.1,0.18,0,RING,SIMPLE,32,RING,SIMPLE,32,0,RING,A_flag_ceiling
all_reduce_perf,1,8,8192,2048,float,sum,41.26,0.2,0.35,0,40.38,0.2,0.36,0,RING,SIMPLE,32,RING,SIMPLE,32,0,RING,A_flag_ceiling
all_reduce_perf,1,8,16384,4096,float,sum,43.34,0.38,0.66,0,41.67,0.39,0.69,0,RING,SIMPLE,32,RING,SIMPLE,32,0,RING,A_flag_ceiling
all_reduce_perf,1,8,32768,8192,float,sum,45.27,0.72,1.27,0,43.58,0.75,1.32,0,RING,SIMPLE,32,RING,SIMPLE,32,0,RING,A_flag_ceiling
all_reduce_perf,1,8,65536,16384,float,sum,45.07,1.45,2.54,0,43.39,1.51,2.64,0,RING,SIMPLE,32,RING,SIMPLE,32,0,RING,A_flag_ceiling
all_reduce_perf,1,8,131072,32768,float,sum,44.48,2.95,5.16,0,43.66,3.0,5.25,0,RING,SIMPLE,32,RING,SIMPLE,32,0,RING,A_flag_ceiling
all_reduce_perf,1,8,262144,65536,float,sum,45.05,5.82,10.18,0,45.0,5.83,10.19,0,RING,SIMPLE,32,RING,SIMPLE,32,0,RING,A_flag_ceiling
all_reduce_perf,1,8,524288,131072,float,sum,45.12,11.62,20.33,0,43.92,11.94,20.89,0,RING,SIMPLE,32,RING,SIMPLE,32,0,RING,A_flag_ceiling
all_reduce_perf,1,8,1048576,262144,float,sum,46.06,22.76,39.84,0,44.48,23.57,41.26,0,RING,SIMPLE,32,RING,SIMPLE,32,0,RING,A_flag_ceiling
all_reduce_perf,1,8,2097152,524288,float,sum,48.16,43.55,76.21,0,46.68,44.92,78.61,0,RING,SIMPLE,32,RING,SIMPLE,32,0,RING,A_flag_ceiling
all_reduce_perf,1,8,4194304,1048576,float,sum,60.44,69.4,121.44,0,58.76,71.38,124.92,0,RING,SIMPLE,32,RING,SIMPLE,32,0,RING,A_flag_ceiling
all_reduce_perf,1,8,8388608,2097152,float,sum,85.59,98.01,171.51,0,83.5,100.46,175.81,0,RING,SIMPLE,32,RING,SIMPLE,32,0,RING,A_flag_ceiling
all_reduce_perf,1,8,16777216,4194304,float,sum,135.63,123.7,216.48,0,133.72,125.47,219.57,0,RING,SIMPLE,32,RING,SIMPLE,32,0,RING,A_flag_ceiling
all_reduce_perf,1,8,33554432,8388608,float,sum,234.91,142.84,249.97,0,233.25,143.85,251.75,0,RING,SIMPLE,32,RING,SIMPLE,32,0,RING,A_flag_ceiling
all_reduce_perf,1,8,67108864,16777216,float,sum,397.29,168.92,295.61,0,397.04,169.02,295.79,0,RING,SIMPLE,32,RING,SIMPLE,32,0,RING*,A_flag_ceiling
all_reduce_perf,1,8,134217728,33554432,float,sum,744.36,180.31,315.55,0,743.27,180.58,316.01,0,RING,SIMPLE,32,RING,SIMPLE,32,0,RING*,A_flag_ceiling
all_reduce_perf,1,8,268435456,67108864,float,sum,1439.36,186.5,326.37,0,1442.01,186.15,325.77,0,RING,SIMPLE,32,RING,SIMPLE,32,0,RING*,A_flag_ceiling
all_reduce_perf,1,8,536870912,134217728,float,sum,2829.34,189.75,332.06,0,2834.24,189.42,331.49,0,RING,SIMPLE,32,RING,SIMPLE,32,0,RING*,A_flag_ceiling
all_reduce_perf,1,8,4096,1024,float,sum,25.86,0.16,0.28,0,23.71,0.17,0.3,0,RING,LL,32,RING,LL,32,0,RING,A_flag_ceiling
all_reduce_perf,1,8,8192,2048,float,sum,25.15,0.33,0.57,0,24.1,0.34,0.59,0,RING,LL,32,RING,LL,32,0,RING,A_flag_ceiling
all_reduce_perf,1,8,16384,4096,float,sum,28.59,0.57,1.0,0,24.7,0.66,1.16,0,RING,LL,32,RING,LL,32,0,RING,A_flag_ceiling
all_reduce_perf,1,8,32768,8192,float,sum,25.27,1.3,2.27,0,24.37,1.34,2.35,0,RING,LL,32,RING,LL,32,0,RING,A_flag_ceiling
all_reduce_perf,1,8,65536,16384,float,sum,25.33,2.59,4.53,0,24.31,2.7,4.72,0,RING,LL,32,RING,LL,32,0,RING,A_flag_ceiling
all_reduce_perf,1,8,131072,32768,float,sum,27.37,4.79,8.38,0,25.73,5.09,8.91,0,RING,LL,32,RING,LL,32,0,RING,A_flag_ceiling
all_reduce_perf,1,8,262144,65536,float,sum,26.12,10.04,17.56,0,25.3,10.36,18.13,0,RING,LL,32,RING,LL,32,0,RING,A_flag_ceiling
all_reduce_perf,1,8,524288,131072,float,sum,27.12,19.33,33.83,0,26.23,19.99,34.99,0,RING,LL,32,RING,LL,32,0,RING,A_flag_ceiling
all_reduce_perf,1,8,1048576,262144,float,sum,40.62,25.81,45.17,0,37.87,27.69,48.46,0,RING,LL,32,RING,LL,32,0,RING,A_flag_ceiling
all_reduce_perf,1,8,2097152,524288,float,sum,61.69,34.0,59.49,0,61.19,34.27,59.98,0,RING,LL,32,RING,LL,32,0,RING,A_flag_ceiling
all_reduce_perf,1,8,4194304,1048576,float,sum,108.33,38.72,67.76,0,107.78,38.92,68.1,0,RING,LL,32,RING,LL,32,0,RING,A_flag_ceiling
all_reduce_perf,1,8,8388608,2097152,float,sum,211.1,39.74,69.54,0,207.74,40.38,70.67,0,RING,LL,32,RING,LL,32,0,RING,A_flag_ceiling
all_reduce_perf,1,8,16777216,4194304,float,sum,416.35,40.3,70.52,0,412.99,40.62,71.09,0,RING,LL,32,RING,LL,32,0,RING,A_flag_ceiling
all_reduce_perf,1,8,33554432,8388608,float,sum,834.99,40.19,70.32,0,831.7,40.34,70.6,0,RING,LL,32,RING,LL,32,0,RING,A_flag_ceiling
all_reduce_perf,1,8,67108864,16777216,float,sum,1527.75,43.93,76.87,0,1520.27,44.14,77.25,0,RING,LL,32,RING,LL,32,0,RING*,A_flag_ceiling
all_reduce_perf,1,8,134217728,33554432,float,sum,3081.28,43.56,76.23,0,3066.78,43.77,76.59,0,RING,LL,32,RING,LL,32,0,RING*,A_flag_ceiling
all_reduce_perf,1,8,268435456,67108864,float,sum,6170.42,43.5,76.13,0,6176.18,43.46,76.06,0,RING,LL,32,RING,LL,32,0,RING*,A_flag_ceiling
all_reduce_perf,1,8,536870912,134217728,float,sum,12397.5,43.3,75.78,0,12394.6,43.32,75.8,0,RING,LL,32,RING,LL,32,0,RING*,A_flag_ceiling
all_reduce_perf,1,8,4096,1024,float,sum,40.89,0.1,0.18,0,39.6,0.1,0.18,0,RING,SIMPLE,40,RING,SIMPLE,40,0,RING,A_flag_ceiling
all_reduce_perf,1,8,8192,2048,float,sum,40.13,0.2,0.36,0,39.19,0.21,0.37,0,RING,SIMPLE,40,RING,SIMPLE,40,0,RING,A_flag_ceiling
all_reduce_perf,1,8,16384,4096,float,sum,43.77,0.37,0.66,0,41.36,0.4,0.69,0,RING,SIMPLE,40,RING,SIMPLE,40,0,RING,A_flag_ceiling
all_reduce_perf,1,8,32768,8192,float,sum,45.32,0.72,1.27,0,43.47,0.75,1.32,0,RING,SIMPLE,40,RING,SIMPLE,40,0,RING,A_flag_ceiling
all_reduce_perf,1,8,65536,16384,float,sum,44.84,1.46,2.56,0,43.52,1.51,2.64,0,RING,SIMPLE,40,RING,SIMPLE,40,0,RING,A_flag_ceiling
all_reduce_perf,1,8,131072,32768,float,sum,45.44,2.88,5.05,0,43.74,3.0,5.24,0,RING,SIMPLE,40,RING,SIMPLE,40,0,RING,A_flag_ceiling
all_reduce_perf,1,8,262144,65536,float,sum,44.9,5.84,10.22,0,44.56,5.88,10.3,0,RING,SIMPLE,40,RING,SIMPLE,40,0,RING,A_flag_ceiling
all_reduce_perf,1,8,524288,131072,float,sum,44.69,11.73,20.53,0,43.67,12.01,21.01,0,RING,SIMPLE,40,RING,SIMPLE,40,0,RING,A_flag_ceiling
all_reduce_perf,1,8,1048576,262144,float,sum,46.42,22.59,39.53,0,43.96,23.85,41.74,0,RING,SIMPLE,40,RING,SIMPLE,40,0,RING,A_flag_ceiling
all_reduce_perf,1,8,2097152,524288,float,sum,48.24,43.48,76.09,0,46.65,44.96,78.68,0,RING,SIMPLE,40,RING,SIMPLE,40,0,RING,A_flag_ceiling
all_reduce_perf,1,8,4194304,1048576,float,sum,59.65,70.32,123.06,0,57.76,72.61,127.07,0,RING,SIMPLE,40,RING,SIMPLE,40,0,RING,A_flag_ceiling
all_reduce_perf,1,8,8388608,2097152,float,sum,82.94,101.14,176.99,0,80.38,104.36,182.62,0,RING,SIMPLE,40,RING,SIMPLE,40,0,RING,A_flag_ceiling
all_reduce_perf,1,8,16777216,4194304,float,sum,122.54,136.91,239.6,0,119.92,139.9,244.82,0,RING,SIMPLE,40,RING,SIMPLE,40,0,RING,A_flag_ceiling
all_reduce_perf,1,8,33554432,8388608,float,sum,199.53,168.16,294.29,0,198.27,169.24,296.17,0,RING,SIMPLE,40,RING,SIMPLE,40,0,RING,A_flag_ceiling
all_reduce_perf,1,8,67108864,16777216,float,sum,353.54,189.82,332.19,0,353.12,190.05,332.58,0,RING,SIMPLE,40,RING,SIMPLE,40,0,RING*,A_flag_ceiling
all_reduce_perf,1,8,134217728,33554432,float,sum,663.95,202.15,353.76,0,665.02,201.83,353.2,0,RING,SIMPLE,40,RING,SIMPLE,40,0,RING*,A_flag_ceiling
all_reduce_perf,1,8,268435456,67108864,float,sum,1279.11,209.86,367.26,0,1280.1,209.7,366.97,0,RING,SIMPLE,40,RING,SIMPLE,40,0,RING*,A_flag_ceiling
all_reduce_perf,1,8,536870912,134217728,float,sum,2518.85,213.14,373.0,0,2523.58,212.74,372.3,0,RING,SIMPLE,40,RING,SIMPLE,40,0,RING*,A_flag_ceiling
all_reduce_perf,1,8,4096,1024,float,sum,25.05,0.16,0.29,0,23.91,0.17,0.3,0,RING,LL,40,RING,LL,40,0,RING,A_flag_ceiling
all_reduce_perf,1,8,8192,2048,float,sum,24.99,0.33,0.57,0,24.0,0.34,0.6,0,RING,LL,40,RING,LL,40,0,RING,A_flag_ceiling
all_reduce_perf,1,8,16384,4096,float,sum,27.21,0.6,1.05,0,24.73,0.66,1.16,0,RING,LL,40,RING,LL,40,0,RING,A_flag_ceiling
all_reduce_perf,1,8,32768,8192,float,sum,25.26,1.3,2.27,0,24.36,1.35,2.35,0,RING,LL,40,RING,LL,40,0,RING,A_flag_ceiling
all_reduce_perf,1,8,65536,16384,float,sum,24.88,2.63,4.61,0,24.49,2.68,4.68,0,RING,LL,40,RING,LL,40,0,RING,A_flag_ceiling
all_reduce_perf,1,8,131072,32768,float,sum,27.92,4.69,8.22,0,25.25,5.19,9.08,0,RING,LL,40,RING,LL,40,0,RING,A_flag_ceiling
all_reduce_perf,1,8,262144,65536,float,sum,26.57,9.87,17.26,0,25.47,10.29,18.01,0,RING,LL,40,RING,LL,40,0,RING,A_flag_ceiling
all_reduce_perf,1,8,524288,131072,float,sum,27.2,19.28,33.73,0,26.12,20.07,35.12,0,RING,LL,40,RING,LL,40,0,RING,A_flag_ceiling
all_reduce_perf,1,8,1048576,262144,float,sum,39.82,26.33,46.08,0,37.45,28.0,49.0,0,RING,LL,40,RING,LL,40,0,RING,A_flag_ceiling
all_reduce_perf,1,8,2097152,524288,float,sum,61.25,34.24,59.92,0,60.49,34.67,60.67,0,RING,LL,40,RING,LL,40,0,RING,A_flag_ceiling
all_reduce_perf,1,8,4194304,1048576,float,sum,97.66,42.95,75.16,0,96.8,43.33,75.83,0,RING,LL,40,RING,LL,40,0,RING,A_flag_ceiling
all_reduce_perf,1,8,8388608,2097152,float,sum,177.03,47.39,82.92,0,176.3,47.58,83.27,0,RING,LL,40,RING,LL,40,0,RING,A_flag_ceiling
all_reduce_perf,1,8,16777216,4194304,float,sum,350.49,47.87,83.77,0,345.92,48.5,84.88,0,RING,LL,40,RING,LL,40,0,RING,A_flag_ceiling
all_reduce_perf,1,8,33554432,8388608,float,sum,686.13,48.9,85.58,0,681.61,49.23,86.15,0,RING,LL,40,RING,LL,40,0,RING,A_flag_ceiling
all_reduce_perf,1,8,67108864,16777216,float,sum,1242.52,54.01,94.52,0,1242.07,54.03,94.55,0,RING,LL,40,RING,LL,40,0,RING*,A_flag_ceiling
all_reduce_perf,1,8,134217728,33554432,float,sum,2477.68,54.17,94.8,0,2488.03,53.95,94.4,0,RING,LL,40,RING,LL,40,0,RING*,A_flag_ceiling
all_reduce_perf,1,8,268435456,67108864,float,sum,4981.01,53.89,94.31,0,4984.55,53.85,94.24,0,RING,LL,40,RING,LL,40,0,RING*,A_flag_ceiling
all_reduce_perf,1,8,536870912,134217728,float,sum,10009.9,53.63,93.86,0,10049.5,53.42,93.49,0,RING,LL,40,RING,LL,40,0,RING*,A_flag_ceiling
all_reduce_perf,1,8,4096,1024,float,sum,41.78,0.1,0.17,0,40.12,0.1,0.18,0,RING,SIMPLE,48,RING,SIMPLE,48,0,RING,A_flag_ceiling
all_reduce_perf,1,8,8192,2048,float,sum,40.98,0.2,0.35,0,39.7,0.21,0.36,0,RING,SIMPLE,48,RING,SIMPLE,48,0,RING,A_flag_ceiling
all_reduce_perf,1,8,16384,4096,float,sum,43.87,0.37,0.65,0,41.18,0.4,0.7,0,RING,SIMPLE,48,RING,SIMPLE,48,0,RING,A_flag_ceiling
all_reduce_perf,1,8,32768,8192,float,sum,44.75,0.73,1.28,0,42.98,0.76,1.33,0,RING,SIMPLE,48,RING,SIMPLE,48,0,RING,A_flag_ceiling
all_reduce_perf,1,8,65536,16384,float,sum,44.85,1.46,2.56,0,43.52,1.51,2.64,0,RING,SIMPLE,48,RING,SIMPLE,48,0,RING,A_flag_ceiling
all_reduce_perf,1,8,131072,32768,float,sum,45.65,2.87,5.03,0,43.76,3.0,5.24,0,RING,SIMPLE,48,RING,SIMPLE,48,0,RING,A_flag_ceiling
all_reduce_perf,1,8,262144,65536,float,sum,44.93,5.83,10.21,0,44.64,5.87,10.28,0,RING,SIMPLE,48,RING,SIMPLE,48,0,RING,A_flag_ceiling
all_reduce_perf,1,8,524288,131072,float,sum,44.84,11.69,20.46,0,43.75,11.98,20.97,0,RING,SIMPLE,48,RING,SIMPLE,48,0,RING,A_flag_ceiling
all_reduce_perf,1,8,1048576,262144,float,sum,47.27,22.18,38.82,0,44.86,23.37,40.9,0,RING,SIMPLE,48,RING,SIMPLE,48,0,RING,A_flag_ceiling
all_reduce_perf,1,8,2097152,524288,float,sum,47.44,44.21,77.36,0,45.92,45.67,79.92,0,RING,SIMPLE,48,RING,SIMPLE,48,0,RING,A_flag_ceiling
all_reduce_perf,1,8,4194304,1048576,float,sum,60.21,69.66,121.91,0,58.76,71.38,124.92,0,RING,SIMPLE,48,RING,SIMPLE,48,0,RING,A_flag_ceiling
all_reduce_perf,1,8,8388608,2097152,float,sum,77.28,108.54,189.95,0,74.86,112.05,196.1,0,RING,SIMPLE,48,RING,SIMPLE,48,0,RING,A_flag_ceiling
all_reduce_perf,1,8,16777216,4194304,float,sum,119.03,140.95,246.67,0,117.09,143.28,250.74,0,RING,SIMPLE,48,RING,SIMPLE,48,0,RING,A_flag_ceiling
all_reduce_perf,1,8,33554432,8388608,float,sum,198.15,169.33,296.34,0,197.15,170.2,297.85,0,RING,SIMPLE,48,RING,SIMPLE,48,0,RING,A_flag_ceiling
all_reduce_perf,1,8,67108864,16777216,float,sum,339.27,197.8,346.16,0,338.77,198.09,346.66,0,RING,SIMPLE,48,RING,SIMPLE,48,0,RING*,A_flag_ceiling
all_reduce_perf,1,8,134217728,33554432,float,sum,633.3,211.93,370.89,0,631.48,212.55,371.96,0,RING,SIMPLE,48,RING,SIMPLE,48,0,RING*,A_flag_ceiling
all_reduce_perf,1,8,268435456,67108864,float,sum,1233.98,217.54,380.69,0,1233.49,217.62,380.84,0,RING,SIMPLE,48,RING,SIMPLE,48,0,RING*,A_flag_ceiling
all_reduce_perf,1,8,536870912,134217728,float,sum,2436.16,220.38,385.66,0,2436.76,220.32,385.56,0,RING,SIMPLE,48,RING,SIMPLE,48,0,RING*,A_flag_ceiling
all_reduce_perf,1,8,4096,1024,float,sum,27.78,0.15,0.26,0,24.0,0.17,0.3,0,RING,LL,48,RING,LL,48,0,RING,A_flag_ceiling
all_reduce_perf,1,8,8192,2048,float,sum,25.15,0.33,0.57,0,24.07,0.34,0.6,0,RING,LL,48,RING,LL,48,0,RING,A_flag_ceiling
all_reduce_perf,1,8,16384,4096,float,sum,27.67,0.59,1.04,0,24.48,0.67,1.17,0,RING,LL,48,RING,LL,48,0,RING,A_flag_ceiling
all_reduce_perf,1,8,32768,8192,float,sum,24.76,1.32,2.32,0,24.24,1.35,2.37,0,RING,LL,48,RING,LL,48,0,RING,A_flag_ceiling
all_reduce_perf,1,8,65536,16384,float,sum,25.17,2.6,4.56,0,24.78,2.64,4.63,0,RING,LL,48,RING,LL,48,0,RING,A_flag_ceiling
all_reduce_perf,1,8,131072,32768,float,sum,26.91,4.87,8.52,0,25.07,5.23,9.15,0,RING,LL,48,RING,LL,48,0,RING,A_flag_ceiling
all_reduce_perf,1,8,262144,65536,float,sum,26.21,10.0,17.51,0,25.51,10.28,17.98,0,RING,LL,48,RING,LL,48,0,RING,A_flag_ceiling
all_reduce_perf,1,8,524288,131072,float,sum,27.0,19.42,33.99,0,25.97,20.19,35.33,0,RING,LL,48,RING,LL,48,0,RING,A_flag_ceiling
all_reduce_perf,1,8,1048576,262144,float,sum,38.83,27.0,47.26,0,37.31,28.1,49.18,0,RING,LL,48,RING,LL,48,0,RING,A_flag_ceiling
all_reduce_perf,1,8,2097152,524288,float,sum,50.83,41.26,72.2,0,49.71,42.19,73.82,0,RING,LL,48,RING,LL,48,0,RING,A_flag_ceiling
all_reduce_perf,1,8,4194304,1048576,float,sum,86.48,48.5,84.88,0,85.31,49.16,86.04,0,RING,LL,48,RING,LL,48,0,RING,A_flag_ceiling
all_reduce_perf,1,8,8388608,2097152,float,sum,156.46,53.61,93.83,0,153.84,54.53,95.42,0,RING,LL,48,RING,LL,48,0,RING,A_flag_ceiling
all_reduce_perf,1,8,16777216,4194304,float,sum,296.51,56.58,99.02,0,294.61,56.95,99.66,0,RING,LL,48,RING,LL,48,0,RING,A_flag_ceiling
all_reduce_perf,1,8,33554432,8388608,float,sum,575.01,58.35,102.12,0,572.56,58.6,102.56,0,RING,LL,48,RING,LL,48,0,RING,A_flag_ceiling
all_reduce_perf,1,8,67108864,16777216,float,sum,1052.03,63.79,111.63,0,1049.72,63.93,111.88,0,RING,LL,48,RING,LL,48,0,RING*,A_flag_ceiling
all_reduce_perf,1,8,134217728,33554432,float,sum,2087.03,64.31,112.54,0,2084.83,64.38,112.66,0,RING,LL,48,RING,LL,48,0,RING*,A_flag_ceiling
all_reduce_perf,1,8,268435456,67108864,float,sum,4169.84,64.38,112.66,0,4185.83,64.13,112.23,0,RING,LL,48,RING,LL,48,0,RING*,A_flag_ceiling
all_reduce_perf,1,8,536870912,134217728,float,sum,8354.68,64.26,112.45,0,8374.11,64.11,112.19,0,RING,LL,48,RING,LL,48,0,RING*,A_flag_ceiling
all_reduce_perf,1,8,4096,1024,float,sum,42.25,0.1,0.17,0,40.06,0.1,0.18,0,RING,SIMPLE,56,RING,SIMPLE,56,0,RING,A_flag_ceiling
all_reduce_perf,1,8,8192,2048,float,sum,40.56,0.2,0.35,0,39.78,0.21,0.36,0,RING,SIMPLE,56,RING,SIMPLE,56,0,RING,A_flag_ceiling
all_reduce_perf,1,8,16384,4096,float,sum,44.14,0.37,0.65,0,41.1,0.4,0.7,0,RING,SIMPLE,56,RING,SIMPLE,56,0,RING,A_flag_ceiling
all_reduce_perf,1,8,32768,8192,float,sum,45.05,0.73,1.27,0,43.2,0.76,1.33,0,RING,SIMPLE,56,RING,SIMPLE,56,0,RING,A_flag_ceiling
all_reduce_perf,1,8,65536,16384,float,sum,44.95,1.46,2.55,0,43.68,1.5,2.63,0,RING,SIMPLE,56,RING,SIMPLE,56,0,RING,A_flag_ceiling
all_reduce_perf,1,8,131072,32768,float,sum,45.76,2.86,5.01,0,43.77,2.99,5.24,0,RING,SIMPLE,56,RING,SIMPLE,56,0,RING,A_flag_ceiling
all_reduce_perf,1,8,262144,65536,float,sum,44.8,5.85,10.24,0,44.57,5.88,10.29,0,RING,SIMPLE,56,RING,SIMPLE,56,0,RING,A_flag_ceiling
all_reduce_perf,1,8,524288,131072,float,sum,44.67,11.74,20.54,0,43.73,11.99,20.98,0,RING,SIMPLE,56,RING,SIMPLE,56,0,RING,A_flag_ceiling
all_reduce_perf,1,8,1048576,262144,float,sum,47.32,22.16,38.78,0,44.97,23.32,40.81,0,RING,SIMPLE,56,RING,SIMPLE,56,0,RING,A_flag_ceiling
all_reduce_perf,1,8,2097152,524288,float,sum,47.31,44.33,77.57,0,46.3,45.3,79.27,0,RING,SIMPLE,56,RING,SIMPLE,56,0,RING,A_flag_ceiling
all_reduce_perf,1,8,4194304,1048576,float,sum,58.82,71.31,124.79,0,57.09,73.46,128.56,0,RING,SIMPLE,56,RING,SIMPLE,56,0,RING,A_flag_ceiling
all_reduce_perf,1,8,8388608,2097152,float,sum,76.15,110.16,192.77,0,74.13,113.16,198.02,0,RING,SIMPLE,56,RING,SIMPLE,56,0,RING,A_flag_ceiling
all_reduce_perf,1,8,16777216,4194304,float,sum,110.76,151.47,265.07,0,109.0,153.92,269.37,0,RING,SIMPLE,56,RING,SIMPLE,56,0,RING,A_flag_ceiling
all_reduce_perf,1,8,33554432,8388608,float,sum,185.18,181.2,317.1,0,184.17,182.19,318.83,0,RING,SIMPLE,56,RING,SIMPLE,56,0,RING,A_flag_ceiling
all_reduce_perf,1,8,67108864,16777216,float,sum,330.24,203.21,355.62,0,330.03,203.34,355.85,0,RING,SIMPLE,56,RING,SIMPLE,56,0,RING*,A_flag_ceiling
all_reduce_perf,1,8,134217728,33554432,float,sum,618.85,216.88,379.55,0,619.6,216.62,379.09,0,RING,SIMPLE,56,RING,SIMPLE,56,0,RING*,A_flag_ceiling
all_reduce_perf,1,8,268435456,67108864,float,sum,1205.77,222.63,389.6,0,1204.6,222.84,389.97,0,RING,SIMPLE,56,RING,SIMPLE,56,0,RING*,A_flag_ceiling
all_reduce_perf,1,8,536870912,134217728,float,sum,2371.65,226.37,396.15,0,2368.44,226.68,396.68,0,RING,SIMPLE,56,RING,SIMPLE,56,0,RING*,A_flag_ceiling
all_reduce_perf,1,8,4096,1024,float,sum,25.03,0.16,0.29,0,23.56,0.17,0.3,0,RING,LL,56,RING,LL,56,0,RING,A_flag_ceiling
all_reduce_perf,1,8,8192,2048,float,sum,25.42,0.32,0.56,0,24.21,0.34,0.59,0,RING,LL,56,RING,LL,56,0,RING,A_flag_ceiling
all_reduce_perf,1,8,16384,4096,float,sum,27.7,0.59,1.04,0,24.72,0.66,1.16,0,RING,LL,56,RING,LL,56,0,RING,A_flag_ceiling
all_reduce_perf,1,8,32768,8192,float,sum,25.23,1.3,2.27,0,24.5,1.34,2.34,0,RING,LL,56,RING,LL,56,0,RING,A_flag_ceiling
all_reduce_perf,1,8,65536,16384,float,sum,25.08,2.61,4.57,0,24.36,2.69,4.71,0,RING,LL,56,RING,LL,56,0,RING,A_flag_ceiling
all_reduce_perf,1,8,131072,32768,float,sum,27.39,4.79,8.37,0,25.41,5.16,9.03,0,RING,LL,56,RING,LL,56,0,RING,A_flag_ceiling
all_reduce_perf,1,8,262144,65536,float,sum,26.13,10.03,17.56,0,25.23,10.39,18.19,0,RING,LL,56,RING,LL,56,0,RING,A_flag_ceiling
all_reduce_perf,1,8,524288,131072,float,sum,26.6,19.71,34.49,0,26.08,20.1,35.18,0,RING,LL,56,RING,LL,56,0,RING,A_flag_ceiling
all_reduce_perf,1,8,1048576,262144,float,sum,39.28,26.7,46.72,0,36.98,28.36,49.62,0,RING,LL,56,RING,LL,56,0,RING,A_flag_ceiling
all_reduce_perf,1,8,2097152,524288,float,sum,50.33,41.67,72.92,0,49.62,42.27,73.96,0,RING,LL,56,RING,LL,56,0,RING,A_flag_ceiling
all_reduce_perf,1,8,4194304,1048576,float,sum,75.58,55.49,97.11,0,74.96,55.95,97.91,0,RING,LL,56,RING,LL,56,0,RING,A_flag_ceiling
all_reduce_perf,1,8,8388608,2097152,float,sum,144.9,57.89,101.31,0,142.89,58.71,102.74,0,RING,LL,56,RING,LL,56,0,RING,A_flag_ceiling
all_reduce_perf,1,8,16777216,4194304,float,sum,263.34,63.71,111.49,0,263.0,63.79,111.63,0,RING,LL,56,RING,LL,56,0,RING,A_flag_ceiling
all_reduce_perf,1,8,33554432,8388608,float,sum,503.3,66.67,116.67,0,501.58,66.9,117.07,0,RING,LL,56,RING,LL,56,0,RING,A_flag_ceiling
all_reduce_perf,1,8,67108864,16777216,float,sum,924.45,72.59,127.04,0,919.15,73.01,127.77,0,RING,LL,56,RING,LL,56,0,RING*,A_flag_ceiling
all_reduce_perf,1,8,134217728,33554432,float,sum,1820.71,73.72,129.01,0,1813.23,74.02,129.54,0,RING,LL,56,RING,LL,56,0,RING*,A_flag_ceiling
all_reduce_perf,1,8,268435456,67108864,float,sum,3634.29,73.86,129.26,0,3632.09,73.91,129.34,0,RING,LL,56,RING,LL,56,0,RING*,A_flag_ceiling
all_reduce_perf,1,8,536870912,134217728,float,sum,7269.1,73.86,129.25,0,7254.79,74.0,129.5,0,RING,LL,56,RING,LL,56,0,RING*,A_flag_ceiling
all_reduce_perf,1,8,4096,1024,float,sum,23.9,0.17,0.3,0,22.35,0.18,0.32,0,TREE,LL,1,TREE,LL,1,0,TREE,A_flag_ceiling
all_reduce_perf,1,8,8192,2048,float,sum,26.19,0.31,0.55,0,25.81,0.32,0.56,0,TREE,LL,1,TREE,LL,1,0,TREE,A_flag_ceiling
all_reduce_perf,1,8,16384,4096,float,sum,34.7,0.47,0.83,0,32.59,0.5,0.88,0,TREE,LL,1,TREE,LL,1,0,TREE,A_flag_ceiling
all_reduce_perf,1,8,32768,8192,float,sum,45.62,0.72,1.26,0,45.12,0.73,1.27,0,TREE,LL,1,TREE,LL,1,0,TREE,A_flag_ceiling
all_reduce_perf,1,8,65536,16384,float,sum,69.81,0.94,1.64,0,69.74,0.94,1.64,0,TREE,LL,1,TREE,LL,1,0,TREE,A_flag_ceiling
all_reduce_perf,1,8,131072,32768,float,sum,119.47,1.1,1.92,0,119.03,1.1,1.93,0,TREE,LL,1,TREE,LL,1,0,TREE,A_flag_ceiling
all_reduce_perf,1,8,262144,65536,float,sum,218.92,1.2,2.1,0,218.35,1.2,2.1,0,TREE,LL,1,TREE,LL,1,0,TREE,A_flag_ceiling
all_reduce_perf,1,8,524288,131072,float,sum,417.54,1.26,2.2,0,412.91,1.27,2.22,0,TREE,LL,1,TREE,LL,1,0,TREE,A_flag_ceiling
all_reduce_perf,1,8,1048576,262144,float,sum,815.71,1.29,2.25,0,802.56,1.31,2.29,0,TREE,LL,1,TREE,LL,1,0,TREE,A_flag_ceiling
all_reduce_perf,1,8,2097152,524288,float,sum,1598.18,1.31,2.3,0,1575.77,1.33,2.33,0,TREE,LL,1,TREE,LL,1,0,TREE,A_flag_ceiling
all_reduce_perf,1,8,4194304,1048576,float,sum,3148.67,1.33,2.33,0,3108.97,1.35,2.36,0,TREE,LL,1,TREE,LL,1,0,TREE,A_flag_ceiling
all_reduce_perf,1,8,8388608,2097152,float,sum,6216.04,1.35,2.36,0,6160.19,1.36,2.38,0,TREE,LL,1,TREE,LL,1,0,TREE,A_flag_ceiling
all_reduce_perf,1,8,16777216,4194304,float,sum,12339.5,1.36,2.38,0,12251.9,1.37,2.4,0,TREE,LL,1,TREE,LL,1,0,TREE,A_flag_ceiling
all_reduce_perf,1,8,33554432,8388608,float,sum,24586.0,1.36,2.39,0,24447.0,1.37,2.4,0,TREE,LL,1,TREE,LL,1,0,TREE,A_flag_ceiling
all_reduce_perf,1,8,67108864,16777216,float,sum,48961.7,1.37,2.4,0,48809.8,1.37,2.41,0,TREE,LL,1,TREE,LL,1,0,TREE,A_flag_ceiling
all_reduce_perf,1,8,134217728,33554432,float,sum,97568.6,1.38,2.41,0,97347.3,1.38,2.41,0,TREE,LL,1,TREE,LL,1,0,TREE,A_flag_ceiling
all_reduce_perf,1,8,268435456,67108864,float,sum,194975.0,1.38,2.41,0,194838.0,1.38,2.41,0,TREE,LL,1,TREE,LL,1,0,TREE,A_flag_ceiling
all_reduce_perf,1,8,536870912,134217728,float,sum,389404.0,1.38,2.41,0,389492.0,1.38,2.41,0,TREE,LL,1,TREE,LL,1,0,TREE,A_flag_ceiling
all_reduce_perf,1,8,4096,1024,float,sum,20.27,0.2,0.35,0,19.1,0.21,0.38,0,TREE,LL,2,TREE,LL,2,0,TREE,A_flag_ceiling
all_reduce_perf,1,8,8192,2048,float,sum,22.43,0.37,0.64,0,22.06,0.37,0.65,0,TREE,LL,2,TREE,LL,2,0,TREE,A_flag_ceiling
all_reduce_perf,1,8,16384,4096,float,sum,28.39,0.58,1.01,0,26.07,0.63,1.1,0,TREE,LL,2,TREE,LL,2,0,TREE,A_flag_ceiling
all_reduce_perf,1,8,32768,8192,float,sum,33.72,0.97,1.7,0,33.3,0.98,1.72,0,TREE,LL,2,TREE,LL,2,0,TREE,A_flag_ceiling
all_reduce_perf,1,8,65536,16384,float,sum,46.44,1.41,2.47,0,46.12,1.42,2.49,0,TREE,LL,2,TREE,LL,2,0,TREE,A_flag_ceiling
all_reduce_perf,1,8,131072,32768,float,sum,71.44,1.83,3.21,0,71.18,1.84,3.22,0,TREE,LL,2,TREE,LL,2,0,TREE,A_flag_ceiling
all_reduce_perf,1,8,262144,65536,float,sum,122.45,2.14,3.75,0,122.8,2.13,3.74,0,TREE,LL,2,TREE,LL,2,0,TREE,A_flag_ceiling
all_reduce_perf,1,8,524288,131072,float,sum,224.22,2.34,4.09,0,223.75,2.34,4.1,0,TREE,LL,2,TREE,LL,2,0,TREE,A_flag_ceiling
all_reduce_perf,1,8,1048576,262144,float,sum,427.26,2.45,4.29,0,428.54,2.45,4.28,0,TREE,LL,2,TREE,LL,2,0,TREE,A_flag_ceiling
all_reduce_perf,1,8,2097152,524288,float,sum,836.93,2.51,4.39,0,834.5,2.51,4.4,0,TREE,LL,2,TREE,LL,2,0,TREE,A_flag_ceiling
all_reduce_perf,1,8,4194304,1048576,float,sum,1652.65,2.54,4.44,0,1640.29,2.56,4.47,0,TREE,LL,2,TREE,LL,2,0,TREE,A_flag_ceiling
all_reduce_perf,1,8,8388608,2097152,float,sum,3284.88,2.55,4.47,0,3267.39,2.57,4.49,0,TREE,LL,2,TREE,LL,2,0,TREE,A_flag_ceiling
all_reduce_perf,1,8,16777216,4194304,float,sum,6510.37,2.58,4.51,0,6499.62,2.58,4.52,0,TREE,LL,2,TREE,LL,2,0,TREE,A_flag_ceiling
all_reduce_perf,1,8,33554432,8388608,float,sum,12916.9,2.6,4.55,0,12929.7,2.6,4.54,0,TREE,LL,2,TREE,LL,2,0,TREE,A_flag_ceiling
all_reduce_perf,1,8,67108864,16777216,float,sum,25775.4,2.6,4.56,0,25781.7,2.6,4.56,0,TREE,LL,2,TREE,LL,2,0,TREE,A_flag_ceiling
all_reduce_perf,1,8,134217728,33554432,float,sum,51513.6,2.61,4.56,0,51580.0,2.6,4.55,0,TREE,LL,2,TREE,LL,2,0,TREE,A_flag_ceiling
all_reduce_perf,1,8,268435456,67108864,float,sum,102777.0,2.61,4.57,0,103258.0,2.6,4.55,0,TREE,LL,2,TREE,LL,2,0,TREE,A_flag_ceiling
all_reduce_perf,1,8,536870912,134217728,float,sum,205743.0,2.61,4.57,0,206244.0,2.6,4.56,0,TREE,LL,2,TREE,LL,2,0,TREE,A_flag_ceiling
all_reduce_perf,1,8,4096,1024,float,sum,20.55,0.2,0.35,0,19.38,0.21,0.37,0,TREE,LL,4,TREE,LL,4,0,TREE,A_flag_ceiling
all_reduce_perf,1,8,8192,2048,float,sum,21.1,0.39,0.68,0,20.57,0.4,0.7,0,TREE,LL,4,TREE,LL,4,0,TREE,A_flag_ceiling
all_reduce_perf,1,8,16384,4096,float,sum,25.91,0.63,1.11,0,23.46,0.7,1.22,0,TREE,LL,4,TREE,LL,4,0,TREE,A_flag_ceiling
all_reduce_perf,1,8,32768,8192,float,sum,27.88,1.18,2.06,0,27.25,1.2,2.1,0,TREE,LL,4,TREE,LL,4,0,TREE,A_flag_ceiling
all_reduce_perf,1,8,65536,16384,float,sum,34.84,1.88,3.29,0,34.91,1.88,3.29,0,TREE,LL,4,TREE,LL,4,0,TREE,A_flag_ceiling
all_reduce_perf,1,8,131072,32768,float,sum,50.3,2.61,4.56,0,48.86,2.68,4.69,0,TREE,LL,4,TREE,LL,4,0,TREE,A_flag_ceiling
all_reduce_perf,1,8,262144,65536,float,sum,75.86,3.46,6.05,0,75.84,3.46,6.05,0,TREE,LL,4,TREE,LL,4,0,TREE,A_flag_ceiling
all_reduce_perf,1,8,524288,131072,float,sum,130.32,4.02,7.04,0,129.87,4.04,7.06,0,TREE,LL,4,TREE,LL,4,0,TREE,A_flag_ceiling
all_reduce_perf,1,8,1048576,262144,float,sum,239.43,4.38,7.66,0,239.66,4.38,7.66,0,TREE,LL,4,TREE,LL,4,0,TREE,A_flag_ceiling
all_reduce_perf,1,8,2097152,524288,float,sum,456.12,4.6,8.05,0,455.35,4.61,8.06,0,TREE,LL,4,TREE,LL,4,0,TREE,A_flag_ceiling
all_reduce_perf,1,8,4194304,1048576,float,sum,889.92,4.71,8.25,0,889.41,4.72,8.25,0,TREE,LL,4,TREE,LL,4,0,TREE,A_flag_ceiling
all_reduce_perf,1,8,8388608,2097152,float,sum,1761.9,4.76,8.33,0,1764.81,4.75,8.32,0,TREE,LL,4,TREE,LL,4,0,TREE,A_flag_ceiling
all_reduce_perf,1,8,16777216,4194304,float,sum,3483.75,4.82,8.43,0,3508.5,4.78,8.37,0,TREE,LL,4,TREE,LL,4,0,TREE,A_flag_ceiling
all_reduce_perf,1,8,33554432,8388608,float,sum,6847.91,4.9,8.57,0,6897.92,4.86,8.51,0,TREE,LL,4,TREE,LL,4,0,TREE,A_flag_ceiling
all_reduce_perf,1,8,67108864,16777216,float,sum,13656.3,4.91,8.6,0,13691.2,4.9,8.58,0,TREE,LL,4,TREE,LL,4,0,TREE,A_flag_ceiling
all_reduce_perf,1,8,134217728,33554432,float,sum,27351.3,4.91,8.59,0,27331.3,4.91,8.59,0,TREE,LL,4,TREE,LL,4,0,TREE,A_flag_ceiling
all_reduce_perf,1,8,268435456,67108864,float,sum,54634.9,4.91,8.6,0,54487.3,4.93,8.62,0,TREE,LL,4,TREE,LL,4,0,TREE,A_flag_ceiling
all_reduce_perf,1,8,536870912,134217728,float,sum,108820.0,4.93,8.63,0,108605.0,4.94,8.65,0,TREE,LL,4,TREE,LL,4,0,TREE,A_flag_ceiling
all_reduce_perf,1,8,4096,1024,float,sum,20.18,0.2,0.36,0,18.96,0.22,0.38,0,TREE,LL,8,TREE,LL,8,0,TREE,A_flag_ceiling
all_reduce_perf,1,8,8192,2048,float,sum,21.15,0.39,0.68,0,20.17,0.41,0.71,0,TREE,LL,8,TREE,LL,8,0,TREE,A_flag_ceiling
all_reduce_perf,1,8,16384,4096,float,sum,22.43,0.73,1.28,0,21.71,0.75,1.32,0,TREE,LL,8,TREE,LL,8,0,TREE,A_flag_ceiling
all_reduce_perf,1,8,32768,8192,float,sum,24.2,1.35,2.37,0,23.41,1.4,2.45,0,TREE,LL,8,TREE,LL,8,0,TREE,A_flag_ceiling
all_reduce_perf,1,8,65536,16384,float,sum,27.96,2.34,4.1,0,27.6,2.37,4.16,0,TREE,LL,8,TREE,LL,8,0,TREE,A_flag_ceiling
all_reduce_perf,1,8,131072,32768,float,sum,35.26,3.72,6.51,0,35.52,3.69,6.46,0,TREE,LL,8,TREE,LL,8,0,TREE,A_flag_ceiling
all_reduce_perf,1,8,262144,65536,float,sum,49.05,5.34,9.35,0,49.08,5.34,9.35,0,TREE,LL,8,TREE,LL,8,0,TREE,A_flag_ceiling
all_reduce_perf,1,8,524288,131072,float,sum,76.15,6.88,12.05,0,76.34,6.87,12.02,0,TREE,LL,8,TREE,LL,8,0,TREE,A_flag_ceiling
all_reduce_perf,1,8,1048576,262144,float,sum,130.26,8.05,14.09,0,131.08,8.0,14.0,0,TREE,LL,8,TREE,LL,8,0,TREE,A_flag_ceiling
all_reduce_perf,1,8,2097152,524288,float,sum,238.97,8.78,15.36,0,240.34,8.73,15.27,0,TREE,LL,8,TREE,LL,8,0,TREE,A_flag_ceiling
all_reduce_perf,1,8,4194304,1048576,float,sum,455.96,9.2,16.1,0,459.12,9.14,15.99,0,TREE,LL,8,TREE,LL,8,0,TREE,A_flag_ceiling
all_reduce_perf,1,8,8388608,2097152,float,sum,889.85,9.43,16.5,0,893.3,9.39,16.43,0,TREE,LL,8,TREE,LL,8,0,TREE,A_flag_ceiling
all_reduce_perf,1,8,16777216,4194304,float,sum,1759.51,9.54,16.69,0,1763.11,9.52,16.65,0,TREE,LL,8,TREE,LL,8,0,TREE,A_flag_ceiling
all_reduce_perf,1,8,33554432,8388608,float,sum,3485.32,9.63,16.85,0,3512.32,9.55,16.72,0,TREE,LL,8,TREE,LL,8,0,TREE,A_flag_ceiling
all_reduce_perf,1,8,67108864,16777216,float,sum,6982.29,9.61,16.82,0,7031.8,9.54,16.7,0,TREE,LL,8,TREE,LL,8,0,TREE,A_flag_ceiling
all_reduce_perf,1,8,134217728,33554432,float,sum,14068.6,9.54,16.7,0,14064.4,9.54,16.7,0,TREE,LL,8,TREE,LL,8,0,TREE,A_flag_ceiling
all_reduce_perf,1,8,268435456,67108864,float,sum,28147.4,9.54,16.69,0,28144.3,9.54,16.69,0,TREE,LL,8,TREE,LL,8,0,TREE,A_flag_ceiling
all_reduce_perf,1,8,536870912,134217728,float,sum,56291.5,9.54,16.69,0,56355.2,9.53,16.67,0,TREE,LL,8,TREE,LL,8,0,TREE,A_flag_ceiling
all_reduce_perf,1,8,4096,1024,float,sum,21.75,0.19,0.33,0,19.16,0.21,0.37,0,TREE,LL,16,TREE,LL,16,0,TREE,A_flag_ceiling
all_reduce_perf,1,8,8192,2048,float,sum,20.68,0.4,0.69,0,20.2,0.41,0.71,0,TREE,LL,16,TREE,LL,16,0,TREE,A_flag_ceiling
all_reduce_perf,1,8,16384,4096,float,sum,24.09,0.68,1.19,0,22.18,0.74,1.29,0,TREE,LL,16,TREE,LL,16,0,TREE,A_flag_ceiling
all_reduce_perf,1,8,32768,8192,float,sum,21.25,1.54,2.7,0,21.03,1.56,2.73,0,TREE,LL,16,TREE,LL,16,0,TREE,A_flag_ceiling
all_reduce_perf,1,8,65536,16384,float,sum,23.9,2.74,4.8,0,23.75,2.76,4.83,0,TREE,LL,16,TREE,LL,16,0,TREE,A_flag_ceiling
all_reduce_perf,1,8,131072,32768,float,sum,31.17,4.2,7.36,0,28.67,4.57,8.0,0,TREE,LL,16,TREE,LL,16,0,TREE,A_flag_ceiling
all_reduce_perf,1,8,262144,65536,float,sum,35.84,7.31,12.8,0,35.92,7.3,12.77,0,TREE,LL,16,TREE,LL,16,0,TREE,A_flag_ceiling
all_reduce_perf,1,8,524288,131072,float,sum,49.5,10.59,18.53,0,49.69,10.55,18.46,0,TREE,LL,16,TREE,LL,16,0,TREE,A_flag_ceiling
all_reduce_perf,1,8,1048576,262144,float,sum,77.04,13.61,23.82,0,77.14,13.59,23.79,0,TREE,LL,16,TREE,LL,16,0,TREE,A_flag_ceiling
all_reduce_perf,1,8,2097152,524288,float,sum,131.51,15.95,27.91,0,131.78,15.91,27.85,0,TREE,LL,16,TREE,LL,16,0,TREE,A_flag_ceiling
all_reduce_perf,1,8,4194304,1048576,float,sum,241.66,17.36,30.37,0,242.62,17.29,30.25,0,TREE,LL,16,TREE,LL,16,0,TREE,A_flag_ceiling
all_reduce_perf,1,8,8388608,2097152,float,sum,460.71,18.21,31.86,0,461.91,18.16,31.78,0,TREE,LL,16,TREE,LL,16,0,TREE,A_flag_ceiling
all_reduce_perf,1,8,16777216,4194304,float,sum,897.73,18.69,32.7,0,899.37,18.65,32.65,0,TREE,LL,16,TREE,LL,16,0,TREE,A_flag_ceiling
all_reduce_perf,1,8,33554432,8388608,float,sum,1778.25,18.87,33.02,0,1779.52,18.86,33.0,0,TREE,LL,16,TREE,LL,16,0,TREE,A_flag_ceiling
all_reduce_perf,1,8,67108864,16777216,float,sum,3562.38,18.84,32.97,0,3554.94,18.88,33.04,0,TREE,LL,16,TREE,LL,16,0,TREE,A_flag_ceiling
all_reduce_perf,1,8,134217728,33554432,float,sum,7121.6,18.85,32.98,0,7085.46,18.94,33.15,0,TREE,LL,16,TREE,LL,16,0,TREE,A_flag_ceiling
all_reduce_perf,1,8,268435456,67108864,float,sum,14201.1,18.9,33.08,0,14124.4,19.01,33.26,0,TREE,LL,16,TREE,LL,16,0,TREE,A_flag_ceiling
all_reduce_perf,1,8,536870912,134217728,float,sum,28231.4,19.02,33.28,0,28150.2,19.07,33.38,0,TREE,LL,16,TREE,LL,16,0,TREE,A_flag_ceiling
all_reduce_perf,1,8,4096,1024,float,sum,20.55,0.2,0.35,0,19.76,0.21,0.36,0,TREE,LL,24,TREE,LL,24,0,TREE,A_flag_ceiling
all_reduce_perf,1,8,8192,2048,float,sum,20.56,0.4,0.7,0,20.07,0.41,0.71,0,TREE,LL,24,TREE,LL,24,0,TREE,A_flag_ceiling
all_reduce_perf,1,8,16384,4096,float,sum,24.04,0.68,1.19,0,21.41,0.77,1.34,0,TREE,LL,24,TREE,LL,24,0,TREE,A_flag_ceiling
all_reduce_perf,1,8,32768,8192,float,sum,21.59,1.52,2.66,0,21.15,1.55,2.71,0,TREE,LL,24,TREE,LL,24,0,TREE,A_flag_ceiling
all_reduce_perf,1,8,65536,16384,float,sum,23.76,2.76,4.83,0,23.52,2.79,4.88,0,TREE,LL,24,TREE,LL,24,0,TREE,A_flag_ceiling
all_reduce_perf,1,8,131072,32768,float,sum,28.2,4.65,8.13,0,26.33,4.98,8.71,0,TREE,LL,24,TREE,LL,24,0,TREE,A_flag_ceiling
all_reduce_perf,1,8,262144,65536,float,sum,32.56,8.05,14.09,0,32.52,8.06,14.11,0,TREE,LL,24,TREE,LL,24,0,TREE,A_flag_ceiling
all_reduce_perf,1,8,524288,131072,float,sum,41.56,12.62,22.08,0,41.75,12.56,21.97,0,TREE,LL,24,TREE,LL,24,0,TREE,A_flag_ceiling
all_reduce_perf,1,8,1048576,262144,float,sum,61.73,16.99,29.72,0,60.88,17.22,30.14,0,TREE,LL,24,TREE,LL,24,0,TREE,A_flag_ceiling
all_reduce_perf,1,8,2097152,524288,float,sum,97.16,21.58,37.77,0,97.52,21.5,37.63,0,TREE,LL,24,TREE,LL,24,0,TREE,A_flag_ceiling
all_reduce_perf,1,8,4194304,1048576,float,sum,170.31,24.63,43.1,0,171.52,24.45,42.79,0,TREE,LL,24,TREE,LL,24,0,TREE,A_flag_ceiling
all_reduce_perf,1,8,8388608,2097152,float,sum,317.28,26.44,46.27,0,318.14,26.37,46.14,0,TREE,LL,24,TREE,LL,24,0,TREE,A_flag_ceiling
all_reduce_perf,1,8,16777216,4194304,float,sum,613.0,27.37,47.9,0,613.27,27.36,47.88,0,TREE,LL,24,TREE,LL,24,0,TREE,A_flag_ceiling
all_reduce_perf,1,8,33554432,8388608,float,sum,1206.1,27.82,48.69,0,1206.68,27.81,48.66,0,TREE,LL,24,TREE,LL,24,0,TREE,A_flag_ceiling
all_reduce_perf,1,8,67108864,16777216,float,sum,2406.84,27.88,48.79,0,2409.04,27.86,48.75,0,TREE,LL,24,TREE,LL,24,0,TREE,A_flag_ceiling
all_reduce_perf,1,8,134217728,33554432,float,sum,4799.21,27.97,48.94,0,4798.33,27.97,48.95,0,TREE,LL,24,TREE,LL,24,0,TREE,A_flag_ceiling
all_reduce_perf,1,8,268435456,67108864,float,sum,9563.48,28.07,49.12,0,9564.85,28.06,49.11,0,TREE,LL,24,TREE,LL,24,0,TREE,A_flag_ceiling
all_reduce_perf,1,8,536870912,134217728,float,sum,19074.3,28.15,49.26,0,19055.5,28.17,49.3,0,TREE,LL,24,TREE,LL,24,0,TREE,A_flag_ceiling
all_reduce_perf,1,8,4096,1024,float,sum,20.83,0.2,0.34,0,19.68,0.21,0.36,0,TREE,LL,32,TREE,LL,32,0,TREE,A_flag_ceiling
all_reduce_perf,1,8,8192,2048,float,sum,20.13,0.41,0.71,0,19.79,0.41,0.72,0,TREE,LL,32,TREE,LL,32,0,TREE,A_flag_ceiling
all_reduce_perf,1,8,16384,4096,float,sum,23.21,0.71,1.24,0,21.56,0.76,1.33,0,TREE,LL,32,TREE,LL,32,0,TREE,A_flag_ceiling
all_reduce_perf,1,8,32768,8192,float,sum,21.34,1.54,2.69,0,20.77,1.58,2.76,0,TREE,LL,32,TREE,LL,32,0,TREE,A_flag_ceiling
all_reduce_perf,1,8,65536,16384,float,sum,21.62,3.03,5.31,0,21.44,3.06,5.35,0,TREE,LL,32,TREE,LL,32,0,TREE,A_flag_ceiling
all_reduce_perf,1,8,131072,32768,float,sum,27.03,4.85,8.49,0,24.48,5.35,9.37,0,TREE,LL,32,TREE,LL,32,0,TREE,A_flag_ceiling
all_reduce_perf,1,8,262144,65536,float,sum,29.01,9.04,15.81,0,29.56,8.87,15.52,0,TREE,LL,32,TREE,LL,32,0,TREE,A_flag_ceiling
all_reduce_perf,1,8,524288,131072,float,sum,36.91,14.2,24.86,0,37.2,14.09,24.66,0,TREE,LL,32,TREE,LL,32,0,TREE,A_flag_ceiling
all_reduce_perf,1,8,1048576,262144,float,sum,52.42,20.0,35.01,0,51.54,20.34,35.6,0,TREE,LL,32,TREE,LL,32,0,TREE,A_flag_ceiling
all_reduce_perf,1,8,2097152,524288,float,sum,79.2,26.48,46.34,0,79.36,26.43,46.25,0,TREE,LL,32,TREE,LL,32,0,TREE,A_flag_ceiling
all_reduce_perf,1,8,4194304,1048576,float,sum,134.47,31.19,54.58,0,135.77,30.89,54.06,0,TREE,LL,32,TREE,LL,32,0,TREE,A_flag_ceiling
all_reduce_perf,1,8,8388608,2097152,float,sum,247.96,33.83,59.2,0,248.36,33.78,59.11,0,TREE,LL,32,TREE,LL,32,0,TREE,A_flag_ceiling
all_reduce_perf,1,8,16777216,4194304,float,sum,471.56,35.58,62.26,0,472.73,35.49,62.11,0,TREE,LL,32,TREE,LL,32,0,TREE,A_flag_ceiling
all_reduce_perf,1,8,33554432,8388608,float,sum,921.7,36.41,63.71,0,921.3,36.42,63.74,0,TREE,LL,32,TREE,LL,32,0,TREE,A_flag_ceiling
all_reduce_perf,1,8,67108864,16777216,float,sum,1832.7,36.62,64.08,0,1834.4,36.58,64.02,0,TREE,LL,32,TREE,LL,32,0,TREE,A_flag_ceiling
all_reduce_perf,1,8,134217728,33554432,float,sum,3657.85,36.69,64.21,0,3656.33,36.71,64.24,0,TREE,LL,32,TREE,LL,32,0,TREE,A_flag_ceiling
all_reduce_perf,1,8,268435456,67108864,float,sum,7271.53,36.92,64.6,0,7263.98,36.95,64.67,0,TREE,LL,32,TREE,LL,32,0,TREE,A_flag_ceiling
all_reduce_perf,1,8,536870912,134217728,float,sum,14461.6,37.12,64.97,0,14436.1,37.19,65.08,0,TREE,LL,32,TREE,LL,32,0,TREE,A_flag_ceiling
all_reduce_perf,1,8,4096,1024,float,sum,21.01,0.19,0.34,0,19.36,0.21,0.37,0,TREE,LL,40,TREE,LL,40,0,TREE,A_flag_ceiling
all_reduce_perf,1,8,8192,2048,float,sum,20.35,0.4,0.7,0,20.11,0.41,0.71,0,TREE,LL,40,TREE,LL,40,0,TREE,A_flag_ceiling
all_reduce_perf,1,8,16384,4096,float,sum,24.04,0.68,1.19,0,20.69,0.79,1.39,0,TREE,LL,40,TREE,LL,40,0,TREE,A_flag_ceiling
all_reduce_perf,1,8,32768,8192,float,sum,21.23,1.54,2.7,0,20.8,1.58,2.76,0,TREE,LL,40,TREE,LL,40,0,TREE,A_flag_ceiling
all_reduce_perf,1,8,65536,16384,float,sum,21.68,3.02,5.29,0,21.39,3.06,5.36,0,TREE,LL,40,TREE,LL,40,0,TREE,A_flag_ceiling
all_reduce_perf,1,8,131072,32768,float,sum,27.2,4.82,8.43,0,24.57,5.34,9.34,0,TREE,LL,40,TREE,LL,40,0,TREE,A_flag_ceiling
all_reduce_perf,1,8,262144,65536,float,sum,29.52,8.88,15.54,0,29.31,8.94,15.65,0,TREE,LL,40,TREE,LL,40,0,TREE,A_flag_ceiling
all_reduce_perf,1,8,524288,131072,float,sum,35.19,14.9,26.08,0,35.46,14.79,25.87,0,TREE,LL,40,TREE,LL,40,0,TREE,A_flag_ceiling
all_reduce_perf,1,8,1048576,262144,float,sum,46.61,22.5,39.37,0,46.58,22.51,39.4,0,TREE,LL,40,TREE,LL,40,0,TREE,A_flag_ceiling
all_reduce_perf,1,8,2097152,524288,float,sum,69.81,30.04,52.57,0,70.22,29.87,52.27,0,TREE,LL,40,TREE,LL,40,0,TREE,A_flag_ceiling
all_reduce_perf,1,8,4194304,1048576,float,sum,116.06,36.14,63.24,0,115.96,36.17,63.3,0,TREE,LL,40,TREE,LL,40,0,TREE,A_flag_ceiling
all_reduce_perf,1,8,8388608,2097152,float,sum,205.76,40.77,71.34,0,206.17,40.69,71.2,0,TREE,LL,40,TREE,LL,40,0,TREE,A_flag_ceiling
all_reduce_perf,1,8,16777216,4194304,float,sum,387.33,43.31,75.8,0,387.75,43.27,75.72,0,TREE,LL,40,TREE,LL,40,0,TREE,A_flag_ceiling
all_reduce_perf,1,8,33554432,8388608,float,sum,752.7,44.58,78.01,0,751.28,44.66,78.16,0,TREE,LL,40,TREE,LL,40,0,TREE,A_flag_ceiling
all_reduce_perf,1,8,67108864,16777216,float,sum,1489.8,45.05,78.83,0,1490.53,45.02,78.79,0,TREE,LL,40,TREE,LL,40,0,TREE,A_flag_ceiling
all_reduce_perf,1,8,134217728,33554432,float,sum,2963.78,45.29,79.25,0,2970.36,45.19,79.07,0,TREE,LL,40,TREE,LL,40,0,TREE,A_flag_ceiling
all_reduce_perf,1,8,268435456,67108864,float,sum,5915.36,45.38,79.41,0,5918.88,45.35,79.37,0,TREE,LL,40,TREE,LL,40,0,TREE,A_flag_ceiling
all_reduce_perf,1,8,536870912,134217728,float,sum,11751.3,45.69,79.95,0,11856.2,45.28,79.24,0,TREE,LL,40,TREE,LL,40,0,TREE,A_flag_ceiling
all_reduce_perf,1,8,4096,1024,float,sum,20.18,0.2,0.36,0,19.64,0.21,0.36,0,TREE,LL,48,TREE,LL,48,0,TREE,A_flag_ceiling
all_reduce_perf,1,8,8192,2048,float,sum,21.71,0.38,0.66,0,20.91,0.39,0.69,0,TREE,LL,48,TREE,LL,48,0,TREE,A_flag_ceiling
all_reduce_perf,1,8,16384,4096,float,sum,23.94,0.68,1.2,0,21.52,0.76,1.33,0,TREE,LL,48,TREE,LL,48,0,TREE,A_flag_ceiling
all_reduce_perf,1,8,32768,8192,float,sum,21.92,1.49,2.62,0,21.25,1.54,2.7,0,TREE,LL,48,TREE,LL,48,0,TREE,A_flag_ceiling
all_reduce_perf,1,8,65536,16384,float,sum,21.62,3.03,5.3,0,21.39,3.06,5.36,0,TREE,LL,48,TREE,LL,48,0,TREE,A_flag_ceiling
all_reduce_perf,1,8,131072,32768,float,sum,24.9,5.26,9.21,0,24.58,5.33,9.33,0,TREE,LL,48,TREE,LL,48,0,TREE,A_flag_ceiling
all_reduce_perf,1,8,262144,65536,float,sum,27.27,9.61,16.82,0,27.57,9.51,16.64,0,TREE,LL,48,TREE,LL,48,0,TREE,A_flag_ceiling
all_reduce_perf,1,8,524288,131072,float,sum,33.71,15.55,27.22,0,34.1,15.38,26.91,0,TREE,LL,48,TREE,LL,48,0,TREE,A_flag_ceiling
all_reduce_perf,1,8,1048576,262144,float,sum,43.21,24.27,42.47,0,43.32,24.2,42.36,0,TREE,LL,48,TREE,LL,48,0,TREE,A_flag_ceiling
all_reduce_perf,1,8,2097152,524288,float,sum,63.14,33.21,58.12,0,63.25,33.16,58.03,0,TREE,LL,48,TREE,LL,48,0,TREE,A_flag_ceiling
all_reduce_perf,1,8,4194304,1048576,float,sum,100.53,41.72,73.01,0,100.9,41.57,72.74,0,TREE,LL,48,TREE,LL,48,0,TREE,A_flag_ceiling
all_reduce_perf,1,8,8388608,2097152,float,sum,177.19,47.34,82.85,0,177.85,47.17,82.54,0,TREE,LL,48,TREE,LL,48,0,TREE,A_flag_ceiling
all_reduce_perf,1,8,16777216,4194304,float,sum,329.05,50.99,89.23,0,330.3,50.79,88.89,0,TREE,LL,48,TREE,LL,48,0,TREE,A_flag_ceiling
all_reduce_perf,1,8,33554432,8388608,float,sum,636.73,52.7,92.22,0,644.74,52.04,91.08,0,TREE,LL,48,TREE,LL,48,0,TREE,A_flag_ceiling
all_reduce_perf,1,8,67108864,16777216,float,sum,1255.75,53.44,93.52,0,1255.72,53.44,93.52,0,TREE,LL,48,TREE,LL,48,0,TREE,A_flag_ceiling
all_reduce_perf,1,8,134217728,33554432,float,sum,2491.67,53.87,94.27,0,2487.37,53.96,94.43,0,TREE,LL,48,TREE,LL,48,0,TREE,A_flag_ceiling
all_reduce_perf,1,8,268435456,67108864,float,sum,4973.88,53.97,94.45,0,4955.34,54.17,94.8,0,TREE,LL,48,TREE,LL,48,0,TREE,A_flag_ceiling
all_reduce_perf,1,8,536870912,134217728,float,sum,9860.71,54.45,95.28,0,9879.03,54.34,95.1,0,TREE,LL,48,TREE,LL,48,0,TREE,A_flag_ceiling
all_reduce_perf,1,8,4096,1024,float,sum,19.96,0.21,0.36,0,18.94,0.22,0.38,0,TREE,LL,56,TREE,LL,56,0,TREE,A_flag_ceiling
all_reduce_perf,1,8,8192,2048,float,sum,20.87,0.39,0.69,0,20.1,0.41,0.71,0,TREE,LL,56,TREE,LL,56,0,TREE,A_flag_ceiling
all_reduce_perf,1,8,16384,4096,float,sum,23.66,0.69,1.21,0,20.95,0.78,1.37,0,TREE,LL,56,TREE,LL,56,0,TREE,A_flag_ceiling
all_reduce_perf,1,8,32768,8192,float,sum,21.73,1.51,2.64,0,21.32,1.54,2.69,0,TREE,LL,56,TREE,LL,56,0,TREE,A_flag_ceiling
all_reduce_perf,1,8,65536,16384,float,sum,21.82,3.0,5.26,0,21.65,3.03,5.3,0,TREE,LL,56,TREE,LL,56,0,TREE,A_flag_ceiling
all_reduce_perf,1,8,131072,32768,float,sum,26.51,4.94,8.65,0,24.66,5.32,9.3,0,TREE,LL,56,TREE,LL,56,0,TREE,A_flag_ceiling
all_reduce_perf,1,8,262144,65536,float,sum,27.36,9.58,16.77,0,27.11,9.67,16.92,0,TREE,LL,56,TREE,LL,56,0,TREE,A_flag_ceiling
all_reduce_perf,1,8,524288,131072,float,sum,31.87,16.45,28.79,0,32.0,16.39,28.68,0,TREE,LL,56,TREE,LL,56,0,TREE,A_flag_ceiling
all_reduce_perf,1,8,1048576,262144,float,sum,43.13,24.31,42.54,0,41.89,25.03,43.8,0,TREE,LL,56,TREE,LL,56,0,TREE,A_flag_ceiling
all_reduce_perf,1,8,2097152,524288,float,sum,58.64,35.76,62.58,0,58.82,35.65,62.39,0,TREE,LL,56,TREE,LL,56,0,TREE,A_flag_ceiling
all_reduce_perf,1,8,4194304,1048576,float,sum,90.91,46.14,80.74,0,91.0,46.09,80.66,0,TREE,LL,56,TREE,LL,56,0,TREE,A_flag_ceiling
all_reduce_perf,1,8,8388608,2097152,float,sum,158.28,53.0,92.75,0,159.57,52.57,92.0,0,TREE,LL,56,TREE,LL,56,0,TREE,A_flag_ceiling
all_reduce_perf,1,8,16777216,4194304,float,sum,290.92,57.67,100.92,0,292.92,57.27,100.23,0,TREE,LL,56,TREE,LL,56,0,TREE,A_flag_ceiling
all_reduce_perf,1,8,33554432,8388608,float,sum,561.26,59.78,104.62,0,560.89,59.82,104.69,0,TREE,LL,56,TREE,LL,56,0,TREE,A_flag_ceiling
all_reduce_perf,1,8,67108864,16777216,float,sum,1100.39,60.99,106.73,0,1099.2,61.05,106.84,0,TREE,LL,56,TREE,LL,56,0,TREE,A_flag_ceiling
all_reduce_perf,1,8,134217728,33554432,float,sum,2182.79,61.49,107.61,0,2181.89,61.51,107.65,0,TREE,LL,56,TREE,LL,56,0,TREE,A_flag_ceiling
all_reduce_perf,1,8,268435456,67108864,float,sum,4325.32,62.06,108.61,0,4318.25,62.16,108.79,0,TREE,LL,56,TREE,LL,56,0,TREE,A_flag_ceiling
all_reduce_perf,1,8,536870912,134217728,float,sum,8595.15,62.46,109.31,0,8635.09,62.17,108.8,0,TREE,LL,56,TREE,LL,56,0,TREE,A_flag_ceiling
all_reduce_perf,1,8,4096,1024,float,sum,23.46,0.17,0.31,0,22.32,0.18,0.32,0,TREE,LL,1,,,,0,TREE,A_flag_ceiling
all_reduce_perf,1,8,8192,2048,float,sum,26.38,0.31,0.54,0,25.99,0.32,0.55,0,TREE,LL,1,,,,0,TREE,A_flag_ceiling
all_reduce_perf,1,8,16384,4096,float,sum,35.16,0.47,0.82,0,32.68,0.5,0.88,0,TREE,LL,1,,,,0,TREE,A_flag_ceiling
all_reduce_perf,1,8,32768,8192,float,sum,34.21,0.96,1.68,0,33.56,0.98,1.71,0,TREE,LL,2,,,,0,TREE,A_flag_ceiling
all_reduce_perf,1,8,65536,16384,float,sum,35.58,1.84,3.22,0,35.61,1.84,3.22,0,TREE,LL,4,,,,0,TREE,A_flag_ceiling
all_reduce_perf,1,8,131072,32768,float,sum,38.06,3.44,6.03,0,36.57,3.58,6.27,0,TREE,LL,8,,,,0,TREE,A_flag_ceiling
all_reduce_perf,1,8,262144,65536,float,sum,36.37,7.21,12.61,0,36.52,7.18,12.56,0,TREE,LL,16,,,,0,TREE,A_flag_ceiling
all_reduce_perf,1,8,524288,131072,float,sum,44.56,11.76,20.59,0,43.12,12.16,21.28,0,RING,SIMPLE,16,,,,0,RING,A_flag_ceiling
all_reduce_perf,1,8,1048576,262144,float,sum,45.76,22.91,40.1,0,44.02,23.82,41.68,0,RING,SIMPLE,32,,,,0,RING,A_flag_ceiling
all_reduce_perf,1,8,2097152,524288,float,sum,47.4,44.25,77.43,0,45.95,45.64,79.87,0,RING,SIMPLE,56,,,,0,RING,A_flag_ceiling
all_reduce_perf,1,8,4194304,1048576,float,sum,58.65,71.51,125.14,0,57.25,73.26,128.2,0,RING,SIMPLE,56,,,,0,RING,A_flag_ceiling
all_reduce_perf,1,8,8388608,2097152,float,sum,76.36,109.85,192.25,0,74.14,113.15,198.01,0,RING,SIMPLE,56,,,,0,RING,A_flag_ceiling
all_reduce_perf,1,8,16777216,4194304,float,sum,110.8,151.41,264.98,0,109.17,153.67,268.93,0,RING,SIMPLE,56,,,,0,RING,A_flag_ceiling
all_reduce_perf,1,8,33554432,8388608,float,sum,185.74,180.66,316.15,0,185.01,181.37,317.39,0,RING,SIMPLE,56,,,,0,RING,A_flag_ceiling
all_reduce_perf,1,8,67108864,16777216,float,sum,329.49,203.68,356.44,0,329.92,203.41,355.97,0,RING,SIMPLE,56,,,,0,RING*,A_flag_ceiling
all_reduce_perf,1,8,134217728,33554432,float,sum,619.69,216.59,379.03,0,619.87,216.53,378.92,0,RING,SIMPLE,56,,,,0,RING*,A_flag_ceiling
all_reduce_perf,1,8,268435456,67108864,float,sum,1205.32,222.71,389.74,0,1205.35,222.7,389.73,0,RING,SIMPLE,56,,,,0,RING*,A_flag_ceiling
all_reduce_perf,1,8,536870912,134217728,float,sum,2369.57,226.57,396.49,0,2369.44,226.58,396.52,0,RING,SIMPLE,56,,,,0,RING*,A_flag_ceiling
all_reduce_perf,1,8,4096,1024,float,sum,42.32,0.1,0.17,0,40.16,0.1,0.18,0,RING,SIMPLE,1,RING,SIMPLE,1,0,RING,A_flag_ceiling
all_reduce_perf,1,8,8192,2048,float,sum,40.77,0.2,0.35,0,39.67,0.21,0.36,0,RING,SIMPLE,1,RING,SIMPLE,1,0,RING,A_flag_ceiling
all_reduce_perf,1,8,16384,4096,float,sum,41.41,0.4,0.69,0,38.67,0.42,0.74,0,RING,SIMPLE,1,RING,SIMPLE,1,0,RING,A_flag_ceiling
all_reduce_perf,1,8,32768,8192,float,sum,40.08,0.82,1.43,0,38.91,0.84,1.47,0,RING,SIMPLE,1,RING,SIMPLE,1,0,RING,A_flag_ceiling
all_reduce_perf,1,8,65536,16384,float,sum,42.33,1.55,2.71,0,41.47,1.58,2.77,0,RING,SIMPLE,1,RING,SIMPLE,1,0,RING,A_flag_ceiling
all_reduce_perf,1,8,131072,32768,float,sum,52.64,2.49,4.36,0,51.75,2.53,4.43,0,RING,SIMPLE,1,RING,SIMPLE,1,0,RING,A_flag_ceiling
all_reduce_perf,1,8,262144,65536,float,sum,73.33,3.57,6.26,0,72.27,3.63,6.35,0,RING,SIMPLE,1,RING,SIMPLE,1,0,RING,A_flag_ceiling
all_reduce_perf,1,8,524288,131072,float,sum,114.33,4.59,8.02,0,111.9,4.69,8.2,0,RING,SIMPLE,1,RING,SIMPLE,1,0,RING,A_flag_ceiling
all_reduce_perf,1,8,1048576,262144,float,sum,195.51,5.36,9.39,0,189.71,5.53,9.67,0,RING,SIMPLE,1,RING,SIMPLE,1,0,RING,A_flag_ceiling
all_reduce_perf,1,8,2097152,524288,float,sum,341.11,6.15,10.76,0,324.26,6.47,11.32,0,RING,SIMPLE,1,RING,SIMPLE,1,0,RING,A_flag_ceiling
all_reduce_perf,1,8,4194304,1048576,float,sum,611.57,6.86,12.0,0,578.69,7.25,12.68,0,RING,SIMPLE,1,RING,SIMPLE,1,0,RING,A_flag_ceiling
all_reduce_perf,1,8,8388608,2097152,float,sum,1212.05,6.92,12.11,0,1177.06,7.13,12.47,0,RING,SIMPLE,1,RING,SIMPLE,1,0,RING,A_flag_ceiling
all_reduce_perf,1,8,16777216,4194304,float,sum,2409.98,6.96,12.18,0,2381.91,7.04,12.33,0,RING,SIMPLE,1,RING,SIMPLE,1,0,RING,A_flag_ceiling
all_reduce_perf,1,8,33554432,8388608,float,sum,4801.99,6.99,12.23,0,4771.55,7.03,12.31,0,RING,SIMPLE,1,RING,SIMPLE,1,0,RING,A_flag_ceiling
all_reduce_perf,1,8,67108864,16777216,float,sum,9947.86,6.75,11.81,0,9948.02,6.75,11.81,0,RING,SIMPLE,1,RING,SIMPLE,1,0,RING*,A_flag_ceiling
all_reduce_perf,1,8,134217728,33554432,float,sum,19961.0,6.72,11.77,0,19908.8,6.74,11.8,0,RING,SIMPLE,1,RING,SIMPLE,1,0,RING*,A_flag_ceiling
all_reduce_perf,1,8,268435456,67108864,float,sum,39989.6,6.71,11.75,0,39934.5,6.72,11.76,0,RING,SIMPLE,1,RING,SIMPLE,1,0,RING*,A_flag_ceiling
all_reduce_perf,1,8,536870912,134217728,float,sum,79681.4,6.74,11.79,0,79518.8,6.75,11.82,0,RING,SIMPLE,1,RING,SIMPLE,1,0,RING*,A_flag_ceiling
all_reduce_perf,1,8,4096,1024,float,sum,25.47,0.16,0.28,0,23.47,0.17,0.31,0,RING,LL,1,RING,LL,1,0,RING,A_flag_ceiling
all_reduce_perf,1,8,8192,2048,float,sum,24.22,0.34,0.59,0,23.34,0.35,0.61,0,RING,LL,1,RING,LL,1,0,RING,A_flag_ceiling
all_reduce_perf,1,8,16384,4096,float,sum,25.66,0.64,1.12,0,24.26,0.68,1.18,0,RING,LL,1,RING,LL,1,0,RING,A_flag_ceiling
all_reduce_perf,1,8,32768,8192,float,sum,33.21,0.99,1.73,0,32.03,1.02,1.79,0,RING,LL,1,RING,LL,1,0,RING,A_flag_ceiling
all_reduce_perf,1,8,65536,16384,float,sum,52.01,1.26,2.2,0,51.36,1.28,2.23,0,RING,LL,1,RING,LL,1,0,RING,A_flag_ceiling
all_reduce_perf,1,8,131072,32768,float,sum,88.86,1.48,2.58,0,87.46,1.5,2.62,0,RING,LL,1,RING,LL,1,0,RING,A_flag_ceiling
all_reduce_perf,1,8,262144,65536,float,sum,171.19,1.53,2.68,0,171.38,1.53,2.68,0,RING,LL,1,RING,LL,1,0,RING,A_flag_ceiling
all_reduce_perf,1,8,524288,131072,float,sum,336.42,1.56,2.73,0,332.74,1.58,2.76,0,RING,LL,1,RING,LL,1,0,RING,A_flag_ceiling
all_reduce_perf,1,8,1048576,262144,float,sum,667.33,1.57,2.75,0,659.73,1.59,2.78,0,RING,LL,1,RING,LL,1,0,RING,A_flag_ceiling
all_reduce_perf,1,8,2097152,524288,float,sum,1326.17,1.58,2.77,0,1310.33,1.6,2.8,0,RING,LL,1,RING,LL,1,0,RING,A_flag_ceiling
all_reduce_perf,1,8,4194304,1048576,float,sum,2639.61,1.59,2.78,0,2611.5,1.61,2.81,0,RING,LL,1,RING,LL,1,0,RING,A_flag_ceiling
all_reduce_perf,1,8,8388608,2097152,float,sum,5228.8,1.6,2.81,0,5201.48,1.61,2.82,0,RING,LL,1,RING,LL,1,0,RING,A_flag_ceiling
all_reduce_perf,1,8,16777216,4194304,float,sum,10413.5,1.61,2.82,0,10439.0,1.61,2.81,0,RING,LL,1,RING,LL,1,0,RING,A_flag_ceiling
all_reduce_perf,1,8,33554432,8388608,float,sum,20783.3,1.61,2.83,0,20955.9,1.6,2.8,0,RING,LL,1,RING,LL,1,0,RING,A_flag_ceiling
all_reduce_perf,1,8,67108864,16777216,float,sum,46343.2,1.45,2.53,0,46410.4,1.45,2.53,0,RING,LL,1,RING,LL,1,0,RING*,A_flag_ceiling
all_reduce_perf,1,8,134217728,33554432,float,sum,92714.1,1.45,2.53,0,92706.3,1.45,2.53,0,RING,LL,1,RING,LL,1,0,RING*,A_flag_ceiling
all_reduce_perf,1,8,268435456,67108864,float,sum,184620.0,1.45,2.54,0,184906.0,1.45,2.54,0,RING,LL,1,RING,LL,1,0,RING*,A_flag_ceiling
all_reduce_perf,1,8,536870912,134217728,float,sum,369171.0,1.45,2.54,0,370062.0,1.45,2.54,0,RING,LL,1,RING,LL,1,0,RING*,A_flag_ceiling
all_reduce_perf,1,8,4096,1024,float,sum,41.87,0.1,0.17,0,40.43,0.1,0.18,0,RING,SIMPLE,2,RING,SIMPLE,2,0,RING,A_flag_ceiling
all_reduce_perf,1,8,8192,2048,float,sum,40.9,0.2,0.35,0,40.01,0.2,0.36,0,RING,SIMPLE,2,RING,SIMPLE,2,0,RING,A_flag_ceiling
all_reduce_perf,1,8,16384,4096,float,sum,44.23,0.37,0.65,0,41.3,0.4,0.69,0,RING,SIMPLE,2,RING,SIMPLE,2,0,RING,A_flag_ceiling
all_reduce_perf,1,8,32768,8192,float,sum,41.29,0.79,1.39,0,39.92,0.82,1.44,0,RING,SIMPLE,2,RING,SIMPLE,2,0,RING,A_flag_ceiling
all_reduce_perf,1,8,65536,16384,float,sum,41.63,1.57,2.75,0,40.22,1.63,2.85,0,RING,SIMPLE,2,RING,SIMPLE,2,0,RING,A_flag_ceiling
all_reduce_perf,1,8,131072,32768,float,sum,45.24,2.9,5.07,0,42.25,3.1,5.43,0,RING,SIMPLE,2,RING,SIMPLE,2,0,RING,A_flag_ceiling
all_reduce_perf,1,8,262144,65536,float,sum,53.64,4.89,8.55,0,52.64,4.98,8.72,0,RING,SIMPLE,2,RING,SIMPLE,2,0,RING,A_flag_ceiling
all_reduce_perf,1,8,524288,131072,float,sum,74.93,7.0,12.25,0,73.76,7.11,12.44,0,RING,SIMPLE,2,RING,SIMPLE,2,0,RING,A_flag_ceiling
all_reduce_perf,1,8,1048576,262144,float,sum,116.26,9.02,15.78,0,114.22,9.18,16.07,0,RING,SIMPLE,2,RING,SIMPLE,2,0,RING,A_flag_ceiling
all_reduce_perf,1,8,2097152,524288,float,sum,198.54,10.56,18.49,0,194.79,10.77,18.84,0,RING,SIMPLE,2,RING,SIMPLE,2,0,RING,A_flag_ceiling
all_reduce_perf,1,8,4194304,1048576,float,sum,350.88,11.95,20.92,0,348.8,12.03,21.04,0,RING,SIMPLE,2,RING,SIMPLE,2,0,RING,A_flag_ceiling
all_reduce_perf,1,8,8388608,2097152,float,sum,657.39,12.76,22.33,0,651.26,12.88,22.54,0,RING,SIMPLE,2,RING,SIMPLE,2,0,RING,A_flag_ceiling
all_reduce_perf,1,8,16777216,4194304,float,sum,1307.51,12.83,22.46,0,1305.24,12.85,22.49,0,RING,SIMPLE,2,RING,SIMPLE,2,0,RING,A_flag_ceiling
all_reduce_perf,1,8,33554432,8388608,float,sum,2596.49,12.92,22.62,0,2612.36,12.84,22.48,0,RING,SIMPLE,2,RING,SIMPLE,2,0,RING,A_flag_ceiling
all_reduce_perf,1,8,67108864,16777216,float,sum,4970.28,13.5,23.63,0,4965.02,13.52,23.65,0,RING,SIMPLE,2,RING,SIMPLE,2,0,RING*,A_flag_ceiling
all_reduce_perf,1,8,134217728,33554432,float,sum,9970.01,13.46,23.56,0,9962.67,13.47,23.58,0,RING,SIMPLE,2,RING,SIMPLE,2,0,RING*,A_flag_ceiling
all_reduce_perf,1,8,268435456,67108864,float,sum,19998.4,13.42,23.49,0,19996.9,13.42,23.49,0,RING,SIMPLE,2,RING,SIMPLE,2,0,RING*,A_flag_ceiling
all_reduce_perf,1,8,536870912,134217728,float,sum,40027.7,13.41,23.47,0,39985.2,13.43,23.5,0,RING,SIMPLE,2,RING,SIMPLE,2,0,RING*,A_flag_ceiling
all_reduce_perf,1,8,4096,1024,float,sum,25.89,0.16,0.28,0,23.68,0.17,0.3,0,RING,LL,2,RING,LL,2,0,RING,A_flag_ceiling
all_reduce_perf,1,8,8192,2048,float,sum,24.11,0.34,0.59,0,23.47,0.35,0.61,0,RING,LL,2,RING,LL,2,0,RING,A_flag_ceiling
all_reduce_perf,1,8,16384,4096,float,sum,27.4,0.6,1.05,0,24.73,0.66,1.16,0,RING,LL,2,RING,LL,2,0,RING,A_flag_ceiling
all_reduce_perf,1,8,32768,8192,float,sum,25.52,1.28,2.25,0,24.37,1.34,2.35,0,RING,LL,2,RING,LL,2,0,RING,A_flag_ceiling
all_reduce_perf,1,8,65536,16384,float,sum,35.0,1.87,3.28,0,34.33,1.91,3.34,0,RING,LL,2,RING,LL,2,0,RING,A_flag_ceiling
all_reduce_perf,1,8,131072,32768,float,sum,56.53,2.32,4.06,0,55.29,2.37,4.15,0,RING,LL,2,RING,LL,2,0,RING,A_flag_ceiling
all_reduce_perf,1,8,262144,65536,float,sum,98.2,2.67,4.67,0,98.29,2.67,4.67,0,RING,LL,2,RING,LL,2,0,RING,A_flag_ceiling
all_reduce_perf,1,8,524288,131072,float,sum,191.58,2.74,4.79,0,191.46,2.74,4.79,0,RING,LL,2,RING,LL,2,0,RING,A_flag_ceiling
all_reduce_perf,1,8,1048576,262144,float,sum,376.51,2.78,4.87,0,375.39,2.79,4.89,0,RING,LL,2,RING,LL,2,0,RING,A_flag_ceiling
all_reduce_perf,1,8,2097152,524288,float,sum,748.32,2.8,4.9,0,745.5,2.81,4.92,0,RING,LL,2,RING,LL,2,0,RING,A_flag_ceiling
all_reduce_perf,1,8,4194304,1048576,float,sum,1485.28,2.82,4.94,0,1478.3,2.84,4.97,0,RING,LL,2,RING,LL,2,0,RING,A_flag_ceiling
all_reduce_perf,1,8,8388608,2097152,float,sum,2980.29,2.81,4.93,0,2960.3,2.83,4.96,0,RING,LL,2,RING,LL,2,0,RING,A_flag_ceiling
all_reduce_perf,1,8,16777216,4194304,float,sum,5968.79,2.81,4.92,0,5950.78,2.82,4.93,0,RING,LL,2,RING,LL,2,0,RING,A_flag_ceiling
all_reduce_perf,1,8,33554432,8388608,float,sum,11927.7,2.81,4.92,0,11988.7,2.8,4.9,0,RING,LL,2,RING,LL,2,0,RING,A_flag_ceiling
all_reduce_perf,1,8,67108864,16777216,float,sum,23576.1,2.85,4.98,0,23517.7,2.85,4.99,0,RING,LL,2,RING,LL,2,0,RING*,A_flag_ceiling
all_reduce_perf,1,8,134217728,33554432,float,sum,46507.3,2.89,5.05,0,46774.2,2.87,5.02,0,RING,LL,2,RING,LL,2,0,RING*,A_flag_ceiling
all_reduce_perf,1,8,268435456,67108864,float,sum,93667.5,2.87,5.02,0,93864.4,2.86,5.0,0,RING,LL,2,RING,LL,2,0,RING*,A_flag_ceiling
all_reduce_perf,1,8,536870912,134217728,float,sum,187292.0,2.87,5.02,0,186597.0,2.88,5.04,0,RING,LL,2,RING,LL,2,0,RING*,A_flag_ceiling
all_reduce_perf,1,8,4096,1024,float,sum,42.55,0.1,0.17,0,40.87,0.1,0.18,0,RING,SIMPLE,4,RING,SIMPLE,4,0,RING,A_flag_ceiling
all_reduce_perf,1,8,8192,2048,float,sum,41.35,0.2,0.35,0,40.7,0.2,0.35,0,RING,SIMPLE,4,RING,SIMPLE,4,0,RING,A_flag_ceiling
all_reduce_perf,1,8,16384,4096,float,sum,43.2,0.38,0.66,0,41.31,0.4,0.69,0,RING,SIMPLE,4,RING,SIMPLE,4,0,RING,A_flag_ceiling
all_reduce_perf,1,8,32768,8192,float,sum,44.63,0.73,1.28,0,42.98,0.76,1.33,0,RING,SIMPLE,4,RING,SIMPLE,4,0,RING,A_flag_ceiling
all_reduce_perf,1,8,65536,16384,float,sum,43.29,1.51,2.65,0,41.73,1.57,2.75,0,RING,SIMPLE,4,RING,SIMPLE,4,0,RING,A_flag_ceiling
all_reduce_perf,1,8,131072,32768,float,sum,43.78,2.99,5.24,0,42.54,3.08,5.39,0,RING,SIMPLE,4,RING,SIMPLE,4,0,RING,A_flag_ceiling
all_reduce_perf,1,8,262144,65536,float,sum,45.54,5.76,10.07,0,44.12,5.94,10.4,0,RING,SIMPLE,4,RING,SIMPLE,4,0,RING,A_flag_ceiling
all_reduce_perf,1,8,524288,131072,float,sum,55.85,9.39,16.43,0,54.56,9.61,16.82,0,RING,SIMPLE,4,RING,SIMPLE,4,0,RING,A_flag_ceiling
all_reduce_perf,1,8,1048576,262144,float,sum,77.76,13.49,23.6,0,75.95,13.81,24.16,0,RING,SIMPLE,4,RING,SIMPLE,4,0,RING,A_flag_ceiling
all_reduce_perf,1,8,2097152,524288,float,sum,121.02,17.33,30.33,0,118.77,17.66,30.9,0,RING,SIMPLE,4,RING,SIMPLE,4,0,RING,A_flag_ceiling
all_reduce_perf,1,8,4194304,1048576,float,sum,207.55,20.21,35.36,0,202.23,20.74,36.3,0,RING,SIMPLE,4,RING,SIMPLE,4,0,RING,A_flag_ceiling
all_reduce_perf,1,8,8388608,2097152,float,sum,370.48,22.64,39.62,0,362.26,23.16,40.52,0,RING,SIMPLE,4,RING,SIMPLE,4,0,RING,A_flag_ceiling
all_reduce_perf,1,8,16777216,4194304,float,sum,695.46,24.12,42.22,0,681.58,24.62,43.08,0,RING,SIMPLE,4,RING,SIMPLE,4,0,RING,A_flag_ceiling
all_reduce_perf,1,8,33554432,8388608,float,sum,1378.99,24.33,42.58,0,1363.72,24.61,43.06,0,RING,SIMPLE,4,RING,SIMPLE,4,0,RING,A_flag_ceiling
all_reduce_perf,1,8,67108864,16777216,float,sum,2515.93,26.67,46.68,0,2506.95,26.77,46.85,0,RING,SIMPLE,4,RING,SIMPLE,4,0,RING*,A_flag_ceiling
all_reduce_perf,1,8,134217728,33554432,float,sum,5058.11,26.54,46.44,0,5046.74,26.59,46.54,0,RING,SIMPLE,4,RING,SIMPLE,4,0,RING*,A_flag_ceiling
all_reduce_perf,1,8,268435456,67108864,float,sum,10156.3,26.43,46.25,0,10132.9,26.49,46.36,0,RING,SIMPLE,4,RING,SIMPLE,4,0,RING*,A_flag_ceiling
all_reduce_perf,1,8,536870912,134217728,float,sum,20384.8,26.34,46.09,0,20316.7,26.43,46.24,0,RING,SIMPLE,4,RING,SIMPLE,4,0,RING*,A_flag_ceiling
all_reduce_perf,1,8,4096,1024,float,sum,24.98,0.16,0.29,0,23.54,0.17,0.3,0,RING,LL,4,RING,LL,4,0,RING,A_flag_ceiling
all_reduce_perf,1,8,8192,2048,float,sum,25.38,0.32,0.56,0,24.52,0.33,0.58,0,RING,LL,4,RING,LL,4,0,RING,A_flag_ceiling
all_reduce_perf,1,8,16384,4096,float,sum,27.59,0.59,1.04,0,24.65,0.66,1.16,0,RING,LL,4,RING,LL,4,0,RING,A_flag_ceiling
all_reduce_perf,1,8,32768,8192,float,sum,26.07,1.26,2.2,0,24.48,1.34,2.34,0,RING,LL,4,RING,LL,4,0,RING,A_flag_ceiling
all_reduce_perf,1,8,65536,16384,float,sum,26.45,2.48,4.34,0,25.32,2.59,4.53,0,RING,LL,4,RING,LL,4,0,RING,A_flag_ceiling
all_reduce_perf,1,8,131072,32768,float,sum,37.96,3.45,6.04,0,36.55,3.59,6.28,0,RING,LL,4,RING,LL,4,0,RING,A_flag_ceiling
all_reduce_perf,1,8,262144,65536,float,sum,59.92,4.37,7.66,0,59.4,4.41,7.72,0,RING,LL,4,RING,LL,4,0,RING,A_flag_ceiling
all_reduce_perf,1,8,524288,131072,float,sum,104.63,5.01,8.77,0,104.36,5.02,8.79,0,RING,LL,4,RING,LL,4,0,RING,A_flag_ceiling
all_reduce_perf,1,8,1048576,262144,float,sum,202.94,5.17,9.04,0,202.12,5.19,9.08,0,RING,LL,4,RING,LL,4,0,RING,A_flag_ceiling
all_reduce_perf,1,8,2097152,524288,float,sum,398.69,5.26,9.21,0,397.69,5.27,9.23,0,RING,LL,4,RING,LL,4,0,RING,A_flag_ceiling
all_reduce_perf,1,8,4194304,1048576,float,sum,793.22,5.29,9.25,0,790.02,5.31,9.29,0,RING,LL,4,RING,LL,4,0,RING,A_flag_ceiling
all_reduce_perf,1,8,8388608,2097152,float,sum,1577.44,5.32,9.31,0,1576.28,5.32,9.31,0,RING,LL,4,RING,LL,4,0,RING,A_flag_ceiling
all_reduce_perf,1,8,16777216,4194304,float,sum,3163.1,5.3,9.28,0,3158.2,5.31,9.3,0,RING,LL,4,RING,LL,4,0,RING,A_flag_ceiling
all_reduce_perf,1,8,33554432,8388608,float,sum,6359.85,5.28,9.23,0,6362.64,5.27,9.23,0,RING,LL,4,RING,LL,4,0,RING,A_flag_ceiling
all_reduce_perf,1,8,67108864,16777216,float,sum,11706.5,5.73,10.03,0,11645.4,5.76,10.08,0,RING,LL,4,RING,LL,4,0,RING*,A_flag_ceiling
all_reduce_perf,1,8,134217728,33554432,float,sum,23513.2,5.71,9.99,0,23466.2,5.72,10.01,0,RING,LL,4,RING,LL,4,0,RING*,A_flag_ceiling
all_reduce_perf,1,8,268435456,67108864,float,sum,47156.0,5.69,9.96,0,47019.5,5.71,9.99,0,RING,LL,4,RING,LL,4,0,RING*,A_flag_ceiling
all_reduce_perf,1,8,536870912,134217728,float,sum,94426.8,5.69,9.95,0,94313.2,5.69,9.96,0,RING,LL,4,RING,LL,4,0,RING*,A_flag_ceiling
all_reduce_perf,1,8,4096,1024,float,sum,41.89,0.1,0.17,0,40.19,0.1,0.18,0,RING,SIMPLE,8,RING,SIMPLE,8,0,RING,A_flag_ceiling
all_reduce_perf,1,8,8192,2048,float,sum,40.75,0.2,0.35,0,39.91,0.21,0.36,0,RING,SIMPLE,8,RING,SIMPLE,8,0,RING,A_flag_ceiling
all_reduce_perf,1,8,16384,4096,float,sum,43.72,0.37,0.66,0,41.75,0.39,0.69,0,RING,SIMPLE,8,RING,SIMPLE,8,0,RING,A_flag_ceiling
all_reduce_perf,1,8,32768,8192,float,sum,44.38,0.74,1.29,0,42.89,0.76,1.34,0,RING,SIMPLE,8,RING,SIMPLE,8,0,RING,A_flag_ceiling
all_reduce_perf,1,8,65536,16384,float,sum,44.92,1.46,2.55,0,44.15,1.48,2.6,0,RING,SIMPLE,8,RING,SIMPLE,8,0,RING,A_flag_ceiling
all_reduce_perf,1,8,131072,32768,float,sum,45.14,2.9,5.08,0,42.99,3.05,5.34,0,RING,SIMPLE,8,RING,SIMPLE,8,0,RING,A_flag_ceiling
all_reduce_perf,1,8,262144,65536,float,sum,44.79,5.85,10.24,0,43.32,6.05,10.59,0,RING,SIMPLE,8,RING,SIMPLE,8,0,RING,A_flag_ceiling
all_reduce_perf,1,8,524288,131072,float,sum,46.8,11.2,19.61,0,45.41,11.54,20.2,0,RING,SIMPLE,8,RING,SIMPLE,8,0,RING,A_flag_ceiling
all_reduce_perf,1,8,1048576,262144,float,sum,57.46,18.25,31.94,0,55.81,18.79,32.88,0,RING,SIMPLE,8,RING,SIMPLE,8,0,RING,A_flag_ceiling
all_reduce_perf,1,8,2097152,524288,float,sum,79.15,26.5,46.37,0,77.36,27.11,47.44,0,RING,SIMPLE,8,RING,SIMPLE,8,0,RING,A_flag_ceiling
all_reduce_perf,1,8,4194304,1048576,float,sum,122.02,34.38,60.16,0,120.15,34.91,61.09,0,RING,SIMPLE,8,RING,SIMPLE,8,0,RING,A_flag_ceiling
all_reduce_perf,1,8,8388608,2097152,float,sum,210.21,39.91,69.84,0,205.08,40.9,71.58,0,RING,SIMPLE,8,RING,SIMPLE,8,0,RING,A_flag_ceiling
all_reduce_perf,1,8,16777216,4194304,float,sum,374.09,44.85,78.48,0,368.45,45.53,79.69,0,RING,SIMPLE,8,RING,SIMPLE,8,0,RING,A_flag_ceiling
all_reduce_perf,1,8,33554432,8388608,float,sum,699.14,47.99,83.99,0,689.22,48.68,85.2,0,RING,SIMPLE,8,RING,SIMPLE,8,0,RING,A_flag_ceiling
all_reduce_perf,1,8,67108864,16777216,float,sum,1299.2,51.65,90.39,0,1297.96,51.7,90.48,0,RING,SIMPLE,8,RING,SIMPLE,8,0,RING*,A_flag_ceiling
all_reduce_perf,1,8,134217728,33554432,float,sum,2536.02,52.92,92.62,0,2537.7,52.89,92.56,0,RING,SIMPLE,8,RING,SIMPLE,8,0,RING*,A_flag_ceiling
all_reduce_perf,1,8,268435456,67108864,float,sum,5097.12,52.66,92.16,0,5092.83,52.71,92.24,0,RING,SIMPLE,8,RING,SIMPLE,8,0,RING*,A_flag_ceiling
all_reduce_perf,1,8,536870912,134217728,float,sum,10226.0,52.5,91.88,0,10221.9,52.52,91.91,0,RING,SIMPLE,8,RING,SIMPLE,8,0,RING*,A_flag_ceiling
all_reduce_perf,1,8,4096,1024,float,sum,25.82,0.16,0.28,0,23.55,0.17,0.3,0,RING,LL,8,RING,LL,8,0,RING,A_flag_ceiling
all_reduce_perf,1,8,8192,2048,float,sum,25.19,0.33,0.57,0,24.17,0.34,0.59,0,RING,LL,8,RING,LL,8,0,RING,A_flag_ceiling
all_reduce_perf,1,8,16384,4096,float,sum,27.34,0.6,1.05,0,24.56,0.67,1.17,0,RING,LL,8,RING,LL,8,0,RING,A_flag_ceiling
all_reduce_perf,1,8,32768,8192,float,sum,25.96,1.26,2.21,0,24.34,1.35,2.36,0,RING,LL,8,RING,LL,8,0,RING,A_flag_ceiling
all_reduce_perf,1,8,65536,16384,float,sum,25.86,2.53,4.44,0,24.65,2.66,4.65,0,RING,LL,8,RING,LL,8,0,RING,A_flag_ceiling
all_reduce_perf,1,8,131072,32768,float,sum,28.11,4.66,8.16,0,25.74,5.09,8.91,0,RING,LL,8,RING,LL,8,0,RING,A_flag_ceiling
all_reduce_perf,1,8,262144,65536,float,sum,37.62,6.97,12.19,0,36.63,7.16,12.52,0,RING,LL,8,RING,LL,8,0,RING,A_flag_ceiling
all_reduce_perf,1,8,524288,131072,float,sum,60.06,8.73,15.28,0,59.07,8.88,15.53,0,RING,LL,8,RING,LL,8,0,RING,A_flag_ceiling
all_reduce_perf,1,8,1048576,262144,float,sum,105.11,9.98,17.46,0,103.72,10.11,17.69,0,RING,LL,8,RING,LL,8,0,RING,A_flag_ceiling
all_reduce_perf,1,8,2097152,524288,float,sum,203.63,10.3,18.02,0,200.76,10.45,18.28,0,RING,LL,8,RING,LL,8,0,RING,A_flag_ceiling
all_reduce_perf,1,8,4194304,1048576,float,sum,400.5,10.47,18.33,0,395.05,10.62,18.58,0,RING,LL,8,RING,LL,8,0,RING,A_flag_ceiling
all_reduce_perf,1,8,8388608,2097152,float,sum,798.0,10.51,18.4,0,783.15,10.71,18.74,0,RING,LL,8,RING,LL,8,0,RING,A_flag_ceiling
all_reduce_perf,1,8,16777216,4194304,float,sum,1586.69,10.57,18.5,0,1570.65,10.68,18.69,0,RING,LL,8,RING,LL,8,0,RING,A_flag_ceiling
all_reduce_perf,1,8,33554432,8388608,float,sum,3182.56,10.54,18.45,0,3150.41,10.65,18.64,0,RING,LL,8,RING,LL,8,0,RING,A_flag_ceiling
all_reduce_perf,1,8,67108864,16777216,float,sum,5784.69,11.6,20.3,0,5799.53,11.57,20.25,0,RING,LL,8,RING,LL,8,0,RING*,A_flag_ceiling
all_reduce_perf,1,8,134217728,33554432,float,sum,11647.4,11.52,20.17,0,11673.8,11.5,20.12,0,RING,LL,8,RING,LL,8,0,RING*,A_flag_ceiling
all_reduce_perf,1,8,268435456,67108864,float,sum,23540.1,11.4,19.96,0,23588.4,11.38,19.91,0,RING,LL,8,RING,LL,8,0,RING*,A_flag_ceiling
all_reduce_perf,1,8,536870912,134217728,float,sum,47204.5,11.37,19.9,0,47132.3,11.39,19.93,0,RING,LL,8,RING,LL,8,0,RING*,A_flag_ceiling
all_reduce_perf,1,8,4096,1024,float,sum,41.83,0.1,0.17,0,40.13,0.1,0.18,0,RING,SIMPLE,16,RING,SIMPLE,16,0,RING,A_flag_ceiling
all_reduce_perf,1,8,8192,2048,float,sum,40.68,0.2,0.35,0,40.3,0.2,0.36,0,RING,SIMPLE,16,RING,SIMPLE,16,0,RING,A_flag_ceiling
all_reduce_perf,1,8,16384,4096,float,sum,43.75,0.37,0.66,0,42.08,0.39,0.68,0,RING,SIMPLE,16,RING,SIMPLE,16,0,RING,A_flag_ceiling
all_reduce_perf,1,8,32768,8192,float,sum,44.85,0.73,1.28,0,43.05,0.76,1.33,0,RING,SIMPLE,16,RING,SIMPLE,16,0,RING,A_flag_ceiling
all_reduce_perf,1,8,65536,16384,float,sum,44.87,1.46,2.56,0,43.66,1.5,2.63,0,RING,SIMPLE,16,RING,SIMPLE,16,0,RING,A_flag_ceiling
all_reduce_perf,1,8,131072,32768,float,sum,44.22,2.96,5.19,0,43.68,3.0,5.25,0,RING,SIMPLE,16,RING,SIMPLE,16,0,RING,A_flag_ceiling
all_reduce_perf,1,8,262144,65536,float,sum,44.1,5.94,10.4,0,42.98,6.1,10.67,0,RING,SIMPLE,16,RING,SIMPLE,16,0,RING,A_flag_ceiling
all_reduce_perf,1,8,524288,131072,float,sum,44.49,11.78,20.62,0,43.11,12.16,21.28,0,RING,SIMPLE,16,RING,SIMPLE,16,0,RING,A_flag_ceiling
all_reduce_perf,1,8,1048576,262144,float,sum,47.23,22.2,38.86,0,45.02,23.29,40.76,0,RING,SIMPLE,16,RING,SIMPLE,16,0,RING,A_flag_ceiling
all_reduce_perf,1,8,2097152,524288,float,sum,57.33,36.58,64.02,0,55.53,37.77,66.1,0,RING,SIMPLE,16,RING,SIMPLE,16,0,RING,A_flag_ceiling
all_reduce_perf,1,8,4194304,1048576,float,sum,79.5,52.76,92.33,0,77.25,54.29,95.01,0,RING,SIMPLE,16,RING,SIMPLE,16,0,RING,A_flag_ceiling
all_reduce_perf,1,8,8388608,2097152,float,sum,123.81,67.76,118.57,0,121.11,69.26,121.21,0,RING,SIMPLE,16,RING,SIMPLE,16,0,RING,A_flag_ceiling
all_reduce_perf,1,8,16777216,4194304,float,sum,209.31,80.16,140.27,0,205.98,81.45,142.54,0,RING,SIMPLE,16,RING,SIMPLE,16,0,RING,A_flag_ceiling
all_reduce_perf,1,8,33554432,8388608,float,sum,372.98,89.96,157.44,0,368.26,91.12,159.45,0,RING,SIMPLE,16,RING,SIMPLE,16,0,RING,A_flag_ceiling
all_reduce_perf,1,8,67108864,16777216,float,sum,690.62,97.17,170.05,0,701.45,95.67,167.43,0,RING,SIMPLE,16,RING,SIMPLE,16,0,RING*,A_flag_ceiling
all_reduce_perf,1,8,134217728,33554432,float,sum,1326.62,101.17,177.05,0,1325.42,101.26,177.21,0,RING,SIMPLE,16,RING,SIMPLE,16,0,RING*,A_flag_ceiling
all_reduce_perf,1,8,268435456,67108864,float,sum,2604.23,103.08,180.38,0,2608.16,102.92,180.11,0,RING,SIMPLE,16,RING,SIMPLE,16,0,RING*,A_flag_ceiling
all_reduce_perf,1,8,536870912,134217728,float,sum,5216.25,102.92,180.11,0,5215.08,102.95,180.16,0,RING,SIMPLE,16,RING,SIMPLE,16,0,RING*,A_flag_ceiling
all_reduce_perf,1,8,4096,1024,float,sum,25.72,0.16,0.28,0,23.86,0.17,0.3,0,RING,LL,16,RING,LL,16,0,RING,A_flag_ceiling
all_reduce_perf,1,8,8192,2048,float,sum,25.2,0.33,0.57,0,24.29,0.34,0.59,0,RING,LL,16,RING,LL,16,0,RING,A_flag_ceiling
all_reduce_perf,1,8,16384,4096,float,sum,28.28,0.58,1.01,0,24.8,0.66,1.16,0,RING,LL,16,RING,LL,16,0,RING,A_flag_ceiling
all_reduce_perf,1,8,32768,8192,float,sum,25.09,1.31,2.29,0,24.49,1.34,2.34,0,RING,LL,16,RING,LL,16,0,RING,A_flag_ceiling
all_reduce_perf,1,8,65536,16384,float,sum,25.6,2.56,4.48,0,24.6,2.66,4.66,0,RING,LL,16,RING,LL,16,0,RING,A_flag_ceiling
all_reduce_perf,1,8,131072,32768,float,sum,26.2,5.0,8.75,0,25.18,5.2,9.11,0,RING,LL,16,RING,LL,16,0,RING,A_flag_ceiling
all_reduce_perf,1,8,262144,65536,float,sum,26.71,9.81,17.17,0,25.92,10.11,17.7,0,RING,LL,16,RING,LL,16,0,RING,A_flag_ceiling
all_reduce_perf,1,8,524288,131072,float,sum,38.0,13.8,24.14,0,37.02,14.16,24.78,0,RING,LL,16,RING,LL,16,0,RING,A_flag_ceiling
all_reduce_perf,1,8,1048576,262144,float,sum,61.04,17.18,30.06,0,59.78,17.54,30.69,0,RING,LL,16,RING,LL,16,0,RING,A_flag_ceiling
all_reduce_perf,1,8,2097152,524288,float,sum,105.76,19.83,34.7,0,105.38,19.9,34.83,0,RING,LL,16,RING,LL,16,0,RING,A_flag_ceiling
all_reduce_perf,1,8,4194304,1048576,float,sum,205.79,20.38,35.67,0,203.32,20.63,36.1,0,RING,LL,16,RING,LL,16,0,RING,A_flag_ceiling
all_reduce_perf,1,8,8388608,2097152,float,sum,405.55,20.68,36.2,0,402.9,20.82,36.44,0,RING,LL,16,RING,LL,16,0,RING,A_flag_ceiling
all_reduce_perf,1,8,16777216,4194304,float,sum,809.41,20.73,36.27,0,807.48,20.78,36.36,0,RING,LL,16,RING,LL,16,0,RING,A_flag_ceiling
all_reduce_perf,1,8,33554432,8388608,float,sum,1622.55,20.68,36.19,0,1610.54,20.83,36.46,0,RING,LL,16,RING,LL,16,0,RING,A_flag_ceiling
all_reduce_perf,1,8,67108864,16777216,float,sum,3013.46,22.27,38.97,0,3015.51,22.25,38.95,0,RING,LL,16,RING,LL,16,0,RING*,A_flag_ceiling
all_reduce_perf,1,8,134217728,33554432,float,sum,6085.17,22.06,38.6,0,6069.02,22.12,38.7,0,RING,LL,16,RING,LL,16,0,RING*,A_flag_ceiling
all_reduce_perf,1,8,268435456,67108864,float,sum,12235.1,21.94,38.39,0,12208.8,21.99,38.48,0,RING,LL,16,RING,LL,16,0,RING*,A_flag_ceiling
all_reduce_perf,1,8,536870912,134217728,float,sum,24659.3,21.77,38.1,0,24638.6,21.79,38.13,0,RING,LL,16,RING,LL,16,0,RING*,A_flag_ceiling
all_reduce_perf,1,8,4096,1024,float,sum,42.12,0.1,0.17,0,40.82,0.1,0.18,0,RING,SIMPLE,24,RING,SIMPLE,24,0,RING,A_flag_ceiling
all_reduce_perf,1,8,8192,2048,float,sum,41.02,0.2,0.35,0,40.29,0.2,0.36,0,RING,SIMPLE,24,RING,SIMPLE,24,0,RING,A_flag_ceiling
all_reduce_perf,1,8,16384,4096,float,sum,43.97,0.37,0.65,0,41.83,0.39,0.69,0,RING,SIMPLE,24,RING,SIMPLE,24,0,RING,A_flag_ceiling
all_reduce_perf,1,8,32768,8192,float,sum,44.95,0.73,1.28,0,43.07,0.76,1.33,0,RING,SIMPLE,24,RING,SIMPLE,24,0,RING,A_flag_ceiling
all_reduce_perf,1,8,65536,16384,float,sum,44.8,1.46,2.56,0,43.23,1.52,2.65,0,RING,SIMPLE,24,RING,SIMPLE,24,0,RING,A_flag_ceiling
all_reduce_perf,1,8,131072,32768,float,sum,44.21,2.96,5.19,0,43.72,3.0,5.25,0,RING,SIMPLE,24,RING,SIMPLE,24,0,RING,A_flag_ceiling
all_reduce_perf,1,8,262144,65536,float,sum,43.79,5.99,10.48,0,42.7,6.14,10.74,0,RING,SIMPLE,24,RING,SIMPLE,24,0,RING,A_flag_ceiling
all_reduce_perf,1,8,524288,131072,float,sum,45.06,11.64,20.36,0,44.01,11.91,20.85,0,RING,SIMPLE,24,RING,SIMPLE,24,0,RING,A_flag_ceiling
all_reduce_perf,1,8,1048576,262144,float,sum,47.24,22.2,38.84,0,44.75,23.43,41.01,0,RING,SIMPLE,24,RING,SIMPLE,24,0,RING,A_flag_ceiling
all_reduce_perf,1,8,2097152,524288,float,sum,57.71,36.34,63.6,0,56.1,37.38,65.42,0,RING,SIMPLE,24,RING,SIMPLE,24,0,RING,A_flag_ceiling
all_reduce_perf,1,8,4194304,1048576,float,sum,70.07,59.86,104.76,0,67.88,61.79,108.13,0,RING,SIMPLE,24,RING,SIMPLE,24,0,RING,A_flag_ceiling
all_reduce_perf,1,8,8388608,2097152,float,sum,104.14,80.55,140.97,0,100.9,83.14,145.5,0,RING,SIMPLE,24,RING,SIMPLE,24,0,RING,A_flag_ceiling
all_reduce_perf,1,8,16777216,4194304,float,sum,161.14,104.12,182.21,0,157.93,106.23,185.9,0,RING,SIMPLE,24,RING,SIMPLE,24,0,RING,A_flag_ceiling
all_reduce_perf,1,8,33554432,8388608,float,sum,277.66,120.85,211.48,0,273.98,122.47,214.33,0,RING,SIMPLE,24,RING,SIMPLE,24,0,RING,A_flag_ceiling
all_reduce_perf,1,8,67108864,16777216,float,sum,493.8,135.9,237.83,0,493.91,135.87,237.78,0,RING,SIMPLE,24,RING,SIMPLE,24,0,RING*,A_flag_ceiling
all_reduce_perf,1,8,134217728,33554432,float,sum,935.04,143.54,251.2,0,935.57,143.46,251.06,0,RING,SIMPLE,24,RING,SIMPLE,24,0,RING*,A_flag_ceiling
all_reduce_perf,1,8,268435456,67108864,float,sum,1810.98,148.23,259.4,0,1813.31,148.04,259.06,0,RING,SIMPLE,24,RING,SIMPLE,24,0,RING*,A_flag_ceiling
all_reduce_perf,1,8,536870912,134217728,float,sum,3606.86,148.85,260.48,0,3608.16,148.79,260.39,0,RING,SIMPLE,24,RING,SIMPLE,24,0,RING*,A_flag_ceiling
all_reduce_perf,1,8,4096,1024,float,sum,26.17,0.16,0.27,0,23.74,0.17,0.3,0,RING,LL,24,RING,LL,24,0,RING,A_flag_ceiling
all_reduce_perf,1,8,8192,2048,float,sum,25.35,0.32,0.57,0,24.1,0.34,0.59,0,RING,LL,24,RING,LL,24,0,RING,A_flag_ceiling
all_reduce_perf,1,8,16384,4096,float,sum,28.24,0.58,1.02,0,24.8,0.66,1.16,0,RING,LL,24,RING,LL,24,0,RING,A_flag_ceiling
all_reduce_perf,1,8,32768,8192,float,sum,25.22,1.3,2.27,0,24.45,1.34,2.34,0,RING,LL,24,RING,LL,24,0,RING,A_flag_ceiling
all_reduce_perf,1,8,65536,16384,float,sum,25.49,2.57,4.5,0,24.64,2.66,4.65,0,RING,LL,24,RING,LL,24,0,RING,A_flag_ceiling
all_reduce_perf,1,8,131072,32768,float,sum,26.32,4.98,8.71,0,25.42,5.16,9.02,0,RING,LL,24,RING,LL,24,0,RING,A_flag_ceiling
all_reduce_perf,1,8,262144,65536,float,sum,26.61,9.85,17.24,0,25.62,10.23,17.91,0,RING,LL,24,RING,LL,24,0,RING,A_flag_ceiling
all_reduce_perf,1,8,524288,131072,float,sum,37.43,14.01,24.51,0,36.53,14.35,25.12,0,RING,LL,24,RING,LL,24,0,RING,A_flag_ceiling
all_reduce_perf,1,8,1048576,262144,float,sum,49.39,21.23,37.15,0,48.3,21.71,37.99,0,RING,LL,24,RING,LL,24,0,RING,A_flag_ceiling
all_reduce_perf,1,8,2097152,524288,float,sum,83.63,25.08,43.88,0,82.81,25.32,44.32,0,RING,LL,24,RING,LL,24,0,RING,A_flag_ceiling
all_reduce_perf,1,8,4194304,1048576,float,sum,149.8,28.0,49.0,0,147.88,28.36,49.64,0,RING,LL,24,RING,LL,24,0,RING,A_flag_ceiling
all_reduce_perf,1,8,8388608,2097152,float,sum,285.5,29.38,51.42,0,282.05,29.74,52.05,0,RING,LL,24,RING,LL,24,0,RING,A_flag_ceiling
all_reduce_perf,1,8,16777216,4194304,float,sum,554.36,30.26,52.96,0,552.01,30.39,53.19,0,RING,LL,24,RING,LL,24,0,RING,A_flag_ceiling
all_reduce_perf,1,8,33554432,8388608,float,sum,1094.21,30.67,53.66,0,1093.17,30.69,53.72,0,RING,LL,24,RING,LL,24,0,RING,A_flag_ceiling
all_reduce_perf,1,8,67108864,16777216,float,sum,2046.96,32.78,57.37,0,2028.17,33.09,57.9,0,RING,LL,24,RING,LL,24,0,RING*,A_flag_ceiling
all_reduce_perf,1,8,134217728,33554432,float,sum,4110.14,32.66,57.15,0,4082.16,32.88,57.54,0,RING,LL,24,RING,LL,24,0,RING*,A_flag_ceiling
all_reduce_perf,1,8,268435456,67108864,float,sum,8252.56,32.53,56.92,0,8230.08,32.62,57.08,0,RING,LL,24,RING,LL,24,0,RING*,A_flag_ceiling
all_reduce_perf,1,8,536870912,134217728,float,sum,16607.4,32.33,56.57,0,16548.3,32.44,56.77,0,RING,LL,24,RING,LL,24,0,RING*,A_flag_ceiling
all_reduce_perf,1,8,4096,1024,float,sum,41.45,0.1,0.17,0,39.69,0.1,0.18,0,RING,SIMPLE,32,RING,SIMPLE,32,0,RING,A_flag_ceiling
all_reduce_perf,1,8,8192,2048,float,sum,40.46,0.2,0.35,0,39.35,0.21,0.36,0,RING,SIMPLE,32,RING,SIMPLE,32,0,RING,A_flag_ceiling
all_reduce_perf,1,8,16384,4096,float,sum,42.82,0.38,0.67,0,41.33,0.4,0.69,0,RING,SIMPLE,32,RING,SIMPLE,32,0,RING,A_flag_ceiling
all_reduce_perf,1,8,32768,8192,float,sum,45.13,0.73,1.27,0,43.16,0.76,1.33,0,RING,SIMPLE,32,RING,SIMPLE,32,0,RING,A_flag_ceiling
all_reduce_perf,1,8,65536,16384,float,sum,44.92,1.46,2.55,0,43.56,1.5,2.63,0,RING,SIMPLE,32,RING,SIMPLE,32,0,RING,A_flag_ceiling
all_reduce_perf,1,8,131072,32768,float,sum,44.76,2.93,5.12,0,43.71,3.0,5.25,0,RING,SIMPLE,32,RING,SIMPLE,32,0,RING,A_flag_ceiling
all_reduce_perf,1,8,262144,65536,float,sum,45.02,5.82,10.19,0,44.67,5.87,10.27,0,RING,SIMPLE,32,RING,SIMPLE,32,0,RING,A_flag_ceiling
all_reduce_perf,1,8,524288,131072,float,sum,44.92,11.67,20.43,0,43.82,11.97,20.94,0,RING,SIMPLE,32,RING,SIMPLE,32,0,RING,A_flag_ceiling
all_reduce_perf,1,8,1048576,262144,float,sum,45.88,22.86,40.0,0,44.36,23.64,41.37,0,RING,SIMPLE,32,RING,SIMPLE,32,0,RING,A_flag_ceiling
all_reduce_perf,1,8,2097152,524288,float,sum,48.32,43.4,75.95,0,46.63,44.98,78.71,0,RING,SIMPLE,32,RING,SIMPLE,32,0,RING,A_flag_ceiling
all_reduce_perf,1,8,4194304,1048576,float,sum,60.45,69.38,121.42,0,58.55,71.64,125.36,0,RING,SIMPLE,32,RING,SIMPLE,32,0,RING,A_flag_ceiling
all_reduce_perf,1,8,8388608,2097152,float,sum,85.7,97.88,171.29,0,83.36,100.63,176.11,0,RING,SIMPLE,32,RING,SIMPLE,32,0,RING,A_flag_ceiling
all_reduce_perf,1,8,16777216,4194304,float,sum,135.25,124.05,217.08,0,133.13,126.02,220.53,0,RING,SIMPLE,32,RING,SIMPLE,32,0,RING,A_flag_ceiling
all_reduce_perf,1,8,33554432,8388608,float,sum,234.0,143.39,250.94,0,232.86,144.1,252.17,0,RING,SIMPLE,32,RING,SIMPLE,32,0,RING,A_flag_ceiling
all_reduce_perf,1,8,67108864,16777216,float,sum,396.34,169.32,296.31,0,397.29,168.92,295.6,0,RING,SIMPLE,32,RING,SIMPLE,32,0,RING*,A_flag_ceiling
all_reduce_perf,1,8,134217728,33554432,float,sum,743.31,180.57,316.0,0,743.55,180.51,315.89,0,RING,SIMPLE,32,RING,SIMPLE,32,0,RING*,A_flag_ceiling
all_reduce_perf,1,8,268435456,67108864,float,sum,1439.15,186.52,326.42,0,1439.99,186.42,326.23,0,RING,SIMPLE,32,RING,SIMPLE,32,0,RING*,A_flag_ceiling
all_reduce_perf,1,8,536870912,134217728,float,sum,2826.32,189.95,332.42,0,2833.22,189.49,331.61,0,RING,SIMPLE,32,RING,SIMPLE,32,0,RING*,A_flag_ceiling
all_reduce_perf,1,8,4096,1024,float,sum,25.34,0.16,0.28,0,23.77,0.17,0.3,0,RING,LL,32,RING,LL,32,0,RING,A_flag_ceiling
all_reduce_perf,1,8,8192,2048,float,sum,24.98,0.33,0.57,0,23.62,0.35,0.61,0,RING,LL,32,RING,LL,32,0,RING,A_flag_ceiling
all_reduce_perf,1,8,16384,4096,float,sum,27.38,0.6,1.05,0,25.22,0.65,1.14,0,RING,LL,32,RING,LL,32,0,RING,A_flag_ceiling
all_reduce_perf,1,8,32768,8192,float,sum,25.38,1.29,2.26,0,24.15,1.36,2.37,0,RING,LL,32,RING,LL,32,0,RING,A_flag_ceiling
all_reduce_perf,1,8,65536,16384,float,sum,25.1,2.61,4.57,0,24.41,2.69,4.7,0,RING,LL,32,RING,LL,32,0,RING,A_flag_ceiling
all_reduce_perf,1,8,131072,32768,float,sum,28.63,4.58,8.01,0,25.25,5.19,9.08,0,RING,LL,32,RING,LL,32,0,RING,A_flag_ceiling
all_reduce_perf,1,8,262144,65536,float,sum,26.05,10.06,17.61,0,25.23,10.39,18.18,0,RING,LL,32,RING,LL,32,0,RING,A_flag_ceiling
all_reduce_perf,1,8,524288,131072,float,sum,27.22,19.26,33.71,0,26.26,19.97,34.94,0,RING,LL,32,RING,LL,32,0,RING,A_flag_ceiling
all_reduce_perf,1,8,1048576,262144,float,sum,40.11,26.14,45.75,0,37.84,27.71,48.49,0,RING,LL,32,RING,LL,32,0,RING,A_flag_ceiling
all_reduce_perf,1,8,2097152,524288,float,sum,61.71,33.99,59.47,0,61.01,34.37,60.16,0,RING,LL,32,RING,LL,32,0,RING,A_flag_ceiling
all_reduce_perf,1,8,4194304,1048576,float,sum,107.98,38.84,67.98,0,107.31,39.09,68.4,0,RING,LL,32,RING,LL,32,0,RING,A_flag_ceiling
all_reduce_perf,1,8,8388608,2097152,float,sum,210.26,39.9,69.82,0,207.66,40.4,70.69,0,RING,LL,32,RING,LL,32,0,RING,A_flag_ceiling
all_reduce_perf,1,8,16777216,4194304,float,sum,415.33,40.39,70.69,0,412.24,40.7,71.22,0,RING,LL,32,RING,LL,32,0,RING,A_flag_ceiling
all_reduce_perf,1,8,33554432,8388608,float,sum,830.78,40.39,70.68,0,824.48,40.7,71.22,0,RING,LL,32,RING,LL,32,0,RING,A_flag_ceiling
all_reduce_perf,1,8,67108864,16777216,float,sum,1530.65,43.84,76.73,0,1521.55,44.11,77.18,0,RING,LL,32,RING,LL,32,0,RING*,A_flag_ceiling
all_reduce_perf,1,8,134217728,33554432,float,sum,3076.43,43.63,76.35,0,3078.27,43.6,76.3,0,RING,LL,32,RING,LL,32,0,RING*,A_flag_ceiling
all_reduce_perf,1,8,268435456,67108864,float,sum,6186.93,43.39,75.93,0,6170.04,43.51,76.14,0,RING,LL,32,RING,LL,32,0,RING*,A_flag_ceiling
all_reduce_perf,1,8,536870912,134217728,float,sum,12433.5,43.18,75.56,0,12464.9,43.07,75.37,0,RING,LL,32,RING,LL,32,0,RING*,A_flag_ceiling
all_reduce_perf,1,8,4096,1024,float,sum,42.24,0.1,0.17,0,39.89,0.1,0.18,0,RING,SIMPLE,40,RING,SIMPLE,40,0,RING,A_flag_ceiling
all_reduce_perf,1,8,8192,2048,float,sum,40.61,0.2,0.35,0,39.8,0.21,0.36,0,RING,SIMPLE,40,RING,SIMPLE,40,0,RING,A_flag_ceiling
all_reduce_perf,1,8,16384,4096,float,sum,43.93,0.37,0.65,0,41.52,0.39,0.69,0,RING,SIMPLE,40,RING,SIMPLE,40,0,RING,A_flag_ceiling
all_reduce_perf,1,8,32768,8192,float,sum,45.13,0.73,1.27,0,43.17,0.76,1.33,0,RING,SIMPLE,40,RING,SIMPLE,40,0,RING,A_flag_ceiling
all_reduce_perf,1,8,65536,16384,float,sum,44.74,1.46,2.56,0,43.61,1.5,2.63,0,RING,SIMPLE,40,RING,SIMPLE,40,0,RING,A_flag_ceiling
all_reduce_perf,1,8,131072,32768,float,sum,45.19,2.9,5.08,0,43.73,3.0,5.25,0,RING,SIMPLE,40,RING,SIMPLE,40,0,RING,A_flag_ceiling
all_reduce_perf,1,8,262144,65536,float,sum,44.85,5.84,10.23,0,44.59,5.88,10.29,0,RING,SIMPLE,40,RING,SIMPLE,40,0,RING,A_flag_ceiling
all_reduce_perf,1,8,524288,131072,float,sum,44.73,11.72,20.51,0,43.71,11.99,20.99,0,RING,SIMPLE,40,RING,SIMPLE,40,0,RING,A_flag_ceiling
all_reduce_perf,1,8,1048576,262144,float,sum,45.86,22.87,40.02,0,44.09,23.78,41.62,0,RING,SIMPLE,40,RING,SIMPLE,40,0,RING,A_flag_ceiling
all_reduce_perf,1,8,2097152,524288,float,sum,48.13,43.57,76.25,0,46.76,44.85,78.48,0,RING,SIMPLE,40,RING,SIMPLE,40,0,RING,A_flag_ceiling
all_reduce_perf,1,8,4194304,1048576,float,sum,59.59,70.38,123.17,0,57.91,72.43,126.75,0,RING,SIMPLE,40,RING,SIMPLE,40,0,RING,A_flag_ceiling
all_reduce_perf,1,8,8388608,2097152,float,sum,82.88,101.21,177.12,0,80.39,104.35,182.61,0,RING,SIMPLE,40,RING,SIMPLE,40,0,RING,A_flag_ceiling
all_reduce_perf,1,8,16777216,4194304,float,sum,122.33,137.15,240.01,0,120.11,139.69,244.45,0,RING,SIMPLE,40,RING,SIMPLE,40,0,RING,A_flag_ceiling
all_reduce_perf,1,8,33554432,8388608,float,sum,199.49,168.2,294.35,0,197.45,169.94,297.39,0,RING,SIMPLE,40,RING,SIMPLE,40,0,RING,A_flag_ceiling
all_reduce_perf,1,8,67108864,16777216,float,sum,353.82,189.67,331.92,0,353.05,190.08,332.64,0,RING,SIMPLE,40,RING,SIMPLE,40,0,RING*,A_flag_ceiling
all_reduce_perf,1,8,134217728,33554432,float,sum,663.83,202.19,353.83,0,664.03,202.13,353.72,0,RING,SIMPLE,40,RING,SIMPLE,40,0,RING*,A_flag_ceiling
all_reduce_perf,1,8,268435456,67108864,float,sum,1279.87,209.74,367.04,0,1279.65,209.77,367.1,0,RING,SIMPLE,40,RING,SIMPLE,40,0,RING*,A_flag_ceiling
all_reduce_perf,1,8,536870912,134217728,float,sum,2522.27,212.85,372.49,0,2518.41,213.18,373.06,0,RING,SIMPLE,40,RING,SIMPLE,40,0,RING*,A_flag_ceiling
all_reduce_perf,1,8,4096,1024,float,sum,24.96,0.16,0.29,0,23.36,0.18,0.31,0,RING,LL,40,RING,LL,40,0,RING,A_flag_ceiling
all_reduce_perf,1,8,8192,2048,float,sum,25.68,0.32,0.56,0,24.36,0.34,0.59,0,RING,LL,40,RING,LL,40,0,RING,A_flag_ceiling
all_reduce_perf,1,8,16384,4096,float,sum,27.87,0.59,1.03,0,24.52,0.67,1.17,0,RING,LL,40,RING,LL,40,0,RING,A_flag_ceiling
all_reduce_perf,1,8,32768,8192,float,sum,25.05,1.31,2.29,0,24.68,1.33,2.32,0,RING,LL,40,RING,LL,40,0,RING,A_flag_ceiling
all_reduce_perf,1,8,65536,16384,float,sum,24.85,2.64,4.61,0,24.24,2.7,4.73,0,RING,LL,40,RING,LL,40,0,RING,A_flag_ceiling
all_reduce_perf,1,8,131072,32768,float,sum,26.53,4.94,8.65,0,24.88,5.27,9.22,0,RING,LL,40,RING,LL,40,0,RING,A_flag_ceiling
all_reduce_perf,1,8,262144,65536,float,sum,25.99,10.09,17.65,0,25.32,10.35,18.12,0,RING,LL,40,RING,LL,40,0,RING,A_flag_ceiling
all_reduce_perf,1,8,524288,131072,float,sum,26.79,19.57,34.25,0,26.23,19.99,34.98,0,RING,LL,40,RING,LL,40,0,RING,A_flag_ceiling
all_reduce_perf,1,8,1048576,262144,float,sum,39.3,26.68,46.69,0,37.19,28.19,49.34,0,RING,LL,40,RING,LL,40,0,RING,A_flag_ceiling
all_reduce_perf,1,8,2097152,524288,float,sum,61.35,34.18,59.82,0,60.87,34.45,60.29,0,RING,LL,40,RING,LL,40,0,RING,A_flag_ceiling
all_reduce_perf,1,8,4194304,1048576,float,sum,97.77,42.9,75.08,0,96.65,43.4,75.94,0,RING,LL,40,RING,LL,40,0,RING,A_flag_ceiling
all_reduce_perf,1,8,8388608,2097152,float,sum,178.18,47.08,82.39,0,175.86,47.7,83.47,0,RING,LL,40,RING,LL,40,0,RING,A_flag_ceiling
all_reduce_perf,1,8,16777216,4194304,float,sum,350.35,47.89,83.8,0,345.78,48.52,84.91,0,RING,LL,40,RING,LL,40,0,RING,A_flag_ceiling
all_reduce_perf,1,8,33554432,8388608,float,sum,685.57,48.94,85.65,0,680.65,49.3,86.27,0,RING,LL,40,RING,LL,40,0,RING,A_flag_ceiling
all_reduce_perf,1,8,67108864,16777216,float,sum,1245.17,53.9,94.32,0,1245.23,53.89,94.31,0,RING,LL,40,RING,LL,40,0,RING*,A_flag_ceiling
all_reduce_perf,1,8,134217728,33554432,float,sum,2483.11,54.05,94.59,0,2490.54,53.89,94.31,0,RING,LL,40,RING,LL,40,0,RING*,A_flag_ceiling
all_reduce_perf,1,8,268435456,67108864,float,sum,4985.69,53.84,94.22,0,4997.15,53.72,94.01,0,RING,LL,40,RING,LL,40,0,RING*,A_flag_ceiling
all_reduce_perf,1,8,536870912,134217728,float,sum,9995.25,53.71,94.0,0,10027.6,53.54,93.69,0,RING,LL,40,RING,LL,40,0,RING*,A_flag_ceiling
all_reduce_perf,1,8,4096,1024,float,sum,42.13,0.1,0.17,0,40.12,0.1,0.18,0,RING,SIMPLE,48,RING,SIMPLE,48,0,RING,A_flag_ceiling
all_reduce_perf,1,8,8192,2048,float,sum,40.72,0.2,0.35,0,39.84,0.21,0.36,0,RING,SIMPLE,48,RING,SIMPLE,48,0,RING,A_flag_ceiling
all_reduce_perf,1,8,16384,4096,float,sum,42.88,0.38,0.67,0,41.58,0.39,0.69,0,RING,SIMPLE,48,RING,SIMPLE,48,0,RING,A_flag_ceiling
all_reduce_perf,1,8,32768,8192,float,sum,44.99,0.73,1.27,0,43.21,0.76,1.33,0,RING,SIMPLE,48,RING,SIMPLE,48,0,RING,A_flag_ceiling
all_reduce_perf,1,8,65536,16384,float,sum,44.95,1.46,2.55,0,43.66,1.5,2.63,0,RING,SIMPLE,48,RING,SIMPLE,48,0,RING,A_flag_ceiling
all_reduce_perf,1,8,131072,32768,float,sum,45.42,2.89,5.05,0,43.92,2.98,5.22,0,RING,SIMPLE,48,RING,SIMPLE,48,0,RING,A_flag_ceiling
all_reduce_perf,1,8,262144,65536,float,sum,44.78,5.85,10.25,0,44.48,5.89,10.31,0,RING,SIMPLE,48,RING,SIMPLE,48,0,RING,A_flag_ceiling
all_reduce_perf,1,8,524288,131072,float,sum,44.58,11.76,20.58,0,43.57,12.03,21.06,0,RING,SIMPLE,48,RING,SIMPLE,48,0,RING,A_flag_ceiling
all_reduce_perf,1,8,1048576,262144,float,sum,46.93,22.34,39.1,0,44.7,23.46,41.05,0,RING,SIMPLE,48,RING,SIMPLE,48,0,RING,A_flag_ceiling
all_reduce_perf,1,8,2097152,524288,float,sum,47.25,44.38,77.67,0,45.72,45.87,80.27,0,RING,SIMPLE,48,RING,SIMPLE,48,0,RING,A_flag_ceiling
all_reduce_perf,1,8,4194304,1048576,float,sum,60.22,69.65,121.88,0,58.33,71.9,125.83,0,RING,SIMPLE,48,RING,SIMPLE,48,0,RING,A_flag_ceiling
all_reduce_perf,1,8,8388608,2097152,float,sum,76.65,109.45,191.53,0,74.63,112.4,196.69,0,RING,SIMPLE,48,RING,SIMPLE,48,0,RING,A_flag_ceiling
all_reduce_perf,1,8,16777216,4194304,float,sum,119.01,140.98,246.71,0,117.37,142.95,250.15,0,RING,SIMPLE,48,RING,SIMPLE,48,0,RING,A_flag_ceiling
all_reduce_perf,1,8,33554432,8388608,float,sum,198.19,169.31,296.29,0,197.27,170.09,297.66,0,RING,SIMPLE,48,RING,SIMPLE,48,0,RING,A_flag_ceiling
all_reduce_perf,1,8,67108864,16777216,float,sum,339.35,197.76,346.08,0,338.84,198.05,346.59,0,RING,SIMPLE,48,RING,SIMPLE,48,0,RING*,A_flag_ceiling
all_reduce_perf,1,8,134217728,33554432,float,sum,632.75,212.12,371.21,0,631.61,212.5,371.88,0,RING,SIMPLE,48,RING,SIMPLE,48,0,RING*,A_flag_ceiling
all_reduce_perf,1,8,268435456,67108864,float,sum,1233.35,217.65,380.88,0,1234.31,217.48,380.59,0,RING,SIMPLE,48,RING,SIMPLE,48,0,RING*,A_flag_ceiling
all_reduce_perf,1,8,536870912,134217728,float,sum,2436.62,220.33,385.58,0,2435.09,220.47,385.83,0,RING,SIMPLE,48,RING,SIMPLE,48,0,RING*,A_flag_ceiling
all_reduce_perf,1,8,4096,1024,float,sum,24.52,0.17,0.29,0,23.47,0.17,0.31,0,RING,LL,48,RING,LL,48,0,RING,A_flag_ceiling
all_reduce_perf,1,8,8192,2048,float,sum,25.37,0.32,0.57,0,24.3,0.34,0.59,0,RING,LL,48,RING,LL,48,0,RING,A_flag_ceiling
all_reduce_perf,1,8,16384,4096,float,sum,26.27,0.62,1.09,0,24.4,0.67,1.18,0,RING,LL,48,RING,LL,48,0,RING,A_flag_ceiling
all_reduce_perf,1,8,32768,8192,float,sum,25.13,1.3,2.28,0,24.41,1.34,2.35,0,RING,LL,48,RING,LL,48,0,RING,A_flag_ceiling
all_reduce_perf,1,8,65536,16384,float,sum,24.94,2.63,4.6,0,24.54,2.67,4.67,0,RING,LL,48,RING,LL,48,0,RING,A_flag_ceiling
all_reduce_perf,1,8,131072,32768,float,sum,27.6,4.75,8.31,0,24.93,5.26,9.2,0,RING,LL,48,RING,LL,48,0,RING,A_flag_ceiling
all_reduce_perf,1,8,262144,65536,float,sum,26.14,10.03,17.55,0,25.39,10.33,18.07,0,RING,LL,48,RING,LL,48,0,RING,A_flag_ceiling
all_reduce_perf,1,8,524288,131072,float,sum,26.84,19.53,34.19,0,25.82,20.31,35.54,0,RING,LL,48,RING,LL,48,0,RING,A_flag_ceiling
all_reduce_perf,1,8,1048576,262144,float,sum,39.13,26.79,46.89,0,37.27,28.13,49.23,0,RING,LL,48,RING,LL,48,0,RING,A_flag_ceiling
all_reduce_perf,1,8,2097152,524288,float,sum,50.78,41.3,72.27,0,50.05,41.9,73.33,0,RING,LL,48,RING,LL,48,0,RING,A_flag_ceiling
all_reduce_perf,1,8,4194304,1048576,float,sum,86.37,48.56,84.98,0,85.66,48.96,85.68,0,RING,LL,48,RING,LL,48,0,RING,A_flag_ceiling
all_reduce_perf,1,8,8388608,2097152,float,sum,156.18,53.71,94.0,0,154.41,54.33,95.07,0,RING,LL,48,RING,LL,48,0,RING,A_flag_ceiling
all_reduce_perf,1,8,16777216,4194304,float,sum,297.79,56.34,98.59,0,296.38,56.61,99.06,0,RING,LL,48,RING,LL,48,0,RING,A_flag_ceiling
all_reduce_perf,1,8,33554432,8388608,float,sum,577.75,58.08,101.64,0,576.29,58.22,101.89,0,RING,LL,48,RING,LL,48,0,RING,A_flag_ceiling
all_reduce_perf,1,8,67108864,16777216,float,sum,1041.93,64.41,112.71,0,1039.14,64.58,113.02,0,RING,LL,48,RING,LL,48,0,RING*,A_flag_ceiling
all_reduce_perf,1,8,134217728,33554432,float,sum,2086.0,64.34,112.6,0,2081.61,64.48,112.84,0,RING,LL,48,RING,LL,48,0,RING*,A_flag_ceiling
all_reduce_perf,1,8,268435456,67108864,float,sum,4174.47,64.3,112.53,0,4171.08,64.36,112.62,0,RING,LL,48,RING,LL,48,0,RING*,A_flag_ceiling
all_reduce_perf,1,8,536870912,134217728,float,sum,8348.46,64.31,112.54,0,8383.2,64.04,112.07,0,RING,LL,48,RING,LL,48,0,RING*,A_flag_ceiling
all_reduce_perf,1,8,4096,1024,float,sum,43.04,0.1,0.17,0,41.21,0.1,0.17,0,RING,SIMPLE,56,RING,SIMPLE,56,0,RING,A_flag_ceiling
all_reduce_perf,1,8,8192,2048,float,sum,41.47,0.2,0.35,0,40.98,0.2,0.35,0,RING,SIMPLE,56,RING,SIMPLE,56,0,RING,A_flag_ceiling
all_reduce_perf,1,8,16384,4096,float,sum,44.39,0.37,0.65,0,41.52,0.39,0.69,0,RING,SIMPLE,56,RING,SIMPLE,56,0,RING,A_flag_ceiling
all_reduce_perf,1,8,32768,8192,float,sum,44.6,0.73,1.29,0,42.84,0.76,1.34,0,RING,SIMPLE,56,RING,SIMPLE,56,0,RING,A_flag_ceiling
all_reduce_perf,1,8,65536,16384,float,sum,44.82,1.46,2.56,0,43.41,1.51,2.64,0,RING,SIMPLE,56,RING,SIMPLE,56,0,RING,A_flag_ceiling
all_reduce_perf,1,8,131072,32768,float,sum,45.58,2.88,5.03,0,43.96,2.98,5.22,0,RING,SIMPLE,56,RING,SIMPLE,56,0,RING,A_flag_ceiling
all_reduce_perf,1,8,262144,65536,float,sum,44.79,5.85,10.24,0,44.54,5.89,10.3,0,RING,SIMPLE,56,RING,SIMPLE,56,0,RING,A_flag_ceiling
all_reduce_perf,1,8,524288,131072,float,sum,44.65,11.74,20.55,0,43.62,12.02,21.03,0,RING,SIMPLE,56,RING,SIMPLE,56,0,RING,A_flag_ceiling
all_reduce_perf,1,8,1048576,262144,float,sum,47.27,22.18,38.82,0,44.82,23.39,40.94,0,RING,SIMPLE,56,RING,SIMPLE,56,0,RING,A_flag_ceiling
all_reduce_perf,1,8,2097152,524288,float,sum,47.61,44.05,77.09,0,46.16,45.43,79.51,0,RING,SIMPLE,56,RING,SIMPLE,56,0,RING,A_flag_ceiling
all_reduce_perf,1,8,4194304,1048576,float,sum,58.84,71.28,124.75,0,57.07,73.5,128.63,0,RING,SIMPLE,56,RING,SIMPLE,56,0,RING,A_flag_ceiling
all_reduce_perf,1,8,8388608,2097152,float,sum,76.24,110.03,192.56,0,74.22,113.03,197.8,0,RING,SIMPLE,56,RING,SIMPLE,56,0,RING,A_flag_ceiling
all_reduce_perf,1,8,16777216,4194304,float,sum,110.48,151.86,265.75,0,108.89,154.07,269.63,0,RING,SIMPLE,56,RING,SIMPLE,56,0,RING,A_flag_ceiling
all_reduce_perf,1,8,33554432,8388608,float,sum,185.62,180.77,316.35,0,184.34,182.02,318.54,0,RING,SIMPLE,56,RING,SIMPLE,56,0,RING,A_flag_ceiling
all_reduce_perf,1,8,67108864,16777216,float,sum,330.38,203.13,355.48,0,329.85,203.45,356.04,0,RING,SIMPLE,56,RING,SIMPLE,56,0,RING*,A_flag_ceiling
all_reduce_perf,1,8,134217728,33554432,float,sum,619.87,216.53,378.92,0,619.9,216.52,378.9,0,RING,SIMPLE,56,RING,SIMPLE,56,0,RING*,A_flag_ceiling
all_reduce_perf,1,8,268435456,67108864,float,sum,1205.41,222.69,389.71,0,1209.71,221.9,388.33,0,RING,SIMPLE,56,RING,SIMPLE,56,0,RING*,A_flag_ceiling
all_reduce_perf,1,8,536870912,134217728,float,sum,2368.98,226.63,396.59,0,2370.7,226.46,396.31,0,RING,SIMPLE,56,RING,SIMPLE,56,0,RING*,A_flag_ceiling
all_reduce_perf,1,8,4096,1024,float,sum,25.09,0.16,0.29,0,23.46,0.17,0.31,0,RING,LL,56,RING,LL,56,0,RING,A_flag_ceiling
all_reduce_perf,1,8,8192,2048,float,sum,25.26,0.32,0.57,0,24.19,0.34,0.59,0,RING,LL,56,RING,LL,56,0,RING,A_flag_ceiling
all_reduce_perf,1,8,16384,4096,float,sum,26.11,0.63,1.1,0,25.89,0.63,1.11,0,RING,LL,56,RING,LL,56,0,RING,A_flag_ceiling
all_reduce_perf,1,8,32768,8192,float,sum,25.48,1.29,2.25,0,24.4,1.34,2.35,0,RING,LL,56,RING,LL,56,0,RING,A_flag_ceiling
all_reduce_perf,1,8,65536,16384,float,sum,25.26,2.59,4.54,0,24.36,2.69,4.71,0,RING,LL,56,RING,LL,56,0,RING,A_flag_ceiling
all_reduce_perf,1,8,131072,32768,float,sum,26.07,5.03,8.8,0,25.08,5.23,9.14,0,RING,LL,56,RING,LL,56,0,RING,A_flag_ceiling
all_reduce_perf,1,8,262144,65536,float,sum,26.1,10.04,17.57,0,25.24,10.38,18.17,0,RING,LL,56,RING,LL,56,0,RING,A_flag_ceiling
all_reduce_perf,1,8,524288,131072,float,sum,26.54,19.76,34.57,0,25.95,20.2,35.35,0,RING,LL,56,RING,LL,56,0,RING,A_flag_ceiling
all_reduce_perf,1,8,1048576,262144,float,sum,37.98,27.61,48.32,0,37.12,28.25,49.44,0,RING,LL,56,RING,LL,56,0,RING,A_flag_ceiling
all_reduce_perf,1,8,2097152,524288,float,sum,50.44,41.58,72.76,0,49.79,42.12,73.71,0,RING,LL,56,RING,LL,56,0,RING,A_flag_ceiling
all_reduce_perf,1,8,4194304,1048576,float,sum,75.87,55.29,96.75,0,74.87,56.02,98.04,0,RING,LL,56,RING,LL,56,0,RING,A_flag_ceiling
all_reduce_perf,1,8,8388608,2097152,float,sum,144.49,58.06,101.6,0,142.78,58.75,102.82,0,RING,LL,56,RING,LL,56,0,RING,A_flag_ceiling
all_reduce_perf,1,8,16777216,4194304,float,sum,264.92,63.33,110.83,0,261.78,64.09,112.16,0,RING,LL,56,RING,LL,56,0,RING,A_flag_ceiling
all_reduce_perf,1,8,33554432,8388608,float,sum,502.94,66.72,116.75,0,503.32,66.67,116.66,0,RING,LL,56,RING,LL,56,0,RING,A_flag_ceiling
all_reduce_perf,1,8,67108864,16777216,float,sum,917.51,73.14,128.0,0,917.14,73.17,128.05,0,RING,LL,56,RING,LL,56,0,RING*,A_flag_ceiling
all_reduce_perf,1,8,134217728,33554432,float,sum,1822.7,73.64,128.86,0,1811.09,74.11,129.69,0,RING,LL,56,RING,LL,56,0,RING*,A_flag_ceiling
all_reduce_perf,1,8,268435456,67108864,float,sum,3633.85,73.87,129.27,0,3624.93,74.05,129.59,0,RING,LL,56,RING,LL,56,0,RING*,A_flag_ceiling
all_reduce_perf,1,8,536870912,134217728,float,sum,7257.14,73.98,129.46,0,7247.49,74.08,129.63,0,RING,LL,56,RING,LL,56,0,RING*,A_flag_ceiling
all_reduce_perf,1,8,4096,1024,float,sum,22.79,0.18,0.31,0,22.12,0.19,0.32,0,TREE,LL,1,TREE,LL,1,0,TREE,A_flag_ceiling
all_reduce_perf,1,8,8192,2048,float,sum,25.4,0.32,0.56,0,25.25,0.32,0.57,0,TREE,LL,1,TREE,LL,1,0,TREE,A_flag_ceiling
all_reduce_perf,1,8,16384,4096,float,sum,35.06,0.47,0.82,0,32.58,0.5,0.88,0,TREE,LL,1,TREE,LL,1,0,TREE,A_flag_ceiling
all_reduce_perf,1,8,32768,8192,float,sum,45.45,0.72,1.26,0,45.28,0.72,1.27,0,TREE,LL,1,TREE,LL,1,0,TREE,A_flag_ceiling
all_reduce_perf,1,8,65536,16384,float,sum,70.51,0.93,1.63,0,70.71,0.93,1.62,0,TREE,LL,1,TREE,LL,1,0,TREE,A_flag_ceiling
all_reduce_perf,1,8,131072,32768,float,sum,120.6,1.09,1.9,0,120.35,1.09,1.91,0,TREE,LL,1,TREE,LL,1,0,TREE,A_flag_ceiling
all_reduce_perf,1,8,262144,65536,float,sum,219.69,1.19,2.09,0,219.51,1.19,2.09,0,TREE,LL,1,TREE,LL,1,0,TREE,A_flag_ceiling
all_reduce_perf,1,8,524288,131072,float,sum,419.05,1.25,2.19,0,412.72,1.27,2.22,0,TREE,LL,1,TREE,LL,1,0,TREE,A_flag_ceiling
all_reduce_perf,1,8,1048576,262144,float,sum,816.94,1.28,2.25,0,802.29,1.31,2.29,0,TREE,LL,1,TREE,LL,1,0,TREE,A_flag_ceiling
all_reduce_perf,1,8,2097152,524288,float,sum,1604.48,1.31,2.29,0,1573.58,1.33,2.33,0,TREE,LL,1,TREE,LL,1,0,TREE,A_flag_ceiling
all_reduce_perf,1,8,4194304,1048576,float,sum,3153.97,1.33,2.33,0,3113.35,1.35,2.36,0,TREE,LL,1,TREE,LL,1,0,TREE,A_flag_ceiling
all_reduce_perf,1,8,8388608,2097152,float,sum,6200.95,1.35,2.37,0,6204.59,1.35,2.37,0,TREE,LL,1,TREE,LL,1,0,TREE,A_flag_ceiling
all_reduce_perf,1,8,16777216,4194304,float,sum,12265.4,1.37,2.39,0,12245.1,1.37,2.4,0,TREE,LL,1,TREE,LL,1,0,TREE,A_flag_ceiling
all_reduce_perf,1,8,33554432,8388608,float,sum,24333.1,1.38,2.41,0,24270.1,1.38,2.42,0,TREE,LL,1,TREE,LL,1,0,TREE,A_flag_ceiling
all_reduce_perf,1,8,67108864,16777216,float,sum,48252.1,1.39,2.43,0,48221.7,1.39,2.44,0,TREE,LL,1,TREE,LL,1,0,TREE,A_flag_ceiling
all_reduce_perf,1,8,134217728,33554432,float,sum,96020.7,1.4,2.45,0,96037.6,1.4,2.45,0,TREE,LL,1,TREE,LL,1,0,TREE,A_flag_ceiling
all_reduce_perf,1,8,268435456,67108864,float,sum,191748.0,1.4,2.45,0,192420.0,1.4,2.44,0,TREE,LL,1,TREE,LL,1,0,TREE,A_flag_ceiling
all_reduce_perf,1,8,536870912,134217728,float,sum,384397.0,1.4,2.44,0,386896.0,1.39,2.43,0,TREE,LL,1,TREE,LL,1,0,TREE,A_flag_ceiling
all_reduce_perf,1,8,4096,1024,float,sum,20.49,0.2,0.35,0,19.27,0.21,0.37,0,TREE,LL,2,TREE,LL,2,0,TREE,A_flag_ceiling
all_reduce_perf,1,8,8192,2048,float,sum,22.62,0.36,0.63,0,22.37,0.37,0.64,0,TREE,LL,2,TREE,LL,2,0,TREE,A_flag_ceiling
all_reduce_perf,1,8,16384,4096,float,sum,28.2,0.58,1.02,0,26.18,0.63,1.1,0,TREE,LL,2,TREE,LL,2,0,TREE,A_flag_ceiling
all_reduce_perf,1,8,32768,8192,float,sum,33.46,0.98,1.71,0,32.71,1.0,1.75,0,TREE,LL,2,TREE,LL,2,0,TREE,A_flag_ceiling
all_reduce_perf,1,8,65536,16384,float,sum,46.13,1.42,2.49,0,45.78,1.43,2.51,0,TREE,LL,2,TREE,LL,2,0,TREE,A_flag_ceiling
all_reduce_perf,1,8,131072,32768,float,sum,71.54,1.83,3.21,0,71.09,1.84,3.23,0,TREE,LL,2,TREE,LL,2,0,TREE,A_flag_ceiling
all_reduce_perf,1,8,262144,65536,float,sum,122.52,2.14,3.74,0,123.45,2.12,3.72,0,TREE,LL,2,TREE,LL,2,0,TREE,A_flag_ceiling
all_reduce_perf,1,8,524288,131072,float,sum,224.85,2.33,4.08,0,225.59,2.32,4.07,0,TREE,LL,2,TREE,LL,2,0,TREE,A_flag_ceiling
all_reduce_perf,1,8,1048576,262144,float,sum,429.02,2.44,4.28,0,429.08,2.44,4.28,0,TREE,LL,2,TREE,LL,2,0,TREE,A_flag_ceiling
all_reduce_perf,1,8,2097152,524288,float,sum,836.6,2.51,4.39,0,834.87,2.51,4.4,0,TREE,LL,2,TREE,LL,2,0,TREE,A_flag_ceiling
all_reduce_perf,1,8,4194304,1048576,float,sum,1649.24,2.54,4.45,0,1641.62,2.55,4.47,0,TREE,LL,2,TREE,LL,2,0,TREE,A_flag_ceiling
all_reduce_perf,1,8,8388608,2097152,float,sum,3271.57,2.56,4.49,0,3260.95,2.57,4.5,0,TREE,LL,2,TREE,LL,2,0,TREE,A_flag_ceiling
all_reduce_perf,1,8,16777216,4194304,float,sum,6450.41,2.6,4.55,0,6460.76,2.6,4.54,0,TREE,LL,2,TREE,LL,2,0,TREE,A_flag_ceiling
all_reduce_perf,1,8,33554432,8388608,float,sum,12790.6,2.62,4.59,0,12806.2,2.62,4.59,0,TREE,LL,2,TREE,LL,2,0,TREE,A_flag_ceiling
all_reduce_perf,1,8,67108864,16777216,float,sum,25431.8,2.64,4.62,0,25500.0,2.63,4.61,0,TREE,LL,2,TREE,LL,2,0,TREE,A_flag_ceiling
all_reduce_perf,1,8,134217728,33554432,float,sum,50702.1,2.65,4.63,0,50934.4,2.64,4.61,0,TREE,LL,2,TREE,LL,2,0,TREE,A_flag_ceiling
all_reduce_perf,1,8,268435456,67108864,float,sum,101098.0,2.66,4.65,0,101806.0,2.64,4.61,0,TREE,LL,2,TREE,LL,2,0,TREE,A_flag_ceiling
all_reduce_perf,1,8,536870912,134217728,float,sum,202321.0,2.65,4.64,0,203467.0,2.64,4.62,0,TREE,LL,2,TREE,LL,2,0,TREE,A_flag_ceiling
all_reduce_perf,1,8,4096,1024,float,sum,21.03,0.19,0.34,0,19.54,0.21,0.37,0,TREE,LL,4,TREE,LL,4,0,TREE,A_flag_ceiling
all_reduce_perf,1,8,8192,2048,float,sum,20.94,0.39,0.68,0,20.31,0.4,0.71,0,TREE,LL,4,TREE,LL,4,0,TREE,A_flag_ceiling
all_reduce_perf,1,8,16384,4096,float,sum,24.95,0.66,1.15,0,23.25,0.7,1.23,0,TREE,LL,4,TREE,LL,4,0,TREE,A_flag_ceiling
all_reduce_perf,1,8,32768,8192,float,sum,27.61,1.19,2.08,0,27.18,1.21,2.11,0,TREE,LL,4,TREE,LL,4,0,TREE,A_flag_ceiling
all_reduce_perf,1,8,65536,16384,float,sum,34.9,1.88,3.29,0,34.84,1.88,3.29,0,TREE,LL,4,TREE,LL,4,0,TREE,A_flag_ceiling
all_reduce_perf,1,8,131072,32768,float,sum,48.65,2.69,4.72,0,48.76,2.69,4.7,0,TREE,LL,4,TREE,LL,4,0,TREE,A_flag_ceiling
all_reduce_perf,1,8,262144,65536,float,sum,75.78,3.46,6.05,0,76.3,3.44,6.01,0,TREE,LL,4,TREE,LL,4,0,TREE,A_flag_ceiling
all_reduce_perf,1,8,524288,131072,float,sum,129.62,4.04,7.08,0,129.59,4.05,7.08,0,TREE,LL,4,TREE,LL,4,0,TREE,A_flag_ceiling
all_reduce_perf,1,8,1048576,262144,float,sum,238.4,4.4,7.7,0,239.76,4.37,7.65,0,TREE,LL,4,TREE,LL,4,0,TREE,A_flag_ceiling
all_reduce_perf,1,8,2097152,524288,float,sum,454.71,4.61,8.07,0,455.04,4.61,8.07,0,TREE,LL,4,TREE,LL,4,0,TREE,A_flag_ceiling
all_reduce_perf,1,8,4194304,1048576,float,sum,886.92,4.73,8.28,0,890.17,4.71,8.25,0,TREE,LL,4,TREE,LL,4,0,TREE,A_flag_ceiling
all_reduce_perf,1,8,8388608,2097152,float,sum,1757.21,4.77,8.35,0,1767.15,4.75,8.31,0,TREE,LL,4,TREE,LL,4,0,TREE,A_flag_ceiling
all_reduce_perf,1,8,16777216,4194304,float,sum,3472.16,4.83,8.46,0,3521.35,4.76,8.34,0,TREE,LL,4,TREE,LL,4,0,TREE,A_flag_ceiling
all_reduce_perf,1,8,33554432,8388608,float,sum,6892.62,4.87,8.52,0,6998.77,4.79,8.39,0,TREE,LL,4,TREE,LL,4,0,TREE,A_flag_ceiling
all_reduce_perf,1,8,67108864,16777216,float,sum,13731.8,4.89,8.55,0,13836.0,4.85,8.49,0,TREE,LL,4,TREE,LL,4,0,TREE,A_flag_ceiling
all_reduce_perf,1,8,134217728,33554432,float,sum,27322.3,4.91,8.6,0,27638.4,4.86,8.5,0,TREE,LL,4,TREE,LL,4,0,TREE,A_flag_ceiling
all_reduce_perf,1,8,268435456,67108864,float,sum,54476.5,4.93,8.62,0,55084.0,4.87,8.53,0,TREE,LL,4,TREE,LL,4,0,TREE,A_flag_ceiling
all_reduce_perf,1,8,536870912,134217728,float,sum,108527.0,4.95,8.66,0,109008.0,4.93,8.62,0,TREE,LL,4,TREE,LL,4,0,TREE,A_flag_ceiling
all_reduce_perf,1,8,4096,1024,float,sum,20.37,0.2,0.35,0,19.27,0.21,0.37,0,TREE,LL,8,TREE,LL,8,0,TREE,A_flag_ceiling
all_reduce_perf,1,8,8192,2048,float,sum,20.96,0.39,0.68,0,20.03,0.41,0.72,0,TREE,LL,8,TREE,LL,8,0,TREE,A_flag_ceiling
all_reduce_perf,1,8,16384,4096,float,sum,23.98,0.68,1.2,0,22.07,0.74,1.3,0,TREE,LL,8,TREE,LL,8,0,TREE,A_flag_ceiling
all_reduce_perf,1,8,32768,8192,float,sum,23.96,1.37,2.39,0,23.22,1.41,2.47,0,TREE,LL,8,TREE,LL,8,0,TREE,A_flag_ceiling
all_reduce_perf,1,8,65536,16384,float,sum,28.19,2.32,4.07,0,27.69,2.37,4.14,0,TREE,LL,8,TREE,LL,8,0,TREE,A_flag_ceiling
all_reduce_perf,1,8,131072,32768,float,sum,36.73,3.57,6.24,0,35.57,3.69,6.45,0,TREE,LL,8,TREE,LL,8,0,TREE,A_flag_ceiling
all_reduce_perf,1,8,262144,65536,float,sum,49.26,5.32,9.31,0,49.16,5.33,9.33,0,TREE,LL,8,TREE,LL,8,0,TREE,A_flag_ceiling
all_reduce_perf,1,8,524288,131072,float,sum,76.31,6.87,12.02,0,76.49,6.85,12.0,0,TREE,LL,8,TREE,LL,8,0,TREE,A_flag_ceiling
all_reduce_perf,1,8,1048576,262144,float,sum,130.77,8.02,14.03,0,130.95,8.01,14.01,0,TREE,LL,8,TREE,LL,8,0,TREE,A_flag_ceiling
all_reduce_perf,1,8,2097152,524288,float,sum,239.46,8.76,15.33,0,240.3,8.73,15.27,0,TREE,LL,8,TREE,LL,8,0,TREE,A_flag_ceiling
all_reduce_perf,1,8,4194304,1048576,float,sum,457.14,9.18,16.06,0,460.63,9.11,15.93,0,TREE,LL,8,TREE,LL,8,0,TREE,A_flag_ceiling
all_reduce_perf,1,8,8388608,2097152,float,sum,890.53,9.42,16.48,0,896.11,9.36,16.38,0,TREE,LL,8,TREE,LL,8,0,TREE,A_flag_ceiling
all_reduce_perf,1,8,16777216,4194304,float,sum,1763.4,9.51,16.65,0,1780.97,9.42,16.49,0,TREE,LL,8,TREE,LL,8,0,TREE,A_flag_ceiling
all_reduce_perf,1,8,33554432,8388608,float,sum,3493.56,9.6,16.81,0,3521.46,9.53,16.67,0,TREE,LL,8,TREE,LL,8,0,TREE,A_flag_ceiling
all_reduce_perf,1,8,67108864,16777216,float,sum,6946.01,9.66,16.91,0,7029.04,9.55,16.71,0,TREE,LL,8,TREE,LL,8,0,TREE,A_flag_ceiling
all_reduce_perf,1,8,134217728,33554432,float,sum,13938.8,9.63,16.85,0,14004.0,9.58,16.77,0,TREE,LL,8,TREE,LL,8,0,TREE,A_flag_ceiling
all_reduce_perf,1,8,268435456,67108864,float,sum,27777.6,9.66,16.91,0,27894.9,9.62,16.84,0,TREE,LL,8,TREE,LL,8,0,TREE,A_flag_ceiling
all_reduce_perf,1,8,536870912,134217728,float,sum,55512.4,9.67,16.92,0,55719.0,9.64,16.86,0,TREE,LL,8,TREE,LL,8,0,TREE,A_flag_ceiling
all_reduce_perf,1,8,4096,1024,float,sum,20.82,0.2,0.34,0,19.4,0.21,0.37,0,TREE,LL,16,TREE,LL,16,0,TREE,A_flag_ceiling
all_reduce_perf,1,8,8192,2048,float,sum,20.69,0.4,0.69,0,20.31,0.4,0.71,0,TREE,LL,16,TREE,LL,16,0,TREE,A_flag_ceiling
all_reduce_perf,1,8,16384,4096,float,sum,24.02,0.68,1.19,0,20.89,0.78,1.37,0,TREE,LL,16,TREE,LL,16,0,TREE,A_flag_ceiling
all_reduce_perf,1,8,32768,8192,float,sum,21.18,1.55,2.71,0,20.81,1.57,2.75,0,TREE,LL,16,TREE,LL,16,0,TREE,A_flag_ceiling
all_reduce_perf,1,8,65536,16384,float,sum,23.79,2.75,4.82,0,24.07,2.72,4.77,0,TREE,LL,16,TREE,LL,16,0,TREE,A_flag_ceiling
all_reduce_perf,1,8,131072,32768,float,sum,28.52,4.6,8.04,0,28.39,4.62,8.08,0,TREE,LL,16,TREE,LL,16,0,TREE,A_flag_ceiling
all_reduce_perf,1,8,262144,65536,float,sum,35.87,7.31,12.79,0,35.7,7.34,12.85,0,TREE,LL,16,TREE,LL,16,0,TREE,A_flag_ceiling
all_reduce_perf,1,8,524288,131072,float,sum,49.63,10.56,18.49,0,49.79,10.53,18.43,0,TREE,LL,16,TREE,LL,16,0,TREE,A_flag_ceiling
all_reduce_perf,1,8,1048576,262144,float,sum,76.88,13.64,23.87,0,77.07,13.61,23.81,0,TREE,LL,16,TREE,LL,16,0,TREE,A_flag_ceiling
all_reduce_perf,1,8,2097152,524288,float,sum,131.13,15.99,27.99,0,131.49,15.95,27.91,0,TREE,LL,16,TREE,LL,16,0,TREE,A_flag_ceiling
all_reduce_perf,1,8,4194304,1048576,float,sum,241.14,17.39,30.44,0,242.09,17.33,30.32,0,TREE,LL,16,TREE,LL,16,0,TREE,A_flag_ceiling
all_reduce_perf,1,8,8388608,2097152,float,sum,532.77,15.75,27.55,0,467.0,17.96,31.44,0,TREE,LL,16,TREE,LL,16,0,TREE,A_flag_ceiling
all_reduce_perf,1,8,16777216,4194304,float,sum,895.51,18.73,32.79,0,902.95,18.58,32.52,0,TREE,LL,16,TREE,LL,16,0,TREE,A_flag_ceiling
all_reduce_perf,1,8,33554432,8388608,float,sum,1775.96,18.89,33.06,0,1860.03,18.04,31.57,0,TREE,LL,16,TREE,LL,16,0,TREE,A_flag_ceiling
all_reduce_perf,1,8,67108864,16777216,float,sum,3635.94,18.46,32.3,0,3548.86,18.91,33.09,0,TREE,LL,16,TREE,LL,16,0,TREE,A_flag_ceiling
all_reduce_perf,1,8,134217728,33554432,float,sum,7094.33,18.92,33.11,0,7081.27,18.95,33.17,0,TREE,LL,16,TREE,LL,16,0,TREE,A_flag_ceiling
all_reduce_perf,1,8,268435456,67108864,float,sum,14201.9,18.9,33.08,0,14116.8,19.02,33.28,0,TREE,LL,16,TREE,LL,16,0,TREE,A_flag_ceiling
all_reduce_perf,1,8,536870912,134217728,float,sum,28340.5,18.94,33.15,0,28105.1,19.1,33.43,0,TREE,LL,16,TREE,LL,16,0,TREE,A_flag_ceiling
all_reduce_perf,1,8,4096,1024,float,sum,20.02,0.2,0.36,0,19.08,0.21,0.38,0,TREE,LL,24,TREE,LL,24,0,TREE,A_flag_ceiling
all_reduce_perf,1,8,8192,2048,float,sum,21.13,0.39,0.68,0,20.21,0.41,0.71,0,TREE,LL,24,TREE,LL,24,0,TREE,A_flag_ceiling
all_reduce_perf,1,8,16384,4096,float,sum,24.04,0.68,1.19,0,22.27,0.74,1.29,0,TREE,LL,24,TREE,LL,24,0,TREE,A_flag_ceiling
all_reduce_perf,1,8,32768,8192,float,sum,21.7,1.51,2.64,0,21.23,1.54,2.7,0,TREE,LL,24,TREE,LL,24,0,TREE,A_flag_ceiling
all_reduce_perf,1,8,65536,16384,float,sum,24.03,2.73,4.77,0,23.65,2.77,4.85,0,TREE,LL,24,TREE,LL,24,0,TREE,A_flag_ceiling
all_reduce_perf,1,8,131072,32768,float,sum,26.75,4.9,8.57,0,27.23,4.81,8.42,0,TREE,LL,24,TREE,LL,24,0,TREE,A_flag_ceiling
all_reduce_perf,1,8,262144,65536,float,sum,32.94,7.96,13.93,0,32.7,8.02,14.03,0,TREE,LL,24,TREE,LL,24,0,TREE,A_flag_ceiling
all_reduce_perf,1,8,524288,131072,float,sum,41.79,12.55,21.96,0,42.15,12.44,21.77,0,TREE,LL,24,TREE,LL,24,0,TREE,A_flag_ceiling
all_reduce_perf,1,8,1048576,262144,float,sum,60.86,17.23,30.15,0,60.95,17.2,30.11,0,TREE,LL,24,TREE,LL,24,0,TREE,A_flag_ceiling
all_reduce_perf,1,8,2097152,524288,float,sum,96.79,21.67,37.92,0,97.71,21.46,37.56,0,TREE,LL,24,TREE,LL,24,0,TREE,A_flag_ceiling
all_reduce_perf,1,8,4194304,1048576,float,sum,170.49,24.6,43.05,0,171.3,24.49,42.85,0,TREE,LL,24,TREE,LL,24,0,TREE,A_flag_ceiling
all_reduce_perf,1,8,8388608,2097152,float,sum,317.47,26.42,46.24,0,318.3,26.35,46.12,0,TREE,LL,24,TREE,LL,24,0,TREE,A_flag_ceiling
all_reduce_perf,1,8,16777216,4194304,float,sum,612.61,27.39,47.93,0,613.12,27.36,47.89,0,TREE,LL,24,TREE,LL,24,0,TREE,A_flag_ceiling
all_reduce_perf,1,8,33554432,8388608,float,sum,1209.56,27.74,48.55,0,1206.73,27.81,48.66,0,TREE,LL,24,TREE,LL,24,0,TREE,A_flag_ceiling
all_reduce_perf,1,8,67108864,16777216,float,sum,2425.0,27.67,48.43,0,2402.62,27.93,48.88,0,TREE,LL,24,TREE,LL,24,0,TREE,A_flag_ceiling
all_reduce_perf,1,8,134217728,33554432,float,sum,4819.01,27.85,48.74,0,4775.02,28.11,49.19,0,TREE,LL,24,TREE,LL,24,0,TREE,A_flag_ceiling
all_reduce_perf,1,8,268435456,67108864,float,sum,9616.67,27.91,48.85,0,9510.7,28.22,49.39,0,TREE,LL,24,TREE,LL,24,0,TREE,A_flag_ceiling
all_reduce_perf,1,8,536870912,134217728,float,sum,19089.9,28.12,49.22,0,18982.9,28.28,49.49,0,TREE,LL,24,TREE,LL,24,0,TREE,A_flag_ceiling
all_reduce_perf,1,8,4096,1024,float,sum,19.82,0.21,0.36,0,18.98,0.22,0.38,0,TREE,LL,32,TREE,LL,32,0,TREE,A_flag_ceiling
all_reduce_perf,1,8,8192,2048,float,sum,20.64,0.4,0.69,0,20.26,0.4,0.71,0,TREE,LL,32,TREE,LL,32,0,TREE,A_flag_ceiling
all_reduce_perf,1,8,16384,4096,float,sum,24.48,0.67,1.17,0,22.18,0.74,1.29,0,TREE,LL,32,TREE,LL,32,0,TREE,A_flag_ceiling
all_reduce_perf,1,8,32768,8192,float,sum,21.63,1.52,2.65,0,21.3,1.54,2.69,0,TREE,LL,32,TREE,LL,32,0,TREE,A_flag_ceiling
all_reduce_perf,1,8,65536,16384,float,sum,21.79,3.01,5.26,0,21.5,3.05,5.34,0,TREE,LL,32,TREE,LL,32,0,TREE,A_flag_ceiling
all_reduce_perf,1,8,131072,32768,float,sum,26.13,5.02,8.78,0,24.65,5.32,9.31,0,TREE,LL,32,TREE,LL,32,0,TREE,A_flag_ceiling
all_reduce_perf,1,8,262144,65536,float,sum,29.09,9.01,15.77,0,29.09,9.01,15.77,0,TREE,LL,32,TREE,LL,32,0,TREE,A_flag_ceiling
all_reduce_perf,1,8,524288,131072,float,sum,36.7,14.29,25.0,0,37.19,14.1,24.67,0,TREE,LL,32,TREE,LL,32,0,TREE,A_flag_ceiling
all_reduce_perf,1,8,1048576,262144,float,sum,52.33,20.04,35.07,0,51.21,20.48,35.83,0,TREE,LL,32,TREE,LL,32,0,TREE,A_flag_ceiling
all_reduce_perf,1,8,2097152,524288,float,sum,79.04,26.53,46.43,0,79.71,26.31,46.04,0,TREE,LL,32,TREE,LL,32,0,TREE,A_flag_ceiling
all_reduce_perf,1,8,4194304,1048576,float,sum,134.69,31.14,54.5,0,135.23,31.02,54.28,0,TREE,LL,32,TREE,LL,32,0,TREE,A_flag_ceiling
all_reduce_perf,1,8,8388608,2097152,float,sum,248.1,33.81,59.17,0,248.42,33.77,59.09,0,TREE,LL,32,TREE,LL,32,0,TREE,A_flag_ceiling
all_reduce_perf,1,8,16777216,4194304,float,sum,472.24,35.53,62.17,0,474.88,35.33,61.83,0,TREE,LL,32,TREE,LL,32,0,TREE,A_flag_ceiling
all_reduce_perf,1,8,33554432,8388608,float,sum,927.66,36.17,63.3,0,927.05,36.19,63.34,0,TREE,LL,32,TREE,LL,32,0,TREE,A_flag_ceiling
all_reduce_perf,1,8,67108864,16777216,float,sum,1846.63,36.34,63.6,0,1851.32,36.25,63.44,0,TREE,LL,32,TREE,LL,32,0,TREE,A_flag_ceiling
all_reduce_perf,1,8,134217728,33554432,float,sum,3685.54,36.42,63.73,0,3678.99,36.48,63.84,0,TREE,LL,32,TREE,LL,32,0,TREE,A_flag_ceiling
all_reduce_perf,1,8,268435456,67108864,float,sum,7364.79,36.45,63.78,0,7357.89,36.48,63.84,0,TREE,LL,32,TREE,LL,32,0,TREE,A_flag_ceiling
all_reduce_perf,1,8,536870912,134217728,float,sum,14703.0,36.51,63.9,0,14693.2,36.54,63.94,0,TREE,LL,32,TREE,LL,32,0,TREE,A_flag_ceiling
all_reduce_perf,1,8,4096,1024,float,sum,20.59,0.2,0.35,0,19.4,0.21,0.37,0,TREE,LL,40,TREE,LL,40,0,TREE,A_flag_ceiling
all_reduce_perf,1,8,8192,2048,float,sum,20.75,0.39,0.69,0,20.35,0.4,0.7,0,TREE,LL,40,TREE,LL,40,0,TREE,A_flag_ceiling
all_reduce_perf,1,8,16384,4096,float,sum,23.72,0.69,1.21,0,20.95,0.78,1.37,0,TREE,LL,40,TREE,LL,40,0,TREE,A_flag_ceiling
all_reduce_perf,1,8,32768,8192,float,sum,21.81,1.5,2.63,0,21.31,1.54,2.69,0,TREE,LL,40,TREE,LL,40,0,TREE,A_flag_ceiling
all_reduce_perf,1,8,65536,16384,float,sum,21.81,3.0,5.26,0,21.34,3.07,5.37,0,TREE,LL,40,TREE,LL,40,0,TREE,A_flag_ceiling
all_reduce_perf,1,8,131072,32768,float,sum,25.01,5.24,9.17,0,24.58,5.33,9.33,0,TREE,LL,40,TREE,LL,40,0,TREE,A_flag_ceiling
all_reduce_perf,1,8,262144,65536,float,sum,29.33,8.94,15.64,0,29.18,8.98,15.72,0,TREE,LL,40,TREE,LL,40,0,TREE,A_flag_ceiling
all_reduce_perf,1,8,524288,131072,float,sum,35.13,14.93,26.12,0,35.37,14.82,25.94,0,TREE,LL,40,TREE,LL,40,0,TREE,A_flag_ceiling
all_reduce_perf,1,8,1048576,262144,float,sum,47.9,21.89,38.31,0,46.76,22.43,39.25,0,TREE,LL,40,TREE,LL,40,0,TREE,A_flag_ceiling
all_reduce_perf,1,8,2097152,524288,float,sum,69.56,30.15,52.76,0,70.24,29.86,52.25,0,TREE,LL,40,TREE,LL,40,0,TREE,A_flag_ceiling
all_reduce_perf,1,8,4194304,1048576,float,sum,115.39,36.35,63.61,0,116.04,36.14,63.25,0,TREE,LL,40,TREE,LL,40,0,TREE,A_flag_ceiling
all_reduce_perf,1,8,8388608,2097152,float,sum,205.27,40.87,71.51,0,206.53,40.62,71.08,0,TREE,LL,40,TREE,LL,40,0,TREE,A_flag_ceiling
all_reduce_perf,1,8,16777216,4194304,float,sum,386.46,43.41,75.97,0,388.41,43.19,75.59,0,TREE,LL,40,TREE,LL,40,0,TREE,A_flag_ceiling
all_reduce_perf,1,8,33554432,8388608,float,sum,751.83,44.63,78.1,0,751.86,44.63,78.1,0,TREE,LL,40,TREE,LL,40,0,TREE,A_flag_ceiling
all_reduce_perf,1,8,67108864,16777216,float,sum,1494.42,44.91,78.59,0,1491.83,44.98,78.72,0,TREE,LL,40,TREE,LL,40,0,TREE,A_flag_ceiling
all_reduce_perf,1,8,134217728,33554432,float,sum,2967.69,45.23,79.15,0,2956.09,45.4,79.46,0,TREE,LL,40,TREE,LL,40,0,TREE,A_flag_ceiling
all_reduce_perf,1,8,268435456,67108864,float,sum,5912.01,45.41,79.46,0,5890.09,45.57,79.75,0,TREE,LL,40,TREE,LL,40,0,TREE,A_flag_ceiling
all_reduce_perf,1,8,536870912,134217728,float,sum,11721.2,45.8,80.16,0,11751.2,45.69,79.95,0,TREE,LL,40,TREE,LL,40,0,TREE,A_flag_ceiling
all_reduce_perf,1,8,4096,1024,float,sum,21.42,0.19,0.33,0,20.11,0.2,0.36,0,TREE,LL,48,TREE,LL,48,0,TREE,A_flag_ceiling
all_reduce_perf,1,8,8192,2048,float,sum,20.87,0.39,0.69,0,20.26,0.4,0.71,0,TREE,LL,48,TREE,LL,48,0,TREE,A_flag_ceiling
all_reduce_perf,1,8,16384,4096,float,sum,23.88,0.69,1.2,0,22.25,0.74,1.29,0,TREE,LL,48,TREE,LL,48,0,TREE,A_flag_ceiling
all_reduce_perf,1,8,32768,8192,float,sum,21.51,1.52,2.67,0,21.12,1.55,2.72,0,TREE,LL,48,TREE,LL,48,0,TREE,A_flag_ceiling
all_reduce_perf,1,8,65536,16384,float,sum,21.9,2.99,5.24,0,22.01,2.98,5.21,0,TREE,LL,48,TREE,LL,48,0,TREE,A_flag_ceiling
all_reduce_perf,1,8,131072,32768,float,sum,26.9,4.87,8.53,0,25.02,5.24,9.17,0,TREE,LL,48,TREE,LL,48,0,TREE,A_flag_ceiling
all_reduce_perf,1,8,262144,65536,float,sum,27.23,9.63,16.85,0,27.22,9.63,16.85,0,TREE,LL,48,TREE,LL,48,0,TREE,A_flag_ceiling
all_reduce_perf,1,8,524288,131072,float,sum,33.59,15.61,27.32,0,33.72,15.55,27.21,0,TREE,LL,48,TREE,LL,48,0,TREE,A_flag_ceiling
all_reduce_perf,1,8,1048576,262144,float,sum,44.32,23.66,41.41,0,43.59,24.06,42.1,0,TREE,LL,48,TREE,LL,48,0,TREE,A_flag_ceiling
all_reduce_perf,1,8,2097152,524288,float,sum,63.28,33.14,58.0,0,64.16,32.69,57.2,0,TREE,LL,48,TREE,LL,48,0,TREE,A_flag_ceiling
all_reduce_perf,1,8,4194304,1048576,float,sum,101.01,41.53,72.67,0,101.06,41.5,72.63,0,TREE,LL,48,TREE,LL,48,0,TREE,A_flag_ceiling
all_reduce_perf,1,8,8388608,2097152,float,sum,177.43,47.28,82.74,0,177.93,47.15,82.51,0,TREE,LL,48,TREE,LL,48,0,TREE,A_flag_ceiling
all_reduce_perf,1,8,16777216,4194304,float,sum,330.4,50.78,88.86,0,332.08,50.52,88.41,0,TREE,LL,48,TREE,LL,48,0,TREE,A_flag_ceiling
all_reduce_perf,1,8,33554432,8388608,float,sum,639.96,52.43,91.76,0,642.65,52.21,91.37,0,TREE,LL,48,TREE,LL,48,0,TREE,A_flag_ceiling
all_reduce_perf,1,8,67108864,16777216,float,sum,1264.64,53.07,92.86,0,1261.71,53.19,93.08,0,TREE,LL,48,TREE,LL,48,0,TREE,A_flag_ceiling
all_reduce_perf,1,8,134217728,33554432,float,sum,2503.57,53.61,93.82,0,2503.17,53.62,93.83,0,TREE,LL,48,TREE,LL,48,0,TREE,A_flag_ceiling
all_reduce_perf,1,8,268435456,67108864,float,sum,4984.38,53.86,94.25,0,4976.59,53.94,94.39,0,TREE,LL,48,TREE,LL,48,0,TREE,A_flag_ceiling
all_reduce_perf,1,8,536870912,134217728,float,sum,9891.5,54.28,94.98,0,9922.74,54.11,94.68,0,TREE,LL,48,TREE,LL,48,0,TREE,A_flag_ceiling
all_reduce_perf,1,8,4096,1024,float,sum,20.29,0.2,0.35,0,19.53,0.21,0.37,0,TREE,LL,56,TREE,LL,56,0,TREE,A_flag_ceiling
all_reduce_perf,1,8,8192,2048,float,sum,20.95,0.39,0.68,0,20.62,0.4,0.7,0,TREE,LL,56,TREE,LL,56,0,TREE,A_flag_ceiling
all_reduce_perf,1,8,16384,4096,float,sum,25.52,0.64,1.12,0,22.11,0.74,1.3,0,TREE,LL,56,TREE,LL,56,0,TREE,A_flag_ceiling
all_reduce_perf,1,8,32768,8192,float,sum,21.67,1.51,2.65,0,21.42,1.53,2.68,0,TREE,LL,56,TREE,LL,56,0,TREE,A_flag_ceiling
all_reduce_perf,1,8,65536,16384,float,sum,21.81,3.01,5.26,0,21.59,3.04,5.31,0,TREE,LL,56,TREE,LL,56,0,TREE,A_flag_ceiling
all_reduce_perf,1,8,131072,32768,float,sum,26.82,4.89,8.55,0,24.44,5.36,9.39,0,TREE,LL,56,TREE,LL,56,0,TREE,A_flag_ceiling
all_reduce_perf,1,8,262144,65536,float,sum,27.19,9.64,16.87,0,27.14,9.66,16.9,0,TREE,LL,56,TREE,LL,56,0,TREE,A_flag_ceiling
all_reduce_perf,1,8,524288,131072,float,sum,31.97,16.4,28.7,0,31.97,16.4,28.7,0,TREE,LL,56,TREE,LL,56,0,TREE,A_flag_ceiling
all_reduce_perf,1,8,1048576,262144,float,sum,41.42,25.32,44.3,0,41.67,25.16,44.03,0,TREE,LL,56,TREE,LL,56,0,TREE,A_flag_ceiling
all_reduce_perf,1,8,2097152,524288,float,sum,58.26,35.99,62.99,0,58.22,36.02,63.03,0,TREE,LL,56,TREE,LL,56,0,TREE,A_flag_ceiling
all_reduce_perf,1,8,4194304,1048576,float,sum,90.65,46.27,80.97,0,90.73,46.23,80.9,0,TREE,LL,56,TREE,LL,56,0,TREE,A_flag_ceiling
all_reduce_perf,1,8,8388608,2097152,float,sum,158.07,53.07,92.87,0,158.8,52.83,92.45,0,TREE,LL,56,TREE,LL,56,0,TREE,A_flag_ceiling
all_reduce_perf,1,8,16777216,4194304,float,sum,290.88,57.68,100.93,0,291.73,57.51,100.64,0,TREE,LL,56,TREE,LL,56,0,TREE,A_flag_ceiling
all_reduce_perf,1,8,33554432,8388608,float,sum,558.7,60.06,105.1,0,559.81,59.94,104.89,0,TREE,LL,56,TREE,LL,56,0,TREE,A_flag_ceiling
all_reduce_perf,1,8,67108864,16777216,float,sum,1102.23,60.88,106.55,0,1099.8,61.02,106.78,0,TREE,LL,56,TREE,LL,56,0,TREE,A_flag_ceiling
all_reduce_perf,1,8,134217728,33554432,float,sum,2178.47,61.61,107.82,0,2179.07,61.59,107.79,0,TREE,LL,56,TREE,LL,56,0,TREE,A_flag_ceiling
all_reduce_perf,1,8,268435456,67108864,float,sum,4343.52,61.8,108.15,0,4344.57,61.79,108.13,0,TREE,LL,56,TREE,LL,56,0,TREE,A_flag_ceiling
all_reduce_perf,1,8,536870912,134217728,float,sum,8598.78,62.44,109.26,0,8668.86,61.93,108.38,0,TREE,LL,56,TREE,LL,56,0,TREE,A_flag_ceiling
all_reduce_perf,1,8,4096,1024,float,sum,23.72,0.17,0.3,0,22.94,0.18,0.31,0,TREE,LL,1,,,,0,TREE,A_flag_ceiling
all_reduce_perf,1,8,8192,2048,float,sum,26.97,0.3,0.53,0,26.84,0.31,0.53,0,TREE,LL,1,,,,0,TREE,A_flag_ceiling
all_reduce_perf,1,8,16384,4096,float,sum,35.18,0.47,0.82,0,33.14,0.49,0.87,0,TREE,LL,1,,,,0,TREE,A_flag_ceiling
all_reduce_perf,1,8,32768,8192,float,sum,34.2,0.96,1.68,0,33.73,0.97,1.7,0,TREE,LL,2,,,,0,TREE,A_flag_ceiling
all_reduce_perf,1,8,65536,16384,float,sum,34.91,1.88,3.29,0,34.74,1.89,3.3,0,TREE,LL,4,,,,0,TREE,A_flag_ceiling
all_reduce_perf,1,8,131072,32768,float,sum,37.62,3.48,6.1,0,36.02,3.64,6.37,0,TREE,LL,8,,,,0,TREE,A_flag_ceiling
all_reduce_perf,1,8,262144,65536,float,sum,35.97,7.29,12.75,0,36.0,7.28,12.74,0,TREE,LL,16,,,,0,TREE,A_flag_ceiling
all_reduce_perf,1,8,524288,131072,float,sum,44.84,11.69,20.46,0,42.95,12.21,21.36,0,RING,SIMPLE,16,,,,0,RING,A_flag_ceiling
all_reduce_perf,1,8,1048576,262144,float,sum,46.28,22.66,39.65,0,43.89,23.89,41.81,0,RING,SIMPLE,32,,,,0,RING,A_flag_ceiling
all_reduce_perf,1,8,2097152,524288,float,sum,47.19,44.44,77.77,0,46.16,45.43,79.51,0,RING,SIMPLE,56,,,,0,RING,A_flag_ceiling
all_reduce_perf,1,8,4194304,1048576,float,sum,58.65,71.52,125.15,0,57.13,73.42,128.48,0,RING,SIMPLE,56,,,,0,RING,A_flag_ceiling
all_reduce_perf,1,8,8388608,2097152,float,sum,76.48,109.69,191.95,0,74.3,112.91,197.59,0,RING,SIMPLE,56,,,,0,RING,A_flag_ceiling
all_reduce_perf,1,8,16777216,4194304,float,sum,110.65,151.63,265.35,0,109.05,153.84,269.23,0,RING,SIMPLE,56,,,,0,RING,A_flag_ceiling
all_reduce_perf,1,8,33554432,8388608,float,sum,185.49,180.89,316.57,0,184.79,181.58,317.77,0,RING,SIMPLE,56,,,,0,RING,A_flag_ceiling
all_reduce_perf,1,8,67108864,16777216,float,sum,330.15,203.27,355.72,0,329.9,203.42,355.99,0,RING,SIMPLE,56,,,,0,RING*,A_flag_ceiling
all_reduce_perf,1,8,134217728,33554432,float,sum,620.34,216.36,378.63,0,618.91,216.86,379.51,0,RING,SIMPLE,56,,,,0,RING*,A_flag_ceiling
all_reduce_perf,1,8,268435456,67108864,float,sum,1205.57,222.66,389.66,0,1203.91,222.97,390.2,0,RING,SIMPLE,56,,,,0,RING*,A_flag_ceiling
all_reduce_perf,1,8,536870912,134217728,float,sum,2368.81,226.64,396.62,0,2370.66,226.47,396.31,0,RING,SIMPLE,56,,,,0,RING*,A_flag_ceiling
all_reduce_perf,1,8,4096,1024,float,sum,42.92,0.1,0.17,0,40.38,0.1,0.18,0,RING,SIMPLE,1,RING,SIMPLE,1,0,RING,A_flag_ceiling
all_reduce_perf,1,8,8192,2048,float,sum,41.14,0.2,0.35,0,40.24,0.2,0.36,0,RING,SIMPLE,1,RING,SIMPLE,1,0,RING,A_flag_ceiling
all_reduce_perf,1,8,16384,4096,float,sum,41.76,0.39,0.69,0,39.37,0.42,0.73,0,RING,SIMPLE,1,RING,SIMPLE,1,0,RING,A_flag_ceiling
all_reduce_perf,1,8,32768,8192,float,sum,40.74,0.8,1.41,0,39.66,0.83,1.45,0,RING,SIMPLE,1,RING,SIMPLE,1,0,RING,A_flag_ceiling
all_reduce_perf,1,8,65536,16384,float,sum,42.75,1.53,2.68,0,41.84,1.57,2.74,0,RING,SIMPLE,1,RING,SIMPLE,1,0,RING,A_flag_ceiling
all_reduce_perf,1,8,131072,32768,float,sum,53.98,2.43,4.25,0,52.17,2.51,4.4,0,RING,SIMPLE,1,RING,SIMPLE,1,0,RING,A_flag_ceiling
all_reduce_perf,1,8,262144,65536,float,sum,73.75,3.55,6.22,0,73.08,3.59,6.28,0,RING,SIMPLE,1,RING,SIMPLE,1,0,RING,A_flag_ceiling
all_reduce_perf,1,8,524288,131072,float,sum,115.28,4.55,7.96,0,112.86,4.65,8.13,0,RING,SIMPLE,1,RING,SIMPLE,1,0,RING,A_flag_ceiling
all_reduce_perf,1,8,1048576,262144,float,sum,196.23,5.34,9.35,0,190.52,5.5,9.63,0,RING,SIMPLE,1,RING,SIMPLE,1,0,RING,A_flag_ceiling
all_reduce_perf,1,8,2097152,524288,float,sum,341.27,6.15,10.75,0,325.78,6.44,11.27,0,RING,SIMPLE,1,RING,SIMPLE,1,0,RING,A_flag_ceiling
all_reduce_perf,1,8,4194304,1048576,float,sum,613.02,6.84,11.97,0,578.81,7.25,12.68,0,RING,SIMPLE,1,RING,SIMPLE,1,0,RING,A_flag_ceiling
all_reduce_perf,1,8,8388608,2097152,float,sum,1212.92,6.92,12.1,0,1178.01,7.12,12.46,0,RING,SIMPLE,1,RING,SIMPLE,1,0,RING,A_flag_ceiling
all_reduce_perf,1,8,16777216,4194304,float,sum,2410.92,6.96,12.18,0,2374.76,7.06,12.36,0,RING,SIMPLE,1,RING,SIMPLE,1,0,RING,A_flag_ceiling
all_reduce_perf,1,8,33554432,8388608,float,sum,4809.89,6.98,12.21,0,4773.06,7.03,12.3,0,RING,SIMPLE,1,RING,SIMPLE,1,0,RING,A_flag_ceiling
all_reduce_perf,1,8,67108864,16777216,float,sum,9948.15,6.75,11.81,0,9913.21,6.77,11.85,0,RING,SIMPLE,1,RING,SIMPLE,1,0,RING*,A_flag_ceiling
all_reduce_perf,1,8,134217728,33554432,float,sum,19950.0,6.73,11.77,0,19914.4,6.74,11.79,0,RING,SIMPLE,1,RING,SIMPLE,1,0,RING*,A_flag_ceiling
all_reduce_perf,1,8,268435456,67108864,float,sum,40033.6,6.71,11.73,0,39918.1,6.72,11.77,0,RING,SIMPLE,1,RING,SIMPLE,1,0,RING*,A_flag_ceiling
all_reduce_perf,1,8,536870912,134217728,float,sum,79577.6,6.75,11.81,0,79285.0,6.77,11.85,0,RING,SIMPLE,1,RING,SIMPLE,1,0,RING*,A_flag_ceiling
all_reduce_perf,1,8,4096,1024,float,sum,25.53,0.16,0.28,0,23.62,0.17,0.3,0,RING,LL,1,RING,LL,1,0,RING,A_flag_ceiling
all_reduce_perf,1,8,8192,2048,float,sum,24.38,0.34,0.59,0,23.52,0.35,0.61,0,RING,LL,1,RING,LL,1,0,RING,A_flag_ceiling
all_reduce_perf,1,8,16384,4096,float,sum,27.75,0.59,1.03,0,24.24,0.68,1.18,0,RING,LL,1,RING,LL,1,0,RING,A_flag_ceiling
all_reduce_perf,1,8,32768,8192,float,sum,32.97,0.99,1.74,0,32.1,1.02,1.79,0,RING,LL,1,RING,LL,1,0,RING,A_flag_ceiling
all_reduce_perf,1,8,65536,16384,float,sum,51.32,1.28,2.23,0,50.64,1.29,2.26,0,RING,LL,1,RING,LL,1,0,RING,A_flag_ceiling
all_reduce_perf,1,8,131072,32768,float,sum,89.04,1.47,2.58,0,87.44,1.5,2.62,0,RING,LL,1,RING,LL,1,0,RING,A_flag_ceiling
all_reduce_perf,1,8,262144,65536,float,sum,171.4,1.53,2.68,0,170.39,1.54,2.69,0,RING,LL,1,RING,LL,1,0,RING,A_flag_ceiling
all_reduce_perf,1,8,524288,131072,float,sum,336.36,1.56,2.73,0,332.01,1.58,2.76,0,RING,LL,1,RING,LL,1,0,RING,A_flag_ceiling
all_reduce_perf,1,8,1048576,262144,float,sum,665.27,1.58,2.76,0,655.15,1.6,2.8,0,RING,LL,1,RING,LL,1,0,RING,A_flag_ceiling
all_reduce_perf,1,8,2097152,524288,float,sum,1325.7,1.58,2.77,0,1302.29,1.61,2.82,0,RING,LL,1,RING,LL,1,0,RING,A_flag_ceiling
all_reduce_perf,1,8,4194304,1048576,float,sum,2631.79,1.59,2.79,0,2597.12,1.61,2.83,0,RING,LL,1,RING,LL,1,0,RING,A_flag_ceiling
all_reduce_perf,1,8,8388608,2097152,float,sum,5219.34,1.61,2.81,0,5160.76,1.63,2.84,0,RING,LL,1,RING,LL,1,0,RING,A_flag_ceiling
all_reduce_perf,1,8,16777216,4194304,float,sum,10393.9,1.61,2.82,0,10378.9,1.62,2.83,0,RING,LL,1,RING,LL,1,0,RING,A_flag_ceiling
all_reduce_perf,1,8,33554432,8388608,float,sum,20719.6,1.62,2.83,0,20859.4,1.61,2.82,0,RING,LL,1,RING,LL,1,0,RING,A_flag_ceiling
all_reduce_perf,1,8,67108864,16777216,float,sum,45893.6,1.46,2.56,0,45923.4,1.46,2.56,0,RING,LL,1,RING,LL,1,0,RING*,A_flag_ceiling
all_reduce_perf,1,8,134217728,33554432,float,sum,92715.6,1.45,2.53,0,92657.1,1.45,2.53,0,RING,LL,1,RING,LL,1,0,RING*,A_flag_ceiling
all_reduce_perf,1,8,268435456,67108864,float,sum,184951.0,1.45,2.54,0,185146.0,1.45,2.54,0,RING,LL,1,RING,LL,1,0,RING*,A_flag_ceiling
all_reduce_perf,1,8,536870912,134217728,float,sum,369785.0,1.45,2.54,0,369108.0,1.45,2.55,0,RING,LL,1,RING,LL,1,0,RING*,A_flag_ceiling
all_reduce_perf,1,8,4096,1024,float,sum,42.12,0.1,0.17,0,40.28,0.1,0.18,0,RING,SIMPLE,2,RING,SIMPLE,2,0,RING,A_flag_ceiling
all_reduce_perf,1,8,8192,2048,float,sum,40.56,0.2,0.35,0,39.97,0.2,0.36,0,RING,SIMPLE,2,RING,SIMPLE,2,0,RING,A_flag_ceiling
all_reduce_perf,1,8,16384,4096,float,sum,43.03,0.38,0.67,0,41.29,0.4,0.69,0,RING,SIMPLE,2,RING,SIMPLE,2,0,RING,A_flag_ceiling
all_reduce_perf,1,8,32768,8192,float,sum,41.55,0.79,1.38,0,40.03,0.82,1.43,0,RING,SIMPLE,2,RING,SIMPLE,2,0,RING,A_flag_ceiling
all_reduce_perf,1,8,65536,16384,float,sum,41.9,1.56,2.74,0,40.35,1.62,2.84,0,RING,SIMPLE,2,RING,SIMPLE,2,0,RING,A_flag_ceiling
all_reduce_perf,1,8,131072,32768,float,sum,43.74,3.0,5.24,0,42.5,3.08,5.4,0,RING,SIMPLE,2,RING,SIMPLE,2,0,RING,A_flag_ceiling
all_reduce_perf,1,8,262144,65536,float,sum,53.59,4.89,8.56,0,52.7,4.97,8.7,0,RING,SIMPLE,2,RING,SIMPLE,2,0,RING,A_flag_ceiling
all_reduce_perf,1,8,524288,131072,float,sum,74.77,7.01,12.27,0,73.56,7.13,12.47,0,RING,SIMPLE,2,RING,SIMPLE,2,0,RING,A_flag_ceiling
all_reduce_perf,1,8,1048576,262144,float,sum,116.12,9.03,15.8,0,114.24,9.18,16.06,0,RING,SIMPLE,2,RING,SIMPLE,2,0,RING,A_flag_ceiling
all_reduce_perf,1,8,2097152,524288,float,sum,198.57,10.56,18.48,0,193.9,10.82,18.93,0,RING,SIMPLE,2,RING,SIMPLE,2,0,RING,A_flag_ceiling
all_reduce_perf,1,8,4194304,1048576,float,sum,352.64,11.89,20.81,0,347.11,12.08,21.15,0,RING,SIMPLE,2,RING,SIMPLE,2,0,RING,A_flag_ceiling
all_reduce_perf,1,8,8388608,2097152,float,sum,657.53,12.76,22.33,0,651.19,12.88,22.54,0,RING,SIMPLE,2,RING,SIMPLE,2,0,RING,A_flag_ceiling
all_reduce_perf,1,8,16777216,4194304,float,sum,1303.71,12.87,22.52,0,1299.74,12.91,22.59,0,RING,SIMPLE,2,RING,SIMPLE,2,0,RING,A_flag_ceiling
all_reduce_perf,1,8,33554432,8388608,float,sum,2598.96,12.91,22.59,0,2611.21,12.85,22.49,0,RING,SIMPLE,2,RING,SIMPLE,2,0,RING,A_flag_ceiling
all_reduce_perf,1,8,67108864,16777216,float,sum,4961.8,13.53,23.67,0,4964.85,13.52,23.65,0,RING,SIMPLE,2,RING,SIMPLE,2,0,RING*,A_flag_ceiling
all_reduce_perf,1,8,134217728,33554432,float,sum,9959.05,13.48,23.58,0,9962.64,13.47,23.58,0,RING,SIMPLE,2,RING,SIMPLE,2,0,RING*,A_flag_ceiling
all_reduce_perf,1,8,268435456,67108864,float,sum,20018.7,13.41,23.47,0,20003.0,13.42,23.48,0,RING,SIMPLE,2,RING,SIMPLE,2,0,RING*,A_flag_ceiling
all_reduce_perf,1,8,536870912,134217728,float,sum,39987.9,13.43,23.5,0,40016.5,13.42,23.48,0,RING,SIMPLE,2,RING,SIMPLE,2,0,RING*,A_flag_ceiling
all_reduce_perf,1,8,4096,1024,float,sum,25.58,0.16,0.28,0,23.78,0.17,0.3,0,RING,LL,2,RING,LL,2,0,RING,A_flag_ceiling
all_reduce_perf,1,8,8192,2048,float,sum,24.2,0.34,0.59,0,23.68,0.35,0.61,0,RING,LL,2,RING,LL,2,0,RING,A_flag_ceiling
all_reduce_perf,1,8,16384,4096,float,sum,27.13,0.6,1.06,0,24.01,0.68,1.19,0,RING,LL,2,RING,LL,2,0,RING,A_flag_ceiling
all_reduce_perf,1,8,32768,8192,float,sum,25.66,1.28,2.23,0,24.59,1.33,2.33,0,RING,LL,2,RING,LL,2,0,RING,A_flag_ceiling
all_reduce_perf,1,8,65536,16384,float,sum,34.66,1.89,3.31,0,33.83,1.94,3.39,0,RING,LL,2,RING,LL,2,0,RING,A_flag_ceiling
all_reduce_perf,1,8,131072,32768,float,sum,55.93,2.34,4.1,0,55.76,2.35,4.11,0,RING,LL,2,RING,LL,2,0,RING,A_flag_ceiling
all_reduce_perf,1,8,262144,65536,float,sum,99.09,2.65,4.63,0,97.35,2.69,4.71,0,RING,LL,2,RING,LL,2,0,RING,A_flag_ceiling
all_reduce_perf,1,8,524288,131072,float,sum,193.75,2.71,4.74,0,189.15,2.77,4.85,0,RING,LL,2,RING,LL,2,0,RING,A_flag_ceiling
all_reduce_perf,1,8,1048576,262144,float,sum,381.53,2.75,4.81,0,370.71,2.83,4.95,0,RING,LL,2,RING,LL,2,0,RING,A_flag_ceiling
all_reduce_perf,1,8,2097152,524288,float,sum,756.98,2.77,4.85,0,736.6,2.85,4.98,0,RING,LL,2,RING,LL,2,0,RING,A_flag_ceiling
all_reduce_perf,1,8,4194304,1048576,float,sum,1503.23,2.79,4.88,0,1457.65,2.88,5.04,0,RING,LL,2,RING,LL,2,0,RING,A_flag_ceiling
all_reduce_perf,1,8,8388608,2097152,float,sum,3019.05,2.78,4.86,0,2925.65,2.87,5.02,0,RING,LL,2,RING,LL,2,0,RING,A_flag_ceiling
all_reduce_perf,1,8,16777216,4194304,float,sum,6048.87,2.77,4.85,0,5883.44,2.85,4.99,0,RING,LL,2,RING,LL,2,0,RING,A_flag_ceiling
all_reduce_perf,1,8,33554432,8388608,float,sum,12100.6,2.77,4.85,0,11842.8,2.83,4.96,0,RING,LL,2,RING,LL,2,0,RING,A_flag_ceiling
all_reduce_perf,1,8,67108864,16777216,float,sum,23413.4,2.87,5.02,0,23296.4,2.88,5.04,0,RING,LL,2,RING,LL,2,0,RING*,A_flag_ceiling
all_reduce_perf,1,8,134217728,33554432,float,sum,46864.6,2.86,5.01,0,46770.5,2.87,5.02,0,RING,LL,2,RING,LL,2,0,RING*,A_flag_ceiling
all_reduce_perf,1,8,268435456,67108864,float,sum,94451.2,2.84,4.97,0,93678.0,2.87,5.01,0,RING,LL,2,RING,LL,2,0,RING*,A_flag_ceiling
all_reduce_perf,1,8,536870912,134217728,float,sum,188260.0,2.85,4.99,0,187333.0,2.87,5.02,0,RING,LL,2,RING,LL,2,0,RING*,A_flag_ceiling
all_reduce_perf,1,8,4096,1024,float,sum,41.98,0.1,0.17,0,39.63,0.1,0.18,0,RING,SIMPLE,4,RING,SIMPLE,4,0,RING,A_flag_ceiling
all_reduce_perf,1,8,8192,2048,float,sum,40.34,0.2,0.36,0,39.24,0.21,0.37,0,RING,SIMPLE,4,RING,SIMPLE,4,0,RING,A_flag_ceiling
all_reduce_perf,1,8,16384,4096,float,sum,43.76,0.37,0.66,0,40.94,0.4,0.7,0,RING,SIMPLE,4,RING,SIMPLE,4,0,RING,A_flag_ceiling
all_reduce_perf,1,8,32768,8192,float,sum,45.01,0.73,1.27,0,43.58,0.75,1.32,0,RING,SIMPLE,4,RING,SIMPLE,4,0,RING,A_flag_ceiling
all_reduce_perf,1,8,65536,16384,float,sum,43.82,1.5,2.62,0,42.39,1.55,2.71,0,RING,SIMPLE,4,RING,SIMPLE,4,0,RING,A_flag_ceiling
all_reduce_perf,1,8,131072,32768,float,sum,44.36,2.95,5.17,0,43.25,3.03,5.3,0,RING,SIMPLE,4,RING,SIMPLE,4,0,RING,A_flag_ceiling
all_reduce_perf,1,8,262144,65536,float,sum,46.42,5.65,9.88,0,44.85,5.85,10.23,0,RING,SIMPLE,4,RING,SIMPLE,4,0,RING,A_flag_ceiling
all_reduce_perf,1,8,524288,131072,float,sum,56.84,9.22,16.14,0,55.18,9.5,16.63,0,RING,SIMPLE,4,RING,SIMPLE,4,0,RING,A_flag_ceiling
all_reduce_perf,1,8,1048576,262144,float,sum,78.19,13.41,23.47,0,76.31,13.74,24.05,0,RING,SIMPLE,4,RING,SIMPLE,4,0,RING,A_flag_ceiling
all_reduce_perf,1,8,2097152,524288,float,sum,121.23,17.3,30.27,0,118.83,17.65,30.88,0,RING,SIMPLE,4,RING,SIMPLE,4,0,RING,A_flag_ceiling
all_reduce_perf,1,8,4194304,1048576,float,sum,207.69,20.2,35.34,0,202.7,20.69,36.21,0,RING,SIMPLE,4,RING,SIMPLE,4,0,RING,A_flag_ceiling
all_reduce_perf,1,8,8388608,2097152,float,sum,371.38,22.59,39.53,0,365.0,22.98,40.22,0,RING,SIMPLE,4,RING,SIMPLE,4,0,RING,A_flag_ceiling
all_reduce_perf,1,8,16777216,4194304,float,sum,693.86,24.18,42.31,0,684.84,24.5,42.87,0,RING,SIMPLE,4,RING,SIMPLE,4,0,RING,A_flag_ceiling
all_reduce_perf,1,8,33554432,8388608,float,sum,1371.87,24.46,42.8,0,1370.13,24.49,42.86,0,RING,SIMPLE,4,RING,SIMPLE,4,0,RING,A_flag_ceiling
all_reduce_perf,1,8,67108864,16777216,float,sum,2510.33,26.73,46.78,0,2525.15,26.58,46.51,0,RING,SIMPLE,4,RING,SIMPLE,4,0,RING*,A_flag_ceiling
all_reduce_perf,1,8,134217728,33554432,float,sum,5048.72,26.58,46.52,0,5047.1,26.59,46.54,0,RING,SIMPLE,4,RING,SIMPLE,4,0,RING*,A_flag_ceiling
all_reduce_perf,1,8,268435456,67108864,float,sum,10137.6,26.48,46.34,0,10148.6,26.45,46.29,0,RING,SIMPLE,4,RING,SIMPLE,4,0,RING*,A_flag_ceiling
all_reduce_perf,1,8,536870912,134217728,float,sum,20341.7,26.39,46.19,0,20342.3,26.39,46.19,0,RING,SIMPLE,4,RING,SIMPLE,4,0,RING*,A_flag_ceiling
all_reduce_perf,1,8,4096,1024,float,sum,25.23,0.16,0.28,0,24.12,0.17,0.3,0,RING,LL,4,RING,LL,4,0,RING,A_flag_ceiling
all_reduce_perf,1,8,8192,2048,float,sum,25.2,0.33,0.57,0,24.4,0.34,0.59,0,RING,LL,4,RING,LL,4,0,RING,A_flag_ceiling
all_reduce_perf,1,8,16384,4096,float,sum,28.12,0.58,1.02,0,25.34,0.65,1.13,0,RING,LL,4,RING,LL,4,0,RING,A_flag_ceiling
all_reduce_perf,1,8,32768,8192,float,sum,25.61,1.28,2.24,0,24.39,1.34,2.35,0,RING,LL,4,RING,LL,4,0,RING,A_flag_ceiling
all_reduce_perf,1,8,65536,16384,float,sum,26.22,2.5,4.37,0,25.11,2.61,4.57,0,RING,LL,4,RING,LL,4,0,RING,A_flag_ceiling
all_reduce_perf,1,8,131072,32768,float,sum,37.25,3.52,6.16,0,36.52,3.59,6.28,0,RING,LL,4,RING,LL,4,0,RING,A_flag_ceiling
all_reduce_perf,1,8,262144,65536,float,sum,59.23,4.43,7.75,0,58.45,4.48,7.85,0,RING,LL,4,RING,LL,4,0,RING,A_flag_ceiling
all_reduce_perf,1,8,524288,131072,float,sum,104.2,5.03,8.81,0,103.22,5.08,8.89,0,RING,LL,4,RING,LL,4,0,RING,A_flag_ceiling
all_reduce_perf,1,8,1048576,262144,float,sum,202.77,5.17,9.05,0,199.71,5.25,9.19,0,RING,LL,4,RING,LL,4,0,RING,A_flag_ceiling
all_reduce_perf,1,8,2097152,524288,float,sum,397.97,5.27,9.22,0,393.31,5.33,9.33,0,RING,LL,4,RING,LL,4,0,RING,A_flag_ceiling
all_reduce_perf,1,8,4194304,1048576,float,sum,793.79,5.28,9.25,0,781.97,5.36,9.39,0,RING,LL,4,RING,LL,4,0,RING,A_flag_ceiling
all_reduce_perf,1,8,8388608,2097152,float,sum,1581.06,5.31,9.28,0,1559.39,5.38,9.41,0,RING,LL,4,RING,LL,4,0,RING,A_flag_ceiling
all_reduce_perf,1,8,16777216,4194304,float,sum,3174.24,5.29,9.25,0,3128.12,5.36,9.39,0,RING,LL,4,RING,LL,4,0,RING,A_flag_ceiling
all_reduce_perf,1,8,33554432,8388608,float,sum,6378.14,5.26,9.21,0,6334.65,5.3,9.27,0,RING,LL,4,RING,LL,4,0,RING,A_flag_ceiling
all_reduce_perf,1,8,67108864,16777216,float,sum,11570.0,5.8,10.15,0,11652.9,5.76,10.08,0,RING,LL,4,RING,LL,4,0,RING*,A_flag_ceiling
all_reduce_perf,1,8,134217728,33554432,float,sum,23334.1,5.75,10.07,0,23478.8,5.72,10.0,0,RING,LL,4,RING,LL,4,0,RING*,A_flag_ceiling
all_reduce_perf,1,8,268435456,67108864,float,sum,46896.6,5.72,10.02,0,47088.4,5.7,9.98,0,RING,LL,4,RING,LL,4,0,RING*,A_flag_ceiling
all_reduce_perf,1,8,536870912,134217728,float,sum,93934.4,5.72,10.0,0,94323.8,5.69,9.96,0,RING,LL,4,RING,LL,4,0,RING*,A_flag_ceiling
all_reduce_perf,1,8,4096,1024,float,sum,42.4,0.1,0.17,0,40.83,0.1,0.18,0,RING,SIMPLE,8,RING,SIMPLE,8,0,RING,A_flag_ceiling
all_reduce_perf,1,8,8192,2048,float,sum,41.7,0.2,0.34,0,40.72,0.2,0.35,0,RING,SIMPLE,8,RING,SIMPLE,8,0,RING,A_flag_ceiling
all_reduce_perf,1,8,16384,4096,float,sum,43.77,0.37,0.66,0,41.51,0.39,0.69,0,RING,SIMPLE,8,RING,SIMPLE,8,0,RING,A_flag_ceiling
all_reduce_perf,1,8,32768,8192,float,sum,44.57,0.74,1.29,0,43.08,0.76,1.33,0,RING,SIMPLE,8,RING,SIMPLE,8,0,RING,A_flag_ceiling
all_reduce_perf,1,8,65536,16384,float,sum,44.89,1.46,2.55,0,43.68,1.5,2.63,0,RING,SIMPLE,8,RING,SIMPLE,8,0,RING,A_flag_ceiling
all_reduce_perf,1,8,131072,32768,float,sum,44.21,2.97,5.19,0,42.86,3.06,5.35,0,RING,SIMPLE,8,RING,SIMPLE,8,0,RING,A_flag_ceiling
all_reduce_perf,1,8,262144,65536,float,sum,44.25,5.92,10.37,0,43.16,6.07,10.63,0,RING,SIMPLE,8,RING,SIMPLE,8,0,RING,A_flag_ceiling
all_reduce_perf,1,8,524288,131072,float,sum,46.04,11.39,19.93,0,44.91,11.67,20.43,0,RING,SIMPLE,8,RING,SIMPLE,8,0,RING,A_flag_ceiling
all_reduce_perf,1,8,1048576,262144,float,sum,57.75,18.16,31.77,0,55.29,18.96,33.19,0,RING,SIMPLE,8,RING,SIMPLE,8,0,RING,A_flag_ceiling
all_reduce_perf,1,8,2097152,524288,float,sum,78.39,26.75,46.82,0,76.86,27.29,47.75,0,RING,SIMPLE,8,RING,SIMPLE,8,0,RING,A_flag_ceiling
all_reduce_perf,1,8,4194304,1048576,float,sum,121.71,34.46,60.31,0,120.12,34.92,61.11,0,RING,SIMPLE,8,RING,SIMPLE,8,0,RING,A_flag_ceiling
all_reduce_perf,1,8,8388608,2097152,float,sum,209.57,40.03,70.05,0,204.84,40.95,71.67,0,RING,SIMPLE,8,RING,SIMPLE,8,0,RING,A_flag_ceiling
all_reduce_perf,1,8,16777216,4194304,float,sum,373.41,44.93,78.63,0,368.98,45.47,79.57,0,RING,SIMPLE,8,RING,SIMPLE,8,0,RING,A_flag_ceiling
all_reduce_perf,1,8,33554432,8388608,float,sum,698.16,48.06,84.11,0,690.54,48.59,85.04,0,RING,SIMPLE,8,RING,SIMPLE,8,0,RING,A_flag_ceiling
all_reduce_perf,1,8,67108864,16777216,float,sum,1300.65,51.6,90.29,0,1298.11,51.7,90.47,0,RING,SIMPLE,8,RING,SIMPLE,8,0,RING*,A_flag_ceiling
all_reduce_perf,1,8,134217728,33554432,float,sum,2546.43,52.71,92.24,0,2540.7,52.83,92.45,0,RING,SIMPLE,8,RING,SIMPLE,8,0,RING*,A_flag_ceiling
all_reduce_perf,1,8,268435456,67108864,float,sum,5101.11,52.62,92.09,0,5095.99,52.68,92.18,0,RING,SIMPLE,8,RING,SIMPLE,8,0,RING*,A_flag_ceiling
all_reduce_perf,1,8,536870912,134217728,float,sum,10229.9,52.48,91.84,0,10218.7,52.54,91.94,0,RING,SIMPLE,8,RING,SIMPLE,8,0,RING*,A_flag_ceiling
all_reduce_perf,1,8,4096,1024,float,sum,25.36,0.16,0.28,0,23.8,0.17,0.3,0,RING,LL,8,RING,LL,8,0,RING,A_flag_ceiling
all_reduce_perf,1,8,8192,2048,float,sum,25.42,0.32,0.56,0,24.1,0.34,0.59,0,RING,LL,8,RING,LL,8,0,RING,A_flag_ceiling
all_reduce_perf,1,8,16384,4096,float,sum,27.27,0.6,1.05,0,24.22,0.68,1.18,0,RING,LL,8,RING,LL,8,0,RING,A_flag_ceiling
all_reduce_perf,1,8,32768,8192,float,sum,25.96,1.26,2.21,0,24.43,1.34,2.35,0,RING,LL,8,RING,LL,8,0,RING,A_flag_ceiling
all_reduce_perf,1,8,65536,16384,float,sum,25.65,2.56,4.47,0,24.6,2.66,4.66,0,RING,LL,8,RING,LL,8,0,RING,A_flag_ceiling
all_reduce_perf,1,8,131072,32768,float,sum,28.46,4.6,8.06,0,25.77,5.09,8.9,0,RING,LL,8,RING,LL,8,0,RING,A_flag_ceiling
all_reduce_perf,1,8,262144,65536,float,sum,37.73,6.95,12.16,0,36.86,7.11,12.45,0,RING,LL,8,RING,LL,8,0,RING,A_flag_ceiling
all_reduce_perf,1,8,524288,131072,float,sum,59.97,8.74,15.3,0,59.27,8.85,15.48,0,RING,LL,8,RING,LL,8,0,RING,A_flag_ceiling
all_reduce_perf,1,8,1048576,262144,float,sum,104.91,10.0,17.49,0,104.56,10.03,17.55,0,RING,LL,8,RING,LL,8,0,RING,A_flag_ceiling
all_reduce_perf,1,8,2097152,524288,float,sum,203.35,10.31,18.05,0,202.23,10.37,18.15,0,RING,LL,8,RING,LL,8,0,RING,A_flag_ceiling
all_reduce_perf,1,8,4194304,1048576,float,sum,398.77,10.52,18.41,0,397.99,10.54,18.44,0,RING,LL,8,RING,LL,8,0,RING,A_flag_ceiling
all_reduce_perf,1,8,8388608,2097152,float,sum,793.66,10.57,18.5,0,790.51,10.61,18.57,0,RING,LL,8,RING,LL,8,0,RING,A_flag_ceiling
all_reduce_perf,1,8,16777216,4194304,float,sum,1579.62,10.62,18.59,0,1585.04,10.58,18.52,0,RING,LL,8,RING,LL,8,0,RING,A_flag_ceiling
all_reduce_perf,1,8,33554432,8388608,float,sum,3166.76,10.6,18.54,0,3173.54,10.57,18.5,0,RING,LL,8,RING,LL,8,0,RING,A_flag_ceiling
all_reduce_perf,1,8,67108864,16777216,float,sum,5834.86,11.5,20.13,0,5806.36,11.56,20.23,0,RING,LL,8,RING,LL,8,0,RING*,A_flag_ceiling
all_reduce_perf,1,8,134217728,33554432,float,sum,11783.3,11.39,19.93,0,11666.6,11.5,20.13,0,RING,LL,8,RING,LL,8,0,RING*,A_flag_ceiling
all_reduce_perf,1,8,268435456,67108864,float,sum,23714.7,11.32,19.81,0,23586.0,11.38,19.92,0,RING,LL,8,RING,LL,8,0,RING*,A_flag_ceiling
all_reduce_perf,1,8,536870912,134217728,float,sum,47461.1,11.31,19.8,0,47266.7,11.36,19.88,0,RING,LL,8,RING,LL,8,0,RING*,A_flag_ceiling
all_reduce_perf,1,8,4096,1024,float,sum,42.23,0.1,0.17,0,39.99,0.1,0.18,0,RING,SIMPLE,16,RING,SIMPLE,16,0,RING,A_flag_ceiling
all_reduce_perf,1,8,8192,2048,float,sum,40.6,0.2,0.35,0,39.59,0.21,0.36,0,RING,SIMPLE,16,RING,SIMPLE,16,0,RING,A_flag_ceiling
all_reduce_perf,1,8,16384,4096,float,sum,44.76,0.37,0.64,0,41.74,0.39,0.69,0,RING,SIMPLE,16,RING,SIMPLE,16,0,RING,A_flag_ceiling
all_reduce_perf,1,8,32768,8192,float,sum,44.99,0.73,1.27,0,43.23,0.76,1.33,0,RING,SIMPLE,16,RING,SIMPLE,16,0,RING,A_flag_ceiling
all_reduce_perf,1,8,65536,16384,float,sum,44.81,1.46,2.56,0,43.42,1.51,2.64,0,RING,SIMPLE,16,RING,SIMPLE,16,0,RING,A_flag_ceiling
all_reduce_perf,1,8,131072,32768,float,sum,45.73,2.87,5.02,0,43.93,2.98,5.22,0,RING,SIMPLE,16,RING,SIMPLE,16,0,RING,A_flag_ceiling
all_reduce_perf,1,8,262144,65536,float,sum,44.2,5.93,10.38,0,42.97,6.1,10.68,0,RING,SIMPLE,16,RING,SIMPLE,16,0,RING,A_flag_ceiling
all_reduce_perf,1,8,524288,131072,float,sum,44.52,11.78,20.61,0,43.37,12.09,21.15,0,RING,SIMPLE,16,RING,SIMPLE,16,0,RING,A_flag_ceiling
all_reduce_perf,1,8,1048576,262144,float,sum,48.21,21.75,38.06,0,45.08,23.26,40.71,0,RING,SIMPLE,16,RING,SIMPLE,16,0,RING,A_flag_ceiling
all_reduce_perf,1,8,2097152,524288,float,sum,57.48,36.48,63.85,0,55.85,37.55,65.71,0,RING,SIMPLE,16,RING,SIMPLE,16,0,RING,A_flag_ceiling
all_reduce_perf,1,8,4194304,1048576,float,sum,79.56,52.72,92.26,0,77.51,54.11,94.7,0,RING,SIMPLE,16,RING,SIMPLE,16,0,RING,A_flag_ceiling
all_reduce_perf,1,8,8388608,2097152,float,sum,123.96,67.67,118.43,0,121.39,69.1,120.93,0,RING,SIMPLE,16,RING,SIMPLE,16,0,RING,A_flag_ceiling
all_reduce_perf,1,8,16777216,4194304,float,sum,209.94,79.91,139.85,0,207.33,80.92,141.61,0,RING,SIMPLE,16,RING,SIMPLE,16,0,RING,A_flag_ceiling
all_reduce_perf,1,8,33554432,8388608,float,sum,375.14,89.45,156.53,0,369.49,90.81,158.92,0,RING,SIMPLE,16,RING,SIMPLE,16,0,RING,A_flag_ceiling
all_reduce_perf,1,8,67108864,16777216,float,sum,693.34,96.79,169.38,0,691.69,97.02,169.79,0,RING,SIMPLE,16,RING,SIMPLE,16,0,RING*,A_flag_ceiling
all_reduce_perf,1,8,134217728,33554432,float,sum,1330.99,100.84,176.47,0,1330.53,100.88,176.53,0,RING,SIMPLE,16,RING,SIMPLE,16,0,RING*,A_flag_ceiling
all_reduce_perf,1,8,268435456,67108864,float,sum,2612.43,102.75,179.82,0,2610.9,102.81,179.92,0,RING,SIMPLE,16,RING,SIMPLE,16,0,RING*,A_flag_ceiling
all_reduce_perf,1,8,536870912,134217728,float,sum,5225.31,102.74,179.8,0,5226.42,102.72,179.76,0,RING,SIMPLE,16,RING,SIMPLE,16,0,RING*,A_flag_ceiling
all_reduce_perf,1,8,4096,1024,float,sum,25.68,0.16,0.28,0,23.63,0.17,0.3,0,RING,LL,16,RING,LL,16,0,RING,A_flag_ceiling
all_reduce_perf,1,8,8192,2048,float,sum,25.55,0.32,0.56,0,24.25,0.34,0.59,0,RING,LL,16,RING,LL,16,0,RING,A_flag_ceiling
all_reduce_perf,1,8,16384,4096,float,sum,28.07,0.58,1.02,0,25.45,0.64,1.13,0,RING,LL,16,RING,LL,16,0,RING,A_flag_ceiling
all_reduce_perf,1,8,32768,8192,float,sum,25.55,1.28,2.24,0,24.5,1.34,2.34,0,RING,LL,16,RING,LL,16,0,RING,A_flag_ceiling
all_reduce_perf,1,8,65536,16384,float,sum,25.48,2.57,4.5,0,24.57,2.67,4.67,0,RING,LL,16,RING,LL,16,0,RING,A_flag_ceiling
all_reduce_perf,1,8,131072,32768,float,sum,28.41,4.61,8.07,0,25.39,5.16,9.03,0,RING,LL,16,RING,LL,16,0,RING,A_flag_ceiling
all_reduce_perf,1,8,262144,65536,float,sum,26.71,9.82,17.18,0,25.96,10.1,17.67,0,RING,LL,16,RING,LL,16,0,RING,A_flag_ceiling
all_reduce_perf,1,8,524288,131072,float,sum,37.96,13.81,24.17,0,36.96,14.18,24.82,0,RING,LL,16,RING,LL,16,0,RING,A_flag_ceiling
all_reduce_perf,1,8,1048576,262144,float,sum,61.12,17.16,30.02,0,59.99,17.48,30.59,0,RING,LL,16,RING,LL,16,0,RING,A_flag_ceiling
all_reduce_perf,1,8,2097152,524288,float,sum,105.89,19.8,34.66,0,105.22,19.93,34.88,0,RING,LL,16,RING,LL,16,0,RING,A_flag_ceiling
all_reduce_perf,1,8,4194304,1048576,float,sum,205.78,20.38,35.67,0,202.96,20.67,36.17,0,RING,LL,16,RING,LL,16,0,RING,A_flag_ceiling
all_reduce_perf,1,8,8388608,2097152,float,sum,404.02,20.76,36.34,0,400.0,20.97,36.7,0,RING,LL,16,RING,LL,16,0,RING,A_flag_ceiling
all_reduce_perf,1,8,16777216,4194304,float,sum,803.47,20.88,36.54,0,803.09,20.89,36.56,0,RING,LL,16,RING,LL,16,0,RING,A_flag_ceiling
all_reduce_perf,1,8,33554432,8388608,float,sum,1619.12,20.72,36.27,0,1606.6,20.89,36.55,0,RING,LL,16,RING,LL,16,0,RING,A_flag_ceiling
all_reduce_perf,1,8,67108864,16777216,float,sum,3010.48,22.29,39.01,0,3024.45,22.19,38.83,0,RING,LL,16,RING,LL,16,0,RING*,A_flag_ceiling
all_reduce_perf,1,8,134217728,33554432,float,sum,6119.66,21.93,38.38,0,6123.21,21.92,38.36,0,RING,LL,16,RING,LL,16,0,RING*,A_flag_ceiling
all_reduce_perf,1,8,268435456,67108864,float,sum,12336.4,21.76,38.08,0,12339.8,21.75,38.07,0,RING,LL,16,RING,LL,16,0,RING*,A_flag_ceiling
all_reduce_perf,1,8,536870912,134217728,float,sum,24840.8,21.61,37.82,0,24797.9,21.65,37.89,0,RING,LL,16,RING,LL,16,0,RING*,A_flag_ceiling
all_reduce_perf,1,8,4096,1024,float,sum,42.48,0.1,0.17,0,40.62,0.1,0.18,0,RING,SIMPLE,24,RING,SIMPLE,24,0,RING,A_flag_ceiling
all_reduce_perf,1,8,8192,2048,float,sum,40.91,0.2,0.35,0,40.32,0.2,0.36,0,RING,SIMPLE,24,RING,SIMPLE,24,0,RING,A_flag_ceiling
all_reduce_perf,1,8,16384,4096,float,sum,44.22,0.37,0.65,0,41.33,0.4,0.69,0,RING,SIMPLE,24,RING,SIMPLE,24,0,RING,A_flag_ceiling
all_reduce_perf,1,8,32768,8192,float,sum,44.76,0.73,1.28,0,43.08,0.76,1.33,0,RING,SIMPLE,24,RING,SIMPLE,24,0,RING,A_flag_ceiling
all_reduce_perf,1,8,65536,16384,float,sum,44.78,1.46,2.56,0,43.44,1.51,2.64,0,RING,SIMPLE,24,RING,SIMPLE,24,0,RING,A_flag_ceiling
all_reduce_perf,1,8,131072,32768,float,sum,45.12,2.91,5.08,0,43.63,3.0,5.26,0,RING,SIMPLE,24,RING,SIMPLE,24,0,RING,A_flag_ceiling
all_reduce_perf,1,8,262144,65536,float,sum,43.69,6.0,10.5,0,42.73,6.14,10.74,0,RING,SIMPLE,24,RING,SIMPLE,24,0,RING,A_flag_ceiling
all_reduce_perf,1,8,524288,131072,float,sum,44.88,11.68,20.44,0,43.78,11.98,20.96,0,RING,SIMPLE,24,RING,SIMPLE,24,0,RING,A_flag_ceiling
all_reduce_perf,1,8,1048576,262144,float,sum,47.23,22.2,38.85,0,44.62,23.5,41.12,0,RING,SIMPLE,24,RING,SIMPLE,24,0,RING,A_flag_ceiling
all_reduce_perf,1,8,2097152,524288,float,sum,57.69,36.35,63.62,0,55.89,37.52,65.66,0,RING,SIMPLE,24,RING,SIMPLE,24,0,RING,A_flag_ceiling
all_reduce_perf,1,8,4194304,1048576,float,sum,70.43,59.55,104.21,0,67.89,61.78,108.12,0,RING,SIMPLE,24,RING,SIMPLE,24,0,RING,A_flag_ceiling
all_reduce_perf,1,8,8388608,2097152,float,sum,103.49,81.05,141.85,0,100.69,83.31,145.79,0,RING,SIMPLE,24,RING,SIMPLE,24,0,RING,A_flag_ceiling
all_reduce_perf,1,8,16777216,4194304,float,sum,159.9,104.93,183.62,0,157.86,106.28,185.98,0,RING,SIMPLE,24,RING,SIMPLE,24,0,RING,A_flag_ceiling
all_reduce_perf,1,8,33554432,8388608,float,sum,276.62,121.3,212.28,0,274.46,122.26,213.95,0,RING,SIMPLE,24,RING,SIMPLE,24,0,RING,A_flag_ceiling
all_reduce_perf,1,8,67108864,16777216,float,sum,492.99,136.13,238.22,0,493.62,135.95,237.92,0,RING,SIMPLE,24,RING,SIMPLE,24,0,RING*,A_flag_ceiling
all_reduce_perf,1,8,134217728,33554432,float,sum,933.65,143.76,251.57,0,936.35,143.34,250.85,0,RING,SIMPLE,24,RING,SIMPLE,24,0,RING*,A_flag_ceiling
all_reduce_perf,1,8,268435456,67108864,float,sum,1810.19,148.29,259.51,0,1814.91,147.91,258.84,0,RING,SIMPLE,24,RING,SIMPLE,24,0,RING*,A_flag_ceiling
all_reduce_perf,1,8,536870912,134217728,float,sum,3603.4,148.99,260.73,0,3611.06,148.67,260.18,0,RING,SIMPLE,24,RING,SIMPLE,24,0,RING*,A_flag_ceiling
all_reduce_perf,1,8,4096,1024,float,sum,24.43,0.17,0.29,0,23.51,0.17,0.3,0,RING,LL,24,RING,LL,24,0,RING,A_flag_ceiling
all_reduce_perf,1,8,8192,2048,float,sum,25.19,0.33,0.57,0,23.97,0.34,0.6,0,RING,LL,24,RING,LL,24,0,RING,A_flag_ceiling
all_reduce_perf,1,8,16384,4096,float,sum,27.95,0.59,1.03,0,24.59,0.67,1.17,0,RING,LL,24,RING,LL,24,0,RING,A_flag_ceiling
all_reduce_perf,1,8,32768,8192,float,sum,25.24,1.3,2.27,0,24.46,1.34,2.34,0,RING,LL,24,RING,LL,24,0,RING,A_flag_ceiling
all_reduce_perf,1,8,65536,16384,float,sum,25.66,2.55,4.47,0,24.81,2.64,4.62,0,RING,LL,24,RING,LL,24,0,RING,A_flag_ceiling
all_reduce_perf,1,8,131072,32768,float,sum,27.97,4.69,8.2,0,25.38,5.16,9.04,0,RING,LL,24,RING,LL,24,0,RING,A_flag_ceiling
all_reduce_perf,1,8,262144,65536,float,sum,26.48,9.9,17.33,0,25.71,10.2,17.85,0,RING,LL,24,RING,LL,24,0,RING,A_flag_ceiling
all_reduce_perf,1,8,524288,131072,float,sum,37.59,13.95,24.41,0,36.75,14.27,24.97,0,RING,LL,24,RING,LL,24,0,RING,A_flag_ceiling
all_reduce_perf,1,8,1048576,262144,float,sum,50.87,20.61,36.08,0,48.89,21.45,37.54,0,RING,LL,24,RING,LL,24,0,RING,A_flag_ceiling
all_reduce_perf,1,8,2097152,524288,float,sum,83.82,25.02,43.78,0,83.51,25.11,43.95,0,RING,LL,24,RING,LL,24,0,RING,A_flag_ceiling
all_reduce_perf,1,8,4194304,1048576,float,sum,150.69,27.83,48.71,0,148.59,28.23,49.4,0,RING,LL,24,RING,LL,24,0,RING,A_flag_ceiling
all_reduce_perf,1,8,8388608,2097152,float,sum,286.32,29.3,51.27,0,281.7,29.78,52.11,0,RING,LL,24,RING,LL,24,0,RING,A_flag_ceiling
all_reduce_perf,1,8,16777216,4194304,float,sum,556.3,30.16,52.78,0,550.14,30.5,53.37,0,RING,LL,24,RING,LL,24,0,RING,A_flag_ceiling
all_reduce_perf,1,8,33554432,8388608,float,sum,1104.4,30.38,53.17,0,1089.97,30.78,53.87,0,RING,LL,24,RING,LL,24,0,RING,A_flag_ceiling
all_reduce_perf,1,8,67108864,16777216,float,sum,2042.77,32.85,57.49,0,2026.46,33.12,57.95,0,RING,LL,24,RING,LL,24,0,RING*,A_flag_ceiling
all_reduce_perf,1,8,134217728,33554432,float,sum,4095.24,32.77,57.35,0,4085.69,32.85,57.49,0,RING,LL,24,RING,LL,24,0,RING*,A_flag_ceiling
all_reduce_perf,1,8,268435456,67108864,float,sum,8250.89,32.53,56.93,0,8210.2,32.7,57.22,0,RING,LL,24,RING,LL,24,0,RING*,A_flag_ceiling
all_reduce_perf,1,8,536870912,134217728,float,sum,16592.9,32.36,56.62,0,16520.2,32.5,56.87,0,RING,LL,24,RING,LL,24,0,RING*,A_flag_ceiling
all_reduce_perf,1,8,4096,1024,float,sum,41.18,0.1,0.17,0,39.48,0.1,0.18,0,RING,SIMPLE,32,RING,SIMPLE,32,0,RING,A_flag_ceiling
all_reduce_perf,1,8,8192,2048,float,sum,40.17,0.2,0.36,0,39.26,0.21,0.37,0,RING,SIMPLE,32,RING,SIMPLE,32,0,RING,A_flag_ceiling
all_reduce_perf,1,8,16384,4096,float,sum,44.11,0.37,0.65,0,41.7,0.39,0.69,0,RING,SIMPLE,32,RING,SIMPLE,32,0,RING,A_flag_ceiling
all_reduce_perf,1,8,32768,8192,float,sum,44.8,0.73,1.28,0,43.48,0.75,1.32,0,RING,SIMPLE,32,RING,SIMPLE,32,0,RING,A_flag_ceiling
all_reduce_perf,1,8,65536,16384,float,sum,44.66,1.47,2.57,0,43.46,1.51,2.64,0,RING,SIMPLE,32,RING,SIMPLE,32,0,RING,A_flag_ceiling
all_reduce_perf,1,8,131072,32768,float,sum,45.12,2.91,5.08,0,43.61,3.01,5.26,0,RING,SIMPLE,32,RING,SIMPLE,32,0,RING,A_flag_ceiling
all_reduce_perf,1,8,262144,65536,float,sum,44.74,5.86,10.25,0,44.33,5.91,10.35,0,RING,SIMPLE,32,RING,SIMPLE,32,0,RING,A_flag_ceiling
all_reduce_perf,1,8,524288,131072,float,sum,44.65,11.74,20.55,0,43.63,12.02,21.03,0,RING,SIMPLE,32,RING,SIMPLE,32,0,RING,A_flag_ceiling
all_reduce_perf,1,8,1048576,262144,float,sum,46.2,22.7,39.72,0,43.92,23.87,41.78,0,RING,SIMPLE,32,RING,SIMPLE,32,0,RING,A_flag_ceiling
all_reduce_perf,1,8,2097152,524288,float,sum,47.84,43.84,76.71,0,46.42,45.17,79.05,0,RING,SIMPLE,32,RING,SIMPLE,32,0,RING,A_flag_ceiling
all_reduce_perf,1,8,4194304,1048576,float,sum,60.17,69.71,121.99,0,58.38,71.85,125.73,0,RING,SIMPLE,32,RING,SIMPLE,32,0,RING,A_flag_ceiling
all_reduce_perf,1,8,8388608,2097152,float,sum,85.24,98.41,172.21,0,82.93,101.15,177.01,0,RING,SIMPLE,32,RING,SIMPLE,32,0,RING,A_flag_ceiling
all_reduce_perf,1,8,16777216,4194304,float,sum,134.53,124.71,218.25,0,133.1,126.05,220.58,0,RING,SIMPLE,32,RING,SIMPLE,32,0,RING,A_flag_ceiling
all_reduce_perf,1,8,33554432,8388608,float,sum,233.29,143.83,251.71,0,232.17,144.53,252.92,0,RING,SIMPLE,32,RING,SIMPLE,32,0,RING,A_flag_ceiling
all_reduce_perf,1,8,67108864,16777216,float,sum,396.72,169.16,296.03,0,396.8,169.12,295.97,0,RING,SIMPLE,32,RING,SIMPLE,32,0,RING*,A_flag_ceiling
all_reduce_perf,1,8,134217728,33554432,float,sum,743.52,180.52,315.9,0,743.86,180.43,315.76,0,RING,SIMPLE,32,RING,SIMPLE,32,0,RING*,A_flag_ceiling
all_reduce_perf,1,8,268435456,67108864,float,sum,1440.37,186.37,326.14,0,1443.29,185.99,325.48,0,RING,SIMPLE,32,RING,SIMPLE,32,0,RING*,A_flag_ceiling
all_reduce_perf,1,8,536870912,134217728,float,sum,2827.9,189.85,332.23,0,2834.88,189.38,331.42,0,RING,SIMPLE,32,RING,SIMPLE,32,0,RING*,A_flag_ceiling
all_reduce_perf,1,8,4096,1024,float,sum,24.51,0.17,0.29,0,23.46,0.17,0.31,0,RING,LL,32,RING,LL,32,0,RING,A_flag_ceiling
all_reduce_perf,1,8,8192,2048,float,sum,25.32,0.32,0.57,0,24.18,0.34,0.59,0,RING,LL,32,RING,LL,32,0,RING,A_flag_ceiling
all_reduce_perf,1,8,16384,4096,float,sum,27.89,0.59,1.03,0,24.45,0.67,1.17,0,RING,LL,32,RING,LL,32,0,RING,A_flag_ceiling
all_reduce_perf,1,8,32768,8192,float,sum,25.0,1.31,2.29,0,24.35,1.35,2.35,0,RING,LL,32,RING,LL,32,0,RING,A_flag_ceiling
all_reduce_perf,1,8,65536,16384,float,sum,25.03,2.62,4.58,0,24.41,2.69,4.7,0,RING,LL,32,RING,LL,32,0,RING,A_flag_ceiling
all_reduce_perf,1,8,131072,32768,float,sum,26.14,5.01,8.78,0,24.91,5.26,9.21,0,RING,LL,32,RING,LL,32,0,RING,A_flag_ceiling
all_reduce_perf,1,8,262144,65536,float,sum,26.15,10.03,17.54,0,25.39,10.33,18.07,0,RING,LL,32,RING,LL,32,0,RING,A_flag_ceiling
all_reduce_perf,1,8,524288,131072,float,sum,27.22,19.26,33.7,0,26.24,19.98,34.96,0,RING,LL,32,RING,LL,32,0,RING,A_flag_ceiling
all_reduce_perf,1,8,1048576,262144,float,sum,40.19,26.09,45.66,0,37.72,27.8,48.65,0,RING,LL,32,RING,LL,32,0,RING,A_flag_ceiling
all_reduce_perf,1,8,2097152,524288,float,sum,61.84,33.91,59.35,0,61.29,34.21,59.88,0,RING,LL,32,RING,LL,32,0,RING,A_flag_ceiling
all_reduce_perf,1,8,4194304,1048576,float,sum,108.41,38.69,67.7,0,107.6,38.98,68.22,0,RING,LL,32,RING,LL,32,0,RING,A_flag_ceiling
all_reduce_perf,1,8,8388608,2097152,float,sum,210.74,39.81,69.66,0,207.22,40.48,70.84,0,RING,LL,32,RING,LL,32,0,RING,A_flag_ceiling
all_reduce_perf,1,8,16777216,4194304,float,sum,416.44,40.29,70.5,0,411.43,40.78,71.36,0,RING,LL,32,RING,LL,32,0,RING,A_flag_ceiling
all_reduce_perf,1,8,33554432,8388608,float,sum,830.47,40.4,70.71,0,823.41,40.75,71.31,0,RING,LL,32,RING,LL,32,0,RING,A_flag_ceiling
all_reduce_perf,1,8,67108864,16777216,float,sum,1527.92,43.92,76.86,0,1520.24,44.14,77.25,0,RING,LL,32,RING,LL,32,0,RING*,A_flag_ceiling
all_reduce_perf,1,8,134217728,33554432,float,sum,3067.8,43.75,76.56,0,3067.75,43.75,76.56,0,RING,LL,32,RING,LL,32,0,RING*,A_flag_ceiling
all_reduce_perf,1,8,268435456,67108864,float,sum,6163.33,43.55,76.22,0,6168.56,43.52,76.15,0,RING,LL,32,RING,LL,32,0,RING*,A_flag_ceiling
all_reduce_perf,1,8,536870912,134217728,float,sum,12404.9,43.28,75.74,0,12459.0,43.09,75.41,0,RING,LL,32,RING,LL,32,0,RING*,A_flag_ceiling
all_reduce_perf,1,8,4096,1024,float,sum,42.79,0.1,0.17,0,40.36,0.1,0.18,0,RING,SIMPLE,40,RING,SIMPLE,40,0,RING,A_flag_ceiling
all_reduce_perf,1,8,8192,2048,float,sum,41.11,0.2,0.35,0,40.14,0.2,0.36,0,RING,SIMPLE,40,RING,SIMPLE,40,0,RING,A_flag_ceiling
all_reduce_perf,1,8,16384,4096,float,sum,43.44,0.38,0.66,0,41.89,0.39,0.68,0,RING,SIMPLE,40,RING,SIMPLE,40,0,RING,A_flag_ceiling
all_reduce_perf,1,8,32768,8192,float,sum,45.04,0.73,1.27,0,43.44,0.75,1.32,0,RING,SIMPLE,40,RING,SIMPLE,40,0,RING,A_flag_ceiling
all_reduce_perf,1,8,65536,16384,float,sum,45.31,1.45,2.53,0,43.61,1.5,2.63,0,RING,SIMPLE,40,RING,SIMPLE,40,0,RING,A_flag_ceiling
all_reduce_perf,1,8,131072,32768,float,sum,44.9,2.92,5.11,0,43.59,3.01,5.26,0,RING,SIMPLE,40,RING,SIMPLE,40,0,RING,A_flag_ceiling
all_reduce_perf,1,8,262144,65536,float,sum,44.69,5.87,10.27,0,44.4,5.9,10.33,0,RING,SIMPLE,40,RING,SIMPLE,40,0,RING,A_flag_ceiling
all_reduce_perf,1,8,524288,131072,float,sum,44.59,11.76,20.57,0,43.5,12.05,21.09,0,RING,SIMPLE,40,RING,SIMPLE,40,0,RING,A_flag_ceiling
all_reduce_perf,1,8,1048576,262144,float,sum,47.53,22.06,38.61,0,43.96,23.85,41.74,0,RING,SIMPLE,40,RING,SIMPLE,40,0,RING,A_flag_ceiling
all_reduce_perf,1,8,2097152,524288,float,sum,47.97,43.72,76.51,0,46.3,45.29,79.26,0,RING,SIMPLE,40,RING,SIMPLE,40,0,RING,A_flag_ceiling
all_reduce_perf,1,8,4194304,1048576,float,sum,59.5,70.49,123.36,0,57.63,72.78,127.36,0,RING,SIMPLE,40,RING,SIMPLE,40,0,RING,A_flag_ceiling
all_reduce_perf,1,8,8388608,2097152,float,sum,82.74,101.38,177.42,0,80.19,104.61,183.07,0,RING,SIMPLE,40,RING,SIMPLE,40,0,RING,A_flag_ceiling
all_reduce_perf,1,8,16777216,4194304,float,sum,121.81,137.73,241.03,0,119.87,139.96,244.93,0,RING,SIMPLE,40,RING,SIMPLE,40,0,RING,A_flag_ceiling
all_reduce_perf,1,8,33554432,8388608,float,sum,199.43,168.25,294.44,0,197.09,170.25,297.93,0,RING,SIMPLE,40,RING,SIMPLE,40,0,RING,A_flag_ceiling
all_reduce_perf,1,8,67108864,16777216,float,sum,353.56,189.81,332.16,0,353.12,190.04,332.58,0,RING,SIMPLE,40,RING,SIMPLE,40,0,RING*,A_flag_ceiling
all_reduce_perf,1,8,134217728,33554432,float,sum,664.33,202.04,353.56,0,664.23,202.07,353.61,0,RING,SIMPLE,40,RING,SIMPLE,40,0,RING*,A_flag_ceiling
all_reduce_perf,1,8,268435456,67108864,float,sum,1280.31,209.66,366.91,0,1280.8,209.58,366.77,0,RING,SIMPLE,40,RING,SIMPLE,40,0,RING*,A_flag_ceiling
all_reduce_perf,1,8,536870912,134217728,float,sum,2522.78,212.81,372.42,0,2521.56,212.91,372.6,0,RING,SIMPLE,40,RING,SIMPLE,40,0,RING*,A_flag_ceiling
all_reduce_perf,1,8,4096,1024,float,sum,25.55,0.16,0.28,0,23.32,0.18,0.31,0,RING,LL,40,RING,LL,40,0,RING,A_flag_ceiling
all_reduce_perf,1,8,8192,2048,float,sum,25.21,0.32,0.57,0,24.25,0.34,0.59,0,RING,LL,40,RING,LL,40,0,RING,A_flag_ceiling
all_reduce_perf,1,8,16384,4096,float,sum,26.81,0.61,1.07,0,24.83,0.66,1.15,0,RING,LL,40,RING,LL,40,0,RING,A_flag_ceiling
all_reduce_perf,1,8,32768,8192,float,sum,25.11,1.3,2.28,0,24.48,1.34,2.34,0,RING,LL,40,RING,LL,40,0,RING,A_flag_ceiling
all_reduce_perf,1,8,65536,16384,float,sum,24.98,2.62,4.59,0,24.51,2.67,4.68,0,RING,LL,40,RING,LL,40,0,RING,A_flag_ceiling
all_reduce_perf,1,8,131072,32768,float,sum,26.11,5.02,8.78,0,24.92,5.26,9.2,0,RING,LL,40,RING,LL,40,0,RING,A_flag_ceiling
all_reduce_perf,1,8,262144,65536,float,sum,26.3,9.97,17.44,0,25.34,10.35,18.1,0,RING,LL,40,RING,LL,40,0,RING,A_flag_ceiling
all_reduce_perf,1,8,524288,131072,float,sum,27.07,19.36,33.89,0,26.09,20.09,35.16,0,RING,LL,40,RING,LL,40,0,RING,A_flag_ceiling
all_reduce_perf,1,8,1048576,262144,float,sum,66.03,15.88,27.79,0,37.21,28.18,49.31,0,RING,LL,40,RING,LL,40,0,RING,A_flag_ceiling
all_reduce_perf,1,8,2097152,524288,float,sum,61.18,34.28,59.99,0,60.59,34.61,60.57,0,RING,LL,40,RING,LL,40,0,RING,A_flag_ceiling
all_reduce_perf,1,8,4194304,1048576,float,sum,97.34,43.09,75.41,0,96.61,43.42,75.98,0,RING,LL,40,RING,LL,40,0,RING,A_flag_ceiling
all_reduce_perf,1,8,8388608,2097152,float,sum,178.17,47.08,82.39,0,176.05,47.65,83.39,0,RING,LL,40,RING,LL,40,0,RING,A_flag_ceiling
all_reduce_perf,1,8,16777216,4194304,float,sum,348.45,48.15,84.26,0,345.12,48.61,85.07,0,RING,LL,40,RING,LL,40,0,RING,A_flag_ceiling
all_reduce_perf,1,8,33554432,8388608,float,sum,683.42,49.1,85.92,0,678.68,49.44,86.52,0,RING,LL,40,RING,LL,40,0,RING,A_flag_ceiling
all_reduce_perf,1,8,67108864,16777216,float,sum,1240.42,54.1,94.68,0,1238.64,54.18,94.81,0,RING,LL,40,RING,LL,40,0,RING*,A_flag_ceiling
all_reduce_perf,1,8,134217728,33554432,float,sum,2476.11,54.2,94.86,0,2479.88,54.12,94.71,0,RING,LL,40,RING,LL,40,0,RING*,A_flag_ceiling
all_reduce_perf,1,8,268435456,67108864,float,sum,4970.29,54.01,94.51,0,5005.65,53.63,93.85,0,RING,LL,40,RING,LL,40,0,RING*,A_flag_ceiling
all_reduce_perf,1,8,536870912,134217728,float,sum,10011.2,53.63,93.85,0,10027.2,53.54,93.7,0,RING,LL,40,RING,LL,40,0,RING*,A_flag_ceiling
all_reduce_perf,1,8,4096,1024,float,sum,42.8,0.1,0.17,0,40.29,0.1,0.18,0,RING,SIMPLE,48,RING,SIMPLE,48,0,RING,A_flag_ceiling
all_reduce_perf,1,8,8192,2048,float,sum,41.06,0.2,0.35,0,40.04,0.2,0.36,0,RING,SIMPLE,48,RING,SIMPLE,48,0,RING,A_flag_ceiling
all_reduce_perf,1,8,16384,4096,float,sum,43.69,0.38,0.66,0,41.45,0.4,0.69,0,RING,SIMPLE,48,RING,SIMPLE,48,0,RING,A_flag_ceiling
all_reduce_perf,1,8,32768,8192,float,sum,44.3,0.74,1.29,0,42.85,0.76,1.34,0,RING,SIMPLE,48,RING,SIMPLE,48,0,RING,A_flag_ceiling
all_reduce_perf,1,8,65536,16384,float,sum,45.01,1.46,2.55,0,43.6,1.5,2.63,0,RING,SIMPLE,48,RING,SIMPLE,48,0,RING,A_flag_ceiling
all_reduce_perf,1,8,131072,32768,float,sum,44.27,2.96,5.18,0,43.82,2.99,5.23,0,RING,SIMPLE,48,RING,SIMPLE,48,0,RING,A_flag_ceiling
all_reduce_perf,1,8,262144,65536,float,sum,44.81,5.85,10.24,0,44.46,5.9,10.32,0,RING,SIMPLE,48,RING,SIMPLE,48,0,RING,A_flag_ceiling
all_reduce_perf,1,8,524288,131072,float,sum,44.64,11.75,20.55,0,43.61,12.02,21.04,0,RING,SIMPLE,48,RING,SIMPLE,48,0,RING,A_flag_ceiling
all_reduce_perf,1,8,1048576,262144,float,sum,46.21,22.69,39.71,0,44.67,23.48,41.08,0,RING,SIMPLE,48,RING,SIMPLE,48,0,RING,A_flag_ceiling
all_reduce_perf,1,8,2097152,524288,float,sum,47.06,44.56,77.98,0,45.68,45.91,80.35,0,RING,SIMPLE,48,RING,SIMPLE,48,0,RING,A_flag_ceiling
all_reduce_perf,1,8,4194304,1048576,float,sum,59.9,70.02,122.53,0,58.4,71.82,125.68,0,RING,SIMPLE,48,RING,SIMPLE,48,0,RING,A_flag_ceiling
all_reduce_perf,1,8,8388608,2097152,float,sum,77.04,108.89,190.56,0,74.71,112.29,196.51,0,RING,SIMPLE,48,RING,SIMPLE,48,0,RING,A_flag_ceiling
all_reduce_perf,1,8,16777216,4194304,float,sum,119.36,140.57,245.99,0,117.65,142.61,249.56,0,RING,SIMPLE,48,RING,SIMPLE,48,0,RING,A_flag_ceiling
all_reduce_perf,1,8,33554432,8388608,float,sum,198.85,168.74,295.3,0,197.39,169.99,297.48,0,RING,SIMPLE,48,RING,SIMPLE,48,0,RING,A_flag_ceiling
all_reduce_perf,1,8,67108864,16777216,float,sum,339.71,197.55,345.7,0,339.02,197.95,346.41,0,RING,SIMPLE,48,RING,SIMPLE,48,0,RING*,A_flag_ceiling
all_reduce_perf,1,8,134217728,33554432,float,sum,632.06,212.35,371.61,0,632.12,212.33,371.58,0,RING,SIMPLE,48,RING,SIMPLE,48,0,RING*,A_flag_ceiling
all_reduce_perf,1,8,268435456,67108864,float,sum,1233.9,217.55,380.71,0,1233.43,217.63,380.86,0,RING,SIMPLE,48,RING,SIMPLE,48,0,RING*,A_flag_ceiling
all_reduce_perf,1,8,536870912,134217728,float,sum,2435.88,220.4,385.7,0,2433.47,220.62,386.08,0,RING,SIMPLE,48,RING,SIMPLE,48,0,RING*,A_flag_ceiling
all_reduce_perf,1,8,4096,1024,float,sum,25.36,0.16,0.28,0,23.28,0.18,0.31,0,RING,LL,48,RING,LL,48,0,RING,A_flag_ceiling
all_reduce_perf,1,8,8192,2048,float,sum,25.2,0.33,0.57,0,24.25,0.34,0.59,0,RING,LL,48,RING,LL,48,0,RING,A_flag_ceiling
all_reduce_perf,1,8,16384,4096,float,sum,28.27,0.58,1.01,0,25.51,0.64,1.12,0,RING,LL,48,RING,LL,48,0,RING,A_flag_ceiling
all_reduce_perf,1,8,32768,8192,float,sum,25.07,1.31,2.29,0,24.34,1.35,2.36,0,RING,LL,48,RING,LL,48,0,RING,A_flag_ceiling
all_reduce_perf,1,8,65536,16384,float,sum,24.92,2.63,4.6,0,24.4,2.69,4.7,0,RING,LL,48,RING,LL,48,0,RING,A_flag_ceiling
all_reduce_perf,1,8,131072,32768,float,sum,26.11,5.02,8.79,0,25.43,5.15,9.02,0,RING,LL,48,RING,LL,48,0,RING,A_flag_ceiling
all_reduce_perf,1,8,262144,65536,float,sum,26.01,10.08,17.64,0,25.29,10.37,18.14,0,RING,LL,48,RING,LL,48,0,RING,A_flag_ceiling
all_reduce_perf,1,8,524288,131072,float,sum,26.51,19.77,34.6,0,25.78,20.33,35.58,0,RING,LL,48,RING,LL,48,0,RING,A_flag_ceiling
all_reduce_perf,1,8,1048576,262144,float,sum,38.27,27.4,47.95,0,37.29,28.12,49.21,0,RING,LL,48,RING,LL,48,0,RING,A_flag_ceiling
all_reduce_perf,1,8,2097152,524288,float,sum,50.88,41.22,72.13,0,50.1,41.86,73.26,0,RING,LL,48,RING,LL,48,0,RING,A_flag_ceiling
all_reduce_perf,1,8,4194304,1048576,float,sum,86.35,48.57,85.0,0,85.38,49.13,85.97,0,RING,LL,48,RING,LL,48,0,RING,A_flag_ceiling
all_reduce_perf,1,8,8388608,2097152,float,sum,155.81,53.84,94.22,0,153.66,54.59,95.54,0,RING,LL,48,RING,LL,48,0,RING,A_flag_ceiling
all_reduce_perf,1,8,16777216,4194304,float,sum,298.39,56.22,98.39,0,295.83,56.71,99.25,0,RING,LL,48,RING,LL,48,0,RING,A_flag_ceiling
all_reduce_perf,1,8,33554432,8388608,float,sum,576.52,58.2,101.85,0,576.12,58.24,101.92,0,RING,LL,48,RING,LL,48,0,RING,A_flag_ceiling
all_reduce_perf,1,8,67108864,16777216,float,sum,1048.34,64.01,112.03,0,1050.03,63.91,111.84,0,RING,LL,48,RING,LL,48,0,RING*,A_flag_ceiling
all_reduce_perf,1,8,134217728,33554432,float,sum,2084.68,64.38,112.67,0,2092.08,64.16,112.27,0,RING,LL,48,RING,LL,48,0,RING*,A_flag_ceiling
all_reduce_perf,1,8,268435456,67108864,float,sum,4182.4,64.18,112.32,0,4186.93,64.11,112.2,0,RING,LL,48,RING,LL,48,0,RING*,A_flag_ceiling
all_reduce_perf,1,8,536870912,134217728,float,sum,8356.9,64.24,112.43,0,8380.46,64.06,112.11,0,RING,LL,48,RING,LL,48,0,RING*,A_flag_ceiling
all_reduce_perf,1,8,4096,1024,float,sum,41.79,0.1,0.17,0,40.26,0.1,0.18,0,RING,SIMPLE,56,RING,SIMPLE,56,0,RING,A_flag_ceiling
all_reduce_perf,1,8,8192,2048,float,sum,40.62,0.2,0.35,0,39.96,0.21,0.36,0,RING,SIMPLE,56,RING,SIMPLE,56,0,RING,A_flag_ceiling
all_reduce_perf,1,8,16384,4096,float,sum,43.15,0.38,0.66,0,41.66,0.39,0.69,0,RING,SIMPLE,56,RING,SIMPLE,56,0,RING,A_flag_ceiling
all_reduce_perf,1,8,32768,8192,float,sum,45.18,0.73,1.27,0,43.61,0.75,1.31,0,RING,SIMPLE,56,RING,SIMPLE,56,0,RING,A_flag_ceiling
all_reduce_perf,1,8,65536,16384,float,sum,45.14,1.45,2.54,0,43.68,1.5,2.63,0,RING,SIMPLE,56,RING,SIMPLE,56,0,RING,A_flag_ceiling
all_reduce_perf,1,8,131072,32768,float,sum,44.44,2.95,5.16,0,43.91,2.98,5.22,0,RING,SIMPLE,56,RING,SIMPLE,56,0,RING,A_flag_ceiling
all_reduce_perf,1,8,262144,65536,float,sum,45.12,5.81,10.17,0,44.77,5.86,10.25,0,RING,SIMPLE,56,RING,SIMPLE,56,0,RING,A_flag_ceiling
all_reduce_perf,1,8,524288,131072,float,sum,44.83,11.7,20.47,0,43.77,11.98,20.96,0,RING,SIMPLE,56,RING,SIMPLE,56,0,RING,A_flag_ceiling
all_reduce_perf,1,8,1048576,262144,float,sum,46.17,22.71,39.74,0,44.96,23.32,40.82,0,RING,SIMPLE,56,RING,SIMPLE,56,0,RING,A_flag_ceiling
all_reduce_perf,1,8,2097152,524288,float,sum,47.4,44.24,77.42,0,46.8,44.81,78.41,0,RING,SIMPLE,56,RING,SIMPLE,56,0,RING,A_flag_ceiling
all_reduce_perf,1,8,4194304,1048576,float,sum,58.71,71.44,125.02,0,57.09,73.46,128.56,0,RING,SIMPLE,56,RING,SIMPLE,56,0,RING,A_flag_ceiling
all_reduce_perf,1,8,8388608,2097152,float,sum,76.48,109.69,191.95,0,74.25,112.98,197.72,0,RING,SIMPLE,56,RING,SIMPLE,56,0,RING,A_flag_ceiling
all_reduce_perf,1,8,16777216,4194304,float,sum,110.73,151.51,265.15,0,109.13,153.73,269.03,0,RING,SIMPLE,56,RING,SIMPLE,56,0,RING,A_flag_ceiling
all_reduce_perf,1,8,33554432,8388608,float,sum,185.5,180.88,316.54,0,184.81,181.56,317.73,0,RING,SIMPLE,56,RING,SIMPLE,56,0,RING,A_flag_ceiling
all_reduce_perf,1,8,67108864,16777216,float,sum,330.18,203.25,355.69,0,330.18,203.25,355.69,0,RING,SIMPLE,56,RING,SIMPLE,56,0,RING*,A_flag_ceiling
all_reduce_perf,1,8,134217728,33554432,float,sum,619.54,216.64,379.12,0,618.75,216.92,379.61,0,RING,SIMPLE,56,RING,SIMPLE,56,0,RING*,A_flag_ceiling
all_reduce_perf,1,8,268435456,67108864,float,sum,1204.82,222.8,389.9,0,1205.1,222.75,389.81,0,RING,SIMPLE,56,RING,SIMPLE,56,0,RING*,A_flag_ceiling
all_reduce_perf,1,8,536870912,134217728,float,sum,2369.6,226.57,396.49,0,2373.29,226.21,395.87,0,RING,SIMPLE,56,RING,SIMPLE,56,0,RING*,A_flag_ceiling
all_reduce_perf,1,8,4096,1024,float,sum,24.0,0.17,0.3,0,23.17,0.18,0.31,0,RING,LL,56,RING,LL,56,0,RING,A_flag_ceiling
all_reduce_perf,1,8,8192,2048,float,sum,25.23,0.32,0.57,0,24.15,0.34,0.59,0,RING,LL,56,RING,LL,56,0,RING,A_flag_ceiling
all_reduce_perf,1,8,16384,4096,float,sum,25.95,0.63,1.1,0,24.89,0.66,1.15,0,RING,LL,56,RING,LL,56,0,RING,A_flag_ceiling
all_reduce_perf,1,8,32768,8192,float,sum,25.24,1.3,2.27,0,24.25,1.35,2.36,0,RING,LL,56,RING,LL,56,0,RING,A_flag_ceiling
all_reduce_perf,1,8,65536,16384,float,sum,25.06,2.62,4.58,0,24.32,2.7,4.72,0,RING,LL,56,RING,LL,56,0,RING,A_flag_ceiling
all_reduce_perf,1,8,131072,32768,float,sum,27.68,4.73,8.29,0,25.03,5.24,9.16,0,RING,LL,56,RING,LL,56,0,RING,A_flag_ceiling
all_reduce_perf,1,8,262144,65536,float,sum,26.27,9.98,17.46,0,25.42,10.31,18.05,0,RING,LL,56,RING,LL,56,0,RING,A_flag_ceiling
all_reduce_perf,1,8,524288,131072,float,sum,26.76,19.59,34.29,0,25.89,20.25,35.44,0,RING,LL,56,RING,LL,56,0,RING,A_flag_ceiling
all_reduce_perf,1,8,1048576,262144,float,sum,38.14,27.49,48.12,0,36.81,28.49,49.85,0,RING,LL,56,RING,LL,56,0,RING,A_flag_ceiling
all_reduce_perf,1,8,2097152,524288,float,sum,50.46,41.56,72.74,0,49.59,42.29,74.0,0,RING,LL,56,RING,LL,56,0,RING,A_flag_ceiling
all_reduce_perf,1,8,4194304,1048576,float,sum,75.73,55.38,96.92,0,75.03,55.9,97.83,0,RING,LL,56,RING,LL,56,0,RING,A_flag_ceiling
all_reduce_perf,1,8,8388608,2097152,float,sum,144.21,58.17,101.79,0,142.49,58.87,103.03,0,RING,LL,56,RING,LL,56,0,RING,A_flag_ceiling
all_reduce_perf,1,8,16777216,4194304,float,sum,264.34,63.47,111.07,0,260.65,64.37,112.64,0,RING,LL,56,RING,LL,56,0,RING,A_flag_ceiling
all_reduce_perf,1,8,33554432,8388608,float,sum,501.42,66.92,117.11,0,500.65,67.02,117.29,0,RING,LL,56,RING,LL,56,0,RING,A_flag_ceiling
all_reduce_perf,1,8,67108864,16777216,float,sum,916.87,73.19,128.09,0,918.2,73.09,127.9,0,RING,LL,56,RING,LL,56,0,RING*,A_flag_ceiling
all_reduce_perf,1,8,134217728,33554432,float,sum,1813.76,74.0,129.5,0,1810.56,74.13,129.73,0,RING,LL,56,RING,LL,56,0,RING*,A_flag_ceiling
all_reduce_perf,1,8,268435456,67108864,float,sum,3616.21,74.23,129.9,0,3631.48,73.92,129.36,0,RING,LL,56,RING,LL,56,0,RING*,A_flag_ceiling
all_reduce_perf,1,8,536870912,134217728,float,sum,7226.43,74.29,130.01,0,7241.98,74.13,129.73,0,RING,LL,56,RING,LL,56,0,RING*,A_flag_ceiling
all_reduce_perf,1,8,4096,1024,float,sum,23.09,0.18,0.31,0,22.07,0.19,0.32,0,TREE,LL,1,TREE,LL,1,0,TREE,A_flag_ceiling
all_reduce_perf,1,8,8192,2048,float,sum,25.94,0.32,0.55,0,25.59,0.32,0.56,0,TREE,LL,1,TREE,LL,1,0,TREE,A_flag_ceiling
all_reduce_perf,1,8,16384,4096,float,sum,34.46,0.48,0.83,0,33.08,0.5,0.87,0,TREE,LL,1,TREE,LL,1,0,TREE,A_flag_ceiling
all_reduce_perf,1,8,32768,8192,float,sum,45.96,0.71,1.25,0,45.79,0.72,1.25,0,TREE,LL,1,TREE,LL,1,0,TREE,A_flag_ceiling
all_reduce_perf,1,8,65536,16384,float,sum,70.68,0.93,1.62,0,70.64,0.93,1.62,0,TREE,LL,1,TREE,LL,1,0,TREE,A_flag_ceiling
all_reduce_perf,1,8,131072,32768,float,sum,120.55,1.09,1.9,0,121.05,1.08,1.89,0,TREE,LL,1,TREE,LL,1,0,TREE,A_flag_ceiling
all_reduce_perf,1,8,262144,65536,float,sum,220.53,1.19,2.08,0,219.64,1.19,2.09,0,TREE,LL,1,TREE,LL,1,0,TREE,A_flag_ceiling
all_reduce_perf,1,8,524288,131072,float,sum,420.04,1.25,2.18,0,413.92,1.27,2.22,0,TREE,LL,1,TREE,LL,1,0,TREE,A_flag_ceiling
all_reduce_perf,1,8,1048576,262144,float,sum,817.62,1.28,2.24,0,804.94,1.3,2.28,0,TREE,LL,1,TREE,LL,1,0,TREE,A_flag_ceiling
all_reduce_perf,1,8,2097152,524288,float,sum,1611.68,1.3,2.28,0,1585.24,1.32,2.32,0,TREE,LL,1,TREE,LL,1,0,TREE,A_flag_ceiling
all_reduce_perf,1,8,4194304,1048576,float,sum,3174.27,1.32,2.31,0,3131.1,1.34,2.34,0,TREE,LL,1,TREE,LL,1,0,TREE,A_flag_ceiling
all_reduce_perf,1,8,8388608,2097152,float,sum,6235.7,1.35,2.35,0,6215.49,1.35,2.36,0,TREE,LL,1,TREE,LL,1,0,TREE,A_flag_ceiling
all_reduce_perf,1,8,16777216,4194304,float,sum,12333.0,1.36,2.38,0,12295.6,1.36,2.39,0,TREE,LL,1,TREE,LL,1,0,TREE,A_flag_ceiling
all_reduce_perf,1,8,33554432,8388608,float,sum,24556.2,1.37,2.39,0,24384.7,1.38,2.41,0,TREE,LL,1,TREE,LL,1,0,TREE,A_flag_ceiling
all_reduce_perf,1,8,67108864,16777216,float,sum,48606.5,1.38,2.42,0,48560.0,1.38,2.42,0,TREE,LL,1,TREE,LL,1,0,TREE,A_flag_ceiling
all_reduce_perf,1,8,134217728,33554432,float,sum,96687.0,1.39,2.43,0,96656.2,1.39,2.43,0,TREE,LL,1,TREE,LL,1,0,TREE,A_flag_ceiling
all_reduce_perf,1,8,268435456,67108864,float,sum,193244.0,1.39,2.43,0,192944.0,1.39,2.43,0,TREE,LL,1,TREE,LL,1,0,TREE,A_flag_ceiling
all_reduce_perf,1,8,536870912,134217728,float,sum,385046.0,1.39,2.44,0,385673.0,1.39,2.44,0,TREE,LL,1,TREE,LL,1,0,TREE,A_flag_ceiling
all_reduce_perf,1,8,4096,1024,float,sum,20.94,0.2,0.34,0,20.05,0.2,0.36,0,TREE,LL,2,TREE,LL,2,0,TREE,A_flag_ceiling
all_reduce_perf,1,8,8192,2048,float,sum,22.78,0.36,0.63,0,22.21,0.37,0.65,0,TREE,LL,2,TREE,LL,2,0,TREE,A_flag_ceiling
all_reduce_perf,1,8,16384,4096,float,sum,27.01,0.61,1.06,0,26.42,0.62,1.09,0,TREE,LL,2,TREE,LL,2,0,TREE,A_flag_ceiling
all_reduce_perf,1,8,32768,8192,float,sum,33.73,0.97,1.7,0,33.43,0.98,1.72,0,TREE,LL,2,TREE,LL,2,0,TREE,A_flag_ceiling
all_reduce_perf,1,8,65536,16384,float,sum,46.42,1.41,2.47,0,46.04,1.42,2.49,0,TREE,LL,2,TREE,LL,2,0,TREE,A_flag_ceiling
all_reduce_perf,1,8,131072,32768,float,sum,72.4,1.81,3.17,0,71.88,1.82,3.19,0,TREE,LL,2,TREE,LL,2,0,TREE,A_flag_ceiling
all_reduce_perf,1,8,262144,65536,float,sum,123.28,2.13,3.72,0,122.38,2.14,3.75,0,TREE,LL,2,TREE,LL,2,0,TREE,A_flag_ceiling
all_reduce_perf,1,8,524288,131072,float,sum,226.32,2.32,4.05,0,224.8,2.33,4.08,0,TREE,LL,2,TREE,LL,2,0,TREE,A_flag_ceiling
all_reduce_perf,1,8,1048576,262144,float,sum,429.7,2.44,4.27,0,430.14,2.44,4.27,0,TREE,LL,2,TREE,LL,2,0,TREE,A_flag_ceiling
all_reduce_perf,1,8,2097152,524288,float,sum,837.18,2.51,4.38,0,833.11,2.52,4.41,0,TREE,LL,2,TREE,LL,2,0,TREE,A_flag_ceiling
all_reduce_perf,1,8,4194304,1048576,float,sum,1651.59,2.54,4.44,0,1637.13,2.56,4.48,0,TREE,LL,2,TREE,LL,2,0,TREE,A_flag_ceiling
all_reduce_perf,1,8,8388608,2097152,float,sum,3275.82,2.56,4.48,0,3251.21,2.58,4.52,0,TREE,LL,2,TREE,LL,2,0,TREE,A_flag_ceiling
all_reduce_perf,1,8,16777216,4194304,float,sum,6475.74,2.59,4.53,0,6479.43,2.59,4.53,0,TREE,LL,2,TREE,LL,2,0,TREE,A_flag_ceiling
all_reduce_perf,1,8,33554432,8388608,float,sum,12857.6,2.61,4.57,0,12850.2,2.61,4.57,0,TREE,LL,2,TREE,LL,2,0,TREE,A_flag_ceiling
all_reduce_perf,1,8,67108864,16777216,float,sum,25576.0,2.62,4.59,0,25582.7,2.62,4.59,0,TREE,LL,2,TREE,LL,2,0,TREE,A_flag_ceiling
all_reduce_perf,1,8,134217728,33554432,float,sum,51091.4,2.63,4.6,0,51202.8,2.62,4.59,0,TREE,LL,2,TREE,LL,2,0,TREE,A_flag_ceiling
all_reduce_perf,1,8,268435456,67108864,float,sum,101835.0,2.64,4.61,0,102261.0,2.62,4.59,0,TREE,LL,2,TREE,LL,2,0,TREE,A_flag_ceiling
all_reduce_perf,1,8,536870912,134217728,float,sum,203607.0,2.64,4.61,0,204215.0,2.63,4.6,0,TREE,LL,2,TREE,LL,2,0,TREE,A_flag_ceiling
all_reduce_perf,1,8,4096,1024,float,sum,19.59,0.21,0.37,0,18.24,0.22,0.39,0,TREE,LL,4,TREE,LL,4,0,TREE,A_flag_ceiling
all_reduce_perf,1,8,8192,2048,float,sum,20.77,0.39,0.69,0,20.1,0.41,0.71,0,TREE,LL,4,TREE,LL,4,0,TREE,A_flag_ceiling
all_reduce_perf,1,8,16384,4096,float,sum,26.49,0.62,1.08,0,23.77,0.69,1.21,0,TREE,LL,4,TREE,LL,4,0,TREE,A_flag_ceiling
all_reduce_perf,1,8,32768,8192,float,sum,28.23,1.16,2.03,0,27.44,1.19,2.09,0,TREE,LL,4,TREE,LL,4,0,TREE,A_flag_ceiling
all_reduce_perf,1,8,65536,16384,float,sum,34.91,1.88,3.29,0,34.75,1.89,3.3,0,TREE,LL,4,TREE,LL,4,0,TREE,A_flag_ceiling
all_reduce_perf,1,8,131072,32768,float,sum,50.74,2.58,4.52,0,48.69,2.69,4.71,0,TREE,LL,4,TREE,LL,4,0,TREE,A_flag_ceiling
all_reduce_perf,1,8,262144,65536,float,sum,75.69,3.46,6.06,0,76.05,3.45,6.03,0,TREE,LL,4,TREE,LL,4,0,TREE,A_flag_ceiling
all_reduce_perf,1,8,524288,131072,float,sum,129.91,4.04,7.06,0,130.05,4.03,7.05,0,TREE,LL,4,TREE,LL,4,0,TREE,A_flag_ceiling
all_reduce_perf,1,8,1048576,262144,float,sum,238.92,4.39,7.68,0,238.71,4.39,7.69,0,TREE,LL,4,TREE,LL,4,0,TREE,A_flag_ceiling
all_reduce_perf,1,8,2097152,524288,float,sum,454.86,4.61,8.07,0,455.0,4.61,8.07,0,TREE,LL,4,TREE,LL,4,0,TREE,A_flag_ceiling
all_reduce_perf,1,8,4194304,1048576,float,sum,886.72,4.73,8.28,0,889.29,4.72,8.25,0,TREE,LL,4,TREE,LL,4,0,TREE,A_flag_ceiling
all_reduce_perf,1,8,8388608,2097152,float,sum,1759.51,4.77,8.34,0,1757.57,4.77,8.35,0,TREE,LL,4,TREE,LL,4,0,TREE,A_flag_ceiling
all_reduce_perf,1,8,16777216,4194304,float,sum,3477.02,4.83,8.44,0,3481.2,4.82,8.43,0,TREE,LL,4,TREE,LL,4,0,TREE,A_flag_ceiling
all_reduce_perf,1,8,33554432,8388608,float,sum,6874.64,4.88,8.54,0,6858.3,4.89,8.56,0,TREE,LL,4,TREE,LL,4,0,TREE,A_flag_ceiling
all_reduce_perf,1,8,67108864,16777216,float,sum,13660.6,4.91,8.6,0,13575.8,4.94,8.65,0,TREE,LL,4,TREE,LL,4,0,TREE,A_flag_ceiling
all_reduce_perf,1,8,134217728,33554432,float,sum,27169.1,4.94,8.65,0,27069.8,4.96,8.68,0,TREE,LL,4,TREE,LL,4,0,TREE,A_flag_ceiling
all_reduce_perf,1,8,268435456,67108864,float,sum,54334.8,4.94,8.65,0,53799.5,4.99,8.73,0,TREE,LL,4,TREE,LL,4,0,TREE,A_flag_ceiling
all_reduce_perf,1,8,536870912,134217728,float,sum,108150.0,4.96,8.69,0,107427.0,5.0,8.75,0,TREE,LL,4,TREE,LL,4,0,TREE,A_flag_ceiling
all_reduce_perf,1,8,4096,1024,float,sum,20.98,0.2,0.34,0,19.74,0.21,0.36,0,TREE,LL,8,TREE,LL,8,0,TREE,A_flag_ceiling
all_reduce_perf,1,8,8192,2048,float,sum,21.48,0.38,0.67,0,20.68,0.4,0.69,0,TREE,LL,8,TREE,LL,8,0,TREE,A_flag_ceiling
all_reduce_perf,1,8,16384,4096,float,sum,22.12,0.74,1.3,0,21.8,0.75,1.32,0,TREE,LL,8,TREE,LL,8,0,TREE,A_flag_ceiling
all_reduce_perf,1,8,32768,8192,float,sum,23.94,1.37,2.4,0,23.4,1.4,2.45,0,TREE,LL,8,TREE,LL,8,0,TREE,A_flag_ceiling
all_reduce_perf,1,8,65536,16384,float,sum,28.29,2.32,4.05,0,28.01,2.34,4.09,0,TREE,LL,8,TREE,LL,8,0,TREE,A_flag_ceiling
all_reduce_perf,1,8,131072,32768,float,sum,37.2,3.52,6.17,0,35.46,3.7,6.47,0,TREE,LL,8,TREE,LL,8,0,TREE,A_flag_ceiling
all_reduce_perf,1,8,262144,65536,float,sum,49.19,5.33,9.33,0,49.4,5.31,9.29,0,TREE,LL,8,TREE,LL,8,0,TREE,A_flag_ceiling
all_reduce_perf,1,8,524288,131072,float,sum,76.32,6.87,12.02,0,76.38,6.86,12.01,0,TREE,LL,8,TREE,LL,8,0,TREE,A_flag_ceiling
all_reduce_perf,1,8,1048576,262144,float,sum,130.58,8.03,14.05,0,131.1,8.0,14.0,0,TREE,LL,8,TREE,LL,8,0,TREE,A_flag_ceiling
all_reduce_perf,1,8,2097152,524288,float,sum,238.73,8.78,15.37,0,240.5,8.72,15.26,0,TREE,LL,8,TREE,LL,8,0,TREE,A_flag_ceiling
all_reduce_perf,1,8,4194304,1048576,float,sum,454.93,9.22,16.13,0,460.76,9.1,15.93,0,TREE,LL,8,TREE,LL,8,0,TREE,A_flag_ceiling
all_reduce_perf,1,8,8388608,2097152,float,sum,887.2,9.46,16.55,0,895.28,9.37,16.4,0,TREE,LL,8,TREE,LL,8,0,TREE,A_flag_ceiling
all_reduce_perf,1,8,16777216,4194304,float,sum,1756.6,9.55,16.71,0,1778.56,9.43,16.51,0,TREE,LL,8,TREE,LL,8,0,TREE,A_flag_ceiling
all_reduce_perf,1,8,33554432,8388608,float,sum,3485.98,9.63,16.84,0,3516.25,9.54,16.7,0,TREE,LL,8,TREE,LL,8,0,TREE,A_flag_ceiling
all_reduce_perf,1,8,67108864,16777216,float,sum,6946.83,9.66,16.91,0,6969.1,9.63,16.85,0,TREE,LL,8,TREE,LL,8,0,TREE,A_flag_ceiling
all_reduce_perf,1,8,134217728,33554432,float,sum,13888.1,9.66,16.91,0,13877.1,9.67,16.93,0,TREE,LL,8,TREE,LL,8,0,TREE,A_flag_ceiling
all_reduce_perf,1,8,268435456,67108864,float,sum,27655.1,9.71,16.99,0,27691.1,9.69,16.96,0,TREE,LL,8,TREE,LL,8,0,TREE,A_flag_ceiling
all_reduce_perf,1,8,536870912,134217728,float,sum,55252.7,9.72,17.0,0,55287.3,9.71,16.99,0,TREE,LL,8,TREE,LL,8,0,TREE,A_flag_ceiling
all_reduce_perf,1,8,4096,1024,float,sum,21.15,0.19,0.34,0,20.12,0.2,0.36,0,TREE,LL,16,TREE,LL,16,0,TREE,A_flag_ceiling
all_reduce_perf,1,8,8192,2048,float,sum,21.56,0.38,0.66,0,20.85,0.39,0.69,0,TREE,LL,16,TREE,LL,16,0,TREE,A_flag_ceiling
all_reduce_perf,1,8,16384,4096,float,sum,23.75,0.69,1.21,0,21.33,0.77,1.34,0,TREE,LL,16,TREE,LL,16,0,TREE,A_flag_ceiling
all_reduce_perf,1,8,32768,8192,float,sum,21.65,1.51,2.65,0,21.26,1.54,2.7,0,TREE,LL,16,TREE,LL,16,0,TREE,A_flag_ceiling
all_reduce_perf,1,8,65536,16384,float,sum,24.28,2.7,4.72,0,24.27,2.7,4.72,0,TREE,LL,16,TREE,LL,16,0,TREE,A_flag_ceiling
all_reduce_perf,1,8,131072,32768,float,sum,28.46,4.6,8.06,0,28.42,4.61,8.07,0,TREE,LL,16,TREE,LL,16,0,TREE,A_flag_ceiling
all_reduce_perf,1,8,262144,65536,float,sum,35.98,7.29,12.75,0,35.85,7.31,12.8,0,TREE,LL,16,TREE,LL,16,0,TREE,A_flag_ceiling
all_reduce_perf,1,8,524288,131072,float,sum,49.49,10.59,18.54,0,49.82,10.52,18.42,0,TREE,LL,16,TREE,LL,16,0,TREE,A_flag_ceiling
all_reduce_perf,1,8,1048576,262144,float,sum,76.99,13.62,23.83,0,77.17,13.59,23.78,0,TREE,LL,16,TREE,LL,16,0,TREE,A_flag_ceiling
all_reduce_perf,1,8,2097152,524288,float,sum,131.34,15.97,27.94,0,131.85,15.91,27.83,0,TREE,LL,16,TREE,LL,16,0,TREE,A_flag_ceiling
all_reduce_perf,1,8,4194304,1048576,float,sum,241.53,17.37,30.39,0,242.47,17.3,30.27,0,TREE,LL,16,TREE,LL,16,0,TREE,A_flag_ceiling
all_reduce_perf,1,8,8388608,2097152,float,sum,460.04,18.23,31.91,0,461.85,18.16,31.79,0,TREE,LL,16,TREE,LL,16,0,TREE,A_flag_ceiling
all_reduce_perf,1,8,16777216,4194304,float,sum,898.26,18.68,32.69,0,901.93,18.6,32.55,0,TREE,LL,16,TREE,LL,16,0,TREE,A_flag_ceiling
all_reduce_perf,1,8,33554432,8388608,float,sum,1780.21,18.85,32.98,0,1779.64,18.85,33.0,0,TREE,LL,16,TREE,LL,16,0,TREE,A_flag_ceiling
all_reduce_perf,1,8,67108864,16777216,float,sum,3566.8,18.81,32.93,0,3562.19,18.84,32.97,0,TREE,LL,16,TREE,LL,16,0,TREE,A_flag_ceiling
all_reduce_perf,1,8,134217728,33554432,float,sum,7123.9,18.84,32.97,0,7110.47,18.88,33.03,0,TREE,LL,16,TREE,LL,16,0,TREE,A_flag_ceiling
all_reduce_perf,1,8,268435456,67108864,float,sum,14255.1,18.83,32.95,0,14181.5,18.93,33.12,0,TREE,LL,16,TREE,LL,16,0,TREE,A_flag_ceiling
all_reduce_perf,1,8,536870912,134217728,float,sum,28428.0,18.89,33.05,0,28295.1,18.97,33.2,0,TREE,LL,16,TREE,LL,16,0,TREE,A_flag_ceiling
all_reduce_perf,1,8,4096,1024,float,sum,20.67,0.2,0.35,0,19.11,0.21,0.38,0,TREE,LL,24,TREE,LL,24,0,TREE,A_flag_ceiling
all_reduce_perf,1,8,8192,2048,float,sum,21.13,0.39,0.68,0,20.34,0.4,0.7,0,TREE,LL,24,TREE,LL,24,0,TREE,A_flag_ceiling
all_reduce_perf,1,8,16384,4096,float,sum,23.77,0.69,1.21,0,20.79,0.79,1.38,0,TREE,LL,24,TREE,LL,24,0,TREE,A_flag_ceiling
all_reduce_perf,1,8,32768,8192,float,sum,21.3,1.54,2.69,0,20.97,1.56,2.73,0,TREE,LL,24,TREE,LL,24,0,TREE,A_flag_ceiling
all_reduce_perf,1,8,65536,16384,float,sum,23.97,2.73,4.78,0,23.7,2.77,4.84,0,TREE,LL,24,TREE,LL,24,0,TREE,A_flag_ceiling
all_reduce_perf,1,8,131072,32768,float,sum,28.29,4.63,8.11,0,26.38,4.97,8.7,0,TREE,LL,24,TREE,LL,24,0,TREE,A_flag_ceiling
all_reduce_perf,1,8,262144,65536,float,sum,32.39,8.09,14.16,0,32.52,8.06,14.11,0,TREE,LL,24,TREE,LL,24,0,TREE,A_flag_ceiling
all_reduce_perf,1,8,524288,131072,float,sum,41.49,12.64,22.11,0,41.68,12.58,22.01,0,TREE,LL,24,TREE,LL,24,0,TREE,A_flag_ceiling
all_reduce_perf,1,8,1048576,262144,float,sum,60.76,17.26,30.2,0,61.21,17.13,29.98,0,TREE,LL,24,TREE,LL,24,0,TREE,A_flag_ceiling
all_reduce_perf,1,8,2097152,524288,float,sum,96.95,21.63,37.85,0,97.61,21.48,37.6,0,TREE,LL,24,TREE,LL,24,0,TREE,A_flag_ceiling
all_reduce_perf,1,8,4194304,1048576,float,sum,170.55,24.59,43.04,0,171.57,24.45,42.78,0,TREE,LL,24,TREE,LL,24,0,TREE,A_flag_ceiling
all_reduce_perf,1,8,8388608,2097152,float,sum,317.49,26.42,46.24,0,317.86,26.39,46.18,0,TREE,LL,24,TREE,LL,24,0,TREE,A_flag_ceiling
all_reduce_perf,1,8,16777216,4194304,float,sum,611.9,27.42,47.98,0,613.89,27.33,47.83,0,TREE,LL,24,TREE,LL,24,0,TREE,A_flag_ceiling
all_reduce_perf,1,8,33554432,8388608,float,sum,1207.03,27.8,48.65,0,1208.63,27.76,48.58,0,TREE,LL,24,TREE,LL,24,0,TREE,A_flag_ceiling
all_reduce_perf,1,8,67108864,16777216,float,sum,2417.39,27.76,48.58,0,2408.2,27.87,48.77,0,TREE,LL,24,TREE,LL,24,0,TREE,A_flag_ceiling
all_reduce_perf,1,8,134217728,33554432,float,sum,4829.06,27.79,48.64,0,4810.42,27.9,48.83,0,TREE,LL,24,TREE,LL,24,0,TREE,A_flag_ceiling
all_reduce_perf,1,8,268435456,67108864,float,sum,9654.76,27.8,48.66,0,9601.34,27.96,48.93,0,TREE,LL,24,TREE,LL,24,0,TREE,A_flag_ceiling
all_reduce_perf,1,8,536870912,134217728,float,sum,19263.4,27.87,48.77,0,19189.1,27.98,48.96,0,TREE,LL,24,TREE,LL,24,0,TREE,A_flag_ceiling
all_reduce_perf,1,8,4096,1024,float,sum,21.71,0.19,0.33,0,20.29,0.2,0.35,0,TREE,LL,32,TREE,LL,32,0,TREE,A_flag_ceiling
all_reduce_perf,1,8,8192,2048,float,sum,21.17,0.39,0.68,0,20.63,0.4,0.69,0,TREE,LL,32,TREE,LL,32,0,TREE,A_flag_ceiling
all_reduce_perf,1,8,16384,4096,float,sum,24.21,0.68,1.18,0,21.81,0.75,1.31,0,TREE,LL,32,TREE,LL,32,0,TREE,A_flag_ceiling
all_reduce_perf,1,8,32768,8192,float,sum,21.4,1.53,2.68,0,21.17,1.55,2.71,0,TREE,LL,32,TREE,LL,32,0,TREE,A_flag_ceiling
all_reduce_perf,1,8,65536,16384,float,sum,21.79,3.01,5.26,0,21.53,3.04,5.33,0,TREE,LL,32,TREE,LL,32,0,TREE,A_flag_ceiling
all_reduce_perf,1,8,131072,32768,float,sum,27.0,4.86,8.5,0,24.58,5.33,9.33,0,TREE,LL,32,TREE,LL,32,0,TREE,A_flag_ceiling
all_reduce_perf,1,8,262144,65536,float,sum,29.04,9.03,15.8,0,29.55,8.87,15.52,0,TREE,LL,32,TREE,LL,32,0,TREE,A_flag_ceiling
all_reduce_perf,1,8,524288,131072,float,sum,36.9,14.21,24.86,0,37.33,14.04,24.58,0,TREE,LL,32,TREE,LL,32,0,TREE,A_flag_ceiling
all_reduce_perf,1,8,1048576,262144,float,sum,51.97,20.18,35.31,0,51.68,20.29,35.51,0,TREE,LL,32,TREE,LL,32,0,TREE,A_flag_ceiling
all_reduce_perf,1,8,2097152,524288,float,sum,79.23,26.47,46.32,0,79.62,26.34,46.1,0,TREE,LL,32,TREE,LL,32,0,TREE,A_flag_ceiling
all_reduce_perf,1,8,4194304,1048576,float,sum,135.26,31.01,54.26,0,135.83,30.88,54.04,0,TREE,LL,32,TREE,LL,32,0,TREE,A_flag_ceiling
all_reduce_perf,1,8,8388608,2097152,float,sum,248.11,33.81,59.17,0,248.62,33.74,59.05,0,TREE,LL,32,TREE,LL,32,0,TREE,A_flag_ceiling
all_reduce_perf,1,8,16777216,4194304,float,sum,472.21,35.53,62.18,0,474.36,35.37,61.89,0,TREE,LL,32,TREE,LL,32,0,TREE,A_flag_ceiling
all_reduce_perf,1,8,33554432,8388608,float,sum,923.79,36.32,63.56,0,925.13,36.27,63.47,0,TREE,LL,32,TREE,LL,32,0,TREE,A_flag_ceiling
all_reduce_perf,1,8,67108864,16777216,float,sum,1834.47,36.58,64.02,0,1830.32,36.67,64.16,0,TREE,LL,32,TREE,LL,32,0,TREE,A_flag_ceiling
all_reduce_perf,1,8,134217728,33554432,float,sum,3652.74,36.74,64.3,0,3652.1,36.75,64.31,0,TREE,LL,32,TREE,LL,32,0,TREE,A_flag_ceiling
all_reduce_perf,1,8,268435456,67108864,float,sum,7296.09,36.79,64.39,0,7285.23,36.85,64.48,0,TREE,LL,32,TREE,LL,32,0,TREE,A_flag_ceiling
all_reduce_perf,1,8,536870912,134217728,float,sum,14530.2,36.95,64.66,0,14549.6,36.9,64.57,0,TREE,LL,32,TREE,LL,32,0,TREE,A_flag_ceiling
all_reduce_perf,1,8,4096,1024,float,sum,20.57,0.2,0.35,0,19.76,0.21,0.36,0,TREE,LL,40,TREE,LL,40,0,TREE,A_flag_ceiling
all_reduce_perf,1,8,8192,2048,float,sum,21.39,0.38,0.67,0,20.74,0.4,0.69,0,TREE,LL,40,TREE,LL,40,0,TREE,A_flag_ceiling
all_reduce_perf,1,8,16384,4096,float,sum,22.0,0.74,1.3,0,22.32,0.73,1.28,0,TREE,LL,40,TREE,LL,40,0,TREE,A_flag_ceiling
all_reduce_perf,1,8,32768,8192,float,sum,21.3,1.54,2.69,0,20.79,1.58,2.76,0,TREE,LL,40,TREE,LL,40,0,TREE,A_flag_ceiling
all_reduce_perf,1,8,65536,16384,float,sum,21.82,3.0,5.26,0,21.28,3.08,5.39,0,TREE,LL,40,TREE,LL,40,0,TREE,A_flag_ceiling
all_reduce_perf,1,8,131072,32768,float,sum,26.97,4.86,8.51,0,25.6,5.12,8.96,0,TREE,LL,40,TREE,LL,40,0,TREE,A_flag_ceiling
all_reduce_perf,1,8,262144,65536,float,sum,29.05,9.02,15.79,0,29.3,8.95,15.65,0,TREE,LL,40,TREE,LL,40,0,TREE,A_flag_ceiling
all_reduce_perf,1,8,524288,131072,float,sum,35.27,14.87,26.01,0,35.73,14.68,25.68,0,TREE,LL,40,TREE,LL,40,0,TREE,A_flag_ceiling
all_reduce_perf,1,8,1048576,262144,float,sum,47.9,21.89,38.31,0,46.61,22.49,39.37,0,TREE,LL,40,TREE,LL,40,0,TREE,A_flag_ceiling
all_reduce_perf,1,8,2097152,524288,float,sum,69.69,30.09,52.66,0,70.28,29.84,52.22,0,TREE,LL,40,TREE,LL,40,0,TREE,A_flag_ceiling
all_reduce_perf,1,8,4194304,1048576,float,sum,115.38,36.35,63.62,0,116.26,36.08,63.14,0,TREE,LL,40,TREE,LL,40,0,TREE,A_flag_ceiling
all_reduce_perf,1,8,8388608,2097152,float,sum,205.46,40.83,71.45,0,207.5,40.43,70.75,0,TREE,LL,40,TREE,LL,40,0,TREE,A_flag_ceiling
all_reduce_perf,1,8,16777216,4194304,float,sum,387.13,43.34,75.84,0,390.39,42.98,75.21,0,TREE,LL,40,TREE,LL,40,0,TREE,A_flag_ceiling
all_reduce_perf,1,8,33554432,8388608,float,sum,752.53,44.59,78.03,0,755.72,44.4,77.7,0,TREE,LL,40,TREE,LL,40,0,TREE,A_flag_ceiling
all_reduce_perf,1,8,67108864,16777216,float,sum,1496.76,44.84,78.46,0,1499.06,44.77,78.34,0,TREE,LL,40,TREE,LL,40,0,TREE,A_flag_ceiling
all_reduce_perf,1,8,134217728,33554432,float,sum,2982.37,45.0,78.76,0,2978.27,45.07,78.86,0,TREE,LL,40,TREE,LL,40,0,TREE,A_flag_ceiling
all_reduce_perf,1,8,268435456,67108864,float,sum,5946.08,45.14,79.0,0,5942.29,45.17,79.05,0,TREE,LL,40,TREE,LL,40,0,TREE,A_flag_ceiling
all_reduce_perf,1,8,536870912,134217728,float,sum,11853.9,45.29,79.26,0,11861.9,45.26,79.21,0,TREE,LL,40,TREE,LL,40,0,TREE,A_flag_ceiling
all_reduce_perf,1,8,4096,1024,float,sum,20.73,0.2,0.35,0,19.41,0.21,0.37,0,TREE,LL,48,TREE,LL,48,0,TREE,A_flag_ceiling
all_reduce_perf,1,8,8192,2048,float,sum,20.58,0.4,0.7,0,19.89,0.41,0.72,0,TREE,LL,48,TREE,LL,48,0,TREE,A_flag_ceiling
all_reduce_perf,1,8,16384,4096,float,sum,24.49,0.67,1.17,0,20.93,0.78,1.37,0,TREE,LL,48,TREE,LL,48,0,TREE,A_flag_ceiling
all_reduce_perf,1,8,32768,8192,float,sum,22.26,1.47,2.58,0,21.2,1.55,2.7,0,TREE,LL,48,TREE,LL,48,0,TREE,A_flag_ceiling
all_reduce_perf,1,8,65536,16384,float,sum,21.82,3.0,5.26,0,21.61,3.03,5.31,0,TREE,LL,48,TREE,LL,48,0,TREE,A_flag_ceiling
all_reduce_perf,1,8,131072,32768,float,sum,25.03,5.24,9.17,0,24.99,5.24,9.18,0,TREE,LL,48,TREE,LL,48,0,TREE,A_flag_ceiling
all_reduce_perf,1,8,262144,65536,float,sum,27.26,9.62,16.83,0,27.35,9.59,16.77,0,TREE,LL,48,TREE,LL,48,0,TREE,A_flag_ceiling
all_reduce_perf,1,8,524288,131072,float,sum,33.57,15.62,27.33,0,33.89,15.47,27.07,0,TREE,LL,48,TREE,LL,48,0,TREE,A_flag_ceiling
all_reduce_perf,1,8,1048576,262144,float,sum,44.75,23.43,41.01,0,43.38,24.17,42.3,0,TREE,LL,48,TREE,LL,48,0,TREE,A_flag_ceiling
all_reduce_perf,1,8,2097152,524288,float,sum,63.07,33.25,58.19,0,63.33,33.11,57.95,0,TREE,LL,48,TREE,LL,48,0,TREE,A_flag_ceiling
all_reduce_perf,1,8,4194304,1048576,float,sum,100.89,41.57,72.75,0,101.05,41.51,72.64,0,TREE,LL,48,TREE,LL,48,0,TREE,A_flag_ceiling
all_reduce_perf,1,8,8388608,2097152,float,sum,177.2,47.34,82.84,0,177.65,47.22,82.63,0,TREE,LL,48,TREE,LL,48,0,TREE,A_flag_ceiling
all_reduce_perf,1,8,16777216,4194304,float,sum,329.64,50.9,89.07,0,331.43,50.62,88.59,0,TREE,LL,48,TREE,LL,48,0,TREE,A_flag_ceiling
all_reduce_perf,1,8,33554432,8388608,float,sum,641.48,52.31,91.54,0,641.29,52.32,91.57,0,TREE,LL,48,TREE,LL,48,0,TREE,A_flag_ceiling
all_reduce_perf,1,8,67108864,16777216,float,sum,1265.82,53.02,92.78,0,1263.07,53.13,92.98,0,TREE,LL,48,TREE,LL,48,0,TREE,A_flag_ceiling
all_reduce_perf,1,8,134217728,33554432,float,sum,2502.83,53.63,93.85,0,2500.11,53.68,93.95,0,TREE,LL,48,TREE,LL,48,0,TREE,A_flag_ceiling
all_reduce_perf,1,8,268435456,67108864,float,sum,4979.38,53.91,94.34,0,4968.13,54.03,94.56,0,TREE,LL,48,TREE,LL,48,0,TREE,A_flag_ceiling
all_reduce_perf,1,8,536870912,134217728,float,sum,9872.18,54.38,95.17,0,9916.17,54.14,94.75,0,TREE,LL,48,TREE,LL,48,0,TREE,A_flag_ceiling
all_reduce_perf,1,8,4096,1024,float,sum,21.06,0.19,0.34,0,19.9,0.21,0.36,0,TREE,LL,56,TREE,LL,56,0,TREE,A_flag_ceiling
all_reduce_perf,1,8,8192,2048,float,sum,21.03,0.39,0.68,0,20.38,0.4,0.7,0,TREE,LL,56,TREE,LL,56,0,TREE,A_flag_ceiling
all_reduce_perf,1,8,16384,4096,float,sum,23.57,0.7,1.22,0,22.08,0.74,1.3,0,TREE,LL,56,TREE,LL,56,0,TREE,A_flag_ceiling
all_reduce_perf,1,8,32768,8192,float,sum,21.61,1.52,2.65,0,21.07,1.56,2.72,0,TREE,LL,56,TREE,LL,56,0,TREE,A_flag_ceiling
all_reduce_perf,1,8,65536,16384,float,sum,21.59,3.04,5.31,0,21.65,3.03,5.3,0,TREE,LL,56,TREE,LL,56,0,TREE,A_flag_ceiling
all_reduce_perf,1,8,131072,32768,float,sum,25.12,5.22,9.13,0,25.25,5.19,9.08,0,TREE,LL,56,TREE,LL,56,0,TREE,A_flag_ceiling
all_reduce_perf,1,8,262144,65536,float,sum,27.13,9.66,16.91,0,27.2,9.64,16.87,0,TREE,LL,56,TREE,LL,56,0,TREE,A_flag_ceiling
all_reduce_perf,1,8,524288,131072,float,sum,31.8,16.49,28.85,0,32.06,16.35,28.62,0,TREE,LL,56,TREE,LL,56,0,TREE,A_flag_ceiling
all_reduce_perf,1,8,1048576,262144,float,sum,42.52,24.66,43.16,0,41.81,25.08,43.89,0,TREE,LL,56,TREE,LL,56,0,TREE,A_flag_ceiling
all_reduce_perf,1,8,2097152,524288,float,sum,58.3,35.97,62.95,0,58.29,35.98,62.96,0,TREE,LL,56,TREE,LL,56,0,TREE,A_flag_ceiling
all_reduce_perf,1,8,4194304,1048576,float,sum,90.62,46.28,81.0,0,91.18,46.0,80.5,0,TREE,LL,56,TREE,LL,56,0,TREE,A_flag_ceiling
all_reduce_perf,1,8,8388608,2097152,float,sum,158.65,52.88,92.53,0,158.7,52.86,92.5,0,TREE,LL,56,TREE,LL,56,0,TREE,A_flag_ceiling
all_reduce_perf,1,8,16777216,4194304,float,sum,291.16,57.62,100.84,0,291.62,57.53,100.68,0,TREE,LL,56,TREE,LL,56,0,TREE,A_flag_ceiling
all_reduce_perf,1,8,33554432,8388608,float,sum,559.56,59.97,104.94,0,560.21,59.9,104.82,0,TREE,LL,56,TREE,LL,56,0,TREE,A_flag_ceiling
all_reduce_perf,1,8,67108864,16777216,float,sum,1099.89,61.01,106.77,0,1101.41,60.93,106.63,0,TREE,LL,56,TREE,LL,56,0,TREE,A_flag_ceiling
all_reduce_perf,1,8,134217728,33554432,float,sum,2180.39,61.56,107.72,0,2176.92,61.65,107.9,0,TREE,LL,56,TREE,LL,56,0,TREE,A_flag_ceiling
all_reduce_perf,1,8,268435456,67108864,float,sum,4338.71,61.87,108.27,0,4321.02,62.12,108.72,0,TREE,LL,56,TREE,LL,56,0,TREE,A_flag_ceiling
all_reduce_perf,1,8,536870912,134217728,float,sum,8623.9,62.25,108.94,0,8627.21,62.23,108.9,0,TREE,LL,56,TREE,LL,56,0,TREE,A_flag_ceiling
all_reduce_perf,1,8,4096,1024,float,sum,23.24,0.18,0.31,0,22.11,0.19,0.32,0,TREE,LL,1,,,,0,TREE,A_flag_ceiling
all_reduce_perf,1,8,8192,2048,float,sum,26.52,0.31,0.54,0,26.49,0.31,0.54,0,TREE,LL,1,,,,0,TREE,A_flag_ceiling
all_reduce_perf,1,8,16384,4096,float,sum,35.65,0.46,0.8,0,33.46,0.49,0.86,0,TREE,LL,1,,,,0,TREE,A_flag_ceiling
all_reduce_perf,1,8,32768,8192,float,sum,34.3,0.96,1.67,0,33.93,0.97,1.69,0,TREE,LL,2,,,,0,TREE,A_flag_ceiling
all_reduce_perf,1,8,65536,16384,float,sum,34.83,1.88,3.29,0,34.52,1.9,3.32,0,TREE,LL,4,,,,0,TREE,A_flag_ceiling
all_reduce_perf,1,8,131072,32768,float,sum,36.84,3.56,6.23,0,35.87,3.65,6.4,0,TREE,LL,8,,,,0,TREE,A_flag_ceiling
all_reduce_perf,1,8,262144,65536,float,sum,36.15,7.25,12.69,0,36.18,7.25,12.68,0,TREE,LL,16,,,,0,TREE,A_flag_ceiling
all_reduce_perf,1,8,524288,131072,float,sum,44.58,11.76,20.58,0,43.09,12.17,21.3,0,RING,SIMPLE,16,,,,0,RING,A_flag_ceiling
all_reduce_perf,1,8,1048576,262144,float,sum,45.62,22.99,40.23,0,43.73,23.98,41.96,0,RING,SIMPLE,32,,,,0,RING,A_flag_ceiling
all_reduce_perf,1,8,2097152,524288,float,sum,47.23,44.4,77.7,0,45.99,45.6,79.81,0,RING,SIMPLE,56,,,,0,RING,A_flag_ceiling
all_reduce_perf,1,8,4194304,1048576,float,sum,58.63,71.54,125.19,0,57.13,73.42,128.48,0,RING,SIMPLE,56,,,,0,RING,A_flag_ceiling
all_reduce_perf,1,8,8388608,2097152,float,sum,76.49,109.67,191.93,0,74.25,112.98,197.71,0,RING,SIMPLE,56,,,,0,RING,A_flag_ceiling
all_reduce_perf,1,8,16777216,4194304,float,sum,110.57,151.73,265.52,0,109.36,153.42,268.48,0,RING,SIMPLE,56,,,,0,RING,A_flag_ceiling
all_reduce_perf,1,8,33554432,8388608,float,sum,185.3,181.08,316.89,0,184.51,181.86,318.25,0,RING,SIMPLE,56,,,,0,RING,A_flag_ceiling
all_reduce_perf,1,8,67108864,16777216,float,sum,331.31,202.56,354.48,0,329.84,203.46,356.05,0,RING,SIMPLE,56,,,,0,RING*,A_flag_ceiling
all_reduce_perf,1,8,134217728,33554432,float,sum,618.79,216.9,379.58,0,619.37,216.7,379.23,0,RING,SIMPLE,56,,,,0,RING*,A_flag_ceiling
all_reduce_perf,1,8,268435456,67108864,float,sum,1205.11,222.75,389.81,0,1204.13,222.93,390.13,0,RING,SIMPLE,56,,,,0,RING*,A_flag_ceiling
all_reduce_perf,1,8,536870912,134217728,float,sum,2371.26,226.41,396.21,0,2369.75,226.55,396.47,0,RING,SIMPLE,56,,,,0,RING*,A_flag_ceiling
