collective,num_nodes,num_gpus,size_bytes,count,data_type,redop,time_oop_us,algbw_oop,busbw_oop,errors_oop,time_ip_us,algbw_ip,busbw_ip,errors_ip,algo,proto,nchannels,requested_algo,requested_proto,requested_nchannels,substituted,measured_algo_raw,nchannels_source
broadcast_perf,2,16,4096,1024,float,none,95.85,0.04,0.04,0,57.05,0.07,0.07,0,RING,SIMPLE,1,RING,SIMPLE,1,0,RING,A_flag_ceiling
broadcast_perf,2,16,8192,2048,float,none,138.56,0.06,0.06,0,48.94,0.17,0.17,0,RING,SIMPLE,1,RING,SIMPLE,1,0,RING,A_flag_ceiling
broadcast_perf,2,16,16384,4096,float,none,76.87,0.21,0.21,0,59.8,0.27,0.27,0,RING,SIMPLE,1,RING,SIMPLE,1,0,RING,A_flag_ceiling
broadcast_perf,2,16,32768,8192,float,none,89.7,0.37,0.37,0,64.28,0.51,0.51,0,RING,SIMPLE,1,RING,SIMPLE,1,0,RING,A_flag_ceiling
broadcast_perf,2,16,65536,16384,float,none,137.77,0.48,0.48,0,146.39,0.45,0.45,0,RING,SIMPLE,1,RING,SIMPLE,1,0,RING,A_flag_ceiling
broadcast_perf,2,16,131072,32768,float,none,130.46,1.0,1.0,0,316.59,0.41,0.41,0,RING,SIMPLE,1,RING,SIMPLE,1,0,RING,A_flag_ceiling
broadcast_perf,2,16,262144,65536,float,none,207.65,1.26,1.26,0,122.63,2.14,2.14,0,RING,SIMPLE,1,RING,SIMPLE,1,0,RING,A_flag_ceiling
broadcast_perf,2,16,524288,131072,float,none,158.76,3.3,3.3,0,103.72,5.05,5.05,0,RING,SIMPLE,1,RING,SIMPLE,1,0,RING,A_flag_ceiling
broadcast_perf,2,16,1048576,262144,float,none,188.76,5.56,5.56,0,269.45,3.89,3.89,0,RING,SIMPLE,1,RING,SIMPLE,1,0,RING,A_flag_ceiling
broadcast_perf,2,16,2097152,524288,float,none,298.09,7.04,7.04,0,272.68,7.69,7.69,0,RING,SIMPLE,1,RING,SIMPLE,1,0,RING,A_flag_ceiling
broadcast_perf,2,16,4194304,1048576,float,none,527.44,7.95,7.95,0,507.9,8.26,8.26,0,RING,SIMPLE,1,RING,SIMPLE,1,0,RING,A_flag_ceiling
broadcast_perf,2,16,8388608,2097152,float,none,736.06,11.4,11.4,0,711.9,11.78,11.78,0,RING,SIMPLE,1,RING,SIMPLE,1,0,RING,A_flag_ceiling
broadcast_perf,2,16,16777216,4194304,float,none,1557.8,10.77,10.77,0,1493.85,11.23,11.23,0,RING,SIMPLE,1,RING,SIMPLE,1,0,RING,A_flag_ceiling
broadcast_perf,2,16,33554432,8388608,float,none,2233.77,15.02,15.02,0,2517.63,13.33,13.33,0,RING,SIMPLE,1,RING,SIMPLE,1,0,RING,A_flag_ceiling
broadcast_perf,2,16,67108864,16777216,float,none,4708.55,14.25,14.25,0,4612.41,14.55,14.55,0,RING,SIMPLE,1,RING,SIMPLE,1,0,RING,A_flag_ceiling
broadcast_perf,2,16,134217728,33554432,float,none,9199.82,14.59,14.59,0,8886.78,15.1,15.1,0,RING,SIMPLE,1,RING,SIMPLE,1,0,RING,A_flag_ceiling
broadcast_perf,2,16,268435456,67108864,float,none,18303.8,14.67,14.67,0,17321.9,15.5,15.5,0,RING,SIMPLE,1,RING,SIMPLE,1,0,RING,A_flag_ceiling
broadcast_perf,2,16,536870912,134217728,float,none,33835.0,15.87,15.87,0,33014.1,16.26,16.26,0,RING,SIMPLE,1,RING,SIMPLE,1,0,RING,A_flag_ceiling
broadcast_perf,2,16,4096,1024,float,none,20.98,0.2,0.2,0,17.87,0.23,0.23,0,RING,LL,1,RING,LL,1,0,RING,A_flag_ceiling
broadcast_perf,2,16,8192,2048,float,none,20.59,0.4,0.4,0,17.98,0.46,0.46,0,RING,LL,1,RING,LL,1,0,RING,A_flag_ceiling
broadcast_perf,2,16,16384,4096,float,none,24.38,0.67,0.67,0,21.25,0.77,0.77,0,RING,LL,1,RING,LL,1,0,RING,A_flag_ceiling
broadcast_perf,2,16,32768,8192,float,none,30.6,1.07,1.07,0,25.11,1.31,1.31,0,RING,LL,1,RING,LL,1,0,RING,A_flag_ceiling
broadcast_perf,2,16,65536,16384,float,none,41.35,1.58,1.58,0,37.9,1.73,1.73,0,RING,LL,1,RING,LL,1,0,RING,A_flag_ceiling
broadcast_perf,2,16,131072,32768,float,none,59.95,2.19,2.19,0,59.66,2.2,2.2,0,RING,LL,1,RING,LL,1,0,RING,A_flag_ceiling
broadcast_perf,2,16,262144,65536,float,none,106.45,2.46,2.46,0,107.0,2.45,2.45,0,RING,LL,1,RING,LL,1,0,RING,A_flag_ceiling
broadcast_perf,2,16,524288,131072,float,none,206.47,2.54,2.54,0,208.07,2.52,2.52,0,RING,LL,1,RING,LL,1,0,RING,A_flag_ceiling
broadcast_perf,2,16,1048576,262144,float,none,411.56,2.55,2.55,0,411.51,2.55,2.55,0,RING,LL,1,RING,LL,1,0,RING,A_flag_ceiling
broadcast_perf,2,16,2097152,524288,float,none,821.06,2.55,2.55,0,817.36,2.57,2.57,0,RING,LL,1,RING,LL,1,0,RING,A_flag_ceiling
broadcast_perf,2,16,4194304,1048576,float,none,1617.95,2.59,2.59,0,1611.67,2.6,2.6,0,RING,LL,1,RING,LL,1,0,RING,A_flag_ceiling
broadcast_perf,2,16,8388608,2097152,float,none,3235.2,2.59,2.59,0,3212.62,2.61,2.61,0,RING,LL,1,RING,LL,1,0,RING,A_flag_ceiling
broadcast_perf,2,16,16777216,4194304,float,none,6636.11,2.53,2.53,0,6421.4,2.61,2.61,0,RING,LL,1,RING,LL,1,0,RING,A_flag_ceiling
broadcast_perf,2,16,33554432,8388608,float,none,13089.1,2.56,2.56,0,13180.5,2.55,2.55,0,RING,LL,1,RING,LL,1,0,RING,A_flag_ceiling
broadcast_perf,2,16,67108864,16777216,float,none,26139.7,2.57,2.57,0,26008.1,2.58,2.58,0,RING,LL,1,RING,LL,1,0,RING,A_flag_ceiling
broadcast_perf,2,16,134217728,33554432,float,none,52709.2,2.55,2.55,0,51381.1,2.61,2.61,0,RING,LL,1,RING,LL,1,0,RING,A_flag_ceiling
broadcast_perf,2,16,268435456,67108864,float,none,116656.0,2.3,2.3,0,132017.0,2.03,2.03,0,RING,LL,1,RING,LL,1,0,RING,A_flag_ceiling
broadcast_perf,2,16,536870912,134217728,float,none,262248.0,2.05,2.05,0,244627.0,2.19,2.19,0,RING,LL,1,RING,LL,1,0,RING,A_flag_ceiling
broadcast_perf,2,16,4096,1024,float,none,21.97,0.19,0.19,0,22.92,0.18,0.18,0,RING,LL128,1,RING,LL128,1,0,RING,A_flag_ceiling
broadcast_perf,2,16,8192,2048,float,none,18.26,0.45,0.45,0,22.13,0.37,0.37,0,RING,LL128,1,RING,LL128,1,0,RING,A_flag_ceiling
broadcast_perf,2,16,16384,4096,float,none,22.14,0.74,0.74,0,27.28,0.6,0.6,0,RING,LL128,1,RING,LL128,1,0,RING,A_flag_ceiling
broadcast_perf,2,16,32768,8192,float,none,29.06,1.13,1.13,0,23.51,1.39,1.39,0,RING,LL128,1,RING,LL128,1,0,RING,A_flag_ceiling
broadcast_perf,2,16,65536,16384,float,none,28.51,2.3,2.3,0,24.77,2.65,2.65,0,RING,LL128,1,RING,LL128,1,0,RING,A_flag_ceiling
broadcast_perf,2,16,131072,32768,float,none,31.14,4.21,4.21,0,32.71,4.01,4.01,0,RING,LL128,1,RING,LL128,1,0,RING,A_flag_ceiling
broadcast_perf,2,16,262144,65536,float,none,48.21,5.44,5.44,0,45.0,5.83,5.83,0,RING,LL128,1,RING,LL128,1,0,RING,A_flag_ceiling
broadcast_perf,2,16,524288,131072,float,none,72.43,7.24,7.24,0,83.58,6.27,6.27,0,RING,LL128,1,RING,LL128,1,0,RING,A_flag_ceiling
broadcast_perf,2,16,1048576,262144,float,none,125.64,8.35,8.35,0,125.47,8.36,8.36,0,RING,LL128,1,RING,LL128,1,0,RING,A_flag_ceiling
broadcast_perf,2,16,2097152,524288,float,none,226.19,9.27,9.27,0,239.78,8.75,8.75,0,RING,LL128,1,RING,LL128,1,0,RING,A_flag_ceiling
broadcast_perf,2,16,4194304,1048576,float,none,424.77,9.87,9.87,0,418.83,10.01,10.01,0,RING,LL128,1,RING,LL128,1,0,RING,A_flag_ceiling
broadcast_perf,2,16,8388608,2097152,float,none,830.61,10.1,10.1,0,825.19,10.17,10.17,0,RING,LL128,1,RING,LL128,1,0,RING,A_flag_ceiling
broadcast_perf,2,16,16777216,4194304,float,none,1634.28,10.27,10.27,0,1643.43,10.21,10.21,0,RING,LL128,1,RING,LL128,1,0,RING,A_flag_ceiling
broadcast_perf,2,16,33554432,8388608,float,none,3250.75,10.32,10.32,0,3249.95,10.32,10.32,0,RING,LL128,1,RING,LL128,1,0,RING,A_flag_ceiling
broadcast_perf,2,16,67108864,16777216,float,none,6465.4,10.38,10.38,0,6480.36,10.36,10.36,0,RING,LL128,1,RING,LL128,1,0,RING,A_flag_ceiling
broadcast_perf,2,16,134217728,33554432,float,none,12938.3,10.37,10.37,0,12828.3,10.46,10.46,0,RING,LL128,1,RING,LL128,1,0,RING,A_flag_ceiling
broadcast_perf,2,16,268435456,67108864,float,none,25691.1,10.45,10.45,0,25644.2,10.47,10.47,0,RING,LL128,1,RING,LL128,1,0,RING,A_flag_ceiling
broadcast_perf,2,16,536870912,134217728,float,none,51083.7,10.51,10.51,0,51166.4,10.49,10.49,0,RING,LL128,1,RING,LL128,1,0,RING,A_flag_ceiling
broadcast_perf,2,16,4096,1024,float,none,19.71,0.21,0.21,0,18.61,0.22,0.22,0,RING,SIMPLE,2,RING,SIMPLE,2,0,RING,A_flag_ceiling
broadcast_perf,2,16,8192,2048,float,none,19.53,0.42,0.42,0,21.81,0.38,0.38,0,RING,SIMPLE,2,RING,SIMPLE,2,0,RING,A_flag_ceiling
broadcast_perf,2,16,16384,4096,float,none,25.49,0.64,0.64,0,22.5,0.73,0.73,0,RING,SIMPLE,2,RING,SIMPLE,2,0,RING,A_flag_ceiling
broadcast_perf,2,16,32768,8192,float,none,53.76,0.61,0.61,0,50.35,0.65,0.65,0,RING,SIMPLE,2,RING,SIMPLE,2,0,RING,A_flag_ceiling
broadcast_perf,2,16,65536,16384,float,none,57.1,1.15,1.15,0,58.82,1.11,1.11,0,RING,SIMPLE,2,RING,SIMPLE,2,0,RING,A_flag_ceiling
broadcast_perf,2,16,131072,32768,float,none,61.98,2.11,2.11,0,62.07,2.11,2.11,0,RING,SIMPLE,2,RING,SIMPLE,2,0,RING,A_flag_ceiling
broadcast_perf,2,16,262144,65536,float,none,72.53,3.61,3.61,0,73.19,3.58,3.58,0,RING,SIMPLE,2,RING,SIMPLE,2,0,RING,A_flag_ceiling
broadcast_perf,2,16,524288,131072,float,none,92.03,5.7,5.7,0,92.98,5.64,5.64,0,RING,SIMPLE,2,RING,SIMPLE,2,0,RING,A_flag_ceiling
broadcast_perf,2,16,1048576,262144,float,none,127.63,8.22,8.22,0,122.4,8.57,8.57,0,RING,SIMPLE,2,RING,SIMPLE,2,0,RING,A_flag_ceiling
broadcast_perf,2,16,2097152,524288,float,none,178.22,11.77,11.77,0,179.76,11.67,11.67,0,RING,SIMPLE,2,RING,SIMPLE,2,0,RING,A_flag_ceiling
broadcast_perf,2,16,4194304,1048576,float,none,274.79,15.26,15.26,0,278.36,15.07,15.07,0,RING,SIMPLE,2,RING,SIMPLE,2,0,RING,A_flag_ceiling
broadcast_perf,2,16,8388608,2097152,float,none,434.78,19.29,19.29,0,434.75,19.3,19.3,0,RING,SIMPLE,2,RING,SIMPLE,2,0,RING,A_flag_ceiling
broadcast_perf,2,16,16777216,4194304,float,none,726.01,23.11,23.11,0,739.81,22.68,22.68,0,RING,SIMPLE,2,RING,SIMPLE,2,0,RING,A_flag_ceiling
broadcast_perf,2,16,33554432,8388608,float,none,1287.44,26.06,26.06,0,1278.53,26.24,26.24,0,RING,SIMPLE,2,RING,SIMPLE,2,0,RING,A_flag_ceiling
broadcast_perf,2,16,67108864,16777216,float,none,2433.04,27.58,27.58,0,2430.17,27.61,27.61,0,RING,SIMPLE,2,RING,SIMPLE,2,0,RING,A_flag_ceiling
broadcast_perf,2,16,134217728,33554432,float,none,4578.38,29.32,29.32,0,4585.62,29.27,29.27,0,RING,SIMPLE,2,RING,SIMPLE,2,0,RING,A_flag_ceiling
broadcast_perf,2,16,268435456,67108864,float,none,9101.27,29.49,29.49,0,9042.44,29.69,29.69,0,RING,SIMPLE,2,RING,SIMPLE,2,0,RING,A_flag_ceiling
broadcast_perf,2,16,536870912,134217728,float,none,18133.5,29.61,29.61,0,18097.5,29.67,29.67,0,RING,SIMPLE,2,RING,SIMPLE,2,0,RING,A_flag_ceiling
broadcast_perf,2,16,4096,1024,float,none,17.45,0.23,0.23,0,23.06,0.18,0.18,0,RING,LL,2,RING,LL,2,0,RING,A_flag_ceiling
broadcast_perf,2,16,8192,2048,float,none,28.46,0.29,0.29,0,39.31,0.21,0.21,0,RING,LL,2,RING,LL,2,0,RING,A_flag_ceiling
broadcast_perf,2,16,16384,4096,float,none,37.59,0.44,0.44,0,31.44,0.52,0.52,0,RING,LL,2,RING,LL,2,0,RING,A_flag_ceiling
broadcast_perf,2,16,32768,8192,float,none,38.44,0.85,0.85,0,36.9,0.89,0.89,0,RING,LL,2,RING,LL,2,0,RING,A_flag_ceiling
broadcast_perf,2,16,65536,16384,float,none,43.98,1.49,1.49,0,43.8,1.5,1.5,0,RING,LL,2,RING,LL,2,0,RING,A_flag_ceiling
broadcast_perf,2,16,131072,32768,float,none,63.44,2.07,2.07,0,58.35,2.25,2.25,0,RING,LL,2,RING,LL,2,0,RING,A_flag_ceiling
broadcast_perf,2,16,262144,65536,float,none,84.88,3.09,3.09,0,86.25,3.04,3.04,0,RING,LL,2,RING,LL,2,0,RING,A_flag_ceiling
broadcast_perf,2,16,524288,131072,float,none,143.09,3.66,3.66,0,144.91,3.62,3.62,0,RING,LL,2,RING,LL,2,0,RING,A_flag_ceiling
broadcast_perf,2,16,1048576,262144,float,none,251.68,4.17,4.17,0,253.69,4.13,4.13,0,RING,LL,2,RING,LL,2,0,RING,A_flag_ceiling
broadcast_perf,2,16,2097152,524288,float,none,473.02,4.43,4.43,0,469.86,4.46,4.46,0,RING,LL,2,RING,LL,2,0,RING,A_flag_ceiling
broadcast_perf,2,16,4194304,1048576,float,none,909.7,4.61,4.61,0,902.15,4.65,4.65,0,RING,LL,2,RING,LL,2,0,RING,A_flag_ceiling
broadcast_perf,2,16,8388608,2097152,float,none,1787.61,4.69,4.69,0,1789.17,4.69,4.69,0,RING,LL,2,RING,LL,2,0,RING,A_flag_ceiling
broadcast_perf,2,16,16777216,4194304,float,none,3566.58,4.7,4.7,0,3570.3,4.7,4.7,0,RING,LL,2,RING,LL,2,0,RING,A_flag_ceiling
broadcast_perf,2,16,33554432,8388608,float,none,7106.7,4.72,4.72,0,7091.46,4.73,4.73,0,RING,LL,2,RING,LL,2,0,RING,A_flag_ceiling
broadcast_perf,2,16,67108864,16777216,float,none,14157.3,4.74,4.74,0,14199.4,4.73,4.73,0,RING,LL,2,RING,LL,2,0,RING,A_flag_ceiling
broadcast_perf,2,16,134217728,33554432,float,none,28406.2,4.72,4.72,0,28361.2,4.73,4.73,0,RING,LL,2,RING,LL,2,0,RING,A_flag_ceiling
broadcast_perf,2,16,268435456,67108864,float,none,56697.2,4.73,4.73,0,56963.8,4.71,4.71,0,RING,LL,2,RING,LL,2,0,RING,A_flag_ceiling
broadcast_perf,2,16,536870912,134217728,float,none,114598.0,4.68,4.68,0,115139.0,4.66,4.66,0,RING,LL,2,RING,LL,2,0,RING,A_flag_ceiling
broadcast_perf,2,16,4096,1024,float,none,19.29,0.21,0.21,0,20.55,0.2,0.2,0,RING,LL128,2,RING,LL128,2,0,RING,A_flag_ceiling
broadcast_perf,2,16,8192,2048,float,none,25.24,0.32,0.32,0,21.46,0.38,0.38,0,RING,LL128,2,RING,LL128,2,0,RING,A_flag_ceiling
broadcast_perf,2,16,16384,4096,float,none,28.91,0.57,0.57,0,21.09,0.78,0.78,0,RING,LL128,2,RING,LL128,2,0,RING,A_flag_ceiling
broadcast_perf,2,16,32768,8192,float,none,38.95,0.84,0.84,0,37.03,0.88,0.88,0,RING,LL128,2,RING,LL128,2,0,RING,A_flag_ceiling
broadcast_perf,2,16,65536,16384,float,none,41.87,1.57,1.57,0,42.21,1.55,1.55,0,RING,LL128,2,RING,LL128,2,0,RING,A_flag_ceiling
broadcast_perf,2,16,131072,32768,float,none,50.83,2.58,2.58,0,50.06,2.62,2.62,0,RING,LL128,2,RING,LL128,2,0,RING,A_flag_ceiling
broadcast_perf,2,16,262144,65536,float,none,57.73,4.54,4.54,0,57.79,4.54,4.54,0,RING,LL128,2,RING,LL128,2,0,RING,A_flag_ceiling
broadcast_perf,2,16,524288,131072,float,none,73.51,7.13,7.13,0,75.39,6.95,6.95,0,RING,LL128,2,RING,LL128,2,0,RING,A_flag_ceiling
broadcast_perf,2,16,1048576,262144,float,none,100.06,10.48,10.48,0,95.6,10.97,10.97,0,RING,LL128,2,RING,LL128,2,0,RING,A_flag_ceiling
broadcast_perf,2,16,2097152,524288,float,none,146.34,14.33,14.33,0,147.64,14.2,14.2,0,RING,LL128,2,RING,LL128,2,0,RING,A_flag_ceiling
broadcast_perf,2,16,4194304,1048576,float,none,250.35,16.75,16.75,0,244.72,17.14,17.14,0,RING,LL128,2,RING,LL128,2,0,RING,A_flag_ceiling
broadcast_perf,2,16,8388608,2097152,float,none,449.62,18.66,18.66,0,449.57,18.66,18.66,0,RING,LL128,2,RING,LL128,2,0,RING,A_flag_ceiling
broadcast_perf,2,16,16777216,4194304,float,none,858.46,19.54,19.54,0,861.72,19.47,19.47,0,RING,LL128,2,RING,LL128,2,0,RING,A_flag_ceiling
broadcast_perf,2,16,33554432,8388608,float,none,1699.07,19.75,19.75,0,1696.95,19.77,19.77,0,RING,LL128,2,RING,LL128,2,0,RING,A_flag_ceiling
broadcast_perf,2,16,67108864,16777216,float,none,3377.83,19.87,19.87,0,3381.23,19.85,19.85,0,RING,LL128,2,RING,LL128,2,0,RING,A_flag_ceiling
broadcast_perf,2,16,134217728,33554432,float,none,6741.27,19.91,19.91,0,6724.24,19.96,19.96,0,RING,LL128,2,RING,LL128,2,0,RING,A_flag_ceiling
broadcast_perf,2,16,268435456,67108864,float,none,13428.9,19.99,19.99,0,13436.8,19.98,19.98,0,RING,LL128,2,RING,LL128,2,0,RING,A_flag_ceiling
broadcast_perf,2,16,536870912,134217728,float,none,26883.0,19.97,19.97,0,26733.0,20.08,20.08,0,RING,LL128,2,RING,LL128,2,0,RING,A_flag_ceiling
broadcast_perf,2,16,4096,1024,float,none,20.45,0.2,0.2,0,26.23,0.16,0.16,0,RING,SIMPLE,4,RING,SIMPLE,4,0,RING,A_flag_ceiling
broadcast_perf,2,16,8192,2048,float,none,25.83,0.32,0.32,0,19.8,0.41,0.41,0,RING,SIMPLE,4,RING,SIMPLE,4,0,RING,A_flag_ceiling
broadcast_perf,2,16,16384,4096,float,none,28.49,0.58,0.58,0,26.4,0.62,0.62,0,RING,SIMPLE,4,RING,SIMPLE,4,0,RING,A_flag_ceiling
broadcast_perf,2,16,32768,8192,float,none,51.2,0.64,0.64,0,49.88,0.66,0.66,0,RING,SIMPLE,4,RING,SIMPLE,4,0,RING,A_flag_ceiling
broadcast_perf,2,16,65536,16384,float,none,74.42,0.88,0.88,0,73.59,0.89,0.89,0,RING,SIMPLE,4,RING,SIMPLE,4,0,RING,A_flag_ceiling
broadcast_perf,2,16,131072,32768,float,none,86.15,1.52,1.52,0,85.92,1.53,1.53,0,RING,SIMPLE,4,RING,SIMPLE,4,0,RING,A_flag_ceiling
broadcast_perf,2,16,262144,65536,float,none,89.82,2.92,2.92,0,91.84,2.85,2.85,0,RING,SIMPLE,4,RING,SIMPLE,4,0,RING,A_flag_ceiling
broadcast_perf,2,16,524288,131072,float,none,101.44,5.17,5.17,0,102.04,5.14,5.14,0,RING,SIMPLE,4,RING,SIMPLE,4,0,RING,A_flag_ceiling
broadcast_perf,2,16,1048576,262144,float,none,125.64,8.35,8.35,0,126.31,8.3,8.3,0,RING,SIMPLE,4,RING,SIMPLE,4,0,RING,A_flag_ceiling
broadcast_perf,2,16,2097152,524288,float,none,168.22,12.47,12.47,0,168.28,12.46,12.46,0,RING,SIMPLE,4,RING,SIMPLE,4,0,RING,A_flag_ceiling
broadcast_perf,2,16,4194304,1048576,float,none,226.96,18.48,18.48,0,226.6,18.51,18.51,0,RING,SIMPLE,4,RING,SIMPLE,4,0,RING,A_flag_ceiling
broadcast_perf,2,16,8388608,2097152,float,none,349.83,23.98,23.98,0,347.67,24.13,24.13,0,RING,SIMPLE,4,RING,SIMPLE,4,0,RING,A_flag_ceiling
broadcast_perf,2,16,16777216,4194304,float,none,528.67,31.73,31.73,0,527.68,31.79,31.79,0,RING,SIMPLE,4,RING,SIMPLE,4,0,RING,A_flag_ceiling
broadcast_perf,2,16,33554432,8388608,float,none,893.98,37.53,37.53,0,889.22,37.73,37.73,0,RING,SIMPLE,4,RING,SIMPLE,4,0,RING,A_flag_ceiling
broadcast_perf,2,16,67108864,16777216,float,none,1508.97,44.47,44.47,0,1510.98,44.41,44.41,0,RING,SIMPLE,4,RING,SIMPLE,4,0,RING,A_flag_ceiling
broadcast_perf,2,16,134217728,33554432,float,none,2814.6,47.69,47.69,0,2814.93,47.68,47.68,0,RING,SIMPLE,4,RING,SIMPLE,4,0,RING,A_flag_ceiling
broadcast_perf,2,16,268435456,67108864,float,none,5128.88,52.34,52.34,0,5122.12,52.41,52.41,0,RING,SIMPLE,4,RING,SIMPLE,4,0,RING,A_flag_ceiling
broadcast_perf,2,16,536870912,134217728,float,none,9762.86,54.99,54.99,0,9750.0,55.06,55.06,0,RING,SIMPLE,4,RING,SIMPLE,4,0,RING,A_flag_ceiling
broadcast_perf,2,16,4096,1024,float,none,18.5,0.22,0.22,0,17.1,0.24,0.24,0,RING,LL,4,RING,LL,4,0,RING,A_flag_ceiling
broadcast_perf,2,16,8192,2048,float,none,30.94,0.26,0.26,0,31.89,0.26,0.26,0,RING,LL,4,RING,LL,4,0,RING,A_flag_ceiling
broadcast_perf,2,16,16384,4096,float,none,40.88,0.4,0.4,0,41.67,0.39,0.39,0,RING,LL,4,RING,LL,4,0,RING,A_flag_ceiling
broadcast_perf,2,16,32768,8192,float,none,47.99,0.68,0.68,0,46.7,0.7,0.7,0,RING,LL,4,RING,LL,4,0,RING,A_flag_ceiling
broadcast_perf,2,16,65536,16384,float,none,56.59,1.16,1.16,0,56.28,1.16,1.16,0,RING,LL,4,RING,LL,4,0,RING,A_flag_ceiling
broadcast_perf,2,16,131072,32768,float,none,63.84,2.05,2.05,0,64.54,2.03,2.03,0,RING,LL,4,RING,LL,4,0,RING,A_flag_ceiling
broadcast_perf,2,16,262144,65536,float,none,81.13,3.23,3.23,0,80.13,3.27,3.27,0,RING,LL,4,RING,LL,4,0,RING,A_flag_ceiling
broadcast_perf,2,16,524288,131072,float,none,109.52,4.79,4.79,0,110.96,4.72,4.72,0,RING,LL,4,RING,LL,4,0,RING,A_flag_ceiling
broadcast_perf,2,16,1048576,262144,float,none,172.63,6.07,6.07,0,174.11,6.02,6.02,0,RING,LL,4,RING,LL,4,0,RING,A_flag_ceiling
broadcast_perf,2,16,2097152,524288,float,none,287.17,7.3,7.3,0,287.52,7.29,7.29,0,RING,LL,4,RING,LL,4,0,RING,A_flag_ceiling
broadcast_perf,2,16,4194304,1048576,float,none,521.25,8.05,8.05,0,523.82,8.01,8.01,0,RING,LL,4,RING,LL,4,0,RING,A_flag_ceiling
broadcast_perf,2,16,8388608,2097152,float,none,991.4,8.46,8.46,0,991.44,8.46,8.46,0,RING,LL,4,RING,LL,4,0,RING,A_flag_ceiling
broadcast_perf,2,16,16777216,4194304,float,none,1929.35,8.7,8.7,0,1929.52,8.7,8.7,0,RING,LL,4,RING,LL,4,0,RING,A_flag_ceiling
broadcast_perf,2,16,33554432,8388608,float,none,3831.04,8.76,8.76,0,3829.84,8.76,8.76,0,RING,LL,4,RING,LL,4,0,RING,A_flag_ceiling
broadcast_perf,2,16,67108864,16777216,float,none,7628.06,8.8,8.8,0,7628.68,8.8,8.8,0,RING,LL,4,RING,LL,4,0,RING,A_flag_ceiling
broadcast_perf,2,16,134217728,33554432,float,none,15235.6,8.81,8.81,0,15229.2,8.81,8.81,0,RING,LL,4,RING,LL,4,0,RING,A_flag_ceiling
broadcast_perf,2,16,268435456,67108864,float,none,32131.7,8.35,8.35,0,30345.3,8.85,8.85,0,RING,LL,4,RING,LL,4,0,RING,A_flag_ceiling
broadcast_perf,2,16,536870912,134217728,float,none,60765.4,8.84,8.84,0,60852.3,8.82,8.82,0,RING,LL,4,RING,LL,4,0,RING,A_flag_ceiling
broadcast_perf,2,16,4096,1024,float,none,20.73,0.2,0.2,0,20.6,0.2,0.2,0,RING,LL128,4,RING,LL128,4,0,RING,A_flag_ceiling
broadcast_perf,2,16,8192,2048,float,none,21.95,0.37,0.37,0,17.51,0.47,0.47,0,RING,LL128,4,RING,LL128,4,0,RING,A_flag_ceiling
broadcast_perf,2,16,16384,4096,float,none,23.4,0.7,0.7,0,19.63,0.83,0.83,0,RING,LL128,4,RING,LL128,4,0,RING,A_flag_ceiling
broadcast_perf,2,16,32768,8192,float,none,37.1,0.88,0.88,0,37.18,0.88,0.88,0,RING,LL128,4,RING,LL128,4,0,RING,A_flag_ceiling
broadcast_perf,2,16,65536,16384,float,none,52.2,1.26,1.26,0,53.49,1.23,1.23,0,RING,LL128,4,RING,LL128,4,0,RING,A_flag_ceiling
broadcast_perf,2,16,131072,32768,float,none,59.64,2.2,2.2,0,59.67,2.2,2.2,0,RING,LL128,4,RING,LL128,4,0,RING,A_flag_ceiling
broadcast_perf,2,16,262144,65536,float,none,70.2,3.73,3.73,0,71.2,3.68,3.68,0,RING,LL128,4,RING,LL128,4,0,RING,A_flag_ceiling
broadcast_perf,2,16,524288,131072,float,none,85.6,6.12,6.12,0,88.01,5.96,5.96,0,RING,LL128,4,RING,LL128,4,0,RING,A_flag_ceiling
broadcast_perf,2,16,1048576,262144,float,none,101.45,10.34,10.34,0,99.21,10.57,10.57,0,RING,LL128,4,RING,LL128,4,0,RING,A_flag_ceiling
broadcast_perf,2,16,2097152,524288,float,none,127.94,16.39,16.39,0,128.23,16.35,16.35,0,RING,LL128,4,RING,LL128,4,0,RING,A_flag_ceiling
broadcast_perf,2,16,4194304,1048576,float,none,181.8,23.07,23.07,0,182.13,23.03,23.03,0,RING,LL128,4,RING,LL128,4,0,RING,A_flag_ceiling
broadcast_perf,2,16,8388608,2097152,float,none,295.1,28.43,28.43,0,294.69,28.47,28.47,0,RING,LL128,4,RING,LL128,4,0,RING,A_flag_ceiling
broadcast_perf,2,16,16777216,4194304,float,none,512.78,32.72,32.72,0,513.33,32.68,32.68,0,RING,LL128,4,RING,LL128,4,0,RING,A_flag_ceiling
broadcast_perf,2,16,33554432,8388608,float,none,953.56,35.19,35.19,0,952.75,35.22,35.22,0,RING,LL128,4,RING,LL128,4,0,RING,A_flag_ceiling
broadcast_perf,2,16,67108864,16777216,float,none,1842.75,36.42,36.42,0,1838.59,36.5,36.5,0,RING,LL128,4,RING,LL128,4,0,RING,A_flag_ceiling
broadcast_perf,2,16,134217728,33554432,float,none,3632.71,36.95,36.95,0,3628.15,36.99,36.99,0,RING,LL128,4,RING,LL128,4,0,RING,A_flag_ceiling
broadcast_perf,2,16,268435456,67108864,float,none,7258.28,36.98,36.98,0,7252.81,37.01,37.01,0,RING,LL128,4,RING,LL128,4,0,RING,A_flag_ceiling
broadcast_perf,2,16,536870912,134217728,float,none,14478.3,37.08,37.08,0,14482.8,37.07,37.07,0,RING,LL128,4,RING,LL128,4,0,RING,A_flag_ceiling
broadcast_perf,2,16,4096,1024,float,none,22.34,0.18,0.18,0,21.52,0.19,0.19,0,RING,SIMPLE,8,RING,SIMPLE,8,0,RING,A_flag_ceiling
broadcast_perf,2,16,8192,2048,float,none,24.2,0.34,0.34,0,24.5,0.33,0.33,0,RING,SIMPLE,8,RING,SIMPLE,8,0,RING,A_flag_ceiling
broadcast_perf,2,16,16384,4096,float,none,25.13,0.65,0.65,0,21.96,0.75,0.75,0,RING,SIMPLE,8,RING,SIMPLE,8,0,RING,A_flag_ceiling
broadcast_perf,2,16,32768,8192,float,none,48.65,0.67,0.67,0,50.37,0.65,0.65,0,RING,SIMPLE,8,RING,SIMPLE,8,0,RING,A_flag_ceiling
broadcast_perf,2,16,65536,16384,float,none,70.52,0.93,0.93,0,68.91,0.95,0.95,0,RING,SIMPLE,8,RING,SIMPLE,8,0,RING,A_flag_ceiling
broadcast_perf,2,16,131072,32768,float,none,73.85,1.77,1.77,0,74.66,1.76,1.76,0,RING,SIMPLE,8,RING,SIMPLE,8,0,RING,A_flag_ceiling
broadcast_perf,2,16,262144,65536,float,none,88.02,2.98,2.98,0,90.84,2.89,2.89,0,RING,SIMPLE,8,RING,SIMPLE,8,0,RING,A_flag_ceiling
broadcast_perf,2,16,524288,131072,float,none,94.92,5.52,5.52,0,93.61,5.6,5.6,0,RING,SIMPLE,8,RING,SIMPLE,8,0,RING,A_flag_ceiling
broadcast_perf,2,16,1048576,262144,float,none,111.39,9.41,9.41,0,107.03,9.8,9.8,0,RING,SIMPLE,8,RING,SIMPLE,8,0,RING,A_flag_ceiling
broadcast_perf,2,16,2097152,524288,float,none,129.1,16.25,16.25,0,127.05,16.51,16.51,0,RING,SIMPLE,8,RING,SIMPLE,8,0,RING,A_flag_ceiling
broadcast_perf,2,16,4194304,1048576,float,none,176.07,23.82,23.82,0,173.42,24.19,24.19,0,RING,SIMPLE,8,RING,SIMPLE,8,0,RING,A_flag_ceiling
broadcast_perf,2,16,8388608,2097152,float,none,233.27,35.96,35.96,0,232.84,36.03,36.03,0,RING,SIMPLE,8,RING,SIMPLE,8,0,RING,A_flag_ceiling
broadcast_perf,2,16,16777216,4194304,float,none,357.38,46.95,46.95,0,357.09,46.98,46.98,0,RING,SIMPLE,8,RING,SIMPLE,8,0,RING,A_flag_ceiling
broadcast_perf,2,16,33554432,8388608,float,none,528.85,63.45,63.45,0,531.93,63.08,63.08,0,RING,SIMPLE,8,RING,SIMPLE,8,0,RING,A_flag_ceiling
broadcast_perf,2,16,67108864,16777216,float,none,889.59,75.44,75.44,0,888.61,75.52,75.52,0,RING,SIMPLE,8,RING,SIMPLE,8,0,RING,A_flag_ceiling
broadcast_perf,2,16,134217728,33554432,float,none,1497.6,89.62,89.62,0,1490.95,90.02,90.02,0,RING,SIMPLE,8,RING,SIMPLE,8,0,RING,A_flag_ceiling
broadcast_perf,2,16,268435456,67108864,float,none,2854.77,94.03,94.03,0,2844.86,94.36,94.36,0,RING,SIMPLE,8,RING,SIMPLE,8,0,RING,A_flag_ceiling
broadcast_perf,2,16,536870912,134217728,float,none,5221.41,102.82,102.82,0,5204.98,103.15,103.15,0,RING,SIMPLE,8,RING,SIMPLE,8,0,RING,A_flag_ceiling
broadcast_perf,2,16,4096,1024,float,none,17.93,0.23,0.23,0,25.02,0.16,0.16,0,RING,LL,8,RING,LL,8,0,RING,A_flag_ceiling
broadcast_perf,2,16,8192,2048,float,none,27.17,0.3,0.3,0,26.98,0.3,0.3,0,RING,LL,8,RING,LL,8,0,RING,A_flag_ceiling
broadcast_perf,2,16,16384,4096,float,none,40.35,0.41,0.41,0,37.75,0.43,0.43,0,RING,LL,8,RING,LL,8,0,RING,A_flag_ceiling
broadcast_perf,2,16,32768,8192,float,none,42.93,0.76,0.76,0,42.33,0.77,0.77,0,RING,LL,8,RING,LL,8,0,RING,A_flag_ceiling
broadcast_perf,2,16,65536,16384,float,none,47.31,1.39,1.39,0,47.19,1.39,1.39,0,RING,LL,8,RING,LL,8,0,RING,A_flag_ceiling
broadcast_perf,2,16,131072,32768,float,none,58.02,2.26,2.26,0,59.26,2.21,2.21,0,RING,LL,8,RING,LL,8,0,RING,A_flag_ceiling
broadcast_perf,2,16,262144,65536,float,none,65.98,3.97,3.97,0,68.6,3.82,3.82,0,RING,LL,8,RING,LL,8,0,RING,A_flag_ceiling
broadcast_perf,2,16,524288,131072,float,none,80.57,6.51,6.51,0,79.97,6.56,6.56,0,RING,LL,8,RING,LL,8,0,RING,A_flag_ceiling
broadcast_perf,2,16,1048576,262144,float,none,108.65,9.65,9.65,0,109.96,9.54,9.54,0,RING,LL,8,RING,LL,8,0,RING,A_flag_ceiling
broadcast_perf,2,16,2097152,524288,float,none,167.15,12.55,12.55,0,165.49,12.67,12.67,0,RING,LL,8,RING,LL,8,0,RING,A_flag_ceiling
broadcast_perf,2,16,4194304,1048576,float,none,281.57,14.9,14.9,0,276.02,15.2,15.2,0,RING,LL,8,RING,LL,8,0,RING,A_flag_ceiling
broadcast_perf,2,16,8388608,2097152,float,none,498.5,16.83,16.83,0,498.5,16.83,16.83,0,RING,LL,8,RING,LL,8,0,RING,A_flag_ceiling
broadcast_perf,2,16,16777216,4194304,float,none,943.83,17.78,17.78,0,943.62,17.78,17.78,0,RING,LL,8,RING,LL,8,0,RING,A_flag_ceiling
broadcast_perf,2,16,33554432,8388608,float,none,1837.3,18.26,18.26,0,1834.33,18.29,18.29,0,RING,LL,8,RING,LL,8,0,RING,A_flag_ceiling
broadcast_perf,2,16,67108864,16777216,float,none,3690.93,18.18,18.18,0,3673.56,18.27,18.27,0,RING,LL,8,RING,LL,8,0,RING,A_flag_ceiling
broadcast_perf,2,16,134217728,33554432,float,none,7384.26,18.18,18.18,0,7320.83,18.33,18.33,0,RING,LL,8,RING,LL,8,0,RING,A_flag_ceiling
broadcast_perf,2,16,268435456,67108864,float,none,14818.9,18.11,18.11,0,14592.1,18.4,18.4,0,RING,LL,8,RING,LL,8,0,RING,A_flag_ceiling
broadcast_perf,2,16,536870912,134217728,float,none,29725.8,18.06,18.06,0,29223.0,18.37,18.37,0,RING,LL,8,RING,LL,8,0,RING,A_flag_ceiling
broadcast_perf,2,16,4096,1024,float,none,18.36,0.22,0.22,0,20.59,0.2,0.2,0,RING,LL128,8,RING,LL128,8,0,RING,A_flag_ceiling
broadcast_perf,2,16,8192,2048,float,none,22.08,0.37,0.37,0,20.73,0.4,0.4,0,RING,LL128,8,RING,LL128,8,0,RING,A_flag_ceiling
broadcast_perf,2,16,16384,4096,float,none,19.58,0.84,0.84,0,18.03,0.91,0.91,0,RING,LL128,8,RING,LL128,8,0,RING,A_flag_ceiling
broadcast_perf,2,16,32768,8192,float,none,33.44,0.98,0.98,0,33.78,0.97,0.97,0,RING,LL128,8,RING,LL128,8,0,RING,A_flag_ceiling
broadcast_perf,2,16,65536,16384,float,none,48.97,1.34,1.34,0,47.76,1.37,1.37,0,RING,LL128,8,RING,LL128,8,0,RING,A_flag_ceiling
broadcast_perf,2,16,131072,32768,float,none,51.06,2.57,2.57,0,51.26,2.56,2.56,0,RING,LL128,8,RING,LL128,8,0,RING,A_flag_ceiling
broadcast_perf,2,16,262144,65536,float,none,59.02,4.44,4.44,0,58.7,4.47,4.47,0,RING,LL128,8,RING,LL128,8,0,RING,A_flag_ceiling
broadcast_perf,2,16,524288,131072,float,none,68.37,7.67,7.67,0,69.75,7.52,7.52,0,RING,LL128,8,RING,LL128,8,0,RING,A_flag_ceiling
broadcast_perf,2,16,1048576,262144,float,none,85.13,12.32,12.32,0,85.39,12.28,12.28,0,RING,LL128,8,RING,LL128,8,0,RING,A_flag_ceiling
broadcast_perf,2,16,2097152,524288,float,none,98.97,21.19,21.19,0,100.96,20.77,20.77,0,RING,LL128,8,RING,LL128,8,0,RING,A_flag_ceiling
broadcast_perf,2,16,4194304,1048576,float,none,125.09,33.53,33.53,0,125.44,33.44,33.44,0,RING,LL128,8,RING,LL128,8,0,RING,A_flag_ceiling
broadcast_perf,2,16,8388608,2097152,float,none,180.87,46.38,46.38,0,181.51,46.22,46.22,0,RING,LL128,8,RING,LL128,8,0,RING,A_flag_ceiling
broadcast_perf,2,16,16777216,4194304,float,none,287.63,58.33,58.33,0,285.63,58.74,58.74,0,RING,LL128,8,RING,LL128,8,0,RING,A_flag_ceiling
broadcast_perf,2,16,33554432,8388608,float,none,507.67,66.1,66.1,0,508.33,66.01,66.01,0,RING,LL128,8,RING,LL128,8,0,RING,A_flag_ceiling
broadcast_perf,2,16,67108864,16777216,float,none,947.31,70.84,70.84,0,949.96,70.64,70.64,0,RING,LL128,8,RING,LL128,8,0,RING,A_flag_ceiling
broadcast_perf,2,16,134217728,33554432,float,none,1834.39,73.17,73.17,0,1832.17,73.26,73.26,0,RING,LL128,8,RING,LL128,8,0,RING,A_flag_ceiling
broadcast_perf,2,16,268435456,67108864,float,none,3628.44,73.98,73.98,0,3622.36,74.11,74.11,0,RING,LL128,8,RING,LL128,8,0,RING,A_flag_ceiling
broadcast_perf,2,16,536870912,134217728,float,none,7224.55,74.31,74.31,0,7186.35,74.71,74.71,0,RING,LL128,8,RING,LL128,8,0,RING,A_flag_ceiling
broadcast_perf,2,16,4096,1024,float,none,21.06,0.19,0.19,0,25.43,0.16,0.16,0,RING,SIMPLE,16,RING,SIMPLE,16,0,RING,A_flag_ceiling
broadcast_perf,2,16,8192,2048,float,none,24.78,0.33,0.33,0,17.25,0.48,0.48,0,RING,SIMPLE,16,RING,SIMPLE,16,0,RING,A_flag_ceiling
broadcast_perf,2,16,16384,4096,float,none,25.49,0.64,0.64,0,26.02,0.63,0.63,0,RING,SIMPLE,16,RING,SIMPLE,16,0,RING,A_flag_ceiling
broadcast_perf,2,16,32768,8192,float,none,46.42,0.71,0.71,0,43.45,0.75,0.75,0,RING,SIMPLE,16,RING,SIMPLE,16,0,RING,A_flag_ceiling
broadcast_perf,2,16,65536,16384,float,none,65.18,1.01,1.01,0,66.02,0.99,0.99,0,RING,SIMPLE,16,RING,SIMPLE,16,0,RING,A_flag_ceiling
broadcast_perf,2,16,131072,32768,float,none,68.73,1.91,1.91,0,72.14,1.82,1.82,0,RING,SIMPLE,16,RING,SIMPLE,16,0,RING,A_flag_ceiling
broadcast_perf,2,16,262144,65536,float,none,72.43,3.62,3.62,0,70.8,3.7,3.7,0,RING,SIMPLE,16,RING,SIMPLE,16,0,RING,A_flag_ceiling
broadcast_perf,2,16,524288,131072,float,none,85.95,6.1,6.1,0,84.01,6.24,6.24,0,RING,SIMPLE,16,RING,SIMPLE,16,0,RING,A_flag_ceiling
broadcast_perf,2,16,1048576,262144,float,none,91.0,11.52,11.52,0,91.95,11.4,11.4,0,RING,SIMPLE,16,RING,SIMPLE,16,0,RING,A_flag_ceiling
broadcast_perf,2,16,2097152,524288,float,none,104.0,20.16,20.16,0,106.79,19.64,19.64,0,RING,SIMPLE,16,RING,SIMPLE,16,0,RING,A_flag_ceiling
broadcast_perf,2,16,4194304,1048576,float,none,129.36,32.42,32.42,0,130.33,32.18,32.18,0,RING,SIMPLE,16,RING,SIMPLE,16,0,RING,A_flag_ceiling
broadcast_perf,2,16,8388608,2097152,float,none,184.39,45.49,45.49,0,308.39,27.2,27.2,0,RING,SIMPLE,16,RING,SIMPLE,16,0,RING,A_flag_ceiling
broadcast_perf,2,16,16777216,4194304,float,none,636.84,26.34,26.34,0,597.05,28.1,28.1,0,RING,SIMPLE,16,RING,SIMPLE,16,0,RING,A_flag_ceiling
broadcast_perf,2,16,33554432,8388608,float,none,800.66,41.91,41.91,0,681.6,49.23,49.23,0,RING,SIMPLE,16,RING,SIMPLE,16,0,RING,A_flag_ceiling
broadcast_perf,2,16,67108864,16777216,float,none,1000.88,67.05,67.05,0,1205.01,55.69,55.69,0,RING,SIMPLE,16,RING,SIMPLE,16,0,RING,A_flag_ceiling
broadcast_perf,2,16,134217728,33554432,float,none,1306.39,102.74,102.74,0,1209.67,110.95,110.95,0,RING,SIMPLE,16,RING,SIMPLE,16,0,RING,A_flag_ceiling
broadcast_perf,2,16,268435456,67108864,float,none,1892.99,141.81,141.81,0,1725.53,155.57,155.57,0,RING,SIMPLE,16,RING,SIMPLE,16,0,RING,A_flag_ceiling
broadcast_perf,2,16,536870912,134217728,float,none,3248.07,165.29,165.29,0,3081.78,174.21,174.21,0,RING,SIMPLE,16,RING,SIMPLE,16,0,RING,A_flag_ceiling
broadcast_perf,2,16,4096,1024,float,none,16.98,0.24,0.24,0,16.11,0.25,0.25,0,RING,LL,16,RING,LL,16,0,RING,A_flag_ceiling
broadcast_perf,2,16,8192,2048,float,none,24.88,0.33,0.33,0,24.42,0.34,0.34,0,RING,LL,16,RING,LL,16,0,RING,A_flag_ceiling
broadcast_perf,2,16,16384,4096,float,none,36.63,0.45,0.45,0,36.04,0.45,0.45,0,RING,LL,16,RING,LL,16,0,RING,A_flag_ceiling
broadcast_perf,2,16,32768,8192,float,none,38.32,0.86,0.86,0,37.88,0.86,0.86,0,RING,LL,16,RING,LL,16,0,RING,A_flag_ceiling
broadcast_perf,2,16,65536,16384,float,none,40.41,1.62,1.62,0,39.54,1.66,1.66,0,RING,LL,16,RING,LL,16,0,RING,A_flag_ceiling
broadcast_perf,2,16,131072,32768,float,none,46.23,2.84,2.84,0,45.68,2.87,2.87,0,RING,LL,16,RING,LL,16,0,RING,A_flag_ceiling
broadcast_perf,2,16,262144,65536,float,none,56.05,4.68,4.68,0,56.1,4.67,4.67,0,RING,LL,16,RING,LL,16,0,RING,A_flag_ceiling
broadcast_perf,2,16,524288,131072,float,none,65.44,8.01,8.01,0,66.01,7.94,7.94,0,RING,LL,16,RING,LL,16,0,RING,A_flag_ceiling
broadcast_perf,2,16,1048576,262144,float,none,80.27,13.06,13.06,0,80.82,12.97,12.97,0,RING,LL,16,RING,LL,16,0,RING,A_flag_ceiling
broadcast_perf,2,16,2097152,524288,float,none,108.89,19.26,19.26,0,108.92,19.25,19.25,0,RING,LL,16,RING,LL,16,0,RING,A_flag_ceiling
broadcast_perf,2,16,4194304,1048576,float,none,174.69,24.01,24.01,0,174.89,23.98,23.98,0,RING,LL,16,RING,LL,16,0,RING,A_flag_ceiling
broadcast_perf,2,16,8388608,2097152,float,none,297.43,28.2,28.2,0,297.81,28.17,28.17,0,RING,LL,16,RING,LL,16,0,RING,A_flag_ceiling
broadcast_perf,2,16,16777216,4194304,float,none,543.36,30.88,30.88,0,531.63,31.56,31.56,0,RING,LL,16,RING,LL,16,0,RING,A_flag_ceiling
broadcast_perf,2,16,33554432,8388608,float,none,1011.96,33.16,33.16,0,1006.29,33.34,33.34,0,RING,LL,16,RING,LL,16,0,RING,A_flag_ceiling
broadcast_perf,2,16,67108864,16777216,float,none,1954.72,34.33,34.33,0,1986.55,33.78,33.78,0,RING,LL,16,RING,LL,16,0,RING,A_flag_ceiling
broadcast_perf,2,16,134217728,33554432,float,none,3862.93,34.75,34.75,0,3884.99,34.55,34.55,0,RING,LL,16,RING,LL,16,0,RING,A_flag_ceiling
broadcast_perf,2,16,268435456,67108864,float,none,8263.24,32.49,32.49,0,8241.53,32.57,32.57,0,RING,LL,16,RING,LL,16,0,RING,A_flag_ceiling
broadcast_perf,2,16,536870912,134217728,float,none,15316.7,35.05,35.05,0,15290.9,35.11,35.11,0,RING,LL,16,RING,LL,16,0,RING,A_flag_ceiling
broadcast_perf,2,16,4096,1024,float,none,21.8,0.19,0.19,0,22.63,0.18,0.18,0,RING,LL128,16,RING,LL128,16,0,RING,A_flag_ceiling
broadcast_perf,2,16,8192,2048,float,none,28.94,0.28,0.28,0,22.92,0.36,0.36,0,RING,LL128,16,RING,LL128,16,0,RING,A_flag_ceiling
broadcast_perf,2,16,16384,4096,float,none,26.17,0.63,0.63,0,27.46,0.6,0.6,0,RING,LL128,16,RING,LL128,16,0,RING,A_flag_ceiling
broadcast_perf,2,16,32768,8192,float,none,32.49,1.01,1.01,0,54.52,0.6,0.6,0,RING,LL128,16,RING,LL128,16,0,RING,A_flag_ceiling
broadcast_perf,2,16,65536,16384,float,none,56.27,1.16,1.16,0,54.65,1.2,1.2,0,RING,LL128,16,RING,LL128,16,0,RING,A_flag_ceiling
broadcast_perf,2,16,131072,32768,float,none,74.94,1.75,1.75,0,72.21,1.82,1.82,0,RING,LL128,16,RING,LL128,16,0,RING,A_flag_ceiling
broadcast_perf,2,16,262144,65536,float,none,63.54,4.13,4.13,0,79.54,3.3,3.3,0,RING,LL128,16,RING,LL128,16,0,RING,A_flag_ceiling
broadcast_perf,2,16,524288,131072,float,none,86.75,6.04,6.04,0,131.25,3.99,3.99,0,RING,LL128,16,RING,LL128,16,0,RING,A_flag_ceiling
broadcast_perf,2,16,1048576,262144,float,none,81.5,12.87,12.87,0,82.84,12.66,12.66,0,RING,LL128,16,RING,LL128,16,0,RING,A_flag_ceiling
broadcast_perf,2,16,2097152,524288,float,none,123.84,16.94,16.94,0,145.44,14.42,14.42,0,RING,LL128,16,RING,LL128,16,0,RING,A_flag_ceiling
broadcast_perf,2,16,4194304,1048576,float,none,151.2,27.74,27.74,0,148.3,28.28,28.28,0,RING,LL128,16,RING,LL128,16,0,RING,A_flag_ceiling
broadcast_perf,2,16,8388608,2097152,float,none,209.86,39.97,39.97,0,188.08,44.6,44.6,0,RING,LL128,16,RING,LL128,16,0,RING,A_flag_ceiling
broadcast_perf,2,16,16777216,4194304,float,none,243.78,68.82,68.82,0,255.99,65.54,65.54,0,RING,LL128,16,RING,LL128,16,0,RING,A_flag_ceiling
broadcast_perf,2,16,33554432,8388608,float,none,384.63,87.24,87.24,0,390.95,85.83,85.83,0,RING,LL128,16,RING,LL128,16,0,RING,A_flag_ceiling
broadcast_perf,2,16,67108864,16777216,float,none,709.08,94.64,94.64,0,680.43,98.63,98.63,0,RING,LL128,16,RING,LL128,16,0,RING,A_flag_ceiling
broadcast_perf,2,16,134217728,33554432,float,none,1090.76,123.05,123.05,0,1115.23,120.35,120.35,0,RING,LL128,16,RING,LL128,16,0,RING,A_flag_ceiling
broadcast_perf,2,16,268435456,67108864,float,none,1946.35,137.92,137.92,0,1929.92,139.09,139.09,0,RING,LL128,16,RING,LL128,16,0,RING,A_flag_ceiling
broadcast_perf,2,16,536870912,134217728,float,none,3613.52,148.57,148.57,0,3585.31,149.74,149.74,0,RING,LL128,16,RING,LL128,16,0,RING,A_flag_ceiling
broadcast_perf,2,16,4096,1024,float,none,19.24,0.21,0.21,0,32.18,0.13,0.13,0,RING,SIMPLE,24,RING,SIMPLE,24,0,RING,A_flag_ceiling
broadcast_perf,2,16,8192,2048,float,none,29.93,0.27,0.27,0,18.99,0.43,0.43,0,RING,SIMPLE,24,RING,SIMPLE,24,0,RING,A_flag_ceiling
broadcast_perf,2,16,16384,4096,float,none,20.99,0.78,0.78,0,27.43,0.6,0.6,0,RING,SIMPLE,24,RING,SIMPLE,24,0,RING,A_flag_ceiling
broadcast_perf,2,16,32768,8192,float,none,43.23,0.76,0.76,0,56.96,0.58,0.58,0,RING,SIMPLE,24,RING,SIMPLE,24,0,RING,A_flag_ceiling
broadcast_perf,2,16,65536,16384,float,none,83.03,0.79,0.79,0,72.32,0.91,0.91,0,RING,SIMPLE,24,RING,SIMPLE,24,0,RING,A_flag_ceiling
broadcast_perf,2,16,131072,32768,float,none,85.37,1.54,1.54,0,94.42,1.39,1.39,0,RING,SIMPLE,24,RING,SIMPLE,24,0,RING,A_flag_ceiling
broadcast_perf,2,16,262144,65536,float,none,106.73,2.46,2.46,0,100.78,2.6,2.6,0,RING,SIMPLE,24,RING,SIMPLE,24,0,RING,A_flag_ceiling
broadcast_perf,2,16,524288,131072,float,none,118.15,4.44,4.44,0,97.83,5.36,5.36,0,RING,SIMPLE,24,RING,SIMPLE,24,0,RING,A_flag_ceiling
broadcast_perf,2,16,1048576,262144,float,none,174.94,5.99,5.99,0,141.21,7.43,7.43,0,RING,SIMPLE,24,RING,SIMPLE,24,0,RING,A_flag_ceiling
broadcast_perf,2,16,2097152,524288,float,none,144.16,14.55,14.55,0,167.18,12.54,12.54,0,RING,SIMPLE,24,RING,SIMPLE,24,0,RING,A_flag_ceiling
broadcast_perf,2,16,4194304,1048576,float,none,161.69,25.94,25.94,0,167.72,25.01,25.01,0,RING,SIMPLE,24,RING,SIMPLE,24,0,RING,A_flag_ceiling
broadcast_perf,2,16,8388608,2097152,float,none,241.83,34.69,34.69,0,242.38,34.61,34.61,0,RING,SIMPLE,24,RING,SIMPLE,24,0,RING,A_flag_ceiling
broadcast_perf,2,16,16777216,4194304,float,none,270.57,62.01,62.01,0,268.2,62.56,62.56,0,RING,SIMPLE,24,RING,SIMPLE,24,0,RING,A_flag_ceiling
broadcast_perf,2,16,33554432,8388608,float,none,391.06,85.8,85.8,0,466.84,71.88,71.88,0,RING,SIMPLE,24,RING,SIMPLE,24,0,RING,A_flag_ceiling
broadcast_perf,2,16,67108864,16777216,float,none,569.42,117.85,117.85,0,551.06,121.78,121.78,0,RING,SIMPLE,24,RING,SIMPLE,24,0,RING,A_flag_ceiling
broadcast_perf,2,16,134217728,33554432,float,none,862.61,155.59,155.59,0,971.18,138.2,138.2,0,RING,SIMPLE,24,RING,SIMPLE,24,0,RING,A_flag_ceiling
broadcast_perf,2,16,268435456,67108864,float,none,1343.83,199.75,199.75,0,1247.99,215.09,215.09,0,RING,SIMPLE,24,RING,SIMPLE,24,0,RING,A_flag_ceiling
broadcast_perf,2,16,536870912,134217728,float,none,2226.37,241.14,241.14,0,2398.18,223.87,223.87,0,RING,SIMPLE,24,RING,SIMPLE,24,0,RING,A_flag_ceiling
broadcast_perf,2,16,4096,1024,float,none,18.94,0.22,0.22,0,17.62,0.23,0.23,0,RING,LL,24,RING,LL,24,0,RING,A_flag_ceiling
broadcast_perf,2,16,8192,2048,float,none,51.47,0.16,0.16,0,27.87,0.29,0.29,0,RING,LL,24,RING,LL,24,0,RING,A_flag_ceiling
broadcast_perf,2,16,16384,4096,float,none,40.29,0.41,0.41,0,46.47,0.35,0.35,0,RING,LL,24,RING,LL,24,0,RING,A_flag_ceiling
broadcast_perf,2,16,32768,8192,float,none,54.28,0.6,0.6,0,50.44,0.65,0.65,0,RING,LL,24,RING,LL,24,0,RING,A_flag_ceiling
broadcast_perf,2,16,65536,16384,float,none,56.9,1.15,1.15,0,55.97,1.17,1.17,0,RING,LL,24,RING,LL,24,0,RING,A_flag_ceiling
broadcast_perf,2,16,131072,32768,float,none,63.4,2.07,2.07,0,52.44,2.5,2.5,0,RING,LL,24,RING,LL,24,0,RING,A_flag_ceiling
broadcast_perf,2,16,262144,65536,float,none,70.97,3.69,3.69,0,108.26,2.42,2.42,0,RING,LL,24,RING,LL,24,0,RING,A_flag_ceiling
broadcast_perf,2,16,524288,131072,float,none,109.65,4.78,4.78,0,97.34,5.39,5.39,0,RING,LL,24,RING,LL,24,0,RING,A_flag_ceiling
broadcast_perf,2,16,1048576,262144,float,none,154.07,6.81,6.81,0,151.21,6.93,6.93,0,RING,LL,24,RING,LL,24,0,RING,A_flag_ceiling
broadcast_perf,2,16,2097152,524288,float,none,204.7,10.24,10.24,0,199.9,10.49,10.49,0,RING,LL,24,RING,LL,24,0,RING,A_flag_ceiling
broadcast_perf,2,16,4194304,1048576,float,none,247.85,16.92,16.92,0,227.39,18.45,18.45,0,RING,LL,24,RING,LL,24,0,RING,A_flag_ceiling
broadcast_perf,2,16,8388608,2097152,float,none,424.62,19.76,19.76,0,455.04,18.44,18.44,0,RING,LL,24,RING,LL,24,0,RING,A_flag_ceiling
broadcast_perf,2,16,16777216,4194304,float,none,908.84,18.46,18.46,0,934.96,17.94,17.94,0,RING,LL,24,RING,LL,24,0,RING,A_flag_ceiling
broadcast_perf,2,16,33554432,8388608,float,none,1624.57,20.65,20.65,0,1648.26,20.36,20.36,0,RING,LL,24,RING,LL,24,0,RING,A_flag_ceiling
broadcast_perf,2,16,67108864,16777216,float,none,3261.13,20.58,20.58,0,3087.7,21.73,21.73,0,RING,LL,24,RING,LL,24,0,RING,A_flag_ceiling
broadcast_perf,2,16,134217728,33554432,float,none,5658.15,23.72,23.72,0,5538.54,24.23,24.23,0,RING,LL,24,RING,LL,24,0,RING,A_flag_ceiling
broadcast_perf,2,16,268435456,67108864,float,none,9473.66,28.33,28.33,0,10847.0,24.75,24.75,0,RING,LL,24,RING,LL,24,0,RING,A_flag_ceiling
broadcast_perf,2,16,536870912,134217728,float,none,19078.6,28.14,28.14,0,20490.6,26.2,26.2,0,RING,LL,24,RING,LL,24,0,RING,A_flag_ceiling
broadcast_perf,2,16,4096,1024,float,none,84.13,0.05,0.05,0,70.11,0.06,0.06,0,RING,LL128,24,RING,LL128,24,0,RING,A_flag_ceiling
broadcast_perf,2,16,8192,2048,float,none,62.1,0.13,0.13,0,127.39,0.06,0.06,0,RING,LL128,24,RING,LL128,24,0,RING,A_flag_ceiling
broadcast_perf,2,16,16384,4096,float,none,50.93,0.32,0.32,0,48.04,0.34,0.34,0,RING,LL128,24,RING,LL128,24,0,RING,A_flag_ceiling
broadcast_perf,2,16,32768,8192,float,none,46.86,0.7,0.7,0,205.79,0.16,0.16,0,RING,LL128,24,RING,LL128,24,0,RING,A_flag_ceiling
broadcast_perf,2,16,65536,16384,float,none,92.78,0.71,0.71,0,182.11,0.36,0.36,0,RING,LL128,24,RING,LL128,24,0,RING,A_flag_ceiling
broadcast_perf,2,16,131072,32768,float,none,296.7,0.44,0.44,0,152.06,0.86,0.86,0,RING,LL128,24,RING,LL128,24,0,RING,A_flag_ceiling
broadcast_perf,2,16,262144,65536,float,none,245.74,1.07,1.07,0,213.66,1.23,1.23,0,RING,LL128,24,RING,LL128,24,0,RING,A_flag_ceiling
broadcast_perf,2,16,524288,131072,float,none,180.8,2.9,2.9,0,144.02,3.64,3.64,0,RING,LL128,24,RING,LL128,24,0,RING,A_flag_ceiling
broadcast_perf,2,16,1048576,262144,float,none,183.18,5.72,5.72,0,94.08,11.15,11.15,0,RING,LL128,24,RING,LL128,24,0,RING,A_flag_ceiling
broadcast_perf,2,16,2097152,524288,float,none,284.33,7.38,7.38,0,269.2,7.79,7.79,0,RING,LL128,24,RING,LL128,24,0,RING,A_flag_ceiling
broadcast_perf,2,16,4194304,1048576,float,none,214.08,19.59,19.59,0,322.6,13.0,13.0,0,RING,LL128,24,RING,LL128,24,0,RING,A_flag_ceiling
broadcast_perf,2,16,8388608,2097152,float,none,235.91,35.56,35.56,0,241.09,34.79,34.79,0,RING,LL128,24,RING,LL128,24,0,RING,A_flag_ceiling
broadcast_perf,2,16,16777216,4194304,float,none,438.53,38.26,38.26,0,467.01,35.93,35.93,0,RING,LL128,24,RING,LL128,24,0,RING,A_flag_ceiling
broadcast_perf,2,16,33554432,8388608,float,none,507.28,66.15,66.15,0,488.73,68.66,68.66,0,RING,LL128,24,RING,LL128,24,0,RING,A_flag_ceiling
broadcast_perf,2,16,67108864,16777216,float,none,734.17,91.41,91.41,0,836.38,80.24,80.24,0,RING,LL128,24,RING,LL128,24,0,RING,A_flag_ceiling
broadcast_perf,2,16,134217728,33554432,float,none,1329.0,100.99,100.99,0,1256.33,106.83,106.83,0,RING,LL128,24,RING,LL128,24,0,RING,A_flag_ceiling
broadcast_perf,2,16,268435456,67108864,float,none,2315.66,115.92,115.92,0,2563.36,104.72,104.72,0,RING,LL128,24,RING,LL128,24,0,RING,A_flag_ceiling
broadcast_perf,2,16,536870912,134217728,float,none,4466.1,120.21,120.21,0,4435.18,121.05,121.05,0,RING,LL128,24,RING,LL128,24,0,RING,A_flag_ceiling
broadcast_perf,2,16,4096,1024,float,none,41.11,0.1,0.1,0,70.2,0.06,0.06,0,RING,SIMPLE,32,RING,SIMPLE,32,0,RING,A_flag_ceiling
broadcast_perf,2,16,8192,2048,float,none,59.08,0.14,0.14,0,91.76,0.09,0.09,0,RING,SIMPLE,32,RING,SIMPLE,32,0,RING,A_flag_ceiling
broadcast_perf,2,16,16384,4096,float,none,26.55,0.62,0.62,0,25.75,0.64,0.64,0,RING,SIMPLE,32,RING,SIMPLE,32,0,RING,A_flag_ceiling
broadcast_perf,2,16,32768,8192,float,none,90.3,0.36,0.36,0,63.59,0.52,0.52,0,RING,SIMPLE,32,RING,SIMPLE,32,0,RING,A_flag_ceiling
broadcast_perf,2,16,65536,16384,float,none,94.82,0.69,0.69,0,97.39,0.67,0.67,0,RING,SIMPLE,32,RING,SIMPLE,32,0,RING,A_flag_ceiling
broadcast_perf,2,16,131072,32768,float,none,150.2,0.87,0.87,0,144.0,0.91,0.91,0,RING,SIMPLE,32,RING,SIMPLE,32,0,RING,A_flag_ceiling
broadcast_perf,2,16,262144,65536,float,none,160.24,1.64,1.64,0,245.17,1.07,1.07,0,RING,SIMPLE,32,RING,SIMPLE,32,0,RING,A_flag_ceiling
broadcast_perf,2,16,524288,131072,float,none,170.02,3.08,3.08,0,181.37,2.89,2.89,0,RING,SIMPLE,32,RING,SIMPLE,32,0,RING,A_flag_ceiling
broadcast_perf,2,16,1048576,262144,float,none,141.41,7.42,7.42,0,217.77,4.82,4.82,0,RING,SIMPLE,32,RING,SIMPLE,32,0,RING,A_flag_ceiling
broadcast_perf,2,16,2097152,524288,float,none,168.97,12.41,12.41,0,121.9,17.2,17.2,0,RING,SIMPLE,32,RING,SIMPLE,32,0,RING,A_flag_ceiling
broadcast_perf,2,16,4194304,1048576,float,none,144.95,28.94,28.94,0,245.06,17.12,17.12,0,RING,SIMPLE,32,RING,SIMPLE,32,0,RING,A_flag_ceiling
broadcast_perf,2,16,8388608,2097152,float,none,245.15,34.22,34.22,0,287.59,29.17,29.17,0,RING,SIMPLE,32,RING,SIMPLE,32,0,RING,A_flag_ceiling
broadcast_perf,2,16,16777216,4194304,float,none,317.07,52.91,52.91,0,344.62,48.68,48.68,0,RING,SIMPLE,32,RING,SIMPLE,32,0,RING,A_flag_ceiling
broadcast_perf,2,16,33554432,8388608,float,none,427.3,78.53,78.53,0,408.44,82.15,82.15,0,RING,SIMPLE,32,RING,SIMPLE,32,0,RING,A_flag_ceiling
broadcast_perf,2,16,67108864,16777216,float,none,611.68,109.71,109.71,0,598.88,112.06,112.06,0,RING,SIMPLE,32,RING,SIMPLE,32,0,RING,A_flag_ceiling
broadcast_perf,2,16,134217728,33554432,float,none,1100.05,122.01,122.01,0,1037.96,129.31,129.31,0,RING,SIMPLE,32,RING,SIMPLE,32,0,RING,A_flag_ceiling
broadcast_perf,2,16,268435456,67108864,float,none,1870.72,143.49,143.49,0,1719.43,156.12,156.12,0,RING,SIMPLE,32,RING,SIMPLE,32,0,RING,A_flag_ceiling
broadcast_perf,2,16,536870912,134217728,float,none,3375.81,159.03,159.03,0,3256.44,164.86,164.86,0,RING,SIMPLE,32,RING,SIMPLE,32,0,RING,A_flag_ceiling
broadcast_perf,2,16,4096,1024,float,none,31.18,0.13,0.13,0,29.89,0.14,0.14,0,RING,LL,32,RING,LL,32,0,RING,A_flag_ceiling
broadcast_perf,2,16,8192,2048,float,none,60.52,0.14,0.14,0,43.03,0.19,0.19,0,RING,LL,32,RING,LL,32,0,RING,A_flag_ceiling
broadcast_perf,2,16,16384,4096,float,none,58.76,0.28,0.28,0,70.8,0.23,0.23,0,RING,LL,32,RING,LL,32,0,RING,A_flag_ceiling
broadcast_perf,2,16,32768,8192,float,none,68.68,0.48,0.48,0,56.38,0.58,0.58,0,RING,LL,32,RING,LL,32,0,RING,A_flag_ceiling
broadcast_perf,2,16,65536,16384,float,none,121.74,0.54,0.54,0,108.01,0.61,0.61,0,RING,LL,32,RING,LL,32,0,RING,A_flag_ceiling
broadcast_perf,2,16,131072,32768,float,none,100.15,1.31,1.31,0,89.17,1.47,1.47,0,RING,LL,32,RING,LL,32,0,RING,A_flag_ceiling
broadcast_perf,2,16,262144,65536,float,none,81.81,3.2,3.2,0,102.57,2.56,2.56,0,RING,LL,32,RING,LL,32,0,RING,A_flag_ceiling
broadcast_perf,2,16,524288,131072,float,none,139.27,3.76,3.76,0,155.48,3.37,3.37,0,RING,LL,32,RING,LL,32,0,RING,A_flag_ceiling
broadcast_perf,2,16,1048576,262144,float,none,137.91,7.6,7.6,0,164.94,6.36,6.36,0,RING,LL,32,RING,LL,32,0,RING,A_flag_ceiling
broadcast_perf,2,16,2097152,524288,float,none,237.61,8.83,8.83,0,239.41,8.76,8.76,0,RING,LL,32,RING,LL,32,0,RING,A_flag_ceiling
broadcast_perf,2,16,4194304,1048576,float,none,316.24,13.26,13.26,0,241.08,17.4,17.4,0,RING,LL,32,RING,LL,32,0,RING,A_flag_ceiling
broadcast_perf,2,16,8388608,2097152,float,none,460.74,18.21,18.21,0,459.78,18.24,18.24,0,RING,LL,32,RING,LL,32,0,RING,A_flag_ceiling
broadcast_perf,2,16,16777216,4194304,float,none,856.06,19.6,19.6,0,791.8,21.19,21.19,0,RING,LL,32,RING,LL,32,0,RING,A_flag_ceiling
broadcast_perf,2,16,33554432,8388608,float,none,1510.88,22.21,22.21,0,1464.35,22.91,22.91,0,RING,LL,32,RING,LL,32,0,RING,A_flag_ceiling
broadcast_perf,2,16,67108864,16777216,float,none,2460.45,27.27,27.27,0,2506.37,26.78,26.78,0,RING,LL,32,RING,LL,32,0,RING,A_flag_ceiling
broadcast_perf,2,16,134217728,33554432,float,none,4893.31,27.43,27.43,0,4792.74,28.0,28.0,0,RING,LL,32,RING,LL,32,0,RING,A_flag_ceiling
broadcast_perf,2,16,268435456,67108864,float,none,8279.61,32.42,32.42,0,8545.83,31.41,31.41,0,RING,LL,32,RING,LL,32,0,RING,A_flag_ceiling
broadcast_perf,2,16,536870912,134217728,float,none,14488.6,37.05,37.05,0,14198.5,37.81,37.81,0,RING,LL,32,RING,LL,32,0,RING,A_flag_ceiling
broadcast_perf,2,16,4096,1024,float,none,18.71,0.22,0.22,0,16.07,0.25,0.25,0,RING,LL128,32,RING,LL128,32,0,RING,A_flag_ceiling
broadcast_perf,2,16,8192,2048,float,none,22.19,0.37,0.37,0,18.41,0.44,0.44,0,RING,LL128,32,RING,LL128,32,0,RING,A_flag_ceiling
broadcast_perf,2,16,16384,4096,float,none,24.31,0.67,0.67,0,20.22,0.81,0.81,0,RING,LL128,32,RING,LL128,32,0,RING,A_flag_ceiling
broadcast_perf,2,16,32768,8192,float,none,32.75,1.0,1.0,0,32.73,1.0,1.0,0,RING,LL128,32,RING,LL128,32,0,RING,A_flag_ceiling
broadcast_perf,2,16,65536,16384,float,none,47.79,1.37,1.37,0,47.76,1.37,1.37,0,RING,LL128,32,RING,LL128,32,0,RING,A_flag_ceiling
broadcast_perf,2,16,131072,32768,float,none,50.01,2.62,2.62,0,49.85,2.63,2.63,0,RING,LL128,32,RING,LL128,32,0,RING,A_flag_ceiling
broadcast_perf,2,16,262144,65536,float,none,50.7,5.17,5.17,0,52.88,4.96,4.96,0,RING,LL128,32,RING,LL128,32,0,RING,A_flag_ceiling
broadcast_perf,2,16,524288,131072,float,none,54.17,9.68,9.68,0,56.84,9.22,9.22,0,RING,LL128,32,RING,LL128,32,0,RING,A_flag_ceiling
broadcast_perf,2,16,1048576,262144,float,none,63.6,16.49,16.49,0,61.31,17.1,17.1,0,RING,LL128,32,RING,LL128,32,0,RING,A_flag_ceiling
broadcast_perf,2,16,2097152,524288,float,none,74.91,27.99,27.99,0,75.51,27.77,27.77,0,RING,LL128,32,RING,LL128,32,0,RING,A_flag_ceiling
broadcast_perf,2,16,4194304,1048576,float,none,103.9,40.37,40.37,0,115.9,36.19,36.19,0,RING,LL128,32,RING,LL128,32,0,RING,A_flag_ceiling
broadcast_perf,2,16,8388608,2097152,float,none,132.73,63.2,63.2,0,126.62,66.25,66.25,0,RING,LL128,32,RING,LL128,32,0,RING,A_flag_ceiling
broadcast_perf,2,16,16777216,4194304,float,none,176.86,94.86,94.86,0,175.43,95.63,95.63,0,RING,LL128,32,RING,LL128,32,0,RING,A_flag_ceiling
broadcast_perf,2,16,33554432,8388608,float,none,261.62,128.26,128.26,0,262.33,127.91,127.91,0,RING,LL128,32,RING,LL128,32,0,RING,A_flag_ceiling
broadcast_perf,2,16,67108864,16777216,float,none,428.43,156.64,156.64,0,427.78,156.88,156.88,0,RING,LL128,32,RING,LL128,32,0,RING,A_flag_ceiling
broadcast_perf,2,16,134217728,33554432,float,none,764.96,175.46,175.46,0,763.79,175.73,175.73,0,RING,LL128,32,RING,LL128,32,0,RING,A_flag_ceiling
broadcast_perf,2,16,268435456,67108864,float,none,1431.56,187.51,187.51,0,1433.08,187.31,187.31,0,RING,LL128,32,RING,LL128,32,0,RING,A_flag_ceiling
broadcast_perf,2,16,536870912,134217728,float,none,2901.72,185.02,185.02,0,2773.5,193.57,193.57,0,RING,LL128,32,RING,LL128,32,0,RING,A_flag_ceiling
broadcast_perf,2,16,4096,1024,float,none,19.81,0.21,0.21,0,18.04,0.23,0.23,0,RING,SIMPLE,40,RING,SIMPLE,40,0,RING,A_flag_ceiling
broadcast_perf,2,16,8192,2048,float,none,23.81,0.34,0.34,0,19.17,0.43,0.43,0,RING,SIMPLE,40,RING,SIMPLE,40,0,RING,A_flag_ceiling
broadcast_perf,2,16,16384,4096,float,none,18.91,0.87,0.87,0,23.19,0.71,0.71,0,RING,SIMPLE,40,RING,SIMPLE,40,0,RING,A_flag_ceiling
broadcast_perf,2,16,32768,8192,float,none,45.94,0.71,0.71,0,43.68,0.75,0.75,0,RING,SIMPLE,40,RING,SIMPLE,40,0,RING,A_flag_ceiling
broadcast_perf,2,16,65536,16384,float,none,66.23,0.99,0.99,0,65.57,1.0,1.0,0,RING,SIMPLE,40,RING,SIMPLE,40,0,RING,A_flag_ceiling
broadcast_perf,2,16,131072,32768,float,none,69.2,1.89,1.89,0,69.13,1.9,1.9,0,RING,SIMPLE,40,RING,SIMPLE,40,0,RING,A_flag_ceiling
broadcast_perf,2,16,262144,65536,float,none,69.77,3.76,3.76,0,70.27,3.73,3.73,0,RING,SIMPLE,40,RING,SIMPLE,40,0,RING,A_flag_ceiling
broadcast_perf,2,16,524288,131072,float,none,74.13,7.07,7.07,0,74.3,7.06,7.06,0,RING,SIMPLE,40,RING,SIMPLE,40,0,RING,A_flag_ceiling
broadcast_perf,2,16,1048576,262144,float,none,87.55,11.98,11.98,0,88.1,11.9,11.9,0,RING,SIMPLE,40,RING,SIMPLE,40,0,RING,A_flag_ceiling
broadcast_perf,2,16,2097152,524288,float,none,97.28,21.56,21.56,0,96.04,21.84,21.84,0,RING,SIMPLE,40,RING,SIMPLE,40,0,RING,A_flag_ceiling
broadcast_perf,2,16,4194304,1048576,float,none,110.62,37.92,37.92,0,110.46,37.97,37.97,0,RING,SIMPLE,40,RING,SIMPLE,40,0,RING,A_flag_ceiling
broadcast_perf,2,16,8388608,2097152,float,none,132.48,63.32,63.32,0,134.06,62.57,62.57,0,RING,SIMPLE,40,RING,SIMPLE,40,0,RING,A_flag_ceiling
broadcast_perf,2,16,16777216,4194304,float,none,176.38,95.12,95.12,0,173.35,96.78,96.78,0,RING,SIMPLE,40,RING,SIMPLE,40,0,RING,A_flag_ceiling
broadcast_perf,2,16,33554432,8388608,float,none,237.95,141.02,141.02,0,235.96,142.2,142.2,0,RING,SIMPLE,40,RING,SIMPLE,40,0,RING,A_flag_ceiling
broadcast_perf,2,16,67108864,16777216,float,none,343.06,195.62,195.62,0,343.31,195.47,195.47,0,RING,SIMPLE,40,RING,SIMPLE,40,0,RING,A_flag_ceiling
broadcast_perf,2,16,134217728,33554432,float,none,572.04,234.63,234.63,0,570.55,235.24,235.24,0,RING,SIMPLE,40,RING,SIMPLE,40,0,RING,A_flag_ceiling
broadcast_perf,2,16,268435456,67108864,float,none,937.02,286.48,286.48,0,936.97,286.49,286.49,0,RING,SIMPLE,40,RING,SIMPLE,40,0,RING,A_flag_ceiling
broadcast_perf,2,16,536870912,134217728,float,none,1781.41,301.37,301.37,0,1778.27,301.91,301.91,0,RING,SIMPLE,40,RING,SIMPLE,40,0,RING,A_flag_ceiling
broadcast_perf,2,16,4096,1024,float,none,19.62,0.21,0.21,0,20.94,0.2,0.2,0,RING,LL,40,RING,LL,40,0,RING,A_flag_ceiling
broadcast_perf,2,16,8192,2048,float,none,24.79,0.33,0.33,0,24.81,0.33,0.33,0,RING,LL,40,RING,LL,40,0,RING,A_flag_ceiling
broadcast_perf,2,16,16384,4096,float,none,38.04,0.43,0.43,0,36.61,0.45,0.45,0,RING,LL,40,RING,LL,40,0,RING,A_flag_ceiling
broadcast_perf,2,16,32768,8192,float,none,39.08,0.84,0.84,0,38.27,0.86,0.86,0,RING,LL,40,RING,LL,40,0,RING,A_flag_ceiling
broadcast_perf,2,16,65536,16384,float,none,40.02,1.64,1.64,0,39.96,1.64,1.64,0,RING,LL,40,RING,LL,40,0,RING,A_flag_ceiling
broadcast_perf,2,16,131072,32768,float,none,45.0,2.91,2.91,0,44.59,2.94,2.94,0,RING,LL,40,RING,LL,40,0,RING,A_flag_ceiling
broadcast_perf,2,16,262144,65536,float,none,51.91,5.05,5.05,0,51.5,5.09,5.09,0,RING,LL,40,RING,LL,40,0,RING,A_flag_ceiling
broadcast_perf,2,16,524288,131072,float,none,63.98,8.19,8.19,0,68.16,7.69,7.69,0,RING,LL,40,RING,LL,40,0,RING,A_flag_ceiling
broadcast_perf,2,16,1048576,262144,float,none,84.87,12.35,12.35,0,83.58,12.55,12.55,0,RING,LL,40,RING,LL,40,0,RING,A_flag_ceiling
broadcast_perf,2,16,2097152,524288,float,none,116.76,17.96,17.96,0,118.54,17.69,17.69,0,RING,LL,40,RING,LL,40,0,RING,A_flag_ceiling
broadcast_perf,2,16,4194304,1048576,float,none,177.41,23.64,23.64,0,180.26,23.27,23.27,0,RING,LL,40,RING,LL,40,0,RING,A_flag_ceiling
broadcast_perf,2,16,8388608,2097152,float,none,305.23,27.48,27.48,0,310.84,26.99,26.99,0,RING,LL,40,RING,LL,40,0,RING,A_flag_ceiling
broadcast_perf,2,16,16777216,4194304,float,none,569.32,29.47,29.47,0,567.97,29.54,29.54,0,RING,LL,40,RING,LL,40,0,RING,A_flag_ceiling
broadcast_perf,2,16,33554432,8388608,float,none,1071.54,31.31,31.31,0,1054.56,31.82,31.82,0,RING,LL,40,RING,LL,40,0,RING,A_flag_ceiling
broadcast_perf,2,16,67108864,16777216,float,none,2056.29,32.64,32.64,0,2060.34,32.57,32.57,0,RING,LL,40,RING,LL,40,0,RING,A_flag_ceiling
broadcast_perf,2,16,134217728,33554432,float,none,4055.33,33.1,33.1,0,3788.24,35.43,35.43,0,RING,LL,40,RING,LL,40,0,RING,A_flag_ceiling
broadcast_perf,2,16,268435456,67108864,float,none,7187.99,37.35,37.35,0,7037.98,38.14,38.14,0,RING,LL,40,RING,LL,40,0,RING,A_flag_ceiling
broadcast_perf,2,16,536870912,134217728,float,none,14318.4,37.5,37.5,0,13957.4,38.47,38.47,0,RING,LL,40,RING,LL,40,0,RING,A_flag_ceiling
broadcast_perf,2,16,4096,1024,float,none,18.78,0.22,0.22,0,17.14,0.24,0.24,0,RING,LL128,40,RING,LL128,40,0,RING,A_flag_ceiling
broadcast_perf,2,16,8192,2048,float,none,16.6,0.49,0.49,0,20.32,0.4,0.4,0,RING,LL128,40,RING,LL128,40,0,RING,A_flag_ceiling
broadcast_perf,2,16,16384,4096,float,none,23.06,0.71,0.71,0,17.0,0.96,0.96,0,RING,LL128,40,RING,LL128,40,0,RING,A_flag_ceiling
broadcast_perf,2,16,32768,8192,float,none,32.95,0.99,0.99,0,33.68,0.97,0.97,0,RING,LL128,40,RING,LL128,40,0,RING,A_flag_ceiling
broadcast_perf,2,16,65536,16384,float,none,46.88,1.4,1.4,0,47.44,1.38,1.38,0,RING,LL128,40,RING,LL128,40,0,RING,A_flag_ceiling
broadcast_perf,2,16,131072,32768,float,none,49.59,2.64,2.64,0,49.14,2.67,2.67,0,RING,LL128,40,RING,LL128,40,0,RING,A_flag_ceiling
broadcast_perf,2,16,262144,65536,float,none,50.28,5.21,5.21,0,50.84,5.16,5.16,0,RING,LL128,40,RING,LL128,40,0,RING,A_flag_ceiling
broadcast_perf,2,16,524288,131072,float,none,53.1,9.87,9.87,0,53.43,9.81,9.81,0,RING,LL128,40,RING,LL128,40,0,RING,A_flag_ceiling
broadcast_perf,2,16,1048576,262144,float,none,61.34,17.09,17.09,0,61.5,17.05,17.05,0,RING,LL128,40,RING,LL128,40,0,RING,A_flag_ceiling
broadcast_perf,2,16,2097152,524288,float,none,75.46,27.79,27.79,0,74.63,28.1,28.1,0,RING,LL128,40,RING,LL128,40,0,RING,A_flag_ceiling
broadcast_perf,2,16,4194304,1048576,float,none,94.53,44.37,44.37,0,94.13,44.56,44.56,0,RING,LL128,40,RING,LL128,40,0,RING,A_flag_ceiling
broadcast_perf,2,16,8388608,2097152,float,none,112.4,74.63,74.63,0,113.22,74.09,74.09,0,RING,LL128,40,RING,LL128,40,0,RING,A_flag_ceiling
broadcast_perf,2,16,16777216,4194304,float,none,143.39,117.0,117.0,0,143.09,117.25,117.25,0,RING,LL128,40,RING,LL128,40,0,RING,A_flag_ceiling
broadcast_perf,2,16,33554432,8388608,float,none,200.03,167.75,167.75,0,199.94,167.82,167.82,0,RING,LL128,40,RING,LL128,40,0,RING,A_flag_ceiling
broadcast_perf,2,16,67108864,16777216,float,none,305.87,219.4,219.4,0,305.82,219.44,219.44,0,RING,LL128,40,RING,LL128,40,0,RING,A_flag_ceiling
broadcast_perf,2,16,134217728,33554432,float,none,795.49,168.72,168.72,0,1179.76,113.77,113.77,0,RING,LL128,40,RING,LL128,40,0,RING,A_flag_ceiling
broadcast_perf,2,16,268435456,67108864,float,none,1500.59,178.89,178.89,0,959.94,279.64,279.64,0,RING,LL128,40,RING,LL128,40,0,RING,A_flag_ceiling
broadcast_perf,2,16,536870912,134217728,float,none,1808.14,296.92,296.92,0,2190.46,245.09,245.09,0,RING,LL128,40,RING,LL128,40,0,RING,A_flag_ceiling
broadcast_perf,2,16,4096,1024,float,none,57.52,0.07,0.07,0,35.99,0.11,0.11,0,RING,SIMPLE,48,RING,SIMPLE,48,0,RING,A_flag_ceiling
broadcast_perf,2,16,8192,2048,float,none,34.56,0.24,0.24,0,35.06,0.23,0.23,0,RING,SIMPLE,48,RING,SIMPLE,48,0,RING,A_flag_ceiling
broadcast_perf,2,16,16384,4096,float,none,36.51,0.45,0.45,0,38.63,0.42,0.42,0,RING,SIMPLE,48,RING,SIMPLE,48,0,RING,A_flag_ceiling
broadcast_perf,2,16,32768,8192,float,none,104.53,0.31,0.31,0,46.02,0.71,0.71,0,RING,SIMPLE,48,RING,SIMPLE,48,0,RING,A_flag_ceiling
broadcast_perf,2,16,65536,16384,float,none,67.76,0.97,0.97,0,66.23,0.99,0.99,0,RING,SIMPLE,48,RING,SIMPLE,48,0,RING,A_flag_ceiling
broadcast_perf,2,16,131072,32768,float,none,82.76,1.58,1.58,0,104.05,1.26,1.26,0,RING,SIMPLE,48,RING,SIMPLE,48,0,RING,A_flag_ceiling
broadcast_perf,2,16,262144,65536,float,none,74.9,3.5,3.5,0,71.64,3.66,3.66,0,RING,SIMPLE,48,RING,SIMPLE,48,0,RING,A_flag_ceiling
broadcast_perf,2,16,524288,131072,float,none,76.04,6.89,6.89,0,74.05,7.08,7.08,0,RING,SIMPLE,48,RING,SIMPLE,48,0,RING,A_flag_ceiling
broadcast_perf,2,16,1048576,262144,float,none,112.65,9.31,9.31,0,89.41,11.73,11.73,0,RING,SIMPLE,48,RING,SIMPLE,48,0,RING,A_flag_ceiling
broadcast_perf,2,16,2097152,524288,float,none,102.41,20.48,20.48,0,115.06,18.23,18.23,0,RING,SIMPLE,48,RING,SIMPLE,48,0,RING,A_flag_ceiling
broadcast_perf,2,16,4194304,1048576,float,none,166.19,25.24,25.24,0,379.99,11.04,11.04,0,RING,SIMPLE,48,RING,SIMPLE,48,0,RING,A_flag_ceiling
broadcast_perf,2,16,8388608,2097152,float,none,164.11,51.11,51.11,0,141.75,59.18,59.18,0,RING,SIMPLE,48,RING,SIMPLE,48,0,RING,A_flag_ceiling
broadcast_perf,2,16,16777216,4194304,float,none,213.35,78.64,78.64,0,318.99,52.6,52.6,0,RING,SIMPLE,48,RING,SIMPLE,48,0,RING,A_flag_ceiling
broadcast_perf,2,16,33554432,8388608,float,none,272.12,123.31,123.31,0,287.84,116.57,116.57,0,RING,SIMPLE,48,RING,SIMPLE,48,0,RING,A_flag_ceiling
broadcast_perf,2,16,67108864,16777216,float,none,532.65,125.99,125.99,0,390.7,171.77,171.77,0,RING,SIMPLE,48,RING,SIMPLE,48,0,RING,A_flag_ceiling
broadcast_perf,2,16,134217728,33554432,float,none,1088.18,123.34,123.34,0,693.48,193.54,193.54,0,RING,SIMPLE,48,RING,SIMPLE,48,0,RING,A_flag_ceiling
broadcast_perf,2,16,268435456,67108864,float,none,1380.7,194.42,194.42,0,1542.98,173.97,173.97,0,RING,SIMPLE,48,RING,SIMPLE,48,0,RING,A_flag_ceiling
broadcast_perf,2,16,536870912,134217728,float,none,2574.99,208.49,208.49,0,2443.83,219.68,219.68,0,RING,SIMPLE,48,RING,SIMPLE,48,0,RING,A_flag_ceiling
broadcast_perf,2,16,4096,1024,float,none,18.56,0.22,0.22,0,23.6,0.17,0.17,0,RING,LL,48,RING,LL,48,0,RING,A_flag_ceiling
broadcast_perf,2,16,8192,2048,float,none,31.05,0.26,0.26,0,34.27,0.24,0.24,0,RING,LL,48,RING,LL,48,0,RING,A_flag_ceiling
broadcast_perf,2,16,16384,4096,float,none,45.8,0.36,0.36,0,53.98,0.3,0.3,0,RING,LL,48,RING,LL,48,0,RING,A_flag_ceiling
broadcast_perf,2,16,32768,8192,float,none,46.5,0.7,0.7,0,48.2,0.68,0.68,0,RING,LL,48,RING,LL,48,0,RING,A_flag_ceiling
broadcast_perf,2,16,65536,16384,float,none,58.21,1.13,1.13,0,59.94,1.09,1.09,0,RING,LL,48,RING,LL,48,0,RING,A_flag_ceiling
broadcast_perf,2,16,131072,32768,float,none,54.6,2.4,2.4,0,50.74,2.58,2.58,0,RING,LL,48,RING,LL,48,0,RING,A_flag_ceiling
broadcast_perf,2,16,262144,65536,float,none,71.56,3.66,3.66,0,58.49,4.48,4.48,0,RING,LL,48,RING,LL,48,0,RING,A_flag_ceiling
broadcast_perf,2,16,524288,131072,float,none,97.75,5.36,5.36,0,68.92,7.61,7.61,0,RING,LL,48,RING,LL,48,0,RING,A_flag_ceiling
broadcast_perf,2,16,1048576,262144,float,none,84.14,12.46,12.46,0,102.03,10.28,10.28,0,RING,LL,48,RING,LL,48,0,RING,A_flag_ceiling
broadcast_perf,2,16,2097152,524288,float,none,107.1,19.58,19.58,0,116.49,18.0,18.0,0,RING,LL,48,RING,LL,48,0,RING,A_flag_ceiling
broadcast_perf,2,16,4194304,1048576,float,none,159.86,26.24,26.24,0,149.58,28.04,28.04,0,RING,LL,48,RING,LL,48,0,RING,A_flag_ceiling
broadcast_perf,2,16,8388608,2097152,float,none,279.13,30.05,30.05,0,277.86,30.19,30.19,0,RING,LL,48,RING,LL,48,0,RING,A_flag_ceiling
broadcast_perf,2,16,16777216,4194304,float,none,455.89,36.8,36.8,0,479.43,34.99,34.99,0,RING,LL,48,RING,LL,48,0,RING,A_flag_ceiling
broadcast_perf,2,16,33554432,8388608,float,none,909.55,36.89,36.89,0,897.08,37.4,37.4,0,RING,LL,48,RING,LL,48,0,RING,A_flag_ceiling
broadcast_perf,2,16,67108864,16777216,float,none,1692.37,39.65,39.65,0,1692.67,39.65,39.65,0,RING,LL,48,RING,LL,48,0,RING,A_flag_ceiling
broadcast_perf,2,16,134217728,33554432,float,none,3294.24,40.74,40.74,0,3298.15,40.69,40.69,0,RING,LL,48,RING,LL,48,0,RING,A_flag_ceiling
broadcast_perf,2,16,268435456,67108864,float,none,6518.96,41.18,41.18,0,6504.37,41.27,41.27,0,RING,LL,48,RING,LL,48,0,RING,A_flag_ceiling
broadcast_perf,2,16,536870912,134217728,float,none,12952.9,41.45,41.45,0,12929.8,41.52,41.52,0,RING,LL,48,RING,LL,48,0,RING,A_flag_ceiling
broadcast_perf,2,16,4096,1024,float,none,21.52,0.19,0.19,0,25.98,0.16,0.16,0,RING,LL128,48,RING,LL128,48,0,RING,A_flag_ceiling
broadcast_perf,2,16,8192,2048,float,none,20.93,0.39,0.39,0,21.85,0.37,0.37,0,RING,LL128,48,RING,LL128,48,0,RING,A_flag_ceiling
broadcast_perf,2,16,16384,4096,float,none,35.78,0.46,0.46,0,21.79,0.75,0.75,0,RING,LL128,48,RING,LL128,48,0,RING,A_flag_ceiling
broadcast_perf,2,16,32768,8192,float,none,42.63,0.77,0.77,0,42.45,0.77,0.77,0,RING,LL128,48,RING,LL128,48,0,RING,A_flag_ceiling
broadcast_perf,2,16,65536,16384,float,none,55.89,1.17,1.17,0,57.83,1.13,1.13,0,RING,LL128,48,RING,LL128,48,0,RING,A_flag_ceiling
broadcast_perf,2,16,131072,32768,float,none,70.78,1.85,1.85,0,70.71,1.85,1.85,0,RING,LL128,48,RING,LL128,48,0,RING,A_flag_ceiling
broadcast_perf,2,16,262144,65536,float,none,63.97,4.1,4.1,0,60.71,4.32,4.32,0,RING,LL128,48,RING,LL128,48,0,RING,A_flag_ceiling
broadcast_perf,2,16,524288,131072,float,none,66.87,7.84,7.84,0,65.33,8.02,8.02,0,RING,LL128,48,RING,LL128,48,0,RING,A_flag_ceiling
broadcast_perf,2,16,1048576,262144,float,none,71.48,14.67,14.67,0,72.24,14.52,14.52,0,RING,LL128,48,RING,LL128,48,0,RING,A_flag_ceiling
broadcast_perf,2,16,2097152,524288,float,none,94.94,22.09,22.09,0,85.46,24.54,24.54,0,RING,LL128,48,RING,LL128,48,0,RING,A_flag_ceiling
broadcast_perf,2,16,4194304,1048576,float,none,114.62,36.59,36.59,0,121.19,34.61,34.61,0,RING,LL128,48,RING,LL128,48,0,RING,A_flag_ceiling
broadcast_perf,2,16,8388608,2097152,float,none,125.16,67.02,67.02,0,139.35,60.2,60.2,0,RING,LL128,48,RING,LL128,48,0,RING,A_flag_ceiling
broadcast_perf,2,16,16777216,4194304,float,none,159.79,104.99,104.99,0,178.29,94.1,94.1,0,RING,LL128,48,RING,LL128,48,0,RING,A_flag_ceiling
broadcast_perf,2,16,33554432,8388608,float,none,236.55,141.85,141.85,0,267.22,125.57,125.57,0,RING,LL128,48,RING,LL128,48,0,RING,A_flag_ceiling
broadcast_perf,2,16,67108864,16777216,float,none,370.34,181.21,181.21,0,365.8,183.46,183.46,0,RING,LL128,48,RING,LL128,48,0,RING,A_flag_ceiling
broadcast_perf,2,16,134217728,33554432,float,none,583.65,229.96,229.96,0,585.88,229.09,229.09,0,RING,LL128,48,RING,LL128,48,0,RING,A_flag_ceiling
broadcast_perf,2,16,268435456,67108864,float,none,1082.97,247.87,247.87,0,1073.46,250.07,250.07,0,RING,LL128,48,RING,LL128,48,0,RING,A_flag_ceiling
broadcast_perf,2,16,536870912,134217728,float,none,2026.72,264.9,264.9,0,2020.61,265.7,265.7,0,RING,LL128,48,RING,LL128,48,0,RING,A_flag_ceiling
broadcast_perf,2,16,4096,1024,float,none,25.61,0.16,0.16,0,17.78,0.23,0.23,0,RING,SIMPLE,1,RING,SIMPLE,1,0,RING,A_flag_ceiling
broadcast_perf,2,16,8192,2048,float,none,17.32,0.47,0.47,0,20.9,0.39,0.39,0,RING,SIMPLE,1,RING,SIMPLE,1,0,RING,A_flag_ceiling
broadcast_perf,2,16,16384,4096,float,none,24.3,0.67,0.67,0,25.1,0.65,0.65,0,RING,SIMPLE,1,RING,SIMPLE,1,0,RING,A_flag_ceiling
broadcast_perf,2,16,32768,8192,float,none,23.84,1.37,1.37,0,25.06,1.31,1.31,0,RING,SIMPLE,1,RING,SIMPLE,1,0,RING,A_flag_ceiling
broadcast_perf,2,16,65536,16384,float,none,29.63,2.21,2.21,0,26.13,2.51,2.51,0,RING,SIMPLE,1,RING,SIMPLE,1,0,RING,A_flag_ceiling
broadcast_perf,2,16,131072,32768,float,none,34.58,3.79,3.79,0,39.38,3.33,3.33,0,RING,SIMPLE,1,RING,SIMPLE,1,0,RING,A_flag_ceiling
broadcast_perf,2,16,262144,65536,float,none,54.45,4.81,4.81,0,53.26,4.92,4.92,0,RING,SIMPLE,1,RING,SIMPLE,1,0,RING,A_flag_ceiling
broadcast_perf,2,16,524288,131072,float,none,70.83,7.4,7.4,0,72.94,7.19,7.19,0,RING,SIMPLE,1,RING,SIMPLE,1,0,RING,A_flag_ceiling
broadcast_perf,2,16,1048576,262144,float,none,122.99,8.53,8.53,0,123.87,8.47,8.47,0,RING,SIMPLE,1,RING,SIMPLE,1,0,RING,A_flag_ceiling
broadcast_perf,2,16,2097152,524288,float,none,187.92,11.16,11.16,0,188.55,11.12,11.12,0,RING,SIMPLE,1,RING,SIMPLE,1,0,RING,A_flag_ceiling
broadcast_perf,2,16,4194304,1048576,float,none,345.88,12.13,12.13,0,345.33,12.15,12.15,0,RING,SIMPLE,1,RING,SIMPLE,1,0,RING,A_flag_ceiling
broadcast_perf,2,16,8388608,2097152,float,none,558.25,15.03,15.03,0,560.0,14.98,14.98,0,RING,SIMPLE,1,RING,SIMPLE,1,0,RING,A_flag_ceiling
broadcast_perf,2,16,16777216,4194304,float,none,1085.43,15.46,15.46,0,1090.41,15.39,15.39,0,RING,SIMPLE,1,RING,SIMPLE,1,0,RING,A_flag_ceiling
broadcast_perf,2,16,33554432,8388608,float,none,2063.64,16.26,16.26,0,2069.0,16.22,16.22,0,RING,SIMPLE,1,RING,SIMPLE,1,0,RING,A_flag_ceiling
broadcast_perf,2,16,67108864,16777216,float,none,4109.81,16.33,16.33,0,4121.74,16.28,16.28,0,RING,SIMPLE,1,RING,SIMPLE,1,0,RING,A_flag_ceiling
broadcast_perf,2,16,134217728,33554432,float,none,8177.24,16.41,16.41,0,8221.82,16.32,16.32,0,RING,SIMPLE,1,RING,SIMPLE,1,0,RING,A_flag_ceiling
broadcast_perf,2,16,268435456,67108864,float,none,16352.1,16.42,16.42,0,16422.9,16.35,16.35,0,RING,SIMPLE,1,RING,SIMPLE,1,0,RING,A_flag_ceiling
broadcast_perf,2,16,536870912,134217728,float,none,32736.9,16.4,16.4,0,32817.2,16.36,16.36,0,RING,SIMPLE,1,RING,SIMPLE,1,0,RING,A_flag_ceiling
broadcast_perf,2,16,4096,1024,float,none,21.89,0.19,0.19,0,19.44,0.21,0.21,0,RING,LL,1,RING,LL,1,0,RING,A_flag_ceiling
broadcast_perf,2,16,8192,2048,float,none,20.86,0.39,0.39,0,22.41,0.37,0.37,0,RING,LL,1,RING,LL,1,0,RING,A_flag_ceiling
broadcast_perf,2,16,16384,4096,float,none,23.72,0.69,0.69,0,23.4,0.7,0.7,0,RING,LL,1,RING,LL,1,0,RING,A_flag_ceiling
broadcast_perf,2,16,32768,8192,float,none,27.27,1.2,1.2,0,30.46,1.08,1.08,0,RING,LL,1,RING,LL,1,0,RING,A_flag_ceiling
broadcast_perf,2,16,65536,16384,float,none,41.26,1.59,1.59,0,41.45,1.58,1.58,0,RING,LL,1,RING,LL,1,0,RING,A_flag_ceiling
broadcast_perf,2,16,131072,32768,float,none,65.71,1.99,1.99,0,61.34,2.14,2.14,0,RING,LL,1,RING,LL,1,0,RING,A_flag_ceiling
broadcast_perf,2,16,262144,65536,float,none,111.03,2.36,2.36,0,110.72,2.37,2.37,0,RING,LL,1,RING,LL,1,0,RING,A_flag_ceiling
broadcast_perf,2,16,524288,131072,float,none,217.94,2.41,2.41,0,219.49,2.39,2.39,0,RING,LL,1,RING,LL,1,0,RING,A_flag_ceiling
broadcast_perf,2,16,1048576,262144,float,none,431.29,2.43,2.43,0,431.64,2.43,2.43,0,RING,LL,1,RING,LL,1,0,RING,A_flag_ceiling
broadcast_perf,2,16,2097152,524288,float,none,857.6,2.45,2.45,0,858.21,2.44,2.44,0,RING,LL,1,RING,LL,1,0,RING,A_flag_ceiling
broadcast_perf,2,16,4194304,1048576,float,none,1711.61,2.45,2.45,0,1709.77,2.45,2.45,0,RING,LL,1,RING,LL,1,0,RING,A_flag_ceiling
broadcast_perf,2,16,8388608,2097152,float,none,3414.48,2.46,2.46,0,3419.73,2.45,2.45,0,RING,LL,1,RING,LL,1,0,RING,A_flag_ceiling
broadcast_perf,2,16,16777216,4194304,float,none,6816.83,2.46,2.46,0,6815.03,2.46,2.46,0,RING,LL,1,RING,LL,1,0,RING,A_flag_ceiling
broadcast_perf,2,16,33554432,8388608,float,none,13648.0,2.46,2.46,0,13637.9,2.46,2.46,0,RING,LL,1,RING,LL,1,0,RING,A_flag_ceiling
broadcast_perf,2,16,67108864,16777216,float,none,27240.2,2.46,2.46,0,27284.7,2.46,2.46,0,RING,LL,1,RING,LL,1,0,RING,A_flag_ceiling
broadcast_perf,2,16,134217728,33554432,float,none,54583.9,2.46,2.46,0,54590.0,2.46,2.46,0,RING,LL,1,RING,LL,1,0,RING,A_flag_ceiling
broadcast_perf,2,16,268435456,67108864,float,none,109059.0,2.46,2.46,0,109132.0,2.46,2.46,0,RING,LL,1,RING,LL,1,0,RING,A_flag_ceiling
broadcast_perf,2,16,536870912,134217728,float,none,217698.0,2.47,2.47,0,218139.0,2.46,2.46,0,RING,LL,1,RING,LL,1,0,RING,A_flag_ceiling
broadcast_perf,2,16,4096,1024,float,none,24.33,0.17,0.17,0,19.87,0.21,0.21,0,RING,LL128,1,RING,LL128,1,0,RING,A_flag_ceiling
broadcast_perf,2,16,8192,2048,float,none,22.8,0.36,0.36,0,18.89,0.43,0.43,0,RING,LL128,1,RING,LL128,1,0,RING,A_flag_ceiling
broadcast_perf,2,16,16384,4096,float,none,22.83,0.72,0.72,0,18.92,0.87,0.87,0,RING,LL128,1,RING,LL128,1,0,RING,A_flag_ceiling
broadcast_perf,2,16,32768,8192,float,none,25.75,1.27,1.27,0,24.84,1.32,1.32,0,RING,LL128,1,RING,LL128,1,0,RING,A_flag_ceiling
broadcast_perf,2,16,65536,16384,float,none,26.84,2.44,2.44,0,22.76,2.88,2.88,0,RING,LL128,1,RING,LL128,1,0,RING,A_flag_ceiling
broadcast_perf,2,16,131072,32768,float,none,27.54,4.76,4.76,0,29.77,4.4,4.4,0,RING,LL128,1,RING,LL128,1,0,RING,A_flag_ceiling
broadcast_perf,2,16,262144,65536,float,none,37.62,6.97,6.97,0,40.25,6.51,6.51,0,RING,LL128,1,RING,LL128,1,0,RING,A_flag_ceiling
broadcast_perf,2,16,524288,131072,float,none,67.77,7.74,7.74,0,61.55,8.52,8.52,0,RING,LL128,1,RING,LL128,1,0,RING,A_flag_ceiling
broadcast_perf,2,16,1048576,262144,float,none,105.13,9.97,9.97,0,106.29,9.87,9.87,0,RING,LL128,1,RING,LL128,1,0,RING,A_flag_ceiling
broadcast_perf,2,16,2097152,524288,float,none,196.89,10.65,10.65,0,196.19,10.69,10.69,0,RING,LL128,1,RING,LL128,1,0,RING,A_flag_ceiling
broadcast_perf,2,16,4194304,1048576,float,none,374.97,11.19,11.19,0,371.72,11.28,11.28,0,RING,LL128,1,RING,LL128,1,0,RING,A_flag_ceiling
broadcast_perf,2,16,8388608,2097152,float,none,730.87,11.48,11.48,0,723.82,11.59,11.59,0,RING,LL128,1,RING,LL128,1,0,RING,A_flag_ceiling
broadcast_perf,2,16,16777216,4194304,float,none,1458.94,11.5,11.5,0,1443.18,11.63,11.63,0,RING,LL128,1,RING,LL128,1,0,RING,A_flag_ceiling
broadcast_perf,2,16,33554432,8388608,float,none,2926.16,11.47,11.47,0,2899.86,11.57,11.57,0,RING,LL128,1,RING,LL128,1,0,RING,A_flag_ceiling
broadcast_perf,2,16,67108864,16777216,float,none,5855.12,11.46,11.46,0,5800.23,11.57,11.57,0,RING,LL128,1,RING,LL128,1,0,RING,A_flag_ceiling
broadcast_perf,2,16,134217728,33554432,float,none,11729.2,11.44,11.44,0,11601.4,11.57,11.57,0,RING,LL128,1,RING,LL128,1,0,RING,A_flag_ceiling
broadcast_perf,2,16,268435456,67108864,float,none,23446.0,11.45,11.45,0,23217.5,11.56,11.56,0,RING,LL128,1,RING,LL128,1,0,RING,A_flag_ceiling
broadcast_perf,2,16,536870912,134217728,float,none,46930.2,11.44,11.44,0,46460.3,11.56,11.56,0,RING,LL128,1,RING,LL128,1,0,RING,A_flag_ceiling
broadcast_perf,2,16,4096,1024,float,none,26.53,0.15,0.15,0,24.57,0.17,0.17,0,RING,SIMPLE,2,RING,SIMPLE,2,0,RING,A_flag_ceiling
broadcast_perf,2,16,8192,2048,float,none,18.4,0.45,0.45,0,20.37,0.4,0.4,0,RING,SIMPLE,2,RING,SIMPLE,2,0,RING,A_flag_ceiling
broadcast_perf,2,16,16384,4096,float,none,23.28,0.7,0.7,0,19.67,0.83,0.83,0,RING,SIMPLE,2,RING,SIMPLE,2,0,RING,A_flag_ceiling
broadcast_perf,2,16,32768,8192,float,none,43.55,0.75,0.75,0,43.47,0.75,0.75,0,RING,SIMPLE,2,RING,SIMPLE,2,0,RING,A_flag_ceiling
broadcast_perf,2,16,65536,16384,float,none,51.89,1.26,1.26,0,51.85,1.26,1.26,0,RING,SIMPLE,2,RING,SIMPLE,2,0,RING,A_flag_ceiling
broadcast_perf,2,16,131072,32768,float,none,58.03,2.26,2.26,0,58.24,2.25,2.25,0,RING,SIMPLE,2,RING,SIMPLE,2,0,RING,A_flag_ceiling
broadcast_perf,2,16,262144,65536,float,none,68.03,3.85,3.85,0,68.87,3.81,3.81,0,RING,SIMPLE,2,RING,SIMPLE,2,0,RING,A_flag_ceiling
broadcast_perf,2,16,524288,131072,float,none,88.07,5.95,5.95,0,87.41,6.0,6.0,0,RING,SIMPLE,2,RING,SIMPLE,2,0,RING,A_flag_ceiling
broadcast_perf,2,16,1048576,262144,float,none,119.57,8.77,8.77,0,119.45,8.78,8.78,0,RING,SIMPLE,2,RING,SIMPLE,2,0,RING,A_flag_ceiling
broadcast_perf,2,16,2097152,524288,float,none,173.87,12.06,12.06,0,174.47,12.02,12.02,0,RING,SIMPLE,2,RING,SIMPLE,2,0,RING,A_flag_ceiling
broadcast_perf,2,16,4194304,1048576,float,none,269.92,15.54,15.54,0,270.04,15.53,15.53,0,RING,SIMPLE,2,RING,SIMPLE,2,0,RING,A_flag_ceiling
broadcast_perf,2,16,8388608,2097152,float,none,431.26,19.45,19.45,0,429.18,19.55,19.55,0,RING,SIMPLE,2,RING,SIMPLE,2,0,RING,A_flag_ceiling
broadcast_perf,2,16,16777216,4194304,float,none,719.39,23.32,23.32,0,719.01,23.33,23.33,0,RING,SIMPLE,2,RING,SIMPLE,2,0,RING,A_flag_ceiling
broadcast_perf,2,16,33554432,8388608,float,none,1268.95,26.44,26.44,0,1269.26,26.44,26.44,0,RING,SIMPLE,2,RING,SIMPLE,2,0,RING,A_flag_ceiling
broadcast_perf,2,16,67108864,16777216,float,none,2420.97,27.72,27.72,0,2424.89,27.68,27.68,0,RING,SIMPLE,2,RING,SIMPLE,2,0,RING,A_flag_ceiling
broadcast_perf,2,16,134217728,33554432,float,none,4566.31,29.39,29.39,0,4568.57,29.38,29.38,0,RING,SIMPLE,2,RING,SIMPLE,2,0,RING,A_flag_ceiling
broadcast_perf,2,16,268435456,67108864,float,none,8856.43,30.31,30.31,0,8885.21,30.21,30.21,0,RING,SIMPLE,2,RING,SIMPLE,2,0,RING,A_flag_ceiling
broadcast_perf,2,16,536870912,134217728,float,none,17650.0,30.42,30.42,0,17697.8,30.34,30.34,0,RING,SIMPLE,2,RING,SIMPLE,2,0,RING,A_flag_ceiling
broadcast_perf,2,16,4096,1024,float,none,16.61,0.25,0.25,0,22.8,0.18,0.18,0,RING,LL,2,RING,LL,2,0,RING,A_flag_ceiling
broadcast_perf,2,16,8192,2048,float,none,27.7,0.3,0.3,0,27.86,0.29,0.29,0,RING,LL,2,RING,LL,2,0,RING,A_flag_ceiling
broadcast_perf,2,16,16384,4096,float,none,29.3,0.56,0.56,0,28.21,0.58,0.58,0,RING,LL,2,RING,LL,2,0,RING,A_flag_ceiling
broadcast_perf,2,16,32768,8192,float,none,34.98,0.94,0.94,0,33.7,0.97,0.97,0,RING,LL,2,RING,LL,2,0,RING,A_flag_ceiling
broadcast_perf,2,16,65536,16384,float,none,40.43,1.62,1.62,0,39.73,1.65,1.65,0,RING,LL,2,RING,LL,2,0,RING,A_flag_ceiling
broadcast_perf,2,16,131072,32768,float,none,53.05,2.47,2.47,0,53.91,2.43,2.43,0,RING,LL,2,RING,LL,2,0,RING,A_flag_ceiling
broadcast_perf,2,16,262144,65536,float,none,80.12,3.27,3.27,0,80.0,3.28,3.28,0,RING,LL,2,RING,LL,2,0,RING,A_flag_ceiling
broadcast_perf,2,16,524288,131072,float,none,132.62,3.95,3.95,0,133.15,3.94,3.94,0,RING,LL,2,RING,LL,2,0,RING,A_flag_ceiling
broadcast_perf,2,16,1048576,262144,float,none,238.64,4.39,4.39,0,239.13,4.38,4.38,0,RING,LL,2,RING,LL,2,0,RING,A_flag_ceiling
broadcast_perf,2,16,2097152,524288,float,none,450.23,4.66,4.66,0,451.09,4.65,4.65,0,RING,LL,2,RING,LL,2,0,RING,A_flag_ceiling
broadcast_perf,2,16,4194304,1048576,float,none,875.96,4.79,4.79,0,873.6,4.8,4.8,0,RING,LL,2,RING,LL,2,0,RING,A_flag_ceiling
broadcast_perf,2,16,8388608,2097152,float,none,1728.62,4.85,4.85,0,1725.55,4.86,4.86,0,RING,LL,2,RING,LL,2,0,RING,A_flag_ceiling
broadcast_perf,2,16,16777216,4194304,float,none,3450.12,4.86,4.86,0,3442.85,4.87,4.87,0,RING,LL,2,RING,LL,2,0,RING,A_flag_ceiling
broadcast_perf,2,16,33554432,8388608,float,none,6893.12,4.87,4.87,0,6882.74,4.88,4.88,0,RING,LL,2,RING,LL,2,0,RING,A_flag_ceiling
broadcast_perf,2,16,67108864,16777216,float,none,13793.3,4.87,4.87,0,13768.5,4.87,4.87,0,RING,LL,2,RING,LL,2,0,RING,A_flag_ceiling
broadcast_perf,2,16,134217728,33554432,float,none,27609.4,4.86,4.86,0,27531.3,4.88,4.88,0,RING,LL,2,RING,LL,2,0,RING,A_flag_ceiling
broadcast_perf,2,16,268435456,67108864,float,none,55168.3,4.87,4.87,0,55061.6,4.88,4.88,0,RING,LL,2,RING,LL,2,0,RING,A_flag_ceiling
broadcast_perf,2,16,536870912,134217728,float,none,110408.0,4.86,4.86,0,110091.0,4.88,4.88,0,RING,LL,2,RING,LL,2,0,RING,A_flag_ceiling
broadcast_perf,2,16,4096,1024,float,none,18.79,0.22,0.22,0,19.41,0.21,0.21,0,RING,LL128,2,RING,LL128,2,0,RING,A_flag_ceiling
broadcast_perf,2,16,8192,2048,float,none,22.37,0.37,0.37,0,19.63,0.42,0.42,0,RING,LL128,2,RING,LL128,2,0,RING,A_flag_ceiling
broadcast_perf,2,16,16384,4096,float,none,26.29,0.62,0.62,0,18.31,0.89,0.89,0,RING,LL128,2,RING,LL128,2,0,RING,A_flag_ceiling
broadcast_perf,2,16,32768,8192,float,none,33.16,0.99,0.99,0,32.85,1.0,1.0,0,RING,LL128,2,RING,LL128,2,0,RING,A_flag_ceiling
broadcast_perf,2,16,65536,16384,float,none,36.64,1.79,1.79,0,36.3,1.81,1.81,0,RING,LL128,2,RING,LL128,2,0,RING,A_flag_ceiling
broadcast_perf,2,16,131072,32768,float,none,42.98,3.05,3.05,0,43.03,3.05,3.05,0,RING,LL128,2,RING,LL128,2,0,RING,A_flag_ceiling
broadcast_perf,2,16,262144,65536,float,none,52.15,5.03,5.03,0,52.49,4.99,4.99,0,RING,LL128,2,RING,LL128,2,0,RING,A_flag_ceiling
broadcast_perf,2,16,524288,131072,float,none,64.5,8.13,8.13,0,64.68,8.11,8.11,0,RING,LL128,2,RING,LL128,2,0,RING,A_flag_ceiling
broadcast_perf,2,16,1048576,262144,float,none,88.87,11.8,11.8,0,88.55,11.84,11.84,0,RING,LL128,2,RING,LL128,2,0,RING,A_flag_ceiling
broadcast_perf,2,16,2097152,524288,float,none,135.26,15.5,15.5,0,135.41,15.49,15.49,0,RING,LL128,2,RING,LL128,2,0,RING,A_flag_ceiling
broadcast_perf,2,16,4194304,1048576,float,none,229.92,18.24,18.24,0,229.57,18.27,18.27,0,RING,LL128,2,RING,LL128,2,0,RING,A_flag_ceiling
broadcast_perf,2,16,8388608,2097152,float,none,417.95,20.07,20.07,0,415.44,20.19,20.19,0,RING,LL128,2,RING,LL128,2,0,RING,A_flag_ceiling
broadcast_perf,2,16,16777216,4194304,float,none,789.12,21.26,21.26,0,788.65,21.27,21.27,0,RING,LL128,2,RING,LL128,2,0,RING,A_flag_ceiling
broadcast_perf,2,16,33554432,8388608,float,none,1557.75,21.54,21.54,0,3392.94,9.89,9.89,0,RING,LL128,2,RING,LL128,2,0,RING,A_flag_ceiling
broadcast_perf,2,16,67108864,16777216,float,none,3104.2,21.62,21.62,0,3121.99,21.5,21.5,0,RING,LL128,2,RING,LL128,2,0,RING,A_flag_ceiling
broadcast_perf,2,16,134217728,33554432,float,none,6228.2,21.55,21.55,0,6233.75,21.53,21.53,0,RING,LL128,2,RING,LL128,2,0,RING,A_flag_ceiling
broadcast_perf,2,16,268435456,67108864,float,none,12455.4,21.55,21.55,0,12467.9,21.53,21.53,0,RING,LL128,2,RING,LL128,2,0,RING,A_flag_ceiling
broadcast_perf,2,16,536870912,134217728,float,none,24952.8,21.52,21.52,0,24898.0,21.56,21.56,0,RING,LL128,2,RING,LL128,2,0,RING,A_flag_ceiling
broadcast_perf,2,16,4096,1024,float,none,19.52,0.21,0.21,0,24.38,0.17,0.17,0,RING,SIMPLE,4,RING,SIMPLE,4,0,RING,A_flag_ceiling
broadcast_perf,2,16,8192,2048,float,none,22.08,0.37,0.37,0,19.53,0.42,0.42,0,RING,SIMPLE,4,RING,SIMPLE,4,0,RING,A_flag_ceiling
broadcast_perf,2,16,16384,4096,float,none,26.74,0.61,0.61,0,22.66,0.72,0.72,0,RING,SIMPLE,4,RING,SIMPLE,4,0,RING,A_flag_ceiling
broadcast_perf,2,16,32768,8192,float,none,43.82,0.75,0.75,0,43.57,0.75,0.75,0,RING,SIMPLE,4,RING,SIMPLE,4,0,RING,A_flag_ceiling
broadcast_perf,2,16,65536,16384,float,none,65.12,1.01,1.01,0,65.3,1.0,1.0,0,RING,SIMPLE,4,RING,SIMPLE,4,0,RING,A_flag_ceiling
broadcast_perf,2,16,131072,32768,float,none,77.51,1.69,1.69,0,78.13,1.68,1.68,0,RING,SIMPLE,4,RING,SIMPLE,4,0,RING,A_flag_ceiling
broadcast_perf,2,16,262144,65536,float,none,88.61,2.96,2.96,0,84.1,3.12,3.12,0,RING,SIMPLE,4,RING,SIMPLE,4,0,RING,A_flag_ceiling
broadcast_perf,2,16,524288,131072,float,none,95.64,5.48,5.48,0,95.59,5.49,5.49,0,RING,SIMPLE,4,RING,SIMPLE,4,0,RING,A_flag_ceiling
broadcast_perf,2,16,1048576,262144,float,none,117.5,8.92,8.92,0,117.48,8.93,8.93,0,RING,SIMPLE,4,RING,SIMPLE,4,0,RING,A_flag_ceiling
broadcast_perf,2,16,2097152,524288,float,none,162.43,12.91,12.91,0,162.22,12.93,12.93,0,RING,SIMPLE,4,RING,SIMPLE,4,0,RING,A_flag_ceiling
broadcast_perf,2,16,4194304,1048576,float,none,223.83,18.74,18.74,0,223.74,18.75,18.75,0,RING,SIMPLE,4,RING,SIMPLE,4,0,RING,A_flag_ceiling
broadcast_perf,2,16,8388608,2097152,float,none,346.35,24.22,24.22,0,345.01,24.31,24.31,0,RING,SIMPLE,4,RING,SIMPLE,4,0,RING,A_flag_ceiling
broadcast_perf,2,16,16777216,4194304,float,none,524.37,32.0,32.0,0,523.45,32.05,32.05,0,RING,SIMPLE,4,RING,SIMPLE,4,0,RING,A_flag_ceiling
broadcast_perf,2,16,33554432,8388608,float,none,874.03,38.39,38.39,0,873.37,38.42,38.42,0,RING,SIMPLE,4,RING,SIMPLE,4,0,RING,A_flag_ceiling
broadcast_perf,2,16,67108864,16777216,float,none,1479.86,45.35,45.35,0,1482.04,45.28,45.28,0,RING,SIMPLE,4,RING,SIMPLE,4,0,RING,A_flag_ceiling
broadcast_perf,2,16,134217728,33554432,float,none,2797.11,47.98,47.98,0,2794.82,48.02,48.02,0,RING,SIMPLE,4,RING,SIMPLE,4,0,RING,A_flag_ceiling
broadcast_perf,2,16,268435456,67108864,float,none,5117.78,52.45,52.45,0,5124.66,52.38,52.38,0,RING,SIMPLE,4,RING,SIMPLE,4,0,RING,A_flag_ceiling
broadcast_perf,2,16,536870912,134217728,float,none,9920.85,54.12,54.12,0,9751.59,55.05,55.05,0,RING,SIMPLE,4,RING,SIMPLE,4,0,RING,A_flag_ceiling
broadcast_perf,2,16,4096,1024,float,none,19.94,0.21,0.21,0,19.08,0.21,0.21,0,RING,LL,4,RING,LL,4,0,RING,A_flag_ceiling
broadcast_perf,2,16,8192,2048,float,none,25.61,0.32,0.32,0,32.31,0.25,0.25,0,RING,LL,4,RING,LL,4,0,RING,A_flag_ceiling
broadcast_perf,2,16,16384,4096,float,none,38.3,0.43,0.43,0,36.42,0.45,0.45,0,RING,LL,4,RING,LL,4,0,RING,A_flag_ceiling
broadcast_perf,2,16,32768,8192,float,none,42.27,0.78,0.78,0,41.89,0.78,0.78,0,RING,LL,4,RING,LL,4,0,RING,A_flag_ceiling
broadcast_perf,2,16,65536,16384,float,none,51.52,1.27,1.27,0,51.61,1.27,1.27,0,RING,LL,4,RING,LL,4,0,RING,A_flag_ceiling
broadcast_perf,2,16,131072,32768,float,none,59.14,2.22,2.22,0,59.74,2.19,2.19,0,RING,LL,4,RING,LL,4,0,RING,A_flag_ceiling
broadcast_perf,2,16,262144,65536,float,none,72.96,3.59,3.59,0,73.77,3.55,3.55,0,RING,LL,4,RING,LL,4,0,RING,A_flag_ceiling
broadcast_perf,2,16,524288,131072,float,none,100.04,5.24,5.24,0,100.6,5.21,5.21,0,RING,LL,4,RING,LL,4,0,RING,A_flag_ceiling
broadcast_perf,2,16,1048576,262144,float,none,154.13,6.8,6.8,0,154.05,6.81,6.81,0,RING,LL,4,RING,LL,4,0,RING,A_flag_ceiling
broadcast_perf,2,16,2097152,524288,float,none,261.99,8.0,8.0,0,262.21,8.0,8.0,0,RING,LL,4,RING,LL,4,0,RING,A_flag_ceiling
broadcast_perf,2,16,4194304,1048576,float,none,476.41,8.8,8.8,0,475.55,8.82,8.82,0,RING,LL,4,RING,LL,4,0,RING,A_flag_ceiling
broadcast_perf,2,16,8388608,2097152,float,none,904.34,9.28,9.28,0,902.12,9.3,9.3,0,RING,LL,4,RING,LL,4,0,RING,A_flag_ceiling
broadcast_perf,2,16,16777216,4194304,float,none,1764.76,9.51,9.51,0,1767.04,9.49,9.49,0,RING,LL,4,RING,LL,4,0,RING,A_flag_ceiling
broadcast_perf,2,16,33554432,8388608,float,none,3543.16,9.47,9.47,0,3547.23,9.46,9.46,0,RING,LL,4,RING,LL,4,0,RING,A_flag_ceiling
broadcast_perf,2,16,67108864,16777216,float,none,7155.53,9.38,9.38,0,7143.36,9.39,9.39,0,RING,LL,4,RING,LL,4,0,RING,A_flag_ceiling
broadcast_perf,2,16,134217728,33554432,float,none,14378.1,9.33,9.33,0,14363.7,9.34,9.34,0,RING,LL,4,RING,LL,4,0,RING,A_flag_ceiling
broadcast_perf,2,16,268435456,67108864,float,none,28811.9,9.32,9.32,0,28799.7,9.32,9.32,0,RING,LL,4,RING,LL,4,0,RING,A_flag_ceiling
broadcast_perf,2,16,536870912,134217728,float,none,57654.6,9.31,9.31,0,57551.9,9.33,9.33,0,RING,LL,4,RING,LL,4,0,RING,A_flag_ceiling
broadcast_perf,2,16,4096,1024,float,none,17.79,0.23,0.23,0,16.63,0.25,0.25,0,RING,LL128,4,RING,LL128,4,0,RING,A_flag_ceiling
broadcast_perf,2,16,8192,2048,float,none,22.0,0.37,0.37,0,19.21,0.43,0.43,0,RING,LL128,4,RING,LL128,4,0,RING,A_flag_ceiling
broadcast_perf,2,16,16384,4096,float,none,17.83,0.92,0.92,0,24.33,0.67,0.67,0,RING,LL128,4,RING,LL128,4,0,RING,A_flag_ceiling
broadcast_perf,2,16,32768,8192,float,none,32.59,1.01,1.01,0,31.91,1.03,1.03,0,RING,LL128,4,RING,LL128,4,0,RING,A_flag_ceiling
broadcast_perf,2,16,65536,16384,float,none,47.53,1.38,1.38,0,47.48,1.38,1.38,0,RING,LL128,4,RING,LL128,4,0,RING,A_flag_ceiling
broadcast_perf,2,16,131072,32768,float,none,54.31,2.41,2.41,0,54.54,2.4,2.4,0,RING,LL128,4,RING,LL128,4,0,RING,A_flag_ceiling
broadcast_perf,2,16,262144,65536,float,none,64.69,4.05,4.05,0,64.47,4.07,4.07,0,RING,LL128,4,RING,LL128,4,0,RING,A_flag_ceiling
broadcast_perf,2,16,524288,131072,float,none,78.56,6.67,6.67,0,78.69,6.66,6.66,0,RING,LL128,4,RING,LL128,4,0,RING,A_flag_ceiling
broadcast_perf,2,16,1048576,262144,float,none,91.96,11.4,11.4,0,92.3,11.36,11.36,0,RING,LL128,4,RING,LL128,4,0,RING,A_flag_ceiling
broadcast_perf,2,16,2097152,524288,float,none,118.18,17.74,17.74,0,117.64,17.83,17.83,0,RING,LL128,4,RING,LL128,4,0,RING,A_flag_ceiling
broadcast_perf,2,16,4194304,1048576,float,none,168.18,24.94,24.94,0,167.83,24.99,24.99,0,RING,LL128,4,RING,LL128,4,0,RING,A_flag_ceiling
broadcast_perf,2,16,8388608,2097152,float,none,267.46,31.36,31.36,0,266.28,31.5,31.5,0,RING,LL128,4,RING,LL128,4,0,RING,A_flag_ceiling
broadcast_perf,2,16,16777216,4194304,float,none,467.04,35.92,35.92,0,463.96,36.16,36.16,0,RING,LL128,4,RING,LL128,4,0,RING,A_flag_ceiling
broadcast_perf,2,16,33554432,8388608,float,none,864.28,38.82,38.82,0,860.51,38.99,38.99,0,RING,LL128,4,RING,LL128,4,0,RING,A_flag_ceiling
broadcast_perf,2,16,67108864,16777216,float,none,1658.31,40.47,40.47,0,1652.31,40.62,40.62,0,RING,LL128,4,RING,LL128,4,0,RING,A_flag_ceiling
broadcast_perf,2,16,134217728,33554432,float,none,3253.18,41.26,41.26,0,3241.24,41.41,41.41,0,RING,LL128,4,RING,LL128,4,0,RING,A_flag_ceiling
broadcast_perf,2,16,268435456,67108864,float,none,6527.98,41.12,41.12,0,6484.61,41.4,41.4,0,RING,LL128,4,RING,LL128,4,0,RING,A_flag_ceiling
broadcast_perf,2,16,536870912,134217728,float,none,13041.6,41.17,41.17,0,12952.8,41.45,41.45,0,RING,LL128,4,RING,LL128,4,0,RING,A_flag_ceiling
broadcast_perf,2,16,4096,1024,float,none,19.9,0.21,0.21,0,24.27,0.17,0.17,0,RING,SIMPLE,8,RING,SIMPLE,8,0,RING,A_flag_ceiling
broadcast_perf,2,16,8192,2048,float,none,24.4,0.34,0.34,0,17.3,0.47,0.47,0,RING,SIMPLE,8,RING,SIMPLE,8,0,RING,A_flag_ceiling
broadcast_perf,2,16,16384,4096,float,none,23.32,0.7,0.7,0,19.47,0.84,0.84,0,RING,SIMPLE,8,RING,SIMPLE,8,0,RING,A_flag_ceiling
broadcast_perf,2,16,32768,8192,float,none,44.06,0.74,0.74,0,43.31,0.76,0.76,0,RING,SIMPLE,8,RING,SIMPLE,8,0,RING,A_flag_ceiling
broadcast_perf,2,16,65536,16384,float,none,65.13,1.01,1.01,0,65.05,1.01,1.01,0,RING,SIMPLE,8,RING,SIMPLE,8,0,RING,A_flag_ceiling
broadcast_perf,2,16,131072,32768,float,none,68.82,1.9,1.9,0,69.21,1.89,1.89,0,RING,SIMPLE,8,RING,SIMPLE,8,0,RING,A_flag_ceiling
broadcast_perf,2,16,262144,65536,float,none,81.29,3.22,3.22,0,81.23,3.23,3.23,0,RING,SIMPLE,8,RING,SIMPLE,8,0,RING,A_flag_ceiling
broadcast_perf,2,16,524288,131072,float,none,88.27,5.94,5.94,0,88.46,5.93,5.93,0,RING,SIMPLE,8,RING,SIMPLE,8,0,RING,A_flag_ceiling
broadcast_perf,2,16,1048576,262144,float,none,100.06,10.48,10.48,0,100.18,10.47,10.47,0,RING,SIMPLE,8,RING,SIMPLE,8,0,RING,A_flag_ceiling
broadcast_perf,2,16,2097152,524288,float,none,122.45,17.13,17.13,0,122.88,17.07,17.07,0,RING,SIMPLE,8,RING,SIMPLE,8,0,RING,A_flag_ceiling
broadcast_perf,2,16,4194304,1048576,float,none,168.42,24.9,24.9,0,168.49,24.89,24.89,0,RING,SIMPLE,8,RING,SIMPLE,8,0,RING,A_flag_ceiling
broadcast_perf,2,16,8388608,2097152,float,none,228.85,36.66,36.66,0,228.16,36.77,36.77,0,RING,SIMPLE,8,RING,SIMPLE,8,0,RING,A_flag_ceiling
broadcast_perf,2,16,16777216,4194304,float,none,354.24,47.36,47.36,0,356.21,47.1,47.1,0,RING,SIMPLE,8,RING,SIMPLE,8,0,RING,A_flag_ceiling
broadcast_perf,2,16,33554432,8388608,float,none,527.31,63.63,63.63,0,527.94,63.56,63.56,0,RING,SIMPLE,8,RING,SIMPLE,8,0,RING,A_flag_ceiling
broadcast_perf,2,16,67108864,16777216,float,none,888.23,75.55,75.55,0,888.6,75.52,75.52,0,RING,SIMPLE,8,RING,SIMPLE,8,0,RING,A_flag_ceiling
broadcast_perf,2,16,134217728,33554432,float,none,1503.11,89.29,89.29,0,1502.66,89.32,89.32,0,RING,SIMPLE,8,RING,SIMPLE,8,0,RING,A_flag_ceiling
broadcast_perf,2,16,268435456,67108864,float,none,2848.51,94.24,94.24,0,2869.7,93.54,93.54,0,RING,SIMPLE,8,RING,SIMPLE,8,0,RING,A_flag_ceiling
broadcast_perf,2,16,536870912,134217728,float,none,5209.61,103.05,103.05,0,5216.28,102.92,102.92,0,RING,SIMPLE,8,RING,SIMPLE,8,0,RING,A_flag_ceiling
broadcast_perf,2,16,4096,1024,float,none,27.39,0.15,0.15,0,22.44,0.18,0.18,0,RING,LL,8,RING,LL,8,0,RING,A_flag_ceiling
broadcast_perf,2,16,8192,2048,float,none,25.1,0.33,0.33,0,27.22,0.3,0.3,0,RING,LL,8,RING,LL,8,0,RING,A_flag_ceiling
broadcast_perf,2,16,16384,4096,float,none,39.61,0.41,0.41,0,37.29,0.44,0.44,0,RING,LL,8,RING,LL,8,0,RING,A_flag_ceiling
broadcast_perf,2,16,32768,8192,float,none,39.17,0.84,0.84,0,39.3,0.83,0.83,0,RING,LL,8,RING,LL,8,0,RING,A_flag_ceiling
broadcast_perf,2,16,65536,16384,float,none,43.86,1.49,1.49,0,43.6,1.5,1.5,0,RING,LL,8,RING,LL,8,0,RING,A_flag_ceiling
broadcast_perf,2,16,131072,32768,float,none,53.51,2.45,2.45,0,55.42,2.37,2.37,0,RING,LL,8,RING,LL,8,0,RING,A_flag_ceiling
broadcast_perf,2,16,262144,65536,float,none,61.07,4.29,4.29,0,61.4,4.27,4.27,0,RING,LL,8,RING,LL,8,0,RING,A_flag_ceiling
broadcast_perf,2,16,524288,131072,float,none,76.04,6.9,6.9,0,76.56,6.85,6.85,0,RING,LL,8,RING,LL,8,0,RING,A_flag_ceiling
broadcast_perf,2,16,1048576,262144,float,none,104.13,10.07,10.07,0,104.33,10.05,10.05,0,RING,LL,8,RING,LL,8,0,RING,A_flag_ceiling
broadcast_perf,2,16,2097152,524288,float,none,159.1,13.18,13.18,0,159.31,13.16,13.16,0,RING,LL,8,RING,LL,8,0,RING,A_flag_ceiling
broadcast_perf,2,16,4194304,1048576,float,none,268.48,15.62,15.62,0,268.09,15.65,15.65,0,RING,LL,8,RING,LL,8,0,RING,A_flag_ceiling
broadcast_perf,2,16,8388608,2097152,float,none,487.47,17.21,17.21,0,485.92,17.26,17.26,0,RING,LL,8,RING,LL,8,0,RING,A_flag_ceiling
broadcast_perf,2,16,16777216,4194304,float,none,924.22,18.15,18.15,0,922.77,18.18,18.18,0,RING,LL,8,RING,LL,8,0,RING,A_flag_ceiling
broadcast_perf,2,16,33554432,8388608,float,none,1799.4,18.65,18.65,0,1797.73,18.66,18.66,0,RING,LL,8,RING,LL,8,0,RING,A_flag_ceiling
broadcast_perf,2,16,67108864,16777216,float,none,3594.46,18.67,18.67,0,3605.18,18.61,18.61,0,RING,LL,8,RING,LL,8,0,RING,A_flag_ceiling
broadcast_perf,2,16,134217728,33554432,float,none,7205.81,18.63,18.63,0,7237.31,18.55,18.55,0,RING,LL,8,RING,LL,8,0,RING,A_flag_ceiling
broadcast_perf,2,16,268435456,67108864,float,none,14460.4,18.56,18.56,0,14502.5,18.51,18.51,0,RING,LL,8,RING,LL,8,0,RING,A_flag_ceiling
broadcast_perf,2,16,536870912,134217728,float,none,28980.2,18.53,18.53,0,29103.4,18.45,18.45,0,RING,LL,8,RING,LL,8,0,RING,A_flag_ceiling
broadcast_perf,2,16,4096,1024,float,none,20.49,0.2,0.2,0,18.94,0.22,0.22,0,RING,LL128,8,RING,LL128,8,0,RING,A_flag_ceiling
broadcast_perf,2,16,8192,2048,float,none,20.49,0.4,0.4,0,18.49,0.44,0.44,0,RING,LL128,8,RING,LL128,8,0,RING,A_flag_ceiling
broadcast_perf,2,16,16384,4096,float,none,25.6,0.64,0.64,0,22.03,0.74,0.74,0,RING,LL128,8,RING,LL128,8,0,RING,A_flag_ceiling
broadcast_perf,2,16,32768,8192,float,none,32.55,1.01,1.01,0,32.28,1.02,1.02,0,RING,LL128,8,RING,LL128,8,0,RING,A_flag_ceiling
broadcast_perf,2,16,65536,16384,float,none,47.67,1.37,1.37,0,46.6,1.41,1.41,0,RING,LL128,8,RING,LL128,8,0,RING,A_flag_ceiling
broadcast_perf,2,16,131072,32768,float,none,49.17,2.67,2.67,0,48.9,2.68,2.68,0,RING,LL128,8,RING,LL128,8,0,RING,A_flag_ceiling
broadcast_perf,2,16,262144,65536,float,none,55.54,4.72,4.72,0,56.14,4.67,4.67,0,RING,LL128,8,RING,LL128,8,0,RING,A_flag_ceiling
broadcast_perf,2,16,524288,131072,float,none,66.72,7.86,7.86,0,66.52,7.88,7.88,0,RING,LL128,8,RING,LL128,8,0,RING,A_flag_ceiling
broadcast_perf,2,16,1048576,262144,float,none,80.71,12.99,12.99,0,81.13,12.92,12.92,0,RING,LL128,8,RING,LL128,8,0,RING,A_flag_ceiling
broadcast_perf,2,16,2097152,524288,float,none,94.97,22.08,22.08,0,95.29,22.01,22.01,0,RING,LL128,8,RING,LL128,8,0,RING,A_flag_ceiling
broadcast_perf,2,16,4194304,1048576,float,none,120.47,34.82,34.82,0,120.73,34.74,34.74,0,RING,LL128,8,RING,LL128,8,0,RING,A_flag_ceiling
broadcast_perf,2,16,8388608,2097152,float,none,172.2,48.71,48.71,0,172.34,48.68,48.68,0,RING,LL128,8,RING,LL128,8,0,RING,A_flag_ceiling
broadcast_perf,2,16,16777216,4194304,float,none,272.93,61.47,61.47,0,273.19,61.41,61.41,0,RING,LL128,8,RING,LL128,8,0,RING,A_flag_ceiling
broadcast_perf,2,16,33554432,8388608,float,none,476.87,70.36,70.36,0,475.13,70.62,70.62,0,RING,LL128,8,RING,LL128,8,0,RING,A_flag_ceiling
broadcast_perf,2,16,67108864,16777216,float,none,884.3,75.89,75.89,0,881.45,76.13,76.13,0,RING,LL128,8,RING,LL128,8,0,RING,A_flag_ceiling
broadcast_perf,2,16,134217728,33554432,float,none,1701.13,78.9,78.9,0,1695.23,79.17,79.17,0,RING,LL128,8,RING,LL128,8,0,RING,A_flag_ceiling
broadcast_perf,2,16,268435456,67108864,float,none,3343.33,80.29,80.29,0,3327.8,80.66,80.66,0,RING,LL128,8,RING,LL128,8,0,RING,A_flag_ceiling
broadcast_perf,2,16,536870912,134217728,float,none,6631.87,80.95,80.95,0,6601.43,81.33,81.33,0,RING,LL128,8,RING,LL128,8,0,RING,A_flag_ceiling
broadcast_perf,2,16,4096,1024,float,none,19.44,0.21,0.21,0,17.49,0.23,0.23,0,RING,SIMPLE,16,RING,SIMPLE,16,0,RING,A_flag_ceiling
broadcast_perf,2,16,8192,2048,float,none,23.88,0.34,0.34,0,19.99,0.41,0.41,0,RING,SIMPLE,16,RING,SIMPLE,16,0,RING,A_flag_ceiling
broadcast_perf,2,16,16384,4096,float,none,25.74,0.64,0.64,0,17.54,0.93,0.93,0,RING,SIMPLE,16,RING,SIMPLE,16,0,RING,A_flag_ceiling
broadcast_perf,2,16,32768,8192,float,none,43.78,0.75,0.75,0,43.78,0.75,0.75,0,RING,SIMPLE,16,RING,SIMPLE,16,0,RING,A_flag_ceiling
broadcast_perf,2,16,65536,16384,float,none,64.76,1.01,1.01,0,65.45,1.0,1.0,0,RING,SIMPLE,16,RING,SIMPLE,16,0,RING,A_flag_ceiling
broadcast_perf,2,16,131072,32768,float,none,68.71,1.91,1.91,0,69.07,1.9,1.9,0,RING,SIMPLE,16,RING,SIMPLE,16,0,RING,A_flag_ceiling
broadcast_perf,2,16,262144,65536,float,none,70.41,3.72,3.72,0,70.26,3.73,3.73,0,RING,SIMPLE,16,RING,SIMPLE,16,0,RING,A_flag_ceiling
broadcast_perf,2,16,524288,131072,float,none,83.18,6.3,6.3,0,83.79,6.26,6.26,0,RING,SIMPLE,16,RING,SIMPLE,16,0,RING,A_flag_ceiling
broadcast_perf,2,16,1048576,262144,float,none,90.56,11.58,11.58,0,90.99,11.52,11.52,0,RING,SIMPLE,16,RING,SIMPLE,16,0,RING,A_flag_ceiling
broadcast_perf,2,16,2097152,524288,float,none,102.61,20.44,20.44,0,103.08,20.35,20.35,0,RING,SIMPLE,16,RING,SIMPLE,16,0,RING,A_flag_ceiling
broadcast_perf,2,16,4194304,1048576,float,none,124.79,33.61,33.61,0,125.01,33.55,33.55,0,RING,SIMPLE,16,RING,SIMPLE,16,0,RING,A_flag_ceiling
broadcast_perf,2,16,8388608,2097152,float,none,172.32,48.68,48.68,0,173.06,48.47,48.47,0,RING,SIMPLE,16,RING,SIMPLE,16,0,RING,A_flag_ceiling
broadcast_perf,2,16,16777216,4194304,float,none,233.93,71.72,71.72,0,233.17,71.95,71.95,0,RING,SIMPLE,16,RING,SIMPLE,16,0,RING,A_flag_ceiling
broadcast_perf,2,16,33554432,8388608,float,none,353.22,95.0,95.0,0,353.41,94.95,94.95,0,RING,SIMPLE,16,RING,SIMPLE,16,0,RING,A_flag_ceiling
broadcast_perf,2,16,67108864,16777216,float,none,533.83,125.71,125.71,0,533.31,125.84,125.84,0,RING,SIMPLE,16,RING,SIMPLE,16,0,RING,A_flag_ceiling
broadcast_perf,2,16,134217728,33554432,float,none,914.74,146.73,146.73,0,938.47,143.02,143.02,0,RING,SIMPLE,16,RING,SIMPLE,16,0,RING,A_flag_ceiling
broadcast_perf,2,16,268435456,67108864,float,none,1550.2,173.16,173.16,0,1550.01,173.18,173.18,0,RING,SIMPLE,16,RING,SIMPLE,16,0,RING,A_flag_ceiling
broadcast_perf,2,16,536870912,134217728,float,none,2772.9,193.61,193.61,0,2772.04,193.67,193.67,0,RING,SIMPLE,16,RING,SIMPLE,16,0,RING,A_flag_ceiling
broadcast_perf,2,16,4096,1024,float,none,24.23,0.17,0.17,0,21.92,0.19,0.19,0,RING,LL,16,RING,LL,16,0,RING,A_flag_ceiling
broadcast_perf,2,16,8192,2048,float,none,24.66,0.33,0.33,0,24.83,0.33,0.33,0,RING,LL,16,RING,LL,16,0,RING,A_flag_ceiling
broadcast_perf,2,16,16384,4096,float,none,37.57,0.44,0.44,0,36.74,0.45,0.45,0,RING,LL,16,RING,LL,16,0,RING,A_flag_ceiling
broadcast_perf,2,16,32768,8192,float,none,38.84,0.84,0.84,0,38.05,0.86,0.86,0,RING,LL,16,RING,LL,16,0,RING,A_flag_ceiling
broadcast_perf,2,16,65536,16384,float,none,40.27,1.63,1.63,0,39.6,1.66,1.66,0,RING,LL,16,RING,LL,16,0,RING,A_flag_ceiling
broadcast_perf,2,16,131072,32768,float,none,45.73,2.87,2.87,0,45.31,2.89,2.89,0,RING,LL,16,RING,LL,16,0,RING,A_flag_ceiling
broadcast_perf,2,16,262144,65536,float,none,56.41,4.65,4.65,0,56.03,4.68,4.68,0,RING,LL,16,RING,LL,16,0,RING,A_flag_ceiling
broadcast_perf,2,16,524288,131072,float,none,64.79,8.09,8.09,0,65.23,8.04,8.04,0,RING,LL,16,RING,LL,16,0,RING,A_flag_ceiling
broadcast_perf,2,16,1048576,262144,float,none,80.26,13.06,13.06,0,80.33,13.05,13.05,0,RING,LL,16,RING,LL,16,0,RING,A_flag_ceiling
broadcast_perf,2,16,2097152,524288,float,none,107.76,19.46,19.46,0,108.4,19.35,19.35,0,RING,LL,16,RING,LL,16,0,RING,A_flag_ceiling
broadcast_perf,2,16,4194304,1048576,float,none,174.93,23.98,23.98,0,172.8,24.27,24.27,0,RING,LL,16,RING,LL,16,0,RING,A_flag_ceiling
broadcast_perf,2,16,8388608,2097152,float,none,290.06,28.92,28.92,0,289.99,28.93,28.93,0,RING,LL,16,RING,LL,16,0,RING,A_flag_ceiling
broadcast_perf,2,16,16777216,4194304,float,none,520.11,32.26,32.26,0,520.56,32.23,32.23,0,RING,LL,16,RING,LL,16,0,RING,A_flag_ceiling
broadcast_perf,2,16,33554432,8388608,float,none,990.89,33.86,33.86,0,984.55,34.08,34.08,0,RING,LL,16,RING,LL,16,0,RING,A_flag_ceiling
broadcast_perf,2,16,67108864,16777216,float,none,1929.58,34.78,34.78,0,1928.96,34.79,34.79,0,RING,LL,16,RING,LL,16,0,RING,A_flag_ceiling
broadcast_perf,2,16,134217728,33554432,float,none,3807.75,35.25,35.25,0,3806.83,35.26,35.26,0,RING,LL,16,RING,LL,16,0,RING,A_flag_ceiling
broadcast_perf,2,16,268435456,67108864,float,none,7579.89,35.41,35.41,0,7575.83,35.43,35.43,0,RING,LL,16,RING,LL,16,0,RING,A_flag_ceiling
broadcast_perf,2,16,536870912,134217728,float,none,15131.8,35.48,35.48,0,15126.3,35.49,35.49,0,RING,LL,16,RING,LL,16,0,RING,A_flag_ceiling
broadcast_perf,2,16,4096,1024,float,none,16.63,0.25,0.25,0,15.38,0.27,0.27,0,RING,LL128,16,RING,LL128,16,0,RING,A_flag_ceiling
broadcast_perf,2,16,8192,2048,float,none,21.03,0.39,0.39,0,22.71,0.36,0.36,0,RING,LL128,16,RING,LL128,16,0,RING,A_flag_ceiling
broadcast_perf,2,16,16384,4096,float,none,22.74,0.72,0.72,0,20.4,0.8,0.8,0,RING,LL128,16,RING,LL128,16,0,RING,A_flag_ceiling
broadcast_perf,2,16,32768,8192,float,none,32.68,1.0,1.0,0,34.74,0.94,0.94,0,RING,LL128,16,RING,LL128,16,0,RING,A_flag_ceiling
broadcast_perf,2,16,65536,16384,float,none,47.36,1.38,1.38,0,46.96,1.4,1.4,0,RING,LL128,16,RING,LL128,16,0,RING,A_flag_ceiling
broadcast_perf,2,16,131072,32768,float,none,49.93,2.62,2.62,0,49.29,2.66,2.66,0,RING,LL128,16,RING,LL128,16,0,RING,A_flag_ceiling
broadcast_perf,2,16,262144,65536,float,none,50.81,5.16,5.16,0,50.7,5.17,5.17,0,RING,LL128,16,RING,LL128,16,0,RING,A_flag_ceiling
broadcast_perf,2,16,524288,131072,float,none,58.03,9.03,9.03,0,58.04,9.03,9.03,0,RING,LL128,16,RING,LL128,16,0,RING,A_flag_ceiling
broadcast_perf,2,16,1048576,262144,float,none,69.23,15.15,15.15,0,68.72,15.26,15.26,0,RING,LL128,16,RING,LL128,16,0,RING,A_flag_ceiling
broadcast_perf,2,16,2097152,524288,float,none,84.66,24.77,24.77,0,84.71,24.76,24.76,0,RING,LL128,16,RING,LL128,16,0,RING,A_flag_ceiling
broadcast_perf,2,16,4194304,1048576,float,none,98.51,42.58,42.58,0,99.16,42.3,42.3,0,RING,LL128,16,RING,LL128,16,0,RING,A_flag_ceiling
broadcast_perf,2,16,8388608,2097152,float,none,126.72,66.2,66.2,0,126.91,66.1,66.1,0,RING,LL128,16,RING,LL128,16,0,RING,A_flag_ceiling
broadcast_perf,2,16,16777216,4194304,float,none,179.69,93.37,93.37,0,180.07,93.17,93.17,0,RING,LL128,16,RING,LL128,16,0,RING,A_flag_ceiling
broadcast_perf,2,16,33554432,8388608,float,none,288.97,116.12,116.12,0,288.43,116.33,116.33,0,RING,LL128,16,RING,LL128,16,0,RING,A_flag_ceiling
broadcast_perf,2,16,67108864,16777216,float,none,500.41,134.11,134.11,0,500.77,134.01,134.01,0,RING,LL128,16,RING,LL128,16,0,RING,A_flag_ceiling
broadcast_perf,2,16,134217728,33554432,float,none,928.97,144.48,144.48,0,927.1,144.77,144.77,0,RING,LL128,16,RING,LL128,16,0,RING,A_flag_ceiling
broadcast_perf,2,16,268435456,67108864,float,none,1783.53,150.51,150.51,0,1783.43,150.52,150.52,0,RING,LL128,16,RING,LL128,16,0,RING,A_flag_ceiling
broadcast_perf,2,16,536870912,134217728,float,none,3490.62,153.8,153.8,0,3493.04,153.7,153.7,0,RING,LL128,16,RING,LL128,16,0,RING,A_flag_ceiling
broadcast_perf,2,16,4096,1024,float,none,20.07,0.2,0.2,0,23.38,0.18,0.18,0,RING,SIMPLE,24,RING,SIMPLE,24,0,RING,A_flag_ceiling
broadcast_perf,2,16,8192,2048,float,none,24.57,0.33,0.33,0,24.02,0.34,0.34,0,RING,SIMPLE,24,RING,SIMPLE,24,0,RING,A_flag_ceiling
broadcast_perf,2,16,16384,4096,float,none,26.45,0.62,0.62,0,19.91,0.82,0.82,0,RING,SIMPLE,24,RING,SIMPLE,24,0,RING,A_flag_ceiling
broadcast_perf,2,16,32768,8192,float,none,44.26,0.74,0.74,0,43.32,0.76,0.76,0,RING,SIMPLE,24,RING,SIMPLE,24,0,RING,A_flag_ceiling
broadcast_perf,2,16,65536,16384,float,none,65.91,0.99,0.99,0,65.31,1.0,1.0,0,RING,SIMPLE,24,RING,SIMPLE,24,0,RING,A_flag_ceiling
broadcast_perf,2,16,131072,32768,float,none,69.12,1.9,1.9,0,69.04,1.9,1.9,0,RING,SIMPLE,24,RING,SIMPLE,24,0,RING,A_flag_ceiling
broadcast_perf,2,16,262144,65536,float,none,70.04,3.74,3.74,0,70.55,3.72,3.72,0,RING,SIMPLE,24,RING,SIMPLE,24,0,RING,A_flag_ceiling
broadcast_perf,2,16,524288,131072,float,none,83.26,6.3,6.3,0,84.22,6.23,6.23,0,RING,SIMPLE,24,RING,SIMPLE,24,0,RING,A_flag_ceiling
broadcast_perf,2,16,1048576,262144,float,none,91.09,11.51,11.51,0,91.91,11.41,11.41,0,RING,SIMPLE,24,RING,SIMPLE,24,0,RING,A_flag_ceiling
broadcast_perf,2,16,2097152,524288,float,none,100.81,20.8,20.8,0,100.71,20.82,20.82,0,RING,SIMPLE,24,RING,SIMPLE,24,0,RING,A_flag_ceiling
broadcast_perf,2,16,4194304,1048576,float,none,115.34,36.36,36.36,0,115.31,36.37,36.37,0,RING,SIMPLE,24,RING,SIMPLE,24,0,RING,A_flag_ceiling
broadcast_perf,2,16,8388608,2097152,float,none,145.19,57.78,57.78,0,145.31,57.73,57.73,0,RING,SIMPLE,24,RING,SIMPLE,24,0,RING,A_flag_ceiling
broadcast_perf,2,16,16777216,4194304,float,none,200.25,83.78,83.78,0,200.23,83.79,83.79,0,RING,SIMPLE,24,RING,SIMPLE,24,0,RING,A_flag_ceiling
broadcast_perf,2,16,33554432,8388608,float,none,279.11,120.22,120.22,0,277.78,120.79,120.79,0,RING,SIMPLE,24,RING,SIMPLE,24,0,RING,A_flag_ceiling
broadcast_perf,2,16,67108864,16777216,float,none,426.48,157.35,157.35,0,426.26,157.44,157.44,0,RING,SIMPLE,24,RING,SIMPLE,24,0,RING,A_flag_ceiling
broadcast_perf,2,16,134217728,33554432,float,none,674.9,198.87,198.87,0,674.11,199.1,199.1,0,RING,SIMPLE,24,RING,SIMPLE,24,0,RING,A_flag_ceiling
broadcast_perf,2,16,268435456,67108864,float,none,1145.5,234.34,234.34,0,1143.52,234.74,234.74,0,RING,SIMPLE,24,RING,SIMPLE,24,0,RING,A_flag_ceiling
broadcast_perf,2,16,536870912,134217728,float,none,2014.64,266.48,266.48,0,1994.82,269.13,269.13,0,RING,SIMPLE,24,RING,SIMPLE,24,0,RING,A_flag_ceiling
broadcast_perf,2,16,4096,1024,float,none,17.82,0.23,0.23,0,16.14,0.25,0.25,0,RING,LL,24,RING,LL,24,0,RING,A_flag_ceiling
broadcast_perf,2,16,8192,2048,float,none,24.54,0.33,0.33,0,24.34,0.34,0.34,0,RING,LL,24,RING,LL,24,0,RING,A_flag_ceiling
broadcast_perf,2,16,16384,4096,float,none,37.98,0.43,0.43,0,36.62,0.45,0.45,0,RING,LL,24,RING,LL,24,0,RING,A_flag_ceiling
broadcast_perf,2,16,32768,8192,float,none,39.11,0.84,0.84,0,38.61,0.85,0.85,0,RING,LL,24,RING,LL,24,0,RING,A_flag_ceiling
broadcast_perf,2,16,65536,16384,float,none,40.3,1.63,1.63,0,39.71,1.65,1.65,0,RING,LL,24,RING,LL,24,0,RING,A_flag_ceiling
broadcast_perf,2,16,131072,32768,float,none,45.85,2.86,2.86,0,45.79,2.86,2.86,0,RING,LL,24,RING,LL,24,0,RING,A_flag_ceiling
broadcast_perf,2,16,262144,65536,float,none,54.34,4.82,4.82,0,54.54,4.81,4.81,0,RING,LL,24,RING,LL,24,0,RING,A_flag_ceiling
broadcast_perf,2,16,524288,131072,float,none,65.49,8.01,8.01,0,65.62,7.99,7.99,0,RING,LL,24,RING,LL,24,0,RING,A_flag_ceiling
broadcast_perf,2,16,1048576,262144,float,none,76.25,13.75,13.75,0,75.51,13.89,13.89,0,RING,LL,24,RING,LL,24,0,RING,A_flag_ceiling
broadcast_perf,2,16,2097152,524288,float,none,97.68,21.47,21.47,0,97.54,21.5,21.5,0,RING,LL,24,RING,LL,24,0,RING,A_flag_ceiling
broadcast_perf,2,16,4194304,1048576,float,none,163.08,25.72,25.72,0,162.33,25.84,25.84,0,RING,LL,24,RING,LL,24,0,RING,A_flag_ceiling
broadcast_perf,2,16,8388608,2097152,float,none,269.93,31.08,31.08,0,268.67,31.22,31.22,0,RING,LL,24,RING,LL,24,0,RING,A_flag_ceiling
broadcast_perf,2,16,16777216,4194304,float,none,482.52,34.77,34.77,0,482.42,34.78,34.78,0,RING,LL,24,RING,LL,24,0,RING,A_flag_ceiling
broadcast_perf,2,16,33554432,8388608,float,none,915.85,36.64,36.64,0,908.86,36.92,36.92,0,RING,LL,24,RING,LL,24,0,RING,A_flag_ceiling
broadcast_perf,2,16,67108864,16777216,float,none,1742.4,38.52,38.52,0,1739.84,38.57,38.57,0,RING,LL,24,RING,LL,24,0,RING,A_flag_ceiling
broadcast_perf,2,16,134217728,33554432,float,none,3384.67,39.65,39.65,0,3385.18,39.65,39.65,0,RING,LL,24,RING,LL,24,0,RING,A_flag_ceiling
broadcast_perf,2,16,268435456,67108864,float,none,6682.8,40.17,40.17,0,6713.71,39.98,39.98,0,RING,LL,24,RING,LL,24,0,RING,A_flag_ceiling
broadcast_perf,2,16,536870912,134217728,float,none,13358.4,40.19,40.19,0,13374.8,40.14,40.14,0,RING,LL,24,RING,LL,24,0,RING,A_flag_ceiling
broadcast_perf,2,16,4096,1024,float,none,18.77,0.22,0.22,0,23.58,0.17,0.17,0,RING,LL128,24,RING,LL128,24,0,RING,A_flag_ceiling
broadcast_perf,2,16,8192,2048,float,none,23.44,0.35,0.35,0,18.13,0.45,0.45,0,RING,LL128,24,RING,LL128,24,0,RING,A_flag_ceiling
broadcast_perf,2,16,16384,4096,float,none,21.12,0.78,0.78,0,21.65,0.76,0.76,0,RING,LL128,24,RING,LL128,24,0,RING,A_flag_ceiling
broadcast_perf,2,16,32768,8192,float,none,32.85,1.0,1.0,0,32.87,1.0,1.0,0,RING,LL128,24,RING,LL128,24,0,RING,A_flag_ceiling
broadcast_perf,2,16,65536,16384,float,none,47.47,1.38,1.38,0,47.5,1.38,1.38,0,RING,LL128,24,RING,LL128,24,0,RING,A_flag_ceiling
broadcast_perf,2,16,131072,32768,float,none,49.62,2.64,2.64,0,49.11,2.67,2.67,0,RING,LL128,24,RING,LL128,24,0,RING,A_flag_ceiling
broadcast_perf,2,16,262144,65536,float,none,49.55,5.29,5.29,0,50.28,5.21,5.21,0,RING,LL128,24,RING,LL128,24,0,RING,A_flag_ceiling
broadcast_perf,2,16,524288,131072,float,none,57.08,9.19,9.19,0,57.66,9.09,9.09,0,RING,LL128,24,RING,LL128,24,0,RING,A_flag_ceiling
broadcast_perf,2,16,1048576,262144,float,none,65.54,16.0,16.0,0,65.67,15.97,15.97,0,RING,LL128,24,RING,LL128,24,0,RING,A_flag_ceiling
broadcast_perf,2,16,2097152,524288,float,none,83.78,25.03,25.03,0,83.88,25.0,25.0,0,RING,LL128,24,RING,LL128,24,0,RING,A_flag_ceiling
broadcast_perf,2,16,4194304,1048576,float,none,93.86,44.69,44.69,0,94.57,44.35,44.35,0,RING,LL128,24,RING,LL128,24,0,RING,A_flag_ceiling
broadcast_perf,2,16,8388608,2097152,float,none,116.9,71.76,71.76,0,117.1,71.64,71.64,0,RING,LL128,24,RING,LL128,24,0,RING,A_flag_ceiling
broadcast_perf,2,16,16777216,4194304,float,none,156.9,106.93,106.93,0,156.46,107.23,107.23,0,RING,LL128,24,RING,LL128,24,0,RING,A_flag_ceiling
broadcast_perf,2,16,33554432,8388608,float,none,234.54,143.07,143.07,0,233.78,143.53,143.53,0,RING,LL128,24,RING,LL128,24,0,RING,A_flag_ceiling
broadcast_perf,2,16,67108864,16777216,float,none,383.01,175.22,175.22,0,382.27,175.55,175.55,0,RING,LL128,24,RING,LL128,24,0,RING,A_flag_ceiling
broadcast_perf,2,16,134217728,33554432,float,none,685.38,195.83,195.83,0,686.52,195.51,195.51,0,RING,LL128,24,RING,LL128,24,0,RING,A_flag_ceiling
broadcast_perf,2,16,268435456,67108864,float,none,1289.2,208.22,208.22,0,1290.5,208.01,208.01,0,RING,LL128,24,RING,LL128,24,0,RING,A_flag_ceiling
broadcast_perf,2,16,536870912,134217728,float,none,2492.29,215.41,215.41,0,2495.11,215.17,215.17,0,RING,LL128,24,RING,LL128,24,0,RING,A_flag_ceiling
broadcast_perf,2,16,4096,1024,float,none,19.34,0.21,0.21,0,20.3,0.2,0.2,0,RING,SIMPLE,32,RING,SIMPLE,32,0,RING,A_flag_ceiling
broadcast_perf,2,16,8192,2048,float,none,24.47,0.33,0.33,0,20.31,0.4,0.4,0,RING,SIMPLE,32,RING,SIMPLE,32,0,RING,A_flag_ceiling
broadcast_perf,2,16,16384,4096,float,none,27.41,0.6,0.6,0,24.83,0.66,0.66,0,RING,SIMPLE,32,RING,SIMPLE,32,0,RING,A_flag_ceiling
broadcast_perf,2,16,32768,8192,float,none,43.94,0.75,0.75,0,43.4,0.76,0.76,0,RING,SIMPLE,32,RING,SIMPLE,32,0,RING,A_flag_ceiling
broadcast_perf,2,16,65536,16384,float,none,65.58,1.0,1.0,0,65.34,1.0,1.0,0,RING,SIMPLE,32,RING,SIMPLE,32,0,RING,A_flag_ceiling
broadcast_perf,2,16,131072,32768,float,none,68.97,1.9,1.9,0,69.22,1.89,1.89,0,RING,SIMPLE,32,RING,SIMPLE,32,0,RING,A_flag_ceiling
broadcast_perf,2,16,262144,65536,float,none,70.29,3.73,3.73,0,70.98,3.69,3.69,0,RING,SIMPLE,32,RING,SIMPLE,32,0,RING,A_flag_ceiling
broadcast_perf,2,16,524288,131072,float,none,73.79,7.1,7.1,0,73.65,7.12,7.12,0,RING,SIMPLE,32,RING,SIMPLE,32,0,RING,A_flag_ceiling
broadcast_perf,2,16,1048576,262144,float,none,87.54,11.98,11.98,0,88.1,11.9,11.9,0,RING,SIMPLE,32,RING,SIMPLE,32,0,RING,A_flag_ceiling
broadcast_perf,2,16,2097152,524288,float,none,95.19,22.03,22.03,0,95.69,21.92,21.92,0,RING,SIMPLE,32,RING,SIMPLE,32,0,RING,A_flag_ceiling
broadcast_perf,2,16,4194304,1048576,float,none,108.6,38.62,38.62,0,109.37,38.35,38.35,0,RING,SIMPLE,32,RING,SIMPLE,32,0,RING,A_flag_ceiling
broadcast_perf,2,16,8388608,2097152,float,none,134.13,62.54,62.54,0,133.47,62.85,62.85,0,RING,SIMPLE,32,RING,SIMPLE,32,0,RING,A_flag_ceiling
broadcast_perf,2,16,16777216,4194304,float,none,185.38,90.5,90.5,0,183.84,91.26,91.26,0,RING,SIMPLE,32,RING,SIMPLE,32,0,RING,A_flag_ceiling
broadcast_perf,2,16,33554432,8388608,float,none,245.66,136.59,136.59,0,247.99,135.31,135.31,0,RING,SIMPLE,32,RING,SIMPLE,32,0,RING,A_flag_ceiling
broadcast_perf,2,16,67108864,16777216,float,none,380.8,176.23,176.23,0,381.45,175.93,175.93,0,RING,SIMPLE,32,RING,SIMPLE,32,0,RING,A_flag_ceiling
broadcast_perf,2,16,134217728,33554432,float,none,580.79,231.1,231.1,0,577.78,232.3,232.3,0,RING,SIMPLE,32,RING,SIMPLE,32,0,RING,A_flag_ceiling
broadcast_perf,2,16,268435456,67108864,float,none,1043.4,257.27,257.27,0,1042.82,257.41,257.41,0,RING,SIMPLE,32,RING,SIMPLE,32,0,RING,A_flag_ceiling
broadcast_perf,2,16,536870912,134217728,float,none,1764.68,304.23,304.23,0,1766.67,303.89,303.89,0,RING,SIMPLE,32,RING,SIMPLE,32,0,RING,A_flag_ceiling
broadcast_perf,2,16,4096,1024,float,none,17.76,0.23,0.23,0,22.31,0.18,0.18,0,RING,LL,32,RING,LL,32,0,RING,A_flag_ceiling
broadcast_perf,2,16,8192,2048,float,none,25.31,0.32,0.32,0,25.23,0.32,0.32,0,RING,LL,32,RING,LL,32,0,RING,A_flag_ceiling
broadcast_perf,2,16,16384,4096,float,none,37.8,0.43,0.43,0,36.8,0.45,0.45,0,RING,LL,32,RING,LL,32,0,RING,A_flag_ceiling
broadcast_perf,2,16,32768,8192,float,none,38.22,0.86,0.86,0,38.72,0.85,0.85,0,RING,LL,32,RING,LL,32,0,RING,A_flag_ceiling
broadcast_perf,2,16,65536,16384,float,none,40.09,1.63,1.63,0,39.45,1.66,1.66,0,RING,LL,32,RING,LL,32,0,RING,A_flag_ceiling
broadcast_perf,2,16,131072,32768,float,none,44.17,2.97,2.97,0,44.16,2.97,2.97,0,RING,LL,32,RING,LL,32,0,RING,A_flag_ceiling
broadcast_perf,2,16,262144,65536,float,none,51.45,5.09,5.09,0,51.32,5.11,5.11,0,RING,LL,32,RING,LL,32,0,RING,A_flag_ceiling
broadcast_perf,2,16,524288,131072,float,none,62.81,8.35,8.35,0,63.11,8.31,8.31,0,RING,LL,32,RING,LL,32,0,RING,A_flag_ceiling
broadcast_perf,2,16,1048576,262144,float,none,74.42,14.09,14.09,0,74.94,13.99,13.99,0,RING,LL,32,RING,LL,32,0,RING,A_flag_ceiling
broadcast_perf,2,16,2097152,524288,float,none,96.11,21.82,21.82,0,96.1,21.82,21.82,0,RING,LL,32,RING,LL,32,0,RING,A_flag_ceiling
broadcast_perf,2,16,4194304,1048576,float,none,135.38,30.98,30.98,0,134.98,31.07,31.07,0,RING,LL,32,RING,LL,32,0,RING,A_flag_ceiling
broadcast_perf,2,16,8388608,2097152,float,none,242.46,34.6,34.6,0,241.96,34.67,34.67,0,RING,LL,32,RING,LL,32,0,RING,A_flag_ceiling
broadcast_perf,2,16,16777216,4194304,float,none,462.45,36.28,36.28,0,458.09,36.62,36.62,0,RING,LL,32,RING,LL,32,0,RING,A_flag_ceiling
broadcast_perf,2,16,33554432,8388608,float,none,884.58,37.93,37.93,0,884.56,37.93,37.93,0,RING,LL,32,RING,LL,32,0,RING,A_flag_ceiling
broadcast_perf,2,16,67108864,16777216,float,none,1725.69,38.89,38.89,0,1728.13,38.83,38.83,0,RING,LL,32,RING,LL,32,0,RING,A_flag_ceiling
broadcast_perf,2,16,134217728,33554432,float,none,3418.28,39.26,39.26,0,3415.87,39.29,39.29,0,RING,LL,32,RING,LL,32,0,RING,A_flag_ceiling
broadcast_perf,2,16,268435456,67108864,float,none,6808.68,39.43,39.43,0,6755.02,39.74,39.74,0,RING,LL,32,RING,LL,32,0,RING,A_flag_ceiling
broadcast_perf,2,16,536870912,134217728,float,none,13564.2,39.58,39.58,0,13467.0,39.87,39.87,0,RING,LL,32,RING,LL,32,0,RING,A_flag_ceiling
broadcast_perf,2,16,4096,1024,float,none,20.55,0.2,0.2,0,19.51,0.21,0.21,0,RING,LL128,32,RING,LL128,32,0,RING,A_flag_ceiling
broadcast_perf,2,16,8192,2048,float,none,21.07,0.39,0.39,0,19.46,0.42,0.42,0,RING,LL128,32,RING,LL128,32,0,RING,A_flag_ceiling
broadcast_perf,2,16,16384,4096,float,none,25.6,0.64,0.64,0,24.41,0.67,0.67,0,RING,LL128,32,RING,LL128,32,0,RING,A_flag_ceiling
broadcast_perf,2,16,32768,8192,float,none,32.89,1.0,1.0,0,32.67,1.0,1.0,0,RING,LL128,32,RING,LL128,32,0,RING,A_flag_ceiling
broadcast_perf,2,16,65536,16384,float,none,47.34,1.38,1.38,0,47.25,1.39,1.39,0,RING,LL128,32,RING,LL128,32,0,RING,A_flag_ceiling
broadcast_perf,2,16,131072,32768,float,none,49.49,2.65,2.65,0,49.45,2.65,2.65,0,RING,LL128,32,RING,LL128,32,0,RING,A_flag_ceiling
broadcast_perf,2,16,262144,65536,float,none,50.7,5.17,5.17,0,50.64,5.18,5.18,0,RING,LL128,32,RING,LL128,32,0,RING,A_flag_ceiling
broadcast_perf,2,16,524288,131072,float,none,53.49,9.8,9.8,0,54.85,9.56,9.56,0,RING,LL128,32,RING,LL128,32,0,RING,A_flag_ceiling
broadcast_perf,2,16,1048576,262144,float,none,60.75,17.26,17.26,0,60.95,17.2,17.2,0,RING,LL128,32,RING,LL128,32,0,RING,A_flag_ceiling
broadcast_perf,2,16,2097152,524288,float,none,74.71,28.07,28.07,0,75.15,27.9,27.9,0,RING,LL128,32,RING,LL128,32,0,RING,A_flag_ceiling
broadcast_perf,2,16,4194304,1048576,float,none,93.81,44.71,44.71,0,94.62,44.33,44.33,0,RING,LL128,32,RING,LL128,32,0,RING,A_flag_ceiling
broadcast_perf,2,16,8388608,2097152,float,none,112.62,74.48,74.48,0,112.58,74.51,74.51,0,RING,LL128,32,RING,LL128,32,0,RING,A_flag_ceiling
broadcast_perf,2,16,16777216,4194304,float,none,146.6,114.44,114.44,0,145.79,115.08,115.08,0,RING,LL128,32,RING,LL128,32,0,RING,A_flag_ceiling
broadcast_perf,2,16,33554432,8388608,float,none,208.56,160.89,160.89,0,208.8,160.7,160.7,0,RING,LL128,32,RING,LL128,32,0,RING,A_flag_ceiling
broadcast_perf,2,16,67108864,16777216,float,none,330.26,203.2,203.2,0,330.65,202.96,202.96,0,RING,LL128,32,RING,LL128,32,0,RING,A_flag_ceiling
broadcast_perf,2,16,134217728,33554432,float,none,574.83,233.49,233.49,0,575.98,233.03,233.03,0,RING,LL128,32,RING,LL128,32,0,RING,A_flag_ceiling
broadcast_perf,2,16,268435456,67108864,float,none,1061.25,252.94,252.94,0,1062.08,252.75,252.75,0,RING,LL128,32,RING,LL128,32,0,RING,A_flag_ceiling
broadcast_perf,2,16,536870912,134217728,float,none,2030.53,264.4,264.4,0,2032.93,264.09,264.09,0,RING,LL128,32,RING,LL128,32,0,RING,A_flag_ceiling
broadcast_perf,2,16,4096,1024,float,none,22.4,0.18,0.18,0,24.22,0.17,0.17,0,RING,SIMPLE,40,RING,SIMPLE,40,0,RING,A_flag_ceiling
broadcast_perf,2,16,8192,2048,float,none,23.03,0.36,0.36,0,23.34,0.35,0.35,0,RING,SIMPLE,40,RING,SIMPLE,40,0,RING,A_flag_ceiling
broadcast_perf,2,16,16384,4096,float,none,25.55,0.64,0.64,0,24.42,0.67,0.67,0,RING,SIMPLE,40,RING,SIMPLE,40,0,RING,A_flag_ceiling
broadcast_perf,2,16,32768,8192,float,none,43.75,0.75,0.75,0,43.26,0.76,0.76,0,RING,SIMPLE,40,RING,SIMPLE,40,0,RING,A_flag_ceiling
broadcast_perf,2,16,65536,16384,float,none,64.78,1.01,1.01,0,65.18,1.01,1.01,0,RING,SIMPLE,40,RING,SIMPLE,40,0,RING,A_flag_ceiling
broadcast_perf,2,16,131072,32768,float,none,68.25,1.92,1.92,0,68.66,1.91,1.91,0,RING,SIMPLE,40,RING,SIMPLE,40,0,RING,A_flag_ceiling
broadcast_perf,2,16,262144,65536,float,none,70.14,3.74,3.74,0,70.02,3.74,3.74,0,RING,SIMPLE,40,RING,SIMPLE,40,0,RING,A_flag_ceiling
broadcast_perf,2,16,524288,131072,float,none,73.79,7.11,7.11,0,74.07,7.08,7.08,0,RING,SIMPLE,40,RING,SIMPLE,40,0,RING,A_flag_ceiling
broadcast_perf,2,16,1048576,262144,float,none,87.15,12.03,12.03,0,149.03,7.04,7.04,0,RING,SIMPLE,40,RING,SIMPLE,40,0,RING,A_flag_ceiling
broadcast_perf,2,16,2097152,524288,float,none,95.73,21.91,21.91,0,96.34,21.77,21.77,0,RING,SIMPLE,40,RING,SIMPLE,40,0,RING,A_flag_ceiling
broadcast_perf,2,16,4194304,1048576,float,none,109.79,38.2,38.2,0,109.77,38.21,38.21,0,RING,SIMPLE,40,RING,SIMPLE,40,0,RING,A_flag_ceiling
broadcast_perf,2,16,8388608,2097152,float,none,132.6,63.26,63.26,0,132.74,63.2,63.2,0,RING,SIMPLE,40,RING,SIMPLE,40,0,RING,A_flag_ceiling
broadcast_perf,2,16,16777216,4194304,float,none,179.34,93.55,93.55,0,177.14,94.71,94.71,0,RING,SIMPLE,40,RING,SIMPLE,40,0,RING,A_flag_ceiling
broadcast_perf,2,16,33554432,8388608,float,none,236.11,142.11,142.11,0,237.52,141.27,141.27,0,RING,SIMPLE,40,RING,SIMPLE,40,0,RING,A_flag_ceiling
broadcast_perf,2,16,67108864,16777216,float,none,345.53,194.22,194.22,0,343.12,195.58,195.58,0,RING,SIMPLE,40,RING,SIMPLE,40,0,RING,A_flag_ceiling
broadcast_perf,2,16,134217728,33554432,float,none,574.09,233.79,233.79,0,571.24,234.96,234.96,0,RING,SIMPLE,40,RING,SIMPLE,40,0,RING,A_flag_ceiling
broadcast_perf,2,16,268435456,67108864,float,none,937.99,286.18,286.18,0,937.99,286.18,286.18,0,RING,SIMPLE,40,RING,SIMPLE,40,0,RING,A_flag_ceiling
broadcast_perf,2,16,536870912,134217728,float,none,1779.25,301.74,301.74,0,1785.51,300.68,300.68,0,RING,SIMPLE,40,RING,SIMPLE,40,0,RING,A_flag_ceiling
broadcast_perf,2,16,4096,1024,float,none,28.35,0.14,0.14,0,23.88,0.17,0.17,0,RING,LL,40,RING,LL,40,0,RING,A_flag_ceiling
broadcast_perf,2,16,8192,2048,float,none,25.08,0.33,0.33,0,24.93,0.33,0.33,0,RING,LL,40,RING,LL,40,0,RING,A_flag_ceiling
broadcast_perf,2,16,16384,4096,float,none,38.01,0.43,0.43,0,36.26,0.45,0.45,0,RING,LL,40,RING,LL,40,0,RING,A_flag_ceiling
broadcast_perf,2,16,32768,8192,float,none,39.5,0.83,0.83,0,38.64,0.85,0.85,0,RING,LL,40,RING,LL,40,0,RING,A_flag_ceiling
broadcast_perf,2,16,65536,16384,float,none,40.08,1.64,1.64,0,45.43,1.44,1.44,0,RING,LL,40,RING,LL,40,0,RING,A_flag_ceiling
broadcast_perf,2,16,131072,32768,float,none,44.38,2.95,2.95,0,45.26,2.9,2.9,0,RING,LL,40,RING,LL,40,0,RING,A_flag_ceiling
broadcast_perf,2,16,262144,65536,float,none,51.69,5.07,5.07,0,51.46,5.09,5.09,0,RING,LL,40,RING,LL,40,0,RING,A_flag_ceiling
broadcast_perf,2,16,524288,131072,float,none,65.26,8.03,8.03,0,65.29,8.03,8.03,0,RING,LL,40,RING,LL,40,0,RING,A_flag_ceiling
broadcast_perf,2,16,1048576,262144,float,none,85.66,12.24,12.24,0,85.79,12.22,12.22,0,RING,LL,40,RING,LL,40,0,RING,A_flag_ceiling
broadcast_perf,2,16,2097152,524288,float,none,117.29,17.88,17.88,0,117.12,17.91,17.91,0,RING,LL,40,RING,LL,40,0,RING,A_flag_ceiling
broadcast_perf,2,16,4194304,1048576,float,none,176.62,23.75,23.75,0,175.19,23.94,23.94,0,RING,LL,40,RING,LL,40,0,RING,A_flag_ceiling
broadcast_perf,2,16,8388608,2097152,float,none,314.79,26.65,26.65,0,314.64,26.66,26.66,0,RING,LL,40,RING,LL,40,0,RING,A_flag_ceiling
broadcast_perf,2,16,16777216,4194304,float,none,572.39,29.31,29.31,0,566.96,29.59,29.59,0,RING,LL,40,RING,LL,40,0,RING,A_flag_ceiling
broadcast_perf,2,16,33554432,8388608,float,none,1086.76,30.88,30.88,0,1065.34,31.5,31.5,0,RING,LL,40,RING,LL,40,0,RING,A_flag_ceiling
broadcast_perf,2,16,67108864,16777216,float,none,2194.16,30.59,30.59,0,2075.76,32.33,32.33,0,RING,LL,40,RING,LL,40,0,RING,A_flag_ceiling
broadcast_perf,2,16,134217728,33554432,float,none,4099.61,32.74,32.74,0,3561.19,37.69,37.69,0,RING,LL,40,RING,LL,40,0,RING,A_flag_ceiling
broadcast_perf,2,16,268435456,67108864,float,none,6575.28,40.82,40.82,0,6506.17,41.26,41.26,0,RING,LL,40,RING,LL,40,0,RING,A_flag_ceiling
broadcast_perf,2,16,536870912,134217728,float,none,13002.5,41.29,41.29,0,12991.5,41.32,41.32,0,RING,LL,40,RING,LL,40,0,RING,A_flag_ceiling
broadcast_perf,2,16,4096,1024,float,none,17.87,0.23,0.23,0,23.02,0.18,0.18,0,RING,LL128,40,RING,LL128,40,0,RING,A_flag_ceiling
broadcast_perf,2,16,8192,2048,float,none,22.38,0.37,0.37,0,22.12,0.37,0.37,0,RING,LL128,40,RING,LL128,40,0,RING,A_flag_ceiling
broadcast_perf,2,16,16384,4096,float,none,24.25,0.68,0.68,0,23.87,0.69,0.69,0,RING,LL128,40,RING,LL128,40,0,RING,A_flag_ceiling
broadcast_perf,2,16,32768,8192,float,none,33.03,0.99,0.99,0,32.21,1.02,1.02,0,RING,LL128,40,RING,LL128,40,0,RING,A_flag_ceiling
broadcast_perf,2,16,65536,16384,float,none,47.18,1.39,1.39,0,50.85,1.29,1.29,0,RING,LL128,40,RING,LL128,40,0,RING,A_flag_ceiling
broadcast_perf,2,16,131072,32768,float,none,49.38,2.65,2.65,0,49.61,2.64,2.64,0,RING,LL128,40,RING,LL128,40,0,RING,A_flag_ceiling
broadcast_perf,2,16,262144,65536,float,none,50.53,5.19,5.19,0,51.24,5.12,5.12,0,RING,LL128,40,RING,LL128,40,0,RING,A_flag_ceiling
broadcast_perf,2,16,524288,131072,float,none,53.32,9.83,9.83,0,53.49,9.8,9.8,0,RING,LL128,40,RING,LL128,40,0,RING,A_flag_ceiling
broadcast_perf,2,16,1048576,262144,float,none,63.4,16.54,16.54,0,61.95,16.93,16.93,0,RING,LL128,40,RING,LL128,40,0,RING,A_flag_ceiling
broadcast_perf,2,16,2097152,524288,float,none,74.83,28.03,28.03,0,75.26,27.86,27.86,0,RING,LL128,40,RING,LL128,40,0,RING,A_flag_ceiling
broadcast_perf,2,16,4194304,1048576,float,none,94.78,44.25,44.25,0,97.83,42.87,42.87,0,RING,LL128,40,RING,LL128,40,0,RING,A_flag_ceiling
broadcast_perf,2,16,8388608,2097152,float,none,112.74,74.41,74.41,0,112.71,74.43,74.43,0,RING,LL128,40,RING,LL128,40,0,RING,A_flag_ceiling
broadcast_perf,2,16,16777216,4194304,float,none,144.45,116.14,116.14,0,142.9,117.41,117.41,0,RING,LL128,40,RING,LL128,40,0,RING,A_flag_ceiling
broadcast_perf,2,16,33554432,8388608,float,none,200.93,166.99,166.99,0,200.6,167.27,167.27,0,RING,LL128,40,RING,LL128,40,0,RING,A_flag_ceiling
broadcast_perf,2,16,67108864,16777216,float,none,308.83,217.3,217.3,0,306.99,218.6,218.6,0,RING,LL128,40,RING,LL128,40,0,RING,A_flag_ceiling
broadcast_perf,2,16,134217728,33554432,float,none,526.21,255.06,255.06,0,525.88,255.22,255.22,0,RING,LL128,40,RING,LL128,40,0,RING,A_flag_ceiling
broadcast_perf,2,16,268435456,67108864,float,none,953.61,281.49,281.49,0,953.89,281.41,281.41,0,RING,LL128,40,RING,LL128,40,0,RING,A_flag_ceiling
broadcast_perf,2,16,536870912,134217728,float,none,1808.09,296.93,296.93,0,1819.1,295.13,295.13,0,RING,LL128,40,RING,LL128,40,0,RING,A_flag_ceiling
broadcast_perf,2,16,4096,1024,float,none,20.75,0.2,0.2,0,17.22,0.24,0.24,0,RING,SIMPLE,48,RING,SIMPLE,48,0,RING,A_flag_ceiling
broadcast_perf,2,16,8192,2048,float,none,17.81,0.46,0.46,0,19.57,0.42,0.42,0,RING,SIMPLE,48,RING,SIMPLE,48,0,RING,A_flag_ceiling
broadcast_perf,2,16,16384,4096,float,none,23.39,0.7,0.7,0,22.53,0.73,0.73,0,RING,SIMPLE,48,RING,SIMPLE,48,0,RING,A_flag_ceiling
broadcast_perf,2,16,32768,8192,float,none,43.8,0.75,0.75,0,43.53,0.75,0.75,0,RING,SIMPLE,48,RING,SIMPLE,48,0,RING,A_flag_ceiling
broadcast_perf,2,16,65536,16384,float,none,65.33,1.0,1.0,0,64.89,1.01,1.01,0,RING,SIMPLE,48,RING,SIMPLE,48,0,RING,A_flag_ceiling
broadcast_perf,2,16,131072,32768,float,none,68.39,1.92,1.92,0,68.42,1.92,1.92,0,RING,SIMPLE,48,RING,SIMPLE,48,0,RING,A_flag_ceiling
broadcast_perf,2,16,262144,65536,float,none,69.46,3.77,3.77,0,70.1,3.74,3.74,0,RING,SIMPLE,48,RING,SIMPLE,48,0,RING,A_flag_ceiling
broadcast_perf,2,16,524288,131072,float,none,73.2,7.16,7.16,0,73.22,7.16,7.16,0,RING,SIMPLE,48,RING,SIMPLE,48,0,RING,A_flag_ceiling
broadcast_perf,2,16,1048576,262144,float,none,87.65,11.96,11.96,0,88.05,11.91,11.91,0,RING,SIMPLE,48,RING,SIMPLE,48,0,RING,A_flag_ceiling
broadcast_perf,2,16,2097152,524288,float,none,99.3,21.12,21.12,0,104.48,20.07,20.07,0,RING,SIMPLE,48,RING,SIMPLE,48,0,RING,A_flag_ceiling
broadcast_perf,2,16,4194304,1048576,float,none,110.21,38.06,38.06,0,110.2,38.06,38.06,0,RING,SIMPLE,48,RING,SIMPLE,48,0,RING,A_flag_ceiling
broadcast_perf,2,16,8388608,2097152,float,none,135.75,61.79,61.79,0,135.6,61.86,61.86,0,RING,SIMPLE,48,RING,SIMPLE,48,0,RING,A_flag_ceiling
broadcast_perf,2,16,16777216,4194304,float,none,175.92,95.37,95.37,0,176.15,95.24,95.24,0,RING,SIMPLE,48,RING,SIMPLE,48,0,RING,A_flag_ceiling
broadcast_perf,2,16,33554432,8388608,float,none,244.66,137.14,137.14,0,237.54,141.26,141.26,0,RING,SIMPLE,48,RING,SIMPLE,48,0,RING,A_flag_ceiling
broadcast_perf,2,16,67108864,16777216,float,none,338.41,198.31,198.31,0,337.37,198.92,198.92,0,RING,SIMPLE,48,RING,SIMPLE,48,0,RING,A_flag_ceiling
broadcast_perf,2,16,134217728,33554432,float,none,586.07,229.01,229.01,0,584.44,229.65,229.65,0,RING,SIMPLE,48,RING,SIMPLE,48,0,RING,A_flag_ceiling
broadcast_perf,2,16,268435456,67108864,float,none,949.91,282.59,282.59,0,947.88,283.19,283.19,0,RING,SIMPLE,48,RING,SIMPLE,48,0,RING,A_flag_ceiling
broadcast_perf,2,16,536870912,134217728,float,none,1808.39,296.88,296.88,0,1818.06,295.3,295.3,0,RING,SIMPLE,48,RING,SIMPLE,48,0,RING,A_flag_ceiling
broadcast_perf,2,16,4096,1024,float,none,19.25,0.21,0.21,0,17.33,0.24,0.24,0,RING,LL,48,RING,LL,48,0,RING,A_flag_ceiling
broadcast_perf,2,16,8192,2048,float,none,24.94,0.33,0.33,0,25.36,0.32,0.32,0,RING,LL,48,RING,LL,48,0,RING,A_flag_ceiling
broadcast_perf,2,16,16384,4096,float,none,37.35,0.44,0.44,0,36.47,0.45,0.45,0,RING,LL,48,RING,LL,48,0,RING,A_flag_ceiling
broadcast_perf,2,16,32768,8192,float,none,38.81,0.84,0.84,0,44.0,0.74,0.74,0,RING,LL,48,RING,LL,48,0,RING,A_flag_ceiling
broadcast_perf,2,16,65536,16384,float,none,39.59,1.66,1.66,0,40.04,1.64,1.64,0,RING,LL,48,RING,LL,48,0,RING,A_flag_ceiling
broadcast_perf,2,16,131072,32768,float,none,44.13,2.97,2.97,0,43.87,2.99,2.99,0,RING,LL,48,RING,LL,48,0,RING,A_flag_ceiling
broadcast_perf,2,16,262144,65536,float,none,50.49,5.19,5.19,0,51.03,5.14,5.14,0,RING,LL,48,RING,LL,48,0,RING,A_flag_ceiling
broadcast_perf,2,16,524288,131072,float,none,61.09,8.58,8.58,0,62.15,8.44,8.44,0,RING,LL,48,RING,LL,48,0,RING,A_flag_ceiling
broadcast_perf,2,16,1048576,262144,float,none,76.48,13.71,13.71,0,77.65,13.5,13.5,0,RING,LL,48,RING,LL,48,0,RING,A_flag_ceiling
broadcast_perf,2,16,2097152,524288,float,none,99.41,21.1,21.1,0,99.85,21.0,21.0,0,RING,LL,48,RING,LL,48,0,RING,A_flag_ceiling
broadcast_perf,2,16,4194304,1048576,float,none,139.49,30.07,30.07,0,138.94,30.19,30.19,0,RING,LL,48,RING,LL,48,0,RING,A_flag_ceiling
broadcast_perf,2,16,8388608,2097152,float,none,261.51,32.08,32.08,0,262.28,31.98,31.98,0,RING,LL,48,RING,LL,48,0,RING,A_flag_ceiling
broadcast_perf,2,16,16777216,4194304,float,none,452.29,37.09,37.09,0,456.71,36.74,36.74,0,RING,LL,48,RING,LL,48,0,RING,A_flag_ceiling
broadcast_perf,2,16,33554432,8388608,float,none,883.84,37.96,37.96,0,872.1,38.48,38.48,0,RING,LL,48,RING,LL,48,0,RING,A_flag_ceiling
broadcast_perf,2,16,67108864,16777216,float,none,1690.57,39.7,39.7,0,1737.95,38.61,38.61,0,RING,LL,48,RING,LL,48,0,RING,A_flag_ceiling
broadcast_perf,2,16,134217728,33554432,float,none,3385.36,39.65,39.65,0,3372.16,39.8,39.8,0,RING,LL,48,RING,LL,48,0,RING,A_flag_ceiling
broadcast_perf,2,16,268435456,67108864,float,none,6633.28,40.47,40.47,0,6504.29,41.27,41.27,0,RING,LL,48,RING,LL,48,0,RING,A_flag_ceiling
broadcast_perf,2,16,536870912,134217728,float,none,12930.5,41.52,41.52,0,12898.3,41.62,41.62,0,RING,LL,48,RING,LL,48,0,RING,A_flag_ceiling
broadcast_perf,2,16,4096,1024,float,none,24.67,0.17,0.17,0,20.6,0.2,0.2,0,RING,LL128,48,RING,LL128,48,0,RING,A_flag_ceiling
broadcast_perf,2,16,8192,2048,float,none,16.63,0.49,0.49,0,18.61,0.44,0.44,0,RING,LL128,48,RING,LL128,48,0,RING,A_flag_ceiling
broadcast_perf,2,16,16384,4096,float,none,18.85,0.87,0.87,0,24.28,0.67,0.67,0,RING,LL128,48,RING,LL128,48,0,RING,A_flag_ceiling
broadcast_perf,2,16,32768,8192,float,none,32.69,1.0,1.0,0,32.3,1.01,1.01,0,RING,LL128,48,RING,LL128,48,0,RING,A_flag_ceiling
broadcast_perf,2,16,65536,16384,float,none,47.95,1.37,1.37,0,47.06,1.39,1.39,0,RING,LL128,48,RING,LL128,48,0,RING,A_flag_ceiling
broadcast_perf,2,16,131072,32768,float,none,49.41,2.65,2.65,0,49.17,2.67,2.67,0,RING,LL128,48,RING,LL128,48,0,RING,A_flag_ceiling
broadcast_perf,2,16,262144,65536,float,none,50.51,5.19,5.19,0,50.95,5.15,5.15,0,RING,LL128,48,RING,LL128,48,0,RING,A_flag_ceiling
broadcast_perf,2,16,524288,131072,float,none,53.93,9.72,9.72,0,53.72,9.76,9.76,0,RING,LL128,48,RING,LL128,48,0,RING,A_flag_ceiling
broadcast_perf,2,16,1048576,262144,float,none,60.95,17.2,17.2,0,62.55,16.76,16.76,0,RING,LL128,48,RING,LL128,48,0,RING,A_flag_ceiling
broadcast_perf,2,16,2097152,524288,float,none,72.66,28.86,28.86,0,72.5,28.93,28.93,0,RING,LL128,48,RING,LL128,48,0,RING,A_flag_ceiling
broadcast_perf,2,16,4194304,1048576,float,none,95.38,43.97,43.97,0,96.27,43.57,43.57,0,RING,LL128,48,RING,LL128,48,0,RING,A_flag_ceiling
broadcast_perf,2,16,8388608,2097152,float,none,111.89,74.97,74.97,0,112.29,74.71,74.71,0,RING,LL128,48,RING,LL128,48,0,RING,A_flag_ceiling
broadcast_perf,2,16,16777216,4194304,float,none,146.32,114.66,114.66,0,146.42,114.58,114.58,0,RING,LL128,48,RING,LL128,48,0,RING,A_flag_ceiling
broadcast_perf,2,16,33554432,8388608,float,none,200.81,167.09,167.09,0,201.93,166.17,166.17,0,RING,LL128,48,RING,LL128,48,0,RING,A_flag_ceiling
broadcast_perf,2,16,67108864,16777216,float,none,307.72,218.08,218.08,0,307.76,218.06,218.06,0,RING,LL128,48,RING,LL128,48,0,RING,A_flag_ceiling
broadcast_perf,2,16,134217728,33554432,float,none,515.73,260.25,260.25,0,515.96,260.13,260.13,0,RING,LL128,48,RING,LL128,48,0,RING,A_flag_ceiling
broadcast_perf,2,16,268435456,67108864,float,none,938.25,286.1,286.1,0,935.95,286.8,286.8,0,RING,LL128,48,RING,LL128,48,0,RING,A_flag_ceiling
broadcast_perf,2,16,536870912,134217728,float,none,1774.7,302.51,302.51,0,1770.78,303.18,303.18,0,RING,LL128,48,RING,LL128,48,0,RING,A_flag_ceiling
broadcast_perf,2,16,4096,1024,float,none,26.37,0.16,0.16,0,21.65,0.19,0.19,0,RING,SIMPLE,1,RING,SIMPLE,1,0,RING,A_flag_ceiling
broadcast_perf,2,16,8192,2048,float,none,22.54,0.36,0.36,0,24.09,0.34,0.34,0,RING,SIMPLE,1,RING,SIMPLE,1,0,RING,A_flag_ceiling
broadcast_perf,2,16,16384,4096,float,none,24.24,0.68,0.68,0,25.26,0.65,0.65,0,RING,SIMPLE,1,RING,SIMPLE,1,0,RING,A_flag_ceiling
broadcast_perf,2,16,32768,8192,float,none,20.61,1.59,1.59,0,25.04,1.31,1.31,0,RING,SIMPLE,1,RING,SIMPLE,1,0,RING,A_flag_ceiling
broadcast_perf,2,16,65536,16384,float,none,87.91,0.75,0.75,0,26.04,2.52,2.52,0,RING,SIMPLE,1,RING,SIMPLE,1,0,RING,A_flag_ceiling
broadcast_perf,2,16,131072,32768,float,none,38.35,3.42,3.42,0,39.09,3.35,3.35,0,RING,SIMPLE,1,RING,SIMPLE,1,0,RING,A_flag_ceiling
broadcast_perf,2,16,262144,65536,float,none,57.1,4.59,4.59,0,57.17,4.59,4.59,0,RING,SIMPLE,1,RING,SIMPLE,1,0,RING,A_flag_ceiling
broadcast_perf,2,16,524288,131072,float,none,68.54,7.65,7.65,0,72.96,7.19,7.19,0,RING,SIMPLE,1,RING,SIMPLE,1,0,RING,A_flag_ceiling
broadcast_perf,2,16,1048576,262144,float,none,123.2,8.51,8.51,0,123.31,8.5,8.5,0,RING,SIMPLE,1,RING,SIMPLE,1,0,RING,A_flag_ceiling
broadcast_perf,2,16,2097152,524288,float,none,188.61,11.12,11.12,0,188.3,11.14,11.14,0,RING,SIMPLE,1,RING,SIMPLE,1,0,RING,A_flag_ceiling
broadcast_perf,2,16,4194304,1048576,float,none,346.1,12.12,12.12,0,345.16,12.15,12.15,0,RING,SIMPLE,1,RING,SIMPLE,1,0,RING,A_flag_ceiling
broadcast_perf,2,16,8388608,2097152,float,none,558.88,15.01,15.01,0,626.07,13.4,13.4,0,RING,SIMPLE,1,RING,SIMPLE,1,0,RING,A_flag_ceiling
broadcast_perf,2,16,16777216,4194304,float,none,1081.17,15.52,15.52,0,1090.13,15.39,15.39,0,RING,SIMPLE,1,RING,SIMPLE,1,0,RING,A_flag_ceiling
broadcast_perf,2,16,33554432,8388608,float,none,2094.44,16.02,16.02,0,2072.52,16.19,16.19,0,RING,SIMPLE,1,RING,SIMPLE,1,0,RING,A_flag_ceiling
broadcast_perf,2,16,67108864,16777216,float,none,4106.57,16.34,16.34,0,4116.08,16.3,16.3,0,RING,SIMPLE,1,RING,SIMPLE,1,0,RING,A_flag_ceiling
broadcast_perf,2,16,134217728,33554432,float,none,8217.27,16.33,16.33,0,8232.21,16.3,16.3,0,RING,SIMPLE,1,RING,SIMPLE,1,0,RING,A_flag_ceiling
broadcast_perf,2,16,268435456,67108864,float,none,16353.3,16.41,16.41,0,16449.8,16.32,16.32,0,RING,SIMPLE,1,RING,SIMPLE,1,0,RING,A_flag_ceiling
broadcast_perf,2,16,536870912,134217728,float,none,32754.0,16.39,16.39,0,32897.5,16.32,16.32,0,RING,SIMPLE,1,RING,SIMPLE,1,0,RING,A_flag_ceiling
broadcast_perf,2,16,4096,1024,float,none,18.38,0.22,0.22,0,19.21,0.21,0.21,0,RING,LL,1,RING,LL,1,0,RING,A_flag_ceiling
broadcast_perf,2,16,8192,2048,float,none,20.71,0.4,0.4,0,18.53,0.44,0.44,0,RING,LL,1,RING,LL,1,0,RING,A_flag_ceiling
broadcast_perf,2,16,16384,4096,float,none,20.3,0.81,0.81,0,22.84,0.72,0.72,0,RING,LL,1,RING,LL,1,0,RING,A_flag_ceiling
broadcast_perf,2,16,32768,8192,float,none,28.48,1.15,1.15,0,26.66,1.23,1.23,0,RING,LL,1,RING,LL,1,0,RING,A_flag_ceiling
broadcast_perf,2,16,65536,16384,float,none,41.5,1.58,1.58,0,38.15,1.72,1.72,0,RING,LL,1,RING,LL,1,0,RING,A_flag_ceiling
broadcast_perf,2,16,131072,32768,float,none,63.51,2.06,2.06,0,65.96,1.99,1.99,0,RING,LL,1,RING,LL,1,0,RING,A_flag_ceiling
broadcast_perf,2,16,262144,65536,float,none,112.57,2.33,2.33,0,111.9,2.34,2.34,0,RING,LL,1,RING,LL,1,0,RING,A_flag_ceiling
broadcast_perf,2,16,524288,131072,float,none,218.58,2.4,2.4,0,219.02,2.39,2.39,0,RING,LL,1,RING,LL,1,0,RING,A_flag_ceiling
broadcast_perf,2,16,1048576,262144,float,none,432.34,2.43,2.43,0,433.63,2.42,2.42,0,RING,LL,1,RING,LL,1,0,RING,A_flag_ceiling
broadcast_perf,2,16,2097152,524288,float,none,862.49,2.43,2.43,0,862.86,2.43,2.43,0,RING,LL,1,RING,LL,1,0,RING,A_flag_ceiling
broadcast_perf,2,16,4194304,1048576,float,none,1716.61,2.44,2.44,0,1719.12,2.44,2.44,0,RING,LL,1,RING,LL,1,0,RING,A_flag_ceiling
broadcast_perf,2,16,8388608,2097152,float,none,3429.92,2.45,2.45,0,3439.44,2.44,2.44,0,RING,LL,1,RING,LL,1,0,RING,A_flag_ceiling
broadcast_perf,2,16,16777216,4194304,float,none,6854.99,2.45,2.45,0,6854.97,2.45,2.45,0,RING,LL,1,RING,LL,1,0,RING,A_flag_ceiling
broadcast_perf,2,16,33554432,8388608,float,none,13676.3,2.45,2.45,0,13713.2,2.45,2.45,0,RING,LL,1,RING,LL,1,0,RING,A_flag_ceiling
broadcast_perf,2,16,67108864,16777216,float,none,27404.9,2.45,2.45,0,27444.2,2.45,2.45,0,RING,LL,1,RING,LL,1,0,RING,A_flag_ceiling
broadcast_perf,2,16,134217728,33554432,float,none,54781.0,2.45,2.45,0,54755.4,2.45,2.45,0,RING,LL,1,RING,LL,1,0,RING,A_flag_ceiling
broadcast_perf,2,16,268435456,67108864,float,none,109469.0,2.45,2.45,0,109760.0,2.45,2.45,0,RING,LL,1,RING,LL,1,0,RING,A_flag_ceiling
broadcast_perf,2,16,536870912,134217728,float,none,219278.0,2.45,2.45,0,219383.0,2.45,2.45,0,RING,LL,1,RING,LL,1,0,RING,A_flag_ceiling
broadcast_perf,2,16,4096,1024,float,none,24.65,0.17,0.17,0,15.6,0.26,0.26,0,RING,LL128,1,RING,LL128,1,0,RING,A_flag_ceiling
broadcast_perf,2,16,8192,2048,float,none,22.77,0.36,0.36,0,17.72,0.46,0.46,0,RING,LL128,1,RING,LL128,1,0,RING,A_flag_ceiling
broadcast_perf,2,16,16384,4096,float,none,21.19,0.77,0.77,0,20.87,0.79,0.79,0,RING,LL128,1,RING,LL128,1,0,RING,A_flag_ceiling
broadcast_perf,2,16,32768,8192,float,none,22.04,1.49,1.49,0,19.15,1.71,1.71,0,RING,LL128,1,RING,LL128,1,0,RING,A_flag_ceiling
broadcast_perf,2,16,65536,16384,float,none,21.07,3.11,3.11,0,22.28,2.94,2.94,0,RING,LL128,1,RING,LL128,1,0,RING,A_flag_ceiling
broadcast_perf,2,16,131072,32768,float,none,35.43,3.7,3.7,0,33.45,3.92,3.92,0,RING,LL128,1,RING,LL128,1,0,RING,A_flag_ceiling
broadcast_perf,2,16,262144,65536,float,none,36.63,7.16,7.16,0,37.93,6.91,6.91,0,RING,LL128,1,RING,LL128,1,0,RING,A_flag_ceiling
broadcast_perf,2,16,524288,131072,float,none,66.46,7.89,7.89,0,59.69,8.78,8.78,0,RING,LL128,1,RING,LL128,1,0,RING,A_flag_ceiling
broadcast_perf,2,16,1048576,262144,float,none,104.95,9.99,9.99,0,105.91,9.9,9.9,0,RING,LL128,1,RING,LL128,1,0,RING,A_flag_ceiling
broadcast_perf,2,16,2097152,524288,float,none,197.22,10.63,10.63,0,196.43,10.68,10.68,0,RING,LL128,1,RING,LL128,1,0,RING,A_flag_ceiling
broadcast_perf,2,16,4194304,1048576,float,none,374.01,11.21,11.21,0,372.14,11.27,11.27,0,RING,LL128,1,RING,LL128,1,0,RING,A_flag_ceiling
broadcast_perf,2,16,8388608,2097152,float,none,734.06,11.43,11.43,0,733.35,11.44,11.44,0,RING,LL128,1,RING,LL128,1,0,RING,A_flag_ceiling
broadcast_perf,2,16,16777216,4194304,float,none,1454.36,11.54,11.54,0,1452.97,11.55,11.55,0,RING,LL128,1,RING,LL128,1,0,RING,A_flag_ceiling
broadcast_perf,2,16,33554432,8388608,float,none,2900.32,11.57,11.57,0,2897.45,11.58,11.58,0,RING,LL128,1,RING,LL128,1,0,RING,A_flag_ceiling
broadcast_perf,2,16,67108864,16777216,float,none,5794.39,11.58,11.58,0,5792.03,11.59,11.59,0,RING,LL128,1,RING,LL128,1,0,RING,A_flag_ceiling
broadcast_perf,2,16,134217728,33554432,float,none,11596.0,11.57,11.57,0,11561.9,11.61,11.61,0,RING,LL128,1,RING,LL128,1,0,RING,A_flag_ceiling
broadcast_perf,2,16,268435456,67108864,float,none,23184.5,11.58,11.58,0,23104.9,11.62,11.62,0,RING,LL128,1,RING,LL128,1,0,RING,A_flag_ceiling
broadcast_perf,2,16,536870912,134217728,float,none,46351.5,11.58,11.58,0,46168.8,11.63,11.63,0,RING,LL128,1,RING,LL128,1,0,RING,A_flag_ceiling
broadcast_perf,2,16,4096,1024,float,none,22.1,0.19,0.19,0,23.79,0.17,0.17,0,RING,SIMPLE,2,RING,SIMPLE,2,0,RING,A_flag_ceiling
broadcast_perf,2,16,8192,2048,float,none,22.58,0.36,0.36,0,19.31,0.42,0.42,0,RING,SIMPLE,2,RING,SIMPLE,2,0,RING,A_flag_ceiling
broadcast_perf,2,16,16384,4096,float,none,24.41,0.67,0.67,0,19.09,0.86,0.86,0,RING,SIMPLE,2,RING,SIMPLE,2,0,RING,A_flag_ceiling
broadcast_perf,2,16,32768,8192,float,none,43.91,0.75,0.75,0,43.5,0.75,0.75,0,RING,SIMPLE,2,RING,SIMPLE,2,0,RING,A_flag_ceiling
broadcast_perf,2,16,65536,16384,float,none,51.87,1.26,1.26,0,51.73,1.27,1.27,0,RING,SIMPLE,2,RING,SIMPLE,2,0,RING,A_flag_ceiling
broadcast_perf,2,16,131072,32768,float,none,58.31,2.25,2.25,0,58.96,2.22,2.22,0,RING,SIMPLE,2,RING,SIMPLE,2,0,RING,A_flag_ceiling
broadcast_perf,2,16,262144,65536,float,none,68.37,3.83,3.83,0,68.87,3.81,3.81,0,RING,SIMPLE,2,RING,SIMPLE,2,0,RING,A_flag_ceiling
broadcast_perf,2,16,524288,131072,float,none,87.64,5.98,5.98,0,88.67,5.91,5.91,0,RING,SIMPLE,2,RING,SIMPLE,2,0,RING,A_flag_ceiling
broadcast_perf,2,16,1048576,262144,float,none,119.83,8.75,8.75,0,119.92,8.74,8.74,0,RING,SIMPLE,2,RING,SIMPLE,2,0,RING,A_flag_ceiling
broadcast_perf,2,16,2097152,524288,float,none,173.54,12.08,12.08,0,173.53,12.09,12.09,0,RING,SIMPLE,2,RING,SIMPLE,2,0,RING,A_flag_ceiling
broadcast_perf,2,16,4194304,1048576,float,none,270.5,15.51,15.51,0,270.55,15.5,15.5,0,RING,SIMPLE,2,RING,SIMPLE,2,0,RING,A_flag_ceiling
broadcast_perf,2,16,8388608,2097152,float,none,428.51,19.58,19.58,0,426.73,19.66,19.66,0,RING,SIMPLE,2,RING,SIMPLE,2,0,RING,A_flag_ceiling
broadcast_perf,2,16,16777216,4194304,float,none,715.71,23.44,23.44,0,715.12,23.46,23.46,0,RING,SIMPLE,2,RING,SIMPLE,2,0,RING,A_flag_ceiling
broadcast_perf,2,16,33554432,8388608,float,none,1266.43,26.5,26.5,0,1262.59,26.58,26.58,0,RING,SIMPLE,2,RING,SIMPLE,2,0,RING,A_flag_ceiling
broadcast_perf,2,16,67108864,16777216,float,none,2426.85,27.65,27.65,0,2420.38,27.73,27.73,0,RING,SIMPLE,2,RING,SIMPLE,2,0,RING,A_flag_ceiling
broadcast_perf,2,16,134217728,33554432,float,none,4570.19,29.37,29.37,0,4561.72,29.42,29.42,0,RING,SIMPLE,2,RING,SIMPLE,2,0,RING,A_flag_ceiling
broadcast_perf,2,16,268435456,67108864,float,none,8879.77,30.23,30.23,0,8852.22,30.32,30.32,0,RING,SIMPLE,2,RING,SIMPLE,2,0,RING,A_flag_ceiling
broadcast_perf,2,16,536870912,134217728,float,none,17700.9,30.33,30.33,0,17623.9,30.46,30.46,0,RING,SIMPLE,2,RING,SIMPLE,2,0,RING,A_flag_ceiling
broadcast_perf,2,16,4096,1024,float,none,17.25,0.24,0.24,0,15.94,0.26,0.26,0,RING,LL,2,RING,LL,2,0,RING,A_flag_ceiling
broadcast_perf,2,16,8192,2048,float,none,24.8,0.33,0.33,0,25.42,0.32,0.32,0,RING,LL,2,RING,LL,2,0,RING,A_flag_ceiling
broadcast_perf,2,16,16384,4096,float,none,28.82,0.57,0.57,0,27.78,0.59,0.59,0,RING,LL,2,RING,LL,2,0,RING,A_flag_ceiling
broadcast_perf,2,16,32768,8192,float,none,33.7,0.97,0.97,0,33.15,0.99,0.99,0,RING,LL,2,RING,LL,2,0,RING,A_flag_ceiling
broadcast_perf,2,16,65536,16384,float,none,39.96,1.64,1.64,0,39.79,1.65,1.65,0,RING,LL,2,RING,LL,2,0,RING,A_flag_ceiling
broadcast_perf,2,16,131072,32768,float,none,53.19,2.46,2.46,0,59.19,2.21,2.21,0,RING,LL,2,RING,LL,2,0,RING,A_flag_ceiling
broadcast_perf,2,16,262144,65536,float,none,79.31,3.31,3.31,0,79.83,3.28,3.28,0,RING,LL,2,RING,LL,2,0,RING,A_flag_ceiling
broadcast_perf,2,16,524288,131072,float,none,133.15,3.94,3.94,0,132.59,3.95,3.95,0,RING,LL,2,RING,LL,2,0,RING,A_flag_ceiling
broadcast_perf,2,16,1048576,262144,float,none,240.93,4.35,4.35,0,238.84,4.39,4.39,0,RING,LL,2,RING,LL,2,0,RING,A_flag_ceiling
broadcast_perf,2,16,2097152,524288,float,none,451.43,4.65,4.65,0,449.87,4.66,4.66,0,RING,LL,2,RING,LL,2,0,RING,A_flag_ceiling
broadcast_perf,2,16,4194304,1048576,float,none,877.08,4.78,4.78,0,876.57,4.78,4.78,0,RING,LL,2,RING,LL,2,0,RING,A_flag_ceiling
broadcast_perf,2,16,8388608,2097152,float,none,1732.27,4.84,4.84,0,1726.1,4.86,4.86,0,RING,LL,2,RING,LL,2,0,RING,A_flag_ceiling
broadcast_perf,2,16,16777216,4194304,float,none,3449.1,4.86,4.86,0,3444.88,4.87,4.87,0,RING,LL,2,RING,LL,2,0,RING,A_flag_ceiling
broadcast_perf,2,16,33554432,8388608,float,none,6875.89,4.88,4.88,0,6892.65,4.87,4.87,0,RING,LL,2,RING,LL,2,0,RING,A_flag_ceiling
broadcast_perf,2,16,67108864,16777216,float,none,13748.9,4.88,4.88,0,13774.3,4.87,4.87,0,RING,LL,2,RING,LL,2,0,RING,A_flag_ceiling
broadcast_perf,2,16,134217728,33554432,float,none,27507.8,4.88,4.88,0,27581.0,4.87,4.87,0,RING,LL,2,RING,LL,2,0,RING,A_flag_ceiling
broadcast_perf,2,16,268435456,67108864,float,none,54968.1,4.88,4.88,0,55153.0,4.87,4.87,0,RING,LL,2,RING,LL,2,0,RING,A_flag_ceiling
broadcast_perf,2,16,536870912,134217728,float,none,110032.0,4.88,4.88,0,110341.0,4.87,4.87,0,RING,LL,2,RING,LL,2,0,RING,A_flag_ceiling
broadcast_perf,2,16,4096,1024,float,none,20.45,0.2,0.2,0,17.65,0.23,0.23,0,RING,LL128,2,RING,LL128,2,0,RING,A_flag_ceiling
broadcast_perf,2,16,8192,2048,float,none,21.25,0.39,0.39,0,18.78,0.44,0.44,0,RING,LL128,2,RING,LL128,2,0,RING,A_flag_ceiling
broadcast_perf,2,16,16384,4096,float,none,24.7,0.66,0.66,0,24.56,0.67,0.67,0,RING,LL128,2,RING,LL128,2,0,RING,A_flag_ceiling
broadcast_perf,2,16,32768,8192,float,none,34.56,0.95,0.95,0,32.58,1.01,1.01,0,RING,LL128,2,RING,LL128,2,0,RING,A_flag_ceiling
broadcast_perf,2,16,65536,16384,float,none,39.15,1.67,1.67,0,36.4,1.8,1.8,0,RING,LL128,2,RING,LL128,2,0,RING,A_flag_ceiling
broadcast_perf,2,16,131072,32768,float,none,42.97,3.05,3.05,0,42.77,3.06,3.06,0,RING,LL128,2,RING,LL128,2,0,RING,A_flag_ceiling
broadcast_perf,2,16,262144,65536,float,none,52.07,5.03,5.03,0,51.97,5.04,5.04,0,RING,LL128,2,RING,LL128,2,0,RING,A_flag_ceiling
broadcast_perf,2,16,524288,131072,float,none,64.42,8.14,8.14,0,64.22,8.16,8.16,0,RING,LL128,2,RING,LL128,2,0,RING,A_flag_ceiling
broadcast_perf,2,16,1048576,262144,float,none,88.13,11.9,11.9,0,88.44,11.86,11.86,0,RING,LL128,2,RING,LL128,2,0,RING,A_flag_ceiling
broadcast_perf,2,16,2097152,524288,float,none,135.22,15.51,15.51,0,135.66,15.46,15.46,0,RING,LL128,2,RING,LL128,2,0,RING,A_flag_ceiling
broadcast_perf,2,16,4194304,1048576,float,none,229.58,18.27,18.27,0,229.69,18.26,18.26,0,RING,LL128,2,RING,LL128,2,0,RING,A_flag_ceiling
broadcast_perf,2,16,8388608,2097152,float,none,415.53,20.19,20.19,0,415.48,20.19,20.19,0,RING,LL128,2,RING,LL128,2,0,RING,A_flag_ceiling
broadcast_perf,2,16,16777216,4194304,float,none,786.71,21.33,21.33,0,790.11,21.23,21.23,0,RING,LL128,2,RING,LL128,2,0,RING,A_flag_ceiling
broadcast_perf,2,16,33554432,8388608,float,none,1561.73,21.49,21.49,0,1573.4,21.33,21.33,0,RING,LL128,2,RING,LL128,2,0,RING,A_flag_ceiling
broadcast_perf,2,16,67108864,16777216,float,none,3111.43,21.57,21.57,0,3135.96,21.4,21.4,0,RING,LL128,2,RING,LL128,2,0,RING,A_flag_ceiling
broadcast_perf,2,16,134217728,33554432,float,none,6224.56,21.56,21.56,0,6278.48,21.38,21.38,0,RING,LL128,2,RING,LL128,2,0,RING,A_flag_ceiling
broadcast_perf,2,16,268435456,67108864,float,none,12423.1,21.61,21.61,0,12537.0,21.41,21.41,0,RING,LL128,2,RING,LL128,2,0,RING,A_flag_ceiling
broadcast_perf,2,16,536870912,134217728,float,none,24849.5,21.6,21.6,0,25050.4,21.43,21.43,0,RING,LL128,2,RING,LL128,2,0,RING,A_flag_ceiling
broadcast_perf,2,16,4096,1024,float,none,20.1,0.2,0.2,0,19.44,0.21,0.21,0,RING,SIMPLE,4,RING,SIMPLE,4,0,RING,A_flag_ceiling
broadcast_perf,2,16,8192,2048,float,none,25.16,0.33,0.33,0,15.95,0.51,0.51,0,RING,SIMPLE,4,RING,SIMPLE,4,0,RING,A_flag_ceiling
broadcast_perf,2,16,16384,4096,float,none,25.37,0.65,0.65,0,22.87,0.72,0.72,0,RING,SIMPLE,4,RING,SIMPLE,4,0,RING,A_flag_ceiling
broadcast_perf,2,16,32768,8192,float,none,43.53,0.75,0.75,0,43.63,0.75,0.75,0,RING,SIMPLE,4,RING,SIMPLE,4,0,RING,A_flag_ceiling
broadcast_perf,2,16,65536,16384,float,none,65.32,1.0,1.0,0,66.85,0.98,0.98,0,RING,SIMPLE,4,RING,SIMPLE,4,0,RING,A_flag_ceiling
broadcast_perf,2,16,131072,32768,float,none,77.36,1.69,1.69,0,77.71,1.69,1.69,0,RING,SIMPLE,4,RING,SIMPLE,4,0,RING,A_flag_ceiling
broadcast_perf,2,16,262144,65536,float,none,84.05,3.12,3.12,0,84.09,3.12,3.12,0,RING,SIMPLE,4,RING,SIMPLE,4,0,RING,A_flag_ceiling
broadcast_perf,2,16,524288,131072,float,none,95.01,5.52,5.52,0,95.83,5.47,5.47,0,RING,SIMPLE,4,RING,SIMPLE,4,0,RING,A_flag_ceiling
broadcast_perf,2,16,1048576,262144,float,none,116.94,8.97,8.97,0,122.4,8.57,8.57,0,RING,SIMPLE,4,RING,SIMPLE,4,0,RING,A_flag_ceiling
broadcast_perf,2,16,2097152,524288,float,none,162.3,12.92,12.92,0,162.39,12.91,12.91,0,RING,SIMPLE,4,RING,SIMPLE,4,0,RING,A_flag_ceiling
broadcast_perf,2,16,4194304,1048576,float,none,223.34,18.78,18.78,0,223.82,18.74,18.74,0,RING,SIMPLE,4,RING,SIMPLE,4,0,RING,A_flag_ceiling
broadcast_perf,2,16,8388608,2097152,float,none,344.85,24.33,24.33,0,345.16,24.3,24.3,0,RING,SIMPLE,4,RING,SIMPLE,4,0,RING,A_flag_ceiling
broadcast_perf,2,16,16777216,4194304,float,none,524.11,32.01,32.01,0,523.36,32.06,32.06,0,RING,SIMPLE,4,RING,SIMPLE,4,0,RING,A_flag_ceiling
broadcast_perf,2,16,33554432,8388608,float,none,876.64,38.28,38.28,0,878.74,38.18,38.18,0,RING,SIMPLE,4,RING,SIMPLE,4,0,RING,A_flag_ceiling
broadcast_perf,2,16,67108864,16777216,float,none,1485.02,45.19,45.19,0,1487.11,45.13,45.13,0,RING,SIMPLE,4,RING,SIMPLE,4,0,RING,A_flag_ceiling
broadcast_perf,2,16,134217728,33554432,float,none,2787.21,48.15,48.15,0,2789.76,48.11,48.11,0,RING,SIMPLE,4,RING,SIMPLE,4,0,RING,A_flag_ceiling
broadcast_perf,2,16,268435456,67108864,float,none,5107.65,52.56,52.56,0,5116.86,52.46,52.46,0,RING,SIMPLE,4,RING,SIMPLE,4,0,RING,A_flag_ceiling
broadcast_perf,2,16,536870912,134217728,float,none,9728.47,55.19,55.19,0,9747.64,55.08,55.08,0,RING,SIMPLE,4,RING,SIMPLE,4,0,RING,A_flag_ceiling
broadcast_perf,2,16,4096,1024,float,none,18.19,0.23,0.23,0,22.82,0.18,0.18,0,RING,LL,4,RING,LL,4,0,RING,A_flag_ceiling
broadcast_perf,2,16,8192,2048,float,none,25.44,0.32,0.32,0,25.88,0.32,0.32,0,RING,LL,4,RING,LL,4,0,RING,A_flag_ceiling
broadcast_perf,2,16,16384,4096,float,none,40.27,0.41,0.41,0,36.23,0.45,0.45,0,RING,LL,4,RING,LL,4,0,RING,A_flag_ceiling
broadcast_perf,2,16,32768,8192,float,none,42.58,0.77,0.77,0,45.36,0.72,0.72,0,RING,LL,4,RING,LL,4,0,RING,A_flag_ceiling
broadcast_perf,2,16,65536,16384,float,none,55.37,1.18,1.18,0,52.16,1.26,1.26,0,RING,LL,4,RING,LL,4,0,RING,A_flag_ceiling
broadcast_perf,2,16,131072,32768,float,none,63.03,2.08,2.08,0,60.05,2.18,2.18,0,RING,LL,4,RING,LL,4,0,RING,A_flag_ceiling
broadcast_perf,2,16,262144,65536,float,none,76.6,3.42,3.42,0,73.45,3.57,3.57,0,RING,LL,4,RING,LL,4,0,RING,A_flag_ceiling
broadcast_perf,2,16,524288,131072,float,none,103.87,5.05,5.05,0,101.97,5.14,5.14,0,RING,LL,4,RING,LL,4,0,RING,A_flag_ceiling
broadcast_perf,2,16,1048576,262144,float,none,154.74,6.78,6.78,0,157.72,6.65,6.65,0,RING,LL,4,RING,LL,4,0,RING,A_flag_ceiling
broadcast_perf,2,16,2097152,524288,float,none,260.38,8.05,8.05,0,261.96,8.01,8.01,0,RING,LL,4,RING,LL,4,0,RING,A_flag_ceiling
broadcast_perf,2,16,4194304,1048576,float,none,473.82,8.85,8.85,0,473.91,8.85,8.85,0,RING,LL,4,RING,LL,4,0,RING,A_flag_ceiling
broadcast_perf,2,16,8388608,2097152,float,none,902.65,9.29,9.29,0,900.1,9.32,9.32,0,RING,LL,4,RING,LL,4,0,RING,A_flag_ceiling
broadcast_perf,2,16,16777216,4194304,float,none,1763.33,9.51,9.51,0,1760.77,9.53,9.53,0,RING,LL,4,RING,LL,4,0,RING,A_flag_ceiling
broadcast_perf,2,16,33554432,8388608,float,none,3535.83,9.49,9.49,0,3523.31,9.52,9.52,0,RING,LL,4,RING,LL,4,0,RING,A_flag_ceiling
broadcast_perf,2,16,67108864,16777216,float,none,7111.85,9.44,9.44,0,7087.43,9.47,9.47,0,RING,LL,4,RING,LL,4,0,RING,A_flag_ceiling
broadcast_perf,2,16,134217728,33554432,float,none,14291.8,9.39,9.39,0,14257.3,9.41,9.41,0,RING,LL,4,RING,LL,4,0,RING,A_flag_ceiling
broadcast_perf,2,16,268435456,67108864,float,none,28665.0,9.36,9.36,0,28591.8,9.39,9.39,0,RING,LL,4,RING,LL,4,0,RING,A_flag_ceiling
broadcast_perf,2,16,536870912,134217728,float,none,57346.3,9.36,9.36,0,57255.2,9.38,9.38,0,RING,LL,4,RING,LL,4,0,RING,A_flag_ceiling
broadcast_perf,2,16,4096,1024,float,none,18.16,0.23,0.23,0,15.22,0.27,0.27,0,RING,LL128,4,RING,LL128,4,0,RING,A_flag_ceiling
broadcast_perf,2,16,8192,2048,float,none,20.77,0.39,0.39,0,22.55,0.36,0.36,0,RING,LL128,4,RING,LL128,4,0,RING,A_flag_ceiling
broadcast_perf,2,16,16384,4096,float,none,23.22,0.71,0.71,0,24.05,0.68,0.68,0,RING,LL128,4,RING,LL128,4,0,RING,A_flag_ceiling
broadcast_perf,2,16,32768,8192,float,none,32.26,1.02,1.02,0,32.09,1.02,1.02,0,RING,LL128,4,RING,LL128,4,0,RING,A_flag_ceiling
broadcast_perf,2,16,65536,16384,float,none,47.33,1.38,1.38,0,46.81,1.4,1.4,0,RING,LL128,4,RING,LL128,4,0,RING,A_flag_ceiling
broadcast_perf,2,16,131072,32768,float,none,54.98,2.38,2.38,0,54.38,2.41,2.41,0,RING,LL128,4,RING,LL128,4,0,RING,A_flag_ceiling
broadcast_perf,2,16,262144,65536,float,none,64.69,4.05,4.05,0,64.34,4.07,4.07,0,RING,LL128,4,RING,LL128,4,0,RING,A_flag_ceiling
broadcast_perf,2,16,524288,131072,float,none,78.31,6.69,6.69,0,78.53,6.68,6.68,0,RING,LL128,4,RING,LL128,4,0,RING,A_flag_ceiling
broadcast_perf,2,16,1048576,262144,float,none,91.91,11.41,11.41,0,92.23,11.37,11.37,0,RING,LL128,4,RING,LL128,4,0,RING,A_flag_ceiling
broadcast_perf,2,16,2097152,524288,float,none,118.57,17.69,17.69,0,117.81,17.8,17.8,0,RING,LL128,4,RING,LL128,4,0,RING,A_flag_ceiling
broadcast_perf,2,16,4194304,1048576,float,none,172.53,24.31,24.31,0,168.43,24.9,24.9,0,RING,LL128,4,RING,LL128,4,0,RING,A_flag_ceiling
broadcast_perf,2,16,8388608,2097152,float,none,266.96,31.42,31.42,0,267.16,31.4,31.4,0,RING,LL128,4,RING,LL128,4,0,RING,A_flag_ceiling
broadcast_perf,2,16,16777216,4194304,float,none,464.66,36.11,36.11,0,468.63,35.8,35.8,0,RING,LL128,4,RING,LL128,4,0,RING,A_flag_ceiling
broadcast_perf,2,16,33554432,8388608,float,none,872.51,38.46,38.46,0,861.53,38.95,38.95,0,RING,LL128,4,RING,LL128,4,0,RING,A_flag_ceiling
broadcast_perf,2,16,67108864,16777216,float,none,1654.81,40.55,40.55,0,1653.18,40.59,40.59,0,RING,LL128,4,RING,LL128,4,0,RING,A_flag_ceiling
broadcast_perf,2,16,134217728,33554432,float,none,3251.3,41.28,41.28,0,3241.95,41.4,41.4,0,RING,LL128,4,RING,LL128,4,0,RING,A_flag_ceiling
broadcast_perf,2,16,268435456,67108864,float,none,6473.26,41.47,41.47,0,6484.96,41.39,41.39,0,RING,LL128,4,RING,LL128,4,0,RING,A_flag_ceiling
broadcast_perf,2,16,536870912,134217728,float,none,12916.6,41.56,41.56,0,12963.6,41.41,41.41,0,RING,LL128,4,RING,LL128,4,0,RING,A_flag_ceiling
broadcast_perf,2,16,4096,1024,float,none,18.04,0.23,0.23,0,23.74,0.17,0.17,0,RING,SIMPLE,8,RING,SIMPLE,8,0,RING,A_flag_ceiling
broadcast_perf,2,16,8192,2048,float,none,22.53,0.36,0.36,0,24.85,0.33,0.33,0,RING,SIMPLE,8,RING,SIMPLE,8,0,RING,A_flag_ceiling
broadcast_perf,2,16,16384,4096,float,none,25.09,0.65,0.65,0,22.4,0.73,0.73,0,RING,SIMPLE,8,RING,SIMPLE,8,0,RING,A_flag_ceiling
broadcast_perf,2,16,32768,8192,float,none,43.94,0.75,0.75,0,43.98,0.75,0.75,0,RING,SIMPLE,8,RING,SIMPLE,8,0,RING,A_flag_ceiling
broadcast_perf,2,16,65536,16384,float,none,65.15,1.01,1.01,0,66.02,0.99,0.99,0,RING,SIMPLE,8,RING,SIMPLE,8,0,RING,A_flag_ceiling
broadcast_perf,2,16,131072,32768,float,none,69.07,1.9,1.9,0,68.75,1.91,1.91,0,RING,SIMPLE,8,RING,SIMPLE,8,0,RING,A_flag_ceiling
broadcast_perf,2,16,262144,65536,float,none,81.72,3.21,3.21,0,81.67,3.21,3.21,0,RING,SIMPLE,8,RING,SIMPLE,8,0,RING,A_flag_ceiling
broadcast_perf,2,16,524288,131072,float,none,88.68,5.91,5.91,0,89.85,5.84,5.84,0,RING,SIMPLE,8,RING,SIMPLE,8,0,RING,A_flag_ceiling
broadcast_perf,2,16,1048576,262144,float,none,100.63,10.42,10.42,0,100.69,10.41,10.41,0,RING,SIMPLE,8,RING,SIMPLE,8,0,RING,A_flag_ceiling
broadcast_perf,2,16,2097152,524288,float,none,122.46,17.13,17.13,0,122.76,17.08,17.08,0,RING,SIMPLE,8,RING,SIMPLE,8,0,RING,A_flag_ceiling
broadcast_perf,2,16,4194304,1048576,float,none,168.94,24.83,24.83,0,169.56,24.74,24.74,0,RING,SIMPLE,8,RING,SIMPLE,8,0,RING,A_flag_ceiling
broadcast_perf,2,16,8388608,2097152,float,none,229.2,36.6,36.6,0,228.28,36.75,36.75,0,RING,SIMPLE,8,RING,SIMPLE,8,0,RING,A_flag_ceiling
broadcast_perf,2,16,16777216,4194304,float,none,355.76,47.16,47.16,0,354.79,47.29,47.29,0,RING,SIMPLE,8,RING,SIMPLE,8,0,RING,A_flag_ceiling
broadcast_perf,2,16,33554432,8388608,float,none,528.15,63.53,63.53,0,525.69,63.83,63.83,0,RING,SIMPLE,8,RING,SIMPLE,8,0,RING,A_flag_ceiling
broadcast_perf,2,16,67108864,16777216,float,none,887.56,75.61,75.61,0,886.99,75.66,75.66,0,RING,SIMPLE,8,RING,SIMPLE,8,0,RING,A_flag_ceiling
broadcast_perf,2,16,134217728,33554432,float,none,1500.48,89.45,89.45,0,1494.16,89.83,89.83,0,RING,SIMPLE,8,RING,SIMPLE,8,0,RING,A_flag_ceiling
broadcast_perf,2,16,268435456,67108864,float,none,2855.52,94.01,94.01,0,2843.18,94.41,94.41,0,RING,SIMPLE,8,RING,SIMPLE,8,0,RING,A_flag_ceiling
broadcast_perf,2,16,536870912,134217728,float,none,5225.52,102.74,102.74,0,5202.8,103.19,103.19,0,RING,SIMPLE,8,RING,SIMPLE,8,0,RING,A_flag_ceiling
broadcast_perf,2,16,4096,1024,float,none,17.58,0.23,0.23,0,16.66,0.25,0.25,0,RING,LL,8,RING,LL,8,0,RING,A_flag_ceiling
broadcast_perf,2,16,8192,2048,float,none,25.28,0.32,0.32,0,24.84,0.33,0.33,0,RING,LL,8,RING,LL,8,0,RING,A_flag_ceiling
broadcast_perf,2,16,16384,4096,float,none,38.29,0.43,0.43,0,36.36,0.45,0.45,0,RING,LL,8,RING,LL,8,0,RING,A_flag_ceiling
broadcast_perf,2,16,32768,8192,float,none,38.18,0.86,0.86,0,38.26,0.86,0.86,0,RING,LL,8,RING,LL,8,0,RING,A_flag_ceiling
broadcast_perf,2,16,65536,16384,float,none,43.69,1.5,1.5,0,43.86,1.49,1.49,0,RING,LL,8,RING,LL,8,0,RING,A_flag_ceiling
broadcast_perf,2,16,131072,32768,float,none,53.75,2.44,2.44,0,54.25,2.42,2.42,0,RING,LL,8,RING,LL,8,0,RING,A_flag_ceiling
broadcast_perf,2,16,262144,65536,float,none,61.14,4.29,4.29,0,61.12,4.29,4.29,0,RING,LL,8,RING,LL,8,0,RING,A_flag_ceiling
broadcast_perf,2,16,524288,131072,float,none,75.92,6.91,6.91,0,75.67,6.93,6.93,0,RING,LL,8,RING,LL,8,0,RING,A_flag_ceiling
broadcast_perf,2,16,1048576,262144,float,none,103.62,10.12,10.12,0,103.84,10.1,10.1,0,RING,LL,8,RING,LL,8,0,RING,A_flag_ceiling
broadcast_perf,2,16,2097152,524288,float,none,159.05,13.19,13.19,0,158.22,13.26,13.26,0,RING,LL,8,RING,LL,8,0,RING,A_flag_ceiling
broadcast_perf,2,16,4194304,1048576,float,none,266.9,15.71,15.71,0,266.97,15.71,15.71,0,RING,LL,8,RING,LL,8,0,RING,A_flag_ceiling
broadcast_perf,2,16,8388608,2097152,float,none,485.27,17.29,17.29,0,482.59,17.38,17.38,0,RING,LL,8,RING,LL,8,0,RING,A_flag_ceiling
broadcast_perf,2,16,16777216,4194304,float,none,919.54,18.25,18.25,0,916.16,18.31,18.31,0,RING,LL,8,RING,LL,8,0,RING,A_flag_ceiling
broadcast_perf,2,16,33554432,8388608,float,none,1795.92,18.68,18.68,0,1787.17,18.78,18.78,0,RING,LL,8,RING,LL,8,0,RING,A_flag_ceiling
broadcast_perf,2,16,67108864,16777216,float,none,3620.31,18.54,18.54,0,3601.05,18.64,18.64,0,RING,LL,8,RING,LL,8,0,RING,A_flag_ceiling
broadcast_perf,2,16,134217728,33554432,float,none,7267.89,18.47,18.47,0,7236.6,18.55,18.55,0,RING,LL,8,RING,LL,8,0,RING,A_flag_ceiling
broadcast_perf,2,16,268435456,67108864,float,none,14568.6,18.43,18.43,0,14508.1,18.5,18.5,0,RING,LL,8,RING,LL,8,0,RING,A_flag_ceiling
broadcast_perf,2,16,536870912,134217728,float,none,29172.9,18.4,18.4,0,29067.3,18.47,18.47,0,RING,LL,8,RING,LL,8,0,RING,A_flag_ceiling
broadcast_perf,2,16,4096,1024,float,none,21.99,0.19,0.19,0,16.85,0.24,0.24,0,RING,LL128,8,RING,LL128,8,0,RING,A_flag_ceiling
broadcast_perf,2,16,8192,2048,float,none,20.73,0.4,0.4,0,18.58,0.44,0.44,0,RING,LL128,8,RING,LL128,8,0,RING,A_flag_ceiling
broadcast_perf,2,16,16384,4096,float,none,23.35,0.7,0.7,0,20.7,0.79,0.79,0,RING,LL128,8,RING,LL128,8,0,RING,A_flag_ceiling
broadcast_perf,2,16,32768,8192,float,none,32.51,1.01,1.01,0,32.15,1.02,1.02,0,RING,LL128,8,RING,LL128,8,0,RING,A_flag_ceiling
broadcast_perf,2,16,65536,16384,float,none,47.21,1.39,1.39,0,52.19,1.26,1.26,0,RING,LL128,8,RING,LL128,8,0,RING,A_flag_ceiling
broadcast_perf,2,16,131072,32768,float,none,49.12,2.67,2.67,0,49.02,2.67,2.67,0,RING,LL128,8,RING,LL128,8,0,RING,A_flag_ceiling
broadcast_perf,2,16,262144,65536,float,none,57.92,4.53,4.53,0,57.43,4.56,4.56,0,RING,LL128,8,RING,LL128,8,0,RING,A_flag_ceiling
broadcast_perf,2,16,524288,131072,float,none,67.04,7.82,7.82,0,67.47,7.77,7.77,0,RING,LL128,8,RING,LL128,8,0,RING,A_flag_ceiling
broadcast_perf,2,16,1048576,262144,float,none,81.13,12.92,12.92,0,80.85,12.97,12.97,0,RING,LL128,8,RING,LL128,8,0,RING,A_flag_ceiling
broadcast_perf,2,16,2097152,524288,float,none,94.72,22.14,22.14,0,99.05,21.17,21.17,0,RING,LL128,8,RING,LL128,8,0,RING,A_flag_ceiling
broadcast_perf,2,16,4194304,1048576,float,none,120.68,34.76,34.76,0,120.81,34.72,34.72,0,RING,LL128,8,RING,LL128,8,0,RING,A_flag_ceiling
broadcast_perf,2,16,8388608,2097152,float,none,172.42,48.65,48.65,0,172.3,48.69,48.69,0,RING,LL128,8,RING,LL128,8,0,RING,A_flag_ceiling
broadcast_perf,2,16,16777216,4194304,float,none,273.62,61.32,61.32,0,273.72,61.29,61.29,0,RING,LL128,8,RING,LL128,8,0,RING,A_flag_ceiling
broadcast_perf,2,16,33554432,8388608,float,none,476.29,70.45,70.45,0,483.95,69.34,69.34,0,RING,LL128,8,RING,LL128,8,0,RING,A_flag_ceiling
broadcast_perf,2,16,67108864,16777216,float,none,885.09,75.82,75.82,0,887.57,75.61,75.61,0,RING,LL128,8,RING,LL128,8,0,RING,A_flag_ceiling
broadcast_perf,2,16,134217728,33554432,float,none,1704.25,78.75,78.75,0,1704.86,78.73,78.73,0,RING,LL128,8,RING,LL128,8,0,RING,A_flag_ceiling
broadcast_perf,2,16,268435456,67108864,float,none,3346.9,80.2,80.2,0,3351.13,80.1,80.1,0,RING,LL128,8,RING,LL128,8,0,RING,A_flag_ceiling
broadcast_perf,2,16,536870912,134217728,float,none,6626.82,81.01,81.01,0,6637.87,80.88,80.88,0,RING,LL128,8,RING,LL128,8,0,RING,A_flag_ceiling
broadcast_perf,2,16,4096,1024,float,none,20.15,0.2,0.2,0,24.63,0.17,0.17,0,RING,SIMPLE,16,RING,SIMPLE,16,0,RING,A_flag_ceiling
broadcast_perf,2,16,8192,2048,float,none,25.96,0.32,0.32,0,18.75,0.44,0.44,0,RING,SIMPLE,16,RING,SIMPLE,16,0,RING,A_flag_ceiling
broadcast_perf,2,16,16384,4096,float,none,23.43,0.7,0.7,0,19.54,0.84,0.84,0,RING,SIMPLE,16,RING,SIMPLE,16,0,RING,A_flag_ceiling
broadcast_perf,2,16,32768,8192,float,none,43.5,0.75,0.75,0,43.33,0.76,0.76,0,RING,SIMPLE,16,RING,SIMPLE,16,0,RING,A_flag_ceiling
broadcast_perf,2,16,65536,16384,float,none,64.95,1.01,1.01,0,73.3,0.89,0.89,0,RING,SIMPLE,16,RING,SIMPLE,16,0,RING,A_flag_ceiling
broadcast_perf,2,16,131072,32768,float,none,68.74,1.91,1.91,0,69.28,1.89,1.89,0,RING,SIMPLE,16,RING,SIMPLE,16,0,RING,A_flag_ceiling
broadcast_perf,2,16,262144,65536,float,none,70.2,3.73,3.73,0,70.8,3.7,3.7,0,RING,SIMPLE,16,RING,SIMPLE,16,0,RING,A_flag_ceiling
broadcast_perf,2,16,524288,131072,float,none,83.3,6.29,6.29,0,87.66,5.98,5.98,0,RING,SIMPLE,16,RING,SIMPLE,16,0,RING,A_flag_ceiling
broadcast_perf,2,16,1048576,262144,float,none,90.79,11.55,11.55,0,90.27,11.62,11.62,0,RING,SIMPLE,16,RING,SIMPLE,16,0,RING,A_flag_ceiling
broadcast_perf,2,16,2097152,524288,float,none,102.73,20.41,20.41,0,105.29,19.92,19.92,0,RING,SIMPLE,16,RING,SIMPLE,16,0,RING,A_flag_ceiling
broadcast_perf,2,16,4194304,1048576,float,none,125.39,33.45,33.45,0,125.85,33.33,33.33,0,RING,SIMPLE,16,RING,SIMPLE,16,0,RING,A_flag_ceiling
broadcast_perf,2,16,8388608,2097152,float,none,172.14,48.73,48.73,0,172.04,48.76,48.76,0,RING,SIMPLE,16,RING,SIMPLE,16,0,RING,A_flag_ceiling
broadcast_perf,2,16,16777216,4194304,float,none,233.91,71.73,71.73,0,234.65,71.5,71.5,0,RING,SIMPLE,16,RING,SIMPLE,16,0,RING,A_flag_ceiling
broadcast_perf,2,16,33554432,8388608,float,none,351.0,95.6,95.6,0,354.52,94.65,94.65,0,RING,SIMPLE,16,RING,SIMPLE,16,0,RING,A_flag_ceiling
broadcast_perf,2,16,67108864,16777216,float,none,530.88,126.41,126.41,0,610.64,109.9,109.9,0,RING,SIMPLE,16,RING,SIMPLE,16,0,RING,A_flag_ceiling
broadcast_perf,2,16,134217728,33554432,float,none,908.88,147.67,147.67,0,909.18,147.63,147.63,0,RING,SIMPLE,16,RING,SIMPLE,16,0,RING,A_flag_ceiling
broadcast_perf,2,16,268435456,67108864,float,none,1568.19,171.18,171.18,0,1543.56,173.91,173.91,0,RING,SIMPLE,16,RING,SIMPLE,16,0,RING,A_flag_ceiling
broadcast_perf,2,16,536870912,134217728,float,none,2764.72,194.19,194.19,0,2768.07,193.95,193.95,0,RING,SIMPLE,16,RING,SIMPLE,16,0,RING,A_flag_ceiling
broadcast_perf,2,16,4096,1024,float,none,23.57,0.17,0.17,0,19.12,0.21,0.21,0,RING,LL,16,RING,LL,16,0,RING,A_flag_ceiling
broadcast_perf,2,16,8192,2048,float,none,24.89,0.33,0.33,0,26.27,0.31,0.31,0,RING,LL,16,RING,LL,16,0,RING,A_flag_ceiling
broadcast_perf,2,16,16384,4096,float,none,38.12,0.43,0.43,0,38.37,0.43,0.43,0,RING,LL,16,RING,LL,16,0,RING,A_flag_ceiling
broadcast_perf,2,16,32768,8192,float,none,39.03,0.84,0.84,0,39.82,0.82,0.82,0,RING,LL,16,RING,LL,16,0,RING,A_flag_ceiling
broadcast_perf,2,16,65536,16384,float,none,40.16,1.63,1.63,0,39.82,1.65,1.65,0,RING,LL,16,RING,LL,16,0,RING,A_flag_ceiling
broadcast_perf,2,16,131072,32768,float,none,46.64,2.81,2.81,0,45.88,2.86,2.86,0,RING,LL,16,RING,LL,16,0,RING,A_flag_ceiling
broadcast_perf,2,16,262144,65536,float,none,56.13,4.67,4.67,0,56.47,4.64,4.64,0,RING,LL,16,RING,LL,16,0,RING,A_flag_ceiling
broadcast_perf,2,16,524288,131072,float,none,65.35,8.02,8.02,0,66.0,7.94,7.94,0,RING,LL,16,RING,LL,16,0,RING,A_flag_ceiling
broadcast_perf,2,16,1048576,262144,float,none,80.86,12.97,12.97,0,80.69,13.0,13.0,0,RING,LL,16,RING,LL,16,0,RING,A_flag_ceiling
broadcast_perf,2,16,2097152,524288,float,none,107.96,19.43,19.43,0,107.91,19.43,19.43,0,RING,LL,16,RING,LL,16,0,RING,A_flag_ceiling
broadcast_perf,2,16,4194304,1048576,float,none,179.23,23.4,23.4,0,179.26,23.4,23.4,0,RING,LL,16,RING,LL,16,0,RING,A_flag_ceiling
broadcast_perf,2,16,8388608,2097152,float,none,301.62,27.81,27.81,0,299.98,27.96,27.96,0,RING,LL,16,RING,LL,16,0,RING,A_flag_ceiling
broadcast_perf,2,16,16777216,4194304,float,none,534.43,31.39,31.39,0,535.17,31.35,31.35,0,RING,LL,16,RING,LL,16,0,RING,A_flag_ceiling
broadcast_perf,2,16,33554432,8388608,float,none,1014.54,33.07,33.07,0,1011.58,33.17,33.17,0,RING,LL,16,RING,LL,16,0,RING,A_flag_ceiling
broadcast_perf,2,16,67108864,16777216,float,none,1965.61,34.14,34.14,0,1965.77,34.14,34.14,0,RING,LL,16,RING,LL,16,0,RING,A_flag_ceiling
broadcast_perf,2,16,134217728,33554432,float,none,3862.21,34.75,34.75,0,3865.89,34.72,34.72,0,RING,LL,16,RING,LL,16,0,RING,A_flag_ceiling
broadcast_perf,2,16,268435456,67108864,float,none,7677.75,34.96,34.96,0,7674.54,34.98,34.98,0,RING,LL,16,RING,LL,16,0,RING,A_flag_ceiling
broadcast_perf,2,16,536870912,134217728,float,none,15333.9,35.01,35.01,0,15321.3,35.04,35.04,0,RING,LL,16,RING,LL,16,0,RING,A_flag_ceiling
broadcast_perf,2,16,4096,1024,float,none,16.78,0.24,0.24,0,23.8,0.17,0.17,0,RING,LL128,16,RING,LL128,16,0,RING,A_flag_ceiling
broadcast_perf,2,16,8192,2048,float,none,23.1,0.35,0.35,0,22.61,0.36,0.36,0,RING,LL128,16,RING,LL128,16,0,RING,A_flag_ceiling
broadcast_perf,2,16,16384,4096,float,none,24.64,0.66,0.66,0,18.61,0.88,0.88,0,RING,LL128,16,RING,LL128,16,0,RING,A_flag_ceiling
broadcast_perf,2,16,32768,8192,float,none,32.56,1.01,1.01,0,32.21,1.02,1.02,0,RING,LL128,16,RING,LL128,16,0,RING,A_flag_ceiling
broadcast_perf,2,16,65536,16384,float,none,47.42,1.38,1.38,0,46.88,1.4,1.4,0,RING,LL128,16,RING,LL128,16,0,RING,A_flag_ceiling
broadcast_perf,2,16,131072,32768,float,none,52.53,2.5,2.5,0,51.28,2.56,2.56,0,RING,LL128,16,RING,LL128,16,0,RING,A_flag_ceiling
broadcast_perf,2,16,262144,65536,float,none,50.37,5.2,5.2,0,50.94,5.15,5.15,0,RING,LL128,16,RING,LL128,16,0,RING,A_flag_ceiling
broadcast_perf,2,16,524288,131072,float,none,57.93,9.05,9.05,0,58.57,8.95,8.95,0,RING,LL128,16,RING,LL128,16,0,RING,A_flag_ceiling
broadcast_perf,2,16,1048576,262144,float,none,85.79,12.22,12.22,0,69.88,15.01,15.01,0,RING,LL128,16,RING,LL128,16,0,RING,A_flag_ceiling
broadcast_perf,2,16,2097152,524288,float,none,84.58,24.8,24.8,0,84.56,24.8,24.8,0,RING,LL128,16,RING,LL128,16,0,RING,A_flag_ceiling
broadcast_perf,2,16,4194304,1048576,float,none,99.53,42.14,42.14,0,99.12,42.31,42.31,0,RING,LL128,16,RING,LL128,16,0,RING,A_flag_ceiling
broadcast_perf,2,16,8388608,2097152,float,none,126.7,66.21,66.21,0,126.47,66.33,66.33,0,RING,LL128,16,RING,LL128,16,0,RING,A_flag_ceiling
broadcast_perf,2,16,16777216,4194304,float,none,180.04,93.19,93.19,0,183.94,91.21,91.21,0,RING,LL128,16,RING,LL128,16,0,RING,A_flag_ceiling
broadcast_perf,2,16,33554432,8388608,float,none,288.5,116.31,116.31,0,288.76,116.2,116.2,0,RING,LL128,16,RING,LL128,16,0,RING,A_flag_ceiling
broadcast_perf,2,16,67108864,16777216,float,none,500.97,133.96,133.96,0,500.15,134.18,134.18,0,RING,LL128,16,RING,LL128,16,0,RING,A_flag_ceiling
broadcast_perf,2,16,134217728,33554432,float,none,927.43,144.72,144.72,0,928.41,144.57,144.57,0,RING,LL128,16,RING,LL128,16,0,RING,A_flag_ceiling
broadcast_perf,2,16,268435456,67108864,float,none,1785.63,150.33,150.33,0,1785.78,150.32,150.32,0,RING,LL128,16,RING,LL128,16,0,RING,A_flag_ceiling
broadcast_perf,2,16,536870912,134217728,float,none,3493.56,153.67,153.67,0,3493.57,153.67,153.67,0,RING,LL128,16,RING,LL128,16,0,RING,A_flag_ceiling
broadcast_perf,2,16,4096,1024,float,none,19.89,0.21,0.21,0,22.57,0.18,0.18,0,RING,SIMPLE,24,RING,SIMPLE,24,0,RING,A_flag_ceiling
broadcast_perf,2,16,8192,2048,float,none,23.79,0.34,0.34,0,17.56,0.47,0.47,0,RING,SIMPLE,24,RING,SIMPLE,24,0,RING,A_flag_ceiling
broadcast_perf,2,16,16384,4096,float,none,21.0,0.78,0.78,0,22.53,0.73,0.73,0,RING,SIMPLE,24,RING,SIMPLE,24,0,RING,A_flag_ceiling
broadcast_perf,2,16,32768,8192,float,none,44.35,0.74,0.74,0,43.58,0.75,0.75,0,RING,SIMPLE,24,RING,SIMPLE,24,0,RING,A_flag_ceiling
broadcast_perf,2,16,65536,16384,float,none,65.56,1.0,1.0,0,65.01,1.01,1.01,0,RING,SIMPLE,24,RING,SIMPLE,24,0,RING,A_flag_ceiling
broadcast_perf,2,16,131072,32768,float,none,68.52,1.91,1.91,0,68.96,1.9,1.9,0,RING,SIMPLE,24,RING,SIMPLE,24,0,RING,A_flag_ceiling
broadcast_perf,2,16,262144,65536,float,none,70.15,3.74,3.74,0,69.89,3.75,3.75,0,RING,SIMPLE,24,RING,SIMPLE,24,0,RING,A_flag_ceiling
broadcast_perf,2,16,524288,131072,float,none,83.42,6.29,6.29,0,83.93,6.25,6.25,0,RING,SIMPLE,24,RING,SIMPLE,24,0,RING,A_flag_ceiling
broadcast_perf,2,16,1048576,262144,float,none,97.97,10.7,10.7,0,101.81,10.3,10.3,0,RING,SIMPLE,24,RING,SIMPLE,24,0,RING,A_flag_ceiling
broadcast_perf,2,16,2097152,524288,float,none,99.77,21.02,21.02,0,99.55,21.07,21.07,0,RING,SIMPLE,24,RING,SIMPLE,24,0,RING,A_flag_ceiling
broadcast_perf,2,16,4194304,1048576,float,none,115.46,36.33,36.33,0,115.93,36.18,36.18,0,RING,SIMPLE,24,RING,SIMPLE,24,0,RING,A_flag_ceiling
broadcast_perf,2,16,8388608,2097152,float,none,146.09,57.42,57.42,0,145.71,57.57,57.57,0,RING,SIMPLE,24,RING,SIMPLE,24,0,RING,A_flag_ceiling
broadcast_perf,2,16,16777216,4194304,float,none,199.87,83.94,83.94,0,200.08,83.85,83.85,0,RING,SIMPLE,24,RING,SIMPLE,24,0,RING,A_flag_ceiling
broadcast_perf,2,16,33554432,8388608,float,none,278.13,120.64,120.64,0,277.52,120.91,120.91,0,RING,SIMPLE,24,RING,SIMPLE,24,0,RING,A_flag_ceiling
broadcast_perf,2,16,67108864,16777216,float,none,426.46,157.36,157.36,0,425.35,157.77,157.77,0,RING,SIMPLE,24,RING,SIMPLE,24,0,RING,A_flag_ceiling
broadcast_perf,2,16,134217728,33554432,float,none,673.81,199.19,199.19,0,672.88,199.47,199.47,0,RING,SIMPLE,24,RING,SIMPLE,24,0,RING,A_flag_ceiling
broadcast_perf,2,16,268435456,67108864,float,none,1143.95,234.66,234.66,0,1146.65,234.1,234.1,0,RING,SIMPLE,24,RING,SIMPLE,24,0,RING,A_flag_ceiling
broadcast_perf,2,16,536870912,134217728,float,none,1996.7,268.88,268.88,0,1996.15,268.95,268.95,0,RING,SIMPLE,24,RING,SIMPLE,24,0,RING,A_flag_ceiling
broadcast_perf,2,16,4096,1024,float,none,16.57,0.25,0.25,0,14.84,0.28,0.28,0,RING,LL,24,RING,LL,24,0,RING,A_flag_ceiling
broadcast_perf,2,16,8192,2048,float,none,37.36,0.22,0.22,0,26.06,0.31,0.31,0,RING,LL,24,RING,LL,24,0,RING,A_flag_ceiling
broadcast_perf,2,16,16384,4096,float,none,42.59,0.38,0.38,0,36.15,0.45,0.45,0,RING,LL,24,RING,LL,24,0,RING,A_flag_ceiling
broadcast_perf,2,16,32768,8192,float,none,38.58,0.85,0.85,0,38.75,0.85,0.85,0,RING,LL,24,RING,LL,24,0,RING,A_flag_ceiling
broadcast_perf,2,16,65536,16384,float,none,40.35,1.62,1.62,0,42.91,1.53,1.53,0,RING,LL,24,RING,LL,24,0,RING,A_flag_ceiling
broadcast_perf,2,16,131072,32768,float,none,46.75,2.8,2.8,0,45.87,2.86,2.86,0,RING,LL,24,RING,LL,24,0,RING,A_flag_ceiling
broadcast_perf,2,16,262144,65536,float,none,54.18,4.84,4.84,0,54.91,4.77,4.77,0,RING,LL,24,RING,LL,24,0,RING,A_flag_ceiling
broadcast_perf,2,16,524288,131072,float,none,64.8,8.09,8.09,0,69.58,7.54,7.54,0,RING,LL,24,RING,LL,24,0,RING,A_flag_ceiling
broadcast_perf,2,16,1048576,262144,float,none,76.16,13.77,13.77,0,76.51,13.71,13.71,0,RING,LL,24,RING,LL,24,0,RING,A_flag_ceiling
broadcast_perf,2,16,2097152,524288,float,none,98.46,21.3,21.3,0,100.03,20.96,20.96,0,RING,LL,24,RING,LL,24,0,RING,A_flag_ceiling
broadcast_perf,2,16,4194304,1048576,float,none,164.23,25.54,25.54,0,163.4,25.67,25.67,0,RING,LL,24,RING,LL,24,0,RING,A_flag_ceiling
broadcast_perf,2,16,8388608,2097152,float,none,272.98,30.73,30.73,0,272.33,30.8,30.8,0,RING,LL,24,RING,LL,24,0,RING,A_flag_ceiling
broadcast_perf,2,16,16777216,4194304,float,none,483.96,34.67,34.67,0,543.62,30.86,30.86,0,RING,LL,24,RING,LL,24,0,RING,A_flag_ceiling
broadcast_perf,2,16,33554432,8388608,float,none,939.28,35.72,35.72,0,935.03,35.89,35.89,0,RING,LL,24,RING,LL,24,0,RING,A_flag_ceiling
broadcast_perf,2,16,67108864,16777216,float,none,1792.94,37.43,37.43,0,1791.56,37.46,37.46,0,RING,LL,24,RING,LL,24,0,RING,A_flag_ceiling
broadcast_perf,2,16,134217728,33554432,float,none,3482.34,38.54,38.54,0,3486.79,38.49,38.49,0,RING,LL,24,RING,LL,24,0,RING,A_flag_ceiling
broadcast_perf,2,16,268435456,67108864,float,none,6840.72,39.24,39.24,0,6831.4,39.29,39.29,0,RING,LL,24,RING,LL,24,0,RING,A_flag_ceiling
broadcast_perf,2,16,536870912,134217728,float,none,13568.6,39.57,39.57,0,13400.3,40.06,40.06,0,RING,LL,24,RING,LL,24,0,RING,A_flag_ceiling
broadcast_perf,2,16,4096,1024,float,none,17.95,0.23,0.23,0,16.35,0.25,0.25,0,RING,LL128,24,RING,LL128,24,0,RING,A_flag_ceiling
broadcast_perf,2,16,8192,2048,float,none,21.45,0.38,0.38,0,19.58,0.42,0.42,0,RING,LL128,24,RING,LL128,24,0,RING,A_flag_ceiling
broadcast_perf,2,16,16384,4096,float,none,25.76,0.64,0.64,0,21.99,0.75,0.75,0,RING,LL128,24,RING,LL128,24,0,RING,A_flag_ceiling
broadcast_perf,2,16,32768,8192,float,none,32.49,1.01,1.01,0,34.91,0.94,0.94,0,RING,LL128,24,RING,LL128,24,0,RING,A_flag_ceiling
broadcast_perf,2,16,65536,16384,float,none,47.51,1.38,1.38,0,46.86,1.4,1.4,0,RING,LL128,24,RING,LL128,24,0,RING,A_flag_ceiling
broadcast_perf,2,16,131072,32768,float,none,55.26,2.37,2.37,0,49.28,2.66,2.66,0,RING,LL128,24,RING,LL128,24,0,RING,A_flag_ceiling
broadcast_perf,2,16,262144,65536,float,none,50.3,5.21,5.21,0,50.34,5.21,5.21,0,RING,LL128,24,RING,LL128,24,0,RING,A_flag_ceiling
broadcast_perf,2,16,524288,131072,float,none,57.21,9.16,9.16,0,57.56,9.11,9.11,0,RING,LL128,24,RING,LL128,24,0,RING,A_flag_ceiling
broadcast_perf,2,16,1048576,262144,float,none,68.83,15.24,15.24,0,65.91,15.91,15.91,0,RING,LL128,24,RING,LL128,24,0,RING,A_flag_ceiling
broadcast_perf,2,16,2097152,524288,float,none,87.57,23.95,23.95,0,84.25,24.89,24.89,0,RING,LL128,24,RING,LL128,24,0,RING,A_flag_ceiling
broadcast_perf,2,16,4194304,1048576,float,none,94.23,44.51,44.51,0,94.6,44.34,44.34,0,RING,LL128,24,RING,LL128,24,0,RING,A_flag_ceiling
broadcast_perf,2,16,8388608,2097152,float,none,117.52,71.38,71.38,0,117.57,71.35,71.35,0,RING,LL128,24,RING,LL128,24,0,RING,A_flag_ceiling
broadcast_perf,2,16,16777216,4194304,float,none,157.17,106.75,106.75,0,156.85,106.96,106.96,0,RING,LL128,24,RING,LL128,24,0,RING,A_flag_ceiling
broadcast_perf,2,16,33554432,8388608,float,none,234.82,142.9,142.9,0,234.16,143.29,143.29,0,RING,LL128,24,RING,LL128,24,0,RING,A_flag_ceiling
broadcast_perf,2,16,67108864,16777216,float,none,384.89,174.36,174.36,0,385.17,174.23,174.23,0,RING,LL128,24,RING,LL128,24,0,RING,A_flag_ceiling
broadcast_perf,2,16,134217728,33554432,float,none,687.49,195.23,195.23,0,687.93,195.1,195.1,0,RING,LL128,24,RING,LL128,24,0,RING,A_flag_ceiling
broadcast_perf,2,16,268435456,67108864,float,none,1291.72,207.81,207.81,0,1292.03,207.76,207.76,0,RING,LL128,24,RING,LL128,24,0,RING,A_flag_ceiling
broadcast_perf,2,16,536870912,134217728,float,none,2495.72,215.12,215.12,0,2495.05,215.17,215.17,0,RING,LL128,24,RING,LL128,24,0,RING,A_flag_ceiling
broadcast_perf,2,16,4096,1024,float,none,25.63,0.16,0.16,0,17.4,0.24,0.24,0,RING,SIMPLE,32,RING,SIMPLE,32,0,RING,A_flag_ceiling
broadcast_perf,2,16,8192,2048,float,none,21.9,0.37,0.37,0,20.54,0.4,0.4,0,RING,SIMPLE,32,RING,SIMPLE,32,0,RING,A_flag_ceiling
broadcast_perf,2,16,16384,4096,float,none,25.26,0.65,0.65,0,19.04,0.86,0.86,0,RING,SIMPLE,32,RING,SIMPLE,32,0,RING,A_flag_ceiling
broadcast_perf,2,16,32768,8192,float,none,44.49,0.74,0.74,0,43.92,0.75,0.75,0,RING,SIMPLE,32,RING,SIMPLE,32,0,RING,A_flag_ceiling
broadcast_perf,2,16,65536,16384,float,none,64.77,1.01,1.01,0,65.0,1.01,1.01,0,RING,SIMPLE,32,RING,SIMPLE,32,0,RING,A_flag_ceiling
broadcast_perf,2,16,131072,32768,float,none,68.88,1.9,1.9,0,68.46,1.91,1.91,0,RING,SIMPLE,32,RING,SIMPLE,32,0,RING,A_flag_ceiling
broadcast_perf,2,16,262144,65536,float,none,73.84,3.55,3.55,0,69.57,3.77,3.77,0,RING,SIMPLE,32,RING,SIMPLE,32,0,RING,A_flag_ceiling
broadcast_perf,2,16,524288,131072,float,none,73.18,7.16,7.16,0,73.56,7.13,7.13,0,RING,SIMPLE,32,RING,SIMPLE,32,0,RING,A_flag_ceiling
broadcast_perf,2,16,1048576,262144,float,none,87.4,12.0,12.0,0,87.68,11.96,11.96,0,RING,SIMPLE,32,RING,SIMPLE,32,0,RING,A_flag_ceiling
broadcast_perf,2,16,2097152,524288,float,none,95.6,21.94,21.94,0,95.58,21.94,21.94,0,RING,SIMPLE,32,RING,SIMPLE,32,0,RING,A_flag_ceiling
broadcast_perf,2,16,4194304,1048576,float,none,108.69,38.59,38.59,0,108.07,38.81,38.81,0,RING,SIMPLE,32,RING,SIMPLE,32,0,RING,A_flag_ceiling
broadcast_perf,2,16,8388608,2097152,float,none,133.54,62.82,62.82,0,133.22,62.97,62.97,0,RING,SIMPLE,32,RING,SIMPLE,32,0,RING,A_flag_ceiling
broadcast_perf,2,16,16777216,4194304,float,none,183.82,91.27,91.27,0,183.76,91.3,91.3,0,RING,SIMPLE,32,RING,SIMPLE,32,0,RING,A_flag_ceiling
broadcast_perf,2,16,33554432,8388608,float,none,246.13,136.33,136.33,0,245.16,136.86,136.86,0,RING,SIMPLE,32,RING,SIMPLE,32,0,RING,A_flag_ceiling
broadcast_perf,2,16,67108864,16777216,float,none,383.12,175.16,175.16,0,383.86,174.82,174.82,0,RING,SIMPLE,32,RING,SIMPLE,32,0,RING,A_flag_ceiling
broadcast_perf,2,16,134217728,33554432,float,none,577.89,232.26,232.26,0,577.96,232.23,232.23,0,RING,SIMPLE,32,RING,SIMPLE,32,0,RING,A_flag_ceiling
broadcast_perf,2,16,268435456,67108864,float,none,1045.22,256.82,256.82,0,1045.49,256.76,256.76,0,RING,SIMPLE,32,RING,SIMPLE,32,0,RING,A_flag_ceiling
broadcast_perf,2,16,536870912,134217728,float,none,1763.8,304.38,304.38,0,1761.46,304.79,304.79,0,RING,SIMPLE,32,RING,SIMPLE,32,0,RING,A_flag_ceiling
broadcast_perf,2,16,4096,1024,float,none,23.63,0.17,0.17,0,18.21,0.22,0.22,0,RING,LL,32,RING,LL,32,0,RING,A_flag_ceiling
broadcast_perf,2,16,8192,2048,float,none,25.14,0.33,0.33,0,24.78,0.33,0.33,0,RING,LL,32,RING,LL,32,0,RING,A_flag_ceiling
broadcast_perf,2,16,16384,4096,float,none,37.75,0.43,0.43,0,36.83,0.44,0.44,0,RING,LL,32,RING,LL,32,0,RING,A_flag_ceiling
broadcast_perf,2,16,32768,8192,float,none,38.46,0.85,0.85,0,38.04,0.86,0.86,0,RING,LL,32,RING,LL,32,0,RING,A_flag_ceiling
broadcast_perf,2,16,65536,16384,float,none,40.08,1.63,1.63,0,40.36,1.62,1.62,0,RING,LL,32,RING,LL,32,0,RING,A_flag_ceiling
broadcast_perf,2,16,131072,32768,float,none,44.69,2.93,2.93,0,46.01,2.85,2.85,0,RING,LL,32,RING,LL,32,0,RING,A_flag_ceiling
broadcast_perf,2,16,262144,65536,float,none,50.99,5.14,5.14,0,50.74,5.17,5.17,0,RING,LL,32,RING,LL,32,0,RING,A_flag_ceiling
broadcast_perf,2,16,524288,131072,float,none,63.11,8.31,8.31,0,62.37,8.41,8.41,0,RING,LL,32,RING,LL,32,0,RING,A_flag_ceiling
broadcast_perf,2,16,1048576,262144,float,none,73.34,14.3,14.3,0,74.12,14.15,14.15,0,RING,LL,32,RING,LL,32,0,RING,A_flag_ceiling
broadcast_perf,2,16,2097152,524288,float,none,93.57,22.41,22.41,0,93.46,22.44,22.44,0,RING,LL,32,RING,LL,32,0,RING,A_flag_ceiling
broadcast_perf,2,16,4194304,1048576,float,none,129.86,32.3,32.3,0,130.55,32.13,32.13,0,RING,LL,32,RING,LL,32,0,RING,A_flag_ceiling
broadcast_perf,2,16,8388608,2097152,float,none,236.53,35.47,35.47,0,236.35,35.49,35.49,0,RING,LL,32,RING,LL,32,0,RING,A_flag_ceiling
broadcast_perf,2,16,16777216,4194304,float,none,454.46,36.92,36.92,0,450.1,37.27,37.27,0,RING,LL,32,RING,LL,32,0,RING,A_flag_ceiling
broadcast_perf,2,16,33554432,8388608,float,none,871.12,38.52,38.52,0,868.7,38.63,38.63,0,RING,LL,32,RING,LL,32,0,RING,A_flag_ceiling
broadcast_perf,2,16,67108864,16777216,float,none,1704.67,39.37,39.37,0,1709.65,39.25,39.25,0,RING,LL,32,RING,LL,32,0,RING,A_flag_ceiling
broadcast_perf,2,16,134217728,33554432,float,none,3367.69,39.85,39.85,0,3368.42,39.85,39.85,0,RING,LL,32,RING,LL,32,0,RING,A_flag_ceiling
broadcast_perf,2,16,268435456,67108864,float,none,6713.24,39.99,39.99,0,6712.67,39.99,39.99,0,RING,LL,32,RING,LL,32,0,RING,A_flag_ceiling
broadcast_perf,2,16,536870912,134217728,float,none,13360.1,40.18,40.18,0,13368.8,40.16,40.16,0,RING,LL,32,RING,LL,32,0,RING,A_flag_ceiling
broadcast_perf,2,16,4096,1024,float,none,17.26,0.24,0.24,0,16.31,0.25,0.25,0,RING,LL128,32,RING,LL128,32,0,RING,A_flag_ceiling
broadcast_perf,2,16,8192,2048,float,none,21.41,0.38,0.38,0,20.14,0.41,0.41,0,RING,LL128,32,RING,LL128,32,0,RING,A_flag_ceiling
broadcast_perf,2,16,16384,4096,float,none,22.29,0.74,0.74,0,17.91,0.91,0.91,0,RING,LL128,32,RING,LL128,32,0,RING,A_flag_ceiling
broadcast_perf,2,16,32768,8192,float,none,32.48,1.01,1.01,0,31.83,1.03,1.03,0,RING,LL128,32,RING,LL128,32,0,RING,A_flag_ceiling
broadcast_perf,2,16,65536,16384,float,none,47.77,1.37,1.37,0,47.23,1.39,1.39,0,RING,LL128,32,RING,LL128,32,0,RING,A_flag_ceiling
broadcast_perf,2,16,131072,32768,float,none,49.94,2.62,2.62,0,49.82,2.63,2.63,0,RING,LL128,32,RING,LL128,32,0,RING,A_flag_ceiling
broadcast_perf,2,16,262144,65536,float,none,50.63,5.18,5.18,0,50.9,5.15,5.15,0,RING,LL128,32,RING,LL128,32,0,RING,A_flag_ceiling
broadcast_perf,2,16,524288,131072,float,none,53.27,9.84,9.84,0,53.49,9.8,9.8,0,RING,LL128,32,RING,LL128,32,0,RING,A_flag_ceiling
broadcast_perf,2,16,1048576,262144,float,none,62.22,16.85,16.85,0,61.42,17.07,17.07,0,RING,LL128,32,RING,LL128,32,0,RING,A_flag_ceiling
broadcast_perf,2,16,2097152,524288,float,none,75.0,27.96,27.96,0,75.03,27.95,27.95,0,RING,LL128,32,RING,LL128,32,0,RING,A_flag_ceiling
broadcast_perf,2,16,4194304,1048576,float,none,95.4,43.97,43.97,0,94.52,44.38,44.38,0,RING,LL128,32,RING,LL128,32,0,RING,A_flag_ceiling
broadcast_perf,2,16,8388608,2097152,float,none,112.52,74.55,74.55,0,113.01,74.23,74.23,0,RING,LL128,32,RING,LL128,32,0,RING,A_flag_ceiling
broadcast_perf,2,16,16777216,4194304,float,none,146.35,114.64,114.64,0,146.01,114.91,114.91,0,RING,LL128,32,RING,LL128,32,0,RING,A_flag_ceiling
broadcast_perf,2,16,33554432,8388608,float,none,208.55,160.89,160.89,0,208.17,161.19,161.19,0,RING,LL128,32,RING,LL128,32,0,RING,A_flag_ceiling
broadcast_perf,2,16,67108864,16777216,float,none,330.12,203.28,203.28,0,331.11,202.68,202.68,0,RING,LL128,32,RING,LL128,32,0,RING,A_flag_ceiling
broadcast_perf,2,16,134217728,33554432,float,none,575.65,233.16,233.16,0,629.95,213.06,213.06,0,RING,LL128,32,RING,LL128,32,0,RING,A_flag_ceiling
broadcast_perf,2,16,268435456,67108864,float,none,1060.84,253.04,253.04,0,1061.71,252.83,252.83,0,RING,LL128,32,RING,LL128,32,0,RING,A_flag_ceiling
broadcast_perf,2,16,536870912,134217728,float,none,2029.92,264.48,264.48,0,2031.47,264.28,264.28,0,RING,LL128,32,RING,LL128,32,0,RING,A_flag_ceiling
broadcast_perf,2,16,4096,1024,float,none,19.74,0.21,0.21,0,20.29,0.2,0.2,0,RING,SIMPLE,40,RING,SIMPLE,40,0,RING,A_flag_ceiling
broadcast_perf,2,16,8192,2048,float,none,25.02,0.33,0.33,0,18.15,0.45,0.45,0,RING,SIMPLE,40,RING,SIMPLE,40,0,RING,A_flag_ceiling
broadcast_perf,2,16,16384,4096,float,none,25.19,0.65,0.65,0,20.04,0.82,0.82,0,RING,SIMPLE,40,RING,SIMPLE,40,0,RING,A_flag_ceiling
broadcast_perf,2,16,32768,8192,float,none,44.45,0.74,0.74,0,44.87,0.73,0.73,0,RING,SIMPLE,40,RING,SIMPLE,40,0,RING,A_flag_ceiling
broadcast_perf,2,16,65536,16384,float,none,65.26,1.0,1.0,0,65.44,1.0,1.0,0,RING,SIMPLE,40,RING,SIMPLE,40,0,RING,A_flag_ceiling
broadcast_perf,2,16,131072,32768,float,none,68.21,1.92,1.92,0,68.4,1.92,1.92,0,RING,SIMPLE,40,RING,SIMPLE,40,0,RING,A_flag_ceiling
broadcast_perf,2,16,262144,65536,float,none,69.68,3.76,3.76,0,70.17,3.74,3.74,0,RING,SIMPLE,40,RING,SIMPLE,40,0,RING,A_flag_ceiling
broadcast_perf,2,16,524288,131072,float,none,73.92,7.09,7.09,0,73.39,7.14,7.14,0,RING,SIMPLE,40,RING,SIMPLE,40,0,RING,A_flag_ceiling
broadcast_perf,2,16,1048576,262144,float,none,88.2,11.89,11.89,0,87.98,11.92,11.92,0,RING,SIMPLE,40,RING,SIMPLE,40,0,RING,A_flag_ceiling
broadcast_perf,2,16,2097152,524288,float,none,95.49,21.96,21.96,0,96.16,21.81,21.81,0,RING,SIMPLE,40,RING,SIMPLE,40,0,RING,A_flag_ceiling
broadcast_perf,2,16,4194304,1048576,float,none,110.79,37.86,37.86,0,109.82,38.19,38.19,0,RING,SIMPLE,40,RING,SIMPLE,40,0,RING,A_flag_ceiling
broadcast_perf,2,16,8388608,2097152,float,none,132.33,63.39,63.39,0,134.43,62.4,62.4,0,RING,SIMPLE,40,RING,SIMPLE,40,0,RING,A_flag_ceiling
broadcast_perf,2,16,16777216,4194304,float,none,178.67,93.9,93.9,0,175.21,95.75,95.75,0,RING,SIMPLE,40,RING,SIMPLE,40,0,RING,A_flag_ceiling
broadcast_perf,2,16,33554432,8388608,float,none,236.94,141.62,141.62,0,235.41,142.54,142.54,0,RING,SIMPLE,40,RING,SIMPLE,40,0,RING,A_flag_ceiling
broadcast_perf,2,16,67108864,16777216,float,none,341.45,196.54,196.54,0,343.04,195.63,195.63,0,RING,SIMPLE,40,RING,SIMPLE,40,0,RING,A_flag_ceiling
broadcast_perf,2,16,134217728,33554432,float,none,573.54,234.02,234.02,0,571.49,234.85,234.85,0,RING,SIMPLE,40,RING,SIMPLE,40,0,RING,A_flag_ceiling
broadcast_perf,2,16,268435456,67108864,float,none,935.47,286.95,286.95,0,937.6,286.3,286.3,0,RING,SIMPLE,40,RING,SIMPLE,40,0,RING,A_flag_ceiling
broadcast_perf,2,16,536870912,134217728,float,none,1780.86,301.47,301.47,0,1778.24,301.91,301.91,0,RING,SIMPLE,40,RING,SIMPLE,40,0,RING,A_flag_ceiling
broadcast_perf,2,16,4096,1024,float,none,16.44,0.25,0.25,0,15.1,0.27,0.27,0,RING,LL,40,RING,LL,40,0,RING,A_flag_ceiling
broadcast_perf,2,16,8192,2048,float,none,25.15,0.33,0.33,0,24.96,0.33,0.33,0,RING,LL,40,RING,LL,40,0,RING,A_flag_ceiling
broadcast_perf,2,16,16384,4096,float,none,38.02,0.43,0.43,0,36.62,0.45,0.45,0,RING,LL,40,RING,LL,40,0,RING,A_flag_ceiling
broadcast_perf,2,16,32768,8192,float,none,38.75,0.85,0.85,0,37.99,0.86,0.86,0,RING,LL,40,RING,LL,40,0,RING,A_flag_ceiling
broadcast_perf,2,16,65536,16384,float,none,40.32,1.63,1.63,0,39.5,1.66,1.66,0,RING,LL,40,RING,LL,40,0,RING,A_flag_ceiling
broadcast_perf,2,16,131072,32768,float,none,44.18,2.97,2.97,0,43.78,2.99,2.99,0,RING,LL,40,RING,LL,40,0,RING,A_flag_ceiling
broadcast_perf,2,16,262144,65536,float,none,50.51,5.19,5.19,0,50.67,5.17,5.17,0,RING,LL,40,RING,LL,40,0,RING,A_flag_ceiling
broadcast_perf,2,16,524288,131072,float,none,62.16,8.43,8.43,0,62.29,8.42,8.42,0,RING,LL,40,RING,LL,40,0,RING,A_flag_ceiling
broadcast_perf,2,16,1048576,262144,float,none,73.77,14.21,14.21,0,73.57,14.25,14.25,0,RING,LL,40,RING,LL,40,0,RING,A_flag_ceiling
broadcast_perf,2,16,2097152,524288,float,none,95.96,21.85,21.85,0,95.05,22.06,22.06,0,RING,LL,40,RING,LL,40,0,RING,A_flag_ceiling
broadcast_perf,2,16,4194304,1048576,float,none,131.56,31.88,31.88,0,132.14,31.74,31.74,0,RING,LL,40,RING,LL,40,0,RING,A_flag_ceiling
broadcast_perf,2,16,8388608,2097152,float,none,243.76,34.41,34.41,0,240.35,34.9,34.9,0,RING,LL,40,RING,LL,40,0,RING,A_flag_ceiling
broadcast_perf,2,16,16777216,4194304,float,none,455.18,36.86,36.86,0,454.98,36.87,36.87,0,RING,LL,40,RING,LL,40,0,RING,A_flag_ceiling
broadcast_perf,2,16,33554432,8388608,float,none,857.56,39.13,39.13,0,859.22,39.05,39.05,0,RING,LL,40,RING,LL,40,0,RING,A_flag_ceiling
broadcast_perf,2,16,67108864,16777216,float,none,1651.55,40.63,40.63,0,1650.74,40.65,40.65,0,RING,LL,40,RING,LL,40,0,RING,A_flag_ceiling
broadcast_perf,2,16,134217728,33554432,float,none,3267.77,41.07,41.07,0,3259.38,41.18,41.18,0,RING,LL,40,RING,LL,40,0,RING,A_flag_ceiling
broadcast_perf,2,16,268435456,67108864,float,none,6515.05,41.2,41.2,0,6523.66,41.15,41.15,0,RING,LL,40,RING,LL,40,0,RING,A_flag_ceiling
broadcast_perf,2,16,536870912,134217728,float,none,13030.2,41.2,41.2,0,13047.3,41.15,41.15,0,RING,LL,40,RING,LL,40,0,RING,A_flag_ceiling
broadcast_perf,2,16,4096,1024,float,none,25.06,0.16,0.16,0,20.18,0.2,0.2,0,RING,LL128,40,RING,LL128,40,0,RING,A_flag_ceiling
broadcast_perf,2,16,8192,2048,float,none,22.79,0.36,0.36,0,22.38,0.37,0.37,0,RING,LL128,40,RING,LL128,40,0,RING,A_flag_ceiling
broadcast_perf,2,16,16384,4096,float,none,23.41,0.7,0.7,0,21.01,0.78,0.78,0,RING,LL128,40,RING,LL128,40,0,RING,A_flag_ceiling
broadcast_perf,2,16,32768,8192,float,none,32.45,1.01,1.01,0,32.05,1.02,1.02,0,RING,LL128,40,RING,LL128,40,0,RING,A_flag_ceiling
broadcast_perf,2,16,65536,16384,float,none,46.96,1.4,1.4,0,47.26,1.39,1.39,0,RING,LL128,40,RING,LL128,40,0,RING,A_flag_ceiling
broadcast_perf,2,16,131072,32768,float,none,49.29,2.66,2.66,0,49.76,2.63,2.63,0,RING,LL128,40,RING,LL128,40,0,RING,A_flag_ceiling
broadcast_perf,2,16,262144,65536,float,none,50.49,5.19,5.19,0,50.71,5.17,5.17,0,RING,LL128,40,RING,LL128,40,0,RING,A_flag_ceiling
broadcast_perf,2,16,524288,131072,float,none,53.11,9.87,9.87,0,58.5,8.96,8.96,0,RING,LL128,40,RING,LL128,40,0,RING,A_flag_ceiling
broadcast_perf,2,16,1048576,262144,float,none,61.78,16.97,16.97,0,62.19,16.86,16.86,0,RING,LL128,40,RING,LL128,40,0,RING,A_flag_ceiling
broadcast_perf,2,16,2097152,524288,float,none,74.74,28.06,28.06,0,74.93,27.99,27.99,0,RING,LL128,40,RING,LL128,40,0,RING,A_flag_ceiling
broadcast_perf,2,16,4194304,1048576,float,none,94.56,44.36,44.36,0,94.3,44.48,44.48,0,RING,LL128,40,RING,LL128,40,0,RING,A_flag_ceiling
broadcast_perf,2,16,8388608,2097152,float,none,116.1,72.25,72.25,0,113.04,74.21,74.21,0,RING,LL128,40,RING,LL128,40,0,RING,A_flag_ceiling
broadcast_perf,2,16,16777216,4194304,float,none,142.84,117.46,117.46,0,143.92,116.57,116.57,0,RING,LL128,40,RING,LL128,40,0,RING,A_flag_ceiling
broadcast_perf,2,16,33554432,8388608,float,none,201.19,166.78,166.78,0,199.15,168.48,168.48,0,RING,LL128,40,RING,LL128,40,0,RING,A_flag_ceiling
broadcast_perf,2,16,67108864,16777216,float,none,307.6,218.17,218.17,0,307.56,218.2,218.2,0,RING,LL128,40,RING,LL128,40,0,RING,A_flag_ceiling
broadcast_perf,2,16,134217728,33554432,float,none,523.88,256.2,256.2,0,524.96,255.67,255.67,0,RING,LL128,40,RING,LL128,40,0,RING,A_flag_ceiling
broadcast_perf,2,16,268435456,67108864,float,none,951.84,282.02,282.02,0,951.97,281.98,281.98,0,RING,LL128,40,RING,LL128,40,0,RING,A_flag_ceiling
broadcast_perf,2,16,536870912,134217728,float,none,1810.93,296.46,296.46,0,1808.0,296.94,296.94,0,RING,LL128,40,RING,LL128,40,0,RING,A_flag_ceiling
broadcast_perf,2,16,4096,1024,float,none,20.06,0.2,0.2,0,25.7,0.16,0.16,0,RING,SIMPLE,48,RING,SIMPLE,48,0,RING,A_flag_ceiling
broadcast_perf,2,16,8192,2048,float,none,24.82,0.33,0.33,0,19.74,0.42,0.42,0,RING,SIMPLE,48,RING,SIMPLE,48,0,RING,A_flag_ceiling
broadcast_perf,2,16,16384,4096,float,none,28.48,0.58,0.58,0,20.14,0.81,0.81,0,RING,SIMPLE,48,RING,SIMPLE,48,0,RING,A_flag_ceiling
broadcast_perf,2,16,32768,8192,float,none,44.1,0.74,0.74,0,43.85,0.75,0.75,0,RING,SIMPLE,48,RING,SIMPLE,48,0,RING,A_flag_ceiling
broadcast_perf,2,16,65536,16384,float,none,65.21,1.01,1.01,0,64.93,1.01,1.01,0,RING,SIMPLE,48,RING,SIMPLE,48,0,RING,A_flag_ceiling
broadcast_perf,2,16,131072,32768,float,none,68.72,1.91,1.91,0,69.23,1.89,1.89,0,RING,SIMPLE,48,RING,SIMPLE,48,0,RING,A_flag_ceiling
broadcast_perf,2,16,262144,65536,float,none,71.22,3.68,3.68,0,69.97,3.75,3.75,0,RING,SIMPLE,48,RING,SIMPLE,48,0,RING,A_flag_ceiling
broadcast_perf,2,16,524288,131072,float,none,87.25,6.01,6.01,0,75.23,6.97,6.97,0,RING,SIMPLE,48,RING,SIMPLE,48,0,RING,A_flag_ceiling
broadcast_perf,2,16,1048576,262144,float,none,87.81,11.94,11.94,0,87.91,11.93,11.93,0,RING,SIMPLE,48,RING,SIMPLE,48,0,RING,A_flag_ceiling
broadcast_perf,2,16,2097152,524288,float,none,99.64,21.05,21.05,0,99.09,21.16,21.16,0,RING,SIMPLE,48,RING,SIMPLE,48,0,RING,A_flag_ceiling
broadcast_perf,2,16,4194304,1048576,float,none,109.22,38.4,38.4,0,109.09,38.45,38.45,0,RING,SIMPLE,48,RING,SIMPLE,48,0,RING,A_flag_ceiling
broadcast_perf,2,16,8388608,2097152,float,none,134.39,62.42,62.42,0,133.97,62.61,62.61,0,RING,SIMPLE,48,RING,SIMPLE,48,0,RING,A_flag_ceiling
broadcast_perf,2,16,16777216,4194304,float,none,176.41,95.1,95.1,0,175.24,95.74,95.74,0,RING,SIMPLE,48,RING,SIMPLE,48,0,RING,A_flag_ceiling
broadcast_perf,2,16,33554432,8388608,float,none,238.39,140.76,140.76,0,237.64,141.2,141.2,0,RING,SIMPLE,48,RING,SIMPLE,48,0,RING,A_flag_ceiling
broadcast_perf,2,16,67108864,16777216,float,none,342.54,195.92,195.92,0,340.47,197.11,197.11,0,RING,SIMPLE,48,RING,SIMPLE,48,0,RING,A_flag_ceiling
broadcast_perf,2,16,134217728,33554432,float,none,583.71,229.94,229.94,0,583.08,230.19,230.19,0,RING,SIMPLE,48,RING,SIMPLE,48,0,RING,A_flag_ceiling
broadcast_perf,2,16,268435456,67108864,float,none,949.54,282.7,282.7,0,950.45,282.43,282.43,0,RING,SIMPLE,48,RING,SIMPLE,48,0,RING,A_flag_ceiling
broadcast_perf,2,16,536870912,134217728,float,none,1808.87,296.8,296.8,0,1810.66,296.51,296.51,0,RING,SIMPLE,48,RING,SIMPLE,48,0,RING,A_flag_ceiling
broadcast_perf,2,16,4096,1024,float,none,17.44,0.23,0.23,0,15.12,0.27,0.27,0,RING,LL,48,RING,LL,48,0,RING,A_flag_ceiling
broadcast_perf,2,16,8192,2048,float,none,25.48,0.32,0.32,0,25.33,0.32,0.32,0,RING,LL,48,RING,LL,48,0,RING,A_flag_ceiling
broadcast_perf,2,16,16384,4096,float,none,37.7,0.43,0.43,0,36.28,0.45,0.45,0,RING,LL,48,RING,LL,48,0,RING,A_flag_ceiling
broadcast_perf,2,16,32768,8192,float,none,38.89,0.84,0.84,0,38.43,0.85,0.85,0,RING,LL,48,RING,LL,48,0,RING,A_flag_ceiling
broadcast_perf,2,16,65536,16384,float,none,39.97,1.64,1.64,0,39.82,1.65,1.65,0,RING,LL,48,RING,LL,48,0,RING,A_flag_ceiling
broadcast_perf,2,16,131072,32768,float,none,43.49,3.01,3.01,0,43.91,2.99,2.99,0,RING,LL,48,RING,LL,48,0,RING,A_flag_ceiling
broadcast_perf,2,16,262144,65536,float,none,51.78,5.06,5.06,0,51.44,5.1,5.1,0,RING,LL,48,RING,LL,48,0,RING,A_flag_ceiling
broadcast_perf,2,16,524288,131072,float,none,61.97,8.46,8.46,0,61.8,8.48,8.48,0,RING,LL,48,RING,LL,48,0,RING,A_flag_ceiling
broadcast_perf,2,16,1048576,262144,float,none,77.4,13.55,13.55,0,78.5,13.36,13.36,0,RING,LL,48,RING,LL,48,0,RING,A_flag_ceiling
broadcast_perf,2,16,2097152,524288,float,none,100.24,20.92,20.92,0,100.79,20.81,20.81,0,RING,LL,48,RING,LL,48,0,RING,A_flag_ceiling
broadcast_perf,2,16,4194304,1048576,float,none,143.43,29.24,29.24,0,143.69,29.19,29.19,0,RING,LL,48,RING,LL,48,0,RING,A_flag_ceiling
broadcast_perf,2,16,8388608,2097152,float,none,262.6,31.94,31.94,0,262.62,31.94,31.94,0,RING,LL,48,RING,LL,48,0,RING,A_flag_ceiling
broadcast_perf,2,16,16777216,4194304,float,none,465.43,36.05,36.05,0,466.55,35.96,35.96,0,RING,LL,48,RING,LL,48,0,RING,A_flag_ceiling
broadcast_perf,2,16,33554432,8388608,float,none,909.2,36.91,36.91,0,890.44,37.68,37.68,0,RING,LL,48,RING,LL,48,0,RING,A_flag_ceiling
broadcast_perf,2,16,67108864,16777216,float,none,1673.71,40.1,40.1,0,1608.91,41.71,41.71,0,RING,LL,48,RING,LL,48,0,RING,A_flag_ceiling
broadcast_perf,2,16,134217728,33554432,float,none,3190.66,42.07,42.07,0,3188.5,42.09,42.09,0,RING,LL,48,RING,LL,48,0,RING,A_flag_ceiling
broadcast_perf,2,16,268435456,67108864,float,none,6319.06,42.48,42.48,0,6305.79,42.57,42.57,0,RING,LL,48,RING,LL,48,0,RING,A_flag_ceiling
broadcast_perf,2,16,536870912,134217728,float,none,12648.2,42.45,42.45,0,12579.6,42.68,42.68,0,RING,LL,48,RING,LL,48,0,RING,A_flag_ceiling
broadcast_perf,2,16,4096,1024,float,none,18.74,0.22,0.22,0,16.88,0.24,0.24,0,RING,LL128,48,RING,LL128,48,0,RING,A_flag_ceiling
broadcast_perf,2,16,8192,2048,float,none,21.93,0.37,0.37,0,22.73,0.36,0.36,0,RING,LL128,48,RING,LL128,48,0,RING,A_flag_ceiling
broadcast_perf,2,16,16384,4096,float,none,22.65,0.72,0.72,0,21.9,0.75,0.75,0,RING,LL128,48,RING,LL128,48,0,RING,A_flag_ceiling
broadcast_perf,2,16,32768,8192,float,none,32.41,1.01,1.01,0,32.39,1.01,1.01,0,RING,LL128,48,RING,LL128,48,0,RING,A_flag_ceiling
broadcast_perf,2,16,65536,16384,float,none,47.84,1.37,1.37,0,47.42,1.38,1.38,0,RING,LL128,48,RING,LL128,48,0,RING,A_flag_ceiling
broadcast_perf,2,16,131072,32768,float,none,56.93,2.3,2.3,0,50.12,2.62,2.62,0,RING,LL128,48,RING,LL128,48,0,RING,A_flag_ceiling
broadcast_perf,2,16,262144,65536,float,none,57.1,4.59,4.59,0,51.13,5.13,5.13,0,RING,LL128,48,RING,LL128,48,0,RING,A_flag_ceiling
broadcast_perf,2,16,524288,131072,float,none,56.31,9.31,9.31,0,53.89,9.73,9.73,0,RING,LL128,48,RING,LL128,48,0,RING,A_flag_ceiling
broadcast_perf,2,16,1048576,262144,float,none,61.33,17.1,17.1,0,62.02,16.91,16.91,0,RING,LL128,48,RING,LL128,48,0,RING,A_flag_ceiling
broadcast_perf,2,16,2097152,524288,float,none,72.7,28.84,28.84,0,72.66,28.86,28.86,0,RING,LL128,48,RING,LL128,48,0,RING,A_flag_ceiling
broadcast_perf,2,16,4194304,1048576,float,none,96.02,43.68,43.68,0,95.4,43.97,43.97,0,RING,LL128,48,RING,LL128,48,0,RING,A_flag_ceiling
broadcast_perf,2,16,8388608,2097152,float,none,112.06,74.86,74.86,0,111.18,75.45,75.45,0,RING,LL128,48,RING,LL128,48,0,RING,A_flag_ceiling
broadcast_perf,2,16,16777216,4194304,float,none,149.59,112.15,112.15,0,145.41,115.38,115.38,0,RING,LL128,48,RING,LL128,48,0,RING,A_flag_ceiling
broadcast_perf,2,16,33554432,8388608,float,none,201.54,166.49,166.49,0,199.21,168.44,168.44,0,RING,LL128,48,RING,LL128,48,0,RING,A_flag_ceiling
broadcast_perf,2,16,67108864,16777216,float,none,307.3,218.38,218.38,0,306.07,219.26,219.26,0,RING,LL128,48,RING,LL128,48,0,RING,A_flag_ceiling
broadcast_perf,2,16,134217728,33554432,float,none,514.19,261.03,261.03,0,514.74,260.75,260.75,0,RING,LL128,48,RING,LL128,48,0,RING,A_flag_ceiling
broadcast_perf,2,16,268435456,67108864,float,none,934.32,287.31,287.31,0,937.65,286.28,286.28,0,RING,LL128,48,RING,LL128,48,0,RING,A_flag_ceiling
broadcast_perf,2,16,536870912,134217728,float,none,1765.96,304.01,304.01,0,1770.84,303.17,303.17,0,RING,LL128,48,RING,LL128,48,0,RING,A_flag_ceiling
