collective,num_nodes,num_gpus,size_bytes,count,data_type,redop,time_oop_us,algbw_oop,busbw_oop,errors_oop,time_ip_us,algbw_ip,busbw_ip,errors_ip,algo,proto,nchannels,requested_algo,requested_proto,requested_nchannels,substituted,measured_algo_raw,nchannels_source
broadcast_perf,3,24,4096,1024,float,none,35.76,0.11,0.11,0,32.16,0.13,0.13,0,RING,SIMPLE,1,RING,SIMPLE,1,0,RING,A_flag_ceiling
broadcast_perf,3,24,8192,2048,float,none,31.46,0.26,0.26,0,31.53,0.26,0.26,0,RING,SIMPLE,1,RING,SIMPLE,1,0,RING,A_flag_ceiling
broadcast_perf,3,24,16384,4096,float,none,31.64,0.52,0.52,0,31.24,0.52,0.52,0,RING,SIMPLE,1,RING,SIMPLE,1,0,RING,A_flag_ceiling
broadcast_perf,3,24,32768,8192,float,none,34.0,0.96,0.96,0,34.32,0.95,0.95,0,RING,SIMPLE,1,RING,SIMPLE,1,0,RING,A_flag_ceiling
broadcast_perf,3,24,65536,16384,float,none,37.94,1.73,1.73,0,38.52,1.7,1.7,0,RING,SIMPLE,1,RING,SIMPLE,1,0,RING,A_flag_ceiling
broadcast_perf,3,24,131072,32768,float,none,50.34,2.6,2.6,0,49.72,2.64,2.64,0,RING,SIMPLE,1,RING,SIMPLE,1,0,RING,A_flag_ceiling
broadcast_perf,3,24,262144,65536,float,none,68.65,3.82,3.82,0,68.16,3.85,3.85,0,RING,SIMPLE,1,RING,SIMPLE,1,0,RING,A_flag_ceiling
broadcast_perf,3,24,524288,131072,float,none,85.1,6.16,6.16,0,86.89,6.03,6.03,0,RING,SIMPLE,1,RING,SIMPLE,1,0,RING,A_flag_ceiling
broadcast_perf,3,24,1048576,262144,float,none,138.25,7.58,7.58,0,143.53,7.31,7.31,0,RING,SIMPLE,1,RING,SIMPLE,1,0,RING,A_flag_ceiling
broadcast_perf,3,24,2097152,524288,float,none,203.71,10.29,10.29,0,206.06,10.18,10.18,0,RING,SIMPLE,1,RING,SIMPLE,1,0,RING,A_flag_ceiling
broadcast_perf,3,24,4194304,1048576,float,none,372.72,11.25,11.25,0,376.51,11.14,11.14,0,RING,SIMPLE,1,RING,SIMPLE,1,0,RING,A_flag_ceiling
broadcast_perf,3,24,8388608,2097152,float,none,633.2,13.25,13.25,0,630.01,13.32,13.32,0,RING,SIMPLE,1,RING,SIMPLE,1,0,RING,A_flag_ceiling
broadcast_perf,3,24,16777216,4194304,float,none,1264.37,13.27,13.27,0,1263.64,13.28,13.28,0,RING,SIMPLE,1,RING,SIMPLE,1,0,RING,A_flag_ceiling
broadcast_perf,3,24,33554432,8388608,float,none,2437.33,13.77,13.77,0,2454.32,13.67,13.67,0,RING,SIMPLE,1,RING,SIMPLE,1,0,RING,A_flag_ceiling
broadcast_perf,3,24,67108864,16777216,float,none,4910.99,13.67,13.67,0,4926.68,13.62,13.62,0,RING,SIMPLE,1,RING,SIMPLE,1,0,RING,A_flag_ceiling
broadcast_perf,3,24,134217728,33554432,float,none,9917.04,13.53,13.53,0,9910.01,13.54,13.54,0,RING,SIMPLE,1,RING,SIMPLE,1,0,RING,A_flag_ceiling
broadcast_perf,3,24,268435456,67108864,float,none,19845.8,13.53,13.53,0,19814.7,13.55,13.55,0,RING,SIMPLE,1,RING,SIMPLE,1,0,RING,A_flag_ceiling
broadcast_perf,3,24,536870912,134217728,float,none,39787.0,13.49,13.49,0,39685.8,13.53,13.53,0,RING,SIMPLE,1,RING,SIMPLE,1,0,RING,A_flag_ceiling
broadcast_perf,3,24,4096,1024,float,none,31.5,0.13,0.13,0,28.85,0.14,0.14,0,RING,LL,1,RING,LL,1,0,RING,A_flag_ceiling
broadcast_perf,3,24,8192,2048,float,none,28.98,0.28,0.28,0,28.84,0.28,0.28,0,RING,LL,1,RING,LL,1,0,RING,A_flag_ceiling
broadcast_perf,3,24,16384,4096,float,none,33.26,0.49,0.49,0,31.28,0.52,0.52,0,RING,LL,1,RING,LL,1,0,RING,A_flag_ceiling
broadcast_perf,3,24,32768,8192,float,none,37.84,0.87,0.87,0,36.93,0.89,0.89,0,RING,LL,1,RING,LL,1,0,RING,A_flag_ceiling
broadcast_perf,3,24,65536,16384,float,none,48.98,1.34,1.34,0,50.52,1.3,1.3,0,RING,LL,1,RING,LL,1,0,RING,A_flag_ceiling
broadcast_perf,3,24,131072,32768,float,none,75.05,1.75,1.75,0,74.96,1.75,1.75,0,RING,LL,1,RING,LL,1,0,RING,A_flag_ceiling
broadcast_perf,3,24,262144,65536,float,none,132.38,1.98,1.98,0,133.27,1.97,1.97,0,RING,LL,1,RING,LL,1,0,RING,A_flag_ceiling
broadcast_perf,3,24,524288,131072,float,none,253.26,2.07,2.07,0,256.21,2.05,2.05,0,RING,LL,1,RING,LL,1,0,RING,A_flag_ceiling
broadcast_perf,3,24,1048576,262144,float,none,493.98,2.12,2.12,0,489.07,2.14,2.14,0,RING,LL,1,RING,LL,1,0,RING,A_flag_ceiling
broadcast_perf,3,24,2097152,524288,float,none,966.22,2.17,2.17,0,957.75,2.19,2.19,0,RING,LL,1,RING,LL,1,0,RING,A_flag_ceiling
broadcast_perf,3,24,4194304,1048576,float,none,1925.04,2.18,2.18,0,1923.65,2.18,2.18,0,RING,LL,1,RING,LL,1,0,RING,A_flag_ceiling
broadcast_perf,3,24,8388608,2097152,float,none,3884.9,2.16,2.16,0,3895.9,2.15,2.15,0,RING,LL,1,RING,LL,1,0,RING,A_flag_ceiling
broadcast_perf,3,24,16777216,4194304,float,none,7829.65,2.14,2.14,0,7816.11,2.15,2.15,0,RING,LL,1,RING,LL,1,0,RING,A_flag_ceiling
broadcast_perf,3,24,33554432,8388608,float,none,15769.8,2.13,2.13,0,15589.2,2.15,2.15,0,RING,LL,1,RING,LL,1,0,RING,A_flag_ceiling
broadcast_perf,3,24,67108864,16777216,float,none,31387.1,2.14,2.14,0,31356.2,2.14,2.14,0,RING,LL,1,RING,LL,1,0,RING,A_flag_ceiling
broadcast_perf,3,24,134217728,33554432,float,none,62499.4,2.15,2.15,0,62533.7,2.15,2.15,0,RING,LL,1,RING,LL,1,0,RING,A_flag_ceiling
broadcast_perf,3,24,268435456,67108864,float,none,125187.0,2.14,2.14,0,124849.0,2.15,2.15,0,RING,LL,1,RING,LL,1,0,RING,A_flag_ceiling
broadcast_perf,3,24,536870912,134217728,float,none,249476.0,2.15,2.15,0,248990.0,2.16,2.16,0,RING,LL,1,RING,LL,1,0,RING,A_flag_ceiling
broadcast_perf,3,24,4096,1024,float,none,33.36,0.12,0.12,0,31.72,0.13,0.13,0,RING,LL128,1,RING,LL128,1,0,RING,A_flag_ceiling
broadcast_perf,3,24,8192,2048,float,none,34.88,0.23,0.23,0,34.58,0.24,0.24,0,RING,LL128,1,RING,LL128,1,0,RING,A_flag_ceiling
broadcast_perf,3,24,16384,4096,float,none,31.63,0.52,0.52,0,31.43,0.52,0.52,0,RING,LL128,1,RING,LL128,1,0,RING,A_flag_ceiling
broadcast_perf,3,24,32768,8192,float,none,38.87,0.84,0.84,0,30.53,1.07,1.07,0,RING,LL128,1,RING,LL128,1,0,RING,A_flag_ceiling
broadcast_perf,3,24,65536,16384,float,none,37.7,1.74,1.74,0,34.81,1.88,1.88,0,RING,LL128,1,RING,LL128,1,0,RING,A_flag_ceiling
broadcast_perf,3,24,131072,32768,float,none,44.8,2.93,2.93,0,43.69,3.0,3.0,0,RING,LL128,1,RING,LL128,1,0,RING,A_flag_ceiling
broadcast_perf,3,24,262144,65536,float,none,55.39,4.73,4.73,0,61.89,4.24,4.24,0,RING,LL128,1,RING,LL128,1,0,RING,A_flag_ceiling
broadcast_perf,3,24,524288,131072,float,none,80.7,6.5,6.5,0,79.1,6.63,6.63,0,RING,LL128,1,RING,LL128,1,0,RING,A_flag_ceiling
broadcast_perf,3,24,1048576,262144,float,none,142.31,7.37,7.37,0,129.72,8.08,8.08,0,RING,LL128,1,RING,LL128,1,0,RING,A_flag_ceiling
broadcast_perf,3,24,2097152,524288,float,none,235.16,8.92,8.92,0,234.82,8.93,8.93,0,RING,LL128,1,RING,LL128,1,0,RING,A_flag_ceiling
broadcast_perf,3,24,4194304,1048576,float,none,467.61,8.97,8.97,0,468.06,8.96,8.96,0,RING,LL128,1,RING,LL128,1,0,RING,A_flag_ceiling
broadcast_perf,3,24,8388608,2097152,float,none,922.17,9.1,9.1,0,913.05,9.19,9.19,0,RING,LL128,1,RING,LL128,1,0,RING,A_flag_ceiling
broadcast_perf,3,24,16777216,4194304,float,none,1824.9,9.19,9.19,0,1833.29,9.15,9.15,0,RING,LL128,1,RING,LL128,1,0,RING,A_flag_ceiling
broadcast_perf,3,24,33554432,8388608,float,none,3666.92,9.15,9.15,0,3669.18,9.14,9.14,0,RING,LL128,1,RING,LL128,1,0,RING,A_flag_ceiling
broadcast_perf,3,24,67108864,16777216,float,none,7369.15,9.11,9.11,0,7340.96,9.14,9.14,0,RING,LL128,1,RING,LL128,1,0,RING,A_flag_ceiling
broadcast_perf,3,24,134217728,33554432,float,none,14696.4,9.13,9.13,0,14783.3,9.08,9.08,0,RING,LL128,1,RING,LL128,1,0,RING,A_flag_ceiling
broadcast_perf,3,24,268435456,67108864,float,none,29523.8,9.09,9.09,0,29504.0,9.1,9.1,0,RING,LL128,1,RING,LL128,1,0,RING,A_flag_ceiling
broadcast_perf,3,24,536870912,134217728,float,none,59066.0,9.09,9.09,0,58821.4,9.13,9.13,0,RING,LL128,1,RING,LL128,1,0,RING,A_flag_ceiling
broadcast_perf,3,24,4096,1024,float,none,37.39,0.11,0.11,0,31.75,0.13,0.13,0,RING,SIMPLE,2,RING,SIMPLE,2,0,RING,A_flag_ceiling
broadcast_perf,3,24,8192,2048,float,none,35.45,0.23,0.23,0,32.16,0.25,0.25,0,RING,SIMPLE,2,RING,SIMPLE,2,0,RING,A_flag_ceiling
broadcast_perf,3,24,16384,4096,float,none,32.61,0.5,0.5,0,33.13,0.49,0.49,0,RING,SIMPLE,2,RING,SIMPLE,2,0,RING,A_flag_ceiling
broadcast_perf,3,24,32768,8192,float,none,91.12,0.36,0.36,0,92.37,0.35,0.35,0,RING,SIMPLE,2,RING,SIMPLE,2,0,RING,A_flag_ceiling
broadcast_perf,3,24,65536,16384,float,none,103.24,0.63,0.63,0,101.15,0.65,0.65,0,RING,SIMPLE,2,RING,SIMPLE,2,0,RING,A_flag_ceiling
broadcast_perf,3,24,131072,32768,float,none,106.72,1.23,1.23,0,105.67,1.24,1.24,0,RING,SIMPLE,2,RING,SIMPLE,2,0,RING,A_flag_ceiling
broadcast_perf,3,24,262144,65536,float,none,133.6,1.96,1.96,0,118.79,2.21,2.21,0,RING,SIMPLE,2,RING,SIMPLE,2,0,RING,A_flag_ceiling
broadcast_perf,3,24,524288,131072,float,none,139.6,3.76,3.76,0,133.8,3.92,3.92,0,RING,SIMPLE,2,RING,SIMPLE,2,0,RING,A_flag_ceiling
broadcast_perf,3,24,1048576,262144,float,none,192.82,5.44,5.44,0,183.13,5.73,5.73,0,RING,SIMPLE,2,RING,SIMPLE,2,0,RING,A_flag_ceiling
broadcast_perf,3,24,2097152,524288,float,none,237.71,8.82,8.82,0,243.23,8.62,8.62,0,RING,SIMPLE,2,RING,SIMPLE,2,0,RING,A_flag_ceiling
broadcast_perf,3,24,4194304,1048576,float,none,356.79,11.76,11.76,0,357.93,11.72,11.72,0,RING,SIMPLE,2,RING,SIMPLE,2,0,RING,A_flag_ceiling
broadcast_perf,3,24,8388608,2097152,float,none,529.91,15.83,15.83,0,526.66,15.93,15.93,0,RING,SIMPLE,2,RING,SIMPLE,2,0,RING,A_flag_ceiling
broadcast_perf,3,24,16777216,4194304,float,none,903.28,18.57,18.57,0,896.6,18.71,18.71,0,RING,SIMPLE,2,RING,SIMPLE,2,0,RING,A_flag_ceiling
broadcast_perf,3,24,33554432,8388608,float,none,1538.22,21.81,21.81,0,1519.71,22.08,22.08,0,RING,SIMPLE,2,RING,SIMPLE,2,0,RING,A_flag_ceiling
broadcast_perf,3,24,67108864,16777216,float,none,2893.62,23.19,23.19,0,2892.18,23.2,23.2,0,RING,SIMPLE,2,RING,SIMPLE,2,0,RING,A_flag_ceiling
broadcast_perf,3,24,134217728,33554432,float,none,5307.67,25.29,25.29,0,5325.73,25.2,25.2,0,RING,SIMPLE,2,RING,SIMPLE,2,0,RING,A_flag_ceiling
broadcast_perf,3,24,268435456,67108864,float,none,10150.0,26.45,26.45,0,10155.5,26.43,26.43,0,RING,SIMPLE,2,RING,SIMPLE,2,0,RING,A_flag_ceiling
broadcast_perf,3,24,536870912,134217728,float,none,20060.7,26.76,26.76,0,20084.3,26.73,26.73,0,RING,SIMPLE,2,RING,SIMPLE,2,0,RING,A_flag_ceiling
broadcast_perf,3,24,4096,1024,float,none,31.35,0.13,0.13,0,30.57,0.13,0.13,0,RING,LL,2,RING,LL,2,0,RING,A_flag_ceiling
broadcast_perf,3,24,8192,2048,float,none,53.97,0.15,0.15,0,54.83,0.15,0.15,0,RING,LL,2,RING,LL,2,0,RING,A_flag_ceiling
broadcast_perf,3,24,16384,4096,float,none,60.05,0.27,0.27,0,63.32,0.26,0.26,0,RING,LL,2,RING,LL,2,0,RING,A_flag_ceiling
broadcast_perf,3,24,32768,8192,float,none,70.77,0.46,0.46,0,71.79,0.46,0.46,0,RING,LL,2,RING,LL,2,0,RING,A_flag_ceiling
broadcast_perf,3,24,65536,16384,float,none,89.49,0.73,0.73,0,74.48,0.88,0.88,0,RING,LL,2,RING,LL,2,0,RING,A_flag_ceiling
broadcast_perf,3,24,131072,32768,float,none,91.83,1.43,1.43,0,105.74,1.24,1.24,0,RING,LL,2,RING,LL,2,0,RING,A_flag_ceiling
broadcast_perf,3,24,262144,65536,float,none,115.69,2.27,2.27,0,114.0,2.3,2.3,0,RING,LL,2,RING,LL,2,0,RING,A_flag_ceiling
broadcast_perf,3,24,524288,131072,float,none,194.95,2.69,2.69,0,183.74,2.85,2.85,0,RING,LL,2,RING,LL,2,0,RING,A_flag_ceiling
broadcast_perf,3,24,1048576,262144,float,none,296.19,3.54,3.54,0,292.07,3.59,3.59,0,RING,LL,2,RING,LL,2,0,RING,A_flag_ceiling
broadcast_perf,3,24,2097152,524288,float,none,518.66,4.04,4.04,0,519.68,4.04,4.04,0,RING,LL,2,RING,LL,2,0,RING,A_flag_ceiling
broadcast_perf,3,24,4194304,1048576,float,none,986.64,4.25,4.25,0,980.39,4.28,4.28,0,RING,LL,2,RING,LL,2,0,RING,A_flag_ceiling
broadcast_perf,3,24,8388608,2097152,float,none,1924.94,4.36,4.36,0,1957.74,4.28,4.28,0,RING,LL,2,RING,LL,2,0,RING,A_flag_ceiling
broadcast_perf,3,24,16777216,4194304,float,none,3868.86,4.34,4.34,0,3881.79,4.32,4.32,0,RING,LL,2,RING,LL,2,0,RING,A_flag_ceiling
broadcast_perf,3,24,33554432,8388608,float,none,7837.71,4.28,4.28,0,7846.96,4.28,4.28,0,RING,LL,2,RING,LL,2,0,RING,A_flag_ceiling
broadcast_perf,3,24,67108864,16777216,float,none,15725.5,4.27,4.27,0,15670.7,4.28,4.28,0,RING,LL,2,RING,LL,2,0,RING,A_flag_ceiling
broadcast_perf,3,24,134217728,33554432,float,none,31362.5,4.28,4.28,0,31436.7,4.27,4.27,0,RING,LL,2,RING,LL,2,0,RING,A_flag_ceiling
broadcast_perf,3,24,268435456,67108864,float,none,62779.7,4.28,4.28,0,63168.4,4.25,4.25,0,RING,LL,2,RING,LL,2,0,RING,A_flag_ceiling
broadcast_perf,3,24,536870912,134217728,float,none,126594.0,4.24,4.24,0,126012.0,4.26,4.26,0,RING,LL,2,RING,LL,2,0,RING,A_flag_ceiling
broadcast_perf,3,24,4096,1024,float,none,34.49,0.12,0.12,0,33.91,0.12,0.12,0,RING,LL128,2,RING,LL128,2,0,RING,A_flag_ceiling
broadcast_perf,3,24,8192,2048,float,none,32.48,0.25,0.25,0,32.58,0.25,0.25,0,RING,LL128,2,RING,LL128,2,0,RING,A_flag_ceiling
broadcast_perf,3,24,16384,4096,float,none,34.9,0.47,0.47,0,33.67,0.49,0.49,0,RING,LL128,2,RING,LL128,2,0,RING,A_flag_ceiling
broadcast_perf,3,24,32768,8192,float,none,67.96,0.48,0.48,0,88.53,0.37,0.37,0,RING,LL128,2,RING,LL128,2,0,RING,A_flag_ceiling
broadcast_perf,3,24,65536,16384,float,none,111.34,0.59,0.59,0,90.22,0.73,0.73,0,RING,LL128,2,RING,LL128,2,0,RING,A_flag_ceiling
broadcast_perf,3,24,131072,32768,float,none,84.18,1.56,1.56,0,107.41,1.22,1.22,0,RING,LL128,2,RING,LL128,2,0,RING,A_flag_ceiling
broadcast_perf,3,24,262144,65536,float,none,99.55,2.63,2.63,0,101.38,2.59,2.59,0,RING,LL128,2,RING,LL128,2,0,RING,A_flag_ceiling
broadcast_perf,3,24,524288,131072,float,none,112.52,4.66,4.66,0,117.61,4.46,4.46,0,RING,LL128,2,RING,LL128,2,0,RING,A_flag_ceiling
broadcast_perf,3,24,1048576,262144,float,none,148.24,7.07,7.07,0,142.86,7.34,7.34,0,RING,LL128,2,RING,LL128,2,0,RING,A_flag_ceiling
broadcast_perf,3,24,2097152,524288,float,none,197.57,10.61,10.61,0,197.82,10.6,10.6,0,RING,LL128,2,RING,LL128,2,0,RING,A_flag_ceiling
broadcast_perf,3,24,4194304,1048576,float,none,307.4,13.64,13.64,0,311.98,13.44,13.44,0,RING,LL128,2,RING,LL128,2,0,RING,A_flag_ceiling
broadcast_perf,3,24,8388608,2097152,float,none,514.64,16.3,16.3,0,509.49,16.46,16.46,0,RING,LL128,2,RING,LL128,2,0,RING,A_flag_ceiling
broadcast_perf,3,24,16777216,4194304,float,none,977.93,17.16,17.16,0,1013.8,16.55,16.55,0,RING,LL128,2,RING,LL128,2,0,RING,A_flag_ceiling
broadcast_perf,3,24,33554432,8388608,float,none,1917.74,17.5,17.5,0,1927.89,17.4,17.4,0,RING,LL128,2,RING,LL128,2,0,RING,A_flag_ceiling
broadcast_perf,3,24,67108864,16777216,float,none,3781.56,17.75,17.75,0,3780.7,17.75,17.75,0,RING,LL128,2,RING,LL128,2,0,RING,A_flag_ceiling
broadcast_perf,3,24,134217728,33554432,float,none,7551.52,17.77,17.77,0,7548.51,17.78,17.78,0,RING,LL128,2,RING,LL128,2,0,RING,A_flag_ceiling
broadcast_perf,3,24,268435456,67108864,float,none,15122.3,17.75,17.75,0,15145.8,17.72,17.72,0,RING,LL128,2,RING,LL128,2,0,RING,A_flag_ceiling
broadcast_perf,3,24,536870912,134217728,float,none,30331.9,17.7,17.7,0,30339.3,17.7,17.7,0,RING,LL128,2,RING,LL128,2,0,RING,A_flag_ceiling
broadcast_perf,3,24,4096,1024,float,none,36.42,0.11,0.11,0,34.99,0.12,0.12,0,RING,SIMPLE,4,RING,SIMPLE,4,0,RING,A_flag_ceiling
broadcast_perf,3,24,8192,2048,float,none,38.22,0.21,0.21,0,37.08,0.22,0.22,0,RING,SIMPLE,4,RING,SIMPLE,4,0,RING,A_flag_ceiling
broadcast_perf,3,24,16384,4096,float,none,38.98,0.42,0.42,0,39.99,0.41,0.41,0,RING,SIMPLE,4,RING,SIMPLE,4,0,RING,A_flag_ceiling
broadcast_perf,3,24,32768,8192,float,none,97.56,0.34,0.34,0,92.0,0.36,0.36,0,RING,SIMPLE,4,RING,SIMPLE,4,0,RING,A_flag_ceiling
broadcast_perf,3,24,65536,16384,float,none,123.07,0.53,0.53,0,122.28,0.54,0.54,0,RING,SIMPLE,4,RING,SIMPLE,4,0,RING,A_flag_ceiling
broadcast_perf,3,24,131072,32768,float,none,140.1,0.94,0.94,0,153.8,0.85,0.85,0,RING,SIMPLE,4,RING,SIMPLE,4,0,RING,A_flag_ceiling
broadcast_perf,3,24,262144,65536,float,none,163.39,1.6,1.6,0,150.98,1.74,1.74,0,RING,SIMPLE,4,RING,SIMPLE,4,0,RING,A_flag_ceiling
broadcast_perf,3,24,524288,131072,float,none,163.05,3.22,3.22,0,169.92,3.09,3.09,0,RING,SIMPLE,4,RING,SIMPLE,4,0,RING,A_flag_ceiling
broadcast_perf,3,24,1048576,262144,float,none,182.58,5.74,5.74,0,178.36,5.88,5.88,0,RING,SIMPLE,4,RING,SIMPLE,4,0,RING,A_flag_ceiling
broadcast_perf,3,24,2097152,524288,float,none,240.24,8.73,8.73,0,239.87,8.74,8.74,0,RING,SIMPLE,4,RING,SIMPLE,4,0,RING,A_flag_ceiling
broadcast_perf,3,24,4194304,1048576,float,none,300.64,13.95,13.95,0,306.26,13.7,13.7,0,RING,SIMPLE,4,RING,SIMPLE,4,0,RING,A_flag_ceiling
broadcast_perf,3,24,8388608,2097152,float,none,457.74,18.33,18.33,0,455.77,18.41,18.41,0,RING,SIMPLE,4,RING,SIMPLE,4,0,RING,A_flag_ceiling
broadcast_perf,3,24,16777216,4194304,float,none,652.05,25.73,25.73,0,642.55,26.11,26.11,0,RING,SIMPLE,4,RING,SIMPLE,4,0,RING,A_flag_ceiling
broadcast_perf,3,24,33554432,8388608,float,none,1085.08,30.92,30.92,0,1086.52,30.88,30.88,0,RING,SIMPLE,4,RING,SIMPLE,4,0,RING,A_flag_ceiling
broadcast_perf,3,24,67108864,16777216,float,none,1762.87,38.07,38.07,0,1782.31,37.65,37.65,0,RING,SIMPLE,4,RING,SIMPLE,4,0,RING,A_flag_ceiling
broadcast_perf,3,24,134217728,33554432,float,none,3286.94,40.83,40.83,0,3322.68,40.39,40.39,0,RING,SIMPLE,4,RING,SIMPLE,4,0,RING,A_flag_ceiling
broadcast_perf,3,24,268435456,67108864,float,none,5865.04,45.77,45.77,0,5856.16,45.84,45.84,0,RING,SIMPLE,4,RING,SIMPLE,4,0,RING,A_flag_ceiling
broadcast_perf,3,24,536870912,134217728,float,none,10987.8,48.86,48.86,0,11043.4,48.61,48.61,0,RING,SIMPLE,4,RING,SIMPLE,4,0,RING,A_flag_ceiling
broadcast_perf,3,24,4096,1024,float,none,29.66,0.14,0.14,0,30.77,0.13,0.13,0,RING,LL,4,RING,LL,4,0,RING,A_flag_ceiling
broadcast_perf,3,24,8192,2048,float,none,59.75,0.14,0.14,0,57.89,0.14,0.14,0,RING,LL,4,RING,LL,4,0,RING,A_flag_ceiling
broadcast_perf,3,24,16384,4096,float,none,76.93,0.21,0.21,0,70.07,0.23,0.23,0,RING,LL,4,RING,LL,4,0,RING,A_flag_ceiling
broadcast_perf,3,24,32768,8192,float,none,75.48,0.43,0.43,0,76.99,0.43,0.43,0,RING,LL,4,RING,LL,4,0,RING,A_flag_ceiling
broadcast_perf,3,24,65536,16384,float,none,88.09,0.74,0.74,0,88.21,0.74,0.74,0,RING,LL,4,RING,LL,4,0,RING,A_flag_ceiling
broadcast_perf,3,24,131072,32768,float,none,96.64,1.36,1.36,0,96.69,1.36,1.36,0,RING,LL,4,RING,LL,4,0,RING,A_flag_ceiling
broadcast_perf,3,24,262144,65536,float,none,112.04,2.34,2.34,0,113.51,2.31,2.31,0,RING,LL,4,RING,LL,4,0,RING,A_flag_ceiling
broadcast_perf,3,24,524288,131072,float,none,147.19,3.56,3.56,0,145.33,3.61,3.61,0,RING,LL,4,RING,LL,4,0,RING,A_flag_ceiling
broadcast_perf,3,24,1048576,262144,float,none,204.56,5.13,5.13,0,203.58,5.15,5.15,0,RING,LL,4,RING,LL,4,0,RING,A_flag_ceiling
broadcast_perf,3,24,2097152,524288,float,none,335.45,6.25,6.25,0,322.07,6.51,6.51,0,RING,LL,4,RING,LL,4,0,RING,A_flag_ceiling
broadcast_perf,3,24,4194304,1048576,float,none,563.61,7.44,7.44,0,566.07,7.41,7.41,0,RING,LL,4,RING,LL,4,0,RING,A_flag_ceiling
broadcast_perf,3,24,8388608,2097152,float,none,1035.7,8.1,8.1,0,1037.62,8.08,8.08,0,RING,LL,4,RING,LL,4,0,RING,A_flag_ceiling
broadcast_perf,3,24,16777216,4194304,float,none,1994.32,8.41,8.41,0,1980.97,8.47,8.47,0,RING,LL,4,RING,LL,4,0,RING,A_flag_ceiling
broadcast_perf,3,24,33554432,8388608,float,none,3971.39,8.45,8.45,0,3964.03,8.46,8.46,0,RING,LL,4,RING,LL,4,0,RING,A_flag_ceiling
broadcast_perf,3,24,67108864,16777216,float,none,7905.6,8.49,8.49,0,7924.75,8.47,8.47,0,RING,LL,4,RING,LL,4,0,RING,A_flag_ceiling
broadcast_perf,3,24,134217728,33554432,float,none,15845.2,8.47,8.47,0,15868.5,8.46,8.46,0,RING,LL,4,RING,LL,4,0,RING,A_flag_ceiling
broadcast_perf,3,24,268435456,67108864,float,none,31510.4,8.52,8.52,0,31587.1,8.5,8.5,0,RING,LL,4,RING,LL,4,0,RING,A_flag_ceiling
broadcast_perf,3,24,536870912,134217728,float,none,63083.6,8.51,8.51,0,63606.2,8.44,8.44,0,RING,LL,4,RING,LL,4,0,RING,A_flag_ceiling
broadcast_perf,3,24,4096,1024,float,none,40.05,0.1,0.1,0,35.85,0.11,0.11,0,RING,LL128,4,RING,LL128,4,0,RING,A_flag_ceiling
broadcast_perf,3,24,8192,2048,float,none,35.19,0.23,0.23,0,33.56,0.24,0.24,0,RING,LL128,4,RING,LL128,4,0,RING,A_flag_ceiling
broadcast_perf,3,24,16384,4096,float,none,35.93,0.46,0.46,0,34.07,0.48,0.48,0,RING,LL128,4,RING,LL128,4,0,RING,A_flag_ceiling
broadcast_perf,3,24,32768,8192,float,none,78.96,0.41,0.41,0,84.67,0.39,0.39,0,RING,LL128,4,RING,LL128,4,0,RING,A_flag_ceiling
broadcast_perf,3,24,65536,16384,float,none,106.82,0.61,0.61,0,94.85,0.69,0.69,0,RING,LL128,4,RING,LL128,4,0,RING,A_flag_ceiling
broadcast_perf,3,24,131072,32768,float,none,122.06,1.07,1.07,0,115.94,1.13,1.13,0,RING,LL128,4,RING,LL128,4,0,RING,A_flag_ceiling
broadcast_perf,3,24,262144,65536,float,none,130.68,2.01,2.01,0,128.34,2.04,2.04,0,RING,LL128,4,RING,LL128,4,0,RING,A_flag_ceiling
broadcast_perf,3,24,524288,131072,float,none,152.37,3.44,3.44,0,146.76,3.57,3.57,0,RING,LL128,4,RING,LL128,4,0,RING,A_flag_ceiling
broadcast_perf,3,24,1048576,262144,float,none,166.64,6.29,6.29,0,179.38,5.85,5.85,0,RING,LL128,4,RING,LL128,4,0,RING,A_flag_ceiling
broadcast_perf,3,24,2097152,524288,float,none,185.95,11.28,11.28,0,197.72,10.61,10.61,0,RING,LL128,4,RING,LL128,4,0,RING,A_flag_ceiling
broadcast_perf,3,24,4194304,1048576,float,none,254.6,16.47,16.47,0,290.82,14.42,14.42,0,RING,LL128,4,RING,LL128,4,0,RING,A_flag_ceiling
broadcast_perf,3,24,8388608,2097152,float,none,431.49,19.44,19.44,0,413.26,20.3,20.3,0,RING,LL128,4,RING,LL128,4,0,RING,A_flag_ceiling
broadcast_perf,3,24,16777216,4194304,float,none,626.66,26.77,26.77,0,608.22,27.58,27.58,0,RING,LL128,4,RING,LL128,4,0,RING,A_flag_ceiling
broadcast_perf,3,24,33554432,8388608,float,none,1077.0,31.16,31.16,0,1051.04,31.92,31.92,0,RING,LL128,4,RING,LL128,4,0,RING,A_flag_ceiling
broadcast_perf,3,24,67108864,16777216,float,none,1980.79,33.88,33.88,0,1985.54,33.8,33.8,0,RING,LL128,4,RING,LL128,4,0,RING,A_flag_ceiling
broadcast_perf,3,24,134217728,33554432,float,none,3859.3,34.78,34.78,0,3866.1,34.72,34.72,0,RING,LL128,4,RING,LL128,4,0,RING,A_flag_ceiling
broadcast_perf,3,24,268435456,67108864,float,none,7653.24,35.07,35.07,0,7617.1,35.24,35.24,0,RING,LL128,4,RING,LL128,4,0,RING,A_flag_ceiling
broadcast_perf,3,24,536870912,134217728,float,none,15140.8,35.46,35.46,0,15177.5,35.37,35.37,0,RING,LL128,4,RING,LL128,4,0,RING,A_flag_ceiling
broadcast_perf,3,24,4096,1024,float,none,36.95,0.11,0.11,0,35.43,0.12,0.12,0,RING,SIMPLE,8,RING,SIMPLE,8,0,RING,A_flag_ceiling
broadcast_perf,3,24,8192,2048,float,none,35.51,0.23,0.23,0,37.33,0.22,0.22,0,RING,SIMPLE,8,RING,SIMPLE,8,0,RING,A_flag_ceiling
broadcast_perf,3,24,16384,4096,float,none,37.16,0.44,0.44,0,31.29,0.52,0.52,0,RING,SIMPLE,8,RING,SIMPLE,8,0,RING,A_flag_ceiling
broadcast_perf,3,24,32768,8192,float,none,99.49,0.33,0.33,0,96.79,0.34,0.34,0,RING,SIMPLE,8,RING,SIMPLE,8,0,RING,A_flag_ceiling
broadcast_perf,3,24,65536,16384,float,none,124.78,0.53,0.53,0,129.56,0.51,0.51,0,RING,SIMPLE,8,RING,SIMPLE,8,0,RING,A_flag_ceiling
broadcast_perf,3,24,131072,32768,float,none,145.39,0.9,0.9,0,151.99,0.86,0.86,0,RING,SIMPLE,8,RING,SIMPLE,8,0,RING,A_flag_ceiling
broadcast_perf,3,24,262144,65536,float,none,156.21,1.68,1.68,0,150.81,1.74,1.74,0,RING,SIMPLE,8,RING,SIMPLE,8,0,RING,A_flag_ceiling
broadcast_perf,3,24,524288,131072,float,none,159.48,3.29,3.29,0,162.46,3.23,3.23,0,RING,SIMPLE,8,RING,SIMPLE,8,0,RING,A_flag_ceiling
broadcast_perf,3,24,1048576,262144,float,none,183.93,5.7,5.7,0,185.9,5.64,5.64,0,RING,SIMPLE,8,RING,SIMPLE,8,0,RING,A_flag_ceiling
broadcast_perf,3,24,2097152,524288,float,none,200.07,10.48,10.48,0,205.36,10.21,10.21,0,RING,SIMPLE,8,RING,SIMPLE,8,0,RING,A_flag_ceiling
broadcast_perf,3,24,4194304,1048576,float,none,266.83,15.72,15.72,0,261.11,16.06,16.06,0,RING,SIMPLE,8,RING,SIMPLE,8,0,RING,A_flag_ceiling
broadcast_perf,3,24,8388608,2097152,float,none,325.39,25.78,25.78,0,316.98,26.46,26.46,0,RING,SIMPLE,8,RING,SIMPLE,8,0,RING,A_flag_ceiling
broadcast_perf,3,24,16777216,4194304,float,none,485.87,34.53,34.53,0,475.66,35.27,35.27,0,RING,SIMPLE,8,RING,SIMPLE,8,0,RING,A_flag_ceiling
broadcast_perf,3,24,33554432,8388608,float,none,654.51,51.27,51.27,0,655.89,51.16,51.16,0,RING,SIMPLE,8,RING,SIMPLE,8,0,RING,A_flag_ceiling
broadcast_perf,3,24,67108864,16777216,float,none,1110.56,60.43,60.43,0,1115.07,60.18,60.18,0,RING,SIMPLE,8,RING,SIMPLE,8,0,RING,A_flag_ceiling
broadcast_perf,3,24,134217728,33554432,float,none,1772.46,75.72,75.72,0,1770.13,75.82,75.82,0,RING,SIMPLE,8,RING,SIMPLE,8,0,RING,A_flag_ceiling
broadcast_perf,3,24,268435456,67108864,float,none,3348.13,80.17,80.17,0,3482.48,77.08,77.08,0,RING,SIMPLE,8,RING,SIMPLE,8,0,RING,A_flag_ceiling
broadcast_perf,3,24,536870912,134217728,float,none,5946.42,90.28,90.28,0,5953.64,90.18,90.18,0,RING,SIMPLE,8,RING,SIMPLE,8,0,RING,A_flag_ceiling
broadcast_perf,3,24,4096,1024,float,none,30.14,0.14,0.14,0,28.82,0.14,0.14,0,RING,LL,8,RING,LL,8,0,RING,A_flag_ceiling
broadcast_perf,3,24,8192,2048,float,none,50.76,0.16,0.16,0,63.91,0.13,0.13,0,RING,LL,8,RING,LL,8,0,RING,A_flag_ceiling
broadcast_perf,3,24,16384,4096,float,none,74.92,0.22,0.22,0,68.9,0.24,0.24,0,RING,LL,8,RING,LL,8,0,RING,A_flag_ceiling
broadcast_perf,3,24,32768,8192,float,none,71.69,0.46,0.46,0,74.34,0.44,0.44,0,RING,LL,8,RING,LL,8,0,RING,A_flag_ceiling
broadcast_perf,3,24,65536,16384,float,none,84.31,0.78,0.78,0,80.89,0.81,0.81,0,RING,LL,8,RING,LL,8,0,RING,A_flag_ceiling
broadcast_perf,3,24,131072,32768,float,none,91.22,1.44,1.44,0,100.71,1.3,1.3,0,RING,LL,8,RING,LL,8,0,RING,A_flag_ceiling
broadcast_perf,3,24,262144,65536,float,none,99.78,2.63,2.63,0,99.07,2.65,2.65,0,RING,LL,8,RING,LL,8,0,RING,A_flag_ceiling
broadcast_perf,3,24,524288,131072,float,none,116.32,4.51,4.51,0,115.35,4.55,4.55,0,RING,LL,8,RING,LL,8,0,RING,A_flag_ceiling
broadcast_perf,3,24,1048576,262144,float,none,146.76,7.14,7.14,0,163.89,6.4,6.4,0,RING,LL,8,RING,LL,8,0,RING,A_flag_ceiling
broadcast_perf,3,24,2097152,524288,float,none,215.68,9.72,9.72,0,207.58,10.1,10.1,0,RING,LL,8,RING,LL,8,0,RING,A_flag_ceiling
broadcast_perf,3,24,4194304,1048576,float,none,324.8,12.91,12.91,0,338.38,12.4,12.4,0,RING,LL,8,RING,LL,8,0,RING,A_flag_ceiling
broadcast_perf,3,24,8388608,2097152,float,none,576.01,14.56,14.56,0,564.92,14.85,14.85,0,RING,LL,8,RING,LL,8,0,RING,A_flag_ceiling
broadcast_perf,3,24,16777216,4194304,float,none,1052.81,15.94,15.94,0,1054.63,15.91,15.91,0,RING,LL,8,RING,LL,8,0,RING,A_flag_ceiling
broadcast_perf,3,24,33554432,8388608,float,none,2028.27,16.54,16.54,0,2025.47,16.57,16.57,0,RING,LL,8,RING,LL,8,0,RING,A_flag_ceiling
broadcast_perf,3,24,67108864,16777216,float,none,4001.2,16.77,16.77,0,3976.5,16.88,16.88,0,RING,LL,8,RING,LL,8,0,RING,A_flag_ceiling
broadcast_perf,3,24,134217728,33554432,float,none,7937.52,16.91,16.91,0,7905.8,16.98,16.98,0,RING,LL,8,RING,LL,8,0,RING,A_flag_ceiling
broadcast_perf,3,24,268435456,67108864,float,none,15830.4,16.96,16.96,0,15816.6,16.97,16.97,0,RING,LL,8,RING,LL,8,0,RING,A_flag_ceiling
broadcast_perf,3,24,536870912,134217728,float,none,31536.4,17.02,17.02,0,31516.6,17.03,17.03,0,RING,LL,8,RING,LL,8,0,RING,A_flag_ceiling
broadcast_perf,3,24,4096,1024,float,none,31.62,0.13,0.13,0,31.18,0.13,0.13,0,RING,LL128,8,RING,LL128,8,0,RING,A_flag_ceiling
broadcast_perf,3,24,8192,2048,float,none,32.38,0.25,0.25,0,31.25,0.26,0.26,0,RING,LL128,8,RING,LL128,8,0,RING,A_flag_ceiling
broadcast_perf,3,24,16384,4096,float,none,32.57,0.5,0.5,0,31.29,0.52,0.52,0,RING,LL128,8,RING,LL128,8,0,RING,A_flag_ceiling
broadcast_perf,3,24,32768,8192,float,none,63.74,0.51,0.51,0,72.7,0.45,0.45,0,RING,LL128,8,RING,LL128,8,0,RING,A_flag_ceiling
broadcast_perf,3,24,65536,16384,float,none,83.73,0.78,0.78,0,83.76,0.78,0.78,0,RING,LL128,8,RING,LL128,8,0,RING,A_flag_ceiling
broadcast_perf,3,24,131072,32768,float,none,85.49,1.53,1.53,0,98.59,1.33,1.33,0,RING,LL128,8,RING,LL128,8,0,RING,A_flag_ceiling
broadcast_perf,3,24,262144,65536,float,none,95.7,2.74,2.74,0,97.4,2.69,2.69,0,RING,LL128,8,RING,LL128,8,0,RING,A_flag_ceiling
broadcast_perf,3,24,524288,131072,float,none,112.38,4.67,4.67,0,110.77,4.73,4.73,0,RING,LL128,8,RING,LL128,8,0,RING,A_flag_ceiling
broadcast_perf,3,24,1048576,262144,float,none,143.47,7.31,7.31,0,130.43,8.04,8.04,0,RING,LL128,8,RING,LL128,8,0,RING,A_flag_ceiling
broadcast_perf,3,24,2097152,524288,float,none,142.74,14.69,14.69,0,144.15,14.55,14.55,0,RING,LL128,8,RING,LL128,8,0,RING,A_flag_ceiling
broadcast_perf,3,24,4194304,1048576,float,none,189.65,22.12,22.12,0,174.3,24.06,24.06,0,RING,LL128,8,RING,LL128,8,0,RING,A_flag_ceiling
broadcast_perf,3,24,8388608,2097152,float,none,232.06,36.15,36.15,0,233.47,35.93,35.93,0,RING,LL128,8,RING,LL128,8,0,RING,A_flag_ceiling
broadcast_perf,3,24,16777216,4194304,float,none,342.92,48.92,48.92,0,341.18,49.17,49.17,0,RING,LL128,8,RING,LL128,8,0,RING,A_flag_ceiling
broadcast_perf,3,24,33554432,8388608,float,none,577.97,58.06,58.06,0,593.75,56.51,56.51,0,RING,LL128,8,RING,LL128,8,0,RING,A_flag_ceiling
broadcast_perf,3,24,67108864,16777216,float,none,1077.61,62.28,62.28,0,1047.12,64.09,64.09,0,RING,LL128,8,RING,LL128,8,0,RING,A_flag_ceiling
broadcast_perf,3,24,134217728,33554432,float,none,2014.49,66.63,66.63,0,2012.83,66.68,66.68,0,RING,LL128,8,RING,LL128,8,0,RING,A_flag_ceiling
broadcast_perf,3,24,268435456,67108864,float,none,3942.36,68.09,68.09,0,3934.03,68.23,68.23,0,RING,LL128,8,RING,LL128,8,0,RING,A_flag_ceiling
broadcast_perf,3,24,536870912,134217728,float,none,7794.49,68.88,68.88,0,7810.74,68.73,68.73,0,RING,LL128,8,RING,LL128,8,0,RING,A_flag_ceiling
broadcast_perf,3,24,4096,1024,float,none,35.87,0.11,0.11,0,30.5,0.13,0.13,0,RING,SIMPLE,16,RING,SIMPLE,16,0,RING,A_flag_ceiling
broadcast_perf,3,24,8192,2048,float,none,37.15,0.22,0.22,0,37.86,0.22,0.22,0,RING,SIMPLE,16,RING,SIMPLE,16,0,RING,A_flag_ceiling
broadcast_perf,3,24,16384,4096,float,none,40.86,0.4,0.4,0,38.28,0.43,0.43,0,RING,SIMPLE,16,RING,SIMPLE,16,0,RING,A_flag_ceiling
broadcast_perf,3,24,32768,8192,float,none,103.34,0.32,0.32,0,97.13,0.34,0.34,0,RING,SIMPLE,16,RING,SIMPLE,16,0,RING,A_flag_ceiling
broadcast_perf,3,24,65536,16384,float,none,124.75,0.53,0.53,0,131.57,0.5,0.5,0,RING,SIMPLE,16,RING,SIMPLE,16,0,RING,A_flag_ceiling
broadcast_perf,3,24,131072,32768,float,none,132.7,0.99,0.99,0,137.48,0.95,0.95,0,RING,SIMPLE,16,RING,SIMPLE,16,0,RING,A_flag_ceiling
broadcast_perf,3,24,262144,65536,float,none,143.62,1.83,1.83,0,138.18,1.9,1.9,0,RING,SIMPLE,16,RING,SIMPLE,16,0,RING,A_flag_ceiling
broadcast_perf,3,24,524288,131072,float,none,149.25,3.51,3.51,0,167.06,3.14,3.14,0,RING,SIMPLE,16,RING,SIMPLE,16,0,RING,A_flag_ceiling
broadcast_perf,3,24,1048576,262144,float,none,167.75,6.25,6.25,0,162.49,6.45,6.45,0,RING,SIMPLE,16,RING,SIMPLE,16,0,RING,A_flag_ceiling
broadcast_perf,3,24,2097152,524288,float,none,186.29,11.26,11.26,0,172.78,12.14,12.14,0,RING,SIMPLE,16,RING,SIMPLE,16,0,RING,A_flag_ceiling
broadcast_perf,3,24,4194304,1048576,float,none,207.23,20.24,20.24,0,196.11,21.39,21.39,0,RING,SIMPLE,16,RING,SIMPLE,16,0,RING,A_flag_ceiling
broadcast_perf,3,24,8388608,2097152,float,none,258.57,32.44,32.44,0,266.22,31.51,31.51,0,RING,SIMPLE,16,RING,SIMPLE,16,0,RING,A_flag_ceiling
broadcast_perf,3,24,16777216,4194304,float,none,314.89,53.28,53.28,0,317.93,52.77,52.77,0,RING,SIMPLE,16,RING,SIMPLE,16,0,RING,A_flag_ceiling
broadcast_perf,3,24,33554432,8388608,float,none,467.79,71.73,71.73,0,490.57,68.4,68.4,0,RING,SIMPLE,16,RING,SIMPLE,16,0,RING,A_flag_ceiling
broadcast_perf,3,24,67108864,16777216,float,none,667.44,100.55,100.55,0,673.11,99.7,99.7,0,RING,SIMPLE,16,RING,SIMPLE,16,0,RING,A_flag_ceiling
broadcast_perf,3,24,134217728,33554432,float,none,1139.79,117.76,117.76,0,1145.51,117.17,117.17,0,RING,SIMPLE,16,RING,SIMPLE,16,0,RING,A_flag_ceiling
broadcast_perf,3,24,268435456,67108864,float,none,1854.33,144.76,144.76,0,1854.48,144.75,144.75,0,RING,SIMPLE,16,RING,SIMPLE,16,0,RING,A_flag_ceiling
broadcast_perf,3,24,536870912,134217728,float,none,3496.08,153.56,153.56,0,3490.24,153.82,153.82,0,RING,SIMPLE,16,RING,SIMPLE,16,0,RING,A_flag_ceiling
broadcast_perf,3,24,4096,1024,float,none,34.6,0.12,0.12,0,29.41,0.14,0.14,0,RING,LL,16,RING,LL,16,0,RING,A_flag_ceiling
broadcast_perf,3,24,8192,2048,float,none,56.47,0.15,0.15,0,58.46,0.14,0.14,0,RING,LL,16,RING,LL,16,0,RING,A_flag_ceiling
broadcast_perf,3,24,16384,4096,float,none,73.75,0.22,0.22,0,69.58,0.24,0.24,0,RING,LL,16,RING,LL,16,0,RING,A_flag_ceiling
broadcast_perf,3,24,32768,8192,float,none,74.59,0.44,0.44,0,88.58,0.37,0.37,0,RING,LL,16,RING,LL,16,0,RING,A_flag_ceiling
broadcast_perf,3,24,65536,16384,float,none,77.79,0.84,0.84,0,72.34,0.91,0.91,0,RING,LL,16,RING,LL,16,0,RING,A_flag_ceiling
broadcast_perf,3,24,131072,32768,float,none,81.53,1.61,1.61,0,83.89,1.56,1.56,0,RING,LL,16,RING,LL,16,0,RING,A_flag_ceiling
broadcast_perf,3,24,262144,65536,float,none,99.44,2.64,2.64,0,93.53,2.8,2.8,0,RING,LL,16,RING,LL,16,0,RING,A_flag_ceiling
broadcast_perf,3,24,524288,131072,float,none,104.69,5.01,5.01,0,105.53,4.97,4.97,0,RING,LL,16,RING,LL,16,0,RING,A_flag_ceiling
broadcast_perf,3,24,1048576,262144,float,none,262.04,4.0,4.0,0,131.84,7.95,7.95,0,RING,LL,16,RING,LL,16,0,RING,A_flag_ceiling
broadcast_perf,3,24,2097152,524288,float,none,153.79,13.64,13.64,0,154.82,13.55,13.55,0,RING,LL,16,RING,LL,16,0,RING,A_flag_ceiling
broadcast_perf,3,24,4194304,1048576,float,none,220.71,19.0,19.0,0,222.92,18.82,18.82,0,RING,LL,16,RING,LL,16,0,RING,A_flag_ceiling
broadcast_perf,3,24,8388608,2097152,float,none,354.8,23.64,23.64,0,348.26,24.09,24.09,0,RING,LL,16,RING,LL,16,0,RING,A_flag_ceiling
broadcast_perf,3,24,16777216,4194304,float,none,596.83,28.11,28.11,0,601.55,27.89,27.89,0,RING,LL,16,RING,LL,16,0,RING,A_flag_ceiling
broadcast_perf,3,24,33554432,8388608,float,none,1102.87,30.42,30.42,0,1096.39,30.6,30.6,0,RING,LL,16,RING,LL,16,0,RING,A_flag_ceiling
broadcast_perf,3,24,67108864,16777216,float,none,2112.3,31.77,31.77,0,2112.07,31.77,31.77,0,RING,LL,16,RING,LL,16,0,RING,A_flag_ceiling
broadcast_perf,3,24,134217728,33554432,float,none,4133.8,32.47,32.47,0,4144.85,32.38,32.38,0,RING,LL,16,RING,LL,16,0,RING,A_flag_ceiling
broadcast_perf,3,24,268435456,67108864,float,none,8159.1,32.9,32.9,0,8126.59,33.03,33.03,0,RING,LL,16,RING,LL,16,0,RING,A_flag_ceiling
broadcast_perf,3,24,536870912,134217728,float,none,16127.1,33.29,33.29,0,16169.5,33.2,33.2,0,RING,LL,16,RING,LL,16,0,RING,A_flag_ceiling
broadcast_perf,3,24,4096,1024,float,none,32.53,0.13,0.13,0,31.27,0.13,0.13,0,RING,LL128,16,RING,LL128,16,0,RING,A_flag_ceiling
broadcast_perf,3,24,8192,2048,float,none,31.45,0.26,0.26,0,28.5,0.29,0.29,0,RING,LL128,16,RING,LL128,16,0,RING,A_flag_ceiling
broadcast_perf,3,24,16384,4096,float,none,32.81,0.5,0.5,0,30.74,0.53,0.53,0,RING,LL128,16,RING,LL128,16,0,RING,A_flag_ceiling
broadcast_perf,3,24,32768,8192,float,none,87.94,0.37,0.37,0,64.09,0.51,0.51,0,RING,LL128,16,RING,LL128,16,0,RING,A_flag_ceiling
broadcast_perf,3,24,65536,16384,float,none,89.2,0.73,0.73,0,83.73,0.78,0.78,0,RING,LL128,16,RING,LL128,16,0,RING,A_flag_ceiling
broadcast_perf,3,24,131072,32768,float,none,106.95,1.23,1.23,0,85.6,1.53,1.53,0,RING,LL128,16,RING,LL128,16,0,RING,A_flag_ceiling
broadcast_perf,3,24,262144,65536,float,none,86.87,3.02,3.02,0,87.23,3.01,3.01,0,RING,LL128,16,RING,LL128,16,0,RING,A_flag_ceiling
broadcast_perf,3,24,524288,131072,float,none,100.24,5.23,5.23,0,97.08,5.4,5.4,0,RING,LL128,16,RING,LL128,16,0,RING,A_flag_ceiling
broadcast_perf,3,24,1048576,262144,float,none,122.11,8.59,8.59,0,114.84,9.13,9.13,0,RING,LL128,16,RING,LL128,16,0,RING,A_flag_ceiling
broadcast_perf,3,24,2097152,524288,float,none,133.37,15.72,15.72,0,133.26,15.74,15.74,0,RING,LL128,16,RING,LL128,16,0,RING,A_flag_ceiling
broadcast_perf,3,24,4194304,1048576,float,none,153.2,27.38,27.38,0,150.89,27.8,27.8,0,RING,LL128,16,RING,LL128,16,0,RING,A_flag_ceiling
broadcast_perf,3,24,8388608,2097152,float,none,183.15,45.8,45.8,0,183.77,45.65,45.65,0,RING,LL128,16,RING,LL128,16,0,RING,A_flag_ceiling
broadcast_perf,3,24,16777216,4194304,float,none,263.6,63.65,63.65,0,249.29,67.3,67.3,0,RING,LL128,16,RING,LL128,16,0,RING,A_flag_ceiling
broadcast_perf,3,24,33554432,8388608,float,none,374.77,89.53,89.53,0,393.52,85.27,85.27,0,RING,LL128,16,RING,LL128,16,0,RING,A_flag_ceiling
broadcast_perf,3,24,67108864,16777216,float,none,639.49,104.94,104.94,0,621.64,107.96,107.96,0,RING,LL128,16,RING,LL128,16,0,RING,A_flag_ceiling
broadcast_perf,3,24,134217728,33554432,float,none,1127.05,119.09,119.09,0,1131.04,118.67,118.67,0,RING,LL128,16,RING,LL128,16,0,RING,A_flag_ceiling
broadcast_perf,3,24,268435456,67108864,float,none,2155.43,124.54,124.54,0,2161.31,124.2,124.2,0,RING,LL128,16,RING,LL128,16,0,RING,A_flag_ceiling
broadcast_perf,3,24,536870912,134217728,float,none,4200.85,127.8,127.8,0,4197.36,127.91,127.91,0,RING,LL128,16,RING,LL128,16,0,RING,A_flag_ceiling
broadcast_perf,3,24,4096,1024,float,none,33.32,0.12,0.12,0,35.36,0.12,0.12,0,RING,SIMPLE,24,RING,SIMPLE,24,0,RING,A_flag_ceiling
broadcast_perf,3,24,8192,2048,float,none,34.64,0.24,0.24,0,31.31,0.26,0.26,0,RING,SIMPLE,24,RING,SIMPLE,24,0,RING,A_flag_ceiling
broadcast_perf,3,24,16384,4096,float,none,32.38,0.51,0.51,0,35.2,0.47,0.47,0,RING,SIMPLE,24,RING,SIMPLE,24,0,RING,A_flag_ceiling
broadcast_perf,3,24,32768,8192,float,none,82.32,0.4,0.4,0,85.41,0.38,0.38,0,RING,SIMPLE,24,RING,SIMPLE,24,0,RING,A_flag_ceiling
broadcast_perf,3,24,65536,16384,float,none,112.74,0.58,0.58,0,111.78,0.59,0.59,0,RING,SIMPLE,24,RING,SIMPLE,24,0,RING,A_flag_ceiling
broadcast_perf,3,24,131072,32768,float,none,115.72,1.13,1.13,0,115.05,1.14,1.14,0,RING,SIMPLE,24,RING,SIMPLE,24,0,RING,A_flag_ceiling
broadcast_perf,3,24,262144,65536,float,none,116.55,2.25,2.25,0,117.52,2.23,2.23,0,RING,SIMPLE,24,RING,SIMPLE,24,0,RING,A_flag_ceiling
broadcast_perf,3,24,524288,131072,float,none,137.61,3.81,3.81,0,153.08,3.42,3.42,0,RING,SIMPLE,24,RING,SIMPLE,24,0,RING,A_flag_ceiling
broadcast_perf,3,24,1048576,262144,float,none,145.77,7.19,7.19,0,156.19,6.71,6.71,0,RING,SIMPLE,24,RING,SIMPLE,24,0,RING,A_flag_ceiling
broadcast_perf,3,24,2097152,524288,float,none,155.55,13.48,13.48,0,156.71,13.38,13.38,0,RING,SIMPLE,24,RING,SIMPLE,24,0,RING,A_flag_ceiling
broadcast_perf,3,24,4194304,1048576,float,none,174.29,24.06,24.06,0,171.78,24.42,24.42,0,RING,SIMPLE,24,RING,SIMPLE,24,0,RING,A_flag_ceiling
broadcast_perf,3,24,8388608,2097152,float,none,204.28,41.06,41.06,0,227.16,36.93,36.93,0,RING,SIMPLE,24,RING,SIMPLE,24,0,RING,A_flag_ceiling
broadcast_perf,3,24,16777216,4194304,float,none,290.09,57.84,57.84,0,278.54,60.23,60.23,0,RING,SIMPLE,24,RING,SIMPLE,24,0,RING,A_flag_ceiling
broadcast_perf,3,24,33554432,8388608,float,none,360.26,93.14,93.14,0,361.81,92.74,92.74,0,RING,SIMPLE,24,RING,SIMPLE,24,0,RING,A_flag_ceiling
broadcast_perf,3,24,67108864,16777216,float,none,556.21,120.65,120.65,0,559.6,119.92,119.92,0,RING,SIMPLE,24,RING,SIMPLE,24,0,RING,A_flag_ceiling
broadcast_perf,3,24,134217728,33554432,float,none,824.57,162.77,162.77,0,828.96,161.91,161.91,0,RING,SIMPLE,24,RING,SIMPLE,24,0,RING,A_flag_ceiling
broadcast_perf,3,24,268435456,67108864,float,none,1429.24,187.82,187.82,0,1413.83,189.86,189.86,0,RING,SIMPLE,24,RING,SIMPLE,24,0,RING,A_flag_ceiling
broadcast_perf,3,24,536870912,134217728,float,none,2403.92,223.33,223.33,0,2379.99,225.58,225.58,0,RING,SIMPLE,24,RING,SIMPLE,24,0,RING,A_flag_ceiling
broadcast_perf,3,24,4096,1024,float,none,29.53,0.14,0.14,0,30.05,0.14,0.14,0,RING,LL,24,RING,LL,24,0,RING,A_flag_ceiling
broadcast_perf,3,24,8192,2048,float,none,54.21,0.15,0.15,0,54.95,0.15,0.15,0,RING,LL,24,RING,LL,24,0,RING,A_flag_ceiling
broadcast_perf,3,24,16384,4096,float,none,67.88,0.24,0.24,0,73.18,0.22,0.22,0,RING,LL,24,RING,LL,24,0,RING,A_flag_ceiling
broadcast_perf,3,24,32768,8192,float,none,71.42,0.46,0.46,0,78.95,0.42,0.42,0,RING,LL,24,RING,LL,24,0,RING,A_flag_ceiling
broadcast_perf,3,24,65536,16384,float,none,70.75,0.93,0.93,0,69.78,0.94,0.94,0,RING,LL,24,RING,LL,24,0,RING,A_flag_ceiling
broadcast_perf,3,24,131072,32768,float,none,83.57,1.57,1.57,0,83.01,1.58,1.58,0,RING,LL,24,RING,LL,24,0,RING,A_flag_ceiling
broadcast_perf,3,24,262144,65536,float,none,89.97,2.91,2.91,0,94.64,2.77,2.77,0,RING,LL,24,RING,LL,24,0,RING,A_flag_ceiling
broadcast_perf,3,24,524288,131072,float,none,105.14,4.99,4.99,0,105.73,4.96,4.96,0,RING,LL,24,RING,LL,24,0,RING,A_flag_ceiling
broadcast_perf,3,24,1048576,262144,float,none,124.11,8.45,8.45,0,121.62,8.62,8.62,0,RING,LL,24,RING,LL,24,0,RING,A_flag_ceiling
broadcast_perf,3,24,2097152,524288,float,none,144.07,14.56,14.56,0,143.39,14.63,14.63,0,RING,LL,24,RING,LL,24,0,RING,A_flag_ceiling
broadcast_perf,3,24,4194304,1048576,float,none,224.92,18.65,18.65,0,219.08,19.14,19.14,0,RING,LL,24,RING,LL,24,0,RING,A_flag_ceiling
broadcast_perf,3,24,8388608,2097152,float,none,339.86,24.68,24.68,0,335.81,24.98,24.98,0,RING,LL,24,RING,LL,24,0,RING,A_flag_ceiling
broadcast_perf,3,24,16777216,4194304,float,none,576.73,29.09,29.09,0,575.19,29.17,29.17,0,RING,LL,24,RING,LL,24,0,RING,A_flag_ceiling
broadcast_perf,3,24,33554432,8388608,float,none,1042.53,32.19,32.19,0,1038.73,32.3,32.3,0,RING,LL,24,RING,LL,24,0,RING,A_flag_ceiling
broadcast_perf,3,24,67108864,16777216,float,none,1962.14,34.2,34.2,0,1969.3,34.08,34.08,0,RING,LL,24,RING,LL,24,0,RING,A_flag_ceiling
broadcast_perf,3,24,134217728,33554432,float,none,3743.56,35.85,35.85,0,3605.47,37.23,37.23,0,RING,LL,24,RING,LL,24,0,RING,A_flag_ceiling
broadcast_perf,3,24,268435456,67108864,float,none,7008.12,38.3,38.3,0,6986.57,38.42,38.42,0,RING,LL,24,RING,LL,24,0,RING,A_flag_ceiling
broadcast_perf,3,24,536870912,134217728,float,none,13792.9,38.92,38.92,0,13845.7,38.78,38.78,0,RING,LL,24,RING,LL,24,0,RING,A_flag_ceiling
broadcast_perf,3,24,4096,1024,float,none,35.42,0.12,0.12,0,30.64,0.13,0.13,0,RING,LL128,24,RING,LL128,24,0,RING,A_flag_ceiling
broadcast_perf,3,24,8192,2048,float,none,34.54,0.24,0.24,0,44.62,0.18,0.18,0,RING,LL128,24,RING,LL128,24,0,RING,A_flag_ceiling
broadcast_perf,3,24,16384,4096,float,none,36.8,0.45,0.45,0,34.53,0.47,0.47,0,RING,LL128,24,RING,LL128,24,0,RING,A_flag_ceiling
broadcast_perf,3,24,32768,8192,float,none,82.36,0.4,0.4,0,71.21,0.46,0.46,0,RING,LL128,24,RING,LL128,24,0,RING,A_flag_ceiling
broadcast_perf,3,24,65536,16384,float,none,115.22,0.57,0.57,0,115.13,0.57,0.57,0,RING,LL128,24,RING,LL128,24,0,RING,A_flag_ceiling
broadcast_perf,3,24,131072,32768,float,none,119.14,1.1,1.1,0,116.3,1.13,1.13,0,RING,LL128,24,RING,LL128,24,0,RING,A_flag_ceiling
broadcast_perf,3,24,262144,65536,float,none,121.24,2.16,2.16,0,121.55,2.16,2.16,0,RING,LL128,24,RING,LL128,24,0,RING,A_flag_ceiling
broadcast_perf,3,24,524288,131072,float,none,131.75,3.98,3.98,0,132.76,3.95,3.95,0,RING,LL128,24,RING,LL128,24,0,RING,A_flag_ceiling
broadcast_perf,3,24,1048576,262144,float,none,154.59,6.78,6.78,0,150.74,6.96,6.96,0,RING,LL128,24,RING,LL128,24,0,RING,A_flag_ceiling
broadcast_perf,3,24,2097152,524288,float,none,187.37,11.19,11.19,0,170.66,12.29,12.29,0,RING,LL128,24,RING,LL128,24,0,RING,A_flag_ceiling
broadcast_perf,3,24,4194304,1048576,float,none,180.47,23.24,23.24,0,185.61,22.6,22.6,0,RING,LL128,24,RING,LL128,24,0,RING,A_flag_ceiling
broadcast_perf,3,24,8388608,2097152,float,none,233.07,35.99,35.99,0,209.61,40.02,40.02,0,RING,LL128,24,RING,LL128,24,0,RING,A_flag_ceiling
broadcast_perf,3,24,16777216,4194304,float,none,257.39,65.18,65.18,0,265.69,63.15,63.15,0,RING,LL128,24,RING,LL128,24,0,RING,A_flag_ceiling
broadcast_perf,3,24,33554432,8388608,float,none,390.94,85.83,85.83,0,377.38,88.91,88.91,0,RING,LL128,24,RING,LL128,24,0,RING,A_flag_ceiling
broadcast_perf,3,24,67108864,16777216,float,none,565.56,118.66,118.66,0,552.24,121.52,121.52,0,RING,LL128,24,RING,LL128,24,0,RING,A_flag_ceiling
broadcast_perf,3,24,134217728,33554432,float,none,1054.0,127.34,127.34,0,1009.18,133.0,133.0,0,RING,LL128,24,RING,LL128,24,0,RING,A_flag_ceiling
broadcast_perf,3,24,268435456,67108864,float,none,1620.4,165.66,165.66,0,1616.2,166.09,166.09,0,RING,LL128,24,RING,LL128,24,0,RING,A_flag_ceiling
broadcast_perf,3,24,536870912,134217728,float,none,3088.18,173.85,173.85,0,3117.32,172.22,172.22,0,RING,LL128,24,RING,LL128,24,0,RING,A_flag_ceiling
broadcast_perf,3,24,4096,1024,float,none,38.64,0.11,0.11,0,37.02,0.11,0.11,0,RING,SIMPLE,32,RING,SIMPLE,32,0,RING,A_flag_ceiling
broadcast_perf,3,24,8192,2048,float,none,35.99,0.23,0.23,0,31.59,0.26,0.26,0,RING,SIMPLE,32,RING,SIMPLE,32,0,RING,A_flag_ceiling
broadcast_perf,3,24,16384,4096,float,none,34.07,0.48,0.48,0,40.64,0.4,0.4,0,RING,SIMPLE,32,RING,SIMPLE,32,0,RING,A_flag_ceiling
broadcast_perf,3,24,32768,8192,float,none,113.27,0.29,0.29,0,107.15,0.31,0.31,0,RING,SIMPLE,32,RING,SIMPLE,32,0,RING,A_flag_ceiling
broadcast_perf,3,24,65536,16384,float,none,161.79,0.41,0.41,0,149.17,0.44,0.44,0,RING,SIMPLE,32,RING,SIMPLE,32,0,RING,A_flag_ceiling
broadcast_perf,3,24,131072,32768,float,none,146.9,0.89,0.89,0,151.26,0.87,0.87,0,RING,SIMPLE,32,RING,SIMPLE,32,0,RING,A_flag_ceiling
broadcast_perf,3,24,262144,65536,float,none,143.87,1.82,1.82,0,161.68,1.62,1.62,0,RING,SIMPLE,32,RING,SIMPLE,32,0,RING,A_flag_ceiling
broadcast_perf,3,24,524288,131072,float,none,149.67,3.5,3.5,0,147.46,3.56,3.56,0,RING,SIMPLE,32,RING,SIMPLE,32,0,RING,A_flag_ceiling
broadcast_perf,3,24,1048576,262144,float,none,197.72,5.3,5.3,0,172.71,6.07,6.07,0,RING,SIMPLE,32,RING,SIMPLE,32,0,RING,A_flag_ceiling
broadcast_perf,3,24,2097152,524288,float,none,178.16,11.77,11.77,0,165.5,12.67,12.67,0,RING,SIMPLE,32,RING,SIMPLE,32,0,RING,A_flag_ceiling
broadcast_perf,3,24,4194304,1048576,float,none,189.96,22.08,22.08,0,205.11,20.45,20.45,0,RING,SIMPLE,32,RING,SIMPLE,32,0,RING,A_flag_ceiling
broadcast_perf,3,24,8388608,2097152,float,none,218.69,38.36,38.36,0,214.79,39.06,39.06,0,RING,SIMPLE,32,RING,SIMPLE,32,0,RING,A_flag_ceiling
broadcast_perf,3,24,16777216,4194304,float,none,281.26,59.65,59.65,0,285.08,58.85,58.85,0,RING,SIMPLE,32,RING,SIMPLE,32,0,RING,A_flag_ceiling
broadcast_perf,3,24,33554432,8388608,float,none,326.11,102.89,102.89,0,369.71,90.76,90.76,0,RING,SIMPLE,32,RING,SIMPLE,32,0,RING,A_flag_ceiling
broadcast_perf,3,24,67108864,16777216,float,none,550.06,122.0,122.0,0,550.73,121.85,121.85,0,RING,SIMPLE,32,RING,SIMPLE,32,0,RING,A_flag_ceiling
broadcast_perf,3,24,134217728,33554432,float,none,731.9,183.38,183.38,0,749.92,178.98,178.98,0,RING,SIMPLE,32,RING,SIMPLE,32,0,RING,A_flag_ceiling
broadcast_perf,3,24,268435456,67108864,float,none,1281.76,209.43,209.43,0,1286.58,208.64,208.64,0,RING,SIMPLE,32,RING,SIMPLE,32,0,RING,A_flag_ceiling
broadcast_perf,3,24,536870912,134217728,float,none,2064.53,260.04,260.04,0,2066.8,259.76,259.76,0,RING,SIMPLE,32,RING,SIMPLE,32,0,RING,A_flag_ceiling
broadcast_perf,3,24,4096,1024,float,none,29.28,0.14,0.14,0,26.82,0.15,0.15,0,RING,LL,32,RING,LL,32,0,RING,A_flag_ceiling
broadcast_perf,3,24,8192,2048,float,none,52.38,0.16,0.16,0,53.05,0.15,0.15,0,RING,LL,32,RING,LL,32,0,RING,A_flag_ceiling
broadcast_perf,3,24,16384,4096,float,none,78.69,0.21,0.21,0,68.25,0.24,0.24,0,RING,LL,32,RING,LL,32,0,RING,A_flag_ceiling
broadcast_perf,3,24,32768,8192,float,none,70.3,0.47,0.47,0,74.4,0.44,0.44,0,RING,LL,32,RING,LL,32,0,RING,A_flag_ceiling
broadcast_perf,3,24,65536,16384,float,none,70.66,0.93,0.93,0,72.38,0.91,0.91,0,RING,LL,32,RING,LL,32,0,RING,A_flag_ceiling
broadcast_perf,3,24,131072,32768,float,none,76.57,1.71,1.71,0,76.53,1.71,1.71,0,RING,LL,32,RING,LL,32,0,RING,A_flag_ceiling
broadcast_perf,3,24,262144,65536,float,none,85.35,3.07,3.07,0,84.45,3.1,3.1,0,RING,LL,32,RING,LL,32,0,RING,A_flag_ceiling
broadcast_perf,3,24,524288,131072,float,none,102.34,5.12,5.12,0,103.04,5.09,5.09,0,RING,LL,32,RING,LL,32,0,RING,A_flag_ceiling
broadcast_perf,3,24,1048576,262144,float,none,116.8,8.98,8.98,0,116.76,8.98,8.98,0,RING,LL,32,RING,LL,32,0,RING,A_flag_ceiling
broadcast_perf,3,24,2097152,524288,float,none,143.71,14.59,14.59,0,142.44,14.72,14.72,0,RING,LL,32,RING,LL,32,0,RING,A_flag_ceiling
broadcast_perf,3,24,4194304,1048576,float,none,192.29,21.81,21.81,0,202.04,20.76,20.76,0,RING,LL,32,RING,LL,32,0,RING,A_flag_ceiling
broadcast_perf,3,24,8388608,2097152,float,none,317.08,26.46,26.46,0,314.63,26.66,26.66,0,RING,LL,32,RING,LL,32,0,RING,A_flag_ceiling
broadcast_perf,3,24,16777216,4194304,float,none,545.95,30.73,30.73,0,544.12,30.83,30.83,0,RING,LL,32,RING,LL,32,0,RING,A_flag_ceiling
broadcast_perf,3,24,33554432,8388608,float,none,992.22,33.82,33.82,0,995.45,33.71,33.71,0,RING,LL,32,RING,LL,32,0,RING,A_flag_ceiling
broadcast_perf,3,24,67108864,16777216,float,none,1876.08,35.77,35.77,0,1877.3,35.75,35.75,0,RING,LL,32,RING,LL,32,0,RING,A_flag_ceiling
broadcast_perf,3,24,134217728,33554432,float,none,3649.51,36.78,36.78,0,3641.79,36.85,36.85,0,RING,LL,32,RING,LL,32,0,RING,A_flag_ceiling
broadcast_perf,3,24,268435456,67108864,float,none,7199.28,37.29,37.29,0,7200.39,37.28,37.28,0,RING,LL,32,RING,LL,32,0,RING,A_flag_ceiling
broadcast_perf,3,24,536870912,134217728,float,none,14327.4,37.47,37.47,0,14304.5,37.53,37.53,0,RING,LL,32,RING,LL,32,0,RING,A_flag_ceiling
broadcast_perf,3,24,4096,1024,float,none,32.88,0.12,0.12,0,31.94,0.13,0.13,0,RING,LL128,32,RING,LL128,32,0,RING,A_flag_ceiling
broadcast_perf,3,24,8192,2048,float,none,38.12,0.21,0.21,0,35.53,0.23,0.23,0,RING,LL128,32,RING,LL128,32,0,RING,A_flag_ceiling
broadcast_perf,3,24,16384,4096,float,none,34.84,0.47,0.47,0,34.23,0.48,0.48,0,RING,LL128,32,RING,LL128,32,0,RING,A_flag_ceiling
broadcast_perf,3,24,32768,8192,float,none,69.82,0.47,0.47,0,66.08,0.5,0.5,0,RING,LL128,32,RING,LL128,32,0,RING,A_flag_ceiling
broadcast_perf,3,24,65536,16384,float,none,98.83,0.66,0.66,0,89.37,0.73,0.73,0,RING,LL128,32,RING,LL128,32,0,RING,A_flag_ceiling
broadcast_perf,3,24,131072,32768,float,none,103.52,1.27,1.27,0,91.42,1.43,1.43,0,RING,LL128,32,RING,LL128,32,0,RING,A_flag_ceiling
broadcast_perf,3,24,262144,65536,float,none,98.68,2.66,2.66,0,97.0,2.7,2.7,0,RING,LL128,32,RING,LL128,32,0,RING,A_flag_ceiling
broadcast_perf,3,24,524288,131072,float,none,104.31,5.03,5.03,0,103.05,5.09,5.09,0,RING,LL128,32,RING,LL128,32,0,RING,A_flag_ceiling
broadcast_perf,3,24,1048576,262144,float,none,115.92,9.05,9.05,0,133.99,7.83,7.83,0,RING,LL128,32,RING,LL128,32,0,RING,A_flag_ceiling
broadcast_perf,3,24,2097152,524288,float,none,129.68,16.17,16.17,0,127.34,16.47,16.47,0,RING,LL128,32,RING,LL128,32,0,RING,A_flag_ceiling
broadcast_perf,3,24,4194304,1048576,float,none,156.61,26.78,26.78,0,152.57,27.49,27.49,0,RING,LL128,32,RING,LL128,32,0,RING,A_flag_ceiling
broadcast_perf,3,24,8388608,2097152,float,none,173.21,48.43,48.43,0,171.07,49.03,49.03,0,RING,LL128,32,RING,LL128,32,0,RING,A_flag_ceiling
broadcast_perf,3,24,16777216,4194304,float,none,210.89,79.55,79.55,0,211.7,79.25,79.25,0,RING,LL128,32,RING,LL128,32,0,RING,A_flag_ceiling
broadcast_perf,3,24,33554432,8388608,float,none,284.67,117.87,117.87,0,303.4,110.6,110.6,0,RING,LL128,32,RING,LL128,32,0,RING,A_flag_ceiling
broadcast_perf,3,24,67108864,16777216,float,none,470.4,142.66,142.66,0,453.85,147.87,147.87,0,RING,LL128,32,RING,LL128,32,0,RING,A_flag_ceiling
broadcast_perf,3,24,134217728,33554432,float,none,708.4,189.47,189.47,0,731.44,183.5,183.5,0,RING,LL128,32,RING,LL128,32,0,RING,A_flag_ceiling
broadcast_perf,3,24,268435456,67108864,float,none,1306.33,205.49,205.49,0,1319.07,203.5,203.5,0,RING,LL128,32,RING,LL128,32,0,RING,A_flag_ceiling
broadcast_perf,3,24,536870912,134217728,float,none,2473.18,217.08,217.08,0,2467.4,217.59,217.59,0,RING,LL128,32,RING,LL128,32,0,RING,A_flag_ceiling
broadcast_perf,3,24,4096,1024,float,none,32.84,0.12,0.12,0,32.94,0.12,0.12,0,RING,SIMPLE,40,RING,SIMPLE,40,0,RING,A_flag_ceiling
broadcast_perf,3,24,8192,2048,float,none,32.71,0.25,0.25,0,34.3,0.24,0.24,0,RING,SIMPLE,40,RING,SIMPLE,40,0,RING,A_flag_ceiling
broadcast_perf,3,24,16384,4096,float,none,33.86,0.48,0.48,0,34.07,0.48,0.48,0,RING,SIMPLE,40,RING,SIMPLE,40,0,RING,A_flag_ceiling
broadcast_perf,3,24,32768,8192,float,none,92.91,0.35,0.35,0,90.35,0.36,0.36,0,RING,SIMPLE,40,RING,SIMPLE,40,0,RING,A_flag_ceiling
broadcast_perf,3,24,65536,16384,float,none,114.92,0.57,0.57,0,112.02,0.59,0.59,0,RING,SIMPLE,40,RING,SIMPLE,40,0,RING,A_flag_ceiling
broadcast_perf,3,24,131072,32768,float,none,121.53,1.08,1.08,0,128.07,1.02,1.02,0,RING,SIMPLE,40,RING,SIMPLE,40,0,RING,A_flag_ceiling
broadcast_perf,3,24,262144,65536,float,none,121.16,2.16,2.16,0,120.99,2.17,2.17,0,RING,SIMPLE,40,RING,SIMPLE,40,0,RING,A_flag_ceiling
broadcast_perf,3,24,524288,131072,float,none,127.71,4.11,4.11,0,124.83,4.2,4.2,0,RING,SIMPLE,40,RING,SIMPLE,40,0,RING,A_flag_ceiling
broadcast_perf,3,24,1048576,262144,float,none,148.94,7.04,7.04,0,147.99,7.09,7.09,0,RING,SIMPLE,40,RING,SIMPLE,40,0,RING,A_flag_ceiling
broadcast_perf,3,24,2097152,524288,float,none,152.24,13.78,13.78,0,159.18,13.17,13.17,0,RING,SIMPLE,40,RING,SIMPLE,40,0,RING,A_flag_ceiling
broadcast_perf,3,24,4194304,1048576,float,none,191.06,21.95,21.95,0,176.66,23.74,23.74,0,RING,SIMPLE,40,RING,SIMPLE,40,0,RING,A_flag_ceiling
broadcast_perf,3,24,8388608,2097152,float,none,200.52,41.83,41.83,0,205.63,40.79,40.79,0,RING,SIMPLE,40,RING,SIMPLE,40,0,RING,A_flag_ceiling
broadcast_perf,3,24,16777216,4194304,float,none,251.13,66.81,66.81,0,250.07,67.09,67.09,0,RING,SIMPLE,40,RING,SIMPLE,40,0,RING,A_flag_ceiling
broadcast_perf,3,24,33554432,8388608,float,none,324.06,103.54,103.54,0,326.42,102.8,102.8,0,RING,SIMPLE,40,RING,SIMPLE,40,0,RING,A_flag_ceiling
broadcast_perf,3,24,67108864,16777216,float,none,428.81,156.5,156.5,0,434.11,154.59,154.59,0,RING,SIMPLE,40,RING,SIMPLE,40,0,RING,A_flag_ceiling
broadcast_perf,3,24,134217728,33554432,float,none,706.37,190.01,190.01,0,712.51,188.37,188.37,0,RING,SIMPLE,40,RING,SIMPLE,40,0,RING,A_flag_ceiling
broadcast_perf,3,24,268435456,67108864,float,none,1097.62,244.56,244.56,0,1087.52,246.83,246.83,0,RING,SIMPLE,40,RING,SIMPLE,40,0,RING,A_flag_ceiling
broadcast_perf,3,24,536870912,134217728,float,none,2050.4,261.84,261.84,0,2052.84,261.53,261.53,0,RING,SIMPLE,40,RING,SIMPLE,40,0,RING,A_flag_ceiling
broadcast_perf,3,24,4096,1024,float,none,31.45,0.13,0.13,0,30.4,0.13,0.13,0,RING,LL,40,RING,LL,40,0,RING,A_flag_ceiling
broadcast_perf,3,24,8192,2048,float,none,55.3,0.15,0.15,0,54.25,0.15,0.15,0,RING,LL,40,RING,LL,40,0,RING,A_flag_ceiling
broadcast_perf,3,24,16384,4096,float,none,67.62,0.24,0.24,0,70.85,0.23,0.23,0,RING,LL,40,RING,LL,40,0,RING,A_flag_ceiling
broadcast_perf,3,24,32768,8192,float,none,74.86,0.44,0.44,0,75.45,0.43,0.43,0,RING,LL,40,RING,LL,40,0,RING,A_flag_ceiling
broadcast_perf,3,24,65536,16384,float,none,73.92,0.89,0.89,0,106.23,0.62,0.62,0,RING,LL,40,RING,LL,40,0,RING,A_flag_ceiling
broadcast_perf,3,24,131072,32768,float,none,84.0,1.56,1.56,0,93.82,1.4,1.4,0,RING,LL,40,RING,LL,40,0,RING,A_flag_ceiling
broadcast_perf,3,24,262144,65536,float,none,86.26,3.04,3.04,0,85.34,3.07,3.07,0,RING,LL,40,RING,LL,40,0,RING,A_flag_ceiling
broadcast_perf,3,24,524288,131072,float,none,112.85,4.65,4.65,0,104.99,4.99,4.99,0,RING,LL,40,RING,LL,40,0,RING,A_flag_ceiling
broadcast_perf,3,24,1048576,262144,float,none,120.94,8.67,8.67,0,126.54,8.29,8.29,0,RING,LL,40,RING,LL,40,0,RING,A_flag_ceiling
broadcast_perf,3,24,2097152,524288,float,none,150.43,13.94,13.94,0,150.62,13.92,13.92,0,RING,LL,40,RING,LL,40,0,RING,A_flag_ceiling
broadcast_perf,3,24,4194304,1048576,float,none,204.83,20.48,20.48,0,200.58,20.91,20.91,0,RING,LL,40,RING,LL,40,0,RING,A_flag_ceiling
broadcast_perf,3,24,8388608,2097152,float,none,331.08,25.34,25.34,0,333.7,25.14,25.14,0,RING,LL,40,RING,LL,40,0,RING,A_flag_ceiling
broadcast_perf,3,24,16777216,4194304,float,none,549.24,30.55,30.55,0,551.4,30.43,30.43,0,RING,LL,40,RING,LL,40,0,RING,A_flag_ceiling
broadcast_perf,3,24,33554432,8388608,float,none,990.41,33.88,33.88,0,983.48,34.12,34.12,0,RING,LL,40,RING,LL,40,0,RING,A_flag_ceiling
broadcast_perf,3,24,67108864,16777216,float,none,1850.77,36.26,36.26,0,1844.04,36.39,36.39,0,RING,LL,40,RING,LL,40,0,RING,A_flag_ceiling
broadcast_perf,3,24,134217728,33554432,float,none,3562.88,37.67,37.67,0,3588.35,37.4,37.4,0,RING,LL,40,RING,LL,40,0,RING,A_flag_ceiling
broadcast_perf,3,24,268435456,67108864,float,none,7104.65,37.78,37.78,0,7109.7,37.76,37.76,0,RING,LL,40,RING,LL,40,0,RING,A_flag_ceiling
broadcast_perf,3,24,536870912,134217728,float,none,14040.2,38.24,38.24,0,14207.4,37.79,37.79,0,RING,LL,40,RING,LL,40,0,RING,A_flag_ceiling
broadcast_perf,3,24,4096,1024,float,none,35.29,0.12,0.12,0,37.01,0.11,0.11,0,RING,LL128,40,RING,LL128,40,0,RING,A_flag_ceiling
broadcast_perf,3,24,8192,2048,float,none,40.92,0.2,0.2,0,30.68,0.27,0.27,0,RING,LL128,40,RING,LL128,40,0,RING,A_flag_ceiling
broadcast_perf,3,24,16384,4096,float,none,39.95,0.41,0.41,0,31.73,0.52,0.52,0,RING,LL128,40,RING,LL128,40,0,RING,A_flag_ceiling
broadcast_perf,3,24,32768,8192,float,none,91.17,0.36,0.36,0,79.16,0.41,0.41,0,RING,LL128,40,RING,LL128,40,0,RING,A_flag_ceiling
broadcast_perf,3,24,65536,16384,float,none,115.26,0.57,0.57,0,98.27,0.67,0.67,0,RING,LL128,40,RING,LL128,40,0,RING,A_flag_ceiling
broadcast_perf,3,24,131072,32768,float,none,115.02,1.14,1.14,0,123.43,1.06,1.06,0,RING,LL128,40,RING,LL128,40,0,RING,A_flag_ceiling
broadcast_perf,3,24,262144,65536,float,none,129.79,2.02,2.02,0,122.55,2.14,2.14,0,RING,LL128,40,RING,LL128,40,0,RING,A_flag_ceiling
broadcast_perf,3,24,524288,131072,float,none,98.66,5.31,5.31,0,103.45,5.07,5.07,0,RING,LL128,40,RING,LL128,40,0,RING,A_flag_ceiling
broadcast_perf,3,24,1048576,262144,float,none,158.78,6.6,6.6,0,143.16,7.32,7.32,0,RING,LL128,40,RING,LL128,40,0,RING,A_flag_ceiling
broadcast_perf,3,24,2097152,524288,float,none,150.21,13.96,13.96,0,152.36,13.76,13.76,0,RING,LL128,40,RING,LL128,40,0,RING,A_flag_ceiling
broadcast_perf,3,24,4194304,1048576,float,none,151.09,27.76,27.76,0,181.54,23.1,23.1,0,RING,LL128,40,RING,LL128,40,0,RING,A_flag_ceiling
broadcast_perf,3,24,8388608,2097152,float,none,193.48,43.36,43.36,0,196.66,42.66,42.66,0,RING,LL128,40,RING,LL128,40,0,RING,A_flag_ceiling
broadcast_perf,3,24,16777216,4194304,float,none,225.68,74.34,74.34,0,233.26,71.92,71.92,0,RING,LL128,40,RING,LL128,40,0,RING,A_flag_ceiling
broadcast_perf,3,24,33554432,8388608,float,none,295.83,113.42,113.42,0,309.67,108.36,108.36,0,RING,LL128,40,RING,LL128,40,0,RING,A_flag_ceiling
broadcast_perf,3,24,67108864,16777216,float,none,433.77,154.71,154.71,0,413.84,162.16,162.16,0,RING,LL128,40,RING,LL128,40,0,RING,A_flag_ceiling
broadcast_perf,3,24,134217728,33554432,float,none,665.28,201.75,201.75,0,670.99,200.03,200.03,0,RING,LL128,40,RING,LL128,40,0,RING,A_flag_ceiling
broadcast_perf,3,24,268435456,67108864,float,none,1258.13,213.36,213.36,0,1240.42,216.41,216.41,0,RING,LL128,40,RING,LL128,40,0,RING,A_flag_ceiling
broadcast_perf,3,24,536870912,134217728,float,none,2162.77,248.23,248.23,0,2190.18,245.13,245.13,0,RING,LL128,40,RING,LL128,40,0,RING,A_flag_ceiling
broadcast_perf,3,24,4096,1024,float,none,35.94,0.11,0.11,0,34.77,0.12,0.12,0,RING,SIMPLE,48,RING,SIMPLE,48,0,RING,A_flag_ceiling
broadcast_perf,3,24,8192,2048,float,none,35.82,0.23,0.23,0,31.79,0.26,0.26,0,RING,SIMPLE,48,RING,SIMPLE,48,0,RING,A_flag_ceiling
broadcast_perf,3,24,16384,4096,float,none,36.04,0.45,0.45,0,34.27,0.48,0.48,0,RING,SIMPLE,48,RING,SIMPLE,48,0,RING,A_flag_ceiling
broadcast_perf,3,24,32768,8192,float,none,90.84,0.36,0.36,0,88.49,0.37,0.37,0,RING,SIMPLE,48,RING,SIMPLE,48,0,RING,A_flag_ceiling
broadcast_perf,3,24,65536,16384,float,none,114.51,0.57,0.57,0,113.43,0.58,0.58,0,RING,SIMPLE,48,RING,SIMPLE,48,0,RING,A_flag_ceiling
broadcast_perf,3,24,131072,32768,float,none,118.22,1.11,1.11,0,131.31,1.0,1.0,0,RING,SIMPLE,48,RING,SIMPLE,48,0,RING,A_flag_ceiling
broadcast_perf,3,24,262144,65536,float,none,128.16,2.05,2.05,0,126.91,2.07,2.07,0,RING,SIMPLE,48,RING,SIMPLE,48,0,RING,A_flag_ceiling
broadcast_perf,3,24,524288,131072,float,none,130.95,4.0,4.0,0,126.02,4.16,4.16,0,RING,SIMPLE,48,RING,SIMPLE,48,0,RING,A_flag_ceiling
broadcast_perf,3,24,1048576,262144,float,none,176.21,5.95,5.95,0,145.34,7.21,7.21,0,RING,SIMPLE,48,RING,SIMPLE,48,0,RING,A_flag_ceiling
broadcast_perf,3,24,2097152,524288,float,none,158.49,13.23,13.23,0,160.52,13.06,13.06,0,RING,SIMPLE,48,RING,SIMPLE,48,0,RING,A_flag_ceiling
broadcast_perf,3,24,4194304,1048576,float,none,173.84,24.13,24.13,0,183.75,22.83,22.83,0,RING,SIMPLE,48,RING,SIMPLE,48,0,RING,A_flag_ceiling
broadcast_perf,3,24,8388608,2097152,float,none,208.21,40.29,40.29,0,197.0,42.58,42.58,0,RING,SIMPLE,48,RING,SIMPLE,48,0,RING,A_flag_ceiling
broadcast_perf,3,24,16777216,4194304,float,none,249.61,67.21,67.21,0,239.94,69.92,69.92,0,RING,SIMPLE,48,RING,SIMPLE,48,0,RING,A_flag_ceiling
broadcast_perf,3,24,33554432,8388608,float,none,322.12,104.17,104.17,0,321.66,104.32,104.32,0,RING,SIMPLE,48,RING,SIMPLE,48,0,RING,A_flag_ceiling
broadcast_perf,3,24,67108864,16777216,float,none,437.97,153.23,153.23,0,436.56,153.72,153.72,0,RING,SIMPLE,48,RING,SIMPLE,48,0,RING,A_flag_ceiling
broadcast_perf,3,24,134217728,33554432,float,none,726.03,184.87,184.87,0,727.04,184.61,184.61,0,RING,SIMPLE,48,RING,SIMPLE,48,0,RING,A_flag_ceiling
broadcast_perf,3,24,268435456,67108864,float,none,1105.38,242.85,242.85,0,1106.24,242.66,242.66,0,RING,SIMPLE,48,RING,SIMPLE,48,0,RING,A_flag_ceiling
broadcast_perf,3,24,536870912,134217728,float,none,2093.26,256.48,256.48,0,2100.24,255.62,255.62,0,RING,SIMPLE,48,RING,SIMPLE,48,0,RING,A_flag_ceiling
broadcast_perf,3,24,4096,1024,float,none,34.13,0.12,0.12,0,28.02,0.15,0.15,0,RING,LL,48,RING,LL,48,0,RING,A_flag_ceiling
broadcast_perf,3,24,8192,2048,float,none,74.22,0.11,0.11,0,58.07,0.14,0.14,0,RING,LL,48,RING,LL,48,0,RING,A_flag_ceiling
broadcast_perf,3,24,16384,4096,float,none,72.88,0.22,0.22,0,71.21,0.23,0.23,0,RING,LL,48,RING,LL,48,0,RING,A_flag_ceiling
broadcast_perf,3,24,32768,8192,float,none,72.93,0.45,0.45,0,74.38,0.44,0.44,0,RING,LL,48,RING,LL,48,0,RING,A_flag_ceiling
broadcast_perf,3,24,65536,16384,float,none,78.92,0.83,0.83,0,77.88,0.84,0.84,0,RING,LL,48,RING,LL,48,0,RING,A_flag_ceiling
broadcast_perf,3,24,131072,32768,float,none,91.27,1.44,1.44,0,77.04,1.7,1.7,0,RING,LL,48,RING,LL,48,0,RING,A_flag_ceiling
broadcast_perf,3,24,262144,65536,float,none,91.85,2.85,2.85,0,89.55,2.93,2.93,0,RING,LL,48,RING,LL,48,0,RING,A_flag_ceiling
broadcast_perf,3,24,524288,131072,float,none,102.92,5.09,5.09,0,100.35,5.22,5.22,0,RING,LL,48,RING,LL,48,0,RING,A_flag_ceiling
broadcast_perf,3,24,1048576,262144,float,none,128.15,8.18,8.18,0,128.81,8.14,8.14,0,RING,LL,48,RING,LL,48,0,RING,A_flag_ceiling
broadcast_perf,3,24,2097152,524288,float,none,157.23,13.34,13.34,0,159.83,13.12,13.12,0,RING,LL,48,RING,LL,48,0,RING,A_flag_ceiling
broadcast_perf,3,24,4194304,1048576,float,none,226.51,18.52,18.52,0,222.66,18.84,18.84,0,RING,LL,48,RING,LL,48,0,RING,A_flag_ceiling
broadcast_perf,3,24,8388608,2097152,float,none,381.63,21.98,21.98,0,385.06,21.79,21.79,0,RING,LL,48,RING,LL,48,0,RING,A_flag_ceiling
broadcast_perf,3,24,16777216,4194304,float,none,636.74,26.35,26.35,0,629.1,26.67,26.67,0,RING,LL,48,RING,LL,48,0,RING,A_flag_ceiling
broadcast_perf,3,24,33554432,8388608,float,none,1149.63,29.19,29.19,0,1142.67,29.36,29.36,0,RING,LL,48,RING,LL,48,0,RING,A_flag_ceiling
broadcast_perf,3,24,67108864,16777216,float,none,2170.69,30.92,30.92,0,2178.07,30.81,30.81,0,RING,LL,48,RING,LL,48,0,RING,A_flag_ceiling
broadcast_perf,3,24,134217728,33554432,float,none,4198.47,31.97,31.97,0,4199.49,31.96,31.96,0,RING,LL,48,RING,LL,48,0,RING,A_flag_ceiling
broadcast_perf,3,24,268435456,67108864,float,none,8311.3,32.3,32.3,0,8368.06,32.08,32.08,0,RING,LL,48,RING,LL,48,0,RING,A_flag_ceiling
broadcast_perf,3,24,536870912,134217728,float,none,16477.6,32.58,32.58,0,16545.0,32.45,32.45,0,RING,LL,48,RING,LL,48,0,RING,A_flag_ceiling
broadcast_perf,3,24,4096,1024,float,none,33.23,0.12,0.12,0,35.76,0.11,0.11,0,RING,LL128,48,RING,LL128,48,0,RING,A_flag_ceiling
broadcast_perf,3,24,8192,2048,float,none,35.26,0.23,0.23,0,36.07,0.23,0.23,0,RING,LL128,48,RING,LL128,48,0,RING,A_flag_ceiling
broadcast_perf,3,24,16384,4096,float,none,35.58,0.46,0.46,0,37.44,0.44,0.44,0,RING,LL128,48,RING,LL128,48,0,RING,A_flag_ceiling
broadcast_perf,3,24,32768,8192,float,none,78.59,0.42,0.42,0,84.28,0.39,0.39,0,RING,LL128,48,RING,LL128,48,0,RING,A_flag_ceiling
broadcast_perf,3,24,65536,16384,float,none,99.5,0.66,0.66,0,124.94,0.52,0.52,0,RING,LL128,48,RING,LL128,48,0,RING,A_flag_ceiling
broadcast_perf,3,24,131072,32768,float,none,114.53,1.14,1.14,0,114.43,1.15,1.15,0,RING,LL128,48,RING,LL128,48,0,RING,A_flag_ceiling
broadcast_perf,3,24,262144,65536,float,none,119.88,2.19,2.19,0,134.27,1.95,1.95,0,RING,LL128,48,RING,LL128,48,0,RING,A_flag_ceiling
broadcast_perf,3,24,524288,131072,float,none,118.02,4.44,4.44,0,107.37,4.88,4.88,0,RING,LL128,48,RING,LL128,48,0,RING,A_flag_ceiling
broadcast_perf,3,24,1048576,262144,float,none,127.12,8.25,8.25,0,140.85,7.44,7.44,0,RING,LL128,48,RING,LL128,48,0,RING,A_flag_ceiling
broadcast_perf,3,24,2097152,524288,float,none,146.15,14.35,14.35,0,139.36,15.05,15.05,0,RING,LL128,48,RING,LL128,48,0,RING,A_flag_ceiling
broadcast_perf,3,24,4194304,1048576,float,none,187.18,22.41,22.41,0,158.46,26.47,26.47,0,RING,LL128,48,RING,LL128,48,0,RING,A_flag_ceiling
broadcast_perf,3,24,8388608,2097152,float,none,197.86,42.4,42.4,0,188.47,44.51,44.51,0,RING,LL128,48,RING,LL128,48,0,RING,A_flag_ceiling
broadcast_perf,3,24,16777216,4194304,float,none,215.72,77.77,77.77,0,231.08,72.6,72.6,0,RING,LL128,48,RING,LL128,48,0,RING,A_flag_ceiling
broadcast_perf,3,24,33554432,8388608,float,none,290.77,115.4,115.4,0,289.35,115.97,115.97,0,RING,LL128,48,RING,LL128,48,0,RING,A_flag_ceiling
broadcast_perf,3,24,67108864,16777216,float,none,436.33,153.8,153.8,0,422.3,158.91,158.91,0,RING,LL128,48,RING,LL128,48,0,RING,A_flag_ceiling
broadcast_perf,3,24,134217728,33554432,float,none,624.69,214.86,214.86,0,630.91,212.74,212.74,0,RING,LL128,48,RING,LL128,48,0,RING,A_flag_ceiling
broadcast_perf,3,24,268435456,67108864,float,none,1137.17,236.06,236.06,0,1132.65,237.0,237.0,0,RING,LL128,48,RING,LL128,48,0,RING,A_flag_ceiling
broadcast_perf,3,24,536870912,134217728,float,none,1982.66,270.78,270.78,0,1981.12,270.99,270.99,0,RING,LL128,48,RING,LL128,48,0,RING,A_flag_ceiling
broadcast_perf,3,24,4096,1024,float,none,36.25,0.11,0.11,0,35.25,0.12,0.12,0,RING,SIMPLE,1,RING,SIMPLE,1,0,RING,A_flag_ceiling
broadcast_perf,3,24,8192,2048,float,none,38.16,0.21,0.21,0,30.48,0.27,0.27,0,RING,SIMPLE,1,RING,SIMPLE,1,0,RING,A_flag_ceiling
broadcast_perf,3,24,16384,4096,float,none,33.8,0.48,0.48,0,37.36,0.44,0.44,0,RING,SIMPLE,1,RING,SIMPLE,1,0,RING,A_flag_ceiling
broadcast_perf,3,24,32768,8192,float,none,40.04,0.82,0.82,0,38.81,0.84,0.84,0,RING,SIMPLE,1,RING,SIMPLE,1,0,RING,A_flag_ceiling
broadcast_perf,3,24,65536,16384,float,none,42.66,1.54,1.54,0,43.84,1.49,1.49,0,RING,SIMPLE,1,RING,SIMPLE,1,0,RING,A_flag_ceiling
broadcast_perf,3,24,131072,32768,float,none,53.48,2.45,2.45,0,50.87,2.58,2.58,0,RING,SIMPLE,1,RING,SIMPLE,1,0,RING,A_flag_ceiling
broadcast_perf,3,24,262144,65536,float,none,75.98,3.45,3.45,0,73.15,3.58,3.58,0,RING,SIMPLE,1,RING,SIMPLE,1,0,RING,A_flag_ceiling
broadcast_perf,3,24,524288,131072,float,none,89.15,5.88,5.88,0,88.63,5.92,5.92,0,RING,SIMPLE,1,RING,SIMPLE,1,0,RING,A_flag_ceiling
broadcast_perf,3,24,1048576,262144,float,none,156.45,6.7,6.7,0,148.28,7.07,7.07,0,RING,SIMPLE,1,RING,SIMPLE,1,0,RING,A_flag_ceiling
broadcast_perf,3,24,2097152,524288,float,none,218.78,9.59,9.59,0,218.51,9.6,9.6,0,RING,SIMPLE,1,RING,SIMPLE,1,0,RING,A_flag_ceiling
broadcast_perf,3,24,4194304,1048576,float,none,390.16,10.75,10.75,0,391.4,10.72,10.72,0,RING,SIMPLE,1,RING,SIMPLE,1,0,RING,A_flag_ceiling
broadcast_perf,3,24,8388608,2097152,float,none,655.49,12.8,12.8,0,657.61,12.76,12.76,0,RING,SIMPLE,1,RING,SIMPLE,1,0,RING,A_flag_ceiling
broadcast_perf,3,24,16777216,4194304,float,none,1294.26,12.96,12.96,0,1301.46,12.89,12.89,0,RING,SIMPLE,1,RING,SIMPLE,1,0,RING,A_flag_ceiling
broadcast_perf,3,24,33554432,8388608,float,none,2510.28,13.37,13.37,0,2503.42,13.4,13.4,0,RING,SIMPLE,1,RING,SIMPLE,1,0,RING,A_flag_ceiling
broadcast_perf,3,24,67108864,16777216,float,none,5046.72,13.3,13.3,0,5037.75,13.32,13.32,0,RING,SIMPLE,1,RING,SIMPLE,1,0,RING,A_flag_ceiling
broadcast_perf,3,24,134217728,33554432,float,none,10159.7,13.21,13.21,0,10081.6,13.31,13.31,0,RING,SIMPLE,1,RING,SIMPLE,1,0,RING,A_flag_ceiling
broadcast_perf,3,24,268435456,67108864,float,none,20288.3,13.23,13.23,0,20280.9,13.24,13.24,0,RING,SIMPLE,1,RING,SIMPLE,1,0,RING,A_flag_ceiling
broadcast_perf,3,24,536870912,134217728,float,none,40543.1,13.24,13.24,0,40434.6,13.28,13.28,0,RING,SIMPLE,1,RING,SIMPLE,1,0,RING,A_flag_ceiling
broadcast_perf,3,24,4096,1024,float,none,29.77,0.14,0.14,0,29.23,0.14,0.14,0,RING,LL,1,RING,LL,1,0,RING,A_flag_ceiling
broadcast_perf,3,24,8192,2048,float,none,32.21,0.25,0.25,0,29.24,0.28,0.28,0,RING,LL,1,RING,LL,1,0,RING,A_flag_ceiling
broadcast_perf,3,24,16384,4096,float,none,34.79,0.47,0.47,0,35.12,0.47,0.47,0,RING,LL,1,RING,LL,1,0,RING,A_flag_ceiling
broadcast_perf,3,24,32768,8192,float,none,39.13,0.84,0.84,0,37.59,0.87,0.87,0,RING,LL,1,RING,LL,1,0,RING,A_flag_ceiling
broadcast_perf,3,24,65536,16384,float,none,50.34,1.3,1.3,0,49.69,1.32,1.32,0,RING,LL,1,RING,LL,1,0,RING,A_flag_ceiling
broadcast_perf,3,24,131072,32768,float,none,77.07,1.7,1.7,0,76.83,1.71,1.71,0,RING,LL,1,RING,LL,1,0,RING,A_flag_ceiling
broadcast_perf,3,24,262144,65536,float,none,133.12,1.97,1.97,0,145.75,1.8,1.8,0,RING,LL,1,RING,LL,1,0,RING,A_flag_ceiling
broadcast_perf,3,24,524288,131072,float,none,249.29,2.1,2.1,0,246.73,2.12,2.12,0,RING,LL,1,RING,LL,1,0,RING,A_flag_ceiling
broadcast_perf,3,24,1048576,262144,float,none,490.32,2.14,2.14,0,486.1,2.16,2.16,0,RING,LL,1,RING,LL,1,0,RING,A_flag_ceiling
broadcast_perf,3,24,2097152,524288,float,none,965.93,2.17,2.17,0,970.56,2.16,2.16,0,RING,LL,1,RING,LL,1,0,RING,A_flag_ceiling
broadcast_perf,3,24,4194304,1048576,float,none,1925.32,2.18,2.18,0,1925.22,2.18,2.18,0,RING,LL,1,RING,LL,1,0,RING,A_flag_ceiling
broadcast_perf,3,24,8388608,2097152,float,none,3870.32,2.17,2.17,0,3881.72,2.16,2.16,0,RING,LL,1,RING,LL,1,0,RING,A_flag_ceiling
broadcast_perf,3,24,16777216,4194304,float,none,7760.86,2.16,2.16,0,7780.23,2.16,2.16,0,RING,LL,1,RING,LL,1,0,RING,A_flag_ceiling
broadcast_perf,3,24,33554432,8388608,float,none,15540.4,2.16,2.16,0,15527.7,2.16,2.16,0,RING,LL,1,RING,LL,1,0,RING,A_flag_ceiling
broadcast_perf,3,24,67108864,16777216,float,none,31141.4,2.15,2.15,0,31269.0,2.15,2.15,0,RING,LL,1,RING,LL,1,0,RING,A_flag_ceiling
broadcast_perf,3,24,134217728,33554432,float,none,62724.7,2.14,2.14,0,62821.5,2.14,2.14,0,RING,LL,1,RING,LL,1,0,RING,A_flag_ceiling
broadcast_perf,3,24,268435456,67108864,float,none,125022.0,2.15,2.15,0,124916.0,2.15,2.15,0,RING,LL,1,RING,LL,1,0,RING,A_flag_ceiling
broadcast_perf,3,24,536870912,134217728,float,none,250202.0,2.15,2.15,0,249112.0,2.16,2.16,0,RING,LL,1,RING,LL,1,0,RING,A_flag_ceiling
broadcast_perf,3,24,4096,1024,float,none,33.77,0.12,0.12,0,28.86,0.14,0.14,0,RING,LL128,1,RING,LL128,1,0,RING,A_flag_ceiling
broadcast_perf,3,24,8192,2048,float,none,30.85,0.27,0.27,0,30.07,0.27,0.27,0,RING,LL128,1,RING,LL128,1,0,RING,A_flag_ceiling
broadcast_perf,3,24,16384,4096,float,none,34.22,0.48,0.48,0,33.32,0.49,0.49,0,RING,LL128,1,RING,LL128,1,0,RING,A_flag_ceiling
broadcast_perf,3,24,32768,8192,float,none,34.11,0.96,0.96,0,33.17,0.99,0.99,0,RING,LL128,1,RING,LL128,1,0,RING,A_flag_ceiling
broadcast_perf,3,24,65536,16384,float,none,33.63,1.95,1.95,0,37.05,1.77,1.77,0,RING,LL128,1,RING,LL128,1,0,RING,A_flag_ceiling
broadcast_perf,3,24,131072,32768,float,none,45.33,2.89,2.89,0,42.83,3.06,3.06,0,RING,LL128,1,RING,LL128,1,0,RING,A_flag_ceiling
broadcast_perf,3,24,262144,65536,float,none,55.58,4.72,4.72,0,56.73,4.62,4.62,0,RING,LL128,1,RING,LL128,1,0,RING,A_flag_ceiling
broadcast_perf,3,24,524288,131072,float,none,78.29,6.7,6.7,0,78.75,6.66,6.66,0,RING,LL128,1,RING,LL128,1,0,RING,A_flag_ceiling
broadcast_perf,3,24,1048576,262144,float,none,137.75,7.61,7.61,0,137.06,7.65,7.65,0,RING,LL128,1,RING,LL128,1,0,RING,A_flag_ceiling
broadcast_perf,3,24,2097152,524288,float,none,249.01,8.42,8.42,0,249.16,8.42,8.42,0,RING,LL128,1,RING,LL128,1,0,RING,A_flag_ceiling
broadcast_perf,3,24,4194304,1048576,float,none,483.84,8.67,8.67,0,479.39,8.75,8.75,0,RING,LL128,1,RING,LL128,1,0,RING,A_flag_ceiling
broadcast_perf,3,24,8388608,2097152,float,none,952.86,8.8,8.8,0,949.39,8.84,8.84,0,RING,LL128,1,RING,LL128,1,0,RING,A_flag_ceiling
broadcast_perf,3,24,16777216,4194304,float,none,1889.39,8.88,8.88,0,1889.79,8.88,8.88,0,RING,LL128,1,RING,LL128,1,0,RING,A_flag_ceiling
broadcast_perf,3,24,33554432,8388608,float,none,3723.66,9.01,9.01,0,3773.1,8.89,8.89,0,RING,LL128,1,RING,LL128,1,0,RING,A_flag_ceiling
broadcast_perf,3,24,67108864,16777216,float,none,7500.69,8.95,8.95,0,7418.83,9.05,9.05,0,RING,LL128,1,RING,LL128,1,0,RING,A_flag_ceiling
broadcast_perf,3,24,134217728,33554432,float,none,14924.3,8.99,8.99,0,14940.7,8.98,8.98,0,RING,LL128,1,RING,LL128,1,0,RING,A_flag_ceiling
broadcast_perf,3,24,268435456,67108864,float,none,29947.2,8.96,8.96,0,29930.7,8.97,8.97,0,RING,LL128,1,RING,LL128,1,0,RING,A_flag_ceiling
broadcast_perf,3,24,536870912,134217728,float,none,59782.7,8.98,8.98,0,59931.3,8.96,8.96,0,RING,LL128,1,RING,LL128,1,0,RING,A_flag_ceiling
broadcast_perf,3,24,4096,1024,float,none,35.81,0.11,0.11,0,32.13,0.13,0.13,0,RING,SIMPLE,2,RING,SIMPLE,2,0,RING,A_flag_ceiling
broadcast_perf,3,24,8192,2048,float,none,33.87,0.24,0.24,0,32.94,0.25,0.25,0,RING,SIMPLE,2,RING,SIMPLE,2,0,RING,A_flag_ceiling
broadcast_perf,3,24,16384,4096,float,none,34.12,0.48,0.48,0,39.99,0.41,0.41,0,RING,SIMPLE,2,RING,SIMPLE,2,0,RING,A_flag_ceiling
broadcast_perf,3,24,32768,8192,float,none,88.29,0.37,0.37,0,93.01,0.35,0.35,0,RING,SIMPLE,2,RING,SIMPLE,2,0,RING,A_flag_ceiling
broadcast_perf,3,24,65536,16384,float,none,101.14,0.65,0.65,0,100.45,0.65,0.65,0,RING,SIMPLE,2,RING,SIMPLE,2,0,RING,A_flag_ceiling
broadcast_perf,3,24,131072,32768,float,none,112.16,1.17,1.17,0,112.22,1.17,1.17,0,RING,SIMPLE,2,RING,SIMPLE,2,0,RING,A_flag_ceiling
broadcast_perf,3,24,262144,65536,float,none,113.62,2.31,2.31,0,116.64,2.25,2.25,0,RING,SIMPLE,2,RING,SIMPLE,2,0,RING,A_flag_ceiling
broadcast_perf,3,24,524288,131072,float,none,144.98,3.62,3.62,0,145.28,3.61,3.61,0,RING,SIMPLE,2,RING,SIMPLE,2,0,RING,A_flag_ceiling
broadcast_perf,3,24,1048576,262144,float,none,182.1,5.76,5.76,0,181.88,5.77,5.77,0,RING,SIMPLE,2,RING,SIMPLE,2,0,RING,A_flag_ceiling
broadcast_perf,3,24,2097152,524288,float,none,236.67,8.86,8.86,0,238.6,8.79,8.79,0,RING,SIMPLE,2,RING,SIMPLE,2,0,RING,A_flag_ceiling
broadcast_perf,3,24,4194304,1048576,float,none,357.21,11.74,11.74,0,357.74,11.72,11.72,0,RING,SIMPLE,2,RING,SIMPLE,2,0,RING,A_flag_ceiling
broadcast_perf,3,24,8388608,2097152,float,none,522.67,16.05,16.05,0,527.0,15.92,15.92,0,RING,SIMPLE,2,RING,SIMPLE,2,0,RING,A_flag_ceiling
broadcast_perf,3,24,16777216,4194304,float,none,893.91,18.77,18.77,0,893.29,18.78,18.78,0,RING,SIMPLE,2,RING,SIMPLE,2,0,RING,A_flag_ceiling
broadcast_perf,3,24,33554432,8388608,float,none,1516.56,22.13,22.13,0,1516.11,22.13,22.13,0,RING,SIMPLE,2,RING,SIMPLE,2,0,RING,A_flag_ceiling
broadcast_perf,3,24,67108864,16777216,float,none,2901.76,23.13,23.13,0,2910.83,23.05,23.05,0,RING,SIMPLE,2,RING,SIMPLE,2,0,RING,A_flag_ceiling
broadcast_perf,3,24,134217728,33554432,float,none,5301.25,25.32,25.32,0,5315.99,25.25,25.25,0,RING,SIMPLE,2,RING,SIMPLE,2,0,RING,A_flag_ceiling
broadcast_perf,3,24,268435456,67108864,float,none,10173.7,26.39,26.39,0,10177.8,26.37,26.37,0,RING,SIMPLE,2,RING,SIMPLE,2,0,RING,A_flag_ceiling
broadcast_perf,3,24,536870912,134217728,float,none,21958.8,24.45,24.45,0,20141.7,26.65,26.65,0,RING,SIMPLE,2,RING,SIMPLE,2,0,RING,A_flag_ceiling
broadcast_perf,3,24,4096,1024,float,none,30.75,0.13,0.13,0,29.22,0.14,0.14,0,RING,LL,2,RING,LL,2,0,RING,A_flag_ceiling
broadcast_perf,3,24,8192,2048,float,none,51.56,0.16,0.16,0,52.75,0.16,0.16,0,RING,LL,2,RING,LL,2,0,RING,A_flag_ceiling
broadcast_perf,3,24,16384,4096,float,none,55.95,0.29,0.29,0,56.59,0.29,0.29,0,RING,LL,2,RING,LL,2,0,RING,A_flag_ceiling
broadcast_perf,3,24,32768,8192,float,none,61.11,0.54,0.54,0,65.67,0.5,0.5,0,RING,LL,2,RING,LL,2,0,RING,A_flag_ceiling
broadcast_perf,3,24,65536,16384,float,none,70.31,0.93,0.93,0,68.9,0.95,0.95,0,RING,LL,2,RING,LL,2,0,RING,A_flag_ceiling
broadcast_perf,3,24,131072,32768,float,none,90.48,1.45,1.45,0,84.46,1.55,1.55,0,RING,LL,2,RING,LL,2,0,RING,A_flag_ceiling
broadcast_perf,3,24,262144,65536,float,none,116.62,2.25,2.25,0,122.92,2.13,2.13,0,RING,LL,2,RING,LL,2,0,RING,A_flag_ceiling
broadcast_perf,3,24,524288,131072,float,none,182.62,2.87,2.87,0,180.27,2.91,2.91,0,RING,LL,2,RING,LL,2,0,RING,A_flag_ceiling
broadcast_perf,3,24,1048576,262144,float,none,295.95,3.54,3.54,0,296.8,3.53,3.53,0,RING,LL,2,RING,LL,2,0,RING,A_flag_ceiling
broadcast_perf,3,24,2097152,524288,float,none,525.41,3.99,3.99,0,518.82,4.04,4.04,0,RING,LL,2,RING,LL,2,0,RING,A_flag_ceiling
broadcast_perf,3,24,4194304,1048576,float,none,983.32,4.27,4.27,0,984.28,4.26,4.26,0,RING,LL,2,RING,LL,2,0,RING,A_flag_ceiling
broadcast_perf,3,24,8388608,2097152,float,none,1917.1,4.38,4.38,0,1918.56,4.37,4.37,0,RING,LL,2,RING,LL,2,0,RING,A_flag_ceiling
broadcast_perf,3,24,16777216,4194304,float,none,3865.4,4.34,4.34,0,3847.92,4.36,4.36,0,RING,LL,2,RING,LL,2,0,RING,A_flag_ceiling
broadcast_perf,3,24,33554432,8388608,float,none,7731.2,4.34,4.34,0,7725.83,4.34,4.34,0,RING,LL,2,RING,LL,2,0,RING,A_flag_ceiling
broadcast_perf,3,24,67108864,16777216,float,none,15492.7,4.33,4.33,0,15501.8,4.33,4.33,0,RING,LL,2,RING,LL,2,0,RING,A_flag_ceiling
broadcast_perf,3,24,134217728,33554432,float,none,30943.9,4.34,4.34,0,30984.7,4.33,4.33,0,RING,LL,2,RING,LL,2,0,RING,A_flag_ceiling
broadcast_perf,3,24,268435456,67108864,float,none,61983.2,4.33,4.33,0,61954.8,4.33,4.33,0,RING,LL,2,RING,LL,2,0,RING,A_flag_ceiling
broadcast_perf,3,24,536870912,134217728,float,none,124201.0,4.32,4.32,0,124626.0,4.31,4.31,0,RING,LL,2,RING,LL,2,0,RING,A_flag_ceiling
broadcast_perf,3,24,4096,1024,float,none,34.49,0.12,0.12,0,33.33,0.12,0.12,0,RING,LL128,2,RING,LL128,2,0,RING,A_flag_ceiling
broadcast_perf,3,24,8192,2048,float,none,32.68,0.25,0.25,0,32.95,0.25,0.25,0,RING,LL128,2,RING,LL128,2,0,RING,A_flag_ceiling
broadcast_perf,3,24,16384,4096,float,none,37.0,0.44,0.44,0,36.85,0.44,0.44,0,RING,LL128,2,RING,LL128,2,0,RING,A_flag_ceiling
broadcast_perf,3,24,32768,8192,float,none,80.37,0.41,0.41,0,78.29,0.42,0.42,0,RING,LL128,2,RING,LL128,2,0,RING,A_flag_ceiling
broadcast_perf,3,24,65536,16384,float,none,84.49,0.78,0.78,0,86.6,0.76,0.76,0,RING,LL128,2,RING,LL128,2,0,RING,A_flag_ceiling
broadcast_perf,3,24,131072,32768,float,none,94.02,1.39,1.39,0,92.79,1.41,1.41,0,RING,LL128,2,RING,LL128,2,0,RING,A_flag_ceiling
broadcast_perf,3,24,262144,65536,float,none,100.45,2.61,2.61,0,96.06,2.73,2.73,0,RING,LL128,2,RING,LL128,2,0,RING,A_flag_ceiling
broadcast_perf,3,24,524288,131072,float,none,113.53,4.62,4.62,0,113.72,4.61,4.61,0,RING,LL128,2,RING,LL128,2,0,RING,A_flag_ceiling
broadcast_perf,3,24,1048576,262144,float,none,138.2,7.59,7.59,0,142.33,7.37,7.37,0,RING,LL128,2,RING,LL128,2,0,RING,A_flag_ceiling
broadcast_perf,3,24,2097152,524288,float,none,189.41,11.07,11.07,0,195.13,10.75,10.75,0,RING,LL128,2,RING,LL128,2,0,RING,A_flag_ceiling
broadcast_perf,3,24,4194304,1048576,float,none,322.6,13.0,13.0,0,312.76,13.41,13.41,0,RING,LL128,2,RING,LL128,2,0,RING,A_flag_ceiling
broadcast_perf,3,24,8388608,2097152,float,none,524.56,15.99,15.99,0,540.19,15.53,15.53,0,RING,LL128,2,RING,LL128,2,0,RING,A_flag_ceiling
broadcast_perf,3,24,16777216,4194304,float,none,981.16,17.1,17.1,0,987.8,16.98,16.98,0,RING,LL128,2,RING,LL128,2,0,RING,A_flag_ceiling
broadcast_perf,3,24,33554432,8388608,float,none,1926.47,17.42,17.42,0,1976.85,16.97,16.97,0,RING,LL128,2,RING,LL128,2,0,RING,A_flag_ceiling
broadcast_perf,3,24,67108864,16777216,float,none,3748.2,17.9,17.9,0,3747.31,17.91,17.91,0,RING,LL128,2,RING,LL128,2,0,RING,A_flag_ceiling
broadcast_perf,3,24,134217728,33554432,float,none,7514.41,17.86,17.86,0,7443.95,18.03,18.03,0,RING,LL128,2,RING,LL128,2,0,RING,A_flag_ceiling
broadcast_perf,3,24,268435456,67108864,float,none,14986.9,17.91,17.91,0,17132.0,15.67,15.67,0,RING,LL128,2,RING,LL128,2,0,RING,A_flag_ceiling
broadcast_perf,3,24,536870912,134217728,float,none,29777.7,18.03,18.03,0,29871.0,17.97,17.97,0,RING,LL128,2,RING,LL128,2,0,RING,A_flag_ceiling
broadcast_perf,3,24,4096,1024,float,none,40.35,0.1,0.1,0,35.04,0.12,0.12,0,RING,SIMPLE,4,RING,SIMPLE,4,0,RING,A_flag_ceiling
broadcast_perf,3,24,8192,2048,float,none,38.99,0.21,0.21,0,35.1,0.23,0.23,0,RING,SIMPLE,4,RING,SIMPLE,4,0,RING,A_flag_ceiling
broadcast_perf,3,24,16384,4096,float,none,35.99,0.46,0.46,0,33.82,0.48,0.48,0,RING,SIMPLE,4,RING,SIMPLE,4,0,RING,A_flag_ceiling
broadcast_perf,3,24,32768,8192,float,none,99.27,0.33,0.33,0,88.89,0.37,0.37,0,RING,SIMPLE,4,RING,SIMPLE,4,0,RING,A_flag_ceiling
broadcast_perf,3,24,65536,16384,float,none,131.07,0.5,0.5,0,125.75,0.52,0.52,0,RING,SIMPLE,4,RING,SIMPLE,4,0,RING,A_flag_ceiling
broadcast_perf,3,24,131072,32768,float,none,144.85,0.9,0.9,0,160.85,0.81,0.81,0,RING,SIMPLE,4,RING,SIMPLE,4,0,RING,A_flag_ceiling
broadcast_perf,3,24,262144,65536,float,none,152.52,1.72,1.72,0,150.52,1.74,1.74,0,RING,SIMPLE,4,RING,SIMPLE,4,0,RING,A_flag_ceiling
broadcast_perf,3,24,524288,131072,float,none,156.79,3.34,3.34,0,156.6,3.35,3.35,0,RING,SIMPLE,4,RING,SIMPLE,4,0,RING,A_flag_ceiling
broadcast_perf,3,24,1048576,262144,float,none,188.71,5.56,5.56,0,186.39,5.63,5.63,0,RING,SIMPLE,4,RING,SIMPLE,4,0,RING,A_flag_ceiling
broadcast_perf,3,24,2097152,524288,float,none,236.31,8.87,8.87,0,251.92,8.32,8.32,0,RING,SIMPLE,4,RING,SIMPLE,4,0,RING,A_flag_ceiling
broadcast_perf,3,24,4194304,1048576,float,none,305.84,13.71,13.71,0,311.13,13.48,13.48,0,RING,SIMPLE,4,RING,SIMPLE,4,0,RING,A_flag_ceiling
broadcast_perf,3,24,8388608,2097152,float,none,453.74,18.49,18.49,0,460.25,18.23,18.23,0,RING,SIMPLE,4,RING,SIMPLE,4,0,RING,A_flag_ceiling
broadcast_perf,3,24,16777216,4194304,float,none,638.59,26.27,26.27,0,644.24,26.04,26.04,0,RING,SIMPLE,4,RING,SIMPLE,4,0,RING,A_flag_ceiling
broadcast_perf,3,24,33554432,8388608,float,none,1075.3,31.2,31.2,0,1131.97,29.64,29.64,0,RING,SIMPLE,4,RING,SIMPLE,4,0,RING,A_flag_ceiling
broadcast_perf,3,24,67108864,16777216,float,none,1731.82,38.75,38.75,0,1729.54,38.8,38.8,0,RING,SIMPLE,4,RING,SIMPLE,4,0,RING,A_flag_ceiling
broadcast_perf,3,24,134217728,33554432,float,none,3268.5,41.06,41.06,0,3257.52,41.2,41.2,0,RING,SIMPLE,4,RING,SIMPLE,4,0,RING,A_flag_ceiling
broadcast_perf,3,24,268435456,67108864,float,none,5749.95,46.68,46.68,0,5753.84,46.65,46.65,0,RING,SIMPLE,4,RING,SIMPLE,4,0,RING,A_flag_ceiling
broadcast_perf,3,24,536870912,134217728,float,none,10783.4,49.79,49.79,0,10808.8,49.67,49.67,0,RING,SIMPLE,4,RING,SIMPLE,4,0,RING,A_flag_ceiling
broadcast_perf,3,24,4096,1024,float,none,31.73,0.13,0.13,0,27.78,0.15,0.15,0,RING,LL,4,RING,LL,4,0,RING,A_flag_ceiling
broadcast_perf,3,24,8192,2048,float,none,53.45,0.15,0.15,0,52.52,0.16,0.16,0,RING,LL,4,RING,LL,4,0,RING,A_flag_ceiling
broadcast_perf,3,24,16384,4096,float,none,67.96,0.24,0.24,0,67.9,0.24,0.24,0,RING,LL,4,RING,LL,4,0,RING,A_flag_ceiling
broadcast_perf,3,24,32768,8192,float,none,74.89,0.44,0.44,0,74.28,0.44,0.44,0,RING,LL,4,RING,LL,4,0,RING,A_flag_ceiling
broadcast_perf,3,24,65536,16384,float,none,91.5,0.72,0.72,0,87.58,0.75,0.75,0,RING,LL,4,RING,LL,4,0,RING,A_flag_ceiling
broadcast_perf,3,24,131072,32768,float,none,95.77,1.37,1.37,0,97.43,1.35,1.35,0,RING,LL,4,RING,LL,4,0,RING,A_flag_ceiling
broadcast_perf,3,24,262144,65536,float,none,112.92,2.32,2.32,0,117.04,2.24,2.24,0,RING,LL,4,RING,LL,4,0,RING,A_flag_ceiling
broadcast_perf,3,24,524288,131072,float,none,142.81,3.67,3.67,0,143.29,3.66,3.66,0,RING,LL,4,RING,LL,4,0,RING,A_flag_ceiling
broadcast_perf,3,24,1048576,262144,float,none,205.77,5.1,5.1,0,202.9,5.17,5.17,0,RING,LL,4,RING,LL,4,0,RING,A_flag_ceiling
broadcast_perf,3,24,2097152,524288,float,none,319.57,6.56,6.56,0,317.75,6.6,6.6,0,RING,LL,4,RING,LL,4,0,RING,A_flag_ceiling
broadcast_perf,3,24,4194304,1048576,float,none,556.26,7.54,7.54,0,549.07,7.64,7.64,0,RING,LL,4,RING,LL,4,0,RING,A_flag_ceiling
broadcast_perf,3,24,8388608,2097152,float,none,1017.54,8.24,8.24,0,1024.33,8.19,8.19,0,RING,LL,4,RING,LL,4,0,RING,A_flag_ceiling
broadcast_perf,3,24,16777216,4194304,float,none,1952.81,8.59,8.59,0,1948.09,8.61,8.61,0,RING,LL,4,RING,LL,4,0,RING,A_flag_ceiling
broadcast_perf,3,24,33554432,8388608,float,none,3903.56,8.6,8.6,0,3898.52,8.61,8.61,0,RING,LL,4,RING,LL,4,0,RING,A_flag_ceiling
broadcast_perf,3,24,67108864,16777216,float,none,7804.49,8.6,8.6,0,7791.82,8.61,8.61,0,RING,LL,4,RING,LL,4,0,RING,A_flag_ceiling
broadcast_perf,3,24,134217728,33554432,float,none,15607.2,8.6,8.6,0,15654.4,8.57,8.57,0,RING,LL,4,RING,LL,4,0,RING,A_flag_ceiling
broadcast_perf,3,24,268435456,67108864,float,none,31992.4,8.39,8.39,0,31308.2,8.57,8.57,0,RING,LL,4,RING,LL,4,0,RING,A_flag_ceiling
broadcast_perf,3,24,536870912,134217728,float,none,62444.5,8.6,8.6,0,62583.0,8.58,8.58,0,RING,LL,4,RING,LL,4,0,RING,A_flag_ceiling
broadcast_perf,3,24,4096,1024,float,none,32.65,0.13,0.13,0,32.98,0.12,0.12,0,RING,LL128,4,RING,LL128,4,0,RING,A_flag_ceiling
broadcast_perf,3,24,8192,2048,float,none,31.01,0.26,0.26,0,33.01,0.25,0.25,0,RING,LL128,4,RING,LL128,4,0,RING,A_flag_ceiling
broadcast_perf,3,24,16384,4096,float,none,33.48,0.49,0.49,0,34.02,0.48,0.48,0,RING,LL128,4,RING,LL128,4,0,RING,A_flag_ceiling
broadcast_perf,3,24,32768,8192,float,none,65.58,0.5,0.5,0,71.35,0.46,0.46,0,RING,LL128,4,RING,LL128,4,0,RING,A_flag_ceiling
broadcast_perf,3,24,65536,16384,float,none,108.61,0.6,0.6,0,111.76,0.59,0.59,0,RING,LL128,4,RING,LL128,4,0,RING,A_flag_ceiling
broadcast_perf,3,24,131072,32768,float,none,126.58,1.04,1.04,0,124.42,1.05,1.05,0,RING,LL128,4,RING,LL128,4,0,RING,A_flag_ceiling
broadcast_perf,3,24,262144,65536,float,none,120.05,2.18,2.18,0,135.7,1.93,1.93,0,RING,LL128,4,RING,LL128,4,0,RING,A_flag_ceiling
broadcast_perf,3,24,524288,131072,float,none,147.52,3.55,3.55,0,149.28,3.51,3.51,0,RING,LL128,4,RING,LL128,4,0,RING,A_flag_ceiling
broadcast_perf,3,24,1048576,262144,float,none,165.06,6.35,6.35,0,162.05,6.47,6.47,0,RING,LL128,4,RING,LL128,4,0,RING,A_flag_ceiling
broadcast_perf,3,24,2097152,524288,float,none,200.01,10.49,10.49,0,209.16,10.03,10.03,0,RING,LL128,4,RING,LL128,4,0,RING,A_flag_ceiling
broadcast_perf,3,24,4194304,1048576,float,none,270.99,15.48,15.48,0,277.18,15.13,15.13,0,RING,LL128,4,RING,LL128,4,0,RING,A_flag_ceiling
broadcast_perf,3,24,8388608,2097152,float,none,335.1,25.03,25.03,0,337.29,24.87,24.87,0,RING,LL128,4,RING,LL128,4,0,RING,A_flag_ceiling
broadcast_perf,3,24,16777216,4194304,float,none,561.69,29.87,29.87,0,566.83,29.6,29.6,0,RING,LL128,4,RING,LL128,4,0,RING,A_flag_ceiling
broadcast_perf,3,24,33554432,8388608,float,none,1005.15,33.38,33.38,0,1018.63,32.94,32.94,0,RING,LL128,4,RING,LL128,4,0,RING,A_flag_ceiling
broadcast_perf,3,24,67108864,16777216,float,none,1912.84,35.08,35.08,0,1920.39,34.95,34.95,0,RING,LL128,4,RING,LL128,4,0,RING,A_flag_ceiling
broadcast_perf,3,24,134217728,33554432,float,none,3740.96,35.88,35.88,0,3749.2,35.8,35.8,0,RING,LL128,4,RING,LL128,4,0,RING,A_flag_ceiling
broadcast_perf,3,24,268435456,67108864,float,none,7417.49,36.19,36.19,0,7419.11,36.18,36.18,0,RING,LL128,4,RING,LL128,4,0,RING,A_flag_ceiling
broadcast_perf,3,24,536870912,134217728,float,none,14800.6,36.27,36.27,0,14772.5,36.34,36.34,0,RING,LL128,4,RING,LL128,4,0,RING,A_flag_ceiling
broadcast_perf,3,24,4096,1024,float,none,31.31,0.13,0.13,0,30.8,0.13,0.13,0,RING,SIMPLE,8,RING,SIMPLE,8,0,RING,A_flag_ceiling
broadcast_perf,3,24,8192,2048,float,none,31.79,0.26,0.26,0,31.91,0.26,0.26,0,RING,SIMPLE,8,RING,SIMPLE,8,0,RING,A_flag_ceiling
broadcast_perf,3,24,16384,4096,float,none,32.43,0.51,0.51,0,34.91,0.47,0.47,0,RING,SIMPLE,8,RING,SIMPLE,8,0,RING,A_flag_ceiling
broadcast_perf,3,24,32768,8192,float,none,84.11,0.39,0.39,0,81.35,0.4,0.4,0,RING,SIMPLE,8,RING,SIMPLE,8,0,RING,A_flag_ceiling
broadcast_perf,3,24,65536,16384,float,none,112.36,0.58,0.58,0,112.94,0.58,0.58,0,RING,SIMPLE,8,RING,SIMPLE,8,0,RING,A_flag_ceiling
broadcast_perf,3,24,131072,32768,float,none,115.16,1.14,1.14,0,118.21,1.11,1.11,0,RING,SIMPLE,8,RING,SIMPLE,8,0,RING,A_flag_ceiling
broadcast_perf,3,24,262144,65536,float,none,138.8,1.89,1.89,0,139.7,1.88,1.88,0,RING,SIMPLE,8,RING,SIMPLE,8,0,RING,A_flag_ceiling
broadcast_perf,3,24,524288,131072,float,none,142.14,3.69,3.69,0,143.03,3.67,3.67,0,RING,SIMPLE,8,RING,SIMPLE,8,0,RING,A_flag_ceiling
broadcast_perf,3,24,1048576,262144,float,none,154.7,6.78,6.78,0,155.3,6.75,6.75,0,RING,SIMPLE,8,RING,SIMPLE,8,0,RING,A_flag_ceiling
broadcast_perf,3,24,2097152,524288,float,none,179.93,11.66,11.66,0,203.34,10.31,10.31,0,RING,SIMPLE,8,RING,SIMPLE,8,0,RING,A_flag_ceiling
broadcast_perf,3,24,4194304,1048576,float,none,270.17,15.52,15.52,0,272.15,15.41,15.41,0,RING,SIMPLE,8,RING,SIMPLE,8,0,RING,A_flag_ceiling
broadcast_perf,3,24,8388608,2097152,float,none,321.13,26.12,26.12,0,319.73,26.24,26.24,0,RING,SIMPLE,8,RING,SIMPLE,8,0,RING,A_flag_ceiling
broadcast_perf,3,24,16777216,4194304,float,none,466.96,35.93,35.93,0,466.36,35.97,35.97,0,RING,SIMPLE,8,RING,SIMPLE,8,0,RING,A_flag_ceiling
broadcast_perf,3,24,33554432,8388608,float,none,653.68,51.33,51.33,0,651.49,51.5,51.5,0,RING,SIMPLE,8,RING,SIMPLE,8,0,RING,A_flag_ceiling
broadcast_perf,3,24,67108864,16777216,float,none,1086.07,61.79,61.79,0,1082.17,62.01,62.01,0,RING,SIMPLE,8,RING,SIMPLE,8,0,RING,A_flag_ceiling
broadcast_perf,3,24,134217728,33554432,float,none,1735.02,77.36,77.36,0,1744.65,76.93,76.93,0,RING,SIMPLE,8,RING,SIMPLE,8,0,RING,A_flag_ceiling
broadcast_perf,3,24,268435456,67108864,float,none,3296.61,81.43,81.43,0,3281.65,81.8,81.8,0,RING,SIMPLE,8,RING,SIMPLE,8,0,RING,A_flag_ceiling
broadcast_perf,3,24,536870912,134217728,float,none,5854.3,91.71,91.71,0,5855.18,91.69,91.69,0,RING,SIMPLE,8,RING,SIMPLE,8,0,RING,A_flag_ceiling
broadcast_perf,3,24,4096,1024,float,none,31.08,0.13,0.13,0,29.08,0.14,0.14,0,RING,LL,8,RING,LL,8,0,RING,A_flag_ceiling
broadcast_perf,3,24,8192,2048,float,none,51.13,0.16,0.16,0,50.03,0.16,0.16,0,RING,LL,8,RING,LL,8,0,RING,A_flag_ceiling
broadcast_perf,3,24,16384,4096,float,none,69.66,0.24,0.24,0,68.22,0.24,0.24,0,RING,LL,8,RING,LL,8,0,RING,A_flag_ceiling
broadcast_perf,3,24,32768,8192,float,none,73.28,0.45,0.45,0,68.57,0.48,0.48,0,RING,LL,8,RING,LL,8,0,RING,A_flag_ceiling
broadcast_perf,3,24,65536,16384,float,none,77.0,0.85,0.85,0,76.85,0.85,0.85,0,RING,LL,8,RING,LL,8,0,RING,A_flag_ceiling
broadcast_perf,3,24,131072,32768,float,none,91.31,1.44,1.44,0,104.43,1.26,1.26,0,RING,LL,8,RING,LL,8,0,RING,A_flag_ceiling
broadcast_perf,3,24,262144,65536,float,none,99.96,2.62,2.62,0,99.38,2.64,2.64,0,RING,LL,8,RING,LL,8,0,RING,A_flag_ceiling
broadcast_perf,3,24,524288,131072,float,none,115.06,4.56,4.56,0,115.69,4.53,4.53,0,RING,LL,8,RING,LL,8,0,RING,A_flag_ceiling
broadcast_perf,3,24,1048576,262144,float,none,145.59,7.2,7.2,0,148.1,7.08,7.08,0,RING,LL,8,RING,LL,8,0,RING,A_flag_ceiling
broadcast_perf,3,24,2097152,524288,float,none,210.23,9.98,9.98,0,255.26,8.22,8.22,0,RING,LL,8,RING,LL,8,0,RING,A_flag_ceiling
broadcast_perf,3,24,4194304,1048576,float,none,334.54,12.54,12.54,0,333.88,12.56,12.56,0,RING,LL,8,RING,LL,8,0,RING,A_flag_ceiling
broadcast_perf,3,24,8388608,2097152,float,none,582.51,14.4,14.4,0,573.37,14.63,14.63,0,RING,LL,8,RING,LL,8,0,RING,A_flag_ceiling
broadcast_perf,3,24,16777216,4194304,float,none,1114.55,15.05,15.05,0,1080.61,15.53,15.53,0,RING,LL,8,RING,LL,8,0,RING,A_flag_ceiling
broadcast_perf,3,24,33554432,8388608,float,none,2042.15,16.43,16.43,0,2035.01,16.49,16.49,0,RING,LL,8,RING,LL,8,0,RING,A_flag_ceiling
broadcast_perf,3,24,67108864,16777216,float,none,3996.54,16.79,16.79,0,4002.69,16.77,16.77,0,RING,LL,8,RING,LL,8,0,RING,A_flag_ceiling
broadcast_perf,3,24,134217728,33554432,float,none,7937.96,16.91,16.91,0,7946.8,16.89,16.89,0,RING,LL,8,RING,LL,8,0,RING,A_flag_ceiling
broadcast_perf,3,24,268435456,67108864,float,none,15881.0,16.9,16.9,0,15848.6,16.94,16.94,0,RING,LL,8,RING,LL,8,0,RING,A_flag_ceiling
broadcast_perf,3,24,536870912,134217728,float,none,31738.0,16.92,16.92,0,31690.7,16.94,16.94,0,RING,LL,8,RING,LL,8,0,RING,A_flag_ceiling
broadcast_perf,3,24,4096,1024,float,none,32.22,0.13,0.13,0,32.96,0.12,0.12,0,RING,LL128,8,RING,LL128,8,0,RING,A_flag_ceiling
broadcast_perf,3,24,8192,2048,float,none,34.12,0.24,0.24,0,32.31,0.25,0.25,0,RING,LL128,8,RING,LL128,8,0,RING,A_flag_ceiling
broadcast_perf,3,24,16384,4096,float,none,34.37,0.48,0.48,0,30.34,0.54,0.54,0,RING,LL128,8,RING,LL128,8,0,RING,A_flag_ceiling
broadcast_perf,3,24,32768,8192,float,none,67.66,0.48,0.48,0,68.13,0.48,0.48,0,RING,LL128,8,RING,LL128,8,0,RING,A_flag_ceiling
broadcast_perf,3,24,65536,16384,float,none,96.64,0.68,0.68,0,93.58,0.7,0.7,0,RING,LL128,8,RING,LL128,8,0,RING,A_flag_ceiling
broadcast_perf,3,24,131072,32768,float,none,100.75,1.3,1.3,0,97.82,1.34,1.34,0,RING,LL128,8,RING,LL128,8,0,RING,A_flag_ceiling
broadcast_perf,3,24,262144,65536,float,none,104.88,2.5,2.5,0,107.89,2.43,2.43,0,RING,LL128,8,RING,LL128,8,0,RING,A_flag_ceiling
broadcast_perf,3,24,524288,131072,float,none,126.41,4.15,4.15,0,119.06,4.4,4.4,0,RING,LL128,8,RING,LL128,8,0,RING,A_flag_ceiling
broadcast_perf,3,24,1048576,262144,float,none,140.71,7.45,7.45,0,144.08,7.28,7.28,0,RING,LL128,8,RING,LL128,8,0,RING,A_flag_ceiling
broadcast_perf,3,24,2097152,524288,float,none,148.51,14.12,14.12,0,148.0,14.17,14.17,0,RING,LL128,8,RING,LL128,8,0,RING,A_flag_ceiling
broadcast_perf,3,24,4194304,1048576,float,none,183.54,22.85,22.85,0,184.11,22.78,22.78,0,RING,LL128,8,RING,LL128,8,0,RING,A_flag_ceiling
broadcast_perf,3,24,8388608,2097152,float,none,237.38,35.34,35.34,0,249.25,33.66,33.66,0,RING,LL128,8,RING,LL128,8,0,RING,A_flag_ceiling
broadcast_perf,3,24,16777216,4194304,float,none,375.01,44.74,44.74,0,358.06,46.86,46.86,0,RING,LL128,8,RING,LL128,8,0,RING,A_flag_ceiling
broadcast_perf,3,24,33554432,8388608,float,none,593.65,56.52,56.52,0,602.67,55.68,55.68,0,RING,LL128,8,RING,LL128,8,0,RING,A_flag_ceiling
broadcast_perf,3,24,67108864,16777216,float,none,1090.04,61.57,61.57,0,1073.57,62.51,62.51,0,RING,LL128,8,RING,LL128,8,0,RING,A_flag_ceiling
broadcast_perf,3,24,134217728,33554432,float,none,2064.5,65.01,65.01,0,2069.05,64.87,64.87,0,RING,LL128,8,RING,LL128,8,0,RING,A_flag_ceiling
broadcast_perf,3,24,268435456,67108864,float,none,3982.01,67.41,67.41,0,4034.44,66.54,66.54,0,RING,LL128,8,RING,LL128,8,0,RING,A_flag_ceiling
broadcast_perf,3,24,536870912,134217728,float,none,7960.21,67.44,67.44,0,7958.07,67.46,67.46,0,RING,LL128,8,RING,LL128,8,0,RING,A_flag_ceiling
broadcast_perf,3,24,4096,1024,float,none,35.12,0.12,0.12,0,32.73,0.13,0.13,0,RING,SIMPLE,16,RING,SIMPLE,16,0,RING,A_flag_ceiling
broadcast_perf,3,24,8192,2048,float,none,31.97,0.26,0.26,0,32.9,0.25,0.25,0,RING,SIMPLE,16,RING,SIMPLE,16,0,RING,A_flag_ceiling
broadcast_perf,3,24,16384,4096,float,none,37.36,0.44,0.44,0,34.8,0.47,0.47,0,RING,SIMPLE,16,RING,SIMPLE,16,0,RING,A_flag_ceiling
broadcast_perf,3,24,32768,8192,float,none,89.29,0.37,0.37,0,89.77,0.37,0.37,0,RING,SIMPLE,16,RING,SIMPLE,16,0,RING,A_flag_ceiling
broadcast_perf,3,24,65536,16384,float,none,124.71,0.53,0.53,0,116.72,0.56,0.56,0,RING,SIMPLE,16,RING,SIMPLE,16,0,RING,A_flag_ceiling
broadcast_perf,3,24,131072,32768,float,none,123.32,1.06,1.06,0,115.43,1.14,1.14,0,RING,SIMPLE,16,RING,SIMPLE,16,0,RING,A_flag_ceiling
broadcast_perf,3,24,262144,65536,float,none,117.27,2.24,2.24,0,118.03,2.22,2.22,0,RING,SIMPLE,16,RING,SIMPLE,16,0,RING,A_flag_ceiling
broadcast_perf,3,24,524288,131072,float,none,137.89,3.8,3.8,0,138.4,3.79,3.79,0,RING,SIMPLE,16,RING,SIMPLE,16,0,RING,A_flag_ceiling
broadcast_perf,3,24,1048576,262144,float,none,147.08,7.13,7.13,0,147.3,7.12,7.12,0,RING,SIMPLE,16,RING,SIMPLE,16,0,RING,A_flag_ceiling
broadcast_perf,3,24,2097152,524288,float,none,156.3,13.42,13.42,0,158.22,13.25,13.25,0,RING,SIMPLE,16,RING,SIMPLE,16,0,RING,A_flag_ceiling
broadcast_perf,3,24,4194304,1048576,float,none,181.61,23.1,23.1,0,182.6,22.97,22.97,0,RING,SIMPLE,16,RING,SIMPLE,16,0,RING,A_flag_ceiling
broadcast_perf,3,24,8388608,2097152,float,none,249.03,33.69,33.69,0,246.15,34.08,34.08,0,RING,SIMPLE,16,RING,SIMPLE,16,0,RING,A_flag_ceiling
broadcast_perf,3,24,16777216,4194304,float,none,312.22,53.74,53.74,0,311.41,53.87,53.87,0,RING,SIMPLE,16,RING,SIMPLE,16,0,RING,A_flag_ceiling
broadcast_perf,3,24,33554432,8388608,float,none,2325.49,14.43,14.43,0,466.73,71.89,71.89,0,RING,SIMPLE,16,RING,SIMPLE,16,0,RING,A_flag_ceiling
broadcast_perf,3,24,67108864,16777216,float,none,674.0,99.57,99.57,0,666.62,100.67,100.67,0,RING,SIMPLE,16,RING,SIMPLE,16,0,RING,A_flag_ceiling
broadcast_perf,3,24,134217728,33554432,float,none,1133.56,118.4,118.4,0,1142.99,117.43,117.43,0,RING,SIMPLE,16,RING,SIMPLE,16,0,RING,A_flag_ceiling
broadcast_perf,3,24,268435456,67108864,float,none,1839.19,145.95,145.95,0,1837.73,146.07,146.07,0,RING,SIMPLE,16,RING,SIMPLE,16,0,RING,A_flag_ceiling
broadcast_perf,3,24,536870912,134217728,float,none,3483.57,154.12,154.12,0,3440.16,156.06,156.06,0,RING,SIMPLE,16,RING,SIMPLE,16,0,RING,A_flag_ceiling
broadcast_perf,3,24,4096,1024,float,none,30.23,0.14,0.14,0,29.36,0.14,0.14,0,RING,LL,16,RING,LL,16,0,RING,A_flag_ceiling
broadcast_perf,3,24,8192,2048,float,none,51.27,0.16,0.16,0,51.06,0.16,0.16,0,RING,LL,16,RING,LL,16,0,RING,A_flag_ceiling
broadcast_perf,3,24,16384,4096,float,none,67.46,0.24,0.24,0,66.02,0.25,0.25,0,RING,LL,16,RING,LL,16,0,RING,A_flag_ceiling
broadcast_perf,3,24,32768,8192,float,none,76.26,0.43,0.43,0,68.35,0.48,0.48,0,RING,LL,16,RING,LL,16,0,RING,A_flag_ceiling
broadcast_perf,3,24,65536,16384,float,none,70.74,0.93,0.93,0,71.05,0.92,0.92,0,RING,LL,16,RING,LL,16,0,RING,A_flag_ceiling
broadcast_perf,3,24,131072,32768,float,none,78.85,1.66,1.66,0,79.1,1.66,1.66,0,RING,LL,16,RING,LL,16,0,RING,A_flag_ceiling
broadcast_perf,3,24,262144,65536,float,none,93.22,2.81,2.81,0,94.02,2.79,2.79,0,RING,LL,16,RING,LL,16,0,RING,A_flag_ceiling
broadcast_perf,3,24,524288,131072,float,none,104.44,5.02,5.02,0,104.4,5.02,5.02,0,RING,LL,16,RING,LL,16,0,RING,A_flag_ceiling
broadcast_perf,3,24,1048576,262144,float,none,121.34,8.64,8.64,0,121.27,8.65,8.65,0,RING,LL,16,RING,LL,16,0,RING,A_flag_ceiling
broadcast_perf,3,24,2097152,524288,float,none,158.58,13.22,13.22,0,160.59,13.06,13.06,0,RING,LL,16,RING,LL,16,0,RING,A_flag_ceiling
broadcast_perf,3,24,4194304,1048576,float,none,226.84,18.49,18.49,0,228.53,18.35,18.35,0,RING,LL,16,RING,LL,16,0,RING,A_flag_ceiling
broadcast_perf,3,24,8388608,2097152,float,none,357.54,23.46,23.46,0,348.59,24.06,24.06,0,RING,LL,16,RING,LL,16,0,RING,A_flag_ceiling
broadcast_perf,3,24,16777216,4194304,float,none,603.49,27.8,27.8,0,601.95,27.87,27.87,0,RING,LL,16,RING,LL,16,0,RING,A_flag_ceiling
broadcast_perf,3,24,33554432,8388608,float,none,1100.56,30.49,30.49,0,1104.41,30.38,30.38,0,RING,LL,16,RING,LL,16,0,RING,A_flag_ceiling
broadcast_perf,3,24,67108864,16777216,float,none,2095.81,32.02,32.02,0,2090.95,32.09,32.09,0,RING,LL,16,RING,LL,16,0,RING,A_flag_ceiling
broadcast_perf,3,24,134217728,33554432,float,none,4079.37,32.9,32.9,0,4081.22,32.89,32.89,0,RING,LL,16,RING,LL,16,0,RING,A_flag_ceiling
broadcast_perf,3,24,268435456,67108864,float,none,8061.37,33.3,33.3,0,8086.57,33.2,33.2,0,RING,LL,16,RING,LL,16,0,RING,A_flag_ceiling
broadcast_perf,3,24,536870912,134217728,float,none,16050.0,33.45,33.45,0,16024.9,33.5,33.5,0,RING,LL,16,RING,LL,16,0,RING,A_flag_ceiling
broadcast_perf,3,24,4096,1024,float,none,30.32,0.14,0.14,0,31.84,0.13,0.13,0,RING,LL128,16,RING,LL128,16,0,RING,A_flag_ceiling
broadcast_perf,3,24,8192,2048,float,none,30.19,0.27,0.27,0,27.16,0.3,0.3,0,RING,LL128,16,RING,LL128,16,0,RING,A_flag_ceiling
broadcast_perf,3,24,16384,4096,float,none,32.92,0.5,0.5,0,33.17,0.49,0.49,0,RING,LL128,16,RING,LL128,16,0,RING,A_flag_ceiling
broadcast_perf,3,24,32768,8192,float,none,65.22,0.5,0.5,0,64.79,0.51,0.51,0,RING,LL128,16,RING,LL128,16,0,RING,A_flag_ceiling
broadcast_perf,3,24,65536,16384,float,none,106.76,0.61,0.61,0,101.91,0.64,0.64,0,RING,LL128,16,RING,LL128,16,0,RING,A_flag_ceiling
broadcast_perf,3,24,131072,32768,float,none,105.22,1.25,1.25,0,99.44,1.32,1.32,0,RING,LL128,16,RING,LL128,16,0,RING,A_flag_ceiling
broadcast_perf,3,24,262144,65536,float,none,104.79,2.5,2.5,0,106.66,2.46,2.46,0,RING,LL128,16,RING,LL128,16,0,RING,A_flag_ceiling
broadcast_perf,3,24,524288,131072,float,none,115.1,4.55,4.55,0,120.54,4.35,4.35,0,RING,LL128,16,RING,LL128,16,0,RING,A_flag_ceiling
broadcast_perf,3,24,1048576,262144,float,none,132.77,7.9,7.9,0,132.4,7.92,7.92,0,RING,LL128,16,RING,LL128,16,0,RING,A_flag_ceiling
broadcast_perf,3,24,2097152,524288,float,none,156.16,13.43,13.43,0,153.41,13.67,13.67,0,RING,LL128,16,RING,LL128,16,0,RING,A_flag_ceiling
broadcast_perf,3,24,4194304,1048576,float,none,164.36,25.52,25.52,0,170.59,24.59,24.59,0,RING,LL128,16,RING,LL128,16,0,RING,A_flag_ceiling
broadcast_perf,3,24,8388608,2097152,float,none,211.71,39.62,39.62,0,204.58,41.0,41.0,0,RING,LL128,16,RING,LL128,16,0,RING,A_flag_ceiling
broadcast_perf,3,24,16777216,4194304,float,none,264.13,63.52,63.52,0,265.03,63.3,63.3,0,RING,LL128,16,RING,LL128,16,0,RING,A_flag_ceiling
broadcast_perf,3,24,33554432,8388608,float,none,413.17,81.21,81.21,0,404.01,83.05,83.05,0,RING,LL128,16,RING,LL128,16,0,RING,A_flag_ceiling
broadcast_perf,3,24,67108864,16777216,float,none,649.02,103.4,103.4,0,653.78,102.65,102.65,0,RING,LL128,16,RING,LL128,16,0,RING,A_flag_ceiling
broadcast_perf,3,24,134217728,33554432,float,none,1151.56,116.55,116.55,0,1151.92,116.52,116.52,0,RING,LL128,16,RING,LL128,16,0,RING,A_flag_ceiling
broadcast_perf,3,24,268435456,67108864,float,none,2155.57,124.53,124.53,0,2169.98,123.7,123.7,0,RING,LL128,16,RING,LL128,16,0,RING,A_flag_ceiling
broadcast_perf,3,24,536870912,134217728,float,none,4243.99,126.5,126.5,0,4222.99,127.13,127.13,0,RING,LL128,16,RING,LL128,16,0,RING,A_flag_ceiling
broadcast_perf,3,24,4096,1024,float,none,34.67,0.12,0.12,0,35.6,0.12,0.12,0,RING,SIMPLE,24,RING,SIMPLE,24,0,RING,A_flag_ceiling
broadcast_perf,3,24,8192,2048,float,none,34.25,0.24,0.24,0,34.22,0.24,0.24,0,RING,SIMPLE,24,RING,SIMPLE,24,0,RING,A_flag_ceiling
broadcast_perf,3,24,16384,4096,float,none,39.86,0.41,0.41,0,32.72,0.5,0.5,0,RING,SIMPLE,24,RING,SIMPLE,24,0,RING,A_flag_ceiling
broadcast_perf,3,24,32768,8192,float,none,86.81,0.38,0.38,0,87.54,0.37,0.37,0,RING,SIMPLE,24,RING,SIMPLE,24,0,RING,A_flag_ceiling
broadcast_perf,3,24,65536,16384,float,none,139.26,0.47,0.47,0,130.86,0.5,0.5,0,RING,SIMPLE,24,RING,SIMPLE,24,0,RING,A_flag_ceiling
broadcast_perf,3,24,131072,32768,float,none,140.89,0.93,0.93,0,132.05,0.99,0.99,0,RING,SIMPLE,24,RING,SIMPLE,24,0,RING,A_flag_ceiling
broadcast_perf,3,24,262144,65536,float,none,140.39,1.87,1.87,0,135.36,1.94,1.94,0,RING,SIMPLE,24,RING,SIMPLE,24,0,RING,A_flag_ceiling
broadcast_perf,3,24,524288,131072,float,none,162.23,3.23,3.23,0,153.43,3.42,3.42,0,RING,SIMPLE,24,RING,SIMPLE,24,0,RING,A_flag_ceiling
broadcast_perf,3,24,1048576,262144,float,none,167.57,6.26,6.26,0,168.76,6.21,6.21,0,RING,SIMPLE,24,RING,SIMPLE,24,0,RING,A_flag_ceiling
broadcast_perf,3,24,2097152,524288,float,none,170.43,12.3,12.3,0,175.37,11.96,11.96,0,RING,SIMPLE,24,RING,SIMPLE,24,0,RING,A_flag_ceiling
broadcast_perf,3,24,4194304,1048576,float,none,205.38,20.42,20.42,0,202.35,20.73,20.73,0,RING,SIMPLE,24,RING,SIMPLE,24,0,RING,A_flag_ceiling
broadcast_perf,3,24,8388608,2097152,float,none,220.1,38.11,38.11,0,217.48,38.57,38.57,0,RING,SIMPLE,24,RING,SIMPLE,24,0,RING,A_flag_ceiling
broadcast_perf,3,24,16777216,4194304,float,none,284.94,58.88,58.88,0,284.07,59.06,59.06,0,RING,SIMPLE,24,RING,SIMPLE,24,0,RING,A_flag_ceiling
broadcast_perf,3,24,33554432,8388608,float,none,380.65,88.15,88.15,0,393.04,85.37,85.37,0,RING,SIMPLE,24,RING,SIMPLE,24,0,RING,A_flag_ceiling
broadcast_perf,3,24,67108864,16777216,float,none,553.8,121.18,121.18,0,556.69,120.55,120.55,0,RING,SIMPLE,24,RING,SIMPLE,24,0,RING,A_flag_ceiling
broadcast_perf,3,24,134217728,33554432,float,none,837.16,160.33,160.33,0,837.06,160.35,160.35,0,RING,SIMPLE,24,RING,SIMPLE,24,0,RING,A_flag_ceiling
broadcast_perf,3,24,268435456,67108864,float,none,1415.84,189.59,189.59,0,1422.87,188.66,188.66,0,RING,SIMPLE,24,RING,SIMPLE,24,0,RING,A_flag_ceiling
broadcast_perf,3,24,536870912,134217728,float,none,2379.56,225.62,225.62,0,2362.59,227.24,227.24,0,RING,SIMPLE,24,RING,SIMPLE,24,0,RING,A_flag_ceiling
broadcast_perf,3,24,4096,1024,float,none,21.28,0.19,0.19,0,28.03,0.15,0.15,0,RING,LL,24,RING,LL,24,0,RING,A_flag_ceiling
broadcast_perf,3,24,8192,2048,float,none,48.78,0.17,0.17,0,51.8,0.16,0.16,0,RING,LL,24,RING,LL,24,0,RING,A_flag_ceiling
broadcast_perf,3,24,16384,4096,float,none,69.43,0.24,0.24,0,67.18,0.24,0.24,0,RING,LL,24,RING,LL,24,0,RING,A_flag_ceiling
broadcast_perf,3,24,32768,8192,float,none,68.92,0.48,0.48,0,69.2,0.47,0.47,0,RING,LL,24,RING,LL,24,0,RING,A_flag_ceiling
broadcast_perf,3,24,65536,16384,float,none,72.89,0.9,0.9,0,70.11,0.93,0.93,0,RING,LL,24,RING,LL,24,0,RING,A_flag_ceiling
broadcast_perf,3,24,131072,32768,float,none,78.88,1.66,1.66,0,79.05,1.66,1.66,0,RING,LL,24,RING,LL,24,0,RING,A_flag_ceiling
broadcast_perf,3,24,262144,65536,float,none,91.12,2.88,2.88,0,90.72,2.89,2.89,0,RING,LL,24,RING,LL,24,0,RING,A_flag_ceiling
broadcast_perf,3,24,524288,131072,float,none,109.82,4.77,4.77,0,111.06,4.72,4.72,0,RING,LL,24,RING,LL,24,0,RING,A_flag_ceiling
broadcast_perf,3,24,1048576,262144,float,none,116.69,8.99,8.99,0,116.45,9.0,9.0,0,RING,LL,24,RING,LL,24,0,RING,A_flag_ceiling
broadcast_perf,3,24,2097152,524288,float,none,141.29,14.84,14.84,0,141.69,14.8,14.8,0,RING,LL,24,RING,LL,24,0,RING,A_flag_ceiling
broadcast_perf,3,24,4194304,1048576,float,none,214.73,19.53,19.53,0,211.61,19.82,19.82,0,RING,LL,24,RING,LL,24,0,RING,A_flag_ceiling
broadcast_perf,3,24,8388608,2097152,float,none,322.67,26.0,26.0,0,321.36,26.1,26.1,0,RING,LL,24,RING,LL,24,0,RING,A_flag_ceiling
broadcast_perf,3,24,16777216,4194304,float,none,548.75,30.57,30.57,0,551.43,30.43,30.43,0,RING,LL,24,RING,LL,24,0,RING,A_flag_ceiling
broadcast_perf,3,24,33554432,8388608,float,none,993.99,33.76,33.76,0,996.27,33.68,33.68,0,RING,LL,24,RING,LL,24,0,RING,A_flag_ceiling
broadcast_perf,3,24,67108864,16777216,float,none,1849.49,36.29,36.29,0,1843.96,36.39,36.39,0,RING,LL,24,RING,LL,24,0,RING,A_flag_ceiling
broadcast_perf,3,24,134217728,33554432,float,none,3551.26,37.79,37.79,0,3548.5,37.82,37.82,0,RING,LL,24,RING,LL,24,0,RING,A_flag_ceiling
broadcast_perf,3,24,268435456,67108864,float,none,6921.13,38.78,38.78,0,6951.79,38.61,38.61,0,RING,LL,24,RING,LL,24,0,RING,A_flag_ceiling
broadcast_perf,3,24,536870912,134217728,float,none,13676.9,39.25,39.25,0,13669.8,39.27,39.27,0,RING,LL,24,RING,LL,24,0,RING,A_flag_ceiling
broadcast_perf,3,24,4096,1024,float,none,31.06,0.13,0.13,0,31.38,0.13,0.13,0,RING,LL128,24,RING,LL128,24,0,RING,A_flag_ceiling
broadcast_perf,3,24,8192,2048,float,none,29.5,0.28,0.28,0,29.95,0.27,0.27,0,RING,LL128,24,RING,LL128,24,0,RING,A_flag_ceiling
broadcast_perf,3,24,16384,4096,float,none,32.75,0.5,0.5,0,30.59,0.54,0.54,0,RING,LL128,24,RING,LL128,24,0,RING,A_flag_ceiling
broadcast_perf,3,24,32768,8192,float,none,65.94,0.5,0.5,0,69.8,0.47,0.47,0,RING,LL128,24,RING,LL128,24,0,RING,A_flag_ceiling
broadcast_perf,3,24,65536,16384,float,none,112.33,0.58,0.58,0,111.57,0.59,0.59,0,RING,LL128,24,RING,LL128,24,0,RING,A_flag_ceiling
broadcast_perf,3,24,131072,32768,float,none,110.55,1.19,1.19,0,112.4,1.17,1.17,0,RING,LL128,24,RING,LL128,24,0,RING,A_flag_ceiling
broadcast_perf,3,24,262144,65536,float,none,113.63,2.31,2.31,0,111.92,2.34,2.34,0,RING,LL128,24,RING,LL128,24,0,RING,A_flag_ceiling
broadcast_perf,3,24,524288,131072,float,none,131.71,3.98,3.98,0,126.39,4.15,4.15,0,RING,LL128,24,RING,LL128,24,0,RING,A_flag_ceiling
broadcast_perf,3,24,1048576,262144,float,none,125.68,8.34,8.34,0,136.6,7.68,7.68,0,RING,LL128,24,RING,LL128,24,0,RING,A_flag_ceiling
broadcast_perf,3,24,2097152,524288,float,none,172.05,12.19,12.19,0,155.92,13.45,13.45,0,RING,LL128,24,RING,LL128,24,0,RING,A_flag_ceiling
broadcast_perf,3,24,4194304,1048576,float,none,171.21,24.5,24.5,0,177.07,23.69,23.69,0,RING,LL128,24,RING,LL128,24,0,RING,A_flag_ceiling
broadcast_perf,3,24,8388608,2097152,float,none,213.05,39.37,39.37,0,228.75,36.67,36.67,0,RING,LL128,24,RING,LL128,24,0,RING,A_flag_ceiling
broadcast_perf,3,24,16777216,4194304,float,none,234.0,71.7,71.7,0,239.03,70.19,70.19,0,RING,LL128,24,RING,LL128,24,0,RING,A_flag_ceiling
broadcast_perf,3,24,33554432,8388608,float,none,336.08,99.84,99.84,0,343.48,97.69,97.69,0,RING,LL128,24,RING,LL128,24,0,RING,A_flag_ceiling
broadcast_perf,3,24,67108864,16777216,float,none,478.92,140.12,140.12,0,494.94,135.59,135.59,0,RING,LL128,24,RING,LL128,24,0,RING,A_flag_ceiling
broadcast_perf,3,24,134217728,33554432,float,none,916.89,146.38,146.38,0,901.65,148.86,148.86,0,RING,LL128,24,RING,LL128,24,0,RING,A_flag_ceiling
broadcast_perf,3,24,268435456,67108864,float,none,1546.99,173.52,173.52,0,1559.46,172.13,172.13,0,RING,LL128,24,RING,LL128,24,0,RING,A_flag_ceiling
broadcast_perf,3,24,536870912,134217728,float,none,2963.15,181.18,181.18,0,2938.11,182.73,182.73,0,RING,LL128,24,RING,LL128,24,0,RING,A_flag_ceiling
broadcast_perf,3,24,4096,1024,float,none,35.26,0.12,0.12,0,32.74,0.13,0.13,0,RING,SIMPLE,32,RING,SIMPLE,32,0,RING,A_flag_ceiling
broadcast_perf,3,24,8192,2048,float,none,32.0,0.26,0.26,0,31.97,0.26,0.26,0,RING,SIMPLE,32,RING,SIMPLE,32,0,RING,A_flag_ceiling
broadcast_perf,3,24,16384,4096,float,none,35.59,0.46,0.46,0,34.56,0.47,0.47,0,RING,SIMPLE,32,RING,SIMPLE,32,0,RING,A_flag_ceiling
broadcast_perf,3,24,32768,8192,float,none,94.13,0.35,0.35,0,83.69,0.39,0.39,0,RING,SIMPLE,32,RING,SIMPLE,32,0,RING,A_flag_ceiling
broadcast_perf,3,24,65536,16384,float,none,111.04,0.59,0.59,0,112.37,0.58,0.58,0,RING,SIMPLE,32,RING,SIMPLE,32,0,RING,A_flag_ceiling
broadcast_perf,3,24,131072,32768,float,none,119.26,1.1,1.1,0,115.85,1.13,1.13,0,RING,SIMPLE,32,RING,SIMPLE,32,0,RING,A_flag_ceiling
broadcast_perf,3,24,262144,65536,float,none,149.42,1.75,1.75,0,151.03,1.74,1.74,0,RING,SIMPLE,32,RING,SIMPLE,32,0,RING,A_flag_ceiling
broadcast_perf,3,24,524288,131072,float,none,128.47,4.08,4.08,0,134.52,3.9,3.9,0,RING,SIMPLE,32,RING,SIMPLE,32,0,RING,A_flag_ceiling
broadcast_perf,3,24,1048576,262144,float,none,168.6,6.22,6.22,0,155.49,6.74,6.74,0,RING,SIMPLE,32,RING,SIMPLE,32,0,RING,A_flag_ceiling
broadcast_perf,3,24,2097152,524288,float,none,177.26,11.83,11.83,0,158.29,13.25,13.25,0,RING,SIMPLE,32,RING,SIMPLE,32,0,RING,A_flag_ceiling
broadcast_perf,3,24,4194304,1048576,float,none,165.61,25.33,25.33,0,190.73,21.99,21.99,0,RING,SIMPLE,32,RING,SIMPLE,32,0,RING,A_flag_ceiling
broadcast_perf,3,24,8388608,2097152,float,none,192.02,43.69,43.69,0,191.59,43.78,43.78,0,RING,SIMPLE,32,RING,SIMPLE,32,0,RING,A_flag_ceiling
broadcast_perf,3,24,16777216,4194304,float,none,287.89,58.28,58.28,0,287.56,58.34,58.34,0,RING,SIMPLE,32,RING,SIMPLE,32,0,RING,A_flag_ceiling
broadcast_perf,3,24,33554432,8388608,float,none,345.02,97.25,97.25,0,346.84,96.74,96.74,0,RING,SIMPLE,32,RING,SIMPLE,32,0,RING,A_flag_ceiling
broadcast_perf,3,24,67108864,16777216,float,none,507.48,132.24,132.24,0,512.78,130.87,130.87,0,RING,SIMPLE,32,RING,SIMPLE,32,0,RING,A_flag_ceiling
broadcast_perf,3,24,134217728,33554432,float,none,727.64,184.46,184.46,0,714.54,187.84,187.84,0,RING,SIMPLE,32,RING,SIMPLE,32,0,RING,A_flag_ceiling
broadcast_perf,3,24,268435456,67108864,float,none,1272.56,210.94,210.94,0,1271.7,211.08,211.08,0,RING,SIMPLE,32,RING,SIMPLE,32,0,RING,A_flag_ceiling
broadcast_perf,3,24,536870912,134217728,float,none,2035.7,263.73,263.73,0,2039.96,263.18,263.18,0,RING,SIMPLE,32,RING,SIMPLE,32,0,RING,A_flag_ceiling
broadcast_perf,3,24,4096,1024,float,none,33.23,0.12,0.12,0,29.44,0.14,0.14,0,RING,LL,32,RING,LL,32,0,RING,A_flag_ceiling
broadcast_perf,3,24,8192,2048,float,none,52.47,0.16,0.16,0,50.51,0.16,0.16,0,RING,LL,32,RING,LL,32,0,RING,A_flag_ceiling
broadcast_perf,3,24,16384,4096,float,none,67.92,0.24,0.24,0,66.29,0.25,0.25,0,RING,LL,32,RING,LL,32,0,RING,A_flag_ceiling
broadcast_perf,3,24,32768,8192,float,none,69.76,0.47,0.47,0,67.98,0.48,0.48,0,RING,LL,32,RING,LL,32,0,RING,A_flag_ceiling
broadcast_perf,3,24,65536,16384,float,none,70.0,0.94,0.94,0,71.52,0.92,0.92,0,RING,LL,32,RING,LL,32,0,RING,A_flag_ceiling
broadcast_perf,3,24,131072,32768,float,none,75.24,1.74,1.74,0,75.72,1.73,1.73,0,RING,LL,32,RING,LL,32,0,RING,A_flag_ceiling
broadcast_perf,3,24,262144,65536,float,none,85.25,3.08,3.08,0,86.42,3.03,3.03,0,RING,LL,32,RING,LL,32,0,RING,A_flag_ceiling
broadcast_perf,3,24,524288,131072,float,none,103.54,5.06,5.06,0,103.88,5.05,5.05,0,RING,LL,32,RING,LL,32,0,RING,A_flag_ceiling
broadcast_perf,3,24,1048576,262144,float,none,120.53,8.7,8.7,0,118.42,8.86,8.86,0,RING,LL,32,RING,LL,32,0,RING,A_flag_ceiling
broadcast_perf,3,24,2097152,524288,float,none,144.95,14.47,14.47,0,146.9,14.28,14.28,0,RING,LL,32,RING,LL,32,0,RING,A_flag_ceiling
broadcast_perf,3,24,4194304,1048576,float,none,194.97,21.51,21.51,0,195.34,21.47,21.47,0,RING,LL,32,RING,LL,32,0,RING,A_flag_ceiling
broadcast_perf,3,24,8388608,2097152,float,none,323.2,25.96,25.96,0,325.39,25.78,25.78,0,RING,LL,32,RING,LL,32,0,RING,A_flag_ceiling
broadcast_perf,3,24,16777216,4194304,float,none,576.45,29.1,29.1,0,576.24,29.11,29.11,0,RING,LL,32,RING,LL,32,0,RING,A_flag_ceiling
broadcast_perf,3,24,33554432,8388608,float,none,1067.3,31.44,31.44,0,1061.58,31.61,31.61,0,RING,LL,32,RING,LL,32,0,RING,A_flag_ceiling
broadcast_perf,3,24,67108864,16777216,float,none,2050.79,32.72,32.72,0,2038.71,32.92,32.92,0,RING,LL,32,RING,LL,32,0,RING,A_flag_ceiling
broadcast_perf,3,24,134217728,33554432,float,none,3995.55,33.59,33.59,0,3994.48,33.6,33.6,0,RING,LL,32,RING,LL,32,0,RING,A_flag_ceiling
broadcast_perf,3,24,268435456,67108864,float,none,7894.32,34.0,34.0,0,7891.03,34.02,34.02,0,RING,LL,32,RING,LL,32,0,RING,A_flag_ceiling
broadcast_perf,3,24,536870912,134217728,float,none,15677.3,34.25,34.25,0,15719.3,34.15,34.15,0,RING,LL,32,RING,LL,32,0,RING,A_flag_ceiling
broadcast_perf,3,24,4096,1024,float,none,28.05,0.15,0.15,0,31.18,0.13,0.13,0,RING,LL128,32,RING,LL128,32,0,RING,A_flag_ceiling
broadcast_perf,3,24,8192,2048,float,none,30.24,0.27,0.27,0,28.63,0.29,0.29,0,RING,LL128,32,RING,LL128,32,0,RING,A_flag_ceiling
broadcast_perf,3,24,16384,4096,float,none,31.49,0.52,0.52,0,29.37,0.56,0.56,0,RING,LL128,32,RING,LL128,32,0,RING,A_flag_ceiling
broadcast_perf,3,24,32768,8192,float,none,75.36,0.43,0.43,0,68.96,0.48,0.48,0,RING,LL128,32,RING,LL128,32,0,RING,A_flag_ceiling
broadcast_perf,3,24,65536,16384,float,none,89.89,0.73,0.73,0,94.27,0.7,0.7,0,RING,LL128,32,RING,LL128,32,0,RING,A_flag_ceiling
broadcast_perf,3,24,131072,32768,float,none,86.93,1.51,1.51,0,87.74,1.49,1.49,0,RING,LL128,32,RING,LL128,32,0,RING,A_flag_ceiling
broadcast_perf,3,24,262144,65536,float,none,90.26,2.9,2.9,0,93.49,2.8,2.8,0,RING,LL128,32,RING,LL128,32,0,RING,A_flag_ceiling
broadcast_perf,3,24,524288,131072,float,none,93.21,5.62,5.62,0,92.03,5.7,5.7,0,RING,LL128,32,RING,LL128,32,0,RING,A_flag_ceiling
broadcast_perf,3,24,1048576,262144,float,none,107.48,9.76,9.76,0,107.11,9.79,9.79,0,RING,LL128,32,RING,LL128,32,0,RING,A_flag_ceiling
broadcast_perf,3,24,2097152,524288,float,none,124.12,16.9,16.9,0,121.81,17.22,17.22,0,RING,LL128,32,RING,LL128,32,0,RING,A_flag_ceiling
broadcast_perf,3,24,4194304,1048576,float,none,146.06,28.72,28.72,0,147.37,28.46,28.46,0,RING,LL128,32,RING,LL128,32,0,RING,A_flag_ceiling
broadcast_perf,3,24,8388608,2097152,float,none,169.38,49.52,49.52,0,168.31,49.84,49.84,0,RING,LL128,32,RING,LL128,32,0,RING,A_flag_ceiling
broadcast_perf,3,24,16777216,4194304,float,none,205.98,81.45,81.45,0,206.75,81.15,81.15,0,RING,LL128,32,RING,LL128,32,0,RING,A_flag_ceiling
broadcast_perf,3,24,33554432,8388608,float,none,292.74,114.62,114.62,0,287.62,116.66,116.66,0,RING,LL128,32,RING,LL128,32,0,RING,A_flag_ceiling
broadcast_perf,3,24,67108864,16777216,float,none,424.21,158.2,158.2,0,424.07,158.25,158.25,0,RING,LL128,32,RING,LL128,32,0,RING,A_flag_ceiling
broadcast_perf,3,24,134217728,33554432,float,none,716.64,187.29,187.29,0,701.28,191.39,191.39,0,RING,LL128,32,RING,LL128,32,0,RING,A_flag_ceiling
broadcast_perf,3,24,268435456,67108864,float,none,1273.45,210.79,210.79,0,1262.29,212.66,212.66,0,RING,LL128,32,RING,LL128,32,0,RING,A_flag_ceiling
broadcast_perf,3,24,536870912,134217728,float,none,2507.93,214.07,214.07,0,2416.83,222.14,222.14,0,RING,LL128,32,RING,LL128,32,0,RING,A_flag_ceiling
broadcast_perf,3,24,4096,1024,float,none,35.14,0.12,0.12,0,31.38,0.13,0.13,0,RING,SIMPLE,40,RING,SIMPLE,40,0,RING,A_flag_ceiling
broadcast_perf,3,24,8192,2048,float,none,33.82,0.24,0.24,0,33.37,0.25,0.25,0,RING,SIMPLE,40,RING,SIMPLE,40,0,RING,A_flag_ceiling
broadcast_perf,3,24,16384,4096,float,none,35.39,0.46,0.46,0,34.7,0.47,0.47,0,RING,SIMPLE,40,RING,SIMPLE,40,0,RING,A_flag_ceiling
broadcast_perf,3,24,32768,8192,float,none,102.94,0.32,0.32,0,87.84,0.37,0.37,0,RING,SIMPLE,40,RING,SIMPLE,40,0,RING,A_flag_ceiling
broadcast_perf,3,24,65536,16384,float,none,114.46,0.57,0.57,0,112.93,0.58,0.58,0,RING,SIMPLE,40,RING,SIMPLE,40,0,RING,A_flag_ceiling
broadcast_perf,3,24,131072,32768,float,none,115.64,1.13,1.13,0,116.36,1.13,1.13,0,RING,SIMPLE,40,RING,SIMPLE,40,0,RING,A_flag_ceiling
broadcast_perf,3,24,262144,65536,float,none,117.22,2.24,2.24,0,127.59,2.05,2.05,0,RING,SIMPLE,40,RING,SIMPLE,40,0,RING,A_flag_ceiling
broadcast_perf,3,24,524288,131072,float,none,120.61,4.35,4.35,0,121.31,4.32,4.32,0,RING,SIMPLE,40,RING,SIMPLE,40,0,RING,A_flag_ceiling
broadcast_perf,3,24,1048576,262144,float,none,143.68,7.3,7.3,0,143.75,7.29,7.29,0,RING,SIMPLE,40,RING,SIMPLE,40,0,RING,A_flag_ceiling
broadcast_perf,3,24,2097152,524288,float,none,153.28,13.68,13.68,0,152.7,13.73,13.73,0,RING,SIMPLE,40,RING,SIMPLE,40,0,RING,A_flag_ceiling
broadcast_perf,3,24,4194304,1048576,float,none,168.14,24.95,24.95,0,166.98,25.12,25.12,0,RING,SIMPLE,40,RING,SIMPLE,40,0,RING,A_flag_ceiling
broadcast_perf,3,24,8388608,2097152,float,none,191.67,43.77,43.77,0,191.97,43.7,43.7,0,RING,SIMPLE,40,RING,SIMPLE,40,0,RING,A_flag_ceiling
broadcast_perf,3,24,16777216,4194304,float,none,245.35,68.38,68.38,0,238.92,70.22,70.22,0,RING,SIMPLE,40,RING,SIMPLE,40,0,RING,A_flag_ceiling
broadcast_perf,3,24,33554432,8388608,float,none,330.63,101.49,101.49,0,319.97,104.87,104.87,0,RING,SIMPLE,40,RING,SIMPLE,40,0,RING,A_flag_ceiling
broadcast_perf,3,24,67108864,16777216,float,none,433.0,154.98,154.98,0,429.35,156.3,156.3,0,RING,SIMPLE,40,RING,SIMPLE,40,0,RING,A_flag_ceiling
broadcast_perf,3,24,134217728,33554432,float,none,708.37,189.47,189.47,0,707.66,189.66,189.66,0,RING,SIMPLE,40,RING,SIMPLE,40,0,RING,A_flag_ceiling
broadcast_perf,3,24,268435456,67108864,float,none,1087.84,246.76,246.76,0,1093.78,245.42,245.42,0,RING,SIMPLE,40,RING,SIMPLE,40,0,RING,A_flag_ceiling
broadcast_perf,3,24,536870912,134217728,float,none,2055.8,261.15,261.15,0,2053.18,261.48,261.48,0,RING,SIMPLE,40,RING,SIMPLE,40,0,RING,A_flag_ceiling
broadcast_perf,3,24,4096,1024,float,none,30.04,0.14,0.14,0,30.19,0.14,0.14,0,RING,LL,40,RING,LL,40,0,RING,A_flag_ceiling
broadcast_perf,3,24,8192,2048,float,none,50.25,0.16,0.16,0,53.37,0.15,0.15,0,RING,LL,40,RING,LL,40,0,RING,A_flag_ceiling
broadcast_perf,3,24,16384,4096,float,none,72.01,0.23,0.23,0,70.1,0.23,0.23,0,RING,LL,40,RING,LL,40,0,RING,A_flag_ceiling
broadcast_perf,3,24,32768,8192,float,none,69.99,0.47,0.47,0,69.02,0.47,0.47,0,RING,LL,40,RING,LL,40,0,RING,A_flag_ceiling
broadcast_perf,3,24,65536,16384,float,none,72.68,0.9,0.9,0,70.26,0.93,0.93,0,RING,LL,40,RING,LL,40,0,RING,A_flag_ceiling
broadcast_perf,3,24,131072,32768,float,none,77.82,1.68,1.68,0,77.06,1.7,1.7,0,RING,LL,40,RING,LL,40,0,RING,A_flag_ceiling
broadcast_perf,3,24,262144,65536,float,none,88.63,2.96,2.96,0,84.74,3.09,3.09,0,RING,LL,40,RING,LL,40,0,RING,A_flag_ceiling
broadcast_perf,3,24,524288,131072,float,none,102.75,5.1,5.1,0,103.93,5.04,5.04,0,RING,LL,40,RING,LL,40,0,RING,A_flag_ceiling
broadcast_perf,3,24,1048576,262144,float,none,121.35,8.64,8.64,0,120.36,8.71,8.71,0,RING,LL,40,RING,LL,40,0,RING,A_flag_ceiling
broadcast_perf,3,24,2097152,524288,float,none,144.84,14.48,14.48,0,144.8,14.48,14.48,0,RING,LL,40,RING,LL,40,0,RING,A_flag_ceiling
broadcast_perf,3,24,4194304,1048576,float,none,193.53,21.67,21.67,0,193.99,21.62,21.62,0,RING,LL,40,RING,LL,40,0,RING,A_flag_ceiling
broadcast_perf,3,24,8388608,2097152,float,none,323.76,25.91,25.91,0,329.68,25.44,25.44,0,RING,LL,40,RING,LL,40,0,RING,A_flag_ceiling
broadcast_perf,3,24,16777216,4194304,float,none,580.53,28.9,28.9,0,575.45,29.15,29.15,0,RING,LL,40,RING,LL,40,0,RING,A_flag_ceiling
broadcast_perf,3,24,33554432,8388608,float,none,1067.93,31.42,31.42,0,1062.81,31.57,31.57,0,RING,LL,40,RING,LL,40,0,RING,A_flag_ceiling
broadcast_perf,3,24,67108864,16777216,float,none,2044.06,32.83,32.83,0,2039.62,32.9,32.9,0,RING,LL,40,RING,LL,40,0,RING,A_flag_ceiling
broadcast_perf,3,24,134217728,33554432,float,none,4001.91,33.54,33.54,0,3473.08,38.65,38.65,0,RING,LL,40,RING,LL,40,0,RING,A_flag_ceiling
broadcast_perf,3,24,268435456,67108864,float,none,6685.92,40.15,40.15,0,6694.32,40.1,40.1,0,RING,LL,40,RING,LL,40,0,RING,A_flag_ceiling
broadcast_perf,3,24,536870912,134217728,float,none,13293.1,40.39,40.39,0,13277.2,40.44,40.44,0,RING,LL,40,RING,LL,40,0,RING,A_flag_ceiling
broadcast_perf,3,24,4096,1024,float,none,34.75,0.12,0.12,0,32.25,0.13,0.13,0,RING,LL128,40,RING,LL128,40,0,RING,A_flag_ceiling
broadcast_perf,3,24,8192,2048,float,none,34.07,0.24,0.24,0,36.92,0.22,0.22,0,RING,LL128,40,RING,LL128,40,0,RING,A_flag_ceiling
broadcast_perf,3,24,16384,4096,float,none,35.39,0.46,0.46,0,37.33,0.44,0.44,0,RING,LL128,40,RING,LL128,40,0,RING,A_flag_ceiling
broadcast_perf,3,24,32768,8192,float,none,75.77,0.43,0.43,0,80.22,0.41,0.41,0,RING,LL128,40,RING,LL128,40,0,RING,A_flag_ceiling
broadcast_perf,3,24,65536,16384,float,none,98.45,0.67,0.67,0,95.16,0.69,0.69,0,RING,LL128,40,RING,LL128,40,0,RING,A_flag_ceiling
broadcast_perf,3,24,131072,32768,float,none,104.09,1.26,1.26,0,96.82,1.35,1.35,0,RING,LL128,40,RING,LL128,40,0,RING,A_flag_ceiling
broadcast_perf,3,24,262144,65536,float,none,97.53,2.69,2.69,0,103.57,2.53,2.53,0,RING,LL128,40,RING,LL128,40,0,RING,A_flag_ceiling
broadcast_perf,3,24,524288,131072,float,none,98.44,5.33,5.33,0,106.51,4.92,4.92,0,RING,LL128,40,RING,LL128,40,0,RING,A_flag_ceiling
broadcast_perf,3,24,1048576,262144,float,none,127.81,8.2,8.2,0,108.66,9.65,9.65,0,RING,LL128,40,RING,LL128,40,0,RING,A_flag_ceiling
broadcast_perf,3,24,2097152,524288,float,none,130.01,16.13,16.13,0,130.77,16.04,16.04,0,RING,LL128,40,RING,LL128,40,0,RING,A_flag_ceiling
broadcast_perf,3,24,4194304,1048576,float,none,154.75,27.1,27.1,0,158.17,26.52,26.52,0,RING,LL128,40,RING,LL128,40,0,RING,A_flag_ceiling
broadcast_perf,3,24,8388608,2097152,float,none,174.7,48.02,48.02,0,178.96,46.88,46.88,0,RING,LL128,40,RING,LL128,40,0,RING,A_flag_ceiling
broadcast_perf,3,24,16777216,4194304,float,none,206.25,81.34,81.34,0,213.77,78.48,78.48,0,RING,LL128,40,RING,LL128,40,0,RING,A_flag_ceiling
broadcast_perf,3,24,33554432,8388608,float,none,271.55,123.57,123.57,0,266.83,125.75,125.75,0,RING,LL128,40,RING,LL128,40,0,RING,A_flag_ceiling
broadcast_perf,3,24,67108864,16777216,float,none,408.07,164.45,164.45,0,406.48,165.1,165.1,0,RING,LL128,40,RING,LL128,40,0,RING,A_flag_ceiling
broadcast_perf,3,24,134217728,33554432,float,none,636.07,211.01,211.01,0,644.73,208.18,208.18,0,RING,LL128,40,RING,LL128,40,0,RING,A_flag_ceiling
broadcast_perf,3,24,268435456,67108864,float,none,1142.11,235.03,235.03,0,1144.91,234.46,234.46,0,RING,LL128,40,RING,LL128,40,0,RING,A_flag_ceiling
broadcast_perf,3,24,536870912,134217728,float,none,2149.42,249.78,249.78,0,2142.5,250.58,250.58,0,RING,LL128,40,RING,LL128,40,0,RING,A_flag_ceiling
broadcast_perf,3,24,4096,1024,float,none,38.23,0.11,0.11,0,34.11,0.12,0.12,0,RING,SIMPLE,48,RING,SIMPLE,48,0,RING,A_flag_ceiling
broadcast_perf,3,24,8192,2048,float,none,34.75,0.24,0.24,0,36.45,0.22,0.22,0,RING,SIMPLE,48,RING,SIMPLE,48,0,RING,A_flag_ceiling
broadcast_perf,3,24,16384,4096,float,none,37.85,0.43,0.43,0,36.13,0.45,0.45,0,RING,SIMPLE,48,RING,SIMPLE,48,0,RING,A_flag_ceiling
broadcast_perf,3,24,32768,8192,float,none,88.98,0.37,0.37,0,88.1,0.37,0.37,0,RING,SIMPLE,48,RING,SIMPLE,48,0,RING,A_flag_ceiling
broadcast_perf,3,24,65536,16384,float,none,123.95,0.53,0.53,0,123.9,0.53,0.53,0,RING,SIMPLE,48,RING,SIMPLE,48,0,RING,A_flag_ceiling
broadcast_perf,3,24,131072,32768,float,none,121.82,1.08,1.08,0,128.74,1.02,1.02,0,RING,SIMPLE,48,RING,SIMPLE,48,0,RING,A_flag_ceiling
broadcast_perf,3,24,262144,65536,float,none,119.14,2.2,2.2,0,126.52,2.07,2.07,0,RING,SIMPLE,48,RING,SIMPLE,48,0,RING,A_flag_ceiling
broadcast_perf,3,24,524288,131072,float,none,126.79,4.13,4.13,0,125.32,4.18,4.18,0,RING,SIMPLE,48,RING,SIMPLE,48,0,RING,A_flag_ceiling
broadcast_perf,3,24,1048576,262144,float,none,146.27,7.17,7.17,0,146.03,7.18,7.18,0,RING,SIMPLE,48,RING,SIMPLE,48,0,RING,A_flag_ceiling
broadcast_perf,3,24,2097152,524288,float,none,161.49,12.99,12.99,0,161.63,12.98,12.98,0,RING,SIMPLE,48,RING,SIMPLE,48,0,RING,A_flag_ceiling
broadcast_perf,3,24,4194304,1048576,float,none,171.33,24.48,24.48,0,171.2,24.5,24.5,0,RING,SIMPLE,48,RING,SIMPLE,48,0,RING,A_flag_ceiling
broadcast_perf,3,24,8388608,2097152,float,none,199.56,42.04,42.04,0,1943.31,4.32,4.32,0,RING,SIMPLE,48,RING,SIMPLE,48,0,RING,A_flag_ceiling
broadcast_perf,3,24,16777216,4194304,float,none,251.92,66.6,66.6,0,245.32,68.39,68.39,0,RING,SIMPLE,48,RING,SIMPLE,48,0,RING,A_flag_ceiling
broadcast_perf,3,24,33554432,8388608,float,none,2248.13,14.93,14.93,0,322.2,104.14,104.14,0,RING,SIMPLE,48,RING,SIMPLE,48,0,RING,A_flag_ceiling
broadcast_perf,3,24,67108864,16777216,float,none,432.61,155.12,155.12,0,429.09,156.4,156.4,0,RING,SIMPLE,48,RING,SIMPLE,48,0,RING,A_flag_ceiling
broadcast_perf,3,24,134217728,33554432,float,none,720.89,186.18,186.18,0,721.03,186.15,186.15,0,RING,SIMPLE,48,RING,SIMPLE,48,0,RING,A_flag_ceiling
broadcast_perf,3,24,268435456,67108864,float,none,1099.1,244.23,244.23,0,1097.65,244.55,244.55,0,RING,SIMPLE,48,RING,SIMPLE,48,0,RING,A_flag_ceiling
broadcast_perf,3,24,536870912,134217728,float,none,2074.81,258.76,258.76,0,2083.62,257.66,257.66,0,RING,SIMPLE,48,RING,SIMPLE,48,0,RING,A_flag_ceiling
broadcast_perf,3,24,4096,1024,float,none,30.25,0.14,0.14,0,27.63,0.15,0.15,0,RING,LL,48,RING,LL,48,0,RING,A_flag_ceiling
broadcast_perf,3,24,8192,2048,float,none,52.01,0.16,0.16,0,53.16,0.15,0.15,0,RING,LL,48,RING,LL,48,0,RING,A_flag_ceiling
broadcast_perf,3,24,16384,4096,float,none,73.03,0.22,0.22,0,68.03,0.24,0.24,0,RING,LL,48,RING,LL,48,0,RING,A_flag_ceiling
broadcast_perf,3,24,32768,8192,float,none,70.12,0.47,0.47,0,69.91,0.47,0.47,0,RING,LL,48,RING,LL,48,0,RING,A_flag_ceiling
broadcast_perf,3,24,65536,16384,float,none,79.75,0.82,0.82,0,65.52,1.0,1.0,0,RING,LL,48,RING,LL,48,0,RING,A_flag_ceiling
broadcast_perf,3,24,131072,32768,float,none,76.94,1.7,1.7,0,77.75,1.69,1.69,0,RING,LL,48,RING,LL,48,0,RING,A_flag_ceiling
broadcast_perf,3,24,262144,65536,float,none,88.64,2.96,2.96,0,85.36,3.07,3.07,0,RING,LL,48,RING,LL,48,0,RING,A_flag_ceiling
broadcast_perf,3,24,524288,131072,float,none,101.36,5.17,5.17,0,100.6,5.21,5.21,0,RING,LL,48,RING,LL,48,0,RING,A_flag_ceiling
broadcast_perf,3,24,1048576,262144,float,none,119.73,8.76,8.76,0,123.68,8.48,8.48,0,RING,LL,48,RING,LL,48,0,RING,A_flag_ceiling
broadcast_perf,3,24,2097152,524288,float,none,145.23,14.44,14.44,0,143.25,14.64,14.64,0,RING,LL,48,RING,LL,48,0,RING,A_flag_ceiling
broadcast_perf,3,24,4194304,1048576,float,none,190.64,22.0,22.0,0,195.89,21.41,21.41,0,RING,LL,48,RING,LL,48,0,RING,A_flag_ceiling
broadcast_perf,3,24,8388608,2097152,float,none,330.52,25.38,25.38,0,328.58,25.53,25.53,0,RING,LL,48,RING,LL,48,0,RING,A_flag_ceiling
broadcast_perf,3,24,16777216,4194304,float,none,561.13,29.9,29.9,0,572.97,29.28,29.28,0,RING,LL,48,RING,LL,48,0,RING,A_flag_ceiling
broadcast_perf,3,24,33554432,8388608,float,none,1062.42,31.58,31.58,0,1079.27,31.09,31.09,0,RING,LL,48,RING,LL,48,0,RING,A_flag_ceiling
broadcast_perf,3,24,67108864,16777216,float,none,2028.2,33.09,33.09,0,2028.7,33.08,33.08,0,RING,LL,48,RING,LL,48,0,RING,A_flag_ceiling
broadcast_perf,3,24,134217728,33554432,float,none,3979.79,33.72,33.72,0,3971.63,33.79,33.79,0,RING,LL,48,RING,LL,48,0,RING,A_flag_ceiling
broadcast_perf,3,24,268435456,67108864,float,none,7752.56,34.63,34.63,0,6868.2,39.08,39.08,0,RING,LL,48,RING,LL,48,0,RING,A_flag_ceiling
broadcast_perf,3,24,536870912,134217728,float,none,13685.0,39.23,39.23,0,13677.8,39.25,39.25,0,RING,LL,48,RING,LL,48,0,RING,A_flag_ceiling
broadcast_perf,3,24,4096,1024,float,none,32.55,0.13,0.13,0,35.57,0.12,0.12,0,RING,LL128,48,RING,LL128,48,0,RING,A_flag_ceiling
broadcast_perf,3,24,8192,2048,float,none,33.08,0.25,0.25,0,32.24,0.25,0.25,0,RING,LL128,48,RING,LL128,48,0,RING,A_flag_ceiling
broadcast_perf,3,24,16384,4096,float,none,29.13,0.56,0.56,0,34.24,0.48,0.48,0,RING,LL128,48,RING,LL128,48,0,RING,A_flag_ceiling
broadcast_perf,3,24,32768,8192,float,none,72.06,0.45,0.45,0,76.39,0.43,0.43,0,RING,LL128,48,RING,LL128,48,0,RING,A_flag_ceiling
broadcast_perf,3,24,65536,16384,float,none,97.77,0.67,0.67,0,95.67,0.69,0.69,0,RING,LL128,48,RING,LL128,48,0,RING,A_flag_ceiling
broadcast_perf,3,24,131072,32768,float,none,102.15,1.28,1.28,0,95.47,1.37,1.37,0,RING,LL128,48,RING,LL128,48,0,RING,A_flag_ceiling
broadcast_perf,3,24,262144,65536,float,none,95.14,2.76,2.76,0,106.26,2.47,2.47,0,RING,LL128,48,RING,LL128,48,0,RING,A_flag_ceiling
broadcast_perf,3,24,524288,131072,float,none,106.27,4.93,4.93,0,110.95,4.73,4.73,0,RING,LL128,48,RING,LL128,48,0,RING,A_flag_ceiling
broadcast_perf,3,24,1048576,262144,float,none,114.44,9.16,9.16,0,121.35,8.64,8.64,0,RING,LL128,48,RING,LL128,48,0,RING,A_flag_ceiling
broadcast_perf,3,24,2097152,524288,float,none,135.42,15.49,15.49,0,126.33,16.6,16.6,0,RING,LL128,48,RING,LL128,48,0,RING,A_flag_ceiling
broadcast_perf,3,24,4194304,1048576,float,none,168.37,24.91,24.91,0,167.85,24.99,24.99,0,RING,LL128,48,RING,LL128,48,0,RING,A_flag_ceiling
broadcast_perf,3,24,8388608,2097152,float,none,179.87,46.64,46.64,0,179.21,46.81,46.81,0,RING,LL128,48,RING,LL128,48,0,RING,A_flag_ceiling
broadcast_perf,3,24,16777216,4194304,float,none,213.66,78.52,78.52,0,208.06,80.64,80.64,0,RING,LL128,48,RING,LL128,48,0,RING,A_flag_ceiling
broadcast_perf,3,24,33554432,8388608,float,none,269.49,124.51,124.51,0,272.45,123.16,123.16,0,RING,LL128,48,RING,LL128,48,0,RING,A_flag_ceiling
broadcast_perf,3,24,67108864,16777216,float,none,384.76,174.42,174.42,0,389.65,172.23,172.23,0,RING,LL128,48,RING,LL128,48,0,RING,A_flag_ceiling
broadcast_perf,3,24,134217728,33554432,float,none,627.49,213.9,213.9,0,625.15,214.7,214.7,0,RING,LL128,48,RING,LL128,48,0,RING,A_flag_ceiling
broadcast_perf,3,24,268435456,67108864,float,none,1065.98,251.82,251.82,0,1072.16,250.37,250.37,0,RING,LL128,48,RING,LL128,48,0,RING,A_flag_ceiling
broadcast_perf,3,24,536870912,134217728,float,none,1995.97,268.98,268.98,0,1986.1,270.31,270.31,0,RING,LL128,48,RING,LL128,48,0,RING,A_flag_ceiling
broadcast_perf,3,24,4096,1024,float,none,37.93,0.11,0.11,0,32.2,0.13,0.13,0,RING,SIMPLE,1,RING,SIMPLE,1,0,RING,A_flag_ceiling
broadcast_perf,3,24,8192,2048,float,none,33.98,0.24,0.24,0,33.49,0.24,0.24,0,RING,SIMPLE,1,RING,SIMPLE,1,0,RING,A_flag_ceiling
broadcast_perf,3,24,16384,4096,float,none,37.82,0.43,0.43,0,31.07,0.53,0.53,0,RING,SIMPLE,1,RING,SIMPLE,1,0,RING,A_flag_ceiling
broadcast_perf,3,24,32768,8192,float,none,35.9,0.91,0.91,0,36.35,0.9,0.9,0,RING,SIMPLE,1,RING,SIMPLE,1,0,RING,A_flag_ceiling
broadcast_perf,3,24,65536,16384,float,none,41.0,1.6,1.6,0,41.26,1.59,1.59,0,RING,SIMPLE,1,RING,SIMPLE,1,0,RING,A_flag_ceiling
broadcast_perf,3,24,131072,32768,float,none,51.6,2.54,2.54,0,55.04,2.38,2.38,0,RING,SIMPLE,1,RING,SIMPLE,1,0,RING,A_flag_ceiling
broadcast_perf,3,24,262144,65536,float,none,74.66,3.51,3.51,0,76.08,3.45,3.45,0,RING,SIMPLE,1,RING,SIMPLE,1,0,RING,A_flag_ceiling
broadcast_perf,3,24,524288,131072,float,none,133.63,3.92,3.92,0,89.82,5.84,5.84,0,RING,SIMPLE,1,RING,SIMPLE,1,0,RING,A_flag_ceiling
broadcast_perf,3,24,1048576,262144,float,none,147.86,7.09,7.09,0,142.09,7.38,7.38,0,RING,SIMPLE,1,RING,SIMPLE,1,0,RING,A_flag_ceiling
broadcast_perf,3,24,2097152,524288,float,none,211.49,9.92,9.92,0,214.12,9.79,9.79,0,RING,SIMPLE,1,RING,SIMPLE,1,0,RING,A_flag_ceiling
broadcast_perf,3,24,4194304,1048576,float,none,410.97,10.21,10.21,0,418.4,10.02,10.02,0,RING,SIMPLE,1,RING,SIMPLE,1,0,RING,A_flag_ceiling
broadcast_perf,3,24,8388608,2097152,float,none,648.49,12.94,12.94,0,645.17,13.0,13.0,0,RING,SIMPLE,1,RING,SIMPLE,1,0,RING,A_flag_ceiling
broadcast_perf,3,24,16777216,4194304,float,none,1275.65,13.15,13.15,0,1296.75,12.94,12.94,0,RING,SIMPLE,1,RING,SIMPLE,1,0,RING,A_flag_ceiling
broadcast_perf,3,24,33554432,8388608,float,none,2413.37,13.9,13.9,0,2454.25,13.67,13.67,0,RING,SIMPLE,1,RING,SIMPLE,1,0,RING,A_flag_ceiling
broadcast_perf,3,24,67108864,16777216,float,none,4906.5,13.68,13.68,0,4924.95,13.63,13.63,0,RING,SIMPLE,1,RING,SIMPLE,1,0,RING,A_flag_ceiling
broadcast_perf,3,24,134217728,33554432,float,none,9858.29,13.61,13.61,0,9845.06,13.63,13.63,0,RING,SIMPLE,1,RING,SIMPLE,1,0,RING,A_flag_ceiling
broadcast_perf,3,24,268435456,67108864,float,none,19703.5,13.62,13.62,0,19766.7,13.58,13.58,0,RING,SIMPLE,1,RING,SIMPLE,1,0,RING,A_flag_ceiling
broadcast_perf,3,24,536870912,134217728,float,none,39515.2,13.59,13.59,0,39442.9,13.61,13.61,0,RING,SIMPLE,1,RING,SIMPLE,1,0,RING,A_flag_ceiling
broadcast_perf,3,24,4096,1024,float,none,31.17,0.13,0.13,0,28.5,0.14,0.14,0,RING,LL,1,RING,LL,1,0,RING,A_flag_ceiling
broadcast_perf,3,24,8192,2048,float,none,29.64,0.28,0.28,0,30.53,0.27,0.27,0,RING,LL,1,RING,LL,1,0,RING,A_flag_ceiling
broadcast_perf,3,24,16384,4096,float,none,32.21,0.51,0.51,0,33.09,0.5,0.5,0,RING,LL,1,RING,LL,1,0,RING,A_flag_ceiling
broadcast_perf,3,24,32768,8192,float,none,37.08,0.88,0.88,0,36.88,0.89,0.89,0,RING,LL,1,RING,LL,1,0,RING,A_flag_ceiling
broadcast_perf,3,24,65536,16384,float,none,51.46,1.27,1.27,0,50.04,1.31,1.31,0,RING,LL,1,RING,LL,1,0,RING,A_flag_ceiling
broadcast_perf,3,24,131072,32768,float,none,74.32,1.76,1.76,0,75.28,1.74,1.74,0,RING,LL,1,RING,LL,1,0,RING,A_flag_ceiling
broadcast_perf,3,24,262144,65536,float,none,131.83,1.99,1.99,0,133.26,1.97,1.97,0,RING,LL,1,RING,LL,1,0,RING,A_flag_ceiling
broadcast_perf,3,24,524288,131072,float,none,257.6,2.04,2.04,0,246.63,2.13,2.13,0,RING,LL,1,RING,LL,1,0,RING,A_flag_ceiling
broadcast_perf,3,24,1048576,262144,float,none,489.99,2.14,2.14,0,489.96,2.14,2.14,0,RING,LL,1,RING,LL,1,0,RING,A_flag_ceiling
broadcast_perf,3,24,2097152,524288,float,none,963.1,2.18,2.18,0,962.22,2.18,2.18,0,RING,LL,1,RING,LL,1,0,RING,A_flag_ceiling
broadcast_perf,3,24,4194304,1048576,float,none,1911.85,2.19,2.19,0,1901.27,2.21,2.21,0,RING,LL,1,RING,LL,1,0,RING,A_flag_ceiling
broadcast_perf,3,24,8388608,2097152,float,none,3891.74,2.16,2.16,0,3868.83,2.17,2.17,0,RING,LL,1,RING,LL,1,0,RING,A_flag_ceiling
broadcast_perf,3,24,16777216,4194304,float,none,7806.58,2.15,2.15,0,7816.24,2.15,2.15,0,RING,LL,1,RING,LL,1,0,RING,A_flag_ceiling
broadcast_perf,3,24,33554432,8388608,float,none,15698.7,2.14,2.14,0,15640.0,2.15,2.15,0,RING,LL,1,RING,LL,1,0,RING,A_flag_ceiling
broadcast_perf,3,24,67108864,16777216,float,none,31351.9,2.14,2.14,0,31481.6,2.13,2.13,0,RING,LL,1,RING,LL,1,0,RING,A_flag_ceiling
broadcast_perf,3,24,134217728,33554432,float,none,62844.1,2.14,2.14,0,62783.0,2.14,2.14,0,RING,LL,1,RING,LL,1,0,RING,A_flag_ceiling
broadcast_perf,3,24,268435456,67108864,float,none,126022.0,2.13,2.13,0,125513.0,2.14,2.14,0,RING,LL,1,RING,LL,1,0,RING,A_flag_ceiling
broadcast_perf,3,24,536870912,134217728,float,none,250116.0,2.15,2.15,0,250876.0,2.14,2.14,0,RING,LL,1,RING,LL,1,0,RING,A_flag_ceiling
broadcast_perf,3,24,4096,1024,float,none,30.75,0.13,0.13,0,33.95,0.12,0.12,0,RING,LL128,1,RING,LL128,1,0,RING,A_flag_ceiling
broadcast_perf,3,24,8192,2048,float,none,33.87,0.24,0.24,0,32.43,0.25,0.25,0,RING,LL128,1,RING,LL128,1,0,RING,A_flag_ceiling
broadcast_perf,3,24,16384,4096,float,none,32.83,0.5,0.5,0,34.48,0.48,0.48,0,RING,LL128,1,RING,LL128,1,0,RING,A_flag_ceiling
broadcast_perf,3,24,32768,8192,float,none,35.07,0.93,0.93,0,31.55,1.04,1.04,0,RING,LL128,1,RING,LL128,1,0,RING,A_flag_ceiling
broadcast_perf,3,24,65536,16384,float,none,36.56,1.79,1.79,0,32.87,1.99,1.99,0,RING,LL128,1,RING,LL128,1,0,RING,A_flag_ceiling
broadcast_perf,3,24,131072,32768,float,none,46.0,2.85,2.85,0,45.19,2.9,2.9,0,RING,LL128,1,RING,LL128,1,0,RING,A_flag_ceiling
broadcast_perf,3,24,262144,65536,float,none,55.19,4.75,4.75,0,56.4,4.65,4.65,0,RING,LL128,1,RING,LL128,1,0,RING,A_flag_ceiling
broadcast_perf,3,24,524288,131072,float,none,88.25,5.94,5.94,0,79.97,6.56,6.56,0,RING,LL128,1,RING,LL128,1,0,RING,A_flag_ceiling
broadcast_perf,3,24,1048576,262144,float,none,133.17,7.87,7.87,0,138.72,7.56,7.56,0,RING,LL128,1,RING,LL128,1,0,RING,A_flag_ceiling
broadcast_perf,3,24,2097152,524288,float,none,237.49,8.83,8.83,0,245.03,8.56,8.56,0,RING,LL128,1,RING,LL128,1,0,RING,A_flag_ceiling
broadcast_perf,3,24,4194304,1048576,float,none,461.72,9.08,9.08,0,467.54,8.97,8.97,0,RING,LL128,1,RING,LL128,1,0,RING,A_flag_ceiling
broadcast_perf,3,24,8388608,2097152,float,none,917.74,9.14,9.14,0,913.84,9.18,9.18,0,RING,LL128,1,RING,LL128,1,0,RING,A_flag_ceiling
broadcast_perf,3,24,16777216,4194304,float,none,1840.24,9.12,9.12,0,1825.12,9.19,9.19,0,RING,LL128,1,RING,LL128,1,0,RING,A_flag_ceiling
broadcast_perf,3,24,33554432,8388608,float,none,3644.55,9.21,9.21,0,3641.58,9.21,9.21,0,RING,LL128,1,RING,LL128,1,0,RING,A_flag_ceiling
broadcast_perf,3,24,67108864,16777216,float,none,7254.0,9.25,9.25,0,7241.56,9.27,9.27,0,RING,LL128,1,RING,LL128,1,0,RING,A_flag_ceiling
broadcast_perf,3,24,134217728,33554432,float,none,14535.3,9.23,9.23,0,14506.6,9.25,9.25,0,RING,LL128,1,RING,LL128,1,0,RING,A_flag_ceiling
broadcast_perf,3,24,268435456,67108864,float,none,28861.8,9.3,9.3,0,28906.1,9.29,9.29,0,RING,LL128,1,RING,LL128,1,0,RING,A_flag_ceiling
broadcast_perf,3,24,536870912,134217728,float,none,57782.8,9.29,9.29,0,57801.0,9.29,9.29,0,RING,LL128,1,RING,LL128,1,0,RING,A_flag_ceiling
broadcast_perf,3,24,4096,1024,float,none,36.58,0.11,0.11,0,33.98,0.12,0.12,0,RING,SIMPLE,2,RING,SIMPLE,2,0,RING,A_flag_ceiling
broadcast_perf,3,24,8192,2048,float,none,33.03,0.25,0.25,0,32.76,0.25,0.25,0,RING,SIMPLE,2,RING,SIMPLE,2,0,RING,A_flag_ceiling
broadcast_perf,3,24,16384,4096,float,none,32.9,0.5,0.5,0,33.46,0.49,0.49,0,RING,SIMPLE,2,RING,SIMPLE,2,0,RING,A_flag_ceiling
broadcast_perf,3,24,32768,8192,float,none,83.42,0.39,0.39,0,84.52,0.39,0.39,0,RING,SIMPLE,2,RING,SIMPLE,2,0,RING,A_flag_ceiling
broadcast_perf,3,24,65536,16384,float,none,102.44,0.64,0.64,0,98.55,0.66,0.66,0,RING,SIMPLE,2,RING,SIMPLE,2,0,RING,A_flag_ceiling
broadcast_perf,3,24,131072,32768,float,none,105.51,1.24,1.24,0,101.42,1.29,1.29,0,RING,SIMPLE,2,RING,SIMPLE,2,0,RING,A_flag_ceiling
broadcast_perf,3,24,262144,65536,float,none,121.01,2.17,2.17,0,116.7,2.25,2.25,0,RING,SIMPLE,2,RING,SIMPLE,2,0,RING,A_flag_ceiling
broadcast_perf,3,24,524288,131072,float,none,136.51,3.84,3.84,0,138.55,3.78,3.78,0,RING,SIMPLE,2,RING,SIMPLE,2,0,RING,A_flag_ceiling
broadcast_perf,3,24,1048576,262144,float,none,179.82,5.83,5.83,0,180.96,5.79,5.79,0,RING,SIMPLE,2,RING,SIMPLE,2,0,RING,A_flag_ceiling
broadcast_perf,3,24,2097152,524288,float,none,233.89,8.97,8.97,0,233.4,8.99,8.99,0,RING,SIMPLE,2,RING,SIMPLE,2,0,RING,A_flag_ceiling
broadcast_perf,3,24,4194304,1048576,float,none,356.46,11.77,11.77,0,356.72,11.76,11.76,0,RING,SIMPLE,2,RING,SIMPLE,2,0,RING,A_flag_ceiling
broadcast_perf,3,24,8388608,2097152,float,none,522.37,16.06,16.06,0,521.78,16.08,16.08,0,RING,SIMPLE,2,RING,SIMPLE,2,0,RING,A_flag_ceiling
broadcast_perf,3,24,16777216,4194304,float,none,895.1,18.74,18.74,0,888.58,18.88,18.88,0,RING,SIMPLE,2,RING,SIMPLE,2,0,RING,A_flag_ceiling
broadcast_perf,3,24,33554432,8388608,float,none,1507.66,22.26,22.26,0,1498.58,22.39,22.39,0,RING,SIMPLE,2,RING,SIMPLE,2,0,RING,A_flag_ceiling
broadcast_perf,3,24,67108864,16777216,float,none,2867.91,23.4,23.4,0,2869.45,23.39,23.39,0,RING,SIMPLE,2,RING,SIMPLE,2,0,RING,A_flag_ceiling
broadcast_perf,3,24,134217728,33554432,float,none,5243.7,25.6,25.6,0,5222.12,25.7,25.7,0,RING,SIMPLE,2,RING,SIMPLE,2,0,RING,A_flag_ceiling
broadcast_perf,3,24,268435456,67108864,float,none,10025.5,26.78,26.78,0,10011.2,26.81,26.81,0,RING,SIMPLE,2,RING,SIMPLE,2,0,RING,A_flag_ceiling
broadcast_perf,3,24,536870912,134217728,float,none,19840.6,27.06,27.06,0,19854.4,27.04,27.04,0,RING,SIMPLE,2,RING,SIMPLE,2,0,RING,A_flag_ceiling
broadcast_perf,3,24,4096,1024,float,none,28.15,0.15,0.15,0,27.27,0.15,0.15,0,RING,LL,2,RING,LL,2,0,RING,A_flag_ceiling
broadcast_perf,3,24,8192,2048,float,none,51.9,0.16,0.16,0,49.03,0.17,0.17,0,RING,LL,2,RING,LL,2,0,RING,A_flag_ceiling
broadcast_perf,3,24,16384,4096,float,none,56.8,0.29,0.29,0,56.27,0.29,0.29,0,RING,LL,2,RING,LL,2,0,RING,A_flag_ceiling
broadcast_perf,3,24,32768,8192,float,none,62.59,0.52,0.52,0,61.07,0.54,0.54,0,RING,LL,2,RING,LL,2,0,RING,A_flag_ceiling
broadcast_perf,3,24,65536,16384,float,none,72.05,0.91,0.91,0,71.14,0.92,0.92,0,RING,LL,2,RING,LL,2,0,RING,A_flag_ceiling
broadcast_perf,3,24,131072,32768,float,none,85.92,1.53,1.53,0,85.34,1.54,1.54,0,RING,LL,2,RING,LL,2,0,RING,A_flag_ceiling
broadcast_perf,3,24,262144,65536,float,none,113.77,2.3,2.3,0,117.99,2.22,2.22,0,RING,LL,2,RING,LL,2,0,RING,A_flag_ceiling
broadcast_perf,3,24,524288,131072,float,none,172.59,3.04,3.04,0,172.19,3.04,3.04,0,RING,LL,2,RING,LL,2,0,RING,A_flag_ceiling
broadcast_perf,3,24,1048576,262144,float,none,294.83,3.56,3.56,0,294.26,3.56,3.56,0,RING,LL,2,RING,LL,2,0,RING,A_flag_ceiling
broadcast_perf,3,24,2097152,524288,float,none,515.67,4.07,4.07,0,517.04,4.06,4.06,0,RING,LL,2,RING,LL,2,0,RING,A_flag_ceiling
broadcast_perf,3,24,4194304,1048576,float,none,969.09,4.33,4.33,0,971.04,4.32,4.32,0,RING,LL,2,RING,LL,2,0,RING,A_flag_ceiling
broadcast_perf,3,24,8388608,2097152,float,none,1887.35,4.44,4.44,0,1890.15,4.44,4.44,0,RING,LL,2,RING,LL,2,0,RING,A_flag_ceiling
broadcast_perf,3,24,16777216,4194304,float,none,5509.37,3.05,3.05,0,3824.13,4.39,4.39,0,RING,LL,2,RING,LL,2,0,RING,A_flag_ceiling
broadcast_perf,3,24,33554432,8388608,float,none,7700.36,4.36,4.36,0,7648.03,4.39,4.39,0,RING,LL,2,RING,LL,2,0,RING,A_flag_ceiling
broadcast_perf,3,24,67108864,16777216,float,none,15412.2,4.35,4.35,0,15393.6,4.36,4.36,0,RING,LL,2,RING,LL,2,0,RING,A_flag_ceiling
broadcast_perf,3,24,134217728,33554432,float,none,30868.8,4.35,4.35,0,30934.3,4.34,4.34,0,RING,LL,2,RING,LL,2,0,RING,A_flag_ceiling
broadcast_perf,3,24,268435456,67108864,float,none,61827.0,4.34,4.34,0,61183.8,4.39,4.39,0,RING,LL,2,RING,LL,2,0,RING,A_flag_ceiling
broadcast_perf,3,24,536870912,134217728,float,none,123765.0,4.34,4.34,0,122534.0,4.38,4.38,0,RING,LL,2,RING,LL,2,0,RING,A_flag_ceiling
broadcast_perf,3,24,4096,1024,float,none,32.89,0.12,0.12,0,30.83,0.13,0.13,0,RING,LL128,2,RING,LL128,2,0,RING,A_flag_ceiling
broadcast_perf,3,24,8192,2048,float,none,28.87,0.28,0.28,0,30.36,0.27,0.27,0,RING,LL128,2,RING,LL128,2,0,RING,A_flag_ceiling
broadcast_perf,3,24,16384,4096,float,none,31.31,0.52,0.52,0,31.22,0.52,0.52,0,RING,LL128,2,RING,LL128,2,0,RING,A_flag_ceiling
broadcast_perf,3,24,32768,8192,float,none,61.72,0.53,0.53,0,64.06,0.51,0.51,0,RING,LL128,2,RING,LL128,2,0,RING,A_flag_ceiling
broadcast_perf,3,24,65536,16384,float,none,67.84,0.97,0.97,0,66.62,0.98,0.98,0,RING,LL128,2,RING,LL128,2,0,RING,A_flag_ceiling
broadcast_perf,3,24,131072,32768,float,none,79.57,1.65,1.65,0,81.08,1.62,1.62,0,RING,LL128,2,RING,LL128,2,0,RING,A_flag_ceiling
broadcast_perf,3,24,262144,65536,float,none,90.31,2.9,2.9,0,93.11,2.82,2.82,0,RING,LL128,2,RING,LL128,2,0,RING,A_flag_ceiling
broadcast_perf,3,24,524288,131072,float,none,102.97,5.09,5.09,0,103.12,5.08,5.08,0,RING,LL128,2,RING,LL128,2,0,RING,A_flag_ceiling
broadcast_perf,3,24,1048576,262144,float,none,132.01,7.94,7.94,0,130.67,8.02,8.02,0,RING,LL128,2,RING,LL128,2,0,RING,A_flag_ceiling
broadcast_perf,3,24,2097152,524288,float,none,179.84,11.66,11.66,0,182.29,11.5,11.5,0,RING,LL128,2,RING,LL128,2,0,RING,A_flag_ceiling
broadcast_perf,3,24,4194304,1048576,float,none,299.33,14.01,14.01,0,292.27,14.35,14.35,0,RING,LL128,2,RING,LL128,2,0,RING,A_flag_ceiling
broadcast_perf,3,24,8388608,2097152,float,none,509.0,16.48,16.48,0,500.48,16.76,16.76,0,RING,LL128,2,RING,LL128,2,0,RING,A_flag_ceiling
broadcast_perf,3,24,16777216,4194304,float,none,936.72,17.91,17.91,0,927.36,18.09,18.09,0,RING,LL128,2,RING,LL128,2,0,RING,A_flag_ceiling
broadcast_perf,3,24,33554432,8388608,float,none,1804.86,18.59,18.59,0,1816.31,18.47,18.47,0,RING,LL128,2,RING,LL128,2,0,RING,A_flag_ceiling
broadcast_perf,3,24,67108864,16777216,float,none,3588.59,18.7,18.7,0,3592.04,18.68,18.68,0,RING,LL128,2,RING,LL128,2,0,RING,A_flag_ceiling
broadcast_perf,3,24,134217728,33554432,float,none,7530.88,17.82,17.82,0,7469.5,17.97,17.97,0,RING,LL128,2,RING,LL128,2,0,RING,A_flag_ceiling
broadcast_perf,3,24,268435456,67108864,float,none,15086.4,17.79,17.79,0,15067.5,17.82,17.82,0,RING,LL128,2,RING,LL128,2,0,RING,A_flag_ceiling
broadcast_perf,3,24,536870912,134217728,float,none,30006.1,17.89,17.89,0,29978.9,17.91,17.91,0,RING,LL128,2,RING,LL128,2,0,RING,A_flag_ceiling
broadcast_perf,3,24,4096,1024,float,none,35.08,0.12,0.12,0,32.68,0.13,0.13,0,RING,SIMPLE,4,RING,SIMPLE,4,0,RING,A_flag_ceiling
broadcast_perf,3,24,8192,2048,float,none,31.65,0.26,0.26,0,32.44,0.25,0.25,0,RING,SIMPLE,4,RING,SIMPLE,4,0,RING,A_flag_ceiling
broadcast_perf,3,24,16384,4096,float,none,34.5,0.47,0.47,0,33.19,0.49,0.49,0,RING,SIMPLE,4,RING,SIMPLE,4,0,RING,A_flag_ceiling
broadcast_perf,3,24,32768,8192,float,none,82.28,0.4,0.4,0,82.77,0.4,0.4,0,RING,SIMPLE,4,RING,SIMPLE,4,0,RING,A_flag_ceiling
broadcast_perf,3,24,65536,16384,float,none,111.22,0.59,0.59,0,110.78,0.59,0.59,0,RING,SIMPLE,4,RING,SIMPLE,4,0,RING,A_flag_ceiling
broadcast_perf,3,24,131072,32768,float,none,131.45,1.0,1.0,0,131.4,1.0,1.0,0,RING,SIMPLE,4,RING,SIMPLE,4,0,RING,A_flag_ceiling
broadcast_perf,3,24,262144,65536,float,none,138.2,1.9,1.9,0,138.96,1.89,1.89,0,RING,SIMPLE,4,RING,SIMPLE,4,0,RING,A_flag_ceiling
broadcast_perf,3,24,524288,131072,float,none,150.38,3.49,3.49,0,150.6,3.48,3.48,0,RING,SIMPLE,4,RING,SIMPLE,4,0,RING,A_flag_ceiling
broadcast_perf,3,24,1048576,262144,float,none,171.57,6.11,6.11,0,174.77,6.0,6.0,0,RING,SIMPLE,4,RING,SIMPLE,4,0,RING,A_flag_ceiling
broadcast_perf,3,24,2097152,524288,float,none,236.43,8.87,8.87,0,236.33,8.87,8.87,0,RING,SIMPLE,4,RING,SIMPLE,4,0,RING,A_flag_ceiling
broadcast_perf,3,24,4194304,1048576,float,none,300.61,13.95,13.95,0,300.56,13.95,13.95,0,RING,SIMPLE,4,RING,SIMPLE,4,0,RING,A_flag_ceiling
broadcast_perf,3,24,8388608,2097152,float,none,456.59,18.37,18.37,0,456.59,18.37,18.37,0,RING,SIMPLE,4,RING,SIMPLE,4,0,RING,A_flag_ceiling
broadcast_perf,3,24,16777216,4194304,float,none,646.98,25.93,25.93,0,641.9,26.14,26.14,0,RING,SIMPLE,4,RING,SIMPLE,4,0,RING,A_flag_ceiling
broadcast_perf,3,24,33554432,8388608,float,none,1078.35,31.12,31.12,0,1078.01,31.13,31.13,0,RING,SIMPLE,4,RING,SIMPLE,4,0,RING,A_flag_ceiling
broadcast_perf,3,24,67108864,16777216,float,none,1734.64,38.69,38.69,0,1730.71,38.78,38.78,0,RING,SIMPLE,4,RING,SIMPLE,4,0,RING,A_flag_ceiling
broadcast_perf,3,24,134217728,33554432,float,none,3253.96,41.25,41.25,0,3255.79,41.22,41.22,0,RING,SIMPLE,4,RING,SIMPLE,4,0,RING,A_flag_ceiling
broadcast_perf,3,24,268435456,67108864,float,none,5779.92,46.44,46.44,0,5774.42,46.49,46.49,0,RING,SIMPLE,4,RING,SIMPLE,4,0,RING,A_flag_ceiling
broadcast_perf,3,24,536870912,134217728,float,none,10806.7,49.68,49.68,0,10810.3,49.66,49.66,0,RING,SIMPLE,4,RING,SIMPLE,4,0,RING,A_flag_ceiling
broadcast_perf,3,24,4096,1024,float,none,30.77,0.13,0.13,0,28.97,0.14,0.14,0,RING,LL,4,RING,LL,4,0,RING,A_flag_ceiling
broadcast_perf,3,24,8192,2048,float,none,55.82,0.15,0.15,0,49.46,0.17,0.17,0,RING,LL,4,RING,LL,4,0,RING,A_flag_ceiling
broadcast_perf,3,24,16384,4096,float,none,67.73,0.24,0.24,0,66.62,0.25,0.25,0,RING,LL,4,RING,LL,4,0,RING,A_flag_ceiling
broadcast_perf,3,24,32768,8192,float,none,74.9,0.44,0.44,0,74.75,0.44,0.44,0,RING,LL,4,RING,LL,4,0,RING,A_flag_ceiling
broadcast_perf,3,24,65536,16384,float,none,89.11,0.74,0.74,0,88.21,0.74,0.74,0,RING,LL,4,RING,LL,4,0,RING,A_flag_ceiling
broadcast_perf,3,24,131072,32768,float,none,97.84,1.34,1.34,0,97.17,1.35,1.35,0,RING,LL,4,RING,LL,4,0,RING,A_flag_ceiling
broadcast_perf,3,24,262144,65536,float,none,112.64,2.33,2.33,0,113.99,2.3,2.3,0,RING,LL,4,RING,LL,4,0,RING,A_flag_ceiling
broadcast_perf,3,24,524288,131072,float,none,146.62,3.58,3.58,0,144.89,3.62,3.62,0,RING,LL,4,RING,LL,4,0,RING,A_flag_ceiling
broadcast_perf,3,24,1048576,262144,float,none,210.11,4.99,4.99,0,206.0,5.09,5.09,0,RING,LL,4,RING,LL,4,0,RING,A_flag_ceiling
broadcast_perf,3,24,2097152,524288,float,none,326.25,6.43,6.43,0,323.65,6.48,6.48,0,RING,LL,4,RING,LL,4,0,RING,A_flag_ceiling
broadcast_perf,3,24,4194304,1048576,float,none,559.0,7.5,7.5,0,553.28,7.58,7.58,0,RING,LL,4,RING,LL,4,0,RING,A_flag_ceiling
broadcast_perf,3,24,8388608,2097152,float,none,1034.53,8.11,8.11,0,1027.72,8.16,8.16,0,RING,LL,4,RING,LL,4,0,RING,A_flag_ceiling
broadcast_perf,3,24,16777216,4194304,float,none,1981.24,8.47,8.47,0,1980.09,8.47,8.47,0,RING,LL,4,RING,LL,4,0,RING,A_flag_ceiling
broadcast_perf,3,24,33554432,8388608,float,none,3951.53,8.49,8.49,0,3954.9,8.48,8.48,0,RING,LL,4,RING,LL,4,0,RING,A_flag_ceiling
broadcast_perf,3,24,67108864,16777216,float,none,7897.26,8.5,8.5,0,7867.49,8.53,8.53,0,RING,LL,4,RING,LL,4,0,RING,A_flag_ceiling
broadcast_perf,3,24,134217728,33554432,float,none,15794.0,8.5,8.5,0,15964.8,8.41,8.41,0,RING,LL,4,RING,LL,4,0,RING,A_flag_ceiling
broadcast_perf,3,24,268435456,67108864,float,none,31915.5,8.41,8.41,0,31971.7,8.4,8.4,0,RING,LL,4,RING,LL,4,0,RING,A_flag_ceiling
broadcast_perf,3,24,536870912,134217728,float,none,63930.0,8.4,8.4,0,63992.7,8.39,8.39,0,RING,LL,4,RING,LL,4,0,RING,A_flag_ceiling
broadcast_perf,3,24,4096,1024,float,none,34.16,0.12,0.12,0,30.5,0.13,0.13,0,RING,LL128,4,RING,LL128,4,0,RING,A_flag_ceiling
broadcast_perf,3,24,8192,2048,float,none,31.38,0.26,0.26,0,31.34,0.26,0.26,0,RING,LL128,4,RING,LL128,4,0,RING,A_flag_ceiling
broadcast_perf,3,24,16384,4096,float,none,34.74,0.47,0.47,0,32.48,0.5,0.5,0,RING,LL128,4,RING,LL128,4,0,RING,A_flag_ceiling
broadcast_perf,3,24,32768,8192,float,none,73.36,0.45,0.45,0,63.22,0.52,0.52,0,RING,LL128,4,RING,LL128,4,0,RING,A_flag_ceiling
broadcast_perf,3,24,65536,16384,float,none,84.88,0.77,0.77,0,83.84,0.78,0.78,0,RING,LL128,4,RING,LL128,4,0,RING,A_flag_ceiling
broadcast_perf,3,24,131072,32768,float,none,97.41,1.35,1.35,0,93.73,1.4,1.4,0,RING,LL128,4,RING,LL128,4,0,RING,A_flag_ceiling
broadcast_perf,3,24,262144,65536,float,none,109.9,2.39,2.39,0,110.11,2.38,2.38,0,RING,LL128,4,RING,LL128,4,0,RING,A_flag_ceiling
broadcast_perf,3,24,524288,131072,float,none,127.84,4.1,4.1,0,128.63,4.08,4.08,0,RING,LL128,4,RING,LL128,4,0,RING,A_flag_ceiling
broadcast_perf,3,24,1048576,262144,float,none,142.59,7.35,7.35,0,141.57,7.41,7.41,0,RING,LL128,4,RING,LL128,4,0,RING,A_flag_ceiling
broadcast_perf,3,24,2097152,524288,float,none,171.6,12.22,12.22,0,174.64,12.01,12.01,0,RING,LL128,4,RING,LL128,4,0,RING,A_flag_ceiling
broadcast_perf,3,24,4194304,1048576,float,none,229.15,18.3,18.3,0,229.69,18.26,18.26,0,RING,LL128,4,RING,LL128,4,0,RING,A_flag_ceiling
broadcast_perf,3,24,8388608,2097152,float,none,344.49,24.35,24.35,0,332.87,25.2,25.2,0,RING,LL128,4,RING,LL128,4,0,RING,A_flag_ceiling
broadcast_perf,3,24,16777216,4194304,float,none,575.43,29.16,29.16,0,577.58,29.05,29.05,0,RING,LL128,4,RING,LL128,4,0,RING,A_flag_ceiling
broadcast_perf,3,24,33554432,8388608,float,none,1040.63,32.24,32.24,0,1048.2,32.01,32.01,0,RING,LL128,4,RING,LL128,4,0,RING,A_flag_ceiling
broadcast_perf,3,24,67108864,16777216,float,none,1964.59,34.16,34.16,0,1957.24,34.29,34.29,0,RING,LL128,4,RING,LL128,4,0,RING,A_flag_ceiling
broadcast_perf,3,24,134217728,33554432,float,none,3862.31,34.75,34.75,0,3854.3,34.82,34.82,0,RING,LL128,4,RING,LL128,4,0,RING,A_flag_ceiling
broadcast_perf,3,24,268435456,67108864,float,none,7670.05,35.0,35.0,0,7640.81,35.13,35.13,0,RING,LL128,4,RING,LL128,4,0,RING,A_flag_ceiling
broadcast_perf,3,24,536870912,134217728,float,none,15253.3,35.2,35.2,0,15259.1,35.18,35.18,0,RING,LL128,4,RING,LL128,4,0,RING,A_flag_ceiling
broadcast_perf,3,24,4096,1024,float,none,32.54,0.13,0.13,0,32.06,0.13,0.13,0,RING,SIMPLE,8,RING,SIMPLE,8,0,RING,A_flag_ceiling
broadcast_perf,3,24,8192,2048,float,none,31.5,0.26,0.26,0,31.3,0.26,0.26,0,RING,SIMPLE,8,RING,SIMPLE,8,0,RING,A_flag_ceiling
broadcast_perf,3,24,16384,4096,float,none,33.79,0.48,0.48,0,33.64,0.49,0.49,0,RING,SIMPLE,8,RING,SIMPLE,8,0,RING,A_flag_ceiling
broadcast_perf,3,24,32768,8192,float,none,83.53,0.39,0.39,0,81.21,0.4,0.4,0,RING,SIMPLE,8,RING,SIMPLE,8,0,RING,A_flag_ceiling
broadcast_perf,3,24,65536,16384,float,none,111.7,0.59,0.59,0,111.48,0.59,0.59,0,RING,SIMPLE,8,RING,SIMPLE,8,0,RING,A_flag_ceiling
broadcast_perf,3,24,131072,32768,float,none,114.59,1.14,1.14,0,119.75,1.09,1.09,0,RING,SIMPLE,8,RING,SIMPLE,8,0,RING,A_flag_ceiling
broadcast_perf,3,24,262144,65536,float,none,137.13,1.91,1.91,0,134.75,1.95,1.95,0,RING,SIMPLE,8,RING,SIMPLE,8,0,RING,A_flag_ceiling
broadcast_perf,3,24,524288,131072,float,none,147.02,3.57,3.57,0,142.38,3.68,3.68,0,RING,SIMPLE,8,RING,SIMPLE,8,0,RING,A_flag_ceiling
broadcast_perf,3,24,1048576,262144,float,none,154.97,6.77,6.77,0,154.52,6.79,6.79,0,RING,SIMPLE,8,RING,SIMPLE,8,0,RING,A_flag_ceiling
broadcast_perf,3,24,2097152,524288,float,none,177.86,11.79,11.79,0,177.92,11.79,11.79,0,RING,SIMPLE,8,RING,SIMPLE,8,0,RING,A_flag_ceiling
broadcast_perf,3,24,4194304,1048576,float,none,241.04,17.4,17.4,0,241.2,17.39,17.39,0,RING,SIMPLE,8,RING,SIMPLE,8,0,RING,A_flag_ceiling
broadcast_perf,3,24,8388608,2097152,float,none,307.09,27.32,27.32,0,305.61,27.45,27.45,0,RING,SIMPLE,8,RING,SIMPLE,8,0,RING,A_flag_ceiling
broadcast_perf,3,24,16777216,4194304,float,none,467.82,35.86,35.86,0,466.06,36.0,36.0,0,RING,SIMPLE,8,RING,SIMPLE,8,0,RING,A_flag_ceiling
broadcast_perf,3,24,33554432,8388608,float,none,645.73,51.96,51.96,0,647.72,51.8,51.8,0,RING,SIMPLE,8,RING,SIMPLE,8,0,RING,A_flag_ceiling
broadcast_perf,3,24,67108864,16777216,float,none,1085.06,61.85,61.85,0,1092.89,61.41,61.41,0,RING,SIMPLE,8,RING,SIMPLE,8,0,RING,A_flag_ceiling
broadcast_perf,3,24,134217728,33554432,float,none,1742.42,77.03,77.03,0,1741.06,77.09,77.09,0,RING,SIMPLE,8,RING,SIMPLE,8,0,RING,A_flag_ceiling
broadcast_perf,3,24,268435456,67108864,float,none,3319.27,80.87,80.87,0,3337.38,80.43,80.43,0,RING,SIMPLE,8,RING,SIMPLE,8,0,RING,A_flag_ceiling
broadcast_perf,3,24,536870912,134217728,float,none,5900.87,90.98,90.98,0,5913.46,90.79,90.79,0,RING,SIMPLE,8,RING,SIMPLE,8,0,RING,A_flag_ceiling
broadcast_perf,3,24,4096,1024,float,none,29.93,0.14,0.14,0,27.66,0.15,0.15,0,RING,LL,8,RING,LL,8,0,RING,A_flag_ceiling
broadcast_perf,3,24,8192,2048,float,none,52.29,0.16,0.16,0,52.42,0.16,0.16,0,RING,LL,8,RING,LL,8,0,RING,A_flag_ceiling
broadcast_perf,3,24,16384,4096,float,none,67.01,0.24,0.24,0,68.17,0.24,0.24,0,RING,LL,8,RING,LL,8,0,RING,A_flag_ceiling
broadcast_perf,3,24,32768,8192,float,none,69.61,0.47,0.47,0,68.52,0.48,0.48,0,RING,LL,8,RING,LL,8,0,RING,A_flag_ceiling
broadcast_perf,3,24,65536,16384,float,none,76.57,0.86,0.86,0,76.11,0.86,0.86,0,RING,LL,8,RING,LL,8,0,RING,A_flag_ceiling
broadcast_perf,3,24,131072,32768,float,none,91.93,1.43,1.43,0,91.82,1.43,1.43,0,RING,LL,8,RING,LL,8,0,RING,A_flag_ceiling
broadcast_perf,3,24,262144,65536,float,none,98.98,2.65,2.65,0,99.58,2.63,2.63,0,RING,LL,8,RING,LL,8,0,RING,A_flag_ceiling
broadcast_perf,3,24,524288,131072,float,none,115.81,4.53,4.53,0,116.01,4.52,4.52,0,RING,LL,8,RING,LL,8,0,RING,A_flag_ceiling
broadcast_perf,3,24,1048576,262144,float,none,146.82,7.14,7.14,0,144.92,7.24,7.24,0,RING,LL,8,RING,LL,8,0,RING,A_flag_ceiling
broadcast_perf,3,24,2097152,524288,float,none,214.17,9.79,9.79,0,214.96,9.76,9.76,0,RING,LL,8,RING,LL,8,0,RING,A_flag_ceiling
broadcast_perf,3,24,4194304,1048576,float,none,329.08,12.75,12.75,0,360.92,11.62,11.62,0,RING,LL,8,RING,LL,8,0,RING,A_flag_ceiling
broadcast_perf,3,24,8388608,2097152,float,none,604.21,13.88,13.88,0,581.88,14.42,14.42,0,RING,LL,8,RING,LL,8,0,RING,A_flag_ceiling
broadcast_perf,3,24,16777216,4194304,float,none,1108.38,15.14,15.14,0,1066.3,15.73,15.73,0,RING,LL,8,RING,LL,8,0,RING,A_flag_ceiling
broadcast_perf,3,24,33554432,8388608,float,none,2034.41,16.49,16.49,0,2038.26,16.46,16.46,0,RING,LL,8,RING,LL,8,0,RING,A_flag_ceiling
broadcast_perf,3,24,67108864,16777216,float,none,4019.6,16.7,16.7,0,3994.07,16.8,16.8,0,RING,LL,8,RING,LL,8,0,RING,A_flag_ceiling
broadcast_perf,3,24,134217728,33554432,float,none,7972.86,16.83,16.83,0,7972.73,16.83,16.83,0,RING,LL,8,RING,LL,8,0,RING,A_flag_ceiling
broadcast_perf,3,24,268435456,67108864,float,none,15954.9,16.82,16.82,0,15898.1,16.88,16.88,0,RING,LL,8,RING,LL,8,0,RING,A_flag_ceiling
broadcast_perf,3,24,536870912,134217728,float,none,31836.7,16.86,16.86,0,32030.9,16.76,16.76,0,RING,LL,8,RING,LL,8,0,RING,A_flag_ceiling
broadcast_perf,3,24,4096,1024,float,none,30.99,0.13,0.13,0,30.12,0.14,0.14,0,RING,LL128,8,RING,LL128,8,0,RING,A_flag_ceiling
broadcast_perf,3,24,8192,2048,float,none,31.65,0.26,0.26,0,30.15,0.27,0.27,0,RING,LL128,8,RING,LL128,8,0,RING,A_flag_ceiling
broadcast_perf,3,24,16384,4096,float,none,31.54,0.52,0.52,0,31.09,0.53,0.53,0,RING,LL128,8,RING,LL128,8,0,RING,A_flag_ceiling
broadcast_perf,3,24,32768,8192,float,none,77.48,0.42,0.42,0,64.71,0.51,0.51,0,RING,LL128,8,RING,LL128,8,0,RING,A_flag_ceiling
broadcast_perf,3,24,65536,16384,float,none,83.52,0.78,0.78,0,84.6,0.77,0.77,0,RING,LL128,8,RING,LL128,8,0,RING,A_flag_ceiling
broadcast_perf,3,24,131072,32768,float,none,86.14,1.52,1.52,0,86.0,1.52,1.52,0,RING,LL128,8,RING,LL128,8,0,RING,A_flag_ceiling
broadcast_perf,3,24,262144,65536,float,none,96.07,2.73,2.73,0,94.96,2.76,2.76,0,RING,LL128,8,RING,LL128,8,0,RING,A_flag_ceiling
broadcast_perf,3,24,524288,131072,float,none,109.42,4.79,4.79,0,109.65,4.78,4.78,0,RING,LL128,8,RING,LL128,8,0,RING,A_flag_ceiling
broadcast_perf,3,24,1048576,262144,float,none,128.47,8.16,8.16,0,128.88,8.14,8.14,0,RING,LL128,8,RING,LL128,8,0,RING,A_flag_ceiling
broadcast_perf,3,24,2097152,524288,float,none,143.88,14.58,14.58,0,144.85,14.48,14.48,0,RING,LL128,8,RING,LL128,8,0,RING,A_flag_ceiling
broadcast_perf,3,24,4194304,1048576,float,none,174.51,24.04,24.04,0,174.22,24.07,24.07,0,RING,LL128,8,RING,LL128,8,0,RING,A_flag_ceiling
broadcast_perf,3,24,8388608,2097152,float,none,235.0,35.7,35.7,0,231.51,36.23,36.23,0,RING,LL128,8,RING,LL128,8,0,RING,A_flag_ceiling
broadcast_perf,3,24,16777216,4194304,float,none,355.09,47.25,47.25,0,348.55,48.13,48.13,0,RING,LL128,8,RING,LL128,8,0,RING,A_flag_ceiling
broadcast_perf,3,24,33554432,8388608,float,none,587.05,57.16,57.16,0,583.96,57.46,57.46,0,RING,LL128,8,RING,LL128,8,0,RING,A_flag_ceiling
broadcast_perf,3,24,67108864,16777216,float,none,1062.67,63.15,63.15,0,1069.71,62.74,62.74,0,RING,LL128,8,RING,LL128,8,0,RING,A_flag_ceiling
broadcast_perf,3,24,134217728,33554432,float,none,2009.51,66.79,66.79,0,2014.17,66.64,66.64,0,RING,LL128,8,RING,LL128,8,0,RING,A_flag_ceiling
broadcast_perf,3,24,268435456,67108864,float,none,3926.86,68.36,68.36,0,3904.99,68.74,68.74,0,RING,LL128,8,RING,LL128,8,0,RING,A_flag_ceiling
broadcast_perf,3,24,536870912,134217728,float,none,7770.22,69.09,69.09,0,7748.08,69.29,69.29,0,RING,LL128,8,RING,LL128,8,0,RING,A_flag_ceiling
broadcast_perf,3,24,4096,1024,float,none,35.71,0.11,0.11,0,32.77,0.12,0.12,0,RING,SIMPLE,16,RING,SIMPLE,16,0,RING,A_flag_ceiling
broadcast_perf,3,24,8192,2048,float,none,32.45,0.25,0.25,0,33.23,0.25,0.25,0,RING,SIMPLE,16,RING,SIMPLE,16,0,RING,A_flag_ceiling
broadcast_perf,3,24,16384,4096,float,none,36.09,0.45,0.45,0,33.08,0.5,0.5,0,RING,SIMPLE,16,RING,SIMPLE,16,0,RING,A_flag_ceiling
broadcast_perf,3,24,32768,8192,float,none,84.16,0.39,0.39,0,81.48,0.4,0.4,0,RING,SIMPLE,16,RING,SIMPLE,16,0,RING,A_flag_ceiling
broadcast_perf,3,24,65536,16384,float,none,111.67,0.59,0.59,0,111.91,0.59,0.59,0,RING,SIMPLE,16,RING,SIMPLE,16,0,RING,A_flag_ceiling
broadcast_perf,3,24,131072,32768,float,none,117.69,1.11,1.11,0,117.91,1.11,1.11,0,RING,SIMPLE,16,RING,SIMPLE,16,0,RING,A_flag_ceiling
broadcast_perf,3,24,262144,65536,float,none,120.25,2.18,2.18,0,117.34,2.23,2.23,0,RING,SIMPLE,16,RING,SIMPLE,16,0,RING,A_flag_ceiling
broadcast_perf,3,24,524288,131072,float,none,137.81,3.8,3.8,0,138.39,3.79,3.79,0,RING,SIMPLE,16,RING,SIMPLE,16,0,RING,A_flag_ceiling
broadcast_perf,3,24,1048576,262144,float,none,145.89,7.19,7.19,0,145.67,7.2,7.2,0,RING,SIMPLE,16,RING,SIMPLE,16,0,RING,A_flag_ceiling
broadcast_perf,3,24,2097152,524288,float,none,159.71,13.13,13.13,0,157.57,13.31,13.31,0,RING,SIMPLE,16,RING,SIMPLE,16,0,RING,A_flag_ceiling
broadcast_perf,3,24,4194304,1048576,float,none,185.14,22.66,22.66,0,184.15,22.78,22.78,0,RING,SIMPLE,16,RING,SIMPLE,16,0,RING,A_flag_ceiling
broadcast_perf,3,24,8388608,2097152,float,none,247.67,33.87,33.87,0,246.58,34.02,34.02,0,RING,SIMPLE,16,RING,SIMPLE,16,0,RING,A_flag_ceiling
broadcast_perf,3,24,16777216,4194304,float,none,313.55,53.51,53.51,0,313.83,53.46,53.46,0,RING,SIMPLE,16,RING,SIMPLE,16,0,RING,A_flag_ceiling
broadcast_perf,3,24,33554432,8388608,float,none,472.32,71.04,71.04,0,468.15,71.68,71.68,0,RING,SIMPLE,16,RING,SIMPLE,16,0,RING,A_flag_ceiling
broadcast_perf,3,24,67108864,16777216,float,none,661.86,101.39,101.39,0,662.59,101.28,101.28,0,RING,SIMPLE,16,RING,SIMPLE,16,0,RING,A_flag_ceiling
broadcast_perf,3,24,134217728,33554432,float,none,1125.31,119.27,119.27,0,1123.55,119.46,119.46,0,RING,SIMPLE,16,RING,SIMPLE,16,0,RING,A_flag_ceiling
broadcast_perf,3,24,268435456,67108864,float,none,1823.58,147.2,147.2,0,1820.49,147.45,147.45,0,RING,SIMPLE,16,RING,SIMPLE,16,0,RING,A_flag_ceiling
broadcast_perf,3,24,536870912,134217728,float,none,3447.93,155.71,155.71,0,3437.67,156.17,156.17,0,RING,SIMPLE,16,RING,SIMPLE,16,0,RING,A_flag_ceiling
broadcast_perf,3,24,4096,1024,float,none,30.14,0.14,0.14,0,28.19,0.15,0.15,0,RING,LL,16,RING,LL,16,0,RING,A_flag_ceiling
broadcast_perf,3,24,8192,2048,float,none,49.44,0.17,0.17,0,49.77,0.16,0.16,0,RING,LL,16,RING,LL,16,0,RING,A_flag_ceiling
broadcast_perf,3,24,16384,4096,float,none,67.1,0.24,0.24,0,66.85,0.25,0.25,0,RING,LL,16,RING,LL,16,0,RING,A_flag_ceiling
broadcast_perf,3,24,32768,8192,float,none,69.38,0.47,0.47,0,68.66,0.48,0.48,0,RING,LL,16,RING,LL,16,0,RING,A_flag_ceiling
broadcast_perf,3,24,65536,16384,float,none,71.2,0.92,0.92,0,69.72,0.94,0.94,0,RING,LL,16,RING,LL,16,0,RING,A_flag_ceiling
broadcast_perf,3,24,131072,32768,float,none,78.31,1.67,1.67,0,79.83,1.64,1.64,0,RING,LL,16,RING,LL,16,0,RING,A_flag_ceiling
broadcast_perf,3,24,262144,65536,float,none,94.04,2.79,2.79,0,93.57,2.8,2.8,0,RING,LL,16,RING,LL,16,0,RING,A_flag_ceiling
broadcast_perf,3,24,524288,131072,float,none,105.2,4.98,4.98,0,104.12,5.04,5.04,0,RING,LL,16,RING,LL,16,0,RING,A_flag_ceiling
broadcast_perf,3,24,1048576,262144,float,none,122.16,8.58,8.58,0,121.83,8.61,8.61,0,RING,LL,16,RING,LL,16,0,RING,A_flag_ceiling
broadcast_perf,3,24,2097152,524288,float,none,153.43,13.67,13.67,0,152.84,13.72,13.72,0,RING,LL,16,RING,LL,16,0,RING,A_flag_ceiling
broadcast_perf,3,24,4194304,1048576,float,none,224.53,18.68,18.68,0,222.16,18.88,18.88,0,RING,LL,16,RING,LL,16,0,RING,A_flag_ceiling
broadcast_perf,3,24,8388608,2097152,float,none,348.86,24.05,24.05,0,354.08,23.69,23.69,0,RING,LL,16,RING,LL,16,0,RING,A_flag_ceiling
broadcast_perf,3,24,16777216,4194304,float,none,601.0,27.92,27.92,0,599.66,27.98,27.98,0,RING,LL,16,RING,LL,16,0,RING,A_flag_ceiling
broadcast_perf,3,24,33554432,8388608,float,none,1095.36,30.63,30.63,0,1102.16,30.44,30.44,0,RING,LL,16,RING,LL,16,0,RING,A_flag_ceiling
broadcast_perf,3,24,67108864,16777216,float,none,2094.95,32.03,32.03,0,2092.01,32.08,32.08,0,RING,LL,16,RING,LL,16,0,RING,A_flag_ceiling
broadcast_perf,3,24,134217728,33554432,float,none,4109.26,32.66,32.66,0,4118.85,32.59,32.59,0,RING,LL,16,RING,LL,16,0,RING,A_flag_ceiling
broadcast_perf,3,24,268435456,67108864,float,none,8188.79,32.78,32.78,0,8154.49,32.92,32.92,0,RING,LL,16,RING,LL,16,0,RING,A_flag_ceiling
broadcast_perf,3,24,536870912,134217728,float,none,16286.1,32.96,32.96,0,16443.2,32.65,32.65,0,RING,LL,16,RING,LL,16,0,RING,A_flag_ceiling
broadcast_perf,3,24,4096,1024,float,none,29.91,0.14,0.14,0,29.54,0.14,0.14,0,RING,LL128,16,RING,LL128,16,0,RING,A_flag_ceiling
broadcast_perf,3,24,8192,2048,float,none,30.68,0.27,0.27,0,31.98,0.26,0.26,0,RING,LL128,16,RING,LL128,16,0,RING,A_flag_ceiling
broadcast_perf,3,24,16384,4096,float,none,33.25,0.49,0.49,0,30.4,0.54,0.54,0,RING,LL128,16,RING,LL128,16,0,RING,A_flag_ceiling
broadcast_perf,3,24,32768,8192,float,none,64.73,0.51,0.51,0,66.19,0.5,0.5,0,RING,LL128,16,RING,LL128,16,0,RING,A_flag_ceiling
broadcast_perf,3,24,65536,16384,float,none,83.37,0.79,0.79,0,84.09,0.78,0.78,0,RING,LL128,16,RING,LL128,16,0,RING,A_flag_ceiling
broadcast_perf,3,24,131072,32768,float,none,84.39,1.55,1.55,0,85.06,1.54,1.54,0,RING,LL128,16,RING,LL128,16,0,RING,A_flag_ceiling
broadcast_perf,3,24,262144,65536,float,none,86.87,3.02,3.02,0,86.86,3.02,3.02,0,RING,LL128,16,RING,LL128,16,0,RING,A_flag_ceiling
broadcast_perf,3,24,524288,131072,float,none,98.01,5.35,5.35,0,97.66,5.37,5.37,0,RING,LL128,16,RING,LL128,16,0,RING,A_flag_ceiling
broadcast_perf,3,24,1048576,262144,float,none,123.76,8.47,8.47,0,117.26,8.94,8.94,0,RING,LL128,16,RING,LL128,16,0,RING,A_flag_ceiling
broadcast_perf,3,24,2097152,524288,float,none,137.6,15.24,15.24,0,135.52,15.47,15.47,0,RING,LL128,16,RING,LL128,16,0,RING,A_flag_ceiling
broadcast_perf,3,24,4194304,1048576,float,none,152.13,27.57,27.57,0,151.15,27.75,27.75,0,RING,LL128,16,RING,LL128,16,0,RING,A_flag_ceiling
broadcast_perf,3,24,8388608,2097152,float,none,187.68,44.7,44.7,0,191.35,43.84,43.84,0,RING,LL128,16,RING,LL128,16,0,RING,A_flag_ceiling
broadcast_perf,3,24,16777216,4194304,float,none,322.74,51.98,51.98,0,247.8,67.7,67.7,0,RING,LL128,16,RING,LL128,16,0,RING,A_flag_ceiling
broadcast_perf,3,24,33554432,8388608,float,none,377.15,88.97,88.97,0,370.92,90.46,90.46,0,RING,LL128,16,RING,LL128,16,0,RING,A_flag_ceiling
broadcast_perf,3,24,67108864,16777216,float,none,632.09,106.17,106.17,0,627.39,106.96,106.96,0,RING,LL128,16,RING,LL128,16,0,RING,A_flag_ceiling
broadcast_perf,3,24,134217728,33554432,float,none,1140.68,117.66,117.66,0,1137.47,118.0,118.0,0,RING,LL128,16,RING,LL128,16,0,RING,A_flag_ceiling
broadcast_perf,3,24,268435456,67108864,float,none,2175.58,123.39,123.39,0,2161.84,124.17,124.17,0,RING,LL128,16,RING,LL128,16,0,RING,A_flag_ceiling
broadcast_perf,3,24,536870912,134217728,float,none,4243.45,126.52,126.52,0,4233.13,126.83,126.83,0,RING,LL128,16,RING,LL128,16,0,RING,A_flag_ceiling
broadcast_perf,3,24,4096,1024,float,none,31.81,0.13,0.13,0,31.67,0.13,0.13,0,RING,SIMPLE,24,RING,SIMPLE,24,0,RING,A_flag_ceiling
broadcast_perf,3,24,8192,2048,float,none,32.53,0.25,0.25,0,31.47,0.26,0.26,0,RING,SIMPLE,24,RING,SIMPLE,24,0,RING,A_flag_ceiling
broadcast_perf,3,24,16384,4096,float,none,33.45,0.49,0.49,0,32.14,0.51,0.51,0,RING,SIMPLE,24,RING,SIMPLE,24,0,RING,A_flag_ceiling
broadcast_perf,3,24,32768,8192,float,none,80.32,0.41,0.41,0,80.01,0.41,0.41,0,RING,SIMPLE,24,RING,SIMPLE,24,0,RING,A_flag_ceiling
broadcast_perf,3,24,65536,16384,float,none,112.44,0.58,0.58,0,112.23,0.58,0.58,0,RING,SIMPLE,24,RING,SIMPLE,24,0,RING,A_flag_ceiling
broadcast_perf,3,24,131072,32768,float,none,118.87,1.1,1.1,0,119.39,1.1,1.1,0,RING,SIMPLE,24,RING,SIMPLE,24,0,RING,A_flag_ceiling
broadcast_perf,3,24,262144,65536,float,none,119.61,2.19,2.19,0,121.38,2.16,2.16,0,RING,SIMPLE,24,RING,SIMPLE,24,0,RING,A_flag_ceiling
broadcast_perf,3,24,524288,131072,float,none,140.94,3.72,3.72,0,141.99,3.69,3.69,0,RING,SIMPLE,24,RING,SIMPLE,24,0,RING,A_flag_ceiling
broadcast_perf,3,24,1048576,262144,float,none,146.81,7.14,7.14,0,146.33,7.17,7.17,0,RING,SIMPLE,24,RING,SIMPLE,24,0,RING,A_flag_ceiling
broadcast_perf,3,24,2097152,524288,float,none,154.62,13.56,13.56,0,155.49,13.49,13.49,0,RING,SIMPLE,24,RING,SIMPLE,24,0,RING,A_flag_ceiling
broadcast_perf,3,24,4194304,1048576,float,none,172.3,24.34,24.34,0,172.14,24.37,24.37,0,RING,SIMPLE,24,RING,SIMPLE,24,0,RING,A_flag_ceiling
broadcast_perf,3,24,8388608,2097152,float,none,204.4,41.04,41.04,0,205.29,40.86,40.86,0,RING,SIMPLE,24,RING,SIMPLE,24,0,RING,A_flag_ceiling
broadcast_perf,3,24,16777216,4194304,float,none,281.18,59.67,59.67,0,276.29,60.72,60.72,0,RING,SIMPLE,24,RING,SIMPLE,24,0,RING,A_flag_ceiling
broadcast_perf,3,24,33554432,8388608,float,none,362.6,92.54,92.54,0,358.53,93.59,93.59,0,RING,SIMPLE,24,RING,SIMPLE,24,0,RING,A_flag_ceiling
broadcast_perf,3,24,67108864,16777216,float,none,553.71,121.2,121.2,0,552.66,121.43,121.43,0,RING,SIMPLE,24,RING,SIMPLE,24,0,RING,A_flag_ceiling
broadcast_perf,3,24,134217728,33554432,float,none,821.29,163.42,163.42,0,821.76,163.33,163.33,0,RING,SIMPLE,24,RING,SIMPLE,24,0,RING,A_flag_ceiling
broadcast_perf,3,24,268435456,67108864,float,none,1423.22,188.61,188.61,0,1410.84,190.27,190.27,0,RING,SIMPLE,24,RING,SIMPLE,24,0,RING,A_flag_ceiling
broadcast_perf,3,24,536870912,134217728,float,none,2384.14,225.18,225.18,0,2381.21,225.46,225.46,0,RING,SIMPLE,24,RING,SIMPLE,24,0,RING,A_flag_ceiling
broadcast_perf,3,24,4096,1024,float,none,30.61,0.13,0.13,0,28.22,0.15,0.15,0,RING,LL,24,RING,LL,24,0,RING,A_flag_ceiling
broadcast_perf,3,24,8192,2048,float,none,50.84,0.16,0.16,0,50.76,0.16,0.16,0,RING,LL,24,RING,LL,24,0,RING,A_flag_ceiling
broadcast_perf,3,24,16384,4096,float,none,67.08,0.24,0.24,0,66.98,0.24,0.24,0,RING,LL,24,RING,LL,24,0,RING,A_flag_ceiling
broadcast_perf,3,24,32768,8192,float,none,73.35,0.45,0.45,0,68.05,0.48,0.48,0,RING,LL,24,RING,LL,24,0,RING,A_flag_ceiling
broadcast_perf,3,24,65536,16384,float,none,73.84,0.89,0.89,0,70.53,0.93,0.93,0,RING,LL,24,RING,LL,24,0,RING,A_flag_ceiling
broadcast_perf,3,24,131072,32768,float,none,79.39,1.65,1.65,0,79.53,1.65,1.65,0,RING,LL,24,RING,LL,24,0,RING,A_flag_ceiling
broadcast_perf,3,24,262144,65536,float,none,92.48,2.83,2.83,0,90.95,2.88,2.88,0,RING,LL,24,RING,LL,24,0,RING,A_flag_ceiling
broadcast_perf,3,24,524288,131072,float,none,106.6,4.92,4.92,0,111.06,4.72,4.72,0,RING,LL,24,RING,LL,24,0,RING,A_flag_ceiling
broadcast_perf,3,24,1048576,262144,float,none,118.78,8.83,8.83,0,119.6,8.77,8.77,0,RING,LL,24,RING,LL,24,0,RING,A_flag_ceiling
broadcast_perf,3,24,2097152,524288,float,none,150.17,13.97,13.97,0,149.95,13.99,13.99,0,RING,LL,24,RING,LL,24,0,RING,A_flag_ceiling
broadcast_perf,3,24,4194304,1048576,float,none,217.26,19.31,19.31,0,216.32,19.39,19.39,0,RING,LL,24,RING,LL,24,0,RING,A_flag_ceiling
broadcast_perf,3,24,8388608,2097152,float,none,329.27,25.48,25.48,0,329.68,25.44,25.44,0,RING,LL,24,RING,LL,24,0,RING,A_flag_ceiling
broadcast_perf,3,24,16777216,4194304,float,none,554.46,30.26,30.26,0,550.14,30.5,30.5,0,RING,LL,24,RING,LL,24,0,RING,A_flag_ceiling
broadcast_perf,3,24,33554432,8388608,float,none,1007.23,33.31,33.31,0,1005.28,33.38,33.38,0,RING,LL,24,RING,LL,24,0,RING,A_flag_ceiling
broadcast_perf,3,24,67108864,16777216,float,none,1960.28,34.23,34.23,0,1924.04,34.88,34.88,0,RING,LL,24,RING,LL,24,0,RING,A_flag_ceiling
broadcast_perf,3,24,134217728,33554432,float,none,3756.09,35.73,35.73,0,3629.41,36.98,36.98,0,RING,LL,24,RING,LL,24,0,RING,A_flag_ceiling
broadcast_perf,3,24,268435456,67108864,float,none,7086.52,37.88,37.88,0,7065.79,37.99,37.99,0,RING,LL,24,RING,LL,24,0,RING,A_flag_ceiling
broadcast_perf,3,24,536870912,134217728,float,none,14019.7,38.29,38.29,0,14087.7,38.11,38.11,0,RING,LL,24,RING,LL,24,0,RING,A_flag_ceiling
broadcast_perf,3,24,4096,1024,float,none,30.48,0.13,0.13,0,30.83,0.13,0.13,0,RING,LL128,24,RING,LL128,24,0,RING,A_flag_ceiling
broadcast_perf,3,24,8192,2048,float,none,30.42,0.27,0.27,0,29.96,0.27,0.27,0,RING,LL128,24,RING,LL128,24,0,RING,A_flag_ceiling
broadcast_perf,3,24,16384,4096,float,none,30.84,0.53,0.53,0,30.19,0.54,0.54,0,RING,LL128,24,RING,LL128,24,0,RING,A_flag_ceiling
broadcast_perf,3,24,32768,8192,float,none,63.65,0.51,0.51,0,61.46,0.53,0.53,0,RING,LL128,24,RING,LL128,24,0,RING,A_flag_ceiling
broadcast_perf,3,24,65536,16384,float,none,82.6,0.79,0.79,0,84.8,0.77,0.77,0,RING,LL128,24,RING,LL128,24,0,RING,A_flag_ceiling
broadcast_perf,3,24,131072,32768,float,none,85.22,1.54,1.54,0,84.61,1.55,1.55,0,RING,LL128,24,RING,LL128,24,0,RING,A_flag_ceiling
broadcast_perf,3,24,262144,65536,float,none,88.6,2.96,2.96,0,89.25,2.94,2.94,0,RING,LL128,24,RING,LL128,24,0,RING,A_flag_ceiling
broadcast_perf,3,24,524288,131072,float,none,100.51,5.22,5.22,0,99.01,5.3,5.3,0,RING,LL128,24,RING,LL128,24,0,RING,A_flag_ceiling
broadcast_perf,3,24,1048576,262144,float,none,108.48,9.67,9.67,0,107.86,9.72,9.72,0,RING,LL128,24,RING,LL128,24,0,RING,A_flag_ceiling
broadcast_perf,3,24,2097152,524288,float,none,134.19,15.63,15.63,0,134.87,15.55,15.55,0,RING,LL128,24,RING,LL128,24,0,RING,A_flag_ceiling
broadcast_perf,3,24,4194304,1048576,float,none,145.91,28.75,28.75,0,146.57,28.62,28.62,0,RING,LL128,24,RING,LL128,24,0,RING,A_flag_ceiling
broadcast_perf,3,24,8388608,2097152,float,none,172.69,48.57,48.57,0,173.8,48.26,48.26,0,RING,LL128,24,RING,LL128,24,0,RING,A_flag_ceiling
broadcast_perf,3,24,16777216,4194304,float,none,221.54,75.73,75.73,0,219.79,76.33,76.33,0,RING,LL128,24,RING,LL128,24,0,RING,A_flag_ceiling
broadcast_perf,3,24,33554432,8388608,float,none,313.03,107.19,107.19,0,317.16,105.8,105.8,0,RING,LL128,24,RING,LL128,24,0,RING,A_flag_ceiling
broadcast_perf,3,24,67108864,16777216,float,none,496.79,135.09,135.09,0,483.78,138.72,138.72,0,RING,LL128,24,RING,LL128,24,0,RING,A_flag_ceiling
broadcast_perf,3,24,134217728,33554432,float,none,836.52,160.45,160.45,0,837.81,160.2,160.2,0,RING,LL128,24,RING,LL128,24,0,RING,A_flag_ceiling
broadcast_perf,3,24,268435456,67108864,float,none,1555.97,172.52,172.52,0,1562.22,171.83,171.83,0,RING,LL128,24,RING,LL128,24,0,RING,A_flag_ceiling
broadcast_perf,3,24,536870912,134217728,float,none,3002.38,178.82,178.82,0,2998.98,179.02,179.02,0,RING,LL128,24,RING,LL128,24,0,RING,A_flag_ceiling
broadcast_perf,3,24,4096,1024,float,none,33.18,0.12,0.12,0,32.41,0.13,0.13,0,RING,SIMPLE,32,RING,SIMPLE,32,0,RING,A_flag_ceiling
broadcast_perf,3,24,8192,2048,float,none,32.54,0.25,0.25,0,32.47,0.25,0.25,0,RING,SIMPLE,32,RING,SIMPLE,32,0,RING,A_flag_ceiling
broadcast_perf,3,24,16384,4096,float,none,33.18,0.49,0.49,0,34.55,0.47,0.47,0,RING,SIMPLE,32,RING,SIMPLE,32,0,RING,A_flag_ceiling
broadcast_perf,3,24,32768,8192,float,none,80.83,0.41,0.41,0,80.06,0.41,0.41,0,RING,SIMPLE,32,RING,SIMPLE,32,0,RING,A_flag_ceiling
broadcast_perf,3,24,65536,16384,float,none,111.48,0.59,0.59,0,112.17,0.58,0.58,0,RING,SIMPLE,32,RING,SIMPLE,32,0,RING,A_flag_ceiling
broadcast_perf,3,24,131072,32768,float,none,114.99,1.14,1.14,0,115.06,1.14,1.14,0,RING,SIMPLE,32,RING,SIMPLE,32,0,RING,A_flag_ceiling
broadcast_perf,3,24,262144,65536,float,none,118.54,2.21,2.21,0,116.99,2.24,2.24,0,RING,SIMPLE,32,RING,SIMPLE,32,0,RING,A_flag_ceiling
broadcast_perf,3,24,524288,131072,float,none,121.24,4.32,4.32,0,120.67,4.34,4.34,0,RING,SIMPLE,32,RING,SIMPLE,32,0,RING,A_flag_ceiling
broadcast_perf,3,24,1048576,262144,float,none,143.9,7.29,7.29,0,143.12,7.33,7.33,0,RING,SIMPLE,32,RING,SIMPLE,32,0,RING,A_flag_ceiling
broadcast_perf,3,24,2097152,524288,float,none,151.18,13.87,13.87,0,152.44,13.76,13.76,0,RING,SIMPLE,32,RING,SIMPLE,32,0,RING,A_flag_ceiling
broadcast_perf,3,24,4194304,1048576,float,none,165.65,25.32,25.32,0,165.43,25.35,25.35,0,RING,SIMPLE,32,RING,SIMPLE,32,0,RING,A_flag_ceiling
broadcast_perf,3,24,8388608,2097152,float,none,193.05,43.45,43.45,0,192.41,43.6,43.6,0,RING,SIMPLE,32,RING,SIMPLE,32,0,RING,A_flag_ceiling
broadcast_perf,3,24,16777216,4194304,float,none,262.44,63.93,63.93,0,264.2,63.5,63.5,0,RING,SIMPLE,32,RING,SIMPLE,32,0,RING,A_flag_ceiling
broadcast_perf,3,24,33554432,8388608,float,none,332.27,100.99,100.99,0,325.33,103.14,103.14,0,RING,SIMPLE,32,RING,SIMPLE,32,0,RING,A_flag_ceiling
broadcast_perf,3,24,67108864,16777216,float,none,508.47,131.98,131.98,0,506.47,132.5,132.5,0,RING,SIMPLE,32,RING,SIMPLE,32,0,RING,A_flag_ceiling
broadcast_perf,3,24,134217728,33554432,float,none,725.01,185.13,185.13,0,718.83,186.72,186.72,0,RING,SIMPLE,32,RING,SIMPLE,32,0,RING,A_flag_ceiling
broadcast_perf,3,24,268435456,67108864,float,none,1277.32,210.16,210.16,0,1268.01,211.7,211.7,0,RING,SIMPLE,32,RING,SIMPLE,32,0,RING,A_flag_ceiling
broadcast_perf,3,24,536870912,134217728,float,none,2047.32,262.23,262.23,0,2043.3,262.75,262.75,0,RING,SIMPLE,32,RING,SIMPLE,32,0,RING,A_flag_ceiling
broadcast_perf,3,24,4096,1024,float,none,30.55,0.13,0.13,0,27.6,0.15,0.15,0,RING,LL,32,RING,LL,32,0,RING,A_flag_ceiling
broadcast_perf,3,24,8192,2048,float,none,51.67,0.16,0.16,0,52.41,0.16,0.16,0,RING,LL,32,RING,LL,32,0,RING,A_flag_ceiling
broadcast_perf,3,24,16384,4096,float,none,67.65,0.24,0.24,0,67.63,0.24,0.24,0,RING,LL,32,RING,LL,32,0,RING,A_flag_ceiling
broadcast_perf,3,24,32768,8192,float,none,73.72,0.44,0.44,0,73.47,0.45,0.45,0,RING,LL,32,RING,LL,32,0,RING,A_flag_ceiling
broadcast_perf,3,24,65536,16384,float,none,70.55,0.93,0.93,0,70.38,0.93,0.93,0,RING,LL,32,RING,LL,32,0,RING,A_flag_ceiling
broadcast_perf,3,24,131072,32768,float,none,75.46,1.74,1.74,0,74.41,1.76,1.76,0,RING,LL,32,RING,LL,32,0,RING,A_flag_ceiling
broadcast_perf,3,24,262144,65536,float,none,85.93,3.05,3.05,0,85.44,3.07,3.07,0,RING,LL,32,RING,LL,32,0,RING,A_flag_ceiling
broadcast_perf,3,24,524288,131072,float,none,103.79,5.05,5.05,0,102.73,5.1,5.1,0,RING,LL,32,RING,LL,32,0,RING,A_flag_ceiling
broadcast_perf,3,24,1048576,262144,float,none,121.59,8.62,8.62,0,117.44,8.93,8.93,0,RING,LL,32,RING,LL,32,0,RING,A_flag_ceiling
broadcast_perf,3,24,2097152,524288,float,none,141.19,14.85,14.85,0,140.76,14.9,14.9,0,RING,LL,32,RING,LL,32,0,RING,A_flag_ceiling
broadcast_perf,3,24,4194304,1048576,float,none,186.15,22.53,22.53,0,186.41,22.5,22.5,0,RING,LL,32,RING,LL,32,0,RING,A_flag_ceiling
broadcast_perf,3,24,8388608,2097152,float,none,307.7,27.26,27.26,0,307.54,27.28,27.28,0,RING,LL,32,RING,LL,32,0,RING,A_flag_ceiling
broadcast_perf,3,24,16777216,4194304,float,none,538.13,31.18,31.18,0,539.0,31.13,31.13,0,RING,LL,32,RING,LL,32,0,RING,A_flag_ceiling
broadcast_perf,3,24,33554432,8388608,float,none,999.21,33.58,33.58,0,997.7,33.63,33.63,0,RING,LL,32,RING,LL,32,0,RING,A_flag_ceiling
broadcast_perf,3,24,67108864,16777216,float,none,1894.6,35.42,35.42,0,1874.7,35.8,35.8,0,RING,LL,32,RING,LL,32,0,RING,A_flag_ceiling
broadcast_perf,3,24,134217728,33554432,float,none,3649.93,36.77,36.77,0,3630.45,36.97,36.97,0,RING,LL,32,RING,LL,32,0,RING,A_flag_ceiling
broadcast_perf,3,24,268435456,67108864,float,none,7159.96,37.49,37.49,0,7207.45,37.24,37.24,0,RING,LL,32,RING,LL,32,0,RING,A_flag_ceiling
broadcast_perf,3,24,536870912,134217728,float,none,14200.4,37.81,37.81,0,14156.5,37.92,37.92,0,RING,LL,32,RING,LL,32,0,RING,A_flag_ceiling
broadcast_perf,3,24,4096,1024,float,none,32.53,0.13,0.13,0,31.21,0.13,0.13,0,RING,LL128,32,RING,LL128,32,0,RING,A_flag_ceiling
broadcast_perf,3,24,8192,2048,float,none,29.63,0.28,0.28,0,30.46,0.27,0.27,0,RING,LL128,32,RING,LL128,32,0,RING,A_flag_ceiling
broadcast_perf,3,24,16384,4096,float,none,30.98,0.53,0.53,0,31.01,0.53,0.53,0,RING,LL128,32,RING,LL128,32,0,RING,A_flag_ceiling
broadcast_perf,3,24,32768,8192,float,none,61.37,0.53,0.53,0,65.44,0.5,0.5,0,RING,LL128,32,RING,LL128,32,0,RING,A_flag_ceiling
broadcast_perf,3,24,65536,16384,float,none,84.29,0.78,0.78,0,84.36,0.78,0.78,0,RING,LL128,32,RING,LL128,32,0,RING,A_flag_ceiling
broadcast_perf,3,24,131072,32768,float,none,87.53,1.5,1.5,0,87.58,1.5,1.5,0,RING,LL128,32,RING,LL128,32,0,RING,A_flag_ceiling
broadcast_perf,3,24,262144,65536,float,none,87.11,3.01,3.01,0,89.48,2.93,2.93,0,RING,LL128,32,RING,LL128,32,0,RING,A_flag_ceiling
broadcast_perf,3,24,524288,131072,float,none,91.72,5.72,5.72,0,93.01,5.64,5.64,0,RING,LL128,32,RING,LL128,32,0,RING,A_flag_ceiling
broadcast_perf,3,24,1048576,262144,float,none,102.72,10.21,10.21,0,108.73,9.64,9.64,0,RING,LL128,32,RING,LL128,32,0,RING,A_flag_ceiling
broadcast_perf,3,24,2097152,524288,float,none,121.42,17.27,17.27,0,122.77,17.08,17.08,0,RING,LL128,32,RING,LL128,32,0,RING,A_flag_ceiling
broadcast_perf,3,24,4194304,1048576,float,none,146.06,28.72,28.72,0,145.89,28.75,28.75,0,RING,LL128,32,RING,LL128,32,0,RING,A_flag_ceiling
broadcast_perf,3,24,8388608,2097152,float,none,167.84,49.98,49.98,0,168.31,49.84,49.84,0,RING,LL128,32,RING,LL128,32,0,RING,A_flag_ceiling
broadcast_perf,3,24,16777216,4194304,float,none,208.62,80.42,80.42,0,208.07,80.63,80.63,0,RING,LL128,32,RING,LL128,32,0,RING,A_flag_ceiling
broadcast_perf,3,24,33554432,8388608,float,none,278.87,120.32,120.32,0,280.56,119.6,119.6,0,RING,LL128,32,RING,LL128,32,0,RING,A_flag_ceiling
broadcast_perf,3,24,67108864,16777216,float,none,423.21,158.57,158.57,0,413.62,162.25,162.25,0,RING,LL128,32,RING,LL128,32,0,RING,A_flag_ceiling
broadcast_perf,3,24,134217728,33554432,float,none,707.63,189.67,189.67,0,707.84,189.61,189.61,0,RING,LL128,32,RING,LL128,32,0,RING,A_flag_ceiling
broadcast_perf,3,24,268435456,67108864,float,none,1274.41,210.63,210.63,0,1279.91,209.73,209.73,0,RING,LL128,32,RING,LL128,32,0,RING,A_flag_ceiling
broadcast_perf,3,24,536870912,134217728,float,none,2439.18,220.1,220.1,0,2386.07,225.0,225.0,0,RING,LL128,32,RING,LL128,32,0,RING,A_flag_ceiling
broadcast_perf,3,24,4096,1024,float,none,35.13,0.12,0.12,0,32.24,0.13,0.13,0,RING,SIMPLE,40,RING,SIMPLE,40,0,RING,A_flag_ceiling
broadcast_perf,3,24,8192,2048,float,none,32.75,0.25,0.25,0,32.49,0.25,0.25,0,RING,SIMPLE,40,RING,SIMPLE,40,0,RING,A_flag_ceiling
broadcast_perf,3,24,16384,4096,float,none,34.91,0.47,0.47,0,33.43,0.49,0.49,0,RING,SIMPLE,40,RING,SIMPLE,40,0,RING,A_flag_ceiling
broadcast_perf,3,24,32768,8192,float,none,83.66,0.39,0.39,0,87.57,0.37,0.37,0,RING,SIMPLE,40,RING,SIMPLE,40,0,RING,A_flag_ceiling
broadcast_perf,3,24,65536,16384,float,none,130.11,0.5,0.5,0,129.83,0.5,0.5,0,RING,SIMPLE,40,RING,SIMPLE,40,0,RING,A_flag_ceiling
broadcast_perf,3,24,131072,32768,float,none,136.3,0.96,0.96,0,130.03,1.01,1.01,0,RING,SIMPLE,40,RING,SIMPLE,40,0,RING,A_flag_ceiling
broadcast_perf,3,24,262144,65536,float,none,134.55,1.95,1.95,0,134.6,1.95,1.95,0,RING,SIMPLE,40,RING,SIMPLE,40,0,RING,A_flag_ceiling
broadcast_perf,3,24,524288,131072,float,none,130.84,4.01,4.01,0,145.25,3.61,3.61,0,RING,SIMPLE,40,RING,SIMPLE,40,0,RING,A_flag_ceiling
broadcast_perf,3,24,1048576,262144,float,none,150.0,6.99,6.99,0,156.04,6.72,6.72,0,RING,SIMPLE,40,RING,SIMPLE,40,0,RING,A_flag_ceiling
broadcast_perf,3,24,2097152,524288,float,none,161.84,12.96,12.96,0,154.29,13.59,13.59,0,RING,SIMPLE,40,RING,SIMPLE,40,0,RING,A_flag_ceiling
broadcast_perf,3,24,4194304,1048576,float,none,187.07,22.42,22.42,0,167.32,25.07,25.07,0,RING,SIMPLE,40,RING,SIMPLE,40,0,RING,A_flag_ceiling
broadcast_perf,3,24,8388608,2097152,float,none,208.16,40.3,40.3,0,198.66,42.23,42.23,0,RING,SIMPLE,40,RING,SIMPLE,40,0,RING,A_flag_ceiling
broadcast_perf,3,24,16777216,4194304,float,none,257.17,65.24,65.24,0,259.38,64.68,64.68,0,RING,SIMPLE,40,RING,SIMPLE,40,0,RING,A_flag_ceiling
broadcast_perf,3,24,33554432,8388608,float,none,328.05,102.28,102.28,0,324.09,103.54,103.54,0,RING,SIMPLE,40,RING,SIMPLE,40,0,RING,A_flag_ceiling
broadcast_perf,3,24,67108864,16777216,float,none,431.17,155.64,155.64,0,429.28,156.33,156.33,0,RING,SIMPLE,40,RING,SIMPLE,40,0,RING,A_flag_ceiling
broadcast_perf,3,24,134217728,33554432,float,none,703.66,190.74,190.74,0,706.12,190.08,190.08,0,RING,SIMPLE,40,RING,SIMPLE,40,0,RING,A_flag_ceiling
broadcast_perf,3,24,268435456,67108864,float,none,1093.49,245.48,245.48,0,1083.54,247.74,247.74,0,RING,SIMPLE,40,RING,SIMPLE,40,0,RING,A_flag_ceiling
broadcast_perf,3,24,536870912,134217728,float,none,2026.31,264.95,264.95,0,2031.49,264.27,264.27,0,RING,SIMPLE,40,RING,SIMPLE,40,0,RING,A_flag_ceiling
broadcast_perf,3,24,4096,1024,float,none,32.28,0.13,0.13,0,29.26,0.14,0.14,0,RING,LL,40,RING,LL,40,0,RING,A_flag_ceiling
broadcast_perf,3,24,8192,2048,float,none,48.98,0.17,0.17,0,52.81,0.16,0.16,0,RING,LL,40,RING,LL,40,0,RING,A_flag_ceiling
broadcast_perf,3,24,16384,4096,float,none,67.77,0.24,0.24,0,66.07,0.25,0.25,0,RING,LL,40,RING,LL,40,0,RING,A_flag_ceiling
broadcast_perf,3,24,32768,8192,float,none,69.44,0.47,0.47,0,70.09,0.47,0.47,0,RING,LL,40,RING,LL,40,0,RING,A_flag_ceiling
broadcast_perf,3,24,65536,16384,float,none,74.12,0.88,0.88,0,72.89,0.9,0.9,0,RING,LL,40,RING,LL,40,0,RING,A_flag_ceiling
broadcast_perf,3,24,131072,32768,float,none,75.87,1.73,1.73,0,85.96,1.52,1.52,0,RING,LL,40,RING,LL,40,0,RING,A_flag_ceiling
broadcast_perf,3,24,262144,65536,float,none,85.43,3.07,3.07,0,85.76,3.06,3.06,0,RING,LL,40,RING,LL,40,0,RING,A_flag_ceiling
broadcast_perf,3,24,524288,131072,float,none,106.88,4.91,4.91,0,101.78,5.15,5.15,0,RING,LL,40,RING,LL,40,0,RING,A_flag_ceiling
broadcast_perf,3,24,1048576,262144,float,none,117.29,8.94,8.94,0,118.43,8.85,8.85,0,RING,LL,40,RING,LL,40,0,RING,A_flag_ceiling
broadcast_perf,3,24,2097152,524288,float,none,143.36,14.63,14.63,0,140.57,14.92,14.92,0,RING,LL,40,RING,LL,40,0,RING,A_flag_ceiling
broadcast_perf,3,24,4194304,1048576,float,none,185.0,22.67,22.67,0,184.48,22.74,22.74,0,RING,LL,40,RING,LL,40,0,RING,A_flag_ceiling
broadcast_perf,3,24,8388608,2097152,float,none,299.66,27.99,27.99,0,298.75,28.08,28.08,0,RING,LL,40,RING,LL,40,0,RING,A_flag_ceiling
broadcast_perf,3,24,16777216,4194304,float,none,518.55,32.35,32.35,0,518.84,32.34,32.34,0,RING,LL,40,RING,LL,40,0,RING,A_flag_ceiling
broadcast_perf,3,24,33554432,8388608,float,none,938.57,35.75,35.75,0,933.15,35.96,35.96,0,RING,LL,40,RING,LL,40,0,RING,A_flag_ceiling
broadcast_perf,3,24,67108864,16777216,float,none,1769.24,37.93,37.93,0,1763.14,38.06,38.06,0,RING,LL,40,RING,LL,40,0,RING,A_flag_ceiling
broadcast_perf,3,24,134217728,33554432,float,none,3443.7,38.97,38.97,0,3446.38,38.94,38.94,0,RING,LL,40,RING,LL,40,0,RING,A_flag_ceiling
broadcast_perf,3,24,268435456,67108864,float,none,6832.32,39.29,39.29,0,6790.23,39.53,39.53,0,RING,LL,40,RING,LL,40,0,RING,A_flag_ceiling
broadcast_perf,3,24,536870912,134217728,float,none,13603.0,39.47,39.47,0,13433.3,39.97,39.97,0,RING,LL,40,RING,LL,40,0,RING,A_flag_ceiling
broadcast_perf,3,24,4096,1024,float,none,32.38,0.13,0.13,0,32.74,0.13,0.13,0,RING,LL128,40,RING,LL128,40,0,RING,A_flag_ceiling
broadcast_perf,3,24,8192,2048,float,none,31.35,0.26,0.26,0,32.3,0.25,0.25,0,RING,LL128,40,RING,LL128,40,0,RING,A_flag_ceiling
broadcast_perf,3,24,16384,4096,float,none,31.15,0.53,0.53,0,30.83,0.53,0.53,0,RING,LL128,40,RING,LL128,40,0,RING,A_flag_ceiling
broadcast_perf,3,24,32768,8192,float,none,67.37,0.49,0.49,0,66.64,0.49,0.49,0,RING,LL128,40,RING,LL128,40,0,RING,A_flag_ceiling
broadcast_perf,3,24,65536,16384,float,none,84.44,0.78,0.78,0,82.99,0.79,0.79,0,RING,LL128,40,RING,LL128,40,0,RING,A_flag_ceiling
broadcast_perf,3,24,131072,32768,float,none,88.16,1.49,1.49,0,95.85,1.37,1.37,0,RING,LL128,40,RING,LL128,40,0,RING,A_flag_ceiling
broadcast_perf,3,24,262144,65536,float,none,91.1,2.88,2.88,0,105.07,2.5,2.5,0,RING,LL128,40,RING,LL128,40,0,RING,A_flag_ceiling
broadcast_perf,3,24,524288,131072,float,none,94.24,5.56,5.56,0,94.9,5.52,5.52,0,RING,LL128,40,RING,LL128,40,0,RING,A_flag_ceiling
broadcast_perf,3,24,1048576,262144,float,none,106.84,9.81,9.81,0,104.47,10.04,10.04,0,RING,LL128,40,RING,LL128,40,0,RING,A_flag_ceiling
broadcast_perf,3,24,2097152,524288,float,none,121.48,17.26,17.26,0,124.28,16.87,16.87,0,RING,LL128,40,RING,LL128,40,0,RING,A_flag_ceiling
broadcast_perf,3,24,4194304,1048576,float,none,147.84,28.37,28.37,0,147.89,28.36,28.36,0,RING,LL128,40,RING,LL128,40,0,RING,A_flag_ceiling
broadcast_perf,3,24,8388608,2097152,float,none,168.92,49.66,49.66,0,173.66,48.31,48.31,0,RING,LL128,40,RING,LL128,40,0,RING,A_flag_ceiling
broadcast_perf,3,24,16777216,4194304,float,none,204.56,82.02,82.02,0,211.41,79.36,79.36,0,RING,LL128,40,RING,LL128,40,0,RING,A_flag_ceiling
broadcast_perf,3,24,33554432,8388608,float,none,275.98,121.58,121.58,0,274.61,122.19,122.19,0,RING,LL128,40,RING,LL128,40,0,RING,A_flag_ceiling
broadcast_perf,3,24,67108864,16777216,float,none,395.54,169.67,169.67,0,389.0,172.52,172.52,0,RING,LL128,40,RING,LL128,40,0,RING,A_flag_ceiling
broadcast_perf,3,24,134217728,33554432,float,none,635.42,211.23,211.23,0,640.05,209.7,209.7,0,RING,LL128,40,RING,LL128,40,0,RING,A_flag_ceiling
broadcast_perf,3,24,268435456,67108864,float,none,1127.42,238.1,238.1,0,1132.73,236.98,236.98,0,RING,LL128,40,RING,LL128,40,0,RING,A_flag_ceiling
broadcast_perf,3,24,536870912,134217728,float,none,2108.46,254.63,254.63,0,2140.66,250.8,250.8,0,RING,LL128,40,RING,LL128,40,0,RING,A_flag_ceiling
broadcast_perf,3,24,4096,1024,float,none,33.81,0.12,0.12,0,33.26,0.12,0.12,0,RING,SIMPLE,48,RING,SIMPLE,48,0,RING,A_flag_ceiling
broadcast_perf,3,24,8192,2048,float,none,36.06,0.23,0.23,0,37.82,0.22,0.22,0,RING,SIMPLE,48,RING,SIMPLE,48,0,RING,A_flag_ceiling
broadcast_perf,3,24,16384,4096,float,none,37.8,0.43,0.43,0,36.17,0.45,0.45,0,RING,SIMPLE,48,RING,SIMPLE,48,0,RING,A_flag_ceiling
broadcast_perf,3,24,32768,8192,float,none,95.23,0.34,0.34,0,90.78,0.36,0.36,0,RING,SIMPLE,48,RING,SIMPLE,48,0,RING,A_flag_ceiling
broadcast_perf,3,24,65536,16384,float,none,144.92,0.45,0.45,0,133.88,0.49,0.49,0,RING,SIMPLE,48,RING,SIMPLE,48,0,RING,A_flag_ceiling
broadcast_perf,3,24,131072,32768,float,none,134.16,0.98,0.98,0,158.79,0.83,0.83,0,RING,SIMPLE,48,RING,SIMPLE,48,0,RING,A_flag_ceiling
broadcast_perf,3,24,262144,65536,float,none,147.67,1.78,1.78,0,156.94,1.67,1.67,0,RING,SIMPLE,48,RING,SIMPLE,48,0,RING,A_flag_ceiling
broadcast_perf,3,24,524288,131072,float,none,154.64,3.39,3.39,0,154.08,3.4,3.4,0,RING,SIMPLE,48,RING,SIMPLE,48,0,RING,A_flag_ceiling
broadcast_perf,3,24,1048576,262144,float,none,182.89,5.73,5.73,0,189.61,5.53,5.53,0,RING,SIMPLE,48,RING,SIMPLE,48,0,RING,A_flag_ceiling
broadcast_perf,3,24,2097152,524288,float,none,196.49,10.67,10.67,0,199.2,10.53,10.53,0,RING,SIMPLE,48,RING,SIMPLE,48,0,RING,A_flag_ceiling
broadcast_perf,3,24,4194304,1048576,float,none,191.29,21.93,21.93,0,194.42,21.57,21.57,0,RING,SIMPLE,48,RING,SIMPLE,48,0,RING,A_flag_ceiling
broadcast_perf,3,24,8388608,2097152,float,none,209.15,40.11,40.11,0,226.38,37.06,37.06,0,RING,SIMPLE,48,RING,SIMPLE,48,0,RING,A_flag_ceiling
broadcast_perf,3,24,16777216,4194304,float,none,257.3,65.2,65.2,0,252.7,66.39,66.39,0,RING,SIMPLE,48,RING,SIMPLE,48,0,RING,A_flag_ceiling
broadcast_perf,3,24,33554432,8388608,float,none,324.12,103.52,103.52,0,322.72,103.97,103.97,0,RING,SIMPLE,48,RING,SIMPLE,48,0,RING,A_flag_ceiling
broadcast_perf,3,24,67108864,16777216,float,none,432.56,155.14,155.14,0,430.93,155.73,155.73,0,RING,SIMPLE,48,RING,SIMPLE,48,0,RING,A_flag_ceiling
broadcast_perf,3,24,134217728,33554432,float,none,722.31,185.82,185.82,0,722.65,185.73,185.73,0,RING,SIMPLE,48,RING,SIMPLE,48,0,RING,A_flag_ceiling
broadcast_perf,3,24,268435456,67108864,float,none,1094.57,245.24,245.24,0,1095.64,245.0,245.0,0,RING,SIMPLE,48,RING,SIMPLE,48,0,RING,A_flag_ceiling
broadcast_perf,3,24,536870912,134217728,float,none,2072.25,259.08,259.08,0,2073.12,258.97,258.97,0,RING,SIMPLE,48,RING,SIMPLE,48,0,RING,A_flag_ceiling
broadcast_perf,3,24,4096,1024,float,none,30.34,0.14,0.14,0,28.77,0.14,0.14,0,RING,LL,48,RING,LL,48,0,RING,A_flag_ceiling
broadcast_perf,3,24,8192,2048,float,none,53.2,0.15,0.15,0,50.64,0.16,0.16,0,RING,LL,48,RING,LL,48,0,RING,A_flag_ceiling
broadcast_perf,3,24,16384,4096,float,none,68.57,0.24,0.24,0,66.9,0.24,0.24,0,RING,LL,48,RING,LL,48,0,RING,A_flag_ceiling
broadcast_perf,3,24,32768,8192,float,none,76.06,0.43,0.43,0,68.34,0.48,0.48,0,RING,LL,48,RING,LL,48,0,RING,A_flag_ceiling
broadcast_perf,3,24,65536,16384,float,none,70.15,0.93,0.93,0,69.98,0.94,0.94,0,RING,LL,48,RING,LL,48,0,RING,A_flag_ceiling
broadcast_perf,3,24,131072,32768,float,none,75.2,1.74,1.74,0,75.95,1.73,1.73,0,RING,LL,48,RING,LL,48,0,RING,A_flag_ceiling
broadcast_perf,3,24,262144,65536,float,none,91.24,2.87,2.87,0,85.34,3.07,3.07,0,RING,LL,48,RING,LL,48,0,RING,A_flag_ceiling
broadcast_perf,3,24,524288,131072,float,none,101.99,5.14,5.14,0,100.06,5.24,5.24,0,RING,LL,48,RING,LL,48,0,RING,A_flag_ceiling
broadcast_perf,3,24,1048576,262144,float,none,118.43,8.85,8.85,0,121.65,8.62,8.62,0,RING,LL,48,RING,LL,48,0,RING,A_flag_ceiling
broadcast_perf,3,24,2097152,524288,float,none,145.83,14.38,14.38,0,145.27,14.44,14.44,0,RING,LL,48,RING,LL,48,0,RING,A_flag_ceiling
broadcast_perf,3,24,4194304,1048576,float,none,199.19,21.06,21.06,0,197.19,21.27,21.27,0,RING,LL,48,RING,LL,48,0,RING,A_flag_ceiling
broadcast_perf,3,24,8388608,2097152,float,none,334.88,25.05,25.05,0,335.24,25.02,25.02,0,RING,LL,48,RING,LL,48,0,RING,A_flag_ceiling
broadcast_perf,3,24,16777216,4194304,float,none,543.89,30.85,30.85,0,541.66,30.97,30.97,0,RING,LL,48,RING,LL,48,0,RING,A_flag_ceiling
broadcast_perf,3,24,33554432,8388608,float,none,995.02,33.72,33.72,0,996.63,33.67,33.67,0,RING,LL,48,RING,LL,48,0,RING,A_flag_ceiling
broadcast_perf,3,24,67108864,16777216,float,none,1897.21,35.37,35.37,0,1877.0,35.75,35.75,0,RING,LL,48,RING,LL,48,0,RING,A_flag_ceiling
broadcast_perf,3,24,134217728,33554432,float,none,3668.45,36.59,36.59,0,3552.31,37.78,37.78,0,RING,LL,48,RING,LL,48,0,RING,A_flag_ceiling
broadcast_perf,3,24,268435456,67108864,float,none,6688.48,40.13,40.13,0,6617.85,40.56,40.56,0,RING,LL,48,RING,LL,48,0,RING,A_flag_ceiling
broadcast_perf,3,24,536870912,134217728,float,none,13173.2,40.75,40.75,0,13177.2,40.74,40.74,0,RING,LL,48,RING,LL,48,0,RING,A_flag_ceiling
broadcast_perf,3,24,4096,1024,float,none,31.36,0.13,0.13,0,34.16,0.12,0.12,0,RING,LL128,48,RING,LL128,48,0,RING,A_flag_ceiling
broadcast_perf,3,24,8192,2048,float,none,31.56,0.26,0.26,0,29.19,0.28,0.28,0,RING,LL128,48,RING,LL128,48,0,RING,A_flag_ceiling
broadcast_perf,3,24,16384,4096,float,none,38.12,0.43,0.43,0,32.18,0.51,0.51,0,RING,LL128,48,RING,LL128,48,0,RING,A_flag_ceiling
broadcast_perf,3,24,32768,8192,float,none,67.33,0.49,0.49,0,67.64,0.48,0.48,0,RING,LL128,48,RING,LL128,48,0,RING,A_flag_ceiling
broadcast_perf,3,24,65536,16384,float,none,93.52,0.7,0.7,0,85.44,0.77,0.77,0,RING,LL128,48,RING,LL128,48,0,RING,A_flag_ceiling
broadcast_perf,3,24,131072,32768,float,none,91.64,1.43,1.43,0,88.38,1.48,1.48,0,RING,LL128,48,RING,LL128,48,0,RING,A_flag_ceiling
broadcast_perf,3,24,262144,65536,float,none,94.71,2.77,2.77,0,94.06,2.79,2.79,0,RING,LL128,48,RING,LL128,48,0,RING,A_flag_ceiling
broadcast_perf,3,24,524288,131072,float,none,135.85,3.86,3.86,0,94.86,5.53,5.53,0,RING,LL128,48,RING,LL128,48,0,RING,A_flag_ceiling
broadcast_perf,3,24,1048576,262144,float,none,105.05,9.98,9.98,0,103.91,10.09,10.09,0,RING,LL128,48,RING,LL128,48,0,RING,A_flag_ceiling
broadcast_perf,3,24,2097152,524288,float,none,119.63,17.53,17.53,0,118.26,17.73,17.73,0,RING,LL128,48,RING,LL128,48,0,RING,A_flag_ceiling
broadcast_perf,3,24,4194304,1048576,float,none,157.77,26.59,26.59,0,160.95,26.06,26.06,0,RING,LL128,48,RING,LL128,48,0,RING,A_flag_ceiling
broadcast_perf,3,24,8388608,2097152,float,none,181.01,46.34,46.34,0,172.18,48.72,48.72,0,RING,LL128,48,RING,LL128,48,0,RING,A_flag_ceiling
broadcast_perf,3,24,16777216,4194304,float,none,225.28,74.47,74.47,0,207.6,80.82,80.82,0,RING,LL128,48,RING,LL128,48,0,RING,A_flag_ceiling
broadcast_perf,3,24,33554432,8388608,float,none,272.33,123.21,123.21,0,273.26,122.79,122.79,0,RING,LL128,48,RING,LL128,48,0,RING,A_flag_ceiling
broadcast_perf,3,24,67108864,16777216,float,none,402.02,166.93,166.93,0,384.83,174.38,174.38,0,RING,LL128,48,RING,LL128,48,0,RING,A_flag_ceiling
broadcast_perf,3,24,134217728,33554432,float,none,614.86,218.29,218.29,0,606.28,221.38,221.38,0,RING,LL128,48,RING,LL128,48,0,RING,A_flag_ceiling
broadcast_perf,3,24,268435456,67108864,float,none,1068.33,251.27,251.27,0,1067.45,251.47,251.47,0,RING,LL128,48,RING,LL128,48,0,RING,A_flag_ceiling
broadcast_perf,3,24,536870912,134217728,float,none,1964.68,273.26,273.26,0,1968.47,272.74,272.74,0,RING,LL128,48,RING,LL128,48,0,RING,A_flag_ceiling
