collective,num_nodes,num_gpus,size_bytes,count,data_type,redop,time_oop_us,algbw_oop,busbw_oop,errors_oop,time_ip_us,algbw_ip,busbw_ip,errors_ip,algo,proto,nchannels,requested_algo,requested_proto,requested_nchannels,substituted,measured_algo_raw,nchannels_source
broadcast_perf,1,8,4096,1024,float,none,15.0,0.27,0.27,0,15.17,0.27,0.27,0,RING,SIMPLE,1,RING,SIMPLE,1,0,RING,A_flag_ceiling
broadcast_perf,1,8,8192,2048,float,none,14.48,0.57,0.57,0,13.97,0.59,0.59,0,RING,SIMPLE,1,RING,SIMPLE,1,0,RING,A_flag_ceiling
broadcast_perf,1,8,16384,4096,float,none,18.34,0.89,0.89,0,15.92,1.03,1.03,0,RING,SIMPLE,1,RING,SIMPLE,1,0,RING,A_flag_ceiling
broadcast_perf,1,8,32768,8192,float,none,17.96,1.82,1.82,0,16.92,1.94,1.94,0,RING,SIMPLE,1,RING,SIMPLE,1,0,RING,A_flag_ceiling
broadcast_perf,1,8,65536,16384,float,none,22.41,2.92,2.92,0,22.06,2.97,2.97,0,RING,SIMPLE,1,RING,SIMPLE,1,0,RING,A_flag_ceiling
broadcast_perf,1,8,131072,32768,float,none,37.27,3.52,3.52,0,35.04,3.74,3.74,0,RING,SIMPLE,1,RING,SIMPLE,1,0,RING,A_flag_ceiling
broadcast_perf,1,8,262144,65536,float,none,61.42,4.27,4.27,0,61.15,4.29,4.29,0,RING,SIMPLE,1,RING,SIMPLE,1,0,RING,A_flag_ceiling
broadcast_perf,1,8,524288,131072,float,none,104.87,5.0,5.0,0,104.1,5.04,5.04,0,RING,SIMPLE,1,RING,SIMPLE,1,0,RING,A_flag_ceiling
broadcast_perf,1,8,1048576,262144,float,none,199.7,5.25,5.25,0,197.96,5.3,5.3,0,RING,SIMPLE,1,RING,SIMPLE,1,0,RING,A_flag_ceiling
broadcast_perf,1,8,2097152,524288,float,none,371.67,5.64,5.64,0,367.21,5.71,5.71,0,RING,SIMPLE,1,RING,SIMPLE,1,0,RING,A_flag_ceiling
broadcast_perf,1,8,4194304,1048576,float,none,714.93,5.87,5.87,0,708.6,5.92,5.92,0,RING,SIMPLE,1,RING,SIMPLE,1,0,RING,A_flag_ceiling
broadcast_perf,1,8,8388608,2097152,float,none,1329.88,6.31,6.31,0,1323.32,6.34,6.34,0,RING,SIMPLE,1,RING,SIMPLE,1,0,RING,A_flag_ceiling
broadcast_perf,1,8,16777216,4194304,float,none,2638.27,6.36,6.36,0,2615.83,6.41,6.41,0,RING,SIMPLE,1,RING,SIMPLE,1,0,RING,A_flag_ceiling
broadcast_perf,1,8,33554432,8388608,float,none,5506.87,6.09,6.09,0,5289.96,6.34,6.34,0,RING,SIMPLE,1,RING,SIMPLE,1,0,RING,A_flag_ceiling
broadcast_perf,1,8,67108864,16777216,float,none,11023.7,6.09,6.09,0,10589.5,6.34,6.34,0,RING,SIMPLE,1,RING,SIMPLE,1,0,RING,A_flag_ceiling
broadcast_perf,1,8,134217728,33554432,float,none,22055.3,6.09,6.09,0,21207.5,6.33,6.33,0,RING,SIMPLE,1,RING,SIMPLE,1,0,RING,A_flag_ceiling
broadcast_perf,1,8,268435456,67108864,float,none,44216.3,6.07,6.07,0,42486.2,6.32,6.32,0,RING,SIMPLE,1,RING,SIMPLE,1,0,RING,A_flag_ceiling
broadcast_perf,1,8,536870912,134217728,float,none,88508.1,6.07,6.07,0,84844.8,6.33,6.33,0,RING,SIMPLE,1,RING,SIMPLE,1,0,RING,A_flag_ceiling
broadcast_perf,1,8,4096,1024,float,none,18.33,0.22,0.22,0,14.18,0.29,0.29,0,RING,LL,1,RING,LL,1,0,RING,A_flag_ceiling
broadcast_perf,1,8,8192,2048,float,none,15.23,0.54,0.54,0,11.91,0.69,0.69,0,RING,LL,1,RING,LL,1,0,RING,A_flag_ceiling
broadcast_perf,1,8,16384,4096,float,none,16.65,0.98,0.98,0,15.72,1.04,1.04,0,RING,LL,1,RING,LL,1,0,RING,A_flag_ceiling
broadcast_perf,1,8,32768,8192,float,none,18.51,1.77,1.77,0,18.12,1.81,1.81,0,RING,LL,1,RING,LL,1,0,RING,A_flag_ceiling
broadcast_perf,1,8,65536,16384,float,none,29.61,2.21,2.21,0,29.39,2.23,2.23,0,RING,LL,1,RING,LL,1,0,RING,A_flag_ceiling
broadcast_perf,1,8,131072,32768,float,none,51.77,2.53,2.53,0,52.39,2.5,2.5,0,RING,LL,1,RING,LL,1,0,RING,A_flag_ceiling
broadcast_perf,1,8,262144,65536,float,none,98.46,2.66,2.66,0,97.37,2.69,2.69,0,RING,LL,1,RING,LL,1,0,RING,A_flag_ceiling
broadcast_perf,1,8,524288,131072,float,none,191.96,2.73,2.73,0,188.11,2.79,2.79,0,RING,LL,1,RING,LL,1,0,RING,A_flag_ceiling
broadcast_perf,1,8,1048576,262144,float,none,380.77,2.75,2.75,0,369.36,2.84,2.84,0,RING,LL,1,RING,LL,1,0,RING,A_flag_ceiling
broadcast_perf,1,8,2097152,524288,float,none,753.52,2.78,2.78,0,732.49,2.86,2.86,0,RING,LL,1,RING,LL,1,0,RING,A_flag_ceiling
broadcast_perf,1,8,4194304,1048576,float,none,1503.3,2.79,2.79,0,1459.31,2.87,2.87,0,RING,LL,1,RING,LL,1,0,RING,A_flag_ceiling
broadcast_perf,1,8,8388608,2097152,float,none,2997.1,2.8,2.8,0,2994.26,2.8,2.8,0,RING,LL,1,RING,LL,1,0,RING,A_flag_ceiling
broadcast_perf,1,8,16777216,4194304,float,none,6126.99,2.74,2.74,0,6127.76,2.74,2.74,0,RING,LL,1,RING,LL,1,0,RING,A_flag_ceiling
broadcast_perf,1,8,33554432,8388608,float,none,12433.4,2.7,2.7,0,12367.0,2.71,2.71,0,RING,LL,1,RING,LL,1,0,RING,A_flag_ceiling
broadcast_perf,1,8,67108864,16777216,float,none,24950.5,2.69,2.69,0,24885.7,2.7,2.7,0,RING,LL,1,RING,LL,1,0,RING,A_flag_ceiling
broadcast_perf,1,8,134217728,33554432,float,none,50089.4,2.68,2.68,0,49929.2,2.69,2.69,0,RING,LL,1,RING,LL,1,0,RING,A_flag_ceiling
broadcast_perf,1,8,268435456,67108864,float,none,100220.0,2.68,2.68,0,99588.5,2.7,2.7,0,RING,LL,1,RING,LL,1,0,RING,A_flag_ceiling
broadcast_perf,1,8,536870912,134217728,float,none,200227.0,2.68,2.68,0,199743.0,2.69,2.69,0,RING,LL,1,RING,LL,1,0,RING,A_flag_ceiling
broadcast_perf,1,8,4096,1024,float,none,15.46,0.26,0.26,0,19.4,0.21,0.21,0,RING,SIMPLE,2,RING,SIMPLE,2,0,RING,A_flag_ceiling
broadcast_perf,1,8,8192,2048,float,none,15.21,0.54,0.54,0,12.26,0.67,0.67,0,RING,SIMPLE,2,RING,SIMPLE,2,0,RING,A_flag_ceiling
broadcast_perf,1,8,16384,4096,float,none,14.66,1.12,1.12,0,14.04,1.17,1.17,0,RING,SIMPLE,2,RING,SIMPLE,2,0,RING,A_flag_ceiling
broadcast_perf,1,8,32768,8192,float,none,14.73,2.22,2.22,0,14.02,2.34,2.34,0,RING,SIMPLE,2,RING,SIMPLE,2,0,RING,A_flag_ceiling
broadcast_perf,1,8,65536,16384,float,none,16.75,3.91,3.91,0,16.56,3.96,3.96,0,RING,SIMPLE,2,RING,SIMPLE,2,0,RING,A_flag_ceiling
broadcast_perf,1,8,131072,32768,float,none,26.85,4.88,4.88,0,24.8,5.28,5.28,0,RING,SIMPLE,2,RING,SIMPLE,2,0,RING,A_flag_ceiling
broadcast_perf,1,8,262144,65536,float,none,36.8,7.12,7.12,0,36.56,7.17,7.17,0,RING,SIMPLE,2,RING,SIMPLE,2,0,RING,A_flag_ceiling
broadcast_perf,1,8,524288,131072,float,none,63.88,8.21,8.21,0,63.64,8.24,8.24,0,RING,SIMPLE,2,RING,SIMPLE,2,0,RING,A_flag_ceiling
broadcast_perf,1,8,1048576,262144,float,none,110.04,9.53,9.53,0,109.77,9.55,9.55,0,RING,SIMPLE,2,RING,SIMPLE,2,0,RING,A_flag_ceiling
broadcast_perf,1,8,2097152,524288,float,none,210.76,9.95,9.95,0,211.7,9.91,9.91,0,RING,SIMPLE,2,RING,SIMPLE,2,0,RING,A_flag_ceiling
broadcast_perf,1,8,4194304,1048576,float,none,394.91,10.62,10.62,0,395.49,10.61,10.61,0,RING,SIMPLE,2,RING,SIMPLE,2,0,RING,A_flag_ceiling
broadcast_perf,1,8,8388608,2097152,float,none,769.55,10.9,10.9,0,773.66,10.84,10.84,0,RING,SIMPLE,2,RING,SIMPLE,2,0,RING,A_flag_ceiling
broadcast_perf,1,8,16777216,4194304,float,none,1445.15,11.61,11.61,0,1456.18,11.52,11.52,0,RING,SIMPLE,2,RING,SIMPLE,2,0,RING,A_flag_ceiling
broadcast_perf,1,8,33554432,8388608,float,none,2889.41,11.61,11.61,0,2912.43,11.52,11.52,0,RING,SIMPLE,2,RING,SIMPLE,2,0,RING,A_flag_ceiling
broadcast_perf,1,8,67108864,16777216,float,none,5848.38,11.47,11.47,0,5899.73,11.37,11.37,0,RING,SIMPLE,2,RING,SIMPLE,2,0,RING,A_flag_ceiling
broadcast_perf,1,8,134217728,33554432,float,none,11761.7,11.41,11.41,0,11851.1,11.33,11.33,0,RING,SIMPLE,2,RING,SIMPLE,2,0,RING,A_flag_ceiling
broadcast_perf,1,8,268435456,67108864,float,none,23577.0,11.39,11.39,0,23784.8,11.29,11.29,0,RING,SIMPLE,2,RING,SIMPLE,2,0,RING,A_flag_ceiling
broadcast_perf,1,8,536870912,134217728,float,none,47277.5,11.36,11.36,0,47667.3,11.26,11.26,0,RING,SIMPLE,2,RING,SIMPLE,2,0,RING,A_flag_ceiling
broadcast_perf,1,8,4096,1024,float,none,17.24,0.24,0.24,0,15.13,0.27,0.27,0,RING,LL,2,RING,LL,2,0,RING,A_flag_ceiling
broadcast_perf,1,8,8192,2048,float,none,14.08,0.58,0.58,0,14.0,0.58,0.58,0,RING,LL,2,RING,LL,2,0,RING,A_flag_ceiling
broadcast_perf,1,8,16384,4096,float,none,16.46,1.0,1.0,0,15.32,1.07,1.07,0,RING,LL,2,RING,LL,2,0,RING,A_flag_ceiling
broadcast_perf,1,8,32768,8192,float,none,15.59,2.1,2.1,0,13.43,2.44,2.44,0,RING,LL,2,RING,LL,2,0,RING,A_flag_ceiling
broadcast_perf,1,8,65536,16384,float,none,18.98,3.45,3.45,0,18.85,3.48,3.48,0,RING,LL,2,RING,LL,2,0,RING,A_flag_ceiling
broadcast_perf,1,8,131072,32768,float,none,32.62,4.02,4.02,0,31.12,4.21,4.21,0,RING,LL,2,RING,LL,2,0,RING,A_flag_ceiling
broadcast_perf,1,8,262144,65536,float,none,54.43,4.82,4.82,0,54.89,4.78,4.78,0,RING,LL,2,RING,LL,2,0,RING,A_flag_ceiling
broadcast_perf,1,8,524288,131072,float,none,103.2,5.08,5.08,0,104.03,5.04,5.04,0,RING,LL,2,RING,LL,2,0,RING,A_flag_ceiling
broadcast_perf,1,8,1048576,262144,float,none,202.25,5.18,5.18,0,204.35,5.13,5.13,0,RING,LL,2,RING,LL,2,0,RING,A_flag_ceiling
broadcast_perf,1,8,2097152,524288,float,none,401.97,5.22,5.22,0,405.05,5.18,5.18,0,RING,LL,2,RING,LL,2,0,RING,A_flag_ceiling
broadcast_perf,1,8,4194304,1048576,float,none,801.16,5.24,5.24,0,807.33,5.2,5.2,0,RING,LL,2,RING,LL,2,0,RING,A_flag_ceiling
broadcast_perf,1,8,8388608,2097152,float,none,1600.93,5.24,5.24,0,1613.96,5.2,5.2,0,RING,LL,2,RING,LL,2,0,RING,A_flag_ceiling
broadcast_perf,1,8,16777216,4194304,float,none,3203.63,5.24,5.24,0,3226.65,5.2,5.2,0,RING,LL,2,RING,LL,2,0,RING,A_flag_ceiling
broadcast_perf,1,8,33554432,8388608,float,none,6399.14,5.24,5.24,0,6461.97,5.19,5.19,0,RING,LL,2,RING,LL,2,0,RING,A_flag_ceiling
broadcast_perf,1,8,67108864,16777216,float,none,12815.2,5.24,5.24,0,12936.8,5.19,5.19,0,RING,LL,2,RING,LL,2,0,RING,A_flag_ceiling
broadcast_perf,1,8,134217728,33554432,float,none,25616.8,5.24,5.24,0,25850.1,5.19,5.19,0,RING,LL,2,RING,LL,2,0,RING,A_flag_ceiling
broadcast_perf,1,8,268435456,67108864,float,none,51164.7,5.25,5.25,0,51799.7,5.18,5.18,0,RING,LL,2,RING,LL,2,0,RING,A_flag_ceiling
broadcast_perf,1,8,536870912,134217728,float,none,102601.0,5.23,5.23,0,103453.0,5.19,5.19,0,RING,LL,2,RING,LL,2,0,RING,A_flag_ceiling
broadcast_perf,1,8,4096,1024,float,none,15.0,0.27,0.27,0,15.51,0.26,0.26,0,RING,SIMPLE,4,RING,SIMPLE,4,0,RING,A_flag_ceiling
broadcast_perf,1,8,8192,2048,float,none,14.93,0.55,0.55,0,14.37,0.57,0.57,0,RING,SIMPLE,4,RING,SIMPLE,4,0,RING,A_flag_ceiling
broadcast_perf,1,8,16384,4096,float,none,17.26,0.95,0.95,0,14.96,1.09,1.09,0,RING,SIMPLE,4,RING,SIMPLE,4,0,RING,A_flag_ceiling
broadcast_perf,1,8,32768,8192,float,none,16.86,1.94,1.94,0,16.07,2.04,2.04,0,RING,SIMPLE,4,RING,SIMPLE,4,0,RING,A_flag_ceiling
broadcast_perf,1,8,65536,16384,float,none,25.03,2.62,2.62,0,24.77,2.65,2.65,0,RING,SIMPLE,4,RING,SIMPLE,4,0,RING,A_flag_ceiling
broadcast_perf,1,8,131072,32768,float,none,37.12,3.53,3.53,0,36.21,3.62,3.62,0,RING,SIMPLE,4,RING,SIMPLE,4,0,RING,A_flag_ceiling
broadcast_perf,1,8,262144,65536,float,none,43.7,6.0,6.0,0,43.9,5.97,5.97,0,RING,SIMPLE,4,RING,SIMPLE,4,0,RING,A_flag_ceiling
broadcast_perf,1,8,524288,131072,float,none,58.78,8.92,8.92,0,59.04,8.88,8.88,0,RING,SIMPLE,4,RING,SIMPLE,4,0,RING,A_flag_ceiling
broadcast_perf,1,8,1048576,262144,float,none,88.08,11.9,11.9,0,88.07,11.91,11.91,0,RING,SIMPLE,4,RING,SIMPLE,4,0,RING,A_flag_ceiling
broadcast_perf,1,8,2097152,524288,float,none,152.58,13.74,13.74,0,152.44,13.76,13.76,0,RING,SIMPLE,4,RING,SIMPLE,4,0,RING,A_flag_ceiling
broadcast_perf,1,8,4194304,1048576,float,none,258.84,16.2,16.2,0,258.75,16.21,16.21,0,RING,SIMPLE,4,RING,SIMPLE,4,0,RING,A_flag_ceiling
broadcast_perf,1,8,8388608,2097152,float,none,483.48,17.35,17.35,0,482.94,17.37,17.37,0,RING,SIMPLE,4,RING,SIMPLE,4,0,RING,A_flag_ceiling
broadcast_perf,1,8,16777216,4194304,float,none,867.95,19.33,19.33,0,864.53,19.41,19.41,0,RING,SIMPLE,4,RING,SIMPLE,4,0,RING,A_flag_ceiling
broadcast_perf,1,8,33554432,8388608,float,none,1629.46,20.59,20.59,0,1628.52,20.6,20.6,0,RING,SIMPLE,4,RING,SIMPLE,4,0,RING,A_flag_ceiling
broadcast_perf,1,8,67108864,16777216,float,none,3130.8,21.44,21.44,0,3131.75,21.43,21.43,0,RING,SIMPLE,4,RING,SIMPLE,4,0,RING,A_flag_ceiling
broadcast_perf,1,8,134217728,33554432,float,none,6343.68,21.16,21.16,0,6347.92,21.14,21.14,0,RING,SIMPLE,4,RING,SIMPLE,4,0,RING,A_flag_ceiling
broadcast_perf,1,8,268435456,67108864,float,none,12637.0,21.24,21.24,0,12679.9,21.17,21.17,0,RING,SIMPLE,4,RING,SIMPLE,4,0,RING,A_flag_ceiling
broadcast_perf,1,8,536870912,134217728,float,none,25357.3,21.17,21.17,0,25424.9,21.12,21.12,0,RING,SIMPLE,4,RING,SIMPLE,4,0,RING,A_flag_ceiling
broadcast_perf,1,8,4096,1024,float,none,14.32,0.29,0.29,0,15.81,0.26,0.26,0,RING,LL,4,RING,LL,4,0,RING,A_flag_ceiling
broadcast_perf,1,8,8192,2048,float,none,14.66,0.56,0.56,0,11.85,0.69,0.69,0,RING,LL,4,RING,LL,4,0,RING,A_flag_ceiling
broadcast_perf,1,8,16384,4096,float,none,13.6,1.2,1.2,0,13.3,1.23,1.23,0,RING,LL,4,RING,LL,4,0,RING,A_flag_ceiling
broadcast_perf,1,8,32768,8192,float,none,16.65,1.97,1.97,0,13.62,2.41,2.41,0,RING,LL,4,RING,LL,4,0,RING,A_flag_ceiling
broadcast_perf,1,8,65536,16384,float,none,16.82,3.9,3.9,0,16.49,3.97,3.97,0,RING,LL,4,RING,LL,4,0,RING,A_flag_ceiling
broadcast_perf,1,8,131072,32768,float,none,25.54,5.13,5.13,0,24.3,5.4,5.4,0,RING,LL,4,RING,LL,4,0,RING,A_flag_ceiling
broadcast_perf,1,8,262144,65536,float,none,35.7,7.34,7.34,0,35.8,7.32,7.32,0,RING,LL,4,RING,LL,4,0,RING,A_flag_ceiling
broadcast_perf,1,8,524288,131072,float,none,61.52,8.52,8.52,0,61.29,8.55,8.55,0,RING,LL,4,RING,LL,4,0,RING,A_flag_ceiling
broadcast_perf,1,8,1048576,262144,float,none,114.79,9.13,9.13,0,114.18,9.18,9.18,0,RING,LL,4,RING,LL,4,0,RING,A_flag_ceiling
broadcast_perf,1,8,2097152,524288,float,none,221.72,9.46,9.46,0,220.36,9.52,9.52,0,RING,LL,4,RING,LL,4,0,RING,A_flag_ceiling
broadcast_perf,1,8,4194304,1048576,float,none,436.6,9.61,9.61,0,433.62,9.67,9.67,0,RING,LL,4,RING,LL,4,0,RING,A_flag_ceiling
broadcast_perf,1,8,8388608,2097152,float,none,868.05,9.66,9.66,0,860.01,9.75,9.75,0,RING,LL,4,RING,LL,4,0,RING,A_flag_ceiling
broadcast_perf,1,8,16777216,4194304,float,none,1734.6,9.67,9.67,0,1722.25,9.74,9.74,0,RING,LL,4,RING,LL,4,0,RING,A_flag_ceiling
broadcast_perf,1,8,33554432,8388608,float,none,3539.94,9.48,9.48,0,3508.69,9.56,9.56,0,RING,LL,4,RING,LL,4,0,RING,A_flag_ceiling
broadcast_perf,1,8,67108864,16777216,float,none,7133.31,9.41,9.41,0,7074.11,9.49,9.49,0,RING,LL,4,RING,LL,4,0,RING,A_flag_ceiling
broadcast_perf,1,8,134217728,33554432,float,none,14335.0,9.36,9.36,0,14237.9,9.43,9.43,0,RING,LL,4,RING,LL,4,0,RING,A_flag_ceiling
broadcast_perf,1,8,268435456,67108864,float,none,28778.9,9.33,9.33,0,28494.5,9.42,9.42,0,RING,LL,4,RING,LL,4,0,RING,A_flag_ceiling
broadcast_perf,1,8,536870912,134217728,float,none,57558.3,9.33,9.33,0,57106.0,9.4,9.4,0,RING,LL,4,RING,LL,4,0,RING,A_flag_ceiling
broadcast_perf,1,8,4096,1024,float,none,14.06,0.29,0.29,0,14.84,0.28,0.28,0,RING,SIMPLE,8,RING,SIMPLE,8,0,RING,A_flag_ceiling
broadcast_perf,1,8,8192,2048,float,none,13.64,0.6,0.6,0,12.13,0.68,0.68,0,RING,SIMPLE,8,RING,SIMPLE,8,0,RING,A_flag_ceiling
broadcast_perf,1,8,16384,4096,float,none,16.44,1.0,1.0,0,15.87,1.03,1.03,0,RING,SIMPLE,8,RING,SIMPLE,8,0,RING,A_flag_ceiling
broadcast_perf,1,8,32768,8192,float,none,14.29,2.29,2.29,0,13.8,2.37,2.37,0,RING,SIMPLE,8,RING,SIMPLE,8,0,RING,A_flag_ceiling
broadcast_perf,1,8,65536,16384,float,none,24.94,2.63,2.63,0,24.73,2.65,2.65,0,RING,SIMPLE,8,RING,SIMPLE,8,0,RING,A_flag_ceiling
broadcast_perf,1,8,131072,32768,float,none,35.33,3.71,3.71,0,33.5,3.91,3.91,0,RING,SIMPLE,8,RING,SIMPLE,8,0,RING,A_flag_ceiling
broadcast_perf,1,8,262144,65536,float,none,49.19,5.33,5.33,0,49.41,5.31,5.31,0,RING,SIMPLE,8,RING,SIMPLE,8,0,RING,A_flag_ceiling
broadcast_perf,1,8,524288,131072,float,none,58.14,9.02,9.02,0,58.14,9.02,9.02,0,RING,SIMPLE,8,RING,SIMPLE,8,0,RING,A_flag_ceiling
broadcast_perf,1,8,1048576,262144,float,none,73.96,14.18,14.18,0,74.06,14.16,14.16,0,RING,SIMPLE,8,RING,SIMPLE,8,0,RING,A_flag_ceiling
broadcast_perf,1,8,2097152,524288,float,none,104.84,20.0,20.0,0,104.56,20.06,20.06,0,RING,SIMPLE,8,RING,SIMPLE,8,0,RING,A_flag_ceiling
broadcast_perf,1,8,4194304,1048576,float,none,182.33,23.0,23.0,0,181.36,23.13,23.13,0,RING,SIMPLE,8,RING,SIMPLE,8,0,RING,A_flag_ceiling
broadcast_perf,1,8,8388608,2097152,float,none,294.39,28.5,28.5,0,292.49,28.68,28.68,0,RING,SIMPLE,8,RING,SIMPLE,8,0,RING,A_flag_ceiling
broadcast_perf,1,8,16777216,4194304,float,none,549.46,30.53,30.53,0,545.99,30.73,30.73,0,RING,SIMPLE,8,RING,SIMPLE,8,0,RING,A_flag_ceiling
broadcast_perf,1,8,33554432,8388608,float,none,948.11,35.39,35.39,0,945.95,35.47,35.47,0,RING,SIMPLE,8,RING,SIMPLE,8,0,RING,A_flag_ceiling
broadcast_perf,1,8,67108864,16777216,float,none,1778.63,37.73,37.73,0,1773.5,37.84,37.84,0,RING,SIMPLE,8,RING,SIMPLE,8,0,RING,A_flag_ceiling
broadcast_perf,1,8,134217728,33554432,float,none,3342.19,40.16,40.16,0,3336.0,40.23,40.23,0,RING,SIMPLE,8,RING,SIMPLE,8,0,RING,A_flag_ceiling
broadcast_perf,1,8,268435456,67108864,float,none,6737.02,39.84,39.84,0,6711.61,40.0,40.0,0,RING,SIMPLE,8,RING,SIMPLE,8,0,RING,A_flag_ceiling
broadcast_perf,1,8,536870912,134217728,float,none,13096.4,40.99,40.99,0,13059.3,41.11,41.11,0,RING,SIMPLE,8,RING,SIMPLE,8,0,RING,A_flag_ceiling
broadcast_perf,1,8,4096,1024,float,none,14.55,0.28,0.28,0,14.12,0.29,0.29,0,RING,LL,8,RING,LL,8,0,RING,A_flag_ceiling
broadcast_perf,1,8,8192,2048,float,none,13.88,0.59,0.59,0,13.09,0.63,0.63,0,RING,LL,8,RING,LL,8,0,RING,A_flag_ceiling
broadcast_perf,1,8,16384,4096,float,none,17.44,0.94,0.94,0,16.38,1.0,1.0,0,RING,LL,8,RING,LL,8,0,RING,A_flag_ceiling
broadcast_perf,1,8,32768,8192,float,none,16.94,1.93,1.93,0,16.34,2.0,2.0,0,RING,LL,8,RING,LL,8,0,RING,A_flag_ceiling
broadcast_perf,1,8,65536,16384,float,none,16.71,3.92,3.92,0,15.92,4.12,4.12,0,RING,LL,8,RING,LL,8,0,RING,A_flag_ceiling
broadcast_perf,1,8,131072,32768,float,none,22.24,5.89,5.89,0,20.94,6.26,6.26,0,RING,LL,8,RING,LL,8,0,RING,A_flag_ceiling
broadcast_perf,1,8,262144,65536,float,none,25.77,10.17,10.17,0,26.0,10.08,10.08,0,RING,LL,8,RING,LL,8,0,RING,A_flag_ceiling
broadcast_perf,1,8,524288,131072,float,none,39.08,13.42,13.42,0,39.5,13.27,13.27,0,RING,LL,8,RING,LL,8,0,RING,A_flag_ceiling
broadcast_perf,1,8,1048576,262144,float,none,66.32,15.81,15.81,0,66.14,15.85,15.85,0,RING,LL,8,RING,LL,8,0,RING,A_flag_ceiling
broadcast_perf,1,8,2097152,524288,float,none,119.62,17.53,17.53,0,120.33,17.43,17.43,0,RING,LL,8,RING,LL,8,0,RING,A_flag_ceiling
broadcast_perf,1,8,4194304,1048576,float,none,228.13,18.39,18.39,0,227.4,18.44,18.44,0,RING,LL,8,RING,LL,8,0,RING,A_flag_ceiling
broadcast_perf,1,8,8388608,2097152,float,none,443.28,18.92,18.92,0,442.9,18.94,18.94,0,RING,LL,8,RING,LL,8,0,RING,A_flag_ceiling
broadcast_perf,1,8,16777216,4194304,float,none,882.12,19.02,19.02,0,874.85,19.18,19.18,0,RING,LL,8,RING,LL,8,0,RING,A_flag_ceiling
broadcast_perf,1,8,33554432,8388608,float,none,1768.7,18.97,18.97,0,1744.69,19.23,19.23,0,RING,LL,8,RING,LL,8,0,RING,A_flag_ceiling
broadcast_perf,1,8,67108864,16777216,float,none,3561.6,18.84,18.84,0,3544.68,18.93,18.93,0,RING,LL,8,RING,LL,8,0,RING,A_flag_ceiling
broadcast_perf,1,8,134217728,33554432,float,none,7152.64,18.76,18.76,0,7163.75,18.74,18.74,0,RING,LL,8,RING,LL,8,0,RING,A_flag_ceiling
broadcast_perf,1,8,268435456,67108864,float,none,14367.6,18.68,18.68,0,14427.2,18.61,18.61,0,RING,LL,8,RING,LL,8,0,RING,A_flag_ceiling
broadcast_perf,1,8,536870912,134217728,float,none,28802.1,18.64,18.64,0,28888.2,18.58,18.58,0,RING,LL,8,RING,LL,8,0,RING,A_flag_ceiling
broadcast_perf,1,8,4096,1024,float,none,17.24,0.24,0.24,0,15.15,0.27,0.27,0,RING,SIMPLE,16,RING,SIMPLE,16,0,RING,A_flag_ceiling
broadcast_perf,1,8,8192,2048,float,none,13.86,0.59,0.59,0,13.41,0.61,0.61,0,RING,SIMPLE,16,RING,SIMPLE,16,0,RING,A_flag_ceiling
broadcast_perf,1,8,16384,4096,float,none,17.46,0.94,0.94,0,16.31,1.0,1.0,0,RING,SIMPLE,16,RING,SIMPLE,16,0,RING,A_flag_ceiling
broadcast_perf,1,8,32768,8192,float,none,16.05,2.04,2.04,0,16.06,2.04,2.04,0,RING,SIMPLE,16,RING,SIMPLE,16,0,RING,A_flag_ceiling
broadcast_perf,1,8,65536,16384,float,none,24.89,2.63,2.63,0,24.77,2.65,2.65,0,RING,SIMPLE,16,RING,SIMPLE,16,0,RING,A_flag_ceiling
broadcast_perf,1,8,131072,32768,float,none,35.62,3.68,3.68,0,33.48,3.92,3.92,0,RING,SIMPLE,16,RING,SIMPLE,16,0,RING,A_flag_ceiling
broadcast_perf,1,8,262144,65536,float,none,34.54,7.59,7.59,0,34.46,7.61,7.61,0,RING,SIMPLE,16,RING,SIMPLE,16,0,RING,A_flag_ceiling
broadcast_perf,1,8,524288,131072,float,none,50.8,10.32,10.32,0,51.13,10.25,10.25,0,RING,SIMPLE,16,RING,SIMPLE,16,0,RING,A_flag_ceiling
broadcast_perf,1,8,1048576,262144,float,none,60.6,17.3,17.3,0,60.22,17.41,17.41,0,RING,SIMPLE,16,RING,SIMPLE,16,0,RING,A_flag_ceiling
broadcast_perf,1,8,2097152,524288,float,none,76.05,27.57,27.57,0,76.11,27.55,27.55,0,RING,SIMPLE,16,RING,SIMPLE,16,0,RING,A_flag_ceiling
broadcast_perf,1,8,4194304,1048576,float,none,107.26,39.1,39.1,0,107.17,39.14,39.14,0,RING,SIMPLE,16,RING,SIMPLE,16,0,RING,A_flag_ceiling
broadcast_perf,1,8,8388608,2097152,float,none,187.05,44.85,44.85,0,186.16,45.06,45.06,0,RING,SIMPLE,16,RING,SIMPLE,16,0,RING,A_flag_ceiling
broadcast_perf,1,8,16777216,4194304,float,none,301.02,55.73,55.73,0,300.15,55.9,55.9,0,RING,SIMPLE,16,RING,SIMPLE,16,0,RING,A_flag_ceiling
broadcast_perf,1,8,33554432,8388608,float,none,537.18,62.46,62.46,0,534.66,62.76,62.76,0,RING,SIMPLE,16,RING,SIMPLE,16,0,RING,A_flag_ceiling
broadcast_perf,1,8,67108864,16777216,float,none,939.22,71.45,71.45,0,938.45,71.51,71.51,0,RING,SIMPLE,16,RING,SIMPLE,16,0,RING,A_flag_ceiling
broadcast_perf,1,8,134217728,33554432,float,none,1799.67,74.58,74.58,0,1798.28,74.64,74.64,0,RING,SIMPLE,16,RING,SIMPLE,16,0,RING,A_flag_ceiling
broadcast_perf,1,8,268435456,67108864,float,none,3377.82,79.47,79.47,0,3371.04,79.63,79.63,0,RING,SIMPLE,16,RING,SIMPLE,16,0,RING,A_flag_ceiling
broadcast_perf,1,8,536870912,134217728,float,none,6476.35,82.9,82.9,0,6475.68,82.91,82.91,0,RING,SIMPLE,16,RING,SIMPLE,16,0,RING,A_flag_ceiling
broadcast_perf,1,8,4096,1024,float,none,12.8,0.32,0.32,0,14.45,0.28,0.28,0,RING,LL,16,RING,LL,16,0,RING,A_flag_ceiling
broadcast_perf,1,8,8192,2048,float,none,12.6,0.65,0.65,0,12.59,0.65,0.65,0,RING,LL,16,RING,LL,16,0,RING,A_flag_ceiling
broadcast_perf,1,8,16384,4096,float,none,13.89,1.18,1.18,0,14.84,1.1,1.1,0,RING,LL,16,RING,LL,16,0,RING,A_flag_ceiling
broadcast_perf,1,8,32768,8192,float,none,14.49,2.26,2.26,0,15.57,2.1,2.1,0,RING,LL,16,RING,LL,16,0,RING,A_flag_ceiling
broadcast_perf,1,8,65536,16384,float,none,15.0,4.37,4.37,0,14.52,4.51,4.51,0,RING,LL,16,RING,LL,16,0,RING,A_flag_ceiling
broadcast_perf,1,8,131072,32768,float,none,17.44,7.52,7.52,0,16.63,7.88,7.88,0,RING,LL,16,RING,LL,16,0,RING,A_flag_ceiling
broadcast_perf,1,8,262144,65536,float,none,20.08,13.05,13.05,0,20.14,13.02,13.02,0,RING,LL,16,RING,LL,16,0,RING,A_flag_ceiling
broadcast_perf,1,8,524288,131072,float,none,27.03,19.4,19.4,0,26.84,19.53,19.53,0,RING,LL,16,RING,LL,16,0,RING,A_flag_ceiling
broadcast_perf,1,8,1048576,262144,float,none,41.8,25.09,25.09,0,40.44,25.93,25.93,0,RING,LL,16,RING,LL,16,0,RING,A_flag_ceiling
broadcast_perf,1,8,2097152,524288,float,none,67.0,31.3,31.3,0,67.1,31.25,31.25,0,RING,LL,16,RING,LL,16,0,RING,A_flag_ceiling
broadcast_perf,1,8,4194304,1048576,float,none,121.25,34.59,34.59,0,121.23,34.6,34.6,0,RING,LL,16,RING,LL,16,0,RING,A_flag_ceiling
broadcast_perf,1,8,8388608,2097152,float,none,230.0,36.47,36.47,0,229.53,36.55,36.55,0,RING,LL,16,RING,LL,16,0,RING,A_flag_ceiling
broadcast_perf,1,8,16777216,4194304,float,none,449.31,37.34,37.34,0,446.65,37.56,37.56,0,RING,LL,16,RING,LL,16,0,RING,A_flag_ceiling
broadcast_perf,1,8,33554432,8388608,float,none,904.53,37.1,37.1,0,886.23,37.86,37.86,0,RING,LL,16,RING,LL,16,0,RING,A_flag_ceiling
broadcast_perf,1,8,67108864,16777216,float,none,1841.36,36.45,36.45,0,1808.79,37.1,37.1,0,RING,LL,16,RING,LL,16,0,RING,A_flag_ceiling
broadcast_perf,1,8,134217728,33554432,float,none,3724.8,36.03,36.03,0,3675.95,36.51,36.51,0,RING,LL,16,RING,LL,16,0,RING,A_flag_ceiling
broadcast_perf,1,8,268435456,67108864,float,none,7496.49,35.81,35.81,0,7392.73,36.31,36.31,0,RING,LL,16,RING,LL,16,0,RING,A_flag_ceiling
broadcast_perf,1,8,536870912,134217728,float,none,14990.0,35.82,35.82,0,14818.0,36.23,36.23,0,RING,LL,16,RING,LL,16,0,RING,A_flag_ceiling
broadcast_perf,1,8,4096,1024,float,none,16.81,0.24,0.24,0,13.88,0.3,0.3,0,RING,SIMPLE,24,RING,SIMPLE,24,0,RING,A_flag_ceiling
broadcast_perf,1,8,8192,2048,float,none,13.64,0.6,0.6,0,13.68,0.6,0.6,0,RING,SIMPLE,24,RING,SIMPLE,24,0,RING,A_flag_ceiling
broadcast_perf,1,8,16384,4096,float,none,17.57,0.93,0.93,0,16.34,1.0,1.0,0,RING,SIMPLE,24,RING,SIMPLE,24,0,RING,A_flag_ceiling
broadcast_perf,1,8,32768,8192,float,none,15.97,2.05,2.05,0,16.77,1.95,1.95,0,RING,SIMPLE,24,RING,SIMPLE,24,0,RING,A_flag_ceiling
broadcast_perf,1,8,65536,16384,float,none,24.71,2.65,2.65,0,24.56,2.67,2.67,0,RING,SIMPLE,24,RING,SIMPLE,24,0,RING,A_flag_ceiling
broadcast_perf,1,8,131072,32768,float,none,35.65,3.68,3.68,0,33.74,3.88,3.88,0,RING,SIMPLE,24,RING,SIMPLE,24,0,RING,A_flag_ceiling
broadcast_perf,1,8,262144,65536,float,none,34.49,7.6,7.6,0,34.62,7.57,7.57,0,RING,SIMPLE,24,RING,SIMPLE,24,0,RING,A_flag_ceiling
broadcast_perf,1,8,524288,131072,float,none,51.27,10.23,10.23,0,51.46,10.19,10.19,0,RING,SIMPLE,24,RING,SIMPLE,24,0,RING,A_flag_ceiling
broadcast_perf,1,8,1048576,262144,float,none,56.83,18.45,18.45,0,56.92,18.42,18.42,0,RING,SIMPLE,24,RING,SIMPLE,24,0,RING,A_flag_ceiling
broadcast_perf,1,8,2097152,524288,float,none,69.24,30.29,30.29,0,69.14,30.33,30.33,0,RING,SIMPLE,24,RING,SIMPLE,24,0,RING,A_flag_ceiling
broadcast_perf,1,8,4194304,1048576,float,none,89.35,46.94,46.94,0,89.09,47.08,47.08,0,RING,SIMPLE,24,RING,SIMPLE,24,0,RING,A_flag_ceiling
broadcast_perf,1,8,8388608,2097152,float,none,132.96,63.09,63.09,0,132.83,63.15,63.15,0,RING,SIMPLE,24,RING,SIMPLE,24,0,RING,A_flag_ceiling
broadcast_perf,1,8,16777216,4194304,float,none,228.82,73.32,73.32,0,227.98,73.59,73.59,0,RING,SIMPLE,24,RING,SIMPLE,24,0,RING,A_flag_ceiling
broadcast_perf,1,8,33554432,8388608,float,none,374.73,89.54,89.54,0,374.27,89.65,89.65,0,RING,SIMPLE,24,RING,SIMPLE,24,0,RING,A_flag_ceiling
broadcast_perf,1,8,67108864,16777216,float,none,681.65,98.45,98.45,0,682.61,98.31,98.31,0,RING,SIMPLE,24,RING,SIMPLE,24,0,RING,A_flag_ceiling
broadcast_perf,1,8,134217728,33554432,float,none,1240.82,108.17,108.17,0,1241.3,108.13,108.13,0,RING,SIMPLE,24,RING,SIMPLE,24,0,RING,A_flag_ceiling
broadcast_perf,1,8,268435456,67108864,float,none,2326.73,115.37,115.37,0,2324.9,115.46,115.46,0,RING,SIMPLE,24,RING,SIMPLE,24,0,RING,A_flag_ceiling
broadcast_perf,1,8,536870912,134217728,float,none,4431.57,121.15,121.15,0,4437.04,121.0,121.0,0,RING,SIMPLE,24,RING,SIMPLE,24,0,RING,A_flag_ceiling
broadcast_perf,1,8,4096,1024,float,none,14.87,0.28,0.28,0,15.22,0.27,0.27,0,RING,LL,24,RING,LL,24,0,RING,A_flag_ceiling
broadcast_perf,1,8,8192,2048,float,none,12.85,0.64,0.64,0,12.46,0.66,0.66,0,RING,LL,24,RING,LL,24,0,RING,A_flag_ceiling
broadcast_perf,1,8,16384,4096,float,none,15.59,1.05,1.05,0,15.1,1.09,1.09,0,RING,LL,24,RING,LL,24,0,RING,A_flag_ceiling
broadcast_perf,1,8,32768,8192,float,none,16.78,1.95,1.95,0,13.84,2.37,2.37,0,RING,LL,24,RING,LL,24,0,RING,A_flag_ceiling
broadcast_perf,1,8,65536,16384,float,none,15.65,4.19,4.19,0,14.9,4.4,4.4,0,RING,LL,24,RING,LL,24,0,RING,A_flag_ceiling
broadcast_perf,1,8,131072,32768,float,none,19.3,6.79,6.79,0,18.32,7.15,7.15,0,RING,LL,24,RING,LL,24,0,RING,A_flag_ceiling
broadcast_perf,1,8,262144,65536,float,none,19.73,13.29,13.29,0,18.42,14.23,14.23,0,RING,LL,24,RING,LL,24,0,RING,A_flag_ceiling
broadcast_perf,1,8,524288,131072,float,none,23.84,21.99,21.99,0,23.97,21.88,21.88,0,RING,LL,24,RING,LL,24,0,RING,A_flag_ceiling
broadcast_perf,1,8,1048576,262144,float,none,34.35,30.53,30.53,0,32.57,32.19,32.19,0,RING,LL,24,RING,LL,24,0,RING,A_flag_ceiling
broadcast_perf,1,8,2097152,524288,float,none,51.21,40.95,40.95,0,51.24,40.93,40.93,0,RING,LL,24,RING,LL,24,0,RING,A_flag_ceiling
broadcast_perf,1,8,4194304,1048576,float,none,87.24,48.08,48.08,0,87.12,48.15,48.15,0,RING,LL,24,RING,LL,24,0,RING,A_flag_ceiling
broadcast_perf,1,8,8388608,2097152,float,none,162.11,51.75,51.75,0,160.96,52.12,52.12,0,RING,LL,24,RING,LL,24,0,RING,A_flag_ceiling
broadcast_perf,1,8,16777216,4194304,float,none,309.41,54.22,54.22,0,307.36,54.58,54.58,0,RING,LL,24,RING,LL,24,0,RING,A_flag_ceiling
broadcast_perf,1,8,33554432,8388608,float,none,615.53,54.51,54.51,0,611.86,54.84,54.84,0,RING,LL,24,RING,LL,24,0,RING,A_flag_ceiling
broadcast_perf,1,8,67108864,16777216,float,none,1249.61,53.7,53.7,0,1244.63,53.92,53.92,0,RING,LL,24,RING,LL,24,0,RING,A_flag_ceiling
broadcast_perf,1,8,134217728,33554432,float,none,2519.63,53.27,53.27,0,2511.21,53.45,53.45,0,RING,LL,24,RING,LL,24,0,RING,A_flag_ceiling
broadcast_perf,1,8,268435456,67108864,float,none,5057.96,53.07,53.07,0,5056.23,53.09,53.09,0,RING,LL,24,RING,LL,24,0,RING,A_flag_ceiling
broadcast_perf,1,8,536870912,134217728,float,none,10141.4,52.94,52.94,0,10097.0,53.17,53.17,0,RING,LL,24,RING,LL,24,0,RING,A_flag_ceiling
broadcast_perf,1,8,4096,1024,float,none,14.19,0.29,0.29,0,14.33,0.29,0.29,0,RING,SIMPLE,32,RING,SIMPLE,32,0,RING,A_flag_ceiling
broadcast_perf,1,8,8192,2048,float,none,14.13,0.58,0.58,0,13.24,0.62,0.62,0,RING,SIMPLE,32,RING,SIMPLE,32,0,RING,A_flag_ceiling
broadcast_perf,1,8,16384,4096,float,none,17.32,0.95,0.95,0,15.92,1.03,1.03,0,RING,SIMPLE,32,RING,SIMPLE,32,0,RING,A_flag_ceiling
broadcast_perf,1,8,32768,8192,float,none,16.04,2.04,2.04,0,15.37,2.13,2.13,0,RING,SIMPLE,32,RING,SIMPLE,32,0,RING,A_flag_ceiling
broadcast_perf,1,8,65536,16384,float,none,24.97,2.62,2.62,0,24.87,2.64,2.64,0,RING,SIMPLE,32,RING,SIMPLE,32,0,RING,A_flag_ceiling
broadcast_perf,1,8,131072,32768,float,none,35.34,3.71,3.71,0,34.07,3.85,3.85,0,RING,SIMPLE,32,RING,SIMPLE,32,0,RING,A_flag_ceiling
broadcast_perf,1,8,262144,65536,float,none,34.42,7.62,7.62,0,34.61,7.57,7.57,0,RING,SIMPLE,32,RING,SIMPLE,32,0,RING,A_flag_ceiling
broadcast_perf,1,8,524288,131072,float,none,35.54,14.75,14.75,0,35.81,14.64,14.64,0,RING,SIMPLE,32,RING,SIMPLE,32,0,RING,A_flag_ceiling
broadcast_perf,1,8,1048576,262144,float,none,54.83,19.12,19.12,0,53.99,19.42,19.42,0,RING,SIMPLE,32,RING,SIMPLE,32,0,RING,A_flag_ceiling
broadcast_perf,1,8,2097152,524288,float,none,63.29,33.14,33.14,0,63.42,33.07,33.07,0,RING,SIMPLE,32,RING,SIMPLE,32,0,RING,A_flag_ceiling
broadcast_perf,1,8,4194304,1048576,float,none,80.12,52.35,52.35,0,79.88,52.51,52.51,0,RING,SIMPLE,32,RING,SIMPLE,32,0,RING,A_flag_ceiling
broadcast_perf,1,8,8388608,2097152,float,none,112.35,74.66,74.66,0,112.12,74.81,74.81,0,RING,SIMPLE,32,RING,SIMPLE,32,0,RING,A_flag_ceiling
broadcast_perf,1,8,16777216,4194304,float,none,194.63,86.2,86.2,0,193.77,86.58,86.58,0,RING,SIMPLE,32,RING,SIMPLE,32,0,RING,A_flag_ceiling
broadcast_perf,1,8,33554432,8388608,float,none,303.2,110.67,110.67,0,302.32,110.99,110.99,0,RING,SIMPLE,32,RING,SIMPLE,32,0,RING,A_flag_ceiling
broadcast_perf,1,8,67108864,16777216,float,none,552.12,121.55,121.55,0,552.05,121.56,121.56,0,RING,SIMPLE,32,RING,SIMPLE,32,0,RING,A_flag_ceiling
broadcast_perf,1,8,134217728,33554432,float,none,972.31,138.04,138.04,0,970.51,138.3,138.3,0,RING,SIMPLE,32,RING,SIMPLE,32,0,RING,A_flag_ceiling
broadcast_perf,1,8,268435456,67108864,float,none,1834.44,146.33,146.33,0,1833.15,146.43,146.43,0,RING,SIMPLE,32,RING,SIMPLE,32,0,RING,A_flag_ceiling
broadcast_perf,1,8,536870912,134217728,float,none,3426.1,156.7,156.7,0,3419.68,156.99,156.99,0,RING,SIMPLE,32,RING,SIMPLE,32,0,RING,A_flag_ceiling
broadcast_perf,1,8,4096,1024,float,none,14.18,0.29,0.29,0,14.22,0.29,0.29,0,RING,LL,32,RING,LL,32,0,RING,A_flag_ceiling
broadcast_perf,1,8,8192,2048,float,none,11.94,0.69,0.69,0,11.16,0.73,0.73,0,RING,LL,32,RING,LL,32,0,RING,A_flag_ceiling
broadcast_perf,1,8,16384,4096,float,none,15.94,1.03,1.03,0,15.03,1.09,1.09,0,RING,LL,32,RING,LL,32,0,RING,A_flag_ceiling
broadcast_perf,1,8,32768,8192,float,none,16.32,2.01,2.01,0,14.26,2.3,2.3,0,RING,LL,32,RING,LL,32,0,RING,A_flag_ceiling
broadcast_perf,1,8,65536,16384,float,none,16.2,4.04,4.04,0,14.4,4.55,4.55,0,RING,LL,32,RING,LL,32,0,RING,A_flag_ceiling
broadcast_perf,1,8,131072,32768,float,none,18.85,6.96,6.96,0,17.79,7.37,7.37,0,RING,LL,32,RING,LL,32,0,RING,A_flag_ceiling
broadcast_perf,1,8,262144,65536,float,none,16.96,15.46,15.46,0,17.67,14.84,14.84,0,RING,LL,32,RING,LL,32,0,RING,A_flag_ceiling
broadcast_perf,1,8,524288,131072,float,none,20.49,25.59,25.59,0,20.8,25.21,25.21,0,RING,LL,32,RING,LL,32,0,RING,A_flag_ceiling
broadcast_perf,1,8,1048576,262144,float,none,27.99,37.46,37.46,0,28.41,36.91,36.91,0,RING,LL,32,RING,LL,32,0,RING,A_flag_ceiling
broadcast_perf,1,8,2097152,524288,float,none,41.54,50.49,50.49,0,41.87,50.09,50.09,0,RING,LL,32,RING,LL,32,0,RING,A_flag_ceiling
broadcast_perf,1,8,4194304,1048576,float,none,69.42,60.42,60.42,0,69.23,60.58,60.58,0,RING,LL,32,RING,LL,32,0,RING,A_flag_ceiling
broadcast_perf,1,8,8388608,2097152,float,none,126.02,66.57,66.57,0,125.47,66.86,66.86,0,RING,LL,32,RING,LL,32,0,RING,A_flag_ceiling
broadcast_perf,1,8,16777216,4194304,float,none,237.84,70.54,70.54,0,237.56,70.62,70.62,0,RING,LL,32,RING,LL,32,0,RING,A_flag_ceiling
broadcast_perf,1,8,33554432,8388608,float,none,470.41,71.33,71.33,0,470.66,71.29,71.29,0,RING,LL,32,RING,LL,32,0,RING,A_flag_ceiling
broadcast_perf,1,8,67108864,16777216,float,none,947.84,70.8,70.8,0,949.56,70.67,70.67,0,RING,LL,32,RING,LL,32,0,RING,A_flag_ceiling
broadcast_perf,1,8,134217728,33554432,float,none,1913.62,70.14,70.14,0,1913.82,70.13,70.13,0,RING,LL,32,RING,LL,32,0,RING,A_flag_ceiling
broadcast_perf,1,8,268435456,67108864,float,none,3831.79,70.05,70.05,0,3843.68,69.84,69.84,0,RING,LL,32,RING,LL,32,0,RING,A_flag_ceiling
broadcast_perf,1,8,536870912,134217728,float,none,7677.04,69.93,69.93,0,7678.38,69.92,69.92,0,RING,LL,32,RING,LL,32,0,RING,A_flag_ceiling
broadcast_perf,1,8,4096,1024,float,none,20.68,0.2,0.2,0,15.33,0.27,0.27,0,RING,SIMPLE,40,RING,SIMPLE,40,0,RING,A_flag_ceiling
broadcast_perf,1,8,8192,2048,float,none,13.7,0.6,0.6,0,11.86,0.69,0.69,0,RING,SIMPLE,40,RING,SIMPLE,40,0,RING,A_flag_ceiling
broadcast_perf,1,8,16384,4096,float,none,14.3,1.15,1.15,0,13.45,1.22,1.22,0,RING,SIMPLE,40,RING,SIMPLE,40,0,RING,A_flag_ceiling
broadcast_perf,1,8,32768,8192,float,none,14.3,2.29,2.29,0,14.77,2.22,2.22,0,RING,SIMPLE,40,RING,SIMPLE,40,0,RING,A_flag_ceiling
broadcast_perf,1,8,65536,16384,float,none,25.42,2.58,2.58,0,25.12,2.61,2.61,0,RING,SIMPLE,40,RING,SIMPLE,40,0,RING,A_flag_ceiling
broadcast_perf,1,8,131072,32768,float,none,33.47,3.92,3.92,0,33.58,3.9,3.9,0,RING,SIMPLE,40,RING,SIMPLE,40,0,RING,A_flag_ceiling
broadcast_perf,1,8,262144,65536,float,none,34.37,7.63,7.63,0,34.75,7.54,7.54,0,RING,SIMPLE,40,RING,SIMPLE,40,0,RING,A_flag_ceiling
broadcast_perf,1,8,524288,131072,float,none,35.59,14.73,14.73,0,35.89,14.61,14.61,0,RING,SIMPLE,40,RING,SIMPLE,40,0,RING,A_flag_ceiling
broadcast_perf,1,8,1048576,262144,float,none,54.68,19.18,19.18,0,54.1,19.38,19.38,0,RING,SIMPLE,40,RING,SIMPLE,40,0,RING,A_flag_ceiling
broadcast_perf,1,8,2097152,524288,float,none,63.54,33.0,33.0,0,63.57,32.99,32.99,0,RING,SIMPLE,40,RING,SIMPLE,40,0,RING,A_flag_ceiling
broadcast_perf,1,8,4194304,1048576,float,none,76.76,54.64,54.64,0,76.56,54.79,54.79,0,RING,SIMPLE,40,RING,SIMPLE,40,0,RING,A_flag_ceiling
broadcast_perf,1,8,8388608,2097152,float,none,101.85,82.36,82.36,0,101.2,82.89,82.89,0,RING,SIMPLE,40,RING,SIMPLE,40,0,RING,A_flag_ceiling
broadcast_perf,1,8,16777216,4194304,float,none,154.42,108.65,108.65,0,154.11,108.86,108.86,0,RING,SIMPLE,40,RING,SIMPLE,40,0,RING,A_flag_ceiling
broadcast_perf,1,8,33554432,8388608,float,none,263.65,127.27,127.27,0,262.88,127.64,127.64,0,RING,SIMPLE,40,RING,SIMPLE,40,0,RING,A_flag_ceiling
broadcast_perf,1,8,67108864,16777216,float,none,442.84,151.54,151.54,0,441.55,151.98,151.98,0,RING,SIMPLE,40,RING,SIMPLE,40,0,RING,A_flag_ceiling
broadcast_perf,1,8,134217728,33554432,float,none,804.52,166.83,166.83,0,802.95,167.16,167.16,0,RING,SIMPLE,40,RING,SIMPLE,40,0,RING,A_flag_ceiling
broadcast_perf,1,8,268435456,67108864,float,none,1468.2,182.83,182.83,0,1472.17,182.34,182.34,0,RING,SIMPLE,40,RING,SIMPLE,40,0,RING,A_flag_ceiling
broadcast_perf,1,8,536870912,134217728,float,none,2785.19,192.76,192.76,0,2800.73,191.69,191.69,0,RING,SIMPLE,40,RING,SIMPLE,40,0,RING,A_flag_ceiling
broadcast_perf,1,8,4096,1024,float,none,15.74,0.26,0.26,0,12.94,0.32,0.32,0,RING,LL,40,RING,LL,40,0,RING,A_flag_ceiling
broadcast_perf,1,8,8192,2048,float,none,13.55,0.6,0.6,0,12.99,0.63,0.63,0,RING,LL,40,RING,LL,40,0,RING,A_flag_ceiling
broadcast_perf,1,8,16384,4096,float,none,17.41,0.94,0.94,0,15.96,1.03,1.03,0,RING,LL,40,RING,LL,40,0,RING,A_flag_ceiling
broadcast_perf,1,8,32768,8192,float,none,16.06,2.04,2.04,0,22.01,1.49,1.49,0,RING,LL,40,RING,LL,40,0,RING,A_flag_ceiling
broadcast_perf,1,8,65536,16384,float,none,15.09,4.34,4.34,0,14.9,4.4,4.4,0,RING,LL,40,RING,LL,40,0,RING,A_flag_ceiling
broadcast_perf,1,8,131072,32768,float,none,18.23,7.19,7.19,0,16.79,7.81,7.81,0,RING,LL,40,RING,LL,40,0,RING,A_flag_ceiling
broadcast_perf,1,8,262144,65536,float,none,18.32,14.31,14.31,0,17.46,15.01,15.01,0,RING,LL,40,RING,LL,40,0,RING,A_flag_ceiling
broadcast_perf,1,8,524288,131072,float,none,20.49,25.59,25.59,0,20.65,25.39,25.39,0,RING,LL,40,RING,LL,40,0,RING,A_flag_ceiling
broadcast_perf,1,8,1048576,262144,float,none,28.54,36.74,36.74,0,27.13,38.65,38.65,0,RING,LL,40,RING,LL,40,0,RING,A_flag_ceiling
broadcast_perf,1,8,2097152,524288,float,none,37.42,56.04,56.04,0,37.41,56.06,56.06,0,RING,LL,40,RING,LL,40,0,RING,A_flag_ceiling
broadcast_perf,1,8,4194304,1048576,float,none,59.84,70.1,70.1,0,59.8,70.14,70.14,0,RING,LL,40,RING,LL,40,0,RING,A_flag_ceiling
broadcast_perf,1,8,8388608,2097152,float,none,105.87,79.24,79.24,0,105.49,79.52,79.52,0,RING,LL,40,RING,LL,40,0,RING,A_flag_ceiling
broadcast_perf,1,8,16777216,4194304,float,none,196.07,85.57,85.57,0,196.01,85.59,85.59,0,RING,LL,40,RING,LL,40,0,RING,A_flag_ceiling
broadcast_perf,1,8,33554432,8388608,float,none,384.53,87.26,87.26,0,385.2,87.11,87.11,0,RING,LL,40,RING,LL,40,0,RING,A_flag_ceiling
broadcast_perf,1,8,67108864,16777216,float,none,777.47,86.32,86.32,0,778.75,86.17,86.17,0,RING,LL,40,RING,LL,40,0,RING,A_flag_ceiling
broadcast_perf,1,8,134217728,33554432,float,none,1557.39,86.18,86.18,0,1558.91,86.1,86.1,0,RING,LL,40,RING,LL,40,0,RING,A_flag_ceiling
broadcast_perf,1,8,268435456,67108864,float,none,3119.59,86.05,86.05,0,3127.3,85.84,85.84,0,RING,LL,40,RING,LL,40,0,RING,A_flag_ceiling
broadcast_perf,1,8,536870912,134217728,float,none,6204.94,86.52,86.52,0,6210.21,86.45,86.45,0,RING,LL,40,RING,LL,40,0,RING,A_flag_ceiling
broadcast_perf,1,8,4096,1024,float,none,16.02,0.26,0.26,0,15.22,0.27,0.27,0,RING,SIMPLE,48,RING,SIMPLE,48,0,RING,A_flag_ceiling
broadcast_perf,1,8,8192,2048,float,none,13.61,0.6,0.6,0,13.53,0.61,0.61,0,RING,SIMPLE,48,RING,SIMPLE,48,0,RING,A_flag_ceiling
broadcast_perf,1,8,16384,4096,float,none,16.64,0.98,0.98,0,16.78,0.98,0.98,0,RING,SIMPLE,48,RING,SIMPLE,48,0,RING,A_flag_ceiling
broadcast_perf,1,8,32768,8192,float,none,17.2,1.9,1.9,0,15.8,2.07,2.07,0,RING,SIMPLE,48,RING,SIMPLE,48,0,RING,A_flag_ceiling
broadcast_perf,1,8,65536,16384,float,none,24.91,2.63,2.63,0,24.84,2.64,2.64,0,RING,SIMPLE,48,RING,SIMPLE,48,0,RING,A_flag_ceiling
broadcast_perf,1,8,131072,32768,float,none,35.07,3.74,3.74,0,33.79,3.88,3.88,0,RING,SIMPLE,48,RING,SIMPLE,48,0,RING,A_flag_ceiling
broadcast_perf,1,8,262144,65536,float,none,34.16,7.67,7.67,0,34.58,7.58,7.58,0,RING,SIMPLE,48,RING,SIMPLE,48,0,RING,A_flag_ceiling
broadcast_perf,1,8,524288,131072,float,none,35.53,14.76,14.76,0,35.92,14.59,14.59,0,RING,SIMPLE,48,RING,SIMPLE,48,0,RING,A_flag_ceiling
broadcast_perf,1,8,1048576,262144,float,none,54.52,19.23,19.23,0,54.01,19.41,19.41,0,RING,SIMPLE,48,RING,SIMPLE,48,0,RING,A_flag_ceiling
broadcast_perf,1,8,2097152,524288,float,none,59.89,35.02,35.02,0,60.1,34.89,34.89,0,RING,SIMPLE,48,RING,SIMPLE,48,0,RING,A_flag_ceiling
broadcast_perf,1,8,4194304,1048576,float,none,72.73,57.67,57.67,0,72.6,57.77,57.77,0,RING,SIMPLE,48,RING,SIMPLE,48,0,RING,A_flag_ceiling
broadcast_perf,1,8,8388608,2097152,float,none,94.17,89.08,89.08,0,93.81,89.42,89.42,0,RING,SIMPLE,48,RING,SIMPLE,48,0,RING,A_flag_ceiling
broadcast_perf,1,8,16777216,4194304,float,none,139.32,120.42,120.42,0,138.83,120.84,120.84,0,RING,SIMPLE,48,RING,SIMPLE,48,0,RING,A_flag_ceiling
broadcast_perf,1,8,33554432,8388608,float,none,233.24,143.86,143.86,0,232.73,144.18,144.18,0,RING,SIMPLE,48,RING,SIMPLE,48,0,RING,A_flag_ceiling
broadcast_perf,1,8,67108864,16777216,float,none,385.89,173.91,173.91,0,385.46,174.1,174.1,0,RING,SIMPLE,48,RING,SIMPLE,48,0,RING,A_flag_ceiling
broadcast_perf,1,8,134217728,33554432,float,none,698.68,192.1,192.1,0,697.66,192.38,192.38,0,RING,SIMPLE,48,RING,SIMPLE,48,0,RING,A_flag_ceiling
broadcast_perf,1,8,268435456,67108864,float,none,1262.53,212.62,212.62,0,1262.93,212.55,212.55,0,RING,SIMPLE,48,RING,SIMPLE,48,0,RING,A_flag_ceiling
broadcast_perf,1,8,536870912,134217728,float,none,2389.87,224.64,224.64,0,2390.02,224.63,224.63,0,RING,SIMPLE,48,RING,SIMPLE,48,0,RING,A_flag_ceiling
broadcast_perf,1,8,4096,1024,float,none,16.0,0.26,0.26,0,12.82,0.32,0.32,0,RING,LL,48,RING,LL,48,0,RING,A_flag_ceiling
broadcast_perf,1,8,8192,2048,float,none,14.17,0.58,0.58,0,13.53,0.61,0.61,0,RING,LL,48,RING,LL,48,0,RING,A_flag_ceiling
broadcast_perf,1,8,16384,4096,float,none,15.16,1.08,1.08,0,15.78,1.04,1.04,0,RING,LL,48,RING,LL,48,0,RING,A_flag_ceiling
broadcast_perf,1,8,32768,8192,float,none,15.78,2.08,2.08,0,15.3,2.14,2.14,0,RING,LL,48,RING,LL,48,0,RING,A_flag_ceiling
broadcast_perf,1,8,65536,16384,float,none,14.79,4.43,4.43,0,15.35,4.27,4.27,0,RING,LL,48,RING,LL,48,0,RING,A_flag_ceiling
broadcast_perf,1,8,131072,32768,float,none,17.51,7.49,7.49,0,16.93,7.74,7.74,0,RING,LL,48,RING,LL,48,0,RING,A_flag_ceiling
broadcast_perf,1,8,262144,65536,float,none,17.67,14.84,14.84,0,17.51,14.97,14.97,0,RING,LL,48,RING,LL,48,0,RING,A_flag_ceiling
broadcast_perf,1,8,524288,131072,float,none,19.04,27.54,27.54,0,19.12,27.42,27.42,0,RING,LL,48,RING,LL,48,0,RING,A_flag_ceiling
broadcast_perf,1,8,1048576,262144,float,none,26.89,38.99,38.99,0,25.83,40.6,40.6,0,RING,LL,48,RING,LL,48,0,RING,A_flag_ceiling
broadcast_perf,1,8,2097152,524288,float,none,33.94,61.8,61.8,0,34.27,61.2,61.2,0,RING,LL,48,RING,LL,48,0,RING,A_flag_ceiling
broadcast_perf,1,8,4194304,1048576,float,none,53.31,78.68,78.68,0,53.46,78.45,78.45,0,RING,LL,48,RING,LL,48,0,RING,A_flag_ceiling
broadcast_perf,1,8,8388608,2097152,float,none,91.0,92.18,92.18,0,91.17,92.02,92.02,0,RING,LL,48,RING,LL,48,0,RING,A_flag_ceiling
broadcast_perf,1,8,16777216,4194304,float,none,168.06,99.83,99.83,0,168.01,99.86,99.86,0,RING,LL,48,RING,LL,48,0,RING,A_flag_ceiling
broadcast_perf,1,8,33554432,8388608,float,none,328.9,102.02,102.02,0,328.69,102.08,102.08,0,RING,LL,48,RING,LL,48,0,RING,A_flag_ceiling
broadcast_perf,1,8,67108864,16777216,float,none,654.31,102.56,102.56,0,654.62,102.52,102.52,0,RING,LL,48,RING,LL,48,0,RING,A_flag_ceiling
broadcast_perf,1,8,134217728,33554432,float,none,1304.94,102.85,102.85,0,1307.53,102.65,102.65,0,RING,LL,48,RING,LL,48,0,RING,A_flag_ceiling
broadcast_perf,1,8,268435456,67108864,float,none,2616.02,102.61,102.61,0,2622.35,102.36,102.36,0,RING,LL,48,RING,LL,48,0,RING,A_flag_ceiling
broadcast_perf,1,8,536870912,134217728,float,none,5229.15,102.67,102.67,0,5195.24,103.34,103.34,0,RING,LL,48,RING,LL,48,0,RING,A_flag_ceiling
broadcast_perf,1,8,4096,1024,float,none,14.4,0.28,0.28,0,15.79,0.26,0.26,0,RING,SIMPLE,56,RING,SIMPLE,56,0,RING,A_flag_ceiling
broadcast_perf,1,8,8192,2048,float,none,14.8,0.55,0.55,0,12.1,0.68,0.68,0,RING,SIMPLE,56,RING,SIMPLE,56,0,RING,A_flag_ceiling
broadcast_perf,1,8,16384,4096,float,none,16.85,0.97,0.97,0,15.99,1.02,1.02,0,RING,SIMPLE,56,RING,SIMPLE,56,0,RING,A_flag_ceiling
broadcast_perf,1,8,32768,8192,float,none,17.8,1.84,1.84,0,13.79,2.38,2.38,0,RING,SIMPLE,56,RING,SIMPLE,56,0,RING,A_flag_ceiling
broadcast_perf,1,8,65536,16384,float,none,24.86,2.64,2.64,0,24.8,2.64,2.64,0,RING,SIMPLE,56,RING,SIMPLE,56,0,RING,A_flag_ceiling
broadcast_perf,1,8,131072,32768,float,none,35.4,3.7,3.7,0,33.53,3.91,3.91,0,RING,SIMPLE,56,RING,SIMPLE,56,0,RING,A_flag_ceiling
broadcast_perf,1,8,262144,65536,float,none,34.09,7.69,7.69,0,34.42,7.62,7.62,0,RING,SIMPLE,56,RING,SIMPLE,56,0,RING,A_flag_ceiling
broadcast_perf,1,8,524288,131072,float,none,35.43,14.8,14.8,0,35.78,14.65,14.65,0,RING,SIMPLE,56,RING,SIMPLE,56,0,RING,A_flag_ceiling
broadcast_perf,1,8,1048576,262144,float,none,54.53,19.23,19.23,0,53.86,19.47,19.47,0,RING,SIMPLE,56,RING,SIMPLE,56,0,RING,A_flag_ceiling
broadcast_perf,1,8,2097152,524288,float,none,59.92,35.0,35.0,0,59.94,34.99,34.99,0,RING,SIMPLE,56,RING,SIMPLE,56,0,RING,A_flag_ceiling
broadcast_perf,1,8,4194304,1048576,float,none,69.34,60.49,60.49,0,69.35,60.48,60.48,0,RING,SIMPLE,56,RING,SIMPLE,56,0,RING,A_flag_ceiling
broadcast_perf,1,8,8388608,2097152,float,none,90.53,92.66,92.66,0,90.02,93.19,93.19,0,RING,SIMPLE,56,RING,SIMPLE,56,0,RING,A_flag_ceiling
broadcast_perf,1,8,16777216,4194304,float,none,128.66,130.4,130.4,0,128.32,130.75,130.75,0,RING,SIMPLE,56,RING,SIMPLE,56,0,RING,A_flag_ceiling
broadcast_perf,1,8,33554432,8388608,float,none,212.75,157.72,157.72,0,212.7,157.76,157.76,0,RING,SIMPLE,56,RING,SIMPLE,56,0,RING,A_flag_ceiling
broadcast_perf,1,8,67108864,16777216,float,none,345.76,194.09,194.09,0,345.87,194.03,194.03,0,RING,SIMPLE,56,RING,SIMPLE,56,0,RING,A_flag_ceiling
broadcast_perf,1,8,134217728,33554432,float,none,624.56,214.9,214.9,0,625.72,214.5,214.5,0,RING,SIMPLE,56,RING,SIMPLE,56,0,RING,A_flag_ceiling
broadcast_perf,1,8,268435456,67108864,float,none,1112.53,241.28,241.28,0,1111.07,241.6,241.6,0,RING,SIMPLE,56,RING,SIMPLE,56,0,RING,A_flag_ceiling
broadcast_perf,1,8,536870912,134217728,float,none,2101.82,255.43,255.43,0,2100.62,255.58,255.58,0,RING,SIMPLE,56,RING,SIMPLE,56,0,RING,A_flag_ceiling
broadcast_perf,1,8,4096,1024,float,none,15.71,0.26,0.26,0,14.22,0.29,0.29,0,RING,LL,56,RING,LL,56,0,RING,A_flag_ceiling
broadcast_perf,1,8,8192,2048,float,none,14.29,0.57,0.57,0,11.5,0.71,0.71,0,RING,LL,56,RING,LL,56,0,RING,A_flag_ceiling
broadcast_perf,1,8,16384,4096,float,none,13.7,1.2,1.2,0,13.03,1.26,1.26,0,RING,LL,56,RING,LL,56,0,RING,A_flag_ceiling
broadcast_perf,1,8,32768,8192,float,none,14.56,2.25,2.25,0,15.58,2.1,2.1,0,RING,LL,56,RING,LL,56,0,RING,A_flag_ceiling
broadcast_perf,1,8,65536,16384,float,none,14.42,4.55,4.55,0,14.48,4.53,4.53,0,RING,LL,56,RING,LL,56,0,RING,A_flag_ceiling
broadcast_perf,1,8,131072,32768,float,none,15.98,8.2,8.2,0,21.72,6.04,6.04,0,RING,LL,56,RING,LL,56,0,RING,A_flag_ceiling
broadcast_perf,1,8,262144,65536,float,none,18.83,13.92,13.92,0,17.71,14.8,14.8,0,RING,LL,56,RING,LL,56,0,RING,A_flag_ceiling
broadcast_perf,1,8,524288,131072,float,none,18.88,27.76,27.76,0,18.93,27.69,27.69,0,RING,LL,56,RING,LL,56,0,RING,A_flag_ceiling
broadcast_perf,1,8,1048576,262144,float,none,26.61,39.4,39.4,0,25.01,41.93,41.93,0,RING,LL,56,RING,LL,56,0,RING,A_flag_ceiling
broadcast_perf,1,8,2097152,524288,float,none,32.5,64.52,64.52,0,32.55,64.42,64.42,0,RING,LL,56,RING,LL,56,0,RING,A_flag_ceiling
broadcast_perf,1,8,4194304,1048576,float,none,48.53,86.42,86.42,0,48.83,85.89,85.89,0,RING,LL,56,RING,LL,56,0,RING,A_flag_ceiling
broadcast_perf,1,8,8388608,2097152,float,none,81.85,102.49,102.49,0,82.05,102.23,102.23,0,RING,LL,56,RING,LL,56,0,RING,A_flag_ceiling
broadcast_perf,1,8,16777216,4194304,float,none,149.51,112.21,112.21,0,149.15,112.48,112.48,0,RING,LL,56,RING,LL,56,0,RING,A_flag_ceiling
broadcast_perf,1,8,33554432,8388608,float,none,292.66,114.65,114.65,0,293.11,114.48,114.48,0,RING,LL,56,RING,LL,56,0,RING,A_flag_ceiling
broadcast_perf,1,8,67108864,16777216,float,none,576.67,116.37,116.37,0,578.19,116.07,116.07,0,RING,LL,56,RING,LL,56,0,RING,A_flag_ceiling
broadcast_perf,1,8,134217728,33554432,float,none,1146.6,117.06,117.06,0,1146.35,117.08,117.08,0,RING,LL,56,RING,LL,56,0,RING,A_flag_ceiling
broadcast_perf,1,8,268435456,67108864,float,none,2287.31,117.36,117.36,0,2287.13,117.37,117.37,0,RING,LL,56,RING,LL,56,0,RING,A_flag_ceiling
broadcast_perf,1,8,536870912,134217728,float,none,4531.74,118.47,118.47,0,4537.24,118.33,118.33,0,RING,LL,56,RING,LL,56,0,RING,A_flag_ceiling
broadcast_perf,1,8,4096,1024,float,none,14.55,0.28,0.28,0,16.72,0.24,0.24,0,RING,SIMPLE,1,RING,SIMPLE,1,0,RING,A_flag_ceiling
broadcast_perf,1,8,8192,2048,float,none,14.71,0.56,0.56,0,12.44,0.66,0.66,0,RING,SIMPLE,1,RING,SIMPLE,1,0,RING,A_flag_ceiling
broadcast_perf,1,8,16384,4096,float,none,14.93,1.1,1.1,0,16.48,0.99,0.99,0,RING,SIMPLE,1,RING,SIMPLE,1,0,RING,A_flag_ceiling
broadcast_perf,1,8,32768,8192,float,none,18.09,1.81,1.81,0,15.35,2.13,2.13,0,RING,SIMPLE,1,RING,SIMPLE,1,0,RING,A_flag_ceiling
broadcast_perf,1,8,65536,16384,float,none,22.37,2.93,2.93,0,21.69,3.02,3.02,0,RING,SIMPLE,1,RING,SIMPLE,1,0,RING,A_flag_ceiling
broadcast_perf,1,8,131072,32768,float,none,38.08,3.44,3.44,0,35.03,3.74,3.74,0,RING,SIMPLE,1,RING,SIMPLE,1,0,RING,A_flag_ceiling
broadcast_perf,1,8,262144,65536,float,none,61.8,4.24,4.24,0,61.5,4.26,4.26,0,RING,SIMPLE,1,RING,SIMPLE,1,0,RING,A_flag_ceiling
broadcast_perf,1,8,524288,131072,float,none,105.13,4.99,4.99,0,104.42,5.02,5.02,0,RING,SIMPLE,1,RING,SIMPLE,1,0,RING,A_flag_ceiling
broadcast_perf,1,8,1048576,262144,float,none,200.24,5.24,5.24,0,198.67,5.28,5.28,0,RING,SIMPLE,1,RING,SIMPLE,1,0,RING,A_flag_ceiling
broadcast_perf,1,8,2097152,524288,float,none,372.43,5.63,5.63,0,368.55,5.69,5.69,0,RING,SIMPLE,1,RING,SIMPLE,1,0,RING,A_flag_ceiling
broadcast_perf,1,8,4194304,1048576,float,none,714.93,5.87,5.87,0,707.68,5.93,5.93,0,RING,SIMPLE,1,RING,SIMPLE,1,0,RING,A_flag_ceiling
broadcast_perf,1,8,8388608,2097152,float,none,1329.35,6.31,6.31,0,1324.47,6.33,6.33,0,RING,SIMPLE,1,RING,SIMPLE,1,0,RING,A_flag_ceiling
broadcast_perf,1,8,16777216,4194304,float,none,2644.38,6.34,6.34,0,2617.65,6.41,6.41,0,RING,SIMPLE,1,RING,SIMPLE,1,0,RING,A_flag_ceiling
broadcast_perf,1,8,33554432,8388608,float,none,5507.94,6.09,6.09,0,5290.85,6.34,6.34,0,RING,SIMPLE,1,RING,SIMPLE,1,0,RING,A_flag_ceiling
broadcast_perf,1,8,67108864,16777216,float,none,11038.4,6.08,6.08,0,10603.5,6.33,6.33,0,RING,SIMPLE,1,RING,SIMPLE,1,0,RING,A_flag_ceiling
broadcast_perf,1,8,134217728,33554432,float,none,22120.6,6.07,6.07,0,21221.3,6.32,6.32,0,RING,SIMPLE,1,RING,SIMPLE,1,0,RING,A_flag_ceiling
broadcast_perf,1,8,268435456,67108864,float,none,44301.4,6.06,6.06,0,42453.7,6.32,6.32,0,RING,SIMPLE,1,RING,SIMPLE,1,0,RING,A_flag_ceiling
broadcast_perf,1,8,536870912,134217728,float,none,88636.4,6.06,6.06,0,84990.1,6.32,6.32,0,RING,SIMPLE,1,RING,SIMPLE,1,0,RING,A_flag_ceiling
broadcast_perf,1,8,4096,1024,float,none,15.66,0.26,0.26,0,13.55,0.3,0.3,0,RING,LL,1,RING,LL,1,0,RING,A_flag_ceiling
broadcast_perf,1,8,8192,2048,float,none,14.35,0.57,0.57,0,13.98,0.59,0.59,0,RING,LL,1,RING,LL,1,0,RING,A_flag_ceiling
broadcast_perf,1,8,16384,4096,float,none,16.0,1.02,1.02,0,15.76,1.04,1.04,0,RING,LL,1,RING,LL,1,0,RING,A_flag_ceiling
broadcast_perf,1,8,32768,8192,float,none,20.19,1.62,1.62,0,18.93,1.73,1.73,0,RING,LL,1,RING,LL,1,0,RING,A_flag_ceiling
broadcast_perf,1,8,65536,16384,float,none,29.57,2.22,2.22,0,29.41,2.23,2.23,0,RING,LL,1,RING,LL,1,0,RING,A_flag_ceiling
broadcast_perf,1,8,131072,32768,float,none,54.01,2.43,2.43,0,52.26,2.51,2.51,0,RING,LL,1,RING,LL,1,0,RING,A_flag_ceiling
broadcast_perf,1,8,262144,65536,float,none,98.41,2.66,2.66,0,99.0,2.65,2.65,0,RING,LL,1,RING,LL,1,0,RING,A_flag_ceiling
broadcast_perf,1,8,524288,131072,float,none,192.64,2.72,2.72,0,192.01,2.73,2.73,0,RING,LL,1,RING,LL,1,0,RING,A_flag_ceiling
broadcast_perf,1,8,1048576,262144,float,none,381.06,2.75,2.75,0,378.19,2.77,2.77,0,RING,LL,1,RING,LL,1,0,RING,A_flag_ceiling
broadcast_perf,1,8,2097152,524288,float,none,756.05,2.77,2.77,0,750.56,2.79,2.79,0,RING,LL,1,RING,LL,1,0,RING,A_flag_ceiling
broadcast_perf,1,8,4194304,1048576,float,none,1507.47,2.78,2.78,0,1501.28,2.79,2.79,0,RING,LL,1,RING,LL,1,0,RING,A_flag_ceiling
broadcast_perf,1,8,8388608,2097152,float,none,3004.56,2.79,2.79,0,3020.27,2.78,2.78,0,RING,LL,1,RING,LL,1,0,RING,A_flag_ceiling
broadcast_perf,1,8,16777216,4194304,float,none,6131.94,2.74,2.74,0,6120.48,2.74,2.74,0,RING,LL,1,RING,LL,1,0,RING,A_flag_ceiling
broadcast_perf,1,8,33554432,8388608,float,none,12420.3,2.7,2.7,0,12383.5,2.71,2.71,0,RING,LL,1,RING,LL,1,0,RING,A_flag_ceiling
broadcast_perf,1,8,67108864,16777216,float,none,24948.5,2.69,2.69,0,24851.7,2.7,2.7,0,RING,LL,1,RING,LL,1,0,RING,A_flag_ceiling
broadcast_perf,1,8,134217728,33554432,float,none,49994.4,2.68,2.68,0,49840.2,2.69,2.69,0,RING,LL,1,RING,LL,1,0,RING,A_flag_ceiling
broadcast_perf,1,8,268435456,67108864,float,none,100154.0,2.68,2.68,0,99905.9,2.69,2.69,0,RING,LL,1,RING,LL,1,0,RING,A_flag_ceiling
broadcast_perf,1,8,536870912,134217728,float,none,200623.0,2.68,2.68,0,199571.0,2.69,2.69,0,RING,LL,1,RING,LL,1,0,RING,A_flag_ceiling
broadcast_perf,1,8,4096,1024,float,none,14.13,0.29,0.29,0,15.8,0.26,0.26,0,RING,SIMPLE,2,RING,SIMPLE,2,0,RING,A_flag_ceiling
broadcast_perf,1,8,8192,2048,float,none,14.98,0.55,0.55,0,14.6,0.56,0.56,0,RING,SIMPLE,2,RING,SIMPLE,2,0,RING,A_flag_ceiling
broadcast_perf,1,8,16384,4096,float,none,17.37,0.94,0.94,0,17.28,0.95,0.95,0,RING,SIMPLE,2,RING,SIMPLE,2,0,RING,A_flag_ceiling
broadcast_perf,1,8,32768,8192,float,none,17.47,1.88,1.88,0,17.16,1.91,1.91,0,RING,SIMPLE,2,RING,SIMPLE,2,0,RING,A_flag_ceiling
broadcast_perf,1,8,65536,16384,float,none,17.61,3.72,3.72,0,16.25,4.03,4.03,0,RING,SIMPLE,2,RING,SIMPLE,2,0,RING,A_flag_ceiling
broadcast_perf,1,8,131072,32768,float,none,26.59,4.93,4.93,0,24.18,5.42,5.42,0,RING,SIMPLE,2,RING,SIMPLE,2,0,RING,A_flag_ceiling
broadcast_perf,1,8,262144,65536,float,none,36.68,7.15,7.15,0,36.37,7.21,7.21,0,RING,SIMPLE,2,RING,SIMPLE,2,0,RING,A_flag_ceiling
broadcast_perf,1,8,524288,131072,float,none,63.75,8.22,8.22,0,63.68,8.23,8.23,0,RING,SIMPLE,2,RING,SIMPLE,2,0,RING,A_flag_ceiling
broadcast_perf,1,8,1048576,262144,float,none,109.96,9.54,9.54,0,109.66,9.56,9.56,0,RING,SIMPLE,2,RING,SIMPLE,2,0,RING,A_flag_ceiling
broadcast_perf,1,8,2097152,524288,float,none,210.85,9.95,9.95,0,211.7,9.91,9.91,0,RING,SIMPLE,2,RING,SIMPLE,2,0,RING,A_flag_ceiling
broadcast_perf,1,8,4194304,1048576,float,none,394.5,10.63,10.63,0,396.31,10.58,10.58,0,RING,SIMPLE,2,RING,SIMPLE,2,0,RING,A_flag_ceiling
broadcast_perf,1,8,8388608,2097152,float,none,771.28,10.88,10.88,0,773.11,10.85,10.85,0,RING,SIMPLE,2,RING,SIMPLE,2,0,RING,A_flag_ceiling
broadcast_perf,1,8,16777216,4194304,float,none,1439.83,11.65,11.65,0,1453.65,11.54,11.54,0,RING,SIMPLE,2,RING,SIMPLE,2,0,RING,A_flag_ceiling
broadcast_perf,1,8,33554432,8388608,float,none,2891.26,11.61,11.61,0,2915.73,11.51,11.51,0,RING,SIMPLE,2,RING,SIMPLE,2,0,RING,A_flag_ceiling
broadcast_perf,1,8,67108864,16777216,float,none,5855.59,11.46,11.46,0,5899.55,11.38,11.38,0,RING,SIMPLE,2,RING,SIMPLE,2,0,RING,A_flag_ceiling
broadcast_perf,1,8,134217728,33554432,float,none,11757.5,11.42,11.42,0,11859.7,11.32,11.32,0,RING,SIMPLE,2,RING,SIMPLE,2,0,RING,A_flag_ceiling
broadcast_perf,1,8,268435456,67108864,float,none,23607.9,11.37,11.37,0,23781.9,11.29,11.29,0,RING,SIMPLE,2,RING,SIMPLE,2,0,RING,A_flag_ceiling
broadcast_perf,1,8,536870912,134217728,float,none,47249.0,11.36,11.36,0,47634.1,11.27,11.27,0,RING,SIMPLE,2,RING,SIMPLE,2,0,RING,A_flag_ceiling
broadcast_perf,1,8,4096,1024,float,none,16.14,0.25,0.25,0,12.62,0.32,0.32,0,RING,LL,2,RING,LL,2,0,RING,A_flag_ceiling
broadcast_perf,1,8,8192,2048,float,none,14.92,0.55,0.55,0,12.0,0.68,0.68,0,RING,LL,2,RING,LL,2,0,RING,A_flag_ceiling
broadcast_perf,1,8,16384,4096,float,none,13.34,1.23,1.23,0,15.39,1.06,1.06,0,RING,LL,2,RING,LL,2,0,RING,A_flag_ceiling
broadcast_perf,1,8,32768,8192,float,none,14.15,2.32,2.32,0,13.38,2.45,2.45,0,RING,LL,2,RING,LL,2,0,RING,A_flag_ceiling
broadcast_perf,1,8,65536,16384,float,none,18.97,3.46,3.46,0,18.81,3.48,3.48,0,RING,LL,2,RING,LL,2,0,RING,A_flag_ceiling
broadcast_perf,1,8,131072,32768,float,none,31.35,4.18,4.18,0,31.11,4.21,4.21,0,RING,LL,2,RING,LL,2,0,RING,A_flag_ceiling
broadcast_perf,1,8,262144,65536,float,none,54.56,4.8,4.8,0,55.07,4.76,4.76,0,RING,LL,2,RING,LL,2,0,RING,A_flag_ceiling
broadcast_perf,1,8,524288,131072,float,none,103.99,5.04,5.04,0,104.9,5.0,5.0,0,RING,LL,2,RING,LL,2,0,RING,A_flag_ceiling
broadcast_perf,1,8,1048576,262144,float,none,204.78,5.12,5.12,0,207.3,5.06,5.06,0,RING,LL,2,RING,LL,2,0,RING,A_flag_ceiling
broadcast_perf,1,8,2097152,524288,float,none,407.06,5.15,5.15,0,410.78,5.11,5.11,0,RING,LL,2,RING,LL,2,0,RING,A_flag_ceiling
broadcast_perf,1,8,4194304,1048576,float,none,812.0,5.17,5.17,0,819.56,5.12,5.12,0,RING,LL,2,RING,LL,2,0,RING,A_flag_ceiling
broadcast_perf,1,8,8388608,2097152,float,none,1620.56,5.18,5.18,0,1636.05,5.13,5.13,0,RING,LL,2,RING,LL,2,0,RING,A_flag_ceiling
broadcast_perf,1,8,16777216,4194304,float,none,3235.28,5.19,5.19,0,3263.1,5.14,5.14,0,RING,LL,2,RING,LL,2,0,RING,A_flag_ceiling
broadcast_perf,1,8,33554432,8388608,float,none,6460.77,5.19,5.19,0,6534.97,5.13,5.13,0,RING,LL,2,RING,LL,2,0,RING,A_flag_ceiling
broadcast_perf,1,8,67108864,16777216,float,none,12936.2,5.19,5.19,0,13058.2,5.14,5.14,0,RING,LL,2,RING,LL,2,0,RING,A_flag_ceiling
broadcast_perf,1,8,134217728,33554432,float,none,25840.2,5.19,5.19,0,26090.7,5.14,5.14,0,RING,LL,2,RING,LL,2,0,RING,A_flag_ceiling
broadcast_perf,1,8,268435456,67108864,float,none,51632.8,5.2,5.2,0,52217.1,5.14,5.14,0,RING,LL,2,RING,LL,2,0,RING,A_flag_ceiling
broadcast_perf,1,8,536870912,134217728,float,none,104989.0,5.11,5.11,0,104276.0,5.15,5.15,0,RING,LL,2,RING,LL,2,0,RING,A_flag_ceiling
broadcast_perf,1,8,4096,1024,float,none,14.11,0.29,0.29,0,15.23,0.27,0.27,0,RING,SIMPLE,4,RING,SIMPLE,4,0,RING,A_flag_ceiling
broadcast_perf,1,8,8192,2048,float,none,13.8,0.59,0.59,0,13.22,0.62,0.62,0,RING,SIMPLE,4,RING,SIMPLE,4,0,RING,A_flag_ceiling
broadcast_perf,1,8,16384,4096,float,none,14.26,1.15,1.15,0,16.19,1.01,1.01,0,RING,SIMPLE,4,RING,SIMPLE,4,0,RING,A_flag_ceiling
broadcast_perf,1,8,32768,8192,float,none,16.31,2.01,2.01,0,13.47,2.43,2.43,0,RING,SIMPLE,4,RING,SIMPLE,4,0,RING,A_flag_ceiling
broadcast_perf,1,8,65536,16384,float,none,25.03,2.62,2.62,0,24.88,2.63,2.63,0,RING,SIMPLE,4,RING,SIMPLE,4,0,RING,A_flag_ceiling
broadcast_perf,1,8,131072,32768,float,none,35.89,3.65,3.65,0,36.22,3.62,3.62,0,RING,SIMPLE,4,RING,SIMPLE,4,0,RING,A_flag_ceiling
broadcast_perf,1,8,262144,65536,float,none,43.72,6.0,6.0,0,43.83,5.98,5.98,0,RING,SIMPLE,4,RING,SIMPLE,4,0,RING,A_flag_ceiling
broadcast_perf,1,8,524288,131072,float,none,58.98,8.89,8.89,0,58.85,8.91,8.91,0,RING,SIMPLE,4,RING,SIMPLE,4,0,RING,A_flag_ceiling
broadcast_perf,1,8,1048576,262144,float,none,88.08,11.91,11.91,0,88.1,11.9,11.9,0,RING,SIMPLE,4,RING,SIMPLE,4,0,RING,A_flag_ceiling
broadcast_perf,1,8,2097152,524288,float,none,152.67,13.74,13.74,0,152.51,13.75,13.75,0,RING,SIMPLE,4,RING,SIMPLE,4,0,RING,A_flag_ceiling
broadcast_perf,1,8,4194304,1048576,float,none,258.69,16.21,16.21,0,258.7,16.21,16.21,0,RING,SIMPLE,4,RING,SIMPLE,4,0,RING,A_flag_ceiling
broadcast_perf,1,8,8388608,2097152,float,none,484.16,17.33,17.33,0,483.38,17.35,17.35,0,RING,SIMPLE,4,RING,SIMPLE,4,0,RING,A_flag_ceiling
broadcast_perf,1,8,16777216,4194304,float,none,865.42,19.39,19.39,0,864.28,19.41,19.41,0,RING,SIMPLE,4,RING,SIMPLE,4,0,RING,A_flag_ceiling
broadcast_perf,1,8,33554432,8388608,float,none,1621.37,20.7,20.7,0,1620.9,20.7,20.7,0,RING,SIMPLE,4,RING,SIMPLE,4,0,RING,A_flag_ceiling
broadcast_perf,1,8,67108864,16777216,float,none,3137.38,21.39,21.39,0,3135.25,21.4,21.4,0,RING,SIMPLE,4,RING,SIMPLE,4,0,RING,A_flag_ceiling
broadcast_perf,1,8,134217728,33554432,float,none,6345.63,21.15,21.15,0,6340.39,21.17,21.17,0,RING,SIMPLE,4,RING,SIMPLE,4,0,RING,A_flag_ceiling
broadcast_perf,1,8,268435456,67108864,float,none,12657.5,21.21,21.21,0,12692.7,21.15,21.15,0,RING,SIMPLE,4,RING,SIMPLE,4,0,RING,A_flag_ceiling
broadcast_perf,1,8,536870912,134217728,float,none,25363.9,21.17,21.17,0,25381.3,21.15,21.15,0,RING,SIMPLE,4,RING,SIMPLE,4,0,RING,A_flag_ceiling
broadcast_perf,1,8,4096,1024,float,none,13.56,0.3,0.3,0,15.18,0.27,0.27,0,RING,LL,4,RING,LL,4,0,RING,A_flag_ceiling
broadcast_perf,1,8,8192,2048,float,none,14.78,0.55,0.55,0,11.77,0.7,0.7,0,RING,LL,4,RING,LL,4,0,RING,A_flag_ceiling
broadcast_perf,1,8,16384,4096,float,none,18.35,0.89,0.89,0,16.67,0.98,0.98,0,RING,LL,4,RING,LL,4,0,RING,A_flag_ceiling
broadcast_perf,1,8,32768,8192,float,none,16.48,1.99,1.99,0,14.13,2.32,2.32,0,RING,LL,4,RING,LL,4,0,RING,A_flag_ceiling
broadcast_perf,1,8,65536,16384,float,none,17.25,3.8,3.8,0,16.99,3.86,3.86,0,RING,LL,4,RING,LL,4,0,RING,A_flag_ceiling
broadcast_perf,1,8,131072,32768,float,none,25.67,5.11,5.11,0,24.46,5.36,5.36,0,RING,LL,4,RING,LL,4,0,RING,A_flag_ceiling
broadcast_perf,1,8,262144,65536,float,none,35.8,7.32,7.32,0,35.82,7.32,7.32,0,RING,LL,4,RING,LL,4,0,RING,A_flag_ceiling
broadcast_perf,1,8,524288,131072,float,none,61.41,8.54,8.54,0,61.3,8.55,8.55,0,RING,LL,4,RING,LL,4,0,RING,A_flag_ceiling
broadcast_perf,1,8,1048576,262144,float,none,114.96,9.12,9.12,0,114.42,9.16,9.16,0,RING,LL,4,RING,LL,4,0,RING,A_flag_ceiling
broadcast_perf,1,8,2097152,524288,float,none,222.83,9.41,9.41,0,221.23,9.48,9.48,0,RING,LL,4,RING,LL,4,0,RING,A_flag_ceiling
broadcast_perf,1,8,4194304,1048576,float,none,438.65,9.56,9.56,0,435.24,9.64,9.64,0,RING,LL,4,RING,LL,4,0,RING,A_flag_ceiling
broadcast_perf,1,8,8388608,2097152,float,none,871.51,9.63,9.63,0,864.6,9.7,9.7,0,RING,LL,4,RING,LL,4,0,RING,A_flag_ceiling
broadcast_perf,1,8,16777216,4194304,float,none,1740.03,9.64,9.64,0,1725.45,9.72,9.72,0,RING,LL,4,RING,LL,4,0,RING,A_flag_ceiling
broadcast_perf,1,8,33554432,8388608,float,none,3520.02,9.53,9.53,0,3499.1,9.59,9.59,0,RING,LL,4,RING,LL,4,0,RING,A_flag_ceiling
broadcast_perf,1,8,67108864,16777216,float,none,7111.84,9.44,9.44,0,7079.0,9.48,9.48,0,RING,LL,4,RING,LL,4,0,RING,A_flag_ceiling
broadcast_perf,1,8,134217728,33554432,float,none,14283.8,9.4,9.4,0,14237.4,9.43,9.43,0,RING,LL,4,RING,LL,4,0,RING,A_flag_ceiling
broadcast_perf,1,8,268435456,67108864,float,none,28648.1,9.37,9.37,0,28536.2,9.41,9.41,0,RING,LL,4,RING,LL,4,0,RING,A_flag_ceiling
broadcast_perf,1,8,536870912,134217728,float,none,57392.4,9.35,9.35,0,56879.0,9.44,9.44,0,RING,LL,4,RING,LL,4,0,RING,A_flag_ceiling
broadcast_perf,1,8,4096,1024,float,none,15.53,0.26,0.26,0,14.43,0.28,0.28,0,RING,SIMPLE,8,RING,SIMPLE,8,0,RING,A_flag_ceiling
broadcast_perf,1,8,8192,2048,float,none,13.28,0.62,0.62,0,13.8,0.59,0.59,0,RING,SIMPLE,8,RING,SIMPLE,8,0,RING,A_flag_ceiling
broadcast_perf,1,8,16384,4096,float,none,16.55,0.99,0.99,0,15.15,1.08,1.08,0,RING,SIMPLE,8,RING,SIMPLE,8,0,RING,A_flag_ceiling
broadcast_perf,1,8,32768,8192,float,none,15.77,2.08,2.08,0,13.6,2.41,2.41,0,RING,SIMPLE,8,RING,SIMPLE,8,0,RING,A_flag_ceiling
broadcast_perf,1,8,65536,16384,float,none,24.93,2.63,2.63,0,24.76,2.65,2.65,0,RING,SIMPLE,8,RING,SIMPLE,8,0,RING,A_flag_ceiling
broadcast_perf,1,8,131072,32768,float,none,35.81,3.66,3.66,0,33.54,3.91,3.91,0,RING,SIMPLE,8,RING,SIMPLE,8,0,RING,A_flag_ceiling
broadcast_perf,1,8,262144,65536,float,none,49.34,5.31,5.31,0,49.44,5.3,5.3,0,RING,SIMPLE,8,RING,SIMPLE,8,0,RING,A_flag_ceiling
broadcast_perf,1,8,524288,131072,float,none,58.32,8.99,8.99,0,58.21,9.01,9.01,0,RING,SIMPLE,8,RING,SIMPLE,8,0,RING,A_flag_ceiling
broadcast_perf,1,8,1048576,262144,float,none,74.2,14.13,14.13,0,74.02,14.17,14.17,0,RING,SIMPLE,8,RING,SIMPLE,8,0,RING,A_flag_ceiling
broadcast_perf,1,8,2097152,524288,float,none,105.07,19.96,19.96,0,105.12,19.95,19.95,0,RING,SIMPLE,8,RING,SIMPLE,8,0,RING,A_flag_ceiling
broadcast_perf,1,8,4194304,1048576,float,none,182.34,23.0,23.0,0,181.59,23.1,23.1,0,RING,SIMPLE,8,RING,SIMPLE,8,0,RING,A_flag_ceiling
broadcast_perf,1,8,8388608,2097152,float,none,294.66,28.47,28.47,0,293.33,28.6,28.6,0,RING,SIMPLE,8,RING,SIMPLE,8,0,RING,A_flag_ceiling
broadcast_perf,1,8,16777216,4194304,float,none,549.28,30.54,30.54,0,546.71,30.69,30.69,0,RING,SIMPLE,8,RING,SIMPLE,8,0,RING,A_flag_ceiling
broadcast_perf,1,8,33554432,8388608,float,none,951.9,35.25,35.25,0,951.58,35.26,35.26,0,RING,SIMPLE,8,RING,SIMPLE,8,0,RING,A_flag_ceiling
broadcast_perf,1,8,67108864,16777216,float,none,1788.61,37.52,37.52,0,1786.34,37.57,37.57,0,RING,SIMPLE,8,RING,SIMPLE,8,0,RING,A_flag_ceiling
broadcast_perf,1,8,134217728,33554432,float,none,3365.84,39.88,39.88,0,3367.67,39.85,39.85,0,RING,SIMPLE,8,RING,SIMPLE,8,0,RING,A_flag_ceiling
broadcast_perf,1,8,268435456,67108864,float,none,6728.67,39.89,39.89,0,6711.0,40.0,40.0,0,RING,SIMPLE,8,RING,SIMPLE,8,0,RING,A_flag_ceiling
broadcast_perf,1,8,536870912,134217728,float,none,13097.4,40.99,40.99,0,13070.7,41.07,41.07,0,RING,SIMPLE,8,RING,SIMPLE,8,0,RING,A_flag_ceiling
broadcast_perf,1,8,4096,1024,float,none,12.05,0.34,0.34,0,14.66,0.28,0.28,0,RING,LL,8,RING,LL,8,0,RING,A_flag_ceiling
broadcast_perf,1,8,8192,2048,float,none,11.66,0.7,0.7,0,13.68,0.6,0.6,0,RING,LL,8,RING,LL,8,0,RING,A_flag_ceiling
broadcast_perf,1,8,16384,4096,float,none,17.01,0.96,0.96,0,17.03,0.96,0.96,0,RING,LL,8,RING,LL,8,0,RING,A_flag_ceiling
broadcast_perf,1,8,32768,8192,float,none,16.66,1.97,1.97,0,15.57,2.1,2.1,0,RING,LL,8,RING,LL,8,0,RING,A_flag_ceiling
broadcast_perf,1,8,65536,16384,float,none,17.09,3.83,3.83,0,16.14,4.06,4.06,0,RING,LL,8,RING,LL,8,0,RING,A_flag_ceiling
broadcast_perf,1,8,131072,32768,float,none,22.13,5.92,5.92,0,20.56,6.37,6.37,0,RING,LL,8,RING,LL,8,0,RING,A_flag_ceiling
broadcast_perf,1,8,262144,65536,float,none,25.79,10.16,10.16,0,26.06,10.06,10.06,0,RING,LL,8,RING,LL,8,0,RING,A_flag_ceiling
broadcast_perf,1,8,524288,131072,float,none,39.08,13.42,13.42,0,39.44,13.29,13.29,0,RING,LL,8,RING,LL,8,0,RING,A_flag_ceiling
broadcast_perf,1,8,1048576,262144,float,none,66.28,15.82,15.82,0,66.52,15.76,15.76,0,RING,LL,8,RING,LL,8,0,RING,A_flag_ceiling
broadcast_perf,1,8,2097152,524288,float,none,120.52,17.4,17.4,0,121.32,17.29,17.29,0,RING,LL,8,RING,LL,8,0,RING,A_flag_ceiling
broadcast_perf,1,8,4194304,1048576,float,none,229.08,18.31,18.31,0,229.85,18.25,18.25,0,RING,LL,8,RING,LL,8,0,RING,A_flag_ceiling
broadcast_perf,1,8,8388608,2097152,float,none,446.34,18.79,18.79,0,448.13,18.72,18.72,0,RING,LL,8,RING,LL,8,0,RING,A_flag_ceiling
broadcast_perf,1,8,16777216,4194304,float,none,881.37,19.04,19.04,0,885.71,18.94,18.94,0,RING,LL,8,RING,LL,8,0,RING,A_flag_ceiling
broadcast_perf,1,8,33554432,8388608,float,none,1764.5,19.02,19.02,0,1766.84,18.99,18.99,0,RING,LL,8,RING,LL,8,0,RING,A_flag_ceiling
broadcast_perf,1,8,67108864,16777216,float,none,3585.82,18.72,18.72,0,3603.49,18.62,18.62,0,RING,LL,8,RING,LL,8,0,RING,A_flag_ceiling
broadcast_perf,1,8,134217728,33554432,float,none,7238.21,18.54,18.54,0,7286.89,18.42,18.42,0,RING,LL,8,RING,LL,8,0,RING,A_flag_ceiling
broadcast_perf,1,8,268435456,67108864,float,none,14583.2,18.41,18.41,0,14642.2,18.33,18.33,0,RING,LL,8,RING,LL,8,0,RING,A_flag_ceiling
broadcast_perf,1,8,536870912,134217728,float,none,29228.8,18.37,18.37,0,29348.6,18.29,18.29,0,RING,LL,8,RING,LL,8,0,RING,A_flag_ceiling
broadcast_perf,1,8,4096,1024,float,none,15.0,0.27,0.27,0,15.08,0.27,0.27,0,RING,SIMPLE,16,RING,SIMPLE,16,0,RING,A_flag_ceiling
broadcast_perf,1,8,8192,2048,float,none,12.33,0.66,0.66,0,13.9,0.59,0.59,0,RING,SIMPLE,16,RING,SIMPLE,16,0,RING,A_flag_ceiling
broadcast_perf,1,8,16384,4096,float,none,16.45,1.0,1.0,0,15.18,1.08,1.08,0,RING,SIMPLE,16,RING,SIMPLE,16,0,RING,A_flag_ceiling
broadcast_perf,1,8,32768,8192,float,none,15.84,2.07,2.07,0,15.4,2.13,2.13,0,RING,SIMPLE,16,RING,SIMPLE,16,0,RING,A_flag_ceiling
broadcast_perf,1,8,65536,16384,float,none,25.0,2.62,2.62,0,24.97,2.63,2.63,0,RING,SIMPLE,16,RING,SIMPLE,16,0,RING,A_flag_ceiling
broadcast_perf,1,8,131072,32768,float,none,33.41,3.92,3.92,0,33.61,3.9,3.9,0,RING,SIMPLE,16,RING,SIMPLE,16,0,RING,A_flag_ceiling
broadcast_perf,1,8,262144,65536,float,none,34.51,7.6,7.6,0,34.58,7.58,7.58,0,RING,SIMPLE,16,RING,SIMPLE,16,0,RING,A_flag_ceiling
broadcast_perf,1,8,524288,131072,float,none,51.11,10.26,10.26,0,51.59,10.16,10.16,0,RING,SIMPLE,16,RING,SIMPLE,16,0,RING,A_flag_ceiling
broadcast_perf,1,8,1048576,262144,float,none,61.56,17.03,17.03,0,60.35,17.38,17.38,0,RING,SIMPLE,16,RING,SIMPLE,16,0,RING,A_flag_ceiling
broadcast_perf,1,8,2097152,524288,float,none,76.5,27.41,27.41,0,76.54,27.4,27.4,0,RING,SIMPLE,16,RING,SIMPLE,16,0,RING,A_flag_ceiling
broadcast_perf,1,8,4194304,1048576,float,none,107.82,38.9,38.9,0,107.61,38.98,38.98,0,RING,SIMPLE,16,RING,SIMPLE,16,0,RING,A_flag_ceiling
broadcast_perf,1,8,8388608,2097152,float,none,187.3,44.79,44.79,0,186.6,44.96,44.96,0,RING,SIMPLE,16,RING,SIMPLE,16,0,RING,A_flag_ceiling
broadcast_perf,1,8,16777216,4194304,float,none,301.62,55.62,55.62,0,300.88,55.76,55.76,0,RING,SIMPLE,16,RING,SIMPLE,16,0,RING,A_flag_ceiling
broadcast_perf,1,8,33554432,8388608,float,none,542.42,61.86,61.86,0,540.75,62.05,62.05,0,RING,SIMPLE,16,RING,SIMPLE,16,0,RING,A_flag_ceiling
broadcast_perf,1,8,67108864,16777216,float,none,947.36,70.84,70.84,0,946.4,70.91,70.91,0,RING,SIMPLE,16,RING,SIMPLE,16,0,RING,A_flag_ceiling
broadcast_perf,1,8,134217728,33554432,float,none,1814.37,73.97,73.97,0,1811.35,74.1,74.1,0,RING,SIMPLE,16,RING,SIMPLE,16,0,RING,A_flag_ceiling
broadcast_perf,1,8,268435456,67108864,float,none,3399.94,78.95,78.95,0,3396.16,79.04,79.04,0,RING,SIMPLE,16,RING,SIMPLE,16,0,RING,A_flag_ceiling
broadcast_perf,1,8,536870912,134217728,float,none,6465.55,83.04,83.04,0,6475.69,82.91,82.91,0,RING,SIMPLE,16,RING,SIMPLE,16,0,RING,A_flag_ceiling
broadcast_perf,1,8,4096,1024,float,none,14.83,0.28,0.28,0,14.82,0.28,0.28,0,RING,LL,16,RING,LL,16,0,RING,A_flag_ceiling
broadcast_perf,1,8,8192,2048,float,none,13.49,0.61,0.61,0,13.4,0.61,0.61,0,RING,LL,16,RING,LL,16,0,RING,A_flag_ceiling
broadcast_perf,1,8,16384,4096,float,none,15.73,1.04,1.04,0,15.18,1.08,1.08,0,RING,LL,16,RING,LL,16,0,RING,A_flag_ceiling
broadcast_perf,1,8,32768,8192,float,none,16.55,1.98,1.98,0,15.3,2.14,2.14,0,RING,LL,16,RING,LL,16,0,RING,A_flag_ceiling
broadcast_perf,1,8,65536,16384,float,none,15.05,4.35,4.35,0,14.49,4.52,4.52,0,RING,LL,16,RING,LL,16,0,RING,A_flag_ceiling
broadcast_perf,1,8,131072,32768,float,none,19.47,6.73,6.73,0,19.28,6.8,6.8,0,RING,LL,16,RING,LL,16,0,RING,A_flag_ceiling
broadcast_perf,1,8,262144,65536,float,none,20.9,12.54,12.54,0,20.21,12.97,12.97,0,RING,LL,16,RING,LL,16,0,RING,A_flag_ceiling
broadcast_perf,1,8,524288,131072,float,none,26.84,19.53,19.53,0,27.01,19.41,19.41,0,RING,LL,16,RING,LL,16,0,RING,A_flag_ceiling
broadcast_perf,1,8,1048576,262144,float,none,42.11,24.9,24.9,0,40.38,25.97,25.97,0,RING,LL,16,RING,LL,16,0,RING,A_flag_ceiling
broadcast_perf,1,8,2097152,524288,float,none,67.07,31.27,31.27,0,67.2,31.21,31.21,0,RING,LL,16,RING,LL,16,0,RING,A_flag_ceiling
broadcast_perf,1,8,4194304,1048576,float,none,121.65,34.48,34.48,0,121.85,34.42,34.42,0,RING,LL,16,RING,LL,16,0,RING,A_flag_ceiling
broadcast_perf,1,8,8388608,2097152,float,none,230.72,36.36,36.36,0,230.47,36.4,36.4,0,RING,LL,16,RING,LL,16,0,RING,A_flag_ceiling
broadcast_perf,1,8,16777216,4194304,float,none,449.62,37.31,37.31,0,449.16,37.35,37.35,0,RING,LL,16,RING,LL,16,0,RING,A_flag_ceiling
broadcast_perf,1,8,33554432,8388608,float,none,899.6,37.3,37.3,0,897.64,37.38,37.38,0,RING,LL,16,RING,LL,16,0,RING,A_flag_ceiling
broadcast_perf,1,8,67108864,16777216,float,none,1835.83,36.55,36.55,0,1837.75,36.52,36.52,0,RING,LL,16,RING,LL,16,0,RING,A_flag_ceiling
broadcast_perf,1,8,134217728,33554432,float,none,3713.84,36.14,36.14,0,3715.63,36.12,36.12,0,RING,LL,16,RING,LL,16,0,RING,A_flag_ceiling
broadcast_perf,1,8,268435456,67108864,float,none,7498.28,35.8,35.8,0,7482.0,35.88,35.88,0,RING,LL,16,RING,LL,16,0,RING,A_flag_ceiling
broadcast_perf,1,8,536870912,134217728,float,none,15006.3,35.78,35.78,0,14993.5,35.81,35.81,0,RING,LL,16,RING,LL,16,0,RING,A_flag_ceiling
broadcast_perf,1,8,4096,1024,float,none,14.86,0.28,0.28,0,13.62,0.3,0.3,0,RING,SIMPLE,24,RING,SIMPLE,24,0,RING,A_flag_ceiling
broadcast_perf,1,8,8192,2048,float,none,14.28,0.57,0.57,0,12.05,0.68,0.68,0,RING,SIMPLE,24,RING,SIMPLE,24,0,RING,A_flag_ceiling
broadcast_perf,1,8,16384,4096,float,none,17.32,0.95,0.95,0,17.69,0.93,0.93,0,RING,SIMPLE,24,RING,SIMPLE,24,0,RING,A_flag_ceiling
broadcast_perf,1,8,32768,8192,float,none,15.8,2.07,2.07,0,15.11,2.17,2.17,0,RING,SIMPLE,24,RING,SIMPLE,24,0,RING,A_flag_ceiling
broadcast_perf,1,8,65536,16384,float,none,24.8,2.64,2.64,0,24.91,2.63,2.63,0,RING,SIMPLE,24,RING,SIMPLE,24,0,RING,A_flag_ceiling
broadcast_perf,1,8,131072,32768,float,none,33.43,3.92,3.92,0,33.62,3.9,3.9,0,RING,SIMPLE,24,RING,SIMPLE,24,0,RING,A_flag_ceiling
broadcast_perf,1,8,262144,65536,float,none,34.35,7.63,7.63,0,34.56,7.59,7.59,0,RING,SIMPLE,24,RING,SIMPLE,24,0,RING,A_flag_ceiling
broadcast_perf,1,8,524288,131072,float,none,51.01,10.28,10.28,0,51.43,10.19,10.19,0,RING,SIMPLE,24,RING,SIMPLE,24,0,RING,A_flag_ceiling
broadcast_perf,1,8,1048576,262144,float,none,57.2,18.33,18.33,0,57.12,18.36,18.36,0,RING,SIMPLE,24,RING,SIMPLE,24,0,RING,A_flag_ceiling
broadcast_perf,1,8,2097152,524288,float,none,69.11,30.34,30.34,0,69.09,30.35,30.35,0,RING,SIMPLE,24,RING,SIMPLE,24,0,RING,A_flag_ceiling
broadcast_perf,1,8,4194304,1048576,float,none,89.21,47.02,47.02,0,88.82,47.22,47.22,0,RING,SIMPLE,24,RING,SIMPLE,24,0,RING,A_flag_ceiling
broadcast_perf,1,8,8388608,2097152,float,none,132.99,63.08,63.08,0,132.8,63.17,63.17,0,RING,SIMPLE,24,RING,SIMPLE,24,0,RING,A_flag_ceiling
broadcast_perf,1,8,16777216,4194304,float,none,228.8,73.33,73.33,0,227.77,73.66,73.66,0,RING,SIMPLE,24,RING,SIMPLE,24,0,RING,A_flag_ceiling
broadcast_perf,1,8,33554432,8388608,float,none,374.8,89.53,89.53,0,373.86,89.75,89.75,0,RING,SIMPLE,24,RING,SIMPLE,24,0,RING,A_flag_ceiling
broadcast_perf,1,8,67108864,16777216,float,none,680.26,98.65,98.65,0,679.86,98.71,98.71,0,RING,SIMPLE,24,RING,SIMPLE,24,0,RING,A_flag_ceiling
broadcast_perf,1,8,134217728,33554432,float,none,1243.09,107.97,107.97,0,1241.92,108.07,108.07,0,RING,SIMPLE,24,RING,SIMPLE,24,0,RING,A_flag_ceiling
broadcast_perf,1,8,268435456,67108864,float,none,2333.1,115.06,115.06,0,2327.1,115.35,115.35,0,RING,SIMPLE,24,RING,SIMPLE,24,0,RING,A_flag_ceiling
broadcast_perf,1,8,536870912,134217728,float,none,4438.88,120.95,120.95,0,4429.74,121.2,121.2,0,RING,SIMPLE,24,RING,SIMPLE,24,0,RING,A_flag_ceiling
broadcast_perf,1,8,4096,1024,float,none,16.07,0.25,0.25,0,14.09,0.29,0.29,0,RING,LL,24,RING,LL,24,0,RING,A_flag_ceiling
broadcast_perf,1,8,8192,2048,float,none,12.15,0.67,0.67,0,11.95,0.69,0.69,0,RING,LL,24,RING,LL,24,0,RING,A_flag_ceiling
broadcast_perf,1,8,16384,4096,float,none,17.88,0.92,0.92,0,13.86,1.18,1.18,0,RING,LL,24,RING,LL,24,0,RING,A_flag_ceiling
broadcast_perf,1,8,32768,8192,float,none,14.87,2.2,2.2,0,16.99,1.93,1.93,0,RING,LL,24,RING,LL,24,0,RING,A_flag_ceiling
broadcast_perf,1,8,65536,16384,float,none,14.7,4.46,4.46,0,14.38,4.56,4.56,0,RING,LL,24,RING,LL,24,0,RING,A_flag_ceiling
broadcast_perf,1,8,131072,32768,float,none,17.43,7.52,7.52,0,19.06,6.88,6.88,0,RING,LL,24,RING,LL,24,0,RING,A_flag_ceiling
broadcast_perf,1,8,262144,65536,float,none,19.64,13.35,13.35,0,18.52,14.15,14.15,0,RING,LL,24,RING,LL,24,0,RING,A_flag_ceiling
broadcast_perf,1,8,524288,131072,float,none,23.9,21.94,21.94,0,24.05,21.8,21.8,0,RING,LL,24,RING,LL,24,0,RING,A_flag_ceiling
broadcast_perf,1,8,1048576,262144,float,none,35.08,29.89,29.89,0,32.42,32.34,32.34,0,RING,LL,24,RING,LL,24,0,RING,A_flag_ceiling
broadcast_perf,1,8,2097152,524288,float,none,51.09,41.05,41.05,0,51.3,40.88,40.88,0,RING,LL,24,RING,LL,24,0,RING,A_flag_ceiling
broadcast_perf,1,8,4194304,1048576,float,none,87.1,48.15,48.15,0,87.26,48.07,48.07,0,RING,LL,24,RING,LL,24,0,RING,A_flag_ceiling
broadcast_perf,1,8,8388608,2097152,float,none,161.49,51.95,51.95,0,161.36,51.99,51.99,0,RING,LL,24,RING,LL,24,0,RING,A_flag_ceiling
broadcast_perf,1,8,16777216,4194304,float,none,308.7,54.35,54.35,0,309.06,54.28,54.28,0,RING,LL,24,RING,LL,24,0,RING,A_flag_ceiling
broadcast_perf,1,8,33554432,8388608,float,none,610.55,54.96,54.96,0,610.79,54.94,54.94,0,RING,LL,24,RING,LL,24,0,RING,A_flag_ceiling
broadcast_perf,1,8,67108864,16777216,float,none,1237.29,54.24,54.24,0,1238.51,54.19,54.19,0,RING,LL,24,RING,LL,24,0,RING,A_flag_ceiling
broadcast_perf,1,8,134217728,33554432,float,none,2500.3,53.68,53.68,0,2500.62,53.67,53.67,0,RING,LL,24,RING,LL,24,0,RING,A_flag_ceiling
broadcast_perf,1,8,268435456,67108864,float,none,5034.43,53.32,53.32,0,5035.33,53.31,53.31,0,RING,LL,24,RING,LL,24,0,RING,A_flag_ceiling
broadcast_perf,1,8,536870912,134217728,float,none,10061.6,53.36,53.36,0,10055.9,53.39,53.39,0,RING,LL,24,RING,LL,24,0,RING,A_flag_ceiling
broadcast_perf,1,8,4096,1024,float,none,15.24,0.27,0.27,0,14.11,0.29,0.29,0,RING,SIMPLE,32,RING,SIMPLE,32,0,RING,A_flag_ceiling
broadcast_perf,1,8,8192,2048,float,none,13.6,0.6,0.6,0,14.01,0.58,0.58,0,RING,SIMPLE,32,RING,SIMPLE,32,0,RING,A_flag_ceiling
broadcast_perf,1,8,16384,4096,float,none,16.78,0.98,0.98,0,15.07,1.09,1.09,0,RING,SIMPLE,32,RING,SIMPLE,32,0,RING,A_flag_ceiling
broadcast_perf,1,8,32768,8192,float,none,15.66,2.09,2.09,0,13.44,2.44,2.44,0,RING,SIMPLE,32,RING,SIMPLE,32,0,RING,A_flag_ceiling
broadcast_perf,1,8,65536,16384,float,none,24.93,2.63,2.63,0,24.83,2.64,2.64,0,RING,SIMPLE,32,RING,SIMPLE,32,0,RING,A_flag_ceiling
broadcast_perf,1,8,131072,32768,float,none,33.53,3.91,3.91,0,33.63,3.9,3.9,0,RING,SIMPLE,32,RING,SIMPLE,32,0,RING,A_flag_ceiling
broadcast_perf,1,8,262144,65536,float,none,34.3,7.64,7.64,0,34.6,7.58,7.58,0,RING,SIMPLE,32,RING,SIMPLE,32,0,RING,A_flag_ceiling
broadcast_perf,1,8,524288,131072,float,none,35.62,14.72,14.72,0,35.81,14.64,14.64,0,RING,SIMPLE,32,RING,SIMPLE,32,0,RING,A_flag_ceiling
broadcast_perf,1,8,1048576,262144,float,none,54.6,19.21,19.21,0,53.96,19.43,19.43,0,RING,SIMPLE,32,RING,SIMPLE,32,0,RING,A_flag_ceiling
broadcast_perf,1,8,2097152,524288,float,none,63.29,33.14,33.14,0,63.35,33.11,33.11,0,RING,SIMPLE,32,RING,SIMPLE,32,0,RING,A_flag_ceiling
broadcast_perf,1,8,4194304,1048576,float,none,80.01,52.42,52.42,0,79.81,52.55,52.55,0,RING,SIMPLE,32,RING,SIMPLE,32,0,RING,A_flag_ceiling
broadcast_perf,1,8,8388608,2097152,float,none,112.37,74.65,74.65,0,112.11,74.82,74.82,0,RING,SIMPLE,32,RING,SIMPLE,32,0,RING,A_flag_ceiling
broadcast_perf,1,8,16777216,4194304,float,none,195.09,86.0,86.0,0,194.37,86.32,86.32,0,RING,SIMPLE,32,RING,SIMPLE,32,0,RING,A_flag_ceiling
broadcast_perf,1,8,33554432,8388608,float,none,305.04,110.0,110.0,0,304.59,110.16,110.16,0,RING,SIMPLE,32,RING,SIMPLE,32,0,RING,A_flag_ceiling
broadcast_perf,1,8,67108864,16777216,float,none,559.16,120.02,120.02,0,557.86,120.3,120.3,0,RING,SIMPLE,32,RING,SIMPLE,32,0,RING,A_flag_ceiling
broadcast_perf,1,8,134217728,33554432,float,none,975.92,137.53,137.53,0,976.25,137.48,137.48,0,RING,SIMPLE,32,RING,SIMPLE,32,0,RING,A_flag_ceiling
broadcast_perf,1,8,268435456,67108864,float,none,1832.77,146.46,146.46,0,1831.84,146.54,146.54,0,RING,SIMPLE,32,RING,SIMPLE,32,0,RING,A_flag_ceiling
broadcast_perf,1,8,536870912,134217728,float,none,3427.32,156.64,156.64,0,3428.13,156.61,156.61,0,RING,SIMPLE,32,RING,SIMPLE,32,0,RING,A_flag_ceiling
broadcast_perf,1,8,4096,1024,float,none,13.0,0.32,0.32,0,14.91,0.27,0.27,0,RING,LL,32,RING,LL,32,0,RING,A_flag_ceiling
broadcast_perf,1,8,8192,2048,float,none,15.04,0.54,0.54,0,14.39,0.57,0.57,0,RING,LL,32,RING,LL,32,0,RING,A_flag_ceiling
broadcast_perf,1,8,16384,4096,float,none,18.22,0.9,0.9,0,16.15,1.01,1.01,0,RING,LL,32,RING,LL,32,0,RING,A_flag_ceiling
broadcast_perf,1,8,32768,8192,float,none,17.61,1.86,1.86,0,16.51,1.99,1.99,0,RING,LL,32,RING,LL,32,0,RING,A_flag_ceiling
broadcast_perf,1,8,65536,16384,float,none,14.68,4.47,4.47,0,14.28,4.59,4.59,0,RING,LL,32,RING,LL,32,0,RING,A_flag_ceiling
broadcast_perf,1,8,131072,32768,float,none,16.01,8.19,8.19,0,15.62,8.39,8.39,0,RING,LL,32,RING,LL,32,0,RING,A_flag_ceiling
broadcast_perf,1,8,262144,65536,float,none,19.06,13.76,13.76,0,18.3,14.32,14.32,0,RING,LL,32,RING,LL,32,0,RING,A_flag_ceiling
broadcast_perf,1,8,524288,131072,float,none,20.5,25.57,25.57,0,20.46,25.62,25.62,0,RING,LL,32,RING,LL,32,0,RING,A_flag_ceiling
broadcast_perf,1,8,1048576,262144,float,none,31.22,33.59,33.59,0,27.67,37.89,37.89,0,RING,LL,32,RING,LL,32,0,RING,A_flag_ceiling
broadcast_perf,1,8,2097152,524288,float,none,41.43,50.61,50.61,0,41.61,50.41,50.41,0,RING,LL,32,RING,LL,32,0,RING,A_flag_ceiling
broadcast_perf,1,8,4194304,1048576,float,none,69.03,60.76,60.76,0,69.3,60.52,60.52,0,RING,LL,32,RING,LL,32,0,RING,A_flag_ceiling
broadcast_perf,1,8,8388608,2097152,float,none,125.67,66.75,66.75,0,125.19,67.01,67.01,0,RING,LL,32,RING,LL,32,0,RING,A_flag_ceiling
broadcast_perf,1,8,16777216,4194304,float,none,237.75,70.57,70.57,0,237.44,70.66,70.66,0,RING,LL,32,RING,LL,32,0,RING,A_flag_ceiling
broadcast_perf,1,8,33554432,8388608,float,none,471.44,71.17,71.17,0,470.7,71.29,71.29,0,RING,LL,32,RING,LL,32,0,RING,A_flag_ceiling
broadcast_perf,1,8,67108864,16777216,float,none,954.47,70.31,70.31,0,954.94,70.28,70.28,0,RING,LL,32,RING,LL,32,0,RING,A_flag_ceiling
broadcast_perf,1,8,134217728,33554432,float,none,1925.5,69.71,69.71,0,1921.67,69.84,69.84,0,RING,LL,32,RING,LL,32,0,RING,A_flag_ceiling
broadcast_perf,1,8,268435456,67108864,float,none,3868.27,69.39,69.39,0,3873.37,69.3,69.3,0,RING,LL,32,RING,LL,32,0,RING,A_flag_ceiling
broadcast_perf,1,8,536870912,134217728,float,none,7721.67,69.53,69.53,0,7731.73,69.44,69.44,0,RING,LL,32,RING,LL,32,0,RING,A_flag_ceiling
broadcast_perf,1,8,4096,1024,float,none,15.49,0.26,0.26,0,15.18,0.27,0.27,0,RING,SIMPLE,40,RING,SIMPLE,40,0,RING,A_flag_ceiling
broadcast_perf,1,8,8192,2048,float,none,13.4,0.61,0.61,0,12.61,0.65,0.65,0,RING,SIMPLE,40,RING,SIMPLE,40,0,RING,A_flag_ceiling
broadcast_perf,1,8,16384,4096,float,none,15.92,1.03,1.03,0,15.78,1.04,1.04,0,RING,SIMPLE,40,RING,SIMPLE,40,0,RING,A_flag_ceiling
broadcast_perf,1,8,32768,8192,float,none,15.34,2.14,2.14,0,13.33,2.46,2.46,0,RING,SIMPLE,40,RING,SIMPLE,40,0,RING,A_flag_ceiling
broadcast_perf,1,8,65536,16384,float,none,24.94,2.63,2.63,0,24.72,2.65,2.65,0,RING,SIMPLE,40,RING,SIMPLE,40,0,RING,A_flag_ceiling
broadcast_perf,1,8,131072,32768,float,none,35.35,3.71,3.71,0,33.81,3.88,3.88,0,RING,SIMPLE,40,RING,SIMPLE,40,0,RING,A_flag_ceiling
broadcast_perf,1,8,262144,65536,float,none,34.15,7.68,7.68,0,34.56,7.59,7.59,0,RING,SIMPLE,40,RING,SIMPLE,40,0,RING,A_flag_ceiling
broadcast_perf,1,8,524288,131072,float,none,35.44,14.79,14.79,0,35.97,14.58,14.58,0,RING,SIMPLE,40,RING,SIMPLE,40,0,RING,A_flag_ceiling
broadcast_perf,1,8,1048576,262144,float,none,54.35,19.29,19.29,0,54.43,19.26,19.26,0,RING,SIMPLE,40,RING,SIMPLE,40,0,RING,A_flag_ceiling
broadcast_perf,1,8,2097152,524288,float,none,63.39,33.08,33.08,0,63.51,33.02,33.02,0,RING,SIMPLE,40,RING,SIMPLE,40,0,RING,A_flag_ceiling
broadcast_perf,1,8,4194304,1048576,float,none,76.63,54.73,54.73,0,76.46,54.85,54.85,0,RING,SIMPLE,40,RING,SIMPLE,40,0,RING,A_flag_ceiling
broadcast_perf,1,8,8388608,2097152,float,none,101.7,82.48,82.48,0,101.27,82.84,82.84,0,RING,SIMPLE,40,RING,SIMPLE,40,0,RING,A_flag_ceiling
broadcast_perf,1,8,16777216,4194304,float,none,154.28,108.74,108.74,0,153.87,109.03,109.03,0,RING,SIMPLE,40,RING,SIMPLE,40,0,RING,A_flag_ceiling
broadcast_perf,1,8,33554432,8388608,float,none,263.39,127.39,127.39,0,262.35,127.9,127.9,0,RING,SIMPLE,40,RING,SIMPLE,40,0,RING,A_flag_ceiling
broadcast_perf,1,8,67108864,16777216,float,none,443.79,151.22,151.22,0,442.26,151.74,151.74,0,RING,SIMPLE,40,RING,SIMPLE,40,0,RING,A_flag_ceiling
broadcast_perf,1,8,134217728,33554432,float,none,805.06,166.72,166.72,0,806.84,166.35,166.35,0,RING,SIMPLE,40,RING,SIMPLE,40,0,RING,A_flag_ceiling
broadcast_perf,1,8,268435456,67108864,float,none,1501.23,178.81,178.81,0,1480.67,181.29,181.29,0,RING,SIMPLE,40,RING,SIMPLE,40,0,RING,A_flag_ceiling
broadcast_perf,1,8,536870912,134217728,float,none,2791.35,192.33,192.33,0,2792.53,192.25,192.25,0,RING,SIMPLE,40,RING,SIMPLE,40,0,RING,A_flag_ceiling
broadcast_perf,1,8,4096,1024,float,none,14.47,0.28,0.28,0,13.28,0.31,0.31,0,RING,LL,40,RING,LL,40,0,RING,A_flag_ceiling
broadcast_perf,1,8,8192,2048,float,none,14.12,0.58,0.58,0,14.16,0.58,0.58,0,RING,LL,40,RING,LL,40,0,RING,A_flag_ceiling
broadcast_perf,1,8,16384,4096,float,none,15.98,1.03,1.03,0,16.77,0.98,0.98,0,RING,LL,40,RING,LL,40,0,RING,A_flag_ceiling
broadcast_perf,1,8,32768,8192,float,none,16.11,2.03,2.03,0,15.43,2.12,2.12,0,RING,LL,40,RING,LL,40,0,RING,A_flag_ceiling
broadcast_perf,1,8,65536,16384,float,none,15.39,4.26,4.26,0,15.22,4.31,4.31,0,RING,LL,40,RING,LL,40,0,RING,A_flag_ceiling
broadcast_perf,1,8,131072,32768,float,none,17.72,7.4,7.4,0,16.99,7.72,7.72,0,RING,LL,40,RING,LL,40,0,RING,A_flag_ceiling
broadcast_perf,1,8,262144,65536,float,none,18.8,13.94,13.94,0,17.25,15.2,15.2,0,RING,LL,40,RING,LL,40,0,RING,A_flag_ceiling
broadcast_perf,1,8,524288,131072,float,none,20.57,25.49,25.49,0,20.52,25.55,25.55,0,RING,LL,40,RING,LL,40,0,RING,A_flag_ceiling
broadcast_perf,1,8,1048576,262144,float,none,29.16,35.96,35.96,0,27.64,37.94,37.94,0,RING,LL,40,RING,LL,40,0,RING,A_flag_ceiling
broadcast_perf,1,8,2097152,524288,float,none,37.22,56.35,56.35,0,37.3,56.22,56.22,0,RING,LL,40,RING,LL,40,0,RING,A_flag_ceiling
broadcast_perf,1,8,4194304,1048576,float,none,59.84,70.09,70.09,0,59.91,70.01,70.01,0,RING,LL,40,RING,LL,40,0,RING,A_flag_ceiling
broadcast_perf,1,8,8388608,2097152,float,none,105.59,79.45,79.45,0,105.51,79.5,79.5,0,RING,LL,40,RING,LL,40,0,RING,A_flag_ceiling
broadcast_perf,1,8,16777216,4194304,float,none,195.91,85.64,85.64,0,195.77,85.7,85.7,0,RING,LL,40,RING,LL,40,0,RING,A_flag_ceiling
broadcast_perf,1,8,33554432,8388608,float,none,385.04,87.14,87.14,0,384.77,87.21,87.21,0,RING,LL,40,RING,LL,40,0,RING,A_flag_ceiling
broadcast_perf,1,8,67108864,16777216,float,none,773.59,86.75,86.75,0,773.89,86.72,86.72,0,RING,LL,40,RING,LL,40,0,RING,A_flag_ceiling
broadcast_perf,1,8,134217728,33554432,float,none,1550.95,86.54,86.54,0,1550.95,86.54,86.54,0,RING,LL,40,RING,LL,40,0,RING,A_flag_ceiling
broadcast_perf,1,8,268435456,67108864,float,none,3111.51,86.27,86.27,0,3111.22,86.28,86.28,0,RING,LL,40,RING,LL,40,0,RING,A_flag_ceiling
broadcast_perf,1,8,536870912,134217728,float,none,6194.41,86.67,86.67,0,6195.84,86.65,86.65,0,RING,LL,40,RING,LL,40,0,RING,A_flag_ceiling
broadcast_perf,1,8,4096,1024,float,none,15.38,0.27,0.27,0,15.43,0.27,0.27,0,RING,SIMPLE,48,RING,SIMPLE,48,0,RING,A_flag_ceiling
broadcast_perf,1,8,8192,2048,float,none,14.7,0.56,0.56,0,13.47,0.61,0.61,0,RING,SIMPLE,48,RING,SIMPLE,48,0,RING,A_flag_ceiling
broadcast_perf,1,8,16384,4096,float,none,16.56,0.99,0.99,0,16.26,1.01,1.01,0,RING,SIMPLE,48,RING,SIMPLE,48,0,RING,A_flag_ceiling
broadcast_perf,1,8,32768,8192,float,none,16.42,2.0,2.0,0,15.75,2.08,2.08,0,RING,SIMPLE,48,RING,SIMPLE,48,0,RING,A_flag_ceiling
broadcast_perf,1,8,65536,16384,float,none,25.02,2.62,2.62,0,24.9,2.63,2.63,0,RING,SIMPLE,48,RING,SIMPLE,48,0,RING,A_flag_ceiling
broadcast_perf,1,8,131072,32768,float,none,35.0,3.74,3.74,0,44.39,2.95,2.95,0,RING,SIMPLE,48,RING,SIMPLE,48,0,RING,A_flag_ceiling
broadcast_perf,1,8,262144,65536,float,none,34.14,7.68,7.68,0,34.47,7.61,7.61,0,RING,SIMPLE,48,RING,SIMPLE,48,0,RING,A_flag_ceiling
broadcast_perf,1,8,524288,131072,float,none,35.38,14.82,14.82,0,35.86,14.62,14.62,0,RING,SIMPLE,48,RING,SIMPLE,48,0,RING,A_flag_ceiling
broadcast_perf,1,8,1048576,262144,float,none,54.4,19.28,19.28,0,53.93,19.44,19.44,0,RING,SIMPLE,48,RING,SIMPLE,48,0,RING,A_flag_ceiling
broadcast_perf,1,8,2097152,524288,float,none,59.91,35.01,35.01,0,59.92,35.0,35.0,0,RING,SIMPLE,48,RING,SIMPLE,48,0,RING,A_flag_ceiling
broadcast_perf,1,8,4194304,1048576,float,none,72.57,57.8,57.8,0,72.44,57.9,57.9,0,RING,SIMPLE,48,RING,SIMPLE,48,0,RING,A_flag_ceiling
broadcast_perf,1,8,8388608,2097152,float,none,94.64,88.64,88.64,0,93.72,89.51,89.51,0,RING,SIMPLE,48,RING,SIMPLE,48,0,RING,A_flag_ceiling
broadcast_perf,1,8,16777216,4194304,float,none,139.32,120.42,120.42,0,139.01,120.69,120.69,0,RING,SIMPLE,48,RING,SIMPLE,48,0,RING,A_flag_ceiling
broadcast_perf,1,8,33554432,8388608,float,none,233.59,143.65,143.65,0,232.69,144.2,144.2,0,RING,SIMPLE,48,RING,SIMPLE,48,0,RING,A_flag_ceiling
broadcast_perf,1,8,67108864,16777216,float,none,386.84,173.48,173.48,0,385.63,174.02,174.02,0,RING,SIMPLE,48,RING,SIMPLE,48,0,RING,A_flag_ceiling
broadcast_perf,1,8,134217728,33554432,float,none,700.96,191.48,191.48,0,700.25,191.67,191.67,0,RING,SIMPLE,48,RING,SIMPLE,48,0,RING,A_flag_ceiling
broadcast_perf,1,8,268435456,67108864,float,none,1271.79,211.07,211.07,0,1271.82,211.06,211.06,0,RING,SIMPLE,48,RING,SIMPLE,48,0,RING,A_flag_ceiling
broadcast_perf,1,8,536870912,134217728,float,none,2411.18,222.66,222.66,0,2413.22,222.47,222.47,0,RING,SIMPLE,48,RING,SIMPLE,48,0,RING,A_flag_ceiling
broadcast_perf,1,8,4096,1024,float,none,16.66,0.25,0.25,0,14.68,0.28,0.28,0,RING,LL,48,RING,LL,48,0,RING,A_flag_ceiling
broadcast_perf,1,8,8192,2048,float,none,12.12,0.68,0.68,0,11.81,0.69,0.69,0,RING,LL,48,RING,LL,48,0,RING,A_flag_ceiling
broadcast_perf,1,8,16384,4096,float,none,13.76,1.19,1.19,0,15.64,1.05,1.05,0,RING,LL,48,RING,LL,48,0,RING,A_flag_ceiling
broadcast_perf,1,8,32768,8192,float,none,14.95,2.19,2.19,0,14.07,2.33,2.33,0,RING,LL,48,RING,LL,48,0,RING,A_flag_ceiling
broadcast_perf,1,8,65536,16384,float,none,14.41,4.55,4.55,0,14.32,4.58,4.58,0,RING,LL,48,RING,LL,48,0,RING,A_flag_ceiling
broadcast_perf,1,8,131072,32768,float,none,18.85,6.95,6.95,0,18.11,7.24,7.24,0,RING,LL,48,RING,LL,48,0,RING,A_flag_ceiling
broadcast_perf,1,8,262144,65536,float,none,17.02,15.4,15.4,0,19.06,13.76,13.76,0,RING,LL,48,RING,LL,48,0,RING,A_flag_ceiling
broadcast_perf,1,8,524288,131072,float,none,18.91,27.72,27.72,0,19.26,27.22,27.22,0,RING,LL,48,RING,LL,48,0,RING,A_flag_ceiling
broadcast_perf,1,8,1048576,262144,float,none,25.45,41.2,41.2,0,24.75,42.37,42.37,0,RING,LL,48,RING,LL,48,0,RING,A_flag_ceiling
broadcast_perf,1,8,2097152,524288,float,none,34.02,61.65,61.65,0,34.0,61.68,61.68,0,RING,LL,48,RING,LL,48,0,RING,A_flag_ceiling
broadcast_perf,1,8,4194304,1048576,float,none,53.38,78.57,78.57,0,53.47,78.44,78.44,0,RING,LL,48,RING,LL,48,0,RING,A_flag_ceiling
broadcast_perf,1,8,8388608,2097152,float,none,91.15,92.03,92.03,0,91.25,91.93,91.93,0,RING,LL,48,RING,LL,48,0,RING,A_flag_ceiling
broadcast_perf,1,8,16777216,4194304,float,none,168.67,99.47,99.47,0,168.41,99.62,99.62,0,RING,LL,48,RING,LL,48,0,RING,A_flag_ceiling
broadcast_perf,1,8,33554432,8388608,float,none,329.42,101.86,101.86,0,328.84,102.04,102.04,0,RING,LL,48,RING,LL,48,0,RING,A_flag_ceiling
broadcast_perf,1,8,67108864,16777216,float,none,654.49,102.54,102.54,0,654.85,102.48,102.48,0,RING,LL,48,RING,LL,48,0,RING,A_flag_ceiling
broadcast_perf,1,8,134217728,33554432,float,none,1301.77,103.1,103.1,0,1301.99,103.09,103.09,0,RING,LL,48,RING,LL,48,0,RING,A_flag_ceiling
broadcast_perf,1,8,268435456,67108864,float,none,2599.62,103.26,103.26,0,2601.89,103.17,103.17,0,RING,LL,48,RING,LL,48,0,RING,A_flag_ceiling
broadcast_perf,1,8,536870912,134217728,float,none,5149.88,104.25,104.25,0,5161.4,104.02,104.02,0,RING,LL,48,RING,LL,48,0,RING,A_flag_ceiling
broadcast_perf,1,8,4096,1024,float,none,14.86,0.28,0.28,0,14.67,0.28,0.28,0,RING,SIMPLE,56,RING,SIMPLE,56,0,RING,A_flag_ceiling
broadcast_perf,1,8,8192,2048,float,none,14.48,0.57,0.57,0,12.16,0.67,0.67,0,RING,SIMPLE,56,RING,SIMPLE,56,0,RING,A_flag_ceiling
broadcast_perf,1,8,16384,4096,float,none,16.6,0.99,0.99,0,15.89,1.03,1.03,0,RING,SIMPLE,56,RING,SIMPLE,56,0,RING,A_flag_ceiling
broadcast_perf,1,8,32768,8192,float,none,16.14,2.03,2.03,0,14.03,2.33,2.33,0,RING,SIMPLE,56,RING,SIMPLE,56,0,RING,A_flag_ceiling
broadcast_perf,1,8,65536,16384,float,none,24.99,2.62,2.62,0,25.09,2.61,2.61,0,RING,SIMPLE,56,RING,SIMPLE,56,0,RING,A_flag_ceiling
broadcast_perf,1,8,131072,32768,float,none,35.95,3.65,3.65,0,33.75,3.88,3.88,0,RING,SIMPLE,56,RING,SIMPLE,56,0,RING,A_flag_ceiling
broadcast_perf,1,8,262144,65536,float,none,34.36,7.63,7.63,0,34.67,7.56,7.56,0,RING,SIMPLE,56,RING,SIMPLE,56,0,RING,A_flag_ceiling
broadcast_perf,1,8,524288,131072,float,none,35.33,14.84,14.84,0,35.87,14.62,14.62,0,RING,SIMPLE,56,RING,SIMPLE,56,0,RING,A_flag_ceiling
broadcast_perf,1,8,1048576,262144,float,none,53.51,19.6,19.6,0,54.04,19.4,19.4,0,RING,SIMPLE,56,RING,SIMPLE,56,0,RING,A_flag_ceiling
broadcast_perf,1,8,2097152,524288,float,none,59.84,35.05,35.05,0,60.14,34.87,34.87,0,RING,SIMPLE,56,RING,SIMPLE,56,0,RING,A_flag_ceiling
broadcast_perf,1,8,4194304,1048576,float,none,69.56,60.3,60.3,0,69.44,60.41,60.41,0,RING,SIMPLE,56,RING,SIMPLE,56,0,RING,A_flag_ceiling
broadcast_perf,1,8,8388608,2097152,float,none,90.43,92.77,92.77,0,90.16,93.04,93.04,0,RING,SIMPLE,56,RING,SIMPLE,56,0,RING,A_flag_ceiling
broadcast_perf,1,8,16777216,4194304,float,none,128.55,130.51,130.51,0,128.47,130.59,130.59,0,RING,SIMPLE,56,RING,SIMPLE,56,0,RING,A_flag_ceiling
broadcast_perf,1,8,33554432,8388608,float,none,213.21,157.38,157.38,0,213.33,157.29,157.29,0,RING,SIMPLE,56,RING,SIMPLE,56,0,RING,A_flag_ceiling
broadcast_perf,1,8,67108864,16777216,float,none,346.3,193.79,193.79,0,347.12,193.33,193.33,0,RING,SIMPLE,56,RING,SIMPLE,56,0,RING,A_flag_ceiling
broadcast_perf,1,8,134217728,33554432,float,none,625.08,214.72,214.72,0,626.57,214.21,214.21,0,RING,SIMPLE,56,RING,SIMPLE,56,0,RING,A_flag_ceiling
broadcast_perf,1,8,268435456,67108864,float,none,1114.62,240.83,240.83,0,1113.42,241.09,241.09,0,RING,SIMPLE,56,RING,SIMPLE,56,0,RING,A_flag_ceiling
broadcast_perf,1,8,536870912,134217728,float,none,2106.13,254.91,254.91,0,2100.59,255.58,255.58,0,RING,SIMPLE,56,RING,SIMPLE,56,0,RING,A_flag_ceiling
broadcast_perf,1,8,4096,1024,float,none,14.9,0.27,0.27,0,14.52,0.28,0.28,0,RING,LL,56,RING,LL,56,0,RING,A_flag_ceiling
broadcast_perf,1,8,8192,2048,float,none,13.16,0.62,0.62,0,12.89,0.64,0.64,0,RING,LL,56,RING,LL,56,0,RING,A_flag_ceiling
broadcast_perf,1,8,16384,4096,float,none,15.61,1.05,1.05,0,17.36,0.94,0.94,0,RING,LL,56,RING,LL,56,0,RING,A_flag_ceiling
broadcast_perf,1,8,32768,8192,float,none,16.51,1.98,1.98,0,15.88,2.06,2.06,0,RING,LL,56,RING,LL,56,0,RING,A_flag_ceiling
broadcast_perf,1,8,65536,16384,float,none,15.82,4.14,4.14,0,15.3,4.28,4.28,0,RING,LL,56,RING,LL,56,0,RING,A_flag_ceiling
broadcast_perf,1,8,131072,32768,float,none,17.93,7.31,7.31,0,17.26,7.59,7.59,0,RING,LL,56,RING,LL,56,0,RING,A_flag_ceiling
broadcast_perf,1,8,262144,65536,float,none,18.66,14.05,14.05,0,20.8,12.6,12.6,0,RING,LL,56,RING,LL,56,0,RING,A_flag_ceiling
broadcast_perf,1,8,524288,131072,float,none,19.24,27.25,27.25,0,19.19,27.32,27.32,0,RING,LL,56,RING,LL,56,0,RING,A_flag_ceiling
broadcast_perf,1,8,1048576,262144,float,none,26.39,39.73,39.73,0,25.0,41.94,41.94,0,RING,LL,56,RING,LL,56,0,RING,A_flag_ceiling
broadcast_perf,1,8,2097152,524288,float,none,32.51,64.51,64.51,0,32.85,63.84,63.84,0,RING,LL,56,RING,LL,56,0,RING,A_flag_ceiling
broadcast_perf,1,8,4194304,1048576,float,none,48.61,86.28,86.28,0,48.75,86.03,86.03,0,RING,LL,56,RING,LL,56,0,RING,A_flag_ceiling
broadcast_perf,1,8,8388608,2097152,float,none,81.96,102.35,102.35,0,82.09,102.19,102.19,0,RING,LL,56,RING,LL,56,0,RING,A_flag_ceiling
broadcast_perf,1,8,16777216,4194304,float,none,149.1,112.52,112.52,0,149.48,112.24,112.24,0,RING,LL,56,RING,LL,56,0,RING,A_flag_ceiling
broadcast_perf,1,8,33554432,8388608,float,none,292.5,114.72,114.72,0,291.86,114.97,114.97,0,RING,LL,56,RING,LL,56,0,RING,A_flag_ceiling
broadcast_perf,1,8,67108864,16777216,float,none,575.85,116.54,116.54,0,575.5,116.61,116.61,0,RING,LL,56,RING,LL,56,0,RING,A_flag_ceiling
broadcast_perf,1,8,134217728,33554432,float,none,1146.63,117.05,117.05,0,1147.51,116.96,116.96,0,RING,LL,56,RING,LL,56,0,RING,A_flag_ceiling
broadcast_perf,1,8,268435456,67108864,float,none,2284.54,117.5,117.5,0,2287.06,117.37,117.37,0,RING,LL,56,RING,LL,56,0,RING,A_flag_ceiling
broadcast_perf,1,8,536870912,134217728,float,none,4527.7,118.57,118.57,0,4528.26,118.56,118.56,0,RING,LL,56,RING,LL,56,0,RING,A_flag_ceiling
broadcast_perf,1,8,4096,1024,float,none,15.58,0.26,0.26,0,14.88,0.28,0.28,0,RING,SIMPLE,1,RING,SIMPLE,1,0,RING,A_flag_ceiling
broadcast_perf,1,8,8192,2048,float,none,12.76,0.64,0.64,0,12.29,0.67,0.67,0,RING,SIMPLE,1,RING,SIMPLE,1,0,RING,A_flag_ceiling
broadcast_perf,1,8,16384,4096,float,none,17.07,0.96,0.96,0,16.28,1.01,1.01,0,RING,SIMPLE,1,RING,SIMPLE,1,0,RING,A_flag_ceiling
broadcast_perf,1,8,32768,8192,float,none,18.65,1.76,1.76,0,15.46,2.12,2.12,0,RING,SIMPLE,1,RING,SIMPLE,1,0,RING,A_flag_ceiling
broadcast_perf,1,8,65536,16384,float,none,22.49,2.91,2.91,0,21.82,3.0,3.0,0,RING,SIMPLE,1,RING,SIMPLE,1,0,RING,A_flag_ceiling
broadcast_perf,1,8,131072,32768,float,none,35.59,3.68,3.68,0,35.16,3.73,3.73,0,RING,SIMPLE,1,RING,SIMPLE,1,0,RING,A_flag_ceiling
broadcast_perf,1,8,262144,65536,float,none,61.7,4.25,4.25,0,61.28,4.28,4.28,0,RING,SIMPLE,1,RING,SIMPLE,1,0,RING,A_flag_ceiling
broadcast_perf,1,8,524288,131072,float,none,105.01,4.99,4.99,0,104.17,5.03,5.03,0,RING,SIMPLE,1,RING,SIMPLE,1,0,RING,A_flag_ceiling
broadcast_perf,1,8,1048576,262144,float,none,200.13,5.24,5.24,0,198.39,5.29,5.29,0,RING,SIMPLE,1,RING,SIMPLE,1,0,RING,A_flag_ceiling
broadcast_perf,1,8,2097152,524288,float,none,372.71,5.63,5.63,0,367.39,5.71,5.71,0,RING,SIMPLE,1,RING,SIMPLE,1,0,RING,A_flag_ceiling
broadcast_perf,1,8,4194304,1048576,float,none,714.29,5.87,5.87,0,703.51,5.96,5.96,0,RING,SIMPLE,1,RING,SIMPLE,1,0,RING,A_flag_ceiling
broadcast_perf,1,8,8388608,2097152,float,none,1325.69,6.33,6.33,0,1308.8,6.41,6.41,0,RING,SIMPLE,1,RING,SIMPLE,1,0,RING,A_flag_ceiling
broadcast_perf,1,8,16777216,4194304,float,none,2632.3,6.37,6.37,0,2589.31,6.48,6.48,0,RING,SIMPLE,1,RING,SIMPLE,1,0,RING,A_flag_ceiling
broadcast_perf,1,8,33554432,8388608,float,none,5509.55,6.09,6.09,0,5313.01,6.32,6.32,0,RING,SIMPLE,1,RING,SIMPLE,1,0,RING,A_flag_ceiling
broadcast_perf,1,8,67108864,16777216,float,none,11026.2,6.09,6.09,0,10636.5,6.31,6.31,0,RING,SIMPLE,1,RING,SIMPLE,1,0,RING,A_flag_ceiling
broadcast_perf,1,8,134217728,33554432,float,none,22048.0,6.09,6.09,0,21293.5,6.3,6.3,0,RING,SIMPLE,1,RING,SIMPLE,1,0,RING,A_flag_ceiling
broadcast_perf,1,8,268435456,67108864,float,none,44212.6,6.07,6.07,0,42613.4,6.3,6.3,0,RING,SIMPLE,1,RING,SIMPLE,1,0,RING,A_flag_ceiling
broadcast_perf,1,8,536870912,134217728,float,none,88409.0,6.07,6.07,0,85165.2,6.3,6.3,0,RING,SIMPLE,1,RING,SIMPLE,1,0,RING,A_flag_ceiling
broadcast_perf,1,8,4096,1024,float,none,17.31,0.24,0.24,0,14.78,0.28,0.28,0,RING,LL,1,RING,LL,1,0,RING,A_flag_ceiling
broadcast_perf,1,8,8192,2048,float,none,12.1,0.68,0.68,0,13.51,0.61,0.61,0,RING,LL,1,RING,LL,1,0,RING,A_flag_ceiling
broadcast_perf,1,8,16384,4096,float,none,16.72,0.98,0.98,0,13.69,1.2,1.2,0,RING,LL,1,RING,LL,1,0,RING,A_flag_ceiling
broadcast_perf,1,8,32768,8192,float,none,19.68,1.67,1.67,0,18.68,1.75,1.75,0,RING,LL,1,RING,LL,1,0,RING,A_flag_ceiling
broadcast_perf,1,8,65536,16384,float,none,29.47,2.22,2.22,0,29.33,2.23,2.23,0,RING,LL,1,RING,LL,1,0,RING,A_flag_ceiling
broadcast_perf,1,8,131072,32768,float,none,53.83,2.43,2.43,0,52.13,2.51,2.51,0,RING,LL,1,RING,LL,1,0,RING,A_flag_ceiling
broadcast_perf,1,8,262144,65536,float,none,97.46,2.69,2.69,0,98.45,2.66,2.66,0,RING,LL,1,RING,LL,1,0,RING,A_flag_ceiling
broadcast_perf,1,8,524288,131072,float,none,189.69,2.76,2.76,0,191.36,2.74,2.74,0,RING,LL,1,RING,LL,1,0,RING,A_flag_ceiling
broadcast_perf,1,8,1048576,262144,float,none,376.92,2.78,2.78,0,377.76,2.78,2.78,0,RING,LL,1,RING,LL,1,0,RING,A_flag_ceiling
broadcast_perf,1,8,2097152,524288,float,none,747.24,2.81,2.81,0,750.47,2.79,2.79,0,RING,LL,1,RING,LL,1,0,RING,A_flag_ceiling
broadcast_perf,1,8,4194304,1048576,float,none,1490.32,2.81,2.81,0,1495.07,2.81,2.81,0,RING,LL,1,RING,LL,1,0,RING,A_flag_ceiling
broadcast_perf,1,8,8388608,2097152,float,none,3008.31,2.79,2.79,0,3020.84,2.78,2.78,0,RING,LL,1,RING,LL,1,0,RING,A_flag_ceiling
broadcast_perf,1,8,16777216,4194304,float,none,6158.64,2.72,2.72,0,6150.24,2.73,2.73,0,RING,LL,1,RING,LL,1,0,RING,A_flag_ceiling
broadcast_perf,1,8,33554432,8388608,float,none,12454.4,2.69,2.69,0,12394.8,2.71,2.71,0,RING,LL,1,RING,LL,1,0,RING,A_flag_ceiling
broadcast_perf,1,8,67108864,16777216,float,none,24993.0,2.69,2.69,0,24949.2,2.69,2.69,0,RING,LL,1,RING,LL,1,0,RING,A_flag_ceiling
broadcast_perf,1,8,134217728,33554432,float,none,50206.9,2.67,2.67,0,49990.0,2.68,2.68,0,RING,LL,1,RING,LL,1,0,RING,A_flag_ceiling
broadcast_perf,1,8,268435456,67108864,float,none,100513.0,2.67,2.67,0,99884.7,2.69,2.69,0,RING,LL,1,RING,LL,1,0,RING,A_flag_ceiling
broadcast_perf,1,8,536870912,134217728,float,none,200945.0,2.67,2.67,0,200642.0,2.68,2.68,0,RING,LL,1,RING,LL,1,0,RING,A_flag_ceiling
broadcast_perf,1,8,4096,1024,float,none,15.3,0.27,0.27,0,14.72,0.28,0.28,0,RING,SIMPLE,2,RING,SIMPLE,2,0,RING,A_flag_ceiling
broadcast_perf,1,8,8192,2048,float,none,13.81,0.59,0.59,0,13.72,0.6,0.6,0,RING,SIMPLE,2,RING,SIMPLE,2,0,RING,A_flag_ceiling
broadcast_perf,1,8,16384,4096,float,none,15.97,1.03,1.03,0,15.54,1.05,1.05,0,RING,SIMPLE,2,RING,SIMPLE,2,0,RING,A_flag_ceiling
broadcast_perf,1,8,32768,8192,float,none,15.75,2.08,2.08,0,15.76,2.08,2.08,0,RING,SIMPLE,2,RING,SIMPLE,2,0,RING,A_flag_ceiling
broadcast_perf,1,8,65536,16384,float,none,17.23,3.8,3.8,0,16.43,3.99,3.99,0,RING,SIMPLE,2,RING,SIMPLE,2,0,RING,A_flag_ceiling
broadcast_perf,1,8,131072,32768,float,none,26.78,4.89,4.89,0,24.29,5.4,5.4,0,RING,SIMPLE,2,RING,SIMPLE,2,0,RING,A_flag_ceiling
broadcast_perf,1,8,262144,65536,float,none,36.71,7.14,7.14,0,36.38,7.21,7.21,0,RING,SIMPLE,2,RING,SIMPLE,2,0,RING,A_flag_ceiling
broadcast_perf,1,8,524288,131072,float,none,63.83,8.21,8.21,0,63.61,8.24,8.24,0,RING,SIMPLE,2,RING,SIMPLE,2,0,RING,A_flag_ceiling
broadcast_perf,1,8,1048576,262144,float,none,110.0,9.53,9.53,0,109.61,9.57,9.57,0,RING,SIMPLE,2,RING,SIMPLE,2,0,RING,A_flag_ceiling
broadcast_perf,1,8,2097152,524288,float,none,210.78,9.95,9.95,0,211.53,9.91,9.91,0,RING,SIMPLE,2,RING,SIMPLE,2,0,RING,A_flag_ceiling
broadcast_perf,1,8,4194304,1048576,float,none,395.16,10.61,10.61,0,395.88,10.59,10.59,0,RING,SIMPLE,2,RING,SIMPLE,2,0,RING,A_flag_ceiling
broadcast_perf,1,8,8388608,2097152,float,none,770.14,10.89,10.89,0,772.47,10.86,10.86,0,RING,SIMPLE,2,RING,SIMPLE,2,0,RING,A_flag_ceiling
broadcast_perf,1,8,16777216,4194304,float,none,1441.46,11.64,11.64,0,1453.69,11.54,11.54,0,RING,SIMPLE,2,RING,SIMPLE,2,0,RING,A_flag_ceiling
broadcast_perf,1,8,33554432,8388608,float,none,2887.29,11.62,11.62,0,2910.58,11.53,11.53,0,RING,SIMPLE,2,RING,SIMPLE,2,0,RING,A_flag_ceiling
broadcast_perf,1,8,67108864,16777216,float,none,5851.19,11.47,11.47,0,5901.07,11.37,11.37,0,RING,SIMPLE,2,RING,SIMPLE,2,0,RING,A_flag_ceiling
broadcast_perf,1,8,134217728,33554432,float,none,11761.8,11.41,11.41,0,11848.4,11.33,11.33,0,RING,SIMPLE,2,RING,SIMPLE,2,0,RING,A_flag_ceiling
broadcast_perf,1,8,268435456,67108864,float,none,23569.5,11.39,11.39,0,23788.2,11.28,11.28,0,RING,SIMPLE,2,RING,SIMPLE,2,0,RING,A_flag_ceiling
broadcast_perf,1,8,536870912,134217728,float,none,47260.0,11.36,11.36,0,47651.3,11.27,11.27,0,RING,SIMPLE,2,RING,SIMPLE,2,0,RING,A_flag_ceiling
broadcast_perf,1,8,4096,1024,float,none,15.58,0.26,0.26,0,15.43,0.27,0.27,0,RING,LL,2,RING,LL,2,0,RING,A_flag_ceiling
broadcast_perf,1,8,8192,2048,float,none,13.85,0.59,0.59,0,13.21,0.62,0.62,0,RING,LL,2,RING,LL,2,0,RING,A_flag_ceiling
broadcast_perf,1,8,16384,4096,float,none,17.51,0.94,0.94,0,16.39,1.0,1.0,0,RING,LL,2,RING,LL,2,0,RING,A_flag_ceiling
broadcast_perf,1,8,32768,8192,float,none,16.53,1.98,1.98,0,16.16,2.03,2.03,0,RING,LL,2,RING,LL,2,0,RING,A_flag_ceiling
broadcast_perf,1,8,65536,16384,float,none,19.0,3.45,3.45,0,18.92,3.46,3.46,0,RING,LL,2,RING,LL,2,0,RING,A_flag_ceiling
broadcast_perf,1,8,131072,32768,float,none,33.63,3.9,3.9,0,31.47,4.17,4.17,0,RING,LL,2,RING,LL,2,0,RING,A_flag_ceiling
broadcast_perf,1,8,262144,65536,float,none,87.15,3.01,3.01,0,54.97,4.77,4.77,0,RING,LL,2,RING,LL,2,0,RING,A_flag_ceiling
broadcast_perf,1,8,524288,131072,float,none,104.2,5.03,5.03,0,105.01,4.99,4.99,0,RING,LL,2,RING,LL,2,0,RING,A_flag_ceiling
broadcast_perf,1,8,1048576,262144,float,none,205.02,5.11,5.11,0,207.26,5.06,5.06,0,RING,LL,2,RING,LL,2,0,RING,A_flag_ceiling
broadcast_perf,1,8,2097152,524288,float,none,407.8,5.14,5.14,0,411.11,5.1,5.1,0,RING,LL,2,RING,LL,2,0,RING,A_flag_ceiling
broadcast_perf,1,8,4194304,1048576,float,none,813.19,5.16,5.16,0,819.66,5.12,5.12,0,RING,LL,2,RING,LL,2,0,RING,A_flag_ceiling
broadcast_perf,1,8,8388608,2097152,float,none,1623.02,5.17,5.17,0,1636.4,5.13,5.13,0,RING,LL,2,RING,LL,2,0,RING,A_flag_ceiling
broadcast_perf,1,8,16777216,4194304,float,none,3250.9,5.16,5.16,0,3271.87,5.13,5.13,0,RING,LL,2,RING,LL,2,0,RING,A_flag_ceiling
broadcast_perf,1,8,33554432,8388608,float,none,6492.8,5.17,5.17,0,6549.5,5.12,5.12,0,RING,LL,2,RING,LL,2,0,RING,A_flag_ceiling
broadcast_perf,1,8,67108864,16777216,float,none,12984.2,5.17,5.17,0,13098.0,5.12,5.12,0,RING,LL,2,RING,LL,2,0,RING,A_flag_ceiling
broadcast_perf,1,8,134217728,33554432,float,none,25982.3,5.17,5.17,0,26187.0,5.13,5.13,0,RING,LL,2,RING,LL,2,0,RING,A_flag_ceiling
broadcast_perf,1,8,268435456,67108864,float,none,51905.6,5.17,5.17,0,52419.4,5.12,5.12,0,RING,LL,2,RING,LL,2,0,RING,A_flag_ceiling
broadcast_perf,1,8,536870912,134217728,float,none,103899.0,5.17,5.17,0,104711.0,5.13,5.13,0,RING,LL,2,RING,LL,2,0,RING,A_flag_ceiling
broadcast_perf,1,8,4096,1024,float,none,14.12,0.29,0.29,0,15.97,0.26,0.26,0,RING,SIMPLE,4,RING,SIMPLE,4,0,RING,A_flag_ceiling
broadcast_perf,1,8,8192,2048,float,none,14.14,0.58,0.58,0,12.39,0.66,0.66,0,RING,SIMPLE,4,RING,SIMPLE,4,0,RING,A_flag_ceiling
broadcast_perf,1,8,16384,4096,float,none,14.64,1.12,1.12,0,13.81,1.19,1.19,0,RING,SIMPLE,4,RING,SIMPLE,4,0,RING,A_flag_ceiling
broadcast_perf,1,8,32768,8192,float,none,14.62,2.24,2.24,0,15.08,2.17,2.17,0,RING,SIMPLE,4,RING,SIMPLE,4,0,RING,A_flag_ceiling
broadcast_perf,1,8,65536,16384,float,none,24.98,2.62,2.62,0,24.82,2.64,2.64,0,RING,SIMPLE,4,RING,SIMPLE,4,0,RING,A_flag_ceiling
broadcast_perf,1,8,131072,32768,float,none,37.89,3.46,3.46,0,36.03,3.64,3.64,0,RING,SIMPLE,4,RING,SIMPLE,4,0,RING,A_flag_ceiling
broadcast_perf,1,8,262144,65536,float,none,43.68,6.0,6.0,0,43.78,5.99,5.99,0,RING,SIMPLE,4,RING,SIMPLE,4,0,RING,A_flag_ceiling
broadcast_perf,1,8,524288,131072,float,none,58.7,8.93,8.93,0,58.7,8.93,8.93,0,RING,SIMPLE,4,RING,SIMPLE,4,0,RING,A_flag_ceiling
broadcast_perf,1,8,1048576,262144,float,none,87.98,11.92,11.92,0,88.17,11.89,11.89,0,RING,SIMPLE,4,RING,SIMPLE,4,0,RING,A_flag_ceiling
broadcast_perf,1,8,2097152,524288,float,none,152.42,13.76,13.76,0,152.42,13.76,13.76,0,RING,SIMPLE,4,RING,SIMPLE,4,0,RING,A_flag_ceiling
broadcast_perf,1,8,4194304,1048576,float,none,258.64,16.22,16.22,0,258.53,16.22,16.22,0,RING,SIMPLE,4,RING,SIMPLE,4,0,RING,A_flag_ceiling
broadcast_perf,1,8,8388608,2097152,float,none,483.78,17.34,17.34,0,482.91,17.37,17.37,0,RING,SIMPLE,4,RING,SIMPLE,4,0,RING,A_flag_ceiling
broadcast_perf,1,8,16777216,4194304,float,none,867.13,19.35,19.35,0,866.44,19.36,19.36,0,RING,SIMPLE,4,RING,SIMPLE,4,0,RING,A_flag_ceiling
broadcast_perf,1,8,33554432,8388608,float,none,1629.35,20.59,20.59,0,1629.86,20.59,20.59,0,RING,SIMPLE,4,RING,SIMPLE,4,0,RING,A_flag_ceiling
broadcast_perf,1,8,67108864,16777216,float,none,3137.67,21.39,21.39,0,3136.99,21.39,21.39,0,RING,SIMPLE,4,RING,SIMPLE,4,0,RING,A_flag_ceiling
broadcast_perf,1,8,134217728,33554432,float,none,6352.27,21.13,21.13,0,6346.18,21.15,21.15,0,RING,SIMPLE,4,RING,SIMPLE,4,0,RING,A_flag_ceiling
broadcast_perf,1,8,268435456,67108864,float,none,12645.8,21.23,21.23,0,12679.8,21.17,21.17,0,RING,SIMPLE,4,RING,SIMPLE,4,0,RING,A_flag_ceiling
broadcast_perf,1,8,536870912,134217728,float,none,25383.3,21.15,21.15,0,25423.4,21.12,21.12,0,RING,SIMPLE,4,RING,SIMPLE,4,0,RING,A_flag_ceiling
broadcast_perf,1,8,4096,1024,float,none,14.86,0.28,0.28,0,14.5,0.28,0.28,0,RING,LL,4,RING,LL,4,0,RING,A_flag_ceiling
broadcast_perf,1,8,8192,2048,float,none,13.78,0.59,0.59,0,11.96,0.68,0.68,0,RING,LL,4,RING,LL,4,0,RING,A_flag_ceiling
broadcast_perf,1,8,16384,4096,float,none,13.75,1.19,1.19,0,16.01,1.02,1.02,0,RING,LL,4,RING,LL,4,0,RING,A_flag_ceiling
broadcast_perf,1,8,32768,8192,float,none,16.24,2.02,2.02,0,13.78,2.38,2.38,0,RING,LL,4,RING,LL,4,0,RING,A_flag_ceiling
broadcast_perf,1,8,65536,16384,float,none,17.08,3.84,3.84,0,16.58,3.95,3.95,0,RING,LL,4,RING,LL,4,0,RING,A_flag_ceiling
broadcast_perf,1,8,131072,32768,float,none,23.75,5.52,5.52,0,24.68,5.31,5.31,0,RING,LL,4,RING,LL,4,0,RING,A_flag_ceiling
broadcast_perf,1,8,262144,65536,float,none,35.78,7.33,7.33,0,35.86,7.31,7.31,0,RING,LL,4,RING,LL,4,0,RING,A_flag_ceiling
broadcast_perf,1,8,524288,131072,float,none,61.74,8.49,8.49,0,61.54,8.52,8.52,0,RING,LL,4,RING,LL,4,0,RING,A_flag_ceiling
broadcast_perf,1,8,1048576,262144,float,none,115.44,9.08,9.08,0,114.62,9.15,9.15,0,RING,LL,4,RING,LL,4,0,RING,A_flag_ceiling
broadcast_perf,1,8,2097152,524288,float,none,224.02,9.36,9.36,0,222.04,9.44,9.44,0,RING,LL,4,RING,LL,4,0,RING,A_flag_ceiling
broadcast_perf,1,8,4194304,1048576,float,none,440.76,9.52,9.52,0,436.85,9.6,9.6,0,RING,LL,4,RING,LL,4,0,RING,A_flag_ceiling
broadcast_perf,1,8,8388608,2097152,float,none,876.33,9.57,9.57,0,867.65,9.67,9.67,0,RING,LL,4,RING,LL,4,0,RING,A_flag_ceiling
broadcast_perf,1,8,16777216,4194304,float,none,1746.67,9.61,9.61,0,1731.41,9.69,9.69,0,RING,LL,4,RING,LL,4,0,RING,A_flag_ceiling
broadcast_perf,1,8,33554432,8388608,float,none,3552.64,9.44,9.44,0,3524.81,9.52,9.52,0,RING,LL,4,RING,LL,4,0,RING,A_flag_ceiling
broadcast_perf,1,8,67108864,16777216,float,none,7177.75,9.35,9.35,0,7119.39,9.43,9.43,0,RING,LL,4,RING,LL,4,0,RING,A_flag_ceiling
broadcast_perf,1,8,134217728,33554432,float,none,14419.7,9.31,9.31,0,14315.2,9.38,9.38,0,RING,LL,4,RING,LL,4,0,RING,A_flag_ceiling
broadcast_perf,1,8,268435456,67108864,float,none,28887.6,9.29,9.29,0,28676.9,9.36,9.36,0,RING,LL,4,RING,LL,4,0,RING,A_flag_ceiling
broadcast_perf,1,8,536870912,134217728,float,none,57900.3,9.27,9.27,0,57351.1,9.36,9.36,0,RING,LL,4,RING,LL,4,0,RING,A_flag_ceiling
broadcast_perf,1,8,4096,1024,float,none,14.98,0.27,0.27,0,13.9,0.29,0.29,0,RING,SIMPLE,8,RING,SIMPLE,8,0,RING,A_flag_ceiling
broadcast_perf,1,8,8192,2048,float,none,12.2,0.67,0.67,0,11.83,0.69,0.69,0,RING,SIMPLE,8,RING,SIMPLE,8,0,RING,A_flag_ceiling
broadcast_perf,1,8,16384,4096,float,none,16.99,0.96,0.96,0,15.86,1.03,1.03,0,RING,SIMPLE,8,RING,SIMPLE,8,0,RING,A_flag_ceiling
broadcast_perf,1,8,32768,8192,float,none,15.47,2.12,2.12,0,14.84,2.21,2.21,0,RING,SIMPLE,8,RING,SIMPLE,8,0,RING,A_flag_ceiling
broadcast_perf,1,8,65536,16384,float,none,25.14,2.61,2.61,0,24.94,2.63,2.63,0,RING,SIMPLE,8,RING,SIMPLE,8,0,RING,A_flag_ceiling
broadcast_perf,1,8,131072,32768,float,none,35.23,3.72,3.72,0,33.82,3.88,3.88,0,RING,SIMPLE,8,RING,SIMPLE,8,0,RING,A_flag_ceiling
broadcast_perf,1,8,262144,65536,float,none,49.41,5.31,5.31,0,49.8,5.26,5.26,0,RING,SIMPLE,8,RING,SIMPLE,8,0,RING,A_flag_ceiling
broadcast_perf,1,8,524288,131072,float,none,58.17,9.01,9.01,0,58.24,9.0,9.0,0,RING,SIMPLE,8,RING,SIMPLE,8,0,RING,A_flag_ceiling
broadcast_perf,1,8,1048576,262144,float,none,73.99,14.17,14.17,0,74.02,14.17,14.17,0,RING,SIMPLE,8,RING,SIMPLE,8,0,RING,A_flag_ceiling
broadcast_perf,1,8,2097152,524288,float,none,104.92,19.99,19.99,0,104.89,19.99,19.99,0,RING,SIMPLE,8,RING,SIMPLE,8,0,RING,A_flag_ceiling
broadcast_perf,1,8,4194304,1048576,float,none,182.36,23.0,23.0,0,181.43,23.12,23.12,0,RING,SIMPLE,8,RING,SIMPLE,8,0,RING,A_flag_ceiling
broadcast_perf,1,8,8388608,2097152,float,none,294.63,28.47,28.47,0,293.07,28.62,28.62,0,RING,SIMPLE,8,RING,SIMPLE,8,0,RING,A_flag_ceiling
broadcast_perf,1,8,16777216,4194304,float,none,549.51,30.53,30.53,0,546.37,30.71,30.71,0,RING,SIMPLE,8,RING,SIMPLE,8,0,RING,A_flag_ceiling
broadcast_perf,1,8,33554432,8388608,float,none,947.88,35.4,35.4,0,944.71,35.52,35.52,0,RING,SIMPLE,8,RING,SIMPLE,8,0,RING,A_flag_ceiling
broadcast_perf,1,8,67108864,16777216,float,none,1776.08,37.78,37.78,0,1769.69,37.92,37.92,0,RING,SIMPLE,8,RING,SIMPLE,8,0,RING,A_flag_ceiling
broadcast_perf,1,8,134217728,33554432,float,none,3348.99,40.08,40.08,0,3338.18,40.21,40.21,0,RING,SIMPLE,8,RING,SIMPLE,8,0,RING,A_flag_ceiling
broadcast_perf,1,8,268435456,67108864,float,none,6733.85,39.86,39.86,0,6720.84,39.94,39.94,0,RING,SIMPLE,8,RING,SIMPLE,8,0,RING,A_flag_ceiling
broadcast_perf,1,8,536870912,134217728,float,none,13106.8,40.96,40.96,0,13069.1,41.08,41.08,0,RING,SIMPLE,8,RING,SIMPLE,8,0,RING,A_flag_ceiling
broadcast_perf,1,8,4096,1024,float,none,14.56,0.28,0.28,0,13.94,0.29,0.29,0,RING,LL,8,RING,LL,8,0,RING,A_flag_ceiling
broadcast_perf,1,8,8192,2048,float,none,13.92,0.59,0.59,0,14.44,0.57,0.57,0,RING,LL,8,RING,LL,8,0,RING,A_flag_ceiling
broadcast_perf,1,8,16384,4096,float,none,16.9,0.97,0.97,0,13.47,1.22,1.22,0,RING,LL,8,RING,LL,8,0,RING,A_flag_ceiling
broadcast_perf,1,8,32768,8192,float,none,14.72,2.23,2.23,0,15.51,2.11,2.11,0,RING,LL,8,RING,LL,8,0,RING,A_flag_ceiling
broadcast_perf,1,8,65536,16384,float,none,16.37,4.0,4.0,0,15.95,4.11,4.11,0,RING,LL,8,RING,LL,8,0,RING,A_flag_ceiling
broadcast_perf,1,8,131072,32768,float,none,20.14,6.51,6.51,0,21.16,6.19,6.19,0,RING,LL,8,RING,LL,8,0,RING,A_flag_ceiling
broadcast_perf,1,8,262144,65536,float,none,26.02,10.07,10.07,0,26.31,9.97,9.97,0,RING,LL,8,RING,LL,8,0,RING,A_flag_ceiling
broadcast_perf,1,8,524288,131072,float,none,39.36,13.32,13.32,0,39.65,13.22,13.22,0,RING,LL,8,RING,LL,8,0,RING,A_flag_ceiling
broadcast_perf,1,8,1048576,262144,float,none,66.67,15.73,15.73,0,66.68,15.72,15.72,0,RING,LL,8,RING,LL,8,0,RING,A_flag_ceiling
broadcast_perf,1,8,2097152,524288,float,none,120.62,17.39,17.39,0,121.25,17.3,17.3,0,RING,LL,8,RING,LL,8,0,RING,A_flag_ceiling
broadcast_perf,1,8,4194304,1048576,float,none,229.25,18.3,18.3,0,229.78,18.25,18.25,0,RING,LL,8,RING,LL,8,0,RING,A_flag_ceiling
broadcast_perf,1,8,8388608,2097152,float,none,446.25,18.8,18.8,0,447.53,18.74,18.74,0,RING,LL,8,RING,LL,8,0,RING,A_flag_ceiling
broadcast_perf,1,8,16777216,4194304,float,none,883.0,19.0,19.0,0,884.05,18.98,18.98,0,RING,LL,8,RING,LL,8,0,RING,A_flag_ceiling
broadcast_perf,1,8,33554432,8388608,float,none,1773.13,18.92,18.92,0,1761.22,19.05,19.05,0,RING,LL,8,RING,LL,8,0,RING,A_flag_ceiling
broadcast_perf,1,8,67108864,16777216,float,none,3618.19,18.55,18.55,0,3567.91,18.81,18.81,0,RING,LL,8,RING,LL,8,0,RING,A_flag_ceiling
broadcast_perf,1,8,134217728,33554432,float,none,7299.47,18.39,18.39,0,7186.86,18.68,18.68,0,RING,LL,8,RING,LL,8,0,RING,A_flag_ceiling
broadcast_perf,1,8,268435456,67108864,float,none,14669.8,18.3,18.3,0,14429.1,18.6,18.6,0,RING,LL,8,RING,LL,8,0,RING,A_flag_ceiling
broadcast_perf,1,8,536870912,134217728,float,none,29415.1,18.25,18.25,0,28918.6,18.56,18.56,0,RING,LL,8,RING,LL,8,0,RING,A_flag_ceiling
broadcast_perf,1,8,4096,1024,float,none,16.18,0.25,0.25,0,12.48,0.33,0.33,0,RING,SIMPLE,16,RING,SIMPLE,16,0,RING,A_flag_ceiling
broadcast_perf,1,8,8192,2048,float,none,14.84,0.55,0.55,0,13.21,0.62,0.62,0,RING,SIMPLE,16,RING,SIMPLE,16,0,RING,A_flag_ceiling
broadcast_perf,1,8,16384,4096,float,none,16.51,0.99,0.99,0,15.53,1.06,1.06,0,RING,SIMPLE,16,RING,SIMPLE,16,0,RING,A_flag_ceiling
broadcast_perf,1,8,32768,8192,float,none,15.58,2.1,2.1,0,14.91,2.2,2.2,0,RING,SIMPLE,16,RING,SIMPLE,16,0,RING,A_flag_ceiling
broadcast_perf,1,8,65536,16384,float,none,24.81,2.64,2.64,0,24.85,2.64,2.64,0,RING,SIMPLE,16,RING,SIMPLE,16,0,RING,A_flag_ceiling
broadcast_perf,1,8,131072,32768,float,none,34.83,3.76,3.76,0,33.72,3.89,3.89,0,RING,SIMPLE,16,RING,SIMPLE,16,0,RING,A_flag_ceiling
broadcast_perf,1,8,262144,65536,float,none,34.68,7.56,7.56,0,34.6,7.58,7.58,0,RING,SIMPLE,16,RING,SIMPLE,16,0,RING,A_flag_ceiling
broadcast_perf,1,8,524288,131072,float,none,51.02,10.28,10.28,0,51.44,10.19,10.19,0,RING,SIMPLE,16,RING,SIMPLE,16,0,RING,A_flag_ceiling
broadcast_perf,1,8,1048576,262144,float,none,61.04,17.18,17.18,0,60.34,17.38,17.38,0,RING,SIMPLE,16,RING,SIMPLE,16,0,RING,A_flag_ceiling
broadcast_perf,1,8,2097152,524288,float,none,76.49,27.42,27.42,0,76.52,27.41,27.41,0,RING,SIMPLE,16,RING,SIMPLE,16,0,RING,A_flag_ceiling
broadcast_perf,1,8,4194304,1048576,float,none,107.71,38.94,38.94,0,107.6,38.98,38.98,0,RING,SIMPLE,16,RING,SIMPLE,16,0,RING,A_flag_ceiling
broadcast_perf,1,8,8388608,2097152,float,none,187.29,44.79,44.79,0,186.52,44.97,44.97,0,RING,SIMPLE,16,RING,SIMPLE,16,0,RING,A_flag_ceiling
broadcast_perf,1,8,16777216,4194304,float,none,301.84,55.58,55.58,0,301.2,55.7,55.7,0,RING,SIMPLE,16,RING,SIMPLE,16,0,RING,A_flag_ceiling
broadcast_perf,1,8,33554432,8388608,float,none,546.36,61.41,61.41,0,545.53,61.51,61.51,0,RING,SIMPLE,16,RING,SIMPLE,16,0,RING,A_flag_ceiling
broadcast_perf,1,8,67108864,16777216,float,none,953.01,70.42,70.42,0,952.08,70.49,70.49,0,RING,SIMPLE,16,RING,SIMPLE,16,0,RING,A_flag_ceiling
broadcast_perf,1,8,134217728,33554432,float,none,1828.57,73.4,73.4,0,1827.32,73.45,73.45,0,RING,SIMPLE,16,RING,SIMPLE,16,0,RING,A_flag_ceiling
broadcast_perf,1,8,268435456,67108864,float,none,3431.24,78.23,78.23,0,3421.46,78.46,78.46,0,RING,SIMPLE,16,RING,SIMPLE,16,0,RING,A_flag_ceiling
broadcast_perf,1,8,536870912,134217728,float,none,6475.78,82.9,82.9,0,6482.04,82.82,82.82,0,RING,SIMPLE,16,RING,SIMPLE,16,0,RING,A_flag_ceiling
broadcast_perf,1,8,4096,1024,float,none,14.84,0.28,0.28,0,12.26,0.33,0.33,0,RING,LL,16,RING,LL,16,0,RING,A_flag_ceiling
broadcast_perf,1,8,8192,2048,float,none,14.61,0.56,0.56,0,11.65,0.7,0.7,0,RING,LL,16,RING,LL,16,0,RING,A_flag_ceiling
broadcast_perf,1,8,16384,4096,float,none,15.56,1.05,1.05,0,14.76,1.11,1.11,0,RING,LL,16,RING,LL,16,0,RING,A_flag_ceiling
broadcast_perf,1,8,32768,8192,float,none,14.47,2.26,2.26,0,15.44,2.12,2.12,0,RING,LL,16,RING,LL,16,0,RING,A_flag_ceiling
broadcast_perf,1,8,65536,16384,float,none,15.05,4.35,4.35,0,14.28,4.59,4.59,0,RING,LL,16,RING,LL,16,0,RING,A_flag_ceiling
broadcast_perf,1,8,131072,32768,float,none,17.22,7.61,7.61,0,18.75,6.99,6.99,0,RING,LL,16,RING,LL,16,0,RING,A_flag_ceiling
broadcast_perf,1,8,262144,65536,float,none,20.55,12.76,12.76,0,19.9,13.18,13.18,0,RING,LL,16,RING,LL,16,0,RING,A_flag_ceiling
broadcast_perf,1,8,524288,131072,float,none,26.65,19.67,19.67,0,26.82,19.55,19.55,0,RING,LL,16,RING,LL,16,0,RING,A_flag_ceiling
broadcast_perf,1,8,1048576,262144,float,none,40.17,26.1,26.1,0,40.3,26.02,26.02,0,RING,LL,16,RING,LL,16,0,RING,A_flag_ceiling
broadcast_perf,1,8,2097152,524288,float,none,67.19,31.21,31.21,0,67.22,31.2,31.2,0,RING,LL,16,RING,LL,16,0,RING,A_flag_ceiling
broadcast_perf,1,8,4194304,1048576,float,none,122.15,34.34,34.34,0,122.14,34.34,34.34,0,RING,LL,16,RING,LL,16,0,RING,A_flag_ceiling
broadcast_perf,1,8,8388608,2097152,float,none,232.3,36.11,36.11,0,231.46,36.24,36.24,0,RING,LL,16,RING,LL,16,0,RING,A_flag_ceiling
broadcast_perf,1,8,16777216,4194304,float,none,450.88,37.21,37.21,0,450.79,37.22,37.22,0,RING,LL,16,RING,LL,16,0,RING,A_flag_ceiling
broadcast_perf,1,8,33554432,8388608,float,none,898.27,37.35,37.35,0,897.49,37.39,37.39,0,RING,LL,16,RING,LL,16,0,RING,A_flag_ceiling
broadcast_perf,1,8,67108864,16777216,float,none,1835.39,36.56,36.56,0,1823.97,36.79,36.79,0,RING,LL,16,RING,LL,16,0,RING,A_flag_ceiling
broadcast_perf,1,8,134217728,33554432,float,none,3718.59,36.09,36.09,0,3684.65,36.43,36.43,0,RING,LL,16,RING,LL,16,0,RING,A_flag_ceiling
broadcast_perf,1,8,268435456,67108864,float,none,7481.2,35.88,35.88,0,7419.47,36.18,36.18,0,RING,LL,16,RING,LL,16,0,RING,A_flag_ceiling
broadcast_perf,1,8,536870912,134217728,float,none,14992.0,35.81,35.81,0,14865.8,36.11,36.11,0,RING,LL,16,RING,LL,16,0,RING,A_flag_ceiling
broadcast_perf,1,8,4096,1024,float,none,100.47,0.04,0.04,0,14.78,0.28,0.28,0,RING,SIMPLE,24,RING,SIMPLE,24,0,RING,A_flag_ceiling
broadcast_perf,1,8,8192,2048,float,none,15.07,0.54,0.54,0,13.15,0.62,0.62,0,RING,SIMPLE,24,RING,SIMPLE,24,0,RING,A_flag_ceiling
broadcast_perf,1,8,16384,4096,float,none,16.9,0.97,0.97,0,15.13,1.08,1.08,0,RING,SIMPLE,24,RING,SIMPLE,24,0,RING,A_flag_ceiling
broadcast_perf,1,8,32768,8192,float,none,16.06,2.04,2.04,0,15.09,2.17,2.17,0,RING,SIMPLE,24,RING,SIMPLE,24,0,RING,A_flag_ceiling
broadcast_perf,1,8,65536,16384,float,none,24.89,2.63,2.63,0,24.81,2.64,2.64,0,RING,SIMPLE,24,RING,SIMPLE,24,0,RING,A_flag_ceiling
broadcast_perf,1,8,131072,32768,float,none,35.41,3.7,3.7,0,33.64,3.9,3.9,0,RING,SIMPLE,24,RING,SIMPLE,24,0,RING,A_flag_ceiling
broadcast_perf,1,8,262144,65536,float,none,34.49,7.6,7.6,0,34.56,7.59,7.59,0,RING,SIMPLE,24,RING,SIMPLE,24,0,RING,A_flag_ceiling
broadcast_perf,1,8,524288,131072,float,none,51.05,10.27,10.27,0,51.37,10.21,10.21,0,RING,SIMPLE,24,RING,SIMPLE,24,0,RING,A_flag_ceiling
broadcast_perf,1,8,1048576,262144,float,none,57.12,18.36,18.36,0,56.86,18.44,18.44,0,RING,SIMPLE,24,RING,SIMPLE,24,0,RING,A_flag_ceiling
broadcast_perf,1,8,2097152,524288,float,none,68.84,30.47,30.47,0,69.0,30.39,30.39,0,RING,SIMPLE,24,RING,SIMPLE,24,0,RING,A_flag_ceiling
broadcast_perf,1,8,4194304,1048576,float,none,89.11,47.07,47.07,0,89.33,46.95,46.95,0,RING,SIMPLE,24,RING,SIMPLE,24,0,RING,A_flag_ceiling
broadcast_perf,1,8,8388608,2097152,float,none,132.82,63.16,63.16,0,132.42,63.35,63.35,0,RING,SIMPLE,24,RING,SIMPLE,24,0,RING,A_flag_ceiling
broadcast_perf,1,8,16777216,4194304,float,none,228.25,73.5,73.5,0,227.71,73.68,73.68,0,RING,SIMPLE,24,RING,SIMPLE,24,0,RING,A_flag_ceiling
broadcast_perf,1,8,33554432,8388608,float,none,374.04,89.71,89.71,0,373.43,89.85,89.85,0,RING,SIMPLE,24,RING,SIMPLE,24,0,RING,A_flag_ceiling
broadcast_perf,1,8,67108864,16777216,float,none,680.3,98.65,98.65,0,679.37,98.78,98.78,0,RING,SIMPLE,24,RING,SIMPLE,24,0,RING,A_flag_ceiling
broadcast_perf,1,8,134217728,33554432,float,none,1236.79,108.52,108.52,0,1232.91,108.86,108.86,0,RING,SIMPLE,24,RING,SIMPLE,24,0,RING,A_flag_ceiling
broadcast_perf,1,8,268435456,67108864,float,none,2320.06,115.7,115.7,0,2317.91,115.81,115.81,0,RING,SIMPLE,24,RING,SIMPLE,24,0,RING,A_flag_ceiling
broadcast_perf,1,8,536870912,134217728,float,none,4425.73,121.31,121.31,0,4432.21,121.13,121.13,0,RING,SIMPLE,24,RING,SIMPLE,24,0,RING,A_flag_ceiling
broadcast_perf,1,8,4096,1024,float,none,14.67,0.28,0.28,0,14.09,0.29,0.29,0,RING,LL,24,RING,LL,24,0,RING,A_flag_ceiling
broadcast_perf,1,8,8192,2048,float,none,13.73,0.6,0.6,0,13.15,0.62,0.62,0,RING,LL,24,RING,LL,24,0,RING,A_flag_ceiling
broadcast_perf,1,8,16384,4096,float,none,14.81,1.11,1.11,0,15.34,1.07,1.07,0,RING,LL,24,RING,LL,24,0,RING,A_flag_ceiling
broadcast_perf,1,8,32768,8192,float,none,15.83,2.07,2.07,0,15.81,2.07,2.07,0,RING,LL,24,RING,LL,24,0,RING,A_flag_ceiling
broadcast_perf,1,8,65536,16384,float,none,15.33,4.27,4.27,0,14.36,4.56,4.56,0,RING,LL,24,RING,LL,24,0,RING,A_flag_ceiling
broadcast_perf,1,8,131072,32768,float,none,19.02,6.89,6.89,0,16.75,7.82,7.82,0,RING,LL,24,RING,LL,24,0,RING,A_flag_ceiling
broadcast_perf,1,8,262144,65536,float,none,19.47,13.47,13.47,0,18.55,14.13,14.13,0,RING,LL,24,RING,LL,24,0,RING,A_flag_ceiling
broadcast_perf,1,8,524288,131072,float,none,23.88,21.96,21.96,0,23.89,21.95,21.95,0,RING,LL,24,RING,LL,24,0,RING,A_flag_ceiling
broadcast_perf,1,8,1048576,262144,float,none,34.35,30.53,30.53,0,33.2,31.58,31.58,0,RING,LL,24,RING,LL,24,0,RING,A_flag_ceiling
broadcast_perf,1,8,2097152,524288,float,none,51.44,40.77,40.77,0,51.07,41.06,41.06,0,RING,LL,24,RING,LL,24,0,RING,A_flag_ceiling
broadcast_perf,1,8,4194304,1048576,float,none,86.98,48.22,48.22,0,86.88,48.28,48.28,0,RING,LL,24,RING,LL,24,0,RING,A_flag_ceiling
broadcast_perf,1,8,8388608,2097152,float,none,161.49,51.95,51.95,0,160.38,52.3,52.3,0,RING,LL,24,RING,LL,24,0,RING,A_flag_ceiling
broadcast_perf,1,8,16777216,4194304,float,none,308.47,54.39,54.39,0,306.85,54.68,54.68,0,RING,LL,24,RING,LL,24,0,RING,A_flag_ceiling
broadcast_perf,1,8,33554432,8388608,float,none,612.72,54.76,54.76,0,609.48,55.05,55.05,0,RING,LL,24,RING,LL,24,0,RING,A_flag_ceiling
broadcast_perf,1,8,67108864,16777216,float,none,1246.24,53.85,53.85,0,1251.68,53.61,53.61,0,RING,LL,24,RING,LL,24,0,RING,A_flag_ceiling
broadcast_perf,1,8,134217728,33554432,float,none,2534.39,52.96,52.96,0,2526.36,53.13,53.13,0,RING,LL,24,RING,LL,24,0,RING,A_flag_ceiling
broadcast_perf,1,8,268435456,67108864,float,none,5061.95,53.03,53.03,0,5098.36,52.65,52.65,0,RING,LL,24,RING,LL,24,0,RING,A_flag_ceiling
broadcast_perf,1,8,536870912,134217728,float,none,10131.6,52.99,52.99,0,10187.8,52.7,52.7,0,RING,LL,24,RING,LL,24,0,RING,A_flag_ceiling
broadcast_perf,1,8,4096,1024,float,none,13.66,0.3,0.3,0,15.68,0.26,0.26,0,RING,SIMPLE,32,RING,SIMPLE,32,0,RING,A_flag_ceiling
broadcast_perf,1,8,8192,2048,float,none,14.91,0.55,0.55,0,12.78,0.64,0.64,0,RING,SIMPLE,32,RING,SIMPLE,32,0,RING,A_flag_ceiling
broadcast_perf,1,8,16384,4096,float,none,16.96,0.97,0.97,0,16.69,0.98,0.98,0,RING,SIMPLE,32,RING,SIMPLE,32,0,RING,A_flag_ceiling
broadcast_perf,1,8,32768,8192,float,none,16.56,1.98,1.98,0,14.75,2.22,2.22,0,RING,SIMPLE,32,RING,SIMPLE,32,0,RING,A_flag_ceiling
broadcast_perf,1,8,65536,16384,float,none,25.24,2.6,2.6,0,24.9,2.63,2.63,0,RING,SIMPLE,32,RING,SIMPLE,32,0,RING,A_flag_ceiling
broadcast_perf,1,8,131072,32768,float,none,35.36,3.71,3.71,0,34.27,3.82,3.82,0,RING,SIMPLE,32,RING,SIMPLE,32,0,RING,A_flag_ceiling
broadcast_perf,1,8,262144,65536,float,none,34.38,7.62,7.62,0,34.94,7.5,7.5,0,RING,SIMPLE,32,RING,SIMPLE,32,0,RING,A_flag_ceiling
broadcast_perf,1,8,524288,131072,float,none,35.58,14.74,14.74,0,35.83,14.63,14.63,0,RING,SIMPLE,32,RING,SIMPLE,32,0,RING,A_flag_ceiling
broadcast_perf,1,8,1048576,262144,float,none,54.73,19.16,19.16,0,53.97,19.43,19.43,0,RING,SIMPLE,32,RING,SIMPLE,32,0,RING,A_flag_ceiling
broadcast_perf,1,8,2097152,524288,float,none,63.33,33.11,33.11,0,63.41,33.07,33.07,0,RING,SIMPLE,32,RING,SIMPLE,32,0,RING,A_flag_ceiling
broadcast_perf,1,8,4194304,1048576,float,none,79.99,52.43,52.43,0,80.05,52.4,52.4,0,RING,SIMPLE,32,RING,SIMPLE,32,0,RING,A_flag_ceiling
broadcast_perf,1,8,8388608,2097152,float,none,112.18,74.78,74.78,0,111.94,74.94,74.94,0,RING,SIMPLE,32,RING,SIMPLE,32,0,RING,A_flag_ceiling
broadcast_perf,1,8,16777216,4194304,float,none,194.12,86.43,86.43,0,193.22,86.83,86.83,0,RING,SIMPLE,32,RING,SIMPLE,32,0,RING,A_flag_ceiling
broadcast_perf,1,8,33554432,8388608,float,none,304.79,110.09,110.09,0,303.97,110.39,110.39,0,RING,SIMPLE,32,RING,SIMPLE,32,0,RING,A_flag_ceiling
broadcast_perf,1,8,67108864,16777216,float,none,552.64,121.43,121.43,0,551.98,121.58,121.58,0,RING,SIMPLE,32,RING,SIMPLE,32,0,RING,A_flag_ceiling
broadcast_perf,1,8,134217728,33554432,float,none,974.68,137.7,137.7,0,972.77,137.97,137.97,0,RING,SIMPLE,32,RING,SIMPLE,32,0,RING,A_flag_ceiling
broadcast_perf,1,8,268435456,67108864,float,none,1825.27,147.07,147.07,0,1823.73,147.19,147.19,0,RING,SIMPLE,32,RING,SIMPLE,32,0,RING,A_flag_ceiling
broadcast_perf,1,8,536870912,134217728,float,none,3407.85,157.54,157.54,0,3410.19,157.43,157.43,0,RING,SIMPLE,32,RING,SIMPLE,32,0,RING,A_flag_ceiling
broadcast_perf,1,8,4096,1024,float,none,14.59,0.28,0.28,0,13.47,0.3,0.3,0,RING,LL,32,RING,LL,32,0,RING,A_flag_ceiling
broadcast_perf,1,8,8192,2048,float,none,14.48,0.57,0.57,0,13.21,0.62,0.62,0,RING,LL,32,RING,LL,32,0,RING,A_flag_ceiling
broadcast_perf,1,8,16384,4096,float,none,16.56,0.99,0.99,0,15.55,1.05,1.05,0,RING,LL,32,RING,LL,32,0,RING,A_flag_ceiling
broadcast_perf,1,8,32768,8192,float,none,14.7,2.23,2.23,0,16.68,1.96,1.96,0,RING,LL,32,RING,LL,32,0,RING,A_flag_ceiling
broadcast_perf,1,8,65536,16384,float,none,15.79,4.15,4.15,0,15.62,4.2,4.2,0,RING,LL,32,RING,LL,32,0,RING,A_flag_ceiling
broadcast_perf,1,8,131072,32768,float,none,19.09,6.86,6.86,0,17.68,7.41,7.41,0,RING,LL,32,RING,LL,32,0,RING,A_flag_ceiling
broadcast_perf,1,8,262144,65536,float,none,25.81,10.16,10.16,0,18.22,14.39,14.39,0,RING,LL,32,RING,LL,32,0,RING,A_flag_ceiling
broadcast_perf,1,8,524288,131072,float,none,20.5,25.58,25.58,0,20.61,25.43,25.43,0,RING,LL,32,RING,LL,32,0,RING,A_flag_ceiling
broadcast_perf,1,8,1048576,262144,float,none,30.37,34.53,34.53,0,28.78,36.44,36.44,0,RING,LL,32,RING,LL,32,0,RING,A_flag_ceiling
broadcast_perf,1,8,2097152,524288,float,none,41.42,50.63,50.63,0,41.81,50.16,50.16,0,RING,LL,32,RING,LL,32,0,RING,A_flag_ceiling
broadcast_perf,1,8,4194304,1048576,float,none,69.07,60.72,60.72,0,69.33,60.5,60.5,0,RING,LL,32,RING,LL,32,0,RING,A_flag_ceiling
broadcast_perf,1,8,8388608,2097152,float,none,125.61,66.78,66.78,0,125.13,67.04,67.04,0,RING,LL,32,RING,LL,32,0,RING,A_flag_ceiling
broadcast_perf,1,8,16777216,4194304,float,none,237.07,70.77,70.77,0,237.12,70.76,70.76,0,RING,LL,32,RING,LL,32,0,RING,A_flag_ceiling
broadcast_perf,1,8,33554432,8388608,float,none,471.99,71.09,71.09,0,472.51,71.01,71.01,0,RING,LL,32,RING,LL,32,0,RING,A_flag_ceiling
broadcast_perf,1,8,67108864,16777216,float,none,954.33,70.32,70.32,0,954.94,70.28,70.28,0,RING,LL,32,RING,LL,32,0,RING,A_flag_ceiling
broadcast_perf,1,8,134217728,33554432,float,none,1922.87,69.8,69.8,0,1922.64,69.81,69.81,0,RING,LL,32,RING,LL,32,0,RING,A_flag_ceiling
broadcast_perf,1,8,268435456,67108864,float,none,3855.47,69.62,69.62,0,3858.42,69.57,69.57,0,RING,LL,32,RING,LL,32,0,RING,A_flag_ceiling
broadcast_perf,1,8,536870912,134217728,float,none,7709.68,69.64,69.64,0,7708.76,69.64,69.64,0,RING,LL,32,RING,LL,32,0,RING,A_flag_ceiling
broadcast_perf,1,8,4096,1024,float,none,14.89,0.28,0.28,0,15.03,0.27,0.27,0,RING,SIMPLE,40,RING,SIMPLE,40,0,RING,A_flag_ceiling
broadcast_perf,1,8,8192,2048,float,none,12.32,0.66,0.66,0,12.04,0.68,0.68,0,RING,SIMPLE,40,RING,SIMPLE,40,0,RING,A_flag_ceiling
broadcast_perf,1,8,16384,4096,float,none,17.09,0.96,0.96,0,15.41,1.06,1.06,0,RING,SIMPLE,40,RING,SIMPLE,40,0,RING,A_flag_ceiling
broadcast_perf,1,8,32768,8192,float,none,17.45,1.88,1.88,0,13.51,2.43,2.43,0,RING,SIMPLE,40,RING,SIMPLE,40,0,RING,A_flag_ceiling
broadcast_perf,1,8,65536,16384,float,none,24.9,2.63,2.63,0,24.74,2.65,2.65,0,RING,SIMPLE,40,RING,SIMPLE,40,0,RING,A_flag_ceiling
broadcast_perf,1,8,131072,32768,float,none,35.1,3.73,3.73,0,33.56,3.91,3.91,0,RING,SIMPLE,40,RING,SIMPLE,40,0,RING,A_flag_ceiling
broadcast_perf,1,8,262144,65536,float,none,34.07,7.69,7.69,0,34.54,7.59,7.59,0,RING,SIMPLE,40,RING,SIMPLE,40,0,RING,A_flag_ceiling
broadcast_perf,1,8,524288,131072,float,none,35.54,14.75,14.75,0,35.79,14.65,14.65,0,RING,SIMPLE,40,RING,SIMPLE,40,0,RING,A_flag_ceiling
broadcast_perf,1,8,1048576,262144,float,none,54.35,19.29,19.29,0,54.09,19.38,19.38,0,RING,SIMPLE,40,RING,SIMPLE,40,0,RING,A_flag_ceiling
broadcast_perf,1,8,2097152,524288,float,none,63.4,33.08,33.08,0,63.54,33.01,33.01,0,RING,SIMPLE,40,RING,SIMPLE,40,0,RING,A_flag_ceiling
broadcast_perf,1,8,4194304,1048576,float,none,76.77,54.63,54.63,0,76.68,54.7,54.7,0,RING,SIMPLE,40,RING,SIMPLE,40,0,RING,A_flag_ceiling
broadcast_perf,1,8,8388608,2097152,float,none,101.66,82.52,82.52,0,101.09,82.98,82.98,0,RING,SIMPLE,40,RING,SIMPLE,40,0,RING,A_flag_ceiling
broadcast_perf,1,8,16777216,4194304,float,none,154.07,108.89,108.89,0,154.02,108.93,108.93,0,RING,SIMPLE,40,RING,SIMPLE,40,0,RING,A_flag_ceiling
broadcast_perf,1,8,33554432,8388608,float,none,264.95,126.64,126.64,0,264.1,127.05,127.05,0,RING,SIMPLE,40,RING,SIMPLE,40,0,RING,A_flag_ceiling
broadcast_perf,1,8,67108864,16777216,float,none,444.9,150.84,150.84,0,444.79,150.88,150.88,0,RING,SIMPLE,40,RING,SIMPLE,40,0,RING,A_flag_ceiling
broadcast_perf,1,8,134217728,33554432,float,none,812.99,165.09,165.09,0,811.52,165.39,165.39,0,RING,SIMPLE,40,RING,SIMPLE,40,0,RING,A_flag_ceiling
broadcast_perf,1,8,268435456,67108864,float,none,1485.45,180.71,180.71,0,1485.54,180.7,180.7,0,RING,SIMPLE,40,RING,SIMPLE,40,0,RING,A_flag_ceiling
broadcast_perf,1,8,536870912,134217728,float,none,2818.74,190.47,190.47,0,2817.64,190.54,190.54,0,RING,SIMPLE,40,RING,SIMPLE,40,0,RING,A_flag_ceiling
broadcast_perf,1,8,4096,1024,float,none,15.19,0.27,0.27,0,12.76,0.32,0.32,0,RING,LL,40,RING,LL,40,0,RING,A_flag_ceiling
broadcast_perf,1,8,8192,2048,float,none,15.36,0.53,0.53,0,11.63,0.7,0.7,0,RING,LL,40,RING,LL,40,0,RING,A_flag_ceiling
broadcast_perf,1,8,16384,4096,float,none,15.95,1.03,1.03,0,16.11,1.02,1.02,0,RING,LL,40,RING,LL,40,0,RING,A_flag_ceiling
broadcast_perf,1,8,32768,8192,float,none,16.09,2.04,2.04,0,14.11,2.32,2.32,0,RING,LL,40,RING,LL,40,0,RING,A_flag_ceiling
broadcast_perf,1,8,65536,16384,float,none,15.04,4.36,4.36,0,14.71,4.45,4.45,0,RING,LL,40,RING,LL,40,0,RING,A_flag_ceiling
broadcast_perf,1,8,131072,32768,float,none,17.76,7.38,7.38,0,17.44,7.52,7.52,0,RING,LL,40,RING,LL,40,0,RING,A_flag_ceiling
broadcast_perf,1,8,262144,65536,float,none,16.84,15.57,15.57,0,17.95,14.6,14.6,0,RING,LL,40,RING,LL,40,0,RING,A_flag_ceiling
broadcast_perf,1,8,524288,131072,float,none,20.56,25.5,25.5,0,20.48,25.6,25.6,0,RING,LL,40,RING,LL,40,0,RING,A_flag_ceiling
broadcast_perf,1,8,1048576,262144,float,none,28.49,36.8,36.8,0,27.19,38.56,38.56,0,RING,LL,40,RING,LL,40,0,RING,A_flag_ceiling
broadcast_perf,1,8,2097152,524288,float,none,37.13,56.48,56.48,0,37.3,56.23,56.23,0,RING,LL,40,RING,LL,40,0,RING,A_flag_ceiling
broadcast_perf,1,8,4194304,1048576,float,none,59.74,70.2,70.2,0,59.84,70.09,70.09,0,RING,LL,40,RING,LL,40,0,RING,A_flag_ceiling
broadcast_perf,1,8,8388608,2097152,float,none,105.77,79.31,79.31,0,105.61,79.43,79.43,0,RING,LL,40,RING,LL,40,0,RING,A_flag_ceiling
broadcast_perf,1,8,16777216,4194304,float,none,196.09,85.56,85.56,0,196.26,85.49,85.49,0,RING,LL,40,RING,LL,40,0,RING,A_flag_ceiling
broadcast_perf,1,8,33554432,8388608,float,none,386.67,86.78,86.78,0,386.5,86.82,86.82,0,RING,LL,40,RING,LL,40,0,RING,A_flag_ceiling
broadcast_perf,1,8,67108864,16777216,float,none,776.97,86.37,86.37,0,781.07,85.92,85.92,0,RING,LL,40,RING,LL,40,0,RING,A_flag_ceiling
broadcast_perf,1,8,134217728,33554432,float,none,1568.01,85.6,85.6,0,1569.97,85.49,85.49,0,RING,LL,40,RING,LL,40,0,RING,A_flag_ceiling
broadcast_perf,1,8,268435456,67108864,float,none,3138.81,85.52,85.52,0,3153.19,85.13,85.13,0,RING,LL,40,RING,LL,40,0,RING,A_flag_ceiling
broadcast_perf,1,8,536870912,134217728,float,none,6273.23,85.58,85.58,0,6277.72,85.52,85.52,0,RING,LL,40,RING,LL,40,0,RING,A_flag_ceiling
broadcast_perf,1,8,4096,1024,float,none,16.61,0.25,0.25,0,15.77,0.26,0.26,0,RING,SIMPLE,48,RING,SIMPLE,48,0,RING,A_flag_ceiling
broadcast_perf,1,8,8192,2048,float,none,18.12,0.45,0.45,0,12.0,0.68,0.68,0,RING,SIMPLE,48,RING,SIMPLE,48,0,RING,A_flag_ceiling
broadcast_perf,1,8,16384,4096,float,none,16.59,0.99,0.99,0,13.78,1.19,1.19,0,RING,SIMPLE,48,RING,SIMPLE,48,0,RING,A_flag_ceiling
broadcast_perf,1,8,32768,8192,float,none,16.05,2.04,2.04,0,14.17,2.31,2.31,0,RING,SIMPLE,48,RING,SIMPLE,48,0,RING,A_flag_ceiling
broadcast_perf,1,8,65536,16384,float,none,24.87,2.64,2.64,0,24.74,2.65,2.65,0,RING,SIMPLE,48,RING,SIMPLE,48,0,RING,A_flag_ceiling
broadcast_perf,1,8,131072,32768,float,none,34.21,3.83,3.83,0,33.73,3.89,3.89,0,RING,SIMPLE,48,RING,SIMPLE,48,0,RING,A_flag_ceiling
broadcast_perf,1,8,262144,65536,float,none,34.1,7.69,7.69,0,34.5,7.6,7.6,0,RING,SIMPLE,48,RING,SIMPLE,48,0,RING,A_flag_ceiling
broadcast_perf,1,8,524288,131072,float,none,35.46,14.78,14.78,0,35.82,14.64,14.64,0,RING,SIMPLE,48,RING,SIMPLE,48,0,RING,A_flag_ceiling
broadcast_perf,1,8,1048576,262144,float,none,53.49,19.6,19.6,0,54.02,19.41,19.41,0,RING,SIMPLE,48,RING,SIMPLE,48,0,RING,A_flag_ceiling
broadcast_perf,1,8,2097152,524288,float,none,60.08,34.91,34.91,0,60.18,34.85,34.85,0,RING,SIMPLE,48,RING,SIMPLE,48,0,RING,A_flag_ceiling
broadcast_perf,1,8,4194304,1048576,float,none,72.9,57.54,57.54,0,72.6,57.77,57.77,0,RING,SIMPLE,48,RING,SIMPLE,48,0,RING,A_flag_ceiling
broadcast_perf,1,8,8388608,2097152,float,none,94.26,89.0,89.0,0,93.77,89.46,89.46,0,RING,SIMPLE,48,RING,SIMPLE,48,0,RING,A_flag_ceiling
broadcast_perf,1,8,16777216,4194304,float,none,139.3,120.44,120.44,0,138.94,120.75,120.75,0,RING,SIMPLE,48,RING,SIMPLE,48,0,RING,A_flag_ceiling
broadcast_perf,1,8,33554432,8388608,float,none,232.08,144.58,144.58,0,231.4,145.01,145.01,0,RING,SIMPLE,48,RING,SIMPLE,48,0,RING,A_flag_ceiling
broadcast_perf,1,8,67108864,16777216,float,none,384.7,174.44,174.44,0,384.14,174.7,174.7,0,RING,SIMPLE,48,RING,SIMPLE,48,0,RING,A_flag_ceiling
broadcast_perf,1,8,134217728,33554432,float,none,697.95,192.3,192.3,0,696.96,192.58,192.58,0,RING,SIMPLE,48,RING,SIMPLE,48,0,RING,A_flag_ceiling
broadcast_perf,1,8,268435456,67108864,float,none,1261.16,212.85,212.85,0,1260.92,212.89,212.89,0,RING,SIMPLE,48,RING,SIMPLE,48,0,RING,A_flag_ceiling
broadcast_perf,1,8,536870912,134217728,float,none,2399.62,223.73,223.73,0,2396.78,224.0,224.0,0,RING,SIMPLE,48,RING,SIMPLE,48,0,RING,A_flag_ceiling
broadcast_perf,1,8,4096,1024,float,none,14.17,0.29,0.29,0,13.22,0.31,0.31,0,RING,LL,48,RING,LL,48,0,RING,A_flag_ceiling
broadcast_perf,1,8,8192,2048,float,none,14.15,0.58,0.58,0,11.96,0.68,0.68,0,RING,LL,48,RING,LL,48,0,RING,A_flag_ceiling
broadcast_perf,1,8,16384,4096,float,none,13.71,1.19,1.19,0,15.63,1.05,1.05,0,RING,LL,48,RING,LL,48,0,RING,A_flag_ceiling
broadcast_perf,1,8,32768,8192,float,none,17.14,1.91,1.91,0,15.48,2.12,2.12,0,RING,LL,48,RING,LL,48,0,RING,A_flag_ceiling
broadcast_perf,1,8,65536,16384,float,none,15.12,4.34,4.34,0,14.38,4.56,4.56,0,RING,LL,48,RING,LL,48,0,RING,A_flag_ceiling
broadcast_perf,1,8,131072,32768,float,none,16.16,8.11,8.11,0,17.96,7.3,7.3,0,RING,LL,48,RING,LL,48,0,RING,A_flag_ceiling
broadcast_perf,1,8,262144,65536,float,none,16.99,15.43,15.43,0,18.1,14.48,14.48,0,RING,LL,48,RING,LL,48,0,RING,A_flag_ceiling
broadcast_perf,1,8,524288,131072,float,none,18.86,27.81,27.81,0,18.95,27.66,27.66,0,RING,LL,48,RING,LL,48,0,RING,A_flag_ceiling
broadcast_perf,1,8,1048576,262144,float,none,25.39,41.3,41.3,0,26.36,39.78,39.78,0,RING,LL,48,RING,LL,48,0,RING,A_flag_ceiling
broadcast_perf,1,8,2097152,524288,float,none,33.87,61.92,61.92,0,34.31,61.12,61.12,0,RING,LL,48,RING,LL,48,0,RING,A_flag_ceiling
broadcast_perf,1,8,4194304,1048576,float,none,53.64,78.2,78.2,0,53.71,78.09,78.09,0,RING,LL,48,RING,LL,48,0,RING,A_flag_ceiling
broadcast_perf,1,8,8388608,2097152,float,none,91.53,91.65,91.65,0,91.49,91.69,91.69,0,RING,LL,48,RING,LL,48,0,RING,A_flag_ceiling
broadcast_perf,1,8,16777216,4194304,float,none,168.58,99.52,99.52,0,168.89,99.34,99.34,0,RING,LL,48,RING,LL,48,0,RING,A_flag_ceiling
broadcast_perf,1,8,33554432,8388608,float,none,330.1,101.65,101.65,0,329.42,101.86,101.86,0,RING,LL,48,RING,LL,48,0,RING,A_flag_ceiling
broadcast_perf,1,8,67108864,16777216,float,none,655.42,102.39,102.39,0,655.62,102.36,102.36,0,RING,LL,48,RING,LL,48,0,RING,A_flag_ceiling
broadcast_perf,1,8,134217728,33554432,float,none,1309.24,102.52,102.52,0,1307.1,102.68,102.68,0,RING,LL,48,RING,LL,48,0,RING,A_flag_ceiling
broadcast_perf,1,8,268435456,67108864,float,none,2621.06,102.41,102.41,0,2620.11,102.45,102.45,0,RING,LL,48,RING,LL,48,0,RING,A_flag_ceiling
broadcast_perf,1,8,536870912,134217728,float,none,5197.58,103.29,103.29,0,5192.28,103.4,103.4,0,RING,LL,48,RING,LL,48,0,RING,A_flag_ceiling
broadcast_perf,1,8,4096,1024,float,none,17.65,0.23,0.23,0,14.84,0.28,0.28,0,RING,SIMPLE,56,RING,SIMPLE,56,0,RING,A_flag_ceiling
broadcast_perf,1,8,8192,2048,float,none,13.34,0.61,0.61,0,14.31,0.57,0.57,0,RING,SIMPLE,56,RING,SIMPLE,56,0,RING,A_flag_ceiling
broadcast_perf,1,8,16384,4096,float,none,16.97,0.97,0.97,0,16.42,1.0,1.0,0,RING,SIMPLE,56,RING,SIMPLE,56,0,RING,A_flag_ceiling
broadcast_perf,1,8,32768,8192,float,none,15.89,2.06,2.06,0,15.62,2.1,2.1,0,RING,SIMPLE,56,RING,SIMPLE,56,0,RING,A_flag_ceiling
broadcast_perf,1,8,65536,16384,float,none,24.78,2.64,2.64,0,24.66,2.66,2.66,0,RING,SIMPLE,56,RING,SIMPLE,56,0,RING,A_flag_ceiling
broadcast_perf,1,8,131072,32768,float,none,35.02,3.74,3.74,0,33.56,3.91,3.91,0,RING,SIMPLE,56,RING,SIMPLE,56,0,RING,A_flag_ceiling
broadcast_perf,1,8,262144,65536,float,none,34.33,7.63,7.63,0,34.64,7.57,7.57,0,RING,SIMPLE,56,RING,SIMPLE,56,0,RING,A_flag_ceiling
broadcast_perf,1,8,524288,131072,float,none,35.42,14.8,14.8,0,35.83,14.63,14.63,0,RING,SIMPLE,56,RING,SIMPLE,56,0,RING,A_flag_ceiling
broadcast_perf,1,8,1048576,262144,float,none,54.52,19.23,19.23,0,53.86,19.47,19.47,0,RING,SIMPLE,56,RING,SIMPLE,56,0,RING,A_flag_ceiling
broadcast_perf,1,8,2097152,524288,float,none,59.9,35.01,35.01,0,59.94,34.99,34.99,0,RING,SIMPLE,56,RING,SIMPLE,56,0,RING,A_flag_ceiling
broadcast_perf,1,8,4194304,1048576,float,none,69.51,60.34,60.34,0,69.27,60.55,60.55,0,RING,SIMPLE,56,RING,SIMPLE,56,0,RING,A_flag_ceiling
broadcast_perf,1,8,8388608,2097152,float,none,90.35,92.85,92.85,0,89.91,93.3,93.3,0,RING,SIMPLE,56,RING,SIMPLE,56,0,RING,A_flag_ceiling
broadcast_perf,1,8,16777216,4194304,float,none,128.6,130.46,130.46,0,128.33,130.73,130.73,0,RING,SIMPLE,56,RING,SIMPLE,56,0,RING,A_flag_ceiling
broadcast_perf,1,8,33554432,8388608,float,none,213.85,156.91,156.91,0,213.84,156.91,156.91,0,RING,SIMPLE,56,RING,SIMPLE,56,0,RING,A_flag_ceiling
broadcast_perf,1,8,67108864,16777216,float,none,348.04,192.82,192.82,0,347.25,193.26,193.26,0,RING,SIMPLE,56,RING,SIMPLE,56,0,RING,A_flag_ceiling
broadcast_perf,1,8,134217728,33554432,float,none,629.41,213.24,213.24,0,630.93,212.73,212.73,0,RING,SIMPLE,56,RING,SIMPLE,56,0,RING,A_flag_ceiling
broadcast_perf,1,8,268435456,67108864,float,none,1120.62,239.54,239.54,0,1120.56,239.56,239.56,0,RING,SIMPLE,56,RING,SIMPLE,56,0,RING,A_flag_ceiling
broadcast_perf,1,8,536870912,134217728,float,none,2113.65,254.0,254.0,0,2118.62,253.41,253.41,0,RING,SIMPLE,56,RING,SIMPLE,56,0,RING,A_flag_ceiling
broadcast_perf,1,8,4096,1024,float,none,14.99,0.27,0.27,0,14.44,0.28,0.28,0,RING,LL,56,RING,LL,56,0,RING,A_flag_ceiling
broadcast_perf,1,8,8192,2048,float,none,14.44,0.57,0.57,0,11.48,0.71,0.71,0,RING,LL,56,RING,LL,56,0,RING,A_flag_ceiling
broadcast_perf,1,8,16384,4096,float,none,13.33,1.23,1.23,0,16.15,1.01,1.01,0,RING,LL,56,RING,LL,56,0,RING,A_flag_ceiling
broadcast_perf,1,8,32768,8192,float,none,16.06,2.04,2.04,0,16.56,1.98,1.98,0,RING,LL,56,RING,LL,56,0,RING,A_flag_ceiling
broadcast_perf,1,8,65536,16384,float,none,14.54,4.51,4.51,0,15.12,4.33,4.33,0,RING,LL,56,RING,LL,56,0,RING,A_flag_ceiling
broadcast_perf,1,8,131072,32768,float,none,18.02,7.27,7.27,0,17.07,7.68,7.68,0,RING,LL,56,RING,LL,56,0,RING,A_flag_ceiling
broadcast_perf,1,8,262144,65536,float,none,17.08,15.34,15.34,0,18.01,14.56,14.56,0,RING,LL,56,RING,LL,56,0,RING,A_flag_ceiling
broadcast_perf,1,8,524288,131072,float,none,19.03,27.55,27.55,0,19.25,27.24,27.24,0,RING,LL,56,RING,LL,56,0,RING,A_flag_ceiling
broadcast_perf,1,8,1048576,262144,float,none,23.84,43.98,43.98,0,24.32,43.12,43.12,0,RING,LL,56,RING,LL,56,0,RING,A_flag_ceiling
broadcast_perf,1,8,2097152,524288,float,none,32.62,64.3,64.3,0,32.74,64.05,64.05,0,RING,LL,56,RING,LL,56,0,RING,A_flag_ceiling
broadcast_perf,1,8,4194304,1048576,float,none,48.89,85.78,85.78,0,48.91,85.75,85.75,0,RING,LL,56,RING,LL,56,0,RING,A_flag_ceiling
broadcast_perf,1,8,8388608,2097152,float,none,81.92,102.4,102.4,0,81.94,102.37,102.37,0,RING,LL,56,RING,LL,56,0,RING,A_flag_ceiling
broadcast_perf,1,8,16777216,4194304,float,none,149.23,112.43,112.43,0,149.22,112.43,112.43,0,RING,LL,56,RING,LL,56,0,RING,A_flag_ceiling
broadcast_perf,1,8,33554432,8388608,float,none,292.26,114.81,114.81,0,291.2,115.23,115.23,0,RING,LL,56,RING,LL,56,0,RING,A_flag_ceiling
broadcast_perf,1,8,67108864,16777216,float,none,575.99,116.51,116.51,0,578.35,116.04,116.04,0,RING,LL,56,RING,LL,56,0,RING,A_flag_ceiling
broadcast_perf,1,8,134217728,33554432,float,none,1153.6,116.35,116.35,0,1154.06,116.3,116.3,0,RING,LL,56,RING,LL,56,0,RING,A_flag_ceiling
broadcast_perf,1,8,268435456,67108864,float,none,2297.58,116.83,116.83,0,2312.56,116.08,116.08,0,RING,LL,56,RING,LL,56,0,RING,A_flag_ceiling
broadcast_perf,1,8,536870912,134217728,float,none,4564.96,117.61,117.61,0,4565.03,117.61,117.61,0,RING,LL,56,RING,LL,56,0,RING,A_flag_ceiling
