collective,num_nodes,num_gpus,size_bytes,count,data_type,redop,time_oop_us,algbw_oop,busbw_oop,errors_oop,time_ip_us,algbw_ip,busbw_ip,errors_ip,algo,proto,nchannels,requested_algo,requested_proto,requested_nchannels,substituted,measured_algo_raw,nchannels_source
reduce_perf,3,24,4096,1024,float,sum,34.24,0.12,0.12,0,34.03,0.12,0.12,0,RING,SIMPLE,1,RING,SIMPLE,1,0,RING,A_flag_ceiling
reduce_perf,3,24,8192,2048,float,sum,34.23,0.24,0.24,0,33.62,0.24,0.24,0,RING,SIMPLE,1,RING,SIMPLE,1,0,RING,A_flag_ceiling
reduce_perf,3,24,16384,4096,float,sum,42.68,0.38,0.38,0,36.52,0.45,0.45,0,RING,SIMPLE,1,RING,SIMPLE,1,0,RING,A_flag_ceiling
reduce_perf,3,24,32768,8192,float,sum,43.94,0.75,0.75,0,35.68,0.92,0.92,0,RING,SIMPLE,1,RING,SIMPLE,1,0,RING,A_flag_ceiling
reduce_perf,3,24,65536,16384,float,sum,41.83,1.57,1.57,0,43.25,1.52,1.52,0,RING,SIMPLE,1,RING,SIMPLE,1,0,RING,A_flag_ceiling
reduce_perf,3,24,131072,32768,float,sum,52.69,2.49,2.49,0,71.74,1.83,1.83,0,RING,SIMPLE,1,RING,SIMPLE,1,0,RING,A_flag_ceiling
reduce_perf,3,24,262144,65536,float,sum,73.19,3.58,3.58,0,73.64,3.56,3.56,0,RING,SIMPLE,1,RING,SIMPLE,1,0,RING,A_flag_ceiling
reduce_perf,3,24,524288,131072,float,sum,85.8,6.11,6.11,0,87.01,6.03,6.03,0,RING,SIMPLE,1,RING,SIMPLE,1,0,RING,A_flag_ceiling
reduce_perf,3,24,1048576,262144,float,sum,140.01,7.49,7.49,0,138.17,7.59,7.59,0,RING,SIMPLE,1,RING,SIMPLE,1,0,RING,A_flag_ceiling
reduce_perf,3,24,2097152,524288,float,sum,209.55,10.01,10.01,0,210.24,9.98,9.98,0,RING,SIMPLE,1,RING,SIMPLE,1,0,RING,A_flag_ceiling
reduce_perf,3,24,4194304,1048576,float,sum,379.36,11.06,11.06,0,400.06,10.48,10.48,0,RING,SIMPLE,1,RING,SIMPLE,1,0,RING,A_flag_ceiling
reduce_perf,3,24,8388608,2097152,float,sum,677.85,12.38,12.38,0,630.8,13.3,13.3,0,RING,SIMPLE,1,RING,SIMPLE,1,0,RING,A_flag_ceiling
reduce_perf,3,24,16777216,4194304,float,sum,1274.88,13.16,13.16,0,1256.07,13.36,13.36,0,RING,SIMPLE,1,RING,SIMPLE,1,0,RING,A_flag_ceiling
reduce_perf,3,24,33554432,8388608,float,sum,2424.27,13.84,13.84,0,2358.53,14.23,14.23,0,RING,SIMPLE,1,RING,SIMPLE,1,0,RING,A_flag_ceiling
reduce_perf,3,24,67108864,16777216,float,sum,4873.88,13.77,13.77,0,4790.88,14.01,14.01,0,RING,SIMPLE,1,RING,SIMPLE,1,0,RING,A_flag_ceiling
reduce_perf,3,24,134217728,33554432,float,sum,9761.7,13.75,13.75,0,9612.0,13.96,13.96,0,RING,SIMPLE,1,RING,SIMPLE,1,0,RING,A_flag_ceiling
reduce_perf,3,24,268435456,67108864,float,sum,19262.1,13.94,13.94,0,19409.0,13.83,13.83,0,RING,SIMPLE,1,RING,SIMPLE,1,0,RING,A_flag_ceiling
reduce_perf,3,24,536870912,134217728,float,sum,38612.0,13.9,13.9,0,38774.2,13.85,13.85,0,RING,SIMPLE,1,RING,SIMPLE,1,0,RING,A_flag_ceiling
reduce_perf,3,24,4096,1024,float,sum,32.8,0.12,0.12,0,30.31,0.14,0.14,0,RING,LL,1,RING,LL,1,0,RING,A_flag_ceiling
reduce_perf,3,24,8192,2048,float,sum,32.78,0.25,0.25,0,32.98,0.25,0.25,0,RING,LL,1,RING,LL,1,0,RING,A_flag_ceiling
reduce_perf,3,24,16384,4096,float,sum,36.15,0.45,0.45,0,32.47,0.5,0.5,0,RING,LL,1,RING,LL,1,0,RING,A_flag_ceiling
reduce_perf,3,24,32768,8192,float,sum,42.43,0.77,0.77,0,48.12,0.68,0.68,0,RING,LL,1,RING,LL,1,0,RING,A_flag_ceiling
reduce_perf,3,24,65536,16384,float,sum,50.71,1.29,1.29,0,54.17,1.21,1.21,0,RING,LL,1,RING,LL,1,0,RING,A_flag_ceiling
reduce_perf,3,24,131072,32768,float,sum,80.05,1.64,1.64,0,80.17,1.63,1.63,0,RING,LL,1,RING,LL,1,0,RING,A_flag_ceiling
reduce_perf,3,24,262144,65536,float,sum,134.9,1.94,1.94,0,134.97,1.94,1.94,0,RING,LL,1,RING,LL,1,0,RING,A_flag_ceiling
reduce_perf,3,24,524288,131072,float,sum,264.15,1.98,1.98,0,261.17,2.01,2.01,0,RING,LL,1,RING,LL,1,0,RING,A_flag_ceiling
reduce_perf,3,24,1048576,262144,float,sum,515.85,2.03,2.03,0,503.3,2.08,2.08,0,RING,LL,1,RING,LL,1,0,RING,A_flag_ceiling
reduce_perf,3,24,2097152,524288,float,sum,1021.94,2.05,2.05,0,1002.85,2.09,2.09,0,RING,LL,1,RING,LL,1,0,RING,A_flag_ceiling
reduce_perf,3,24,4194304,1048576,float,sum,1993.05,2.1,2.1,0,1991.04,2.11,2.11,0,RING,LL,1,RING,LL,1,0,RING,A_flag_ceiling
reduce_perf,3,24,8388608,2097152,float,sum,3956.41,2.12,2.12,0,3962.63,2.12,2.12,0,RING,LL,1,RING,LL,1,0,RING,A_flag_ceiling
reduce_perf,3,24,16777216,4194304,float,sum,7905.73,2.12,2.12,0,7853.01,2.14,2.14,0,RING,LL,1,RING,LL,1,0,RING,A_flag_ceiling
reduce_perf,3,24,33554432,8388608,float,sum,15762.1,2.13,2.13,0,15788.2,2.13,2.13,0,RING,LL,1,RING,LL,1,0,RING,A_flag_ceiling
reduce_perf,3,24,67108864,16777216,float,sum,31577.3,2.13,2.13,0,31602.8,2.12,2.12,0,RING,LL,1,RING,LL,1,0,RING,A_flag_ceiling
reduce_perf,3,24,134217728,33554432,float,sum,62874.3,2.13,2.13,0,63601.5,2.11,2.11,0,RING,LL,1,RING,LL,1,0,RING,A_flag_ceiling
reduce_perf,3,24,268435456,67108864,float,sum,126198.0,2.13,2.13,0,125863.0,2.13,2.13,0,RING,LL,1,RING,LL,1,0,RING,A_flag_ceiling
reduce_perf,3,24,536870912,134217728,float,sum,251092.0,2.14,2.14,0,251233.0,2.14,2.14,0,RING,LL,1,RING,LL,1,0,RING,A_flag_ceiling
reduce_perf,3,24,4096,1024,float,sum,38.73,0.11,0.11,0,39.25,0.1,0.1,0,RING,LL128,1,RING,LL128,1,0,RING,A_flag_ceiling
reduce_perf,3,24,8192,2048,float,sum,33.6,0.24,0.24,0,37.8,0.22,0.22,0,RING,LL128,1,RING,LL128,1,0,RING,A_flag_ceiling
reduce_perf,3,24,16384,4096,float,sum,44.45,0.37,0.37,0,39.48,0.42,0.42,0,RING,LL128,1,RING,LL128,1,0,RING,A_flag_ceiling
reduce_perf,3,24,32768,8192,float,sum,40.88,0.8,0.8,0,40.84,0.8,0.8,0,RING,LL128,1,RING,LL128,1,0,RING,A_flag_ceiling
reduce_perf,3,24,65536,16384,float,sum,42.75,1.53,1.53,0,43.71,1.5,1.5,0,RING,LL128,1,RING,LL128,1,0,RING,A_flag_ceiling
reduce_perf,3,24,131072,32768,float,sum,59.4,2.21,2.21,0,50.55,2.59,2.59,0,RING,LL128,1,RING,LL128,1,0,RING,A_flag_ceiling
reduce_perf,3,24,262144,65536,float,sum,64.7,4.05,4.05,0,74.61,3.51,3.51,0,RING,LL128,1,RING,LL128,1,0,RING,A_flag_ceiling
reduce_perf,3,24,524288,131072,float,sum,106.98,4.9,4.9,0,105.02,4.99,4.99,0,RING,LL128,1,RING,LL128,1,0,RING,A_flag_ceiling
reduce_perf,3,24,1048576,262144,float,sum,167.42,6.26,6.26,0,165.62,6.33,6.33,0,RING,LL128,1,RING,LL128,1,0,RING,A_flag_ceiling
reduce_perf,3,24,2097152,524288,float,sum,319.99,6.55,6.55,0,309.81,6.77,6.77,0,RING,LL128,1,RING,LL128,1,0,RING,A_flag_ceiling
reduce_perf,3,24,4194304,1048576,float,sum,527.49,7.95,7.95,0,564.74,7.43,7.43,0,RING,LL128,1,RING,LL128,1,0,RING,A_flag_ceiling
reduce_perf,3,24,8388608,2097152,float,sum,1030.38,8.14,8.14,0,1057.05,7.94,7.94,0,RING,LL128,1,RING,LL128,1,0,RING,A_flag_ceiling
reduce_perf,3,24,16777216,4194304,float,sum,2066.5,8.12,8.12,0,2026.59,8.28,8.28,0,RING,LL128,1,RING,LL128,1,0,RING,A_flag_ceiling
reduce_perf,3,24,33554432,8388608,float,sum,3856.87,8.7,8.7,0,3831.19,8.76,8.76,0,RING,LL128,1,RING,LL128,1,0,RING,A_flag_ceiling
reduce_perf,3,24,67108864,16777216,float,sum,7684.41,8.73,8.73,0,7609.98,8.82,8.82,0,RING,LL128,1,RING,LL128,1,0,RING,A_flag_ceiling
reduce_perf,3,24,134217728,33554432,float,sum,15354.6,8.74,8.74,0,15328.5,8.76,8.76,0,RING,LL128,1,RING,LL128,1,0,RING,A_flag_ceiling
reduce_perf,3,24,268435456,67108864,float,sum,30521.3,8.8,8.8,0,30508.6,8.8,8.8,0,RING,LL128,1,RING,LL128,1,0,RING,A_flag_ceiling
reduce_perf,3,24,536870912,134217728,float,sum,60892.3,8.82,8.82,0,61029.8,8.8,8.8,0,RING,LL128,1,RING,LL128,1,0,RING,A_flag_ceiling
reduce_perf,3,24,4096,1024,float,sum,33.89,0.12,0.12,0,35.59,0.12,0.12,0,RING,SIMPLE,2,RING,SIMPLE,2,0,RING,A_flag_ceiling
reduce_perf,3,24,8192,2048,float,sum,34.74,0.24,0.24,0,34.94,0.23,0.23,0,RING,SIMPLE,2,RING,SIMPLE,2,0,RING,A_flag_ceiling
reduce_perf,3,24,16384,4096,float,sum,34.55,0.47,0.47,0,35.71,0.46,0.46,0,RING,SIMPLE,2,RING,SIMPLE,2,0,RING,A_flag_ceiling
reduce_perf,3,24,32768,8192,float,sum,96.66,0.34,0.34,0,93.13,0.35,0.35,0,RING,SIMPLE,2,RING,SIMPLE,2,0,RING,A_flag_ceiling
reduce_perf,3,24,65536,16384,float,sum,109.01,0.6,0.6,0,121.46,0.54,0.54,0,RING,SIMPLE,2,RING,SIMPLE,2,0,RING,A_flag_ceiling
reduce_perf,3,24,131072,32768,float,sum,122.27,1.07,1.07,0,127.02,1.03,1.03,0,RING,SIMPLE,2,RING,SIMPLE,2,0,RING,A_flag_ceiling
reduce_perf,3,24,262144,65536,float,sum,118.89,2.21,2.21,0,128.19,2.04,2.04,0,RING,SIMPLE,2,RING,SIMPLE,2,0,RING,A_flag_ceiling
reduce_perf,3,24,524288,131072,float,sum,165.28,3.17,3.17,0,141.92,3.69,3.69,0,RING,SIMPLE,2,RING,SIMPLE,2,0,RING,A_flag_ceiling
reduce_perf,3,24,1048576,262144,float,sum,189.0,5.55,5.55,0,182.26,5.75,5.75,0,RING,SIMPLE,2,RING,SIMPLE,2,0,RING,A_flag_ceiling
reduce_perf,3,24,2097152,524288,float,sum,246.29,8.51,8.51,0,244.69,8.57,8.57,0,RING,SIMPLE,2,RING,SIMPLE,2,0,RING,A_flag_ceiling
reduce_perf,3,24,4194304,1048576,float,sum,370.37,11.32,11.32,0,372.91,11.25,11.25,0,RING,SIMPLE,2,RING,SIMPLE,2,0,RING,A_flag_ceiling
reduce_perf,3,24,8388608,2097152,float,sum,560.89,14.96,14.96,0,548.87,15.28,15.28,0,RING,SIMPLE,2,RING,SIMPLE,2,0,RING,A_flag_ceiling
reduce_perf,3,24,16777216,4194304,float,sum,927.51,18.09,18.09,0,908.4,18.47,18.47,0,RING,SIMPLE,2,RING,SIMPLE,2,0,RING,A_flag_ceiling
reduce_perf,3,24,33554432,8388608,float,sum,1542.5,21.75,21.75,0,1525.24,22.0,22.0,0,RING,SIMPLE,2,RING,SIMPLE,2,0,RING,A_flag_ceiling
reduce_perf,3,24,67108864,16777216,float,sum,2872.41,23.36,23.36,0,2842.29,23.61,23.61,0,RING,SIMPLE,2,RING,SIMPLE,2,0,RING,A_flag_ceiling
reduce_perf,3,24,134217728,33554432,float,sum,5262.4,25.51,25.51,0,5141.78,26.1,26.1,0,RING,SIMPLE,2,RING,SIMPLE,2,0,RING,A_flag_ceiling
reduce_perf,3,24,268435456,67108864,float,sum,10019.8,26.79,26.79,0,9896.66,27.12,27.12,0,RING,SIMPLE,2,RING,SIMPLE,2,0,RING,A_flag_ceiling
reduce_perf,3,24,536870912,134217728,float,sum,19513.6,27.51,27.51,0,19543.5,27.47,27.47,0,RING,SIMPLE,2,RING,SIMPLE,2,0,RING,A_flag_ceiling
reduce_perf,3,24,4096,1024,float,sum,29.48,0.14,0.14,0,32.26,0.13,0.13,0,RING,LL,2,RING,LL,2,0,RING,A_flag_ceiling
reduce_perf,3,24,8192,2048,float,sum,58.74,0.14,0.14,0,57.27,0.14,0.14,0,RING,LL,2,RING,LL,2,0,RING,A_flag_ceiling
reduce_perf,3,24,16384,4096,float,sum,70.35,0.23,0.23,0,65.35,0.25,0.25,0,RING,LL,2,RING,LL,2,0,RING,A_flag_ceiling
reduce_perf,3,24,32768,8192,float,sum,71.4,0.46,0.46,0,72.85,0.45,0.45,0,RING,LL,2,RING,LL,2,0,RING,A_flag_ceiling
reduce_perf,3,24,65536,16384,float,sum,78.78,0.83,0.83,0,79.94,0.82,0.82,0,RING,LL,2,RING,LL,2,0,RING,A_flag_ceiling
reduce_perf,3,24,131072,32768,float,sum,94.77,1.38,1.38,0,96.97,1.35,1.35,0,RING,LL,2,RING,LL,2,0,RING,A_flag_ceiling
reduce_perf,3,24,262144,65536,float,sum,120.0,2.18,2.18,0,127.77,2.05,2.05,0,RING,LL,2,RING,LL,2,0,RING,A_flag_ceiling
reduce_perf,3,24,524288,131072,float,sum,188.26,2.78,2.78,0,190.03,2.76,2.76,0,RING,LL,2,RING,LL,2,0,RING,A_flag_ceiling
reduce_perf,3,24,1048576,262144,float,sum,306.87,3.42,3.42,0,317.06,3.31,3.31,0,RING,LL,2,RING,LL,2,0,RING,A_flag_ceiling
reduce_perf,3,24,2097152,524288,float,sum,564.26,3.72,3.72,0,556.29,3.77,3.77,0,RING,LL,2,RING,LL,2,0,RING,A_flag_ceiling
reduce_perf,3,24,4194304,1048576,float,sum,1026.9,4.08,4.08,0,1037.86,4.04,4.04,0,RING,LL,2,RING,LL,2,0,RING,A_flag_ceiling
reduce_perf,3,24,8388608,2097152,float,sum,1976.51,4.24,4.24,0,1981.99,4.23,4.23,0,RING,LL,2,RING,LL,2,0,RING,A_flag_ceiling
reduce_perf,3,24,16777216,4194304,float,sum,3881.9,4.32,4.32,0,3897.22,4.3,4.3,0,RING,LL,2,RING,LL,2,0,RING,A_flag_ceiling
reduce_perf,3,24,33554432,8388608,float,sum,7759.87,4.32,4.32,0,7746.59,4.33,4.33,0,RING,LL,2,RING,LL,2,0,RING,A_flag_ceiling
reduce_perf,3,24,67108864,16777216,float,sum,15470.4,4.34,4.34,0,15458.1,4.34,4.34,0,RING,LL,2,RING,LL,2,0,RING,A_flag_ceiling
reduce_perf,3,24,134217728,33554432,float,sum,30818.2,4.36,4.36,0,30998.9,4.33,4.33,0,RING,LL,2,RING,LL,2,0,RING,A_flag_ceiling
reduce_perf,3,24,268435456,67108864,float,sum,61822.7,4.34,4.34,0,61692.1,4.35,4.35,0,RING,LL,2,RING,LL,2,0,RING,A_flag_ceiling
reduce_perf,3,24,536870912,134217728,float,sum,123969.0,4.33,4.33,0,124353.0,4.32,4.32,0,RING,LL,2,RING,LL,2,0,RING,A_flag_ceiling
reduce_perf,3,24,4096,1024,float,sum,37.35,0.11,0.11,0,30.54,0.13,0.13,0,RING,LL128,2,RING,LL128,2,0,RING,A_flag_ceiling
reduce_perf,3,24,8192,2048,float,sum,31.68,0.26,0.26,0,28.53,0.29,0.29,0,RING,LL128,2,RING,LL128,2,0,RING,A_flag_ceiling
reduce_perf,3,24,16384,4096,float,sum,32.23,0.51,0.51,0,33.03,0.5,0.5,0,RING,LL128,2,RING,LL128,2,0,RING,A_flag_ceiling
reduce_perf,3,24,32768,8192,float,sum,72.43,0.45,0.45,0,69.7,0.47,0.47,0,RING,LL128,2,RING,LL128,2,0,RING,A_flag_ceiling
reduce_perf,3,24,65536,16384,float,sum,74.09,0.88,0.88,0,74.61,0.88,0.88,0,RING,LL128,2,RING,LL128,2,0,RING,A_flag_ceiling
reduce_perf,3,24,131072,32768,float,sum,143.26,0.91,0.91,0,90.21,1.45,1.45,0,RING,LL128,2,RING,LL128,2,0,RING,A_flag_ceiling
reduce_perf,3,24,262144,65536,float,sum,99.88,2.62,2.62,0,105.42,2.49,2.49,0,RING,LL128,2,RING,LL128,2,0,RING,A_flag_ceiling
reduce_perf,3,24,524288,131072,float,sum,121.92,4.3,4.3,0,129.0,4.06,4.06,0,RING,LL128,2,RING,LL128,2,0,RING,A_flag_ceiling
reduce_perf,3,24,1048576,262144,float,sum,146.83,7.14,7.14,0,148.78,7.05,7.05,0,RING,LL128,2,RING,LL128,2,0,RING,A_flag_ceiling
reduce_perf,3,24,2097152,524288,float,sum,204.75,10.24,10.24,0,196.72,10.66,10.66,0,RING,LL128,2,RING,LL128,2,0,RING,A_flag_ceiling
reduce_perf,3,24,4194304,1048576,float,sum,315.09,13.31,13.31,0,317.96,13.19,13.19,0,RING,LL128,2,RING,LL128,2,0,RING,A_flag_ceiling
reduce_perf,3,24,8388608,2097152,float,sum,543.08,15.45,15.45,0,569.65,14.73,14.73,0,RING,LL128,2,RING,LL128,2,0,RING,A_flag_ceiling
reduce_perf,3,24,16777216,4194304,float,sum,1019.75,16.45,16.45,0,1005.67,16.68,16.68,0,RING,LL128,2,RING,LL128,2,0,RING,A_flag_ceiling
reduce_perf,3,24,33554432,8388608,float,sum,1956.81,17.15,17.15,0,1950.52,17.2,17.2,0,RING,LL128,2,RING,LL128,2,0,RING,A_flag_ceiling
reduce_perf,3,24,67108864,16777216,float,sum,3798.65,17.67,17.67,0,3838.4,17.48,17.48,0,RING,LL128,2,RING,LL128,2,0,RING,A_flag_ceiling
reduce_perf,3,24,134217728,33554432,float,sum,7664.83,17.51,17.51,0,7627.0,17.6,17.6,0,RING,LL128,2,RING,LL128,2,0,RING,A_flag_ceiling
reduce_perf,3,24,268435456,67108864,float,sum,15239.4,17.61,17.61,0,15199.0,17.66,17.66,0,RING,LL128,2,RING,LL128,2,0,RING,A_flag_ceiling
reduce_perf,3,24,536870912,134217728,float,sum,30619.6,17.53,17.53,0,30514.8,17.59,17.59,0,RING,LL128,2,RING,LL128,2,0,RING,A_flag_ceiling
reduce_perf,3,24,4096,1024,float,sum,51.48,0.08,0.08,0,33.84,0.12,0.12,0,RING,SIMPLE,4,RING,SIMPLE,4,0,RING,A_flag_ceiling
reduce_perf,3,24,8192,2048,float,sum,42.62,0.19,0.19,0,33.5,0.24,0.24,0,RING,SIMPLE,4,RING,SIMPLE,4,0,RING,A_flag_ceiling
reduce_perf,3,24,16384,4096,float,sum,53.88,0.3,0.3,0,35.21,0.47,0.47,0,RING,SIMPLE,4,RING,SIMPLE,4,0,RING,A_flag_ceiling
reduce_perf,3,24,32768,8192,float,sum,115.12,0.28,0.28,0,114.57,0.29,0.29,0,RING,SIMPLE,4,RING,SIMPLE,4,0,RING,A_flag_ceiling
reduce_perf,3,24,65536,16384,float,sum,120.93,0.54,0.54,0,137.01,0.48,0.48,0,RING,SIMPLE,4,RING,SIMPLE,4,0,RING,A_flag_ceiling
reduce_perf,3,24,131072,32768,float,sum,144.65,0.91,0.91,0,149.49,0.88,0.88,0,RING,SIMPLE,4,RING,SIMPLE,4,0,RING,A_flag_ceiling
reduce_perf,3,24,262144,65536,float,sum,144.88,1.81,1.81,0,146.77,1.79,1.79,0,RING,SIMPLE,4,RING,SIMPLE,4,0,RING,A_flag_ceiling
reduce_perf,3,24,524288,131072,float,sum,200.81,2.61,2.61,0,165.39,3.17,3.17,0,RING,SIMPLE,4,RING,SIMPLE,4,0,RING,A_flag_ceiling
reduce_perf,3,24,1048576,262144,float,sum,178.78,5.87,5.87,0,203.11,5.16,5.16,0,RING,SIMPLE,4,RING,SIMPLE,4,0,RING,A_flag_ceiling
reduce_perf,3,24,2097152,524288,float,sum,239.89,8.74,8.74,0,236.1,8.88,8.88,0,RING,SIMPLE,4,RING,SIMPLE,4,0,RING,A_flag_ceiling
reduce_perf,3,24,4194304,1048576,float,sum,403.46,10.4,10.4,0,296.18,14.16,14.16,0,RING,SIMPLE,4,RING,SIMPLE,4,0,RING,A_flag_ceiling
reduce_perf,3,24,8388608,2097152,float,sum,465.83,18.01,18.01,0,460.61,18.21,18.21,0,RING,SIMPLE,4,RING,SIMPLE,4,0,RING,A_flag_ceiling
reduce_perf,3,24,16777216,4194304,float,sum,652.17,25.73,25.73,0,647.34,25.92,25.92,0,RING,SIMPLE,4,RING,SIMPLE,4,0,RING,A_flag_ceiling
reduce_perf,3,24,33554432,8388608,float,sum,1092.49,30.71,30.71,0,1091.47,30.74,30.74,0,RING,SIMPLE,4,RING,SIMPLE,4,0,RING,A_flag_ceiling
reduce_perf,3,24,67108864,16777216,float,sum,1761.87,38.09,38.09,0,1728.78,38.82,38.82,0,RING,SIMPLE,4,RING,SIMPLE,4,0,RING,A_flag_ceiling
reduce_perf,3,24,134217728,33554432,float,sum,3264.52,41.11,41.11,0,3209.15,41.82,41.82,0,RING,SIMPLE,4,RING,SIMPLE,4,0,RING,A_flag_ceiling
reduce_perf,3,24,268435456,67108864,float,sum,5723.74,46.9,46.9,0,5694.03,47.14,47.14,0,RING,SIMPLE,4,RING,SIMPLE,4,0,RING,A_flag_ceiling
reduce_perf,3,24,536870912,134217728,float,sum,10668.2,50.32,50.32,0,10586.0,50.72,50.72,0,RING,SIMPLE,4,RING,SIMPLE,4,0,RING,A_flag_ceiling
reduce_perf,3,24,4096,1024,float,sum,72.29,0.06,0.06,0,44.99,0.09,0.09,0,RING,LL,4,RING,LL,4,0,RING,A_flag_ceiling
reduce_perf,3,24,8192,2048,float,sum,61.82,0.13,0.13,0,61.05,0.13,0.13,0,RING,LL,4,RING,LL,4,0,RING,A_flag_ceiling
reduce_perf,3,24,16384,4096,float,sum,77.55,0.21,0.21,0,76.64,0.21,0.21,0,RING,LL,4,RING,LL,4,0,RING,A_flag_ceiling
reduce_perf,3,24,32768,8192,float,sum,92.34,0.35,0.35,0,83.21,0.39,0.39,0,RING,LL,4,RING,LL,4,0,RING,A_flag_ceiling
reduce_perf,3,24,65536,16384,float,sum,110.34,0.59,0.59,0,97.75,0.67,0.67,0,RING,LL,4,RING,LL,4,0,RING,A_flag_ceiling
reduce_perf,3,24,131072,32768,float,sum,106.03,1.24,1.24,0,104.6,1.25,1.25,0,RING,LL,4,RING,LL,4,0,RING,A_flag_ceiling
reduce_perf,3,24,262144,65536,float,sum,125.06,2.1,2.1,0,121.63,2.16,2.16,0,RING,LL,4,RING,LL,4,0,RING,A_flag_ceiling
reduce_perf,3,24,524288,131072,float,sum,154.86,3.39,3.39,0,163.34,3.21,3.21,0,RING,LL,4,RING,LL,4,0,RING,A_flag_ceiling
reduce_perf,3,24,1048576,262144,float,sum,210.12,4.99,4.99,0,221.01,4.74,4.74,0,RING,LL,4,RING,LL,4,0,RING,A_flag_ceiling
reduce_perf,3,24,2097152,524288,float,sum,357.96,5.86,5.86,0,349.85,5.99,5.99,0,RING,LL,4,RING,LL,4,0,RING,A_flag_ceiling
reduce_perf,3,24,4194304,1048576,float,sum,590.61,7.1,7.1,0,575.36,7.29,7.29,0,RING,LL,4,RING,LL,4,0,RING,A_flag_ceiling
reduce_perf,3,24,8388608,2097152,float,sum,1087.19,7.72,7.72,0,1080.08,7.77,7.77,0,RING,LL,4,RING,LL,4,0,RING,A_flag_ceiling
reduce_perf,3,24,16777216,4194304,float,sum,2042.73,8.21,8.21,0,2042.12,8.22,8.22,0,RING,LL,4,RING,LL,4,0,RING,A_flag_ceiling
reduce_perf,3,24,33554432,8388608,float,sum,4001.7,8.39,8.39,0,3995.32,8.4,8.4,0,RING,LL,4,RING,LL,4,0,RING,A_flag_ceiling
reduce_perf,3,24,67108864,16777216,float,sum,7928.64,8.46,8.46,0,7947.8,8.44,8.44,0,RING,LL,4,RING,LL,4,0,RING,A_flag_ceiling
reduce_perf,3,24,134217728,33554432,float,sum,15764.6,8.51,8.51,0,15822.9,8.48,8.48,0,RING,LL,4,RING,LL,4,0,RING,A_flag_ceiling
reduce_perf,3,24,268435456,67108864,float,sum,31566.9,8.5,8.5,0,31454.6,8.53,8.53,0,RING,LL,4,RING,LL,4,0,RING,A_flag_ceiling
reduce_perf,3,24,536870912,134217728,float,sum,62972.1,8.53,8.53,0,63061.4,8.51,8.51,0,RING,LL,4,RING,LL,4,0,RING,A_flag_ceiling
reduce_perf,3,24,4096,1024,float,sum,39.14,0.1,0.1,0,36.47,0.11,0.11,0,RING,LL128,4,RING,LL128,4,0,RING,A_flag_ceiling
reduce_perf,3,24,8192,2048,float,sum,36.33,0.23,0.23,0,36.38,0.23,0.23,0,RING,LL128,4,RING,LL128,4,0,RING,A_flag_ceiling
reduce_perf,3,24,16384,4096,float,sum,37.82,0.43,0.43,0,33.3,0.49,0.49,0,RING,LL128,4,RING,LL128,4,0,RING,A_flag_ceiling
reduce_perf,3,24,32768,8192,float,sum,80.18,0.41,0.41,0,121.59,0.27,0.27,0,RING,LL128,4,RING,LL128,4,0,RING,A_flag_ceiling
reduce_perf,3,24,65536,16384,float,sum,102.42,0.64,0.64,0,102.59,0.64,0.64,0,RING,LL128,4,RING,LL128,4,0,RING,A_flag_ceiling
reduce_perf,3,24,131072,32768,float,sum,101.2,1.3,1.3,0,97.67,1.34,1.34,0,RING,LL128,4,RING,LL128,4,0,RING,A_flag_ceiling
reduce_perf,3,24,262144,65536,float,sum,120.35,2.18,2.18,0,143.5,1.83,1.83,0,RING,LL128,4,RING,LL128,4,0,RING,A_flag_ceiling
reduce_perf,3,24,524288,131072,float,sum,137.15,3.82,3.82,0,162.51,3.23,3.23,0,RING,LL128,4,RING,LL128,4,0,RING,A_flag_ceiling
reduce_perf,3,24,1048576,262144,float,sum,175.53,5.97,5.97,0,177.33,5.91,5.91,0,RING,LL128,4,RING,LL128,4,0,RING,A_flag_ceiling
reduce_perf,3,24,2097152,524288,float,sum,247.78,8.46,8.46,0,221.06,9.49,9.49,0,RING,LL128,4,RING,LL128,4,0,RING,A_flag_ceiling
reduce_perf,3,24,4194304,1048576,float,sum,286.93,14.62,14.62,0,292.72,14.33,14.33,0,RING,LL128,4,RING,LL128,4,0,RING,A_flag_ceiling
reduce_perf,3,24,8388608,2097152,float,sum,412.76,20.32,20.32,0,415.67,20.18,20.18,0,RING,LL128,4,RING,LL128,4,0,RING,A_flag_ceiling
reduce_perf,3,24,16777216,4194304,float,sum,612.02,27.41,27.41,0,625.1,26.84,26.84,0,RING,LL128,4,RING,LL128,4,0,RING,A_flag_ceiling
reduce_perf,3,24,33554432,8388608,float,sum,1131.12,29.66,29.66,0,1123.78,29.86,29.86,0,RING,LL128,4,RING,LL128,4,0,RING,A_flag_ceiling
reduce_perf,3,24,67108864,16777216,float,sum,2188.18,30.67,30.67,0,2145.75,31.28,31.28,0,RING,LL128,4,RING,LL128,4,0,RING,A_flag_ceiling
reduce_perf,3,24,134217728,33554432,float,sum,3934.83,34.11,34.11,0,3941.7,34.05,34.05,0,RING,LL128,4,RING,LL128,4,0,RING,A_flag_ceiling
reduce_perf,3,24,268435456,67108864,float,sum,7745.22,34.66,34.66,0,7773.79,34.53,34.53,0,RING,LL128,4,RING,LL128,4,0,RING,A_flag_ceiling
reduce_perf,3,24,536870912,134217728,float,sum,15365.9,34.94,34.94,0,15422.0,34.81,34.81,0,RING,LL128,4,RING,LL128,4,0,RING,A_flag_ceiling
reduce_perf,3,24,4096,1024,float,sum,38.54,0.11,0.11,0,35.16,0.12,0.12,0,RING,SIMPLE,8,RING,SIMPLE,8,0,RING,A_flag_ceiling
reduce_perf,3,24,8192,2048,float,sum,39.81,0.21,0.21,0,35.64,0.23,0.23,0,RING,SIMPLE,8,RING,SIMPLE,8,0,RING,A_flag_ceiling
reduce_perf,3,24,16384,4096,float,sum,43.16,0.38,0.38,0,38.31,0.43,0.43,0,RING,SIMPLE,8,RING,SIMPLE,8,0,RING,A_flag_ceiling
reduce_perf,3,24,32768,8192,float,sum,99.36,0.33,0.33,0,100.17,0.33,0.33,0,RING,SIMPLE,8,RING,SIMPLE,8,0,RING,A_flag_ceiling
reduce_perf,3,24,65536,16384,float,sum,158.46,0.41,0.41,0,167.18,0.39,0.39,0,RING,SIMPLE,8,RING,SIMPLE,8,0,RING,A_flag_ceiling
reduce_perf,3,24,131072,32768,float,sum,135.93,0.96,0.96,0,178.2,0.74,0.74,0,RING,SIMPLE,8,RING,SIMPLE,8,0,RING,A_flag_ceiling
reduce_perf,3,24,262144,65536,float,sum,180.78,1.45,1.45,0,239.92,1.09,1.09,0,RING,SIMPLE,8,RING,SIMPLE,8,0,RING,A_flag_ceiling
reduce_perf,3,24,524288,131072,float,sum,221.92,2.36,2.36,0,199.95,2.62,2.62,0,RING,SIMPLE,8,RING,SIMPLE,8,0,RING,A_flag_ceiling
reduce_perf,3,24,1048576,262144,float,sum,201.8,5.2,5.2,0,203.58,5.15,5.15,0,RING,SIMPLE,8,RING,SIMPLE,8,0,RING,A_flag_ceiling
reduce_perf,3,24,2097152,524288,float,sum,242.54,8.65,8.65,0,238.26,8.8,8.8,0,RING,SIMPLE,8,RING,SIMPLE,8,0,RING,A_flag_ceiling
reduce_perf,3,24,4194304,1048576,float,sum,297.62,14.09,14.09,0,294.7,14.23,14.23,0,RING,SIMPLE,8,RING,SIMPLE,8,0,RING,A_flag_ceiling
reduce_perf,3,24,8388608,2097152,float,sum,318.75,26.32,26.32,0,319.64,26.24,26.24,0,RING,SIMPLE,8,RING,SIMPLE,8,0,RING,A_flag_ceiling
reduce_perf,3,24,16777216,4194304,float,sum,497.4,33.73,33.73,0,482.76,34.75,34.75,0,RING,SIMPLE,8,RING,SIMPLE,8,0,RING,A_flag_ceiling
reduce_perf,3,24,33554432,8388608,float,sum,720.29,46.58,46.58,0,654.98,51.23,51.23,0,RING,SIMPLE,8,RING,SIMPLE,8,0,RING,A_flag_ceiling
reduce_perf,3,24,67108864,16777216,float,sum,1130.21,59.38,59.38,0,1142.23,58.75,58.75,0,RING,SIMPLE,8,RING,SIMPLE,8,0,RING,A_flag_ceiling
reduce_perf,3,24,134217728,33554432,float,sum,1766.27,75.99,75.99,0,1773.77,75.67,75.67,0,RING,SIMPLE,8,RING,SIMPLE,8,0,RING,A_flag_ceiling
reduce_perf,3,24,268435456,67108864,float,sum,3309.44,81.11,81.11,0,3292.14,81.54,81.54,0,RING,SIMPLE,8,RING,SIMPLE,8,0,RING,A_flag_ceiling
reduce_perf,3,24,536870912,134217728,float,sum,5829.3,92.1,92.1,0,5819.44,92.25,92.25,0,RING,SIMPLE,8,RING,SIMPLE,8,0,RING,A_flag_ceiling
reduce_perf,3,24,4096,1024,float,sum,33.29,0.12,0.12,0,34.02,0.12,0.12,0,RING,LL,8,RING,LL,8,0,RING,A_flag_ceiling
reduce_perf,3,24,8192,2048,float,sum,62.22,0.13,0.13,0,55.68,0.15,0.15,0,RING,LL,8,RING,LL,8,0,RING,A_flag_ceiling
reduce_perf,3,24,16384,4096,float,sum,72.47,0.23,0.23,0,72.5,0.23,0.23,0,RING,LL,8,RING,LL,8,0,RING,A_flag_ceiling
reduce_perf,3,24,32768,8192,float,sum,71.9,0.46,0.46,0,74.28,0.44,0.44,0,RING,LL,8,RING,LL,8,0,RING,A_flag_ceiling
reduce_perf,3,24,65536,16384,float,sum,82.17,0.8,0.8,0,85.27,0.77,0.77,0,RING,LL,8,RING,LL,8,0,RING,A_flag_ceiling
reduce_perf,3,24,131072,32768,float,sum,99.39,1.32,1.32,0,98.25,1.33,1.33,0,RING,LL,8,RING,LL,8,0,RING,A_flag_ceiling
reduce_perf,3,24,262144,65536,float,sum,104.99,2.5,2.5,0,101.82,2.57,2.57,0,RING,LL,8,RING,LL,8,0,RING,A_flag_ceiling
reduce_perf,3,24,524288,131072,float,sum,122.3,4.29,4.29,0,121.25,4.32,4.32,0,RING,LL,8,RING,LL,8,0,RING,A_flag_ceiling
reduce_perf,3,24,1048576,262144,float,sum,156.54,6.7,6.7,0,173.59,6.04,6.04,0,RING,LL,8,RING,LL,8,0,RING,A_flag_ceiling
reduce_perf,3,24,2097152,524288,float,sum,212.96,9.85,9.85,0,225.11,9.32,9.32,0,RING,LL,8,RING,LL,8,0,RING,A_flag_ceiling
reduce_perf,3,24,4194304,1048576,float,sum,360.55,11.63,11.63,0,336.72,12.46,12.46,0,RING,LL,8,RING,LL,8,0,RING,A_flag_ceiling
reduce_perf,3,24,8388608,2097152,float,sum,580.38,14.45,14.45,0,579.26,14.48,14.48,0,RING,LL,8,RING,LL,8,0,RING,A_flag_ceiling
reduce_perf,3,24,16777216,4194304,float,sum,1092.52,15.36,15.36,0,1091.98,15.36,15.36,0,RING,LL,8,RING,LL,8,0,RING,A_flag_ceiling
reduce_perf,3,24,33554432,8388608,float,sum,2077.01,16.16,16.16,0,2078.86,16.14,16.14,0,RING,LL,8,RING,LL,8,0,RING,A_flag_ceiling
reduce_perf,3,24,67108864,16777216,float,sum,4028.6,16.66,16.66,0,4046.47,16.58,16.58,0,RING,LL,8,RING,LL,8,0,RING,A_flag_ceiling
reduce_perf,3,24,134217728,33554432,float,sum,7988.36,16.8,16.8,0,7985.59,16.81,16.81,0,RING,LL,8,RING,LL,8,0,RING,A_flag_ceiling
reduce_perf,3,24,268435456,67108864,float,sum,15910.2,16.87,16.87,0,15928.8,16.85,16.85,0,RING,LL,8,RING,LL,8,0,RING,A_flag_ceiling
reduce_perf,3,24,536870912,134217728,float,sum,31738.8,16.92,16.92,0,31799.8,16.88,16.88,0,RING,LL,8,RING,LL,8,0,RING,A_flag_ceiling
reduce_perf,3,24,4096,1024,float,sum,39.72,0.1,0.1,0,33.82,0.12,0.12,0,RING,LL128,8,RING,LL128,8,0,RING,A_flag_ceiling
reduce_perf,3,24,8192,2048,float,sum,34.0,0.24,0.24,0,31.41,0.26,0.26,0,RING,LL128,8,RING,LL128,8,0,RING,A_flag_ceiling
reduce_perf,3,24,16384,4096,float,sum,34.46,0.48,0.48,0,35.07,0.47,0.47,0,RING,LL128,8,RING,LL128,8,0,RING,A_flag_ceiling
reduce_perf,3,24,32768,8192,float,sum,73.96,0.44,0.44,0,77.41,0.42,0.42,0,RING,LL128,8,RING,LL128,8,0,RING,A_flag_ceiling
reduce_perf,3,24,65536,16384,float,sum,102.54,0.64,0.64,0,106.03,0.62,0.62,0,RING,LL128,8,RING,LL128,8,0,RING,A_flag_ceiling
reduce_perf,3,24,131072,32768,float,sum,105.14,1.25,1.25,0,140.27,0.93,0.93,0,RING,LL128,8,RING,LL128,8,0,RING,A_flag_ceiling
reduce_perf,3,24,262144,65536,float,sum,114.51,2.29,2.29,0,105.79,2.48,2.48,0,RING,LL128,8,RING,LL128,8,0,RING,A_flag_ceiling
reduce_perf,3,24,524288,131072,float,sum,129.81,4.04,4.04,0,130.46,4.02,4.02,0,RING,LL128,8,RING,LL128,8,0,RING,A_flag_ceiling
reduce_perf,3,24,1048576,262144,float,sum,143.64,7.3,7.3,0,144.85,7.24,7.24,0,RING,LL128,8,RING,LL128,8,0,RING,A_flag_ceiling
reduce_perf,3,24,2097152,524288,float,sum,159.72,13.13,13.13,0,154.92,13.54,13.54,0,RING,LL128,8,RING,LL128,8,0,RING,A_flag_ceiling
reduce_perf,3,24,4194304,1048576,float,sum,201.13,20.85,20.85,0,212.49,19.74,19.74,0,RING,LL128,8,RING,LL128,8,0,RING,A_flag_ceiling
reduce_perf,3,24,8388608,2097152,float,sum,248.11,33.81,33.81,0,251.57,33.35,33.35,0,RING,LL128,8,RING,LL128,8,0,RING,A_flag_ceiling
reduce_perf,3,24,16777216,4194304,float,sum,411.83,40.74,40.74,0,402.79,41.65,41.65,0,RING,LL128,8,RING,LL128,8,0,RING,A_flag_ceiling
reduce_perf,3,24,33554432,8388608,float,sum,616.96,54.39,54.39,0,618.46,54.25,54.25,0,RING,LL128,8,RING,LL128,8,0,RING,A_flag_ceiling
reduce_perf,3,24,67108864,16777216,float,sum,1122.27,59.8,59.8,0,1186.05,56.58,56.58,0,RING,LL128,8,RING,LL128,8,0,RING,A_flag_ceiling
reduce_perf,3,24,134217728,33554432,float,sum,2083.66,64.41,64.41,0,2063.07,65.06,65.06,0,RING,LL128,8,RING,LL128,8,0,RING,A_flag_ceiling
reduce_perf,3,24,268435456,67108864,float,sum,4018.93,66.79,66.79,0,4009.43,66.95,66.95,0,RING,LL128,8,RING,LL128,8,0,RING,A_flag_ceiling
reduce_perf,3,24,536870912,134217728,float,sum,7892.2,68.03,68.03,0,7908.28,67.89,67.89,0,RING,LL128,8,RING,LL128,8,0,RING,A_flag_ceiling
reduce_perf,3,24,4096,1024,float,sum,41.46,0.1,0.1,0,38.04,0.11,0.11,0,RING,SIMPLE,16,RING,SIMPLE,16,0,RING,A_flag_ceiling
reduce_perf,3,24,8192,2048,float,sum,49.7,0.16,0.16,0,37.25,0.22,0.22,0,RING,SIMPLE,16,RING,SIMPLE,16,0,RING,A_flag_ceiling
reduce_perf,3,24,16384,4096,float,sum,50.39,0.33,0.33,0,40.66,0.4,0.4,0,RING,SIMPLE,16,RING,SIMPLE,16,0,RING,A_flag_ceiling
reduce_perf,3,24,32768,8192,float,sum,126.94,0.26,0.26,0,96.41,0.34,0.34,0,RING,SIMPLE,16,RING,SIMPLE,16,0,RING,A_flag_ceiling
reduce_perf,3,24,65536,16384,float,sum,151.43,0.43,0.43,0,161.23,0.41,0.41,0,RING,SIMPLE,16,RING,SIMPLE,16,0,RING,A_flag_ceiling
reduce_perf,3,24,131072,32768,float,sum,152.39,0.86,0.86,0,164.19,0.8,0.8,0,RING,SIMPLE,16,RING,SIMPLE,16,0,RING,A_flag_ceiling
reduce_perf,3,24,262144,65536,float,sum,185.02,1.42,1.42,0,175.51,1.49,1.49,0,RING,SIMPLE,16,RING,SIMPLE,16,0,RING,A_flag_ceiling
reduce_perf,3,24,524288,131072,float,sum,201.81,2.6,2.6,0,185.17,2.83,2.83,0,RING,SIMPLE,16,RING,SIMPLE,16,0,RING,A_flag_ceiling
reduce_perf,3,24,1048576,262144,float,sum,208.83,5.02,5.02,0,204.17,5.14,5.14,0,RING,SIMPLE,16,RING,SIMPLE,16,0,RING,A_flag_ceiling
reduce_perf,3,24,2097152,524288,float,sum,216.54,9.68,9.68,0,201.75,10.39,10.39,0,RING,SIMPLE,16,RING,SIMPLE,16,0,RING,A_flag_ceiling
reduce_perf,3,24,4194304,1048576,float,sum,229.49,18.28,18.28,0,233.96,17.93,17.93,0,RING,SIMPLE,16,RING,SIMPLE,16,0,RING,A_flag_ceiling
reduce_perf,3,24,8388608,2097152,float,sum,317.47,26.42,26.42,0,295.01,28.44,28.44,0,RING,SIMPLE,16,RING,SIMPLE,16,0,RING,A_flag_ceiling
reduce_perf,3,24,16777216,4194304,float,sum,361.21,46.45,46.45,0,339.84,49.37,49.37,0,RING,SIMPLE,16,RING,SIMPLE,16,0,RING,A_flag_ceiling
reduce_perf,3,24,33554432,8388608,float,sum,528.48,63.49,63.49,0,513.97,65.29,65.29,0,RING,SIMPLE,16,RING,SIMPLE,16,0,RING,A_flag_ceiling
reduce_perf,3,24,67108864,16777216,float,sum,685.67,97.87,97.87,0,671.35,99.96,99.96,0,RING,SIMPLE,16,RING,SIMPLE,16,0,RING,A_flag_ceiling
reduce_perf,3,24,134217728,33554432,float,sum,1174.59,114.27,114.27,0,1182.99,113.46,113.46,0,RING,SIMPLE,16,RING,SIMPLE,16,0,RING,A_flag_ceiling
reduce_perf,3,24,268435456,67108864,float,sum,1870.45,143.51,143.51,0,1822.41,147.3,147.3,0,RING,SIMPLE,16,RING,SIMPLE,16,0,RING,A_flag_ceiling
reduce_perf,3,24,536870912,134217728,float,sum,3475.89,154.46,154.46,0,3446.44,155.78,155.78,0,RING,SIMPLE,16,RING,SIMPLE,16,0,RING,A_flag_ceiling
reduce_perf,3,24,4096,1024,float,sum,31.32,0.13,0.13,0,32.6,0.13,0.13,0,RING,LL,16,RING,LL,16,0,RING,A_flag_ceiling
reduce_perf,3,24,8192,2048,float,sum,73.21,0.11,0.11,0,60.81,0.13,0.13,0,RING,LL,16,RING,LL,16,0,RING,A_flag_ceiling
reduce_perf,3,24,16384,4096,float,sum,77.86,0.21,0.21,0,74.99,0.22,0.22,0,RING,LL,16,RING,LL,16,0,RING,A_flag_ceiling
reduce_perf,3,24,32768,8192,float,sum,80.51,0.41,0.41,0,76.89,0.43,0.43,0,RING,LL,16,RING,LL,16,0,RING,A_flag_ceiling
reduce_perf,3,24,65536,16384,float,sum,76.12,0.86,0.86,0,72.43,0.9,0.9,0,RING,LL,16,RING,LL,16,0,RING,A_flag_ceiling
reduce_perf,3,24,131072,32768,float,sum,88.82,1.48,1.48,0,87.04,1.51,1.51,0,RING,LL,16,RING,LL,16,0,RING,A_flag_ceiling
reduce_perf,3,24,262144,65536,float,sum,99.4,2.64,2.64,0,98.44,2.66,2.66,0,RING,LL,16,RING,LL,16,0,RING,A_flag_ceiling
reduce_perf,3,24,524288,131072,float,sum,109.61,4.78,4.78,0,156.87,3.34,3.34,0,RING,LL,16,RING,LL,16,0,RING,A_flag_ceiling
reduce_perf,3,24,1048576,262144,float,sum,148.86,7.04,7.04,0,126.19,8.31,8.31,0,RING,LL,16,RING,LL,16,0,RING,A_flag_ceiling
reduce_perf,3,24,2097152,524288,float,sum,158.0,13.27,13.27,0,156.37,13.41,13.41,0,RING,LL,16,RING,LL,16,0,RING,A_flag_ceiling
reduce_perf,3,24,4194304,1048576,float,sum,231.45,18.12,18.12,0,297.47,14.1,14.1,0,RING,LL,16,RING,LL,16,0,RING,A_flag_ceiling
reduce_perf,3,24,8388608,2097152,float,sum,377.31,22.23,22.23,0,365.92,22.92,22.92,0,RING,LL,16,RING,LL,16,0,RING,A_flag_ceiling
reduce_perf,3,24,16777216,4194304,float,sum,623.91,26.89,26.89,0,621.98,26.97,26.97,0,RING,LL,16,RING,LL,16,0,RING,A_flag_ceiling
reduce_perf,3,24,33554432,8388608,float,sum,1159.76,28.93,28.93,0,1159.48,28.94,28.94,0,RING,LL,16,RING,LL,16,0,RING,A_flag_ceiling
reduce_perf,3,24,67108864,16777216,float,sum,2205.66,30.43,30.43,0,2164.25,31.01,31.01,0,RING,LL,16,RING,LL,16,0,RING,A_flag_ceiling
reduce_perf,3,24,134217728,33554432,float,sum,4122.06,32.56,32.56,0,4146.49,32.37,32.37,0,RING,LL,16,RING,LL,16,0,RING,A_flag_ceiling
reduce_perf,3,24,268435456,67108864,float,sum,8143.21,32.96,32.96,0,8127.83,33.03,33.03,0,RING,LL,16,RING,LL,16,0,RING,A_flag_ceiling
reduce_perf,3,24,536870912,134217728,float,sum,16103.0,33.34,33.34,0,16104.6,33.34,33.34,0,RING,LL,16,RING,LL,16,0,RING,A_flag_ceiling
reduce_perf,3,24,4096,1024,float,sum,31.2,0.13,0.13,0,32.19,0.13,0.13,0,RING,LL128,16,RING,LL128,16,0,RING,A_flag_ceiling
reduce_perf,3,24,8192,2048,float,sum,33.44,0.25,0.25,0,35.38,0.23,0.23,0,RING,LL128,16,RING,LL128,16,0,RING,A_flag_ceiling
reduce_perf,3,24,16384,4096,float,sum,32.88,0.5,0.5,0,33.03,0.5,0.5,0,RING,LL128,16,RING,LL128,16,0,RING,A_flag_ceiling
reduce_perf,3,24,32768,8192,float,sum,77.15,0.42,0.42,0,75.4,0.43,0.43,0,RING,LL128,16,RING,LL128,16,0,RING,A_flag_ceiling
reduce_perf,3,24,65536,16384,float,sum,87.67,0.75,0.75,0,90.36,0.73,0.73,0,RING,LL128,16,RING,LL128,16,0,RING,A_flag_ceiling
reduce_perf,3,24,131072,32768,float,sum,91.26,1.44,1.44,0,92.6,1.42,1.42,0,RING,LL128,16,RING,LL128,16,0,RING,A_flag_ceiling
reduce_perf,3,24,262144,65536,float,sum,98.75,2.65,2.65,0,93.2,2.81,2.81,0,RING,LL128,16,RING,LL128,16,0,RING,A_flag_ceiling
reduce_perf,3,24,524288,131072,float,sum,108.69,4.82,4.82,0,128.33,4.09,4.09,0,RING,LL128,16,RING,LL128,16,0,RING,A_flag_ceiling
reduce_perf,3,24,1048576,262144,float,sum,121.96,8.6,8.6,0,122.5,8.56,8.56,0,RING,LL128,16,RING,LL128,16,0,RING,A_flag_ceiling
reduce_perf,3,24,2097152,524288,float,sum,139.55,15.03,15.03,0,140.69,14.91,14.91,0,RING,LL128,16,RING,LL128,16,0,RING,A_flag_ceiling
reduce_perf,3,24,4194304,1048576,float,sum,174.87,23.99,23.99,0,159.86,26.24,26.24,0,RING,LL128,16,RING,LL128,16,0,RING,A_flag_ceiling
reduce_perf,3,24,8388608,2097152,float,sum,196.58,42.67,42.67,0,196.31,42.73,42.73,0,RING,LL128,16,RING,LL128,16,0,RING,A_flag_ceiling
reduce_perf,3,24,16777216,4194304,float,sum,278.7,60.2,60.2,0,256.67,65.36,65.36,0,RING,LL128,16,RING,LL128,16,0,RING,A_flag_ceiling
reduce_perf,3,24,33554432,8388608,float,sum,374.44,89.61,89.61,0,373.55,89.83,89.83,0,RING,LL128,16,RING,LL128,16,0,RING,A_flag_ceiling
reduce_perf,3,24,67108864,16777216,float,sum,656.32,102.25,102.25,0,651.72,102.97,102.97,0,RING,LL128,16,RING,LL128,16,0,RING,A_flag_ceiling
reduce_perf,3,24,134217728,33554432,float,sum,1148.92,116.82,116.82,0,1136.07,118.14,118.14,0,RING,LL128,16,RING,LL128,16,0,RING,A_flag_ceiling
reduce_perf,3,24,268435456,67108864,float,sum,2187.36,122.72,122.72,0,2172.91,123.54,123.54,0,RING,LL128,16,RING,LL128,16,0,RING,A_flag_ceiling
reduce_perf,3,24,536870912,134217728,float,sum,4261.21,125.99,125.99,0,4237.13,126.71,126.71,0,RING,LL128,16,RING,LL128,16,0,RING,A_flag_ceiling
reduce_perf,3,24,4096,1024,float,sum,41.68,0.1,0.1,0,41.84,0.1,0.1,0,RING,SIMPLE,24,RING,SIMPLE,24,0,RING,A_flag_ceiling
reduce_perf,3,24,8192,2048,float,sum,40.63,0.2,0.2,0,37.74,0.22,0.22,0,RING,SIMPLE,24,RING,SIMPLE,24,0,RING,A_flag_ceiling
reduce_perf,3,24,16384,4096,float,sum,42.72,0.38,0.38,0,41.54,0.39,0.39,0,RING,SIMPLE,24,RING,SIMPLE,24,0,RING,A_flag_ceiling
reduce_perf,3,24,32768,8192,float,sum,103.69,0.32,0.32,0,103.57,0.32,0.32,0,RING,SIMPLE,24,RING,SIMPLE,24,0,RING,A_flag_ceiling
reduce_perf,3,24,65536,16384,float,sum,151.42,0.43,0.43,0,145.42,0.45,0.45,0,RING,SIMPLE,24,RING,SIMPLE,24,0,RING,A_flag_ceiling
reduce_perf,3,24,131072,32768,float,sum,184.55,0.71,0.71,0,161.91,0.81,0.81,0,RING,SIMPLE,24,RING,SIMPLE,24,0,RING,A_flag_ceiling
reduce_perf,3,24,262144,65536,float,sum,153.17,1.71,1.71,0,185.68,1.41,1.41,0,RING,SIMPLE,24,RING,SIMPLE,24,0,RING,A_flag_ceiling
reduce_perf,3,24,524288,131072,float,sum,182.8,2.87,2.87,0,186.78,2.81,2.81,0,RING,SIMPLE,24,RING,SIMPLE,24,0,RING,A_flag_ceiling
reduce_perf,3,24,1048576,262144,float,sum,194.72,5.38,5.38,0,184.9,5.67,5.67,0,RING,SIMPLE,24,RING,SIMPLE,24,0,RING,A_flag_ceiling
reduce_perf,3,24,2097152,524288,float,sum,189.5,11.07,11.07,0,188.49,11.13,11.13,0,RING,SIMPLE,24,RING,SIMPLE,24,0,RING,A_flag_ceiling
reduce_perf,3,24,4194304,1048576,float,sum,212.29,19.76,19.76,0,215.62,19.45,19.45,0,RING,SIMPLE,24,RING,SIMPLE,24,0,RING,A_flag_ceiling
reduce_perf,3,24,8388608,2097152,float,sum,245.98,34.1,34.1,0,264.08,31.77,31.77,0,RING,SIMPLE,24,RING,SIMPLE,24,0,RING,A_flag_ceiling
reduce_perf,3,24,16777216,4194304,float,sum,338.22,49.6,49.6,0,343.12,48.9,48.9,0,RING,SIMPLE,24,RING,SIMPLE,24,0,RING,A_flag_ceiling
reduce_perf,3,24,33554432,8388608,float,sum,394.28,85.1,85.1,0,399.58,83.97,83.97,0,RING,SIMPLE,24,RING,SIMPLE,24,0,RING,A_flag_ceiling
reduce_perf,3,24,67108864,16777216,float,sum,562.62,119.28,119.28,0,565.31,118.71,118.71,0,RING,SIMPLE,24,RING,SIMPLE,24,0,RING,A_flag_ceiling
reduce_perf,3,24,134217728,33554432,float,sum,873.05,153.73,153.73,0,854.66,157.04,157.04,0,RING,SIMPLE,24,RING,SIMPLE,24,0,RING,A_flag_ceiling
reduce_perf,3,24,268435456,67108864,float,sum,1454.8,184.52,184.52,0,1441.14,186.27,186.27,0,RING,SIMPLE,24,RING,SIMPLE,24,0,RING,A_flag_ceiling
reduce_perf,3,24,536870912,134217728,float,sum,2421.69,221.69,221.69,0,2426.48,221.26,221.26,0,RING,SIMPLE,24,RING,SIMPLE,24,0,RING,A_flag_ceiling
reduce_perf,3,24,4096,1024,float,sum,39.02,0.1,0.1,0,31.79,0.13,0.13,0,RING,LL,24,RING,LL,24,0,RING,A_flag_ceiling
reduce_perf,3,24,8192,2048,float,sum,50.77,0.16,0.16,0,57.81,0.14,0.14,0,RING,LL,24,RING,LL,24,0,RING,A_flag_ceiling
reduce_perf,3,24,16384,4096,float,sum,75.71,0.22,0.22,0,76.63,0.21,0.21,0,RING,LL,24,RING,LL,24,0,RING,A_flag_ceiling
reduce_perf,3,24,32768,8192,float,sum,73.12,0.45,0.45,0,81.89,0.4,0.4,0,RING,LL,24,RING,LL,24,0,RING,A_flag_ceiling
reduce_perf,3,24,65536,16384,float,sum,85.71,0.76,0.76,0,80.06,0.82,0.82,0,RING,LL,24,RING,LL,24,0,RING,A_flag_ceiling
reduce_perf,3,24,131072,32768,float,sum,90.18,1.45,1.45,0,90.7,1.45,1.45,0,RING,LL,24,RING,LL,24,0,RING,A_flag_ceiling
reduce_perf,3,24,262144,65536,float,sum,96.73,2.71,2.71,0,106.22,2.47,2.47,0,RING,LL,24,RING,LL,24,0,RING,A_flag_ceiling
reduce_perf,3,24,524288,131072,float,sum,107.53,4.88,4.88,0,107.66,4.87,4.87,0,RING,LL,24,RING,LL,24,0,RING,A_flag_ceiling
reduce_perf,3,24,1048576,262144,float,sum,123.86,8.47,8.47,0,121.94,8.6,8.6,0,RING,LL,24,RING,LL,24,0,RING,A_flag_ceiling
reduce_perf,3,24,2097152,524288,float,sum,150.45,13.94,13.94,0,146.9,14.28,14.28,0,RING,LL,24,RING,LL,24,0,RING,A_flag_ceiling
reduce_perf,3,24,4194304,1048576,float,sum,216.18,19.4,19.4,0,215.71,19.44,19.44,0,RING,LL,24,RING,LL,24,0,RING,A_flag_ceiling
reduce_perf,3,24,8388608,2097152,float,sum,330.83,25.36,25.36,0,327.13,25.64,25.64,0,RING,LL,24,RING,LL,24,0,RING,A_flag_ceiling
reduce_perf,3,24,16777216,4194304,float,sum,561.47,29.88,29.88,0,558.9,30.02,30.02,0,RING,LL,24,RING,LL,24,0,RING,A_flag_ceiling
reduce_perf,3,24,33554432,8388608,float,sum,1025.38,32.72,32.72,0,1019.17,32.92,32.92,0,RING,LL,24,RING,LL,24,0,RING,A_flag_ceiling
reduce_perf,3,24,67108864,16777216,float,sum,1941.16,34.57,34.57,0,1927.19,34.82,34.82,0,RING,LL,24,RING,LL,24,0,RING,A_flag_ceiling
reduce_perf,3,24,134217728,33554432,float,sum,3765.16,35.65,35.65,0,3786.13,35.45,35.45,0,RING,LL,24,RING,LL,24,0,RING,A_flag_ceiling
reduce_perf,3,24,268435456,67108864,float,sum,7464.23,35.96,35.96,0,7470.99,35.93,35.93,0,RING,LL,24,RING,LL,24,0,RING,A_flag_ceiling
reduce_perf,3,24,536870912,134217728,float,sum,14849.5,36.15,36.15,0,14835.3,36.19,36.19,0,RING,LL,24,RING,LL,24,0,RING,A_flag_ceiling
reduce_perf,3,24,4096,1024,float,sum,48.26,0.08,0.08,0,49.42,0.08,0.08,0,RING,LL128,24,RING,LL128,24,0,RING,A_flag_ceiling
reduce_perf,3,24,8192,2048,float,sum,31.34,0.26,0.26,0,30.61,0.27,0.27,0,RING,LL128,24,RING,LL128,24,0,RING,A_flag_ceiling
reduce_perf,3,24,16384,4096,float,sum,31.93,0.51,0.51,0,29.68,0.55,0.55,0,RING,LL128,24,RING,LL128,24,0,RING,A_flag_ceiling
reduce_perf,3,24,32768,8192,float,sum,63.41,0.52,0.52,0,70.46,0.47,0.47,0,RING,LL128,24,RING,LL128,24,0,RING,A_flag_ceiling
reduce_perf,3,24,65536,16384,float,sum,90.49,0.72,0.72,0,88.9,0.74,0.74,0,RING,LL128,24,RING,LL128,24,0,RING,A_flag_ceiling
reduce_perf,3,24,131072,32768,float,sum,86.61,1.51,1.51,0,87.74,1.49,1.49,0,RING,LL128,24,RING,LL128,24,0,RING,A_flag_ceiling
reduce_perf,3,24,262144,65536,float,sum,89.54,2.93,2.93,0,89.9,2.92,2.92,0,RING,LL128,24,RING,LL128,24,0,RING,A_flag_ceiling
reduce_perf,3,24,524288,131072,float,sum,100.78,5.2,5.2,0,96.97,5.41,5.41,0,RING,LL128,24,RING,LL128,24,0,RING,A_flag_ceiling
reduce_perf,3,24,1048576,262144,float,sum,113.52,9.24,9.24,0,109.67,9.56,9.56,0,RING,LL128,24,RING,LL128,24,0,RING,A_flag_ceiling
reduce_perf,3,24,2097152,524288,float,sum,138.31,15.16,15.16,0,149.08,14.07,14.07,0,RING,LL128,24,RING,LL128,24,0,RING,A_flag_ceiling
reduce_perf,3,24,4194304,1048576,float,sum,149.15,28.12,28.12,0,149.56,28.04,28.04,0,RING,LL128,24,RING,LL128,24,0,RING,A_flag_ceiling
reduce_perf,3,24,8388608,2097152,float,sum,195.56,42.89,42.89,0,175.58,47.78,47.78,0,RING,LL128,24,RING,LL128,24,0,RING,A_flag_ceiling
reduce_perf,3,24,16777216,4194304,float,sum,223.67,75.01,75.01,0,222.76,75.31,75.31,0,RING,LL128,24,RING,LL128,24,0,RING,A_flag_ceiling
reduce_perf,3,24,33554432,8388608,float,sum,332.73,100.85,100.85,0,327.52,102.45,102.45,0,RING,LL128,24,RING,LL128,24,0,RING,A_flag_ceiling
reduce_perf,3,24,67108864,16777216,float,sum,501.2,133.9,133.9,0,488.72,137.32,137.32,0,RING,LL128,24,RING,LL128,24,0,RING,A_flag_ceiling
reduce_perf,3,24,134217728,33554432,float,sum,858.07,156.42,156.42,0,842.74,159.26,159.26,0,RING,LL128,24,RING,LL128,24,0,RING,A_flag_ceiling
reduce_perf,3,24,268435456,67108864,float,sum,1577.52,170.16,170.16,0,1595.86,168.21,168.21,0,RING,LL128,24,RING,LL128,24,0,RING,A_flag_ceiling
reduce_perf,3,24,536870912,134217728,float,sum,3021.43,177.69,177.69,0,3009.81,178.37,178.37,0,RING,LL128,24,RING,LL128,24,0,RING,A_flag_ceiling
reduce_perf,3,24,4096,1024,float,sum,36.92,0.11,0.11,0,41.59,0.1,0.1,0,RING,SIMPLE,32,RING,SIMPLE,32,0,RING,A_flag_ceiling
reduce_perf,3,24,8192,2048,float,sum,34.63,0.24,0.24,0,36.35,0.23,0.23,0,RING,SIMPLE,32,RING,SIMPLE,32,0,RING,A_flag_ceiling
reduce_perf,3,24,16384,4096,float,sum,38.08,0.43,0.43,0,39.25,0.42,0.42,0,RING,SIMPLE,32,RING,SIMPLE,32,0,RING,A_flag_ceiling
reduce_perf,3,24,32768,8192,float,sum,106.42,0.31,0.31,0,103.37,0.32,0.32,0,RING,SIMPLE,32,RING,SIMPLE,32,0,RING,A_flag_ceiling
reduce_perf,3,24,65536,16384,float,sum,138.69,0.47,0.47,0,138.42,0.47,0.47,0,RING,SIMPLE,32,RING,SIMPLE,32,0,RING,A_flag_ceiling
reduce_perf,3,24,131072,32768,float,sum,154.87,0.85,0.85,0,152.26,0.86,0.86,0,RING,SIMPLE,32,RING,SIMPLE,32,0,RING,A_flag_ceiling
reduce_perf,3,24,262144,65536,float,sum,144.6,1.81,1.81,0,149.98,1.75,1.75,0,RING,SIMPLE,32,RING,SIMPLE,32,0,RING,A_flag_ceiling
reduce_perf,3,24,524288,131072,float,sum,136.5,3.84,3.84,0,146.83,3.57,3.57,0,RING,SIMPLE,32,RING,SIMPLE,32,0,RING,A_flag_ceiling
reduce_perf,3,24,1048576,262144,float,sum,189.2,5.54,5.54,0,204.07,5.14,5.14,0,RING,SIMPLE,32,RING,SIMPLE,32,0,RING,A_flag_ceiling
reduce_perf,3,24,2097152,524288,float,sum,172.32,12.17,12.17,0,210.16,9.98,9.98,0,RING,SIMPLE,32,RING,SIMPLE,32,0,RING,A_flag_ceiling
reduce_perf,3,24,4194304,1048576,float,sum,195.14,21.49,21.49,0,205.67,20.39,20.39,0,RING,SIMPLE,32,RING,SIMPLE,32,0,RING,A_flag_ceiling
reduce_perf,3,24,8388608,2097152,float,sum,242.1,34.65,34.65,0,238.4,35.19,35.19,0,RING,SIMPLE,32,RING,SIMPLE,32,0,RING,A_flag_ceiling
reduce_perf,3,24,16777216,4194304,float,sum,324.79,51.66,51.66,0,279.06,60.12,60.12,0,RING,SIMPLE,32,RING,SIMPLE,32,0,RING,A_flag_ceiling
reduce_perf,3,24,33554432,8388608,float,sum,380.11,88.27,88.27,0,372.07,90.18,90.18,0,RING,SIMPLE,32,RING,SIMPLE,32,0,RING,A_flag_ceiling
reduce_perf,3,24,67108864,16777216,float,sum,566.79,118.4,118.4,0,544.48,123.25,123.25,0,RING,SIMPLE,32,RING,SIMPLE,32,0,RING,A_flag_ceiling
reduce_perf,3,24,134217728,33554432,float,sum,779.53,172.18,172.18,0,737.55,181.98,181.98,0,RING,SIMPLE,32,RING,SIMPLE,32,0,RING,A_flag_ceiling
reduce_perf,3,24,268435456,67108864,float,sum,1342.84,199.9,199.9,0,1327.11,202.27,202.27,0,RING,SIMPLE,32,RING,SIMPLE,32,0,RING,A_flag_ceiling
reduce_perf,3,24,536870912,134217728,float,sum,2122.35,252.96,252.96,0,2121.47,253.07,253.07,0,RING,SIMPLE,32,RING,SIMPLE,32,0,RING,A_flag_ceiling
reduce_perf,3,24,4096,1024,float,sum,30.65,0.13,0.13,0,30.79,0.13,0.13,0,RING,LL,32,RING,LL,32,0,RING,A_flag_ceiling
reduce_perf,3,24,8192,2048,float,sum,56.86,0.14,0.14,0,51.73,0.16,0.16,0,RING,LL,32,RING,LL,32,0,RING,A_flag_ceiling
reduce_perf,3,24,16384,4096,float,sum,69.65,0.24,0.24,0,72.17,0.23,0.23,0,RING,LL,32,RING,LL,32,0,RING,A_flag_ceiling
reduce_perf,3,24,32768,8192,float,sum,72.85,0.45,0.45,0,74.98,0.44,0.44,0,RING,LL,32,RING,LL,32,0,RING,A_flag_ceiling
reduce_perf,3,24,65536,16384,float,sum,74.52,0.88,0.88,0,77.03,0.85,0.85,0,RING,LL,32,RING,LL,32,0,RING,A_flag_ceiling
reduce_perf,3,24,131072,32768,float,sum,82.34,1.59,1.59,0,85.88,1.53,1.53,0,RING,LL,32,RING,LL,32,0,RING,A_flag_ceiling
reduce_perf,3,24,262144,65536,float,sum,89.21,2.94,2.94,0,90.39,2.9,2.9,0,RING,LL,32,RING,LL,32,0,RING,A_flag_ceiling
reduce_perf,3,24,524288,131072,float,sum,107.28,4.89,4.89,0,107.94,4.86,4.86,0,RING,LL,32,RING,LL,32,0,RING,A_flag_ceiling
reduce_perf,3,24,1048576,262144,float,sum,123.98,8.46,8.46,0,124.0,8.46,8.46,0,RING,LL,32,RING,LL,32,0,RING,A_flag_ceiling
reduce_perf,3,24,2097152,524288,float,sum,146.87,14.28,14.28,0,151.74,13.82,13.82,0,RING,LL,32,RING,LL,32,0,RING,A_flag_ceiling
reduce_perf,3,24,4194304,1048576,float,sum,207.5,20.21,20.21,0,208.66,20.1,20.1,0,RING,LL,32,RING,LL,32,0,RING,A_flag_ceiling
reduce_perf,3,24,8388608,2097152,float,sum,341.46,24.57,24.57,0,345.9,24.25,24.25,0,RING,LL,32,RING,LL,32,0,RING,A_flag_ceiling
reduce_perf,3,24,16777216,4194304,float,sum,595.16,28.19,28.19,0,620.37,27.04,27.04,0,RING,LL,32,RING,LL,32,0,RING,A_flag_ceiling
reduce_perf,3,24,33554432,8388608,float,sum,1106.92,30.31,30.31,0,1092.98,30.7,30.7,0,RING,LL,32,RING,LL,32,0,RING,A_flag_ceiling
reduce_perf,3,24,67108864,16777216,float,sum,1859.77,36.08,36.08,0,1856.38,36.15,36.15,0,RING,LL,32,RING,LL,32,0,RING,A_flag_ceiling
reduce_perf,3,24,134217728,33554432,float,sum,3569.0,37.61,37.61,0,3572.56,37.57,37.57,0,RING,LL,32,RING,LL,32,0,RING,A_flag_ceiling
reduce_perf,3,24,268435456,67108864,float,sum,7021.32,38.23,38.23,0,7037.84,38.14,38.14,0,RING,LL,32,RING,LL,32,0,RING,A_flag_ceiling
reduce_perf,3,24,536870912,134217728,float,sum,13895.1,38.64,38.64,0,13862.9,38.73,38.73,0,RING,LL,32,RING,LL,32,0,RING,A_flag_ceiling
reduce_perf,3,24,4096,1024,float,sum,31.83,0.13,0.13,0,31.25,0.13,0.13,0,RING,LL128,32,RING,LL128,32,0,RING,A_flag_ceiling
reduce_perf,3,24,8192,2048,float,sum,33.25,0.25,0.25,0,30.6,0.27,0.27,0,RING,LL128,32,RING,LL128,32,0,RING,A_flag_ceiling
reduce_perf,3,24,16384,4096,float,sum,35.7,0.46,0.46,0,37.54,0.44,0.44,0,RING,LL128,32,RING,LL128,32,0,RING,A_flag_ceiling
reduce_perf,3,24,32768,8192,float,sum,66.71,0.49,0.49,0,66.22,0.49,0.49,0,RING,LL128,32,RING,LL128,32,0,RING,A_flag_ceiling
reduce_perf,3,24,65536,16384,float,sum,93.82,0.7,0.7,0,138.99,0.47,0.47,0,RING,LL128,32,RING,LL128,32,0,RING,A_flag_ceiling
reduce_perf,3,24,131072,32768,float,sum,156.51,0.84,0.84,0,97.51,1.34,1.34,0,RING,LL128,32,RING,LL128,32,0,RING,A_flag_ceiling
reduce_perf,3,24,262144,65536,float,sum,85.99,3.05,3.05,0,87.48,3.0,3.0,0,RING,LL128,32,RING,LL128,32,0,RING,A_flag_ceiling
reduce_perf,3,24,524288,131072,float,sum,91.25,5.75,5.75,0,94.25,5.56,5.56,0,RING,LL128,32,RING,LL128,32,0,RING,A_flag_ceiling
reduce_perf,3,24,1048576,262144,float,sum,105.48,9.94,9.94,0,168.32,6.23,6.23,0,RING,LL128,32,RING,LL128,32,0,RING,A_flag_ceiling
reduce_perf,3,24,2097152,524288,float,sum,123.43,16.99,16.99,0,146.39,14.33,14.33,0,RING,LL128,32,RING,LL128,32,0,RING,A_flag_ceiling
reduce_perf,3,24,4194304,1048576,float,sum,150.6,27.85,27.85,0,160.36,26.16,26.16,0,RING,LL128,32,RING,LL128,32,0,RING,A_flag_ceiling
reduce_perf,3,24,8388608,2097152,float,sum,176.85,47.43,47.43,0,170.9,49.09,49.09,0,RING,LL128,32,RING,LL128,32,0,RING,A_flag_ceiling
reduce_perf,3,24,16777216,4194304,float,sum,209.65,80.02,80.02,0,216.45,77.51,77.51,0,RING,LL128,32,RING,LL128,32,0,RING,A_flag_ceiling
reduce_perf,3,24,33554432,8388608,float,sum,342.44,97.99,97.99,0,283.3,118.44,118.44,0,RING,LL128,32,RING,LL128,32,0,RING,A_flag_ceiling
reduce_perf,3,24,67108864,16777216,float,sum,428.19,156.73,156.73,0,427.53,156.97,156.97,0,RING,LL128,32,RING,LL128,32,0,RING,A_flag_ceiling
reduce_perf,3,24,134217728,33554432,float,sum,724.75,185.19,185.19,0,722.72,185.71,185.71,0,RING,LL128,32,RING,LL128,32,0,RING,A_flag_ceiling
reduce_perf,3,24,268435456,67108864,float,sum,1289.27,208.21,208.21,0,1298.12,206.79,206.79,0,RING,LL128,32,RING,LL128,32,0,RING,A_flag_ceiling
reduce_perf,3,24,536870912,134217728,float,sum,2534.88,211.79,211.79,0,2441.76,219.87,219.87,0,RING,LL128,32,RING,LL128,32,0,RING,A_flag_ceiling
reduce_perf,3,24,4096,1024,float,sum,35.25,0.12,0.12,0,37.57,0.11,0.11,0,RING,SIMPLE,40,RING,SIMPLE,40,0,RING,A_flag_ceiling
reduce_perf,3,24,8192,2048,float,sum,33.06,0.25,0.25,0,34.09,0.24,0.24,0,RING,SIMPLE,40,RING,SIMPLE,40,0,RING,A_flag_ceiling
reduce_perf,3,24,16384,4096,float,sum,32.59,0.5,0.5,0,36.59,0.45,0.45,0,RING,SIMPLE,40,RING,SIMPLE,40,0,RING,A_flag_ceiling
reduce_perf,3,24,32768,8192,float,sum,90.7,0.36,0.36,0,86.77,0.38,0.38,0,RING,SIMPLE,40,RING,SIMPLE,40,0,RING,A_flag_ceiling
reduce_perf,3,24,65536,16384,float,sum,114.73,0.57,0.57,0,115.2,0.57,0.57,0,RING,SIMPLE,40,RING,SIMPLE,40,0,RING,A_flag_ceiling
reduce_perf,3,24,131072,32768,float,sum,118.8,1.1,1.1,0,118.12,1.11,1.11,0,RING,SIMPLE,40,RING,SIMPLE,40,0,RING,A_flag_ceiling
reduce_perf,3,24,262144,65536,float,sum,118.55,2.21,2.21,0,118.25,2.22,2.22,0,RING,SIMPLE,40,RING,SIMPLE,40,0,RING,A_flag_ceiling
reduce_perf,3,24,524288,131072,float,sum,123.71,4.24,4.24,0,124.22,4.22,4.22,0,RING,SIMPLE,40,RING,SIMPLE,40,0,RING,A_flag_ceiling
reduce_perf,3,24,1048576,262144,float,sum,160.74,6.52,6.52,0,151.8,6.91,6.91,0,RING,SIMPLE,40,RING,SIMPLE,40,0,RING,A_flag_ceiling
reduce_perf,3,24,2097152,524288,float,sum,161.5,12.99,12.99,0,158.79,13.21,13.21,0,RING,SIMPLE,40,RING,SIMPLE,40,0,RING,A_flag_ceiling
reduce_perf,3,24,4194304,1048576,float,sum,181.7,23.08,23.08,0,173.91,24.12,24.12,0,RING,SIMPLE,40,RING,SIMPLE,40,0,RING,A_flag_ceiling
reduce_perf,3,24,8388608,2097152,float,sum,204.14,41.09,41.09,0,196.97,42.59,42.59,0,RING,SIMPLE,40,RING,SIMPLE,40,0,RING,A_flag_ceiling
reduce_perf,3,24,16777216,4194304,float,sum,260.61,64.38,64.38,0,248.01,67.65,67.65,0,RING,SIMPLE,40,RING,SIMPLE,40,0,RING,A_flag_ceiling
reduce_perf,3,24,33554432,8388608,float,sum,346.97,96.71,96.71,0,334.57,100.29,100.29,0,RING,SIMPLE,40,RING,SIMPLE,40,0,RING,A_flag_ceiling
reduce_perf,3,24,67108864,16777216,float,sum,460.44,145.75,145.75,0,441.1,152.14,152.14,0,RING,SIMPLE,40,RING,SIMPLE,40,0,RING,A_flag_ceiling
reduce_perf,3,24,134217728,33554432,float,sum,734.18,182.81,182.81,0,723.74,185.45,185.45,0,RING,SIMPLE,40,RING,SIMPLE,40,0,RING,A_flag_ceiling
reduce_perf,3,24,268435456,67108864,float,sum,1140.46,235.37,235.37,0,1119.39,239.81,239.81,0,RING,SIMPLE,40,RING,SIMPLE,40,0,RING,A_flag_ceiling
reduce_perf,3,24,536870912,134217728,float,sum,2085.64,257.41,257.41,0,2087.66,257.16,257.16,0,RING,SIMPLE,40,RING,SIMPLE,40,0,RING,A_flag_ceiling
reduce_perf,3,24,4096,1024,float,sum,32.85,0.12,0.12,0,30.06,0.14,0.14,0,RING,LL,40,RING,LL,40,0,RING,A_flag_ceiling
reduce_perf,3,24,8192,2048,float,sum,50.9,0.16,0.16,0,53.42,0.15,0.15,0,RING,LL,40,RING,LL,40,0,RING,A_flag_ceiling
reduce_perf,3,24,16384,4096,float,sum,72.5,0.23,0.23,0,71.41,0.23,0.23,0,RING,LL,40,RING,LL,40,0,RING,A_flag_ceiling
reduce_perf,3,24,32768,8192,float,sum,71.0,0.46,0.46,0,120.71,0.27,0.27,0,RING,LL,40,RING,LL,40,0,RING,A_flag_ceiling
reduce_perf,3,24,65536,16384,float,sum,72.49,0.9,0.9,0,72.3,0.91,0.91,0,RING,LL,40,RING,LL,40,0,RING,A_flag_ceiling
reduce_perf,3,24,131072,32768,float,sum,79.97,1.64,1.64,0,91.1,1.44,1.44,0,RING,LL,40,RING,LL,40,0,RING,A_flag_ceiling
reduce_perf,3,24,262144,65536,float,sum,131.3,2.0,2.0,0,91.0,2.88,2.88,0,RING,LL,40,RING,LL,40,0,RING,A_flag_ceiling
reduce_perf,3,24,524288,131072,float,sum,114.75,4.57,4.57,0,105.65,4.96,4.96,0,RING,LL,40,RING,LL,40,0,RING,A_flag_ceiling
reduce_perf,3,24,1048576,262144,float,sum,117.76,8.9,8.9,0,119.88,8.75,8.75,0,RING,LL,40,RING,LL,40,0,RING,A_flag_ceiling
reduce_perf,3,24,2097152,524288,float,sum,138.88,15.1,15.1,0,140.22,14.96,14.96,0,RING,LL,40,RING,LL,40,0,RING,A_flag_ceiling
reduce_perf,3,24,4194304,1048576,float,sum,177.33,23.65,23.65,0,182.23,23.02,23.02,0,RING,LL,40,RING,LL,40,0,RING,A_flag_ceiling
reduce_perf,3,24,8388608,2097152,float,sum,291.89,28.74,28.74,0,296.8,28.26,28.26,0,RING,LL,40,RING,LL,40,0,RING,A_flag_ceiling
reduce_perf,3,24,16777216,4194304,float,sum,514.0,32.64,32.64,0,510.33,32.88,32.88,0,RING,LL,40,RING,LL,40,0,RING,A_flag_ceiling
reduce_perf,3,24,33554432,8388608,float,sum,911.21,36.82,36.82,0,911.22,36.82,36.82,0,RING,LL,40,RING,LL,40,0,RING,A_flag_ceiling
reduce_perf,3,24,67108864,16777216,float,sum,1706.82,39.32,39.32,0,1704.31,39.38,39.38,0,RING,LL,40,RING,LL,40,0,RING,A_flag_ceiling
reduce_perf,3,24,134217728,33554432,float,sum,3301.8,40.65,40.65,0,3298.17,40.69,40.69,0,RING,LL,40,RING,LL,40,0,RING,A_flag_ceiling
reduce_perf,3,24,268435456,67108864,float,sum,6516.51,41.19,41.19,0,6819.68,39.36,39.36,0,RING,LL,40,RING,LL,40,0,RING,A_flag_ceiling
reduce_perf,3,24,536870912,134217728,float,sum,13424.6,39.99,39.99,0,12967.9,41.4,41.4,0,RING,LL,40,RING,LL,40,0,RING,A_flag_ceiling
reduce_perf,3,24,4096,1024,float,sum,35.08,0.12,0.12,0,31.69,0.13,0.13,0,RING,LL128,40,RING,LL128,40,0,RING,A_flag_ceiling
reduce_perf,3,24,8192,2048,float,sum,36.65,0.22,0.22,0,33.74,0.24,0.24,0,RING,LL128,40,RING,LL128,40,0,RING,A_flag_ceiling
reduce_perf,3,24,16384,4096,float,sum,43.83,0.37,0.37,0,33.67,0.49,0.49,0,RING,LL128,40,RING,LL128,40,0,RING,A_flag_ceiling
reduce_perf,3,24,32768,8192,float,sum,74.08,0.44,0.44,0,93.36,0.35,0.35,0,RING,LL128,40,RING,LL128,40,0,RING,A_flag_ceiling
reduce_perf,3,24,65536,16384,float,sum,86.41,0.76,0.76,0,91.87,0.71,0.71,0,RING,LL128,40,RING,LL128,40,0,RING,A_flag_ceiling
reduce_perf,3,24,131072,32768,float,sum,89.25,1.47,1.47,0,88.74,1.48,1.48,0,RING,LL128,40,RING,LL128,40,0,RING,A_flag_ceiling
reduce_perf,3,24,262144,65536,float,sum,93.88,2.79,2.79,0,92.14,2.85,2.85,0,RING,LL128,40,RING,LL128,40,0,RING,A_flag_ceiling
reduce_perf,3,24,524288,131072,float,sum,92.61,5.66,5.66,0,93.22,5.62,5.62,0,RING,LL128,40,RING,LL128,40,0,RING,A_flag_ceiling
reduce_perf,3,24,1048576,262144,float,sum,103.71,10.11,10.11,0,104.79,10.01,10.01,0,RING,LL128,40,RING,LL128,40,0,RING,A_flag_ceiling
reduce_perf,3,24,2097152,524288,float,sum,124.2,16.89,16.89,0,124.46,16.85,16.85,0,RING,LL128,40,RING,LL128,40,0,RING,A_flag_ceiling
reduce_perf,3,24,4194304,1048576,float,sum,151.44,27.7,27.7,0,151.76,27.64,27.64,0,RING,LL128,40,RING,LL128,40,0,RING,A_flag_ceiling
reduce_perf,3,24,8388608,2097152,float,sum,171.44,48.93,48.93,0,170.93,49.08,49.08,0,RING,LL128,40,RING,LL128,40,0,RING,A_flag_ceiling
reduce_perf,3,24,16777216,4194304,float,sum,204.88,81.89,81.89,0,207.52,80.84,80.84,0,RING,LL128,40,RING,LL128,40,0,RING,A_flag_ceiling
reduce_perf,3,24,33554432,8388608,float,sum,274.32,122.32,122.32,0,285.05,117.71,117.71,0,RING,LL128,40,RING,LL128,40,0,RING,A_flag_ceiling
reduce_perf,3,24,67108864,16777216,float,sum,414.85,161.77,161.77,0,423.09,158.61,158.61,0,RING,LL128,40,RING,LL128,40,0,RING,A_flag_ceiling
reduce_perf,3,24,134217728,33554432,float,sum,658.44,203.84,203.84,0,670.13,200.29,200.29,0,RING,LL128,40,RING,LL128,40,0,RING,A_flag_ceiling
reduce_perf,3,24,268435456,67108864,float,sum,1175.67,228.32,228.32,0,1374.78,195.26,195.26,0,RING,LL128,40,RING,LL128,40,0,RING,A_flag_ceiling
reduce_perf,3,24,536870912,134217728,float,sum,2172.72,247.1,247.1,0,2168.63,247.56,247.56,0,RING,LL128,40,RING,LL128,40,0,RING,A_flag_ceiling
reduce_perf,3,24,4096,1024,float,sum,33.98,0.12,0.12,0,32.96,0.12,0.12,0,RING,SIMPLE,48,RING,SIMPLE,48,0,RING,A_flag_ceiling
reduce_perf,3,24,8192,2048,float,sum,32.29,0.25,0.25,0,37.65,0.22,0.22,0,RING,SIMPLE,48,RING,SIMPLE,48,0,RING,A_flag_ceiling
reduce_perf,3,24,16384,4096,float,sum,35.09,0.47,0.47,0,34.05,0.48,0.48,0,RING,SIMPLE,48,RING,SIMPLE,48,0,RING,A_flag_ceiling
reduce_perf,3,24,32768,8192,float,sum,83.61,0.39,0.39,0,79.94,0.41,0.41,0,RING,SIMPLE,48,RING,SIMPLE,48,0,RING,A_flag_ceiling
reduce_perf,3,24,65536,16384,float,sum,118.59,0.55,0.55,0,114.07,0.57,0.57,0,RING,SIMPLE,48,RING,SIMPLE,48,0,RING,A_flag_ceiling
reduce_perf,3,24,131072,32768,float,sum,118.05,1.11,1.11,0,118.08,1.11,1.11,0,RING,SIMPLE,48,RING,SIMPLE,48,0,RING,A_flag_ceiling
reduce_perf,3,24,262144,65536,float,sum,122.01,2.15,2.15,0,119.28,2.2,2.2,0,RING,SIMPLE,48,RING,SIMPLE,48,0,RING,A_flag_ceiling
reduce_perf,3,24,524288,131072,float,sum,124.15,4.22,4.22,0,123.56,4.24,4.24,0,RING,SIMPLE,48,RING,SIMPLE,48,0,RING,A_flag_ceiling
reduce_perf,3,24,1048576,262144,float,sum,153.48,6.83,6.83,0,150.56,6.96,6.96,0,RING,SIMPLE,48,RING,SIMPLE,48,0,RING,A_flag_ceiling
reduce_perf,3,24,2097152,524288,float,sum,162.75,12.89,12.89,0,161.02,13.02,13.02,0,RING,SIMPLE,48,RING,SIMPLE,48,0,RING,A_flag_ceiling
reduce_perf,3,24,4194304,1048576,float,sum,176.49,23.76,23.76,0,173.36,24.19,24.19,0,RING,SIMPLE,48,RING,SIMPLE,48,0,RING,A_flag_ceiling
reduce_perf,3,24,8388608,2097152,float,sum,201.36,41.66,41.66,0,198.02,42.36,42.36,0,RING,SIMPLE,48,RING,SIMPLE,48,0,RING,A_flag_ceiling
reduce_perf,3,24,16777216,4194304,float,sum,248.49,67.52,67.52,0,250.3,67.03,67.03,0,RING,SIMPLE,48,RING,SIMPLE,48,0,RING,A_flag_ceiling
reduce_perf,3,24,33554432,8388608,float,sum,332.42,100.94,100.94,0,329.23,101.92,101.92,0,RING,SIMPLE,48,RING,SIMPLE,48,0,RING,A_flag_ceiling
reduce_perf,3,24,67108864,16777216,float,sum,446.54,150.29,150.29,0,435.51,154.09,154.09,0,RING,SIMPLE,48,RING,SIMPLE,48,0,RING,A_flag_ceiling
reduce_perf,3,24,134217728,33554432,float,sum,740.61,181.23,181.23,0,727.17,184.58,184.58,0,RING,SIMPLE,48,RING,SIMPLE,48,0,RING,A_flag_ceiling
reduce_perf,3,24,268435456,67108864,float,sum,1131.38,237.26,237.26,0,1116.45,240.44,240.44,0,RING,SIMPLE,48,RING,SIMPLE,48,0,RING,A_flag_ceiling
reduce_perf,3,24,536870912,134217728,float,sum,2123.95,252.77,252.77,0,2115.65,253.76,253.76,0,RING,SIMPLE,48,RING,SIMPLE,48,0,RING,A_flag_ceiling
reduce_perf,3,24,4096,1024,float,sum,37.38,0.11,0.11,0,28.93,0.14,0.14,0,RING,LL,48,RING,LL,48,0,RING,A_flag_ceiling
reduce_perf,3,24,8192,2048,float,sum,49.98,0.16,0.16,0,51.69,0.16,0.16,0,RING,LL,48,RING,LL,48,0,RING,A_flag_ceiling
reduce_perf,3,24,16384,4096,float,sum,68.32,0.24,0.24,0,67.45,0.24,0.24,0,RING,LL,48,RING,LL,48,0,RING,A_flag_ceiling
reduce_perf,3,24,32768,8192,float,sum,72.22,0.45,0.45,0,71.42,0.46,0.46,0,RING,LL,48,RING,LL,48,0,RING,A_flag_ceiling
reduce_perf,3,24,65536,16384,float,sum,71.95,0.91,0.91,0,73.66,0.89,0.89,0,RING,LL,48,RING,LL,48,0,RING,A_flag_ceiling
reduce_perf,3,24,131072,32768,float,sum,80.03,1.64,1.64,0,77.76,1.69,1.69,0,RING,LL,48,RING,LL,48,0,RING,A_flag_ceiling
reduce_perf,3,24,262144,65536,float,sum,88.34,2.97,2.97,0,87.66,2.99,2.99,0,RING,LL,48,RING,LL,48,0,RING,A_flag_ceiling
reduce_perf,3,24,524288,131072,float,sum,103.24,5.08,5.08,0,103.17,5.08,5.08,0,RING,LL,48,RING,LL,48,0,RING,A_flag_ceiling
reduce_perf,3,24,1048576,262144,float,sum,122.78,8.54,8.54,0,121.5,8.63,8.63,0,RING,LL,48,RING,LL,48,0,RING,A_flag_ceiling
reduce_perf,3,24,2097152,524288,float,sum,145.62,14.4,14.4,0,146.52,14.31,14.31,0,RING,LL,48,RING,LL,48,0,RING,A_flag_ceiling
reduce_perf,3,24,4194304,1048576,float,sum,191.24,21.93,21.93,0,189.94,22.08,22.08,0,RING,LL,48,RING,LL,48,0,RING,A_flag_ceiling
reduce_perf,3,24,8388608,2097152,float,sum,323.51,25.93,25.93,0,325.87,25.74,25.74,0,RING,LL,48,RING,LL,48,0,RING,A_flag_ceiling
reduce_perf,3,24,16777216,4194304,float,sum,523.95,32.02,32.02,0,527.91,31.78,31.78,0,RING,LL,48,RING,LL,48,0,RING,A_flag_ceiling
reduce_perf,3,24,33554432,8388608,float,sum,964.35,34.79,34.79,0,957.21,35.05,35.05,0,RING,LL,48,RING,LL,48,0,RING,A_flag_ceiling
reduce_perf,3,24,67108864,16777216,float,sum,1799.24,37.3,37.3,0,1791.48,37.46,37.46,0,RING,LL,48,RING,LL,48,0,RING,A_flag_ceiling
reduce_perf,3,24,134217728,33554432,float,sum,3464.24,38.74,38.74,0,3462.35,38.76,38.76,0,RING,LL,48,RING,LL,48,0,RING,A_flag_ceiling
reduce_perf,3,24,268435456,67108864,float,sum,6773.38,39.63,39.63,0,6617.92,40.56,40.56,0,RING,LL,48,RING,LL,48,0,RING,A_flag_ceiling
reduce_perf,3,24,536870912,134217728,float,sum,13041.8,41.17,41.17,0,13104.8,40.97,40.97,0,RING,LL,48,RING,LL,48,0,RING,A_flag_ceiling
reduce_perf,3,24,4096,1024,float,sum,34.27,0.12,0.12,0,36.47,0.11,0.11,0,RING,LL128,48,RING,LL128,48,0,RING,A_flag_ceiling
reduce_perf,3,24,8192,2048,float,sum,35.75,0.23,0.23,0,35.25,0.23,0.23,0,RING,LL128,48,RING,LL128,48,0,RING,A_flag_ceiling
reduce_perf,3,24,16384,4096,float,sum,35.89,0.46,0.46,0,34.81,0.47,0.47,0,RING,LL128,48,RING,LL128,48,0,RING,A_flag_ceiling
reduce_perf,3,24,32768,8192,float,sum,83.47,0.39,0.39,0,66.29,0.49,0.49,0,RING,LL128,48,RING,LL128,48,0,RING,A_flag_ceiling
reduce_perf,3,24,65536,16384,float,sum,91.74,0.71,0.71,0,109.62,0.6,0.6,0,RING,LL128,48,RING,LL128,48,0,RING,A_flag_ceiling
reduce_perf,3,24,131072,32768,float,sum,95.13,1.38,1.38,0,96.19,1.36,1.36,0,RING,LL128,48,RING,LL128,48,0,RING,A_flag_ceiling
reduce_perf,3,24,262144,65536,float,sum,99.43,2.64,2.64,0,104.89,2.5,2.5,0,RING,LL128,48,RING,LL128,48,0,RING,A_flag_ceiling
reduce_perf,3,24,524288,131072,float,sum,97.99,5.35,5.35,0,96.54,5.43,5.43,0,RING,LL128,48,RING,LL128,48,0,RING,A_flag_ceiling
reduce_perf,3,24,1048576,262144,float,sum,110.55,9.49,9.49,0,113.3,9.25,9.25,0,RING,LL128,48,RING,LL128,48,0,RING,A_flag_ceiling
reduce_perf,3,24,2097152,524288,float,sum,135.09,15.52,15.52,0,133.73,15.68,15.68,0,RING,LL128,48,RING,LL128,48,0,RING,A_flag_ceiling
reduce_perf,3,24,4194304,1048576,float,sum,153.76,27.28,27.28,0,155.07,27.05,27.05,0,RING,LL128,48,RING,LL128,48,0,RING,A_flag_ceiling
reduce_perf,3,24,8388608,2097152,float,sum,174.84,47.98,47.98,0,174.46,48.08,48.08,0,RING,LL128,48,RING,LL128,48,0,RING,A_flag_ceiling
reduce_perf,3,24,16777216,4194304,float,sum,214.24,78.31,78.31,0,208.0,80.66,80.66,0,RING,LL128,48,RING,LL128,48,0,RING,A_flag_ceiling
reduce_perf,3,24,33554432,8388608,float,sum,274.99,122.02,122.02,0,276.17,121.5,121.5,0,RING,LL128,48,RING,LL128,48,0,RING,A_flag_ceiling
reduce_perf,3,24,67108864,16777216,float,sum,401.64,167.09,167.09,0,399.21,168.1,168.1,0,RING,LL128,48,RING,LL128,48,0,RING,A_flag_ceiling
reduce_perf,3,24,134217728,33554432,float,sum,632.23,212.29,212.29,0,629.7,213.14,213.14,0,RING,LL128,48,RING,LL128,48,0,RING,A_flag_ceiling
reduce_perf,3,24,268435456,67108864,float,sum,1104.96,242.94,242.94,0,1103.22,243.32,243.32,0,RING,LL128,48,RING,LL128,48,0,RING,A_flag_ceiling
reduce_perf,3,24,536870912,134217728,float,sum,2009.38,267.18,267.18,0,2005.79,267.66,267.66,0,RING,LL128,48,RING,LL128,48,0,RING,A_flag_ceiling
reduce_perf,3,24,4096,1024,float,sum,45.33,0.09,0.09,0,35.62,0.12,0.12,0,RING,SIMPLE,1,RING,SIMPLE,1,0,RING,A_flag_ceiling
reduce_perf,3,24,8192,2048,float,sum,36.15,0.23,0.23,0,42.23,0.19,0.19,0,RING,SIMPLE,1,RING,SIMPLE,1,0,RING,A_flag_ceiling
reduce_perf,3,24,16384,4096,float,sum,38.17,0.43,0.43,0,38.4,0.43,0.43,0,RING,SIMPLE,1,RING,SIMPLE,1,0,RING,A_flag_ceiling
reduce_perf,3,24,32768,8192,float,sum,43.53,0.75,0.75,0,39.4,0.83,0.83,0,RING,SIMPLE,1,RING,SIMPLE,1,0,RING,A_flag_ceiling
reduce_perf,3,24,65536,16384,float,sum,44.75,1.46,1.46,0,45.26,1.45,1.45,0,RING,SIMPLE,1,RING,SIMPLE,1,0,RING,A_flag_ceiling
reduce_perf,3,24,131072,32768,float,sum,63.49,2.06,2.06,0,53.6,2.45,2.45,0,RING,SIMPLE,1,RING,SIMPLE,1,0,RING,A_flag_ceiling
reduce_perf,3,24,262144,65536,float,sum,79.25,3.31,3.31,0,74.63,3.51,3.51,0,RING,SIMPLE,1,RING,SIMPLE,1,0,RING,A_flag_ceiling
reduce_perf,3,24,524288,131072,float,sum,94.28,5.56,5.56,0,90.18,5.81,5.81,0,RING,SIMPLE,1,RING,SIMPLE,1,0,RING,A_flag_ceiling
reduce_perf,3,24,1048576,262144,float,sum,164.81,6.36,6.36,0,161.8,6.48,6.48,0,RING,SIMPLE,1,RING,SIMPLE,1,0,RING,A_flag_ceiling
reduce_perf,3,24,2097152,524288,float,sum,212.58,9.87,9.87,0,207.3,10.12,10.12,0,RING,SIMPLE,1,RING,SIMPLE,1,0,RING,A_flag_ceiling
reduce_perf,3,24,4194304,1048576,float,sum,412.55,10.17,10.17,0,395.29,10.61,10.61,0,RING,SIMPLE,1,RING,SIMPLE,1,0,RING,A_flag_ceiling
reduce_perf,3,24,8388608,2097152,float,sum,670.62,12.51,12.51,0,660.94,12.69,12.69,0,RING,SIMPLE,1,RING,SIMPLE,1,0,RING,A_flag_ceiling
reduce_perf,3,24,16777216,4194304,float,sum,1292.34,12.98,12.98,0,1253.95,13.38,13.38,0,RING,SIMPLE,1,RING,SIMPLE,1,0,RING,A_flag_ceiling
reduce_perf,3,24,33554432,8388608,float,sum,2533.75,13.24,13.24,0,2367.48,14.17,14.17,0,RING,SIMPLE,1,RING,SIMPLE,1,0,RING,A_flag_ceiling
reduce_perf,3,24,67108864,16777216,float,sum,4765.01,14.08,14.08,0,4726.46,14.2,14.2,0,RING,SIMPLE,1,RING,SIMPLE,1,0,RING,A_flag_ceiling
reduce_perf,3,24,134217728,33554432,float,sum,9575.29,14.02,14.02,0,9475.42,14.16,14.16,0,RING,SIMPLE,1,RING,SIMPLE,1,0,RING,A_flag_ceiling
reduce_perf,3,24,268435456,67108864,float,sum,19231.9,13.96,13.96,0,19058.8,14.08,14.08,0,RING,SIMPLE,1,RING,SIMPLE,1,0,RING,A_flag_ceiling
reduce_perf,3,24,536870912,134217728,float,sum,37690.5,14.24,14.24,0,38387.2,13.99,13.99,0,RING,SIMPLE,1,RING,SIMPLE,1,0,RING,A_flag_ceiling
reduce_perf,3,24,4096,1024,float,sum,31.56,0.13,0.13,0,29.15,0.14,0.14,0,RING,LL,1,RING,LL,1,0,RING,A_flag_ceiling
reduce_perf,3,24,8192,2048,float,sum,31.66,0.26,0.26,0,30.06,0.27,0.27,0,RING,LL,1,RING,LL,1,0,RING,A_flag_ceiling
reduce_perf,3,24,16384,4096,float,sum,34.67,0.47,0.47,0,34.56,0.47,0.47,0,RING,LL,1,RING,LL,1,0,RING,A_flag_ceiling
reduce_perf,3,24,32768,8192,float,sum,40.26,0.81,0.81,0,38.38,0.85,0.85,0,RING,LL,1,RING,LL,1,0,RING,A_flag_ceiling
reduce_perf,3,24,65536,16384,float,sum,50.19,1.31,1.31,0,56.01,1.17,1.17,0,RING,LL,1,RING,LL,1,0,RING,A_flag_ceiling
reduce_perf,3,24,131072,32768,float,sum,75.41,1.74,1.74,0,75.85,1.73,1.73,0,RING,LL,1,RING,LL,1,0,RING,A_flag_ceiling
reduce_perf,3,24,262144,65536,float,sum,140.4,1.87,1.87,0,145.55,1.8,1.8,0,RING,LL,1,RING,LL,1,0,RING,A_flag_ceiling
reduce_perf,3,24,524288,131072,float,sum,252.5,2.08,2.08,0,260.29,2.01,2.01,0,RING,LL,1,RING,LL,1,0,RING,A_flag_ceiling
reduce_perf,3,24,1048576,262144,float,sum,497.16,2.11,2.11,0,488.41,2.15,2.15,0,RING,LL,1,RING,LL,1,0,RING,A_flag_ceiling
reduce_perf,3,24,2097152,524288,float,sum,967.81,2.17,2.17,0,967.3,2.17,2.17,0,RING,LL,1,RING,LL,1,0,RING,A_flag_ceiling
reduce_perf,3,24,4194304,1048576,float,sum,1935.78,2.17,2.17,0,1925.46,2.18,2.18,0,RING,LL,1,RING,LL,1,0,RING,A_flag_ceiling
reduce_perf,3,24,8388608,2097152,float,sum,3842.31,2.18,2.18,0,3856.3,2.18,2.18,0,RING,LL,1,RING,LL,1,0,RING,A_flag_ceiling
reduce_perf,3,24,16777216,4194304,float,sum,7653.32,2.19,2.19,0,7690.36,2.18,2.18,0,RING,LL,1,RING,LL,1,0,RING,A_flag_ceiling
reduce_perf,3,24,33554432,8388608,float,sum,15369.4,2.18,2.18,0,15407.3,2.18,2.18,0,RING,LL,1,RING,LL,1,0,RING,A_flag_ceiling
reduce_perf,3,24,67108864,16777216,float,sum,30737.3,2.18,2.18,0,30703.7,2.19,2.19,0,RING,LL,1,RING,LL,1,0,RING,A_flag_ceiling
reduce_perf,3,24,134217728,33554432,float,sum,61456.6,2.18,2.18,0,61150.2,2.19,2.19,0,RING,LL,1,RING,LL,1,0,RING,A_flag_ceiling
reduce_perf,3,24,268435456,67108864,float,sum,122418.0,2.19,2.19,0,122627.0,2.19,2.19,0,RING,LL,1,RING,LL,1,0,RING,A_flag_ceiling
reduce_perf,3,24,536870912,134217728,float,sum,244594.0,2.19,2.19,0,244649.0,2.19,2.19,0,RING,LL,1,RING,LL,1,0,RING,A_flag_ceiling
reduce_perf,3,24,4096,1024,float,sum,32.17,0.13,0.13,0,32.06,0.13,0.13,0,RING,LL128,1,RING,LL128,1,0,RING,A_flag_ceiling
reduce_perf,3,24,8192,2048,float,sum,32.65,0.25,0.25,0,28.88,0.28,0.28,0,RING,LL128,1,RING,LL128,1,0,RING,A_flag_ceiling
reduce_perf,3,24,16384,4096,float,sum,32.41,0.51,0.51,0,33.37,0.49,0.49,0,RING,LL128,1,RING,LL128,1,0,RING,A_flag_ceiling
reduce_perf,3,24,32768,8192,float,sum,32.79,1.0,1.0,0,34.49,0.95,0.95,0,RING,LL128,1,RING,LL128,1,0,RING,A_flag_ceiling
reduce_perf,3,24,65536,16384,float,sum,35.76,1.83,1.83,0,35.97,1.82,1.82,0,RING,LL128,1,RING,LL128,1,0,RING,A_flag_ceiling
reduce_perf,3,24,131072,32768,float,sum,45.02,2.91,2.91,0,45.74,2.87,2.87,0,RING,LL128,1,RING,LL128,1,0,RING,A_flag_ceiling
reduce_perf,3,24,262144,65536,float,sum,62.74,4.18,4.18,0,56.03,4.68,4.68,0,RING,LL128,1,RING,LL128,1,0,RING,A_flag_ceiling
reduce_perf,3,24,524288,131072,float,sum,80.3,6.53,6.53,0,85.84,6.11,6.11,0,RING,LL128,1,RING,LL128,1,0,RING,A_flag_ceiling
reduce_perf,3,24,1048576,262144,float,sum,132.5,7.91,7.91,0,138.14,7.59,7.59,0,RING,LL128,1,RING,LL128,1,0,RING,A_flag_ceiling
reduce_perf,3,24,2097152,524288,float,sum,252.39,8.31,8.31,0,246.63,8.5,8.5,0,RING,LL128,1,RING,LL128,1,0,RING,A_flag_ceiling
reduce_perf,3,24,4194304,1048576,float,sum,484.57,8.66,8.66,0,476.77,8.8,8.8,0,RING,LL128,1,RING,LL128,1,0,RING,A_flag_ceiling
reduce_perf,3,24,8388608,2097152,float,sum,934.05,8.98,8.98,0,943.84,8.89,8.89,0,RING,LL128,1,RING,LL128,1,0,RING,A_flag_ceiling
reduce_perf,3,24,16777216,4194304,float,sum,1853.6,9.05,9.05,0,1871.55,8.96,8.96,0,RING,LL128,1,RING,LL128,1,0,RING,A_flag_ceiling
reduce_perf,3,24,33554432,8388608,float,sum,3713.96,9.03,9.03,0,3683.37,9.11,9.11,0,RING,LL128,1,RING,LL128,1,0,RING,A_flag_ceiling
reduce_perf,3,24,67108864,16777216,float,sum,7363.82,9.11,9.11,0,7333.86,9.15,9.15,0,RING,LL128,1,RING,LL128,1,0,RING,A_flag_ceiling
reduce_perf,3,24,134217728,33554432,float,sum,14701.5,9.13,9.13,0,14660.4,9.16,9.16,0,RING,LL128,1,RING,LL128,1,0,RING,A_flag_ceiling
reduce_perf,3,24,268435456,67108864,float,sum,29443.3,9.12,9.12,0,29547.6,9.08,9.08,0,RING,LL128,1,RING,LL128,1,0,RING,A_flag_ceiling
reduce_perf,3,24,536870912,134217728,float,sum,58949.5,9.11,9.11,0,59046.0,9.09,9.09,0,RING,LL128,1,RING,LL128,1,0,RING,A_flag_ceiling
reduce_perf,3,24,4096,1024,float,sum,36.58,0.11,0.11,0,35.92,0.11,0.11,0,RING,SIMPLE,2,RING,SIMPLE,2,0,RING,A_flag_ceiling
reduce_perf,3,24,8192,2048,float,sum,36.3,0.23,0.23,0,35.09,0.23,0.23,0,RING,SIMPLE,2,RING,SIMPLE,2,0,RING,A_flag_ceiling
reduce_perf,3,24,16384,4096,float,sum,34.18,0.48,0.48,0,36.02,0.45,0.45,0,RING,SIMPLE,2,RING,SIMPLE,2,0,RING,A_flag_ceiling
reduce_perf,3,24,32768,8192,float,sum,83.3,0.39,0.39,0,84.55,0.39,0.39,0,RING,SIMPLE,2,RING,SIMPLE,2,0,RING,A_flag_ceiling
reduce_perf,3,24,65536,16384,float,sum,105.99,0.62,0.62,0,108.33,0.6,0.6,0,RING,SIMPLE,2,RING,SIMPLE,2,0,RING,A_flag_ceiling
reduce_perf,3,24,131072,32768,float,sum,105.42,1.24,1.24,0,106.33,1.23,1.23,0,RING,SIMPLE,2,RING,SIMPLE,2,0,RING,A_flag_ceiling
reduce_perf,3,24,262144,65536,float,sum,117.94,2.22,2.22,0,115.43,2.27,2.27,0,RING,SIMPLE,2,RING,SIMPLE,2,0,RING,A_flag_ceiling
reduce_perf,3,24,524288,131072,float,sum,141.95,3.69,3.69,0,138.81,3.78,3.78,0,RING,SIMPLE,2,RING,SIMPLE,2,0,RING,A_flag_ceiling
reduce_perf,3,24,1048576,262144,float,sum,182.7,5.74,5.74,0,187.62,5.59,5.59,0,RING,SIMPLE,2,RING,SIMPLE,2,0,RING,A_flag_ceiling
reduce_perf,3,24,2097152,524288,float,sum,236.47,8.87,8.87,0,236.9,8.85,8.85,0,RING,SIMPLE,2,RING,SIMPLE,2,0,RING,A_flag_ceiling
reduce_perf,3,24,4194304,1048576,float,sum,358.81,11.69,11.69,0,354.87,11.82,11.82,0,RING,SIMPLE,2,RING,SIMPLE,2,0,RING,A_flag_ceiling
reduce_perf,3,24,8388608,2097152,float,sum,536.5,15.64,15.64,0,514.65,16.3,16.3,0,RING,SIMPLE,2,RING,SIMPLE,2,0,RING,A_flag_ceiling
reduce_perf,3,24,16777216,4194304,float,sum,900.79,18.63,18.63,0,883.68,18.99,18.99,0,RING,SIMPLE,2,RING,SIMPLE,2,0,RING,A_flag_ceiling
reduce_perf,3,24,33554432,8388608,float,sum,1484.75,22.6,22.6,0,1468.07,22.86,22.86,0,RING,SIMPLE,2,RING,SIMPLE,2,0,RING,A_flag_ceiling
reduce_perf,3,24,67108864,16777216,float,sum,2809.7,23.88,23.88,0,2765.83,24.26,24.26,0,RING,SIMPLE,2,RING,SIMPLE,2,0,RING,A_flag_ceiling
reduce_perf,3,24,134217728,33554432,float,sum,5106.94,26.28,26.28,0,5008.88,26.8,26.8,0,RING,SIMPLE,2,RING,SIMPLE,2,0,RING,A_flag_ceiling
reduce_perf,3,24,268435456,67108864,float,sum,9721.68,27.61,27.61,0,9673.39,27.75,27.75,0,RING,SIMPLE,2,RING,SIMPLE,2,0,RING,A_flag_ceiling
reduce_perf,3,24,536870912,134217728,float,sum,19075.8,28.14,28.14,0,18907.4,28.39,28.39,0,RING,SIMPLE,2,RING,SIMPLE,2,0,RING,A_flag_ceiling
reduce_perf,3,24,4096,1024,float,sum,33.53,0.12,0.12,0,29.18,0.14,0.14,0,RING,LL,2,RING,LL,2,0,RING,A_flag_ceiling
reduce_perf,3,24,8192,2048,float,sum,56.23,0.15,0.15,0,52.57,0.16,0.16,0,RING,LL,2,RING,LL,2,0,RING,A_flag_ceiling
reduce_perf,3,24,16384,4096,float,sum,56.84,0.29,0.29,0,58.3,0.28,0.28,0,RING,LL,2,RING,LL,2,0,RING,A_flag_ceiling
reduce_perf,3,24,32768,8192,float,sum,80.63,0.41,0.41,0,65.5,0.5,0.5,0,RING,LL,2,RING,LL,2,0,RING,A_flag_ceiling
reduce_perf,3,24,65536,16384,float,sum,74.91,0.87,0.87,0,73.11,0.9,0.9,0,RING,LL,2,RING,LL,2,0,RING,A_flag_ceiling
reduce_perf,3,24,131072,32768,float,sum,89.6,1.46,1.46,0,100.6,1.3,1.3,0,RING,LL,2,RING,LL,2,0,RING,A_flag_ceiling
reduce_perf,3,24,262144,65536,float,sum,116.88,2.24,2.24,0,121.24,2.16,2.16,0,RING,LL,2,RING,LL,2,0,RING,A_flag_ceiling
reduce_perf,3,24,524288,131072,float,sum,177.6,2.95,2.95,0,177.7,2.95,2.95,0,RING,LL,2,RING,LL,2,0,RING,A_flag_ceiling
reduce_perf,3,24,1048576,262144,float,sum,293.0,3.58,3.58,0,297.92,3.52,3.52,0,RING,LL,2,RING,LL,2,0,RING,A_flag_ceiling
reduce_perf,3,24,2097152,524288,float,sum,523.23,4.01,4.01,0,531.23,3.95,3.95,0,RING,LL,2,RING,LL,2,0,RING,A_flag_ceiling
reduce_perf,3,24,4194304,1048576,float,sum,1002.45,4.18,4.18,0,991.03,4.23,4.23,0,RING,LL,2,RING,LL,2,0,RING,A_flag_ceiling
reduce_perf,3,24,8388608,2097152,float,sum,1944.24,4.31,4.31,0,1926.36,4.35,4.35,0,RING,LL,2,RING,LL,2,0,RING,A_flag_ceiling
reduce_perf,3,24,16777216,4194304,float,sum,3829.98,4.38,4.38,0,3841.97,4.37,4.37,0,RING,LL,2,RING,LL,2,0,RING,A_flag_ceiling
reduce_perf,3,24,33554432,8388608,float,sum,7660.81,4.38,4.38,0,7636.11,4.39,4.39,0,RING,LL,2,RING,LL,2,0,RING,A_flag_ceiling
reduce_perf,3,24,67108864,16777216,float,sum,15264.9,4.4,4.4,0,15338.3,4.38,4.38,0,RING,LL,2,RING,LL,2,0,RING,A_flag_ceiling
reduce_perf,3,24,134217728,33554432,float,sum,30494.8,4.4,4.4,0,30490.5,4.4,4.4,0,RING,LL,2,RING,LL,2,0,RING,A_flag_ceiling
reduce_perf,3,24,268435456,67108864,float,sum,61002.5,4.4,4.4,0,60999.2,4.4,4.4,0,RING,LL,2,RING,LL,2,0,RING,A_flag_ceiling
reduce_perf,3,24,536870912,134217728,float,sum,121942.0,4.4,4.4,0,122102.0,4.4,4.4,0,RING,LL,2,RING,LL,2,0,RING,A_flag_ceiling
reduce_perf,3,24,4096,1024,float,sum,32.54,0.13,0.13,0,36.01,0.11,0.11,0,RING,LL128,2,RING,LL128,2,0,RING,A_flag_ceiling
reduce_perf,3,24,8192,2048,float,sum,35.08,0.23,0.23,0,33.0,0.25,0.25,0,RING,LL128,2,RING,LL128,2,0,RING,A_flag_ceiling
reduce_perf,3,24,16384,4096,float,sum,31.77,0.52,0.52,0,33.55,0.49,0.49,0,RING,LL128,2,RING,LL128,2,0,RING,A_flag_ceiling
reduce_perf,3,24,32768,8192,float,sum,71.97,0.46,0.46,0,87.05,0.38,0.38,0,RING,LL128,2,RING,LL128,2,0,RING,A_flag_ceiling
reduce_perf,3,24,65536,16384,float,sum,78.38,0.84,0.84,0,77.9,0.84,0.84,0,RING,LL128,2,RING,LL128,2,0,RING,A_flag_ceiling
reduce_perf,3,24,131072,32768,float,sum,88.45,1.48,1.48,0,91.68,1.43,1.43,0,RING,LL128,2,RING,LL128,2,0,RING,A_flag_ceiling
reduce_perf,3,24,262144,65536,float,sum,100.08,2.62,2.62,0,102.12,2.57,2.57,0,RING,LL128,2,RING,LL128,2,0,RING,A_flag_ceiling
reduce_perf,3,24,524288,131072,float,sum,115.53,4.54,4.54,0,112.35,4.67,4.67,0,RING,LL128,2,RING,LL128,2,0,RING,A_flag_ceiling
reduce_perf,3,24,1048576,262144,float,sum,139.16,7.53,7.53,0,143.11,7.33,7.33,0,RING,LL128,2,RING,LL128,2,0,RING,A_flag_ceiling
reduce_perf,3,24,2097152,524288,float,sum,206.55,10.15,10.15,0,203.64,10.3,10.3,0,RING,LL128,2,RING,LL128,2,0,RING,A_flag_ceiling
reduce_perf,3,24,4194304,1048576,float,sum,316.45,13.25,13.25,0,330.49,12.69,12.69,0,RING,LL128,2,RING,LL128,2,0,RING,A_flag_ceiling
reduce_perf,3,24,8388608,2097152,float,sum,531.8,15.77,15.77,0,543.38,15.44,15.44,0,RING,LL128,2,RING,LL128,2,0,RING,A_flag_ceiling
reduce_perf,3,24,16777216,4194304,float,sum,987.27,16.99,16.99,0,975.02,17.21,17.21,0,RING,LL128,2,RING,LL128,2,0,RING,A_flag_ceiling
reduce_perf,3,24,33554432,8388608,float,sum,1902.0,17.64,17.64,0,1901.52,17.65,17.65,0,RING,LL128,2,RING,LL128,2,0,RING,A_flag_ceiling
reduce_perf,3,24,67108864,16777216,float,sum,3731.92,17.98,17.98,0,3745.24,17.92,17.92,0,RING,LL128,2,RING,LL128,2,0,RING,A_flag_ceiling
reduce_perf,3,24,134217728,33554432,float,sum,7501.48,17.89,17.89,0,7516.48,17.86,17.86,0,RING,LL128,2,RING,LL128,2,0,RING,A_flag_ceiling
reduce_perf,3,24,268435456,67108864,float,sum,14895.0,18.02,18.02,0,14853.6,18.07,18.07,0,RING,LL128,2,RING,LL128,2,0,RING,A_flag_ceiling
reduce_perf,3,24,536870912,134217728,float,sum,29948.9,17.93,17.93,0,29836.9,17.99,17.99,0,RING,LL128,2,RING,LL128,2,0,RING,A_flag_ceiling
reduce_perf,3,24,4096,1024,float,sum,40.34,0.1,0.1,0,35.9,0.11,0.11,0,RING,SIMPLE,4,RING,SIMPLE,4,0,RING,A_flag_ceiling
reduce_perf,3,24,8192,2048,float,sum,37.74,0.22,0.22,0,36.76,0.22,0.22,0,RING,SIMPLE,4,RING,SIMPLE,4,0,RING,A_flag_ceiling
reduce_perf,3,24,16384,4096,float,sum,37.68,0.43,0.43,0,38.84,0.42,0.42,0,RING,SIMPLE,4,RING,SIMPLE,4,0,RING,A_flag_ceiling
reduce_perf,3,24,32768,8192,float,sum,93.81,0.35,0.35,0,99.81,0.33,0.33,0,RING,SIMPLE,4,RING,SIMPLE,4,0,RING,A_flag_ceiling
reduce_perf,3,24,65536,16384,float,sum,121.76,0.54,0.54,0,117.27,0.56,0.56,0,RING,SIMPLE,4,RING,SIMPLE,4,0,RING,A_flag_ceiling
reduce_perf,3,24,131072,32768,float,sum,144.19,0.91,0.91,0,141.03,0.93,0.93,0,RING,SIMPLE,4,RING,SIMPLE,4,0,RING,A_flag_ceiling
reduce_perf,3,24,262144,65536,float,sum,151.09,1.73,1.73,0,157.0,1.67,1.67,0,RING,SIMPLE,4,RING,SIMPLE,4,0,RING,A_flag_ceiling
reduce_perf,3,24,524288,131072,float,sum,166.24,3.15,3.15,0,159.34,3.29,3.29,0,RING,SIMPLE,4,RING,SIMPLE,4,0,RING,A_flag_ceiling
reduce_perf,3,24,1048576,262144,float,sum,188.48,5.56,5.56,0,184.7,5.68,5.68,0,RING,SIMPLE,4,RING,SIMPLE,4,0,RING,A_flag_ceiling
reduce_perf,3,24,2097152,524288,float,sum,245.46,8.54,8.54,0,242.26,8.66,8.66,0,RING,SIMPLE,4,RING,SIMPLE,4,0,RING,A_flag_ceiling
reduce_perf,3,24,4194304,1048576,float,sum,301.73,13.9,13.9,0,298.82,14.04,14.04,0,RING,SIMPLE,4,RING,SIMPLE,4,0,RING,A_flag_ceiling
reduce_perf,3,24,8388608,2097152,float,sum,453.98,18.48,18.48,0,459.61,18.25,18.25,0,RING,SIMPLE,4,RING,SIMPLE,4,0,RING,A_flag_ceiling
reduce_perf,3,24,16777216,4194304,float,sum,642.79,26.1,26.1,0,634.38,26.45,26.45,0,RING,SIMPLE,4,RING,SIMPLE,4,0,RING,A_flag_ceiling
reduce_perf,3,24,33554432,8388608,float,sum,1099.01,30.53,30.53,0,1066.19,31.47,31.47,0,RING,SIMPLE,4,RING,SIMPLE,4,0,RING,A_flag_ceiling
reduce_perf,3,24,67108864,16777216,float,sum,1729.44,38.8,38.8,0,1711.12,39.22,39.22,0,RING,SIMPLE,4,RING,SIMPLE,4,0,RING,A_flag_ceiling
reduce_perf,3,24,134217728,33554432,float,sum,3222.03,41.66,41.66,0,3178.15,42.23,42.23,0,RING,SIMPLE,4,RING,SIMPLE,4,0,RING,A_flag_ceiling
reduce_perf,3,24,268435456,67108864,float,sum,5676.24,47.29,47.29,0,5610.75,47.84,47.84,0,RING,SIMPLE,4,RING,SIMPLE,4,0,RING,A_flag_ceiling
reduce_perf,3,24,536870912,134217728,float,sum,10560.7,50.84,50.84,0,10519.9,51.03,51.03,0,RING,SIMPLE,4,RING,SIMPLE,4,0,RING,A_flag_ceiling
reduce_perf,3,24,4096,1024,float,sum,30.74,0.13,0.13,0,31.06,0.13,0.13,0,RING,LL,4,RING,LL,4,0,RING,A_flag_ceiling
reduce_perf,3,24,8192,2048,float,sum,53.37,0.15,0.15,0,55.68,0.15,0.15,0,RING,LL,4,RING,LL,4,0,RING,A_flag_ceiling
reduce_perf,3,24,16384,4096,float,sum,79.03,0.21,0.21,0,67.44,0.24,0.24,0,RING,LL,4,RING,LL,4,0,RING,A_flag_ceiling
reduce_perf,3,24,32768,8192,float,sum,77.35,0.42,0.42,0,76.56,0.43,0.43,0,RING,LL,4,RING,LL,4,0,RING,A_flag_ceiling
reduce_perf,3,24,65536,16384,float,sum,95.21,0.69,0.69,0,92.9,0.71,0.71,0,RING,LL,4,RING,LL,4,0,RING,A_flag_ceiling
reduce_perf,3,24,131072,32768,float,sum,99.79,1.31,1.31,0,99.06,1.32,1.32,0,RING,LL,4,RING,LL,4,0,RING,A_flag_ceiling
reduce_perf,3,24,262144,65536,float,sum,114.79,2.28,2.28,0,120.33,2.18,2.18,0,RING,LL,4,RING,LL,4,0,RING,A_flag_ceiling
reduce_perf,3,24,524288,131072,float,sum,149.84,3.5,3.5,0,150.38,3.49,3.49,0,RING,LL,4,RING,LL,4,0,RING,A_flag_ceiling
reduce_perf,3,24,1048576,262144,float,sum,213.7,4.91,4.91,0,206.45,5.08,5.08,0,RING,LL,4,RING,LL,4,0,RING,A_flag_ceiling
reduce_perf,3,24,2097152,524288,float,sum,325.1,6.45,6.45,0,327.71,6.4,6.4,0,RING,LL,4,RING,LL,4,0,RING,A_flag_ceiling
reduce_perf,3,24,4194304,1048576,float,sum,575.19,7.29,7.29,0,576.13,7.28,7.28,0,RING,LL,4,RING,LL,4,0,RING,A_flag_ceiling
reduce_perf,3,24,8388608,2097152,float,sum,1065.7,7.87,7.87,0,1063.04,7.89,7.89,0,RING,LL,4,RING,LL,4,0,RING,A_flag_ceiling
reduce_perf,3,24,16777216,4194304,float,sum,2028.17,8.27,8.27,0,2018.71,8.31,8.31,0,RING,LL,4,RING,LL,4,0,RING,A_flag_ceiling
reduce_perf,3,24,33554432,8388608,float,sum,3987.0,8.42,8.42,0,4028.67,8.33,8.33,0,RING,LL,4,RING,LL,4,0,RING,A_flag_ceiling
reduce_perf,3,24,67108864,16777216,float,sum,7921.91,8.47,8.47,0,7907.06,8.49,8.49,0,RING,LL,4,RING,LL,4,0,RING,A_flag_ceiling
reduce_perf,3,24,134217728,33554432,float,sum,15686.9,8.56,8.56,0,15663.9,8.57,8.57,0,RING,LL,4,RING,LL,4,0,RING,A_flag_ceiling
reduce_perf,3,24,268435456,67108864,float,sum,31262.8,8.59,8.59,0,31203.3,8.6,8.6,0,RING,LL,4,RING,LL,4,0,RING,A_flag_ceiling
reduce_perf,3,24,536870912,134217728,float,sum,62485.6,8.59,8.59,0,62838.7,8.54,8.54,0,RING,LL,4,RING,LL,4,0,RING,A_flag_ceiling
reduce_perf,3,24,4096,1024,float,sum,33.04,0.12,0.12,0,32.33,0.13,0.13,0,RING,LL128,4,RING,LL128,4,0,RING,A_flag_ceiling
reduce_perf,3,24,8192,2048,float,sum,34.31,0.24,0.24,0,38.26,0.21,0.21,0,RING,LL128,4,RING,LL128,4,0,RING,A_flag_ceiling
reduce_perf,3,24,16384,4096,float,sum,36.16,0.45,0.45,0,33.86,0.48,0.48,0,RING,LL128,4,RING,LL128,4,0,RING,A_flag_ceiling
reduce_perf,3,24,32768,8192,float,sum,69.97,0.47,0.47,0,68.24,0.48,0.48,0,RING,LL128,4,RING,LL128,4,0,RING,A_flag_ceiling
reduce_perf,3,24,65536,16384,float,sum,87.11,0.75,0.75,0,89.14,0.74,0.74,0,RING,LL128,4,RING,LL128,4,0,RING,A_flag_ceiling
reduce_perf,3,24,131072,32768,float,sum,108.3,1.21,1.21,0,98.53,1.33,1.33,0,RING,LL128,4,RING,LL128,4,0,RING,A_flag_ceiling
reduce_perf,3,24,262144,65536,float,sum,107.48,2.44,2.44,0,111.53,2.35,2.35,0,RING,LL128,4,RING,LL128,4,0,RING,A_flag_ceiling
reduce_perf,3,24,524288,131072,float,sum,129.31,4.05,4.05,0,131.17,4.0,4.0,0,RING,LL128,4,RING,LL128,4,0,RING,A_flag_ceiling
reduce_perf,3,24,1048576,262144,float,sum,146.29,7.17,7.17,0,143.95,7.28,7.28,0,RING,LL128,4,RING,LL128,4,0,RING,A_flag_ceiling
reduce_perf,3,24,2097152,524288,float,sum,176.24,11.9,11.9,0,177.28,11.83,11.83,0,RING,LL128,4,RING,LL128,4,0,RING,A_flag_ceiling
reduce_perf,3,24,4194304,1048576,float,sum,242.59,17.29,17.29,0,245.89,17.06,17.06,0,RING,LL128,4,RING,LL128,4,0,RING,A_flag_ceiling
reduce_perf,3,24,8388608,2097152,float,sum,367.28,22.84,22.84,0,349.51,24.0,24.0,0,RING,LL128,4,RING,LL128,4,0,RING,A_flag_ceiling
reduce_perf,3,24,16777216,4194304,float,sum,589.83,28.44,28.44,0,587.72,28.55,28.55,0,RING,LL128,4,RING,LL128,4,0,RING,A_flag_ceiling
reduce_perf,3,24,33554432,8388608,float,sum,1046.22,32.07,32.07,0,1050.29,31.95,31.95,0,RING,LL128,4,RING,LL128,4,0,RING,A_flag_ceiling
reduce_perf,3,24,67108864,16777216,float,sum,1981.3,33.87,33.87,0,1986.09,33.79,33.79,0,RING,LL128,4,RING,LL128,4,0,RING,A_flag_ceiling
reduce_perf,3,24,134217728,33554432,float,sum,3859.25,34.78,34.78,0,3844.71,34.91,34.91,0,RING,LL128,4,RING,LL128,4,0,RING,A_flag_ceiling
reduce_perf,3,24,268435456,67108864,float,sum,7697.52,34.87,34.87,0,7679.79,34.95,34.95,0,RING,LL128,4,RING,LL128,4,0,RING,A_flag_ceiling
reduce_perf,3,24,536870912,134217728,float,sum,15300.8,35.09,35.09,0,15409.2,34.84,34.84,0,RING,LL128,4,RING,LL128,4,0,RING,A_flag_ceiling
reduce_perf,3,24,4096,1024,float,sum,38.22,0.11,0.11,0,35.38,0.12,0.12,0,RING,SIMPLE,8,RING,SIMPLE,8,0,RING,A_flag_ceiling
reduce_perf,3,24,8192,2048,float,sum,37.57,0.22,0.22,0,36.77,0.22,0.22,0,RING,SIMPLE,8,RING,SIMPLE,8,0,RING,A_flag_ceiling
reduce_perf,3,24,16384,4096,float,sum,35.84,0.46,0.46,0,36.22,0.45,0.45,0,RING,SIMPLE,8,RING,SIMPLE,8,0,RING,A_flag_ceiling
reduce_perf,3,24,32768,8192,float,sum,92.74,0.35,0.35,0,93.15,0.35,0.35,0,RING,SIMPLE,8,RING,SIMPLE,8,0,RING,A_flag_ceiling
reduce_perf,3,24,65536,16384,float,sum,115.26,0.57,0.57,0,114.64,0.57,0.57,0,RING,SIMPLE,8,RING,SIMPLE,8,0,RING,A_flag_ceiling
reduce_perf,3,24,131072,32768,float,sum,123.12,1.06,1.06,0,111.21,1.18,1.18,0,RING,SIMPLE,8,RING,SIMPLE,8,0,RING,A_flag_ceiling
reduce_perf,3,24,262144,65536,float,sum,144.27,1.82,1.82,0,148.95,1.76,1.76,0,RING,SIMPLE,8,RING,SIMPLE,8,0,RING,A_flag_ceiling
reduce_perf,3,24,524288,131072,float,sum,152.67,3.43,3.43,0,158.97,3.3,3.3,0,RING,SIMPLE,8,RING,SIMPLE,8,0,RING,A_flag_ceiling
reduce_perf,3,24,1048576,262144,float,sum,168.04,6.24,6.24,0,168.78,6.21,6.21,0,RING,SIMPLE,8,RING,SIMPLE,8,0,RING,A_flag_ceiling
reduce_perf,3,24,2097152,524288,float,sum,189.07,11.09,11.09,0,182.84,11.47,11.47,0,RING,SIMPLE,8,RING,SIMPLE,8,0,RING,A_flag_ceiling
reduce_perf,3,24,4194304,1048576,float,sum,247.93,16.92,16.92,0,246.03,17.05,17.05,0,RING,SIMPLE,8,RING,SIMPLE,8,0,RING,A_flag_ceiling
reduce_perf,3,24,8388608,2097152,float,sum,308.71,27.17,27.17,0,313.98,26.72,26.72,0,RING,SIMPLE,8,RING,SIMPLE,8,0,RING,A_flag_ceiling
reduce_perf,3,24,16777216,4194304,float,sum,475.72,35.27,35.27,0,457.57,36.67,36.67,0,RING,SIMPLE,8,RING,SIMPLE,8,0,RING,A_flag_ceiling
reduce_perf,3,24,33554432,8388608,float,sum,653.97,51.31,51.31,0,642.09,52.26,52.26,0,RING,SIMPLE,8,RING,SIMPLE,8,0,RING,A_flag_ceiling
reduce_perf,3,24,67108864,16777216,float,sum,1122.97,59.76,59.76,0,1087.47,61.71,61.71,0,RING,SIMPLE,8,RING,SIMPLE,8,0,RING,A_flag_ceiling
reduce_perf,3,24,134217728,33554432,float,sum,1774.9,75.62,75.62,0,1729.77,77.59,77.59,0,RING,SIMPLE,8,RING,SIMPLE,8,0,RING,A_flag_ceiling
reduce_perf,3,24,268435456,67108864,float,sum,3309.74,81.1,81.1,0,3278.32,81.88,81.88,0,RING,SIMPLE,8,RING,SIMPLE,8,0,RING,A_flag_ceiling
reduce_perf,3,24,536870912,134217728,float,sum,5830.35,92.08,92.08,0,5829.54,92.09,92.09,0,RING,SIMPLE,8,RING,SIMPLE,8,0,RING,A_flag_ceiling
reduce_perf,3,24,4096,1024,float,sum,29.91,0.14,0.14,0,28.8,0.14,0.14,0,RING,LL,8,RING,LL,8,0,RING,A_flag_ceiling
reduce_perf,3,24,8192,2048,float,sum,50.47,0.16,0.16,0,50.71,0.16,0.16,0,RING,LL,8,RING,LL,8,0,RING,A_flag_ceiling
reduce_perf,3,24,16384,4096,float,sum,69.07,0.24,0.24,0,67.95,0.24,0.24,0,RING,LL,8,RING,LL,8,0,RING,A_flag_ceiling
reduce_perf,3,24,32768,8192,float,sum,72.07,0.45,0.45,0,70.33,0.47,0.47,0,RING,LL,8,RING,LL,8,0,RING,A_flag_ceiling
reduce_perf,3,24,65536,16384,float,sum,79.46,0.82,0.82,0,78.28,0.84,0.84,0,RING,LL,8,RING,LL,8,0,RING,A_flag_ceiling
reduce_perf,3,24,131072,32768,float,sum,92.55,1.42,1.42,0,93.74,1.4,1.4,0,RING,LL,8,RING,LL,8,0,RING,A_flag_ceiling
reduce_perf,3,24,262144,65536,float,sum,102.95,2.55,2.55,0,107.86,2.43,2.43,0,RING,LL,8,RING,LL,8,0,RING,A_flag_ceiling
reduce_perf,3,24,524288,131072,float,sum,117.05,4.48,4.48,0,116.81,4.49,4.49,0,RING,LL,8,RING,LL,8,0,RING,A_flag_ceiling
reduce_perf,3,24,1048576,262144,float,sum,149.78,7.0,7.0,0,149.2,7.03,7.03,0,RING,LL,8,RING,LL,8,0,RING,A_flag_ceiling
reduce_perf,3,24,2097152,524288,float,sum,214.15,9.79,9.79,0,215.4,9.74,9.74,0,RING,LL,8,RING,LL,8,0,RING,A_flag_ceiling
reduce_perf,3,24,4194304,1048576,float,sum,333.33,12.58,12.58,0,338.43,12.39,12.39,0,RING,LL,8,RING,LL,8,0,RING,A_flag_ceiling
reduce_perf,3,24,8388608,2097152,float,sum,577.87,14.52,14.52,0,576.07,14.56,14.56,0,RING,LL,8,RING,LL,8,0,RING,A_flag_ceiling
reduce_perf,3,24,16777216,4194304,float,sum,1071.07,15.66,15.66,0,1062.64,15.79,15.79,0,RING,LL,8,RING,LL,8,0,RING,A_flag_ceiling
reduce_perf,3,24,33554432,8388608,float,sum,2034.33,16.49,16.49,0,2043.33,16.42,16.42,0,RING,LL,8,RING,LL,8,0,RING,A_flag_ceiling
reduce_perf,3,24,67108864,16777216,float,sum,3983.08,16.85,16.85,0,3989.7,16.82,16.82,0,RING,LL,8,RING,LL,8,0,RING,A_flag_ceiling
reduce_perf,3,24,134217728,33554432,float,sum,7880.8,17.03,17.03,0,7880.55,17.03,17.03,0,RING,LL,8,RING,LL,8,0,RING,A_flag_ceiling
reduce_perf,3,24,268435456,67108864,float,sum,15739.6,17.05,17.05,0,15784.1,17.01,17.01,0,RING,LL,8,RING,LL,8,0,RING,A_flag_ceiling
reduce_perf,3,24,536870912,134217728,float,sum,31402.8,17.1,17.1,0,31324.4,17.14,17.14,0,RING,LL,8,RING,LL,8,0,RING,A_flag_ceiling
reduce_perf,3,24,4096,1024,float,sum,35.95,0.11,0.11,0,34.18,0.12,0.12,0,RING,LL128,8,RING,LL128,8,0,RING,A_flag_ceiling
reduce_perf,3,24,8192,2048,float,sum,34.18,0.24,0.24,0,33.24,0.25,0.25,0,RING,LL128,8,RING,LL128,8,0,RING,A_flag_ceiling
reduce_perf,3,24,16384,4096,float,sum,36.43,0.45,0.45,0,34.97,0.47,0.47,0,RING,LL128,8,RING,LL128,8,0,RING,A_flag_ceiling
reduce_perf,3,24,32768,8192,float,sum,81.98,0.4,0.4,0,79.55,0.41,0.41,0,RING,LL128,8,RING,LL128,8,0,RING,A_flag_ceiling
reduce_perf,3,24,65536,16384,float,sum,102.14,0.64,0.64,0,102.05,0.64,0.64,0,RING,LL128,8,RING,LL128,8,0,RING,A_flag_ceiling
reduce_perf,3,24,131072,32768,float,sum,103.62,1.26,1.26,0,107.98,1.21,1.21,0,RING,LL128,8,RING,LL128,8,0,RING,A_flag_ceiling
reduce_perf,3,24,262144,65536,float,sum,117.16,2.24,2.24,0,114.75,2.28,2.28,0,RING,LL128,8,RING,LL128,8,0,RING,A_flag_ceiling
reduce_perf,3,24,524288,131072,float,sum,130.15,4.03,4.03,0,133.56,3.93,3.93,0,RING,LL128,8,RING,LL128,8,0,RING,A_flag_ceiling
reduce_perf,3,24,1048576,262144,float,sum,150.46,6.97,6.97,0,144.52,7.26,7.26,0,RING,LL128,8,RING,LL128,8,0,RING,A_flag_ceiling
reduce_perf,3,24,2097152,524288,float,sum,158.55,13.23,13.23,0,165.69,12.66,12.66,0,RING,LL128,8,RING,LL128,8,0,RING,A_flag_ceiling
reduce_perf,3,24,4194304,1048576,float,sum,194.63,21.55,21.55,0,203.52,20.61,20.61,0,RING,LL128,8,RING,LL128,8,0,RING,A_flag_ceiling
reduce_perf,3,24,8388608,2097152,float,sum,263.9,31.79,31.79,0,258.26,32.48,32.48,0,RING,LL128,8,RING,LL128,8,0,RING,A_flag_ceiling
reduce_perf,3,24,16777216,4194304,float,sum,388.89,43.14,43.14,0,387.25,43.32,43.32,0,RING,LL128,8,RING,LL128,8,0,RING,A_flag_ceiling
reduce_perf,3,24,33554432,8388608,float,sum,603.38,55.61,55.61,0,609.37,55.06,55.06,0,RING,LL128,8,RING,LL128,8,0,RING,A_flag_ceiling
reduce_perf,3,24,67108864,16777216,float,sum,1075.8,62.38,62.38,0,1101.51,60.92,60.92,0,RING,LL128,8,RING,LL128,8,0,RING,A_flag_ceiling
reduce_perf,3,24,134217728,33554432,float,sum,2024.84,66.29,66.29,0,2017.69,66.52,66.52,0,RING,LL128,8,RING,LL128,8,0,RING,A_flag_ceiling
reduce_perf,3,24,268435456,67108864,float,sum,3947.01,68.01,68.01,0,3918.24,68.51,68.51,0,RING,LL128,8,RING,LL128,8,0,RING,A_flag_ceiling
reduce_perf,3,24,536870912,134217728,float,sum,7731.7,69.44,69.44,0,7701.48,69.71,69.71,0,RING,LL128,8,RING,LL128,8,0,RING,A_flag_ceiling
reduce_perf,3,24,4096,1024,float,sum,37.65,0.11,0.11,0,34.35,0.12,0.12,0,RING,SIMPLE,16,RING,SIMPLE,16,0,RING,A_flag_ceiling
reduce_perf,3,24,8192,2048,float,sum,35.25,0.23,0.23,0,33.48,0.24,0.24,0,RING,SIMPLE,16,RING,SIMPLE,16,0,RING,A_flag_ceiling
reduce_perf,3,24,16384,4096,float,sum,40.3,0.41,0.41,0,36.63,0.45,0.45,0,RING,SIMPLE,16,RING,SIMPLE,16,0,RING,A_flag_ceiling
reduce_perf,3,24,32768,8192,float,sum,90.12,0.36,0.36,0,93.59,0.35,0.35,0,RING,SIMPLE,16,RING,SIMPLE,16,0,RING,A_flag_ceiling
reduce_perf,3,24,65536,16384,float,sum,136.76,0.48,0.48,0,130.28,0.5,0.5,0,RING,SIMPLE,16,RING,SIMPLE,16,0,RING,A_flag_ceiling
reduce_perf,3,24,131072,32768,float,sum,133.17,0.98,0.98,0,136.96,0.96,0.96,0,RING,SIMPLE,16,RING,SIMPLE,16,0,RING,A_flag_ceiling
reduce_perf,3,24,262144,65536,float,sum,139.55,1.88,1.88,0,135.29,1.94,1.94,0,RING,SIMPLE,16,RING,SIMPLE,16,0,RING,A_flag_ceiling
reduce_perf,3,24,524288,131072,float,sum,160.47,3.27,3.27,0,157.99,3.32,3.32,0,RING,SIMPLE,16,RING,SIMPLE,16,0,RING,A_flag_ceiling
reduce_perf,3,24,1048576,262144,float,sum,159.95,6.56,6.56,0,167.79,6.25,6.25,0,RING,SIMPLE,16,RING,SIMPLE,16,0,RING,A_flag_ceiling
reduce_perf,3,24,2097152,524288,float,sum,196.1,10.69,10.69,0,191.82,10.93,10.93,0,RING,SIMPLE,16,RING,SIMPLE,16,0,RING,A_flag_ceiling
reduce_perf,3,24,4194304,1048576,float,sum,200.11,20.96,20.96,0,204.45,20.51,20.51,0,RING,SIMPLE,16,RING,SIMPLE,16,0,RING,A_flag_ceiling
reduce_perf,3,24,8388608,2097152,float,sum,263.86,31.79,31.79,0,265.06,31.65,31.65,0,RING,SIMPLE,16,RING,SIMPLE,16,0,RING,A_flag_ceiling
reduce_perf,3,24,16777216,4194304,float,sum,318.49,52.68,52.68,0,329.2,50.96,50.96,0,RING,SIMPLE,16,RING,SIMPLE,16,0,RING,A_flag_ceiling
reduce_perf,3,24,33554432,8388608,float,sum,477.37,70.29,70.29,0,466.8,71.88,71.88,0,RING,SIMPLE,16,RING,SIMPLE,16,0,RING,A_flag_ceiling
reduce_perf,3,24,67108864,16777216,float,sum,662.03,101.37,101.37,0,649.59,103.31,103.31,0,RING,SIMPLE,16,RING,SIMPLE,16,0,RING,A_flag_ceiling
reduce_perf,3,24,134217728,33554432,float,sum,1129.63,118.82,118.82,0,1117.34,120.12,120.12,0,RING,SIMPLE,16,RING,SIMPLE,16,0,RING,A_flag_ceiling
reduce_perf,3,24,268435456,67108864,float,sum,1784.16,150.45,150.45,0,1772.22,151.47,151.47,0,RING,SIMPLE,16,RING,SIMPLE,16,0,RING,A_flag_ceiling
reduce_perf,3,24,536870912,134217728,float,sum,3347.24,160.39,160.39,0,3364.64,159.56,159.56,0,RING,SIMPLE,16,RING,SIMPLE,16,0,RING,A_flag_ceiling
reduce_perf,3,24,4096,1024,float,sum,31.54,0.13,0.13,0,30.16,0.14,0.14,0,RING,LL,16,RING,LL,16,0,RING,A_flag_ceiling
reduce_perf,3,24,8192,2048,float,sum,50.5,0.16,0.16,0,55.03,0.15,0.15,0,RING,LL,16,RING,LL,16,0,RING,A_flag_ceiling
reduce_perf,3,24,16384,4096,float,sum,76.5,0.21,0.21,0,71.76,0.23,0.23,0,RING,LL,16,RING,LL,16,0,RING,A_flag_ceiling
reduce_perf,3,24,32768,8192,float,sum,71.35,0.46,0.46,0,74.46,0.44,0.44,0,RING,LL,16,RING,LL,16,0,RING,A_flag_ceiling
reduce_perf,3,24,65536,16384,float,sum,72.63,0.9,0.9,0,71.78,0.91,0.91,0,RING,LL,16,RING,LL,16,0,RING,A_flag_ceiling
reduce_perf,3,24,131072,32768,float,sum,84.98,1.54,1.54,0,80.87,1.62,1.62,0,RING,LL,16,RING,LL,16,0,RING,A_flag_ceiling
reduce_perf,3,24,262144,65536,float,sum,96.48,2.72,2.72,0,98.6,2.66,2.66,0,RING,LL,16,RING,LL,16,0,RING,A_flag_ceiling
reduce_perf,3,24,524288,131072,float,sum,107.03,4.9,4.9,0,108.42,4.84,4.84,0,RING,LL,16,RING,LL,16,0,RING,A_flag_ceiling
reduce_perf,3,24,1048576,262144,float,sum,124.74,8.41,8.41,0,128.72,8.15,8.15,0,RING,LL,16,RING,LL,16,0,RING,A_flag_ceiling
reduce_perf,3,24,2097152,524288,float,sum,155.02,13.53,13.53,0,154.32,13.59,13.59,0,RING,LL,16,RING,LL,16,0,RING,A_flag_ceiling
reduce_perf,3,24,4194304,1048576,float,sum,224.09,18.72,18.72,0,227.29,18.45,18.45,0,RING,LL,16,RING,LL,16,0,RING,A_flag_ceiling
reduce_perf,3,24,8388608,2097152,float,sum,359.35,23.34,23.34,0,353.69,23.72,23.72,0,RING,LL,16,RING,LL,16,0,RING,A_flag_ceiling
reduce_perf,3,24,16777216,4194304,float,sum,601.13,27.91,27.91,0,612.83,27.38,27.38,0,RING,LL,16,RING,LL,16,0,RING,A_flag_ceiling
reduce_perf,3,24,33554432,8388608,float,sum,1106.43,30.33,30.33,0,1106.35,30.33,30.33,0,RING,LL,16,RING,LL,16,0,RING,A_flag_ceiling
reduce_perf,3,24,67108864,16777216,float,sum,2106.94,31.85,31.85,0,2092.44,32.07,32.07,0,RING,LL,16,RING,LL,16,0,RING,A_flag_ceiling
reduce_perf,3,24,134217728,33554432,float,sum,4071.87,32.96,32.96,0,4073.85,32.95,32.95,0,RING,LL,16,RING,LL,16,0,RING,A_flag_ceiling
reduce_perf,3,24,268435456,67108864,float,sum,8050.4,33.34,33.34,0,8015.19,33.49,33.49,0,RING,LL,16,RING,LL,16,0,RING,A_flag_ceiling
reduce_perf,3,24,536870912,134217728,float,sum,15880.9,33.81,33.81,0,15901.4,33.76,33.76,0,RING,LL,16,RING,LL,16,0,RING,A_flag_ceiling
reduce_perf,3,24,4096,1024,float,sum,37.94,0.11,0.11,0,33.49,0.12,0.12,0,RING,LL128,16,RING,LL128,16,0,RING,A_flag_ceiling
reduce_perf,3,24,8192,2048,float,sum,30.78,0.27,0.27,0,31.17,0.26,0.26,0,RING,LL128,16,RING,LL128,16,0,RING,A_flag_ceiling
reduce_perf,3,24,16384,4096,float,sum,34.09,0.48,0.48,0,35.02,0.47,0.47,0,RING,LL128,16,RING,LL128,16,0,RING,A_flag_ceiling
reduce_perf,3,24,32768,8192,float,sum,74.16,0.44,0.44,0,64.97,0.5,0.5,0,RING,LL128,16,RING,LL128,16,0,RING,A_flag_ceiling
reduce_perf,3,24,65536,16384,float,sum,83.39,0.79,0.79,0,82.4,0.8,0.8,0,RING,LL128,16,RING,LL128,16,0,RING,A_flag_ceiling
reduce_perf,3,24,131072,32768,float,sum,89.34,1.47,1.47,0,88.71,1.48,1.48,0,RING,LL128,16,RING,LL128,16,0,RING,A_flag_ceiling
reduce_perf,3,24,262144,65536,float,sum,89.81,2.92,2.92,0,100.46,2.61,2.61,0,RING,LL128,16,RING,LL128,16,0,RING,A_flag_ceiling
reduce_perf,3,24,524288,131072,float,sum,104.18,5.03,5.03,0,105.6,4.96,4.96,0,RING,LL128,16,RING,LL128,16,0,RING,A_flag_ceiling
reduce_perf,3,24,1048576,262144,float,sum,116.77,8.98,8.98,0,119.7,8.76,8.76,0,RING,LL128,16,RING,LL128,16,0,RING,A_flag_ceiling
reduce_perf,3,24,2097152,524288,float,sum,150.01,13.98,13.98,0,137.28,15.28,15.28,0,RING,LL128,16,RING,LL128,16,0,RING,A_flag_ceiling
reduce_perf,3,24,4194304,1048576,float,sum,155.03,27.06,27.06,0,154.41,27.16,27.16,0,RING,LL128,16,RING,LL128,16,0,RING,A_flag_ceiling
reduce_perf,3,24,8388608,2097152,float,sum,188.28,44.55,44.55,0,187.96,44.63,44.63,0,RING,LL128,16,RING,LL128,16,0,RING,A_flag_ceiling
reduce_perf,3,24,16777216,4194304,float,sum,260.39,64.43,64.43,0,262.96,63.8,63.8,0,RING,LL128,16,RING,LL128,16,0,RING,A_flag_ceiling
reduce_perf,3,24,33554432,8388608,float,sum,375.64,89.33,89.33,0,374.36,89.63,89.63,0,RING,LL128,16,RING,LL128,16,0,RING,A_flag_ceiling
reduce_perf,3,24,67108864,16777216,float,sum,627.75,106.9,106.9,0,620.93,108.08,108.08,0,RING,LL128,16,RING,LL128,16,0,RING,A_flag_ceiling
reduce_perf,3,24,134217728,33554432,float,sum,1139.56,117.78,117.78,0,1127.97,118.99,118.99,0,RING,LL128,16,RING,LL128,16,0,RING,A_flag_ceiling
reduce_perf,3,24,268435456,67108864,float,sum,2218.98,120.97,120.97,0,2126.24,126.25,126.25,0,RING,LL128,16,RING,LL128,16,0,RING,A_flag_ceiling
reduce_perf,3,24,536870912,134217728,float,sum,4143.69,129.56,129.56,0,4132.29,129.92,129.92,0,RING,LL128,16,RING,LL128,16,0,RING,A_flag_ceiling
reduce_perf,3,24,4096,1024,float,sum,36.55,0.11,0.11,0,32.87,0.12,0.12,0,RING,SIMPLE,24,RING,SIMPLE,24,0,RING,A_flag_ceiling
reduce_perf,3,24,8192,2048,float,sum,33.99,0.24,0.24,0,31.01,0.26,0.26,0,RING,SIMPLE,24,RING,SIMPLE,24,0,RING,A_flag_ceiling
reduce_perf,3,24,16384,4096,float,sum,35.19,0.47,0.47,0,36.24,0.45,0.45,0,RING,SIMPLE,24,RING,SIMPLE,24,0,RING,A_flag_ceiling
reduce_perf,3,24,32768,8192,float,sum,84.97,0.39,0.39,0,82.79,0.4,0.4,0,RING,SIMPLE,24,RING,SIMPLE,24,0,RING,A_flag_ceiling
reduce_perf,3,24,65536,16384,float,sum,115.53,0.57,0.57,0,114.01,0.57,0.57,0,RING,SIMPLE,24,RING,SIMPLE,24,0,RING,A_flag_ceiling
reduce_perf,3,24,131072,32768,float,sum,118.5,1.11,1.11,0,119.84,1.09,1.09,0,RING,SIMPLE,24,RING,SIMPLE,24,0,RING,A_flag_ceiling
reduce_perf,3,24,262144,65536,float,sum,118.6,2.21,2.21,0,123.13,2.13,2.13,0,RING,SIMPLE,24,RING,SIMPLE,24,0,RING,A_flag_ceiling
reduce_perf,3,24,524288,131072,float,sum,150.16,3.49,3.49,0,144.91,3.62,3.62,0,RING,SIMPLE,24,RING,SIMPLE,24,0,RING,A_flag_ceiling
reduce_perf,3,24,1048576,262144,float,sum,152.07,6.9,6.9,0,151.71,6.91,6.91,0,RING,SIMPLE,24,RING,SIMPLE,24,0,RING,A_flag_ceiling
reduce_perf,3,24,2097152,524288,float,sum,167.28,12.54,12.54,0,160.03,13.1,13.1,0,RING,SIMPLE,24,RING,SIMPLE,24,0,RING,A_flag_ceiling
reduce_perf,3,24,4194304,1048576,float,sum,178.49,23.5,23.5,0,177.1,23.68,23.68,0,RING,SIMPLE,24,RING,SIMPLE,24,0,RING,A_flag_ceiling
reduce_perf,3,24,8388608,2097152,float,sum,215.46,38.93,38.93,0,210.93,39.77,39.77,0,RING,SIMPLE,24,RING,SIMPLE,24,0,RING,A_flag_ceiling
reduce_perf,3,24,16777216,4194304,float,sum,282.09,59.47,59.47,0,280.02,59.91,59.91,0,RING,SIMPLE,24,RING,SIMPLE,24,0,RING,A_flag_ceiling
reduce_perf,3,24,33554432,8388608,float,sum,369.24,90.87,90.87,0,362.72,92.51,92.51,0,RING,SIMPLE,24,RING,SIMPLE,24,0,RING,A_flag_ceiling
reduce_perf,3,24,67108864,16777216,float,sum,571.96,117.33,117.33,0,557.1,120.46,120.46,0,RING,SIMPLE,24,RING,SIMPLE,24,0,RING,A_flag_ceiling
reduce_perf,3,24,134217728,33554432,float,sum,834.76,160.79,160.79,0,820.16,163.65,163.65,0,RING,SIMPLE,24,RING,SIMPLE,24,0,RING,A_flag_ceiling
reduce_perf,3,24,268435456,67108864,float,sum,1452.62,184.79,184.79,0,1428.76,187.88,187.88,0,RING,SIMPLE,24,RING,SIMPLE,24,0,RING,A_flag_ceiling
reduce_perf,3,24,536870912,134217728,float,sum,2397.04,223.97,223.97,0,2408.64,222.89,222.89,0,RING,SIMPLE,24,RING,SIMPLE,24,0,RING,A_flag_ceiling
reduce_perf,3,24,4096,1024,float,sum,31.11,0.13,0.13,0,27.78,0.15,0.15,0,RING,LL,24,RING,LL,24,0,RING,A_flag_ceiling
reduce_perf,3,24,8192,2048,float,sum,52.65,0.16,0.16,0,53.0,0.15,0.15,0,RING,LL,24,RING,LL,24,0,RING,A_flag_ceiling
reduce_perf,3,24,16384,4096,float,sum,68.4,0.24,0.24,0,69.84,0.23,0.23,0,RING,LL,24,RING,LL,24,0,RING,A_flag_ceiling
reduce_perf,3,24,32768,8192,float,sum,71.09,0.46,0.46,0,70.09,0.47,0.47,0,RING,LL,24,RING,LL,24,0,RING,A_flag_ceiling
reduce_perf,3,24,65536,16384,float,sum,72.46,0.9,0.9,0,71.85,0.91,0.91,0,RING,LL,24,RING,LL,24,0,RING,A_flag_ceiling
reduce_perf,3,24,131072,32768,float,sum,79.93,1.64,1.64,0,82.62,1.59,1.59,0,RING,LL,24,RING,LL,24,0,RING,A_flag_ceiling
reduce_perf,3,24,262144,65536,float,sum,92.84,2.82,2.82,0,92.98,2.82,2.82,0,RING,LL,24,RING,LL,24,0,RING,A_flag_ceiling
reduce_perf,3,24,524288,131072,float,sum,107.68,4.87,4.87,0,107.72,4.87,4.87,0,RING,LL,24,RING,LL,24,0,RING,A_flag_ceiling
reduce_perf,3,24,1048576,262144,float,sum,122.13,8.59,8.59,0,122.16,8.58,8.58,0,RING,LL,24,RING,LL,24,0,RING,A_flag_ceiling
reduce_perf,3,24,2097152,524288,float,sum,150.91,13.9,13.9,0,152.47,13.75,13.75,0,RING,LL,24,RING,LL,24,0,RING,A_flag_ceiling
reduce_perf,3,24,4194304,1048576,float,sum,221.34,18.95,18.95,0,221.81,18.91,18.91,0,RING,LL,24,RING,LL,24,0,RING,A_flag_ceiling
reduce_perf,3,24,8388608,2097152,float,sum,340.65,24.63,24.63,0,340.32,24.65,24.65,0,RING,LL,24,RING,LL,24,0,RING,A_flag_ceiling
reduce_perf,3,24,16777216,4194304,float,sum,572.51,29.3,29.3,0,572.68,29.3,29.3,0,RING,LL,24,RING,LL,24,0,RING,A_flag_ceiling
reduce_perf,3,24,33554432,8388608,float,sum,1034.32,32.44,32.44,0,1034.0,32.45,32.45,0,RING,LL,24,RING,LL,24,0,RING,A_flag_ceiling
reduce_perf,3,24,67108864,16777216,float,sum,1955.07,34.33,34.33,0,1962.56,34.19,34.19,0,RING,LL,24,RING,LL,24,0,RING,A_flag_ceiling
reduce_perf,3,24,134217728,33554432,float,sum,3799.52,35.32,35.32,0,3805.85,35.27,35.27,0,RING,LL,24,RING,LL,24,0,RING,A_flag_ceiling
reduce_perf,3,24,268435456,67108864,float,sum,7482.77,35.87,35.87,0,7460.87,35.98,35.98,0,RING,LL,24,RING,LL,24,0,RING,A_flag_ceiling
reduce_perf,3,24,536870912,134217728,float,sum,14319.0,37.49,37.49,0,14078.7,38.13,38.13,0,RING,LL,24,RING,LL,24,0,RING,A_flag_ceiling
reduce_perf,3,24,4096,1024,float,sum,36.8,0.11,0.11,0,45.6,0.09,0.09,0,RING,LL128,24,RING,LL128,24,0,RING,A_flag_ceiling
reduce_perf,3,24,8192,2048,float,sum,32.5,0.25,0.25,0,34.68,0.24,0.24,0,RING,LL128,24,RING,LL128,24,0,RING,A_flag_ceiling
reduce_perf,3,24,16384,4096,float,sum,38.72,0.42,0.42,0,32.37,0.51,0.51,0,RING,LL128,24,RING,LL128,24,0,RING,A_flag_ceiling
reduce_perf,3,24,32768,8192,float,sum,105.93,0.31,0.31,0,69.5,0.47,0.47,0,RING,LL128,24,RING,LL128,24,0,RING,A_flag_ceiling
reduce_perf,3,24,65536,16384,float,sum,112.86,0.58,0.58,0,136.48,0.48,0.48,0,RING,LL128,24,RING,LL128,24,0,RING,A_flag_ceiling
reduce_perf,3,24,131072,32768,float,sum,151.26,0.87,0.87,0,140.86,0.93,0.93,0,RING,LL128,24,RING,LL128,24,0,RING,A_flag_ceiling
reduce_perf,3,24,262144,65536,float,sum,118.46,2.21,2.21,0,116.2,2.26,2.26,0,RING,LL128,24,RING,LL128,24,0,RING,A_flag_ceiling
reduce_perf,3,24,524288,131072,float,sum,132.59,3.95,3.95,0,164.73,3.18,3.18,0,RING,LL128,24,RING,LL128,24,0,RING,A_flag_ceiling
reduce_perf,3,24,1048576,262144,float,sum,139.52,7.52,7.52,0,151.54,6.92,6.92,0,RING,LL128,24,RING,LL128,24,0,RING,A_flag_ceiling
reduce_perf,3,24,2097152,524288,float,sum,168.05,12.48,12.48,0,178.13,11.77,11.77,0,RING,LL128,24,RING,LL128,24,0,RING,A_flag_ceiling
reduce_perf,3,24,4194304,1048576,float,sum,198.42,21.14,21.14,0,179.57,23.36,23.36,0,RING,LL128,24,RING,LL128,24,0,RING,A_flag_ceiling
reduce_perf,3,24,8388608,2097152,float,sum,207.47,40.43,40.43,0,212.15,39.54,39.54,0,RING,LL128,24,RING,LL128,24,0,RING,A_flag_ceiling
reduce_perf,3,24,16777216,4194304,float,sum,279.77,59.97,59.97,0,270.93,61.93,61.93,0,RING,LL128,24,RING,LL128,24,0,RING,A_flag_ceiling
reduce_perf,3,24,33554432,8388608,float,sum,350.82,95.65,95.65,0,424.12,79.12,79.12,0,RING,LL128,24,RING,LL128,24,0,RING,A_flag_ceiling
reduce_perf,3,24,67108864,16777216,float,sum,539.27,124.44,124.44,0,517.26,129.74,129.74,0,RING,LL128,24,RING,LL128,24,0,RING,A_flag_ceiling
reduce_perf,3,24,134217728,33554432,float,sum,987.58,135.91,135.91,0,1015.05,132.23,132.23,0,RING,LL128,24,RING,LL128,24,0,RING,A_flag_ceiling
reduce_perf,3,24,268435456,67108864,float,sum,1606.61,167.08,167.08,0,1625.71,165.12,165.12,0,RING,LL128,24,RING,LL128,24,0,RING,A_flag_ceiling
reduce_perf,3,24,536870912,134217728,float,sum,3064.6,175.18,175.18,0,3065.06,175.16,175.16,0,RING,LL128,24,RING,LL128,24,0,RING,A_flag_ceiling
reduce_perf,3,24,4096,1024,float,sum,35.44,0.12,0.12,0,37.3,0.11,0.11,0,RING,SIMPLE,32,RING,SIMPLE,32,0,RING,A_flag_ceiling
reduce_perf,3,24,8192,2048,float,sum,33.67,0.24,0.24,0,36.64,0.22,0.22,0,RING,SIMPLE,32,RING,SIMPLE,32,0,RING,A_flag_ceiling
reduce_perf,3,24,16384,4096,float,sum,36.88,0.44,0.44,0,35.15,0.47,0.47,0,RING,SIMPLE,32,RING,SIMPLE,32,0,RING,A_flag_ceiling
reduce_perf,3,24,32768,8192,float,sum,88.17,0.37,0.37,0,87.39,0.37,0.37,0,RING,SIMPLE,32,RING,SIMPLE,32,0,RING,A_flag_ceiling
reduce_perf,3,24,65536,16384,float,sum,114.14,0.57,0.57,0,113.92,0.58,0.58,0,RING,SIMPLE,32,RING,SIMPLE,32,0,RING,A_flag_ceiling
reduce_perf,3,24,131072,32768,float,sum,117.88,1.11,1.11,0,123.57,1.06,1.06,0,RING,SIMPLE,32,RING,SIMPLE,32,0,RING,A_flag_ceiling
reduce_perf,3,24,262144,65536,float,sum,121.23,2.16,2.16,0,120.0,2.18,2.18,0,RING,SIMPLE,32,RING,SIMPLE,32,0,RING,A_flag_ceiling
reduce_perf,3,24,524288,131072,float,sum,133.58,3.92,3.92,0,123.1,4.26,4.26,0,RING,SIMPLE,32,RING,SIMPLE,32,0,RING,A_flag_ceiling
reduce_perf,3,24,1048576,262144,float,sum,151.59,6.92,6.92,0,150.46,6.97,6.97,0,RING,SIMPLE,32,RING,SIMPLE,32,0,RING,A_flag_ceiling
reduce_perf,3,24,2097152,524288,float,sum,174.09,12.05,12.05,0,160.19,13.09,13.09,0,RING,SIMPLE,32,RING,SIMPLE,32,0,RING,A_flag_ceiling
reduce_perf,3,24,4194304,1048576,float,sum,172.74,24.28,24.28,0,172.8,24.27,24.27,0,RING,SIMPLE,32,RING,SIMPLE,32,0,RING,A_flag_ceiling
reduce_perf,3,24,8388608,2097152,float,sum,203.05,41.31,41.31,0,219.08,38.29,38.29,0,RING,SIMPLE,32,RING,SIMPLE,32,0,RING,A_flag_ceiling
reduce_perf,3,24,16777216,4194304,float,sum,272.45,61.58,61.58,0,264.98,63.31,63.31,0,RING,SIMPLE,32,RING,SIMPLE,32,0,RING,A_flag_ceiling
reduce_perf,3,24,33554432,8388608,float,sum,349.96,95.88,95.88,0,343.53,97.68,97.68,0,RING,SIMPLE,32,RING,SIMPLE,32,0,RING,A_flag_ceiling
reduce_perf,3,24,67108864,16777216,float,sum,531.97,126.15,126.15,0,510.41,131.48,131.48,0,RING,SIMPLE,32,RING,SIMPLE,32,0,RING,A_flag_ceiling
reduce_perf,3,24,134217728,33554432,float,sum,750.74,178.78,178.78,0,733.9,182.88,182.88,0,RING,SIMPLE,32,RING,SIMPLE,32,0,RING,A_flag_ceiling
reduce_perf,3,24,268435456,67108864,float,sum,1332.57,201.44,201.44,0,1309.46,205.0,205.0,0,RING,SIMPLE,32,RING,SIMPLE,32,0,RING,A_flag_ceiling
reduce_perf,3,24,536870912,134217728,float,sum,2115.52,253.78,253.78,0,2126.26,252.5,252.5,0,RING,SIMPLE,32,RING,SIMPLE,32,0,RING,A_flag_ceiling
reduce_perf,3,24,4096,1024,float,sum,30.71,0.13,0.13,0,29.65,0.14,0.14,0,RING,LL,32,RING,LL,32,0,RING,A_flag_ceiling
reduce_perf,3,24,8192,2048,float,sum,56.48,0.15,0.15,0,52.67,0.16,0.16,0,RING,LL,32,RING,LL,32,0,RING,A_flag_ceiling
reduce_perf,3,24,16384,4096,float,sum,68.73,0.24,0.24,0,69.03,0.24,0.24,0,RING,LL,32,RING,LL,32,0,RING,A_flag_ceiling
reduce_perf,3,24,32768,8192,float,sum,70.96,0.46,0.46,0,70.56,0.46,0.46,0,RING,LL,32,RING,LL,32,0,RING,A_flag_ceiling
reduce_perf,3,24,65536,16384,float,sum,74.38,0.88,0.88,0,72.08,0.91,0.91,0,RING,LL,32,RING,LL,32,0,RING,A_flag_ceiling
reduce_perf,3,24,131072,32768,float,sum,77.66,1.69,1.69,0,76.93,1.7,1.7,0,RING,LL,32,RING,LL,32,0,RING,A_flag_ceiling
reduce_perf,3,24,262144,65536,float,sum,96.41,2.72,2.72,0,88.07,2.98,2.98,0,RING,LL,32,RING,LL,32,0,RING,A_flag_ceiling
reduce_perf,3,24,524288,131072,float,sum,107.36,4.88,4.88,0,111.15,4.72,4.72,0,RING,LL,32,RING,LL,32,0,RING,A_flag_ceiling
reduce_perf,3,24,1048576,262144,float,sum,125.38,8.36,8.36,0,126.03,8.32,8.32,0,RING,LL,32,RING,LL,32,0,RING,A_flag_ceiling
reduce_perf,3,24,2097152,524288,float,sum,153.18,13.69,13.69,0,155.24,13.51,13.51,0,RING,LL,32,RING,LL,32,0,RING,A_flag_ceiling
reduce_perf,3,24,4194304,1048576,float,sum,210.59,19.92,19.92,0,211.15,19.86,19.86,0,RING,LL,32,RING,LL,32,0,RING,A_flag_ceiling
reduce_perf,3,24,8388608,2097152,float,sum,345.42,24.29,24.29,0,347.77,24.12,24.12,0,RING,LL,32,RING,LL,32,0,RING,A_flag_ceiling
reduce_perf,3,24,16777216,4194304,float,sum,607.12,27.63,27.63,0,609.92,27.51,27.51,0,RING,LL,32,RING,LL,32,0,RING,A_flag_ceiling
reduce_perf,3,24,33554432,8388608,float,sum,1116.93,30.04,30.04,0,1108.99,30.26,30.26,0,RING,LL,32,RING,LL,32,0,RING,A_flag_ceiling
reduce_perf,3,24,67108864,16777216,float,sum,2113.38,31.75,31.75,0,2113.4,31.75,31.75,0,RING,LL,32,RING,LL,32,0,RING,A_flag_ceiling
reduce_perf,3,24,134217728,33554432,float,sum,4095.82,32.77,32.77,0,4087.5,32.84,32.84,0,RING,LL,32,RING,LL,32,0,RING,A_flag_ceiling
reduce_perf,3,24,268435456,67108864,float,sum,8070.55,33.26,33.26,0,8074.48,33.24,33.24,0,RING,LL,32,RING,LL,32,0,RING,A_flag_ceiling
reduce_perf,3,24,536870912,134217728,float,sum,15827.2,33.92,33.92,0,14115.4,38.03,38.03,0,RING,LL,32,RING,LL,32,0,RING,A_flag_ceiling
reduce_perf,3,24,4096,1024,float,sum,34.58,0.12,0.12,0,31.23,0.13,0.13,0,RING,LL128,32,RING,LL128,32,0,RING,A_flag_ceiling
reduce_perf,3,24,8192,2048,float,sum,29.28,0.28,0.28,0,31.04,0.26,0.26,0,RING,LL128,32,RING,LL128,32,0,RING,A_flag_ceiling
reduce_perf,3,24,16384,4096,float,sum,32.78,0.5,0.5,0,32.64,0.5,0.5,0,RING,LL128,32,RING,LL128,32,0,RING,A_flag_ceiling
reduce_perf,3,24,32768,8192,float,sum,67.59,0.48,0.48,0,64.29,0.51,0.51,0,RING,LL128,32,RING,LL128,32,0,RING,A_flag_ceiling
reduce_perf,3,24,65536,16384,float,sum,83.84,0.78,0.78,0,84.43,0.78,0.78,0,RING,LL128,32,RING,LL128,32,0,RING,A_flag_ceiling
reduce_perf,3,24,131072,32768,float,sum,86.43,1.52,1.52,0,87.43,1.5,1.5,0,RING,LL128,32,RING,LL128,32,0,RING,A_flag_ceiling
reduce_perf,3,24,262144,65536,float,sum,95.84,2.74,2.74,0,89.82,2.92,2.92,0,RING,LL128,32,RING,LL128,32,0,RING,A_flag_ceiling
reduce_perf,3,24,524288,131072,float,sum,92.84,5.65,5.65,0,94.61,5.54,5.54,0,RING,LL128,32,RING,LL128,32,0,RING,A_flag_ceiling
reduce_perf,3,24,1048576,262144,float,sum,103.19,10.16,10.16,0,189.77,5.53,5.53,0,RING,LL128,32,RING,LL128,32,0,RING,A_flag_ceiling
reduce_perf,3,24,2097152,524288,float,sum,126.83,16.54,16.54,0,127.32,16.47,16.47,0,RING,LL128,32,RING,LL128,32,0,RING,A_flag_ceiling
reduce_perf,3,24,4194304,1048576,float,sum,150.01,27.96,27.96,0,150.01,27.96,27.96,0,RING,LL128,32,RING,LL128,32,0,RING,A_flag_ceiling
reduce_perf,3,24,8388608,2097152,float,sum,174.46,48.08,48.08,0,168.22,49.87,49.87,0,RING,LL128,32,RING,LL128,32,0,RING,A_flag_ceiling
reduce_perf,3,24,16777216,4194304,float,sum,208.31,80.54,80.54,0,219.75,76.35,76.35,0,RING,LL128,32,RING,LL128,32,0,RING,A_flag_ceiling
reduce_perf,3,24,33554432,8388608,float,sum,284.13,118.1,118.1,0,281.71,119.11,119.11,0,RING,LL128,32,RING,LL128,32,0,RING,A_flag_ceiling
reduce_perf,3,24,67108864,16777216,float,sum,427.11,157.12,157.12,0,439.34,152.75,152.75,0,RING,LL128,32,RING,LL128,32,0,RING,A_flag_ceiling
reduce_perf,3,24,134217728,33554432,float,sum,723.82,185.43,185.43,0,717.99,186.94,186.94,0,RING,LL128,32,RING,LL128,32,0,RING,A_flag_ceiling
reduce_perf,3,24,268435456,67108864,float,sum,1280.32,209.66,209.66,0,1289.83,208.12,208.12,0,RING,LL128,32,RING,LL128,32,0,RING,A_flag_ceiling
reduce_perf,3,24,536870912,134217728,float,sum,2403.55,223.37,223.37,0,2424.18,221.46,221.46,0,RING,LL128,32,RING,LL128,32,0,RING,A_flag_ceiling
reduce_perf,3,24,4096,1024,float,sum,75.91,0.05,0.05,0,34.29,0.12,0.12,0,RING,SIMPLE,40,RING,SIMPLE,40,0,RING,A_flag_ceiling
reduce_perf,3,24,8192,2048,float,sum,34.77,0.24,0.24,0,32.28,0.25,0.25,0,RING,SIMPLE,40,RING,SIMPLE,40,0,RING,A_flag_ceiling
reduce_perf,3,24,16384,4096,float,sum,32.75,0.5,0.5,0,41.36,0.4,0.4,0,RING,SIMPLE,40,RING,SIMPLE,40,0,RING,A_flag_ceiling
reduce_perf,3,24,32768,8192,float,sum,113.7,0.29,0.29,0,92.42,0.35,0.35,0,RING,SIMPLE,40,RING,SIMPLE,40,0,RING,A_flag_ceiling
reduce_perf,3,24,65536,16384,float,sum,137.5,0.48,0.48,0,146.16,0.45,0.45,0,RING,SIMPLE,40,RING,SIMPLE,40,0,RING,A_flag_ceiling
reduce_perf,3,24,131072,32768,float,sum,167.04,0.78,0.78,0,147.33,0.89,0.89,0,RING,SIMPLE,40,RING,SIMPLE,40,0,RING,A_flag_ceiling
reduce_perf,3,24,262144,65536,float,sum,167.18,1.57,1.57,0,148.02,1.77,1.77,0,RING,SIMPLE,40,RING,SIMPLE,40,0,RING,A_flag_ceiling
reduce_perf,3,24,524288,131072,float,sum,204.52,2.56,2.56,0,138.24,3.79,3.79,0,RING,SIMPLE,40,RING,SIMPLE,40,0,RING,A_flag_ceiling
reduce_perf,3,24,1048576,262144,float,sum,186.5,5.62,5.62,0,191.7,5.47,5.47,0,RING,SIMPLE,40,RING,SIMPLE,40,0,RING,A_flag_ceiling
reduce_perf,3,24,2097152,524288,float,sum,198.17,10.58,10.58,0,205.29,10.22,10.22,0,RING,SIMPLE,40,RING,SIMPLE,40,0,RING,A_flag_ceiling
reduce_perf,3,24,4194304,1048576,float,sum,210.8,19.9,19.9,0,262.25,15.99,15.99,0,RING,SIMPLE,40,RING,SIMPLE,40,0,RING,A_flag_ceiling
reduce_perf,3,24,8388608,2097152,float,sum,234.41,35.79,35.79,0,220.79,37.99,37.99,0,RING,SIMPLE,40,RING,SIMPLE,40,0,RING,A_flag_ceiling
reduce_perf,3,24,16777216,4194304,float,sum,289.33,57.99,57.99,0,275.03,61.0,61.0,0,RING,SIMPLE,40,RING,SIMPLE,40,0,RING,A_flag_ceiling
reduce_perf,3,24,33554432,8388608,float,sum,372.68,90.04,90.04,0,360.35,93.12,93.12,0,RING,SIMPLE,40,RING,SIMPLE,40,0,RING,A_flag_ceiling
reduce_perf,3,24,67108864,16777216,float,sum,494.98,135.58,135.58,0,480.07,139.79,139.79,0,RING,SIMPLE,40,RING,SIMPLE,40,0,RING,A_flag_ceiling
reduce_perf,3,24,134217728,33554432,float,sum,734.68,182.69,182.69,0,740.44,181.27,181.27,0,RING,SIMPLE,40,RING,SIMPLE,40,0,RING,A_flag_ceiling
reduce_perf,3,24,268435456,67108864,float,sum,1157.75,231.86,231.86,0,1131.42,237.25,237.25,0,RING,SIMPLE,40,RING,SIMPLE,40,0,RING,A_flag_ceiling
reduce_perf,3,24,536870912,134217728,float,sum,2109.18,254.54,254.54,0,2098.25,255.87,255.87,0,RING,SIMPLE,40,RING,SIMPLE,40,0,RING,A_flag_ceiling
reduce_perf,3,24,4096,1024,float,sum,30.9,0.13,0.13,0,28.62,0.14,0.14,0,RING,LL,40,RING,LL,40,0,RING,A_flag_ceiling
reduce_perf,3,24,8192,2048,float,sum,52.51,0.16,0.16,0,61.45,0.13,0.13,0,RING,LL,40,RING,LL,40,0,RING,A_flag_ceiling
reduce_perf,3,24,16384,4096,float,sum,70.44,0.23,0.23,0,69.86,0.23,0.23,0,RING,LL,40,RING,LL,40,0,RING,A_flag_ceiling
reduce_perf,3,24,32768,8192,float,sum,69.51,0.47,0.47,0,69.52,0.47,0.47,0,RING,LL,40,RING,LL,40,0,RING,A_flag_ceiling
reduce_perf,3,24,65536,16384,float,sum,72.96,0.9,0.9,0,71.38,0.92,0.92,0,RING,LL,40,RING,LL,40,0,RING,A_flag_ceiling
reduce_perf,3,24,131072,32768,float,sum,76.52,1.71,1.71,0,75.88,1.73,1.73,0,RING,LL,40,RING,LL,40,0,RING,A_flag_ceiling
reduce_perf,3,24,262144,65536,float,sum,87.76,2.99,2.99,0,87.16,3.01,3.01,0,RING,LL,40,RING,LL,40,0,RING,A_flag_ceiling
reduce_perf,3,24,524288,131072,float,sum,111.94,4.68,4.68,0,104.99,4.99,4.99,0,RING,LL,40,RING,LL,40,0,RING,A_flag_ceiling
reduce_perf,3,24,1048576,262144,float,sum,117.95,8.89,8.89,0,117.69,8.91,8.91,0,RING,LL,40,RING,LL,40,0,RING,A_flag_ceiling
reduce_perf,3,24,2097152,524288,float,sum,138.42,15.15,15.15,0,138.34,15.16,15.16,0,RING,LL,40,RING,LL,40,0,RING,A_flag_ceiling
reduce_perf,3,24,4194304,1048576,float,sum,175.07,23.96,23.96,0,176.24,23.8,23.8,0,RING,LL,40,RING,LL,40,0,RING,A_flag_ceiling
reduce_perf,3,24,8388608,2097152,float,sum,287.39,29.19,29.19,0,288.46,29.08,29.08,0,RING,LL,40,RING,LL,40,0,RING,A_flag_ceiling
reduce_perf,3,24,16777216,4194304,float,sum,503.28,33.34,33.34,0,504.7,33.24,33.24,0,RING,LL,40,RING,LL,40,0,RING,A_flag_ceiling
reduce_perf,3,24,33554432,8388608,float,sum,910.13,36.87,36.87,0,905.13,37.07,37.07,0,RING,LL,40,RING,LL,40,0,RING,A_flag_ceiling
reduce_perf,3,24,67108864,16777216,float,sum,1717.1,39.08,39.08,0,1706.94,39.32,39.32,0,RING,LL,40,RING,LL,40,0,RING,A_flag_ceiling
reduce_perf,3,24,134217728,33554432,float,sum,3331.21,40.29,40.29,0,3326.45,40.35,40.35,0,RING,LL,40,RING,LL,40,0,RING,A_flag_ceiling
reduce_perf,3,24,268435456,67108864,float,sum,6608.29,40.62,40.62,0,6603.96,40.65,40.65,0,RING,LL,40,RING,LL,40,0,RING,A_flag_ceiling
reduce_perf,3,24,536870912,134217728,float,sum,13162.7,40.79,40.79,0,13076.0,41.06,41.06,0,RING,LL,40,RING,LL,40,0,RING,A_flag_ceiling
reduce_perf,3,24,4096,1024,float,sum,35.15,0.12,0.12,0,33.75,0.12,0.12,0,RING,LL128,40,RING,LL128,40,0,RING,A_flag_ceiling
reduce_perf,3,24,8192,2048,float,sum,33.11,0.25,0.25,0,33.79,0.24,0.24,0,RING,LL128,40,RING,LL128,40,0,RING,A_flag_ceiling
reduce_perf,3,24,16384,4096,float,sum,36.37,0.45,0.45,0,30.87,0.53,0.53,0,RING,LL128,40,RING,LL128,40,0,RING,A_flag_ceiling
reduce_perf,3,24,32768,8192,float,sum,73.54,0.45,0.45,0,61.11,0.54,0.54,0,RING,LL128,40,RING,LL128,40,0,RING,A_flag_ceiling
reduce_perf,3,24,65536,16384,float,sum,108.1,0.61,0.61,0,111.99,0.59,0.59,0,RING,LL128,40,RING,LL128,40,0,RING,A_flag_ceiling
reduce_perf,3,24,131072,32768,float,sum,117.18,1.12,1.12,0,132.49,0.99,0.99,0,RING,LL128,40,RING,LL128,40,0,RING,A_flag_ceiling
reduce_perf,3,24,262144,65536,float,sum,116.13,2.26,2.26,0,117.15,2.24,2.24,0,RING,LL128,40,RING,LL128,40,0,RING,A_flag_ceiling
reduce_perf,3,24,524288,131072,float,sum,134.16,3.91,3.91,0,119.78,4.38,4.38,0,RING,LL128,40,RING,LL128,40,0,RING,A_flag_ceiling
reduce_perf,3,24,1048576,262144,float,sum,148.73,7.05,7.05,0,143.27,7.32,7.32,0,RING,LL128,40,RING,LL128,40,0,RING,A_flag_ceiling
reduce_perf,3,24,2097152,524288,float,sum,137.27,15.28,15.28,0,148.37,14.13,14.13,0,RING,LL128,40,RING,LL128,40,0,RING,A_flag_ceiling
reduce_perf,3,24,4194304,1048576,float,sum,191.66,21.88,21.88,0,184.15,22.78,22.78,0,RING,LL128,40,RING,LL128,40,0,RING,A_flag_ceiling
reduce_perf,3,24,8388608,2097152,float,sum,197.71,42.43,42.43,0,180.92,46.37,46.37,0,RING,LL128,40,RING,LL128,40,0,RING,A_flag_ceiling
reduce_perf,3,24,16777216,4194304,float,sum,250.49,66.98,66.98,0,250.64,66.94,66.94,0,RING,LL128,40,RING,LL128,40,0,RING,A_flag_ceiling
reduce_perf,3,24,33554432,8388608,float,sum,280.95,119.43,119.43,0,278.52,120.47,120.47,0,RING,LL128,40,RING,LL128,40,0,RING,A_flag_ceiling
reduce_perf,3,24,67108864,16777216,float,sum,452.56,148.29,148.29,0,434.45,154.47,154.47,0,RING,LL128,40,RING,LL128,40,0,RING,A_flag_ceiling
reduce_perf,3,24,134217728,33554432,float,sum,674.9,198.87,198.87,0,690.95,194.25,194.25,0,RING,LL128,40,RING,LL128,40,0,RING,A_flag_ceiling
reduce_perf,3,24,268435456,67108864,float,sum,1166.47,230.13,230.13,0,1172.17,229.01,229.01,0,RING,LL128,40,RING,LL128,40,0,RING,A_flag_ceiling
reduce_perf,3,24,536870912,134217728,float,sum,2193.06,244.8,244.8,0,2173.07,247.06,247.06,0,RING,LL128,40,RING,LL128,40,0,RING,A_flag_ceiling
reduce_perf,3,24,4096,1024,float,sum,33.24,0.12,0.12,0,33.77,0.12,0.12,0,RING,SIMPLE,48,RING,SIMPLE,48,0,RING,A_flag_ceiling
reduce_perf,3,24,8192,2048,float,sum,33.53,0.24,0.24,0,35.5,0.23,0.23,0,RING,SIMPLE,48,RING,SIMPLE,48,0,RING,A_flag_ceiling
reduce_perf,3,24,16384,4096,float,sum,34.58,0.47,0.47,0,42.23,0.39,0.39,0,RING,SIMPLE,48,RING,SIMPLE,48,0,RING,A_flag_ceiling
reduce_perf,3,24,32768,8192,float,sum,87.08,0.38,0.38,0,85.9,0.38,0.38,0,RING,SIMPLE,48,RING,SIMPLE,48,0,RING,A_flag_ceiling
reduce_perf,3,24,65536,16384,float,sum,114.68,0.57,0.57,0,114.47,0.57,0.57,0,RING,SIMPLE,48,RING,SIMPLE,48,0,RING,A_flag_ceiling
reduce_perf,3,24,131072,32768,float,sum,126.86,1.03,1.03,0,119.08,1.1,1.1,0,RING,SIMPLE,48,RING,SIMPLE,48,0,RING,A_flag_ceiling
reduce_perf,3,24,262144,65536,float,sum,121.25,2.16,2.16,0,119.29,2.2,2.2,0,RING,SIMPLE,48,RING,SIMPLE,48,0,RING,A_flag_ceiling
reduce_perf,3,24,524288,131072,float,sum,126.08,4.16,4.16,0,123.46,4.25,4.25,0,RING,SIMPLE,48,RING,SIMPLE,48,0,RING,A_flag_ceiling
reduce_perf,3,24,1048576,262144,float,sum,151.54,6.92,6.92,0,154.54,6.79,6.79,0,RING,SIMPLE,48,RING,SIMPLE,48,0,RING,A_flag_ceiling
reduce_perf,3,24,2097152,524288,float,sum,162.52,12.9,12.9,0,161.1,13.02,13.02,0,RING,SIMPLE,48,RING,SIMPLE,48,0,RING,A_flag_ceiling
reduce_perf,3,24,4194304,1048576,float,sum,176.09,23.82,23.82,0,172.67,24.29,24.29,0,RING,SIMPLE,48,RING,SIMPLE,48,0,RING,A_flag_ceiling
reduce_perf,3,24,8388608,2097152,float,sum,230.97,36.32,36.32,0,232.37,36.1,36.1,0,RING,SIMPLE,48,RING,SIMPLE,48,0,RING,A_flag_ceiling
reduce_perf,3,24,16777216,4194304,float,sum,281.27,59.65,59.65,0,280.66,59.78,59.78,0,RING,SIMPLE,48,RING,SIMPLE,48,0,RING,A_flag_ceiling
reduce_perf,3,24,33554432,8388608,float,sum,364.16,92.14,92.14,0,346.88,96.73,96.73,0,RING,SIMPLE,48,RING,SIMPLE,48,0,RING,A_flag_ceiling
reduce_perf,3,24,67108864,16777216,float,sum,480.94,139.54,139.54,0,461.89,145.29,145.29,0,RING,SIMPLE,48,RING,SIMPLE,48,0,RING,A_flag_ceiling
reduce_perf,3,24,134217728,33554432,float,sum,754.86,177.8,177.8,0,726.56,184.73,184.73,0,RING,SIMPLE,48,RING,SIMPLE,48,0,RING,A_flag_ceiling
reduce_perf,3,24,268435456,67108864,float,sum,1200.15,223.67,223.67,0,1127.39,238.1,238.1,0,RING,SIMPLE,48,RING,SIMPLE,48,0,RING,A_flag_ceiling
reduce_perf,3,24,536870912,134217728,float,sum,2126.2,252.5,252.5,0,2125.84,252.54,252.54,0,RING,SIMPLE,48,RING,SIMPLE,48,0,RING,A_flag_ceiling
reduce_perf,3,24,4096,1024,float,sum,30.92,0.13,0.13,0,28.9,0.14,0.14,0,RING,LL,48,RING,LL,48,0,RING,A_flag_ceiling
reduce_perf,3,24,8192,2048,float,sum,54.02,0.15,0.15,0,51.43,0.16,0.16,0,RING,LL,48,RING,LL,48,0,RING,A_flag_ceiling
reduce_perf,3,24,16384,4096,float,sum,68.77,0.24,0.24,0,69.26,0.24,0.24,0,RING,LL,48,RING,LL,48,0,RING,A_flag_ceiling
reduce_perf,3,24,32768,8192,float,sum,70.1,0.47,0.47,0,83.32,0.39,0.39,0,RING,LL,48,RING,LL,48,0,RING,A_flag_ceiling
reduce_perf,3,24,65536,16384,float,sum,72.58,0.9,0.9,0,72.84,0.9,0.9,0,RING,LL,48,RING,LL,48,0,RING,A_flag_ceiling
reduce_perf,3,24,131072,32768,float,sum,77.33,1.69,1.69,0,78.38,1.67,1.67,0,RING,LL,48,RING,LL,48,0,RING,A_flag_ceiling
reduce_perf,3,24,262144,65536,float,sum,88.87,2.95,2.95,0,87.67,2.99,2.99,0,RING,LL,48,RING,LL,48,0,RING,A_flag_ceiling
reduce_perf,3,24,524288,131072,float,sum,114.56,4.58,4.58,0,105.17,4.99,4.99,0,RING,LL,48,RING,LL,48,0,RING,A_flag_ceiling
reduce_perf,3,24,1048576,262144,float,sum,121.24,8.65,8.65,0,122.15,8.58,8.58,0,RING,LL,48,RING,LL,48,0,RING,A_flag_ceiling
reduce_perf,3,24,2097152,524288,float,sum,148.13,14.16,14.16,0,147.41,14.23,14.23,0,RING,LL,48,RING,LL,48,0,RING,A_flag_ceiling
reduce_perf,3,24,4194304,1048576,float,sum,196.51,21.34,21.34,0,198.14,21.17,21.17,0,RING,LL,48,RING,LL,48,0,RING,A_flag_ceiling
reduce_perf,3,24,8388608,2097152,float,sum,338.38,24.79,24.79,0,338.93,24.75,24.75,0,RING,LL,48,RING,LL,48,0,RING,A_flag_ceiling
reduce_perf,3,24,16777216,4194304,float,sum,545.94,30.73,30.73,0,545.28,30.77,30.77,0,RING,LL,48,RING,LL,48,0,RING,A_flag_ceiling
reduce_perf,3,24,33554432,8388608,float,sum,981.33,34.19,34.19,0,979.41,34.26,34.26,0,RING,LL,48,RING,LL,48,0,RING,A_flag_ceiling
reduce_perf,3,24,67108864,16777216,float,sum,1835.38,36.56,36.56,0,1838.13,36.51,36.51,0,RING,LL,48,RING,LL,48,0,RING,A_flag_ceiling
reduce_perf,3,24,134217728,33554432,float,sum,3537.98,37.94,37.94,0,3540.11,37.91,37.91,0,RING,LL,48,RING,LL,48,0,RING,A_flag_ceiling
reduce_perf,3,24,268435456,67108864,float,sum,7024.14,38.22,38.22,0,6991.16,38.4,38.4,0,RING,LL,48,RING,LL,48,0,RING,A_flag_ceiling
reduce_perf,3,24,536870912,134217728,float,sum,13987.9,38.38,38.38,0,15658.6,34.29,34.29,0,RING,LL,48,RING,LL,48,0,RING,A_flag_ceiling
reduce_perf,3,24,4096,1024,float,sum,676.68,0.01,0.01,0,34.04,0.12,0.12,0,RING,LL128,48,RING,LL128,48,0,RING,A_flag_ceiling
reduce_perf,3,24,8192,2048,float,sum,34.4,0.24,0.24,0,34.17,0.24,0.24,0,RING,LL128,48,RING,LL128,48,0,RING,A_flag_ceiling
reduce_perf,3,24,16384,4096,float,sum,33.74,0.49,0.49,0,34.51,0.47,0.47,0,RING,LL128,48,RING,LL128,48,0,RING,A_flag_ceiling
reduce_perf,3,24,32768,8192,float,sum,72.14,0.45,0.45,0,64.82,0.51,0.51,0,RING,LL128,48,RING,LL128,48,0,RING,A_flag_ceiling
reduce_perf,3,24,65536,16384,float,sum,89.08,0.74,0.74,0,86.7,0.76,0.76,0,RING,LL128,48,RING,LL128,48,0,RING,A_flag_ceiling
reduce_perf,3,24,131072,32768,float,sum,116.19,1.13,1.13,0,105.82,1.24,1.24,0,RING,LL128,48,RING,LL128,48,0,RING,A_flag_ceiling
reduce_perf,3,24,262144,65536,float,sum,116.42,2.25,2.25,0,117.64,2.23,2.23,0,RING,LL128,48,RING,LL128,48,0,RING,A_flag_ceiling
reduce_perf,3,24,524288,131072,float,sum,105.45,4.97,4.97,0,104.18,5.03,5.03,0,RING,LL128,48,RING,LL128,48,0,RING,A_flag_ceiling
reduce_perf,3,24,1048576,262144,float,sum,115.17,9.1,9.1,0,119.31,8.79,8.79,0,RING,LL128,48,RING,LL128,48,0,RING,A_flag_ceiling
reduce_perf,3,24,2097152,524288,float,sum,120.79,17.36,17.36,0,126.08,16.63,16.63,0,RING,LL128,48,RING,LL128,48,0,RING,A_flag_ceiling
reduce_perf,3,24,4194304,1048576,float,sum,151.51,27.68,27.68,0,158.06,26.54,26.54,0,RING,LL128,48,RING,LL128,48,0,RING,A_flag_ceiling
reduce_perf,3,24,8388608,2097152,float,sum,182.0,46.09,46.09,0,222.32,37.73,37.73,0,RING,LL128,48,RING,LL128,48,0,RING,A_flag_ceiling
reduce_perf,3,24,16777216,4194304,float,sum,224.47,74.74,74.74,0,232.0,72.32,72.32,0,RING,LL128,48,RING,LL128,48,0,RING,A_flag_ceiling
reduce_perf,3,24,33554432,8388608,float,sum,290.87,115.36,115.36,0,280.77,119.51,119.51,0,RING,LL128,48,RING,LL128,48,0,RING,A_flag_ceiling
reduce_perf,3,24,67108864,16777216,float,sum,405.3,165.58,165.58,0,407.81,164.56,164.56,0,RING,LL128,48,RING,LL128,48,0,RING,A_flag_ceiling
reduce_perf,3,24,134217728,33554432,float,sum,632.16,212.32,212.32,0,630.97,212.72,212.72,0,RING,LL128,48,RING,LL128,48,0,RING,A_flag_ceiling
reduce_perf,3,24,268435456,67108864,float,sum,1110.6,241.7,241.7,0,1106.42,242.62,242.62,0,RING,LL128,48,RING,LL128,48,0,RING,A_flag_ceiling
reduce_perf,3,24,536870912,134217728,float,sum,2002.2,268.14,268.14,0,1999.95,268.44,268.44,0,RING,LL128,48,RING,LL128,48,0,RING,A_flag_ceiling
reduce_perf,3,24,4096,1024,float,sum,48.23,0.08,0.08,0,36.61,0.11,0.11,0,RING,SIMPLE,1,RING,SIMPLE,1,0,RING,A_flag_ceiling
reduce_perf,3,24,8192,2048,float,sum,35.37,0.23,0.23,0,36.65,0.22,0.22,0,RING,SIMPLE,1,RING,SIMPLE,1,0,RING,A_flag_ceiling
reduce_perf,3,24,16384,4096,float,sum,39.42,0.42,0.42,0,37.83,0.43,0.43,0,RING,SIMPLE,1,RING,SIMPLE,1,0,RING,A_flag_ceiling
reduce_perf,3,24,32768,8192,float,sum,38.3,0.86,0.86,0,38.55,0.85,0.85,0,RING,SIMPLE,1,RING,SIMPLE,1,0,RING,A_flag_ceiling
reduce_perf,3,24,65536,16384,float,sum,44.26,1.48,1.48,0,44.23,1.48,1.48,0,RING,SIMPLE,1,RING,SIMPLE,1,0,RING,A_flag_ceiling
reduce_perf,3,24,131072,32768,float,sum,56.09,2.34,2.34,0,63.23,2.07,2.07,0,RING,SIMPLE,1,RING,SIMPLE,1,0,RING,A_flag_ceiling
reduce_perf,3,24,262144,65536,float,sum,79.85,3.28,3.28,0,76.94,3.41,3.41,0,RING,SIMPLE,1,RING,SIMPLE,1,0,RING,A_flag_ceiling
reduce_perf,3,24,524288,131072,float,sum,99.47,5.27,5.27,0,88.14,5.95,5.95,0,RING,SIMPLE,1,RING,SIMPLE,1,0,RING,A_flag_ceiling
reduce_perf,3,24,1048576,262144,float,sum,152.8,6.86,6.86,0,158.72,6.61,6.61,0,RING,SIMPLE,1,RING,SIMPLE,1,0,RING,A_flag_ceiling
reduce_perf,3,24,2097152,524288,float,sum,221.26,9.48,9.48,0,219.23,9.57,9.57,0,RING,SIMPLE,1,RING,SIMPLE,1,0,RING,A_flag_ceiling
reduce_perf,3,24,4194304,1048576,float,sum,419.15,10.01,10.01,0,394.5,10.63,10.63,0,RING,SIMPLE,1,RING,SIMPLE,1,0,RING,A_flag_ceiling
reduce_perf,3,24,8388608,2097152,float,sum,670.4,12.51,12.51,0,650.49,12.9,12.9,0,RING,SIMPLE,1,RING,SIMPLE,1,0,RING,A_flag_ceiling
reduce_perf,3,24,16777216,4194304,float,sum,1281.63,13.09,13.09,0,1242.47,13.5,13.5,0,RING,SIMPLE,1,RING,SIMPLE,1,0,RING,A_flag_ceiling
reduce_perf,3,24,33554432,8388608,float,sum,2373.79,14.14,14.14,0,2320.26,14.46,14.46,0,RING,SIMPLE,1,RING,SIMPLE,1,0,RING,A_flag_ceiling
reduce_perf,3,24,67108864,16777216,float,sum,4750.66,14.13,14.13,0,4665.53,14.38,14.38,0,RING,SIMPLE,1,RING,SIMPLE,1,0,RING,A_flag_ceiling
reduce_perf,3,24,134217728,33554432,float,sum,9348.47,14.36,14.36,0,9145.14,14.68,14.68,0,RING,SIMPLE,1,RING,SIMPLE,1,0,RING,A_flag_ceiling
reduce_perf,3,24,268435456,67108864,float,sum,19084.8,14.07,14.07,0,18440.3,14.56,14.56,0,RING,SIMPLE,1,RING,SIMPLE,1,0,RING,A_flag_ceiling
reduce_perf,3,24,536870912,134217728,float,sum,37701.9,14.24,14.24,0,37482.3,14.32,14.32,0,RING,SIMPLE,1,RING,SIMPLE,1,0,RING,A_flag_ceiling
reduce_perf,3,24,4096,1024,float,sum,31.21,0.13,0.13,0,29.7,0.14,0.14,0,RING,LL,1,RING,LL,1,0,RING,A_flag_ceiling
reduce_perf,3,24,8192,2048,float,sum,31.01,0.26,0.26,0,29.73,0.28,0.28,0,RING,LL,1,RING,LL,1,0,RING,A_flag_ceiling
reduce_perf,3,24,16384,4096,float,sum,35.28,0.46,0.46,0,35.46,0.46,0.46,0,RING,LL,1,RING,LL,1,0,RING,A_flag_ceiling
reduce_perf,3,24,32768,8192,float,sum,39.04,0.84,0.84,0,39.75,0.82,0.82,0,RING,LL,1,RING,LL,1,0,RING,A_flag_ceiling
reduce_perf,3,24,65536,16384,float,sum,50.31,1.3,1.3,0,50.83,1.29,1.29,0,RING,LL,1,RING,LL,1,0,RING,A_flag_ceiling
reduce_perf,3,24,131072,32768,float,sum,75.67,1.73,1.73,0,85.8,1.53,1.53,0,RING,LL,1,RING,LL,1,0,RING,A_flag_ceiling
reduce_perf,3,24,262144,65536,float,sum,133.71,1.96,1.96,0,134.43,1.95,1.95,0,RING,LL,1,RING,LL,1,0,RING,A_flag_ceiling
reduce_perf,3,24,524288,131072,float,sum,252.27,2.08,2.08,0,253.36,2.07,2.07,0,RING,LL,1,RING,LL,1,0,RING,A_flag_ceiling
reduce_perf,3,24,1048576,262144,float,sum,509.86,2.06,2.06,0,493.23,2.13,2.13,0,RING,LL,1,RING,LL,1,0,RING,A_flag_ceiling
reduce_perf,3,24,2097152,524288,float,sum,972.11,2.16,2.16,0,981.04,2.14,2.14,0,RING,LL,1,RING,LL,1,0,RING,A_flag_ceiling
reduce_perf,3,24,4194304,1048576,float,sum,1958.61,2.14,2.14,0,1938.67,2.16,2.16,0,RING,LL,1,RING,LL,1,0,RING,A_flag_ceiling
reduce_perf,3,24,8388608,2097152,float,sum,3871.02,2.17,2.17,0,3839.46,2.18,2.18,0,RING,LL,1,RING,LL,1,0,RING,A_flag_ceiling
reduce_perf,3,24,16777216,4194304,float,sum,7916.87,2.12,2.12,0,7670.88,2.19,2.19,0,RING,LL,1,RING,LL,1,0,RING,A_flag_ceiling
reduce_perf,3,24,33554432,8388608,float,sum,15354.3,2.19,2.19,0,15388.1,2.18,2.18,0,RING,LL,1,RING,LL,1,0,RING,A_flag_ceiling
reduce_perf,3,24,67108864,16777216,float,sum,30792.7,2.18,2.18,0,30754.4,2.18,2.18,0,RING,LL,1,RING,LL,1,0,RING,A_flag_ceiling
reduce_perf,3,24,134217728,33554432,float,sum,61739.6,2.17,2.17,0,61688.2,2.18,2.18,0,RING,LL,1,RING,LL,1,0,RING,A_flag_ceiling
reduce_perf,3,24,268435456,67108864,float,sum,123505.0,2.17,2.17,0,122894.0,2.18,2.18,0,RING,LL,1,RING,LL,1,0,RING,A_flag_ceiling
reduce_perf,3,24,536870912,134217728,float,sum,245484.0,2.19,2.19,0,245814.0,2.18,2.18,0,RING,LL,1,RING,LL,1,0,RING,A_flag_ceiling
reduce_perf,3,24,4096,1024,float,sum,31.73,0.13,0.13,0,33.31,0.12,0.12,0,RING,LL128,1,RING,LL128,1,0,RING,A_flag_ceiling
reduce_perf,3,24,8192,2048,float,sum,33.6,0.24,0.24,0,34.5,0.24,0.24,0,RING,LL128,1,RING,LL128,1,0,RING,A_flag_ceiling
reduce_perf,3,24,16384,4096,float,sum,31.3,0.52,0.52,0,34.51,0.47,0.47,0,RING,LL128,1,RING,LL128,1,0,RING,A_flag_ceiling
reduce_perf,3,24,32768,8192,float,sum,38.61,0.85,0.85,0,34.86,0.94,0.94,0,RING,LL128,1,RING,LL128,1,0,RING,A_flag_ceiling
reduce_perf,3,24,65536,16384,float,sum,39.63,1.65,1.65,0,40.29,1.63,1.63,0,RING,LL128,1,RING,LL128,1,0,RING,A_flag_ceiling
reduce_perf,3,24,131072,32768,float,sum,50.33,2.6,2.6,0,48.03,2.73,2.73,0,RING,LL128,1,RING,LL128,1,0,RING,A_flag_ceiling
reduce_perf,3,24,262144,65536,float,sum,60.62,4.32,4.32,0,61.98,4.23,4.23,0,RING,LL128,1,RING,LL128,1,0,RING,A_flag_ceiling
reduce_perf,3,24,524288,131072,float,sum,85.22,6.15,6.15,0,85.2,6.15,6.15,0,RING,LL128,1,RING,LL128,1,0,RING,A_flag_ceiling
reduce_perf,3,24,1048576,262144,float,sum,150.05,6.99,6.99,0,155.34,6.75,6.75,0,RING,LL128,1,RING,LL128,1,0,RING,A_flag_ceiling
reduce_perf,3,24,2097152,524288,float,sum,277.82,7.55,7.55,0,273.32,7.67,7.67,0,RING,LL128,1,RING,LL128,1,0,RING,A_flag_ceiling
reduce_perf,3,24,4194304,1048576,float,sum,498.59,8.41,8.41,0,493.61,8.5,8.5,0,RING,LL128,1,RING,LL128,1,0,RING,A_flag_ceiling
reduce_perf,3,24,8388608,2097152,float,sum,973.98,8.61,8.61,0,972.81,8.62,8.62,0,RING,LL128,1,RING,LL128,1,0,RING,A_flag_ceiling
reduce_perf,3,24,16777216,4194304,float,sum,1901.27,8.82,8.82,0,1900.99,8.83,8.83,0,RING,LL128,1,RING,LL128,1,0,RING,A_flag_ceiling
reduce_perf,3,24,33554432,8388608,float,sum,3764.12,8.91,8.91,0,3779.01,8.88,8.88,0,RING,LL128,1,RING,LL128,1,0,RING,A_flag_ceiling
reduce_perf,3,24,67108864,16777216,float,sum,7496.92,8.95,8.95,0,7505.81,8.94,8.94,0,RING,LL128,1,RING,LL128,1,0,RING,A_flag_ceiling
reduce_perf,3,24,134217728,33554432,float,sum,15060.0,8.91,8.91,0,14962.8,8.97,8.97,0,RING,LL128,1,RING,LL128,1,0,RING,A_flag_ceiling
reduce_perf,3,24,268435456,67108864,float,sum,30157.9,8.9,8.9,0,30112.5,8.91,8.91,0,RING,LL128,1,RING,LL128,1,0,RING,A_flag_ceiling
reduce_perf,3,24,536870912,134217728,float,sum,60255.5,8.91,8.91,0,60322.7,8.9,8.9,0,RING,LL128,1,RING,LL128,1,0,RING,A_flag_ceiling
reduce_perf,3,24,4096,1024,float,sum,36.95,0.11,0.11,0,35.57,0.12,0.12,0,RING,SIMPLE,2,RING,SIMPLE,2,0,RING,A_flag_ceiling
reduce_perf,3,24,8192,2048,float,sum,35.93,0.23,0.23,0,33.43,0.25,0.25,0,RING,SIMPLE,2,RING,SIMPLE,2,0,RING,A_flag_ceiling
reduce_perf,3,24,16384,4096,float,sum,38.7,0.42,0.42,0,46.86,0.35,0.35,0,RING,SIMPLE,2,RING,SIMPLE,2,0,RING,A_flag_ceiling
reduce_perf,3,24,32768,8192,float,sum,98.11,0.33,0.33,0,100.1,0.33,0.33,0,RING,SIMPLE,2,RING,SIMPLE,2,0,RING,A_flag_ceiling
reduce_perf,3,24,65536,16384,float,sum,113.23,0.58,0.58,0,103.83,0.63,0.63,0,RING,SIMPLE,2,RING,SIMPLE,2,0,RING,A_flag_ceiling
reduce_perf,3,24,131072,32768,float,sum,113.28,1.16,1.16,0,111.66,1.17,1.17,0,RING,SIMPLE,2,RING,SIMPLE,2,0,RING,A_flag_ceiling
reduce_perf,3,24,262144,65536,float,sum,122.68,2.14,2.14,0,132.02,1.99,1.99,0,RING,SIMPLE,2,RING,SIMPLE,2,0,RING,A_flag_ceiling
reduce_perf,3,24,524288,131072,float,sum,151.12,3.47,3.47,0,139.2,3.77,3.77,0,RING,SIMPLE,2,RING,SIMPLE,2,0,RING,A_flag_ceiling
reduce_perf,3,24,1048576,262144,float,sum,189.93,5.52,5.52,0,184.12,5.7,5.7,0,RING,SIMPLE,2,RING,SIMPLE,2,0,RING,A_flag_ceiling
reduce_perf,3,24,2097152,524288,float,sum,244.82,8.57,8.57,0,256.97,8.16,8.16,0,RING,SIMPLE,2,RING,SIMPLE,2,0,RING,A_flag_ceiling
reduce_perf,3,24,4194304,1048576,float,sum,371.25,11.3,11.3,0,368.88,11.37,11.37,0,RING,SIMPLE,2,RING,SIMPLE,2,0,RING,A_flag_ceiling
reduce_perf,3,24,8388608,2097152,float,sum,546.14,15.36,15.36,0,522.17,16.07,16.07,0,RING,SIMPLE,2,RING,SIMPLE,2,0,RING,A_flag_ceiling
reduce_perf,3,24,16777216,4194304,float,sum,902.45,18.59,18.59,0,887.0,18.91,18.91,0,RING,SIMPLE,2,RING,SIMPLE,2,0,RING,A_flag_ceiling
reduce_perf,3,24,33554432,8388608,float,sum,1517.64,22.11,22.11,0,1499.53,22.38,22.38,0,RING,SIMPLE,2,RING,SIMPLE,2,0,RING,A_flag_ceiling
reduce_perf,3,24,67108864,16777216,float,sum,2853.43,23.52,23.52,0,2784.82,24.1,24.1,0,RING,SIMPLE,2,RING,SIMPLE,2,0,RING,A_flag_ceiling
reduce_perf,3,24,134217728,33554432,float,sum,5140.8,26.11,26.11,0,5077.26,26.44,26.44,0,RING,SIMPLE,2,RING,SIMPLE,2,0,RING,A_flag_ceiling
reduce_perf,3,24,268435456,67108864,float,sum,9843.99,27.27,27.27,0,9696.35,27.68,27.68,0,RING,SIMPLE,2,RING,SIMPLE,2,0,RING,A_flag_ceiling
reduce_perf,3,24,536870912,134217728,float,sum,18955.6,28.32,28.32,0,19209.6,27.95,27.95,0,RING,SIMPLE,2,RING,SIMPLE,2,0,RING,A_flag_ceiling
reduce_perf,3,24,4096,1024,float,sum,30.21,0.14,0.14,0,29.17,0.14,0.14,0,RING,LL,2,RING,LL,2,0,RING,A_flag_ceiling
reduce_perf,3,24,8192,2048,float,sum,51.62,0.16,0.16,0,53.35,0.15,0.15,0,RING,LL,2,RING,LL,2,0,RING,A_flag_ceiling
reduce_perf,3,24,16384,4096,float,sum,57.96,0.28,0.28,0,58.9,0.28,0.28,0,RING,LL,2,RING,LL,2,0,RING,A_flag_ceiling
reduce_perf,3,24,32768,8192,float,sum,64.43,0.51,0.51,0,65.31,0.5,0.5,0,RING,LL,2,RING,LL,2,0,RING,A_flag_ceiling
reduce_perf,3,24,65536,16384,float,sum,73.66,0.89,0.89,0,72.84,0.9,0.9,0,RING,LL,2,RING,LL,2,0,RING,A_flag_ceiling
reduce_perf,3,24,131072,32768,float,sum,88.13,1.49,1.49,0,89.16,1.47,1.47,0,RING,LL,2,RING,LL,2,0,RING,A_flag_ceiling
reduce_perf,3,24,262144,65536,float,sum,116.73,2.25,2.25,0,118.21,2.22,2.22,0,RING,LL,2,RING,LL,2,0,RING,A_flag_ceiling
reduce_perf,3,24,524288,131072,float,sum,174.94,3.0,3.0,0,179.7,2.92,2.92,0,RING,LL,2,RING,LL,2,0,RING,A_flag_ceiling
reduce_perf,3,24,1048576,262144,float,sum,292.94,3.58,3.58,0,297.36,3.53,3.53,0,RING,LL,2,RING,LL,2,0,RING,A_flag_ceiling
reduce_perf,3,24,2097152,524288,float,sum,525.21,3.99,3.99,0,524.4,4.0,4.0,0,RING,LL,2,RING,LL,2,0,RING,A_flag_ceiling
reduce_perf,3,24,4194304,1048576,float,sum,998.93,4.2,4.2,0,986.4,4.25,4.25,0,RING,LL,2,RING,LL,2,0,RING,A_flag_ceiling
reduce_perf,3,24,8388608,2097152,float,sum,1935.9,4.33,4.33,0,1950.0,4.3,4.3,0,RING,LL,2,RING,LL,2,0,RING,A_flag_ceiling
reduce_perf,3,24,16777216,4194304,float,sum,3829.12,4.38,4.38,0,3821.43,4.39,4.39,0,RING,LL,2,RING,LL,2,0,RING,A_flag_ceiling
reduce_perf,3,24,33554432,8388608,float,sum,7659.77,4.38,4.38,0,7647.04,4.39,4.39,0,RING,LL,2,RING,LL,2,0,RING,A_flag_ceiling
reduce_perf,3,24,67108864,16777216,float,sum,15279.2,4.39,4.39,0,15257.2,4.4,4.4,0,RING,LL,2,RING,LL,2,0,RING,A_flag_ceiling
reduce_perf,3,24,134217728,33554432,float,sum,30556.1,4.39,4.39,0,30508.2,4.4,4.4,0,RING,LL,2,RING,LL,2,0,RING,A_flag_ceiling
reduce_perf,3,24,268435456,67108864,float,sum,60934.2,4.41,4.41,0,60696.2,4.42,4.42,0,RING,LL,2,RING,LL,2,0,RING,A_flag_ceiling
reduce_perf,3,24,536870912,134217728,float,sum,121537.0,4.42,4.42,0,121188.0,4.43,4.43,0,RING,LL,2,RING,LL,2,0,RING,A_flag_ceiling
reduce_perf,3,24,4096,1024,float,sum,34.53,0.12,0.12,0,34.05,0.12,0.12,0,RING,LL128,2,RING,LL128,2,0,RING,A_flag_ceiling
reduce_perf,3,24,8192,2048,float,sum,31.59,0.26,0.26,0,32.73,0.25,0.25,0,RING,LL128,2,RING,LL128,2,0,RING,A_flag_ceiling
reduce_perf,3,24,16384,4096,float,sum,31.03,0.53,0.53,0,31.26,0.52,0.52,0,RING,LL128,2,RING,LL128,2,0,RING,A_flag_ceiling
reduce_perf,3,24,32768,8192,float,sum,70.32,0.47,0.47,0,68.09,0.48,0.48,0,RING,LL128,2,RING,LL128,2,0,RING,A_flag_ceiling
reduce_perf,3,24,65536,16384,float,sum,76.04,0.86,0.86,0,74.26,0.88,0.88,0,RING,LL128,2,RING,LL128,2,0,RING,A_flag_ceiling
reduce_perf,3,24,131072,32768,float,sum,84.14,1.56,1.56,0,88.82,1.48,1.48,0,RING,LL128,2,RING,LL128,2,0,RING,A_flag_ceiling
reduce_perf,3,24,262144,65536,float,sum,104.44,2.51,2.51,0,102.59,2.56,2.56,0,RING,LL128,2,RING,LL128,2,0,RING,A_flag_ceiling
reduce_perf,3,24,524288,131072,float,sum,111.47,4.7,4.7,0,116.59,4.5,4.5,0,RING,LL128,2,RING,LL128,2,0,RING,A_flag_ceiling
reduce_perf,3,24,1048576,262144,float,sum,139.59,7.51,7.51,0,148.57,7.06,7.06,0,RING,LL128,2,RING,LL128,2,0,RING,A_flag_ceiling
reduce_perf,3,24,2097152,524288,float,sum,207.73,10.1,10.1,0,197.52,10.62,10.62,0,RING,LL128,2,RING,LL128,2,0,RING,A_flag_ceiling
reduce_perf,3,24,4194304,1048576,float,sum,321.08,13.06,13.06,0,325.07,12.9,12.9,0,RING,LL128,2,RING,LL128,2,0,RING,A_flag_ceiling
reduce_perf,3,24,8388608,2097152,float,sum,534.14,15.7,15.7,0,543.83,15.42,15.42,0,RING,LL128,2,RING,LL128,2,0,RING,A_flag_ceiling
reduce_perf,3,24,16777216,4194304,float,sum,966.12,17.37,17.37,0,965.38,17.38,17.38,0,RING,LL128,2,RING,LL128,2,0,RING,A_flag_ceiling
reduce_perf,3,24,33554432,8388608,float,sum,1886.3,17.79,17.79,0,1903.44,17.63,17.63,0,RING,LL128,2,RING,LL128,2,0,RING,A_flag_ceiling
reduce_perf,3,24,67108864,16777216,float,sum,3694.21,18.17,18.17,0,3684.67,18.21,18.21,0,RING,LL128,2,RING,LL128,2,0,RING,A_flag_ceiling
reduce_perf,3,24,134217728,33554432,float,sum,7399.78,18.14,18.14,0,7340.14,18.29,18.29,0,RING,LL128,2,RING,LL128,2,0,RING,A_flag_ceiling
reduce_perf,3,24,268435456,67108864,float,sum,14791.4,18.15,18.15,0,14763.4,18.18,18.18,0,RING,LL128,2,RING,LL128,2,0,RING,A_flag_ceiling
reduce_perf,3,24,536870912,134217728,float,sum,29419.9,18.25,18.25,0,29658.3,18.1,18.1,0,RING,LL128,2,RING,LL128,2,0,RING,A_flag_ceiling
reduce_perf,3,24,4096,1024,float,sum,36.49,0.11,0.11,0,34.29,0.12,0.12,0,RING,SIMPLE,4,RING,SIMPLE,4,0,RING,A_flag_ceiling
reduce_perf,3,24,8192,2048,float,sum,35.72,0.23,0.23,0,36.24,0.23,0.23,0,RING,SIMPLE,4,RING,SIMPLE,4,0,RING,A_flag_ceiling
reduce_perf,3,24,16384,4096,float,sum,36.51,0.45,0.45,0,37.21,0.44,0.44,0,RING,SIMPLE,4,RING,SIMPLE,4,0,RING,A_flag_ceiling
reduce_perf,3,24,32768,8192,float,sum,105.29,0.31,0.31,0,89.57,0.37,0.37,0,RING,SIMPLE,4,RING,SIMPLE,4,0,RING,A_flag_ceiling
reduce_perf,3,24,65536,16384,float,sum,152.24,0.43,0.43,0,150.79,0.43,0.43,0,RING,SIMPLE,4,RING,SIMPLE,4,0,RING,A_flag_ceiling
reduce_perf,3,24,131072,32768,float,sum,164.6,0.8,0.8,0,184.29,0.71,0.71,0,RING,SIMPLE,4,RING,SIMPLE,4,0,RING,A_flag_ceiling
reduce_perf,3,24,262144,65536,float,sum,186.22,1.41,1.41,0,179.12,1.46,1.46,0,RING,SIMPLE,4,RING,SIMPLE,4,0,RING,A_flag_ceiling
reduce_perf,3,24,524288,131072,float,sum,183.44,2.86,2.86,0,182.01,2.88,2.88,0,RING,SIMPLE,4,RING,SIMPLE,4,0,RING,A_flag_ceiling
reduce_perf,3,24,1048576,262144,float,sum,194.78,5.38,5.38,0,227.55,4.61,4.61,0,RING,SIMPLE,4,RING,SIMPLE,4,0,RING,A_flag_ceiling
reduce_perf,3,24,2097152,524288,float,sum,290.25,7.23,7.23,0,294.05,7.13,7.13,0,RING,SIMPLE,4,RING,SIMPLE,4,0,RING,A_flag_ceiling
reduce_perf,3,24,4194304,1048576,float,sum,300.67,13.95,13.95,0,317.48,13.21,13.21,0,RING,SIMPLE,4,RING,SIMPLE,4,0,RING,A_flag_ceiling
reduce_perf,3,24,8388608,2097152,float,sum,451.2,18.59,18.59,0,461.6,18.17,18.17,0,RING,SIMPLE,4,RING,SIMPLE,4,0,RING,A_flag_ceiling
reduce_perf,3,24,16777216,4194304,float,sum,645.7,25.98,25.98,0,630.37,26.61,26.61,0,RING,SIMPLE,4,RING,SIMPLE,4,0,RING,A_flag_ceiling
reduce_perf,3,24,33554432,8388608,float,sum,1073.09,31.27,31.27,0,1050.36,31.95,31.95,0,RING,SIMPLE,4,RING,SIMPLE,4,0,RING,A_flag_ceiling
reduce_perf,3,24,67108864,16777216,float,sum,1692.67,39.65,39.65,0,1672.6,40.12,40.12,0,RING,SIMPLE,4,RING,SIMPLE,4,0,RING,A_flag_ceiling
reduce_perf,3,24,134217728,33554432,float,sum,3172.5,42.31,42.31,0,3108.1,43.18,43.18,0,RING,SIMPLE,4,RING,SIMPLE,4,0,RING,A_flag_ceiling
reduce_perf,3,24,268435456,67108864,float,sum,5505.86,48.75,48.75,0,5436.74,49.37,49.37,0,RING,SIMPLE,4,RING,SIMPLE,4,0,RING,A_flag_ceiling
reduce_perf,3,24,536870912,134217728,float,sum,10223.9,52.51,52.51,0,10198.4,52.64,52.64,0,RING,SIMPLE,4,RING,SIMPLE,4,0,RING,A_flag_ceiling
reduce_perf,3,24,4096,1024,float,sum,29.49,0.14,0.14,0,28.81,0.14,0.14,0,RING,LL,4,RING,LL,4,0,RING,A_flag_ceiling
reduce_perf,3,24,8192,2048,float,sum,51.48,0.16,0.16,0,52.39,0.16,0.16,0,RING,LL,4,RING,LL,4,0,RING,A_flag_ceiling
reduce_perf,3,24,16384,4096,float,sum,79.8,0.21,0.21,0,70.05,0.23,0.23,0,RING,LL,4,RING,LL,4,0,RING,A_flag_ceiling
reduce_perf,3,24,32768,8192,float,sum,76.78,0.43,0.43,0,75.93,0.43,0.43,0,RING,LL,4,RING,LL,4,0,RING,A_flag_ceiling
reduce_perf,3,24,65536,16384,float,sum,96.15,0.68,0.68,0,91.05,0.72,0.72,0,RING,LL,4,RING,LL,4,0,RING,A_flag_ceiling
reduce_perf,3,24,131072,32768,float,sum,99.44,1.32,1.32,0,99.18,1.32,1.32,0,RING,LL,4,RING,LL,4,0,RING,A_flag_ceiling
reduce_perf,3,24,262144,65536,float,sum,114.8,2.28,2.28,0,115.09,2.28,2.28,0,RING,LL,4,RING,LL,4,0,RING,A_flag_ceiling
reduce_perf,3,24,524288,131072,float,sum,149.29,3.51,3.51,0,145.12,3.61,3.61,0,RING,LL,4,RING,LL,4,0,RING,A_flag_ceiling
reduce_perf,3,24,1048576,262144,float,sum,759.4,1.38,1.38,0,215.97,4.86,4.86,0,RING,LL,4,RING,LL,4,0,RING,A_flag_ceiling
reduce_perf,3,24,2097152,524288,float,sum,331.86,6.32,6.32,0,322.35,6.51,6.51,0,RING,LL,4,RING,LL,4,0,RING,A_flag_ceiling
reduce_perf,3,24,4194304,1048576,float,sum,566.04,7.41,7.41,0,569.78,7.36,7.36,0,RING,LL,4,RING,LL,4,0,RING,A_flag_ceiling
reduce_perf,3,24,8388608,2097152,float,sum,1041.51,8.05,8.05,0,1031.05,8.14,8.14,0,RING,LL,4,RING,LL,4,0,RING,A_flag_ceiling
reduce_perf,3,24,16777216,4194304,float,sum,1977.95,8.48,8.48,0,1965.2,8.54,8.54,0,RING,LL,4,RING,LL,4,0,RING,A_flag_ceiling
reduce_perf,3,24,33554432,8388608,float,sum,3872.99,8.66,8.66,0,3879.46,8.65,8.65,0,RING,LL,4,RING,LL,4,0,RING,A_flag_ceiling
reduce_perf,3,24,67108864,16777216,float,sum,7677.27,8.74,8.74,0,7665.0,8.76,8.76,0,RING,LL,4,RING,LL,4,0,RING,A_flag_ceiling
reduce_perf,3,24,134217728,33554432,float,sum,15288.5,8.78,8.78,0,15290.6,8.78,8.78,0,RING,LL,4,RING,LL,4,0,RING,A_flag_ceiling
reduce_perf,3,24,268435456,67108864,float,sum,30504.5,8.8,8.8,0,30817.4,8.71,8.71,0,RING,LL,4,RING,LL,4,0,RING,A_flag_ceiling
reduce_perf,3,24,536870912,134217728,float,sum,61942.1,8.67,8.67,0,61908.3,8.67,8.67,0,RING,LL,4,RING,LL,4,0,RING,A_flag_ceiling
reduce_perf,3,24,4096,1024,float,sum,34.7,0.12,0.12,0,33.45,0.12,0.12,0,RING,LL128,4,RING,LL128,4,0,RING,A_flag_ceiling
reduce_perf,3,24,8192,2048,float,sum,32.81,0.25,0.25,0,32.24,0.25,0.25,0,RING,LL128,4,RING,LL128,4,0,RING,A_flag_ceiling
reduce_perf,3,24,16384,4096,float,sum,35.47,0.46,0.46,0,33.88,0.48,0.48,0,RING,LL128,4,RING,LL128,4,0,RING,A_flag_ceiling
reduce_perf,3,24,32768,8192,float,sum,69.32,0.47,0.47,0,70.68,0.46,0.46,0,RING,LL128,4,RING,LL128,4,0,RING,A_flag_ceiling
reduce_perf,3,24,65536,16384,float,sum,102.13,0.64,0.64,0,96.51,0.68,0.68,0,RING,LL128,4,RING,LL128,4,0,RING,A_flag_ceiling
reduce_perf,3,24,131072,32768,float,sum,110.53,1.19,1.19,0,116.27,1.13,1.13,0,RING,LL128,4,RING,LL128,4,0,RING,A_flag_ceiling
reduce_perf,3,24,262144,65536,float,sum,125.25,2.09,2.09,0,119.65,2.19,2.19,0,RING,LL128,4,RING,LL128,4,0,RING,A_flag_ceiling
reduce_perf,3,24,524288,131072,float,sum,133.45,3.93,3.93,0,147.74,3.55,3.55,0,RING,LL128,4,RING,LL128,4,0,RING,A_flag_ceiling
reduce_perf,3,24,1048576,262144,float,sum,151.71,6.91,6.91,0,151.71,6.91,6.91,0,RING,LL128,4,RING,LL128,4,0,RING,A_flag_ceiling
reduce_perf,3,24,2097152,524288,float,sum,184.61,11.36,11.36,0,191.6,10.95,10.95,0,RING,LL128,4,RING,LL128,4,0,RING,A_flag_ceiling
reduce_perf,3,24,4194304,1048576,float,sum,243.42,17.23,17.23,0,244.18,17.18,17.18,0,RING,LL128,4,RING,LL128,4,0,RING,A_flag_ceiling
reduce_perf,3,24,8388608,2097152,float,sum,356.02,23.56,23.56,0,365.57,22.95,22.95,0,RING,LL128,4,RING,LL128,4,0,RING,A_flag_ceiling
reduce_perf,3,24,16777216,4194304,float,sum,597.96,28.06,28.06,0,589.53,28.46,28.46,0,RING,LL128,4,RING,LL128,4,0,RING,A_flag_ceiling
reduce_perf,3,24,33554432,8388608,float,sum,1085.05,30.92,30.92,0,1070.29,31.35,31.35,0,RING,LL128,4,RING,LL128,4,0,RING,A_flag_ceiling
reduce_perf,3,24,67108864,16777216,float,sum,2602.34,25.79,25.79,0,2009.86,33.39,33.39,0,RING,LL128,4,RING,LL128,4,0,RING,A_flag_ceiling
reduce_perf,3,24,134217728,33554432,float,sum,3902.92,34.39,34.39,0,3892.7,34.48,34.48,0,RING,LL128,4,RING,LL128,4,0,RING,A_flag_ceiling
reduce_perf,3,24,268435456,67108864,float,sum,7774.51,34.53,34.53,0,7726.62,34.74,34.74,0,RING,LL128,4,RING,LL128,4,0,RING,A_flag_ceiling
reduce_perf,3,24,536870912,134217728,float,sum,15311.5,35.06,35.06,0,15371.6,34.93,34.93,0,RING,LL128,4,RING,LL128,4,0,RING,A_flag_ceiling
reduce_perf,3,24,4096,1024,float,sum,33.64,0.12,0.12,0,35.09,0.12,0.12,0,RING,SIMPLE,8,RING,SIMPLE,8,0,RING,A_flag_ceiling
reduce_perf,3,24,8192,2048,float,sum,39.37,0.21,0.21,0,32.11,0.26,0.26,0,RING,SIMPLE,8,RING,SIMPLE,8,0,RING,A_flag_ceiling
reduce_perf,3,24,16384,4096,float,sum,38.17,0.43,0.43,0,37.08,0.44,0.44,0,RING,SIMPLE,8,RING,SIMPLE,8,0,RING,A_flag_ceiling
reduce_perf,3,24,32768,8192,float,sum,94.1,0.35,0.35,0,99.17,0.33,0.33,0,RING,SIMPLE,8,RING,SIMPLE,8,0,RING,A_flag_ceiling
reduce_perf,3,24,65536,16384,float,sum,126.85,0.52,0.52,0,123.62,0.53,0.53,0,RING,SIMPLE,8,RING,SIMPLE,8,0,RING,A_flag_ceiling
reduce_perf,3,24,131072,32768,float,sum,128.29,1.02,1.02,0,134.12,0.98,0.98,0,RING,SIMPLE,8,RING,SIMPLE,8,0,RING,A_flag_ceiling
reduce_perf,3,24,262144,65536,float,sum,153.54,1.71,1.71,0,153.89,1.7,1.7,0,RING,SIMPLE,8,RING,SIMPLE,8,0,RING,A_flag_ceiling
reduce_perf,3,24,524288,131072,float,sum,152.48,3.44,3.44,0,156.29,3.35,3.35,0,RING,SIMPLE,8,RING,SIMPLE,8,0,RING,A_flag_ceiling
reduce_perf,3,24,1048576,262144,float,sum,172.21,6.09,6.09,0,163.03,6.43,6.43,0,RING,SIMPLE,8,RING,SIMPLE,8,0,RING,A_flag_ceiling
reduce_perf,3,24,2097152,524288,float,sum,198.53,10.56,10.56,0,196.49,10.67,10.67,0,RING,SIMPLE,8,RING,SIMPLE,8,0,RING,A_flag_ceiling
reduce_perf,3,24,4194304,1048576,float,sum,246.37,17.02,17.02,0,249.04,16.84,16.84,0,RING,SIMPLE,8,RING,SIMPLE,8,0,RING,A_flag_ceiling
reduce_perf,3,24,8388608,2097152,float,sum,307.12,27.31,27.31,0,306.13,27.4,27.4,0,RING,SIMPLE,8,RING,SIMPLE,8,0,RING,A_flag_ceiling
reduce_perf,3,24,16777216,4194304,float,sum,474.37,35.37,35.37,0,457.15,36.7,36.7,0,RING,SIMPLE,8,RING,SIMPLE,8,0,RING,A_flag_ceiling
reduce_perf,3,24,33554432,8388608,float,sum,655.42,51.2,51.2,0,644.52,52.06,52.06,0,RING,SIMPLE,8,RING,SIMPLE,8,0,RING,A_flag_ceiling
reduce_perf,3,24,67108864,16777216,float,sum,1105.55,60.7,60.7,0,1091.24,61.5,61.5,0,RING,SIMPLE,8,RING,SIMPLE,8,0,RING,A_flag_ceiling
reduce_perf,3,24,134217728,33554432,float,sum,1733.26,77.44,77.44,0,1709.69,78.5,78.5,0,RING,SIMPLE,8,RING,SIMPLE,8,0,RING,A_flag_ceiling
reduce_perf,3,24,268435456,67108864,float,sum,3247.86,82.65,82.65,0,3203.35,83.8,83.8,0,RING,SIMPLE,8,RING,SIMPLE,8,0,RING,A_flag_ceiling
reduce_perf,3,24,536870912,134217728,float,sum,5676.34,94.58,94.58,0,5698.53,94.21,94.21,0,RING,SIMPLE,8,RING,SIMPLE,8,0,RING,A_flag_ceiling
reduce_perf,3,24,4096,1024,float,sum,30.76,0.13,0.13,0,28.74,0.14,0.14,0,RING,LL,8,RING,LL,8,0,RING,A_flag_ceiling
reduce_perf,3,24,8192,2048,float,sum,52.9,0.15,0.15,0,54.34,0.15,0.15,0,RING,LL,8,RING,LL,8,0,RING,A_flag_ceiling
reduce_perf,3,24,16384,4096,float,sum,69.78,0.23,0.23,0,68.86,0.24,0.24,0,RING,LL,8,RING,LL,8,0,RING,A_flag_ceiling
reduce_perf,3,24,32768,8192,float,sum,71.61,0.46,0.46,0,70.9,0.46,0.46,0,RING,LL,8,RING,LL,8,0,RING,A_flag_ceiling
reduce_perf,3,24,65536,16384,float,sum,79.49,0.82,0.82,0,78.84,0.83,0.83,0,RING,LL,8,RING,LL,8,0,RING,A_flag_ceiling
reduce_perf,3,24,131072,32768,float,sum,93.86,1.4,1.4,0,93.41,1.4,1.4,0,RING,LL,8,RING,LL,8,0,RING,A_flag_ceiling
reduce_perf,3,24,262144,65536,float,sum,101.18,2.59,2.59,0,102.18,2.57,2.57,0,RING,LL,8,RING,LL,8,0,RING,A_flag_ceiling
reduce_perf,3,24,524288,131072,float,sum,117.84,4.45,4.45,0,117.68,4.46,4.46,0,RING,LL,8,RING,LL,8,0,RING,A_flag_ceiling
reduce_perf,3,24,1048576,262144,float,sum,151.15,6.94,6.94,0,151.33,6.93,6.93,0,RING,LL,8,RING,LL,8,0,RING,A_flag_ceiling
reduce_perf,3,24,2097152,524288,float,sum,211.37,9.92,9.92,0,212.73,9.86,9.86,0,RING,LL,8,RING,LL,8,0,RING,A_flag_ceiling
reduce_perf,3,24,4194304,1048576,float,sum,334.43,12.54,12.54,0,341.56,12.28,12.28,0,RING,LL,8,RING,LL,8,0,RING,A_flag_ceiling
reduce_perf,3,24,8388608,2097152,float,sum,581.33,14.43,14.43,0,579.87,14.47,14.47,0,RING,LL,8,RING,LL,8,0,RING,A_flag_ceiling
reduce_perf,3,24,16777216,4194304,float,sum,1079.67,15.54,15.54,0,1073.7,15.63,15.63,0,RING,LL,8,RING,LL,8,0,RING,A_flag_ceiling
reduce_perf,3,24,33554432,8388608,float,sum,2054.13,16.34,16.34,0,2049.1,16.38,16.38,0,RING,LL,8,RING,LL,8,0,RING,A_flag_ceiling
reduce_perf,3,24,67108864,16777216,float,sum,4029.45,16.65,16.65,0,4036.0,16.63,16.63,0,RING,LL,8,RING,LL,8,0,RING,A_flag_ceiling
reduce_perf,3,24,134217728,33554432,float,sum,7946.78,16.89,16.89,0,7966.85,16.85,16.85,0,RING,LL,8,RING,LL,8,0,RING,A_flag_ceiling
reduce_perf,3,24,268435456,67108864,float,sum,15814.5,16.97,16.97,0,15906.3,16.88,16.88,0,RING,LL,8,RING,LL,8,0,RING,A_flag_ceiling
reduce_perf,3,24,536870912,134217728,float,sum,31494.5,17.05,17.05,0,31450.6,17.07,17.07,0,RING,LL,8,RING,LL,8,0,RING,A_flag_ceiling
reduce_perf,3,24,4096,1024,float,sum,35.16,0.12,0.12,0,34.76,0.12,0.12,0,RING,LL128,8,RING,LL128,8,0,RING,A_flag_ceiling
reduce_perf,3,24,8192,2048,float,sum,34.36,0.24,0.24,0,28.49,0.29,0.29,0,RING,LL128,8,RING,LL128,8,0,RING,A_flag_ceiling
reduce_perf,3,24,16384,4096,float,sum,35.73,0.46,0.46,0,34.72,0.47,0.47,0,RING,LL128,8,RING,LL128,8,0,RING,A_flag_ceiling
reduce_perf,3,24,32768,8192,float,sum,72.27,0.45,0.45,0,77.23,0.42,0.42,0,RING,LL128,8,RING,LL128,8,0,RING,A_flag_ceiling
reduce_perf,3,24,65536,16384,float,sum,103.98,0.63,0.63,0,94.13,0.7,0.7,0,RING,LL128,8,RING,LL128,8,0,RING,A_flag_ceiling
reduce_perf,3,24,131072,32768,float,sum,97.88,1.34,1.34,0,98.07,1.34,1.34,0,RING,LL128,8,RING,LL128,8,0,RING,A_flag_ceiling
reduce_perf,3,24,262144,65536,float,sum,105.34,2.49,2.49,0,115.19,2.28,2.28,0,RING,LL128,8,RING,LL128,8,0,RING,A_flag_ceiling
reduce_perf,3,24,524288,131072,float,sum,123.08,4.26,4.26,0,126.13,4.16,4.16,0,RING,LL128,8,RING,LL128,8,0,RING,A_flag_ceiling
reduce_perf,3,24,1048576,262144,float,sum,136.67,7.67,7.67,0,140.05,7.49,7.49,0,RING,LL128,8,RING,LL128,8,0,RING,A_flag_ceiling
reduce_perf,3,24,2097152,524288,float,sum,163.83,12.8,12.8,0,158.56,13.23,13.23,0,RING,LL128,8,RING,LL128,8,0,RING,A_flag_ceiling
reduce_perf,3,24,4194304,1048576,float,sum,189.47,22.14,22.14,0,191.66,21.88,21.88,0,RING,LL128,8,RING,LL128,8,0,RING,A_flag_ceiling
reduce_perf,3,24,8388608,2097152,float,sum,249.64,33.6,33.6,0,246.31,34.06,34.06,0,RING,LL128,8,RING,LL128,8,0,RING,A_flag_ceiling
reduce_perf,3,24,16777216,4194304,float,sum,357.38,46.94,46.94,0,378.49,44.33,44.33,0,RING,LL128,8,RING,LL128,8,0,RING,A_flag_ceiling
reduce_perf,3,24,33554432,8388608,float,sum,616.91,54.39,54.39,0,620.84,54.05,54.05,0,RING,LL128,8,RING,LL128,8,0,RING,A_flag_ceiling
reduce_perf,3,24,67108864,16777216,float,sum,1084.33,61.89,61.89,0,1071.71,62.62,62.62,0,RING,LL128,8,RING,LL128,8,0,RING,A_flag_ceiling
reduce_perf,3,24,134217728,33554432,float,sum,2032.23,66.04,66.04,0,2037.11,65.89,65.89,0,RING,LL128,8,RING,LL128,8,0,RING,A_flag_ceiling
reduce_perf,3,24,268435456,67108864,float,sum,3955.12,67.87,67.87,0,3956.24,67.85,67.85,0,RING,LL128,8,RING,LL128,8,0,RING,A_flag_ceiling
reduce_perf,3,24,536870912,134217728,float,sum,7788.8,68.93,68.93,0,7787.42,68.94,68.94,0,RING,LL128,8,RING,LL128,8,0,RING,A_flag_ceiling
reduce_perf,3,24,4096,1024,float,sum,37.15,0.11,0.11,0,35.42,0.12,0.12,0,RING,SIMPLE,16,RING,SIMPLE,16,0,RING,A_flag_ceiling
reduce_perf,3,24,8192,2048,float,sum,35.36,0.23,0.23,0,34.33,0.24,0.24,0,RING,SIMPLE,16,RING,SIMPLE,16,0,RING,A_flag_ceiling
reduce_perf,3,24,16384,4096,float,sum,38.55,0.43,0.43,0,37.02,0.44,0.44,0,RING,SIMPLE,16,RING,SIMPLE,16,0,RING,A_flag_ceiling
reduce_perf,3,24,32768,8192,float,sum,90.45,0.36,0.36,0,84.36,0.39,0.39,0,RING,SIMPLE,16,RING,SIMPLE,16,0,RING,A_flag_ceiling
reduce_perf,3,24,65536,16384,float,sum,122.75,0.53,0.53,0,114.59,0.57,0.57,0,RING,SIMPLE,16,RING,SIMPLE,16,0,RING,A_flag_ceiling
reduce_perf,3,24,131072,32768,float,sum,119.48,1.1,1.1,0,118.28,1.11,1.11,0,RING,SIMPLE,16,RING,SIMPLE,16,0,RING,A_flag_ceiling
reduce_perf,3,24,262144,65536,float,sum,131.6,1.99,1.99,0,119.99,2.18,2.18,0,RING,SIMPLE,16,RING,SIMPLE,16,0,RING,A_flag_ceiling
reduce_perf,3,24,524288,131072,float,sum,146.45,3.58,3.58,0,146.72,3.57,3.57,0,RING,SIMPLE,16,RING,SIMPLE,16,0,RING,A_flag_ceiling
reduce_perf,3,24,1048576,262144,float,sum,152.75,6.86,6.86,0,151.81,6.91,6.91,0,RING,SIMPLE,16,RING,SIMPLE,16,0,RING,A_flag_ceiling
reduce_perf,3,24,2097152,524288,float,sum,165.9,12.64,12.64,0,172.2,12.18,12.18,0,RING,SIMPLE,16,RING,SIMPLE,16,0,RING,A_flag_ceiling
reduce_perf,3,24,4194304,1048576,float,sum,191.92,21.85,21.85,0,188.9,22.2,22.2,0,RING,SIMPLE,16,RING,SIMPLE,16,0,RING,A_flag_ceiling
reduce_perf,3,24,8388608,2097152,float,sum,259.1,32.38,32.38,0,256.79,32.67,32.67,0,RING,SIMPLE,16,RING,SIMPLE,16,0,RING,A_flag_ceiling
reduce_perf,3,24,16777216,4194304,float,sum,322.21,52.07,52.07,0,313.23,53.56,53.56,0,RING,SIMPLE,16,RING,SIMPLE,16,0,RING,A_flag_ceiling
reduce_perf,3,24,33554432,8388608,float,sum,475.92,70.5,70.5,0,479.74,69.94,69.94,0,RING,SIMPLE,16,RING,SIMPLE,16,0,RING,A_flag_ceiling
reduce_perf,3,24,67108864,16777216,float,sum,674.46,99.5,99.5,0,665.96,100.77,100.77,0,RING,SIMPLE,16,RING,SIMPLE,16,0,RING,A_flag_ceiling
reduce_perf,3,24,134217728,33554432,float,sum,1153.59,116.35,116.35,0,1142.6,117.47,117.47,0,RING,SIMPLE,16,RING,SIMPLE,16,0,RING,A_flag_ceiling
reduce_perf,3,24,268435456,67108864,float,sum,1832.61,146.48,146.48,0,1837.15,146.12,146.12,0,RING,SIMPLE,16,RING,SIMPLE,16,0,RING,A_flag_ceiling
reduce_perf,3,24,536870912,134217728,float,sum,3476.01,154.45,154.45,0,3471.22,154.66,154.66,0,RING,SIMPLE,16,RING,SIMPLE,16,0,RING,A_flag_ceiling
reduce_perf,3,24,4096,1024,float,sum,30.82,0.13,0.13,0,29.18,0.14,0.14,0,RING,LL,16,RING,LL,16,0,RING,A_flag_ceiling
reduce_perf,3,24,8192,2048,float,sum,54.65,0.15,0.15,0,57.7,0.14,0.14,0,RING,LL,16,RING,LL,16,0,RING,A_flag_ceiling
reduce_perf,3,24,16384,4096,float,sum,68.8,0.24,0.24,0,68.61,0.24,0.24,0,RING,LL,16,RING,LL,16,0,RING,A_flag_ceiling
reduce_perf,3,24,32768,8192,float,sum,71.19,0.46,0.46,0,70.05,0.47,0.47,0,RING,LL,16,RING,LL,16,0,RING,A_flag_ceiling
reduce_perf,3,24,65536,16384,float,sum,73.29,0.89,0.89,0,71.41,0.92,0.92,0,RING,LL,16,RING,LL,16,0,RING,A_flag_ceiling
reduce_perf,3,24,131072,32768,float,sum,80.87,1.62,1.62,0,80.65,1.63,1.63,0,RING,LL,16,RING,LL,16,0,RING,A_flag_ceiling
reduce_perf,3,24,262144,65536,float,sum,96.75,2.71,2.71,0,99.48,2.64,2.64,0,RING,LL,16,RING,LL,16,0,RING,A_flag_ceiling
reduce_perf,3,24,524288,131072,float,sum,107.5,4.88,4.88,0,106.78,4.91,4.91,0,RING,LL,16,RING,LL,16,0,RING,A_flag_ceiling
reduce_perf,3,24,1048576,262144,float,sum,124.79,8.4,8.4,0,124.7,8.41,8.41,0,RING,LL,16,RING,LL,16,0,RING,A_flag_ceiling
reduce_perf,3,24,2097152,524288,float,sum,154.08,13.61,13.61,0,155.59,13.48,13.48,0,RING,LL,16,RING,LL,16,0,RING,A_flag_ceiling
reduce_perf,3,24,4194304,1048576,float,sum,234.35,17.9,17.9,0,231.5,18.12,18.12,0,RING,LL,16,RING,LL,16,0,RING,A_flag_ceiling
reduce_perf,3,24,8388608,2097152,float,sum,367.41,22.83,22.83,0,374.74,22.39,22.39,0,RING,LL,16,RING,LL,16,0,RING,A_flag_ceiling
reduce_perf,3,24,16777216,4194304,float,sum,624.91,26.85,26.85,0,617.24,27.18,27.18,0,RING,LL,16,RING,LL,16,0,RING,A_flag_ceiling
reduce_perf,3,24,33554432,8388608,float,sum,1135.31,29.56,29.56,0,1133.33,29.61,29.61,0,RING,LL,16,RING,LL,16,0,RING,A_flag_ceiling
reduce_perf,3,24,67108864,16777216,float,sum,2145.89,31.27,31.27,0,2138.02,31.39,31.39,0,RING,LL,16,RING,LL,16,0,RING,A_flag_ceiling
reduce_perf,3,24,134217728,33554432,float,sum,4153.13,32.32,32.32,0,4157.78,32.28,32.28,0,RING,LL,16,RING,LL,16,0,RING,A_flag_ceiling
reduce_perf,3,24,268435456,67108864,float,sum,8137.93,32.99,32.99,0,8153.35,32.92,32.92,0,RING,LL,16,RING,LL,16,0,RING,A_flag_ceiling
reduce_perf,3,24,536870912,134217728,float,sum,16070.9,33.41,33.41,0,16075.8,33.4,33.4,0,RING,LL,16,RING,LL,16,0,RING,A_flag_ceiling
reduce_perf,3,24,4096,1024,float,sum,35.57,0.12,0.12,0,31.49,0.13,0.13,0,RING,LL128,16,RING,LL128,16,0,RING,A_flag_ceiling
reduce_perf,3,24,8192,2048,float,sum,31.61,0.26,0.26,0,31.93,0.26,0.26,0,RING,LL128,16,RING,LL128,16,0,RING,A_flag_ceiling
reduce_perf,3,24,16384,4096,float,sum,34.2,0.48,0.48,0,32.77,0.5,0.5,0,RING,LL128,16,RING,LL128,16,0,RING,A_flag_ceiling
reduce_perf,3,24,32768,8192,float,sum,70.72,0.46,0.46,0,69.81,0.47,0.47,0,RING,LL128,16,RING,LL128,16,0,RING,A_flag_ceiling
reduce_perf,3,24,65536,16384,float,sum,98.41,0.67,0.67,0,98.48,0.67,0.67,0,RING,LL128,16,RING,LL128,16,0,RING,A_flag_ceiling
reduce_perf,3,24,131072,32768,float,sum,99.01,1.32,1.32,0,101.33,1.29,1.29,0,RING,LL128,16,RING,LL128,16,0,RING,A_flag_ceiling
reduce_perf,3,24,262144,65536,float,sum,104.57,2.51,2.51,0,101.99,2.57,2.57,0,RING,LL128,16,RING,LL128,16,0,RING,A_flag_ceiling
reduce_perf,3,24,524288,131072,float,sum,110.19,4.76,4.76,0,114.52,4.58,4.58,0,RING,LL128,16,RING,LL128,16,0,RING,A_flag_ceiling
reduce_perf,3,24,1048576,262144,float,sum,123.9,8.46,8.46,0,125.67,8.34,8.34,0,RING,LL128,16,RING,LL128,16,0,RING,A_flag_ceiling
reduce_perf,3,24,2097152,524288,float,sum,155.32,13.5,13.5,0,153.76,13.64,13.64,0,RING,LL128,16,RING,LL128,16,0,RING,A_flag_ceiling
reduce_perf,3,24,4194304,1048576,float,sum,160.37,26.15,26.15,0,158.95,26.39,26.39,0,RING,LL128,16,RING,LL128,16,0,RING,A_flag_ceiling
reduce_perf,3,24,8388608,2097152,float,sum,193.9,43.26,43.26,0,191.02,43.91,43.91,0,RING,LL128,16,RING,LL128,16,0,RING,A_flag_ceiling
reduce_perf,3,24,16777216,4194304,float,sum,257.44,65.17,65.17,0,271.08,61.89,61.89,0,RING,LL128,16,RING,LL128,16,0,RING,A_flag_ceiling
reduce_perf,3,24,33554432,8388608,float,sum,391.5,85.71,85.71,0,448.25,74.86,74.86,0,RING,LL128,16,RING,LL128,16,0,RING,A_flag_ceiling
reduce_perf,3,24,67108864,16777216,float,sum,672.58,99.78,99.78,0,689.93,97.27,97.27,0,RING,LL128,16,RING,LL128,16,0,RING,A_flag_ceiling
reduce_perf,3,24,134217728,33554432,float,sum,1123.96,119.42,119.42,0,1147.94,116.92,116.92,0,RING,LL128,16,RING,LL128,16,0,RING,A_flag_ceiling
reduce_perf,3,24,268435456,67108864,float,sum,2165.99,123.93,123.93,0,2156.42,124.48,124.48,0,RING,LL128,16,RING,LL128,16,0,RING,A_flag_ceiling
reduce_perf,3,24,536870912,134217728,float,sum,4218.32,127.27,127.27,0,4185.33,128.27,128.27,0,RING,LL128,16,RING,LL128,16,0,RING,A_flag_ceiling
reduce_perf,3,24,4096,1024,float,sum,38.01,0.11,0.11,0,35.84,0.11,0.11,0,RING,SIMPLE,24,RING,SIMPLE,24,0,RING,A_flag_ceiling
reduce_perf,3,24,8192,2048,float,sum,36.24,0.23,0.23,0,35.25,0.23,0.23,0,RING,SIMPLE,24,RING,SIMPLE,24,0,RING,A_flag_ceiling
reduce_perf,3,24,16384,4096,float,sum,35.01,0.47,0.47,0,35.72,0.46,0.46,0,RING,SIMPLE,24,RING,SIMPLE,24,0,RING,A_flag_ceiling
reduce_perf,3,24,32768,8192,float,sum,88.09,0.37,0.37,0,98.11,0.33,0.33,0,RING,SIMPLE,24,RING,SIMPLE,24,0,RING,A_flag_ceiling
reduce_perf,3,24,65536,16384,float,sum,128.7,0.51,0.51,0,131.44,0.5,0.5,0,RING,SIMPLE,24,RING,SIMPLE,24,0,RING,A_flag_ceiling
reduce_perf,3,24,131072,32768,float,sum,141.84,0.92,0.92,0,135.73,0.97,0.97,0,RING,SIMPLE,24,RING,SIMPLE,24,0,RING,A_flag_ceiling
reduce_perf,3,24,262144,65536,float,sum,136.39,1.92,1.92,0,135.06,1.94,1.94,0,RING,SIMPLE,24,RING,SIMPLE,24,0,RING,A_flag_ceiling
reduce_perf,3,24,524288,131072,float,sum,162.15,3.23,3.23,0,158.63,3.31,3.31,0,RING,SIMPLE,24,RING,SIMPLE,24,0,RING,A_flag_ceiling
reduce_perf,3,24,1048576,262144,float,sum,161.45,6.49,6.49,0,163.43,6.42,6.42,0,RING,SIMPLE,24,RING,SIMPLE,24,0,RING,A_flag_ceiling
reduce_perf,3,24,2097152,524288,float,sum,167.18,12.54,12.54,0,167.91,12.49,12.49,0,RING,SIMPLE,24,RING,SIMPLE,24,0,RING,A_flag_ceiling
reduce_perf,3,24,4194304,1048576,float,sum,201.52,20.81,20.81,0,204.11,20.55,20.55,0,RING,SIMPLE,24,RING,SIMPLE,24,0,RING,A_flag_ceiling
reduce_perf,3,24,8388608,2097152,float,sum,218.16,38.45,38.45,0,211.51,39.66,39.66,0,RING,SIMPLE,24,RING,SIMPLE,24,0,RING,A_flag_ceiling
reduce_perf,3,24,16777216,4194304,float,sum,284.68,58.93,58.93,0,282.71,59.34,59.34,0,RING,SIMPLE,24,RING,SIMPLE,24,0,RING,A_flag_ceiling
reduce_perf,3,24,33554432,8388608,float,sum,405.4,82.77,82.77,0,383.22,87.56,87.56,0,RING,SIMPLE,24,RING,SIMPLE,24,0,RING,A_flag_ceiling
reduce_perf,3,24,67108864,16777216,float,sum,571.36,117.45,117.45,0,557.95,120.28,120.28,0,RING,SIMPLE,24,RING,SIMPLE,24,0,RING,A_flag_ceiling
reduce_perf,3,24,134217728,33554432,float,sum,819.88,163.7,163.7,0,845.4,158.76,158.76,0,RING,SIMPLE,24,RING,SIMPLE,24,0,RING,A_flag_ceiling
reduce_perf,3,24,268435456,67108864,float,sum,1448.06,185.38,185.38,0,1440.81,186.31,186.31,0,RING,SIMPLE,24,RING,SIMPLE,24,0,RING,A_flag_ceiling
reduce_perf,3,24,536870912,134217728,float,sum,2415.81,222.23,222.23,0,2409.8,222.79,222.79,0,RING,SIMPLE,24,RING,SIMPLE,24,0,RING,A_flag_ceiling
reduce_perf,3,24,4096,1024,float,sum,29.1,0.14,0.14,0,29.47,0.14,0.14,0,RING,LL,24,RING,LL,24,0,RING,A_flag_ceiling
reduce_perf,3,24,8192,2048,float,sum,56.05,0.15,0.15,0,53.68,0.15,0.15,0,RING,LL,24,RING,LL,24,0,RING,A_flag_ceiling
reduce_perf,3,24,16384,4096,float,sum,73.14,0.22,0.22,0,69.0,0.24,0.24,0,RING,LL,24,RING,LL,24,0,RING,A_flag_ceiling
reduce_perf,3,24,32768,8192,float,sum,71.7,0.46,0.46,0,75.21,0.44,0.44,0,RING,LL,24,RING,LL,24,0,RING,A_flag_ceiling
reduce_perf,3,24,65536,16384,float,sum,74.3,0.88,0.88,0,72.17,0.91,0.91,0,RING,LL,24,RING,LL,24,0,RING,A_flag_ceiling
reduce_perf,3,24,131072,32768,float,sum,83.63,1.57,1.57,0,93.28,1.41,1.41,0,RING,LL,24,RING,LL,24,0,RING,A_flag_ceiling
reduce_perf,3,24,262144,65536,float,sum,95.2,2.75,2.75,0,92.91,2.82,2.82,0,RING,LL,24,RING,LL,24,0,RING,A_flag_ceiling
reduce_perf,3,24,524288,131072,float,sum,106.83,4.91,4.91,0,108.62,4.83,4.83,0,RING,LL,24,RING,LL,24,0,RING,A_flag_ceiling
reduce_perf,3,24,1048576,262144,float,sum,124.18,8.44,8.44,0,119.86,8.75,8.75,0,RING,LL,24,RING,LL,24,0,RING,A_flag_ceiling
reduce_perf,3,24,2097152,524288,float,sum,144.46,14.52,14.52,0,145.47,14.42,14.42,0,RING,LL,24,RING,LL,24,0,RING,A_flag_ceiling
reduce_perf,3,24,4194304,1048576,float,sum,217.3,19.3,19.3,0,217.14,19.32,19.32,0,RING,LL,24,RING,LL,24,0,RING,A_flag_ceiling
reduce_perf,3,24,8388608,2097152,float,sum,328.76,25.52,25.52,0,332.4,25.24,25.24,0,RING,LL,24,RING,LL,24,0,RING,A_flag_ceiling
reduce_perf,3,24,16777216,4194304,float,sum,560.61,29.93,29.93,0,563.93,29.75,29.75,0,RING,LL,24,RING,LL,24,0,RING,A_flag_ceiling
reduce_perf,3,24,33554432,8388608,float,sum,1008.29,33.28,33.28,0,1009.54,33.24,33.24,0,RING,LL,24,RING,LL,24,0,RING,A_flag_ceiling
reduce_perf,3,24,67108864,16777216,float,sum,1890.89,35.49,35.49,0,1885.99,35.58,35.58,0,RING,LL,24,RING,LL,24,0,RING,A_flag_ceiling
reduce_perf,3,24,134217728,33554432,float,sum,3636.38,36.91,36.91,0,3624.03,37.04,37.04,0,RING,LL,24,RING,LL,24,0,RING,A_flag_ceiling
reduce_perf,3,24,268435456,67108864,float,sum,7122.99,37.69,37.69,0,7107.02,37.77,37.77,0,RING,LL,24,RING,LL,24,0,RING,A_flag_ceiling
reduce_perf,3,24,536870912,134217728,float,sum,14079.7,38.13,38.13,0,14089.5,38.1,38.1,0,RING,LL,24,RING,LL,24,0,RING,A_flag_ceiling
reduce_perf,3,24,4096,1024,float,sum,33.14,0.12,0.12,0,33.09,0.12,0.12,0,RING,LL128,24,RING,LL128,24,0,RING,A_flag_ceiling
reduce_perf,3,24,8192,2048,float,sum,32.79,0.25,0.25,0,33.97,0.24,0.24,0,RING,LL128,24,RING,LL128,24,0,RING,A_flag_ceiling
reduce_perf,3,24,16384,4096,float,sum,35.8,0.46,0.46,0,32.84,0.5,0.5,0,RING,LL128,24,RING,LL128,24,0,RING,A_flag_ceiling
reduce_perf,3,24,32768,8192,float,sum,73.29,0.45,0.45,0,71.17,0.46,0.46,0,RING,LL128,24,RING,LL128,24,0,RING,A_flag_ceiling
reduce_perf,3,24,65536,16384,float,sum,113.73,0.58,0.58,0,109.19,0.6,0.6,0,RING,LL128,24,RING,LL128,24,0,RING,A_flag_ceiling
reduce_perf,3,24,131072,32768,float,sum,116.33,1.13,1.13,0,118.55,1.11,1.11,0,RING,LL128,24,RING,LL128,24,0,RING,A_flag_ceiling
reduce_perf,3,24,262144,65536,float,sum,114.75,2.28,2.28,0,114.62,2.29,2.29,0,RING,LL128,24,RING,LL128,24,0,RING,A_flag_ceiling
reduce_perf,3,24,524288,131072,float,sum,118.97,4.41,4.41,0,129.84,4.04,4.04,0,RING,LL128,24,RING,LL128,24,0,RING,A_flag_ceiling
reduce_perf,3,24,1048576,262144,float,sum,132.91,7.89,7.89,0,134.12,7.82,7.82,0,RING,LL128,24,RING,LL128,24,0,RING,A_flag_ceiling
reduce_perf,3,24,2097152,524288,float,sum,163.56,12.82,12.82,0,172.22,12.18,12.18,0,RING,LL128,24,RING,LL128,24,0,RING,A_flag_ceiling
reduce_perf,3,24,4194304,1048576,float,sum,172.1,24.37,24.37,0,178.95,23.44,23.44,0,RING,LL128,24,RING,LL128,24,0,RING,A_flag_ceiling
reduce_perf,3,24,8388608,2097152,float,sum,213.89,39.22,39.22,0,200.54,41.83,41.83,0,RING,LL128,24,RING,LL128,24,0,RING,A_flag_ceiling
reduce_perf,3,24,16777216,4194304,float,sum,253.06,66.3,66.3,0,237.68,70.59,70.59,0,RING,LL128,24,RING,LL128,24,0,RING,A_flag_ceiling
reduce_perf,3,24,33554432,8388608,float,sum,354.5,94.65,94.65,0,352.53,95.18,95.18,0,RING,LL128,24,RING,LL128,24,0,RING,A_flag_ceiling
reduce_perf,3,24,67108864,16777216,float,sum,497.96,134.77,134.77,0,511.52,131.2,131.2,0,RING,LL128,24,RING,LL128,24,0,RING,A_flag_ceiling
reduce_perf,3,24,134217728,33554432,float,sum,883.53,151.91,151.91,0,848.88,158.11,158.11,0,RING,LL128,24,RING,LL128,24,0,RING,A_flag_ceiling
reduce_perf,3,24,268435456,67108864,float,sum,1600.09,167.76,167.76,0,1619.14,165.79,165.79,0,RING,LL128,24,RING,LL128,24,0,RING,A_flag_ceiling
reduce_perf,3,24,536870912,134217728,float,sum,2997.08,179.13,179.13,0,3020.07,177.77,177.77,0,RING,LL128,24,RING,LL128,24,0,RING,A_flag_ceiling
reduce_perf,3,24,4096,1024,float,sum,37.61,0.11,0.11,0,35.34,0.12,0.12,0,RING,SIMPLE,32,RING,SIMPLE,32,0,RING,A_flag_ceiling
reduce_perf,3,24,8192,2048,float,sum,32.05,0.26,0.26,0,37.18,0.22,0.22,0,RING,SIMPLE,32,RING,SIMPLE,32,0,RING,A_flag_ceiling
reduce_perf,3,24,16384,4096,float,sum,34.23,0.48,0.48,0,36.0,0.46,0.46,0,RING,SIMPLE,32,RING,SIMPLE,32,0,RING,A_flag_ceiling
reduce_perf,3,24,32768,8192,float,sum,88.75,0.37,0.37,0,88.01,0.37,0.37,0,RING,SIMPLE,32,RING,SIMPLE,32,0,RING,A_flag_ceiling
reduce_perf,3,24,65536,16384,float,sum,150.29,0.44,0.44,0,148.35,0.44,0.44,0,RING,SIMPLE,32,RING,SIMPLE,32,0,RING,A_flag_ceiling
reduce_perf,3,24,131072,32768,float,sum,146.6,0.89,0.89,0,152.07,0.86,0.86,0,RING,SIMPLE,32,RING,SIMPLE,32,0,RING,A_flag_ceiling
reduce_perf,3,24,262144,65536,float,sum,150.67,1.74,1.74,0,147.95,1.77,1.77,0,RING,SIMPLE,32,RING,SIMPLE,32,0,RING,A_flag_ceiling
reduce_perf,3,24,524288,131072,float,sum,151.69,3.46,3.46,0,140.49,3.73,3.73,0,RING,SIMPLE,32,RING,SIMPLE,32,0,RING,A_flag_ceiling
reduce_perf,3,24,1048576,262144,float,sum,153.84,6.82,6.82,0,169.1,6.2,6.2,0,RING,SIMPLE,32,RING,SIMPLE,32,0,RING,A_flag_ceiling
reduce_perf,3,24,2097152,524288,float,sum,181.54,11.55,11.55,0,157.67,13.3,13.3,0,RING,SIMPLE,32,RING,SIMPLE,32,0,RING,A_flag_ceiling
reduce_perf,3,24,4194304,1048576,float,sum,232.14,18.07,18.07,0,194.12,21.61,21.61,0,RING,SIMPLE,32,RING,SIMPLE,32,0,RING,A_flag_ceiling
reduce_perf,3,24,8388608,2097152,float,sum,206.89,40.55,40.55,0,209.63,40.02,40.02,0,RING,SIMPLE,32,RING,SIMPLE,32,0,RING,A_flag_ceiling
reduce_perf,3,24,16777216,4194304,float,sum,273.02,61.45,61.45,0,297.39,56.42,56.42,0,RING,SIMPLE,32,RING,SIMPLE,32,0,RING,A_flag_ceiling
reduce_perf,3,24,33554432,8388608,float,sum,351.67,95.42,95.42,0,364.96,91.94,91.94,0,RING,SIMPLE,32,RING,SIMPLE,32,0,RING,A_flag_ceiling
reduce_perf,3,24,67108864,16777216,float,sum,533.72,125.74,125.74,0,524.42,127.97,127.97,0,RING,SIMPLE,32,RING,SIMPLE,32,0,RING,A_flag_ceiling
reduce_perf,3,24,134217728,33554432,float,sum,754.37,177.92,177.92,0,731.89,183.39,183.39,0,RING,SIMPLE,32,RING,SIMPLE,32,0,RING,A_flag_ceiling
reduce_perf,3,24,268435456,67108864,float,sum,1346.28,199.39,199.39,0,1317.04,203.82,203.82,0,RING,SIMPLE,32,RING,SIMPLE,32,0,RING,A_flag_ceiling
reduce_perf,3,24,536870912,134217728,float,sum,2108.46,254.63,254.63,0,2113.12,254.06,254.06,0,RING,SIMPLE,32,RING,SIMPLE,32,0,RING,A_flag_ceiling
reduce_perf,3,24,4096,1024,float,sum,32.0,0.13,0.13,0,29.4,0.14,0.14,0,RING,LL,32,RING,LL,32,0,RING,A_flag_ceiling
reduce_perf,3,24,8192,2048,float,sum,60.61,0.14,0.14,0,116.21,0.07,0.07,0,RING,LL,32,RING,LL,32,0,RING,A_flag_ceiling
reduce_perf,3,24,16384,4096,float,sum,70.96,0.23,0.23,0,75.14,0.22,0.22,0,RING,LL,32,RING,LL,32,0,RING,A_flag_ceiling
reduce_perf,3,24,32768,8192,float,sum,77.03,0.43,0.43,0,71.4,0.46,0.46,0,RING,LL,32,RING,LL,32,0,RING,A_flag_ceiling
reduce_perf,3,24,65536,16384,float,sum,71.95,0.91,0.91,0,88.32,0.74,0.74,0,RING,LL,32,RING,LL,32,0,RING,A_flag_ceiling
reduce_perf,3,24,131072,32768,float,sum,78.72,1.66,1.66,0,79.47,1.65,1.65,0,RING,LL,32,RING,LL,32,0,RING,A_flag_ceiling
reduce_perf,3,24,262144,65536,float,sum,88.04,2.98,2.98,0,88.77,2.95,2.95,0,RING,LL,32,RING,LL,32,0,RING,A_flag_ceiling
reduce_perf,3,24,524288,131072,float,sum,106.49,4.92,4.92,0,107.63,4.87,4.87,0,RING,LL,32,RING,LL,32,0,RING,A_flag_ceiling
reduce_perf,3,24,1048576,262144,float,sum,124.65,8.41,8.41,0,129.8,8.08,8.08,0,RING,LL,32,RING,LL,32,0,RING,A_flag_ceiling
reduce_perf,3,24,2097152,524288,float,sum,146.5,14.31,14.31,0,211.6,9.91,9.91,0,RING,LL,32,RING,LL,32,0,RING,A_flag_ceiling
reduce_perf,3,24,4194304,1048576,float,sum,207.8,20.18,20.18,0,194.53,21.56,21.56,0,RING,LL,32,RING,LL,32,0,RING,A_flag_ceiling
reduce_perf,3,24,8388608,2097152,float,sum,324.62,25.84,25.84,0,321.78,26.07,26.07,0,RING,LL,32,RING,LL,32,0,RING,A_flag_ceiling
reduce_perf,3,24,16777216,4194304,float,sum,576.01,29.13,29.13,0,568.12,29.53,29.53,0,RING,LL,32,RING,LL,32,0,RING,A_flag_ceiling
reduce_perf,3,24,33554432,8388608,float,sum,1075.41,31.2,31.2,0,1055.23,31.8,31.8,0,RING,LL,32,RING,LL,32,0,RING,A_flag_ceiling
reduce_perf,3,24,67108864,16777216,float,sum,2050.65,32.73,32.73,0,2032.39,33.02,33.02,0,RING,LL,32,RING,LL,32,0,RING,A_flag_ceiling
reduce_perf,3,24,134217728,33554432,float,sum,4007.22,33.49,33.49,0,4000.51,33.55,33.55,0,RING,LL,32,RING,LL,32,0,RING,A_flag_ceiling
reduce_perf,3,24,268435456,67108864,float,sum,7257.53,36.99,36.99,0,7301.31,36.77,36.77,0,RING,LL,32,RING,LL,32,0,RING,A_flag_ceiling
reduce_perf,3,24,536870912,134217728,float,sum,14319.1,37.49,37.49,0,14286.4,37.58,37.58,0,RING,LL,32,RING,LL,32,0,RING,A_flag_ceiling
reduce_perf,3,24,4096,1024,float,sum,32.65,0.13,0.13,0,29.64,0.14,0.14,0,RING,LL128,32,RING,LL128,32,0,RING,A_flag_ceiling
reduce_perf,3,24,8192,2048,float,sum,29.42,0.28,0.28,0,31.26,0.26,0.26,0,RING,LL128,32,RING,LL128,32,0,RING,A_flag_ceiling
reduce_perf,3,24,16384,4096,float,sum,31.25,0.52,0.52,0,34.42,0.48,0.48,0,RING,LL128,32,RING,LL128,32,0,RING,A_flag_ceiling
reduce_perf,3,24,32768,8192,float,sum,66.62,0.49,0.49,0,67.73,0.48,0.48,0,RING,LL128,32,RING,LL128,32,0,RING,A_flag_ceiling
reduce_perf,3,24,65536,16384,float,sum,89.21,0.73,0.73,0,85.82,0.76,0.76,0,RING,LL128,32,RING,LL128,32,0,RING,A_flag_ceiling
reduce_perf,3,24,131072,32768,float,sum,88.99,1.47,1.47,0,89.28,1.47,1.47,0,RING,LL128,32,RING,LL128,32,0,RING,A_flag_ceiling
reduce_perf,3,24,262144,65536,float,sum,88.39,2.97,2.97,0,91.29,2.87,2.87,0,RING,LL128,32,RING,LL128,32,0,RING,A_flag_ceiling
reduce_perf,3,24,524288,131072,float,sum,91.41,5.74,5.74,0,92.63,5.66,5.66,0,RING,LL128,32,RING,LL128,32,0,RING,A_flag_ceiling
reduce_perf,3,24,1048576,262144,float,sum,105.16,9.97,9.97,0,104.27,10.06,10.06,0,RING,LL128,32,RING,LL128,32,0,RING,A_flag_ceiling
reduce_perf,3,24,2097152,524288,float,sum,130.43,16.08,16.08,0,131.64,15.93,15.93,0,RING,LL128,32,RING,LL128,32,0,RING,A_flag_ceiling
reduce_perf,3,24,4194304,1048576,float,sum,148.89,28.17,28.17,0,149.23,28.11,28.11,0,RING,LL128,32,RING,LL128,32,0,RING,A_flag_ceiling
reduce_perf,3,24,8388608,2097152,float,sum,169.54,49.48,49.48,0,169.07,49.62,49.62,0,RING,LL128,32,RING,LL128,32,0,RING,A_flag_ceiling
reduce_perf,3,24,16777216,4194304,float,sum,217.27,77.22,77.22,0,214.16,78.34,78.34,0,RING,LL128,32,RING,LL128,32,0,RING,A_flag_ceiling
reduce_perf,3,24,33554432,8388608,float,sum,295.74,113.46,113.46,0,290.91,115.34,115.34,0,RING,LL128,32,RING,LL128,32,0,RING,A_flag_ceiling
reduce_perf,3,24,67108864,16777216,float,sum,434.07,154.6,154.6,0,429.27,156.33,156.33,0,RING,LL128,32,RING,LL128,32,0,RING,A_flag_ceiling
reduce_perf,3,24,134217728,33554432,float,sum,726.51,184.74,184.74,0,830.2,161.67,161.67,0,RING,LL128,32,RING,LL128,32,0,RING,A_flag_ceiling
reduce_perf,3,24,268435456,67108864,float,sum,1275.72,210.42,210.42,0,1293.34,207.55,207.55,0,RING,LL128,32,RING,LL128,32,0,RING,A_flag_ceiling
reduce_perf,3,24,536870912,134217728,float,sum,2421.27,221.73,221.73,0,2413.37,222.46,222.46,0,RING,LL128,32,RING,LL128,32,0,RING,A_flag_ceiling
reduce_perf,3,24,4096,1024,float,sum,34.23,0.12,0.12,0,31.44,0.13,0.13,0,RING,SIMPLE,40,RING,SIMPLE,40,0,RING,A_flag_ceiling
reduce_perf,3,24,8192,2048,float,sum,34.18,0.24,0.24,0,32.42,0.25,0.25,0,RING,SIMPLE,40,RING,SIMPLE,40,0,RING,A_flag_ceiling
reduce_perf,3,24,16384,4096,float,sum,34.47,0.48,0.48,0,34.98,0.47,0.47,0,RING,SIMPLE,40,RING,SIMPLE,40,0,RING,A_flag_ceiling
reduce_perf,3,24,32768,8192,float,sum,94.01,0.35,0.35,0,86.1,0.38,0.38,0,RING,SIMPLE,40,RING,SIMPLE,40,0,RING,A_flag_ceiling
reduce_perf,3,24,65536,16384,float,sum,116.15,0.56,0.56,0,115.67,0.57,0.57,0,RING,SIMPLE,40,RING,SIMPLE,40,0,RING,A_flag_ceiling
reduce_perf,3,24,131072,32768,float,sum,119.01,1.1,1.1,0,120.22,1.09,1.09,0,RING,SIMPLE,40,RING,SIMPLE,40,0,RING,A_flag_ceiling
reduce_perf,3,24,262144,65536,float,sum,129.39,2.03,2.03,0,119.0,2.2,2.2,0,RING,SIMPLE,40,RING,SIMPLE,40,0,RING,A_flag_ceiling
reduce_perf,3,24,524288,131072,float,sum,124.38,4.22,4.22,0,124.13,4.22,4.22,0,RING,SIMPLE,40,RING,SIMPLE,40,0,RING,A_flag_ceiling
reduce_perf,3,24,1048576,262144,float,sum,156.08,6.72,6.72,0,150.4,6.97,6.97,0,RING,SIMPLE,40,RING,SIMPLE,40,0,RING,A_flag_ceiling
reduce_perf,3,24,2097152,524288,float,sum,160.15,13.1,13.1,0,164.68,12.73,12.73,0,RING,SIMPLE,40,RING,SIMPLE,40,0,RING,A_flag_ceiling
reduce_perf,3,24,4194304,1048576,float,sum,179.87,23.32,23.32,0,228.35,18.37,18.37,0,RING,SIMPLE,40,RING,SIMPLE,40,0,RING,A_flag_ceiling
reduce_perf,3,24,8388608,2097152,float,sum,202.8,41.36,41.36,0,197.27,42.52,42.52,0,RING,SIMPLE,40,RING,SIMPLE,40,0,RING,A_flag_ceiling
reduce_perf,3,24,16777216,4194304,float,sum,257.08,65.26,65.26,0,244.85,68.52,68.52,0,RING,SIMPLE,40,RING,SIMPLE,40,0,RING,A_flag_ceiling
reduce_perf,3,24,33554432,8388608,float,sum,337.12,99.53,99.53,0,325.77,103.0,103.0,0,RING,SIMPLE,40,RING,SIMPLE,40,0,RING,A_flag_ceiling
reduce_perf,3,24,67108864,16777216,float,sum,453.13,148.1,148.1,0,438.81,152.93,152.93,0,RING,SIMPLE,40,RING,SIMPLE,40,0,RING,A_flag_ceiling
reduce_perf,3,24,134217728,33554432,float,sum,733.42,183.0,183.0,0,717.61,187.03,187.03,0,RING,SIMPLE,40,RING,SIMPLE,40,0,RING,A_flag_ceiling
reduce_perf,3,24,268435456,67108864,float,sum,1127.93,237.99,237.99,0,1110.06,241.82,241.82,0,RING,SIMPLE,40,RING,SIMPLE,40,0,RING,A_flag_ceiling
reduce_perf,3,24,536870912,134217728,float,sum,2084.77,257.52,257.52,0,2089.18,256.98,256.98,0,RING,SIMPLE,40,RING,SIMPLE,40,0,RING,A_flag_ceiling
reduce_perf,3,24,4096,1024,float,sum,32.12,0.13,0.13,0,28.69,0.14,0.14,0,RING,LL,40,RING,LL,40,0,RING,A_flag_ceiling
reduce_perf,3,24,8192,2048,float,sum,49.89,0.16,0.16,0,54.46,0.15,0.15,0,RING,LL,40,RING,LL,40,0,RING,A_flag_ceiling
reduce_perf,3,24,16384,4096,float,sum,67.81,0.24,0.24,0,68.74,0.24,0.24,0,RING,LL,40,RING,LL,40,0,RING,A_flag_ceiling
reduce_perf,3,24,32768,8192,float,sum,71.69,0.46,0.46,0,71.6,0.46,0.46,0,RING,LL,40,RING,LL,40,0,RING,A_flag_ceiling
reduce_perf,3,24,65536,16384,float,sum,72.01,0.91,0.91,0,73.41,0.89,0.89,0,RING,LL,40,RING,LL,40,0,RING,A_flag_ceiling
reduce_perf,3,24,131072,32768,float,sum,76.92,1.7,1.7,0,77.08,1.7,1.7,0,RING,LL,40,RING,LL,40,0,RING,A_flag_ceiling
reduce_perf,3,24,262144,65536,float,sum,88.22,2.97,2.97,0,87.69,2.99,2.99,0,RING,LL,40,RING,LL,40,0,RING,A_flag_ceiling
reduce_perf,3,24,524288,131072,float,sum,107.54,4.88,4.88,0,106.92,4.9,4.9,0,RING,LL,40,RING,LL,40,0,RING,A_flag_ceiling
reduce_perf,3,24,1048576,262144,float,sum,120.64,8.69,8.69,0,121.89,8.6,8.6,0,RING,LL,40,RING,LL,40,0,RING,A_flag_ceiling
reduce_perf,3,24,2097152,524288,float,sum,147.73,14.2,14.2,0,148.89,14.09,14.09,0,RING,LL,40,RING,LL,40,0,RING,A_flag_ceiling
reduce_perf,3,24,4194304,1048576,float,sum,194.54,21.56,21.56,0,194.73,21.54,21.54,0,RING,LL,40,RING,LL,40,0,RING,A_flag_ceiling
reduce_perf,3,24,8388608,2097152,float,sum,323.43,25.94,25.94,0,325.77,25.75,25.75,0,RING,LL,40,RING,LL,40,0,RING,A_flag_ceiling
reduce_perf,3,24,16777216,4194304,float,sum,552.35,30.37,30.37,0,552.19,30.38,30.38,0,RING,LL,40,RING,LL,40,0,RING,A_flag_ceiling
reduce_perf,3,24,33554432,8388608,float,sum,990.1,33.89,33.89,0,990.71,33.87,33.87,0,RING,LL,40,RING,LL,40,0,RING,A_flag_ceiling
reduce_perf,3,24,67108864,16777216,float,sum,1847.59,36.32,36.32,0,1840.65,36.46,36.46,0,RING,LL,40,RING,LL,40,0,RING,A_flag_ceiling
reduce_perf,3,24,134217728,33554432,float,sum,3567.51,37.62,37.62,0,3555.39,37.75,37.75,0,RING,LL,40,RING,LL,40,0,RING,A_flag_ceiling
reduce_perf,3,24,268435456,67108864,float,sum,6987.25,38.42,38.42,0,6942.27,38.67,38.67,0,RING,LL,40,RING,LL,40,0,RING,A_flag_ceiling
reduce_perf,3,24,536870912,134217728,float,sum,13663.0,39.29,39.29,0,13628.9,39.39,39.39,0,RING,LL,40,RING,LL,40,0,RING,A_flag_ceiling
reduce_perf,3,24,4096,1024,float,sum,35.32,0.12,0.12,0,33.37,0.12,0.12,0,RING,LL128,40,RING,LL128,40,0,RING,A_flag_ceiling
reduce_perf,3,24,8192,2048,float,sum,34.22,0.24,0.24,0,33.53,0.24,0.24,0,RING,LL128,40,RING,LL128,40,0,RING,A_flag_ceiling
reduce_perf,3,24,16384,4096,float,sum,36.05,0.45,0.45,0,34.69,0.47,0.47,0,RING,LL128,40,RING,LL128,40,0,RING,A_flag_ceiling
reduce_perf,3,24,32768,8192,float,sum,72.88,0.45,0.45,0,82.66,0.4,0.4,0,RING,LL128,40,RING,LL128,40,0,RING,A_flag_ceiling
reduce_perf,3,24,65536,16384,float,sum,89.12,0.74,0.74,0,88.24,0.74,0.74,0,RING,LL128,40,RING,LL128,40,0,RING,A_flag_ceiling
reduce_perf,3,24,131072,32768,float,sum,87.65,1.5,1.5,0,91.19,1.44,1.44,0,RING,LL128,40,RING,LL128,40,0,RING,A_flag_ceiling
reduce_perf,3,24,262144,65536,float,sum,92.95,2.82,2.82,0,157.17,1.67,1.67,0,RING,LL128,40,RING,LL128,40,0,RING,A_flag_ceiling
reduce_perf,3,24,524288,131072,float,sum,102.77,5.1,5.1,0,147.14,3.56,3.56,0,RING,LL128,40,RING,LL128,40,0,RING,A_flag_ceiling
reduce_perf,3,24,1048576,262144,float,sum,106.18,9.88,9.88,0,108.17,9.69,9.69,0,RING,LL128,40,RING,LL128,40,0,RING,A_flag_ceiling
reduce_perf,3,24,2097152,524288,float,sum,127.94,16.39,16.39,0,124.64,16.83,16.83,0,RING,LL128,40,RING,LL128,40,0,RING,A_flag_ceiling
reduce_perf,3,24,4194304,1048576,float,sum,151.33,27.72,27.72,0,152.17,27.56,27.56,0,RING,LL128,40,RING,LL128,40,0,RING,A_flag_ceiling
reduce_perf,3,24,8388608,2097152,float,sum,173.97,48.22,48.22,0,170.91,49.08,49.08,0,RING,LL128,40,RING,LL128,40,0,RING,A_flag_ceiling
reduce_perf,3,24,16777216,4194304,float,sum,204.74,81.94,81.94,0,212.13,79.09,79.09,0,RING,LL128,40,RING,LL128,40,0,RING,A_flag_ceiling
reduce_perf,3,24,33554432,8388608,float,sum,277.42,120.95,120.95,0,273.88,122.52,122.52,0,RING,LL128,40,RING,LL128,40,0,RING,A_flag_ceiling
reduce_perf,3,24,67108864,16777216,float,sum,395.24,169.79,169.79,0,399.13,168.14,168.14,0,RING,LL128,40,RING,LL128,40,0,RING,A_flag_ceiling
reduce_perf,3,24,134217728,33554432,float,sum,664.34,202.03,202.03,0,662.47,202.6,202.6,0,RING,LL128,40,RING,LL128,40,0,RING,A_flag_ceiling
reduce_perf,3,24,268435456,67108864,float,sum,1169.82,229.47,229.47,0,1164.9,230.44,230.44,0,RING,LL128,40,RING,LL128,40,0,RING,A_flag_ceiling
reduce_perf,3,24,536870912,134217728,float,sum,2177.08,246.6,246.6,0,2171.99,247.18,247.18,0,RING,LL128,40,RING,LL128,40,0,RING,A_flag_ceiling
reduce_perf,3,24,4096,1024,float,sum,38.77,0.11,0.11,0,41.26,0.1,0.1,0,RING,SIMPLE,48,RING,SIMPLE,48,0,RING,A_flag_ceiling
reduce_perf,3,24,8192,2048,float,sum,35.55,0.23,0.23,0,34.6,0.24,0.24,0,RING,SIMPLE,48,RING,SIMPLE,48,0,RING,A_flag_ceiling
reduce_perf,3,24,16384,4096,float,sum,36.74,0.45,0.45,0,35.77,0.46,0.46,0,RING,SIMPLE,48,RING,SIMPLE,48,0,RING,A_flag_ceiling
reduce_perf,3,24,32768,8192,float,sum,88.84,0.37,0.37,0,90.11,0.36,0.36,0,RING,SIMPLE,48,RING,SIMPLE,48,0,RING,A_flag_ceiling
reduce_perf,3,24,65536,16384,float,sum,125.18,0.52,0.52,0,123.58,0.53,0.53,0,RING,SIMPLE,48,RING,SIMPLE,48,0,RING,A_flag_ceiling
reduce_perf,3,24,131072,32768,float,sum,127.84,1.03,1.03,0,128.96,1.02,1.02,0,RING,SIMPLE,48,RING,SIMPLE,48,0,RING,A_flag_ceiling
reduce_perf,3,24,262144,65536,float,sum,136.4,1.92,1.92,0,125.0,2.1,2.1,0,RING,SIMPLE,48,RING,SIMPLE,48,0,RING,A_flag_ceiling
reduce_perf,3,24,524288,131072,float,sum,129.9,4.04,4.04,0,127.58,4.11,4.11,0,RING,SIMPLE,48,RING,SIMPLE,48,0,RING,A_flag_ceiling
reduce_perf,3,24,1048576,262144,float,sum,163.63,6.41,6.41,0,153.58,6.83,6.83,0,RING,SIMPLE,48,RING,SIMPLE,48,0,RING,A_flag_ceiling
reduce_perf,3,24,2097152,524288,float,sum,177.37,11.82,11.82,0,165.06,12.71,12.71,0,RING,SIMPLE,48,RING,SIMPLE,48,0,RING,A_flag_ceiling
reduce_perf,3,24,4194304,1048576,float,sum,180.24,23.27,23.27,0,182.02,23.04,23.04,0,RING,SIMPLE,48,RING,SIMPLE,48,0,RING,A_flag_ceiling
reduce_perf,3,24,8388608,2097152,float,sum,205.54,40.81,40.81,0,201.26,41.68,41.68,0,RING,SIMPLE,48,RING,SIMPLE,48,0,RING,A_flag_ceiling
reduce_perf,3,24,16777216,4194304,float,sum,252.08,66.55,66.55,0,247.63,67.75,67.75,0,RING,SIMPLE,48,RING,SIMPLE,48,0,RING,A_flag_ceiling
reduce_perf,3,24,33554432,8388608,float,sum,338.58,99.1,99.1,0,329.82,101.74,101.74,0,RING,SIMPLE,48,RING,SIMPLE,48,0,RING,A_flag_ceiling
reduce_perf,3,24,67108864,16777216,float,sum,450.36,149.01,149.01,0,444.51,150.97,150.97,0,RING,SIMPLE,48,RING,SIMPLE,48,0,RING,A_flag_ceiling
reduce_perf,3,24,134217728,33554432,float,sum,748.36,179.35,179.35,0,732.95,183.12,183.12,0,RING,SIMPLE,48,RING,SIMPLE,48,0,RING,A_flag_ceiling
reduce_perf,3,24,268435456,67108864,float,sum,1136.91,236.11,236.11,0,1123.34,238.96,238.96,0,RING,SIMPLE,48,RING,SIMPLE,48,0,RING,A_flag_ceiling
reduce_perf,3,24,536870912,134217728,float,sum,2119.22,253.33,253.33,0,2124.05,252.76,252.76,0,RING,SIMPLE,48,RING,SIMPLE,48,0,RING,A_flag_ceiling
reduce_perf,3,24,4096,1024,float,sum,31.7,0.13,0.13,0,29.47,0.14,0.14,0,RING,LL,48,RING,LL,48,0,RING,A_flag_ceiling
reduce_perf,3,24,8192,2048,float,sum,52.21,0.16,0.16,0,52.4,0.16,0.16,0,RING,LL,48,RING,LL,48,0,RING,A_flag_ceiling
reduce_perf,3,24,16384,4096,float,sum,69.0,0.24,0.24,0,68.88,0.24,0.24,0,RING,LL,48,RING,LL,48,0,RING,A_flag_ceiling
reduce_perf,3,24,32768,8192,float,sum,71.35,0.46,0.46,0,69.29,0.47,0.47,0,RING,LL,48,RING,LL,48,0,RING,A_flag_ceiling
reduce_perf,3,24,65536,16384,float,sum,72.36,0.91,0.91,0,72.6,0.9,0.9,0,RING,LL,48,RING,LL,48,0,RING,A_flag_ceiling
reduce_perf,3,24,131072,32768,float,sum,76.9,1.7,1.7,0,77.45,1.69,1.69,0,RING,LL,48,RING,LL,48,0,RING,A_flag_ceiling
reduce_perf,3,24,262144,65536,float,sum,88.54,2.96,2.96,0,88.53,2.96,2.96,0,RING,LL,48,RING,LL,48,0,RING,A_flag_ceiling
reduce_perf,3,24,524288,131072,float,sum,105.06,4.99,4.99,0,104.81,5.0,5.0,0,RING,LL,48,RING,LL,48,0,RING,A_flag_ceiling
reduce_perf,3,24,1048576,262144,float,sum,127.44,8.23,8.23,0,127.86,8.2,8.2,0,RING,LL,48,RING,LL,48,0,RING,A_flag_ceiling
reduce_perf,3,24,2097152,524288,float,sum,157.69,13.3,13.3,0,152.14,13.78,13.78,0,RING,LL,48,RING,LL,48,0,RING,A_flag_ceiling
reduce_perf,3,24,4194304,1048576,float,sum,225.98,18.56,18.56,0,224.65,18.67,18.67,0,RING,LL,48,RING,LL,48,0,RING,A_flag_ceiling
reduce_perf,3,24,8388608,2097152,float,sum,382.61,21.92,21.92,0,380.2,22.06,22.06,0,RING,LL,48,RING,LL,48,0,RING,A_flag_ceiling
reduce_perf,3,24,16777216,4194304,float,sum,629.0,26.67,26.67,0,637.28,26.33,26.33,0,RING,LL,48,RING,LL,48,0,RING,A_flag_ceiling
reduce_perf,3,24,33554432,8388608,float,sum,1167.34,28.74,28.74,0,1148.93,29.2,29.2,0,RING,LL,48,RING,LL,48,0,RING,A_flag_ceiling
reduce_perf,3,24,67108864,16777216,float,sum,2223.1,30.19,30.19,0,2184.48,30.72,30.72,0,RING,LL,48,RING,LL,48,0,RING,A_flag_ceiling
reduce_perf,3,24,134217728,33554432,float,sum,4253.57,31.55,31.55,0,4224.77,31.77,31.77,0,RING,LL,48,RING,LL,48,0,RING,A_flag_ceiling
reduce_perf,3,24,268435456,67108864,float,sum,8315.86,32.28,32.28,0,8300.47,32.34,32.34,0,RING,LL,48,RING,LL,48,0,RING,A_flag_ceiling
reduce_perf,3,24,536870912,134217728,float,sum,16515.7,32.51,32.51,0,16451.0,32.63,32.63,0,RING,LL,48,RING,LL,48,0,RING,A_flag_ceiling
reduce_perf,3,24,4096,1024,float,sum,32.01,0.13,0.13,0,33.04,0.12,0.12,0,RING,LL128,48,RING,LL128,48,0,RING,A_flag_ceiling
reduce_perf,3,24,8192,2048,float,sum,33.71,0.24,0.24,0,31.18,0.26,0.26,0,RING,LL128,48,RING,LL128,48,0,RING,A_flag_ceiling
reduce_perf,3,24,16384,4096,float,sum,32.91,0.5,0.5,0,33.89,0.48,0.48,0,RING,LL128,48,RING,LL128,48,0,RING,A_flag_ceiling
reduce_perf,3,24,32768,8192,float,sum,72.75,0.45,0.45,0,77.03,0.43,0.43,0,RING,LL128,48,RING,LL128,48,0,RING,A_flag_ceiling
reduce_perf,3,24,65536,16384,float,sum,89.56,0.73,0.73,0,90.09,0.73,0.73,0,RING,LL128,48,RING,LL128,48,0,RING,A_flag_ceiling
reduce_perf,3,24,131072,32768,float,sum,90.02,1.46,1.46,0,90.83,1.44,1.44,0,RING,LL128,48,RING,LL128,48,0,RING,A_flag_ceiling
reduce_perf,3,24,262144,65536,float,sum,91.0,2.88,2.88,0,92.79,2.83,2.83,0,RING,LL128,48,RING,LL128,48,0,RING,A_flag_ceiling
reduce_perf,3,24,524288,131072,float,sum,104.21,5.03,5.03,0,94.37,5.56,5.56,0,RING,LL128,48,RING,LL128,48,0,RING,A_flag_ceiling
reduce_perf,3,24,1048576,262144,float,sum,103.32,10.15,10.15,0,104.64,10.02,10.02,0,RING,LL128,48,RING,LL128,48,0,RING,A_flag_ceiling
reduce_perf,3,24,2097152,524288,float,sum,119.49,17.55,17.55,0,118.29,17.73,17.73,0,RING,LL128,48,RING,LL128,48,0,RING,A_flag_ceiling
reduce_perf,3,24,4194304,1048576,float,sum,153.04,27.41,27.41,0,153.66,27.3,27.3,0,RING,LL128,48,RING,LL128,48,0,RING,A_flag_ceiling
reduce_perf,3,24,8388608,2097152,float,sum,183.33,45.76,45.76,0,175.84,47.7,47.7,0,RING,LL128,48,RING,LL128,48,0,RING,A_flag_ceiling
reduce_perf,3,24,16777216,4194304,float,sum,217.54,77.12,77.12,0,210.88,79.56,79.56,0,RING,LL128,48,RING,LL128,48,0,RING,A_flag_ceiling
reduce_perf,3,24,33554432,8388608,float,sum,275.7,121.71,121.71,0,273.44,122.71,122.71,0,RING,LL128,48,RING,LL128,48,0,RING,A_flag_ceiling
reduce_perf,3,24,67108864,16777216,float,sum,392.09,171.15,171.15,0,404.89,165.74,165.74,0,RING,LL128,48,RING,LL128,48,0,RING,A_flag_ceiling
reduce_perf,3,24,134217728,33554432,float,sum,637.1,210.67,210.67,0,629.26,213.29,213.29,0,RING,LL128,48,RING,LL128,48,0,RING,A_flag_ceiling
reduce_perf,3,24,268435456,67108864,float,sum,1107.12,242.46,242.46,0,1123.2,238.99,238.99,0,RING,LL128,48,RING,LL128,48,0,RING,A_flag_ceiling
reduce_perf,3,24,536870912,134217728,float,sum,2029.0,264.6,264.6,0,2057.89,260.88,260.88,0,RING,LL128,48,RING,LL128,48,0,RING,A_flag_ceiling
