collective,num_nodes,num_gpus,size_bytes,count,data_type,redop,time_oop_us,algbw_oop,busbw_oop,errors_oop,time_ip_us,algbw_ip,busbw_ip,errors_ip,algo,proto,nchannels,requested_algo,requested_proto,requested_nchannels,substituted,measured_algo_raw,nchannels_source
reduce_perf,1,8,4096,1024,float,sum,15.95,0.26,0.26,0,12.32,0.33,0.33,0,RING,SIMPLE,1,RING,SIMPLE,1,0,RING,A_flag_ceiling
reduce_perf,1,8,8192,2048,float,sum,12.69,0.65,0.65,0,12.33,0.66,0.66,0,RING,SIMPLE,1,RING,SIMPLE,1,0,RING,A_flag_ceiling
reduce_perf,1,8,16384,4096,float,sum,13.94,1.18,1.18,0,16.1,1.02,1.02,0,RING,SIMPLE,1,RING,SIMPLE,1,0,RING,A_flag_ceiling
reduce_perf,1,8,32768,8192,float,sum,15.13,2.17,2.17,0,16.53,1.98,1.98,0,RING,SIMPLE,1,RING,SIMPLE,1,0,RING,A_flag_ceiling
reduce_perf,1,8,65536,16384,float,sum,20.36,3.22,3.22,0,20.18,3.25,3.25,0,RING,SIMPLE,1,RING,SIMPLE,1,0,RING,A_flag_ceiling
reduce_perf,1,8,131072,32768,float,sum,34.12,3.84,3.84,0,32.1,4.08,4.08,0,RING,SIMPLE,1,RING,SIMPLE,1,0,RING,A_flag_ceiling
reduce_perf,1,8,262144,65536,float,sum,55.33,4.74,4.74,0,55.6,4.71,4.71,0,RING,SIMPLE,1,RING,SIMPLE,1,0,RING,A_flag_ceiling
reduce_perf,1,8,524288,131072,float,sum,94.01,5.58,5.58,0,93.47,5.61,5.61,0,RING,SIMPLE,1,RING,SIMPLE,1,0,RING,A_flag_ceiling
reduce_perf,1,8,1048576,262144,float,sum,179.37,5.85,5.85,0,178.44,5.88,5.88,0,RING,SIMPLE,1,RING,SIMPLE,1,0,RING,A_flag_ceiling
reduce_perf,1,8,2097152,524288,float,sum,331.74,6.32,6.32,0,329.56,6.36,6.36,0,RING,SIMPLE,1,RING,SIMPLE,1,0,RING,A_flag_ceiling
reduce_perf,1,8,4194304,1048576,float,sum,656.85,6.39,6.39,0,648.82,6.46,6.46,0,RING,SIMPLE,1,RING,SIMPLE,1,0,RING,A_flag_ceiling
reduce_perf,1,8,8388608,2097152,float,sum,1221.21,6.87,6.87,0,1210.57,6.93,6.93,0,RING,SIMPLE,1,RING,SIMPLE,1,0,RING,A_flag_ceiling
reduce_perf,1,8,16777216,4194304,float,sum,2367.56,7.09,7.09,0,2344.93,7.15,7.15,0,RING,SIMPLE,1,RING,SIMPLE,1,0,RING,A_flag_ceiling
reduce_perf,1,8,33554432,8388608,float,sum,4494.71,7.47,7.47,0,4435.03,7.57,7.57,0,RING,SIMPLE,1,RING,SIMPLE,1,0,RING,A_flag_ceiling
reduce_perf,1,8,67108864,16777216,float,sum,8981.32,7.47,7.47,0,8869.4,7.57,7.57,0,RING,SIMPLE,1,RING,SIMPLE,1,0,RING,A_flag_ceiling
reduce_perf,1,8,134217728,33554432,float,sum,17915.3,7.49,7.49,0,17805.3,7.54,7.54,0,RING,SIMPLE,1,RING,SIMPLE,1,0,RING,A_flag_ceiling
reduce_perf,1,8,268435456,67108864,float,sum,35898.5,7.48,7.48,0,35824.8,7.49,7.49,0,RING,SIMPLE,1,RING,SIMPLE,1,0,RING,A_flag_ceiling
reduce_perf,1,8,536870912,134217728,float,sum,71808.0,7.48,7.48,0,72185.3,7.44,7.44,0,RING,SIMPLE,1,RING,SIMPLE,1,0,RING,A_flag_ceiling
reduce_perf,1,8,4096,1024,float,sum,15.93,0.26,0.26,0,11.83,0.35,0.35,0,RING,LL,1,RING,LL,1,0,RING,A_flag_ceiling
reduce_perf,1,8,8192,2048,float,sum,14.25,0.57,0.57,0,13.25,0.62,0.62,0,RING,LL,1,RING,LL,1,0,RING,A_flag_ceiling
reduce_perf,1,8,16384,4096,float,sum,16.66,0.98,0.98,0,15.88,1.03,1.03,0,RING,LL,1,RING,LL,1,0,RING,A_flag_ceiling
reduce_perf,1,8,32768,8192,float,sum,20.29,1.62,1.62,0,18.28,1.79,1.79,0,RING,LL,1,RING,LL,1,0,RING,A_flag_ceiling
reduce_perf,1,8,65536,16384,float,sum,29.43,2.23,2.23,0,29.44,2.23,2.23,0,RING,LL,1,RING,LL,1,0,RING,A_flag_ceiling
reduce_perf,1,8,131072,32768,float,sum,53.64,2.44,2.44,0,52.53,2.49,2.49,0,RING,LL,1,RING,LL,1,0,RING,A_flag_ceiling
reduce_perf,1,8,262144,65536,float,sum,99.09,2.65,2.65,0,99.98,2.62,2.62,0,RING,LL,1,RING,LL,1,0,RING,A_flag_ceiling
reduce_perf,1,8,524288,131072,float,sum,193.01,2.72,2.72,0,198.7,2.64,2.64,0,RING,LL,1,RING,LL,1,0,RING,A_flag_ceiling
reduce_perf,1,8,1048576,262144,float,sum,385.64,2.72,2.72,0,396.92,2.64,2.64,0,RING,LL,1,RING,LL,1,0,RING,A_flag_ceiling
reduce_perf,1,8,2097152,524288,float,sum,771.06,2.72,2.72,0,795.29,2.64,2.64,0,RING,LL,1,RING,LL,1,0,RING,A_flag_ceiling
reduce_perf,1,8,4194304,1048576,float,sum,1560.93,2.69,2.69,0,1590.89,2.64,2.64,0,RING,LL,1,RING,LL,1,0,RING,A_flag_ceiling
reduce_perf,1,8,8388608,2097152,float,sum,3163.97,2.65,2.65,0,3185.41,2.63,2.63,0,RING,LL,1,RING,LL,1,0,RING,A_flag_ceiling
reduce_perf,1,8,16777216,4194304,float,sum,6378.78,2.63,2.63,0,6314.55,2.66,2.66,0,RING,LL,1,RING,LL,1,0,RING,A_flag_ceiling
reduce_perf,1,8,33554432,8388608,float,sum,12809.2,2.62,2.62,0,12462.1,2.69,2.69,0,RING,LL,1,RING,LL,1,0,RING,A_flag_ceiling
reduce_perf,1,8,67108864,16777216,float,sum,25651.8,2.62,2.62,0,24799.2,2.71,2.71,0,RING,LL,1,RING,LL,1,0,RING,A_flag_ceiling
reduce_perf,1,8,134217728,33554432,float,sum,51356.9,2.61,2.61,0,49416.3,2.72,2.72,0,RING,LL,1,RING,LL,1,0,RING,A_flag_ceiling
reduce_perf,1,8,268435456,67108864,float,sum,102657.0,2.61,2.61,0,98857.6,2.72,2.72,0,RING,LL,1,RING,LL,1,0,RING,A_flag_ceiling
reduce_perf,1,8,536870912,134217728,float,sum,205256.0,2.62,2.62,0,197823.0,2.71,2.71,0,RING,LL,1,RING,LL,1,0,RING,A_flag_ceiling
reduce_perf,1,8,4096,1024,float,sum,17.35,0.24,0.24,0,13.51,0.3,0.3,0,RING,SIMPLE,2,RING,SIMPLE,2,0,RING,A_flag_ceiling
reduce_perf,1,8,8192,2048,float,sum,14.92,0.55,0.55,0,14.35,0.57,0.57,0,RING,SIMPLE,2,RING,SIMPLE,2,0,RING,A_flag_ceiling
reduce_perf,1,8,16384,4096,float,sum,18.73,0.87,0.87,0,17.02,0.96,0.96,0,RING,SIMPLE,2,RING,SIMPLE,2,0,RING,A_flag_ceiling
reduce_perf,1,8,32768,8192,float,sum,16.47,1.99,1.99,0,15.74,2.08,2.08,0,RING,SIMPLE,2,RING,SIMPLE,2,0,RING,A_flag_ceiling
reduce_perf,1,8,65536,16384,float,sum,18.07,3.63,3.63,0,17.8,3.68,3.68,0,RING,SIMPLE,2,RING,SIMPLE,2,0,RING,A_flag_ceiling
reduce_perf,1,8,131072,32768,float,sum,26.11,5.02,5.02,0,24.65,5.32,5.32,0,RING,SIMPLE,2,RING,SIMPLE,2,0,RING,A_flag_ceiling
reduce_perf,1,8,262144,65536,float,sum,35.97,7.29,7.29,0,35.68,7.35,7.35,0,RING,SIMPLE,2,RING,SIMPLE,2,0,RING,A_flag_ceiling
reduce_perf,1,8,524288,131072,float,sum,61.35,8.55,8.55,0,60.21,8.71,8.71,0,RING,SIMPLE,2,RING,SIMPLE,2,0,RING,A_flag_ceiling
reduce_perf,1,8,1048576,262144,float,sum,104.91,9.99,9.99,0,100.03,10.48,10.48,0,RING,SIMPLE,2,RING,SIMPLE,2,0,RING,A_flag_ceiling
reduce_perf,1,8,2097152,524288,float,sum,198.27,10.58,10.58,0,187.96,11.16,11.16,0,RING,SIMPLE,2,RING,SIMPLE,2,0,RING,A_flag_ceiling
reduce_perf,1,8,4194304,1048576,float,sum,363.08,11.55,11.55,0,344.36,12.18,12.18,0,RING,SIMPLE,2,RING,SIMPLE,2,0,RING,A_flag_ceiling
reduce_perf,1,8,8388608,2097152,float,sum,719.4,11.66,11.66,0,689.15,12.17,12.17,0,RING,SIMPLE,2,RING,SIMPLE,2,0,RING,A_flag_ceiling
reduce_perf,1,8,16777216,4194304,float,sum,1321.93,12.69,12.69,0,1261.14,13.3,13.3,0,RING,SIMPLE,2,RING,SIMPLE,2,0,RING,A_flag_ceiling
reduce_perf,1,8,33554432,8388608,float,sum,2652.71,12.65,12.65,0,2529.44,13.27,13.27,0,RING,SIMPLE,2,RING,SIMPLE,2,0,RING,A_flag_ceiling
reduce_perf,1,8,67108864,16777216,float,sum,5141.6,13.05,13.05,0,4934.9,13.6,13.6,0,RING,SIMPLE,2,RING,SIMPLE,2,0,RING,A_flag_ceiling
reduce_perf,1,8,134217728,33554432,float,sum,10272.0,13.07,13.07,0,9901.46,13.56,13.56,0,RING,SIMPLE,2,RING,SIMPLE,2,0,RING,A_flag_ceiling
reduce_perf,1,8,268435456,67108864,float,sum,20657.8,12.99,12.99,0,20001.0,13.42,13.42,0,RING,SIMPLE,2,RING,SIMPLE,2,0,RING,A_flag_ceiling
reduce_perf,1,8,536870912,134217728,float,sum,41279.5,13.01,13.01,0,40565.7,13.23,13.23,0,RING,SIMPLE,2,RING,SIMPLE,2,0,RING,A_flag_ceiling
reduce_perf,1,8,4096,1024,float,sum,15.62,0.26,0.26,0,11.37,0.36,0.36,0,RING,LL,2,RING,LL,2,0,RING,A_flag_ceiling
reduce_perf,1,8,8192,2048,float,sum,14.38,0.57,0.57,0,11.98,0.68,0.68,0,RING,LL,2,RING,LL,2,0,RING,A_flag_ceiling
reduce_perf,1,8,16384,4096,float,sum,17.13,0.96,0.96,0,18.52,0.88,0.88,0,RING,LL,2,RING,LL,2,0,RING,A_flag_ceiling
reduce_perf,1,8,32768,8192,float,sum,14.26,2.3,2.3,0,15.71,2.09,2.09,0,RING,LL,2,RING,LL,2,0,RING,A_flag_ceiling
reduce_perf,1,8,65536,16384,float,sum,19.43,3.37,3.37,0,19.45,3.37,3.37,0,RING,LL,2,RING,LL,2,0,RING,A_flag_ceiling
reduce_perf,1,8,131072,32768,float,sum,32.4,4.05,4.05,0,31.69,4.14,4.14,0,RING,LL,2,RING,LL,2,0,RING,A_flag_ceiling
reduce_perf,1,8,262144,65536,float,sum,56.02,4.68,4.68,0,56.29,4.66,4.66,0,RING,LL,2,RING,LL,2,0,RING,A_flag_ceiling
reduce_perf,1,8,524288,131072,float,sum,109.18,4.8,4.8,0,109.54,4.79,4.79,0,RING,LL,2,RING,LL,2,0,RING,A_flag_ceiling
reduce_perf,1,8,1048576,262144,float,sum,216.02,4.85,4.85,0,217.88,4.81,4.81,0,RING,LL,2,RING,LL,2,0,RING,A_flag_ceiling
reduce_perf,1,8,2097152,524288,float,sum,429.82,4.88,4.88,0,436.18,4.81,4.81,0,RING,LL,2,RING,LL,2,0,RING,A_flag_ceiling
reduce_perf,1,8,4194304,1048576,float,sum,855.83,4.9,4.9,0,865.9,4.84,4.84,0,RING,LL,2,RING,LL,2,0,RING,A_flag_ceiling
reduce_perf,1,8,8388608,2097152,float,sum,1737.72,4.83,4.83,0,1750.16,4.79,4.79,0,RING,LL,2,RING,LL,2,0,RING,A_flag_ceiling
reduce_perf,1,8,16777216,4194304,float,sum,3525.53,4.76,4.76,0,3500.18,4.79,4.79,0,RING,LL,2,RING,LL,2,0,RING,A_flag_ceiling
reduce_perf,1,8,33554432,8388608,float,sum,7091.48,4.73,4.73,0,6990.87,4.8,4.8,0,RING,LL,2,RING,LL,2,0,RING,A_flag_ceiling
reduce_perf,1,8,67108864,16777216,float,sum,14257.6,4.71,4.71,0,14019.1,4.79,4.79,0,RING,LL,2,RING,LL,2,0,RING,A_flag_ceiling
reduce_perf,1,8,134217728,33554432,float,sum,28554.2,4.7,4.7,0,27990.9,4.8,4.8,0,RING,LL,2,RING,LL,2,0,RING,A_flag_ceiling
reduce_perf,1,8,268435456,67108864,float,sum,57139.8,4.7,4.7,0,56041.1,4.79,4.79,0,RING,LL,2,RING,LL,2,0,RING,A_flag_ceiling
reduce_perf,1,8,536870912,134217728,float,sum,114191.0,4.7,4.7,0,111854.0,4.8,4.8,0,RING,LL,2,RING,LL,2,0,RING,A_flag_ceiling
reduce_perf,1,8,4096,1024,float,sum,14.47,0.28,0.28,0,12.29,0.33,0.33,0,RING,SIMPLE,4,RING,SIMPLE,4,0,RING,A_flag_ceiling
reduce_perf,1,8,8192,2048,float,sum,14.7,0.56,0.56,0,12.27,0.67,0.67,0,RING,SIMPLE,4,RING,SIMPLE,4,0,RING,A_flag_ceiling
reduce_perf,1,8,16384,4096,float,sum,16.53,0.99,0.99,0,15.94,1.03,1.03,0,RING,SIMPLE,4,RING,SIMPLE,4,0,RING,A_flag_ceiling
reduce_perf,1,8,32768,8192,float,sum,17.04,1.92,1.92,0,16.1,2.04,2.04,0,RING,SIMPLE,4,RING,SIMPLE,4,0,RING,A_flag_ceiling
reduce_perf,1,8,65536,16384,float,sum,26.27,2.49,2.49,0,26.1,2.51,2.51,0,RING,SIMPLE,4,RING,SIMPLE,4,0,RING,A_flag_ceiling
reduce_perf,1,8,131072,32768,float,sum,39.18,3.34,3.34,0,37.79,3.47,3.47,0,RING,SIMPLE,4,RING,SIMPLE,4,0,RING,A_flag_ceiling
reduce_perf,1,8,262144,65536,float,sum,44.76,5.86,5.86,0,44.6,5.88,5.88,0,RING,SIMPLE,4,RING,SIMPLE,4,0,RING,A_flag_ceiling
reduce_perf,1,8,524288,131072,float,sum,58.1,9.02,9.02,0,57.54,9.11,9.11,0,RING,SIMPLE,4,RING,SIMPLE,4,0,RING,A_flag_ceiling
reduce_perf,1,8,1048576,262144,float,sum,84.79,12.37,12.37,0,83.55,12.55,12.55,0,RING,SIMPLE,4,RING,SIMPLE,4,0,RING,A_flag_ceiling
reduce_perf,1,8,2097152,524288,float,sum,144.82,14.48,14.48,0,142.18,14.75,14.75,0,RING,SIMPLE,4,RING,SIMPLE,4,0,RING,A_flag_ceiling
reduce_perf,1,8,4194304,1048576,float,sum,242.8,17.27,17.27,0,236.67,17.72,17.72,0,RING,SIMPLE,4,RING,SIMPLE,4,0,RING,A_flag_ceiling
reduce_perf,1,8,8388608,2097152,float,sum,444.94,18.85,18.85,0,433.13,19.37,19.37,0,RING,SIMPLE,4,RING,SIMPLE,4,0,RING,A_flag_ceiling
reduce_perf,1,8,16777216,4194304,float,sum,803.93,20.87,20.87,0,776.73,21.6,21.6,0,RING,SIMPLE,4,RING,SIMPLE,4,0,RING,A_flag_ceiling
reduce_perf,1,8,33554432,8388608,float,sum,1488.73,22.54,22.54,0,1448.34,23.17,23.17,0,RING,SIMPLE,4,RING,SIMPLE,4,0,RING,A_flag_ceiling
reduce_perf,1,8,67108864,16777216,float,sum,2855.83,23.5,23.5,0,2778.88,24.15,24.15,0,RING,SIMPLE,4,RING,SIMPLE,4,0,RING,A_flag_ceiling
reduce_perf,1,8,134217728,33554432,float,sum,5533.66,24.25,24.25,0,5408.62,24.82,24.82,0,RING,SIMPLE,4,RING,SIMPLE,4,0,RING,A_flag_ceiling
reduce_perf,1,8,268435456,67108864,float,sum,11021.7,24.36,24.36,0,10925.5,24.57,24.57,0,RING,SIMPLE,4,RING,SIMPLE,4,0,RING,A_flag_ceiling
reduce_perf,1,8,536870912,134217728,float,sum,22051.0,24.35,24.35,0,22007.8,24.39,24.39,0,RING,SIMPLE,4,RING,SIMPLE,4,0,RING,A_flag_ceiling
reduce_perf,1,8,4096,1024,float,sum,16.45,0.25,0.25,0,12.33,0.33,0.33,0,RING,LL,4,RING,LL,4,0,RING,A_flag_ceiling
reduce_perf,1,8,8192,2048,float,sum,14.06,0.58,0.58,0,11.75,0.7,0.7,0,RING,LL,4,RING,LL,4,0,RING,A_flag_ceiling
reduce_perf,1,8,16384,4096,float,sum,13.68,1.2,1.2,0,13.24,1.24,1.24,0,RING,LL,4,RING,LL,4,0,RING,A_flag_ceiling
reduce_perf,1,8,32768,8192,float,sum,16.79,1.95,1.95,0,15.83,2.07,2.07,0,RING,LL,4,RING,LL,4,0,RING,A_flag_ceiling
reduce_perf,1,8,65536,16384,float,sum,17.75,3.69,3.69,0,17.64,3.71,3.71,0,RING,LL,4,RING,LL,4,0,RING,A_flag_ceiling
reduce_perf,1,8,131072,32768,float,sum,26.88,4.88,4.88,0,24.49,5.35,5.35,0,RING,LL,4,RING,LL,4,0,RING,A_flag_ceiling
reduce_perf,1,8,262144,65536,float,sum,37.45,7.0,7.0,0,37.62,6.97,6.97,0,RING,LL,4,RING,LL,4,0,RING,A_flag_ceiling
reduce_perf,1,8,524288,131072,float,sum,63.95,8.2,8.2,0,64.14,8.17,8.17,0,RING,LL,4,RING,LL,4,0,RING,A_flag_ceiling
reduce_perf,1,8,1048576,262144,float,sum,117.89,8.89,8.89,0,119.85,8.75,8.75,0,RING,LL,4,RING,LL,4,0,RING,A_flag_ceiling
reduce_perf,1,8,2097152,524288,float,sum,227.23,9.23,9.23,0,231.82,9.05,9.05,0,RING,LL,4,RING,LL,4,0,RING,A_flag_ceiling
reduce_perf,1,8,4194304,1048576,float,sum,453.16,9.26,9.26,0,455.23,9.21,9.21,0,RING,LL,4,RING,LL,4,0,RING,A_flag_ceiling
reduce_perf,1,8,8388608,2097152,float,sum,891.48,9.41,9.41,0,915.62,9.16,9.16,0,RING,LL,4,RING,LL,4,0,RING,A_flag_ceiling
reduce_perf,1,8,16777216,4194304,float,sum,1778.14,9.44,9.44,0,1820.24,9.22,9.22,0,RING,LL,4,RING,LL,4,0,RING,A_flag_ceiling
reduce_perf,1,8,33554432,8388608,float,sum,3589.7,9.35,9.35,0,3636.57,9.23,9.23,0,RING,LL,4,RING,LL,4,0,RING,A_flag_ceiling
reduce_perf,1,8,67108864,16777216,float,sum,7213.47,9.3,9.3,0,7278.89,9.22,9.22,0,RING,LL,4,RING,LL,4,0,RING,A_flag_ceiling
reduce_perf,1,8,134217728,33554432,float,sum,14496.3,9.26,9.26,0,14561.8,9.22,9.22,0,RING,LL,4,RING,LL,4,0,RING,A_flag_ceiling
reduce_perf,1,8,268435456,67108864,float,sum,29010.4,9.25,9.25,0,29083.6,9.23,9.23,0,RING,LL,4,RING,LL,4,0,RING,A_flag_ceiling
reduce_perf,1,8,536870912,134217728,float,sum,58041.6,9.25,9.25,0,58253.6,9.22,9.22,0,RING,LL,4,RING,LL,4,0,RING,A_flag_ceiling
reduce_perf,1,8,4096,1024,float,sum,15.23,0.27,0.27,0,13.7,0.3,0.3,0,RING,SIMPLE,8,RING,SIMPLE,8,0,RING,A_flag_ceiling
reduce_perf,1,8,8192,2048,float,sum,13.9,0.59,0.59,0,12.2,0.67,0.67,0,RING,SIMPLE,8,RING,SIMPLE,8,0,RING,A_flag_ceiling
reduce_perf,1,8,16384,4096,float,sum,15.26,1.07,1.07,0,15.7,1.04,1.04,0,RING,SIMPLE,8,RING,SIMPLE,8,0,RING,A_flag_ceiling
reduce_perf,1,8,32768,8192,float,sum,16.85,1.95,1.95,0,16.35,2.0,2.0,0,RING,SIMPLE,8,RING,SIMPLE,8,0,RING,A_flag_ceiling
reduce_perf,1,8,65536,16384,float,sum,26.36,2.49,2.49,0,26.15,2.51,2.51,0,RING,SIMPLE,8,RING,SIMPLE,8,0,RING,A_flag_ceiling
reduce_perf,1,8,131072,32768,float,sum,36.39,3.6,3.6,0,35.05,3.74,3.74,0,RING,SIMPLE,8,RING,SIMPLE,8,0,RING,A_flag_ceiling
reduce_perf,1,8,262144,65536,float,sum,50.64,5.18,5.18,0,50.95,5.14,5.14,0,RING,SIMPLE,8,RING,SIMPLE,8,0,RING,A_flag_ceiling
reduce_perf,1,8,524288,131072,float,sum,58.76,8.92,8.92,0,57.85,9.06,9.06,0,RING,SIMPLE,8,RING,SIMPLE,8,0,RING,A_flag_ceiling
reduce_perf,1,8,1048576,262144,float,sum,73.26,14.31,14.31,0,72.02,14.56,14.56,0,RING,SIMPLE,8,RING,SIMPLE,8,0,RING,A_flag_ceiling
reduce_perf,1,8,2097152,524288,float,sum,101.14,20.73,20.73,0,99.55,21.07,21.07,0,RING,SIMPLE,8,RING,SIMPLE,8,0,RING,A_flag_ceiling
reduce_perf,1,8,4194304,1048576,float,sum,172.48,24.32,24.32,0,168.91,24.83,24.83,0,RING,SIMPLE,8,RING,SIMPLE,8,0,RING,A_flag_ceiling
reduce_perf,1,8,8388608,2097152,float,sum,273.54,30.67,30.67,0,266.78,31.44,31.44,0,RING,SIMPLE,8,RING,SIMPLE,8,0,RING,A_flag_ceiling
reduce_perf,1,8,16777216,4194304,float,sum,490.42,34.21,34.21,0,481.2,34.87,34.87,0,RING,SIMPLE,8,RING,SIMPLE,8,0,RING,A_flag_ceiling
reduce_perf,1,8,33554432,8388608,float,sum,863.75,38.85,38.85,0,853.29,39.32,39.32,0,RING,SIMPLE,8,RING,SIMPLE,8,0,RING,A_flag_ceiling
reduce_perf,1,8,67108864,16777216,float,sum,1599.63,41.95,41.95,0,1578.01,42.53,42.53,0,RING,SIMPLE,8,RING,SIMPLE,8,0,RING,A_flag_ceiling
reduce_perf,1,8,134217728,33554432,float,sum,3010.53,44.58,44.58,0,2980.75,45.03,45.03,0,RING,SIMPLE,8,RING,SIMPLE,8,0,RING,A_flag_ceiling
reduce_perf,1,8,268435456,67108864,float,sum,5852.61,45.87,45.87,0,5769.48,46.53,46.53,0,RING,SIMPLE,8,RING,SIMPLE,8,0,RING,A_flag_ceiling
reduce_perf,1,8,536870912,134217728,float,sum,11295.4,47.53,47.53,0,11340.2,47.34,47.34,0,RING,SIMPLE,8,RING,SIMPLE,8,0,RING,A_flag_ceiling
reduce_perf,1,8,4096,1024,float,sum,14.76,0.28,0.28,0,13.94,0.29,0.29,0,RING,LL,8,RING,LL,8,0,RING,A_flag_ceiling
reduce_perf,1,8,8192,2048,float,sum,14.09,0.58,0.58,0,13.41,0.61,0.61,0,RING,LL,8,RING,LL,8,0,RING,A_flag_ceiling
reduce_perf,1,8,16384,4096,float,sum,15.92,1.03,1.03,0,15.61,1.05,1.05,0,RING,LL,8,RING,LL,8,0,RING,A_flag_ceiling
reduce_perf,1,8,32768,8192,float,sum,17.09,1.92,1.92,0,14.9,2.2,2.2,0,RING,LL,8,RING,LL,8,0,RING,A_flag_ceiling
reduce_perf,1,8,65536,16384,float,sum,17.18,3.82,3.82,0,17.18,3.81,3.81,0,RING,LL,8,RING,LL,8,0,RING,A_flag_ceiling
reduce_perf,1,8,131072,32768,float,sum,21.32,6.15,6.15,0,22.15,5.92,5.92,0,RING,LL,8,RING,LL,8,0,RING,A_flag_ceiling
reduce_perf,1,8,262144,65536,float,sum,27.51,9.53,9.53,0,27.78,9.44,9.44,0,RING,LL,8,RING,LL,8,0,RING,A_flag_ceiling
reduce_perf,1,8,524288,131072,float,sum,41.14,12.74,12.74,0,41.68,12.58,12.58,0,RING,LL,8,RING,LL,8,0,RING,A_flag_ceiling
reduce_perf,1,8,1048576,262144,float,sum,68.78,15.24,15.24,0,69.01,15.19,15.19,0,RING,LL,8,RING,LL,8,0,RING,A_flag_ceiling
reduce_perf,1,8,2097152,524288,float,sum,123.68,16.96,16.96,0,124.19,16.89,16.89,0,RING,LL,8,RING,LL,8,0,RING,A_flag_ceiling
reduce_perf,1,8,4194304,1048576,float,sum,234.29,17.9,17.9,0,235.22,17.83,17.83,0,RING,LL,8,RING,LL,8,0,RING,A_flag_ceiling
reduce_perf,1,8,8388608,2097152,float,sum,456.47,18.38,18.38,0,456.74,18.37,18.37,0,RING,LL,8,RING,LL,8,0,RING,A_flag_ceiling
reduce_perf,1,8,16777216,4194304,float,sum,903.28,18.57,18.57,0,909.13,18.45,18.45,0,RING,LL,8,RING,LL,8,0,RING,A_flag_ceiling
reduce_perf,1,8,33554432,8388608,float,sum,1802.2,18.62,18.62,0,1805.37,18.59,18.59,0,RING,LL,8,RING,LL,8,0,RING,A_flag_ceiling
reduce_perf,1,8,67108864,16777216,float,sum,3637.1,18.45,18.45,0,3607.71,18.6,18.6,0,RING,LL,8,RING,LL,8,0,RING,A_flag_ceiling
reduce_perf,1,8,134217728,33554432,float,sum,7298.62,18.39,18.39,0,7218.85,18.59,18.59,0,RING,LL,8,RING,LL,8,0,RING,A_flag_ceiling
reduce_perf,1,8,268435456,67108864,float,sum,14627.1,18.35,18.35,0,14406.6,18.63,18.63,0,RING,LL,8,RING,LL,8,0,RING,A_flag_ceiling
reduce_perf,1,8,536870912,134217728,float,sum,29297.4,18.32,18.32,0,28825.8,18.62,18.62,0,RING,LL,8,RING,LL,8,0,RING,A_flag_ceiling
reduce_perf,1,8,4096,1024,float,sum,16.32,0.25,0.25,0,14.03,0.29,0.29,0,RING,SIMPLE,16,RING,SIMPLE,16,0,RING,A_flag_ceiling
reduce_perf,1,8,8192,2048,float,sum,13.59,0.6,0.6,0,13.54,0.61,0.61,0,RING,SIMPLE,16,RING,SIMPLE,16,0,RING,A_flag_ceiling
reduce_perf,1,8,16384,4096,float,sum,16.02,1.02,1.02,0,13.38,1.22,1.22,0,RING,SIMPLE,16,RING,SIMPLE,16,0,RING,A_flag_ceiling
reduce_perf,1,8,32768,8192,float,sum,14.82,2.21,2.21,0,15.3,2.14,2.14,0,RING,SIMPLE,16,RING,SIMPLE,16,0,RING,A_flag_ceiling
reduce_perf,1,8,65536,16384,float,sum,26.47,2.48,2.48,0,26.3,2.49,2.49,0,RING,SIMPLE,16,RING,SIMPLE,16,0,RING,A_flag_ceiling
reduce_perf,1,8,131072,32768,float,sum,37.44,3.5,3.5,0,35.1,3.73,3.73,0,RING,SIMPLE,16,RING,SIMPLE,16,0,RING,A_flag_ceiling
reduce_perf,1,8,262144,65536,float,sum,35.77,7.33,7.33,0,35.86,7.31,7.31,0,RING,SIMPLE,16,RING,SIMPLE,16,0,RING,A_flag_ceiling
reduce_perf,1,8,524288,131072,float,sum,53.24,9.85,9.85,0,53.42,9.81,9.81,0,RING,SIMPLE,16,RING,SIMPLE,16,0,RING,A_flag_ceiling
reduce_perf,1,8,1048576,262144,float,sum,62.33,16.82,16.82,0,60.56,17.32,17.32,0,RING,SIMPLE,16,RING,SIMPLE,16,0,RING,A_flag_ceiling
reduce_perf,1,8,2097152,524288,float,sum,75.73,27.69,27.69,0,74.52,28.14,28.14,0,RING,SIMPLE,16,RING,SIMPLE,16,0,RING,A_flag_ceiling
reduce_perf,1,8,4194304,1048576,float,sum,104.24,40.24,40.24,0,102.07,41.09,41.09,0,RING,SIMPLE,16,RING,SIMPLE,16,0,RING,A_flag_ceiling
reduce_perf,1,8,8388608,2097152,float,sum,177.1,47.37,47.37,0,171.96,48.78,48.78,0,RING,SIMPLE,16,RING,SIMPLE,16,0,RING,A_flag_ceiling
reduce_perf,1,8,16777216,4194304,float,sum,275.41,60.92,60.92,0,267.64,62.69,62.69,0,RING,SIMPLE,16,RING,SIMPLE,16,0,RING,A_flag_ceiling
reduce_perf,1,8,33554432,8388608,float,sum,492.85,68.08,68.08,0,476.2,70.46,70.46,0,RING,SIMPLE,16,RING,SIMPLE,16,0,RING,A_flag_ceiling
reduce_perf,1,8,67108864,16777216,float,sum,852.96,78.68,78.68,0,829.58,80.89,80.89,0,RING,SIMPLE,16,RING,SIMPLE,16,0,RING,A_flag_ceiling
reduce_perf,1,8,134217728,33554432,float,sum,1598.96,83.94,83.94,0,1563.73,85.83,85.83,0,RING,SIMPLE,16,RING,SIMPLE,16,0,RING,A_flag_ceiling
reduce_perf,1,8,268435456,67108864,float,sum,2983.03,89.99,89.99,0,2931.37,91.57,91.57,0,RING,SIMPLE,16,RING,SIMPLE,16,0,RING,A_flag_ceiling
reduce_perf,1,8,536870912,134217728,float,sum,5800.04,92.56,92.56,0,5799.69,92.57,92.57,0,RING,SIMPLE,16,RING,SIMPLE,16,0,RING,A_flag_ceiling
reduce_perf,1,8,4096,1024,float,sum,14.67,0.28,0.28,0,12.94,0.32,0.32,0,RING,LL,16,RING,LL,16,0,RING,A_flag_ceiling
reduce_perf,1,8,8192,2048,float,sum,13.87,0.59,0.59,0,11.79,0.7,0.7,0,RING,LL,16,RING,LL,16,0,RING,A_flag_ceiling
reduce_perf,1,8,16384,4096,float,sum,15.96,1.03,1.03,0,15.99,1.02,1.02,0,RING,LL,16,RING,LL,16,0,RING,A_flag_ceiling
reduce_perf,1,8,32768,8192,float,sum,17.43,1.88,1.88,0,16.32,2.01,2.01,0,RING,LL,16,RING,LL,16,0,RING,A_flag_ceiling
reduce_perf,1,8,65536,16384,float,sum,14.84,4.42,4.42,0,14.85,4.41,4.41,0,RING,LL,16,RING,LL,16,0,RING,A_flag_ceiling
reduce_perf,1,8,131072,32768,float,sum,20.65,6.35,6.35,0,17.72,7.4,7.4,0,RING,LL,16,RING,LL,16,0,RING,A_flag_ceiling
reduce_perf,1,8,262144,65536,float,sum,21.12,12.41,12.41,0,21.47,12.21,12.21,0,RING,LL,16,RING,LL,16,0,RING,A_flag_ceiling
reduce_perf,1,8,524288,131072,float,sum,28.12,18.64,18.64,0,28.59,18.34,18.34,0,RING,LL,16,RING,LL,16,0,RING,A_flag_ceiling
reduce_perf,1,8,1048576,262144,float,sum,41.88,25.04,25.04,0,42.52,24.66,24.66,0,RING,LL,16,RING,LL,16,0,RING,A_flag_ceiling
reduce_perf,1,8,2097152,524288,float,sum,69.48,30.18,30.18,0,70.14,29.9,29.9,0,RING,LL,16,RING,LL,16,0,RING,A_flag_ceiling
reduce_perf,1,8,4194304,1048576,float,sum,125.92,33.31,33.31,0,129.12,32.48,32.48,0,RING,LL,16,RING,LL,16,0,RING,A_flag_ceiling
reduce_perf,1,8,8388608,2097152,float,sum,237.66,35.3,35.3,0,245.98,34.1,34.1,0,RING,LL,16,RING,LL,16,0,RING,A_flag_ceiling
reduce_perf,1,8,16777216,4194304,float,sum,464.13,36.15,36.15,0,482.59,34.76,34.76,0,RING,LL,16,RING,LL,16,0,RING,A_flag_ceiling
reduce_perf,1,8,33554432,8388608,float,sum,926.41,36.22,36.22,0,962.54,34.86,34.86,0,RING,LL,16,RING,LL,16,0,RING,A_flag_ceiling
reduce_perf,1,8,67108864,16777216,float,sum,1883.49,35.63,35.63,0,1914.08,35.06,35.06,0,RING,LL,16,RING,LL,16,0,RING,A_flag_ceiling
reduce_perf,1,8,134217728,33554432,float,sum,3789.22,35.42,35.42,0,3813.56,35.19,35.19,0,RING,LL,16,RING,LL,16,0,RING,A_flag_ceiling
reduce_perf,1,8,268435456,67108864,float,sum,7615.94,35.25,35.25,0,7628.05,35.19,35.19,0,RING,LL,16,RING,LL,16,0,RING,A_flag_ceiling
reduce_perf,1,8,536870912,134217728,float,sum,15285.3,35.12,35.12,0,15278.2,35.14,35.14,0,RING,LL,16,RING,LL,16,0,RING,A_flag_ceiling
reduce_perf,1,8,4096,1024,float,sum,15.94,0.26,0.26,0,12.76,0.32,0.32,0,RING,SIMPLE,24,RING,SIMPLE,24,0,RING,A_flag_ceiling
reduce_perf,1,8,8192,2048,float,sum,14.48,0.57,0.57,0,13.07,0.63,0.63,0,RING,SIMPLE,24,RING,SIMPLE,24,0,RING,A_flag_ceiling
reduce_perf,1,8,16384,4096,float,sum,16.7,0.98,0.98,0,15.85,1.03,1.03,0,RING,SIMPLE,24,RING,SIMPLE,24,0,RING,A_flag_ceiling
reduce_perf,1,8,32768,8192,float,sum,23.07,1.42,1.42,0,16.0,2.05,2.05,0,RING,SIMPLE,24,RING,SIMPLE,24,0,RING,A_flag_ceiling
reduce_perf,1,8,65536,16384,float,sum,26.43,2.48,2.48,0,26.18,2.5,2.5,0,RING,SIMPLE,24,RING,SIMPLE,24,0,RING,A_flag_ceiling
reduce_perf,1,8,131072,32768,float,sum,37.05,3.54,3.54,0,35.31,3.71,3.71,0,RING,SIMPLE,24,RING,SIMPLE,24,0,RING,A_flag_ceiling
reduce_perf,1,8,262144,65536,float,sum,36.08,7.26,7.26,0,36.2,7.24,7.24,0,RING,SIMPLE,24,RING,SIMPLE,24,0,RING,A_flag_ceiling
reduce_perf,1,8,524288,131072,float,sum,53.55,9.79,9.79,0,53.77,9.75,9.75,0,RING,SIMPLE,24,RING,SIMPLE,24,0,RING,A_flag_ceiling
reduce_perf,1,8,1048576,262144,float,sum,58.84,17.82,17.82,0,57.47,18.25,18.25,0,RING,SIMPLE,24,RING,SIMPLE,24,0,RING,A_flag_ceiling
reduce_perf,1,8,2097152,524288,float,sum,68.85,30.46,30.46,0,68.03,30.83,30.83,0,RING,SIMPLE,24,RING,SIMPLE,24,0,RING,A_flag_ceiling
reduce_perf,1,8,4194304,1048576,float,sum,87.8,47.77,47.77,0,85.77,48.9,48.9,0,RING,SIMPLE,24,RING,SIMPLE,24,0,RING,A_flag_ceiling
reduce_perf,1,8,8388608,2097152,float,sum,127.22,65.94,65.94,0,124.51,67.38,67.38,0,RING,SIMPLE,24,RING,SIMPLE,24,0,RING,A_flag_ceiling
reduce_perf,1,8,16777216,4194304,float,sum,209.47,80.09,80.09,0,203.88,82.29,82.29,0,RING,SIMPLE,24,RING,SIMPLE,24,0,RING,A_flag_ceiling
reduce_perf,1,8,33554432,8388608,float,sum,345.68,97.07,97.07,0,338.25,99.2,99.2,0,RING,SIMPLE,24,RING,SIMPLE,24,0,RING,A_flag_ceiling
reduce_perf,1,8,67108864,16777216,float,sum,610.56,109.91,109.91,0,596.21,112.56,112.56,0,RING,SIMPLE,24,RING,SIMPLE,24,0,RING,A_flag_ceiling
reduce_perf,1,8,134217728,33554432,float,sum,1100.44,121.97,121.97,0,1074.42,124.92,124.92,0,RING,SIMPLE,24,RING,SIMPLE,24,0,RING,A_flag_ceiling
reduce_perf,1,8,268435456,67108864,float,sum,2060.43,130.28,130.28,0,2031.61,132.13,132.13,0,RING,SIMPLE,24,RING,SIMPLE,24,0,RING,A_flag_ceiling
reduce_perf,1,8,536870912,134217728,float,sum,3928.44,136.66,136.66,0,3939.66,136.27,136.27,0,RING,SIMPLE,24,RING,SIMPLE,24,0,RING,A_flag_ceiling
reduce_perf,1,8,4096,1024,float,sum,14.56,0.28,0.28,0,11.27,0.36,0.36,0,RING,LL,24,RING,LL,24,0,RING,A_flag_ceiling
reduce_perf,1,8,8192,2048,float,sum,13.81,0.59,0.59,0,12.82,0.64,0.64,0,RING,LL,24,RING,LL,24,0,RING,A_flag_ceiling
reduce_perf,1,8,16384,4096,float,sum,16.1,1.02,1.02,0,15.98,1.03,1.03,0,RING,LL,24,RING,LL,24,0,RING,A_flag_ceiling
reduce_perf,1,8,32768,8192,float,sum,17.16,1.91,1.91,0,16.05,2.04,2.04,0,RING,LL,24,RING,LL,24,0,RING,A_flag_ceiling
reduce_perf,1,8,65536,16384,float,sum,16.05,4.08,4.08,0,15.07,4.35,4.35,0,RING,LL,24,RING,LL,24,0,RING,A_flag_ceiling
reduce_perf,1,8,131072,32768,float,sum,20.31,6.45,6.45,0,19.72,6.65,6.65,0,RING,LL,24,RING,LL,24,0,RING,A_flag_ceiling
reduce_perf,1,8,262144,65536,float,sum,20.08,13.05,13.05,0,19.89,13.18,13.18,0,RING,LL,24,RING,LL,24,0,RING,A_flag_ceiling
reduce_perf,1,8,524288,131072,float,sum,25.28,20.74,20.74,0,25.31,20.72,20.72,0,RING,LL,24,RING,LL,24,0,RING,A_flag_ceiling
reduce_perf,1,8,1048576,262144,float,sum,36.05,29.08,29.08,0,34.07,30.77,30.77,0,RING,LL,24,RING,LL,24,0,RING,A_flag_ceiling
reduce_perf,1,8,2097152,524288,float,sum,52.93,39.62,39.62,0,53.8,38.98,38.98,0,RING,LL,24,RING,LL,24,0,RING,A_flag_ceiling
reduce_perf,1,8,4194304,1048576,float,sum,89.92,46.65,46.65,0,91.53,45.82,45.82,0,RING,LL,24,RING,LL,24,0,RING,A_flag_ceiling
reduce_perf,1,8,8388608,2097152,float,sum,166.18,50.48,50.48,0,170.84,49.1,49.1,0,RING,LL,24,RING,LL,24,0,RING,A_flag_ceiling
reduce_perf,1,8,16777216,4194304,float,sum,315.59,53.16,53.16,0,328.36,51.09,51.09,0,RING,LL,24,RING,LL,24,0,RING,A_flag_ceiling
reduce_perf,1,8,33554432,8388608,float,sum,624.06,53.77,53.77,0,648.48,51.74,51.74,0,RING,LL,24,RING,LL,24,0,RING,A_flag_ceiling
reduce_perf,1,8,67108864,16777216,float,sum,1260.24,53.25,53.25,0,1284.64,52.24,52.24,0,RING,LL,24,RING,LL,24,0,RING,A_flag_ceiling
reduce_perf,1,8,134217728,33554432,float,sum,2531.55,53.02,53.02,0,2555.87,52.51,52.51,0,RING,LL,24,RING,LL,24,0,RING,A_flag_ceiling
reduce_perf,1,8,268435456,67108864,float,sum,5069.8,52.95,52.95,0,5099.57,52.64,52.64,0,RING,LL,24,RING,LL,24,0,RING,A_flag_ceiling
reduce_perf,1,8,536870912,134217728,float,sum,10143.1,52.93,52.93,0,10197.6,52.65,52.65,0,RING,LL,24,RING,LL,24,0,RING,A_flag_ceiling
reduce_perf,1,8,4096,1024,float,sum,14.33,0.29,0.29,0,11.69,0.35,0.35,0,RING,SIMPLE,32,RING,SIMPLE,32,0,RING,A_flag_ceiling
reduce_perf,1,8,8192,2048,float,sum,13.2,0.62,0.62,0,14.01,0.58,0.58,0,RING,SIMPLE,32,RING,SIMPLE,32,0,RING,A_flag_ceiling
reduce_perf,1,8,16384,4096,float,sum,16.72,0.98,0.98,0,16.41,1.0,1.0,0,RING,SIMPLE,32,RING,SIMPLE,32,0,RING,A_flag_ceiling
reduce_perf,1,8,32768,8192,float,sum,16.58,1.98,1.98,0,14.68,2.23,2.23,0,RING,SIMPLE,32,RING,SIMPLE,32,0,RING,A_flag_ceiling
reduce_perf,1,8,65536,16384,float,sum,26.56,2.47,2.47,0,26.34,2.49,2.49,0,RING,SIMPLE,32,RING,SIMPLE,32,0,RING,A_flag_ceiling
reduce_perf,1,8,131072,32768,float,sum,36.94,3.55,3.55,0,35.17,3.73,3.73,0,RING,SIMPLE,32,RING,SIMPLE,32,0,RING,A_flag_ceiling
reduce_perf,1,8,262144,65536,float,sum,35.93,7.3,7.3,0,36.05,7.27,7.27,0,RING,SIMPLE,32,RING,SIMPLE,32,0,RING,A_flag_ceiling
reduce_perf,1,8,524288,131072,float,sum,37.27,14.07,14.07,0,37.45,14.0,14.0,0,RING,SIMPLE,32,RING,SIMPLE,32,0,RING,A_flag_ceiling
reduce_perf,1,8,1048576,262144,float,sum,56.05,18.71,18.71,0,55.2,19.0,19.0,0,RING,SIMPLE,32,RING,SIMPLE,32,0,RING,A_flag_ceiling
reduce_perf,1,8,2097152,524288,float,sum,64.01,32.76,32.76,0,62.97,33.31,33.31,0,RING,SIMPLE,32,RING,SIMPLE,32,0,RING,A_flag_ceiling
reduce_perf,1,8,4194304,1048576,float,sum,79.46,52.78,52.78,0,76.93,54.52,54.52,0,RING,SIMPLE,32,RING,SIMPLE,32,0,RING,A_flag_ceiling
reduce_perf,1,8,8388608,2097152,float,sum,109.51,76.6,76.6,0,106.07,79.08,79.08,0,RING,SIMPLE,32,RING,SIMPLE,32,0,RING,A_flag_ceiling
reduce_perf,1,8,16777216,4194304,float,sum,182.06,92.15,92.15,0,175.5,95.6,95.6,0,RING,SIMPLE,32,RING,SIMPLE,32,0,RING,A_flag_ceiling
reduce_perf,1,8,33554432,8388608,float,sum,282.94,118.59,118.59,0,272.76,123.02,123.02,0,RING,SIMPLE,32,RING,SIMPLE,32,0,RING,A_flag_ceiling
reduce_perf,1,8,67108864,16777216,float,sum,503.0,133.42,133.42,0,484.91,138.39,138.39,0,RING,SIMPLE,32,RING,SIMPLE,32,0,RING,A_flag_ceiling
reduce_perf,1,8,134217728,33554432,float,sum,867.86,154.65,154.65,0,844.0,159.03,159.03,0,RING,SIMPLE,32,RING,SIMPLE,32,0,RING,A_flag_ceiling
reduce_perf,1,8,268435456,67108864,float,sum,1621.08,165.59,165.59,0,1600.19,167.75,167.75,0,RING,SIMPLE,32,RING,SIMPLE,32,0,RING,A_flag_ceiling
reduce_perf,1,8,536870912,134217728,float,sum,3023.35,177.57,177.57,0,3032.22,177.06,177.06,0,RING,SIMPLE,32,RING,SIMPLE,32,0,RING,A_flag_ceiling
reduce_perf,1,8,4096,1024,float,sum,17.43,0.23,0.23,0,11.84,0.35,0.35,0,RING,LL,32,RING,LL,32,0,RING,A_flag_ceiling
reduce_perf,1,8,8192,2048,float,sum,14.74,0.56,0.56,0,14.08,0.58,0.58,0,RING,LL,32,RING,LL,32,0,RING,A_flag_ceiling
reduce_perf,1,8,16384,4096,float,sum,16.92,0.97,0.97,0,17.41,0.94,0.94,0,RING,LL,32,RING,LL,32,0,RING,A_flag_ceiling
reduce_perf,1,8,32768,8192,float,sum,17.26,1.9,1.9,0,17.56,1.87,1.87,0,RING,LL,32,RING,LL,32,0,RING,A_flag_ceiling
reduce_perf,1,8,65536,16384,float,sum,16.07,4.08,4.08,0,14.92,4.39,4.39,0,RING,LL,32,RING,LL,32,0,RING,A_flag_ceiling
reduce_perf,1,8,131072,32768,float,sum,19.48,6.73,6.73,0,18.26,7.18,7.18,0,RING,LL,32,RING,LL,32,0,RING,A_flag_ceiling
reduce_perf,1,8,262144,65536,float,sum,17.82,14.71,14.71,0,19.17,13.67,13.67,0,RING,LL,32,RING,LL,32,0,RING,A_flag_ceiling
reduce_perf,1,8,524288,131072,float,sum,21.71,24.15,24.15,0,22.09,23.74,23.74,0,RING,LL,32,RING,LL,32,0,RING,A_flag_ceiling
reduce_perf,1,8,1048576,262144,float,sum,29.69,35.31,35.31,0,30.05,34.89,34.89,0,RING,LL,32,RING,LL,32,0,RING,A_flag_ceiling
reduce_perf,1,8,2097152,524288,float,sum,43.14,48.61,48.61,0,43.81,47.87,47.87,0,RING,LL,32,RING,LL,32,0,RING,A_flag_ceiling
reduce_perf,1,8,4194304,1048576,float,sum,71.7,58.49,58.49,0,73.34,57.19,57.19,0,RING,LL,32,RING,LL,32,0,RING,A_flag_ceiling
reduce_perf,1,8,8388608,2097152,float,sum,129.84,64.61,64.61,0,133.56,62.81,62.81,0,RING,LL,32,RING,LL,32,0,RING,A_flag_ceiling
reduce_perf,1,8,16777216,4194304,float,sum,246.13,68.16,68.16,0,253.38,66.21,66.21,0,RING,LL,32,RING,LL,32,0,RING,A_flag_ceiling
reduce_perf,1,8,33554432,8388608,float,sum,479.09,70.04,70.04,0,496.04,67.64,67.64,0,RING,LL,32,RING,LL,32,0,RING,A_flag_ceiling
reduce_perf,1,8,67108864,16777216,float,sum,966.38,69.44,69.44,0,980.36,68.45,68.45,0,RING,LL,32,RING,LL,32,0,RING,A_flag_ceiling
reduce_perf,1,8,134217728,33554432,float,sum,1929.73,69.55,69.55,0,1939.95,69.19,69.19,0,RING,LL,32,RING,LL,32,0,RING,A_flag_ceiling
reduce_perf,1,8,268435456,67108864,float,sum,3866.26,69.43,69.43,0,3867.37,69.41,69.41,0,RING,LL,32,RING,LL,32,0,RING,A_flag_ceiling
reduce_perf,1,8,536870912,134217728,float,sum,7743.39,69.33,69.33,0,7737.63,69.38,69.38,0,RING,LL,32,RING,LL,32,0,RING,A_flag_ceiling
reduce_perf,1,8,4096,1024,float,sum,15.9,0.26,0.26,0,13.08,0.31,0.31,0,RING,SIMPLE,40,RING,SIMPLE,40,0,RING,A_flag_ceiling
reduce_perf,1,8,8192,2048,float,sum,13.94,0.59,0.59,0,13.47,0.61,0.61,0,RING,SIMPLE,40,RING,SIMPLE,40,0,RING,A_flag_ceiling
reduce_perf,1,8,16384,4096,float,sum,16.41,1.0,1.0,0,15.19,1.08,1.08,0,RING,SIMPLE,40,RING,SIMPLE,40,0,RING,A_flag_ceiling
reduce_perf,1,8,32768,8192,float,sum,15.11,2.17,2.17,0,14.47,2.27,2.27,0,RING,SIMPLE,40,RING,SIMPLE,40,0,RING,A_flag_ceiling
reduce_perf,1,8,65536,16384,float,sum,26.4,2.48,2.48,0,26.13,2.51,2.51,0,RING,SIMPLE,40,RING,SIMPLE,40,0,RING,A_flag_ceiling
reduce_perf,1,8,131072,32768,float,sum,37.32,3.51,3.51,0,35.44,3.7,3.7,0,RING,SIMPLE,40,RING,SIMPLE,40,0,RING,A_flag_ceiling
reduce_perf,1,8,262144,65536,float,sum,36.13,7.26,7.26,0,36.22,7.24,7.24,0,RING,SIMPLE,40,RING,SIMPLE,40,0,RING,A_flag_ceiling
reduce_perf,1,8,524288,131072,float,sum,37.25,14.07,14.07,0,37.24,14.08,14.08,0,RING,SIMPLE,40,RING,SIMPLE,40,0,RING,A_flag_ceiling
reduce_perf,1,8,1048576,262144,float,sum,56.41,18.59,18.59,0,54.84,19.12,19.12,0,RING,SIMPLE,40,RING,SIMPLE,40,0,RING,A_flag_ceiling
reduce_perf,1,8,2097152,524288,float,sum,63.64,32.95,32.95,0,62.55,33.53,33.53,0,RING,SIMPLE,40,RING,SIMPLE,40,0,RING,A_flag_ceiling
reduce_perf,1,8,4194304,1048576,float,sum,76.63,54.74,54.74,0,74.18,56.55,56.55,0,RING,SIMPLE,40,RING,SIMPLE,40,0,RING,A_flag_ceiling
reduce_perf,1,8,8388608,2097152,float,sum,99.91,83.96,83.96,0,96.99,86.49,86.49,0,RING,SIMPLE,40,RING,SIMPLE,40,0,RING,A_flag_ceiling
reduce_perf,1,8,16777216,4194304,float,sum,147.69,113.6,113.6,0,143.43,116.97,116.97,0,RING,SIMPLE,40,RING,SIMPLE,40,0,RING,A_flag_ceiling
reduce_perf,1,8,33554432,8388608,float,sum,244.18,137.42,137.42,0,235.96,142.2,142.2,0,RING,SIMPLE,40,RING,SIMPLE,40,0,RING,A_flag_ceiling
reduce_perf,1,8,67108864,16777216,float,sum,408.83,164.15,164.15,0,396.98,169.05,169.05,0,RING,SIMPLE,40,RING,SIMPLE,40,0,RING,A_flag_ceiling
reduce_perf,1,8,134217728,33554432,float,sum,732.28,183.29,183.29,0,708.83,189.35,189.35,0,RING,SIMPLE,40,RING,SIMPLE,40,0,RING,A_flag_ceiling
reduce_perf,1,8,268435456,67108864,float,sum,1338.02,200.62,200.62,0,1308.49,205.15,205.15,0,RING,SIMPLE,40,RING,SIMPLE,40,0,RING,A_flag_ceiling
reduce_perf,1,8,536870912,134217728,float,sum,2509.37,213.95,213.95,0,2502.43,214.54,214.54,0,RING,SIMPLE,40,RING,SIMPLE,40,0,RING,A_flag_ceiling
reduce_perf,1,8,4096,1024,float,sum,17.83,0.23,0.23,0,12.96,0.32,0.32,0,RING,LL,40,RING,LL,40,0,RING,A_flag_ceiling
reduce_perf,1,8,8192,2048,float,sum,12.06,0.68,0.68,0,13.36,0.61,0.61,0,RING,LL,40,RING,LL,40,0,RING,A_flag_ceiling
reduce_perf,1,8,16384,4096,float,sum,17.18,0.95,0.95,0,15.38,1.07,1.07,0,RING,LL,40,RING,LL,40,0,RING,A_flag_ceiling
reduce_perf,1,8,32768,8192,float,sum,15.13,2.17,2.17,0,15.61,2.1,2.1,0,RING,LL,40,RING,LL,40,0,RING,A_flag_ceiling
reduce_perf,1,8,65536,16384,float,sum,16.16,4.06,4.06,0,14.73,4.45,4.45,0,RING,LL,40,RING,LL,40,0,RING,A_flag_ceiling
reduce_perf,1,8,131072,32768,float,sum,18.69,7.01,7.01,0,17.47,7.5,7.5,0,RING,LL,40,RING,LL,40,0,RING,A_flag_ceiling
reduce_perf,1,8,262144,65536,float,sum,18.57,14.12,14.12,0,17.91,14.64,14.64,0,RING,LL,40,RING,LL,40,0,RING,A_flag_ceiling
reduce_perf,1,8,524288,131072,float,sum,22.04,23.79,23.79,0,22.06,23.77,23.77,0,RING,LL,40,RING,LL,40,0,RING,A_flag_ceiling
reduce_perf,1,8,1048576,262144,float,sum,30.37,34.52,34.52,0,28.74,36.49,36.49,0,RING,LL,40,RING,LL,40,0,RING,A_flag_ceiling
reduce_perf,1,8,2097152,524288,float,sum,38.59,54.35,54.35,0,39.31,53.35,53.35,0,RING,LL,40,RING,LL,40,0,RING,A_flag_ceiling
reduce_perf,1,8,4194304,1048576,float,sum,62.26,67.37,67.37,0,63.52,66.03,66.03,0,RING,LL,40,RING,LL,40,0,RING,A_flag_ceiling
reduce_perf,1,8,8388608,2097152,float,sum,109.28,76.76,76.76,0,112.97,74.25,74.25,0,RING,LL,40,RING,LL,40,0,RING,A_flag_ceiling
reduce_perf,1,8,16777216,4194304,float,sum,204.33,82.11,82.11,0,209.64,80.03,80.03,0,RING,LL,40,RING,LL,40,0,RING,A_flag_ceiling
reduce_perf,1,8,33554432,8388608,float,sum,394.51,85.05,85.05,0,405.32,82.79,82.79,0,RING,LL,40,RING,LL,40,0,RING,A_flag_ceiling
reduce_perf,1,8,67108864,16777216,float,sum,787.82,85.18,85.18,0,793.44,84.58,84.58,0,RING,LL,40,RING,LL,40,0,RING,A_flag_ceiling
reduce_perf,1,8,134217728,33554432,float,sum,1574.73,85.23,85.23,0,1576.03,85.16,85.16,0,RING,LL,40,RING,LL,40,0,RING,A_flag_ceiling
reduce_perf,1,8,268435456,67108864,float,sum,3148.88,85.25,85.25,0,3142.15,85.43,85.43,0,RING,LL,40,RING,LL,40,0,RING,A_flag_ceiling
reduce_perf,1,8,536870912,134217728,float,sum,6298.26,85.24,85.24,0,6273.43,85.58,85.58,0,RING,LL,40,RING,LL,40,0,RING,A_flag_ceiling
reduce_perf,1,8,4096,1024,float,sum,15.76,0.26,0.26,0,11.61,0.35,0.35,0,RING,SIMPLE,48,RING,SIMPLE,48,0,RING,A_flag_ceiling
reduce_perf,1,8,8192,2048,float,sum,13.84,0.59,0.59,0,13.67,0.6,0.6,0,RING,SIMPLE,48,RING,SIMPLE,48,0,RING,A_flag_ceiling
reduce_perf,1,8,16384,4096,float,sum,16.53,0.99,0.99,0,16.48,0.99,0.99,0,RING,SIMPLE,48,RING,SIMPLE,48,0,RING,A_flag_ceiling
reduce_perf,1,8,32768,8192,float,sum,16.78,1.95,1.95,0,15.96,2.05,2.05,0,RING,SIMPLE,48,RING,SIMPLE,48,0,RING,A_flag_ceiling
reduce_perf,1,8,65536,16384,float,sum,26.41,2.48,2.48,0,35.38,1.85,1.85,0,RING,SIMPLE,48,RING,SIMPLE,48,0,RING,A_flag_ceiling
reduce_perf,1,8,131072,32768,float,sum,37.12,3.53,3.53,0,35.16,3.73,3.73,0,RING,SIMPLE,48,RING,SIMPLE,48,0,RING,A_flag_ceiling
reduce_perf,1,8,262144,65536,float,sum,35.9,7.3,7.3,0,40.66,6.45,6.45,0,RING,SIMPLE,48,RING,SIMPLE,48,0,RING,A_flag_ceiling
reduce_perf,1,8,524288,131072,float,sum,37.02,14.16,14.16,0,37.27,14.07,14.07,0,RING,SIMPLE,48,RING,SIMPLE,48,0,RING,A_flag_ceiling
reduce_perf,1,8,1048576,262144,float,sum,56.32,18.62,18.62,0,54.97,19.08,19.08,0,RING,SIMPLE,48,RING,SIMPLE,48,0,RING,A_flag_ceiling
reduce_perf,1,8,2097152,524288,float,sum,61.03,34.37,34.37,0,59.83,35.05,35.05,0,RING,SIMPLE,48,RING,SIMPLE,48,0,RING,A_flag_ceiling
reduce_perf,1,8,4194304,1048576,float,sum,72.84,57.59,57.59,0,70.57,59.44,59.44,0,RING,SIMPLE,48,RING,SIMPLE,48,0,RING,A_flag_ceiling
reduce_perf,1,8,8388608,2097152,float,sum,94.49,88.78,88.78,0,90.94,92.24,92.24,0,RING,SIMPLE,48,RING,SIMPLE,48,0,RING,A_flag_ceiling
reduce_perf,1,8,16777216,4194304,float,sum,136.36,123.03,123.03,0,131.87,127.23,127.23,0,RING,SIMPLE,48,RING,SIMPLE,48,0,RING,A_flag_ceiling
reduce_perf,1,8,33554432,8388608,float,sum,221.07,151.78,151.78,0,211.82,158.41,158.41,0,RING,SIMPLE,48,RING,SIMPLE,48,0,RING,A_flag_ceiling
reduce_perf,1,8,67108864,16777216,float,sum,366.75,182.98,182.98,0,350.93,191.23,191.23,0,RING,SIMPLE,48,RING,SIMPLE,48,0,RING,A_flag_ceiling
reduce_perf,1,8,134217728,33554432,float,sum,662.52,202.59,202.59,0,633.29,211.94,211.94,0,RING,SIMPLE,48,RING,SIMPLE,48,0,RING,A_flag_ceiling
reduce_perf,1,8,268435456,67108864,float,sum,1179.71,227.54,227.54,0,1154.41,232.53,232.53,0,RING,SIMPLE,48,RING,SIMPLE,48,0,RING,A_flag_ceiling
reduce_perf,1,8,536870912,134217728,float,sum,2297.56,233.67,233.67,0,2297.42,233.68,233.68,0,RING,SIMPLE,48,RING,SIMPLE,48,0,RING,A_flag_ceiling
reduce_perf,1,8,4096,1024,float,sum,15.11,0.27,0.27,0,11.52,0.36,0.36,0,RING,LL,48,RING,LL,48,0,RING,A_flag_ceiling
reduce_perf,1,8,8192,2048,float,sum,13.91,0.59,0.59,0,13.63,0.6,0.6,0,RING,LL,48,RING,LL,48,0,RING,A_flag_ceiling
reduce_perf,1,8,16384,4096,float,sum,16.87,0.97,0.97,0,16.42,1.0,1.0,0,RING,LL,48,RING,LL,48,0,RING,A_flag_ceiling
reduce_perf,1,8,32768,8192,float,sum,16.98,1.93,1.93,0,15.05,2.18,2.18,0,RING,LL,48,RING,LL,48,0,RING,A_flag_ceiling
reduce_perf,1,8,65536,16384,float,sum,16.29,4.02,4.02,0,15.64,4.19,4.19,0,RING,LL,48,RING,LL,48,0,RING,A_flag_ceiling
reduce_perf,1,8,131072,32768,float,sum,18.7,7.01,7.01,0,17.72,7.4,7.4,0,RING,LL,48,RING,LL,48,0,RING,A_flag_ceiling
reduce_perf,1,8,262144,65536,float,sum,19.37,13.53,13.53,0,18.55,14.14,14.14,0,RING,LL,48,RING,LL,48,0,RING,A_flag_ceiling
reduce_perf,1,8,524288,131072,float,sum,20.17,25.99,25.99,0,20.41,25.68,25.68,0,RING,LL,48,RING,LL,48,0,RING,A_flag_ceiling
reduce_perf,1,8,1048576,262144,float,sum,28.49,36.8,36.8,0,27.42,38.25,38.25,0,RING,LL,48,RING,LL,48,0,RING,A_flag_ceiling
reduce_perf,1,8,2097152,524288,float,sum,35.3,59.41,59.41,0,36.17,57.98,57.98,0,RING,LL,48,RING,LL,48,0,RING,A_flag_ceiling
reduce_perf,1,8,4194304,1048576,float,sum,55.56,75.49,75.49,0,56.88,73.73,73.73,0,RING,LL,48,RING,LL,48,0,RING,A_flag_ceiling
reduce_perf,1,8,8388608,2097152,float,sum,94.87,88.42,88.42,0,96.93,86.55,86.55,0,RING,LL,48,RING,LL,48,0,RING,A_flag_ceiling
reduce_perf,1,8,16777216,4194304,float,sum,174.62,96.08,96.08,0,179.44,93.5,93.5,0,RING,LL,48,RING,LL,48,0,RING,A_flag_ceiling
reduce_perf,1,8,33554432,8388608,float,sum,336.89,99.6,99.6,0,344.37,97.44,97.44,0,RING,LL,48,RING,LL,48,0,RING,A_flag_ceiling
reduce_perf,1,8,67108864,16777216,float,sum,669.32,100.26,100.26,0,675.5,99.35,99.35,0,RING,LL,48,RING,LL,48,0,RING,A_flag_ceiling
reduce_perf,1,8,134217728,33554432,float,sum,1334.29,100.59,100.59,0,1336.0,100.46,100.46,0,RING,LL,48,RING,LL,48,0,RING,A_flag_ceiling
reduce_perf,1,8,268435456,67108864,float,sum,2665.28,100.72,100.72,0,2660.4,100.9,100.9,0,RING,LL,48,RING,LL,48,0,RING,A_flag_ceiling
reduce_perf,1,8,536870912,134217728,float,sum,5318.9,100.94,100.94,0,5308.87,101.13,101.13,0,RING,LL,48,RING,LL,48,0,RING,A_flag_ceiling
reduce_perf,1,8,4096,1024,float,sum,15.83,0.26,0.26,0,11.57,0.35,0.35,0,RING,SIMPLE,56,RING,SIMPLE,56,0,RING,A_flag_ceiling
reduce_perf,1,8,8192,2048,float,sum,13.55,0.6,0.6,0,13.95,0.59,0.59,0,RING,SIMPLE,56,RING,SIMPLE,56,0,RING,A_flag_ceiling
reduce_perf,1,8,16384,4096,float,sum,16.21,1.01,1.01,0,14.82,1.11,1.11,0,RING,SIMPLE,56,RING,SIMPLE,56,0,RING,A_flag_ceiling
reduce_perf,1,8,32768,8192,float,sum,16.16,2.03,2.03,0,16.79,1.95,1.95,0,RING,SIMPLE,56,RING,SIMPLE,56,0,RING,A_flag_ceiling
reduce_perf,1,8,65536,16384,float,sum,26.48,2.47,2.47,0,26.25,2.5,2.5,0,RING,SIMPLE,56,RING,SIMPLE,56,0,RING,A_flag_ceiling
reduce_perf,1,8,131072,32768,float,sum,36.87,3.56,3.56,0,35.18,3.73,3.73,0,RING,SIMPLE,56,RING,SIMPLE,56,0,RING,A_flag_ceiling
reduce_perf,1,8,262144,65536,float,sum,35.97,7.29,7.29,0,36.15,7.25,7.25,0,RING,SIMPLE,56,RING,SIMPLE,56,0,RING,A_flag_ceiling
reduce_perf,1,8,524288,131072,float,sum,37.11,14.13,14.13,0,37.22,14.09,14.09,0,RING,SIMPLE,56,RING,SIMPLE,56,0,RING,A_flag_ceiling
reduce_perf,1,8,1048576,262144,float,sum,55.67,18.83,18.83,0,55.15,19.01,19.01,0,RING,SIMPLE,56,RING,SIMPLE,56,0,RING,A_flag_ceiling
reduce_perf,1,8,2097152,524288,float,sum,61.01,34.37,34.37,0,59.81,35.06,35.06,0,RING,SIMPLE,56,RING,SIMPLE,56,0,RING,A_flag_ceiling
reduce_perf,1,8,4194304,1048576,float,sum,70.08,59.85,59.85,0,67.73,61.93,61.93,0,RING,SIMPLE,56,RING,SIMPLE,56,0,RING,A_flag_ceiling
reduce_perf,1,8,8388608,2097152,float,sum,90.11,93.1,93.1,0,87.12,96.29,96.29,0,RING,SIMPLE,56,RING,SIMPLE,56,0,RING,A_flag_ceiling
reduce_perf,1,8,16777216,4194304,float,sum,126.88,132.23,132.23,0,122.89,136.52,136.52,0,RING,SIMPLE,56,RING,SIMPLE,56,0,RING,A_flag_ceiling
reduce_perf,1,8,33554432,8388608,float,sum,203.92,164.54,164.54,0,196.47,170.79,170.79,0,RING,SIMPLE,56,RING,SIMPLE,56,0,RING,A_flag_ceiling
reduce_perf,1,8,67108864,16777216,float,sum,331.15,202.65,202.65,0,317.69,211.24,211.24,0,RING,SIMPLE,56,RING,SIMPLE,56,0,RING,A_flag_ceiling
reduce_perf,1,8,134217728,33554432,float,sum,597.92,224.47,224.47,0,571.87,234.7,234.7,0,RING,SIMPLE,56,RING,SIMPLE,56,0,RING,A_flag_ceiling
reduce_perf,1,8,268435456,67108864,float,sum,1057.22,253.91,253.91,0,1026.57,261.49,261.49,0,RING,SIMPLE,56,RING,SIMPLE,56,0,RING,A_flag_ceiling
reduce_perf,1,8,536870912,134217728,float,sum,2060.39,260.57,260.57,0,2053.23,261.48,261.48,0,RING,SIMPLE,56,RING,SIMPLE,56,0,RING,A_flag_ceiling
reduce_perf,1,8,4096,1024,float,sum,15.83,0.26,0.26,0,11.41,0.36,0.36,0,RING,LL,56,RING,LL,56,0,RING,A_flag_ceiling
reduce_perf,1,8,8192,2048,float,sum,11.99,0.68,0.68,0,13.44,0.61,0.61,0,RING,LL,56,RING,LL,56,0,RING,A_flag_ceiling
reduce_perf,1,8,16384,4096,float,sum,16.6,0.99,0.99,0,15.1,1.08,1.08,0,RING,LL,56,RING,LL,56,0,RING,A_flag_ceiling
reduce_perf,1,8,32768,8192,float,sum,17.29,1.9,1.9,0,16.04,2.04,2.04,0,RING,LL,56,RING,LL,56,0,RING,A_flag_ceiling
reduce_perf,1,8,65536,16384,float,sum,14.99,4.37,4.37,0,15.36,4.27,4.27,0,RING,LL,56,RING,LL,56,0,RING,A_flag_ceiling
reduce_perf,1,8,131072,32768,float,sum,18.68,7.02,7.02,0,15.82,8.29,8.29,0,RING,LL,56,RING,LL,56,0,RING,A_flag_ceiling
reduce_perf,1,8,262144,65536,float,sum,17.95,14.6,14.6,0,18.37,14.27,14.27,0,RING,LL,56,RING,LL,56,0,RING,A_flag_ceiling
reduce_perf,1,8,524288,131072,float,sum,20.35,25.77,25.77,0,20.44,25.65,25.65,0,RING,LL,56,RING,LL,56,0,RING,A_flag_ceiling
reduce_perf,1,8,1048576,262144,float,sum,26.51,39.56,39.56,0,24.79,42.3,42.3,0,RING,LL,56,RING,LL,56,0,RING,A_flag_ceiling
reduce_perf,1,8,2097152,524288,float,sum,34.0,61.68,61.68,0,34.41,60.95,60.95,0,RING,LL,56,RING,LL,56,0,RING,A_flag_ceiling
reduce_perf,1,8,4194304,1048576,float,sum,50.33,83.33,83.33,0,51.35,81.69,81.69,0,RING,LL,56,RING,LL,56,0,RING,A_flag_ceiling
reduce_perf,1,8,8388608,2097152,float,sum,85.27,98.37,98.37,0,87.14,96.27,96.27,0,RING,LL,56,RING,LL,56,0,RING,A_flag_ceiling
reduce_perf,1,8,16777216,4194304,float,sum,154.44,108.63,108.63,0,158.98,105.53,105.53,0,RING,LL,56,RING,LL,56,0,RING,A_flag_ceiling
reduce_perf,1,8,33554432,8388608,float,sum,294.4,113.98,113.98,0,300.96,111.49,111.49,0,RING,LL,56,RING,LL,56,0,RING,A_flag_ceiling
reduce_perf,1,8,67108864,16777216,float,sum,579.93,115.72,115.72,0,585.09,114.7,114.7,0,RING,LL,56,RING,LL,56,0,RING,A_flag_ceiling
reduce_perf,1,8,134217728,33554432,float,sum,1153.58,116.35,116.35,0,1155.03,116.2,116.2,0,RING,LL,56,RING,LL,56,0,RING,A_flag_ceiling
reduce_perf,1,8,268435456,67108864,float,sum,2297.19,116.85,116.85,0,2297.22,116.85,116.85,0,RING,LL,56,RING,LL,56,0,RING,A_flag_ceiling
reduce_perf,1,8,536870912,134217728,float,sum,4578.65,117.26,117.26,0,4579.69,117.23,117.23,0,RING,LL,56,RING,LL,56,0,RING,A_flag_ceiling
reduce_perf,1,8,4096,1024,float,sum,18.36,0.22,0.22,0,13.11,0.31,0.31,0,RING,SIMPLE,1,RING,SIMPLE,1,0,RING,A_flag_ceiling
reduce_perf,1,8,8192,2048,float,sum,15.19,0.54,0.54,0,15.18,0.54,0.54,0,RING,SIMPLE,1,RING,SIMPLE,1,0,RING,A_flag_ceiling
reduce_perf,1,8,16384,4096,float,sum,14.36,1.14,1.14,0,14.12,1.16,1.16,0,RING,SIMPLE,1,RING,SIMPLE,1,0,RING,A_flag_ceiling
reduce_perf,1,8,32768,8192,float,sum,15.32,2.14,2.14,0,17.2,1.91,1.91,0,RING,SIMPLE,1,RING,SIMPLE,1,0,RING,A_flag_ceiling
reduce_perf,1,8,65536,16384,float,sum,20.04,3.27,3.27,0,19.85,3.3,3.3,0,RING,SIMPLE,1,RING,SIMPLE,1,0,RING,A_flag_ceiling
reduce_perf,1,8,131072,32768,float,sum,32.28,4.06,4.06,0,31.71,4.13,4.13,0,RING,SIMPLE,1,RING,SIMPLE,1,0,RING,A_flag_ceiling
reduce_perf,1,8,262144,65536,float,sum,54.86,4.78,4.78,0,55.15,4.75,4.75,0,RING,SIMPLE,1,RING,SIMPLE,1,0,RING,A_flag_ceiling
reduce_perf,1,8,524288,131072,float,sum,92.89,5.64,5.64,0,92.74,5.65,5.65,0,RING,SIMPLE,1,RING,SIMPLE,1,0,RING,A_flag_ceiling
reduce_perf,1,8,1048576,262144,float,sum,178.89,5.86,5.86,0,177.56,5.91,5.91,0,RING,SIMPLE,1,RING,SIMPLE,1,0,RING,A_flag_ceiling
reduce_perf,1,8,2097152,524288,float,sum,332.23,6.31,6.31,0,328.63,6.38,6.38,0,RING,SIMPLE,1,RING,SIMPLE,1,0,RING,A_flag_ceiling
reduce_perf,1,8,4194304,1048576,float,sum,654.16,6.41,6.41,0,647.28,6.48,6.48,0,RING,SIMPLE,1,RING,SIMPLE,1,0,RING,A_flag_ceiling
reduce_perf,1,8,8388608,2097152,float,sum,1221.06,6.87,6.87,0,1209.7,6.93,6.93,0,RING,SIMPLE,1,RING,SIMPLE,1,0,RING,A_flag_ceiling
reduce_perf,1,8,16777216,4194304,float,sum,2335.85,7.18,7.18,0,2354.78,7.12,7.12,0,RING,SIMPLE,1,RING,SIMPLE,1,0,RING,A_flag_ceiling
reduce_perf,1,8,33554432,8388608,float,sum,4493.85,7.47,7.47,0,4443.95,7.55,7.55,0,RING,SIMPLE,1,RING,SIMPLE,1,0,RING,A_flag_ceiling
reduce_perf,1,8,67108864,16777216,float,sum,8949.61,7.5,7.5,0,8876.08,7.56,7.56,0,RING,SIMPLE,1,RING,SIMPLE,1,0,RING,A_flag_ceiling
reduce_perf,1,8,134217728,33554432,float,sum,17904.4,7.5,7.5,0,17772.9,7.55,7.55,0,RING,SIMPLE,1,RING,SIMPLE,1,0,RING,A_flag_ceiling
reduce_perf,1,8,268435456,67108864,float,sum,35819.6,7.49,7.49,0,37433.6,7.17,7.17,0,RING,SIMPLE,1,RING,SIMPLE,1,0,RING,A_flag_ceiling
reduce_perf,1,8,536870912,134217728,float,sum,71736.8,7.48,7.48,0,72222.5,7.43,7.43,0,RING,SIMPLE,1,RING,SIMPLE,1,0,RING,A_flag_ceiling
reduce_perf,1,8,4096,1024,float,sum,15.47,0.26,0.26,0,13.55,0.3,0.3,0,RING,LL,1,RING,LL,1,0,RING,A_flag_ceiling
reduce_perf,1,8,8192,2048,float,sum,14.43,0.57,0.57,0,11.95,0.69,0.69,0,RING,LL,1,RING,LL,1,0,RING,A_flag_ceiling
reduce_perf,1,8,16384,4096,float,sum,17.59,0.93,0.93,0,14.13,1.16,1.16,0,RING,LL,1,RING,LL,1,0,RING,A_flag_ceiling
reduce_perf,1,8,32768,8192,float,sum,18.62,1.76,1.76,0,19.35,1.69,1.69,0,RING,LL,1,RING,LL,1,0,RING,A_flag_ceiling
reduce_perf,1,8,65536,16384,float,sum,29.5,2.22,2.22,0,29.52,2.22,2.22,0,RING,LL,1,RING,LL,1,0,RING,A_flag_ceiling
reduce_perf,1,8,131072,32768,float,sum,54.03,2.43,2.43,0,52.35,2.5,2.5,0,RING,LL,1,RING,LL,1,0,RING,A_flag_ceiling
reduce_perf,1,8,262144,65536,float,sum,98.73,2.66,2.66,0,100.41,2.61,2.61,0,RING,LL,1,RING,LL,1,0,RING,A_flag_ceiling
reduce_perf,1,8,524288,131072,float,sum,192.33,2.73,2.73,0,198.43,2.64,2.64,0,RING,LL,1,RING,LL,1,0,RING,A_flag_ceiling
reduce_perf,1,8,1048576,262144,float,sum,384.01,2.73,2.73,0,397.51,2.64,2.64,0,RING,LL,1,RING,LL,1,0,RING,A_flag_ceiling
reduce_perf,1,8,2097152,524288,float,sum,771.74,2.72,2.72,0,794.43,2.64,2.64,0,RING,LL,1,RING,LL,1,0,RING,A_flag_ceiling
reduce_perf,1,8,4194304,1048576,float,sum,1558.92,2.69,2.69,0,1598.13,2.62,2.62,0,RING,LL,1,RING,LL,1,0,RING,A_flag_ceiling
reduce_perf,1,8,8388608,2097152,float,sum,3164.6,2.65,2.65,0,3182.05,2.64,2.64,0,RING,LL,1,RING,LL,1,0,RING,A_flag_ceiling
reduce_perf,1,8,16777216,4194304,float,sum,6374.43,2.63,2.63,0,6309.33,2.66,2.66,0,RING,LL,1,RING,LL,1,0,RING,A_flag_ceiling
reduce_perf,1,8,33554432,8388608,float,sum,12782.1,2.63,2.63,0,12470.2,2.69,2.69,0,RING,LL,1,RING,LL,1,0,RING,A_flag_ceiling
reduce_perf,1,8,67108864,16777216,float,sum,25658.3,2.62,2.62,0,24740.2,2.71,2.71,0,RING,LL,1,RING,LL,1,0,RING,A_flag_ceiling
reduce_perf,1,8,134217728,33554432,float,sum,51311.2,2.62,2.62,0,49519.3,2.71,2.71,0,RING,LL,1,RING,LL,1,0,RING,A_flag_ceiling
reduce_perf,1,8,268435456,67108864,float,sum,102647.0,2.62,2.62,0,98916.0,2.71,2.71,0,RING,LL,1,RING,LL,1,0,RING,A_flag_ceiling
reduce_perf,1,8,536870912,134217728,float,sum,205475.0,2.61,2.61,0,197634.0,2.72,2.72,0,RING,LL,1,RING,LL,1,0,RING,A_flag_ceiling
reduce_perf,1,8,4096,1024,float,sum,14.7,0.28,0.28,0,12.04,0.34,0.34,0,RING,SIMPLE,2,RING,SIMPLE,2,0,RING,A_flag_ceiling
reduce_perf,1,8,8192,2048,float,sum,14.56,0.56,0.56,0,14.45,0.57,0.57,0,RING,SIMPLE,2,RING,SIMPLE,2,0,RING,A_flag_ceiling
reduce_perf,1,8,16384,4096,float,sum,16.26,1.01,1.01,0,16.64,0.98,0.98,0,RING,SIMPLE,2,RING,SIMPLE,2,0,RING,A_flag_ceiling
reduce_perf,1,8,32768,8192,float,sum,17.73,1.85,1.85,0,14.56,2.25,2.25,0,RING,SIMPLE,2,RING,SIMPLE,2,0,RING,A_flag_ceiling
reduce_perf,1,8,65536,16384,float,sum,18.48,3.55,3.55,0,18.04,3.63,3.63,0,RING,SIMPLE,2,RING,SIMPLE,2,0,RING,A_flag_ceiling
reduce_perf,1,8,131072,32768,float,sum,26.46,4.95,4.95,0,24.98,5.25,5.25,0,RING,SIMPLE,2,RING,SIMPLE,2,0,RING,A_flag_ceiling
reduce_perf,1,8,262144,65536,float,sum,36.24,7.23,7.23,0,36.04,7.27,7.27,0,RING,SIMPLE,2,RING,SIMPLE,2,0,RING,A_flag_ceiling
reduce_perf,1,8,524288,131072,float,sum,61.78,8.49,8.49,0,60.74,8.63,8.63,0,RING,SIMPLE,2,RING,SIMPLE,2,0,RING,A_flag_ceiling
reduce_perf,1,8,1048576,262144,float,sum,104.92,9.99,9.99,0,100.22,10.46,10.46,0,RING,SIMPLE,2,RING,SIMPLE,2,0,RING,A_flag_ceiling
reduce_perf,1,8,2097152,524288,float,sum,198.97,10.54,10.54,0,187.97,11.16,11.16,0,RING,SIMPLE,2,RING,SIMPLE,2,0,RING,A_flag_ceiling
reduce_perf,1,8,4194304,1048576,float,sum,365.16,11.49,11.49,0,348.82,12.02,12.02,0,RING,SIMPLE,2,RING,SIMPLE,2,0,RING,A_flag_ceiling
reduce_perf,1,8,8388608,2097152,float,sum,722.54,11.61,11.61,0,694.62,12.08,12.08,0,RING,SIMPLE,2,RING,SIMPLE,2,0,RING,A_flag_ceiling
reduce_perf,1,8,16777216,4194304,float,sum,1328.86,12.63,12.63,0,1283.04,13.08,13.08,0,RING,SIMPLE,2,RING,SIMPLE,2,0,RING,A_flag_ceiling
reduce_perf,1,8,33554432,8388608,float,sum,2674.71,12.55,12.55,0,2576.26,13.02,13.02,0,RING,SIMPLE,2,RING,SIMPLE,2,0,RING,A_flag_ceiling
reduce_perf,1,8,67108864,16777216,float,sum,5131.87,13.08,13.08,0,4929.81,13.61,13.61,0,RING,SIMPLE,2,RING,SIMPLE,2,0,RING,A_flag_ceiling
reduce_perf,1,8,134217728,33554432,float,sum,10280.1,13.06,13.06,0,9911.43,13.54,13.54,0,RING,SIMPLE,2,RING,SIMPLE,2,0,RING,A_flag_ceiling
reduce_perf,1,8,268435456,67108864,float,sum,20670.5,12.99,12.99,0,19971.4,13.44,13.44,0,RING,SIMPLE,2,RING,SIMPLE,2,0,RING,A_flag_ceiling
reduce_perf,1,8,536870912,134217728,float,sum,41234.4,13.02,13.02,0,40565.2,13.23,13.23,0,RING,SIMPLE,2,RING,SIMPLE,2,0,RING,A_flag_ceiling
reduce_perf,1,8,4096,1024,float,sum,18.4,0.22,0.22,0,12.23,0.33,0.33,0,RING,LL,2,RING,LL,2,0,RING,A_flag_ceiling
reduce_perf,1,8,8192,2048,float,sum,14.44,0.57,0.57,0,11.7,0.7,0.7,0,RING,LL,2,RING,LL,2,0,RING,A_flag_ceiling
reduce_perf,1,8,16384,4096,float,sum,13.36,1.23,1.23,0,15.29,1.07,1.07,0,RING,LL,2,RING,LL,2,0,RING,A_flag_ceiling
reduce_perf,1,8,32768,8192,float,sum,14.36,2.28,2.28,0,13.81,2.37,2.37,0,RING,LL,2,RING,LL,2,0,RING,A_flag_ceiling
reduce_perf,1,8,65536,16384,float,sum,19.36,3.39,3.39,0,19.38,3.38,3.38,0,RING,LL,2,RING,LL,2,0,RING,A_flag_ceiling
reduce_perf,1,8,131072,32768,float,sum,31.64,4.14,4.14,0,31.54,4.16,4.16,0,RING,LL,2,RING,LL,2,0,RING,A_flag_ceiling
reduce_perf,1,8,262144,65536,float,sum,56.05,4.68,4.68,0,56.22,4.66,4.66,0,RING,LL,2,RING,LL,2,0,RING,A_flag_ceiling
reduce_perf,1,8,524288,131072,float,sum,109.25,4.8,4.8,0,109.08,4.81,4.81,0,RING,LL,2,RING,LL,2,0,RING,A_flag_ceiling
reduce_perf,1,8,1048576,262144,float,sum,215.41,4.87,4.87,0,217.52,4.82,4.82,0,RING,LL,2,RING,LL,2,0,RING,A_flag_ceiling
reduce_perf,1,8,2097152,524288,float,sum,429.02,4.89,4.89,0,435.11,4.82,4.82,0,RING,LL,2,RING,LL,2,0,RING,A_flag_ceiling
reduce_perf,1,8,4194304,1048576,float,sum,854.62,4.91,4.91,0,873.67,4.8,4.8,0,RING,LL,2,RING,LL,2,0,RING,A_flag_ceiling
reduce_perf,1,8,8388608,2097152,float,sum,1734.22,4.84,4.84,0,1743.17,4.81,4.81,0,RING,LL,2,RING,LL,2,0,RING,A_flag_ceiling
reduce_perf,1,8,16777216,4194304,float,sum,3517.69,4.77,4.77,0,3489.86,4.81,4.81,0,RING,LL,2,RING,LL,2,0,RING,A_flag_ceiling
reduce_perf,1,8,33554432,8388608,float,sum,7082.75,4.74,4.74,0,6984.16,4.8,4.8,0,RING,LL,2,RING,LL,2,0,RING,A_flag_ceiling
reduce_perf,1,8,67108864,16777216,float,sum,14217.4,4.72,4.72,0,13975.4,4.8,4.8,0,RING,LL,2,RING,LL,2,0,RING,A_flag_ceiling
reduce_perf,1,8,134217728,33554432,float,sum,28494.4,4.71,4.71,0,27928.5,4.81,4.81,0,RING,LL,2,RING,LL,2,0,RING,A_flag_ceiling
reduce_perf,1,8,268435456,67108864,float,sum,56933.2,4.71,4.71,0,55828.8,4.81,4.81,0,RING,LL,2,RING,LL,2,0,RING,A_flag_ceiling
reduce_perf,1,8,536870912,134217728,float,sum,113887.0,4.71,4.71,0,111626.0,4.81,4.81,0,RING,LL,2,RING,LL,2,0,RING,A_flag_ceiling
reduce_perf,1,8,4096,1024,float,sum,15.12,0.27,0.27,0,11.69,0.35,0.35,0,RING,SIMPLE,4,RING,SIMPLE,4,0,RING,A_flag_ceiling
reduce_perf,1,8,8192,2048,float,sum,13.88,0.59,0.59,0,12.18,0.67,0.67,0,RING,SIMPLE,4,RING,SIMPLE,4,0,RING,A_flag_ceiling
reduce_perf,1,8,16384,4096,float,sum,18.82,0.87,0.87,0,13.83,1.18,1.18,0,RING,SIMPLE,4,RING,SIMPLE,4,0,RING,A_flag_ceiling
reduce_perf,1,8,32768,8192,float,sum,17.04,1.92,1.92,0,16.4,2.0,2.0,0,RING,SIMPLE,4,RING,SIMPLE,4,0,RING,A_flag_ceiling
reduce_perf,1,8,65536,16384,float,sum,26.34,2.49,2.49,0,26.24,2.5,2.5,0,RING,SIMPLE,4,RING,SIMPLE,4,0,RING,A_flag_ceiling
reduce_perf,1,8,131072,32768,float,sum,39.7,3.3,3.3,0,37.82,3.47,3.47,0,RING,SIMPLE,4,RING,SIMPLE,4,0,RING,A_flag_ceiling
reduce_perf,1,8,262144,65536,float,sum,44.72,5.86,5.86,0,44.37,5.91,5.91,0,RING,SIMPLE,4,RING,SIMPLE,4,0,RING,A_flag_ceiling
reduce_perf,1,8,524288,131072,float,sum,58.13,9.02,9.02,0,57.01,9.2,9.2,0,RING,SIMPLE,4,RING,SIMPLE,4,0,RING,A_flag_ceiling
reduce_perf,1,8,1048576,262144,float,sum,84.76,12.37,12.37,0,83.27,12.59,12.59,0,RING,SIMPLE,4,RING,SIMPLE,4,0,RING,A_flag_ceiling
reduce_perf,1,8,2097152,524288,float,sum,144.78,14.49,14.49,0,141.91,14.78,14.78,0,RING,SIMPLE,4,RING,SIMPLE,4,0,RING,A_flag_ceiling
reduce_perf,1,8,4194304,1048576,float,sum,242.98,17.26,17.26,0,235.1,17.84,17.84,0,RING,SIMPLE,4,RING,SIMPLE,4,0,RING,A_flag_ceiling
reduce_perf,1,8,8388608,2097152,float,sum,444.65,18.87,18.87,0,434.52,19.31,19.31,0,RING,SIMPLE,4,RING,SIMPLE,4,0,RING,A_flag_ceiling
reduce_perf,1,8,16777216,4194304,float,sum,803.16,20.89,20.89,0,777.61,21.58,21.58,0,RING,SIMPLE,4,RING,SIMPLE,4,0,RING,A_flag_ceiling
reduce_perf,1,8,33554432,8388608,float,sum,1487.73,22.55,22.55,0,1450.95,23.13,23.13,0,RING,SIMPLE,4,RING,SIMPLE,4,0,RING,A_flag_ceiling
reduce_perf,1,8,67108864,16777216,float,sum,2847.2,23.57,23.57,0,2774.37,24.19,24.19,0,RING,SIMPLE,4,RING,SIMPLE,4,0,RING,A_flag_ceiling
reduce_perf,1,8,134217728,33554432,float,sum,5513.12,24.35,24.35,0,5416.33,24.78,24.78,0,RING,SIMPLE,4,RING,SIMPLE,4,0,RING,A_flag_ceiling
reduce_perf,1,8,268435456,67108864,float,sum,11031.5,24.33,24.33,0,10864.9,24.71,24.71,0,RING,SIMPLE,4,RING,SIMPLE,4,0,RING,A_flag_ceiling
reduce_perf,1,8,536870912,134217728,float,sum,21989.7,24.41,24.41,0,21946.9,24.46,24.46,0,RING,SIMPLE,4,RING,SIMPLE,4,0,RING,A_flag_ceiling
reduce_perf,1,8,4096,1024,float,sum,15.14,0.27,0.27,0,12.53,0.33,0.33,0,RING,LL,4,RING,LL,4,0,RING,A_flag_ceiling
reduce_perf,1,8,8192,2048,float,sum,13.93,0.59,0.59,0,11.91,0.69,0.69,0,RING,LL,4,RING,LL,4,0,RING,A_flag_ceiling
reduce_perf,1,8,16384,4096,float,sum,16.21,1.01,1.01,0,15.72,1.04,1.04,0,RING,LL,4,RING,LL,4,0,RING,A_flag_ceiling
reduce_perf,1,8,32768,8192,float,sum,17.5,1.87,1.87,0,16.48,1.99,1.99,0,RING,LL,4,RING,LL,4,0,RING,A_flag_ceiling
reduce_perf,1,8,65536,16384,float,sum,17.66,3.71,3.71,0,17.75,3.69,3.69,0,RING,LL,4,RING,LL,4,0,RING,A_flag_ceiling
reduce_perf,1,8,131072,32768,float,sum,25.17,5.21,5.21,0,24.56,5.34,5.34,0,RING,LL,4,RING,LL,4,0,RING,A_flag_ceiling
reduce_perf,1,8,262144,65536,float,sum,37.3,7.03,7.03,0,37.59,6.97,6.97,0,RING,LL,4,RING,LL,4,0,RING,A_flag_ceiling
reduce_perf,1,8,524288,131072,float,sum,63.89,8.21,8.21,0,64.24,8.16,8.16,0,RING,LL,4,RING,LL,4,0,RING,A_flag_ceiling
reduce_perf,1,8,1048576,262144,float,sum,117.92,8.89,8.89,0,118.93,8.82,8.82,0,RING,LL,4,RING,LL,4,0,RING,A_flag_ceiling
reduce_perf,1,8,2097152,524288,float,sum,227.68,9.21,9.21,0,229.99,9.12,9.12,0,RING,LL,4,RING,LL,4,0,RING,A_flag_ceiling
reduce_perf,1,8,4194304,1048576,float,sum,453.48,9.25,9.25,0,450.72,9.31,9.31,0,RING,LL,4,RING,LL,4,0,RING,A_flag_ceiling
reduce_perf,1,8,8388608,2097152,float,sum,888.45,9.44,9.44,0,906.45,9.25,9.25,0,RING,LL,4,RING,LL,4,0,RING,A_flag_ceiling
reduce_perf,1,8,16777216,4194304,float,sum,1785.61,9.4,9.4,0,1803.7,9.3,9.3,0,RING,LL,4,RING,LL,4,0,RING,A_flag_ceiling
reduce_perf,1,8,33554432,8388608,float,sum,3593.8,9.34,9.34,0,3612.14,9.29,9.29,0,RING,LL,4,RING,LL,4,0,RING,A_flag_ceiling
reduce_perf,1,8,67108864,16777216,float,sum,7223.64,9.29,9.29,0,7210.69,9.31,9.31,0,RING,LL,4,RING,LL,4,0,RING,A_flag_ceiling
reduce_perf,1,8,134217728,33554432,float,sum,14508.3,9.25,9.25,0,14454.1,9.29,9.29,0,RING,LL,4,RING,LL,4,0,RING,A_flag_ceiling
reduce_perf,1,8,268435456,67108864,float,sum,29053.2,9.24,9.24,0,28906.5,9.29,9.29,0,RING,LL,4,RING,LL,4,0,RING,A_flag_ceiling
reduce_perf,1,8,536870912,134217728,float,sum,58163.8,9.23,9.23,0,57778.1,9.29,9.29,0,RING,LL,4,RING,LL,4,0,RING,A_flag_ceiling
reduce_perf,1,8,4096,1024,float,sum,16.8,0.24,0.24,0,11.69,0.35,0.35,0,RING,SIMPLE,8,RING,SIMPLE,8,0,RING,A_flag_ceiling
reduce_perf,1,8,8192,2048,float,sum,15.07,0.54,0.54,0,14.43,0.57,0.57,0,RING,SIMPLE,8,RING,SIMPLE,8,0,RING,A_flag_ceiling
reduce_perf,1,8,16384,4096,float,sum,17.15,0.96,0.96,0,17.2,0.95,0.95,0,RING,SIMPLE,8,RING,SIMPLE,8,0,RING,A_flag_ceiling
reduce_perf,1,8,32768,8192,float,sum,17.15,1.91,1.91,0,17.76,1.85,1.85,0,RING,SIMPLE,8,RING,SIMPLE,8,0,RING,A_flag_ceiling
reduce_perf,1,8,65536,16384,float,sum,26.32,2.49,2.49,0,26.26,2.5,2.5,0,RING,SIMPLE,8,RING,SIMPLE,8,0,RING,A_flag_ceiling
reduce_perf,1,8,131072,32768,float,sum,37.81,3.47,3.47,0,35.22,3.72,3.72,0,RING,SIMPLE,8,RING,SIMPLE,8,0,RING,A_flag_ceiling
reduce_perf,1,8,262144,65536,float,sum,50.91,5.15,5.15,0,51.06,5.13,5.13,0,RING,SIMPLE,8,RING,SIMPLE,8,0,RING,A_flag_ceiling
reduce_perf,1,8,524288,131072,float,sum,58.53,8.96,8.96,0,58.41,8.98,8.98,0,RING,SIMPLE,8,RING,SIMPLE,8,0,RING,A_flag_ceiling
reduce_perf,1,8,1048576,262144,float,sum,73.12,14.34,14.34,0,72.56,14.45,14.45,0,RING,SIMPLE,8,RING,SIMPLE,8,0,RING,A_flag_ceiling
reduce_perf,1,8,2097152,524288,float,sum,100.83,20.8,20.8,0,100.21,20.93,20.93,0,RING,SIMPLE,8,RING,SIMPLE,8,0,RING,A_flag_ceiling
reduce_perf,1,8,4194304,1048576,float,sum,172.43,24.32,24.32,0,169.25,24.78,24.78,0,RING,SIMPLE,8,RING,SIMPLE,8,0,RING,A_flag_ceiling
reduce_perf,1,8,8388608,2097152,float,sum,273.06,30.72,30.72,0,269.37,31.14,31.14,0,RING,SIMPLE,8,RING,SIMPLE,8,0,RING,A_flag_ceiling
reduce_perf,1,8,16777216,4194304,float,sum,490.7,34.19,34.19,0,481.69,34.83,34.83,0,RING,SIMPLE,8,RING,SIMPLE,8,0,RING,A_flag_ceiling
reduce_perf,1,8,33554432,8388608,float,sum,863.0,38.88,38.88,0,852.61,39.35,39.35,0,RING,SIMPLE,8,RING,SIMPLE,8,0,RING,A_flag_ceiling
reduce_perf,1,8,67108864,16777216,float,sum,1598.98,41.97,41.97,0,1572.8,42.67,42.67,0,RING,SIMPLE,8,RING,SIMPLE,8,0,RING,A_flag_ceiling
reduce_perf,1,8,134217728,33554432,float,sum,3009.13,44.6,44.6,0,2963.49,45.29,45.29,0,RING,SIMPLE,8,RING,SIMPLE,8,0,RING,A_flag_ceiling
reduce_perf,1,8,268435456,67108864,float,sum,5849.23,45.89,45.89,0,5782.75,46.42,46.42,0,RING,SIMPLE,8,RING,SIMPLE,8,0,RING,A_flag_ceiling
reduce_perf,1,8,536870912,134217728,float,sum,11337.7,47.35,47.35,0,11364.8,47.24,47.24,0,RING,SIMPLE,8,RING,SIMPLE,8,0,RING,A_flag_ceiling
reduce_perf,1,8,4096,1024,float,sum,15.33,0.27,0.27,0,11.87,0.35,0.35,0,RING,LL,8,RING,LL,8,0,RING,A_flag_ceiling
reduce_perf,1,8,8192,2048,float,sum,13.63,0.6,0.6,0,13.46,0.61,0.61,0,RING,LL,8,RING,LL,8,0,RING,A_flag_ceiling
reduce_perf,1,8,16384,4096,float,sum,16.99,0.96,0.96,0,16.86,0.97,0.97,0,RING,LL,8,RING,LL,8,0,RING,A_flag_ceiling
reduce_perf,1,8,32768,8192,float,sum,17.09,1.92,1.92,0,16.07,2.04,2.04,0,RING,LL,8,RING,LL,8,0,RING,A_flag_ceiling
reduce_perf,1,8,65536,16384,float,sum,17.14,3.82,3.82,0,17.28,3.79,3.79,0,RING,LL,8,RING,LL,8,0,RING,A_flag_ceiling
reduce_perf,1,8,131072,32768,float,sum,23.48,5.58,5.58,0,22.59,5.8,5.8,0,RING,LL,8,RING,LL,8,0,RING,A_flag_ceiling
reduce_perf,1,8,262144,65536,float,sum,27.68,9.47,9.47,0,27.89,9.4,9.4,0,RING,LL,8,RING,LL,8,0,RING,A_flag_ceiling
reduce_perf,1,8,524288,131072,float,sum,41.21,12.72,12.72,0,41.37,12.67,12.67,0,RING,LL,8,RING,LL,8,0,RING,A_flag_ceiling
reduce_perf,1,8,1048576,262144,float,sum,84.8,12.37,12.37,0,68.56,15.29,15.29,0,RING,LL,8,RING,LL,8,0,RING,A_flag_ceiling
reduce_perf,1,8,2097152,524288,float,sum,123.8,16.94,16.94,0,124.4,16.86,16.86,0,RING,LL,8,RING,LL,8,0,RING,A_flag_ceiling
reduce_perf,1,8,4194304,1048576,float,sum,233.8,17.94,17.94,0,235.98,17.77,17.77,0,RING,LL,8,RING,LL,8,0,RING,A_flag_ceiling
reduce_perf,1,8,8388608,2097152,float,sum,456.4,18.38,18.38,0,456.55,18.37,18.37,0,RING,LL,8,RING,LL,8,0,RING,A_flag_ceiling
reduce_perf,1,8,16777216,4194304,float,sum,902.72,18.59,18.59,0,910.86,18.42,18.42,0,RING,LL,8,RING,LL,8,0,RING,A_flag_ceiling
reduce_perf,1,8,33554432,8388608,float,sum,1791.74,18.73,18.73,0,1810.17,18.54,18.54,0,RING,LL,8,RING,LL,8,0,RING,A_flag_ceiling
reduce_perf,1,8,67108864,16777216,float,sum,3603.94,18.62,18.62,0,3607.09,18.6,18.6,0,RING,LL,8,RING,LL,8,0,RING,A_flag_ceiling
reduce_perf,1,8,134217728,33554432,float,sum,7249.31,18.51,18.51,0,7218.85,18.59,18.59,0,RING,LL,8,RING,LL,8,0,RING,A_flag_ceiling
reduce_perf,1,8,268435456,67108864,float,sum,14536.1,18.47,18.47,0,14465.8,18.56,18.56,0,RING,LL,8,RING,LL,8,0,RING,A_flag_ceiling
reduce_perf,1,8,536870912,134217728,float,sum,29119.6,18.44,18.44,0,28909.0,18.57,18.57,0,RING,LL,8,RING,LL,8,0,RING,A_flag_ceiling
reduce_perf,1,8,4096,1024,float,sum,16.03,0.26,0.26,0,12.03,0.34,0.34,0,RING,SIMPLE,16,RING,SIMPLE,16,0,RING,A_flag_ceiling
reduce_perf,1,8,8192,2048,float,sum,13.63,0.6,0.6,0,12.47,0.66,0.66,0,RING,SIMPLE,16,RING,SIMPLE,16,0,RING,A_flag_ceiling
reduce_perf,1,8,16384,4096,float,sum,15.55,1.05,1.05,0,14.95,1.1,1.1,0,RING,SIMPLE,16,RING,SIMPLE,16,0,RING,A_flag_ceiling
reduce_perf,1,8,32768,8192,float,sum,15.28,2.14,2.14,0,15.48,2.12,2.12,0,RING,SIMPLE,16,RING,SIMPLE,16,0,RING,A_flag_ceiling
reduce_perf,1,8,65536,16384,float,sum,26.34,2.49,2.49,0,26.19,2.5,2.5,0,RING,SIMPLE,16,RING,SIMPLE,16,0,RING,A_flag_ceiling
reduce_perf,1,8,131072,32768,float,sum,36.21,3.62,3.62,0,35.17,3.73,3.73,0,RING,SIMPLE,16,RING,SIMPLE,16,0,RING,A_flag_ceiling
reduce_perf,1,8,262144,65536,float,sum,35.9,7.3,7.3,0,36.2,7.24,7.24,0,RING,SIMPLE,16,RING,SIMPLE,16,0,RING,A_flag_ceiling
reduce_perf,1,8,524288,131072,float,sum,53.25,9.85,9.85,0,53.53,9.79,9.79,0,RING,SIMPLE,16,RING,SIMPLE,16,0,RING,A_flag_ceiling
reduce_perf,1,8,1048576,262144,float,sum,62.48,16.78,16.78,0,60.94,17.21,17.21,0,RING,SIMPLE,16,RING,SIMPLE,16,0,RING,A_flag_ceiling
reduce_perf,1,8,2097152,524288,float,sum,76.0,27.59,27.59,0,75.01,27.96,27.96,0,RING,SIMPLE,16,RING,SIMPLE,16,0,RING,A_flag_ceiling
reduce_perf,1,8,4194304,1048576,float,sum,104.74,40.04,40.04,0,102.62,40.87,40.87,0,RING,SIMPLE,16,RING,SIMPLE,16,0,RING,A_flag_ceiling
reduce_perf,1,8,8388608,2097152,float,sum,177.33,47.3,47.3,0,172.23,48.71,48.71,0,RING,SIMPLE,16,RING,SIMPLE,16,0,RING,A_flag_ceiling
reduce_perf,1,8,16777216,4194304,float,sum,276.78,60.61,60.61,0,270.49,62.02,62.02,0,RING,SIMPLE,16,RING,SIMPLE,16,0,RING,A_flag_ceiling
reduce_perf,1,8,33554432,8388608,float,sum,496.51,67.58,67.58,0,479.07,70.04,70.04,0,RING,SIMPLE,16,RING,SIMPLE,16,0,RING,A_flag_ceiling
reduce_perf,1,8,67108864,16777216,float,sum,861.54,77.89,77.89,0,837.21,80.16,80.16,0,RING,SIMPLE,16,RING,SIMPLE,16,0,RING,A_flag_ceiling
reduce_perf,1,8,134217728,33554432,float,sum,1606.99,83.52,83.52,0,1567.04,85.65,85.65,0,RING,SIMPLE,16,RING,SIMPLE,16,0,RING,A_flag_ceiling
reduce_perf,1,8,268435456,67108864,float,sum,2993.76,89.66,89.66,0,2955.25,90.83,90.83,0,RING,SIMPLE,16,RING,SIMPLE,16,0,RING,A_flag_ceiling
reduce_perf,1,8,536870912,134217728,float,sum,5801.14,92.55,92.55,0,5796.09,92.63,92.63,0,RING,SIMPLE,16,RING,SIMPLE,16,0,RING,A_flag_ceiling
reduce_perf,1,8,4096,1024,float,sum,14.22,0.29,0.29,0,11.45,0.36,0.36,0,RING,LL,16,RING,LL,16,0,RING,A_flag_ceiling
reduce_perf,1,8,8192,2048,float,sum,14.42,0.57,0.57,0,12.6,0.65,0.65,0,RING,LL,16,RING,LL,16,0,RING,A_flag_ceiling
reduce_perf,1,8,16384,4096,float,sum,16.76,0.98,0.98,0,15.14,1.08,1.08,0,RING,LL,16,RING,LL,16,0,RING,A_flag_ceiling
reduce_perf,1,8,32768,8192,float,sum,17.49,1.87,1.87,0,16.48,1.99,1.99,0,RING,LL,16,RING,LL,16,0,RING,A_flag_ceiling
reduce_perf,1,8,65536,16384,float,sum,15.57,4.21,4.21,0,15.1,4.34,4.34,0,RING,LL,16,RING,LL,16,0,RING,A_flag_ceiling
reduce_perf,1,8,131072,32768,float,sum,19.94,6.57,6.57,0,19.98,6.56,6.56,0,RING,LL,16,RING,LL,16,0,RING,A_flag_ceiling
reduce_perf,1,8,262144,65536,float,sum,21.87,11.98,11.98,0,21.53,12.17,12.17,0,RING,LL,16,RING,LL,16,0,RING,A_flag_ceiling
reduce_perf,1,8,524288,131072,float,sum,28.17,18.61,18.61,0,28.52,18.38,18.38,0,RING,LL,16,RING,LL,16,0,RING,A_flag_ceiling
reduce_perf,1,8,1048576,262144,float,sum,43.4,24.16,24.16,0,42.16,24.87,24.87,0,RING,LL,16,RING,LL,16,0,RING,A_flag_ceiling
reduce_perf,1,8,2097152,524288,float,sum,69.46,30.19,30.19,0,70.45,29.77,29.77,0,RING,LL,16,RING,LL,16,0,RING,A_flag_ceiling
reduce_perf,1,8,4194304,1048576,float,sum,125.91,33.31,33.31,0,128.83,32.56,32.56,0,RING,LL,16,RING,LL,16,0,RING,A_flag_ceiling
reduce_perf,1,8,8388608,2097152,float,sum,237.47,35.32,35.32,0,245.6,34.16,34.16,0,RING,LL,16,RING,LL,16,0,RING,A_flag_ceiling
reduce_perf,1,8,16777216,4194304,float,sum,465.72,36.02,36.02,0,484.01,34.66,34.66,0,RING,LL,16,RING,LL,16,0,RING,A_flag_ceiling
reduce_perf,1,8,33554432,8388608,float,sum,929.46,36.1,36.1,0,966.94,34.7,34.7,0,RING,LL,16,RING,LL,16,0,RING,A_flag_ceiling
reduce_perf,1,8,67108864,16777216,float,sum,1890.37,35.5,35.5,0,1922.53,34.91,34.91,0,RING,LL,16,RING,LL,16,0,RING,A_flag_ceiling
reduce_perf,1,8,134217728,33554432,float,sum,3807.76,35.25,35.25,0,3837.13,34.98,34.98,0,RING,LL,16,RING,LL,16,0,RING,A_flag_ceiling
reduce_perf,1,8,268435456,67108864,float,sum,7668.6,35.0,35.0,0,7681.67,34.94,34.94,0,RING,LL,16,RING,LL,16,0,RING,A_flag_ceiling
reduce_perf,1,8,536870912,134217728,float,sum,15352.9,34.97,34.97,0,15351.0,34.97,34.97,0,RING,LL,16,RING,LL,16,0,RING,A_flag_ceiling
reduce_perf,1,8,4096,1024,float,sum,15.36,0.27,0.27,0,11.62,0.35,0.35,0,RING,SIMPLE,24,RING,SIMPLE,24,0,RING,A_flag_ceiling
reduce_perf,1,8,8192,2048,float,sum,14.7,0.56,0.56,0,13.43,0.61,0.61,0,RING,SIMPLE,24,RING,SIMPLE,24,0,RING,A_flag_ceiling
reduce_perf,1,8,16384,4096,float,sum,16.84,0.97,0.97,0,14.59,1.12,1.12,0,RING,SIMPLE,24,RING,SIMPLE,24,0,RING,A_flag_ceiling
reduce_perf,1,8,32768,8192,float,sum,16.81,1.95,1.95,0,15.5,2.11,2.11,0,RING,SIMPLE,24,RING,SIMPLE,24,0,RING,A_flag_ceiling
reduce_perf,1,8,65536,16384,float,sum,26.38,2.48,2.48,0,26.23,2.5,2.5,0,RING,SIMPLE,24,RING,SIMPLE,24,0,RING,A_flag_ceiling
reduce_perf,1,8,131072,32768,float,sum,37.64,3.48,3.48,0,35.13,3.73,3.73,0,RING,SIMPLE,24,RING,SIMPLE,24,0,RING,A_flag_ceiling
reduce_perf,1,8,262144,65536,float,sum,35.87,7.31,7.31,0,35.91,7.3,7.3,0,RING,SIMPLE,24,RING,SIMPLE,24,0,RING,A_flag_ceiling
reduce_perf,1,8,524288,131072,float,sum,53.31,9.83,9.83,0,53.4,9.82,9.82,0,RING,SIMPLE,24,RING,SIMPLE,24,0,RING,A_flag_ceiling
reduce_perf,1,8,1048576,262144,float,sum,58.03,18.07,18.07,0,57.72,18.17,18.17,0,RING,SIMPLE,24,RING,SIMPLE,24,0,RING,A_flag_ceiling
reduce_perf,1,8,2097152,524288,float,sum,69.0,30.39,30.39,0,68.35,30.68,30.68,0,RING,SIMPLE,24,RING,SIMPLE,24,0,RING,A_flag_ceiling
reduce_perf,1,8,4194304,1048576,float,sum,87.98,47.67,47.67,0,86.16,48.68,48.68,0,RING,SIMPLE,24,RING,SIMPLE,24,0,RING,A_flag_ceiling
reduce_perf,1,8,8388608,2097152,float,sum,127.35,65.87,65.87,0,125.23,66.98,66.98,0,RING,SIMPLE,24,RING,SIMPLE,24,0,RING,A_flag_ceiling
reduce_perf,1,8,16777216,4194304,float,sum,209.56,80.06,80.06,0,204.12,82.19,82.19,0,RING,SIMPLE,24,RING,SIMPLE,24,0,RING,A_flag_ceiling
reduce_perf,1,8,33554432,8388608,float,sum,345.11,97.23,97.23,0,339.29,98.9,98.9,0,RING,SIMPLE,24,RING,SIMPLE,24,0,RING,A_flag_ceiling
reduce_perf,1,8,67108864,16777216,float,sum,610.21,109.98,109.98,0,598.18,112.19,112.19,0,RING,SIMPLE,24,RING,SIMPLE,24,0,RING,A_flag_ceiling
reduce_perf,1,8,134217728,33554432,float,sum,1097.97,122.24,122.24,0,1076.17,124.72,124.72,0,RING,SIMPLE,24,RING,SIMPLE,24,0,RING,A_flag_ceiling
reduce_perf,1,8,268435456,67108864,float,sum,2064.35,130.03,130.03,0,2035.99,131.85,131.85,0,RING,SIMPLE,24,RING,SIMPLE,24,0,RING,A_flag_ceiling
reduce_perf,1,8,536870912,134217728,float,sum,3935.24,136.43,136.43,0,3952.08,135.85,135.85,0,RING,SIMPLE,24,RING,SIMPLE,24,0,RING,A_flag_ceiling
reduce_perf,1,8,4096,1024,float,sum,14.56,0.28,0.28,0,11.53,0.36,0.36,0,RING,LL,24,RING,LL,24,0,RING,A_flag_ceiling
reduce_perf,1,8,8192,2048,float,sum,12.06,0.68,0.68,0,11.76,0.7,0.7,0,RING,LL,24,RING,LL,24,0,RING,A_flag_ceiling
reduce_perf,1,8,16384,4096,float,sum,16.33,1.0,1.0,0,15.36,1.07,1.07,0,RING,LL,24,RING,LL,24,0,RING,A_flag_ceiling
reduce_perf,1,8,32768,8192,float,sum,16.64,1.97,1.97,0,16.14,2.03,2.03,0,RING,LL,24,RING,LL,24,0,RING,A_flag_ceiling
reduce_perf,1,8,65536,16384,float,sum,14.84,4.42,4.42,0,14.86,4.41,4.41,0,RING,LL,24,RING,LL,24,0,RING,A_flag_ceiling
reduce_perf,1,8,131072,32768,float,sum,20.31,6.45,6.45,0,19.34,6.78,6.78,0,RING,LL,24,RING,LL,24,0,RING,A_flag_ceiling
reduce_perf,1,8,262144,65536,float,sum,20.43,12.83,12.83,0,19.73,13.29,13.29,0,RING,LL,24,RING,LL,24,0,RING,A_flag_ceiling
reduce_perf,1,8,524288,131072,float,sum,25.2,20.81,20.81,0,25.65,20.44,20.44,0,RING,LL,24,RING,LL,24,0,RING,A_flag_ceiling
reduce_perf,1,8,1048576,262144,float,sum,33.98,30.86,30.86,0,34.34,30.54,30.54,0,RING,LL,24,RING,LL,24,0,RING,A_flag_ceiling
reduce_perf,1,8,2097152,524288,float,sum,52.87,39.67,39.67,0,54.5,38.48,38.48,0,RING,LL,24,RING,LL,24,0,RING,A_flag_ceiling
reduce_perf,1,8,4194304,1048576,float,sum,89.76,46.73,46.73,0,91.69,45.74,45.74,0,RING,LL,24,RING,LL,24,0,RING,A_flag_ceiling
reduce_perf,1,8,8388608,2097152,float,sum,166.03,50.52,50.52,0,170.24,49.28,49.28,0,RING,LL,24,RING,LL,24,0,RING,A_flag_ceiling
reduce_perf,1,8,16777216,4194304,float,sum,316.41,53.02,53.02,0,326.93,51.32,51.32,0,RING,LL,24,RING,LL,24,0,RING,A_flag_ceiling
reduce_perf,1,8,33554432,8388608,float,sum,624.74,53.71,53.71,0,646.09,51.93,51.93,0,RING,LL,24,RING,LL,24,0,RING,A_flag_ceiling
reduce_perf,1,8,67108864,16777216,float,sum,1261.32,53.21,53.21,0,1278.06,52.51,52.51,0,RING,LL,24,RING,LL,24,0,RING,A_flag_ceiling
reduce_perf,1,8,134217728,33554432,float,sum,2528.05,53.09,53.09,0,2541.78,52.8,52.8,0,RING,LL,24,RING,LL,24,0,RING,A_flag_ceiling
reduce_perf,1,8,268435456,67108864,float,sum,5062.05,53.03,53.03,0,5089.5,52.74,52.74,0,RING,LL,24,RING,LL,24,0,RING,A_flag_ceiling
reduce_perf,1,8,536870912,134217728,float,sum,10159.8,52.84,52.84,0,10149.4,52.9,52.9,0,RING,LL,24,RING,LL,24,0,RING,A_flag_ceiling
reduce_perf,1,8,4096,1024,float,sum,15.33,0.27,0.27,0,13.61,0.3,0.3,0,RING,SIMPLE,32,RING,SIMPLE,32,0,RING,A_flag_ceiling
reduce_perf,1,8,8192,2048,float,sum,14.69,0.56,0.56,0,14.64,0.56,0.56,0,RING,SIMPLE,32,RING,SIMPLE,32,0,RING,A_flag_ceiling
reduce_perf,1,8,16384,4096,float,sum,16.47,0.99,0.99,0,15.23,1.08,1.08,0,RING,SIMPLE,32,RING,SIMPLE,32,0,RING,A_flag_ceiling
reduce_perf,1,8,32768,8192,float,sum,16.38,2.0,2.0,0,15.09,2.17,2.17,0,RING,SIMPLE,32,RING,SIMPLE,32,0,RING,A_flag_ceiling
reduce_perf,1,8,65536,16384,float,sum,26.34,2.49,2.49,0,26.23,2.5,2.5,0,RING,SIMPLE,32,RING,SIMPLE,32,0,RING,A_flag_ceiling
reduce_perf,1,8,131072,32768,float,sum,34.95,3.75,3.75,0,34.97,3.75,3.75,0,RING,SIMPLE,32,RING,SIMPLE,32,0,RING,A_flag_ceiling
reduce_perf,1,8,262144,65536,float,sum,35.82,7.32,7.32,0,35.99,7.28,7.28,0,RING,SIMPLE,32,RING,SIMPLE,32,0,RING,A_flag_ceiling
reduce_perf,1,8,524288,131072,float,sum,37.12,14.12,14.12,0,37.43,14.01,14.01,0,RING,SIMPLE,32,RING,SIMPLE,32,0,RING,A_flag_ceiling
reduce_perf,1,8,1048576,262144,float,sum,55.28,18.97,18.97,0,55.07,19.04,19.04,0,RING,SIMPLE,32,RING,SIMPLE,32,0,RING,A_flag_ceiling
reduce_perf,1,8,2097152,524288,float,sum,63.89,32.83,32.83,0,62.83,33.38,33.38,0,RING,SIMPLE,32,RING,SIMPLE,32,0,RING,A_flag_ceiling
reduce_perf,1,8,4194304,1048576,float,sum,79.11,53.02,53.02,0,76.96,54.5,54.5,0,RING,SIMPLE,32,RING,SIMPLE,32,0,RING,A_flag_ceiling
reduce_perf,1,8,8388608,2097152,float,sum,109.38,76.69,76.69,0,106.14,79.03,79.03,0,RING,SIMPLE,32,RING,SIMPLE,32,0,RING,A_flag_ceiling
reduce_perf,1,8,16777216,4194304,float,sum,181.57,92.4,92.4,0,174.28,96.27,96.27,0,RING,SIMPLE,32,RING,SIMPLE,32,0,RING,A_flag_ceiling
reduce_perf,1,8,33554432,8388608,float,sum,282.23,118.89,118.89,0,271.36,123.65,123.65,0,RING,SIMPLE,32,RING,SIMPLE,32,0,RING,A_flag_ceiling
reduce_perf,1,8,67108864,16777216,float,sum,502.22,133.63,133.63,0,483.19,138.89,138.89,0,RING,SIMPLE,32,RING,SIMPLE,32,0,RING,A_flag_ceiling
reduce_perf,1,8,134217728,33554432,float,sum,864.79,155.2,155.2,0,843.11,159.19,159.19,0,RING,SIMPLE,32,RING,SIMPLE,32,0,RING,A_flag_ceiling
reduce_perf,1,8,268435456,67108864,float,sum,1626.34,165.05,165.05,0,1598.76,167.9,167.9,0,RING,SIMPLE,32,RING,SIMPLE,32,0,RING,A_flag_ceiling
reduce_perf,1,8,536870912,134217728,float,sum,3036.41,176.81,176.81,0,3029.16,177.23,177.23,0,RING,SIMPLE,32,RING,SIMPLE,32,0,RING,A_flag_ceiling
reduce_perf,1,8,4096,1024,float,sum,15.16,0.27,0.27,0,11.75,0.35,0.35,0,RING,LL,32,RING,LL,32,0,RING,A_flag_ceiling
reduce_perf,1,8,8192,2048,float,sum,14.97,0.55,0.55,0,11.49,0.71,0.71,0,RING,LL,32,RING,LL,32,0,RING,A_flag_ceiling
reduce_perf,1,8,16384,4096,float,sum,15.96,1.03,1.03,0,15.15,1.08,1.08,0,RING,LL,32,RING,LL,32,0,RING,A_flag_ceiling
reduce_perf,1,8,32768,8192,float,sum,16.62,1.97,1.97,0,14.73,2.22,2.22,0,RING,LL,32,RING,LL,32,0,RING,A_flag_ceiling
reduce_perf,1,8,65536,16384,float,sum,15.5,4.23,4.23,0,14.95,4.38,4.38,0,RING,LL,32,RING,LL,32,0,RING,A_flag_ceiling
reduce_perf,1,8,131072,32768,float,sum,18.63,7.04,7.04,0,17.58,7.45,7.45,0,RING,LL,32,RING,LL,32,0,RING,A_flag_ceiling
reduce_perf,1,8,262144,65536,float,sum,18.78,13.96,13.96,0,22.85,11.47,11.47,0,RING,LL,32,RING,LL,32,0,RING,A_flag_ceiling
reduce_perf,1,8,524288,131072,float,sum,21.99,23.84,23.84,0,22.15,23.67,23.67,0,RING,LL,32,RING,LL,32,0,RING,A_flag_ceiling
reduce_perf,1,8,1048576,262144,float,sum,29.56,35.47,35.47,0,29.57,35.46,35.46,0,RING,LL,32,RING,LL,32,0,RING,A_flag_ceiling
reduce_perf,1,8,2097152,524288,float,sum,43.19,48.55,48.55,0,43.98,47.69,47.69,0,RING,LL,32,RING,LL,32,0,RING,A_flag_ceiling
reduce_perf,1,8,4194304,1048576,float,sum,71.57,58.61,58.61,0,73.17,57.32,57.32,0,RING,LL,32,RING,LL,32,0,RING,A_flag_ceiling
reduce_perf,1,8,8388608,2097152,float,sum,129.76,64.65,64.65,0,133.42,62.87,62.87,0,RING,LL,32,RING,LL,32,0,RING,A_flag_ceiling
reduce_perf,1,8,16777216,4194304,float,sum,246.09,68.18,68.18,0,253.53,66.17,66.17,0,RING,LL,32,RING,LL,32,0,RING,A_flag_ceiling
reduce_perf,1,8,33554432,8388608,float,sum,479.46,69.98,69.98,0,496.47,67.59,67.59,0,RING,LL,32,RING,LL,32,0,RING,A_flag_ceiling
reduce_perf,1,8,67108864,16777216,float,sum,964.26,69.6,69.6,0,978.31,68.6,68.6,0,RING,LL,32,RING,LL,32,0,RING,A_flag_ceiling
reduce_perf,1,8,134217728,33554432,float,sum,1933.07,69.43,69.43,0,1942.88,69.08,69.08,0,RING,LL,32,RING,LL,32,0,RING,A_flag_ceiling
reduce_perf,1,8,268435456,67108864,float,sum,3878.23,69.22,69.22,0,3875.5,69.26,69.26,0,RING,LL,32,RING,LL,32,0,RING,A_flag_ceiling
reduce_perf,1,8,536870912,134217728,float,sum,7758.12,69.2,69.2,0,7751.16,69.26,69.26,0,RING,LL,32,RING,LL,32,0,RING,A_flag_ceiling
reduce_perf,1,8,4096,1024,float,sum,17.42,0.24,0.24,0,12.43,0.33,0.33,0,RING,SIMPLE,40,RING,SIMPLE,40,0,RING,A_flag_ceiling
reduce_perf,1,8,8192,2048,float,sum,13.82,0.59,0.59,0,13.64,0.6,0.6,0,RING,SIMPLE,40,RING,SIMPLE,40,0,RING,A_flag_ceiling
reduce_perf,1,8,16384,4096,float,sum,16.18,1.01,1.01,0,16.12,1.02,1.02,0,RING,SIMPLE,40,RING,SIMPLE,40,0,RING,A_flag_ceiling
reduce_perf,1,8,32768,8192,float,sum,16.59,1.98,1.98,0,15.9,2.06,2.06,0,RING,SIMPLE,40,RING,SIMPLE,40,0,RING,A_flag_ceiling
reduce_perf,1,8,65536,16384,float,sum,26.32,2.49,2.49,0,26.44,2.48,2.48,0,RING,SIMPLE,40,RING,SIMPLE,40,0,RING,A_flag_ceiling
reduce_perf,1,8,131072,32768,float,sum,36.39,3.6,3.6,0,35.11,3.73,3.73,0,RING,SIMPLE,40,RING,SIMPLE,40,0,RING,A_flag_ceiling
reduce_perf,1,8,262144,65536,float,sum,35.92,7.3,7.3,0,36.13,7.25,7.25,0,RING,SIMPLE,40,RING,SIMPLE,40,0,RING,A_flag_ceiling
reduce_perf,1,8,524288,131072,float,sum,37.26,14.07,14.07,0,37.49,13.98,13.98,0,RING,SIMPLE,40,RING,SIMPLE,40,0,RING,A_flag_ceiling
reduce_perf,1,8,1048576,262144,float,sum,56.02,18.72,18.72,0,55.39,18.93,18.93,0,RING,SIMPLE,40,RING,SIMPLE,40,0,RING,A_flag_ceiling
reduce_perf,1,8,2097152,524288,float,sum,64.08,32.73,32.73,0,63.04,33.27,33.27,0,RING,SIMPLE,40,RING,SIMPLE,40,0,RING,A_flag_ceiling
reduce_perf,1,8,4194304,1048576,float,sum,77.07,54.42,54.42,0,74.7,56.15,56.15,0,RING,SIMPLE,40,RING,SIMPLE,40,0,RING,A_flag_ceiling
reduce_perf,1,8,8388608,2097152,float,sum,100.45,83.51,83.51,0,98.06,85.55,85.55,0,RING,SIMPLE,40,RING,SIMPLE,40,0,RING,A_flag_ceiling
reduce_perf,1,8,16777216,4194304,float,sum,147.99,113.37,113.37,0,143.96,116.54,116.54,0,RING,SIMPLE,40,RING,SIMPLE,40,0,RING,A_flag_ceiling
reduce_perf,1,8,33554432,8388608,float,sum,244.33,137.34,137.34,0,235.98,142.19,142.19,0,RING,SIMPLE,40,RING,SIMPLE,40,0,RING,A_flag_ceiling
reduce_perf,1,8,67108864,16777216,float,sum,409.95,163.7,163.7,0,395.48,169.69,169.69,0,RING,SIMPLE,40,RING,SIMPLE,40,0,RING,A_flag_ceiling
reduce_perf,1,8,134217728,33554432,float,sum,730.01,183.86,183.86,0,712.9,188.27,188.27,0,RING,SIMPLE,40,RING,SIMPLE,40,0,RING,A_flag_ceiling
reduce_perf,1,8,268435456,67108864,float,sum,1336.86,200.8,200.8,0,1306.6,205.45,205.45,0,RING,SIMPLE,40,RING,SIMPLE,40,0,RING,A_flag_ceiling
reduce_perf,1,8,536870912,134217728,float,sum,2509.24,213.96,213.96,0,2500.14,214.74,214.74,0,RING,SIMPLE,40,RING,SIMPLE,40,0,RING,A_flag_ceiling
reduce_perf,1,8,4096,1024,float,sum,15.63,0.26,0.26,0,11.22,0.36,0.36,0,RING,LL,40,RING,LL,40,0,RING,A_flag_ceiling
reduce_perf,1,8,8192,2048,float,sum,12.68,0.65,0.65,0,12.52,0.65,0.65,0,RING,LL,40,RING,LL,40,0,RING,A_flag_ceiling
reduce_perf,1,8,16384,4096,float,sum,15.74,1.04,1.04,0,14.75,1.11,1.11,0,RING,LL,40,RING,LL,40,0,RING,A_flag_ceiling
reduce_perf,1,8,32768,8192,float,sum,16.42,2.0,2.0,0,15.08,2.17,2.17,0,RING,LL,40,RING,LL,40,0,RING,A_flag_ceiling
reduce_perf,1,8,65536,16384,float,sum,15.3,4.28,4.28,0,14.84,4.42,4.42,0,RING,LL,40,RING,LL,40,0,RING,A_flag_ceiling
reduce_perf,1,8,131072,32768,float,sum,17.89,7.33,7.33,0,18.03,7.27,7.27,0,RING,LL,40,RING,LL,40,0,RING,A_flag_ceiling
reduce_perf,1,8,262144,65536,float,sum,18.86,13.9,13.9,0,18.6,14.09,14.09,0,RING,LL,40,RING,LL,40,0,RING,A_flag_ceiling
reduce_perf,1,8,524288,131072,float,sum,22.13,23.69,23.69,0,22.0,23.83,23.83,0,RING,LL,40,RING,LL,40,0,RING,A_flag_ceiling
reduce_perf,1,8,1048576,262144,float,sum,30.3,34.6,34.6,0,28.23,37.14,37.14,0,RING,LL,40,RING,LL,40,0,RING,A_flag_ceiling
reduce_perf,1,8,2097152,524288,float,sum,38.83,54.0,54.0,0,39.32,53.33,53.33,0,RING,LL,40,RING,LL,40,0,RING,A_flag_ceiling
reduce_perf,1,8,4194304,1048576,float,sum,61.75,67.93,67.93,0,63.42,66.14,66.14,0,RING,LL,40,RING,LL,40,0,RING,A_flag_ceiling
reduce_perf,1,8,8388608,2097152,float,sum,108.96,76.99,76.99,0,112.74,74.4,74.4,0,RING,LL,40,RING,LL,40,0,RING,A_flag_ceiling
reduce_perf,1,8,16777216,4194304,float,sum,203.72,82.35,82.35,0,209.41,80.12,80.12,0,RING,LL,40,RING,LL,40,0,RING,A_flag_ceiling
reduce_perf,1,8,33554432,8388608,float,sum,394.7,85.01,85.01,0,404.94,82.86,82.86,0,RING,LL,40,RING,LL,40,0,RING,A_flag_ceiling
reduce_perf,1,8,67108864,16777216,float,sum,786.89,85.28,85.28,0,795.44,84.37,84.37,0,RING,LL,40,RING,LL,40,0,RING,A_flag_ceiling
reduce_perf,1,8,134217728,33554432,float,sum,1576.6,85.13,85.13,0,1575.16,85.21,85.21,0,RING,LL,40,RING,LL,40,0,RING,A_flag_ceiling
reduce_perf,1,8,268435456,67108864,float,sum,3156.16,85.05,85.05,0,3139.2,85.51,85.51,0,RING,LL,40,RING,LL,40,0,RING,A_flag_ceiling
reduce_perf,1,8,536870912,134217728,float,sum,6315.39,85.01,85.01,0,6268.05,85.65,85.65,0,RING,LL,40,RING,LL,40,0,RING,A_flag_ceiling
reduce_perf,1,8,4096,1024,float,sum,16.23,0.25,0.25,0,12.89,0.32,0.32,0,RING,SIMPLE,48,RING,SIMPLE,48,0,RING,A_flag_ceiling
reduce_perf,1,8,8192,2048,float,sum,14.56,0.56,0.56,0,14.18,0.58,0.58,0,RING,SIMPLE,48,RING,SIMPLE,48,0,RING,A_flag_ceiling
reduce_perf,1,8,16384,4096,float,sum,18.03,0.91,0.91,0,15.34,1.07,1.07,0,RING,SIMPLE,48,RING,SIMPLE,48,0,RING,A_flag_ceiling
reduce_perf,1,8,32768,8192,float,sum,17.43,1.88,1.88,0,15.48,2.12,2.12,0,RING,SIMPLE,48,RING,SIMPLE,48,0,RING,A_flag_ceiling
reduce_perf,1,8,65536,16384,float,sum,26.49,2.47,2.47,0,26.17,2.5,2.5,0,RING,SIMPLE,48,RING,SIMPLE,48,0,RING,A_flag_ceiling
reduce_perf,1,8,131072,32768,float,sum,36.71,3.57,3.57,0,35.2,3.72,3.72,0,RING,SIMPLE,48,RING,SIMPLE,48,0,RING,A_flag_ceiling
reduce_perf,1,8,262144,65536,float,sum,36.2,7.24,7.24,0,36.14,7.25,7.25,0,RING,SIMPLE,48,RING,SIMPLE,48,0,RING,A_flag_ceiling
reduce_perf,1,8,524288,131072,float,sum,37.16,14.11,14.11,0,37.21,14.09,14.09,0,RING,SIMPLE,48,RING,SIMPLE,48,0,RING,A_flag_ceiling
reduce_perf,1,8,1048576,262144,float,sum,56.46,18.57,18.57,0,55.12,19.02,19.02,0,RING,SIMPLE,48,RING,SIMPLE,48,0,RING,A_flag_ceiling
reduce_perf,1,8,2097152,524288,float,sum,60.78,34.5,34.5,0,59.76,35.09,35.09,0,RING,SIMPLE,48,RING,SIMPLE,48,0,RING,A_flag_ceiling
reduce_perf,1,8,4194304,1048576,float,sum,72.26,58.04,58.04,0,70.64,59.38,59.38,0,RING,SIMPLE,48,RING,SIMPLE,48,0,RING,A_flag_ceiling
reduce_perf,1,8,8388608,2097152,float,sum,94.1,89.15,89.15,0,90.74,92.44,92.44,0,RING,SIMPLE,48,RING,SIMPLE,48,0,RING,A_flag_ceiling
reduce_perf,1,8,16777216,4194304,float,sum,135.82,123.53,123.53,0,131.42,127.66,127.66,0,RING,SIMPLE,48,RING,SIMPLE,48,0,RING,A_flag_ceiling
reduce_perf,1,8,33554432,8388608,float,sum,220.37,152.26,152.26,0,212.18,158.14,158.14,0,RING,SIMPLE,48,RING,SIMPLE,48,0,RING,A_flag_ceiling
reduce_perf,1,8,67108864,16777216,float,sum,365.01,183.85,183.85,0,350.25,191.61,191.61,0,RING,SIMPLE,48,RING,SIMPLE,48,0,RING,A_flag_ceiling
reduce_perf,1,8,134217728,33554432,float,sum,661.87,202.79,202.79,0,631.56,212.52,212.52,0,RING,SIMPLE,48,RING,SIMPLE,48,0,RING,A_flag_ceiling
reduce_perf,1,8,268435456,67108864,float,sum,1177.41,227.99,227.99,0,1148.9,233.65,233.65,0,RING,SIMPLE,48,RING,SIMPLE,48,0,RING,A_flag_ceiling
reduce_perf,1,8,536870912,134217728,float,sum,2291.6,234.28,234.28,0,2288.58,234.59,234.59,0,RING,SIMPLE,48,RING,SIMPLE,48,0,RING,A_flag_ceiling
reduce_perf,1,8,4096,1024,float,sum,15.15,0.27,0.27,0,11.14,0.37,0.37,0,RING,LL,48,RING,LL,48,0,RING,A_flag_ceiling
reduce_perf,1,8,8192,2048,float,sum,11.71,0.7,0.7,0,11.4,0.72,0.72,0,RING,LL,48,RING,LL,48,0,RING,A_flag_ceiling
reduce_perf,1,8,16384,4096,float,sum,15.79,1.04,1.04,0,16.59,0.99,0.99,0,RING,LL,48,RING,LL,48,0,RING,A_flag_ceiling
reduce_perf,1,8,32768,8192,float,sum,16.47,1.99,1.99,0,14.89,2.2,2.2,0,RING,LL,48,RING,LL,48,0,RING,A_flag_ceiling
reduce_perf,1,8,65536,16384,float,sum,15.78,4.15,4.15,0,14.94,4.39,4.39,0,RING,LL,48,RING,LL,48,0,RING,A_flag_ceiling
reduce_perf,1,8,131072,32768,float,sum,18.19,7.21,7.21,0,17.61,7.44,7.44,0,RING,LL,48,RING,LL,48,0,RING,A_flag_ceiling
reduce_perf,1,8,262144,65536,float,sum,19.05,13.76,13.76,0,18.22,14.39,14.39,0,RING,LL,48,RING,LL,48,0,RING,A_flag_ceiling
reduce_perf,1,8,524288,131072,float,sum,20.3,25.83,25.83,0,20.46,25.63,25.63,0,RING,LL,48,RING,LL,48,0,RING,A_flag_ceiling
reduce_perf,1,8,1048576,262144,float,sum,28.06,37.37,37.37,0,27.17,38.6,38.6,0,RING,LL,48,RING,LL,48,0,RING,A_flag_ceiling
reduce_perf,1,8,2097152,524288,float,sum,35.33,59.36,59.36,0,35.97,58.31,58.31,0,RING,LL,48,RING,LL,48,0,RING,A_flag_ceiling
reduce_perf,1,8,4194304,1048576,float,sum,55.36,75.76,75.76,0,56.93,73.67,73.67,0,RING,LL,48,RING,LL,48,0,RING,A_flag_ceiling
reduce_perf,1,8,8388608,2097152,float,sum,94.56,88.71,88.71,0,96.43,86.99,86.99,0,RING,LL,48,RING,LL,48,0,RING,A_flag_ceiling
reduce_perf,1,8,16777216,4194304,float,sum,174.38,96.21,96.21,0,179.41,93.51,93.51,0,RING,LL,48,RING,LL,48,0,RING,A_flag_ceiling
reduce_perf,1,8,33554432,8388608,float,sum,335.52,100.01,100.01,0,344.26,97.47,97.47,0,RING,LL,48,RING,LL,48,0,RING,A_flag_ceiling
reduce_perf,1,8,67108864,16777216,float,sum,668.09,100.45,100.45,0,671.82,99.89,99.89,0,RING,LL,48,RING,LL,48,0,RING,A_flag_ceiling
reduce_perf,1,8,134217728,33554432,float,sum,1325.64,101.25,101.25,0,1325.19,101.28,101.28,0,RING,LL,48,RING,LL,48,0,RING,A_flag_ceiling
reduce_perf,1,8,268435456,67108864,float,sum,2651.97,101.22,101.22,0,2637.84,101.76,101.76,0,RING,LL,48,RING,LL,48,0,RING,A_flag_ceiling
reduce_perf,1,8,536870912,134217728,float,sum,5288.99,101.51,101.51,0,5262.75,102.01,102.01,0,RING,LL,48,RING,LL,48,0,RING,A_flag_ceiling
reduce_perf,1,8,4096,1024,float,sum,16.43,0.25,0.25,0,11.45,0.36,0.36,0,RING,SIMPLE,56,RING,SIMPLE,56,0,RING,A_flag_ceiling
reduce_perf,1,8,8192,2048,float,sum,14.23,0.58,0.58,0,14.0,0.59,0.59,0,RING,SIMPLE,56,RING,SIMPLE,56,0,RING,A_flag_ceiling
reduce_perf,1,8,16384,4096,float,sum,16.11,1.02,1.02,0,15.82,1.04,1.04,0,RING,SIMPLE,56,RING,SIMPLE,56,0,RING,A_flag_ceiling
reduce_perf,1,8,32768,8192,float,sum,16.08,2.04,2.04,0,15.56,2.11,2.11,0,RING,SIMPLE,56,RING,SIMPLE,56,0,RING,A_flag_ceiling
reduce_perf,1,8,65536,16384,float,sum,26.37,2.49,2.49,0,26.11,2.51,2.51,0,RING,SIMPLE,56,RING,SIMPLE,56,0,RING,A_flag_ceiling
reduce_perf,1,8,131072,32768,float,sum,37.13,3.53,3.53,0,35.31,3.71,3.71,0,RING,SIMPLE,56,RING,SIMPLE,56,0,RING,A_flag_ceiling
reduce_perf,1,8,262144,65536,float,sum,35.9,7.3,7.3,0,36.02,7.28,7.28,0,RING,SIMPLE,56,RING,SIMPLE,56,0,RING,A_flag_ceiling
reduce_perf,1,8,524288,131072,float,sum,37.18,14.1,14.1,0,37.22,14.09,14.09,0,RING,SIMPLE,56,RING,SIMPLE,56,0,RING,A_flag_ceiling
reduce_perf,1,8,1048576,262144,float,sum,56.96,18.41,18.41,0,55.08,19.04,19.04,0,RING,SIMPLE,56,RING,SIMPLE,56,0,RING,A_flag_ceiling
reduce_perf,1,8,2097152,524288,float,sum,60.88,34.45,34.45,0,59.59,35.2,35.2,0,RING,SIMPLE,56,RING,SIMPLE,56,0,RING,A_flag_ceiling
reduce_perf,1,8,4194304,1048576,float,sum,69.92,59.98,59.98,0,67.91,61.76,61.76,0,RING,SIMPLE,56,RING,SIMPLE,56,0,RING,A_flag_ceiling
reduce_perf,1,8,8388608,2097152,float,sum,90.06,93.15,93.15,0,86.94,96.49,96.49,0,RING,SIMPLE,56,RING,SIMPLE,56,0,RING,A_flag_ceiling
reduce_perf,1,8,16777216,4194304,float,sum,126.95,132.16,132.16,0,122.25,137.23,137.23,0,RING,SIMPLE,56,RING,SIMPLE,56,0,RING,A_flag_ceiling
reduce_perf,1,8,33554432,8388608,float,sum,204.77,163.87,163.87,0,196.0,171.19,171.19,0,RING,SIMPLE,56,RING,SIMPLE,56,0,RING,A_flag_ceiling
reduce_perf,1,8,67108864,16777216,float,sum,332.23,202.0,202.0,0,317.12,211.62,211.62,0,RING,SIMPLE,56,RING,SIMPLE,56,0,RING,A_flag_ceiling
reduce_perf,1,8,134217728,33554432,float,sum,598.13,224.4,224.4,0,572.3,234.52,234.52,0,RING,SIMPLE,56,RING,SIMPLE,56,0,RING,A_flag_ceiling
reduce_perf,1,8,268435456,67108864,float,sum,1052.41,255.07,255.07,0,1025.12,261.86,261.86,0,RING,SIMPLE,56,RING,SIMPLE,56,0,RING,A_flag_ceiling
reduce_perf,1,8,536870912,134217728,float,sum,2063.73,260.15,260.15,0,2047.36,262.23,262.23,0,RING,SIMPLE,56,RING,SIMPLE,56,0,RING,A_flag_ceiling
reduce_perf,1,8,4096,1024,float,sum,15.4,0.27,0.27,0,11.36,0.36,0.36,0,RING,LL,56,RING,LL,56,0,RING,A_flag_ceiling
reduce_perf,1,8,8192,2048,float,sum,13.33,0.61,0.61,0,12.17,0.67,0.67,0,RING,LL,56,RING,LL,56,0,RING,A_flag_ceiling
reduce_perf,1,8,16384,4096,float,sum,16.32,1.0,1.0,0,15.13,1.08,1.08,0,RING,LL,56,RING,LL,56,0,RING,A_flag_ceiling
reduce_perf,1,8,32768,8192,float,sum,17.06,1.92,1.92,0,16.03,2.04,2.04,0,RING,LL,56,RING,LL,56,0,RING,A_flag_ceiling
reduce_perf,1,8,65536,16384,float,sum,16.57,3.96,3.96,0,15.25,4.3,4.3,0,RING,LL,56,RING,LL,56,0,RING,A_flag_ceiling
reduce_perf,1,8,131072,32768,float,sum,18.24,7.19,7.19,0,16.63,7.88,7.88,0,RING,LL,56,RING,LL,56,0,RING,A_flag_ceiling
reduce_perf,1,8,262144,65536,float,sum,19.27,13.6,13.6,0,18.15,14.45,14.45,0,RING,LL,56,RING,LL,56,0,RING,A_flag_ceiling
reduce_perf,1,8,524288,131072,float,sum,20.18,25.98,25.98,0,20.5,25.58,25.58,0,RING,LL,56,RING,LL,56,0,RING,A_flag_ceiling
reduce_perf,1,8,1048576,262144,float,sum,27.46,38.19,38.19,0,24.96,42.0,42.0,0,RING,LL,56,RING,LL,56,0,RING,A_flag_ceiling
reduce_perf,1,8,2097152,524288,float,sum,34.01,61.66,61.66,0,34.53,60.74,60.74,0,RING,LL,56,RING,LL,56,0,RING,A_flag_ceiling
reduce_perf,1,8,4194304,1048576,float,sum,50.49,83.08,83.08,0,51.64,81.22,81.22,0,RING,LL,56,RING,LL,56,0,RING,A_flag_ceiling
reduce_perf,1,8,8388608,2097152,float,sum,85.36,98.27,98.27,0,86.46,97.03,97.03,0,RING,LL,56,RING,LL,56,0,RING,A_flag_ceiling
reduce_perf,1,8,16777216,4194304,float,sum,154.44,108.63,108.63,0,157.8,106.32,106.32,0,RING,LL,56,RING,LL,56,0,RING,A_flag_ceiling
reduce_perf,1,8,33554432,8388608,float,sum,540.39,62.09,62.09,0,299.72,111.95,111.95,0,RING,LL,56,RING,LL,56,0,RING,A_flag_ceiling
reduce_perf,1,8,67108864,16777216,float,sum,577.96,116.11,116.11,0,581.2,115.47,115.47,0,RING,LL,56,RING,LL,56,0,RING,A_flag_ceiling
reduce_perf,1,8,134217728,33554432,float,sum,1148.46,116.87,116.87,0,1144.97,117.22,117.22,0,RING,LL,56,RING,LL,56,0,RING,A_flag_ceiling
reduce_perf,1,8,268435456,67108864,float,sum,2287.51,117.35,117.35,0,2277.45,117.87,117.87,0,RING,LL,56,RING,LL,56,0,RING,A_flag_ceiling
reduce_perf,1,8,536870912,134217728,float,sum,4562.76,117.66,117.66,0,4547.94,118.05,118.05,0,RING,LL,56,RING,LL,56,0,RING,A_flag_ceiling
reduce_perf,1,8,4096,1024,float,sum,15.18,0.27,0.27,0,14.12,0.29,0.29,0,RING,SIMPLE,1,RING,SIMPLE,1,0,RING,A_flag_ceiling
reduce_perf,1,8,8192,2048,float,sum,12.55,0.65,0.65,0,14.13,0.58,0.58,0,RING,SIMPLE,1,RING,SIMPLE,1,0,RING,A_flag_ceiling
reduce_perf,1,8,16384,4096,float,sum,17.1,0.96,0.96,0,15.67,1.05,1.05,0,RING,SIMPLE,1,RING,SIMPLE,1,0,RING,A_flag_ceiling
reduce_perf,1,8,32768,8192,float,sum,15.33,2.14,2.14,0,14.75,2.22,2.22,0,RING,SIMPLE,1,RING,SIMPLE,1,0,RING,A_flag_ceiling
reduce_perf,1,8,65536,16384,float,sum,20.22,3.24,3.24,0,19.97,3.28,3.28,0,RING,SIMPLE,1,RING,SIMPLE,1,0,RING,A_flag_ceiling
reduce_perf,1,8,131072,32768,float,sum,34.63,3.78,3.78,0,31.73,4.13,4.13,0,RING,SIMPLE,1,RING,SIMPLE,1,0,RING,A_flag_ceiling
reduce_perf,1,8,262144,65536,float,sum,54.94,4.77,4.77,0,55.29,4.74,4.74,0,RING,SIMPLE,1,RING,SIMPLE,1,0,RING,A_flag_ceiling
reduce_perf,1,8,524288,131072,float,sum,93.61,5.6,5.6,0,93.28,5.62,5.62,0,RING,SIMPLE,1,RING,SIMPLE,1,0,RING,A_flag_ceiling
reduce_perf,1,8,1048576,262144,float,sum,178.69,5.87,5.87,0,178.2,5.88,5.88,0,RING,SIMPLE,1,RING,SIMPLE,1,0,RING,A_flag_ceiling
reduce_perf,1,8,2097152,524288,float,sum,333.19,6.29,6.29,0,329.44,6.37,6.37,0,RING,SIMPLE,1,RING,SIMPLE,1,0,RING,A_flag_ceiling
reduce_perf,1,8,4194304,1048576,float,sum,654.65,6.41,6.41,0,647.65,6.48,6.48,0,RING,SIMPLE,1,RING,SIMPLE,1,0,RING,A_flag_ceiling
reduce_perf,1,8,8388608,2097152,float,sum,1239.01,6.77,6.77,0,1211.73,6.92,6.92,0,RING,SIMPLE,1,RING,SIMPLE,1,0,RING,A_flag_ceiling
reduce_perf,1,8,16777216,4194304,float,sum,2371.21,7.08,7.08,0,2355.51,7.12,7.12,0,RING,SIMPLE,1,RING,SIMPLE,1,0,RING,A_flag_ceiling
reduce_perf,1,8,33554432,8388608,float,sum,4495.32,7.46,7.46,0,4456.33,7.53,7.53,0,RING,SIMPLE,1,RING,SIMPLE,1,0,RING,A_flag_ceiling
reduce_perf,1,8,67108864,16777216,float,sum,8954.92,7.49,7.49,0,8905.37,7.54,7.54,0,RING,SIMPLE,1,RING,SIMPLE,1,0,RING,A_flag_ceiling
reduce_perf,1,8,134217728,33554432,float,sum,17862.3,7.51,7.51,0,17755.8,7.56,7.56,0,RING,SIMPLE,1,RING,SIMPLE,1,0,RING,A_flag_ceiling
reduce_perf,1,8,268435456,67108864,float,sum,35756.1,7.51,7.51,0,35838.1,7.49,7.49,0,RING,SIMPLE,1,RING,SIMPLE,1,0,RING,A_flag_ceiling
reduce_perf,1,8,536870912,134217728,float,sum,71659.8,7.49,7.49,0,72012.8,7.46,7.46,0,RING,SIMPLE,1,RING,SIMPLE,1,0,RING,A_flag_ceiling
reduce_perf,1,8,4096,1024,float,sum,15.48,0.26,0.26,0,13.82,0.3,0.3,0,RING,LL,1,RING,LL,1,0,RING,A_flag_ceiling
reduce_perf,1,8,8192,2048,float,sum,12.22,0.67,0.67,0,14.05,0.58,0.58,0,RING,LL,1,RING,LL,1,0,RING,A_flag_ceiling
reduce_perf,1,8,16384,4096,float,sum,15.56,1.05,1.05,0,16.46,1.0,1.0,0,RING,LL,1,RING,LL,1,0,RING,A_flag_ceiling
reduce_perf,1,8,32768,8192,float,sum,20.02,1.64,1.64,0,19.04,1.72,1.72,0,RING,LL,1,RING,LL,1,0,RING,A_flag_ceiling
reduce_perf,1,8,65536,16384,float,sum,29.36,2.23,2.23,0,29.77,2.2,2.2,0,RING,LL,1,RING,LL,1,0,RING,A_flag_ceiling
reduce_perf,1,8,131072,32768,float,sum,52.39,2.5,2.5,0,52.87,2.48,2.48,0,RING,LL,1,RING,LL,1,0,RING,A_flag_ceiling
reduce_perf,1,8,262144,65536,float,sum,99.38,2.64,2.64,0,100.39,2.61,2.61,0,RING,LL,1,RING,LL,1,0,RING,A_flag_ceiling
reduce_perf,1,8,524288,131072,float,sum,192.23,2.73,2.73,0,198.0,2.65,2.65,0,RING,LL,1,RING,LL,1,0,RING,A_flag_ceiling
reduce_perf,1,8,1048576,262144,float,sum,380.9,2.75,2.75,0,396.73,2.64,2.64,0,RING,LL,1,RING,LL,1,0,RING,A_flag_ceiling
reduce_perf,1,8,2097152,524288,float,sum,767.72,2.73,2.73,0,792.68,2.65,2.65,0,RING,LL,1,RING,LL,1,0,RING,A_flag_ceiling
reduce_perf,1,8,4194304,1048576,float,sum,1546.86,2.71,2.71,0,1588.64,2.64,2.64,0,RING,LL,1,RING,LL,1,0,RING,A_flag_ceiling
reduce_perf,1,8,8388608,2097152,float,sum,3203.01,2.62,2.62,0,3186.31,2.63,2.63,0,RING,LL,1,RING,LL,1,0,RING,A_flag_ceiling
reduce_perf,1,8,16777216,4194304,float,sum,6396.5,2.62,2.62,0,6306.08,2.66,2.66,0,RING,LL,1,RING,LL,1,0,RING,A_flag_ceiling
reduce_perf,1,8,33554432,8388608,float,sum,12844.1,2.61,2.61,0,12440.9,2.7,2.7,0,RING,LL,1,RING,LL,1,0,RING,A_flag_ceiling
reduce_perf,1,8,67108864,16777216,float,sum,25766.5,2.6,2.6,0,24742.2,2.71,2.71,0,RING,LL,1,RING,LL,1,0,RING,A_flag_ceiling
reduce_perf,1,8,134217728,33554432,float,sum,51597.3,2.6,2.6,0,49314.4,2.72,2.72,0,RING,LL,1,RING,LL,1,0,RING,A_flag_ceiling
reduce_perf,1,8,268435456,67108864,float,sum,103312.0,2.6,2.6,0,98708.6,2.72,2.72,0,RING,LL,1,RING,LL,1,0,RING,A_flag_ceiling
reduce_perf,1,8,536870912,134217728,float,sum,206765.0,2.6,2.6,0,197394.0,2.72,2.72,0,RING,LL,1,RING,LL,1,0,RING,A_flag_ceiling
reduce_perf,1,8,4096,1024,float,sum,15.22,0.27,0.27,0,11.6,0.35,0.35,0,RING,SIMPLE,2,RING,SIMPLE,2,0,RING,A_flag_ceiling
reduce_perf,1,8,8192,2048,float,sum,15.11,0.54,0.54,0,13.72,0.6,0.6,0,RING,SIMPLE,2,RING,SIMPLE,2,0,RING,A_flag_ceiling
reduce_perf,1,8,16384,4096,float,sum,15.62,1.05,1.05,0,15.93,1.03,1.03,0,RING,SIMPLE,2,RING,SIMPLE,2,0,RING,A_flag_ceiling
reduce_perf,1,8,32768,8192,float,sum,16.28,2.01,2.01,0,15.83,2.07,2.07,0,RING,SIMPLE,2,RING,SIMPLE,2,0,RING,A_flag_ceiling
reduce_perf,1,8,65536,16384,float,sum,17.9,3.66,3.66,0,17.86,3.67,3.67,0,RING,SIMPLE,2,RING,SIMPLE,2,0,RING,A_flag_ceiling
reduce_perf,1,8,131072,32768,float,sum,26.55,4.94,4.94,0,24.92,5.26,5.26,0,RING,SIMPLE,2,RING,SIMPLE,2,0,RING,A_flag_ceiling
reduce_perf,1,8,262144,65536,float,sum,36.09,7.26,7.26,0,35.84,7.32,7.32,0,RING,SIMPLE,2,RING,SIMPLE,2,0,RING,A_flag_ceiling
reduce_perf,1,8,524288,131072,float,sum,61.76,8.49,8.49,0,60.77,8.63,8.63,0,RING,SIMPLE,2,RING,SIMPLE,2,0,RING,A_flag_ceiling
reduce_perf,1,8,1048576,262144,float,sum,103.44,10.14,10.14,0,100.24,10.46,10.46,0,RING,SIMPLE,2,RING,SIMPLE,2,0,RING,A_flag_ceiling
reduce_perf,1,8,2097152,524288,float,sum,197.36,10.63,10.63,0,187.56,11.18,11.18,0,RING,SIMPLE,2,RING,SIMPLE,2,0,RING,A_flag_ceiling
reduce_perf,1,8,4194304,1048576,float,sum,363.92,11.53,11.53,0,344.86,12.16,12.16,0,RING,SIMPLE,2,RING,SIMPLE,2,0,RING,A_flag_ceiling
reduce_perf,1,8,8388608,2097152,float,sum,716.7,11.7,11.7,0,690.85,12.14,12.14,0,RING,SIMPLE,2,RING,SIMPLE,2,0,RING,A_flag_ceiling
reduce_perf,1,8,16777216,4194304,float,sum,1322.26,12.69,12.69,0,1259.74,13.32,13.32,0,RING,SIMPLE,2,RING,SIMPLE,2,0,RING,A_flag_ceiling
reduce_perf,1,8,33554432,8388608,float,sum,2638.97,12.71,12.71,0,2536.28,13.23,13.23,0,RING,SIMPLE,2,RING,SIMPLE,2,0,RING,A_flag_ceiling
reduce_perf,1,8,67108864,16777216,float,sum,5137.13,13.06,13.06,0,4934.63,13.6,13.6,0,RING,SIMPLE,2,RING,SIMPLE,2,0,RING,A_flag_ceiling
reduce_perf,1,8,134217728,33554432,float,sum,10299.3,13.03,13.03,0,9898.75,13.56,13.56,0,RING,SIMPLE,2,RING,SIMPLE,2,0,RING,A_flag_ceiling
reduce_perf,1,8,268435456,67108864,float,sum,20691.1,12.97,12.97,0,19986.4,13.43,13.43,0,RING,SIMPLE,2,RING,SIMPLE,2,0,RING,A_flag_ceiling
reduce_perf,1,8,536870912,134217728,float,sum,41295.9,13.0,13.0,0,40526.4,13.25,13.25,0,RING,SIMPLE,2,RING,SIMPLE,2,0,RING,A_flag_ceiling
reduce_perf,1,8,4096,1024,float,sum,17.51,0.23,0.23,0,12.01,0.34,0.34,0,RING,LL,2,RING,LL,2,0,RING,A_flag_ceiling
reduce_perf,1,8,8192,2048,float,sum,14.14,0.58,0.58,0,13.78,0.59,0.59,0,RING,LL,2,RING,LL,2,0,RING,A_flag_ceiling
reduce_perf,1,8,16384,4096,float,sum,17.42,0.94,0.94,0,16.37,1.0,1.0,0,RING,LL,2,RING,LL,2,0,RING,A_flag_ceiling
reduce_perf,1,8,32768,8192,float,sum,17.08,1.92,1.92,0,15.66,2.09,2.09,0,RING,LL,2,RING,LL,2,0,RING,A_flag_ceiling
reduce_perf,1,8,65536,16384,float,sum,19.44,3.37,3.37,0,19.37,3.38,3.38,0,RING,LL,2,RING,LL,2,0,RING,A_flag_ceiling
reduce_perf,1,8,131072,32768,float,sum,33.41,3.92,3.92,0,31.66,4.14,4.14,0,RING,LL,2,RING,LL,2,0,RING,A_flag_ceiling
reduce_perf,1,8,262144,65536,float,sum,56.07,4.68,4.68,0,56.43,4.65,4.65,0,RING,LL,2,RING,LL,2,0,RING,A_flag_ceiling
reduce_perf,1,8,524288,131072,float,sum,109.05,4.81,4.81,0,108.95,4.81,4.81,0,RING,LL,2,RING,LL,2,0,RING,A_flag_ceiling
reduce_perf,1,8,1048576,262144,float,sum,216.27,4.85,4.85,0,217.59,4.82,4.82,0,RING,LL,2,RING,LL,2,0,RING,A_flag_ceiling
reduce_perf,1,8,2097152,524288,float,sum,429.25,4.89,4.89,0,434.85,4.82,4.82,0,RING,LL,2,RING,LL,2,0,RING,A_flag_ceiling
reduce_perf,1,8,4194304,1048576,float,sum,858.38,4.89,4.89,0,873.19,4.8,4.8,0,RING,LL,2,RING,LL,2,0,RING,A_flag_ceiling
reduce_perf,1,8,8388608,2097152,float,sum,1737.19,4.83,4.83,0,1744.48,4.81,4.81,0,RING,LL,2,RING,LL,2,0,RING,A_flag_ceiling
reduce_perf,1,8,16777216,4194304,float,sum,3536.3,4.74,4.74,0,3490.03,4.81,4.81,0,RING,LL,2,RING,LL,2,0,RING,A_flag_ceiling
reduce_perf,1,8,33554432,8388608,float,sum,7135.17,4.7,4.7,0,6977.32,4.81,4.81,0,RING,LL,2,RING,LL,2,0,RING,A_flag_ceiling
reduce_perf,1,8,67108864,16777216,float,sum,15621.4,4.3,4.3,0,13974.9,4.8,4.8,0,RING,LL,2,RING,LL,2,0,RING,A_flag_ceiling
reduce_perf,1,8,134217728,33554432,float,sum,28722.2,4.67,4.67,0,27907.7,4.81,4.81,0,RING,LL,2,RING,LL,2,0,RING,A_flag_ceiling
reduce_perf,1,8,268435456,67108864,float,sum,57494.3,4.67,4.67,0,55833.5,4.81,4.81,0,RING,LL,2,RING,LL,2,0,RING,A_flag_ceiling
reduce_perf,1,8,536870912,134217728,float,sum,115100.0,4.66,4.66,0,111693.0,4.81,4.81,0,RING,LL,2,RING,LL,2,0,RING,A_flag_ceiling
reduce_perf,1,8,4096,1024,float,sum,13.84,0.3,0.3,0,11.78,0.35,0.35,0,RING,SIMPLE,4,RING,SIMPLE,4,0,RING,A_flag_ceiling
reduce_perf,1,8,8192,2048,float,sum,15.02,0.55,0.55,0,14.57,0.56,0.56,0,RING,SIMPLE,4,RING,SIMPLE,4,0,RING,A_flag_ceiling
reduce_perf,1,8,16384,4096,float,sum,20.06,0.82,0.82,0,16.12,1.02,1.02,0,RING,SIMPLE,4,RING,SIMPLE,4,0,RING,A_flag_ceiling
reduce_perf,1,8,32768,8192,float,sum,18.65,1.76,1.76,0,17.51,1.87,1.87,0,RING,SIMPLE,4,RING,SIMPLE,4,0,RING,A_flag_ceiling
reduce_perf,1,8,65536,16384,float,sum,26.66,2.46,2.46,0,26.44,2.48,2.48,0,RING,SIMPLE,4,RING,SIMPLE,4,0,RING,A_flag_ceiling
reduce_perf,1,8,131072,32768,float,sum,40.48,3.24,3.24,0,38.16,3.44,3.44,0,RING,SIMPLE,4,RING,SIMPLE,4,0,RING,A_flag_ceiling
reduce_perf,1,8,262144,65536,float,sum,45.12,5.81,5.81,0,44.79,5.85,5.85,0,RING,SIMPLE,4,RING,SIMPLE,4,0,RING,A_flag_ceiling
reduce_perf,1,8,524288,131072,float,sum,58.49,8.96,8.96,0,58.05,9.03,9.03,0,RING,SIMPLE,4,RING,SIMPLE,4,0,RING,A_flag_ceiling
reduce_perf,1,8,1048576,262144,float,sum,85.39,12.28,12.28,0,84.06,12.47,12.47,0,RING,SIMPLE,4,RING,SIMPLE,4,0,RING,A_flag_ceiling
reduce_perf,1,8,2097152,524288,float,sum,144.78,14.49,14.49,0,142.41,14.73,14.73,0,RING,SIMPLE,4,RING,SIMPLE,4,0,RING,A_flag_ceiling
reduce_perf,1,8,4194304,1048576,float,sum,241.82,17.34,17.34,0,235.7,17.8,17.8,0,RING,SIMPLE,4,RING,SIMPLE,4,0,RING,A_flag_ceiling
reduce_perf,1,8,8388608,2097152,float,sum,444.86,18.86,18.86,0,434.86,19.29,19.29,0,RING,SIMPLE,4,RING,SIMPLE,4,0,RING,A_flag_ceiling
reduce_perf,1,8,16777216,4194304,float,sum,802.1,20.92,20.92,0,781.82,21.46,21.46,0,RING,SIMPLE,4,RING,SIMPLE,4,0,RING,A_flag_ceiling
reduce_perf,1,8,33554432,8388608,float,sum,1484.64,22.6,22.6,0,1457.08,23.03,23.03,0,RING,SIMPLE,4,RING,SIMPLE,4,0,RING,A_flag_ceiling
reduce_perf,1,8,67108864,16777216,float,sum,2842.17,23.61,23.61,0,2826.31,23.74,23.74,0,RING,SIMPLE,4,RING,SIMPLE,4,0,RING,A_flag_ceiling
reduce_perf,1,8,134217728,33554432,float,sum,5514.1,24.34,24.34,0,5403.23,24.84,24.84,0,RING,SIMPLE,4,RING,SIMPLE,4,0,RING,A_flag_ceiling
reduce_perf,1,8,268435456,67108864,float,sum,10978.0,24.45,24.45,0,10874.0,24.69,24.69,0,RING,SIMPLE,4,RING,SIMPLE,4,0,RING,A_flag_ceiling
reduce_perf,1,8,536870912,134217728,float,sum,21989.7,24.41,24.41,0,22162.0,24.22,24.22,0,RING,SIMPLE,4,RING,SIMPLE,4,0,RING,A_flag_ceiling
reduce_perf,1,8,4096,1024,float,sum,15.01,0.27,0.27,0,11.46,0.36,0.36,0,RING,LL,4,RING,LL,4,0,RING,A_flag_ceiling
reduce_perf,1,8,8192,2048,float,sum,13.41,0.61,0.61,0,13.78,0.59,0.59,0,RING,LL,4,RING,LL,4,0,RING,A_flag_ceiling
reduce_perf,1,8,16384,4096,float,sum,16.15,1.01,1.01,0,15.67,1.05,1.05,0,RING,LL,4,RING,LL,4,0,RING,A_flag_ceiling
reduce_perf,1,8,32768,8192,float,sum,16.56,1.98,1.98,0,16.69,1.96,1.96,0,RING,LL,4,RING,LL,4,0,RING,A_flag_ceiling
reduce_perf,1,8,65536,16384,float,sum,18.01,3.64,3.64,0,17.7,3.7,3.7,0,RING,LL,4,RING,LL,4,0,RING,A_flag_ceiling
reduce_perf,1,8,131072,32768,float,sum,26.93,4.87,4.87,0,25.3,5.18,5.18,0,RING,LL,4,RING,LL,4,0,RING,A_flag_ceiling
reduce_perf,1,8,262144,65536,float,sum,37.04,7.08,7.08,0,37.48,6.99,6.99,0,RING,LL,4,RING,LL,4,0,RING,A_flag_ceiling
reduce_perf,1,8,524288,131072,float,sum,63.7,8.23,8.23,0,64.33,8.15,8.15,0,RING,LL,4,RING,LL,4,0,RING,A_flag_ceiling
reduce_perf,1,8,1048576,262144,float,sum,117.81,8.9,8.9,0,119.64,8.76,8.76,0,RING,LL,4,RING,LL,4,0,RING,A_flag_ceiling
reduce_perf,1,8,2097152,524288,float,sum,227.5,9.22,9.22,0,231.37,9.06,9.06,0,RING,LL,4,RING,LL,4,0,RING,A_flag_ceiling
reduce_perf,1,8,4194304,1048576,float,sum,450.81,9.3,9.3,0,458.48,9.15,9.15,0,RING,LL,4,RING,LL,4,0,RING,A_flag_ceiling
reduce_perf,1,8,8388608,2097152,float,sum,894.47,9.38,9.38,0,904.69,9.27,9.27,0,RING,LL,4,RING,LL,4,0,RING,A_flag_ceiling
reduce_perf,1,8,16777216,4194304,float,sum,1785.52,9.4,9.4,0,1820.69,9.21,9.21,0,RING,LL,4,RING,LL,4,0,RING,A_flag_ceiling
reduce_perf,1,8,33554432,8388608,float,sum,3613.48,9.29,9.29,0,3638.54,9.22,9.22,0,RING,LL,4,RING,LL,4,0,RING,A_flag_ceiling
reduce_perf,1,8,67108864,16777216,float,sum,7286.07,9.21,9.21,0,7289.4,9.21,9.21,0,RING,LL,4,RING,LL,4,0,RING,A_flag_ceiling
reduce_perf,1,8,134217728,33554432,float,sum,14641.2,9.17,9.17,0,14574.6,9.21,9.21,0,RING,LL,4,RING,LL,4,0,RING,A_flag_ceiling
reduce_perf,1,8,268435456,67108864,float,sum,29289.4,9.16,9.16,0,29117.5,9.22,9.22,0,RING,LL,4,RING,LL,4,0,RING,A_flag_ceiling
reduce_perf,1,8,536870912,134217728,float,sum,58673.3,9.15,9.15,0,58314.2,9.21,9.21,0,RING,LL,4,RING,LL,4,0,RING,A_flag_ceiling
reduce_perf,1,8,4096,1024,float,sum,15.28,0.27,0.27,0,11.96,0.34,0.34,0,RING,SIMPLE,8,RING,SIMPLE,8,0,RING,A_flag_ceiling
reduce_perf,1,8,8192,2048,float,sum,14.88,0.55,0.55,0,12.22,0.67,0.67,0,RING,SIMPLE,8,RING,SIMPLE,8,0,RING,A_flag_ceiling
reduce_perf,1,8,16384,4096,float,sum,16.58,0.99,0.99,0,16.04,1.02,1.02,0,RING,SIMPLE,8,RING,SIMPLE,8,0,RING,A_flag_ceiling
reduce_perf,1,8,32768,8192,float,sum,14.98,2.19,2.19,0,17.07,1.92,1.92,0,RING,SIMPLE,8,RING,SIMPLE,8,0,RING,A_flag_ceiling
reduce_perf,1,8,65536,16384,float,sum,26.58,2.47,2.47,0,26.42,2.48,2.48,0,RING,SIMPLE,8,RING,SIMPLE,8,0,RING,A_flag_ceiling
reduce_perf,1,8,131072,32768,float,sum,35.32,3.71,3.71,0,35.11,3.73,3.73,0,RING,SIMPLE,8,RING,SIMPLE,8,0,RING,A_flag_ceiling
reduce_perf,1,8,262144,65536,float,sum,50.71,5.17,5.17,0,50.85,5.16,5.16,0,RING,SIMPLE,8,RING,SIMPLE,8,0,RING,A_flag_ceiling
reduce_perf,1,8,524288,131072,float,sum,58.62,8.94,8.94,0,57.88,9.06,9.06,0,RING,SIMPLE,8,RING,SIMPLE,8,0,RING,A_flag_ceiling
reduce_perf,1,8,1048576,262144,float,sum,72.71,14.42,14.42,0,72.34,14.49,14.49,0,RING,SIMPLE,8,RING,SIMPLE,8,0,RING,A_flag_ceiling
reduce_perf,1,8,2097152,524288,float,sum,100.84,20.8,20.8,0,99.99,20.97,20.97,0,RING,SIMPLE,8,RING,SIMPLE,8,0,RING,A_flag_ceiling
reduce_perf,1,8,4194304,1048576,float,sum,172.24,24.35,24.35,0,169.34,24.77,24.77,0,RING,SIMPLE,8,RING,SIMPLE,8,0,RING,A_flag_ceiling
reduce_perf,1,8,8388608,2097152,float,sum,272.54,30.78,30.78,0,268.27,31.27,31.27,0,RING,SIMPLE,8,RING,SIMPLE,8,0,RING,A_flag_ceiling
reduce_perf,1,8,16777216,4194304,float,sum,490.86,34.18,34.18,0,480.92,34.89,34.89,0,RING,SIMPLE,8,RING,SIMPLE,8,0,RING,A_flag_ceiling
reduce_perf,1,8,33554432,8388608,float,sum,863.74,38.85,38.85,0,850.62,39.45,39.45,0,RING,SIMPLE,8,RING,SIMPLE,8,0,RING,A_flag_ceiling
reduce_perf,1,8,67108864,16777216,float,sum,1599.63,41.95,41.95,0,1574.31,42.63,42.63,0,RING,SIMPLE,8,RING,SIMPLE,8,0,RING,A_flag_ceiling
reduce_perf,1,8,134217728,33554432,float,sum,3007.48,44.63,44.63,0,2959.68,45.35,45.35,0,RING,SIMPLE,8,RING,SIMPLE,8,0,RING,A_flag_ceiling
reduce_perf,1,8,268435456,67108864,float,sum,5854.17,45.85,45.85,0,5781.82,46.43,46.43,0,RING,SIMPLE,8,RING,SIMPLE,8,0,RING,A_flag_ceiling
reduce_perf,1,8,536870912,134217728,float,sum,11352.0,47.29,47.29,0,11348.6,47.31,47.31,0,RING,SIMPLE,8,RING,SIMPLE,8,0,RING,A_flag_ceiling
reduce_perf,1,8,4096,1024,float,sum,14.49,0.28,0.28,0,14.78,0.28,0.28,0,RING,LL,8,RING,LL,8,0,RING,A_flag_ceiling
reduce_perf,1,8,8192,2048,float,sum,13.68,0.6,0.6,0,14.21,0.58,0.58,0,RING,LL,8,RING,LL,8,0,RING,A_flag_ceiling
reduce_perf,1,8,16384,4096,float,sum,18.03,0.91,0.91,0,13.42,1.22,1.22,0,RING,LL,8,RING,LL,8,0,RING,A_flag_ceiling
reduce_perf,1,8,32768,8192,float,sum,15.68,2.09,2.09,0,16.93,1.94,1.94,0,RING,LL,8,RING,LL,8,0,RING,A_flag_ceiling
reduce_perf,1,8,65536,16384,float,sum,17.54,3.74,3.74,0,17.31,3.79,3.79,0,RING,LL,8,RING,LL,8,0,RING,A_flag_ceiling
reduce_perf,1,8,131072,32768,float,sum,23.35,5.61,5.61,0,22.8,5.75,5.75,0,RING,LL,8,RING,LL,8,0,RING,A_flag_ceiling
reduce_perf,1,8,262144,65536,float,sum,27.47,9.54,9.54,0,27.69,9.47,9.47,0,RING,LL,8,RING,LL,8,0,RING,A_flag_ceiling
reduce_perf,1,8,524288,131072,float,sum,41.06,12.77,12.77,0,41.28,12.7,12.7,0,RING,LL,8,RING,LL,8,0,RING,A_flag_ceiling
reduce_perf,1,8,1048576,262144,float,sum,68.62,15.28,15.28,0,68.81,15.24,15.24,0,RING,LL,8,RING,LL,8,0,RING,A_flag_ceiling
reduce_perf,1,8,2097152,524288,float,sum,124.04,16.91,16.91,0,124.48,16.85,16.85,0,RING,LL,8,RING,LL,8,0,RING,A_flag_ceiling
reduce_perf,1,8,4194304,1048576,float,sum,234.79,17.86,17.86,0,234.77,17.87,17.87,0,RING,LL,8,RING,LL,8,0,RING,A_flag_ceiling
reduce_perf,1,8,8388608,2097152,float,sum,457.31,18.34,18.34,0,458.51,18.3,18.3,0,RING,LL,8,RING,LL,8,0,RING,A_flag_ceiling
reduce_perf,1,8,16777216,4194304,float,sum,903.71,18.56,18.56,0,906.23,18.51,18.51,0,RING,LL,8,RING,LL,8,0,RING,A_flag_ceiling
reduce_perf,1,8,33554432,8388608,float,sum,1798.34,18.66,18.66,0,1812.71,18.51,18.51,0,RING,LL,8,RING,LL,8,0,RING,A_flag_ceiling
reduce_perf,1,8,67108864,16777216,float,sum,3632.69,18.47,18.47,0,3612.78,18.58,18.58,0,RING,LL,8,RING,LL,8,0,RING,A_flag_ceiling
reduce_perf,1,8,134217728,33554432,float,sum,7303.29,18.38,18.38,0,7222.83,18.58,18.58,0,RING,LL,8,RING,LL,8,0,RING,A_flag_ceiling
reduce_perf,1,8,268435456,67108864,float,sum,14683.9,18.28,18.28,0,14457.8,18.57,18.57,0,RING,LL,8,RING,LL,8,0,RING,A_flag_ceiling
reduce_perf,1,8,536870912,134217728,float,sum,29385.3,18.27,18.27,0,28926.1,18.56,18.56,0,RING,LL,8,RING,LL,8,0,RING,A_flag_ceiling
reduce_perf,1,8,4096,1024,float,sum,16.43,0.25,0.25,0,11.68,0.35,0.35,0,RING,SIMPLE,16,RING,SIMPLE,16,0,RING,A_flag_ceiling
reduce_perf,1,8,8192,2048,float,sum,13.29,0.62,0.62,0,13.11,0.62,0.62,0,RING,SIMPLE,16,RING,SIMPLE,16,0,RING,A_flag_ceiling
reduce_perf,1,8,16384,4096,float,sum,15.21,1.08,1.08,0,15.21,1.08,1.08,0,RING,SIMPLE,16,RING,SIMPLE,16,0,RING,A_flag_ceiling
reduce_perf,1,8,32768,8192,float,sum,16.52,1.98,1.98,0,15.51,2.11,2.11,0,RING,SIMPLE,16,RING,SIMPLE,16,0,RING,A_flag_ceiling
reduce_perf,1,8,65536,16384,float,sum,26.4,2.48,2.48,0,26.26,2.5,2.5,0,RING,SIMPLE,16,RING,SIMPLE,16,0,RING,A_flag_ceiling
reduce_perf,1,8,131072,32768,float,sum,37.66,3.48,3.48,0,35.08,3.74,3.74,0,RING,SIMPLE,16,RING,SIMPLE,16,0,RING,A_flag_ceiling
reduce_perf,1,8,262144,65536,float,sum,35.93,7.3,7.3,0,36.09,7.26,7.26,0,RING,SIMPLE,16,RING,SIMPLE,16,0,RING,A_flag_ceiling
reduce_perf,1,8,524288,131072,float,sum,53.14,9.87,9.87,0,53.53,9.79,9.79,0,RING,SIMPLE,16,RING,SIMPLE,16,0,RING,A_flag_ceiling
reduce_perf,1,8,1048576,262144,float,sum,61.28,17.11,17.11,0,60.54,17.32,17.32,0,RING,SIMPLE,16,RING,SIMPLE,16,0,RING,A_flag_ceiling
reduce_perf,1,8,2097152,524288,float,sum,75.86,27.64,27.64,0,74.75,28.06,28.06,0,RING,SIMPLE,16,RING,SIMPLE,16,0,RING,A_flag_ceiling
reduce_perf,1,8,4194304,1048576,float,sum,104.52,40.13,40.13,0,102.12,41.07,41.07,0,RING,SIMPLE,16,RING,SIMPLE,16,0,RING,A_flag_ceiling
reduce_perf,1,8,8388608,2097152,float,sum,177.18,47.34,47.34,0,172.7,48.57,48.57,0,RING,SIMPLE,16,RING,SIMPLE,16,0,RING,A_flag_ceiling
reduce_perf,1,8,16777216,4194304,float,sum,276.85,60.6,60.6,0,269.93,62.15,62.15,0,RING,SIMPLE,16,RING,SIMPLE,16,0,RING,A_flag_ceiling
reduce_perf,1,8,33554432,8388608,float,sum,497.34,67.47,67.47,0,480.7,69.8,69.8,0,RING,SIMPLE,16,RING,SIMPLE,16,0,RING,A_flag_ceiling
reduce_perf,1,8,67108864,16777216,float,sum,861.38,77.91,77.91,0,841.02,79.79,79.79,0,RING,SIMPLE,16,RING,SIMPLE,16,0,RING,A_flag_ceiling
reduce_perf,1,8,134217728,33554432,float,sum,1607.66,83.49,83.49,0,1570.54,85.46,85.46,0,RING,SIMPLE,16,RING,SIMPLE,16,0,RING,A_flag_ceiling
reduce_perf,1,8,268435456,67108864,float,sum,3003.84,89.36,89.36,0,2955.72,90.82,90.82,0,RING,SIMPLE,16,RING,SIMPLE,16,0,RING,A_flag_ceiling
reduce_perf,1,8,536870912,134217728,float,sum,5807.62,92.44,92.44,0,5809.55,92.41,92.41,0,RING,SIMPLE,16,RING,SIMPLE,16,0,RING,A_flag_ceiling
reduce_perf,1,8,4096,1024,float,sum,14.62,0.28,0.28,0,11.38,0.36,0.36,0,RING,LL,16,RING,LL,16,0,RING,A_flag_ceiling
reduce_perf,1,8,8192,2048,float,sum,14.3,0.57,0.57,0,14.4,0.57,0.57,0,RING,LL,16,RING,LL,16,0,RING,A_flag_ceiling
reduce_perf,1,8,16384,4096,float,sum,14.33,1.14,1.14,0,15.46,1.06,1.06,0,RING,LL,16,RING,LL,16,0,RING,A_flag_ceiling
reduce_perf,1,8,32768,8192,float,sum,15.21,2.15,2.15,0,14.64,2.24,2.24,0,RING,LL,16,RING,LL,16,0,RING,A_flag_ceiling
reduce_perf,1,8,65536,16384,float,sum,14.97,4.38,4.38,0,14.72,4.45,4.45,0,RING,LL,16,RING,LL,16,0,RING,A_flag_ceiling
reduce_perf,1,8,131072,32768,float,sum,20.52,6.39,6.39,0,17.78,7.37,7.37,0,RING,LL,16,RING,LL,16,0,RING,A_flag_ceiling
reduce_perf,1,8,262144,65536,float,sum,21.93,11.95,11.95,0,25.32,10.35,10.35,0,RING,LL,16,RING,LL,16,0,RING,A_flag_ceiling
reduce_perf,1,8,524288,131072,float,sum,28.08,18.67,18.67,0,28.5,18.4,18.4,0,RING,LL,16,RING,LL,16,0,RING,A_flag_ceiling
reduce_perf,1,8,1048576,262144,float,sum,41.98,24.98,24.98,0,42.23,24.83,24.83,0,RING,LL,16,RING,LL,16,0,RING,A_flag_ceiling
reduce_perf,1,8,2097152,524288,float,sum,69.19,30.31,30.31,0,70.19,29.88,29.88,0,RING,LL,16,RING,LL,16,0,RING,A_flag_ceiling
reduce_perf,1,8,4194304,1048576,float,sum,125.95,33.3,33.3,0,127.93,32.79,32.79,0,RING,LL,16,RING,LL,16,0,RING,A_flag_ceiling
reduce_perf,1,8,8388608,2097152,float,sum,238.08,35.23,35.23,0,244.62,34.29,34.29,0,RING,LL,16,RING,LL,16,0,RING,A_flag_ceiling
reduce_perf,1,8,16777216,4194304,float,sum,464.99,36.08,36.08,0,485.1,34.58,34.58,0,RING,LL,16,RING,LL,16,0,RING,A_flag_ceiling
reduce_perf,1,8,33554432,8388608,float,sum,932.34,35.99,35.99,0,964.37,34.79,34.79,0,RING,LL,16,RING,LL,16,0,RING,A_flag_ceiling
reduce_perf,1,8,67108864,16777216,float,sum,1887.03,35.56,35.56,0,1915.3,35.04,35.04,0,RING,LL,16,RING,LL,16,0,RING,A_flag_ceiling
reduce_perf,1,8,134217728,33554432,float,sum,3795.05,35.37,35.37,0,3823.26,35.11,35.11,0,RING,LL,16,RING,LL,16,0,RING,A_flag_ceiling
reduce_perf,1,8,268435456,67108864,float,sum,7633.24,35.17,35.17,0,7645.06,35.11,35.11,0,RING,LL,16,RING,LL,16,0,RING,A_flag_ceiling
reduce_perf,1,8,536870912,134217728,float,sum,15300.7,35.09,35.09,0,15276.9,35.14,35.14,0,RING,LL,16,RING,LL,16,0,RING,A_flag_ceiling
reduce_perf,1,8,4096,1024,float,sum,15.65,0.26,0.26,0,11.99,0.34,0.34,0,RING,SIMPLE,24,RING,SIMPLE,24,0,RING,A_flag_ceiling
reduce_perf,1,8,8192,2048,float,sum,11.56,0.71,0.71,0,11.95,0.69,0.69,0,RING,SIMPLE,24,RING,SIMPLE,24,0,RING,A_flag_ceiling
reduce_perf,1,8,16384,4096,float,sum,15.28,1.07,1.07,0,14.69,1.12,1.12,0,RING,SIMPLE,24,RING,SIMPLE,24,0,RING,A_flag_ceiling
reduce_perf,1,8,32768,8192,float,sum,16.04,2.04,2.04,0,15.95,2.05,2.05,0,RING,SIMPLE,24,RING,SIMPLE,24,0,RING,A_flag_ceiling
reduce_perf,1,8,65536,16384,float,sum,26.22,2.5,2.5,0,26.07,2.51,2.51,0,RING,SIMPLE,24,RING,SIMPLE,24,0,RING,A_flag_ceiling
reduce_perf,1,8,131072,32768,float,sum,37.71,3.48,3.48,0,35.29,3.71,3.71,0,RING,SIMPLE,24,RING,SIMPLE,24,0,RING,A_flag_ceiling
reduce_perf,1,8,262144,65536,float,sum,35.95,7.29,7.29,0,36.09,7.26,7.26,0,RING,SIMPLE,24,RING,SIMPLE,24,0,RING,A_flag_ceiling
reduce_perf,1,8,524288,131072,float,sum,53.67,9.77,9.77,0,53.87,9.73,9.73,0,RING,SIMPLE,24,RING,SIMPLE,24,0,RING,A_flag_ceiling
reduce_perf,1,8,1048576,262144,float,sum,58.13,18.04,18.04,0,57.74,18.16,18.16,0,RING,SIMPLE,24,RING,SIMPLE,24,0,RING,A_flag_ceiling
reduce_perf,1,8,2097152,524288,float,sum,69.13,30.34,30.34,0,68.16,30.77,30.77,0,RING,SIMPLE,24,RING,SIMPLE,24,0,RING,A_flag_ceiling
reduce_perf,1,8,4194304,1048576,float,sum,87.98,47.67,47.67,0,86.18,48.67,48.67,0,RING,SIMPLE,24,RING,SIMPLE,24,0,RING,A_flag_ceiling
reduce_perf,1,8,8388608,2097152,float,sum,127.68,65.7,65.7,0,124.92,67.15,67.15,0,RING,SIMPLE,24,RING,SIMPLE,24,0,RING,A_flag_ceiling
reduce_perf,1,8,16777216,4194304,float,sum,208.74,80.37,80.37,0,203.11,82.6,82.6,0,RING,SIMPLE,24,RING,SIMPLE,24,0,RING,A_flag_ceiling
reduce_perf,1,8,33554432,8388608,float,sum,344.1,97.51,97.51,0,337.06,99.55,99.55,0,RING,SIMPLE,24,RING,SIMPLE,24,0,RING,A_flag_ceiling
reduce_perf,1,8,67108864,16777216,float,sum,610.1,110.0,110.0,0,595.89,112.62,112.62,0,RING,SIMPLE,24,RING,SIMPLE,24,0,RING,A_flag_ceiling
reduce_perf,1,8,134217728,33554432,float,sum,1096.27,122.43,122.43,0,1076.22,124.71,124.71,0,RING,SIMPLE,24,RING,SIMPLE,24,0,RING,A_flag_ceiling
reduce_perf,1,8,268435456,67108864,float,sum,2056.02,130.56,130.56,0,2031.68,132.12,132.12,0,RING,SIMPLE,24,RING,SIMPLE,24,0,RING,A_flag_ceiling
reduce_perf,1,8,536870912,134217728,float,sum,3920.38,136.94,136.94,0,3944.15,136.12,136.12,0,RING,SIMPLE,24,RING,SIMPLE,24,0,RING,A_flag_ceiling
reduce_perf,1,8,4096,1024,float,sum,14.02,0.29,0.29,0,13.25,0.31,0.31,0,RING,LL,24,RING,LL,24,0,RING,A_flag_ceiling
reduce_perf,1,8,8192,2048,float,sum,13.64,0.6,0.6,0,13.02,0.63,0.63,0,RING,LL,24,RING,LL,24,0,RING,A_flag_ceiling
reduce_perf,1,8,16384,4096,float,sum,15.89,1.03,1.03,0,16.26,1.01,1.01,0,RING,LL,24,RING,LL,24,0,RING,A_flag_ceiling
reduce_perf,1,8,32768,8192,float,sum,16.41,2.0,2.0,0,16.48,1.99,1.99,0,RING,LL,24,RING,LL,24,0,RING,A_flag_ceiling
reduce_perf,1,8,65536,16384,float,sum,15.92,4.12,4.12,0,14.91,4.4,4.4,0,RING,LL,24,RING,LL,24,0,RING,A_flag_ceiling
reduce_perf,1,8,131072,32768,float,sum,20.51,6.39,6.39,0,17.75,7.38,7.38,0,RING,LL,24,RING,LL,24,0,RING,A_flag_ceiling
reduce_perf,1,8,262144,65536,float,sum,19.72,13.3,13.3,0,20.07,13.06,13.06,0,RING,LL,24,RING,LL,24,0,RING,A_flag_ceiling
reduce_perf,1,8,524288,131072,float,sum,25.06,20.92,20.92,0,25.49,20.57,20.57,0,RING,LL,24,RING,LL,24,0,RING,A_flag_ceiling
reduce_perf,1,8,1048576,262144,float,sum,34.01,30.83,30.83,0,34.3,30.57,30.57,0,RING,LL,24,RING,LL,24,0,RING,A_flag_ceiling
reduce_perf,1,8,2097152,524288,float,sum,53.0,39.57,39.57,0,54.15,38.73,38.73,0,RING,LL,24,RING,LL,24,0,RING,A_flag_ceiling
reduce_perf,1,8,4194304,1048576,float,sum,89.63,46.8,46.8,0,91.96,45.61,45.61,0,RING,LL,24,RING,LL,24,0,RING,A_flag_ceiling
reduce_perf,1,8,8388608,2097152,float,sum,165.58,50.66,50.66,0,170.14,49.31,49.31,0,RING,LL,24,RING,LL,24,0,RING,A_flag_ceiling
reduce_perf,1,8,16777216,4194304,float,sum,315.45,53.18,53.18,0,338.16,49.61,49.61,0,RING,LL,24,RING,LL,24,0,RING,A_flag_ceiling
reduce_perf,1,8,33554432,8388608,float,sum,626.65,53.55,53.55,0,650.99,51.54,51.54,0,RING,LL,24,RING,LL,24,0,RING,A_flag_ceiling
reduce_perf,1,8,67108864,16777216,float,sum,1264.59,53.07,53.07,0,1285.91,52.19,52.19,0,RING,LL,24,RING,LL,24,0,RING,A_flag_ceiling
reduce_perf,1,8,134217728,33554432,float,sum,2542.59,52.79,52.79,0,2562.35,52.38,52.38,0,RING,LL,24,RING,LL,24,0,RING,A_flag_ceiling
reduce_perf,1,8,268435456,67108864,float,sum,5098.49,52.65,52.65,0,5119.24,52.44,52.44,0,RING,LL,24,RING,LL,24,0,RING,A_flag_ceiling
reduce_perf,1,8,536870912,134217728,float,sum,10206.8,52.6,52.6,0,10228.4,52.49,52.49,0,RING,LL,24,RING,LL,24,0,RING,A_flag_ceiling
reduce_perf,1,8,4096,1024,float,sum,15.72,0.26,0.26,0,11.38,0.36,0.36,0,RING,SIMPLE,32,RING,SIMPLE,32,0,RING,A_flag_ceiling
reduce_perf,1,8,8192,2048,float,sum,14.55,0.56,0.56,0,12.42,0.66,0.66,0,RING,SIMPLE,32,RING,SIMPLE,32,0,RING,A_flag_ceiling
reduce_perf,1,8,16384,4096,float,sum,15.84,1.03,1.03,0,15.69,1.04,1.04,0,RING,SIMPLE,32,RING,SIMPLE,32,0,RING,A_flag_ceiling
reduce_perf,1,8,32768,8192,float,sum,16.77,1.95,1.95,0,14.81,2.21,2.21,0,RING,SIMPLE,32,RING,SIMPLE,32,0,RING,A_flag_ceiling
reduce_perf,1,8,65536,16384,float,sum,26.36,2.49,2.49,0,25.96,2.52,2.52,0,RING,SIMPLE,32,RING,SIMPLE,32,0,RING,A_flag_ceiling
reduce_perf,1,8,131072,32768,float,sum,36.62,3.58,3.58,0,35.12,3.73,3.73,0,RING,SIMPLE,32,RING,SIMPLE,32,0,RING,A_flag_ceiling
reduce_perf,1,8,262144,65536,float,sum,35.99,7.28,7.28,0,36.04,7.27,7.27,0,RING,SIMPLE,32,RING,SIMPLE,32,0,RING,A_flag_ceiling
reduce_perf,1,8,524288,131072,float,sum,37.2,14.1,14.1,0,37.3,14.06,14.06,0,RING,SIMPLE,32,RING,SIMPLE,32,0,RING,A_flag_ceiling
reduce_perf,1,8,1048576,262144,float,sum,57.0,18.4,18.4,0,55.21,18.99,18.99,0,RING,SIMPLE,32,RING,SIMPLE,32,0,RING,A_flag_ceiling
reduce_perf,1,8,2097152,524288,float,sum,64.02,32.76,32.76,0,62.91,33.34,33.34,0,RING,SIMPLE,32,RING,SIMPLE,32,0,RING,A_flag_ceiling
reduce_perf,1,8,4194304,1048576,float,sum,79.69,52.63,52.63,0,77.58,54.06,54.06,0,RING,SIMPLE,32,RING,SIMPLE,32,0,RING,A_flag_ceiling
reduce_perf,1,8,8388608,2097152,float,sum,110.08,76.21,76.21,0,106.42,78.82,78.82,0,RING,SIMPLE,32,RING,SIMPLE,32,0,RING,A_flag_ceiling
reduce_perf,1,8,16777216,4194304,float,sum,182.42,91.97,91.97,0,174.24,96.29,96.29,0,RING,SIMPLE,32,RING,SIMPLE,32,0,RING,A_flag_ceiling
reduce_perf,1,8,33554432,8388608,float,sum,283.64,118.3,118.3,0,272.23,123.26,123.26,0,RING,SIMPLE,32,RING,SIMPLE,32,0,RING,A_flag_ceiling
reduce_perf,1,8,67108864,16777216,float,sum,502.57,133.53,133.53,0,484.99,138.37,138.37,0,RING,SIMPLE,32,RING,SIMPLE,32,0,RING,A_flag_ceiling
reduce_perf,1,8,134217728,33554432,float,sum,868.61,154.52,154.52,0,844.6,158.91,158.91,0,RING,SIMPLE,32,RING,SIMPLE,32,0,RING,A_flag_ceiling
reduce_perf,1,8,268435456,67108864,float,sum,1623.55,165.34,165.34,0,1599.31,167.84,167.84,0,RING,SIMPLE,32,RING,SIMPLE,32,0,RING,A_flag_ceiling
reduce_perf,1,8,536870912,134217728,float,sum,3029.58,177.21,177.21,0,3027.88,177.31,177.31,0,RING,SIMPLE,32,RING,SIMPLE,32,0,RING,A_flag_ceiling
reduce_perf,1,8,4096,1024,float,sum,16.74,0.24,0.24,0,13.07,0.31,0.31,0,RING,LL,32,RING,LL,32,0,RING,A_flag_ceiling
reduce_perf,1,8,8192,2048,float,sum,14.2,0.58,0.58,0,12.92,0.63,0.63,0,RING,LL,32,RING,LL,32,0,RING,A_flag_ceiling
reduce_perf,1,8,16384,4096,float,sum,16.57,0.99,0.99,0,14.74,1.11,1.11,0,RING,LL,32,RING,LL,32,0,RING,A_flag_ceiling
reduce_perf,1,8,32768,8192,float,sum,17.04,1.92,1.92,0,16.3,2.01,2.01,0,RING,LL,32,RING,LL,32,0,RING,A_flag_ceiling
reduce_perf,1,8,65536,16384,float,sum,15.31,4.28,4.28,0,15.22,4.31,4.31,0,RING,LL,32,RING,LL,32,0,RING,A_flag_ceiling
reduce_perf,1,8,131072,32768,float,sum,18.58,7.05,7.05,0,18.0,7.28,7.28,0,RING,LL,32,RING,LL,32,0,RING,A_flag_ceiling
reduce_perf,1,8,262144,65536,float,sum,18.74,13.99,13.99,0,18.86,13.9,13.9,0,RING,LL,32,RING,LL,32,0,RING,A_flag_ceiling
reduce_perf,1,8,524288,131072,float,sum,21.9,23.94,23.94,0,22.31,23.5,23.5,0,RING,LL,32,RING,LL,32,0,RING,A_flag_ceiling
reduce_perf,1,8,1048576,262144,float,sum,30.73,34.12,34.12,0,29.56,35.47,35.47,0,RING,LL,32,RING,LL,32,0,RING,A_flag_ceiling
reduce_perf,1,8,2097152,524288,float,sum,43.5,48.21,48.21,0,44.05,47.61,47.61,0,RING,LL,32,RING,LL,32,0,RING,A_flag_ceiling
reduce_perf,1,8,4194304,1048576,float,sum,71.47,58.69,58.69,0,72.67,57.72,57.72,0,RING,LL,32,RING,LL,32,0,RING,A_flag_ceiling
reduce_perf,1,8,8388608,2097152,float,sum,130.13,64.46,64.46,0,132.57,63.28,63.28,0,RING,LL,32,RING,LL,32,0,RING,A_flag_ceiling
reduce_perf,1,8,16777216,4194304,float,sum,245.87,68.24,68.24,0,252.91,66.34,66.34,0,RING,LL,32,RING,LL,32,0,RING,A_flag_ceiling
reduce_perf,1,8,33554432,8388608,float,sum,478.55,70.12,70.12,0,493.9,67.94,67.94,0,RING,LL,32,RING,LL,32,0,RING,A_flag_ceiling
reduce_perf,1,8,67108864,16777216,float,sum,962.0,69.76,69.76,0,975.27,68.81,68.81,0,RING,LL,32,RING,LL,32,0,RING,A_flag_ceiling
reduce_perf,1,8,134217728,33554432,float,sum,1929.4,69.56,69.56,0,1934.74,69.37,69.37,0,RING,LL,32,RING,LL,32,0,RING,A_flag_ceiling
reduce_perf,1,8,268435456,67108864,float,sum,3866.79,69.42,69.42,0,3863.01,69.49,69.49,0,RING,LL,32,RING,LL,32,0,RING,A_flag_ceiling
reduce_perf,1,8,536870912,134217728,float,sum,7757.76,69.2,69.2,0,7731.25,69.44,69.44,0,RING,LL,32,RING,LL,32,0,RING,A_flag_ceiling
reduce_perf,1,8,4096,1024,float,sum,14.91,0.27,0.27,0,12.49,0.33,0.33,0,RING,SIMPLE,40,RING,SIMPLE,40,0,RING,A_flag_ceiling
reduce_perf,1,8,8192,2048,float,sum,14.85,0.55,0.55,0,13.58,0.6,0.6,0,RING,SIMPLE,40,RING,SIMPLE,40,0,RING,A_flag_ceiling
reduce_perf,1,8,16384,4096,float,sum,15.66,1.05,1.05,0,14.72,1.11,1.11,0,RING,SIMPLE,40,RING,SIMPLE,40,0,RING,A_flag_ceiling
reduce_perf,1,8,32768,8192,float,sum,16.85,1.94,1.94,0,15.54,2.11,2.11,0,RING,SIMPLE,40,RING,SIMPLE,40,0,RING,A_flag_ceiling
reduce_perf,1,8,65536,16384,float,sum,26.4,2.48,2.48,0,26.29,2.49,2.49,0,RING,SIMPLE,40,RING,SIMPLE,40,0,RING,A_flag_ceiling
reduce_perf,1,8,131072,32768,float,sum,37.03,3.54,3.54,0,35.01,3.74,3.74,0,RING,SIMPLE,40,RING,SIMPLE,40,0,RING,A_flag_ceiling
reduce_perf,1,8,262144,65536,float,sum,35.83,7.32,7.32,0,36.1,7.26,7.26,0,RING,SIMPLE,40,RING,SIMPLE,40,0,RING,A_flag_ceiling
reduce_perf,1,8,524288,131072,float,sum,36.99,14.17,14.17,0,37.17,14.11,14.11,0,RING,SIMPLE,40,RING,SIMPLE,40,0,RING,A_flag_ceiling
reduce_perf,1,8,1048576,262144,float,sum,56.72,18.49,18.49,0,55.12,19.02,19.02,0,RING,SIMPLE,40,RING,SIMPLE,40,0,RING,A_flag_ceiling
reduce_perf,1,8,2097152,524288,float,sum,63.84,32.85,32.85,0,62.85,33.37,33.37,0,RING,SIMPLE,40,RING,SIMPLE,40,0,RING,A_flag_ceiling
reduce_perf,1,8,4194304,1048576,float,sum,76.5,54.83,54.83,0,74.02,56.66,56.66,0,RING,SIMPLE,40,RING,SIMPLE,40,0,RING,A_flag_ceiling
reduce_perf,1,8,8388608,2097152,float,sum,99.75,84.1,84.1,0,96.61,86.83,86.83,0,RING,SIMPLE,40,RING,SIMPLE,40,0,RING,A_flag_ceiling
reduce_perf,1,8,16777216,4194304,float,sum,147.93,113.41,113.41,0,143.86,116.62,116.62,0,RING,SIMPLE,40,RING,SIMPLE,40,0,RING,A_flag_ceiling
reduce_perf,1,8,33554432,8388608,float,sum,244.73,137.11,137.11,0,236.14,142.09,142.09,0,RING,SIMPLE,40,RING,SIMPLE,40,0,RING,A_flag_ceiling
reduce_perf,1,8,67108864,16777216,float,sum,409.03,164.07,164.07,0,396.24,169.36,169.36,0,RING,SIMPLE,40,RING,SIMPLE,40,0,RING,A_flag_ceiling
reduce_perf,1,8,134217728,33554432,float,sum,730.15,183.82,183.82,0,707.13,189.81,189.81,0,RING,SIMPLE,40,RING,SIMPLE,40,0,RING,A_flag_ceiling
reduce_perf,1,8,268435456,67108864,float,sum,1332.42,201.46,201.46,0,1311.35,204.7,204.7,0,RING,SIMPLE,40,RING,SIMPLE,40,0,RING,A_flag_ceiling
reduce_perf,1,8,536870912,134217728,float,sum,2510.75,213.83,213.83,0,2499.3,214.81,214.81,0,RING,SIMPLE,40,RING,SIMPLE,40,0,RING,A_flag_ceiling
reduce_perf,1,8,4096,1024,float,sum,15.67,0.26,0.26,0,12.02,0.34,0.34,0,RING,LL,40,RING,LL,40,0,RING,A_flag_ceiling
reduce_perf,1,8,8192,2048,float,sum,13.37,0.61,0.61,0,13.44,0.61,0.61,0,RING,LL,40,RING,LL,40,0,RING,A_flag_ceiling
reduce_perf,1,8,16384,4096,float,sum,20.38,0.8,0.8,0,16.2,1.01,1.01,0,RING,LL,40,RING,LL,40,0,RING,A_flag_ceiling
reduce_perf,1,8,32768,8192,float,sum,17.18,1.91,1.91,0,16.6,1.97,1.97,0,RING,LL,40,RING,LL,40,0,RING,A_flag_ceiling
reduce_perf,1,8,65536,16384,float,sum,16.0,4.1,4.1,0,15.28,4.29,4.29,0,RING,LL,40,RING,LL,40,0,RING,A_flag_ceiling
reduce_perf,1,8,131072,32768,float,sum,18.8,6.97,6.97,0,17.78,7.37,7.37,0,RING,LL,40,RING,LL,40,0,RING,A_flag_ceiling
reduce_perf,1,8,262144,65536,float,sum,18.92,13.85,13.85,0,18.41,14.24,14.24,0,RING,LL,40,RING,LL,40,0,RING,A_flag_ceiling
reduce_perf,1,8,524288,131072,float,sum,21.85,24.0,24.0,0,22.16,23.66,23.66,0,RING,LL,40,RING,LL,40,0,RING,A_flag_ceiling
reduce_perf,1,8,1048576,262144,float,sum,29.86,35.11,35.11,0,28.86,36.33,36.33,0,RING,LL,40,RING,LL,40,0,RING,A_flag_ceiling
reduce_perf,1,8,2097152,524288,float,sum,38.74,54.14,54.14,0,39.3,53.36,53.36,0,RING,LL,40,RING,LL,40,0,RING,A_flag_ceiling
reduce_perf,1,8,4194304,1048576,float,sum,62.41,67.21,67.21,0,63.33,66.23,66.23,0,RING,LL,40,RING,LL,40,0,RING,A_flag_ceiling
reduce_perf,1,8,8388608,2097152,float,sum,109.17,76.84,76.84,0,112.63,74.48,74.48,0,RING,LL,40,RING,LL,40,0,RING,A_flag_ceiling
reduce_perf,1,8,16777216,4194304,float,sum,203.18,82.57,82.57,0,208.83,80.34,80.34,0,RING,LL,40,RING,LL,40,0,RING,A_flag_ceiling
reduce_perf,1,8,33554432,8388608,float,sum,394.49,85.06,85.06,0,403.72,83.11,83.11,0,RING,LL,40,RING,LL,40,0,RING,A_flag_ceiling
reduce_perf,1,8,67108864,16777216,float,sum,784.84,85.51,85.51,0,794.74,84.44,84.44,0,RING,LL,40,RING,LL,40,0,RING,A_flag_ceiling
reduce_perf,1,8,134217728,33554432,float,sum,1572.66,85.34,85.34,0,1574.2,85.26,85.26,0,RING,LL,40,RING,LL,40,0,RING,A_flag_ceiling
reduce_perf,1,8,268435456,67108864,float,sum,3144.06,85.38,85.38,0,3142.29,85.43,85.43,0,RING,LL,40,RING,LL,40,0,RING,A_flag_ceiling
reduce_perf,1,8,536870912,134217728,float,sum,6288.04,85.38,85.38,0,6284.32,85.43,85.43,0,RING,LL,40,RING,LL,40,0,RING,A_flag_ceiling
reduce_perf,1,8,4096,1024,float,sum,16.16,0.25,0.25,0,11.77,0.35,0.35,0,RING,SIMPLE,48,RING,SIMPLE,48,0,RING,A_flag_ceiling
reduce_perf,1,8,8192,2048,float,sum,12.09,0.68,0.68,0,14.04,0.58,0.58,0,RING,SIMPLE,48,RING,SIMPLE,48,0,RING,A_flag_ceiling
reduce_perf,1,8,16384,4096,float,sum,15.82,1.04,1.04,0,13.54,1.21,1.21,0,RING,SIMPLE,48,RING,SIMPLE,48,0,RING,A_flag_ceiling
reduce_perf,1,8,32768,8192,float,sum,16.1,2.03,2.03,0,14.31,2.29,2.29,0,RING,SIMPLE,48,RING,SIMPLE,48,0,RING,A_flag_ceiling
reduce_perf,1,8,65536,16384,float,sum,26.26,2.5,2.5,0,26.1,2.51,2.51,0,RING,SIMPLE,48,RING,SIMPLE,48,0,RING,A_flag_ceiling
reduce_perf,1,8,131072,32768,float,sum,37.0,3.54,3.54,0,35.37,3.71,3.71,0,RING,SIMPLE,48,RING,SIMPLE,48,0,RING,A_flag_ceiling
reduce_perf,1,8,262144,65536,float,sum,35.91,7.3,7.3,0,36.16,7.25,7.25,0,RING,SIMPLE,48,RING,SIMPLE,48,0,RING,A_flag_ceiling
reduce_perf,1,8,524288,131072,float,sum,37.07,14.14,14.14,0,37.21,14.09,14.09,0,RING,SIMPLE,48,RING,SIMPLE,48,0,RING,A_flag_ceiling
reduce_perf,1,8,1048576,262144,float,sum,55.44,18.91,18.91,0,55.37,18.94,18.94,0,RING,SIMPLE,48,RING,SIMPLE,48,0,RING,A_flag_ceiling
reduce_perf,1,8,2097152,524288,float,sum,60.93,34.42,34.42,0,59.84,35.04,35.04,0,RING,SIMPLE,48,RING,SIMPLE,48,0,RING,A_flag_ceiling
reduce_perf,1,8,4194304,1048576,float,sum,72.54,57.82,57.82,0,70.76,59.27,59.27,0,RING,SIMPLE,48,RING,SIMPLE,48,0,RING,A_flag_ceiling
reduce_perf,1,8,8388608,2097152,float,sum,94.37,88.89,88.89,0,91.16,92.02,92.02,0,RING,SIMPLE,48,RING,SIMPLE,48,0,RING,A_flag_ceiling
reduce_perf,1,8,16777216,4194304,float,sum,136.05,123.32,123.32,0,131.51,127.57,127.57,0,RING,SIMPLE,48,RING,SIMPLE,48,0,RING,A_flag_ceiling
reduce_perf,1,8,33554432,8388608,float,sum,220.45,152.21,152.21,0,211.62,158.56,158.56,0,RING,SIMPLE,48,RING,SIMPLE,48,0,RING,A_flag_ceiling
reduce_perf,1,8,67108864,16777216,float,sum,365.98,183.37,183.37,0,351.02,191.18,191.18,0,RING,SIMPLE,48,RING,SIMPLE,48,0,RING,A_flag_ceiling
reduce_perf,1,8,134217728,33554432,float,sum,662.51,202.59,202.59,0,631.4,212.57,212.57,0,RING,SIMPLE,48,RING,SIMPLE,48,0,RING,A_flag_ceiling
reduce_perf,1,8,268435456,67108864,float,sum,1179.9,227.51,227.51,0,1152.48,232.92,232.92,0,RING,SIMPLE,48,RING,SIMPLE,48,0,RING,A_flag_ceiling
reduce_perf,1,8,536870912,134217728,float,sum,2292.78,234.16,234.16,0,2293.42,234.09,234.09,0,RING,SIMPLE,48,RING,SIMPLE,48,0,RING,A_flag_ceiling
reduce_perf,1,8,4096,1024,float,sum,15.37,0.27,0.27,0,11.62,0.35,0.35,0,RING,LL,48,RING,LL,48,0,RING,A_flag_ceiling
reduce_perf,1,8,8192,2048,float,sum,14.07,0.58,0.58,0,11.98,0.68,0.68,0,RING,LL,48,RING,LL,48,0,RING,A_flag_ceiling
reduce_perf,1,8,16384,4096,float,sum,13.85,1.18,1.18,0,16.78,0.98,0.98,0,RING,LL,48,RING,LL,48,0,RING,A_flag_ceiling
reduce_perf,1,8,32768,8192,float,sum,15.22,2.15,2.15,0,16.68,1.96,1.96,0,RING,LL,48,RING,LL,48,0,RING,A_flag_ceiling
reduce_perf,1,8,65536,16384,float,sum,15.71,4.17,4.17,0,14.85,4.41,4.41,0,RING,LL,48,RING,LL,48,0,RING,A_flag_ceiling
reduce_perf,1,8,131072,32768,float,sum,18.53,7.07,7.07,0,17.79,7.37,7.37,0,RING,LL,48,RING,LL,48,0,RING,A_flag_ceiling
reduce_perf,1,8,262144,65536,float,sum,19.2,13.65,13.65,0,18.41,14.24,14.24,0,RING,LL,48,RING,LL,48,0,RING,A_flag_ceiling
reduce_perf,1,8,524288,131072,float,sum,20.33,25.79,25.79,0,20.42,25.68,25.68,0,RING,LL,48,RING,LL,48,0,RING,A_flag_ceiling
reduce_perf,1,8,1048576,262144,float,sum,28.84,36.35,36.35,0,27.59,38.0,38.0,0,RING,LL,48,RING,LL,48,0,RING,A_flag_ceiling
reduce_perf,1,8,2097152,524288,float,sum,35.49,59.09,59.09,0,36.22,57.9,57.9,0,RING,LL,48,RING,LL,48,0,RING,A_flag_ceiling
reduce_perf,1,8,4194304,1048576,float,sum,55.41,75.7,75.7,0,56.6,74.1,74.1,0,RING,LL,48,RING,LL,48,0,RING,A_flag_ceiling
reduce_perf,1,8,8388608,2097152,float,sum,94.53,88.74,88.74,0,96.39,87.03,87.03,0,RING,LL,48,RING,LL,48,0,RING,A_flag_ceiling
reduce_perf,1,8,16777216,4194304,float,sum,175.05,95.84,95.84,0,179.43,93.5,93.5,0,RING,LL,48,RING,LL,48,0,RING,A_flag_ceiling
reduce_perf,1,8,33554432,8388608,float,sum,335.49,100.02,100.02,0,343.92,97.56,97.56,0,RING,LL,48,RING,LL,48,0,RING,A_flag_ceiling
reduce_perf,1,8,67108864,16777216,float,sum,667.03,100.61,100.61,0,673.4,99.66,99.66,0,RING,LL,48,RING,LL,48,0,RING,A_flag_ceiling
reduce_perf,1,8,134217728,33554432,float,sum,1325.17,101.28,101.28,0,1328.69,101.02,101.02,0,RING,LL,48,RING,LL,48,0,RING,A_flag_ceiling
reduce_perf,1,8,268435456,67108864,float,sum,2648.4,101.36,101.36,0,2644.71,101.5,101.5,0,RING,LL,48,RING,LL,48,0,RING,A_flag_ceiling
reduce_perf,1,8,536870912,134217728,float,sum,5288.64,101.51,101.51,0,5276.32,101.75,101.75,0,RING,LL,48,RING,LL,48,0,RING,A_flag_ceiling
reduce_perf,1,8,4096,1024,float,sum,16.63,0.25,0.25,0,11.5,0.36,0.36,0,RING,SIMPLE,56,RING,SIMPLE,56,0,RING,A_flag_ceiling
reduce_perf,1,8,8192,2048,float,sum,13.15,0.62,0.62,0,11.89,0.69,0.69,0,RING,SIMPLE,56,RING,SIMPLE,56,0,RING,A_flag_ceiling
reduce_perf,1,8,16384,4096,float,sum,16.85,0.97,0.97,0,15.04,1.09,1.09,0,RING,SIMPLE,56,RING,SIMPLE,56,0,RING,A_flag_ceiling
reduce_perf,1,8,32768,8192,float,sum,15.62,2.1,2.1,0,15.42,2.13,2.13,0,RING,SIMPLE,56,RING,SIMPLE,56,0,RING,A_flag_ceiling
reduce_perf,1,8,65536,16384,float,sum,26.39,2.48,2.48,0,26.12,2.51,2.51,0,RING,SIMPLE,56,RING,SIMPLE,56,0,RING,A_flag_ceiling
reduce_perf,1,8,131072,32768,float,sum,36.74,3.57,3.57,0,35.71,3.67,3.67,0,RING,SIMPLE,56,RING,SIMPLE,56,0,RING,A_flag_ceiling
reduce_perf,1,8,262144,65536,float,sum,36.64,7.15,7.15,0,36.19,7.24,7.24,0,RING,SIMPLE,56,RING,SIMPLE,56,0,RING,A_flag_ceiling
reduce_perf,1,8,524288,131072,float,sum,37.16,14.11,14.11,0,37.2,14.09,14.09,0,RING,SIMPLE,56,RING,SIMPLE,56,0,RING,A_flag_ceiling
reduce_perf,1,8,1048576,262144,float,sum,56.19,18.66,18.66,0,55.32,18.95,18.95,0,RING,SIMPLE,56,RING,SIMPLE,56,0,RING,A_flag_ceiling
reduce_perf,1,8,2097152,524288,float,sum,61.02,34.37,34.37,0,60.06,34.92,34.92,0,RING,SIMPLE,56,RING,SIMPLE,56,0,RING,A_flag_ceiling
reduce_perf,1,8,4194304,1048576,float,sum,70.04,59.89,59.89,0,67.77,61.89,61.89,0,RING,SIMPLE,56,RING,SIMPLE,56,0,RING,A_flag_ceiling
reduce_perf,1,8,8388608,2097152,float,sum,90.39,92.8,92.8,0,86.94,96.48,96.48,0,RING,SIMPLE,56,RING,SIMPLE,56,0,RING,A_flag_ceiling
reduce_perf,1,8,16777216,4194304,float,sum,127.42,131.67,131.67,0,122.42,137.04,137.04,0,RING,SIMPLE,56,RING,SIMPLE,56,0,RING,A_flag_ceiling
reduce_perf,1,8,33554432,8388608,float,sum,204.83,163.82,163.82,0,197.02,170.31,170.31,0,RING,SIMPLE,56,RING,SIMPLE,56,0,RING,A_flag_ceiling
reduce_perf,1,8,67108864,16777216,float,sum,331.16,202.65,202.65,0,317.6,211.3,211.3,0,RING,SIMPLE,56,RING,SIMPLE,56,0,RING,A_flag_ceiling
reduce_perf,1,8,134217728,33554432,float,sum,597.11,224.78,224.78,0,569.99,235.47,235.47,0,RING,SIMPLE,56,RING,SIMPLE,56,0,RING,A_flag_ceiling
reduce_perf,1,8,268435456,67108864,float,sum,1053.86,254.72,254.72,0,1019.69,263.25,263.25,0,RING,SIMPLE,56,RING,SIMPLE,56,0,RING,A_flag_ceiling
reduce_perf,1,8,536870912,134217728,float,sum,2058.51,260.81,260.81,0,2053.68,261.42,261.42,0,RING,SIMPLE,56,RING,SIMPLE,56,0,RING,A_flag_ceiling
reduce_perf,1,8,4096,1024,float,sum,15.49,0.26,0.26,0,13.4,0.31,0.31,0,RING,LL,56,RING,LL,56,0,RING,A_flag_ceiling
reduce_perf,1,8,8192,2048,float,sum,14.23,0.58,0.58,0,14.09,0.58,0.58,0,RING,LL,56,RING,LL,56,0,RING,A_flag_ceiling
reduce_perf,1,8,16384,4096,float,sum,16.04,1.02,1.02,0,17.36,0.94,0.94,0,RING,LL,56,RING,LL,56,0,RING,A_flag_ceiling
reduce_perf,1,8,32768,8192,float,sum,17.13,1.91,1.91,0,16.77,1.95,1.95,0,RING,LL,56,RING,LL,56,0,RING,A_flag_ceiling
reduce_perf,1,8,65536,16384,float,sum,16.55,3.96,3.96,0,16.08,4.07,4.07,0,RING,LL,56,RING,LL,56,0,RING,A_flag_ceiling
reduce_perf,1,8,131072,32768,float,sum,19.23,6.81,6.81,0,18.3,7.16,7.16,0,RING,LL,56,RING,LL,56,0,RING,A_flag_ceiling
reduce_perf,1,8,262144,65536,float,sum,19.47,13.46,13.46,0,19.39,13.52,13.52,0,RING,LL,56,RING,LL,56,0,RING,A_flag_ceiling
reduce_perf,1,8,524288,131072,float,sum,20.15,26.02,26.02,0,20.31,25.82,25.82,0,RING,LL,56,RING,LL,56,0,RING,A_flag_ceiling
reduce_perf,1,8,1048576,262144,float,sum,27.47,38.17,38.17,0,26.02,40.3,40.3,0,RING,LL,56,RING,LL,56,0,RING,A_flag_ceiling
reduce_perf,1,8,2097152,524288,float,sum,33.94,61.79,61.79,0,34.68,60.47,60.47,0,RING,LL,56,RING,LL,56,0,RING,A_flag_ceiling
reduce_perf,1,8,4194304,1048576,float,sum,50.65,82.8,82.8,0,51.19,81.93,81.93,0,RING,LL,56,RING,LL,56,0,RING,A_flag_ceiling
reduce_perf,1,8,8388608,2097152,float,sum,85.28,98.36,98.36,0,86.55,96.92,96.92,0,RING,LL,56,RING,LL,56,0,RING,A_flag_ceiling
reduce_perf,1,8,16777216,4194304,float,sum,153.8,109.08,109.08,0,157.86,106.28,106.28,0,RING,LL,56,RING,LL,56,0,RING,A_flag_ceiling
reduce_perf,1,8,33554432,8388608,float,sum,293.39,114.37,114.37,0,300.2,111.77,111.77,0,RING,LL,56,RING,LL,56,0,RING,A_flag_ceiling
reduce_perf,1,8,67108864,16777216,float,sum,576.28,116.45,116.45,0,582.22,115.26,115.26,0,RING,LL,56,RING,LL,56,0,RING,A_flag_ceiling
reduce_perf,1,8,134217728,33554432,float,sum,1142.78,117.45,117.45,0,1147.37,116.98,116.98,0,RING,LL,56,RING,LL,56,0,RING,A_flag_ceiling
reduce_perf,1,8,268435456,67108864,float,sum,2272.15,118.14,118.14,0,2279.57,117.76,117.76,0,RING,LL,56,RING,LL,56,0,RING,A_flag_ceiling
reduce_perf,1,8,536870912,134217728,float,sum,4521.58,118.74,118.74,0,4550.33,117.98,117.98,0,RING,LL,56,RING,LL,56,0,RING,A_flag_ceiling
