collective,num_nodes,num_gpus,size_bytes,count,data_type,redop,time_oop_us,algbw_oop,busbw_oop,errors_oop,time_ip_us,algbw_ip,busbw_ip,errors_ip,algo,proto,nchannels,requested_algo,requested_proto,requested_nchannels,substituted,measured_algo_raw,nchannels_source
reduce_perf,2,16,4096,1024,float,sum,18.43,0.22,0.22,0,17.54,0.23,0.23,0,RING,SIMPLE,1,RING,SIMPLE,1,0,RING,A_flag_ceiling
reduce_perf,2,16,8192,2048,float,sum,17.44,0.47,0.47,0,17.3,0.47,0.47,0,RING,SIMPLE,1,RING,SIMPLE,1,0,RING,A_flag_ceiling
reduce_perf,2,16,16384,4096,float,sum,18.97,0.86,0.86,0,18.73,0.87,0.87,0,RING,SIMPLE,1,RING,SIMPLE,1,0,RING,A_flag_ceiling
reduce_perf,2,16,32768,8192,float,sum,19.4,1.69,1.69,0,19.62,1.67,1.67,0,RING,SIMPLE,1,RING,SIMPLE,1,0,RING,A_flag_ceiling
reduce_perf,2,16,65536,16384,float,sum,22.92,2.86,2.86,0,23.01,2.85,2.85,0,RING,SIMPLE,1,RING,SIMPLE,1,0,RING,A_flag_ceiling
reduce_perf,2,16,131072,32768,float,sum,33.35,3.93,3.93,0,31.74,4.13,4.13,0,RING,SIMPLE,1,RING,SIMPLE,1,0,RING,A_flag_ceiling
reduce_perf,2,16,262144,65536,float,sum,48.56,5.4,5.4,0,48.88,5.36,5.36,0,RING,SIMPLE,1,RING,SIMPLE,1,0,RING,A_flag_ceiling
reduce_perf,2,16,524288,131072,float,sum,64.79,8.09,8.09,0,65.0,8.07,8.07,0,RING,SIMPLE,1,RING,SIMPLE,1,0,RING,A_flag_ceiling
reduce_perf,2,16,1048576,262144,float,sum,115.82,9.05,9.05,0,115.98,9.04,9.04,0,RING,SIMPLE,1,RING,SIMPLE,1,0,RING,A_flag_ceiling
reduce_perf,2,16,2097152,524288,float,sum,179.63,11.67,11.67,0,178.91,11.72,11.72,0,RING,SIMPLE,1,RING,SIMPLE,1,0,RING,A_flag_ceiling
reduce_perf,2,16,4194304,1048576,float,sum,339.19,12.37,12.37,0,336.64,12.46,12.46,0,RING,SIMPLE,1,RING,SIMPLE,1,0,RING,A_flag_ceiling
reduce_perf,2,16,8388608,2097152,float,sum,577.31,14.53,14.53,0,566.01,14.82,14.82,0,RING,SIMPLE,1,RING,SIMPLE,1,0,RING,A_flag_ceiling
reduce_perf,2,16,16777216,4194304,float,sum,1099.69,15.26,15.26,0,1099.78,15.26,15.26,0,RING,SIMPLE,1,RING,SIMPLE,1,0,RING,A_flag_ceiling
reduce_perf,2,16,33554432,8388608,float,sum,1927.22,17.41,17.41,0,1914.07,17.53,17.53,0,RING,SIMPLE,1,RING,SIMPLE,1,0,RING,A_flag_ceiling
reduce_perf,2,16,67108864,16777216,float,sum,3818.48,17.57,17.57,0,3799.25,17.66,17.66,0,RING,SIMPLE,1,RING,SIMPLE,1,0,RING,A_flag_ceiling
reduce_perf,2,16,134217728,33554432,float,sum,7602.39,17.65,17.65,0,7563.95,17.74,17.74,0,RING,SIMPLE,1,RING,SIMPLE,1,0,RING,A_flag_ceiling
reduce_perf,2,16,268435456,67108864,float,sum,15169.7,17.7,17.7,0,15139.6,17.73,17.73,0,RING,SIMPLE,1,RING,SIMPLE,1,0,RING,A_flag_ceiling
reduce_perf,2,16,536870912,134217728,float,sum,30341.7,17.69,17.69,0,30451.7,17.63,17.63,0,RING,SIMPLE,1,RING,SIMPLE,1,0,RING,A_flag_ceiling
reduce_perf,2,16,4096,1024,float,sum,17.28,0.24,0.24,0,15.56,0.26,0.26,0,RING,LL,1,RING,LL,1,0,RING,A_flag_ceiling
reduce_perf,2,16,8192,2048,float,sum,15.17,0.54,0.54,0,15.49,0.53,0.53,0,RING,LL,1,RING,LL,1,0,RING,A_flag_ceiling
reduce_perf,2,16,16384,4096,float,sum,19.34,0.85,0.85,0,19.29,0.85,0.85,0,RING,LL,1,RING,LL,1,0,RING,A_flag_ceiling
reduce_perf,2,16,32768,8192,float,sum,23.21,1.41,1.41,0,23.1,1.42,1.42,0,RING,LL,1,RING,LL,1,0,RING,A_flag_ceiling
reduce_perf,2,16,65536,16384,float,sum,34.97,1.87,1.87,0,34.78,1.88,1.88,0,RING,LL,1,RING,LL,1,0,RING,A_flag_ceiling
reduce_perf,2,16,131072,32768,float,sum,58.31,2.25,2.25,0,58.48,2.24,2.24,0,RING,LL,1,RING,LL,1,0,RING,A_flag_ceiling
reduce_perf,2,16,262144,65536,float,sum,110.0,2.38,2.38,0,115.02,2.28,2.28,0,RING,LL,1,RING,LL,1,0,RING,A_flag_ceiling
reduce_perf,2,16,524288,131072,float,sum,217.39,2.41,2.41,0,219.16,2.39,2.39,0,RING,LL,1,RING,LL,1,0,RING,A_flag_ceiling
reduce_perf,2,16,1048576,262144,float,sum,431.81,2.43,2.43,0,433.45,2.42,2.42,0,RING,LL,1,RING,LL,1,0,RING,A_flag_ceiling
reduce_perf,2,16,2097152,524288,float,sum,861.82,2.43,2.43,0,862.56,2.43,2.43,0,RING,LL,1,RING,LL,1,0,RING,A_flag_ceiling
reduce_perf,2,16,4194304,1048576,float,sum,1714.6,2.45,2.45,0,1720.74,2.44,2.44,0,RING,LL,1,RING,LL,1,0,RING,A_flag_ceiling
reduce_perf,2,16,8388608,2097152,float,sum,3438.52,2.44,2.44,0,3439.74,2.44,2.44,0,RING,LL,1,RING,LL,1,0,RING,A_flag_ceiling
reduce_perf,2,16,16777216,4194304,float,sum,6866.35,2.44,2.44,0,6899.37,2.43,2.43,0,RING,LL,1,RING,LL,1,0,RING,A_flag_ceiling
reduce_perf,2,16,33554432,8388608,float,sum,13740.2,2.44,2.44,0,13788.8,2.43,2.43,0,RING,LL,1,RING,LL,1,0,RING,A_flag_ceiling
reduce_perf,2,16,67108864,16777216,float,sum,27554.1,2.44,2.44,0,27592.3,2.43,2.43,0,RING,LL,1,RING,LL,1,0,RING,A_flag_ceiling
reduce_perf,2,16,134217728,33554432,float,sum,55064.5,2.44,2.44,0,55232.7,2.43,2.43,0,RING,LL,1,RING,LL,1,0,RING,A_flag_ceiling
reduce_perf,2,16,268435456,67108864,float,sum,110322.0,2.43,2.43,0,110334.0,2.43,2.43,0,RING,LL,1,RING,LL,1,0,RING,A_flag_ceiling
reduce_perf,2,16,536870912,134217728,float,sum,220481.0,2.43,2.43,0,221029.0,2.43,2.43,0,RING,LL,1,RING,LL,1,0,RING,A_flag_ceiling
reduce_perf,2,16,4096,1024,float,sum,19.06,0.21,0.21,0,27.69,0.15,0.15,0,RING,LL128,1,RING,LL128,1,0,RING,A_flag_ceiling
reduce_perf,2,16,8192,2048,float,sum,80.45,0.1,0.1,0,15.94,0.51,0.51,0,RING,LL128,1,RING,LL128,1,0,RING,A_flag_ceiling
reduce_perf,2,16,16384,4096,float,sum,18.52,0.88,0.88,0,17.58,0.93,0.93,0,RING,LL128,1,RING,LL128,1,0,RING,A_flag_ceiling
reduce_perf,2,16,32768,8192,float,sum,18.3,1.79,1.79,0,17.07,1.92,1.92,0,RING,LL128,1,RING,LL128,1,0,RING,A_flag_ceiling
reduce_perf,2,16,65536,16384,float,sum,19.36,3.39,3.39,0,19.6,3.34,3.34,0,RING,LL128,1,RING,LL128,1,0,RING,A_flag_ceiling
reduce_perf,2,16,131072,32768,float,sum,27.43,4.78,4.78,0,25.85,5.07,5.07,0,RING,LL128,1,RING,LL128,1,0,RING,A_flag_ceiling
reduce_perf,2,16,262144,65536,float,sum,37.71,6.95,6.95,0,37.69,6.96,6.96,0,RING,LL128,1,RING,LL128,1,0,RING,A_flag_ceiling
reduce_perf,2,16,524288,131072,float,sum,61.07,8.59,8.59,0,61.3,8.55,8.55,0,RING,LL128,1,RING,LL128,1,0,RING,A_flag_ceiling
reduce_perf,2,16,1048576,262144,float,sum,109.17,9.6,9.6,0,108.91,9.63,9.63,0,RING,LL128,1,RING,LL128,1,0,RING,A_flag_ceiling
reduce_perf,2,16,2097152,524288,float,sum,204.52,10.25,10.25,0,204.54,10.25,10.25,0,RING,LL128,1,RING,LL128,1,0,RING,A_flag_ceiling
reduce_perf,2,16,4194304,1048576,float,sum,396.41,10.58,10.58,0,395.37,10.61,10.61,0,RING,LL128,1,RING,LL128,1,0,RING,A_flag_ceiling
reduce_perf,2,16,8388608,2097152,float,sum,782.66,10.72,10.72,0,780.31,10.75,10.75,0,RING,LL128,1,RING,LL128,1,0,RING,A_flag_ceiling
reduce_perf,2,16,16777216,4194304,float,sum,1552.7,10.81,10.81,0,1551.64,10.81,10.81,0,RING,LL128,1,RING,LL128,1,0,RING,A_flag_ceiling
reduce_perf,2,16,33554432,8388608,float,sum,3099.53,10.83,10.83,0,3102.32,10.82,10.82,0,RING,LL128,1,RING,LL128,1,0,RING,A_flag_ceiling
reduce_perf,2,16,67108864,16777216,float,sum,6190.39,10.84,10.84,0,6200.55,10.82,10.82,0,RING,LL128,1,RING,LL128,1,0,RING,A_flag_ceiling
reduce_perf,2,16,134217728,33554432,float,sum,12383.5,10.84,10.84,0,12394.9,10.83,10.83,0,RING,LL128,1,RING,LL128,1,0,RING,A_flag_ceiling
reduce_perf,2,16,268435456,67108864,float,sum,24757.0,10.84,10.84,0,24802.8,10.82,10.82,0,RING,LL128,1,RING,LL128,1,0,RING,A_flag_ceiling
reduce_perf,2,16,536870912,134217728,float,sum,49481.5,10.85,10.85,0,49506.9,10.84,10.84,0,RING,LL128,1,RING,LL128,1,0,RING,A_flag_ceiling
reduce_perf,2,16,4096,1024,float,sum,18.66,0.22,0.22,0,18.67,0.22,0.22,0,RING,SIMPLE,2,RING,SIMPLE,2,0,RING,A_flag_ceiling
reduce_perf,2,16,8192,2048,float,sum,19.97,0.41,0.41,0,16.46,0.5,0.5,0,RING,SIMPLE,2,RING,SIMPLE,2,0,RING,A_flag_ceiling
reduce_perf,2,16,16384,4096,float,sum,19.14,0.86,0.86,0,18.8,0.87,0.87,0,RING,SIMPLE,2,RING,SIMPLE,2,0,RING,A_flag_ceiling
reduce_perf,2,16,32768,8192,float,sum,45.17,0.73,0.73,0,44.71,0.73,0.73,0,RING,SIMPLE,2,RING,SIMPLE,2,0,RING,A_flag_ceiling
reduce_perf,2,16,65536,16384,float,sum,54.43,1.2,1.2,0,54.6,1.2,1.2,0,RING,SIMPLE,2,RING,SIMPLE,2,0,RING,A_flag_ceiling
reduce_perf,2,16,131072,32768,float,sum,59.77,2.19,2.19,0,59.73,2.19,2.19,0,RING,SIMPLE,2,RING,SIMPLE,2,0,RING,A_flag_ceiling
reduce_perf,2,16,262144,65536,float,sum,69.81,3.76,3.76,0,69.97,3.75,3.75,0,RING,SIMPLE,2,RING,SIMPLE,2,0,RING,A_flag_ceiling
reduce_perf,2,16,524288,131072,float,sum,90.29,5.81,5.81,0,90.03,5.82,5.82,0,RING,SIMPLE,2,RING,SIMPLE,2,0,RING,A_flag_ceiling
reduce_perf,2,16,1048576,262144,float,sum,122.17,8.58,8.58,0,121.01,8.67,8.67,0,RING,SIMPLE,2,RING,SIMPLE,2,0,RING,A_flag_ceiling
reduce_perf,2,16,2097152,524288,float,sum,174.53,12.02,12.02,0,173.05,12.12,12.12,0,RING,SIMPLE,2,RING,SIMPLE,2,0,RING,A_flag_ceiling
reduce_perf,2,16,4194304,1048576,float,sum,269.93,15.54,15.54,0,263.0,15.95,15.95,0,RING,SIMPLE,2,RING,SIMPLE,2,0,RING,A_flag_ceiling
reduce_perf,2,16,8388608,2097152,float,sum,431.75,19.43,19.43,0,422.58,19.85,19.85,0,RING,SIMPLE,2,RING,SIMPLE,2,0,RING,A_flag_ceiling
reduce_perf,2,16,16777216,4194304,float,sum,713.09,23.53,23.53,0,696.35,24.09,24.09,0,RING,SIMPLE,2,RING,SIMPLE,2,0,RING,A_flag_ceiling
reduce_perf,2,16,33554432,8388608,float,sum,1251.09,26.82,26.82,0,1227.09,27.34,27.34,0,RING,SIMPLE,2,RING,SIMPLE,2,0,RING,A_flag_ceiling
reduce_perf,2,16,67108864,16777216,float,sum,2301.62,29.16,29.16,0,2259.18,29.7,29.7,0,RING,SIMPLE,2,RING,SIMPLE,2,0,RING,A_flag_ceiling
reduce_perf,2,16,134217728,33554432,float,sum,4290.48,31.28,31.28,0,4230.2,31.73,31.73,0,RING,SIMPLE,2,RING,SIMPLE,2,0,RING,A_flag_ceiling
reduce_perf,2,16,268435456,67108864,float,sum,8339.68,32.19,32.19,0,8223.49,32.64,32.64,0,RING,SIMPLE,2,RING,SIMPLE,2,0,RING,A_flag_ceiling
reduce_perf,2,16,536870912,134217728,float,sum,16699.0,32.15,32.15,0,16661.5,32.22,32.22,0,RING,SIMPLE,2,RING,SIMPLE,2,0,RING,A_flag_ceiling
reduce_perf,2,16,4096,1024,float,sum,17.94,0.23,0.23,0,16.36,0.25,0.25,0,RING,LL,2,RING,LL,2,0,RING,A_flag_ceiling
reduce_perf,2,16,8192,2048,float,sum,26.5,0.31,0.31,0,26.02,0.31,0.31,0,RING,LL,2,RING,LL,2,0,RING,A_flag_ceiling
reduce_perf,2,16,16384,4096,float,sum,30.61,0.54,0.54,0,32.48,0.5,0.5,0,RING,LL,2,RING,LL,2,0,RING,A_flag_ceiling
reduce_perf,2,16,32768,8192,float,sum,36.39,0.9,0.9,0,38.58,0.85,0.85,0,RING,LL,2,RING,LL,2,0,RING,A_flag_ceiling
reduce_perf,2,16,65536,16384,float,sum,42.32,1.55,1.55,0,45.12,1.45,1.45,0,RING,LL,2,RING,LL,2,0,RING,A_flag_ceiling
reduce_perf,2,16,131072,32768,float,sum,55.01,2.38,2.38,0,55.43,2.36,2.36,0,RING,LL,2,RING,LL,2,0,RING,A_flag_ceiling
reduce_perf,2,16,262144,65536,float,sum,81.79,3.21,3.21,0,81.97,3.2,3.2,0,RING,LL,2,RING,LL,2,0,RING,A_flag_ceiling
reduce_perf,2,16,524288,131072,float,sum,134.98,3.88,3.88,0,137.88,3.8,3.8,0,RING,LL,2,RING,LL,2,0,RING,A_flag_ceiling
reduce_perf,2,16,1048576,262144,float,sum,244.86,4.28,4.28,0,244.04,4.3,4.3,0,RING,LL,2,RING,LL,2,0,RING,A_flag_ceiling
reduce_perf,2,16,2097152,524288,float,sum,454.61,4.61,4.61,0,455.93,4.6,4.6,0,RING,LL,2,RING,LL,2,0,RING,A_flag_ceiling
reduce_perf,2,16,4194304,1048576,float,sum,885.81,4.73,4.73,0,880.39,4.76,4.76,0,RING,LL,2,RING,LL,2,0,RING,A_flag_ceiling
reduce_perf,2,16,8388608,2097152,float,sum,1736.83,4.83,4.83,0,1728.99,4.85,4.85,0,RING,LL,2,RING,LL,2,0,RING,A_flag_ceiling
reduce_perf,2,16,16777216,4194304,float,sum,3455.77,4.85,4.85,0,3447.97,4.87,4.87,0,RING,LL,2,RING,LL,2,0,RING,A_flag_ceiling
reduce_perf,2,16,33554432,8388608,float,sum,6900.31,4.86,4.86,0,6874.7,4.88,4.88,0,RING,LL,2,RING,LL,2,0,RING,A_flag_ceiling
reduce_perf,2,16,67108864,16777216,float,sum,13804.1,4.86,4.86,0,13771.3,4.87,4.87,0,RING,LL,2,RING,LL,2,0,RING,A_flag_ceiling
reduce_perf,2,16,134217728,33554432,float,sum,27576.1,4.87,4.87,0,27536.5,4.87,4.87,0,RING,LL,2,RING,LL,2,0,RING,A_flag_ceiling
reduce_perf,2,16,268435456,67108864,float,sum,55273.2,4.86,4.86,0,55043.3,4.88,4.88,0,RING,LL,2,RING,LL,2,0,RING,A_flag_ceiling
reduce_perf,2,16,536870912,134217728,float,sum,110518.0,4.86,4.86,0,110323.0,4.87,4.87,0,RING,LL,2,RING,LL,2,0,RING,A_flag_ceiling
reduce_perf,2,16,4096,1024,float,sum,18.64,0.22,0.22,0,16.7,0.25,0.25,0,RING,LL128,2,RING,LL128,2,0,RING,A_flag_ceiling
reduce_perf,2,16,8192,2048,float,sum,16.52,0.5,0.5,0,15.96,0.51,0.51,0,RING,LL128,2,RING,LL128,2,0,RING,A_flag_ceiling
reduce_perf,2,16,16384,4096,float,sum,18.02,0.91,0.91,0,17.36,0.94,0.94,0,RING,LL128,2,RING,LL128,2,0,RING,A_flag_ceiling
reduce_perf,2,16,32768,8192,float,sum,32.78,1.0,1.0,0,666.92,0.05,0.05,0,RING,LL128,2,RING,LL128,2,0,RING,A_flag_ceiling
reduce_perf,2,16,65536,16384,float,sum,36.94,1.77,1.77,0,36.99,1.77,1.77,0,RING,LL128,2,RING,LL128,2,0,RING,A_flag_ceiling
reduce_perf,2,16,131072,32768,float,sum,44.53,2.94,2.94,0,44.56,2.94,2.94,0,RING,LL128,2,RING,LL128,2,0,RING,A_flag_ceiling
reduce_perf,2,16,262144,65536,float,sum,54.83,4.78,4.78,0,55.11,4.76,4.76,0,RING,LL128,2,RING,LL128,2,0,RING,A_flag_ceiling
reduce_perf,2,16,524288,131072,float,sum,67.9,7.72,7.72,0,68.4,7.66,7.66,0,RING,LL128,2,RING,LL128,2,0,RING,A_flag_ceiling
reduce_perf,2,16,1048576,262144,float,sum,93.39,11.23,11.23,0,95.37,11.0,11.0,0,RING,LL128,2,RING,LL128,2,0,RING,A_flag_ceiling
reduce_perf,2,16,2097152,524288,float,sum,142.45,14.72,14.72,0,143.24,14.64,14.64,0,RING,LL128,2,RING,LL128,2,0,RING,A_flag_ceiling
reduce_perf,2,16,4194304,1048576,float,sum,241.6,17.36,17.36,0,243.02,17.26,17.26,0,RING,LL128,2,RING,LL128,2,0,RING,A_flag_ceiling
reduce_perf,2,16,8388608,2097152,float,sum,440.58,19.04,19.04,0,439.88,19.07,19.07,0,RING,LL128,2,RING,LL128,2,0,RING,A_flag_ceiling
reduce_perf,2,16,16777216,4194304,float,sum,835.64,20.08,20.08,0,834.34,20.11,20.11,0,RING,LL128,2,RING,LL128,2,0,RING,A_flag_ceiling
reduce_perf,2,16,33554432,8388608,float,sum,1625.03,20.65,20.65,0,1625.51,20.64,20.64,0,RING,LL128,2,RING,LL128,2,0,RING,A_flag_ceiling
reduce_perf,2,16,67108864,16777216,float,sum,3226.53,20.8,20.8,0,3233.92,20.75,20.75,0,RING,LL128,2,RING,LL128,2,0,RING,A_flag_ceiling
reduce_perf,2,16,134217728,33554432,float,sum,6432.41,20.87,20.87,0,6513.06,20.61,20.61,0,RING,LL128,2,RING,LL128,2,0,RING,A_flag_ceiling
reduce_perf,2,16,268435456,67108864,float,sum,12855.8,20.88,20.88,0,12913.8,20.79,20.79,0,RING,LL128,2,RING,LL128,2,0,RING,A_flag_ceiling
reduce_perf,2,16,536870912,134217728,float,sum,25600.9,20.97,20.97,0,25798.7,20.81,20.81,0,RING,LL128,2,RING,LL128,2,0,RING,A_flag_ceiling
reduce_perf,2,16,4096,1024,float,sum,19.54,0.21,0.21,0,18.0,0.23,0.23,0,RING,SIMPLE,4,RING,SIMPLE,4,0,RING,A_flag_ceiling
reduce_perf,2,16,8192,2048,float,sum,17.46,0.47,0.47,0,17.74,0.46,0.46,0,RING,SIMPLE,4,RING,SIMPLE,4,0,RING,A_flag_ceiling
reduce_perf,2,16,16384,4096,float,sum,18.51,0.89,0.89,0,18.56,0.88,0.88,0,RING,SIMPLE,4,RING,SIMPLE,4,0,RING,A_flag_ceiling
reduce_perf,2,16,32768,8192,float,sum,45.76,0.72,0.72,0,45.77,0.72,0.72,0,RING,SIMPLE,4,RING,SIMPLE,4,0,RING,A_flag_ceiling
reduce_perf,2,16,65536,16384,float,sum,66.96,0.98,0.98,0,66.46,0.99,0.99,0,RING,SIMPLE,4,RING,SIMPLE,4,0,RING,A_flag_ceiling
reduce_perf,2,16,131072,32768,float,sum,81.34,1.61,1.61,0,81.88,1.6,1.6,0,RING,SIMPLE,4,RING,SIMPLE,4,0,RING,A_flag_ceiling
reduce_perf,2,16,262144,65536,float,sum,87.14,3.01,3.01,0,86.71,3.02,3.02,0,RING,SIMPLE,4,RING,SIMPLE,4,0,RING,A_flag_ceiling
reduce_perf,2,16,524288,131072,float,sum,97.92,5.35,5.35,0,97.13,5.4,5.4,0,RING,SIMPLE,4,RING,SIMPLE,4,0,RING,A_flag_ceiling
reduce_perf,2,16,1048576,262144,float,sum,117.9,8.89,8.89,0,117.92,8.89,8.89,0,RING,SIMPLE,4,RING,SIMPLE,4,0,RING,A_flag_ceiling
reduce_perf,2,16,2097152,524288,float,sum,161.79,12.96,12.96,0,159.57,13.14,13.14,0,RING,SIMPLE,4,RING,SIMPLE,4,0,RING,A_flag_ceiling
reduce_perf,2,16,4194304,1048576,float,sum,217.92,19.25,19.25,0,215.69,19.45,19.45,0,RING,SIMPLE,4,RING,SIMPLE,4,0,RING,A_flag_ceiling
reduce_perf,2,16,8388608,2097152,float,sum,338.04,24.82,24.82,0,332.99,25.19,25.19,0,RING,SIMPLE,4,RING,SIMPLE,4,0,RING,A_flag_ceiling
reduce_perf,2,16,16777216,4194304,float,sum,508.08,33.02,33.02,0,500.29,33.53,33.53,0,RING,SIMPLE,4,RING,SIMPLE,4,0,RING,A_flag_ceiling
reduce_perf,2,16,33554432,8388608,float,sum,858.48,39.09,39.09,0,845.91,39.67,39.67,0,RING,SIMPLE,4,RING,SIMPLE,4,0,RING,A_flag_ceiling
reduce_perf,2,16,67108864,16777216,float,sum,1443.54,46.49,46.49,0,1420.29,47.25,47.25,0,RING,SIMPLE,4,RING,SIMPLE,4,0,RING,A_flag_ceiling
reduce_perf,2,16,134217728,33554432,float,sum,2674.3,50.19,50.19,0,2629.06,51.05,51.05,0,RING,SIMPLE,4,RING,SIMPLE,4,0,RING,A_flag_ceiling
reduce_perf,2,16,268435456,67108864,float,sum,4858.63,55.25,55.25,0,4802.66,55.89,55.89,0,RING,SIMPLE,4,RING,SIMPLE,4,0,RING,A_flag_ceiling
reduce_perf,2,16,536870912,134217728,float,sum,9196.19,58.38,58.38,0,9226.69,58.19,58.19,0,RING,SIMPLE,4,RING,SIMPLE,4,0,RING,A_flag_ceiling
reduce_perf,2,16,4096,1024,float,sum,17.46,0.23,0.23,0,15.87,0.26,0.26,0,RING,LL,4,RING,LL,4,0,RING,A_flag_ceiling
reduce_perf,2,16,8192,2048,float,sum,26.06,0.31,0.31,0,25.92,0.32,0.32,0,RING,LL,4,RING,LL,4,0,RING,A_flag_ceiling
reduce_perf,2,16,16384,4096,float,sum,39.08,0.42,0.42,0,37.73,0.43,0.43,0,RING,LL,4,RING,LL,4,0,RING,A_flag_ceiling
reduce_perf,2,16,32768,8192,float,sum,44.14,0.74,0.74,0,44.13,0.74,0.74,0,RING,LL,4,RING,LL,4,0,RING,A_flag_ceiling
reduce_perf,2,16,65536,16384,float,sum,53.98,1.21,1.21,0,53.75,1.22,1.22,0,RING,LL,4,RING,LL,4,0,RING,A_flag_ceiling
reduce_perf,2,16,131072,32768,float,sum,62.23,2.11,2.11,0,61.29,2.14,2.14,0,RING,LL,4,RING,LL,4,0,RING,A_flag_ceiling
reduce_perf,2,16,262144,65536,float,sum,75.19,3.49,3.49,0,75.58,3.47,3.47,0,RING,LL,4,RING,LL,4,0,RING,A_flag_ceiling
reduce_perf,2,16,524288,131072,float,sum,102.72,5.1,5.1,0,102.66,5.11,5.11,0,RING,LL,4,RING,LL,4,0,RING,A_flag_ceiling
reduce_perf,2,16,1048576,262144,float,sum,157.69,6.65,6.65,0,158.37,6.62,6.62,0,RING,LL,4,RING,LL,4,0,RING,A_flag_ceiling
reduce_perf,2,16,2097152,524288,float,sum,267.87,7.83,7.83,0,270.39,7.76,7.76,0,RING,LL,4,RING,LL,4,0,RING,A_flag_ceiling
reduce_perf,2,16,4194304,1048576,float,sum,487.98,8.6,8.6,0,492.88,8.51,8.51,0,RING,LL,4,RING,LL,4,0,RING,A_flag_ceiling
reduce_perf,2,16,8388608,2097152,float,sum,928.11,9.04,9.04,0,935.66,8.97,8.97,0,RING,LL,4,RING,LL,4,0,RING,A_flag_ceiling
reduce_perf,2,16,16777216,4194304,float,sum,1822.22,9.21,9.21,0,1834.31,9.15,9.15,0,RING,LL,4,RING,LL,4,0,RING,A_flag_ceiling
reduce_perf,2,16,33554432,8388608,float,sum,3651.66,9.19,9.19,0,3645.19,9.21,9.21,0,RING,LL,4,RING,LL,4,0,RING,A_flag_ceiling
reduce_perf,2,16,67108864,16777216,float,sum,7346.22,9.14,9.14,0,7279.81,9.22,9.22,0,RING,LL,4,RING,LL,4,0,RING,A_flag_ceiling
reduce_perf,2,16,134217728,33554432,float,sum,14756.7,9.1,9.1,0,14559.2,9.22,9.22,0,RING,LL,4,RING,LL,4,0,RING,A_flag_ceiling
reduce_perf,2,16,268435456,67108864,float,sum,29534.6,9.09,9.09,0,29112.8,9.22,9.22,0,RING,LL,4,RING,LL,4,0,RING,A_flag_ceiling
reduce_perf,2,16,536870912,134217728,float,sum,59117.0,9.08,9.08,0,58238.0,9.22,9.22,0,RING,LL,4,RING,LL,4,0,RING,A_flag_ceiling
reduce_perf,2,16,4096,1024,float,sum,19.01,0.22,0.22,0,15.57,0.26,0.26,0,RING,LL128,4,RING,LL128,4,0,RING,A_flag_ceiling
reduce_perf,2,16,8192,2048,float,sum,15.42,0.53,0.53,0,15.48,0.53,0.53,0,RING,LL128,4,RING,LL128,4,0,RING,A_flag_ceiling
reduce_perf,2,16,16384,4096,float,sum,16.34,1.0,1.0,0,17.22,0.95,0.95,0,RING,LL128,4,RING,LL128,4,0,RING,A_flag_ceiling
reduce_perf,2,16,32768,8192,float,sum,33.08,0.99,0.99,0,32.69,1.0,1.0,0,RING,LL128,4,RING,LL128,4,0,RING,A_flag_ceiling
reduce_perf,2,16,65536,16384,float,sum,46.98,1.39,1.39,0,48.8,1.34,1.34,0,RING,LL128,4,RING,LL128,4,0,RING,A_flag_ceiling
reduce_perf,2,16,131072,32768,float,sum,53.6,2.45,2.45,0,53.7,2.44,2.44,0,RING,LL128,4,RING,LL128,4,0,RING,A_flag_ceiling
reduce_perf,2,16,262144,65536,float,sum,64.66,4.05,4.05,0,65.14,4.02,4.02,0,RING,LL128,4,RING,LL128,4,0,RING,A_flag_ceiling
reduce_perf,2,16,524288,131072,float,sum,79.51,6.59,6.59,0,79.47,6.6,6.6,0,RING,LL128,4,RING,LL128,4,0,RING,A_flag_ceiling
reduce_perf,2,16,1048576,262144,float,sum,93.4,11.23,11.23,0,93.64,11.2,11.2,0,RING,LL128,4,RING,LL128,4,0,RING,A_flag_ceiling
reduce_perf,2,16,2097152,524288,float,sum,120.36,17.42,17.42,0,120.57,17.39,17.39,0,RING,LL128,4,RING,LL128,4,0,RING,A_flag_ceiling
reduce_perf,2,16,4194304,1048576,float,sum,174.03,24.1,24.1,0,172.51,24.31,24.31,0,RING,LL128,4,RING,LL128,4,0,RING,A_flag_ceiling
reduce_perf,2,16,8388608,2097152,float,sum,277.45,30.24,30.24,0,275.97,30.4,30.4,0,RING,LL128,4,RING,LL128,4,0,RING,A_flag_ceiling
reduce_perf,2,16,16777216,4194304,float,sum,483.0,34.74,34.74,0,481.92,34.81,34.81,0,RING,LL128,4,RING,LL128,4,0,RING,A_flag_ceiling
reduce_perf,2,16,33554432,8388608,float,sum,898.02,37.36,37.36,0,896.56,37.43,37.43,0,RING,LL128,4,RING,LL128,4,0,RING,A_flag_ceiling
reduce_perf,2,16,67108864,16777216,float,sum,1729.93,38.79,38.79,0,1727.57,38.85,38.85,0,RING,LL128,4,RING,LL128,4,0,RING,A_flag_ceiling
reduce_perf,2,16,134217728,33554432,float,sum,3409.78,39.36,39.36,0,3398.58,39.49,39.49,0,RING,LL128,4,RING,LL128,4,0,RING,A_flag_ceiling
reduce_perf,2,16,268435456,67108864,float,sum,6836.85,39.26,39.26,0,6767.02,39.67,39.67,0,RING,LL128,4,RING,LL128,4,0,RING,A_flag_ceiling
reduce_perf,2,16,536870912,134217728,float,sum,13601.6,39.47,39.47,0,13508.0,39.74,39.74,0,RING,LL128,4,RING,LL128,4,0,RING,A_flag_ceiling
reduce_perf,2,16,4096,1024,float,sum,18.48,0.22,0.22,0,17.82,0.23,0.23,0,RING,SIMPLE,8,RING,SIMPLE,8,0,RING,A_flag_ceiling
reduce_perf,2,16,8192,2048,float,sum,18.56,0.44,0.44,0,17.48,0.47,0.47,0,RING,SIMPLE,8,RING,SIMPLE,8,0,RING,A_flag_ceiling
reduce_perf,2,16,16384,4096,float,sum,19.25,0.85,0.85,0,17.9,0.92,0.92,0,RING,SIMPLE,8,RING,SIMPLE,8,0,RING,A_flag_ceiling
reduce_perf,2,16,32768,8192,float,sum,45.48,0.72,0.72,0,44.69,0.73,0.73,0,RING,SIMPLE,8,RING,SIMPLE,8,0,RING,A_flag_ceiling
reduce_perf,2,16,65536,16384,float,sum,66.6,0.98,0.98,0,66.72,0.98,0.98,0,RING,SIMPLE,8,RING,SIMPLE,8,0,RING,A_flag_ceiling
reduce_perf,2,16,131072,32768,float,sum,70.46,1.86,1.86,0,70.44,1.86,1.86,0,RING,SIMPLE,8,RING,SIMPLE,8,0,RING,A_flag_ceiling
reduce_perf,2,16,262144,65536,float,sum,86.77,3.02,3.02,0,86.87,3.02,3.02,0,RING,SIMPLE,8,RING,SIMPLE,8,0,RING,A_flag_ceiling
reduce_perf,2,16,524288,131072,float,sum,92.28,5.68,5.68,0,92.33,5.68,5.68,0,RING,SIMPLE,8,RING,SIMPLE,8,0,RING,A_flag_ceiling
reduce_perf,2,16,1048576,262144,float,sum,103.65,10.12,10.12,0,102.73,10.21,10.21,0,RING,SIMPLE,8,RING,SIMPLE,8,0,RING,A_flag_ceiling
reduce_perf,2,16,2097152,524288,float,sum,124.54,16.84,16.84,0,123.61,16.97,16.97,0,RING,SIMPLE,8,RING,SIMPLE,8,0,RING,A_flag_ceiling
reduce_perf,2,16,4194304,1048576,float,sum,169.89,24.69,24.69,0,168.51,24.89,24.89,0,RING,SIMPLE,8,RING,SIMPLE,8,0,RING,A_flag_ceiling
reduce_perf,2,16,8388608,2097152,float,sum,226.62,37.02,37.02,0,224.14,37.43,37.43,0,RING,SIMPLE,8,RING,SIMPLE,8,0,RING,A_flag_ceiling
reduce_perf,2,16,16777216,4194304,float,sum,350.91,47.81,47.81,0,343.38,48.86,48.86,0,RING,SIMPLE,8,RING,SIMPLE,8,0,RING,A_flag_ceiling
reduce_perf,2,16,33554432,8388608,float,sum,522.08,64.27,64.27,0,513.01,65.41,65.41,0,RING,SIMPLE,8,RING,SIMPLE,8,0,RING,A_flag_ceiling
reduce_perf,2,16,67108864,16777216,float,sum,883.73,75.94,75.94,0,863.83,77.69,77.69,0,RING,SIMPLE,8,RING,SIMPLE,8,0,RING,A_flag_ceiling
reduce_perf,2,16,134217728,33554432,float,sum,1473.6,91.08,91.08,0,1439.83,93.22,93.22,0,RING,SIMPLE,8,RING,SIMPLE,8,0,RING,A_flag_ceiling
reduce_perf,2,16,268435456,67108864,float,sum,2750.1,97.61,97.61,0,2712.01,98.98,98.98,0,RING,SIMPLE,8,RING,SIMPLE,8,0,RING,A_flag_ceiling
reduce_perf,2,16,536870912,134217728,float,sum,4969.5,108.03,108.03,0,4960.29,108.23,108.23,0,RING,SIMPLE,8,RING,SIMPLE,8,0,RING,A_flag_ceiling
reduce_perf,2,16,4096,1024,float,sum,16.79,0.24,0.24,0,16.24,0.25,0.25,0,RING,LL,8,RING,LL,8,0,RING,A_flag_ceiling
reduce_perf,2,16,8192,2048,float,sum,26.53,0.31,0.31,0,25.54,0.32,0.32,0,RING,LL,8,RING,LL,8,0,RING,A_flag_ceiling
reduce_perf,2,16,16384,4096,float,sum,39.39,0.42,0.42,0,38.19,0.43,0.43,0,RING,LL,8,RING,LL,8,0,RING,A_flag_ceiling
reduce_perf,2,16,32768,8192,float,sum,40.01,0.82,0.82,0,39.63,0.83,0.83,0,RING,LL,8,RING,LL,8,0,RING,A_flag_ceiling
reduce_perf,2,16,65536,16384,float,sum,46.04,1.42,1.42,0,45.72,1.43,1.43,0,RING,LL,8,RING,LL,8,0,RING,A_flag_ceiling
reduce_perf,2,16,131072,32768,float,sum,56.37,2.33,2.33,0,56.14,2.33,2.33,0,RING,LL,8,RING,LL,8,0,RING,A_flag_ceiling
reduce_perf,2,16,262144,65536,float,sum,63.88,4.1,4.1,0,63.6,4.12,4.12,0,RING,LL,8,RING,LL,8,0,RING,A_flag_ceiling
reduce_perf,2,16,524288,131072,float,sum,78.22,6.7,6.7,0,78.84,6.65,6.65,0,RING,LL,8,RING,LL,8,0,RING,A_flag_ceiling
reduce_perf,2,16,1048576,262144,float,sum,106.81,9.82,9.82,0,106.94,9.81,9.81,0,RING,LL,8,RING,LL,8,0,RING,A_flag_ceiling
reduce_perf,2,16,2097152,524288,float,sum,163.38,12.84,12.84,0,164.3,12.76,12.76,0,RING,LL,8,RING,LL,8,0,RING,A_flag_ceiling
reduce_perf,2,16,4194304,1048576,float,sum,275.16,15.24,15.24,0,278.9,15.04,15.04,0,RING,LL,8,RING,LL,8,0,RING,A_flag_ceiling
reduce_perf,2,16,8388608,2097152,float,sum,499.9,16.78,16.78,0,506.83,16.55,16.55,0,RING,LL,8,RING,LL,8,0,RING,A_flag_ceiling
reduce_perf,2,16,16777216,4194304,float,sum,949.69,17.67,17.67,0,960.45,17.47,17.47,0,RING,LL,8,RING,LL,8,0,RING,A_flag_ceiling
reduce_perf,2,16,33554432,8388608,float,sum,1865.34,17.99,17.99,0,1883.46,17.82,17.82,0,RING,LL,8,RING,LL,8,0,RING,A_flag_ceiling
reduce_perf,2,16,67108864,16777216,float,sum,3737.32,17.96,17.96,0,3712.58,18.08,18.08,0,RING,LL,8,RING,LL,8,0,RING,A_flag_ceiling
reduce_perf,2,16,134217728,33554432,float,sum,7486.43,17.93,17.93,0,7371.21,18.21,18.21,0,RING,LL,8,RING,LL,8,0,RING,A_flag_ceiling
reduce_perf,2,16,268435456,67108864,float,sum,14981.1,17.92,17.92,0,14726.3,18.23,18.23,0,RING,LL,8,RING,LL,8,0,RING,A_flag_ceiling
reduce_perf,2,16,536870912,134217728,float,sum,29954.6,17.92,17.92,0,29376.1,18.28,18.28,0,RING,LL,8,RING,LL,8,0,RING,A_flag_ceiling
reduce_perf,2,16,4096,1024,float,sum,18.67,0.22,0.22,0,16.99,0.24,0.24,0,RING,LL128,8,RING,LL128,8,0,RING,A_flag_ceiling
reduce_perf,2,16,8192,2048,float,sum,15.59,0.53,0.53,0,15.99,0.51,0.51,0,RING,LL128,8,RING,LL128,8,0,RING,A_flag_ceiling
reduce_perf,2,16,16384,4096,float,sum,17.49,0.94,0.94,0,17.0,0.96,0.96,0,RING,LL128,8,RING,LL128,8,0,RING,A_flag_ceiling
reduce_perf,2,16,32768,8192,float,sum,32.75,1.0,1.0,0,32.35,1.01,1.01,0,RING,LL128,8,RING,LL128,8,0,RING,A_flag_ceiling
reduce_perf,2,16,65536,16384,float,sum,47.18,1.39,1.39,0,46.76,1.4,1.4,0,RING,LL128,8,RING,LL128,8,0,RING,A_flag_ceiling
reduce_perf,2,16,131072,32768,float,sum,50.11,2.62,2.62,0,50.26,2.61,2.61,0,RING,LL128,8,RING,LL128,8,0,RING,A_flag_ceiling
reduce_perf,2,16,262144,65536,float,sum,56.51,4.64,4.64,0,57.49,4.56,4.56,0,RING,LL128,8,RING,LL128,8,0,RING,A_flag_ceiling
reduce_perf,2,16,524288,131072,float,sum,68.55,7.65,7.65,0,68.92,7.61,7.61,0,RING,LL128,8,RING,LL128,8,0,RING,A_flag_ceiling
reduce_perf,2,16,1048576,262144,float,sum,83.87,12.5,12.5,0,84.23,12.45,12.45,0,RING,LL128,8,RING,LL128,8,0,RING,A_flag_ceiling
reduce_perf,2,16,2097152,524288,float,sum,97.74,21.46,21.46,0,98.4,21.31,21.31,0,RING,LL128,8,RING,LL128,8,0,RING,A_flag_ceiling
reduce_perf,2,16,4194304,1048576,float,sum,125.63,33.39,33.39,0,125.46,33.43,33.43,0,RING,LL128,8,RING,LL128,8,0,RING,A_flag_ceiling
reduce_perf,2,16,8388608,2097152,float,sum,179.33,46.78,46.78,0,179.99,46.61,46.61,0,RING,LL128,8,RING,LL128,8,0,RING,A_flag_ceiling
reduce_perf,2,16,16777216,4194304,float,sum,284.73,58.92,58.92,0,285.53,58.76,58.76,0,RING,LL128,8,RING,LL128,8,0,RING,A_flag_ceiling
reduce_perf,2,16,33554432,8388608,float,sum,496.45,67.59,67.59,0,497.73,67.42,67.42,0,RING,LL128,8,RING,LL128,8,0,RING,A_flag_ceiling
reduce_perf,2,16,67108864,16777216,float,sum,924.68,72.58,72.58,0,925.77,72.49,72.49,0,RING,LL128,8,RING,LL128,8,0,RING,A_flag_ceiling
reduce_perf,2,16,134217728,33554432,float,sum,1776.19,75.56,75.56,0,1776.29,75.56,75.56,0,RING,LL128,8,RING,LL128,8,0,RING,A_flag_ceiling
reduce_perf,2,16,268435456,67108864,float,sum,3478.57,77.17,77.17,0,3480.51,77.13,77.13,0,RING,LL128,8,RING,LL128,8,0,RING,A_flag_ceiling
reduce_perf,2,16,536870912,134217728,float,sum,6888.97,77.93,77.93,0,6884.81,77.98,77.98,0,RING,LL128,8,RING,LL128,8,0,RING,A_flag_ceiling
reduce_perf,2,16,4096,1024,float,sum,20.95,0.2,0.2,0,18.95,0.22,0.22,0,RING,SIMPLE,16,RING,SIMPLE,16,0,RING,A_flag_ceiling
reduce_perf,2,16,8192,2048,float,sum,17.47,0.47,0.47,0,17.66,0.46,0.46,0,RING,SIMPLE,16,RING,SIMPLE,16,0,RING,A_flag_ceiling
reduce_perf,2,16,16384,4096,float,sum,18.82,0.87,0.87,0,17.83,0.92,0.92,0,RING,SIMPLE,16,RING,SIMPLE,16,0,RING,A_flag_ceiling
reduce_perf,2,16,32768,8192,float,sum,45.91,0.71,0.71,0,44.9,0.73,0.73,0,RING,SIMPLE,16,RING,SIMPLE,16,0,RING,A_flag_ceiling
reduce_perf,2,16,65536,16384,float,sum,66.83,0.98,0.98,0,67.12,0.98,0.98,0,RING,SIMPLE,16,RING,SIMPLE,16,0,RING,A_flag_ceiling
reduce_perf,2,16,131072,32768,float,sum,70.91,1.85,1.85,0,70.8,1.85,1.85,0,RING,SIMPLE,16,RING,SIMPLE,16,0,RING,A_flag_ceiling
reduce_perf,2,16,262144,65536,float,sum,71.98,3.64,3.64,0,71.43,3.67,3.67,0,RING,SIMPLE,16,RING,SIMPLE,16,0,RING,A_flag_ceiling
reduce_perf,2,16,524288,131072,float,sum,89.59,5.85,5.85,0,88.94,5.9,5.9,0,RING,SIMPLE,16,RING,SIMPLE,16,0,RING,A_flag_ceiling
reduce_perf,2,16,1048576,262144,float,sum,95.37,11.0,11.0,0,94.6,11.08,11.08,0,RING,SIMPLE,16,RING,SIMPLE,16,0,RING,A_flag_ceiling
reduce_perf,2,16,2097152,524288,float,sum,105.94,19.8,19.8,0,105.24,19.93,19.93,0,RING,SIMPLE,16,RING,SIMPLE,16,0,RING,A_flag_ceiling
reduce_perf,2,16,4194304,1048576,float,sum,127.39,32.92,32.92,0,125.99,33.29,33.29,0,RING,SIMPLE,16,RING,SIMPLE,16,0,RING,A_flag_ceiling
reduce_perf,2,16,8388608,2097152,float,sum,173.93,48.23,48.23,0,171.7,48.86,48.86,0,RING,SIMPLE,16,RING,SIMPLE,16,0,RING,A_flag_ceiling
reduce_perf,2,16,16777216,4194304,float,sum,230.42,72.81,72.81,0,227.97,73.59,73.59,0,RING,SIMPLE,16,RING,SIMPLE,16,0,RING,A_flag_ceiling
reduce_perf,2,16,33554432,8388608,float,sum,349.82,95.92,95.92,0,341.69,98.2,98.2,0,RING,SIMPLE,16,RING,SIMPLE,16,0,RING,A_flag_ceiling
reduce_perf,2,16,67108864,16777216,float,sum,524.41,127.97,127.97,0,513.87,130.59,130.59,0,RING,SIMPLE,16,RING,SIMPLE,16,0,RING,A_flag_ceiling
reduce_perf,2,16,134217728,33554432,float,sum,896.72,149.68,149.68,0,878.32,152.81,152.81,0,RING,SIMPLE,16,RING,SIMPLE,16,0,RING,A_flag_ceiling
reduce_perf,2,16,268435456,67108864,float,sum,1498.6,179.12,179.12,0,1479.87,181.39,181.39,0,RING,SIMPLE,16,RING,SIMPLE,16,0,RING,A_flag_ceiling
reduce_perf,2,16,536870912,134217728,float,sum,2774.29,193.52,193.52,0,2772.71,193.63,193.63,0,RING,SIMPLE,16,RING,SIMPLE,16,0,RING,A_flag_ceiling
reduce_perf,2,16,4096,1024,float,sum,17.1,0.24,0.24,0,16.49,0.25,0.25,0,RING,LL,16,RING,LL,16,0,RING,A_flag_ceiling
reduce_perf,2,16,8192,2048,float,sum,26.22,0.31,0.31,0,25.47,0.32,0.32,0,RING,LL,16,RING,LL,16,0,RING,A_flag_ceiling
reduce_perf,2,16,16384,4096,float,sum,40.45,0.41,0.41,0,38.16,0.43,0.43,0,RING,LL,16,RING,LL,16,0,RING,A_flag_ceiling
reduce_perf,2,16,32768,8192,float,sum,39.82,0.82,0.82,0,39.78,0.82,0.82,0,RING,LL,16,RING,LL,16,0,RING,A_flag_ceiling
reduce_perf,2,16,65536,16384,float,sum,42.22,1.55,1.55,0,44.73,1.47,1.47,0,RING,LL,16,RING,LL,16,0,RING,A_flag_ceiling
reduce_perf,2,16,131072,32768,float,sum,48.25,2.72,2.72,0,48.1,2.72,2.72,0,RING,LL,16,RING,LL,16,0,RING,A_flag_ceiling
reduce_perf,2,16,262144,65536,float,sum,59.57,4.4,4.4,0,63.58,4.12,4.12,0,RING,LL,16,RING,LL,16,0,RING,A_flag_ceiling
reduce_perf,2,16,524288,131072,float,sum,68.1,7.7,7.7,0,67.62,7.75,7.75,0,RING,LL,16,RING,LL,16,0,RING,A_flag_ceiling
reduce_perf,2,16,1048576,262144,float,sum,82.52,12.71,12.71,0,83.52,12.55,12.55,0,RING,LL,16,RING,LL,16,0,RING,A_flag_ceiling
reduce_perf,2,16,2097152,524288,float,sum,110.64,18.95,18.95,0,111.66,18.78,18.78,0,RING,LL,16,RING,LL,16,0,RING,A_flag_ceiling
reduce_perf,2,16,4194304,1048576,float,sum,177.05,23.69,23.69,0,178.25,23.53,23.53,0,RING,LL,16,RING,LL,16,0,RING,A_flag_ceiling
reduce_perf,2,16,8388608,2097152,float,sum,294.21,28.51,28.51,0,295.59,28.38,28.38,0,RING,LL,16,RING,LL,16,0,RING,A_flag_ceiling
reduce_perf,2,16,16777216,4194304,float,sum,529.41,31.69,31.69,0,535.8,31.31,31.31,0,RING,LL,16,RING,LL,16,0,RING,A_flag_ceiling
reduce_perf,2,16,33554432,8388608,float,sum,1003.86,33.43,33.43,0,1009.76,33.23,33.23,0,RING,LL,16,RING,LL,16,0,RING,A_flag_ceiling
reduce_perf,2,16,67108864,16777216,float,sum,1952.21,34.38,34.38,0,1965.11,34.15,34.15,0,RING,LL,16,RING,LL,16,0,RING,A_flag_ceiling
reduce_perf,2,16,134217728,33554432,float,sum,3865.46,34.72,34.72,0,3874.65,34.64,34.64,0,RING,LL,16,RING,LL,16,0,RING,A_flag_ceiling
reduce_perf,2,16,268435456,67108864,float,sum,7700.98,34.86,34.86,0,7712.02,34.81,34.81,0,RING,LL,16,RING,LL,16,0,RING,A_flag_ceiling
reduce_perf,2,16,536870912,134217728,float,sum,15392.9,34.88,34.88,0,15387.9,34.89,34.89,0,RING,LL,16,RING,LL,16,0,RING,A_flag_ceiling
reduce_perf,2,16,4096,1024,float,sum,17.01,0.24,0.24,0,16.31,0.25,0.25,0,RING,LL128,16,RING,LL128,16,0,RING,A_flag_ceiling
reduce_perf,2,16,8192,2048,float,sum,17.45,0.47,0.47,0,16.94,0.48,0.48,0,RING,LL128,16,RING,LL128,16,0,RING,A_flag_ceiling
reduce_perf,2,16,16384,4096,float,sum,17.13,0.96,0.96,0,17.95,0.91,0.91,0,RING,LL128,16,RING,LL128,16,0,RING,A_flag_ceiling
reduce_perf,2,16,32768,8192,float,sum,33.22,0.99,0.99,0,32.48,1.01,1.01,0,RING,LL128,16,RING,LL128,16,0,RING,A_flag_ceiling
reduce_perf,2,16,65536,16384,float,sum,47.38,1.38,1.38,0,46.77,1.4,1.4,0,RING,LL128,16,RING,LL128,16,0,RING,A_flag_ceiling
reduce_perf,2,16,131072,32768,float,sum,50.11,2.62,2.62,0,49.38,2.65,2.65,0,RING,LL128,16,RING,LL128,16,0,RING,A_flag_ceiling
reduce_perf,2,16,262144,65536,float,sum,50.59,5.18,5.18,0,51.09,5.13,5.13,0,RING,LL128,16,RING,LL128,16,0,RING,A_flag_ceiling
reduce_perf,2,16,524288,131072,float,sum,58.0,9.04,9.04,0,58.59,8.95,8.95,0,RING,LL128,16,RING,LL128,16,0,RING,A_flag_ceiling
reduce_perf,2,16,1048576,262144,float,sum,71.43,14.68,14.68,0,70.87,14.79,14.79,0,RING,LL128,16,RING,LL128,16,0,RING,A_flag_ceiling
reduce_perf,2,16,2097152,524288,float,sum,87.24,24.04,24.04,0,87.61,23.94,23.94,0,RING,LL128,16,RING,LL128,16,0,RING,A_flag_ceiling
reduce_perf,2,16,4194304,1048576,float,sum,101.81,41.2,41.2,0,102.68,40.85,40.85,0,RING,LL128,16,RING,LL128,16,0,RING,A_flag_ceiling
reduce_perf,2,16,8388608,2097152,float,sum,131.32,63.88,63.88,0,137.15,61.16,61.16,0,RING,LL128,16,RING,LL128,16,0,RING,A_flag_ceiling
reduce_perf,2,16,16777216,4194304,float,sum,186.19,90.11,90.11,0,187.17,89.64,89.64,0,RING,LL128,16,RING,LL128,16,0,RING,A_flag_ceiling
reduce_perf,2,16,33554432,8388608,float,sum,297.57,112.76,112.76,0,297.3,112.87,112.87,0,RING,LL128,16,RING,LL128,16,0,RING,A_flag_ceiling
reduce_perf,2,16,67108864,16777216,float,sum,522.46,128.45,128.45,0,520.26,128.99,128.99,0,RING,LL128,16,RING,LL128,16,0,RING,A_flag_ceiling
reduce_perf,2,16,134217728,33554432,float,sum,967.47,138.73,138.73,0,963.12,139.36,139.36,0,RING,LL128,16,RING,LL128,16,0,RING,A_flag_ceiling
reduce_perf,2,16,268435456,67108864,float,sum,1855.37,144.68,144.68,0,1849.63,145.13,145.13,0,RING,LL128,16,RING,LL128,16,0,RING,A_flag_ceiling
reduce_perf,2,16,536870912,134217728,float,sum,3642.69,147.38,147.38,0,3617.36,148.41,148.41,0,RING,LL128,16,RING,LL128,16,0,RING,A_flag_ceiling
reduce_perf,2,16,4096,1024,float,sum,19.75,0.21,0.21,0,17.88,0.23,0.23,0,RING,SIMPLE,24,RING,SIMPLE,24,0,RING,A_flag_ceiling
reduce_perf,2,16,8192,2048,float,sum,18.1,0.45,0.45,0,17.59,0.47,0.47,0,RING,SIMPLE,24,RING,SIMPLE,24,0,RING,A_flag_ceiling
reduce_perf,2,16,16384,4096,float,sum,19.52,0.84,0.84,0,18.38,0.89,0.89,0,RING,SIMPLE,24,RING,SIMPLE,24,0,RING,A_flag_ceiling
reduce_perf,2,16,32768,8192,float,sum,45.54,0.72,0.72,0,45.11,0.73,0.73,0,RING,SIMPLE,24,RING,SIMPLE,24,0,RING,A_flag_ceiling
reduce_perf,2,16,65536,16384,float,sum,67.0,0.98,0.98,0,66.49,0.99,0.99,0,RING,SIMPLE,24,RING,SIMPLE,24,0,RING,A_flag_ceiling
reduce_perf,2,16,131072,32768,float,sum,70.47,1.86,1.86,0,70.54,1.86,1.86,0,RING,SIMPLE,24,RING,SIMPLE,24,0,RING,A_flag_ceiling
reduce_perf,2,16,262144,65536,float,sum,71.67,3.66,3.66,0,71.85,3.65,3.65,0,RING,SIMPLE,24,RING,SIMPLE,24,0,RING,A_flag_ceiling
reduce_perf,2,16,524288,131072,float,sum,89.3,5.87,5.87,0,89.38,5.87,5.87,0,RING,SIMPLE,24,RING,SIMPLE,24,0,RING,A_flag_ceiling
reduce_perf,2,16,1048576,262144,float,sum,96.04,10.92,10.92,0,95.12,11.02,11.02,0,RING,SIMPLE,24,RING,SIMPLE,24,0,RING,A_flag_ceiling
reduce_perf,2,16,2097152,524288,float,sum,104.24,20.12,20.12,0,103.18,20.33,20.33,0,RING,SIMPLE,24,RING,SIMPLE,24,0,RING,A_flag_ceiling
reduce_perf,2,16,4194304,1048576,float,sum,118.79,35.31,35.31,0,130.39,32.17,32.17,0,RING,SIMPLE,24,RING,SIMPLE,24,0,RING,A_flag_ceiling
reduce_perf,2,16,8388608,2097152,float,sum,148.44,56.51,56.51,0,146.58,57.23,57.23,0,RING,SIMPLE,24,RING,SIMPLE,24,0,RING,A_flag_ceiling
reduce_perf,2,16,16777216,4194304,float,sum,199.52,84.09,84.09,0,196.55,85.36,85.36,0,RING,SIMPLE,24,RING,SIMPLE,24,0,RING,A_flag_ceiling
reduce_perf,2,16,33554432,8388608,float,sum,278.28,120.58,120.58,0,272.65,123.07,123.07,0,RING,SIMPLE,24,RING,SIMPLE,24,0,RING,A_flag_ceiling
reduce_perf,2,16,67108864,16777216,float,sum,427.57,156.95,156.95,0,419.62,159.93,159.93,0,RING,SIMPLE,24,RING,SIMPLE,24,0,RING,A_flag_ceiling
reduce_perf,2,16,134217728,33554432,float,sum,673.88,199.17,199.17,0,655.89,204.64,204.64,0,RING,SIMPLE,24,RING,SIMPLE,24,0,RING,A_flag_ceiling
reduce_perf,2,16,268435456,67108864,float,sum,1150.52,233.32,233.32,0,1137.86,235.91,235.91,0,RING,SIMPLE,24,RING,SIMPLE,24,0,RING,A_flag_ceiling
reduce_perf,2,16,536870912,134217728,float,sum,2000.83,268.32,268.32,0,1998.93,268.58,268.58,0,RING,SIMPLE,24,RING,SIMPLE,24,0,RING,A_flag_ceiling
reduce_perf,2,16,4096,1024,float,sum,15.77,0.26,0.26,0,15.61,0.26,0.26,0,RING,LL,24,RING,LL,24,0,RING,A_flag_ceiling
reduce_perf,2,16,8192,2048,float,sum,26.35,0.31,0.31,0,25.84,0.32,0.32,0,RING,LL,24,RING,LL,24,0,RING,A_flag_ceiling
reduce_perf,2,16,16384,4096,float,sum,40.48,0.4,0.4,0,38.14,0.43,0.43,0,RING,LL,24,RING,LL,24,0,RING,A_flag_ceiling
reduce_perf,2,16,32768,8192,float,sum,40.07,0.82,0.82,0,40.58,0.81,0.81,0,RING,LL,24,RING,LL,24,0,RING,A_flag_ceiling
reduce_perf,2,16,65536,16384,float,sum,41.57,1.58,1.58,0,41.68,1.57,1.57,0,RING,LL,24,RING,LL,24,0,RING,A_flag_ceiling
reduce_perf,2,16,131072,32768,float,sum,47.76,2.74,2.74,0,48.19,2.72,2.72,0,RING,LL,24,RING,LL,24,0,RING,A_flag_ceiling
reduce_perf,2,16,262144,65536,float,sum,56.49,4.64,4.64,0,56.63,4.63,4.63,0,RING,LL,24,RING,LL,24,0,RING,A_flag_ceiling
reduce_perf,2,16,524288,131072,float,sum,67.15,7.81,7.81,0,67.7,7.74,7.74,0,RING,LL,24,RING,LL,24,0,RING,A_flag_ceiling
reduce_perf,2,16,1048576,262144,float,sum,78.35,13.38,13.38,0,79.31,13.22,13.22,0,RING,LL,24,RING,LL,24,0,RING,A_flag_ceiling
reduce_perf,2,16,2097152,524288,float,sum,101.5,20.66,20.66,0,101.32,20.7,20.7,0,RING,LL,24,RING,LL,24,0,RING,A_flag_ceiling
reduce_perf,2,16,4194304,1048576,float,sum,166.63,25.17,25.17,0,167.27,25.08,25.08,0,RING,LL,24,RING,LL,24,0,RING,A_flag_ceiling
reduce_perf,2,16,8388608,2097152,float,sum,273.58,30.66,30.66,0,274.98,30.51,30.51,0,RING,LL,24,RING,LL,24,0,RING,A_flag_ceiling
reduce_perf,2,16,16777216,4194304,float,sum,487.22,34.43,34.43,0,492.14,34.09,34.09,0,RING,LL,24,RING,LL,24,0,RING,A_flag_ceiling
reduce_perf,2,16,33554432,8388608,float,sum,935.18,35.88,35.88,0,933.16,35.96,35.96,0,RING,LL,24,RING,LL,24,0,RING,A_flag_ceiling
reduce_perf,2,16,67108864,16777216,float,sum,1785.81,37.58,37.58,0,1794.12,37.4,37.4,0,RING,LL,24,RING,LL,24,0,RING,A_flag_ceiling
reduce_perf,2,16,134217728,33554432,float,sum,3470.34,38.68,38.68,0,3451.82,38.88,38.88,0,RING,LL,24,RING,LL,24,0,RING,A_flag_ceiling
reduce_perf,2,16,268435456,67108864,float,sum,6807.72,39.43,39.43,0,6787.14,39.55,39.55,0,RING,LL,24,RING,LL,24,0,RING,A_flag_ceiling
reduce_perf,2,16,536870912,134217728,float,sum,13466.6,39.87,39.87,0,13506.7,39.75,39.75,0,RING,LL,24,RING,LL,24,0,RING,A_flag_ceiling
reduce_perf,2,16,4096,1024,float,sum,17.39,0.24,0.24,0,15.71,0.26,0.26,0,RING,LL128,24,RING,LL128,24,0,RING,A_flag_ceiling
reduce_perf,2,16,8192,2048,float,sum,16.1,0.51,0.51,0,15.66,0.52,0.52,0,RING,LL128,24,RING,LL128,24,0,RING,A_flag_ceiling
reduce_perf,2,16,16384,4096,float,sum,17.58,0.93,0.93,0,16.82,0.97,0.97,0,RING,LL128,24,RING,LL128,24,0,RING,A_flag_ceiling
reduce_perf,2,16,32768,8192,float,sum,33.31,0.98,0.98,0,32.69,1.0,1.0,0,RING,LL128,24,RING,LL128,24,0,RING,A_flag_ceiling
reduce_perf,2,16,65536,16384,float,sum,46.89,1.4,1.4,0,47.07,1.39,1.39,0,RING,LL128,24,RING,LL128,24,0,RING,A_flag_ceiling
reduce_perf,2,16,131072,32768,float,sum,49.06,2.67,2.67,0,56.01,2.34,2.34,0,RING,LL128,24,RING,LL128,24,0,RING,A_flag_ceiling
reduce_perf,2,16,262144,65536,float,sum,50.51,5.19,5.19,0,443.14,0.59,0.59,0,RING,LL128,24,RING,LL128,24,0,RING,A_flag_ceiling
reduce_perf,2,16,524288,131072,float,sum,58.46,8.97,8.97,0,63.15,8.3,8.3,0,RING,LL128,24,RING,LL128,24,0,RING,A_flag_ceiling
reduce_perf,2,16,1048576,262144,float,sum,67.48,15.54,15.54,0,67.74,15.48,15.48,0,RING,LL128,24,RING,LL128,24,0,RING,A_flag_ceiling
reduce_perf,2,16,2097152,524288,float,sum,87.79,23.89,23.89,0,87.26,24.03,24.03,0,RING,LL128,24,RING,LL128,24,0,RING,A_flag_ceiling
reduce_perf,2,16,4194304,1048576,float,sum,97.44,43.04,43.04,0,97.62,42.97,42.97,0,RING,LL128,24,RING,LL128,24,0,RING,A_flag_ceiling
reduce_perf,2,16,8388608,2097152,float,sum,120.76,69.46,69.46,0,121.06,69.29,69.29,0,RING,LL128,24,RING,LL128,24,0,RING,A_flag_ceiling
reduce_perf,2,16,16777216,4194304,float,sum,160.36,104.62,104.62,0,161.17,104.09,104.09,0,RING,LL128,24,RING,LL128,24,0,RING,A_flag_ceiling
reduce_perf,2,16,33554432,8388608,float,sum,240.56,139.49,139.49,0,241.69,138.83,138.83,0,RING,LL128,24,RING,LL128,24,0,RING,A_flag_ceiling
reduce_perf,2,16,67108864,16777216,float,sum,395.42,169.72,169.72,0,394.96,169.91,169.91,0,RING,LL128,24,RING,LL128,24,0,RING,A_flag_ceiling
reduce_perf,2,16,134217728,33554432,float,sum,712.94,188.26,188.26,0,711.4,188.67,188.67,0,RING,LL128,24,RING,LL128,24,0,RING,A_flag_ceiling
reduce_perf,2,16,268435456,67108864,float,sum,1334.67,201.13,201.13,0,1333.47,201.31,201.31,0,RING,LL128,24,RING,LL128,24,0,RING,A_flag_ceiling
reduce_perf,2,16,536870912,134217728,float,sum,2577.08,208.33,208.33,0,2578.78,208.19,208.19,0,RING,LL128,24,RING,LL128,24,0,RING,A_flag_ceiling
reduce_perf,2,16,4096,1024,float,sum,27.41,0.15,0.15,0,17.04,0.24,0.24,0,RING,SIMPLE,32,RING,SIMPLE,32,0,RING,A_flag_ceiling
reduce_perf,2,16,8192,2048,float,sum,17.27,0.47,0.47,0,16.85,0.49,0.49,0,RING,SIMPLE,32,RING,SIMPLE,32,0,RING,A_flag_ceiling
reduce_perf,2,16,16384,4096,float,sum,18.88,0.87,0.87,0,19.58,0.84,0.84,0,RING,SIMPLE,32,RING,SIMPLE,32,0,RING,A_flag_ceiling
reduce_perf,2,16,32768,8192,float,sum,45.42,0.72,0.72,0,44.82,0.73,0.73,0,RING,SIMPLE,32,RING,SIMPLE,32,0,RING,A_flag_ceiling
reduce_perf,2,16,65536,16384,float,sum,66.49,0.99,0.99,0,67.64,0.97,0.97,0,RING,SIMPLE,32,RING,SIMPLE,32,0,RING,A_flag_ceiling
reduce_perf,2,16,131072,32768,float,sum,69.96,1.87,1.87,0,70.6,1.86,1.86,0,RING,SIMPLE,32,RING,SIMPLE,32,0,RING,A_flag_ceiling
reduce_perf,2,16,262144,65536,float,sum,71.42,3.67,3.67,0,71.22,3.68,3.68,0,RING,SIMPLE,32,RING,SIMPLE,32,0,RING,A_flag_ceiling
reduce_perf,2,16,524288,131072,float,sum,75.53,6.94,6.94,0,75.69,6.93,6.93,0,RING,SIMPLE,32,RING,SIMPLE,32,0,RING,A_flag_ceiling
reduce_perf,2,16,1048576,262144,float,sum,93.91,11.17,11.17,0,93.09,11.26,11.26,0,RING,SIMPLE,32,RING,SIMPLE,32,0,RING,A_flag_ceiling
reduce_perf,2,16,2097152,524288,float,sum,101.85,20.59,20.59,0,100.35,20.9,20.9,0,RING,SIMPLE,32,RING,SIMPLE,32,0,RING,A_flag_ceiling
reduce_perf,2,16,4194304,1048576,float,sum,114.73,36.56,36.56,0,112.72,37.21,37.21,0,RING,SIMPLE,32,RING,SIMPLE,32,0,RING,A_flag_ceiling
reduce_perf,2,16,8388608,2097152,float,sum,139.22,60.25,60.25,0,136.28,61.55,61.55,0,RING,SIMPLE,32,RING,SIMPLE,32,0,RING,A_flag_ceiling
reduce_perf,2,16,16777216,4194304,float,sum,188.16,89.16,89.16,0,184.11,91.12,91.12,0,RING,SIMPLE,32,RING,SIMPLE,32,0,RING,A_flag_ceiling
reduce_perf,2,16,33554432,8388608,float,sum,251.82,133.25,133.25,0,246.1,136.34,136.34,0,RING,SIMPLE,32,RING,SIMPLE,32,0,RING,A_flag_ceiling
reduce_perf,2,16,67108864,16777216,float,sum,388.25,172.85,172.85,0,380.51,176.36,176.36,0,RING,SIMPLE,32,RING,SIMPLE,32,0,RING,A_flag_ceiling
reduce_perf,2,16,134217728,33554432,float,sum,589.69,227.61,227.61,0,573.05,234.22,234.22,0,RING,SIMPLE,32,RING,SIMPLE,32,0,RING,A_flag_ceiling
reduce_perf,2,16,268435456,67108864,float,sum,1075.03,249.7,249.7,0,1067.75,251.4,251.4,0,RING,SIMPLE,32,RING,SIMPLE,32,0,RING,A_flag_ceiling
reduce_perf,2,16,536870912,134217728,float,sum,1814.61,295.86,295.86,0,1809.25,296.74,296.74,0,RING,SIMPLE,32,RING,SIMPLE,32,0,RING,A_flag_ceiling
reduce_perf,2,16,4096,1024,float,sum,17.29,0.24,0.24,0,16.58,0.25,0.25,0,RING,LL,32,RING,LL,32,0,RING,A_flag_ceiling
reduce_perf,2,16,8192,2048,float,sum,26.31,0.31,0.31,0,26.09,0.31,0.31,0,RING,LL,32,RING,LL,32,0,RING,A_flag_ceiling
reduce_perf,2,16,16384,4096,float,sum,38.87,0.42,0.42,0,37.73,0.43,0.43,0,RING,LL,32,RING,LL,32,0,RING,A_flag_ceiling
reduce_perf,2,16,32768,8192,float,sum,41.05,0.8,0.8,0,39.93,0.82,0.82,0,RING,LL,32,RING,LL,32,0,RING,A_flag_ceiling
reduce_perf,2,16,65536,16384,float,sum,41.49,1.58,1.58,0,41.09,1.59,1.59,0,RING,LL,32,RING,LL,32,0,RING,A_flag_ceiling
reduce_perf,2,16,131072,32768,float,sum,46.71,2.81,2.81,0,45.18,2.9,2.9,0,RING,LL,32,RING,LL,32,0,RING,A_flag_ceiling
reduce_perf,2,16,262144,65536,float,sum,57.71,4.54,4.54,0,53.01,4.95,4.95,0,RING,LL,32,RING,LL,32,0,RING,A_flag_ceiling
reduce_perf,2,16,524288,131072,float,sum,64.96,8.07,8.07,0,65.21,8.04,8.04,0,RING,LL,32,RING,LL,32,0,RING,A_flag_ceiling
reduce_perf,2,16,1048576,262144,float,sum,77.46,13.54,13.54,0,77.19,13.58,13.58,0,RING,LL,32,RING,LL,32,0,RING,A_flag_ceiling
reduce_perf,2,16,2097152,524288,float,sum,98.51,21.29,21.29,0,98.37,21.32,21.32,0,RING,LL,32,RING,LL,32,0,RING,A_flag_ceiling
reduce_perf,2,16,4194304,1048576,float,sum,136.6,30.71,30.71,0,137.59,30.48,30.48,0,RING,LL,32,RING,LL,32,0,RING,A_flag_ceiling
reduce_perf,2,16,8388608,2097152,float,sum,243.96,34.39,34.39,0,245.15,34.22,34.22,0,RING,LL,32,RING,LL,32,0,RING,A_flag_ceiling
reduce_perf,2,16,16777216,4194304,float,sum,461.15,36.38,36.38,0,461.97,36.32,36.32,0,RING,LL,32,RING,LL,32,0,RING,A_flag_ceiling
reduce_perf,2,16,33554432,8388608,float,sum,872.1,38.48,38.48,0,874.55,38.37,38.37,0,RING,LL,32,RING,LL,32,0,RING,A_flag_ceiling
reduce_perf,2,16,67108864,16777216,float,sum,1713.77,39.16,39.16,0,1713.51,39.16,39.16,0,RING,LL,32,RING,LL,32,0,RING,A_flag_ceiling
reduce_perf,2,16,134217728,33554432,float,sum,3370.2,39.82,39.82,0,3341.55,40.17,40.17,0,RING,LL,32,RING,LL,32,0,RING,A_flag_ceiling
reduce_perf,2,16,268435456,67108864,float,sum,6643.44,40.41,40.41,0,6652.96,40.35,40.35,0,RING,LL,32,RING,LL,32,0,RING,A_flag_ceiling
reduce_perf,2,16,536870912,134217728,float,sum,13253.2,40.51,40.51,0,13265.2,40.47,40.47,0,RING,LL,32,RING,LL,32,0,RING,A_flag_ceiling
reduce_perf,2,16,4096,1024,float,sum,16.95,0.24,0.24,0,15.36,0.27,0.27,0,RING,LL128,32,RING,LL128,32,0,RING,A_flag_ceiling
reduce_perf,2,16,8192,2048,float,sum,16.06,0.51,0.51,0,15.16,0.54,0.54,0,RING,LL128,32,RING,LL128,32,0,RING,A_flag_ceiling
reduce_perf,2,16,16384,4096,float,sum,16.57,0.99,0.99,0,18.86,0.87,0.87,0,RING,LL128,32,RING,LL128,32,0,RING,A_flag_ceiling
reduce_perf,2,16,32768,8192,float,sum,32.94,0.99,0.99,0,32.59,1.01,1.01,0,RING,LL128,32,RING,LL128,32,0,RING,A_flag_ceiling
reduce_perf,2,16,65536,16384,float,sum,47.61,1.38,1.38,0,47.92,1.37,1.37,0,RING,LL128,32,RING,LL128,32,0,RING,A_flag_ceiling
reduce_perf,2,16,131072,32768,float,sum,50.13,2.61,2.61,0,50.65,2.59,2.59,0,RING,LL128,32,RING,LL128,32,0,RING,A_flag_ceiling
reduce_perf,2,16,262144,65536,float,sum,51.23,5.12,5.12,0,52.15,5.03,5.03,0,RING,LL128,32,RING,LL128,32,0,RING,A_flag_ceiling
reduce_perf,2,16,524288,131072,float,sum,55.59,9.43,9.43,0,54.43,9.63,9.63,0,RING,LL128,32,RING,LL128,32,0,RING,A_flag_ceiling
reduce_perf,2,16,1048576,262144,float,sum,62.26,16.84,16.84,0,62.64,16.74,16.74,0,RING,LL128,32,RING,LL128,32,0,RING,A_flag_ceiling
reduce_perf,2,16,2097152,524288,float,sum,77.3,27.13,27.13,0,77.79,26.96,26.96,0,RING,LL128,32,RING,LL128,32,0,RING,A_flag_ceiling
reduce_perf,2,16,4194304,1048576,float,sum,97.48,43.03,43.03,0,98.15,42.73,42.73,0,RING,LL128,32,RING,LL128,32,0,RING,A_flag_ceiling
reduce_perf,2,16,8388608,2097152,float,sum,115.44,72.66,72.66,0,115.0,72.94,72.94,0,RING,LL128,32,RING,LL128,32,0,RING,A_flag_ceiling
reduce_perf,2,16,16777216,4194304,float,sum,149.97,111.87,111.87,0,149.8,112.0,112.0,0,RING,LL128,32,RING,LL128,32,0,RING,A_flag_ceiling
reduce_perf,2,16,33554432,8388608,float,sum,215.46,155.73,155.73,0,215.01,156.06,156.06,0,RING,LL128,32,RING,LL128,32,0,RING,A_flag_ceiling
reduce_perf,2,16,67108864,16777216,float,sum,345.39,194.3,194.3,0,344.85,194.6,194.6,0,RING,LL128,32,RING,LL128,32,0,RING,A_flag_ceiling
reduce_perf,2,16,134217728,33554432,float,sum,611.24,219.58,219.58,0,609.21,220.31,220.31,0,RING,LL128,32,RING,LL128,32,0,RING,A_flag_ceiling
reduce_perf,2,16,268435456,67108864,float,sum,1129.65,237.63,237.63,0,1131.0,237.34,237.34,0,RING,LL128,32,RING,LL128,32,0,RING,A_flag_ceiling
reduce_perf,2,16,536870912,134217728,float,sum,2141.29,250.72,250.72,0,2142.12,250.63,250.63,0,RING,LL128,32,RING,LL128,32,0,RING,A_flag_ceiling
reduce_perf,2,16,4096,1024,float,sum,18.48,0.22,0.22,0,18.34,0.22,0.22,0,RING,SIMPLE,40,RING,SIMPLE,40,0,RING,A_flag_ceiling
reduce_perf,2,16,8192,2048,float,sum,17.7,0.46,0.46,0,17.74,0.46,0.46,0,RING,SIMPLE,40,RING,SIMPLE,40,0,RING,A_flag_ceiling
reduce_perf,2,16,16384,4096,float,sum,19.07,0.86,0.86,0,20.35,0.81,0.81,0,RING,SIMPLE,40,RING,SIMPLE,40,0,RING,A_flag_ceiling
reduce_perf,2,16,32768,8192,float,sum,62.52,0.52,0.52,0,71.4,0.46,0.46,0,RING,SIMPLE,40,RING,SIMPLE,40,0,RING,A_flag_ceiling
reduce_perf,2,16,65536,16384,float,sum,93.63,0.7,0.7,0,93.13,0.7,0.7,0,RING,SIMPLE,40,RING,SIMPLE,40,0,RING,A_flag_ceiling
reduce_perf,2,16,131072,32768,float,sum,99.47,1.32,1.32,0,97.87,1.34,1.34,0,RING,SIMPLE,40,RING,SIMPLE,40,0,RING,A_flag_ceiling
reduce_perf,2,16,262144,65536,float,sum,97.75,2.68,2.68,0,98.18,2.67,2.67,0,RING,SIMPLE,40,RING,SIMPLE,40,0,RING,A_flag_ceiling
reduce_perf,2,16,524288,131072,float,sum,102.09,5.14,5.14,0,74.7,7.02,7.02,0,RING,SIMPLE,40,RING,SIMPLE,40,0,RING,A_flag_ceiling
reduce_perf,2,16,1048576,262144,float,sum,94.46,11.1,11.1,0,93.06,11.27,11.27,0,RING,SIMPLE,40,RING,SIMPLE,40,0,RING,A_flag_ceiling
reduce_perf,2,16,2097152,524288,float,sum,101.22,20.72,20.72,0,100.54,20.86,20.86,0,RING,SIMPLE,40,RING,SIMPLE,40,0,RING,A_flag_ceiling
reduce_perf,2,16,4194304,1048576,float,sum,115.22,36.4,36.4,0,112.91,37.15,37.15,0,RING,SIMPLE,40,RING,SIMPLE,40,0,RING,A_flag_ceiling
reduce_perf,2,16,8388608,2097152,float,sum,137.41,61.05,61.05,0,134.82,62.22,62.22,0,RING,SIMPLE,40,RING,SIMPLE,40,0,RING,A_flag_ceiling
reduce_perf,2,16,16777216,4194304,float,sum,179.21,93.62,93.62,0,176.21,95.21,95.21,0,RING,SIMPLE,40,RING,SIMPLE,40,0,RING,A_flag_ceiling
reduce_perf,2,16,33554432,8388608,float,sum,241.93,138.7,138.7,0,234.63,143.01,143.01,0,RING,SIMPLE,40,RING,SIMPLE,40,0,RING,A_flag_ceiling
reduce_perf,2,16,67108864,16777216,float,sum,351.19,191.09,191.09,0,336.22,199.6,199.6,0,RING,SIMPLE,40,RING,SIMPLE,40,0,RING,A_flag_ceiling
reduce_perf,2,16,134217728,33554432,float,sum,587.38,228.5,228.5,0,577.08,232.58,232.58,0,RING,SIMPLE,40,RING,SIMPLE,40,0,RING,A_flag_ceiling
reduce_perf,2,16,268435456,67108864,float,sum,965.35,278.07,278.07,0,956.35,280.69,280.69,0,RING,SIMPLE,40,RING,SIMPLE,40,0,RING,A_flag_ceiling
reduce_perf,2,16,536870912,134217728,float,sum,1836.73,292.3,292.3,0,1836.26,292.37,292.37,0,RING,SIMPLE,40,RING,SIMPLE,40,0,RING,A_flag_ceiling
reduce_perf,2,16,4096,1024,float,sum,17.25,0.24,0.24,0,16.27,0.25,0.25,0,RING,LL,40,RING,LL,40,0,RING,A_flag_ceiling
reduce_perf,2,16,8192,2048,float,sum,26.85,0.31,0.31,0,26.63,0.31,0.31,0,RING,LL,40,RING,LL,40,0,RING,A_flag_ceiling
reduce_perf,2,16,16384,4096,float,sum,38.61,0.42,0.42,0,37.49,0.44,0.44,0,RING,LL,40,RING,LL,40,0,RING,A_flag_ceiling
reduce_perf,2,16,32768,8192,float,sum,40.16,0.82,0.82,0,39.24,0.84,0.84,0,RING,LL,40,RING,LL,40,0,RING,A_flag_ceiling
reduce_perf,2,16,65536,16384,float,sum,40.89,1.6,1.6,0,41.81,1.57,1.57,0,RING,LL,40,RING,LL,40,0,RING,A_flag_ceiling
reduce_perf,2,16,131072,32768,float,sum,47.44,2.76,2.76,0,44.8,2.93,2.93,0,RING,LL,40,RING,LL,40,0,RING,A_flag_ceiling
reduce_perf,2,16,262144,65536,float,sum,52.95,4.95,4.95,0,53.13,4.93,4.93,0,RING,LL,40,RING,LL,40,0,RING,A_flag_ceiling
reduce_perf,2,16,524288,131072,float,sum,66.02,7.94,7.94,0,65.95,7.95,7.95,0,RING,LL,40,RING,LL,40,0,RING,A_flag_ceiling
reduce_perf,2,16,1048576,262144,float,sum,75.91,13.81,13.81,0,76.51,13.7,13.7,0,RING,LL,40,RING,LL,40,0,RING,A_flag_ceiling
reduce_perf,2,16,2097152,524288,float,sum,101.92,20.58,20.58,0,101.63,20.63,20.63,0,RING,LL,40,RING,LL,40,0,RING,A_flag_ceiling
reduce_perf,2,16,4194304,1048576,float,sum,146.0,28.73,28.73,0,145.33,28.86,28.86,0,RING,LL,40,RING,LL,40,0,RING,A_flag_ceiling
reduce_perf,2,16,8388608,2097152,float,sum,276.81,30.3,30.3,0,271.37,30.91,30.91,0,RING,LL,40,RING,LL,40,0,RING,A_flag_ceiling
reduce_perf,2,16,16777216,4194304,float,sum,490.33,34.22,34.22,0,492.72,34.05,34.05,0,RING,LL,40,RING,LL,40,0,RING,A_flag_ceiling
reduce_perf,2,16,33554432,8388608,float,sum,914.18,36.7,36.7,0,909.93,36.88,36.88,0,RING,LL,40,RING,LL,40,0,RING,A_flag_ceiling
reduce_perf,2,16,67108864,16777216,float,sum,1746.05,38.43,38.43,0,1746.93,38.42,38.42,0,RING,LL,40,RING,LL,40,0,RING,A_flag_ceiling
reduce_perf,2,16,134217728,33554432,float,sum,3410.58,39.35,39.35,0,3399.79,39.48,39.48,0,RING,LL,40,RING,LL,40,0,RING,A_flag_ceiling
reduce_perf,2,16,268435456,67108864,float,sum,6770.86,39.65,39.65,0,6770.34,39.65,39.65,0,RING,LL,40,RING,LL,40,0,RING,A_flag_ceiling
reduce_perf,2,16,536870912,134217728,float,sum,13476.5,39.84,39.84,0,13489.2,39.8,39.8,0,RING,LL,40,RING,LL,40,0,RING,A_flag_ceiling
reduce_perf,2,16,4096,1024,float,sum,17.0,0.24,0.24,0,16.37,0.25,0.25,0,RING,LL128,40,RING,LL128,40,0,RING,A_flag_ceiling
reduce_perf,2,16,8192,2048,float,sum,15.74,0.52,0.52,0,15.96,0.51,0.51,0,RING,LL128,40,RING,LL128,40,0,RING,A_flag_ceiling
reduce_perf,2,16,16384,4096,float,sum,18.44,0.89,0.89,0,17.94,0.91,0.91,0,RING,LL128,40,RING,LL128,40,0,RING,A_flag_ceiling
reduce_perf,2,16,32768,8192,float,sum,32.98,0.99,0.99,0,32.6,1.01,1.01,0,RING,LL128,40,RING,LL128,40,0,RING,A_flag_ceiling
reduce_perf,2,16,65536,16384,float,sum,47.39,1.38,1.38,0,47.29,1.39,1.39,0,RING,LL128,40,RING,LL128,40,0,RING,A_flag_ceiling
reduce_perf,2,16,131072,32768,float,sum,50.92,2.57,2.57,0,50.13,2.61,2.61,0,RING,LL128,40,RING,LL128,40,0,RING,A_flag_ceiling
reduce_perf,2,16,262144,65536,float,sum,50.93,5.15,5.15,0,53.35,4.91,4.91,0,RING,LL128,40,RING,LL128,40,0,RING,A_flag_ceiling
reduce_perf,2,16,524288,131072,float,sum,53.83,9.74,9.74,0,53.72,9.76,9.76,0,RING,LL128,40,RING,LL128,40,0,RING,A_flag_ceiling
reduce_perf,2,16,1048576,262144,float,sum,62.86,16.68,16.68,0,62.76,16.71,16.71,0,RING,LL128,40,RING,LL128,40,0,RING,A_flag_ceiling
reduce_perf,2,16,2097152,524288,float,sum,77.12,27.19,27.19,0,77.89,26.93,26.93,0,RING,LL128,40,RING,LL128,40,0,RING,A_flag_ceiling
reduce_perf,2,16,4194304,1048576,float,sum,96.87,43.3,43.3,0,96.46,43.48,43.48,0,RING,LL128,40,RING,LL128,40,0,RING,A_flag_ceiling
reduce_perf,2,16,8388608,2097152,float,sum,114.66,73.16,73.16,0,114.42,73.31,73.31,0,RING,LL128,40,RING,LL128,40,0,RING,A_flag_ceiling
reduce_perf,2,16,16777216,4194304,float,sum,145.26,115.5,115.5,0,145.89,115.0,115.0,0,RING,LL128,40,RING,LL128,40,0,RING,A_flag_ceiling
reduce_perf,2,16,33554432,8388608,float,sum,206.71,162.32,162.32,0,206.0,162.88,162.88,0,RING,LL128,40,RING,LL128,40,0,RING,A_flag_ceiling
reduce_perf,2,16,67108864,16777216,float,sum,327.95,204.63,204.63,0,327.46,204.94,204.94,0,RING,LL128,40,RING,LL128,40,0,RING,A_flag_ceiling
reduce_perf,2,16,134217728,33554432,float,sum,569.78,235.56,235.56,0,569.59,235.64,235.64,0,RING,LL128,40,RING,LL128,40,0,RING,A_flag_ceiling
reduce_perf,2,16,268435456,67108864,float,sum,1044.58,256.98,256.98,0,1043.53,257.24,257.24,0,RING,LL128,40,RING,LL128,40,0,RING,A_flag_ceiling
reduce_perf,2,16,536870912,134217728,float,sum,1953.46,274.83,274.83,0,1956.6,274.39,274.39,0,RING,LL128,40,RING,LL128,40,0,RING,A_flag_ceiling
reduce_perf,2,16,4096,1024,float,sum,19.77,0.21,0.21,0,18.45,0.22,0.22,0,RING,SIMPLE,48,RING,SIMPLE,48,0,RING,A_flag_ceiling
reduce_perf,2,16,8192,2048,float,sum,17.48,0.47,0.47,0,17.26,0.47,0.47,0,RING,SIMPLE,48,RING,SIMPLE,48,0,RING,A_flag_ceiling
reduce_perf,2,16,16384,4096,float,sum,18.85,0.87,0.87,0,19.18,0.85,0.85,0,RING,SIMPLE,48,RING,SIMPLE,48,0,RING,A_flag_ceiling
reduce_perf,2,16,32768,8192,float,sum,45.72,0.72,0.72,0,45.13,0.73,0.73,0,RING,SIMPLE,48,RING,SIMPLE,48,0,RING,A_flag_ceiling
reduce_perf,2,16,65536,16384,float,sum,66.84,0.98,0.98,0,66.74,0.98,0.98,0,RING,SIMPLE,48,RING,SIMPLE,48,0,RING,A_flag_ceiling
reduce_perf,2,16,131072,32768,float,sum,70.96,1.85,1.85,0,70.71,1.85,1.85,0,RING,SIMPLE,48,RING,SIMPLE,48,0,RING,A_flag_ceiling
reduce_perf,2,16,262144,65536,float,sum,72.08,3.64,3.64,0,71.95,3.64,3.64,0,RING,SIMPLE,48,RING,SIMPLE,48,0,RING,A_flag_ceiling
reduce_perf,2,16,524288,131072,float,sum,76.15,6.88,6.88,0,74.75,7.01,7.01,0,RING,SIMPLE,48,RING,SIMPLE,48,0,RING,A_flag_ceiling
reduce_perf,2,16,1048576,262144,float,sum,94.51,11.09,11.09,0,93.14,11.26,11.26,0,RING,SIMPLE,48,RING,SIMPLE,48,0,RING,A_flag_ceiling
reduce_perf,2,16,2097152,524288,float,sum,104.06,20.15,20.15,0,102.78,20.4,20.4,0,RING,SIMPLE,48,RING,SIMPLE,48,0,RING,A_flag_ceiling
reduce_perf,2,16,4194304,1048576,float,sum,114.35,36.68,36.68,0,112.08,37.42,37.42,0,RING,SIMPLE,48,RING,SIMPLE,48,0,RING,A_flag_ceiling
reduce_perf,2,16,8388608,2097152,float,sum,138.21,60.69,60.69,0,133.87,62.66,62.66,0,RING,SIMPLE,48,RING,SIMPLE,48,0,RING,A_flag_ceiling
reduce_perf,2,16,16777216,4194304,float,sum,176.87,94.86,94.86,0,174.81,95.98,95.98,0,RING,SIMPLE,48,RING,SIMPLE,48,0,RING,A_flag_ceiling
reduce_perf,2,16,33554432,8388608,float,sum,243.75,137.66,137.66,0,238.02,140.97,140.97,0,RING,SIMPLE,48,RING,SIMPLE,48,0,RING,A_flag_ceiling
reduce_perf,2,16,67108864,16777216,float,sum,350.3,191.57,191.57,0,340.34,197.18,197.18,0,RING,SIMPLE,48,RING,SIMPLE,48,0,RING,A_flag_ceiling
reduce_perf,2,16,134217728,33554432,float,sum,601.47,223.15,223.15,0,589.77,227.58,227.58,0,RING,SIMPLE,48,RING,SIMPLE,48,0,RING,A_flag_ceiling
reduce_perf,2,16,268435456,67108864,float,sum,979.11,274.16,274.16,0,970.25,276.67,276.67,0,RING,SIMPLE,48,RING,SIMPLE,48,0,RING,A_flag_ceiling
reduce_perf,2,16,536870912,134217728,float,sum,1863.58,288.09,288.09,0,1861.35,288.43,288.43,0,RING,SIMPLE,48,RING,SIMPLE,48,0,RING,A_flag_ceiling
reduce_perf,2,16,4096,1024,float,sum,17.62,0.23,0.23,0,16.49,0.25,0.25,0,RING,LL,48,RING,LL,48,0,RING,A_flag_ceiling
reduce_perf,2,16,8192,2048,float,sum,26.35,0.31,0.31,0,26.49,0.31,0.31,0,RING,LL,48,RING,LL,48,0,RING,A_flag_ceiling
reduce_perf,2,16,16384,4096,float,sum,38.53,0.43,0.43,0,37.7,0.43,0.43,0,RING,LL,48,RING,LL,48,0,RING,A_flag_ceiling
reduce_perf,2,16,32768,8192,float,sum,39.77,0.82,0.82,0,39.89,0.82,0.82,0,RING,LL,48,RING,LL,48,0,RING,A_flag_ceiling
reduce_perf,2,16,65536,16384,float,sum,41.64,1.57,1.57,0,41.33,1.59,1.59,0,RING,LL,48,RING,LL,48,0,RING,A_flag_ceiling
reduce_perf,2,16,131072,32768,float,sum,45.22,2.9,2.9,0,45.44,2.88,2.88,0,RING,LL,48,RING,LL,48,0,RING,A_flag_ceiling
reduce_perf,2,16,262144,65536,float,sum,53.35,4.91,4.91,0,53.45,4.9,4.9,0,RING,LL,48,RING,LL,48,0,RING,A_flag_ceiling
reduce_perf,2,16,524288,131072,float,sum,63.3,8.28,8.28,0,63.58,8.25,8.25,0,RING,LL,48,RING,LL,48,0,RING,A_flag_ceiling
reduce_perf,2,16,1048576,262144,float,sum,77.25,13.57,13.57,0,77.9,13.46,13.46,0,RING,LL,48,RING,LL,48,0,RING,A_flag_ceiling
reduce_perf,2,16,2097152,524288,float,sum,98.74,21.24,21.24,0,98.98,21.19,21.19,0,RING,LL,48,RING,LL,48,0,RING,A_flag_ceiling
reduce_perf,2,16,4194304,1048576,float,sum,137.35,30.54,30.54,0,137.31,30.55,30.55,0,RING,LL,48,RING,LL,48,0,RING,A_flag_ceiling
reduce_perf,2,16,8388608,2097152,float,sum,254.95,32.9,32.9,0,257.13,32.62,32.62,0,RING,LL,48,RING,LL,48,0,RING,A_flag_ceiling
reduce_perf,2,16,16777216,4194304,float,sum,453.63,36.98,36.98,0,443.21,37.85,37.85,0,RING,LL,48,RING,LL,48,0,RING,A_flag_ceiling
reduce_perf,2,16,33554432,8388608,float,sum,866.57,38.72,38.72,0,868.69,38.63,38.63,0,RING,LL,48,RING,LL,48,0,RING,A_flag_ceiling
reduce_perf,2,16,67108864,16777216,float,sum,1663.19,40.35,40.35,0,1655.71,40.53,40.53,0,RING,LL,48,RING,LL,48,0,RING,A_flag_ceiling
reduce_perf,2,16,134217728,33554432,float,sum,3257.19,41.21,41.21,0,3249.6,41.3,41.3,0,RING,LL,48,RING,LL,48,0,RING,A_flag_ceiling
reduce_perf,2,16,268435456,67108864,float,sum,6475.8,41.45,41.45,0,6469.28,41.49,41.49,0,RING,LL,48,RING,LL,48,0,RING,A_flag_ceiling
reduce_perf,2,16,536870912,134217728,float,sum,12951.5,41.45,41.45,0,12947.6,41.47,41.47,0,RING,LL,48,RING,LL,48,0,RING,A_flag_ceiling
reduce_perf,2,16,4096,1024,float,sum,18.07,0.23,0.23,0,17.76,0.23,0.23,0,RING,LL128,48,RING,LL128,48,0,RING,A_flag_ceiling
reduce_perf,2,16,8192,2048,float,sum,15.78,0.52,0.52,0,15.42,0.53,0.53,0,RING,LL128,48,RING,LL128,48,0,RING,A_flag_ceiling
reduce_perf,2,16,16384,4096,float,sum,18.32,0.89,0.89,0,34.64,0.47,0.47,0,RING,LL128,48,RING,LL128,48,0,RING,A_flag_ceiling
reduce_perf,2,16,32768,8192,float,sum,33.23,0.99,0.99,0,32.98,0.99,0.99,0,RING,LL128,48,RING,LL128,48,0,RING,A_flag_ceiling
reduce_perf,2,16,65536,16384,float,sum,47.16,1.39,1.39,0,47.05,1.39,1.39,0,RING,LL128,48,RING,LL128,48,0,RING,A_flag_ceiling
reduce_perf,2,16,131072,32768,float,sum,50.27,2.61,2.61,0,56.11,2.34,2.34,0,RING,LL128,48,RING,LL128,48,0,RING,A_flag_ceiling
reduce_perf,2,16,262144,65536,float,sum,120.59,2.17,2.17,0,51.23,5.12,5.12,0,RING,LL128,48,RING,LL128,48,0,RING,A_flag_ceiling
reduce_perf,2,16,524288,131072,float,sum,110.02,4.77,4.77,0,54.37,9.64,9.64,0,RING,LL128,48,RING,LL128,48,0,RING,A_flag_ceiling
reduce_perf,2,16,1048576,262144,float,sum,62.9,16.67,16.67,0,63.67,16.47,16.47,0,RING,LL128,48,RING,LL128,48,0,RING,A_flag_ceiling
reduce_perf,2,16,2097152,524288,float,sum,73.29,28.62,28.62,0,109.56,19.14,19.14,0,RING,LL128,48,RING,LL128,48,0,RING,A_flag_ceiling
reduce_perf,2,16,4194304,1048576,float,sum,98.04,42.78,42.78,0,98.16,42.73,42.73,0,RING,LL128,48,RING,LL128,48,0,RING,A_flag_ceiling
reduce_perf,2,16,8388608,2097152,float,sum,113.98,73.59,73.59,0,113.65,73.81,73.81,0,RING,LL128,48,RING,LL128,48,0,RING,A_flag_ceiling
reduce_perf,2,16,16777216,4194304,float,sum,148.16,113.24,113.24,0,148.3,113.13,113.13,0,RING,LL128,48,RING,LL128,48,0,RING,A_flag_ceiling
reduce_perf,2,16,33554432,8388608,float,sum,205.17,163.54,163.54,0,202.53,165.68,165.68,0,RING,LL128,48,RING,LL128,48,0,RING,A_flag_ceiling
reduce_perf,2,16,67108864,16777216,float,sum,320.32,209.51,209.51,0,320.18,209.6,209.6,0,RING,LL128,48,RING,LL128,48,0,RING,A_flag_ceiling
reduce_perf,2,16,134217728,33554432,float,sum,548.82,244.56,244.56,0,548.67,244.63,244.63,0,RING,LL128,48,RING,LL128,48,0,RING,A_flag_ceiling
reduce_perf,2,16,268435456,67108864,float,sum,1007.32,266.48,266.48,0,1005.72,266.91,266.91,0,RING,LL128,48,RING,LL128,48,0,RING,A_flag_ceiling
reduce_perf,2,16,536870912,134217728,float,sum,1875.03,286.33,286.33,0,1870.56,287.01,287.01,0,RING,LL128,48,RING,LL128,48,0,RING,A_flag_ceiling
reduce_perf,2,16,4096,1024,float,sum,19.01,0.22,0.22,0,18.03,0.23,0.23,0,RING,SIMPLE,1,RING,SIMPLE,1,0,RING,A_flag_ceiling
reduce_perf,2,16,8192,2048,float,sum,17.25,0.47,0.47,0,18.7,0.44,0.44,0,RING,SIMPLE,1,RING,SIMPLE,1,0,RING,A_flag_ceiling
reduce_perf,2,16,16384,4096,float,sum,18.15,0.9,0.9,0,17.95,0.91,0.91,0,RING,SIMPLE,1,RING,SIMPLE,1,0,RING,A_flag_ceiling
reduce_perf,2,16,32768,8192,float,sum,19.05,1.72,1.72,0,18.46,1.77,1.77,0,RING,SIMPLE,1,RING,SIMPLE,1,0,RING,A_flag_ceiling
reduce_perf,2,16,65536,16384,float,sum,22.65,2.89,2.89,0,22.48,2.92,2.92,0,RING,SIMPLE,1,RING,SIMPLE,1,0,RING,A_flag_ceiling
reduce_perf,2,16,131072,32768,float,sum,33.01,3.97,3.97,0,31.79,4.12,4.12,0,RING,SIMPLE,1,RING,SIMPLE,1,0,RING,A_flag_ceiling
reduce_perf,2,16,262144,65536,float,sum,48.61,5.39,5.39,0,48.9,5.36,5.36,0,RING,SIMPLE,1,RING,SIMPLE,1,0,RING,A_flag_ceiling
reduce_perf,2,16,524288,131072,float,sum,64.69,8.1,8.1,0,64.36,8.15,8.15,0,RING,SIMPLE,1,RING,SIMPLE,1,0,RING,A_flag_ceiling
reduce_perf,2,16,1048576,262144,float,sum,116.08,9.03,9.03,0,115.51,9.08,9.08,0,RING,SIMPLE,1,RING,SIMPLE,1,0,RING,A_flag_ceiling
reduce_perf,2,16,2097152,524288,float,sum,179.31,11.7,11.7,0,177.22,11.83,11.83,0,RING,SIMPLE,1,RING,SIMPLE,1,0,RING,A_flag_ceiling
reduce_perf,2,16,4194304,1048576,float,sum,340.17,12.33,12.33,0,336.17,12.48,12.48,0,RING,SIMPLE,1,RING,SIMPLE,1,0,RING,A_flag_ceiling
reduce_perf,2,16,8388608,2097152,float,sum,569.72,14.72,14.72,0,550.92,15.23,15.23,0,RING,SIMPLE,1,RING,SIMPLE,1,0,RING,A_flag_ceiling
reduce_perf,2,16,16777216,4194304,float,sum,1069.07,15.69,15.69,0,1063.13,15.78,15.78,0,RING,SIMPLE,1,RING,SIMPLE,1,0,RING,A_flag_ceiling
reduce_perf,2,16,33554432,8388608,float,sum,1938.38,17.31,17.31,0,1912.87,17.54,17.54,0,RING,SIMPLE,1,RING,SIMPLE,1,0,RING,A_flag_ceiling
reduce_perf,2,16,67108864,16777216,float,sum,3847.44,17.44,17.44,0,3789.89,17.71,17.71,0,RING,SIMPLE,1,RING,SIMPLE,1,0,RING,A_flag_ceiling
reduce_perf,2,16,134217728,33554432,float,sum,7667.68,17.5,17.5,0,7552.15,17.77,17.77,0,RING,SIMPLE,1,RING,SIMPLE,1,0,RING,A_flag_ceiling
reduce_perf,2,16,268435456,67108864,float,sum,15298.2,17.55,17.55,0,15140.6,17.73,17.73,0,RING,SIMPLE,1,RING,SIMPLE,1,0,RING,A_flag_ceiling
reduce_perf,2,16,536870912,134217728,float,sum,30404.0,17.66,17.66,0,30448.6,17.63,17.63,0,RING,SIMPLE,1,RING,SIMPLE,1,0,RING,A_flag_ceiling
reduce_perf,2,16,4096,1024,float,sum,18.17,0.23,0.23,0,15.04,0.27,0.27,0,RING,LL,1,RING,LL,1,0,RING,A_flag_ceiling
reduce_perf,2,16,8192,2048,float,sum,16.23,0.5,0.5,0,15.47,0.53,0.53,0,RING,LL,1,RING,LL,1,0,RING,A_flag_ceiling
reduce_perf,2,16,16384,4096,float,sum,20.06,0.82,0.82,0,19.22,0.85,0.85,0,RING,LL,1,RING,LL,1,0,RING,A_flag_ceiling
reduce_perf,2,16,32768,8192,float,sum,23.48,1.4,1.4,0,22.83,1.44,1.44,0,RING,LL,1,RING,LL,1,0,RING,A_flag_ceiling
reduce_perf,2,16,65536,16384,float,sum,34.68,1.89,1.89,0,34.37,1.91,1.91,0,RING,LL,1,RING,LL,1,0,RING,A_flag_ceiling
reduce_perf,2,16,131072,32768,float,sum,59.75,2.19,2.19,0,59.62,2.2,2.2,0,RING,LL,1,RING,LL,1,0,RING,A_flag_ceiling
reduce_perf,2,16,262144,65536,float,sum,110.63,2.37,2.37,0,111.06,2.36,2.36,0,RING,LL,1,RING,LL,1,0,RING,A_flag_ceiling
reduce_perf,2,16,524288,131072,float,sum,219.49,2.39,2.39,0,219.23,2.39,2.39,0,RING,LL,1,RING,LL,1,0,RING,A_flag_ceiling
reduce_perf,2,16,1048576,262144,float,sum,432.65,2.42,2.42,0,433.55,2.42,2.42,0,RING,LL,1,RING,LL,1,0,RING,A_flag_ceiling
reduce_perf,2,16,2097152,524288,float,sum,861.45,2.43,2.43,0,860.93,2.44,2.44,0,RING,LL,1,RING,LL,1,0,RING,A_flag_ceiling
reduce_perf,2,16,4194304,1048576,float,sum,1722.78,2.43,2.43,0,1720.36,2.44,2.44,0,RING,LL,1,RING,LL,1,0,RING,A_flag_ceiling
reduce_perf,2,16,8388608,2097152,float,sum,3439.73,2.44,2.44,0,3433.08,2.44,2.44,0,RING,LL,1,RING,LL,1,0,RING,A_flag_ceiling
reduce_perf,2,16,16777216,4194304,float,sum,6868.13,2.44,2.44,0,6870.44,2.44,2.44,0,RING,LL,1,RING,LL,1,0,RING,A_flag_ceiling
reduce_perf,2,16,33554432,8388608,float,sum,13755.4,2.44,2.44,0,13780.1,2.43,2.43,0,RING,LL,1,RING,LL,1,0,RING,A_flag_ceiling
reduce_perf,2,16,67108864,16777216,float,sum,27488.3,2.44,2.44,0,29085.7,2.31,2.31,0,RING,LL,1,RING,LL,1,0,RING,A_flag_ceiling
reduce_perf,2,16,134217728,33554432,float,sum,55067.4,2.44,2.44,0,55178.5,2.43,2.43,0,RING,LL,1,RING,LL,1,0,RING,A_flag_ceiling
reduce_perf,2,16,268435456,67108864,float,sum,110137.0,2.44,2.44,0,110496.0,2.43,2.43,0,RING,LL,1,RING,LL,1,0,RING,A_flag_ceiling
reduce_perf,2,16,536870912,134217728,float,sum,220184.0,2.44,2.44,0,220842.0,2.43,2.43,0,RING,LL,1,RING,LL,1,0,RING,A_flag_ceiling
reduce_perf,2,16,4096,1024,float,sum,16.27,0.25,0.25,0,16.95,0.24,0.24,0,RING,LL128,1,RING,LL128,1,0,RING,A_flag_ceiling
reduce_perf,2,16,8192,2048,float,sum,15.23,0.54,0.54,0,16.05,0.51,0.51,0,RING,LL128,1,RING,LL128,1,0,RING,A_flag_ceiling
reduce_perf,2,16,16384,4096,float,sum,18.2,0.9,0.9,0,17.44,0.94,0.94,0,RING,LL128,1,RING,LL128,1,0,RING,A_flag_ceiling
reduce_perf,2,16,32768,8192,float,sum,17.42,1.88,1.88,0,17.64,1.86,1.86,0,RING,LL128,1,RING,LL128,1,0,RING,A_flag_ceiling
reduce_perf,2,16,65536,16384,float,sum,19.57,3.35,3.35,0,19.06,3.44,3.44,0,RING,LL128,1,RING,LL128,1,0,RING,A_flag_ceiling
reduce_perf,2,16,131072,32768,float,sum,27.57,4.75,4.75,0,26.27,4.99,4.99,0,RING,LL128,1,RING,LL128,1,0,RING,A_flag_ceiling
reduce_perf,2,16,262144,65536,float,sum,37.39,7.01,7.01,0,37.53,6.98,6.98,0,RING,LL128,1,RING,LL128,1,0,RING,A_flag_ceiling
reduce_perf,2,16,524288,131072,float,sum,60.92,8.61,8.61,0,60.95,8.6,8.6,0,RING,LL128,1,RING,LL128,1,0,RING,A_flag_ceiling
reduce_perf,2,16,1048576,262144,float,sum,108.87,9.63,9.63,0,109.59,9.57,9.57,0,RING,LL128,1,RING,LL128,1,0,RING,A_flag_ceiling
reduce_perf,2,16,2097152,524288,float,sum,203.64,10.3,10.3,0,205.05,10.23,10.23,0,RING,LL128,1,RING,LL128,1,0,RING,A_flag_ceiling
reduce_perf,2,16,4194304,1048576,float,sum,395.66,10.6,10.6,0,395.78,10.6,10.6,0,RING,LL128,1,RING,LL128,1,0,RING,A_flag_ceiling
reduce_perf,2,16,8388608,2097152,float,sum,782.36,10.72,10.72,0,781.11,10.74,10.74,0,RING,LL128,1,RING,LL128,1,0,RING,A_flag_ceiling
reduce_perf,2,16,16777216,4194304,float,sum,1552.45,10.81,10.81,0,1551.6,10.81,10.81,0,RING,LL128,1,RING,LL128,1,0,RING,A_flag_ceiling
reduce_perf,2,16,33554432,8388608,float,sum,3095.05,10.84,10.84,0,3096.57,10.84,10.84,0,RING,LL128,1,RING,LL128,1,0,RING,A_flag_ceiling
reduce_perf,2,16,67108864,16777216,float,sum,6191.54,10.84,10.84,0,6201.03,10.82,10.82,0,RING,LL128,1,RING,LL128,1,0,RING,A_flag_ceiling
reduce_perf,2,16,134217728,33554432,float,sum,12364.0,10.86,10.86,0,12388.5,10.83,10.83,0,RING,LL128,1,RING,LL128,1,0,RING,A_flag_ceiling
reduce_perf,2,16,268435456,67108864,float,sum,24718.0,10.86,10.86,0,24772.7,10.84,10.84,0,RING,LL128,1,RING,LL128,1,0,RING,A_flag_ceiling
reduce_perf,2,16,536870912,134217728,float,sum,49445.9,10.86,10.86,0,49647.0,10.81,10.81,0,RING,LL128,1,RING,LL128,1,0,RING,A_flag_ceiling
reduce_perf,2,16,4096,1024,float,sum,19.44,0.21,0.21,0,19.02,0.22,0.22,0,RING,SIMPLE,2,RING,SIMPLE,2,0,RING,A_flag_ceiling
reduce_perf,2,16,8192,2048,float,sum,17.78,0.46,0.46,0,17.56,0.47,0.47,0,RING,SIMPLE,2,RING,SIMPLE,2,0,RING,A_flag_ceiling
reduce_perf,2,16,16384,4096,float,sum,19.46,0.84,0.84,0,18.56,0.88,0.88,0,RING,SIMPLE,2,RING,SIMPLE,2,0,RING,A_flag_ceiling
reduce_perf,2,16,32768,8192,float,sum,45.57,0.72,0.72,0,44.49,0.74,0.74,0,RING,SIMPLE,2,RING,SIMPLE,2,0,RING,A_flag_ceiling
reduce_perf,2,16,65536,16384,float,sum,54.33,1.21,1.21,0,54.26,1.21,1.21,0,RING,SIMPLE,2,RING,SIMPLE,2,0,RING,A_flag_ceiling
reduce_perf,2,16,131072,32768,float,sum,59.9,2.19,2.19,0,59.7,2.2,2.2,0,RING,SIMPLE,2,RING,SIMPLE,2,0,RING,A_flag_ceiling
reduce_perf,2,16,262144,65536,float,sum,70.22,3.73,3.73,0,69.9,3.75,3.75,0,RING,SIMPLE,2,RING,SIMPLE,2,0,RING,A_flag_ceiling
reduce_perf,2,16,524288,131072,float,sum,90.1,5.82,5.82,0,90.34,5.8,5.8,0,RING,SIMPLE,2,RING,SIMPLE,2,0,RING,A_flag_ceiling
reduce_perf,2,16,1048576,262144,float,sum,122.14,8.58,8.58,0,120.76,8.68,8.68,0,RING,SIMPLE,2,RING,SIMPLE,2,0,RING,A_flag_ceiling
reduce_perf,2,16,2097152,524288,float,sum,174.79,12.0,12.0,0,172.94,12.13,12.13,0,RING,SIMPLE,2,RING,SIMPLE,2,0,RING,A_flag_ceiling
reduce_perf,2,16,4194304,1048576,float,sum,271.0,15.48,15.48,0,262.03,16.01,16.01,0,RING,SIMPLE,2,RING,SIMPLE,2,0,RING,A_flag_ceiling
reduce_perf,2,16,8388608,2097152,float,sum,433.3,19.36,19.36,0,422.1,19.87,19.87,0,RING,SIMPLE,2,RING,SIMPLE,2,0,RING,A_flag_ceiling
reduce_perf,2,16,16777216,4194304,float,sum,714.73,23.47,23.47,0,701.58,23.91,23.91,0,RING,SIMPLE,2,RING,SIMPLE,2,0,RING,A_flag_ceiling
reduce_perf,2,16,33554432,8388608,float,sum,1253.9,26.76,26.76,0,1233.04,27.21,27.21,0,RING,SIMPLE,2,RING,SIMPLE,2,0,RING,A_flag_ceiling
reduce_perf,2,16,67108864,16777216,float,sum,2302.7,29.14,29.14,0,2263.25,29.65,29.65,0,RING,SIMPLE,2,RING,SIMPLE,2,0,RING,A_flag_ceiling
reduce_perf,2,16,134217728,33554432,float,sum,4299.93,31.21,31.21,0,4240.57,31.65,31.65,0,RING,SIMPLE,2,RING,SIMPLE,2,0,RING,A_flag_ceiling
reduce_perf,2,16,268435456,67108864,float,sum,8370.86,32.07,32.07,0,8265.53,32.48,32.48,0,RING,SIMPLE,2,RING,SIMPLE,2,0,RING,A_flag_ceiling
reduce_perf,2,16,536870912,134217728,float,sum,16687.5,32.17,32.17,0,16680.1,32.19,32.19,0,RING,SIMPLE,2,RING,SIMPLE,2,0,RING,A_flag_ceiling
reduce_perf,2,16,4096,1024,float,sum,16.7,0.25,0.25,0,15.69,0.26,0.26,0,RING,LL,2,RING,LL,2,0,RING,A_flag_ceiling
reduce_perf,2,16,8192,2048,float,sum,26.34,0.31,0.31,0,26.26,0.31,0.31,0,RING,LL,2,RING,LL,2,0,RING,A_flag_ceiling
reduce_perf,2,16,16384,4096,float,sum,31.54,0.52,0.52,0,29.66,0.55,0.55,0,RING,LL,2,RING,LL,2,0,RING,A_flag_ceiling
reduce_perf,2,16,32768,8192,float,sum,36.27,0.9,0.9,0,103.53,0.32,0.32,0,RING,LL,2,RING,LL,2,0,RING,A_flag_ceiling
reduce_perf,2,16,65536,16384,float,sum,42.84,1.53,1.53,0,42.18,1.55,1.55,0,RING,LL,2,RING,LL,2,0,RING,A_flag_ceiling
reduce_perf,2,16,131072,32768,float,sum,55.22,2.37,2.37,0,56.79,2.31,2.31,0,RING,LL,2,RING,LL,2,0,RING,A_flag_ceiling
reduce_perf,2,16,262144,65536,float,sum,81.78,3.21,3.21,0,82.45,3.18,3.18,0,RING,LL,2,RING,LL,2,0,RING,A_flag_ceiling
reduce_perf,2,16,524288,131072,float,sum,135.53,3.87,3.87,0,135.69,3.86,3.86,0,RING,LL,2,RING,LL,2,0,RING,A_flag_ceiling
reduce_perf,2,16,1048576,262144,float,sum,241.31,4.35,4.35,0,242.04,4.33,4.33,0,RING,LL,2,RING,LL,2,0,RING,A_flag_ceiling
reduce_perf,2,16,2097152,524288,float,sum,453.06,4.63,4.63,0,455.59,4.6,4.6,0,RING,LL,2,RING,LL,2,0,RING,A_flag_ceiling
reduce_perf,2,16,4194304,1048576,float,sum,881.29,4.76,4.76,0,883.9,4.75,4.75,0,RING,LL,2,RING,LL,2,0,RING,A_flag_ceiling
reduce_perf,2,16,8388608,2097152,float,sum,1731.65,4.84,4.84,0,1735.21,4.83,4.83,0,RING,LL,2,RING,LL,2,0,RING,A_flag_ceiling
reduce_perf,2,16,16777216,4194304,float,sum,3451.9,4.86,4.86,0,3455.34,4.86,4.86,0,RING,LL,2,RING,LL,2,0,RING,A_flag_ceiling
reduce_perf,2,16,33554432,8388608,float,sum,6889.1,4.87,4.87,0,6886.79,4.87,4.87,0,RING,LL,2,RING,LL,2,0,RING,A_flag_ceiling
reduce_perf,2,16,67108864,16777216,float,sum,13782.3,4.87,4.87,0,13790.8,4.87,4.87,0,RING,LL,2,RING,LL,2,0,RING,A_flag_ceiling
reduce_perf,2,16,134217728,33554432,float,sum,27563.3,4.87,4.87,0,27627.3,4.86,4.86,0,RING,LL,2,RING,LL,2,0,RING,A_flag_ceiling
reduce_perf,2,16,268435456,67108864,float,sum,55116.1,4.87,4.87,0,55235.0,4.86,4.86,0,RING,LL,2,RING,LL,2,0,RING,A_flag_ceiling
reduce_perf,2,16,536870912,134217728,float,sum,110393.0,4.86,4.86,0,110650.0,4.85,4.85,0,RING,LL,2,RING,LL,2,0,RING,A_flag_ceiling
reduce_perf,2,16,4096,1024,float,sum,18.7,0.22,0.22,0,17.7,0.23,0.23,0,RING,LL128,2,RING,LL128,2,0,RING,A_flag_ceiling
reduce_perf,2,16,8192,2048,float,sum,16.14,0.51,0.51,0,15.81,0.52,0.52,0,RING,LL128,2,RING,LL128,2,0,RING,A_flag_ceiling
reduce_perf,2,16,16384,4096,float,sum,17.91,0.91,0.91,0,17.35,0.94,0.94,0,RING,LL128,2,RING,LL128,2,0,RING,A_flag_ceiling
reduce_perf,2,16,32768,8192,float,sum,33.17,0.99,0.99,0,32.76,1.0,1.0,0,RING,LL128,2,RING,LL128,2,0,RING,A_flag_ceiling
reduce_perf,2,16,65536,16384,float,sum,37.12,1.77,1.77,0,36.88,1.78,1.78,0,RING,LL128,2,RING,LL128,2,0,RING,A_flag_ceiling
reduce_perf,2,16,131072,32768,float,sum,44.55,2.94,2.94,0,44.45,2.95,2.95,0,RING,LL128,2,RING,LL128,2,0,RING,A_flag_ceiling
reduce_perf,2,16,262144,65536,float,sum,54.75,4.79,4.79,0,55.5,4.72,4.72,0,RING,LL128,2,RING,LL128,2,0,RING,A_flag_ceiling
reduce_perf,2,16,524288,131072,float,sum,67.34,7.79,7.79,0,67.87,7.72,7.72,0,RING,LL128,2,RING,LL128,2,0,RING,A_flag_ceiling
reduce_perf,2,16,1048576,262144,float,sum,92.97,11.28,11.28,0,93.79,11.18,11.18,0,RING,LL128,2,RING,LL128,2,0,RING,A_flag_ceiling
reduce_perf,2,16,2097152,524288,float,sum,142.66,14.7,14.7,0,143.34,14.63,14.63,0,RING,LL128,2,RING,LL128,2,0,RING,A_flag_ceiling
reduce_perf,2,16,4194304,1048576,float,sum,241.52,17.37,17.37,0,242.38,17.3,17.3,0,RING,LL128,2,RING,LL128,2,0,RING,A_flag_ceiling
reduce_perf,2,16,8388608,2097152,float,sum,440.31,19.05,19.05,0,439.46,19.09,19.09,0,RING,LL128,2,RING,LL128,2,0,RING,A_flag_ceiling
reduce_perf,2,16,16777216,4194304,float,sum,833.12,20.14,20.14,0,833.43,20.13,20.13,0,RING,LL128,2,RING,LL128,2,0,RING,A_flag_ceiling
reduce_perf,2,16,33554432,8388608,float,sum,1623.53,20.67,20.67,0,1623.28,20.67,20.67,0,RING,LL128,2,RING,LL128,2,0,RING,A_flag_ceiling
reduce_perf,2,16,67108864,16777216,float,sum,3230.4,20.77,20.77,0,3223.59,20.82,20.82,0,RING,LL128,2,RING,LL128,2,0,RING,A_flag_ceiling
reduce_perf,2,16,134217728,33554432,float,sum,6447.42,20.82,20.82,0,6431.45,20.87,20.87,0,RING,LL128,2,RING,LL128,2,0,RING,A_flag_ceiling
reduce_perf,2,16,268435456,67108864,float,sum,12888.4,20.83,20.83,0,12868.7,20.86,20.86,0,RING,LL128,2,RING,LL128,2,0,RING,A_flag_ceiling
reduce_perf,2,16,536870912,134217728,float,sum,25767.1,20.84,20.84,0,25776.5,20.83,20.83,0,RING,LL128,2,RING,LL128,2,0,RING,A_flag_ceiling
reduce_perf,2,16,4096,1024,float,sum,20.14,0.2,0.2,0,18.12,0.23,0.23,0,RING,SIMPLE,4,RING,SIMPLE,4,0,RING,A_flag_ceiling
reduce_perf,2,16,8192,2048,float,sum,17.34,0.47,0.47,0,17.45,0.47,0.47,0,RING,SIMPLE,4,RING,SIMPLE,4,0,RING,A_flag_ceiling
reduce_perf,2,16,16384,4096,float,sum,19.29,0.85,0.85,0,18.77,0.87,0.87,0,RING,SIMPLE,4,RING,SIMPLE,4,0,RING,A_flag_ceiling
reduce_perf,2,16,32768,8192,float,sum,45.41,0.72,0.72,0,44.79,0.73,0.73,0,RING,SIMPLE,4,RING,SIMPLE,4,0,RING,A_flag_ceiling
reduce_perf,2,16,65536,16384,float,sum,66.88,0.98,0.98,0,66.8,0.98,0.98,0,RING,SIMPLE,4,RING,SIMPLE,4,0,RING,A_flag_ceiling
reduce_perf,2,16,131072,32768,float,sum,81.52,1.61,1.61,0,81.99,1.6,1.6,0,RING,SIMPLE,4,RING,SIMPLE,4,0,RING,A_flag_ceiling
reduce_perf,2,16,262144,65536,float,sum,87.45,3.0,3.0,0,86.94,3.02,3.02,0,RING,SIMPLE,4,RING,SIMPLE,4,0,RING,A_flag_ceiling
reduce_perf,2,16,524288,131072,float,sum,97.9,5.36,5.36,0,97.02,5.4,5.4,0,RING,SIMPLE,4,RING,SIMPLE,4,0,RING,A_flag_ceiling
reduce_perf,2,16,1048576,262144,float,sum,118.51,8.85,8.85,0,117.26,8.94,8.94,0,RING,SIMPLE,4,RING,SIMPLE,4,0,RING,A_flag_ceiling
reduce_perf,2,16,2097152,524288,float,sum,161.39,12.99,12.99,0,159.8,13.12,13.12,0,RING,SIMPLE,4,RING,SIMPLE,4,0,RING,A_flag_ceiling
reduce_perf,2,16,4194304,1048576,float,sum,218.34,19.21,19.21,0,219.18,19.14,19.14,0,RING,SIMPLE,4,RING,SIMPLE,4,0,RING,A_flag_ceiling
reduce_perf,2,16,8388608,2097152,float,sum,338.45,24.79,24.79,0,333.0,25.19,25.19,0,RING,SIMPLE,4,RING,SIMPLE,4,0,RING,A_flag_ceiling
reduce_perf,2,16,16777216,4194304,float,sum,509.63,32.92,32.92,0,501.38,33.46,33.46,0,RING,SIMPLE,4,RING,SIMPLE,4,0,RING,A_flag_ceiling
reduce_perf,2,16,33554432,8388608,float,sum,862.86,38.89,38.89,0,848.26,39.56,39.56,0,RING,SIMPLE,4,RING,SIMPLE,4,0,RING,A_flag_ceiling
reduce_perf,2,16,67108864,16777216,float,sum,1453.67,46.17,46.17,0,1424.17,47.12,47.12,0,RING,SIMPLE,4,RING,SIMPLE,4,0,RING,A_flag_ceiling
reduce_perf,2,16,134217728,33554432,float,sum,2680.16,50.08,50.08,0,2624.92,51.13,51.13,0,RING,SIMPLE,4,RING,SIMPLE,4,0,RING,A_flag_ceiling
reduce_perf,2,16,268435456,67108864,float,sum,4868.17,55.14,55.14,0,4802.69,55.89,55.89,0,RING,SIMPLE,4,RING,SIMPLE,4,0,RING,A_flag_ceiling
reduce_perf,2,16,536870912,134217728,float,sum,9229.81,58.17,58.17,0,9216.21,58.25,58.25,0,RING,SIMPLE,4,RING,SIMPLE,4,0,RING,A_flag_ceiling
reduce_perf,2,16,4096,1024,float,sum,17.44,0.23,0.23,0,16.18,0.25,0.25,0,RING,LL,4,RING,LL,4,0,RING,A_flag_ceiling
reduce_perf,2,16,8192,2048,float,sum,26.83,0.31,0.31,0,30.34,0.27,0.27,0,RING,LL,4,RING,LL,4,0,RING,A_flag_ceiling
reduce_perf,2,16,16384,4096,float,sum,40.33,0.41,0.41,0,38.24,0.43,0.43,0,RING,LL,4,RING,LL,4,0,RING,A_flag_ceiling
reduce_perf,2,16,32768,8192,float,sum,45.64,0.72,0.72,0,93.0,0.35,0.35,0,RING,LL,4,RING,LL,4,0,RING,A_flag_ceiling
reduce_perf,2,16,65536,16384,float,sum,54.33,1.21,1.21,0,53.95,1.21,1.21,0,RING,LL,4,RING,LL,4,0,RING,A_flag_ceiling
reduce_perf,2,16,131072,32768,float,sum,61.38,2.14,2.14,0,61.32,2.14,2.14,0,RING,LL,4,RING,LL,4,0,RING,A_flag_ceiling
reduce_perf,2,16,262144,65536,float,sum,75.4,3.48,3.48,0,75.71,3.46,3.46,0,RING,LL,4,RING,LL,4,0,RING,A_flag_ceiling
reduce_perf,2,16,524288,131072,float,sum,102.45,5.12,5.12,0,102.92,5.09,5.09,0,RING,LL,4,RING,LL,4,0,RING,A_flag_ceiling
reduce_perf,2,16,1048576,262144,float,sum,158.01,6.64,6.64,0,158.0,6.64,6.64,0,RING,LL,4,RING,LL,4,0,RING,A_flag_ceiling
reduce_perf,2,16,2097152,524288,float,sum,267.14,7.85,7.85,0,269.4,7.78,7.78,0,RING,LL,4,RING,LL,4,0,RING,A_flag_ceiling
reduce_perf,2,16,4194304,1048576,float,sum,486.35,8.62,8.62,0,494.22,8.49,8.49,0,RING,LL,4,RING,LL,4,0,RING,A_flag_ceiling
reduce_perf,2,16,8388608,2097152,float,sum,931.03,9.01,9.01,0,938.73,8.94,8.94,0,RING,LL,4,RING,LL,4,0,RING,A_flag_ceiling
reduce_perf,2,16,16777216,4194304,float,sum,1822.88,9.2,9.2,0,1841.72,9.11,9.11,0,RING,LL,4,RING,LL,4,0,RING,A_flag_ceiling
reduce_perf,2,16,33554432,8388608,float,sum,3671.23,9.14,9.14,0,3742.99,8.96,8.96,0,RING,LL,4,RING,LL,4,0,RING,A_flag_ceiling
reduce_perf,2,16,67108864,16777216,float,sum,7383.29,9.09,9.09,0,7311.76,9.18,9.18,0,RING,LL,4,RING,LL,4,0,RING,A_flag_ceiling
reduce_perf,2,16,134217728,33554432,float,sum,14833.0,9.05,9.05,0,14623.0,9.18,9.18,0,RING,LL,4,RING,LL,4,0,RING,A_flag_ceiling
reduce_perf,2,16,268435456,67108864,float,sum,29725.9,9.03,9.03,0,29209.6,9.19,9.19,0,RING,LL,4,RING,LL,4,0,RING,A_flag_ceiling
reduce_perf,2,16,536870912,134217728,float,sum,59473.3,9.03,9.03,0,58399.0,9.19,9.19,0,RING,LL,4,RING,LL,4,0,RING,A_flag_ceiling
reduce_perf,2,16,4096,1024,float,sum,18.19,0.23,0.23,0,16.51,0.25,0.25,0,RING,LL128,4,RING,LL128,4,0,RING,A_flag_ceiling
reduce_perf,2,16,8192,2048,float,sum,16.08,0.51,0.51,0,16.22,0.5,0.5,0,RING,LL128,4,RING,LL128,4,0,RING,A_flag_ceiling
reduce_perf,2,16,16384,4096,float,sum,18.03,0.91,0.91,0,17.36,0.94,0.94,0,RING,LL128,4,RING,LL128,4,0,RING,A_flag_ceiling
reduce_perf,2,16,32768,8192,float,sum,32.53,1.01,1.01,0,32.34,1.01,1.01,0,RING,LL128,4,RING,LL128,4,0,RING,A_flag_ceiling
reduce_perf,2,16,65536,16384,float,sum,47.62,1.38,1.38,0,47.24,1.39,1.39,0,RING,LL128,4,RING,LL128,4,0,RING,A_flag_ceiling
reduce_perf,2,16,131072,32768,float,sum,54.54,2.4,2.4,0,54.06,2.42,2.42,0,RING,LL128,4,RING,LL128,4,0,RING,A_flag_ceiling
reduce_perf,2,16,262144,65536,float,sum,65.47,4.0,4.0,0,65.1,4.03,4.03,0,RING,LL128,4,RING,LL128,4,0,RING,A_flag_ceiling
reduce_perf,2,16,524288,131072,float,sum,79.51,6.59,6.59,0,79.87,6.56,6.56,0,RING,LL128,4,RING,LL128,4,0,RING,A_flag_ceiling
reduce_perf,2,16,1048576,262144,float,sum,93.76,11.18,11.18,0,94.13,11.14,11.14,0,RING,LL128,4,RING,LL128,4,0,RING,A_flag_ceiling
reduce_perf,2,16,2097152,524288,float,sum,149.01,14.07,14.07,0,120.69,17.38,17.38,0,RING,LL128,4,RING,LL128,4,0,RING,A_flag_ceiling
reduce_perf,2,16,4194304,1048576,float,sum,174.41,24.05,24.05,0,173.22,24.21,24.21,0,RING,LL128,4,RING,LL128,4,0,RING,A_flag_ceiling
reduce_perf,2,16,8388608,2097152,float,sum,277.88,30.19,30.19,0,276.3,30.36,30.36,0,RING,LL128,4,RING,LL128,4,0,RING,A_flag_ceiling
reduce_perf,2,16,16777216,4194304,float,sum,483.41,34.71,34.71,0,482.35,34.78,34.78,0,RING,LL128,4,RING,LL128,4,0,RING,A_flag_ceiling
reduce_perf,2,16,33554432,8388608,float,sum,897.32,37.39,37.39,0,897.03,37.41,37.41,0,RING,LL128,4,RING,LL128,4,0,RING,A_flag_ceiling
reduce_perf,2,16,67108864,16777216,float,sum,1730.96,38.77,38.77,0,1729.73,38.8,38.8,0,RING,LL128,4,RING,LL128,4,0,RING,A_flag_ceiling
reduce_perf,2,16,134217728,33554432,float,sum,3403.52,39.43,39.43,0,3409.76,39.36,39.36,0,RING,LL128,4,RING,LL128,4,0,RING,A_flag_ceiling
reduce_perf,2,16,268435456,67108864,float,sum,6778.71,39.6,39.6,0,6809.23,39.42,39.42,0,RING,LL128,4,RING,LL128,4,0,RING,A_flag_ceiling
reduce_perf,2,16,536870912,134217728,float,sum,13545.1,39.64,39.64,0,13608.3,39.45,39.45,0,RING,LL128,4,RING,LL128,4,0,RING,A_flag_ceiling
reduce_perf,2,16,4096,1024,float,sum,18.52,0.22,0.22,0,17.67,0.23,0.23,0,RING,SIMPLE,8,RING,SIMPLE,8,0,RING,A_flag_ceiling
reduce_perf,2,16,8192,2048,float,sum,17.71,0.46,0.46,0,16.83,0.49,0.49,0,RING,SIMPLE,8,RING,SIMPLE,8,0,RING,A_flag_ceiling
reduce_perf,2,16,16384,4096,float,sum,18.68,0.88,0.88,0,17.74,0.92,0.92,0,RING,SIMPLE,8,RING,SIMPLE,8,0,RING,A_flag_ceiling
reduce_perf,2,16,32768,8192,float,sum,45.64,0.72,0.72,0,44.83,0.73,0.73,0,RING,SIMPLE,8,RING,SIMPLE,8,0,RING,A_flag_ceiling
reduce_perf,2,16,65536,16384,float,sum,66.79,0.98,0.98,0,67.02,0.98,0.98,0,RING,SIMPLE,8,RING,SIMPLE,8,0,RING,A_flag_ceiling
reduce_perf,2,16,131072,32768,float,sum,69.98,1.87,1.87,0,71.11,1.84,1.84,0,RING,SIMPLE,8,RING,SIMPLE,8,0,RING,A_flag_ceiling
reduce_perf,2,16,262144,65536,float,sum,87.26,3.0,3.0,0,87.21,3.01,3.01,0,RING,SIMPLE,8,RING,SIMPLE,8,0,RING,A_flag_ceiling
reduce_perf,2,16,524288,131072,float,sum,92.67,5.66,5.66,0,91.75,5.71,5.71,0,RING,SIMPLE,8,RING,SIMPLE,8,0,RING,A_flag_ceiling
reduce_perf,2,16,1048576,262144,float,sum,103.57,10.12,10.12,0,102.86,10.19,10.19,0,RING,SIMPLE,8,RING,SIMPLE,8,0,RING,A_flag_ceiling
reduce_perf,2,16,2097152,524288,float,sum,124.19,16.89,16.89,0,123.59,16.97,16.97,0,RING,SIMPLE,8,RING,SIMPLE,8,0,RING,A_flag_ceiling
reduce_perf,2,16,4194304,1048576,float,sum,170.57,24.59,24.59,0,168.77,24.85,24.85,0,RING,SIMPLE,8,RING,SIMPLE,8,0,RING,A_flag_ceiling
reduce_perf,2,16,8388608,2097152,float,sum,226.62,37.02,37.02,0,224.31,37.4,37.4,0,RING,SIMPLE,8,RING,SIMPLE,8,0,RING,A_flag_ceiling
reduce_perf,2,16,16777216,4194304,float,sum,349.92,47.95,47.95,0,344.39,48.72,48.72,0,RING,SIMPLE,8,RING,SIMPLE,8,0,RING,A_flag_ceiling
reduce_perf,2,16,33554432,8388608,float,sum,524.41,63.98,63.98,0,515.38,65.11,65.11,0,RING,SIMPLE,8,RING,SIMPLE,8,0,RING,A_flag_ceiling
reduce_perf,2,16,67108864,16777216,float,sum,901.31,74.46,74.46,0,869.93,77.14,77.14,0,RING,SIMPLE,8,RING,SIMPLE,8,0,RING,A_flag_ceiling
reduce_perf,2,16,134217728,33554432,float,sum,1485.04,90.38,90.38,0,1456.3,92.16,92.16,0,RING,SIMPLE,8,RING,SIMPLE,8,0,RING,A_flag_ceiling
reduce_perf,2,16,268435456,67108864,float,sum,2747.02,97.72,97.72,0,2710.03,99.05,99.05,0,RING,SIMPLE,8,RING,SIMPLE,8,0,RING,A_flag_ceiling
reduce_perf,2,16,536870912,134217728,float,sum,4957.35,108.3,108.3,0,4956.81,108.31,108.31,0,RING,SIMPLE,8,RING,SIMPLE,8,0,RING,A_flag_ceiling
reduce_perf,2,16,4096,1024,float,sum,16.89,0.24,0.24,0,15.19,0.27,0.27,0,RING,LL,8,RING,LL,8,0,RING,A_flag_ceiling
reduce_perf,2,16,8192,2048,float,sum,26.2,0.31,0.31,0,25.91,0.32,0.32,0,RING,LL,8,RING,LL,8,0,RING,A_flag_ceiling
reduce_perf,2,16,16384,4096,float,sum,39.22,0.42,0.42,0,38.16,0.43,0.43,0,RING,LL,8,RING,LL,8,0,RING,A_flag_ceiling
reduce_perf,2,16,32768,8192,float,sum,40.44,0.81,0.81,0,40.13,0.82,0.82,0,RING,LL,8,RING,LL,8,0,RING,A_flag_ceiling
reduce_perf,2,16,65536,16384,float,sum,45.91,1.43,1.43,0,45.63,1.44,1.44,0,RING,LL,8,RING,LL,8,0,RING,A_flag_ceiling
reduce_perf,2,16,131072,32768,float,sum,55.82,2.35,2.35,0,56.24,2.33,2.33,0,RING,LL,8,RING,LL,8,0,RING,A_flag_ceiling
reduce_perf,2,16,262144,65536,float,sum,64.0,4.1,4.1,0,64.72,4.05,4.05,0,RING,LL,8,RING,LL,8,0,RING,A_flag_ceiling
reduce_perf,2,16,524288,131072,float,sum,78.47,6.68,6.68,0,78.81,6.65,6.65,0,RING,LL,8,RING,LL,8,0,RING,A_flag_ceiling
reduce_perf,2,16,1048576,262144,float,sum,106.65,9.83,9.83,0,106.84,9.81,9.81,0,RING,LL,8,RING,LL,8,0,RING,A_flag_ceiling
reduce_perf,2,16,2097152,524288,float,sum,163.81,12.8,12.8,0,163.83,12.8,12.8,0,RING,LL,8,RING,LL,8,0,RING,A_flag_ceiling
reduce_perf,2,16,4194304,1048576,float,sum,275.39,15.23,15.23,0,277.16,15.13,15.13,0,RING,LL,8,RING,LL,8,0,RING,A_flag_ceiling
reduce_perf,2,16,8388608,2097152,float,sum,502.09,16.71,16.71,0,504.74,16.62,16.62,0,RING,LL,8,RING,LL,8,0,RING,A_flag_ceiling
reduce_perf,2,16,16777216,4194304,float,sum,953.76,17.59,17.59,0,957.93,17.51,17.51,0,RING,LL,8,RING,LL,8,0,RING,A_flag_ceiling
reduce_perf,2,16,33554432,8388608,float,sum,1869.07,17.95,17.95,0,1874.83,17.9,17.9,0,RING,LL,8,RING,LL,8,0,RING,A_flag_ceiling
reduce_perf,2,16,67108864,16777216,float,sum,3734.61,17.97,17.97,0,3693.35,18.17,18.17,0,RING,LL,8,RING,LL,8,0,RING,A_flag_ceiling
reduce_perf,2,16,134217728,33554432,float,sum,7474.02,17.96,17.96,0,7343.44,18.28,18.28,0,RING,LL,8,RING,LL,8,0,RING,A_flag_ceiling
reduce_perf,2,16,268435456,67108864,float,sum,14958.4,17.95,17.95,0,14659.3,18.31,18.31,0,RING,LL,8,RING,LL,8,0,RING,A_flag_ceiling
reduce_perf,2,16,536870912,134217728,float,sum,29939.1,17.93,17.93,0,29311.3,18.32,18.32,0,RING,LL,8,RING,LL,8,0,RING,A_flag_ceiling
reduce_perf,2,16,4096,1024,float,sum,19.4,0.21,0.21,0,17.58,0.23,0.23,0,RING,LL128,8,RING,LL128,8,0,RING,A_flag_ceiling
reduce_perf,2,16,8192,2048,float,sum,15.54,0.53,0.53,0,15.6,0.53,0.53,0,RING,LL128,8,RING,LL128,8,0,RING,A_flag_ceiling
reduce_perf,2,16,16384,4096,float,sum,17.98,0.91,0.91,0,17.72,0.92,0.92,0,RING,LL128,8,RING,LL128,8,0,RING,A_flag_ceiling
reduce_perf,2,16,32768,8192,float,sum,32.82,1.0,1.0,0,32.38,1.01,1.01,0,RING,LL128,8,RING,LL128,8,0,RING,A_flag_ceiling
reduce_perf,2,16,65536,16384,float,sum,47.33,1.38,1.38,0,46.92,1.4,1.4,0,RING,LL128,8,RING,LL128,8,0,RING,A_flag_ceiling
reduce_perf,2,16,131072,32768,float,sum,50.19,2.61,2.61,0,49.57,2.64,2.64,0,RING,LL128,8,RING,LL128,8,0,RING,A_flag_ceiling
reduce_perf,2,16,262144,65536,float,sum,56.56,4.63,4.63,0,56.44,4.64,4.64,0,RING,LL128,8,RING,LL128,8,0,RING,A_flag_ceiling
reduce_perf,2,16,524288,131072,float,sum,68.51,7.65,7.65,0,68.08,7.7,7.7,0,RING,LL128,8,RING,LL128,8,0,RING,A_flag_ceiling
reduce_perf,2,16,1048576,262144,float,sum,83.83,12.51,12.51,0,83.65,12.54,12.54,0,RING,LL128,8,RING,LL128,8,0,RING,A_flag_ceiling
reduce_perf,2,16,2097152,524288,float,sum,97.8,21.44,21.44,0,98.18,21.36,21.36,0,RING,LL128,8,RING,LL128,8,0,RING,A_flag_ceiling
reduce_perf,2,16,4194304,1048576,float,sum,125.08,33.53,33.53,0,125.46,33.43,33.43,0,RING,LL128,8,RING,LL128,8,0,RING,A_flag_ceiling
reduce_perf,2,16,8388608,2097152,float,sum,179.31,46.78,46.78,0,178.99,46.87,46.87,0,RING,LL128,8,RING,LL128,8,0,RING,A_flag_ceiling
reduce_perf,2,16,16777216,4194304,float,sum,285.45,58.77,58.77,0,284.66,58.94,58.94,0,RING,LL128,8,RING,LL128,8,0,RING,A_flag_ceiling
reduce_perf,2,16,33554432,8388608,float,sum,496.85,67.53,67.53,0,496.32,67.61,67.61,0,RING,LL128,8,RING,LL128,8,0,RING,A_flag_ceiling
reduce_perf,2,16,67108864,16777216,float,sum,924.72,72.57,72.57,0,920.69,72.89,72.89,0,RING,LL128,8,RING,LL128,8,0,RING,A_flag_ceiling
reduce_perf,2,16,134217728,33554432,float,sum,1776.64,75.55,75.55,0,1773.95,75.66,75.66,0,RING,LL128,8,RING,LL128,8,0,RING,A_flag_ceiling
reduce_perf,2,16,268435456,67108864,float,sum,3481.12,77.11,77.11,0,3472.23,77.31,77.31,0,RING,LL128,8,RING,LL128,8,0,RING,A_flag_ceiling
reduce_perf,2,16,536870912,134217728,float,sum,6884.6,77.98,77.98,0,6907.66,77.72,77.72,0,RING,LL128,8,RING,LL128,8,0,RING,A_flag_ceiling
reduce_perf,2,16,4096,1024,float,sum,17.67,0.23,0.23,0,17.38,0.24,0.24,0,RING,SIMPLE,16,RING,SIMPLE,16,0,RING,A_flag_ceiling
reduce_perf,2,16,8192,2048,float,sum,17.28,0.47,0.47,0,19.26,0.43,0.43,0,RING,SIMPLE,16,RING,SIMPLE,16,0,RING,A_flag_ceiling
reduce_perf,2,16,16384,4096,float,sum,19.43,0.84,0.84,0,18.71,0.88,0.88,0,RING,SIMPLE,16,RING,SIMPLE,16,0,RING,A_flag_ceiling
reduce_perf,2,16,32768,8192,float,sum,50.32,0.65,0.65,0,45.26,0.72,0.72,0,RING,SIMPLE,16,RING,SIMPLE,16,0,RING,A_flag_ceiling
reduce_perf,2,16,65536,16384,float,sum,67.25,0.97,0.97,0,66.74,0.98,0.98,0,RING,SIMPLE,16,RING,SIMPLE,16,0,RING,A_flag_ceiling
reduce_perf,2,16,131072,32768,float,sum,71.14,1.84,1.84,0,70.25,1.87,1.87,0,RING,SIMPLE,16,RING,SIMPLE,16,0,RING,A_flag_ceiling
reduce_perf,2,16,262144,65536,float,sum,71.67,3.66,3.66,0,71.66,3.66,3.66,0,RING,SIMPLE,16,RING,SIMPLE,16,0,RING,A_flag_ceiling
reduce_perf,2,16,524288,131072,float,sum,89.9,5.83,5.83,0,88.97,5.89,5.89,0,RING,SIMPLE,16,RING,SIMPLE,16,0,RING,A_flag_ceiling
reduce_perf,2,16,1048576,262144,float,sum,95.63,10.97,10.97,0,94.55,11.09,11.09,0,RING,SIMPLE,16,RING,SIMPLE,16,0,RING,A_flag_ceiling
reduce_perf,2,16,2097152,524288,float,sum,106.72,19.65,19.65,0,106.01,19.78,19.78,0,RING,SIMPLE,16,RING,SIMPLE,16,0,RING,A_flag_ceiling
reduce_perf,2,16,4194304,1048576,float,sum,128.02,32.76,32.76,0,127.5,32.9,32.9,0,RING,SIMPLE,16,RING,SIMPLE,16,0,RING,A_flag_ceiling
reduce_perf,2,16,8388608,2097152,float,sum,175.08,47.91,47.91,0,172.56,48.61,48.61,0,RING,SIMPLE,16,RING,SIMPLE,16,0,RING,A_flag_ceiling
reduce_perf,2,16,16777216,4194304,float,sum,230.15,72.9,72.9,0,228.32,73.48,73.48,0,RING,SIMPLE,16,RING,SIMPLE,16,0,RING,A_flag_ceiling
reduce_perf,2,16,33554432,8388608,float,sum,349.67,95.96,95.96,0,343.74,97.61,97.61,0,RING,SIMPLE,16,RING,SIMPLE,16,0,RING,A_flag_ceiling
reduce_perf,2,16,67108864,16777216,float,sum,524.75,127.89,127.89,0,513.06,130.8,130.8,0,RING,SIMPLE,16,RING,SIMPLE,16,0,RING,A_flag_ceiling
reduce_perf,2,16,134217728,33554432,float,sum,894.73,150.01,150.01,0,878.47,152.79,152.79,0,RING,SIMPLE,16,RING,SIMPLE,16,0,RING,A_flag_ceiling
reduce_perf,2,16,268435456,67108864,float,sum,1500.79,178.86,178.86,0,1481.77,181.16,181.16,0,RING,SIMPLE,16,RING,SIMPLE,16,0,RING,A_flag_ceiling
reduce_perf,2,16,536870912,134217728,float,sum,2774.01,193.54,193.54,0,2781.12,193.04,193.04,0,RING,SIMPLE,16,RING,SIMPLE,16,0,RING,A_flag_ceiling
reduce_perf,2,16,4096,1024,float,sum,17.45,0.23,0.23,0,16.24,0.25,0.25,0,RING,LL,16,RING,LL,16,0,RING,A_flag_ceiling
reduce_perf,2,16,8192,2048,float,sum,26.17,0.31,0.31,0,25.78,0.32,0.32,0,RING,LL,16,RING,LL,16,0,RING,A_flag_ceiling
reduce_perf,2,16,16384,4096,float,sum,39.0,0.42,0.42,0,37.37,0.44,0.44,0,RING,LL,16,RING,LL,16,0,RING,A_flag_ceiling
reduce_perf,2,16,32768,8192,float,sum,39.8,0.82,0.82,0,40.3,0.81,0.81,0,RING,LL,16,RING,LL,16,0,RING,A_flag_ceiling
reduce_perf,2,16,65536,16384,float,sum,41.72,1.57,1.57,0,41.52,1.58,1.58,0,RING,LL,16,RING,LL,16,0,RING,A_flag_ceiling
reduce_perf,2,16,131072,32768,float,sum,48.05,2.73,2.73,0,48.03,2.73,2.73,0,RING,LL,16,RING,LL,16,0,RING,A_flag_ceiling
reduce_perf,2,16,262144,65536,float,sum,58.83,4.46,4.46,0,58.94,4.45,4.45,0,RING,LL,16,RING,LL,16,0,RING,A_flag_ceiling
reduce_perf,2,16,524288,131072,float,sum,67.82,7.73,7.73,0,68.02,7.71,7.71,0,RING,LL,16,RING,LL,16,0,RING,A_flag_ceiling
reduce_perf,2,16,1048576,262144,float,sum,83.18,12.61,12.61,0,84.05,12.47,12.47,0,RING,LL,16,RING,LL,16,0,RING,A_flag_ceiling
reduce_perf,2,16,2097152,524288,float,sum,111.27,18.85,18.85,0,114.23,18.36,18.36,0,RING,LL,16,RING,LL,16,0,RING,A_flag_ceiling
reduce_perf,2,16,4194304,1048576,float,sum,179.35,23.39,23.39,0,178.58,23.49,23.49,0,RING,LL,16,RING,LL,16,0,RING,A_flag_ceiling
reduce_perf,2,16,8388608,2097152,float,sum,299.59,28.0,28.0,0,301.56,27.82,27.82,0,RING,LL,16,RING,LL,16,0,RING,A_flag_ceiling
reduce_perf,2,16,16777216,4194304,float,sum,539.21,31.11,31.11,0,542.54,30.92,30.92,0,RING,LL,16,RING,LL,16,0,RING,A_flag_ceiling
reduce_perf,2,16,33554432,8388608,float,sum,1024.06,32.77,32.77,0,1023.48,32.78,32.78,0,RING,LL,16,RING,LL,16,0,RING,A_flag_ceiling
reduce_perf,2,16,67108864,16777216,float,sum,1986.62,33.78,33.78,0,1984.84,33.81,33.81,0,RING,LL,16,RING,LL,16,0,RING,A_flag_ceiling
reduce_perf,2,16,134217728,33554432,float,sum,3898.1,34.43,34.43,0,3893.37,34.47,34.47,0,RING,LL,16,RING,LL,16,0,RING,A_flag_ceiling
reduce_perf,2,16,268435456,67108864,float,sum,7735.2,34.7,34.7,0,7741.81,34.67,34.67,0,RING,LL,16,RING,LL,16,0,RING,A_flag_ceiling
reduce_perf,2,16,536870912,134217728,float,sum,15398.6,34.86,34.86,0,15386.7,34.89,34.89,0,RING,LL,16,RING,LL,16,0,RING,A_flag_ceiling
reduce_perf,2,16,4096,1024,float,sum,16.75,0.24,0.24,0,15.94,0.26,0.26,0,RING,LL128,16,RING,LL128,16,0,RING,A_flag_ceiling
reduce_perf,2,16,8192,2048,float,sum,15.7,0.52,0.52,0,15.29,0.54,0.54,0,RING,LL128,16,RING,LL128,16,0,RING,A_flag_ceiling
reduce_perf,2,16,16384,4096,float,sum,18.03,0.91,0.91,0,17.06,0.96,0.96,0,RING,LL128,16,RING,LL128,16,0,RING,A_flag_ceiling
reduce_perf,2,16,32768,8192,float,sum,33.11,0.99,0.99,0,32.72,1.0,1.0,0,RING,LL128,16,RING,LL128,16,0,RING,A_flag_ceiling
reduce_perf,2,16,65536,16384,float,sum,47.04,1.39,1.39,0,47.05,1.39,1.39,0,RING,LL128,16,RING,LL128,16,0,RING,A_flag_ceiling
reduce_perf,2,16,131072,32768,float,sum,49.54,2.65,2.65,0,49.71,2.64,2.64,0,RING,LL128,16,RING,LL128,16,0,RING,A_flag_ceiling
reduce_perf,2,16,262144,65536,float,sum,54.46,4.81,4.81,0,50.64,5.18,5.18,0,RING,LL128,16,RING,LL128,16,0,RING,A_flag_ceiling
reduce_perf,2,16,524288,131072,float,sum,58.11,9.02,9.02,0,58.33,8.99,8.99,0,RING,LL128,16,RING,LL128,16,0,RING,A_flag_ceiling
reduce_perf,2,16,1048576,262144,float,sum,70.73,14.82,14.82,0,71.22,14.72,14.72,0,RING,LL128,16,RING,LL128,16,0,RING,A_flag_ceiling
reduce_perf,2,16,2097152,524288,float,sum,86.85,24.15,24.15,0,87.1,24.08,24.08,0,RING,LL128,16,RING,LL128,16,0,RING,A_flag_ceiling
reduce_perf,2,16,4194304,1048576,float,sum,101.9,41.16,41.16,0,102.11,41.07,41.07,0,RING,LL128,16,RING,LL128,16,0,RING,A_flag_ceiling
reduce_perf,2,16,8388608,2097152,float,sum,131.2,63.94,63.94,0,130.69,64.19,64.19,0,RING,LL128,16,RING,LL128,16,0,RING,A_flag_ceiling
reduce_perf,2,16,16777216,4194304,float,sum,186.92,89.76,89.76,0,186.87,89.78,89.78,0,RING,LL128,16,RING,LL128,16,0,RING,A_flag_ceiling
reduce_perf,2,16,33554432,8388608,float,sum,297.22,112.89,112.89,0,297.9,112.64,112.64,0,RING,LL128,16,RING,LL128,16,0,RING,A_flag_ceiling
reduce_perf,2,16,67108864,16777216,float,sum,519.32,129.22,129.22,0,518.72,129.37,129.37,0,RING,LL128,16,RING,LL128,16,0,RING,A_flag_ceiling
reduce_perf,2,16,134217728,33554432,float,sum,965.84,138.96,138.96,0,964.49,139.16,139.16,0,RING,LL128,16,RING,LL128,16,0,RING,A_flag_ceiling
reduce_perf,2,16,268435456,67108864,float,sum,1856.51,144.59,144.59,0,1848.86,145.19,145.19,0,RING,LL128,16,RING,LL128,16,0,RING,A_flag_ceiling
reduce_perf,2,16,536870912,134217728,float,sum,3630.15,147.89,147.89,0,3617.13,148.42,148.42,0,RING,LL128,16,RING,LL128,16,0,RING,A_flag_ceiling
reduce_perf,2,16,4096,1024,float,sum,19.67,0.21,0.21,0,17.88,0.23,0.23,0,RING,SIMPLE,24,RING,SIMPLE,24,0,RING,A_flag_ceiling
reduce_perf,2,16,8192,2048,float,sum,18.79,0.44,0.44,0,47.45,0.17,0.17,0,RING,SIMPLE,24,RING,SIMPLE,24,0,RING,A_flag_ceiling
reduce_perf,2,16,16384,4096,float,sum,19.38,0.85,0.85,0,19.85,0.83,0.83,0,RING,SIMPLE,24,RING,SIMPLE,24,0,RING,A_flag_ceiling
reduce_perf,2,16,32768,8192,float,sum,45.32,0.72,0.72,0,44.67,0.73,0.73,0,RING,SIMPLE,24,RING,SIMPLE,24,0,RING,A_flag_ceiling
reduce_perf,2,16,65536,16384,float,sum,66.94,0.98,0.98,0,66.74,0.98,0.98,0,RING,SIMPLE,24,RING,SIMPLE,24,0,RING,A_flag_ceiling
reduce_perf,2,16,131072,32768,float,sum,70.54,1.86,1.86,0,71.05,1.84,1.84,0,RING,SIMPLE,24,RING,SIMPLE,24,0,RING,A_flag_ceiling
reduce_perf,2,16,262144,65536,float,sum,71.15,3.68,3.68,0,109.36,2.4,2.4,0,RING,SIMPLE,24,RING,SIMPLE,24,0,RING,A_flag_ceiling
reduce_perf,2,16,524288,131072,float,sum,89.61,5.85,5.85,0,89.08,5.89,5.89,0,RING,SIMPLE,24,RING,SIMPLE,24,0,RING,A_flag_ceiling
reduce_perf,2,16,1048576,262144,float,sum,95.77,10.95,10.95,0,94.77,11.06,11.06,0,RING,SIMPLE,24,RING,SIMPLE,24,0,RING,A_flag_ceiling
reduce_perf,2,16,2097152,524288,float,sum,104.34,20.1,20.1,0,147.0,14.27,14.27,0,RING,SIMPLE,24,RING,SIMPLE,24,0,RING,A_flag_ceiling
reduce_perf,2,16,4194304,1048576,float,sum,118.5,35.4,35.4,0,118.17,35.49,35.49,0,RING,SIMPLE,24,RING,SIMPLE,24,0,RING,A_flag_ceiling
reduce_perf,2,16,8388608,2097152,float,sum,148.69,56.42,56.42,0,147.5,56.87,56.87,0,RING,SIMPLE,24,RING,SIMPLE,24,0,RING,A_flag_ceiling
reduce_perf,2,16,16777216,4194304,float,sum,199.56,84.07,84.07,0,196.42,85.42,85.42,0,RING,SIMPLE,24,RING,SIMPLE,24,0,RING,A_flag_ceiling
reduce_perf,2,16,33554432,8388608,float,sum,277.76,120.81,120.81,0,271.15,123.75,123.75,0,RING,SIMPLE,24,RING,SIMPLE,24,0,RING,A_flag_ceiling
reduce_perf,2,16,67108864,16777216,float,sum,425.08,157.88,157.88,0,439.42,152.72,152.72,0,RING,SIMPLE,24,RING,SIMPLE,24,0,RING,A_flag_ceiling
reduce_perf,2,16,134217728,33554432,float,sum,671.56,199.86,199.86,0,657.95,203.99,203.99,0,RING,SIMPLE,24,RING,SIMPLE,24,0,RING,A_flag_ceiling
reduce_perf,2,16,268435456,67108864,float,sum,1149.96,233.43,233.43,0,1143.44,234.76,234.76,0,RING,SIMPLE,24,RING,SIMPLE,24,0,RING,A_flag_ceiling
reduce_perf,2,16,536870912,134217728,float,sum,1998.49,268.64,268.64,0,1993.49,269.31,269.31,0,RING,SIMPLE,24,RING,SIMPLE,24,0,RING,A_flag_ceiling
reduce_perf,2,16,4096,1024,float,sum,17.01,0.24,0.24,0,15.42,0.27,0.27,0,RING,LL,24,RING,LL,24,0,RING,A_flag_ceiling
reduce_perf,2,16,8192,2048,float,sum,26.91,0.3,0.3,0,25.69,0.32,0.32,0,RING,LL,24,RING,LL,24,0,RING,A_flag_ceiling
reduce_perf,2,16,16384,4096,float,sum,41.52,0.39,0.39,0,37.73,0.43,0.43,0,RING,LL,24,RING,LL,24,0,RING,A_flag_ceiling
reduce_perf,2,16,32768,8192,float,sum,39.7,0.83,0.83,0,39.85,0.82,0.82,0,RING,LL,24,RING,LL,24,0,RING,A_flag_ceiling
reduce_perf,2,16,65536,16384,float,sum,41.35,1.58,1.58,0,44.48,1.47,1.47,0,RING,LL,24,RING,LL,24,0,RING,A_flag_ceiling
reduce_perf,2,16,131072,32768,float,sum,48.63,2.7,2.7,0,48.25,2.72,2.72,0,RING,LL,24,RING,LL,24,0,RING,A_flag_ceiling
reduce_perf,2,16,262144,65536,float,sum,56.43,4.65,4.65,0,56.92,4.61,4.61,0,RING,LL,24,RING,LL,24,0,RING,A_flag_ceiling
reduce_perf,2,16,524288,131072,float,sum,67.12,7.81,7.81,0,68.17,7.69,7.69,0,RING,LL,24,RING,LL,24,0,RING,A_flag_ceiling
reduce_perf,2,16,1048576,262144,float,sum,78.33,13.39,13.39,0,79.29,13.22,13.22,0,RING,LL,24,RING,LL,24,0,RING,A_flag_ceiling
reduce_perf,2,16,2097152,524288,float,sum,100.5,20.87,20.87,0,101.76,20.61,20.61,0,RING,LL,24,RING,LL,24,0,RING,A_flag_ceiling
reduce_perf,2,16,4194304,1048576,float,sum,167.97,24.97,24.97,0,169.86,24.69,24.69,0,RING,LL,24,RING,LL,24,0,RING,A_flag_ceiling
reduce_perf,2,16,8388608,2097152,float,sum,274.59,30.55,30.55,0,273.84,30.63,30.63,0,RING,LL,24,RING,LL,24,0,RING,A_flag_ceiling
reduce_perf,2,16,16777216,4194304,float,sum,491.23,34.15,34.15,0,491.25,34.15,34.15,0,RING,LL,24,RING,LL,24,0,RING,A_flag_ceiling
reduce_perf,2,16,33554432,8388608,float,sum,934.62,35.9,35.9,0,936.83,35.82,35.82,0,RING,LL,24,RING,LL,24,0,RING,A_flag_ceiling
reduce_perf,2,16,67108864,16777216,float,sum,1826.38,36.74,36.74,0,1788.84,37.52,37.52,0,RING,LL,24,RING,LL,24,0,RING,A_flag_ceiling
reduce_perf,2,16,134217728,33554432,float,sum,3493.34,38.42,38.42,0,3473.91,38.64,38.64,0,RING,LL,24,RING,LL,24,0,RING,A_flag_ceiling
reduce_perf,2,16,268435456,67108864,float,sum,6828.77,39.31,39.31,0,6799.73,39.48,39.48,0,RING,LL,24,RING,LL,24,0,RING,A_flag_ceiling
reduce_perf,2,16,536870912,134217728,float,sum,13574.2,39.55,39.55,0,13531.7,39.68,39.68,0,RING,LL,24,RING,LL,24,0,RING,A_flag_ceiling
reduce_perf,2,16,4096,1024,float,sum,17.87,0.23,0.23,0,15.53,0.26,0.26,0,RING,LL128,24,RING,LL128,24,0,RING,A_flag_ceiling
reduce_perf,2,16,8192,2048,float,sum,15.42,0.53,0.53,0,15.63,0.52,0.52,0,RING,LL128,24,RING,LL128,24,0,RING,A_flag_ceiling
reduce_perf,2,16,16384,4096,float,sum,18.32,0.89,0.89,0,16.98,0.96,0.96,0,RING,LL128,24,RING,LL128,24,0,RING,A_flag_ceiling
reduce_perf,2,16,32768,8192,float,sum,33.06,0.99,0.99,0,32.81,1.0,1.0,0,RING,LL128,24,RING,LL128,24,0,RING,A_flag_ceiling
reduce_perf,2,16,65536,16384,float,sum,46.76,1.4,1.4,0,47.15,1.39,1.39,0,RING,LL128,24,RING,LL128,24,0,RING,A_flag_ceiling
reduce_perf,2,16,131072,32768,float,sum,49.68,2.64,2.64,0,49.9,2.63,2.63,0,RING,LL128,24,RING,LL128,24,0,RING,A_flag_ceiling
reduce_perf,2,16,262144,65536,float,sum,51.07,5.13,5.13,0,50.95,5.15,5.15,0,RING,LL128,24,RING,LL128,24,0,RING,A_flag_ceiling
reduce_perf,2,16,524288,131072,float,sum,58.85,8.91,8.91,0,58.69,8.93,8.93,0,RING,LL128,24,RING,LL128,24,0,RING,A_flag_ceiling
reduce_perf,2,16,1048576,262144,float,sum,68.39,15.33,15.33,0,68.53,15.3,15.3,0,RING,LL128,24,RING,LL128,24,0,RING,A_flag_ceiling
reduce_perf,2,16,2097152,524288,float,sum,87.67,23.92,23.92,0,88.22,23.77,23.77,0,RING,LL128,24,RING,LL128,24,0,RING,A_flag_ceiling
reduce_perf,2,16,4194304,1048576,float,sum,97.64,42.96,42.96,0,97.57,42.99,42.99,0,RING,LL128,24,RING,LL128,24,0,RING,A_flag_ceiling
reduce_perf,2,16,8388608,2097152,float,sum,123.31,68.03,68.03,0,120.35,69.7,69.7,0,RING,LL128,24,RING,LL128,24,0,RING,A_flag_ceiling
reduce_perf,2,16,16777216,4194304,float,sum,161.09,104.15,104.15,0,161.05,104.18,104.18,0,RING,LL128,24,RING,LL128,24,0,RING,A_flag_ceiling
reduce_perf,2,16,33554432,8388608,float,sum,240.83,139.33,139.33,0,241.11,139.17,139.17,0,RING,LL128,24,RING,LL128,24,0,RING,A_flag_ceiling
reduce_perf,2,16,67108864,16777216,float,sum,395.89,169.51,169.51,0,403.01,166.52,166.52,0,RING,LL128,24,RING,LL128,24,0,RING,A_flag_ceiling
reduce_perf,2,16,134217728,33554432,float,sum,712.33,188.42,188.42,0,711.69,188.59,188.59,0,RING,LL128,24,RING,LL128,24,0,RING,A_flag_ceiling
reduce_perf,2,16,268435456,67108864,float,sum,1335.55,200.99,200.99,0,1334.48,201.15,201.15,0,RING,LL128,24,RING,LL128,24,0,RING,A_flag_ceiling
reduce_perf,2,16,536870912,134217728,float,sum,2578.94,208.17,208.17,0,2575.85,208.42,208.42,0,RING,LL128,24,RING,LL128,24,0,RING,A_flag_ceiling
reduce_perf,2,16,4096,1024,float,sum,18.37,0.22,0.22,0,18.01,0.23,0.23,0,RING,SIMPLE,32,RING,SIMPLE,32,0,RING,A_flag_ceiling
reduce_perf,2,16,8192,2048,float,sum,17.82,0.46,0.46,0,17.47,0.47,0.47,0,RING,SIMPLE,32,RING,SIMPLE,32,0,RING,A_flag_ceiling
reduce_perf,2,16,16384,4096,float,sum,18.86,0.87,0.87,0,18.99,0.86,0.86,0,RING,SIMPLE,32,RING,SIMPLE,32,0,RING,A_flag_ceiling
reduce_perf,2,16,32768,8192,float,sum,45.46,0.72,0.72,0,44.85,0.73,0.73,0,RING,SIMPLE,32,RING,SIMPLE,32,0,RING,A_flag_ceiling
reduce_perf,2,16,65536,16384,float,sum,67.16,0.98,0.98,0,78.39,0.84,0.84,0,RING,SIMPLE,32,RING,SIMPLE,32,0,RING,A_flag_ceiling
reduce_perf,2,16,131072,32768,float,sum,70.73,1.85,1.85,0,70.49,1.86,1.86,0,RING,SIMPLE,32,RING,SIMPLE,32,0,RING,A_flag_ceiling
reduce_perf,2,16,262144,65536,float,sum,71.74,3.65,3.65,0,71.18,3.68,3.68,0,RING,SIMPLE,32,RING,SIMPLE,32,0,RING,A_flag_ceiling
reduce_perf,2,16,524288,131072,float,sum,75.46,6.95,6.95,0,81.89,6.4,6.4,0,RING,SIMPLE,32,RING,SIMPLE,32,0,RING,A_flag_ceiling
reduce_perf,2,16,1048576,262144,float,sum,93.8,11.18,11.18,0,93.71,11.19,11.19,0,RING,SIMPLE,32,RING,SIMPLE,32,0,RING,A_flag_ceiling
reduce_perf,2,16,2097152,524288,float,sum,101.94,20.57,20.57,0,101.5,20.66,20.66,0,RING,SIMPLE,32,RING,SIMPLE,32,0,RING,A_flag_ceiling
reduce_perf,2,16,4194304,1048576,float,sum,113.86,36.84,36.84,0,111.85,37.5,37.5,0,RING,SIMPLE,32,RING,SIMPLE,32,0,RING,A_flag_ceiling
reduce_perf,2,16,8388608,2097152,float,sum,138.79,60.44,60.44,0,136.07,61.65,61.65,0,RING,SIMPLE,32,RING,SIMPLE,32,0,RING,A_flag_ceiling
reduce_perf,2,16,16777216,4194304,float,sum,187.41,89.52,89.52,0,185.1,90.64,90.64,0,RING,SIMPLE,32,RING,SIMPLE,32,0,RING,A_flag_ceiling
reduce_perf,2,16,33554432,8388608,float,sum,251.65,133.34,133.34,0,245.46,136.7,136.7,0,RING,SIMPLE,32,RING,SIMPLE,32,0,RING,A_flag_ceiling
reduce_perf,2,16,67108864,16777216,float,sum,390.6,171.81,171.81,0,377.54,177.75,177.75,0,RING,SIMPLE,32,RING,SIMPLE,32,0,RING,A_flag_ceiling
reduce_perf,2,16,134217728,33554432,float,sum,588.24,228.17,228.17,0,571.59,234.81,234.81,0,RING,SIMPLE,32,RING,SIMPLE,32,0,RING,A_flag_ceiling
reduce_perf,2,16,268435456,67108864,float,sum,1077.4,249.15,249.15,0,1060.42,253.14,253.14,0,RING,SIMPLE,32,RING,SIMPLE,32,0,RING,A_flag_ceiling
reduce_perf,2,16,536870912,134217728,float,sum,1807.7,296.99,296.99,0,1813.01,296.12,296.12,0,RING,SIMPLE,32,RING,SIMPLE,32,0,RING,A_flag_ceiling
reduce_perf,2,16,4096,1024,float,sum,15.44,0.27,0.27,0,16.7,0.25,0.25,0,RING,LL,32,RING,LL,32,0,RING,A_flag_ceiling
reduce_perf,2,16,8192,2048,float,sum,26.24,0.31,0.31,0,25.63,0.32,0.32,0,RING,LL,32,RING,LL,32,0,RING,A_flag_ceiling
reduce_perf,2,16,16384,4096,float,sum,39.14,0.42,0.42,0,38.07,0.43,0.43,0,RING,LL,32,RING,LL,32,0,RING,A_flag_ceiling
reduce_perf,2,16,32768,8192,float,sum,40.32,0.81,0.81,0,40.06,0.82,0.82,0,RING,LL,32,RING,LL,32,0,RING,A_flag_ceiling
reduce_perf,2,16,65536,16384,float,sum,41.25,1.59,1.59,0,41.32,1.59,1.59,0,RING,LL,32,RING,LL,32,0,RING,A_flag_ceiling
reduce_perf,2,16,131072,32768,float,sum,46.77,2.8,2.8,0,45.17,2.9,2.9,0,RING,LL,32,RING,LL,32,0,RING,A_flag_ceiling
reduce_perf,2,16,262144,65536,float,sum,53.36,4.91,4.91,0,53.4,4.91,4.91,0,RING,LL,32,RING,LL,32,0,RING,A_flag_ceiling
reduce_perf,2,16,524288,131072,float,sum,65.4,8.02,8.02,0,65.91,7.95,7.95,0,RING,LL,32,RING,LL,32,0,RING,A_flag_ceiling
reduce_perf,2,16,1048576,262144,float,sum,78.06,13.43,13.43,0,77.65,13.5,13.5,0,RING,LL,32,RING,LL,32,0,RING,A_flag_ceiling
reduce_perf,2,16,2097152,524288,float,sum,99.57,21.06,21.06,0,99.73,21.03,21.03,0,RING,LL,32,RING,LL,32,0,RING,A_flag_ceiling
reduce_perf,2,16,4194304,1048576,float,sum,140.14,29.93,29.93,0,139.75,30.01,30.01,0,RING,LL,32,RING,LL,32,0,RING,A_flag_ceiling
reduce_perf,2,16,8388608,2097152,float,sum,246.98,33.96,33.96,0,249.84,33.58,33.58,0,RING,LL,32,RING,LL,32,0,RING,A_flag_ceiling
reduce_perf,2,16,16777216,4194304,float,sum,467.06,35.92,35.92,0,466.23,35.98,35.98,0,RING,LL,32,RING,LL,32,0,RING,A_flag_ceiling
reduce_perf,2,16,33554432,8388608,float,sum,875.32,38.33,38.33,0,870.09,38.56,38.56,0,RING,LL,32,RING,LL,32,0,RING,A_flag_ceiling
reduce_perf,2,16,67108864,16777216,float,sum,1715.23,39.13,39.13,0,1700.64,39.46,39.46,0,RING,LL,32,RING,LL,32,0,RING,A_flag_ceiling
reduce_perf,2,16,134217728,33554432,float,sum,3378.78,39.72,39.72,0,3375.48,39.76,39.76,0,RING,LL,32,RING,LL,32,0,RING,A_flag_ceiling
reduce_perf,2,16,268435456,67108864,float,sum,6652.88,40.35,40.35,0,6658.42,40.32,40.32,0,RING,LL,32,RING,LL,32,0,RING,A_flag_ceiling
reduce_perf,2,16,536870912,134217728,float,sum,13297.5,40.37,40.37,0,13265.2,40.47,40.47,0,RING,LL,32,RING,LL,32,0,RING,A_flag_ceiling
reduce_perf,2,16,4096,1024,float,sum,17.6,0.23,0.23,0,18.02,0.23,0.23,0,RING,LL128,32,RING,LL128,32,0,RING,A_flag_ceiling
reduce_perf,2,16,8192,2048,float,sum,15.78,0.52,0.52,0,15.7,0.52,0.52,0,RING,LL128,32,RING,LL128,32,0,RING,A_flag_ceiling
reduce_perf,2,16,16384,4096,float,sum,17.77,0.92,0.92,0,16.79,0.98,0.98,0,RING,LL128,32,RING,LL128,32,0,RING,A_flag_ceiling
reduce_perf,2,16,32768,8192,float,sum,33.33,0.98,0.98,0,32.65,1.0,1.0,0,RING,LL128,32,RING,LL128,32,0,RING,A_flag_ceiling
reduce_perf,2,16,65536,16384,float,sum,47.52,1.38,1.38,0,47.29,1.39,1.39,0,RING,LL128,32,RING,LL128,32,0,RING,A_flag_ceiling
reduce_perf,2,16,131072,32768,float,sum,50.29,2.61,2.61,0,49.96,2.62,2.62,0,RING,LL128,32,RING,LL128,32,0,RING,A_flag_ceiling
reduce_perf,2,16,262144,65536,float,sum,64.6,4.06,4.06,0,51.81,5.06,5.06,0,RING,LL128,32,RING,LL128,32,0,RING,A_flag_ceiling
reduce_perf,2,16,524288,131072,float,sum,54.18,9.68,9.68,0,54.58,9.61,9.61,0,RING,LL128,32,RING,LL128,32,0,RING,A_flag_ceiling
reduce_perf,2,16,1048576,262144,float,sum,62.65,16.74,16.74,0,62.79,16.7,16.7,0,RING,LL128,32,RING,LL128,32,0,RING,A_flag_ceiling
reduce_perf,2,16,2097152,524288,float,sum,77.66,27.0,27.0,0,77.75,26.97,26.97,0,RING,LL128,32,RING,LL128,32,0,RING,A_flag_ceiling
reduce_perf,2,16,4194304,1048576,float,sum,97.38,43.07,43.07,0,97.39,43.07,43.07,0,RING,LL128,32,RING,LL128,32,0,RING,A_flag_ceiling
reduce_perf,2,16,8388608,2097152,float,sum,115.15,72.85,72.85,0,114.56,73.22,73.22,0,RING,LL128,32,RING,LL128,32,0,RING,A_flag_ceiling
reduce_perf,2,16,16777216,4194304,float,sum,149.2,112.45,112.45,0,149.21,112.44,112.44,0,RING,LL128,32,RING,LL128,32,0,RING,A_flag_ceiling
reduce_perf,2,16,33554432,8388608,float,sum,214.24,156.62,156.62,0,214.17,156.67,156.67,0,RING,LL128,32,RING,LL128,32,0,RING,A_flag_ceiling
reduce_perf,2,16,67108864,16777216,float,sum,346.2,193.84,193.84,0,346.96,193.42,193.42,0,RING,LL128,32,RING,LL128,32,0,RING,A_flag_ceiling
reduce_perf,2,16,134217728,33554432,float,sum,610.55,219.83,219.83,0,609.75,220.12,220.12,0,RING,LL128,32,RING,LL128,32,0,RING,A_flag_ceiling
reduce_perf,2,16,268435456,67108864,float,sum,1129.35,237.69,237.69,0,1131.65,237.21,237.21,0,RING,LL128,32,RING,LL128,32,0,RING,A_flag_ceiling
reduce_perf,2,16,536870912,134217728,float,sum,2143.7,250.44,250.44,0,2148.76,249.85,249.85,0,RING,LL128,32,RING,LL128,32,0,RING,A_flag_ceiling
reduce_perf,2,16,4096,1024,float,sum,18.91,0.22,0.22,0,17.5,0.23,0.23,0,RING,SIMPLE,40,RING,SIMPLE,40,0,RING,A_flag_ceiling
reduce_perf,2,16,8192,2048,float,sum,17.39,0.47,0.47,0,23.11,0.35,0.35,0,RING,SIMPLE,40,RING,SIMPLE,40,0,RING,A_flag_ceiling
reduce_perf,2,16,16384,4096,float,sum,19.92,0.82,0.82,0,20.18,0.81,0.81,0,RING,SIMPLE,40,RING,SIMPLE,40,0,RING,A_flag_ceiling
reduce_perf,2,16,32768,8192,float,sum,46.13,0.71,0.71,0,45.39,0.72,0.72,0,RING,SIMPLE,40,RING,SIMPLE,40,0,RING,A_flag_ceiling
reduce_perf,2,16,65536,16384,float,sum,67.24,0.97,0.97,0,66.7,0.98,0.98,0,RING,SIMPLE,40,RING,SIMPLE,40,0,RING,A_flag_ceiling
reduce_perf,2,16,131072,32768,float,sum,71.3,1.84,1.84,0,70.85,1.85,1.85,0,RING,SIMPLE,40,RING,SIMPLE,40,0,RING,A_flag_ceiling
reduce_perf,2,16,262144,65536,float,sum,71.59,3.66,3.66,0,74.1,3.54,3.54,0,RING,SIMPLE,40,RING,SIMPLE,40,0,RING,A_flag_ceiling
reduce_perf,2,16,524288,131072,float,sum,75.54,6.94,6.94,0,75.06,6.98,6.98,0,RING,SIMPLE,40,RING,SIMPLE,40,0,RING,A_flag_ceiling
reduce_perf,2,16,1048576,262144,float,sum,94.36,11.11,11.11,0,94.27,11.12,11.12,0,RING,SIMPLE,40,RING,SIMPLE,40,0,RING,A_flag_ceiling
reduce_perf,2,16,2097152,524288,float,sum,101.75,20.61,20.61,0,100.9,20.78,20.78,0,RING,SIMPLE,40,RING,SIMPLE,40,0,RING,A_flag_ceiling
reduce_perf,2,16,4194304,1048576,float,sum,115.45,36.33,36.33,0,113.55,36.94,36.94,0,RING,SIMPLE,40,RING,SIMPLE,40,0,RING,A_flag_ceiling
reduce_perf,2,16,8388608,2097152,float,sum,137.43,61.04,61.04,0,135.39,61.96,61.96,0,RING,SIMPLE,40,RING,SIMPLE,40,0,RING,A_flag_ceiling
reduce_perf,2,16,16777216,4194304,float,sum,180.91,92.74,92.74,0,175.92,95.37,95.37,0,RING,SIMPLE,40,RING,SIMPLE,40,0,RING,A_flag_ceiling
reduce_perf,2,16,33554432,8388608,float,sum,241.6,138.89,138.89,0,234.13,143.32,143.32,0,RING,SIMPLE,40,RING,SIMPLE,40,0,RING,A_flag_ceiling
reduce_perf,2,16,67108864,16777216,float,sum,351.94,190.68,190.68,0,338.54,198.23,198.23,0,RING,SIMPLE,40,RING,SIMPLE,40,0,RING,A_flag_ceiling
reduce_perf,2,16,134217728,33554432,float,sum,588.66,228.01,228.01,0,574.13,233.78,233.78,0,RING,SIMPLE,40,RING,SIMPLE,40,0,RING,A_flag_ceiling
reduce_perf,2,16,268435456,67108864,float,sum,966.98,277.6,277.6,0,957.5,280.35,280.35,0,RING,SIMPLE,40,RING,SIMPLE,40,0,RING,A_flag_ceiling
reduce_perf,2,16,536870912,134217728,float,sum,1828.78,293.57,293.57,0,1830.76,293.25,293.25,0,RING,SIMPLE,40,RING,SIMPLE,40,0,RING,A_flag_ceiling
reduce_perf,2,16,4096,1024,float,sum,18.45,0.22,0.22,0,15.87,0.26,0.26,0,RING,LL,40,RING,LL,40,0,RING,A_flag_ceiling
reduce_perf,2,16,8192,2048,float,sum,25.96,0.32,0.32,0,26.68,0.31,0.31,0,RING,LL,40,RING,LL,40,0,RING,A_flag_ceiling
reduce_perf,2,16,16384,4096,float,sum,38.61,0.42,0.42,0,38.02,0.43,0.43,0,RING,LL,40,RING,LL,40,0,RING,A_flag_ceiling
reduce_perf,2,16,32768,8192,float,sum,40.18,0.82,0.82,0,40.39,0.81,0.81,0,RING,LL,40,RING,LL,40,0,RING,A_flag_ceiling
reduce_perf,2,16,65536,16384,float,sum,41.04,1.6,1.6,0,41.21,1.59,1.59,0,RING,LL,40,RING,LL,40,0,RING,A_flag_ceiling
reduce_perf,2,16,131072,32768,float,sum,46.62,2.81,2.81,0,45.14,2.9,2.9,0,RING,LL,40,RING,LL,40,0,RING,A_flag_ceiling
reduce_perf,2,16,262144,65536,float,sum,53.23,4.92,4.92,0,53.18,4.93,4.93,0,RING,LL,40,RING,LL,40,0,RING,A_flag_ceiling
reduce_perf,2,16,524288,131072,float,sum,65.76,7.97,7.97,0,66.49,7.89,7.89,0,RING,LL,40,RING,LL,40,0,RING,A_flag_ceiling
reduce_perf,2,16,1048576,262144,float,sum,76.78,13.66,13.66,0,76.49,13.71,13.71,0,RING,LL,40,RING,LL,40,0,RING,A_flag_ceiling
reduce_perf,2,16,2097152,524288,float,sum,103.99,20.17,20.17,0,104.36,20.1,20.1,0,RING,LL,40,RING,LL,40,0,RING,A_flag_ceiling
reduce_perf,2,16,4194304,1048576,float,sum,150.24,27.92,27.92,0,151.75,27.64,27.64,0,RING,LL,40,RING,LL,40,0,RING,A_flag_ceiling
reduce_perf,2,16,8388608,2097152,float,sum,267.15,31.4,31.4,0,267.17,31.4,31.4,0,RING,LL,40,RING,LL,40,0,RING,A_flag_ceiling
reduce_perf,2,16,16777216,4194304,float,sum,495.04,33.89,33.89,0,489.4,34.28,34.28,0,RING,LL,40,RING,LL,40,0,RING,A_flag_ceiling
reduce_perf,2,16,33554432,8388608,float,sum,924.62,36.29,36.29,0,919.62,36.49,36.49,0,RING,LL,40,RING,LL,40,0,RING,A_flag_ceiling
reduce_perf,2,16,67108864,16777216,float,sum,1756.05,38.22,38.22,0,1770.29,37.91,37.91,0,RING,LL,40,RING,LL,40,0,RING,A_flag_ceiling
reduce_perf,2,16,134217728,33554432,float,sum,3486.17,38.5,38.5,0,3475.45,38.62,38.62,0,RING,LL,40,RING,LL,40,0,RING,A_flag_ceiling
reduce_perf,2,16,268435456,67108864,float,sum,6917.74,38.8,38.8,0,6935.24,38.71,38.71,0,RING,LL,40,RING,LL,40,0,RING,A_flag_ceiling
reduce_perf,2,16,536870912,134217728,float,sum,13838.4,38.8,38.8,0,13719.8,39.13,39.13,0,RING,LL,40,RING,LL,40,0,RING,A_flag_ceiling
reduce_perf,2,16,4096,1024,float,sum,19.25,0.21,0.21,0,15.6,0.26,0.26,0,RING,LL128,40,RING,LL128,40,0,RING,A_flag_ceiling
reduce_perf,2,16,8192,2048,float,sum,16.05,0.51,0.51,0,15.22,0.54,0.54,0,RING,LL128,40,RING,LL128,40,0,RING,A_flag_ceiling
reduce_perf,2,16,16384,4096,float,sum,18.46,0.89,0.89,0,18.28,0.9,0.9,0,RING,LL128,40,RING,LL128,40,0,RING,A_flag_ceiling
reduce_perf,2,16,32768,8192,float,sum,33.55,0.98,0.98,0,32.65,1.0,1.0,0,RING,LL128,40,RING,LL128,40,0,RING,A_flag_ceiling
reduce_perf,2,16,65536,16384,float,sum,47.54,1.38,1.38,0,47.68,1.37,1.37,0,RING,LL128,40,RING,LL128,40,0,RING,A_flag_ceiling
reduce_perf,2,16,131072,32768,float,sum,49.77,2.63,2.63,0,51.67,2.54,2.54,0,RING,LL128,40,RING,LL128,40,0,RING,A_flag_ceiling
reduce_perf,2,16,262144,65536,float,sum,53.08,4.94,4.94,0,51.36,5.1,5.1,0,RING,LL128,40,RING,LL128,40,0,RING,A_flag_ceiling
reduce_perf,2,16,524288,131072,float,sum,54.12,9.69,9.69,0,54.93,9.54,9.54,0,RING,LL128,40,RING,LL128,40,0,RING,A_flag_ceiling
reduce_perf,2,16,1048576,262144,float,sum,62.54,16.77,16.77,0,62.86,16.68,16.68,0,RING,LL128,40,RING,LL128,40,0,RING,A_flag_ceiling
reduce_perf,2,16,2097152,524288,float,sum,76.94,27.26,27.26,0,78.07,26.86,26.86,0,RING,LL128,40,RING,LL128,40,0,RING,A_flag_ceiling
reduce_perf,2,16,4194304,1048576,float,sum,96.56,43.44,43.44,0,96.43,43.5,43.5,0,RING,LL128,40,RING,LL128,40,0,RING,A_flag_ceiling
reduce_perf,2,16,8388608,2097152,float,sum,114.44,73.3,73.3,0,113.81,73.71,73.71,0,RING,LL128,40,RING,LL128,40,0,RING,A_flag_ceiling
reduce_perf,2,16,16777216,4194304,float,sum,144.61,116.02,116.02,0,158.48,105.86,105.86,0,RING,LL128,40,RING,LL128,40,0,RING,A_flag_ceiling
reduce_perf,2,16,33554432,8388608,float,sum,206.23,162.71,162.71,0,205.31,163.43,163.43,0,RING,LL128,40,RING,LL128,40,0,RING,A_flag_ceiling
reduce_perf,2,16,67108864,16777216,float,sum,327.62,204.84,204.84,0,326.66,205.44,205.44,0,RING,LL128,40,RING,LL128,40,0,RING,A_flag_ceiling
reduce_perf,2,16,134217728,33554432,float,sum,571.08,235.03,235.03,0,569.53,235.66,235.66,0,RING,LL128,40,RING,LL128,40,0,RING,A_flag_ceiling
reduce_perf,2,16,268435456,67108864,float,sum,1039.7,258.19,258.19,0,1040.74,257.93,257.93,0,RING,LL128,40,RING,LL128,40,0,RING,A_flag_ceiling
reduce_perf,2,16,536870912,134217728,float,sum,1950.41,275.26,275.26,0,1950.74,275.21,275.21,0,RING,LL128,40,RING,LL128,40,0,RING,A_flag_ceiling
reduce_perf,2,16,4096,1024,float,sum,18.21,0.22,0.22,0,18.27,0.22,0.22,0,RING,SIMPLE,48,RING,SIMPLE,48,0,RING,A_flag_ceiling
reduce_perf,2,16,8192,2048,float,sum,17.99,0.46,0.46,0,17.34,0.47,0.47,0,RING,SIMPLE,48,RING,SIMPLE,48,0,RING,A_flag_ceiling
reduce_perf,2,16,16384,4096,float,sum,19.16,0.86,0.86,0,18.99,0.86,0.86,0,RING,SIMPLE,48,RING,SIMPLE,48,0,RING,A_flag_ceiling
reduce_perf,2,16,32768,8192,float,sum,45.82,0.72,0.72,0,45.58,0.72,0.72,0,RING,SIMPLE,48,RING,SIMPLE,48,0,RING,A_flag_ceiling
reduce_perf,2,16,65536,16384,float,sum,67.75,0.97,0.97,0,67.03,0.98,0.98,0,RING,SIMPLE,48,RING,SIMPLE,48,0,RING,A_flag_ceiling
reduce_perf,2,16,131072,32768,float,sum,70.89,1.85,1.85,0,70.6,1.86,1.86,0,RING,SIMPLE,48,RING,SIMPLE,48,0,RING,A_flag_ceiling
reduce_perf,2,16,262144,65536,float,sum,75.06,3.49,3.49,0,73.87,3.55,3.55,0,RING,SIMPLE,48,RING,SIMPLE,48,0,RING,A_flag_ceiling
reduce_perf,2,16,524288,131072,float,sum,75.54,6.94,6.94,0,74.58,7.03,7.03,0,RING,SIMPLE,48,RING,SIMPLE,48,0,RING,A_flag_ceiling
reduce_perf,2,16,1048576,262144,float,sum,95.06,11.03,11.03,0,93.22,11.25,11.25,0,RING,SIMPLE,48,RING,SIMPLE,48,0,RING,A_flag_ceiling
reduce_perf,2,16,2097152,524288,float,sum,107.46,19.52,19.52,0,106.24,19.74,19.74,0,RING,SIMPLE,48,RING,SIMPLE,48,0,RING,A_flag_ceiling
reduce_perf,2,16,4194304,1048576,float,sum,114.24,36.71,36.71,0,115.6,36.28,36.28,0,RING,SIMPLE,48,RING,SIMPLE,48,0,RING,A_flag_ceiling
reduce_perf,2,16,8388608,2097152,float,sum,139.88,59.97,59.97,0,133.47,62.85,62.85,0,RING,SIMPLE,48,RING,SIMPLE,48,0,RING,A_flag_ceiling
reduce_perf,2,16,16777216,4194304,float,sum,176.14,95.25,95.25,0,186.08,90.16,90.16,0,RING,SIMPLE,48,RING,SIMPLE,48,0,RING,A_flag_ceiling
reduce_perf,2,16,33554432,8388608,float,sum,243.83,137.62,137.62,0,241.41,138.99,138.99,0,RING,SIMPLE,48,RING,SIMPLE,48,0,RING,A_flag_ceiling
reduce_perf,2,16,67108864,16777216,float,sum,352.79,190.22,190.22,0,335.41,200.08,200.08,0,RING,SIMPLE,48,RING,SIMPLE,48,0,RING,A_flag_ceiling
reduce_perf,2,16,134217728,33554432,float,sum,597.07,224.8,224.8,0,586.73,228.75,228.75,0,RING,SIMPLE,48,RING,SIMPLE,48,0,RING,A_flag_ceiling
reduce_perf,2,16,268435456,67108864,float,sum,983.68,272.89,272.89,0,962.68,278.84,278.84,0,RING,SIMPLE,48,RING,SIMPLE,48,0,RING,A_flag_ceiling
reduce_perf,2,16,536870912,134217728,float,sum,1863.32,288.13,288.13,0,1859.34,288.74,288.74,0,RING,SIMPLE,48,RING,SIMPLE,48,0,RING,A_flag_ceiling
reduce_perf,2,16,4096,1024,float,sum,17.04,0.24,0.24,0,15.94,0.26,0.26,0,RING,LL,48,RING,LL,48,0,RING,A_flag_ceiling
reduce_perf,2,16,8192,2048,float,sum,26.06,0.31,0.31,0,26.09,0.31,0.31,0,RING,LL,48,RING,LL,48,0,RING,A_flag_ceiling
reduce_perf,2,16,16384,4096,float,sum,39.18,0.42,0.42,0,37.76,0.43,0.43,0,RING,LL,48,RING,LL,48,0,RING,A_flag_ceiling
reduce_perf,2,16,32768,8192,float,sum,40.91,0.8,0.8,0,40.08,0.82,0.82,0,RING,LL,48,RING,LL,48,0,RING,A_flag_ceiling
reduce_perf,2,16,65536,16384,float,sum,43.22,1.52,1.52,0,41.3,1.59,1.59,0,RING,LL,48,RING,LL,48,0,RING,A_flag_ceiling
reduce_perf,2,16,131072,32768,float,sum,45.29,2.89,2.89,0,44.96,2.92,2.92,0,RING,LL,48,RING,LL,48,0,RING,A_flag_ceiling
reduce_perf,2,16,262144,65536,float,sum,52.69,4.98,4.98,0,53.01,4.95,4.95,0,RING,LL,48,RING,LL,48,0,RING,A_flag_ceiling
reduce_perf,2,16,524288,131072,float,sum,64.18,8.17,8.17,0,63.58,8.25,8.25,0,RING,LL,48,RING,LL,48,0,RING,A_flag_ceiling
reduce_perf,2,16,1048576,262144,float,sum,83.36,12.58,12.58,0,76.82,13.65,13.65,0,RING,LL,48,RING,LL,48,0,RING,A_flag_ceiling
reduce_perf,2,16,2097152,524288,float,sum,97.21,21.57,21.57,0,100.33,20.9,20.9,0,RING,LL,48,RING,LL,48,0,RING,A_flag_ceiling
reduce_perf,2,16,4194304,1048576,float,sum,135.42,30.97,30.97,0,135.53,30.95,30.95,0,RING,LL,48,RING,LL,48,0,RING,A_flag_ceiling
reduce_perf,2,16,8388608,2097152,float,sum,276.03,30.39,30.39,0,272.63,30.77,30.77,0,RING,LL,48,RING,LL,48,0,RING,A_flag_ceiling
reduce_perf,2,16,16777216,4194304,float,sum,479.03,35.02,35.02,0,476.34,35.22,35.22,0,RING,LL,48,RING,LL,48,0,RING,A_flag_ceiling
reduce_perf,2,16,33554432,8388608,float,sum,907.39,36.98,36.98,0,904.29,37.11,37.11,0,RING,LL,48,RING,LL,48,0,RING,A_flag_ceiling
reduce_perf,2,16,67108864,16777216,float,sum,1761.37,38.1,38.1,0,1745.65,38.44,38.44,0,RING,LL,48,RING,LL,48,0,RING,A_flag_ceiling
reduce_perf,2,16,134217728,33554432,float,sum,3455.6,38.84,38.84,0,3352.88,40.03,40.03,0,RING,LL,48,RING,LL,48,0,RING,A_flag_ceiling
reduce_perf,2,16,268435456,67108864,float,sum,6352.04,42.26,42.26,0,6291.0,42.67,42.67,0,RING,LL,48,RING,LL,48,0,RING,A_flag_ceiling
reduce_perf,2,16,536870912,134217728,float,sum,12491.1,42.98,42.98,0,12709.2,42.24,42.24,0,RING,LL,48,RING,LL,48,0,RING,A_flag_ceiling
reduce_perf,2,16,4096,1024,float,sum,15.95,0.26,0.26,0,17.69,0.23,0.23,0,RING,LL128,48,RING,LL128,48,0,RING,A_flag_ceiling
reduce_perf,2,16,8192,2048,float,sum,15.86,0.52,0.52,0,15.92,0.51,0.51,0,RING,LL128,48,RING,LL128,48,0,RING,A_flag_ceiling
reduce_perf,2,16,16384,4096,float,sum,17.38,0.94,0.94,0,17.51,0.94,0.94,0,RING,LL128,48,RING,LL128,48,0,RING,A_flag_ceiling
reduce_perf,2,16,32768,8192,float,sum,32.94,0.99,0.99,0,32.47,1.01,1.01,0,RING,LL128,48,RING,LL128,48,0,RING,A_flag_ceiling
reduce_perf,2,16,65536,16384,float,sum,47.52,1.38,1.38,0,46.98,1.39,1.39,0,RING,LL128,48,RING,LL128,48,0,RING,A_flag_ceiling
reduce_perf,2,16,131072,32768,float,sum,50.93,2.57,2.57,0,49.7,2.64,2.64,0,RING,LL128,48,RING,LL128,48,0,RING,A_flag_ceiling
reduce_perf,2,16,262144,65536,float,sum,51.2,5.12,5.12,0,51.25,5.12,5.12,0,RING,LL128,48,RING,LL128,48,0,RING,A_flag_ceiling
reduce_perf,2,16,524288,131072,float,sum,54.41,9.64,9.64,0,54.71,9.58,9.58,0,RING,LL128,48,RING,LL128,48,0,RING,A_flag_ceiling
reduce_perf,2,16,1048576,262144,float,sum,63.01,16.64,16.64,0,64.51,16.25,16.25,0,RING,LL128,48,RING,LL128,48,0,RING,A_flag_ceiling
reduce_perf,2,16,2097152,524288,float,sum,75.23,27.88,27.88,0,73.73,28.44,28.44,0,RING,LL128,48,RING,LL128,48,0,RING,A_flag_ceiling
reduce_perf,2,16,4194304,1048576,float,sum,97.76,42.9,42.9,0,98.18,42.72,42.72,0,RING,LL128,48,RING,LL128,48,0,RING,A_flag_ceiling
reduce_perf,2,16,8388608,2097152,float,sum,114.3,73.39,73.39,0,114.29,73.4,73.4,0,RING,LL128,48,RING,LL128,48,0,RING,A_flag_ceiling
reduce_perf,2,16,16777216,4194304,float,sum,149.84,111.97,111.97,0,148.27,113.15,113.15,0,RING,LL128,48,RING,LL128,48,0,RING,A_flag_ceiling
reduce_perf,2,16,33554432,8388608,float,sum,205.41,163.36,163.36,0,203.48,164.9,164.9,0,RING,LL128,48,RING,LL128,48,0,RING,A_flag_ceiling
reduce_perf,2,16,67108864,16777216,float,sum,320.27,209.54,209.54,0,321.09,209.0,209.0,0,RING,LL128,48,RING,LL128,48,0,RING,A_flag_ceiling
reduce_perf,2,16,134217728,33554432,float,sum,549.53,244.24,244.24,0,550.06,244.01,244.01,0,RING,LL128,48,RING,LL128,48,0,RING,A_flag_ceiling
reduce_perf,2,16,268435456,67108864,float,sum,1009.0,266.04,266.04,0,1008.76,266.11,266.11,0,RING,LL128,48,RING,LL128,48,0,RING,A_flag_ceiling
reduce_perf,2,16,536870912,134217728,float,sum,1865.81,287.74,287.74,0,1868.14,287.38,287.38,0,RING,LL128,48,RING,LL128,48,0,RING,A_flag_ceiling
reduce_perf,2,16,4096,1024,float,sum,18.09,0.23,0.23,0,18.66,0.22,0.22,0,RING,SIMPLE,1,RING,SIMPLE,1,0,RING,A_flag_ceiling
reduce_perf,2,16,8192,2048,float,sum,18.3,0.45,0.45,0,17.4,0.47,0.47,0,RING,SIMPLE,1,RING,SIMPLE,1,0,RING,A_flag_ceiling
reduce_perf,2,16,16384,4096,float,sum,18.84,0.87,0.87,0,18.95,0.86,0.86,0,RING,SIMPLE,1,RING,SIMPLE,1,0,RING,A_flag_ceiling
reduce_perf,2,16,32768,8192,float,sum,19.28,1.7,1.7,0,18.88,1.74,1.74,0,RING,SIMPLE,1,RING,SIMPLE,1,0,RING,A_flag_ceiling
reduce_perf,2,16,65536,16384,float,sum,23.14,2.83,2.83,0,31.46,2.08,2.08,0,RING,SIMPLE,1,RING,SIMPLE,1,0,RING,A_flag_ceiling
reduce_perf,2,16,131072,32768,float,sum,43.76,3.0,3.0,0,32.05,4.09,4.09,0,RING,SIMPLE,1,RING,SIMPLE,1,0,RING,A_flag_ceiling
reduce_perf,2,16,262144,65536,float,sum,49.09,5.34,5.34,0,49.04,5.35,5.35,0,RING,SIMPLE,1,RING,SIMPLE,1,0,RING,A_flag_ceiling
reduce_perf,2,16,524288,131072,float,sum,65.24,8.04,8.04,0,64.69,8.1,8.1,0,RING,SIMPLE,1,RING,SIMPLE,1,0,RING,A_flag_ceiling
reduce_perf,2,16,1048576,262144,float,sum,115.91,9.05,9.05,0,114.86,9.13,9.13,0,RING,SIMPLE,1,RING,SIMPLE,1,0,RING,A_flag_ceiling
reduce_perf,2,16,2097152,524288,float,sum,180.52,11.62,11.62,0,177.59,11.81,11.81,0,RING,SIMPLE,1,RING,SIMPLE,1,0,RING,A_flag_ceiling
reduce_perf,2,16,4194304,1048576,float,sum,340.86,12.31,12.31,0,334.63,12.53,12.53,0,RING,SIMPLE,1,RING,SIMPLE,1,0,RING,A_flag_ceiling
reduce_perf,2,16,8388608,2097152,float,sum,568.13,14.77,14.77,0,549.53,15.26,15.26,0,RING,SIMPLE,1,RING,SIMPLE,1,0,RING,A_flag_ceiling
reduce_perf,2,16,16777216,4194304,float,sum,1069.57,15.69,15.69,0,1058.24,15.85,15.85,0,RING,SIMPLE,1,RING,SIMPLE,1,0,RING,A_flag_ceiling
reduce_perf,2,16,33554432,8388608,float,sum,1941.73,17.28,17.28,0,1906.42,17.6,17.6,0,RING,SIMPLE,1,RING,SIMPLE,1,0,RING,A_flag_ceiling
reduce_perf,2,16,67108864,16777216,float,sum,3843.66,17.46,17.46,0,3777.56,17.77,17.77,0,RING,SIMPLE,1,RING,SIMPLE,1,0,RING,A_flag_ceiling
reduce_perf,2,16,134217728,33554432,float,sum,7671.74,17.5,17.5,0,7550.71,17.78,17.78,0,RING,SIMPLE,1,RING,SIMPLE,1,0,RING,A_flag_ceiling
reduce_perf,2,16,268435456,67108864,float,sum,15345.2,17.49,17.49,0,15121.7,17.75,17.75,0,RING,SIMPLE,1,RING,SIMPLE,1,0,RING,A_flag_ceiling
reduce_perf,2,16,536870912,134217728,float,sum,30445.0,17.63,17.63,0,32555.5,16.49,16.49,0,RING,SIMPLE,1,RING,SIMPLE,1,0,RING,A_flag_ceiling
reduce_perf,2,16,4096,1024,float,sum,17.5,0.23,0.23,0,16.36,0.25,0.25,0,RING,LL,1,RING,LL,1,0,RING,A_flag_ceiling
reduce_perf,2,16,8192,2048,float,sum,17.29,0.47,0.47,0,60.5,0.14,0.14,0,RING,LL,1,RING,LL,1,0,RING,A_flag_ceiling
reduce_perf,2,16,16384,4096,float,sum,19.87,0.82,0.82,0,20.08,0.82,0.82,0,RING,LL,1,RING,LL,1,0,RING,A_flag_ceiling
reduce_perf,2,16,32768,8192,float,sum,23.39,1.4,1.4,0,23.1,1.42,1.42,0,RING,LL,1,RING,LL,1,0,RING,A_flag_ceiling
reduce_perf,2,16,65536,16384,float,sum,34.57,1.9,1.9,0,34.51,1.9,1.9,0,RING,LL,1,RING,LL,1,0,RING,A_flag_ceiling
reduce_perf,2,16,131072,32768,float,sum,58.62,2.24,2.24,0,59.13,2.22,2.22,0,RING,LL,1,RING,LL,1,0,RING,A_flag_ceiling
reduce_perf,2,16,262144,65536,float,sum,114.68,2.29,2.29,0,111.63,2.35,2.35,0,RING,LL,1,RING,LL,1,0,RING,A_flag_ceiling
reduce_perf,2,16,524288,131072,float,sum,218.25,2.4,2.4,0,219.82,2.39,2.39,0,RING,LL,1,RING,LL,1,0,RING,A_flag_ceiling
reduce_perf,2,16,1048576,262144,float,sum,432.84,2.42,2.42,0,433.84,2.42,2.42,0,RING,LL,1,RING,LL,1,0,RING,A_flag_ceiling
reduce_perf,2,16,2097152,524288,float,sum,862.26,2.43,2.43,0,864.94,2.42,2.42,0,RING,LL,1,RING,LL,1,0,RING,A_flag_ceiling
reduce_perf,2,16,4194304,1048576,float,sum,1717.33,2.44,2.44,0,1724.8,2.43,2.43,0,RING,LL,1,RING,LL,1,0,RING,A_flag_ceiling
reduce_perf,2,16,8388608,2097152,float,sum,3441.2,2.44,2.44,0,3438.14,2.44,2.44,0,RING,LL,1,RING,LL,1,0,RING,A_flag_ceiling
reduce_perf,2,16,16777216,4194304,float,sum,6870.71,2.44,2.44,0,6876.67,2.44,2.44,0,RING,LL,1,RING,LL,1,0,RING,A_flag_ceiling
reduce_perf,2,16,33554432,8388608,float,sum,14211.9,2.36,2.36,0,13766.9,2.44,2.44,0,RING,LL,1,RING,LL,1,0,RING,A_flag_ceiling
reduce_perf,2,16,67108864,16777216,float,sum,27527.6,2.44,2.44,0,27538.0,2.44,2.44,0,RING,LL,1,RING,LL,1,0,RING,A_flag_ceiling
reduce_perf,2,16,134217728,33554432,float,sum,54994.0,2.44,2.44,0,55178.2,2.43,2.43,0,RING,LL,1,RING,LL,1,0,RING,A_flag_ceiling
reduce_perf,2,16,268435456,67108864,float,sum,110150.0,2.44,2.44,0,110378.0,2.43,2.43,0,RING,LL,1,RING,LL,1,0,RING,A_flag_ceiling
reduce_perf,2,16,536870912,134217728,float,sum,220275.0,2.44,2.44,0,220700.0,2.43,2.43,0,RING,LL,1,RING,LL,1,0,RING,A_flag_ceiling
reduce_perf,2,16,4096,1024,float,sum,18.99,0.22,0.22,0,16.87,0.24,0.24,0,RING,LL128,1,RING,LL128,1,0,RING,A_flag_ceiling
reduce_perf,2,16,8192,2048,float,sum,15.93,0.51,0.51,0,15.47,0.53,0.53,0,RING,LL128,1,RING,LL128,1,0,RING,A_flag_ceiling
reduce_perf,2,16,16384,4096,float,sum,17.68,0.93,0.93,0,17.11,0.96,0.96,0,RING,LL128,1,RING,LL128,1,0,RING,A_flag_ceiling
reduce_perf,2,16,32768,8192,float,sum,18.1,1.81,1.81,0,17.98,1.82,1.82,0,RING,LL128,1,RING,LL128,1,0,RING,A_flag_ceiling
reduce_perf,2,16,65536,16384,float,sum,19.84,3.3,3.3,0,19.51,3.36,3.36,0,RING,LL128,1,RING,LL128,1,0,RING,A_flag_ceiling
reduce_perf,2,16,131072,32768,float,sum,27.33,4.8,4.8,0,26.0,5.04,5.04,0,RING,LL128,1,RING,LL128,1,0,RING,A_flag_ceiling
reduce_perf,2,16,262144,65536,float,sum,37.29,7.03,7.03,0,37.79,6.94,6.94,0,RING,LL128,1,RING,LL128,1,0,RING,A_flag_ceiling
reduce_perf,2,16,524288,131072,float,sum,60.89,8.61,8.61,0,61.57,8.52,8.52,0,RING,LL128,1,RING,LL128,1,0,RING,A_flag_ceiling
reduce_perf,2,16,1048576,262144,float,sum,109.02,9.62,9.62,0,109.44,9.58,9.58,0,RING,LL128,1,RING,LL128,1,0,RING,A_flag_ceiling
reduce_perf,2,16,2097152,524288,float,sum,203.95,10.28,10.28,0,205.61,10.2,10.2,0,RING,LL128,1,RING,LL128,1,0,RING,A_flag_ceiling
reduce_perf,2,16,4194304,1048576,float,sum,394.87,10.62,10.62,0,397.61,10.55,10.55,0,RING,LL128,1,RING,LL128,1,0,RING,A_flag_ceiling
reduce_perf,2,16,8388608,2097152,float,sum,779.37,10.76,10.76,0,781.83,10.73,10.73,0,RING,LL128,1,RING,LL128,1,0,RING,A_flag_ceiling
reduce_perf,2,16,16777216,4194304,float,sum,1545.6,10.85,10.85,0,1555.5,10.79,10.79,0,RING,LL128,1,RING,LL128,1,0,RING,A_flag_ceiling
reduce_perf,2,16,33554432,8388608,float,sum,3080.52,10.89,10.89,0,3100.0,10.82,10.82,0,RING,LL128,1,RING,LL128,1,0,RING,A_flag_ceiling
reduce_perf,2,16,67108864,16777216,float,sum,6157.21,10.9,10.9,0,6191.7,10.84,10.84,0,RING,LL128,1,RING,LL128,1,0,RING,A_flag_ceiling
reduce_perf,2,16,134217728,33554432,float,sum,12306.4,10.91,10.91,0,12383.7,10.84,10.84,0,RING,LL128,1,RING,LL128,1,0,RING,A_flag_ceiling
reduce_perf,2,16,268435456,67108864,float,sum,24571.7,10.92,10.92,0,24780.3,10.83,10.83,0,RING,LL128,1,RING,LL128,1,0,RING,A_flag_ceiling
reduce_perf,2,16,536870912,134217728,float,sum,49261.5,10.9,10.9,0,49531.2,10.84,10.84,0,RING,LL128,1,RING,LL128,1,0,RING,A_flag_ceiling
reduce_perf,2,16,4096,1024,float,sum,18.45,0.22,0.22,0,17.71,0.23,0.23,0,RING,SIMPLE,2,RING,SIMPLE,2,0,RING,A_flag_ceiling
reduce_perf,2,16,8192,2048,float,sum,17.71,0.46,0.46,0,17.35,0.47,0.47,0,RING,SIMPLE,2,RING,SIMPLE,2,0,RING,A_flag_ceiling
reduce_perf,2,16,16384,4096,float,sum,19.09,0.86,0.86,0,18.17,0.9,0.9,0,RING,SIMPLE,2,RING,SIMPLE,2,0,RING,A_flag_ceiling
reduce_perf,2,16,32768,8192,float,sum,45.49,0.72,0.72,0,45.25,0.72,0.72,0,RING,SIMPLE,2,RING,SIMPLE,2,0,RING,A_flag_ceiling
reduce_perf,2,16,65536,16384,float,sum,54.74,1.2,1.2,0,54.44,1.2,1.2,0,RING,SIMPLE,2,RING,SIMPLE,2,0,RING,A_flag_ceiling
reduce_perf,2,16,131072,32768,float,sum,59.94,2.19,2.19,0,59.89,2.19,2.19,0,RING,SIMPLE,2,RING,SIMPLE,2,0,RING,A_flag_ceiling
reduce_perf,2,16,262144,65536,float,sum,70.19,3.73,3.73,0,70.34,3.73,3.73,0,RING,SIMPLE,2,RING,SIMPLE,2,0,RING,A_flag_ceiling
reduce_perf,2,16,524288,131072,float,sum,90.33,5.8,5.8,0,90.43,5.8,5.8,0,RING,SIMPLE,2,RING,SIMPLE,2,0,RING,A_flag_ceiling
reduce_perf,2,16,1048576,262144,float,sum,122.22,8.58,8.58,0,120.54,8.7,8.7,0,RING,SIMPLE,2,RING,SIMPLE,2,0,RING,A_flag_ceiling
reduce_perf,2,16,2097152,524288,float,sum,174.5,12.02,12.02,0,172.92,12.13,12.13,0,RING,SIMPLE,2,RING,SIMPLE,2,0,RING,A_flag_ceiling
reduce_perf,2,16,4194304,1048576,float,sum,270.42,15.51,15.51,0,263.47,15.92,15.92,0,RING,SIMPLE,2,RING,SIMPLE,2,0,RING,A_flag_ceiling
reduce_perf,2,16,8388608,2097152,float,sum,432.47,19.4,19.4,0,421.71,19.89,19.89,0,RING,SIMPLE,2,RING,SIMPLE,2,0,RING,A_flag_ceiling
reduce_perf,2,16,16777216,4194304,float,sum,713.81,23.5,23.5,0,698.6,24.02,24.02,0,RING,SIMPLE,2,RING,SIMPLE,2,0,RING,A_flag_ceiling
reduce_perf,2,16,33554432,8388608,float,sum,1261.69,26.59,26.59,0,1230.21,27.28,27.28,0,RING,SIMPLE,2,RING,SIMPLE,2,0,RING,A_flag_ceiling
reduce_perf,2,16,67108864,16777216,float,sum,2303.36,29.14,29.14,0,2263.79,29.64,29.64,0,RING,SIMPLE,2,RING,SIMPLE,2,0,RING,A_flag_ceiling
reduce_perf,2,16,134217728,33554432,float,sum,4301.79,31.2,31.2,0,4248.39,31.59,31.59,0,RING,SIMPLE,2,RING,SIMPLE,2,0,RING,A_flag_ceiling
reduce_perf,2,16,268435456,67108864,float,sum,8342.05,32.18,32.18,0,8254.7,32.52,32.52,0,RING,SIMPLE,2,RING,SIMPLE,2,0,RING,A_flag_ceiling
reduce_perf,2,16,536870912,134217728,float,sum,16600.4,32.34,32.34,0,16657.8,32.23,32.23,0,RING,SIMPLE,2,RING,SIMPLE,2,0,RING,A_flag_ceiling
reduce_perf,2,16,4096,1024,float,sum,16.07,0.25,0.25,0,15.2,0.27,0.27,0,RING,LL,2,RING,LL,2,0,RING,A_flag_ceiling
reduce_perf,2,16,8192,2048,float,sum,27.01,0.3,0.3,0,26.45,0.31,0.31,0,RING,LL,2,RING,LL,2,0,RING,A_flag_ceiling
reduce_perf,2,16,16384,4096,float,sum,29.44,0.56,0.56,0,29.05,0.56,0.56,0,RING,LL,2,RING,LL,2,0,RING,A_flag_ceiling
reduce_perf,2,16,32768,8192,float,sum,35.87,0.91,0.91,0,35.6,0.92,0.92,0,RING,LL,2,RING,LL,2,0,RING,A_flag_ceiling
reduce_perf,2,16,65536,16384,float,sum,41.73,1.57,1.57,0,41.96,1.56,1.56,0,RING,LL,2,RING,LL,2,0,RING,A_flag_ceiling
reduce_perf,2,16,131072,32768,float,sum,55.21,2.37,2.37,0,55.24,2.37,2.37,0,RING,LL,2,RING,LL,2,0,RING,A_flag_ceiling
reduce_perf,2,16,262144,65536,float,sum,81.33,3.22,3.22,0,82.32,3.18,3.18,0,RING,LL,2,RING,LL,2,0,RING,A_flag_ceiling
reduce_perf,2,16,524288,131072,float,sum,134.73,3.89,3.89,0,135.74,3.86,3.86,0,RING,LL,2,RING,LL,2,0,RING,A_flag_ceiling
reduce_perf,2,16,1048576,262144,float,sum,241.23,4.35,4.35,0,242.4,4.33,4.33,0,RING,LL,2,RING,LL,2,0,RING,A_flag_ceiling
reduce_perf,2,16,2097152,524288,float,sum,453.09,4.63,4.63,0,454.96,4.61,4.61,0,RING,LL,2,RING,LL,2,0,RING,A_flag_ceiling
reduce_perf,2,16,4194304,1048576,float,sum,882.29,4.75,4.75,0,885.46,4.74,4.74,0,RING,LL,2,RING,LL,2,0,RING,A_flag_ceiling
reduce_perf,2,16,8388608,2097152,float,sum,1731.33,4.85,4.85,0,1737.84,4.83,4.83,0,RING,LL,2,RING,LL,2,0,RING,A_flag_ceiling
reduce_perf,2,16,16777216,4194304,float,sum,3453.04,4.86,4.86,0,3451.67,4.86,4.86,0,RING,LL,2,RING,LL,2,0,RING,A_flag_ceiling
reduce_perf,2,16,33554432,8388608,float,sum,6892.56,4.87,4.87,0,6898.44,4.86,4.86,0,RING,LL,2,RING,LL,2,0,RING,A_flag_ceiling
reduce_perf,2,16,67108864,16777216,float,sum,15443.0,4.35,4.35,0,13780.6,4.87,4.87,0,RING,LL,2,RING,LL,2,0,RING,A_flag_ceiling
reduce_perf,2,16,134217728,33554432,float,sum,27601.7,4.86,4.86,0,27550.5,4.87,4.87,0,RING,LL,2,RING,LL,2,0,RING,A_flag_ceiling
reduce_perf,2,16,268435456,67108864,float,sum,55164.4,4.87,4.87,0,55232.9,4.86,4.86,0,RING,LL,2,RING,LL,2,0,RING,A_flag_ceiling
reduce_perf,2,16,536870912,134217728,float,sum,110530.0,4.86,4.86,0,110357.0,4.86,4.86,0,RING,LL,2,RING,LL,2,0,RING,A_flag_ceiling
reduce_perf,2,16,4096,1024,float,sum,18.76,0.22,0.22,0,15.9,0.26,0.26,0,RING,LL128,2,RING,LL128,2,0,RING,A_flag_ceiling
reduce_perf,2,16,8192,2048,float,sum,16.1,0.51,0.51,0,15.43,0.53,0.53,0,RING,LL128,2,RING,LL128,2,0,RING,A_flag_ceiling
reduce_perf,2,16,16384,4096,float,sum,17.26,0.95,0.95,0,17.45,0.94,0.94,0,RING,LL128,2,RING,LL128,2,0,RING,A_flag_ceiling
reduce_perf,2,16,32768,8192,float,sum,33.08,0.99,0.99,0,32.97,0.99,0.99,0,RING,LL128,2,RING,LL128,2,0,RING,A_flag_ceiling
reduce_perf,2,16,65536,16384,float,sum,37.25,1.76,1.76,0,36.87,1.78,1.78,0,RING,LL128,2,RING,LL128,2,0,RING,A_flag_ceiling
reduce_perf,2,16,131072,32768,float,sum,44.43,2.95,2.95,0,44.66,2.93,2.93,0,RING,LL128,2,RING,LL128,2,0,RING,A_flag_ceiling
reduce_perf,2,16,262144,65536,float,sum,54.85,4.78,4.78,0,55.23,4.75,4.75,0,RING,LL128,2,RING,LL128,2,0,RING,A_flag_ceiling
reduce_perf,2,16,524288,131072,float,sum,67.08,7.82,7.82,0,67.83,7.73,7.73,0,RING,LL128,2,RING,LL128,2,0,RING,A_flag_ceiling
reduce_perf,2,16,1048576,262144,float,sum,92.95,11.28,11.28,0,93.41,11.23,11.23,0,RING,LL128,2,RING,LL128,2,0,RING,A_flag_ceiling
reduce_perf,2,16,2097152,524288,float,sum,146.75,14.29,14.29,0,143.4,14.62,14.62,0,RING,LL128,2,RING,LL128,2,0,RING,A_flag_ceiling
reduce_perf,2,16,4194304,1048576,float,sum,242.46,17.3,17.3,0,245.54,17.08,17.08,0,RING,LL128,2,RING,LL128,2,0,RING,A_flag_ceiling
reduce_perf,2,16,8388608,2097152,float,sum,440.92,19.03,19.03,0,438.04,19.15,19.15,0,RING,LL128,2,RING,LL128,2,0,RING,A_flag_ceiling
reduce_perf,2,16,16777216,4194304,float,sum,836.22,20.06,20.06,0,831.21,20.18,20.18,0,RING,LL128,2,RING,LL128,2,0,RING,A_flag_ceiling
reduce_perf,2,16,33554432,8388608,float,sum,1626.62,20.63,20.63,0,1615.59,20.77,20.77,0,RING,LL128,2,RING,LL128,2,0,RING,A_flag_ceiling
reduce_perf,2,16,67108864,16777216,float,sum,3232.64,20.76,20.76,0,3197.02,20.99,20.99,0,RING,LL128,2,RING,LL128,2,0,RING,A_flag_ceiling
reduce_perf,2,16,134217728,33554432,float,sum,6451.63,20.8,20.8,0,6379.38,21.04,21.04,0,RING,LL128,2,RING,LL128,2,0,RING,A_flag_ceiling
reduce_perf,2,16,268435456,67108864,float,sum,12883.4,20.84,20.84,0,12751.1,21.05,21.05,0,RING,LL128,2,RING,LL128,2,0,RING,A_flag_ceiling
reduce_perf,2,16,536870912,134217728,float,sum,25797.5,20.81,20.81,0,25508.3,21.05,21.05,0,RING,LL128,2,RING,LL128,2,0,RING,A_flag_ceiling
reduce_perf,2,16,4096,1024,float,sum,19.61,0.21,0.21,0,17.69,0.23,0.23,0,RING,SIMPLE,4,RING,SIMPLE,4,0,RING,A_flag_ceiling
reduce_perf,2,16,8192,2048,float,sum,17.52,0.47,0.47,0,17.67,0.46,0.46,0,RING,SIMPLE,4,RING,SIMPLE,4,0,RING,A_flag_ceiling
reduce_perf,2,16,16384,4096,float,sum,19.58,0.84,0.84,0,19.3,0.85,0.85,0,RING,SIMPLE,4,RING,SIMPLE,4,0,RING,A_flag_ceiling
reduce_perf,2,16,32768,8192,float,sum,45.39,0.72,0.72,0,44.78,0.73,0.73,0,RING,SIMPLE,4,RING,SIMPLE,4,0,RING,A_flag_ceiling
reduce_perf,2,16,65536,16384,float,sum,67.19,0.98,0.98,0,67.73,0.97,0.97,0,RING,SIMPLE,4,RING,SIMPLE,4,0,RING,A_flag_ceiling
reduce_perf,2,16,131072,32768,float,sum,81.39,1.61,1.61,0,81.99,1.6,1.6,0,RING,SIMPLE,4,RING,SIMPLE,4,0,RING,A_flag_ceiling
reduce_perf,2,16,262144,65536,float,sum,86.83,3.02,3.02,0,86.69,3.02,3.02,0,RING,SIMPLE,4,RING,SIMPLE,4,0,RING,A_flag_ceiling
reduce_perf,2,16,524288,131072,float,sum,97.6,5.37,5.37,0,96.93,5.41,5.41,0,RING,SIMPLE,4,RING,SIMPLE,4,0,RING,A_flag_ceiling
reduce_perf,2,16,1048576,262144,float,sum,118.0,8.89,8.89,0,117.56,8.92,8.92,0,RING,SIMPLE,4,RING,SIMPLE,4,0,RING,A_flag_ceiling
reduce_perf,2,16,2097152,524288,float,sum,161.36,13.0,13.0,0,159.72,13.13,13.13,0,RING,SIMPLE,4,RING,SIMPLE,4,0,RING,A_flag_ceiling
reduce_perf,2,16,4194304,1048576,float,sum,217.91,19.25,19.25,0,215.18,19.49,19.49,0,RING,SIMPLE,4,RING,SIMPLE,4,0,RING,A_flag_ceiling
reduce_perf,2,16,8388608,2097152,float,sum,338.39,24.79,24.79,0,333.0,25.19,25.19,0,RING,SIMPLE,4,RING,SIMPLE,4,0,RING,A_flag_ceiling
reduce_perf,2,16,16777216,4194304,float,sum,513.9,32.65,32.65,0,502.36,33.4,33.4,0,RING,SIMPLE,4,RING,SIMPLE,4,0,RING,A_flag_ceiling
reduce_perf,2,16,33554432,8388608,float,sum,866.43,38.73,38.73,0,851.65,39.4,39.4,0,RING,SIMPLE,4,RING,SIMPLE,4,0,RING,A_flag_ceiling
reduce_perf,2,16,67108864,16777216,float,sum,1458.36,46.02,46.02,0,1433.58,46.81,46.81,0,RING,SIMPLE,4,RING,SIMPLE,4,0,RING,A_flag_ceiling
reduce_perf,2,16,134217728,33554432,float,sum,2677.6,50.13,50.13,0,2626.13,51.11,51.11,0,RING,SIMPLE,4,RING,SIMPLE,4,0,RING,A_flag_ceiling
reduce_perf,2,16,268435456,67108864,float,sum,4875.28,55.06,55.06,0,4797.33,55.96,55.96,0,RING,SIMPLE,4,RING,SIMPLE,4,0,RING,A_flag_ceiling
reduce_perf,2,16,536870912,134217728,float,sum,9235.28,58.13,58.13,0,9249.03,58.05,58.05,0,RING,SIMPLE,4,RING,SIMPLE,4,0,RING,A_flag_ceiling
reduce_perf,2,16,4096,1024,float,sum,18.21,0.22,0.22,0,15.44,0.27,0.27,0,RING,LL,4,RING,LL,4,0,RING,A_flag_ceiling
reduce_perf,2,16,8192,2048,float,sum,26.27,0.31,0.31,0,25.67,0.32,0.32,0,RING,LL,4,RING,LL,4,0,RING,A_flag_ceiling
reduce_perf,2,16,16384,4096,float,sum,38.55,0.42,0.42,0,42.72,0.38,0.38,0,RING,LL,4,RING,LL,4,0,RING,A_flag_ceiling
reduce_perf,2,16,32768,8192,float,sum,43.98,0.75,0.75,0,43.34,0.76,0.76,0,RING,LL,4,RING,LL,4,0,RING,A_flag_ceiling
reduce_perf,2,16,65536,16384,float,sum,54.13,1.21,1.21,0,53.58,1.22,1.22,0,RING,LL,4,RING,LL,4,0,RING,A_flag_ceiling
reduce_perf,2,16,131072,32768,float,sum,61.12,2.14,2.14,0,61.2,2.14,2.14,0,RING,LL,4,RING,LL,4,0,RING,A_flag_ceiling
reduce_perf,2,16,262144,65536,float,sum,75.01,3.5,3.5,0,74.75,3.51,3.51,0,RING,LL,4,RING,LL,4,0,RING,A_flag_ceiling
reduce_perf,2,16,524288,131072,float,sum,102.26,5.13,5.13,0,103.54,5.06,5.06,0,RING,LL,4,RING,LL,4,0,RING,A_flag_ceiling
reduce_perf,2,16,1048576,262144,float,sum,157.63,6.65,6.65,0,158.24,6.63,6.63,0,RING,LL,4,RING,LL,4,0,RING,A_flag_ceiling
reduce_perf,2,16,2097152,524288,float,sum,266.86,7.86,7.86,0,269.25,7.79,7.79,0,RING,LL,4,RING,LL,4,0,RING,A_flag_ceiling
reduce_perf,2,16,4194304,1048576,float,sum,486.69,8.62,8.62,0,492.93,8.51,8.51,0,RING,LL,4,RING,LL,4,0,RING,A_flag_ceiling
reduce_perf,2,16,8388608,2097152,float,sum,929.0,9.03,9.03,0,935.21,8.97,8.97,0,RING,LL,4,RING,LL,4,0,RING,A_flag_ceiling
reduce_perf,2,16,16777216,4194304,float,sum,1819.63,9.22,9.22,0,1833.52,9.15,9.15,0,RING,LL,4,RING,LL,4,0,RING,A_flag_ceiling
reduce_perf,2,16,33554432,8388608,float,sum,3647.77,9.2,9.2,0,3657.13,9.18,9.18,0,RING,LL,4,RING,LL,4,0,RING,A_flag_ceiling
reduce_perf,2,16,67108864,16777216,float,sum,7326.64,9.16,9.16,0,7302.32,9.19,9.19,0,RING,LL,4,RING,LL,4,0,RING,A_flag_ceiling
reduce_perf,2,16,134217728,33554432,float,sum,14691.8,9.14,9.14,0,14598.5,9.19,9.19,0,RING,LL,4,RING,LL,4,0,RING,A_flag_ceiling
reduce_perf,2,16,268435456,67108864,float,sum,29450.8,9.11,9.11,0,29220.2,9.19,9.19,0,RING,LL,4,RING,LL,4,0,RING,A_flag_ceiling
reduce_perf,2,16,536870912,134217728,float,sum,58966.5,9.1,9.1,0,58443.5,9.19,9.19,0,RING,LL,4,RING,LL,4,0,RING,A_flag_ceiling
reduce_perf,2,16,4096,1024,float,sum,18.52,0.22,0.22,0,17.09,0.24,0.24,0,RING,LL128,4,RING,LL128,4,0,RING,A_flag_ceiling
reduce_perf,2,16,8192,2048,float,sum,15.74,0.52,0.52,0,16.26,0.5,0.5,0,RING,LL128,4,RING,LL128,4,0,RING,A_flag_ceiling
reduce_perf,2,16,16384,4096,float,sum,18.24,0.9,0.9,0,18.18,0.9,0.9,0,RING,LL128,4,RING,LL128,4,0,RING,A_flag_ceiling
reduce_perf,2,16,32768,8192,float,sum,33.85,0.97,0.97,0,33.05,0.99,0.99,0,RING,LL128,4,RING,LL128,4,0,RING,A_flag_ceiling
reduce_perf,2,16,65536,16384,float,sum,47.22,1.39,1.39,0,47.19,1.39,1.39,0,RING,LL128,4,RING,LL128,4,0,RING,A_flag_ceiling
reduce_perf,2,16,131072,32768,float,sum,53.49,2.45,2.45,0,54.22,2.42,2.42,0,RING,LL128,4,RING,LL128,4,0,RING,A_flag_ceiling
reduce_perf,2,16,262144,65536,float,sum,64.68,4.05,4.05,0,64.86,4.04,4.04,0,RING,LL128,4,RING,LL128,4,0,RING,A_flag_ceiling
reduce_perf,2,16,524288,131072,float,sum,80.81,6.49,6.49,0,80.45,6.52,6.52,0,RING,LL128,4,RING,LL128,4,0,RING,A_flag_ceiling
reduce_perf,2,16,1048576,262144,float,sum,94.0,11.16,11.16,0,93.72,11.19,11.19,0,RING,LL128,4,RING,LL128,4,0,RING,A_flag_ceiling
reduce_perf,2,16,2097152,524288,float,sum,119.56,17.54,17.54,0,120.43,17.41,17.41,0,RING,LL128,4,RING,LL128,4,0,RING,A_flag_ceiling
reduce_perf,2,16,4194304,1048576,float,sum,173.02,24.24,24.24,0,172.84,24.27,24.27,0,RING,LL128,4,RING,LL128,4,0,RING,A_flag_ceiling
reduce_perf,2,16,8388608,2097152,float,sum,277.1,30.27,30.27,0,276.69,30.32,30.32,0,RING,LL128,4,RING,LL128,4,0,RING,A_flag_ceiling
reduce_perf,2,16,16777216,4194304,float,sum,482.25,34.79,34.79,0,482.96,34.74,34.74,0,RING,LL128,4,RING,LL128,4,0,RING,A_flag_ceiling
reduce_perf,2,16,33554432,8388608,float,sum,897.41,37.39,37.39,0,896.34,37.43,37.43,0,RING,LL128,4,RING,LL128,4,0,RING,A_flag_ceiling
reduce_perf,2,16,67108864,16777216,float,sum,1729.34,38.81,38.81,0,1728.9,38.82,38.82,0,RING,LL128,4,RING,LL128,4,0,RING,A_flag_ceiling
reduce_perf,2,16,134217728,33554432,float,sum,3409.3,39.37,39.37,0,3397.47,39.51,39.51,0,RING,LL128,4,RING,LL128,4,0,RING,A_flag_ceiling
reduce_perf,2,16,268435456,67108864,float,sum,6802.82,39.46,39.46,0,6761.76,39.7,39.7,0,RING,LL128,4,RING,LL128,4,0,RING,A_flag_ceiling
reduce_perf,2,16,536870912,134217728,float,sum,13595.3,39.49,39.49,0,13508.0,39.74,39.74,0,RING,LL128,4,RING,LL128,4,0,RING,A_flag_ceiling
reduce_perf,2,16,4096,1024,float,sum,19.42,0.21,0.21,0,17.17,0.24,0.24,0,RING,SIMPLE,8,RING,SIMPLE,8,0,RING,A_flag_ceiling
reduce_perf,2,16,8192,2048,float,sum,17.76,0.46,0.46,0,16.46,0.5,0.5,0,RING,SIMPLE,8,RING,SIMPLE,8,0,RING,A_flag_ceiling
reduce_perf,2,16,16384,4096,float,sum,19.8,0.83,0.83,0,19.85,0.83,0.83,0,RING,SIMPLE,8,RING,SIMPLE,8,0,RING,A_flag_ceiling
reduce_perf,2,16,32768,8192,float,sum,45.58,0.72,0.72,0,44.84,0.73,0.73,0,RING,SIMPLE,8,RING,SIMPLE,8,0,RING,A_flag_ceiling
reduce_perf,2,16,65536,16384,float,sum,66.99,0.98,0.98,0,66.99,0.98,0.98,0,RING,SIMPLE,8,RING,SIMPLE,8,0,RING,A_flag_ceiling
reduce_perf,2,16,131072,32768,float,sum,70.47,1.86,1.86,0,70.08,1.87,1.87,0,RING,SIMPLE,8,RING,SIMPLE,8,0,RING,A_flag_ceiling
reduce_perf,2,16,262144,65536,float,sum,87.12,3.01,3.01,0,87.26,3.0,3.0,0,RING,SIMPLE,8,RING,SIMPLE,8,0,RING,A_flag_ceiling
reduce_perf,2,16,524288,131072,float,sum,92.88,5.65,5.65,0,92.26,5.68,5.68,0,RING,SIMPLE,8,RING,SIMPLE,8,0,RING,A_flag_ceiling
reduce_perf,2,16,1048576,262144,float,sum,103.6,10.12,10.12,0,103.03,10.18,10.18,0,RING,SIMPLE,8,RING,SIMPLE,8,0,RING,A_flag_ceiling
reduce_perf,2,16,2097152,524288,float,sum,128.79,16.28,16.28,0,124.06,16.9,16.9,0,RING,SIMPLE,8,RING,SIMPLE,8,0,RING,A_flag_ceiling
reduce_perf,2,16,4194304,1048576,float,sum,170.98,24.53,24.53,0,168.61,24.88,24.88,0,RING,SIMPLE,8,RING,SIMPLE,8,0,RING,A_flag_ceiling
reduce_perf,2,16,8388608,2097152,float,sum,227.15,36.93,36.93,0,224.35,37.39,37.39,0,RING,SIMPLE,8,RING,SIMPLE,8,0,RING,A_flag_ceiling
reduce_perf,2,16,16777216,4194304,float,sum,348.74,48.11,48.11,0,345.05,48.62,48.62,0,RING,SIMPLE,8,RING,SIMPLE,8,0,RING,A_flag_ceiling
reduce_perf,2,16,33554432,8388608,float,sum,521.81,64.3,64.3,0,511.81,65.56,65.56,0,RING,SIMPLE,8,RING,SIMPLE,8,0,RING,A_flag_ceiling
reduce_perf,2,16,67108864,16777216,float,sum,885.63,75.78,75.78,0,864.38,77.64,77.64,0,RING,SIMPLE,8,RING,SIMPLE,8,0,RING,A_flag_ceiling
reduce_perf,2,16,134217728,33554432,float,sum,1475.34,90.97,90.97,0,1473.8,91.07,91.07,0,RING,SIMPLE,8,RING,SIMPLE,8,0,RING,A_flag_ceiling
reduce_perf,2,16,268435456,67108864,float,sum,2752.37,97.53,97.53,0,2783.75,96.43,96.43,0,RING,SIMPLE,8,RING,SIMPLE,8,0,RING,A_flag_ceiling
reduce_perf,2,16,536870912,134217728,float,sum,4967.5,108.08,108.08,0,4958.09,108.28,108.28,0,RING,SIMPLE,8,RING,SIMPLE,8,0,RING,A_flag_ceiling
reduce_perf,2,16,4096,1024,float,sum,17.41,0.24,0.24,0,16.1,0.25,0.25,0,RING,LL,8,RING,LL,8,0,RING,A_flag_ceiling
reduce_perf,2,16,8192,2048,float,sum,25.97,0.32,0.32,0,25.66,0.32,0.32,0,RING,LL,8,RING,LL,8,0,RING,A_flag_ceiling
reduce_perf,2,16,16384,4096,float,sum,39.84,0.41,0.41,0,37.77,0.43,0.43,0,RING,LL,8,RING,LL,8,0,RING,A_flag_ceiling
reduce_perf,2,16,32768,8192,float,sum,40.64,0.81,0.81,0,39.87,0.82,0.82,0,RING,LL,8,RING,LL,8,0,RING,A_flag_ceiling
reduce_perf,2,16,65536,16384,float,sum,45.67,1.44,1.44,0,45.89,1.43,1.43,0,RING,LL,8,RING,LL,8,0,RING,A_flag_ceiling
reduce_perf,2,16,131072,32768,float,sum,56.19,2.33,2.33,0,57.66,2.27,2.27,0,RING,LL,8,RING,LL,8,0,RING,A_flag_ceiling
reduce_perf,2,16,262144,65536,float,sum,63.34,4.14,4.14,0,63.68,4.12,4.12,0,RING,LL,8,RING,LL,8,0,RING,A_flag_ceiling
reduce_perf,2,16,524288,131072,float,sum,78.42,6.69,6.69,0,79.13,6.63,6.63,0,RING,LL,8,RING,LL,8,0,RING,A_flag_ceiling
reduce_perf,2,16,1048576,262144,float,sum,106.75,9.82,9.82,0,107.73,9.73,9.73,0,RING,LL,8,RING,LL,8,0,RING,A_flag_ceiling
reduce_perf,2,16,2097152,524288,float,sum,163.33,12.84,12.84,0,164.16,12.78,12.78,0,RING,LL,8,RING,LL,8,0,RING,A_flag_ceiling
reduce_perf,2,16,4194304,1048576,float,sum,275.03,15.25,15.25,0,276.28,15.18,15.18,0,RING,LL,8,RING,LL,8,0,RING,A_flag_ceiling
reduce_perf,2,16,8388608,2097152,float,sum,500.03,16.78,16.78,0,507.1,16.54,16.54,0,RING,LL,8,RING,LL,8,0,RING,A_flag_ceiling
reduce_perf,2,16,16777216,4194304,float,sum,951.95,17.62,17.62,0,958.78,17.5,17.5,0,RING,LL,8,RING,LL,8,0,RING,A_flag_ceiling
reduce_perf,2,16,33554432,8388608,float,sum,1867.96,17.96,17.96,0,1870.73,17.94,17.94,0,RING,LL,8,RING,LL,8,0,RING,A_flag_ceiling
reduce_perf,2,16,67108864,16777216,float,sum,3728.23,18.0,18.0,0,3695.43,18.16,18.16,0,RING,LL,8,RING,LL,8,0,RING,A_flag_ceiling
reduce_perf,2,16,134217728,33554432,float,sum,7458.8,17.99,17.99,0,7334.9,18.3,18.3,0,RING,LL,8,RING,LL,8,0,RING,A_flag_ceiling
reduce_perf,2,16,268435456,67108864,float,sum,14945.2,17.96,17.96,0,14644.6,18.33,18.33,0,RING,LL,8,RING,LL,8,0,RING,A_flag_ceiling
reduce_perf,2,16,536870912,134217728,float,sum,29873.0,17.97,17.97,0,29246.2,18.36,18.36,0,RING,LL,8,RING,LL,8,0,RING,A_flag_ceiling
reduce_perf,2,16,4096,1024,float,sum,17.89,0.23,0.23,0,16.86,0.24,0.24,0,RING,LL128,8,RING,LL128,8,0,RING,A_flag_ceiling
reduce_perf,2,16,8192,2048,float,sum,16.42,0.5,0.5,0,15.67,0.52,0.52,0,RING,LL128,8,RING,LL128,8,0,RING,A_flag_ceiling
reduce_perf,2,16,16384,4096,float,sum,18.25,0.9,0.9,0,17.96,0.91,0.91,0,RING,LL128,8,RING,LL128,8,0,RING,A_flag_ceiling
reduce_perf,2,16,32768,8192,float,sum,33.31,0.98,0.98,0,32.86,1.0,1.0,0,RING,LL128,8,RING,LL128,8,0,RING,A_flag_ceiling
reduce_perf,2,16,65536,16384,float,sum,47.2,1.39,1.39,0,47.31,1.39,1.39,0,RING,LL128,8,RING,LL128,8,0,RING,A_flag_ceiling
reduce_perf,2,16,131072,32768,float,sum,50.12,2.61,2.61,0,49.76,2.63,2.63,0,RING,LL128,8,RING,LL128,8,0,RING,A_flag_ceiling
reduce_perf,2,16,262144,65536,float,sum,56.2,4.66,4.66,0,55.95,4.69,4.69,0,RING,LL128,8,RING,LL128,8,0,RING,A_flag_ceiling
reduce_perf,2,16,524288,131072,float,sum,68.24,7.68,7.68,0,69.0,7.6,7.6,0,RING,LL128,8,RING,LL128,8,0,RING,A_flag_ceiling
reduce_perf,2,16,1048576,262144,float,sum,83.17,12.61,12.61,0,83.36,12.58,12.58,0,RING,LL128,8,RING,LL128,8,0,RING,A_flag_ceiling
reduce_perf,2,16,2097152,524288,float,sum,97.45,21.52,21.52,0,97.94,21.41,21.41,0,RING,LL128,8,RING,LL128,8,0,RING,A_flag_ceiling
reduce_perf,2,16,4194304,1048576,float,sum,124.73,33.63,33.63,0,124.98,33.56,33.56,0,RING,LL128,8,RING,LL128,8,0,RING,A_flag_ceiling
reduce_perf,2,16,8388608,2097152,float,sum,178.99,46.87,46.87,0,178.94,46.88,46.88,0,RING,LL128,8,RING,LL128,8,0,RING,A_flag_ceiling
reduce_perf,2,16,16777216,4194304,float,sum,284.22,59.03,59.03,0,284.94,58.88,58.88,0,RING,LL128,8,RING,LL128,8,0,RING,A_flag_ceiling
reduce_perf,2,16,33554432,8388608,float,sum,495.76,67.68,67.68,0,495.73,67.69,67.69,0,RING,LL128,8,RING,LL128,8,0,RING,A_flag_ceiling
reduce_perf,2,16,67108864,16777216,float,sum,922.88,72.72,72.72,0,922.31,72.76,72.76,0,RING,LL128,8,RING,LL128,8,0,RING,A_flag_ceiling
reduce_perf,2,16,134217728,33554432,float,sum,1776.79,75.54,75.54,0,1774.2,75.65,75.65,0,RING,LL128,8,RING,LL128,8,0,RING,A_flag_ceiling
reduce_perf,2,16,268435456,67108864,float,sum,3479.18,77.15,77.15,0,3473.77,77.27,77.27,0,RING,LL128,8,RING,LL128,8,0,RING,A_flag_ceiling
reduce_perf,2,16,536870912,134217728,float,sum,6889.7,77.92,77.92,0,6865.21,78.2,78.2,0,RING,LL128,8,RING,LL128,8,0,RING,A_flag_ceiling
reduce_perf,2,16,4096,1024,float,sum,17.75,0.23,0.23,0,17.83,0.23,0.23,0,RING,SIMPLE,16,RING,SIMPLE,16,0,RING,A_flag_ceiling
reduce_perf,2,16,8192,2048,float,sum,18.05,0.45,0.45,0,17.28,0.47,0.47,0,RING,SIMPLE,16,RING,SIMPLE,16,0,RING,A_flag_ceiling
reduce_perf,2,16,16384,4096,float,sum,19.62,0.84,0.84,0,18.9,0.87,0.87,0,RING,SIMPLE,16,RING,SIMPLE,16,0,RING,A_flag_ceiling
reduce_perf,2,16,32768,8192,float,sum,48.69,0.67,0.67,0,45.02,0.73,0.73,0,RING,SIMPLE,16,RING,SIMPLE,16,0,RING,A_flag_ceiling
reduce_perf,2,16,65536,16384,float,sum,70.45,0.93,0.93,0,67.72,0.97,0.97,0,RING,SIMPLE,16,RING,SIMPLE,16,0,RING,A_flag_ceiling
reduce_perf,2,16,131072,32768,float,sum,71.22,1.84,1.84,0,77.71,1.69,1.69,0,RING,SIMPLE,16,RING,SIMPLE,16,0,RING,A_flag_ceiling
reduce_perf,2,16,262144,65536,float,sum,72.13,3.63,3.63,0,75.01,3.49,3.49,0,RING,SIMPLE,16,RING,SIMPLE,16,0,RING,A_flag_ceiling
reduce_perf,2,16,524288,131072,float,sum,93.08,5.63,5.63,0,92.48,5.67,5.67,0,RING,SIMPLE,16,RING,SIMPLE,16,0,RING,A_flag_ceiling
reduce_perf,2,16,1048576,262144,float,sum,95.54,10.98,10.98,0,97.85,10.72,10.72,0,RING,SIMPLE,16,RING,SIMPLE,16,0,RING,A_flag_ceiling
reduce_perf,2,16,2097152,524288,float,sum,106.82,19.63,19.63,0,109.51,19.15,19.15,0,RING,SIMPLE,16,RING,SIMPLE,16,0,RING,A_flag_ceiling
reduce_perf,2,16,4194304,1048576,float,sum,128.38,32.67,32.67,0,129.97,32.27,32.27,0,RING,SIMPLE,16,RING,SIMPLE,16,0,RING,A_flag_ceiling
reduce_perf,2,16,8388608,2097152,float,sum,174.45,48.09,48.09,0,172.38,48.66,48.66,0,RING,SIMPLE,16,RING,SIMPLE,16,0,RING,A_flag_ceiling
reduce_perf,2,16,16777216,4194304,float,sum,231.07,72.61,72.61,0,228.05,73.57,73.57,0,RING,SIMPLE,16,RING,SIMPLE,16,0,RING,A_flag_ceiling
reduce_perf,2,16,33554432,8388608,float,sum,352.11,95.3,95.3,0,349.62,95.97,95.97,0,RING,SIMPLE,16,RING,SIMPLE,16,0,RING,A_flag_ceiling
reduce_perf,2,16,67108864,16777216,float,sum,524.64,127.91,127.91,0,515.27,130.24,130.24,0,RING,SIMPLE,16,RING,SIMPLE,16,0,RING,A_flag_ceiling
reduce_perf,2,16,134217728,33554432,float,sum,898.96,149.3,149.3,0,880.69,152.4,152.4,0,RING,SIMPLE,16,RING,SIMPLE,16,0,RING,A_flag_ceiling
reduce_perf,2,16,268435456,67108864,float,sum,1502.44,178.67,178.67,0,1486.84,180.54,180.54,0,RING,SIMPLE,16,RING,SIMPLE,16,0,RING,A_flag_ceiling
reduce_perf,2,16,536870912,134217728,float,sum,2775.96,193.4,193.4,0,2780.01,193.12,193.12,0,RING,SIMPLE,16,RING,SIMPLE,16,0,RING,A_flag_ceiling
reduce_perf,2,16,4096,1024,float,sum,17.4,0.24,0.24,0,15.54,0.26,0.26,0,RING,LL,16,RING,LL,16,0,RING,A_flag_ceiling
reduce_perf,2,16,8192,2048,float,sum,26.09,0.31,0.31,0,25.69,0.32,0.32,0,RING,LL,16,RING,LL,16,0,RING,A_flag_ceiling
reduce_perf,2,16,16384,4096,float,sum,39.1,0.42,0.42,0,37.92,0.43,0.43,0,RING,LL,16,RING,LL,16,0,RING,A_flag_ceiling
reduce_perf,2,16,32768,8192,float,sum,40.46,0.81,0.81,0,40.13,0.82,0.82,0,RING,LL,16,RING,LL,16,0,RING,A_flag_ceiling
reduce_perf,2,16,65536,16384,float,sum,86.53,0.76,0.76,0,41.58,1.58,1.58,0,RING,LL,16,RING,LL,16,0,RING,A_flag_ceiling
reduce_perf,2,16,131072,32768,float,sum,47.68,2.75,2.75,0,48.32,2.71,2.71,0,RING,LL,16,RING,LL,16,0,RING,A_flag_ceiling
reduce_perf,2,16,262144,65536,float,sum,58.9,4.45,4.45,0,59.16,4.43,4.43,0,RING,LL,16,RING,LL,16,0,RING,A_flag_ceiling
reduce_perf,2,16,524288,131072,float,sum,67.16,7.81,7.81,0,67.72,7.74,7.74,0,RING,LL,16,RING,LL,16,0,RING,A_flag_ceiling
reduce_perf,2,16,1048576,262144,float,sum,83.57,12.55,12.55,0,83.53,12.55,12.55,0,RING,LL,16,RING,LL,16,0,RING,A_flag_ceiling
reduce_perf,2,16,2097152,524288,float,sum,110.73,18.94,18.94,0,111.21,18.86,18.86,0,RING,LL,16,RING,LL,16,0,RING,A_flag_ceiling
reduce_perf,2,16,4194304,1048576,float,sum,180.47,23.24,23.24,0,183.0,22.92,22.92,0,RING,LL,16,RING,LL,16,0,RING,A_flag_ceiling
reduce_perf,2,16,8388608,2097152,float,sum,306.27,27.39,27.39,0,306.9,27.33,27.33,0,RING,LL,16,RING,LL,16,0,RING,A_flag_ceiling
reduce_perf,2,16,16777216,4194304,float,sum,546.24,30.71,30.71,0,547.75,30.63,30.63,0,RING,LL,16,RING,LL,16,0,RING,A_flag_ceiling
reduce_perf,2,16,33554432,8388608,float,sum,1026.5,32.69,32.69,0,1031.08,32.54,32.54,0,RING,LL,16,RING,LL,16,0,RING,A_flag_ceiling
reduce_perf,2,16,67108864,16777216,float,sum,1984.31,33.82,33.82,0,1986.18,33.79,33.79,0,RING,LL,16,RING,LL,16,0,RING,A_flag_ceiling
reduce_perf,2,16,134217728,33554432,float,sum,3898.72,34.43,34.43,0,3901.32,34.4,34.4,0,RING,LL,16,RING,LL,16,0,RING,A_flag_ceiling
reduce_perf,2,16,268435456,67108864,float,sum,7728.2,34.73,34.73,0,7731.85,34.72,34.72,0,RING,LL,16,RING,LL,16,0,RING,A_flag_ceiling
reduce_perf,2,16,536870912,134217728,float,sum,15409.6,34.84,34.84,0,15411.2,34.84,34.84,0,RING,LL,16,RING,LL,16,0,RING,A_flag_ceiling
reduce_perf,2,16,4096,1024,float,sum,17.99,0.23,0.23,0,17.77,0.23,0.23,0,RING,LL128,16,RING,LL128,16,0,RING,A_flag_ceiling
reduce_perf,2,16,8192,2048,float,sum,16.05,0.51,0.51,0,16.03,0.51,0.51,0,RING,LL128,16,RING,LL128,16,0,RING,A_flag_ceiling
reduce_perf,2,16,16384,4096,float,sum,17.82,0.92,0.92,0,17.88,0.92,0.92,0,RING,LL128,16,RING,LL128,16,0,RING,A_flag_ceiling
reduce_perf,2,16,32768,8192,float,sum,33.1,0.99,0.99,0,32.77,1.0,1.0,0,RING,LL128,16,RING,LL128,16,0,RING,A_flag_ceiling
reduce_perf,2,16,65536,16384,float,sum,47.01,1.39,1.39,0,47.11,1.39,1.39,0,RING,LL128,16,RING,LL128,16,0,RING,A_flag_ceiling
reduce_perf,2,16,131072,32768,float,sum,50.25,2.61,2.61,0,50.15,2.61,2.61,0,RING,LL128,16,RING,LL128,16,0,RING,A_flag_ceiling
reduce_perf,2,16,262144,65536,float,sum,54.98,4.77,4.77,0,51.59,5.08,5.08,0,RING,LL128,16,RING,LL128,16,0,RING,A_flag_ceiling
reduce_perf,2,16,524288,131072,float,sum,58.54,8.96,8.96,0,58.59,8.95,8.95,0,RING,LL128,16,RING,LL128,16,0,RING,A_flag_ceiling
reduce_perf,2,16,1048576,262144,float,sum,71.25,14.72,14.72,0,70.93,14.78,14.78,0,RING,LL128,16,RING,LL128,16,0,RING,A_flag_ceiling
reduce_perf,2,16,2097152,524288,float,sum,87.22,24.04,24.04,0,87.23,24.04,24.04,0,RING,LL128,16,RING,LL128,16,0,RING,A_flag_ceiling
reduce_perf,2,16,4194304,1048576,float,sum,102.36,40.98,40.98,0,102.0,41.12,41.12,0,RING,LL128,16,RING,LL128,16,0,RING,A_flag_ceiling
reduce_perf,2,16,8388608,2097152,float,sum,131.23,63.93,63.93,0,130.64,64.21,64.21,0,RING,LL128,16,RING,LL128,16,0,RING,A_flag_ceiling
reduce_perf,2,16,16777216,4194304,float,sum,186.75,89.84,89.84,0,186.65,89.88,89.88,0,RING,LL128,16,RING,LL128,16,0,RING,A_flag_ceiling
reduce_perf,2,16,33554432,8388608,float,sum,303.01,110.74,110.74,0,297.74,112.7,112.7,0,RING,LL128,16,RING,LL128,16,0,RING,A_flag_ceiling
reduce_perf,2,16,67108864,16777216,float,sum,519.47,129.19,129.19,0,518.64,129.39,129.39,0,RING,LL128,16,RING,LL128,16,0,RING,A_flag_ceiling
reduce_perf,2,16,134217728,33554432,float,sum,965.73,138.98,138.98,0,963.77,139.26,139.26,0,RING,LL128,16,RING,LL128,16,0,RING,A_flag_ceiling
reduce_perf,2,16,268435456,67108864,float,sum,1858.67,144.42,144.42,0,1852.99,144.87,144.87,0,RING,LL128,16,RING,LL128,16,0,RING,A_flag_ceiling
reduce_perf,2,16,536870912,134217728,float,sum,3629.09,147.94,147.94,0,3620.11,148.3,148.3,0,RING,LL128,16,RING,LL128,16,0,RING,A_flag_ceiling
reduce_perf,2,16,4096,1024,float,sum,19.03,0.22,0.22,0,17.9,0.23,0.23,0,RING,SIMPLE,24,RING,SIMPLE,24,0,RING,A_flag_ceiling
reduce_perf,2,16,8192,2048,float,sum,17.44,0.47,0.47,0,17.84,0.46,0.46,0,RING,SIMPLE,24,RING,SIMPLE,24,0,RING,A_flag_ceiling
reduce_perf,2,16,16384,4096,float,sum,18.88,0.87,0.87,0,18.5,0.89,0.89,0,RING,SIMPLE,24,RING,SIMPLE,24,0,RING,A_flag_ceiling
reduce_perf,2,16,32768,8192,float,sum,45.5,0.72,0.72,0,45.12,0.73,0.73,0,RING,SIMPLE,24,RING,SIMPLE,24,0,RING,A_flag_ceiling
reduce_perf,2,16,65536,16384,float,sum,67.12,0.98,0.98,0,66.75,0.98,0.98,0,RING,SIMPLE,24,RING,SIMPLE,24,0,RING,A_flag_ceiling
reduce_perf,2,16,131072,32768,float,sum,76.49,1.71,1.71,0,70.01,1.87,1.87,0,RING,SIMPLE,24,RING,SIMPLE,24,0,RING,A_flag_ceiling
reduce_perf,2,16,262144,65536,float,sum,71.53,3.66,3.66,0,71.13,3.69,3.69,0,RING,SIMPLE,24,RING,SIMPLE,24,0,RING,A_flag_ceiling
reduce_perf,2,16,524288,131072,float,sum,89.51,5.86,5.86,0,89.23,5.88,5.88,0,RING,SIMPLE,24,RING,SIMPLE,24,0,RING,A_flag_ceiling
reduce_perf,2,16,1048576,262144,float,sum,95.57,10.97,10.97,0,94.92,11.05,11.05,0,RING,SIMPLE,24,RING,SIMPLE,24,0,RING,A_flag_ceiling
reduce_perf,2,16,2097152,524288,float,sum,104.39,20.09,20.09,0,103.68,20.23,20.23,0,RING,SIMPLE,24,RING,SIMPLE,24,0,RING,A_flag_ceiling
reduce_perf,2,16,4194304,1048576,float,sum,119.07,35.22,35.22,0,118.03,35.54,35.54,0,RING,SIMPLE,24,RING,SIMPLE,24,0,RING,A_flag_ceiling
reduce_perf,2,16,8388608,2097152,float,sum,148.81,56.37,56.37,0,147.16,57.0,57.0,0,RING,SIMPLE,24,RING,SIMPLE,24,0,RING,A_flag_ceiling
reduce_perf,2,16,16777216,4194304,float,sum,200.97,83.48,83.48,0,196.17,85.52,85.52,0,RING,SIMPLE,24,RING,SIMPLE,24,0,RING,A_flag_ceiling
reduce_perf,2,16,33554432,8388608,float,sum,277.68,120.84,120.84,0,275.28,121.89,121.89,0,RING,SIMPLE,24,RING,SIMPLE,24,0,RING,A_flag_ceiling
reduce_perf,2,16,67108864,16777216,float,sum,424.89,157.94,157.94,0,419.3,160.05,160.05,0,RING,SIMPLE,24,RING,SIMPLE,24,0,RING,A_flag_ceiling
reduce_perf,2,16,134217728,33554432,float,sum,674.8,198.9,198.9,0,658.63,203.78,203.78,0,RING,SIMPLE,24,RING,SIMPLE,24,0,RING,A_flag_ceiling
reduce_perf,2,16,268435456,67108864,float,sum,1151.23,233.17,233.17,0,1139.88,235.49,235.49,0,RING,SIMPLE,24,RING,SIMPLE,24,0,RING,A_flag_ceiling
reduce_perf,2,16,536870912,134217728,float,sum,1999.13,268.55,268.55,0,2000.61,268.35,268.35,0,RING,SIMPLE,24,RING,SIMPLE,24,0,RING,A_flag_ceiling
reduce_perf,2,16,4096,1024,float,sum,19.42,0.21,0.21,0,16.74,0.24,0.24,0,RING,LL,24,RING,LL,24,0,RING,A_flag_ceiling
reduce_perf,2,16,8192,2048,float,sum,26.12,0.31,0.31,0,25.95,0.32,0.32,0,RING,LL,24,RING,LL,24,0,RING,A_flag_ceiling
reduce_perf,2,16,16384,4096,float,sum,38.94,0.42,0.42,0,38.08,0.43,0.43,0,RING,LL,24,RING,LL,24,0,RING,A_flag_ceiling
reduce_perf,2,16,32768,8192,float,sum,40.07,0.82,0.82,0,39.72,0.83,0.83,0,RING,LL,24,RING,LL,24,0,RING,A_flag_ceiling
reduce_perf,2,16,65536,16384,float,sum,41.33,1.59,1.59,0,40.91,1.6,1.6,0,RING,LL,24,RING,LL,24,0,RING,A_flag_ceiling
reduce_perf,2,16,131072,32768,float,sum,48.17,2.72,2.72,0,48.55,2.7,2.7,0,RING,LL,24,RING,LL,24,0,RING,A_flag_ceiling
reduce_perf,2,16,262144,65536,float,sum,56.61,4.63,4.63,0,56.46,4.64,4.64,0,RING,LL,24,RING,LL,24,0,RING,A_flag_ceiling
reduce_perf,2,16,524288,131072,float,sum,67.66,7.75,7.75,0,69.0,7.6,7.6,0,RING,LL,24,RING,LL,24,0,RING,A_flag_ceiling
reduce_perf,2,16,1048576,262144,float,sum,80.72,12.99,12.99,0,81.38,12.89,12.89,0,RING,LL,24,RING,LL,24,0,RING,A_flag_ceiling
reduce_perf,2,16,2097152,524288,float,sum,106.87,19.62,19.62,0,107.7,19.47,19.47,0,RING,LL,24,RING,LL,24,0,RING,A_flag_ceiling
reduce_perf,2,16,4194304,1048576,float,sum,175.68,23.87,23.87,0,176.93,23.71,23.71,0,RING,LL,24,RING,LL,24,0,RING,A_flag_ceiling
reduce_perf,2,16,8388608,2097152,float,sum,292.13,28.72,28.72,0,290.09,28.92,28.92,0,RING,LL,24,RING,LL,24,0,RING,A_flag_ceiling
reduce_perf,2,16,16777216,4194304,float,sum,520.53,32.23,32.23,0,517.91,32.39,32.39,0,RING,LL,24,RING,LL,24,0,RING,A_flag_ceiling
reduce_perf,2,16,33554432,8388608,float,sum,972.24,34.51,34.51,0,963.88,34.81,34.81,0,RING,LL,24,RING,LL,24,0,RING,A_flag_ceiling
reduce_perf,2,16,67108864,16777216,float,sum,1855.48,36.17,36.17,0,1820.34,36.87,36.87,0,RING,LL,24,RING,LL,24,0,RING,A_flag_ceiling
reduce_perf,2,16,134217728,33554432,float,sum,3569.55,37.6,37.6,0,3584.99,37.44,37.44,0,RING,LL,24,RING,LL,24,0,RING,A_flag_ceiling
reduce_perf,2,16,268435456,67108864,float,sum,7082.02,37.9,37.9,0,6925.97,38.76,38.76,0,RING,LL,24,RING,LL,24,0,RING,A_flag_ceiling
reduce_perf,2,16,536870912,134217728,float,sum,13623.3,39.41,39.41,0,13673.0,39.26,39.26,0,RING,LL,24,RING,LL,24,0,RING,A_flag_ceiling
reduce_perf,2,16,4096,1024,float,sum,18.1,0.23,0.23,0,16.68,0.25,0.25,0,RING,LL128,24,RING,LL128,24,0,RING,A_flag_ceiling
reduce_perf,2,16,8192,2048,float,sum,16.32,0.5,0.5,0,16.11,0.51,0.51,0,RING,LL128,24,RING,LL128,24,0,RING,A_flag_ceiling
reduce_perf,2,16,16384,4096,float,sum,17.46,0.94,0.94,0,16.97,0.97,0.97,0,RING,LL128,24,RING,LL128,24,0,RING,A_flag_ceiling
reduce_perf,2,16,32768,8192,float,sum,34.69,0.94,0.94,0,32.72,1.0,1.0,0,RING,LL128,24,RING,LL128,24,0,RING,A_flag_ceiling
reduce_perf,2,16,65536,16384,float,sum,47.11,1.39,1.39,0,47.12,1.39,1.39,0,RING,LL128,24,RING,LL128,24,0,RING,A_flag_ceiling
reduce_perf,2,16,131072,32768,float,sum,49.75,2.63,2.63,0,50.23,2.61,2.61,0,RING,LL128,24,RING,LL128,24,0,RING,A_flag_ceiling
reduce_perf,2,16,262144,65536,float,sum,51.23,5.12,5.12,0,51.33,5.11,5.11,0,RING,LL128,24,RING,LL128,24,0,RING,A_flag_ceiling
reduce_perf,2,16,524288,131072,float,sum,58.51,8.96,8.96,0,58.54,8.96,8.96,0,RING,LL128,24,RING,LL128,24,0,RING,A_flag_ceiling
reduce_perf,2,16,1048576,262144,float,sum,67.64,15.5,15.5,0,67.47,15.54,15.54,0,RING,LL128,24,RING,LL128,24,0,RING,A_flag_ceiling
reduce_perf,2,16,2097152,524288,float,sum,87.76,23.9,23.9,0,88.44,23.71,23.71,0,RING,LL128,24,RING,LL128,24,0,RING,A_flag_ceiling
reduce_perf,2,16,4194304,1048576,float,sum,97.56,42.99,42.99,0,97.48,43.03,43.03,0,RING,LL128,24,RING,LL128,24,0,RING,A_flag_ceiling
reduce_perf,2,16,8388608,2097152,float,sum,121.32,69.14,69.14,0,120.48,69.63,69.63,0,RING,LL128,24,RING,LL128,24,0,RING,A_flag_ceiling
reduce_perf,2,16,16777216,4194304,float,sum,160.85,104.3,104.3,0,160.97,104.22,104.22,0,RING,LL128,24,RING,LL128,24,0,RING,A_flag_ceiling
reduce_perf,2,16,33554432,8388608,float,sum,241.44,138.98,138.98,0,240.86,139.31,139.31,0,RING,LL128,24,RING,LL128,24,0,RING,A_flag_ceiling
reduce_perf,2,16,67108864,16777216,float,sum,396.06,169.44,169.44,0,395.49,169.69,169.69,0,RING,LL128,24,RING,LL128,24,0,RING,A_flag_ceiling
reduce_perf,2,16,134217728,33554432,float,sum,711.83,188.55,188.55,0,711.22,188.72,188.72,0,RING,LL128,24,RING,LL128,24,0,RING,A_flag_ceiling
reduce_perf,2,16,268435456,67108864,float,sum,1335.0,201.08,201.08,0,1334.5,201.15,201.15,0,RING,LL128,24,RING,LL128,24,0,RING,A_flag_ceiling
reduce_perf,2,16,536870912,134217728,float,sum,2581.45,207.97,207.97,0,2643.66,203.08,203.08,0,RING,LL128,24,RING,LL128,24,0,RING,A_flag_ceiling
reduce_perf,2,16,4096,1024,float,sum,20.43,0.2,0.2,0,17.13,0.24,0.24,0,RING,SIMPLE,32,RING,SIMPLE,32,0,RING,A_flag_ceiling
reduce_perf,2,16,8192,2048,float,sum,18.34,0.45,0.45,0,17.21,0.48,0.48,0,RING,SIMPLE,32,RING,SIMPLE,32,0,RING,A_flag_ceiling
reduce_perf,2,16,16384,4096,float,sum,19.01,0.86,0.86,0,19.16,0.86,0.86,0,RING,SIMPLE,32,RING,SIMPLE,32,0,RING,A_flag_ceiling
reduce_perf,2,16,32768,8192,float,sum,44.99,0.73,0.73,0,45.38,0.72,0.72,0,RING,SIMPLE,32,RING,SIMPLE,32,0,RING,A_flag_ceiling
reduce_perf,2,16,65536,16384,float,sum,66.82,0.98,0.98,0,67.02,0.98,0.98,0,RING,SIMPLE,32,RING,SIMPLE,32,0,RING,A_flag_ceiling
reduce_perf,2,16,131072,32768,float,sum,70.41,1.86,1.86,0,70.36,1.86,1.86,0,RING,SIMPLE,32,RING,SIMPLE,32,0,RING,A_flag_ceiling
reduce_perf,2,16,262144,65536,float,sum,98.19,2.67,2.67,0,86.66,3.03,3.03,0,RING,SIMPLE,32,RING,SIMPLE,32,0,RING,A_flag_ceiling
reduce_perf,2,16,524288,131072,float,sum,75.65,6.93,6.93,0,74.96,6.99,6.99,0,RING,SIMPLE,32,RING,SIMPLE,32,0,RING,A_flag_ceiling
reduce_perf,2,16,1048576,262144,float,sum,94.4,11.11,11.11,0,93.35,11.23,11.23,0,RING,SIMPLE,32,RING,SIMPLE,32,0,RING,A_flag_ceiling
reduce_perf,2,16,2097152,524288,float,sum,101.79,20.6,20.6,0,100.69,20.83,20.83,0,RING,SIMPLE,32,RING,SIMPLE,32,0,RING,A_flag_ceiling
reduce_perf,2,16,4194304,1048576,float,sum,114.04,36.78,36.78,0,112.38,37.32,37.32,0,RING,SIMPLE,32,RING,SIMPLE,32,0,RING,A_flag_ceiling
reduce_perf,2,16,8388608,2097152,float,sum,139.6,60.09,60.09,0,136.64,61.39,61.39,0,RING,SIMPLE,32,RING,SIMPLE,32,0,RING,A_flag_ceiling
reduce_perf,2,16,16777216,4194304,float,sum,189.29,88.63,88.63,0,185.43,90.48,90.48,0,RING,SIMPLE,32,RING,SIMPLE,32,0,RING,A_flag_ceiling
reduce_perf,2,16,33554432,8388608,float,sum,250.38,134.01,134.01,0,244.68,137.14,137.14,0,RING,SIMPLE,32,RING,SIMPLE,32,0,RING,A_flag_ceiling
reduce_perf,2,16,67108864,16777216,float,sum,391.01,171.63,171.63,0,378.77,177.18,177.18,0,RING,SIMPLE,32,RING,SIMPLE,32,0,RING,A_flag_ceiling
reduce_perf,2,16,134217728,33554432,float,sum,590.44,227.32,227.32,0,573.76,233.93,233.93,0,RING,SIMPLE,32,RING,SIMPLE,32,0,RING,A_flag_ceiling
reduce_perf,2,16,268435456,67108864,float,sum,1078.23,248.96,248.96,0,1068.53,251.22,251.22,0,RING,SIMPLE,32,RING,SIMPLE,32,0,RING,A_flag_ceiling
reduce_perf,2,16,536870912,134217728,float,sum,1820.58,294.89,294.89,0,1814.15,295.93,295.93,0,RING,SIMPLE,32,RING,SIMPLE,32,0,RING,A_flag_ceiling
reduce_perf,2,16,4096,1024,float,sum,16.76,0.24,0.24,0,16.24,0.25,0.25,0,RING,LL,32,RING,LL,32,0,RING,A_flag_ceiling
reduce_perf,2,16,8192,2048,float,sum,26.79,0.31,0.31,0,26.75,0.31,0.31,0,RING,LL,32,RING,LL,32,0,RING,A_flag_ceiling
reduce_perf,2,16,16384,4096,float,sum,38.73,0.42,0.42,0,39.22,0.42,0.42,0,RING,LL,32,RING,LL,32,0,RING,A_flag_ceiling
reduce_perf,2,16,32768,8192,float,sum,40.18,0.82,0.82,0,39.32,0.83,0.83,0,RING,LL,32,RING,LL,32,0,RING,A_flag_ceiling
reduce_perf,2,16,65536,16384,float,sum,41.52,1.58,1.58,0,41.25,1.59,1.59,0,RING,LL,32,RING,LL,32,0,RING,A_flag_ceiling
reduce_perf,2,16,131072,32768,float,sum,46.08,2.84,2.84,0,45.05,2.91,2.91,0,RING,LL,32,RING,LL,32,0,RING,A_flag_ceiling
reduce_perf,2,16,262144,65536,float,sum,53.25,4.92,4.92,0,52.76,4.97,4.97,0,RING,LL,32,RING,LL,32,0,RING,A_flag_ceiling
reduce_perf,2,16,524288,131072,float,sum,65.38,8.02,8.02,0,66.13,7.93,7.93,0,RING,LL,32,RING,LL,32,0,RING,A_flag_ceiling
reduce_perf,2,16,1048576,262144,float,sum,77.38,13.55,13.55,0,76.54,13.7,13.7,0,RING,LL,32,RING,LL,32,0,RING,A_flag_ceiling
reduce_perf,2,16,2097152,524288,float,sum,96.95,21.63,21.63,0,96.82,21.66,21.66,0,RING,LL,32,RING,LL,32,0,RING,A_flag_ceiling
reduce_perf,2,16,4194304,1048576,float,sum,133.31,31.46,31.46,0,133.92,31.32,31.32,0,RING,LL,32,RING,LL,32,0,RING,A_flag_ceiling
reduce_perf,2,16,8388608,2097152,float,sum,241.23,34.77,34.77,0,239.8,34.98,34.98,0,RING,LL,32,RING,LL,32,0,RING,A_flag_ceiling
reduce_perf,2,16,16777216,4194304,float,sum,444.19,37.77,37.77,0,442.98,37.87,37.87,0,RING,LL,32,RING,LL,32,0,RING,A_flag_ceiling
reduce_perf,2,16,33554432,8388608,float,sum,851.65,39.4,39.4,0,848.86,39.53,39.53,0,RING,LL,32,RING,LL,32,0,RING,A_flag_ceiling
reduce_perf,2,16,67108864,16777216,float,sum,1659.83,40.43,40.43,0,1656.17,40.52,40.52,0,RING,LL,32,RING,LL,32,0,RING,A_flag_ceiling
reduce_perf,2,16,134217728,33554432,float,sum,3295.67,40.73,40.73,0,3283.53,40.88,40.88,0,RING,LL,32,RING,LL,32,0,RING,A_flag_ceiling
reduce_perf,2,16,268435456,67108864,float,sum,6541.45,41.04,41.04,0,6534.57,41.08,41.08,0,RING,LL,32,RING,LL,32,0,RING,A_flag_ceiling
reduce_perf,2,16,536870912,134217728,float,sum,13060.7,41.11,41.11,0,13038.7,41.18,41.18,0,RING,LL,32,RING,LL,32,0,RING,A_flag_ceiling
reduce_perf,2,16,4096,1024,float,sum,16.99,0.24,0.24,0,16.4,0.25,0.25,0,RING,LL128,32,RING,LL128,32,0,RING,A_flag_ceiling
reduce_perf,2,16,8192,2048,float,sum,15.85,0.52,0.52,0,15.6,0.53,0.53,0,RING,LL128,32,RING,LL128,32,0,RING,A_flag_ceiling
reduce_perf,2,16,16384,4096,float,sum,16.43,1.0,1.0,0,17.96,0.91,0.91,0,RING,LL128,32,RING,LL128,32,0,RING,A_flag_ceiling
reduce_perf,2,16,32768,8192,float,sum,34.16,0.96,0.96,0,32.63,1.0,1.0,0,RING,LL128,32,RING,LL128,32,0,RING,A_flag_ceiling
reduce_perf,2,16,65536,16384,float,sum,47.08,1.39,1.39,0,47.2,1.39,1.39,0,RING,LL128,32,RING,LL128,32,0,RING,A_flag_ceiling
reduce_perf,2,16,131072,32768,float,sum,50.0,2.62,2.62,0,49.93,2.63,2.63,0,RING,LL128,32,RING,LL128,32,0,RING,A_flag_ceiling
reduce_perf,2,16,262144,65536,float,sum,50.76,5.16,5.16,0,51.41,5.1,5.1,0,RING,LL128,32,RING,LL128,32,0,RING,A_flag_ceiling
reduce_perf,2,16,524288,131072,float,sum,54.13,9.69,9.69,0,54.15,9.68,9.68,0,RING,LL128,32,RING,LL128,32,0,RING,A_flag_ceiling
reduce_perf,2,16,1048576,262144,float,sum,62.5,16.78,16.78,0,62.88,16.68,16.68,0,RING,LL128,32,RING,LL128,32,0,RING,A_flag_ceiling
reduce_perf,2,16,2097152,524288,float,sum,84.22,24.9,24.9,0,77.83,26.95,26.95,0,RING,LL128,32,RING,LL128,32,0,RING,A_flag_ceiling
reduce_perf,2,16,4194304,1048576,float,sum,97.35,43.09,43.09,0,98.01,42.79,42.79,0,RING,LL128,32,RING,LL128,32,0,RING,A_flag_ceiling
reduce_perf,2,16,8388608,2097152,float,sum,114.53,73.24,73.24,0,114.71,73.13,73.13,0,RING,LL128,32,RING,LL128,32,0,RING,A_flag_ceiling
reduce_perf,2,16,16777216,4194304,float,sum,148.43,113.03,113.03,0,148.85,112.71,112.71,0,RING,LL128,32,RING,LL128,32,0,RING,A_flag_ceiling
reduce_perf,2,16,33554432,8388608,float,sum,2166.67,15.49,15.49,0,214.84,156.18,156.18,0,RING,LL128,32,RING,LL128,32,0,RING,A_flag_ceiling
reduce_perf,2,16,67108864,16777216,float,sum,346.64,193.6,193.6,0,345.63,194.16,194.16,0,RING,LL128,32,RING,LL128,32,0,RING,A_flag_ceiling
reduce_perf,2,16,134217728,33554432,float,sum,609.71,220.13,220.13,0,609.4,220.25,220.25,0,RING,LL128,32,RING,LL128,32,0,RING,A_flag_ceiling
reduce_perf,2,16,268435456,67108864,float,sum,1131.39,237.26,237.26,0,1132.46,237.04,237.04,0,RING,LL128,32,RING,LL128,32,0,RING,A_flag_ceiling
reduce_perf,2,16,536870912,134217728,float,sum,2147.43,250.01,250.01,0,2150.33,249.67,249.67,0,RING,LL128,32,RING,LL128,32,0,RING,A_flag_ceiling
reduce_perf,2,16,4096,1024,float,sum,19.85,0.21,0.21,0,16.56,0.25,0.25,0,RING,SIMPLE,40,RING,SIMPLE,40,0,RING,A_flag_ceiling
reduce_perf,2,16,8192,2048,float,sum,17.64,0.46,0.46,0,17.8,0.46,0.46,0,RING,SIMPLE,40,RING,SIMPLE,40,0,RING,A_flag_ceiling
reduce_perf,2,16,16384,4096,float,sum,19.58,0.84,0.84,0,19.79,0.83,0.83,0,RING,SIMPLE,40,RING,SIMPLE,40,0,RING,A_flag_ceiling
reduce_perf,2,16,32768,8192,float,sum,45.85,0.71,0.71,0,45.38,0.72,0.72,0,RING,SIMPLE,40,RING,SIMPLE,40,0,RING,A_flag_ceiling
reduce_perf,2,16,65536,16384,float,sum,67.77,0.97,0.97,0,67.01,0.98,0.98,0,RING,SIMPLE,40,RING,SIMPLE,40,0,RING,A_flag_ceiling
reduce_perf,2,16,131072,32768,float,sum,70.81,1.85,1.85,0,71.42,1.84,1.84,0,RING,SIMPLE,40,RING,SIMPLE,40,0,RING,A_flag_ceiling
reduce_perf,2,16,262144,65536,float,sum,73.44,3.57,3.57,0,71.07,3.69,3.69,0,RING,SIMPLE,40,RING,SIMPLE,40,0,RING,A_flag_ceiling
reduce_perf,2,16,524288,131072,float,sum,75.24,6.97,6.97,0,74.66,7.02,7.02,0,RING,SIMPLE,40,RING,SIMPLE,40,0,RING,A_flag_ceiling
reduce_perf,2,16,1048576,262144,float,sum,94.52,11.09,11.09,0,93.73,11.19,11.19,0,RING,SIMPLE,40,RING,SIMPLE,40,0,RING,A_flag_ceiling
reduce_perf,2,16,2097152,524288,float,sum,101.0,20.76,20.76,0,100.57,20.85,20.85,0,RING,SIMPLE,40,RING,SIMPLE,40,0,RING,A_flag_ceiling
reduce_perf,2,16,4194304,1048576,float,sum,121.33,34.57,34.57,0,112.37,37.33,37.33,0,RING,SIMPLE,40,RING,SIMPLE,40,0,RING,A_flag_ceiling
reduce_perf,2,16,8388608,2097152,float,sum,136.87,61.29,61.29,0,135.03,62.13,62.13,0,RING,SIMPLE,40,RING,SIMPLE,40,0,RING,A_flag_ceiling
reduce_perf,2,16,16777216,4194304,float,sum,179.05,93.7,93.7,0,176.12,95.26,95.26,0,RING,SIMPLE,40,RING,SIMPLE,40,0,RING,A_flag_ceiling
reduce_perf,2,16,33554432,8388608,float,sum,242.91,138.13,138.13,0,234.88,142.86,142.86,0,RING,SIMPLE,40,RING,SIMPLE,40,0,RING,A_flag_ceiling
reduce_perf,2,16,67108864,16777216,float,sum,349.63,191.94,191.94,0,336.64,199.35,199.35,0,RING,SIMPLE,40,RING,SIMPLE,40,0,RING,A_flag_ceiling
reduce_perf,2,16,134217728,33554432,float,sum,587.1,228.61,228.61,0,574.71,233.54,233.54,0,RING,SIMPLE,40,RING,SIMPLE,40,0,RING,A_flag_ceiling
reduce_perf,2,16,268435456,67108864,float,sum,965.41,278.05,278.05,0,955.16,281.04,281.04,0,RING,SIMPLE,40,RING,SIMPLE,40,0,RING,A_flag_ceiling
reduce_perf,2,16,536870912,134217728,float,sum,1826.98,293.86,293.86,0,1825.28,294.13,294.13,0,RING,SIMPLE,40,RING,SIMPLE,40,0,RING,A_flag_ceiling
reduce_perf,2,16,4096,1024,float,sum,17.12,0.24,0.24,0,16.29,0.25,0.25,0,RING,LL,40,RING,LL,40,0,RING,A_flag_ceiling
reduce_perf,2,16,8192,2048,float,sum,25.82,0.32,0.32,0,25.62,0.32,0.32,0,RING,LL,40,RING,LL,40,0,RING,A_flag_ceiling
reduce_perf,2,16,16384,4096,float,sum,39.24,0.42,0.42,0,38.23,0.43,0.43,0,RING,LL,40,RING,LL,40,0,RING,A_flag_ceiling
reduce_perf,2,16,32768,8192,float,sum,40.03,0.82,0.82,0,39.68,0.83,0.83,0,RING,LL,40,RING,LL,40,0,RING,A_flag_ceiling
reduce_perf,2,16,65536,16384,float,sum,41.77,1.57,1.57,0,41.43,1.58,1.58,0,RING,LL,40,RING,LL,40,0,RING,A_flag_ceiling
reduce_perf,2,16,131072,32768,float,sum,51.84,2.53,2.53,0,45.06,2.91,2.91,0,RING,LL,40,RING,LL,40,0,RING,A_flag_ceiling
reduce_perf,2,16,262144,65536,float,sum,52.75,4.97,4.97,0,54.05,4.85,4.85,0,RING,LL,40,RING,LL,40,0,RING,A_flag_ceiling
reduce_perf,2,16,524288,131072,float,sum,65.99,7.94,7.94,0,66.83,7.85,7.85,0,RING,LL,40,RING,LL,40,0,RING,A_flag_ceiling
reduce_perf,2,16,1048576,262144,float,sum,76.79,13.66,13.66,0,77.05,13.61,13.61,0,RING,LL,40,RING,LL,40,0,RING,A_flag_ceiling
reduce_perf,2,16,2097152,524288,float,sum,101.01,20.76,20.76,0,101.6,20.64,20.64,0,RING,LL,40,RING,LL,40,0,RING,A_flag_ceiling
reduce_perf,2,16,4194304,1048576,float,sum,143.75,29.18,29.18,0,144.51,29.02,29.02,0,RING,LL,40,RING,LL,40,0,RING,A_flag_ceiling
reduce_perf,2,16,8388608,2097152,float,sum,257.8,32.54,32.54,0,260.28,32.23,32.23,0,RING,LL,40,RING,LL,40,0,RING,A_flag_ceiling
reduce_perf,2,16,16777216,4194304,float,sum,484.48,34.63,34.63,0,484.91,34.6,34.6,0,RING,LL,40,RING,LL,40,0,RING,A_flag_ceiling
reduce_perf,2,16,33554432,8388608,float,sum,905.12,37.07,37.07,0,903.74,37.13,37.13,0,RING,LL,40,RING,LL,40,0,RING,A_flag_ceiling
reduce_perf,2,16,67108864,16777216,float,sum,1727.18,38.85,38.85,0,1723.69,38.93,38.93,0,RING,LL,40,RING,LL,40,0,RING,A_flag_ceiling
reduce_perf,2,16,134217728,33554432,float,sum,3371.94,39.8,39.8,0,3370.53,39.82,39.82,0,RING,LL,40,RING,LL,40,0,RING,A_flag_ceiling
reduce_perf,2,16,268435456,67108864,float,sum,6698.58,40.07,40.07,0,6687.56,40.14,40.14,0,RING,LL,40,RING,LL,40,0,RING,A_flag_ceiling
reduce_perf,2,16,536870912,134217728,float,sum,13319.1,40.31,40.31,0,13310.9,40.33,40.33,0,RING,LL,40,RING,LL,40,0,RING,A_flag_ceiling
reduce_perf,2,16,4096,1024,float,sum,17.96,0.23,0.23,0,16.14,0.25,0.25,0,RING,LL128,40,RING,LL128,40,0,RING,A_flag_ceiling
reduce_perf,2,16,8192,2048,float,sum,16.65,0.49,0.49,0,15.5,0.53,0.53,0,RING,LL128,40,RING,LL128,40,0,RING,A_flag_ceiling
reduce_perf,2,16,16384,4096,float,sum,17.55,0.93,0.93,0,17.32,0.95,0.95,0,RING,LL128,40,RING,LL128,40,0,RING,A_flag_ceiling
reduce_perf,2,16,32768,8192,float,sum,32.9,1.0,1.0,0,32.4,1.01,1.01,0,RING,LL128,40,RING,LL128,40,0,RING,A_flag_ceiling
reduce_perf,2,16,65536,16384,float,sum,47.49,1.38,1.38,0,47.26,1.39,1.39,0,RING,LL128,40,RING,LL128,40,0,RING,A_flag_ceiling
reduce_perf,2,16,131072,32768,float,sum,50.18,2.61,2.61,0,50.22,2.61,2.61,0,RING,LL128,40,RING,LL128,40,0,RING,A_flag_ceiling
reduce_perf,2,16,262144,65536,float,sum,50.74,5.17,5.17,0,51.25,5.11,5.11,0,RING,LL128,40,RING,LL128,40,0,RING,A_flag_ceiling
reduce_perf,2,16,524288,131072,float,sum,54.04,9.7,9.7,0,54.18,9.68,9.68,0,RING,LL128,40,RING,LL128,40,0,RING,A_flag_ceiling
reduce_perf,2,16,1048576,262144,float,sum,62.61,16.75,16.75,0,62.82,16.69,16.69,0,RING,LL128,40,RING,LL128,40,0,RING,A_flag_ceiling
reduce_perf,2,16,2097152,524288,float,sum,77.35,27.11,27.11,0,77.73,26.98,26.98,0,RING,LL128,40,RING,LL128,40,0,RING,A_flag_ceiling
reduce_perf,2,16,4194304,1048576,float,sum,97.32,43.1,43.1,0,96.67,43.39,43.39,0,RING,LL128,40,RING,LL128,40,0,RING,A_flag_ceiling
reduce_perf,2,16,8388608,2097152,float,sum,114.54,73.24,73.24,0,114.0,73.59,73.59,0,RING,LL128,40,RING,LL128,40,0,RING,A_flag_ceiling
reduce_perf,2,16,16777216,4194304,float,sum,145.09,115.63,115.63,0,145.23,115.52,115.52,0,RING,LL128,40,RING,LL128,40,0,RING,A_flag_ceiling
reduce_perf,2,16,33554432,8388608,float,sum,205.22,163.51,163.51,0,208.64,160.83,160.83,0,RING,LL128,40,RING,LL128,40,0,RING,A_flag_ceiling
reduce_perf,2,16,67108864,16777216,float,sum,327.13,205.15,205.15,0,325.27,206.32,206.32,0,RING,LL128,40,RING,LL128,40,0,RING,A_flag_ceiling
reduce_perf,2,16,134217728,33554432,float,sum,567.33,236.58,236.58,0,567.73,236.41,236.41,0,RING,LL128,40,RING,LL128,40,0,RING,A_flag_ceiling
reduce_perf,2,16,268435456,67108864,float,sum,1036.49,258.98,258.98,0,1039.67,258.19,258.19,0,RING,LL128,40,RING,LL128,40,0,RING,A_flag_ceiling
reduce_perf,2,16,536870912,134217728,float,sum,1945.71,275.93,275.93,0,1949.48,275.39,275.39,0,RING,LL128,40,RING,LL128,40,0,RING,A_flag_ceiling
reduce_perf,2,16,4096,1024,float,sum,19.58,0.21,0.21,0,17.13,0.24,0.24,0,RING,SIMPLE,48,RING,SIMPLE,48,0,RING,A_flag_ceiling
reduce_perf,2,16,8192,2048,float,sum,17.75,0.46,0.46,0,16.87,0.49,0.49,0,RING,SIMPLE,48,RING,SIMPLE,48,0,RING,A_flag_ceiling
reduce_perf,2,16,16384,4096,float,sum,18.38,0.89,0.89,0,18.62,0.88,0.88,0,RING,SIMPLE,48,RING,SIMPLE,48,0,RING,A_flag_ceiling
reduce_perf,2,16,32768,8192,float,sum,45.81,0.72,0.72,0,45.02,0.73,0.73,0,RING,SIMPLE,48,RING,SIMPLE,48,0,RING,A_flag_ceiling
reduce_perf,2,16,65536,16384,float,sum,67.03,0.98,0.98,0,66.85,0.98,0.98,0,RING,SIMPLE,48,RING,SIMPLE,48,0,RING,A_flag_ceiling
reduce_perf,2,16,131072,32768,float,sum,70.99,1.85,1.85,0,70.46,1.86,1.86,0,RING,SIMPLE,48,RING,SIMPLE,48,0,RING,A_flag_ceiling
reduce_perf,2,16,262144,65536,float,sum,74.68,3.51,3.51,0,71.53,3.66,3.66,0,RING,SIMPLE,48,RING,SIMPLE,48,0,RING,A_flag_ceiling
reduce_perf,2,16,524288,131072,float,sum,75.49,6.95,6.95,0,74.47,7.04,7.04,0,RING,SIMPLE,48,RING,SIMPLE,48,0,RING,A_flag_ceiling
reduce_perf,2,16,1048576,262144,float,sum,93.7,11.19,11.19,0,93.26,11.24,11.24,0,RING,SIMPLE,48,RING,SIMPLE,48,0,RING,A_flag_ceiling
reduce_perf,2,16,2097152,524288,float,sum,104.17,20.13,20.13,0,102.06,20.55,20.55,0,RING,SIMPLE,48,RING,SIMPLE,48,0,RING,A_flag_ceiling
reduce_perf,2,16,4194304,1048576,float,sum,113.91,36.82,36.82,0,112.16,37.39,37.39,0,RING,SIMPLE,48,RING,SIMPLE,48,0,RING,A_flag_ceiling
reduce_perf,2,16,8388608,2097152,float,sum,138.07,60.76,60.76,0,134.0,62.6,62.6,0,RING,SIMPLE,48,RING,SIMPLE,48,0,RING,A_flag_ceiling
reduce_perf,2,16,16777216,4194304,float,sum,181.06,92.66,92.66,0,175.01,95.87,95.87,0,RING,SIMPLE,48,RING,SIMPLE,48,0,RING,A_flag_ceiling
reduce_perf,2,16,33554432,8388608,float,sum,244.34,137.33,137.33,0,234.36,143.18,143.18,0,RING,SIMPLE,48,RING,SIMPLE,48,0,RING,A_flag_ceiling
reduce_perf,2,16,67108864,16777216,float,sum,347.76,192.98,192.98,0,337.99,198.55,198.55,0,RING,SIMPLE,48,RING,SIMPLE,48,0,RING,A_flag_ceiling
reduce_perf,2,16,134217728,33554432,float,sum,601.43,223.17,223.17,0,587.42,228.48,228.48,0,RING,SIMPLE,48,RING,SIMPLE,48,0,RING,A_flag_ceiling
reduce_perf,2,16,268435456,67108864,float,sum,979.98,273.92,273.92,0,978.36,274.37,274.37,0,RING,SIMPLE,48,RING,SIMPLE,48,0,RING,A_flag_ceiling
reduce_perf,2,16,536870912,134217728,float,sum,1866.26,287.67,287.67,0,1864.69,287.91,287.91,0,RING,SIMPLE,48,RING,SIMPLE,48,0,RING,A_flag_ceiling
reduce_perf,2,16,4096,1024,float,sum,16.0,0.26,0.26,0,15.15,0.27,0.27,0,RING,LL,48,RING,LL,48,0,RING,A_flag_ceiling
reduce_perf,2,16,8192,2048,float,sum,26.46,0.31,0.31,0,25.49,0.32,0.32,0,RING,LL,48,RING,LL,48,0,RING,A_flag_ceiling
reduce_perf,2,16,16384,4096,float,sum,39.09,0.42,0.42,0,38.36,0.43,0.43,0,RING,LL,48,RING,LL,48,0,RING,A_flag_ceiling
reduce_perf,2,16,32768,8192,float,sum,40.53,0.81,0.81,0,40.33,0.81,0.81,0,RING,LL,48,RING,LL,48,0,RING,A_flag_ceiling
reduce_perf,2,16,65536,16384,float,sum,42.34,1.55,1.55,0,41.89,1.56,1.56,0,RING,LL,48,RING,LL,48,0,RING,A_flag_ceiling
reduce_perf,2,16,131072,32768,float,sum,46.52,2.82,2.82,0,45.44,2.88,2.88,0,RING,LL,48,RING,LL,48,0,RING,A_flag_ceiling
reduce_perf,2,16,262144,65536,float,sum,53.17,4.93,4.93,0,53.14,4.93,4.93,0,RING,LL,48,RING,LL,48,0,RING,A_flag_ceiling
reduce_perf,2,16,524288,131072,float,sum,64.21,8.16,8.16,0,65.0,8.07,8.07,0,RING,LL,48,RING,LL,48,0,RING,A_flag_ceiling
reduce_perf,2,16,1048576,262144,float,sum,78.96,13.28,13.28,0,80.14,13.08,13.08,0,RING,LL,48,RING,LL,48,0,RING,A_flag_ceiling
reduce_perf,2,16,2097152,524288,float,sum,107.01,19.6,19.6,0,107.1,19.58,19.58,0,RING,LL,48,RING,LL,48,0,RING,A_flag_ceiling
reduce_perf,2,16,4194304,1048576,float,sum,157.16,26.69,26.69,0,155.96,26.89,26.89,0,RING,LL,48,RING,LL,48,0,RING,A_flag_ceiling
reduce_perf,2,16,8388608,2097152,float,sum,302.98,27.69,27.69,0,301.36,27.84,27.84,0,RING,LL,48,RING,LL,48,0,RING,A_flag_ceiling
reduce_perf,2,16,16777216,4194304,float,sum,511.63,32.79,32.79,0,510.49,32.86,32.86,0,RING,LL,48,RING,LL,48,0,RING,A_flag_ceiling
reduce_perf,2,16,33554432,8388608,float,sum,958.98,34.99,34.99,0,957.49,35.04,35.04,0,RING,LL,48,RING,LL,48,0,RING,A_flag_ceiling
reduce_perf,2,16,67108864,16777216,float,sum,1837.6,36.52,36.52,0,1834.09,36.59,36.59,0,RING,LL,48,RING,LL,48,0,RING,A_flag_ceiling
reduce_perf,2,16,134217728,33554432,float,sum,3596.81,37.32,37.32,0,3561.4,37.69,37.69,0,RING,LL,48,RING,LL,48,0,RING,A_flag_ceiling
reduce_perf,2,16,268435456,67108864,float,sum,7066.77,37.99,37.99,0,7048.21,38.09,38.09,0,RING,LL,48,RING,LL,48,0,RING,A_flag_ceiling
reduce_perf,2,16,536870912,134217728,float,sum,14063.1,38.18,38.18,0,14013.7,38.31,38.31,0,RING,LL,48,RING,LL,48,0,RING,A_flag_ceiling
reduce_perf,2,16,4096,1024,float,sum,18.25,0.22,0.22,0,16.55,0.25,0.25,0,RING,LL128,48,RING,LL128,48,0,RING,A_flag_ceiling
reduce_perf,2,16,8192,2048,float,sum,16.67,0.49,0.49,0,16.52,0.5,0.5,0,RING,LL128,48,RING,LL128,48,0,RING,A_flag_ceiling
reduce_perf,2,16,16384,4096,float,sum,18.19,0.9,0.9,0,18.15,0.9,0.9,0,RING,LL128,48,RING,LL128,48,0,RING,A_flag_ceiling
reduce_perf,2,16,32768,8192,float,sum,33.08,0.99,0.99,0,32.77,1.0,1.0,0,RING,LL128,48,RING,LL128,48,0,RING,A_flag_ceiling
reduce_perf,2,16,65536,16384,float,sum,47.57,1.38,1.38,0,46.91,1.4,1.4,0,RING,LL128,48,RING,LL128,48,0,RING,A_flag_ceiling
reduce_perf,2,16,131072,32768,float,sum,50.46,2.6,2.6,0,49.65,2.64,2.64,0,RING,LL128,48,RING,LL128,48,0,RING,A_flag_ceiling
reduce_perf,2,16,262144,65536,float,sum,50.79,5.16,5.16,0,51.31,5.11,5.11,0,RING,LL128,48,RING,LL128,48,0,RING,A_flag_ceiling
reduce_perf,2,16,524288,131072,float,sum,55.76,9.4,9.4,0,130.11,4.03,4.03,0,RING,LL128,48,RING,LL128,48,0,RING,A_flag_ceiling
reduce_perf,2,16,1048576,262144,float,sum,62.63,16.74,16.74,0,62.73,16.72,16.72,0,RING,LL128,48,RING,LL128,48,0,RING,A_flag_ceiling
reduce_perf,2,16,2097152,524288,float,sum,73.3,28.61,28.61,0,73.67,28.47,28.47,0,RING,LL128,48,RING,LL128,48,0,RING,A_flag_ceiling
reduce_perf,2,16,4194304,1048576,float,sum,98.18,42.72,42.72,0,97.46,43.04,43.04,0,RING,LL128,48,RING,LL128,48,0,RING,A_flag_ceiling
reduce_perf,2,16,8388608,2097152,float,sum,114.62,73.18,73.18,0,113.91,73.64,73.64,0,RING,LL128,48,RING,LL128,48,0,RING,A_flag_ceiling
reduce_perf,2,16,16777216,4194304,float,sum,147.65,113.63,113.63,0,147.81,113.51,113.51,0,RING,LL128,48,RING,LL128,48,0,RING,A_flag_ceiling
reduce_perf,2,16,33554432,8388608,float,sum,204.59,164.0,164.0,0,203.43,164.94,164.94,0,RING,LL128,48,RING,LL128,48,0,RING,A_flag_ceiling
reduce_perf,2,16,67108864,16777216,float,sum,320.41,209.44,209.44,0,321.47,208.76,208.76,0,RING,LL128,48,RING,LL128,48,0,RING,A_flag_ceiling
reduce_perf,2,16,134217728,33554432,float,sum,549.65,244.19,244.19,0,547.53,245.13,245.13,0,RING,LL128,48,RING,LL128,48,0,RING,A_flag_ceiling
reduce_perf,2,16,268435456,67108864,float,sum,1005.93,266.85,266.85,0,1005.7,266.91,266.91,0,RING,LL128,48,RING,LL128,48,0,RING,A_flag_ceiling
reduce_perf,2,16,536870912,134217728,float,sum,1869.28,287.21,287.21,0,1866.5,287.63,287.63,0,RING,LL128,48,RING,LL128,48,0,RING,A_flag_ceiling
