collective,num_nodes,num_gpus,size_bytes,count,data_type,redop,time_oop_us,algbw_oop,busbw_oop,errors_oop,time_ip_us,algbw_ip,busbw_ip,errors_ip,algo,proto,nchannels,requested_algo,requested_proto,requested_nchannels,substituted,measured_algo_raw,nchannels_source
all_gather_perf,3,24,3840,40,float,none,475.83,0.01,0.01,0,452.81,0.01,0.01,0,Direct,SIMPLE,1,RING,SIMPLE,1,1,Direct,A_flag_ceiling
all_gather_perf,3,24,8064,84,float,none,457.24,0.02,0.02,0,453.37,0.02,0.02,0,Direct,SIMPLE,1,RING,SIMPLE,1,1,Direct,A_flag_ceiling
all_gather_perf,3,24,16128,168,float,none,460.56,0.04,0.03,0,462.46,0.03,0.03,0,Direct,SIMPLE,1,RING,SIMPLE,1,1,Direct,A_flag_ceiling
all_gather_perf,3,24,32640,340,float,none,462.11,0.07,0.07,0,458.78,0.07,0.07,0,Direct,SIMPLE,1,RING,SIMPLE,1,1,Direct,A_flag_ceiling
all_gather_perf,3,24,65280,680,float,none,475.37,0.14,0.13,0,472.96,0.14,0.13,0,Direct,SIMPLE,1,RING,SIMPLE,1,1,Direct,A_flag_ceiling
all_gather_perf,3,24,130944,1364,float,none,512.06,0.26,0.25,0,509.85,0.26,0.25,0,Direct,SIMPLE,1,RING,SIMPLE,1,1,Direct,A_flag_ceiling
all_gather_perf,3,24,261888,2728,float,none,516.58,0.51,0.49,0,513.66,0.51,0.49,0,Direct,SIMPLE,1,RING,SIMPLE,1,1,Direct,A_flag_ceiling
all_gather_perf,3,24,524160,5460,float,none,561.57,0.93,0.89,0,558.33,0.94,0.9,0,Direct,SIMPLE,1,RING,SIMPLE,1,1,Direct,A_flag_ceiling
all_gather_perf,3,24,1048320,10920,float,none,610.49,1.72,1.65,0,605.6,1.73,1.66,0,Direct,SIMPLE,1,RING,SIMPLE,1,1,Direct,A_flag_ceiling
all_gather_perf,3,24,2097024,21844,float,none,750.8,2.79,2.68,0,744.86,2.82,2.7,0,Direct,SIMPLE,1,RING,SIMPLE,1,1,Direct,A_flag_ceiling
all_gather_perf,3,24,4194048,43688,float,none,958.43,4.38,4.19,0,947.65,4.43,4.24,0,Direct,SIMPLE,1,RING,SIMPLE,1,1,Direct,A_flag_ceiling
all_gather_perf,3,24,8388480,87380,float,none,659.27,12.72,12.19,0,648.12,12.94,12.4,0,RING,SIMPLE,1,RING,SIMPLE,1,0,RING,A_flag_ceiling
all_gather_perf,3,24,16776960,174760,float,none,1200.55,13.97,13.39,0,1189.29,14.11,13.52,0,RING,SIMPLE,1,RING,SIMPLE,1,0,RING,A_flag_ceiling
all_gather_perf,3,24,33554304,349524,float,none,2289.27,14.66,14.05,0,2255.84,14.87,14.25,0,RING,SIMPLE,1,RING,SIMPLE,1,0,RING,A_flag_ceiling
all_gather_perf,3,24,67108608,699048,float,none,4564.24,14.7,14.09,0,4497.97,14.92,14.3,0,RING,SIMPLE,1,RING,SIMPLE,1,0,RING,A_flag_ceiling
all_gather_perf,3,24,134217600,1398100,float,none,9068.86,14.8,14.18,0,8946.21,15.0,14.38,0,RING,SIMPLE,1,RING,SIMPLE,1,0,RING,A_flag_ceiling
all_gather_perf,3,24,268435200,2796200,float,none,18033.2,14.89,14.27,0,17824.5,15.06,14.43,0,RING,SIMPLE,1,RING,SIMPLE,1,0,RING,A_flag_ceiling
all_gather_perf,3,24,536870784,5592404,float,none,36242.8,14.81,14.2,0,35971.8,14.92,14.3,0,RING,SIMPLE,1,RING,SIMPLE,1,0,RING,A_flag_ceiling
all_gather_perf,3,24,3840,40,float,none,462.86,0.01,0.01,0,453.17,0.01,0.01,0,Direct,SIMPLE,1,RING,LL,1,1,Direct,A_flag_ceiling
all_gather_perf,3,24,8064,84,float,none,456.46,0.02,0.02,0,451.48,0.02,0.02,0,Direct,SIMPLE,1,RING,LL,1,1,Direct,A_flag_ceiling
all_gather_perf,3,24,16128,168,float,none,459.05,0.04,0.03,0,456.5,0.04,0.03,0,Direct,SIMPLE,1,RING,LL,1,1,Direct,A_flag_ceiling
all_gather_perf,3,24,32640,340,float,none,461.71,0.07,0.07,0,460.4,0.07,0.07,0,Direct,SIMPLE,1,RING,LL,1,1,Direct,A_flag_ceiling
all_gather_perf,3,24,65280,680,float,none,475.89,0.14,0.13,0,471.35,0.14,0.13,0,Direct,SIMPLE,1,RING,LL,1,1,Direct,A_flag_ceiling
all_gather_perf,3,24,130944,1364,float,none,511.24,0.26,0.25,0,507.09,0.26,0.25,0,Direct,SIMPLE,1,RING,LL,1,1,Direct,A_flag_ceiling
all_gather_perf,3,24,261888,2728,float,none,516.86,0.51,0.49,0,513.93,0.51,0.49,0,Direct,SIMPLE,1,RING,LL,1,1,Direct,A_flag_ceiling
all_gather_perf,3,24,524160,5460,float,none,561.8,0.93,0.89,0,559.41,0.94,0.9,0,Direct,SIMPLE,1,RING,LL,1,1,Direct,A_flag_ceiling
all_gather_perf,3,24,1048320,10920,float,none,606.92,1.73,1.66,0,604.49,1.73,1.66,0,Direct,SIMPLE,1,RING,LL,1,1,Direct,A_flag_ceiling
all_gather_perf,3,24,2097024,21844,float,none,753.61,2.78,2.67,0,745.33,2.81,2.7,0,Direct,SIMPLE,1,RING,LL,1,1,Direct,A_flag_ceiling
all_gather_perf,3,24,4194048,43688,float,none,956.78,4.38,4.2,0,947.2,4.43,4.24,0,Direct,SIMPLE,1,RING,LL,1,1,Direct,A_flag_ceiling
all_gather_perf,3,24,8388480,87380,float,none,3473.91,2.41,2.31,0,3466.98,2.42,2.32,0,RING,LL,1,RING,LL,1,0,RING,A_flag_ceiling
all_gather_perf,3,24,16776960,174760,float,none,7010.53,2.39,2.29,0,6991.37,2.4,2.3,0,RING,LL,1,RING,LL,1,0,RING,A_flag_ceiling
all_gather_perf,3,24,33554304,349524,float,none,14073.5,2.38,2.28,0,14023.8,2.39,2.29,0,RING,LL,1,RING,LL,1,0,RING,A_flag_ceiling
all_gather_perf,3,24,67108608,699048,float,none,28156.6,2.38,2.28,0,28067.5,2.39,2.29,0,RING,LL,1,RING,LL,1,0,RING,A_flag_ceiling
all_gather_perf,3,24,134217600,1398100,float,none,56409.4,2.38,2.28,0,56224.3,2.39,2.29,0,RING,LL,1,RING,LL,1,0,RING,A_flag_ceiling
all_gather_perf,3,24,268435200,2796200,float,none,112394.0,2.39,2.29,0,112085.0,2.39,2.3,0,RING,LL,1,RING,LL,1,0,RING,A_flag_ceiling
all_gather_perf,3,24,536870784,5592404,float,none,224288.0,2.39,2.29,0,222795.0,2.41,2.31,0,RING,LL,1,RING,LL,1,0,RING,A_flag_ceiling
all_gather_perf,3,24,3840,40,float,none,458.73,0.01,0.01,0,454.38,0.01,0.01,0,Direct,SIMPLE,1,RING,LL128,1,1,Direct,A_flag_ceiling
all_gather_perf,3,24,8064,84,float,none,457.36,0.02,0.02,0,455.22,0.02,0.02,0,Direct,SIMPLE,1,RING,LL128,1,1,Direct,A_flag_ceiling
all_gather_perf,3,24,16128,168,float,none,459.78,0.04,0.03,0,457.61,0.04,0.03,0,Direct,SIMPLE,1,RING,LL128,1,1,Direct,A_flag_ceiling
all_gather_perf,3,24,32640,340,float,none,463.08,0.07,0.07,0,461.01,0.07,0.07,0,Direct,SIMPLE,1,RING,LL128,1,1,Direct,A_flag_ceiling
all_gather_perf,3,24,65280,680,float,none,475.58,0.14,0.13,0,473.85,0.14,0.13,0,Direct,SIMPLE,1,RING,LL128,1,1,Direct,A_flag_ceiling
all_gather_perf,3,24,130944,1364,float,none,511.43,0.26,0.25,0,508.53,0.26,0.25,0,Direct,SIMPLE,1,RING,LL128,1,1,Direct,A_flag_ceiling
all_gather_perf,3,24,261888,2728,float,none,516.7,0.51,0.49,0,514.59,0.51,0.49,0,Direct,SIMPLE,1,RING,LL128,1,1,Direct,A_flag_ceiling
all_gather_perf,3,24,524160,5460,float,none,562.55,0.93,0.89,0,559.65,0.94,0.9,0,Direct,SIMPLE,1,RING,LL128,1,1,Direct,A_flag_ceiling
all_gather_perf,3,24,1048320,10920,float,none,609.79,1.72,1.65,0,612.7,1.71,1.64,0,Direct,SIMPLE,1,RING,LL128,1,1,Direct,A_flag_ceiling
all_gather_perf,3,24,2097024,21844,float,none,751.77,2.79,2.67,0,746.05,2.81,2.69,0,Direct,SIMPLE,1,RING,LL128,1,1,Direct,A_flag_ceiling
all_gather_perf,3,24,4194048,43688,float,none,957.74,4.38,4.2,0,949.48,4.42,4.23,0,Direct,SIMPLE,1,RING,LL128,1,1,Direct,A_flag_ceiling
all_gather_perf,3,24,8388480,87380,float,none,855.48,9.81,9.4,0,848.01,9.89,9.48,0,RING,LL128,1,RING,LL128,1,0,RING,A_flag_ceiling
all_gather_perf,3,24,16776960,174760,float,none,1666.6,10.07,9.65,0,1655.33,10.14,9.71,0,RING,LL128,1,RING,LL128,1,0,RING,A_flag_ceiling
all_gather_perf,3,24,33554304,349524,float,none,3329.64,10.08,9.66,0,3319.48,10.11,9.69,0,RING,LL128,1,RING,LL128,1,0,RING,A_flag_ceiling
all_gather_perf,3,24,67108608,699048,float,none,6626.48,10.13,9.71,0,6596.04,10.17,9.75,0,RING,LL128,1,RING,LL128,1,0,RING,A_flag_ceiling
all_gather_perf,3,24,134217600,1398100,float,none,13268.6,10.12,9.69,0,13170.4,10.19,9.77,0,RING,LL128,1,RING,LL128,1,0,RING,A_flag_ceiling
all_gather_perf,3,24,268435200,2796200,float,none,26395.4,10.17,9.75,0,26311.3,10.2,9.78,0,RING,LL128,1,RING,LL128,1,0,RING,A_flag_ceiling
all_gather_perf,3,24,536870784,5592404,float,none,52868.2,10.15,9.73,0,52614.1,10.2,9.78,0,RING,LL128,1,RING,LL128,1,0,RING,A_flag_ceiling
all_gather_perf,3,24,3840,40,float,none,245.45,0.02,0.01,0,238.79,0.02,0.02,0,Direct,SIMPLE,2,RING,SIMPLE,2,1,Direct,A_flag_ceiling
all_gather_perf,3,24,8064,84,float,none,241.53,0.03,0.03,0,240.28,0.03,0.03,0,Direct,SIMPLE,2,RING,SIMPLE,2,1,Direct,A_flag_ceiling
all_gather_perf,3,24,16128,168,float,none,243.87,0.07,0.06,0,239.58,0.07,0.06,0,Direct,SIMPLE,2,RING,SIMPLE,2,1,Direct,A_flag_ceiling
all_gather_perf,3,24,32640,340,float,none,245.23,0.13,0.13,0,255.35,0.13,0.12,0,Direct,SIMPLE,2,RING,SIMPLE,2,1,Direct,A_flag_ceiling
all_gather_perf,3,24,65280,680,float,none,249.35,0.26,0.25,0,248.03,0.26,0.25,0,Direct,SIMPLE,2,RING,SIMPLE,2,1,Direct,A_flag_ceiling
all_gather_perf,3,24,130944,1364,float,none,266.43,0.49,0.47,0,265.08,0.49,0.47,0,Direct,SIMPLE,2,RING,SIMPLE,2,1,Direct,A_flag_ceiling
all_gather_perf,3,24,261888,2728,float,none,270.31,0.97,0.93,0,267.96,0.98,0.94,0,Direct,SIMPLE,2,RING,SIMPLE,2,1,Direct,A_flag_ceiling
all_gather_perf,3,24,524160,5460,float,none,291.23,1.8,1.72,0,292.12,1.79,1.72,0,Direct,SIMPLE,2,RING,SIMPLE,2,1,Direct,A_flag_ceiling
all_gather_perf,3,24,1048320,10920,float,none,315.92,3.32,3.18,0,314.63,3.33,3.19,0,Direct,SIMPLE,2,RING,SIMPLE,2,1,Direct,A_flag_ceiling
all_gather_perf,3,24,2097024,21844,float,none,382.65,5.48,5.25,0,382.66,5.48,5.25,0,Direct,SIMPLE,2,RING,SIMPLE,2,1,Direct,A_flag_ceiling
all_gather_perf,3,24,4194048,43688,float,none,490.26,8.55,8.2,0,493.49,8.5,8.14,0,Direct,SIMPLE,2,RING,SIMPLE,2,1,Direct,A_flag_ceiling
all_gather_perf,3,24,8388480,87380,float,none,449.57,18.66,17.88,0,447.75,18.73,17.95,0,RING,SIMPLE,2,RING,SIMPLE,2,0,RING,A_flag_ceiling
all_gather_perf,3,24,16776960,174760,float,none,660.32,25.41,24.35,0,655.63,25.59,24.52,0,RING,SIMPLE,2,RING,SIMPLE,2,0,RING,A_flag_ceiling
all_gather_perf,3,24,33554304,349524,float,none,1205.84,27.83,26.67,0,1196.46,28.04,26.88,0,RING,SIMPLE,2,RING,SIMPLE,2,0,RING,A_flag_ceiling
all_gather_perf,3,24,67108608,699048,float,none,2274.97,29.5,28.27,0,2255.96,29.75,28.51,0,RING,SIMPLE,2,RING,SIMPLE,2,0,RING,A_flag_ceiling
all_gather_perf,3,24,134217600,1398100,float,none,4549.97,29.5,28.27,0,4515.68,29.72,28.48,0,RING,SIMPLE,2,RING,SIMPLE,2,0,RING,A_flag_ceiling
all_gather_perf,3,24,268435200,2796200,float,none,8965.03,29.94,28.69,0,8915.67,30.11,28.85,0,RING,SIMPLE,2,RING,SIMPLE,2,0,RING,A_flag_ceiling
all_gather_perf,3,24,536870784,5592404,float,none,18019.1,29.79,28.55,0,17907.3,29.98,28.73,0,RING,SIMPLE,2,RING,SIMPLE,2,0,RING,A_flag_ceiling
all_gather_perf,3,24,3840,40,float,none,245.01,0.02,0.02,0,238.72,0.02,0.02,0,Direct,SIMPLE,2,RING,LL,2,1,Direct,A_flag_ceiling
all_gather_perf,3,24,8064,84,float,none,241.41,0.03,0.03,0,238.9,0.03,0.03,0,Direct,SIMPLE,2,RING,LL,2,1,Direct,A_flag_ceiling
all_gather_perf,3,24,16128,168,float,none,243.03,0.07,0.06,0,239.48,0.07,0.06,0,Direct,SIMPLE,2,RING,LL,2,1,Direct,A_flag_ceiling
all_gather_perf,3,24,32640,340,float,none,244.13,0.13,0.13,0,240.66,0.14,0.13,0,Direct,SIMPLE,2,RING,LL,2,1,Direct,A_flag_ceiling
all_gather_perf,3,24,65280,680,float,none,248.59,0.26,0.25,0,248.19,0.26,0.25,0,Direct,SIMPLE,2,RING,LL,2,1,Direct,A_flag_ceiling
all_gather_perf,3,24,130944,1364,float,none,266.2,0.49,0.47,0,265.14,0.49,0.47,0,Direct,SIMPLE,2,RING,LL,2,1,Direct,A_flag_ceiling
all_gather_perf,3,24,261888,2728,float,none,269.95,0.97,0.93,0,267.97,0.98,0.94,0,Direct,SIMPLE,2,RING,LL,2,1,Direct,A_flag_ceiling
all_gather_perf,3,24,524160,5460,float,none,290.87,1.8,1.73,0,290.2,1.81,1.73,0,Direct,SIMPLE,2,RING,LL,2,1,Direct,A_flag_ceiling
all_gather_perf,3,24,1048320,10920,float,none,313.76,3.34,3.2,0,316.15,3.32,3.18,0,Direct,SIMPLE,2,RING,LL,2,1,Direct,A_flag_ceiling
all_gather_perf,3,24,2097024,21844,float,none,385.56,5.44,5.21,0,387.09,5.42,5.19,0,Direct,SIMPLE,2,RING,LL,2,1,Direct,A_flag_ceiling
all_gather_perf,3,24,4194048,43688,float,none,492.59,8.51,8.16,0,492.52,8.52,8.16,0,Direct,SIMPLE,2,RING,LL,2,1,Direct,A_flag_ceiling
all_gather_perf,3,24,8388480,87380,float,none,1745.5,4.81,4.61,0,1726.73,4.86,4.66,0,RING,LL,2,RING,LL,2,0,RING,A_flag_ceiling
all_gather_perf,3,24,16776960,174760,float,none,3478.71,4.82,4.62,0,3459.25,4.85,4.65,0,RING,LL,2,RING,LL,2,0,RING,A_flag_ceiling
all_gather_perf,3,24,33554304,349524,float,none,6973.34,4.81,4.61,0,6942.71,4.83,4.63,0,RING,LL,2,RING,LL,2,0,RING,A_flag_ceiling
all_gather_perf,3,24,67108608,699048,float,none,13969.0,4.8,4.6,0,13911.7,4.82,4.62,0,RING,LL,2,RING,LL,2,0,RING,A_flag_ceiling
all_gather_perf,3,24,134217600,1398100,float,none,27935.0,4.8,4.6,0,27846.8,4.82,4.62,0,RING,LL,2,RING,LL,2,0,RING,A_flag_ceiling
all_gather_perf,3,24,268435200,2796200,float,none,55748.4,4.82,4.61,0,55608.5,4.83,4.63,0,RING,LL,2,RING,LL,2,0,RING,A_flag_ceiling
all_gather_perf,3,24,536870784,5592404,float,none,111287.0,4.82,4.62,0,111150.0,4.83,4.63,0,RING,LL,2,RING,LL,2,0,RING,A_flag_ceiling
all_gather_perf,3,24,3840,40,float,none,249.03,0.02,0.01,0,253.61,0.02,0.01,0,Direct,SIMPLE,2,RING,LL128,2,1,Direct,A_flag_ceiling
all_gather_perf,3,24,8064,84,float,none,241.88,0.03,0.03,0,272.28,0.03,0.03,0,Direct,SIMPLE,2,RING,LL128,2,1,Direct,A_flag_ceiling
all_gather_perf,3,24,16128,168,float,none,244.19,0.07,0.06,0,240.97,0.07,0.06,0,Direct,SIMPLE,2,RING,LL128,2,1,Direct,A_flag_ceiling
all_gather_perf,3,24,32640,340,float,none,243.4,0.13,0.13,0,241.16,0.14,0.13,0,Direct,SIMPLE,2,RING,LL128,2,1,Direct,A_flag_ceiling
all_gather_perf,3,24,65280,680,float,none,248.67,0.26,0.25,0,246.7,0.26,0.25,0,Direct,SIMPLE,2,RING,LL128,2,1,Direct,A_flag_ceiling
all_gather_perf,3,24,130944,1364,float,none,266.22,0.49,0.47,0,265.34,0.49,0.47,0,Direct,SIMPLE,2,RING,LL128,2,1,Direct,A_flag_ceiling
all_gather_perf,3,24,261888,2728,float,none,269.5,0.97,0.93,0,268.67,0.97,0.93,0,Direct,SIMPLE,2,RING,LL128,2,1,Direct,A_flag_ceiling
all_gather_perf,3,24,524160,5460,float,none,291.31,1.8,1.72,0,292.75,1.79,1.72,0,Direct,SIMPLE,2,RING,LL128,2,1,Direct,A_flag_ceiling
all_gather_perf,3,24,1048320,10920,float,none,313.77,3.34,3.2,0,314.77,3.33,3.19,0,Direct,SIMPLE,2,RING,LL128,2,1,Direct,A_flag_ceiling
all_gather_perf,3,24,2097024,21844,float,none,385.52,5.44,5.21,0,386.81,5.42,5.2,0,Direct,SIMPLE,2,RING,LL128,2,1,Direct,A_flag_ceiling
all_gather_perf,3,24,4194048,43688,float,none,492.55,8.52,8.16,0,494.53,8.48,8.13,0,Direct,SIMPLE,2,RING,LL128,2,1,Direct,A_flag_ceiling
all_gather_perf,3,24,8388480,87380,float,none,438.73,19.12,18.32,0,437.69,19.17,18.37,0,RING,LL128,2,RING,LL128,2,0,RING,A_flag_ceiling
all_gather_perf,3,24,16776960,174760,float,none,849.02,19.76,18.94,0,846.97,19.81,18.98,0,RING,LL128,2,RING,LL128,2,0,RING,A_flag_ceiling
all_gather_perf,3,24,33554304,349524,float,none,1676.39,20.02,19.18,0,1661.79,20.19,19.35,0,RING,LL128,2,RING,LL128,2,0,RING,A_flag_ceiling
all_gather_perf,3,24,67108608,699048,float,none,3349.87,20.03,19.2,0,3294.18,20.37,19.52,0,RING,LL128,2,RING,LL128,2,0,RING,A_flag_ceiling
all_gather_perf,3,24,134217600,1398100,float,none,6663.61,20.14,19.3,0,6614.49,20.29,19.45,0,RING,LL128,2,RING,LL128,2,0,RING,A_flag_ceiling
all_gather_perf,3,24,268435200,2796200,float,none,13259.3,20.25,19.4,0,13132.9,20.44,19.59,0,RING,LL128,2,RING,LL128,2,0,RING,A_flag_ceiling
all_gather_perf,3,24,536870784,5592404,float,none,26478.5,20.28,19.43,0,26325.0,20.39,19.54,0,RING,LL128,2,RING,LL128,2,0,RING,A_flag_ceiling
all_gather_perf,3,24,3840,40,float,none,139.68,0.03,0.03,0,133.34,0.03,0.03,0,Direct,SIMPLE,4,RING,SIMPLE,4,1,Direct,A_flag_ceiling
all_gather_perf,3,24,8064,84,float,none,133.74,0.06,0.06,0,136.31,0.06,0.06,0,Direct,SIMPLE,4,RING,SIMPLE,4,1,Direct,A_flag_ceiling
all_gather_perf,3,24,16128,168,float,none,134.0,0.12,0.12,0,132.94,0.12,0.12,0,Direct,SIMPLE,4,RING,SIMPLE,4,1,Direct,A_flag_ceiling
all_gather_perf,3,24,32640,340,float,none,133.67,0.24,0.23,0,134.23,0.24,0.23,0,Direct,SIMPLE,4,RING,SIMPLE,4,1,Direct,A_flag_ceiling
all_gather_perf,3,24,65280,680,float,none,136.93,0.48,0.46,0,136.29,0.48,0.46,0,Direct,SIMPLE,4,RING,SIMPLE,4,1,Direct,A_flag_ceiling
all_gather_perf,3,24,130944,1364,float,none,145.37,0.9,0.86,0,145.47,0.9,0.86,0,Direct,SIMPLE,4,RING,SIMPLE,4,1,Direct,A_flag_ceiling
all_gather_perf,3,24,261888,2728,float,none,154.5,1.7,1.62,0,151.35,1.73,1.66,0,Direct,SIMPLE,4,RING,SIMPLE,4,1,Direct,A_flag_ceiling
all_gather_perf,3,24,524160,5460,float,none,159.25,3.29,3.15,0,159.33,3.29,3.15,0,Direct,SIMPLE,4,RING,SIMPLE,4,1,Direct,A_flag_ceiling
all_gather_perf,3,24,1048320,10920,float,none,173.56,6.04,5.79,0,170.88,6.13,5.88,0,Direct,SIMPLE,4,RING,SIMPLE,4,1,Direct,A_flag_ceiling
all_gather_perf,3,24,2097024,21844,float,none,210.33,9.97,9.55,0,210.09,9.98,9.57,0,Direct,SIMPLE,4,RING,SIMPLE,4,1,Direct,A_flag_ceiling
all_gather_perf,3,24,4194048,43688,float,none,259.77,16.15,15.47,0,260.25,16.12,15.44,0,Direct,SIMPLE,4,RING,SIMPLE,4,1,Direct,A_flag_ceiling
all_gather_perf,3,24,8388480,87380,float,none,343.08,24.45,23.43,0,344.24,24.37,23.35,0,RING,SIMPLE,4,RING,SIMPLE,4,0,RING,A_flag_ceiling
all_gather_perf,3,24,16776960,174760,float,none,471.77,35.56,34.08,0,463.67,36.18,34.68,0,RING,SIMPLE,4,RING,SIMPLE,4,0,RING,A_flag_ceiling
all_gather_perf,3,24,33554304,349524,float,none,720.9,46.55,44.61,0,713.49,47.03,45.07,0,RING,SIMPLE,4,RING,SIMPLE,4,0,RING,A_flag_ceiling
all_gather_perf,3,24,67108608,699048,float,none,1264.33,53.08,50.87,0,1249.04,53.73,51.49,0,RING,SIMPLE,4,RING,SIMPLE,4,0,RING,A_flag_ceiling
all_gather_perf,3,24,134217600,1398100,float,none,2560.54,52.42,50.23,0,2321.8,57.81,55.4,0,RING,SIMPLE,4,RING,SIMPLE,4,0,RING,A_flag_ceiling
all_gather_perf,3,24,268435200,2796200,float,none,4688.66,57.25,54.87,0,4598.77,58.37,55.94,0,RING,SIMPLE,4,RING,SIMPLE,4,0,RING,A_flag_ceiling
all_gather_perf,3,24,536870784,5592404,float,none,9403.67,57.09,54.71,0,9078.81,59.13,56.67,0,RING,SIMPLE,4,RING,SIMPLE,4,0,RING,A_flag_ceiling
all_gather_perf,3,24,3840,40,float,none,141.37,0.03,0.03,0,132.32,0.03,0.03,0,Direct,SIMPLE,4,RING,LL,4,1,Direct,A_flag_ceiling
all_gather_perf,3,24,8064,84,float,none,134.29,0.06,0.06,0,132.74,0.06,0.06,0,Direct,SIMPLE,4,RING,LL,4,1,Direct,A_flag_ceiling
all_gather_perf,3,24,16128,168,float,none,133.04,0.12,0.12,0,133.09,0.12,0.12,0,Direct,SIMPLE,4,RING,LL,4,1,Direct,A_flag_ceiling
all_gather_perf,3,24,32640,340,float,none,133.96,0.24,0.23,0,134.72,0.24,0.23,0,Direct,SIMPLE,4,RING,LL,4,1,Direct,A_flag_ceiling
all_gather_perf,3,24,65280,680,float,none,137.03,0.48,0.46,0,136.07,0.48,0.46,0,Direct,SIMPLE,4,RING,LL,4,1,Direct,A_flag_ceiling
all_gather_perf,3,24,130944,1364,float,none,146.19,0.9,0.86,0,145.54,0.9,0.86,0,Direct,SIMPLE,4,RING,LL,4,1,Direct,A_flag_ceiling
all_gather_perf,3,24,261888,2728,float,none,148.2,1.77,1.69,0,147.88,1.77,1.7,0,Direct,SIMPLE,4,RING,LL,4,1,Direct,A_flag_ceiling
all_gather_perf,3,24,524160,5460,float,none,159.33,3.29,3.15,0,159.87,3.28,3.14,0,Direct,SIMPLE,4,RING,LL,4,1,Direct,A_flag_ceiling
all_gather_perf,3,24,1048320,10920,float,none,170.94,6.13,5.88,0,171.48,6.11,5.86,0,Direct,SIMPLE,4,RING,LL,4,1,Direct,A_flag_ceiling
all_gather_perf,3,24,2097024,21844,float,none,209.32,10.02,9.6,0,210.04,9.98,9.57,0,Direct,SIMPLE,4,RING,LL,4,1,Direct,A_flag_ceiling
all_gather_perf,3,24,4194048,43688,float,none,260.22,16.12,15.45,0,262.7,15.97,15.3,0,Direct,SIMPLE,4,RING,LL,4,1,Direct,A_flag_ceiling
all_gather_perf,3,24,8388480,87380,float,none,890.2,9.42,9.03,0,887.74,9.45,9.06,0,RING,LL,4,RING,LL,4,0,RING,A_flag_ceiling
all_gather_perf,3,24,16776960,174760,float,none,1743.63,9.62,9.22,0,1738.45,9.65,9.25,0,RING,LL,4,RING,LL,4,0,RING,A_flag_ceiling
all_gather_perf,3,24,33554304,349524,float,none,3489.56,9.62,9.21,0,3476.14,9.65,9.25,0,RING,LL,4,RING,LL,4,0,RING,A_flag_ceiling
all_gather_perf,3,24,67108608,699048,float,none,6998.39,9.59,9.19,0,6960.4,9.64,9.24,0,RING,LL,4,RING,LL,4,0,RING,A_flag_ceiling
all_gather_perf,3,24,134217600,1398100,float,none,13990.9,9.59,9.19,0,13928.0,9.64,9.23,0,RING,LL,4,RING,LL,4,0,RING,A_flag_ceiling
all_gather_perf,3,24,268435200,2796200,float,none,27973.5,9.6,9.2,0,27836.2,9.64,9.24,0,RING,LL,4,RING,LL,4,0,RING,A_flag_ceiling
all_gather_perf,3,24,536870784,5592404,float,none,55785.7,9.62,9.22,0,55534.4,9.67,9.26,0,RING,LL,4,RING,LL,4,0,RING,A_flag_ceiling
all_gather_perf,3,24,3840,40,float,none,149.54,0.03,0.02,0,133.18,0.03,0.03,0,Direct,SIMPLE,4,RING,LL128,4,1,Direct,A_flag_ceiling
all_gather_perf,3,24,8064,84,float,none,134.54,0.06,0.06,0,132.37,0.06,0.06,0,Direct,SIMPLE,4,RING,LL128,4,1,Direct,A_flag_ceiling
all_gather_perf,3,24,16128,168,float,none,134.25,0.12,0.12,0,133.66,0.12,0.12,0,Direct,SIMPLE,4,RING,LL128,4,1,Direct,A_flag_ceiling
all_gather_perf,3,24,32640,340,float,none,137.24,0.24,0.23,0,135.97,0.24,0.23,0,Direct,SIMPLE,4,RING,LL128,4,1,Direct,A_flag_ceiling
all_gather_perf,3,24,65280,680,float,none,137.35,0.48,0.46,0,138.2,0.47,0.45,0,Direct,SIMPLE,4,RING,LL128,4,1,Direct,A_flag_ceiling
all_gather_perf,3,24,130944,1364,float,none,145.06,0.9,0.87,0,145.94,0.9,0.86,0,Direct,SIMPLE,4,RING,LL128,4,1,Direct,A_flag_ceiling
all_gather_perf,3,24,261888,2728,float,none,148.78,1.76,1.69,0,160.23,1.63,1.57,0,Direct,SIMPLE,4,RING,LL128,4,1,Direct,A_flag_ceiling
all_gather_perf,3,24,524160,5460,float,none,159.21,3.29,3.16,0,159.63,3.28,3.15,0,Direct,SIMPLE,4,RING,LL128,4,1,Direct,A_flag_ceiling
all_gather_perf,3,24,1048320,10920,float,none,170.73,6.14,5.88,0,171.8,6.1,5.85,0,Direct,SIMPLE,4,RING,LL128,4,1,Direct,A_flag_ceiling
all_gather_perf,3,24,2097024,21844,float,none,209.35,10.02,9.6,0,211.32,9.92,9.51,0,Direct,SIMPLE,4,RING,LL128,4,1,Direct,A_flag_ceiling
all_gather_perf,3,24,4194048,43688,float,none,260.69,16.09,15.42,0,260.76,16.08,15.41,0,Direct,SIMPLE,4,RING,LL128,4,1,Direct,A_flag_ceiling
all_gather_perf,3,24,8388480,87380,float,none,241.79,34.69,33.25,0,240.31,34.91,33.45,0,RING,LL128,4,RING,LL128,4,0,RING,A_flag_ceiling
all_gather_perf,3,24,16776960,174760,float,none,441.45,38.0,36.42,0,440.61,38.08,36.49,0,RING,LL128,4,RING,LL128,4,0,RING,A_flag_ceiling
all_gather_perf,3,24,33554304,349524,float,none,859.47,39.04,37.41,0,859.51,39.04,37.41,0,RING,LL128,4,RING,LL128,4,0,RING,A_flag_ceiling
all_gather_perf,3,24,67108608,699048,float,none,1685.37,39.82,38.16,0,1677.52,40.0,38.34,0,RING,LL128,4,RING,LL128,4,0,RING,A_flag_ceiling
all_gather_perf,3,24,134217600,1398100,float,none,3349.53,40.07,38.4,0,3341.56,40.17,38.49,0,RING,LL128,4,RING,LL128,4,0,RING,A_flag_ceiling
all_gather_perf,3,24,268435200,2796200,float,none,6686.87,40.14,38.47,0,6634.43,40.46,38.78,0,RING,LL128,4,RING,LL128,4,0,RING,A_flag_ceiling
all_gather_perf,3,24,536870784,5592404,float,none,13368.7,40.16,38.49,0,13299.6,40.37,38.69,0,RING,LL128,4,RING,LL128,4,0,RING,A_flag_ceiling
all_gather_perf,3,24,3840,40,float,none,93.01,0.04,0.04,0,81.2,0.05,0.05,0,Direct,SIMPLE,8,RING,SIMPLE,8,1,Direct,A_flag_ceiling
all_gather_perf,3,24,8064,84,float,none,81.71,0.1,0.09,0,80.69,0.1,0.1,0,Direct,SIMPLE,8,RING,SIMPLE,8,1,Direct,A_flag_ceiling
all_gather_perf,3,24,16128,168,float,none,80.37,0.2,0.19,0,81.03,0.2,0.19,0,Direct,SIMPLE,8,RING,SIMPLE,8,1,Direct,A_flag_ceiling
all_gather_perf,3,24,32640,340,float,none,80.17,0.41,0.39,0,81.2,0.4,0.39,0,Direct,SIMPLE,8,RING,SIMPLE,8,1,Direct,A_flag_ceiling
all_gather_perf,3,24,65280,680,float,none,82.52,0.79,0.76,0,82.32,0.79,0.76,0,Direct,SIMPLE,8,RING,SIMPLE,8,1,Direct,A_flag_ceiling
all_gather_perf,3,24,130944,1364,float,none,86.79,1.51,1.45,0,88.14,1.49,1.42,0,Direct,SIMPLE,8,RING,SIMPLE,8,1,Direct,A_flag_ceiling
all_gather_perf,3,24,261888,2728,float,none,88.48,2.96,2.84,0,87.16,3.0,2.88,0,Direct,SIMPLE,8,RING,SIMPLE,8,1,Direct,A_flag_ceiling
all_gather_perf,3,24,524160,5460,float,none,126.88,4.13,3.96,0,127.19,4.12,3.95,0,Direct,SIMPLE,8,RING,SIMPLE,8,1,Direct,A_flag_ceiling
all_gather_perf,3,24,1048320,10920,float,none,119.61,8.76,8.4,0,132.87,7.89,7.56,0,Direct,SIMPLE,8,RING,SIMPLE,8,1,Direct,A_flag_ceiling
all_gather_perf,3,24,2097024,21844,float,none,145.59,14.4,13.8,0,146.56,14.31,13.71,0,Direct,SIMPLE,8,RING,SIMPLE,8,1,Direct,A_flag_ceiling
all_gather_perf,3,24,4194048,43688,float,none,195.59,21.44,20.55,0,228.1,18.39,17.62,0,Direct,SIMPLE,8,RING,SIMPLE,8,1,Direct,A_flag_ceiling
all_gather_perf,3,24,8388480,87380,float,none,316.19,26.53,25.42,0,316.33,26.52,25.41,0,RING,SIMPLE,8,RING,SIMPLE,8,0,RING,A_flag_ceiling
all_gather_perf,3,24,16776960,174760,float,none,347.85,48.23,46.22,0,345.54,48.55,46.53,0,RING,SIMPLE,8,RING,SIMPLE,8,0,RING,A_flag_ceiling
all_gather_perf,3,24,33554304,349524,float,none,471.64,71.14,68.18,0,469.91,71.41,68.43,0,RING,SIMPLE,8,RING,SIMPLE,8,0,RING,A_flag_ceiling
all_gather_perf,3,24,67108608,699048,float,none,728.05,92.18,88.34,0,725.08,92.55,88.7,0,RING,SIMPLE,8,RING,SIMPLE,8,0,RING,A_flag_ceiling
all_gather_perf,3,24,134217600,1398100,float,none,1411.17,95.11,91.15,0,1264.83,106.12,101.69,0,RING,SIMPLE,8,RING,SIMPLE,8,0,RING,A_flag_ceiling
all_gather_perf,3,24,268435200,2796200,float,none,2357.19,113.88,109.13,0,2339.86,114.72,109.94,0,RING,SIMPLE,8,RING,SIMPLE,8,0,RING,A_flag_ceiling
all_gather_perf,3,24,536870784,5592404,float,none,4681.03,114.69,109.91,0,4609.32,116.48,111.62,0,RING,SIMPLE,8,RING,SIMPLE,8,0,RING,A_flag_ceiling
all_gather_perf,3,24,3840,40,float,none,100.37,0.04,0.04,0,80.78,0.05,0.05,0,Direct,SIMPLE,8,RING,LL,8,1,Direct,A_flag_ceiling
all_gather_perf,3,24,8064,84,float,none,80.21,0.1,0.1,0,79.59,0.1,0.1,0,Direct,SIMPLE,8,RING,LL,8,1,Direct,A_flag_ceiling
all_gather_perf,3,24,16128,168,float,none,80.97,0.2,0.19,0,79.97,0.2,0.19,0,Direct,SIMPLE,8,RING,LL,8,1,Direct,A_flag_ceiling
all_gather_perf,3,24,32640,340,float,none,80.41,0.41,0.39,0,80.34,0.41,0.39,0,Direct,SIMPLE,8,RING,LL,8,1,Direct,A_flag_ceiling
all_gather_perf,3,24,65280,680,float,none,82.26,0.79,0.76,0,81.78,0.8,0.76,0,Direct,SIMPLE,8,RING,LL,8,1,Direct,A_flag_ceiling
all_gather_perf,3,24,130944,1364,float,none,100.59,1.3,1.25,0,104.55,1.25,1.2,0,Direct,SIMPLE,8,RING,LL,8,1,Direct,A_flag_ceiling
all_gather_perf,3,24,261888,2728,float,none,87.84,2.98,2.86,0,86.8,3.02,2.89,0,Direct,SIMPLE,8,RING,LL,8,1,Direct,A_flag_ceiling
all_gather_perf,3,24,524160,5460,float,none,95.54,5.49,5.26,0,95.27,5.5,5.27,0,Direct,SIMPLE,8,RING,LL,8,1,Direct,A_flag_ceiling
all_gather_perf,3,24,1048320,10920,float,none,118.13,8.87,8.5,0,149.18,7.03,6.73,0,Direct,SIMPLE,8,RING,LL,8,1,Direct,A_flag_ceiling
all_gather_perf,3,24,2097024,21844,float,none,135.22,15.51,14.86,0,145.97,14.37,13.77,0,Direct,SIMPLE,8,RING,LL,8,1,Direct,A_flag_ceiling
all_gather_perf,3,24,4194048,43688,float,none,185.46,22.61,21.67,0,195.94,21.4,20.51,0,Direct,SIMPLE,8,RING,LL,8,1,Direct,A_flag_ceiling
all_gather_perf,3,24,8388480,87380,float,none,466.45,17.98,17.23,0,464.24,18.07,17.32,0,RING,LL,8,RING,LL,8,0,RING,A_flag_ceiling
all_gather_perf,3,24,16776960,174760,float,none,901.71,18.61,17.83,0,897.51,18.69,17.91,0,RING,LL,8,RING,LL,8,0,RING,A_flag_ceiling
all_gather_perf,3,24,33554304,349524,float,none,1749.08,19.18,18.38,0,1745.99,19.22,18.42,0,RING,LL,8,RING,LL,8,0,RING,A_flag_ceiling
all_gather_perf,3,24,67108608,699048,float,none,3504.05,19.15,18.35,0,3488.14,19.24,18.44,0,RING,LL,8,RING,LL,8,0,RING,A_flag_ceiling
all_gather_perf,3,24,134217600,1398100,float,none,7039.87,19.07,18.27,0,7009.21,19.15,18.35,0,RING,LL,8,RING,LL,8,0,RING,A_flag_ceiling
all_gather_perf,3,24,268435200,2796200,float,none,16258.2,16.51,15.82,0,14004.5,19.17,18.37,0,RING,LL,8,RING,LL,8,0,RING,A_flag_ceiling
all_gather_perf,3,24,536870784,5592404,float,none,28038.3,19.15,18.35,0,27933.9,19.22,18.42,0,RING,LL,8,RING,LL,8,0,RING,A_flag_ceiling
all_gather_perf,3,24,3840,40,float,none,82.7,0.05,0.04,0,80.79,0.05,0.05,0,Direct,SIMPLE,8,RING,LL128,8,1,Direct,A_flag_ceiling
all_gather_perf,3,24,8064,84,float,none,80.29,0.1,0.1,0,80.54,0.1,0.1,0,Direct,SIMPLE,8,RING,LL128,8,1,Direct,A_flag_ceiling
all_gather_perf,3,24,16128,168,float,none,81.66,0.2,0.19,0,80.97,0.2,0.19,0,Direct,SIMPLE,8,RING,LL128,8,1,Direct,A_flag_ceiling
all_gather_perf,3,24,32640,340,float,none,80.35,0.41,0.39,0,80.53,0.41,0.39,0,Direct,SIMPLE,8,RING,LL128,8,1,Direct,A_flag_ceiling
all_gather_perf,3,24,65280,680,float,none,86.66,0.75,0.72,0,85.84,0.76,0.73,0,Direct,SIMPLE,8,RING,LL128,8,1,Direct,A_flag_ceiling
all_gather_perf,3,24,130944,1364,float,none,88.09,1.49,1.42,0,87.21,1.5,1.44,0,Direct,SIMPLE,8,RING,LL128,8,1,Direct,A_flag_ceiling
all_gather_perf,3,24,261888,2728,float,none,87.81,2.98,2.86,0,87.37,3.0,2.87,0,Direct,SIMPLE,8,RING,LL128,8,1,Direct,A_flag_ceiling
all_gather_perf,3,24,524160,5460,float,none,95.66,5.48,5.25,0,126.45,4.15,3.97,0,Direct,SIMPLE,8,RING,LL128,8,1,Direct,A_flag_ceiling
all_gather_perf,3,24,1048320,10920,float,none,119.39,8.78,8.41,0,133.23,7.87,7.54,0,Direct,SIMPLE,8,RING,LL128,8,1,Direct,A_flag_ceiling
all_gather_perf,3,24,2097024,21844,float,none,145.6,14.4,13.8,0,144.03,14.56,13.95,0,Direct,SIMPLE,8,RING,LL128,8,1,Direct,A_flag_ceiling
all_gather_perf,3,24,4194048,43688,float,none,186.92,22.44,21.5,0,195.98,21.4,20.51,0,Direct,SIMPLE,8,RING,LL128,8,1,Direct,A_flag_ceiling
all_gather_perf,3,24,8388480,87380,float,none,150.04,55.91,53.58,0,149.11,56.26,53.91,0,RING,LL128,8,RING,LL128,8,0,RING,A_flag_ceiling
all_gather_perf,3,24,16776960,174760,float,none,243.78,68.82,65.95,0,241.26,69.54,66.64,0,RING,LL128,8,RING,LL128,8,0,RING,A_flag_ceiling
all_gather_perf,3,24,33554304,349524,float,none,445.62,75.3,72.16,0,442.65,75.8,72.65,0,RING,LL128,8,RING,LL128,8,0,RING,A_flag_ceiling
all_gather_perf,3,24,67108608,699048,float,none,941.94,71.24,68.28,0,856.85,78.32,75.06,0,RING,LL128,8,RING,LL128,8,0,RING,A_flag_ceiling
all_gather_perf,3,24,134217600,1398100,float,none,1683.84,79.71,76.39,0,1679.5,79.92,76.59,0,RING,LL128,8,RING,LL128,8,0,RING,A_flag_ceiling
all_gather_perf,3,24,268435200,2796200,float,none,3353.77,80.04,76.7,0,3337.82,80.42,77.07,0,RING,LL128,8,RING,LL128,8,0,RING,A_flag_ceiling
all_gather_perf,3,24,536870784,5592404,float,none,6693.21,80.21,76.87,0,6665.89,80.54,77.18,0,RING,LL128,8,RING,LL128,8,0,RING,A_flag_ceiling
all_gather_perf,3,24,3840,40,float,none,59.06,0.07,0.06,0,63.05,0.06,0.06,0,Direct,SIMPLE,16,RING,SIMPLE,16,1,Direct,A_flag_ceiling
all_gather_perf,3,24,8064,84,float,none,59.01,0.14,0.13,0,58.31,0.14,0.13,0,Direct,SIMPLE,16,RING,SIMPLE,16,1,Direct,A_flag_ceiling
all_gather_perf,3,24,16128,168,float,none,61.13,0.26,0.25,0,61.83,0.26,0.25,0,Direct,SIMPLE,16,RING,SIMPLE,16,1,Direct,A_flag_ceiling
all_gather_perf,3,24,32640,340,float,none,60.03,0.54,0.52,0,57.85,0.56,0.54,0,Direct,SIMPLE,16,RING,SIMPLE,16,1,Direct,A_flag_ceiling
all_gather_perf,3,24,65280,680,float,none,59.92,1.09,1.04,0,59.52,1.1,1.05,0,Direct,SIMPLE,16,RING,SIMPLE,16,1,Direct,A_flag_ceiling
all_gather_perf,3,24,130944,1364,float,none,62.58,2.09,2.01,0,64.2,2.04,1.95,0,Direct,SIMPLE,16,RING,SIMPLE,16,1,Direct,A_flag_ceiling
all_gather_perf,3,24,261888,2728,float,none,70.06,3.74,3.58,0,63.28,4.14,3.97,0,Direct,SIMPLE,16,RING,SIMPLE,16,1,Direct,A_flag_ceiling
all_gather_perf,3,24,524160,5460,float,none,67.65,7.75,7.42,0,67.51,7.76,7.44,0,Direct,SIMPLE,16,RING,SIMPLE,16,1,Direct,A_flag_ceiling
all_gather_perf,3,24,1048320,10920,float,none,76.01,13.79,13.22,0,75.41,13.9,13.32,0,Direct,SIMPLE,16,RING,SIMPLE,16,1,Direct,A_flag_ceiling
all_gather_perf,3,24,2097024,21844,float,none,110.51,18.98,18.18,0,98.96,21.19,20.31,0,Direct,SIMPLE,16,RING,SIMPLE,16,1,Direct,A_flag_ceiling
all_gather_perf,3,24,4194048,43688,float,none,131.04,32.01,30.67,0,138.82,30.21,28.95,0,Direct,SIMPLE,16,RING,SIMPLE,16,1,Direct,A_flag_ceiling
all_gather_perf,3,24,8388480,87380,float,none,330.87,25.35,24.3,0,328.79,25.51,24.45,0,RING,SIMPLE,16,RING,SIMPLE,16,0,RING,A_flag_ceiling
all_gather_perf,3,24,16776960,174760,float,none,332.31,50.49,48.38,0,332.84,50.41,48.31,0,RING,SIMPLE,16,RING,SIMPLE,16,0,RING,A_flag_ceiling
all_gather_perf,3,24,33554304,349524,float,none,363.88,92.21,88.37,0,363.45,92.32,88.47,0,RING,SIMPLE,16,RING,SIMPLE,16,0,RING,A_flag_ceiling
all_gather_perf,3,24,67108608,699048,float,none,478.54,140.24,134.39,0,474.53,141.42,135.53,0,RING,SIMPLE,16,RING,SIMPLE,16,0,RING,A_flag_ceiling
all_gather_perf,3,24,134217600,1398100,float,none,737.75,181.93,174.35,0,732.69,183.18,175.55,0,RING,SIMPLE,16,RING,SIMPLE,16,0,RING,A_flag_ceiling
all_gather_perf,3,24,268435200,2796200,float,none,1290.98,207.93,199.27,0,1278.88,209.9,201.15,0,RING,SIMPLE,16,RING,SIMPLE,16,0,RING,A_flag_ceiling
all_gather_perf,3,24,536870784,5592404,float,none,2375.85,225.97,216.55,0,2347.61,228.69,219.16,0,RING,SIMPLE,16,RING,SIMPLE,16,0,RING,A_flag_ceiling
all_gather_perf,3,24,3840,40,float,none,66.74,0.06,0.06,0,58.54,0.07,0.06,0,Direct,SIMPLE,16,RING,LL,16,1,Direct,A_flag_ceiling
all_gather_perf,3,24,8064,84,float,none,58.99,0.14,0.13,0,57.35,0.14,0.13,0,Direct,SIMPLE,16,RING,LL,16,1,Direct,A_flag_ceiling
all_gather_perf,3,24,16128,168,float,none,60.74,0.27,0.25,0,58.25,0.28,0.27,0,Direct,SIMPLE,16,RING,LL,16,1,Direct,A_flag_ceiling
all_gather_perf,3,24,32640,340,float,none,58.12,0.56,0.54,0,57.62,0.57,0.54,0,Direct,SIMPLE,16,RING,LL,16,1,Direct,A_flag_ceiling
all_gather_perf,3,24,65280,680,float,none,59.82,1.09,1.05,0,59.13,1.1,1.06,0,Direct,SIMPLE,16,RING,LL,16,1,Direct,A_flag_ceiling
all_gather_perf,3,24,130944,1364,float,none,63.86,2.05,1.97,0,63.02,2.08,1.99,0,Direct,SIMPLE,16,RING,LL,16,1,Direct,A_flag_ceiling
all_gather_perf,3,24,261888,2728,float,none,63.26,4.14,3.97,0,62.99,4.16,3.98,0,Direct,SIMPLE,16,RING,LL,16,1,Direct,A_flag_ceiling
all_gather_perf,3,24,524160,5460,float,none,67.68,7.74,7.42,0,67.43,7.77,7.45,0,Direct,SIMPLE,16,RING,LL,16,1,Direct,A_flag_ceiling
all_gather_perf,3,24,1048320,10920,float,none,89.68,11.69,11.2,0,98.08,10.69,10.24,0,Direct,SIMPLE,16,RING,LL,16,1,Direct,A_flag_ceiling
all_gather_perf,3,24,2097024,21844,float,none,98.63,21.26,20.37,0,99.07,21.17,20.28,0,Direct,SIMPLE,16,RING,LL,16,1,Direct,A_flag_ceiling
all_gather_perf,3,24,4194048,43688,float,none,137.67,30.46,29.19,0,134.72,31.13,29.84,0,Direct,SIMPLE,16,RING,LL,16,1,Direct,A_flag_ceiling
all_gather_perf,3,24,8388480,87380,float,none,314.31,26.69,25.58,0,313.97,26.72,25.6,0,RING,LL,16,RING,LL,16,0,RING,A_flag_ceiling
all_gather_perf,3,24,16776960,174760,float,none,518.65,32.35,31.0,0,516.22,32.5,31.15,0,RING,LL,16,RING,LL,16,0,RING,A_flag_ceiling
all_gather_perf,3,24,33554304,349524,float,none,982.3,34.16,32.74,0,980.23,34.23,32.8,0,RING,LL,16,RING,LL,16,0,RING,A_flag_ceiling
all_gather_perf,3,24,67108608,699048,float,none,1862.96,36.02,34.52,0,1867.34,35.94,34.44,0,RING,LL,16,RING,LL,16,0,RING,A_flag_ceiling
all_gather_perf,3,24,134217600,1398100,float,none,3697.37,36.3,34.79,0,3685.6,36.42,34.9,0,RING,LL,16,RING,LL,16,0,RING,A_flag_ceiling
all_gather_perf,3,24,268435200,2796200,float,none,7297.18,36.79,35.25,0,7305.67,36.74,35.21,0,RING,LL,16,RING,LL,16,0,RING,A_flag_ceiling
all_gather_perf,3,24,536870784,5592404,float,none,14585.0,36.81,35.28,0,14564.6,36.86,35.33,0,RING,LL,16,RING,LL,16,0,RING,A_flag_ceiling
all_gather_perf,3,24,3840,40,float,none,59.53,0.06,0.06,0,59.39,0.06,0.06,0,Direct,SIMPLE,16,RING,LL128,16,1,Direct,A_flag_ceiling
all_gather_perf,3,24,8064,84,float,none,62.44,0.13,0.12,0,57.68,0.14,0.13,0,Direct,SIMPLE,16,RING,LL128,16,1,Direct,A_flag_ceiling
all_gather_perf,3,24,16128,168,float,none,58.76,0.27,0.26,0,60.12,0.27,0.26,0,Direct,SIMPLE,16,RING,LL128,16,1,Direct,A_flag_ceiling
all_gather_perf,3,24,32640,340,float,none,58.04,0.56,0.54,0,58.69,0.56,0.53,0,Direct,SIMPLE,16,RING,LL128,16,1,Direct,A_flag_ceiling
all_gather_perf,3,24,65280,680,float,none,60.1,1.09,1.04,0,59.89,1.09,1.04,0,Direct,SIMPLE,16,RING,LL128,16,1,Direct,A_flag_ceiling
all_gather_perf,3,24,130944,1364,float,none,65.55,2.0,1.91,0,80.05,1.64,1.57,0,Direct,SIMPLE,16,RING,LL128,16,1,Direct,A_flag_ceiling
all_gather_perf,3,24,261888,2728,float,none,63.38,4.13,3.96,0,63.14,4.15,3.97,0,Direct,SIMPLE,16,RING,LL128,16,1,Direct,A_flag_ceiling
all_gather_perf,3,24,524160,5460,float,none,67.99,7.71,7.39,0,68.4,7.66,7.34,0,Direct,SIMPLE,16,RING,LL128,16,1,Direct,A_flag_ceiling
all_gather_perf,3,24,1048320,10920,float,none,75.98,13.8,13.22,0,75.69,13.85,13.27,0,Direct,SIMPLE,16,RING,LL128,16,1,Direct,A_flag_ceiling
all_gather_perf,3,24,2097024,21844,float,none,119.82,17.5,16.77,0,100.03,20.96,20.09,0,Direct,SIMPLE,16,RING,LL128,16,1,Direct,A_flag_ceiling
all_gather_perf,3,24,4194048,43688,float,none,138.81,30.21,28.95,0,130.53,32.13,30.79,0,Direct,SIMPLE,16,RING,LL128,16,1,Direct,A_flag_ceiling
all_gather_perf,3,24,8388480,87380,float,none,112.88,74.31,71.22,0,112.64,74.47,71.37,0,RING,LL128,16,RING,LL128,16,0,RING,A_flag_ceiling
all_gather_perf,3,24,16776960,174760,float,none,156.32,107.32,102.85,0,155.53,107.87,103.38,0,RING,LL128,16,RING,LL128,16,0,RING,A_flag_ceiling
all_gather_perf,3,24,33554304,349524,float,none,255.37,131.39,125.92,0,254.57,131.81,126.32,0,RING,LL128,16,RING,LL128,16,0,RING,A_flag_ceiling
all_gather_perf,3,24,67108608,699048,float,none,466.6,143.82,137.83,0,462.89,144.98,138.94,0,RING,LL128,16,RING,LL128,16,0,RING,A_flag_ceiling
all_gather_perf,3,24,134217600,1398100,float,none,910.58,147.4,141.26,0,901.05,148.96,142.75,0,RING,LL128,16,RING,LL128,16,0,RING,A_flag_ceiling
all_gather_perf,3,24,268435200,2796200,float,none,1768.11,151.82,145.49,0,1757.25,152.76,146.39,0,RING,LL128,16,RING,LL128,16,0,RING,A_flag_ceiling
all_gather_perf,3,24,536870784,5592404,float,none,3518.04,152.61,146.25,0,3494.8,153.62,147.22,0,RING,LL128,16,RING,LL128,16,0,RING,A_flag_ceiling
all_gather_perf,3,24,3840,40,float,none,63.35,0.06,0.06,0,55.99,0.07,0.07,0,Direct,SIMPLE,32,RING,SIMPLE,24,1,Direct,A_flag_ceiling
all_gather_perf,3,24,8064,84,float,none,56.99,0.14,0.14,0,55.62,0.14,0.14,0,Direct,SIMPLE,32,RING,SIMPLE,24,1,Direct,A_flag_ceiling
all_gather_perf,3,24,16128,168,float,none,58.36,0.28,0.26,0,56.47,0.29,0.27,0,Direct,SIMPLE,32,RING,SIMPLE,24,1,Direct,A_flag_ceiling
all_gather_perf,3,24,32640,340,float,none,57.25,0.57,0.55,0,55.89,0.58,0.56,0,Direct,SIMPLE,32,RING,SIMPLE,24,1,Direct,A_flag_ceiling
all_gather_perf,3,24,65280,680,float,none,56.51,1.16,1.11,0,56.08,1.16,1.12,0,Direct,SIMPLE,32,RING,SIMPLE,24,1,Direct,A_flag_ceiling
all_gather_perf,3,24,130944,1364,float,none,59.09,2.22,2.12,0,73.31,1.79,1.71,0,Direct,SIMPLE,32,RING,SIMPLE,24,1,Direct,A_flag_ceiling
all_gather_perf,3,24,261888,2728,float,none,58.37,4.49,4.3,0,58.42,4.48,4.3,0,Direct,SIMPLE,32,RING,SIMPLE,24,1,Direct,A_flag_ceiling
all_gather_perf,3,24,524160,5460,float,none,89.14,5.88,5.64,0,63.45,8.26,7.92,0,Direct,SIMPLE,32,RING,SIMPLE,24,1,Direct,A_flag_ceiling
all_gather_perf,3,24,1048320,10920,float,none,82.15,12.76,12.23,0,85.04,12.33,11.81,0,Direct,SIMPLE,32,RING,SIMPLE,24,1,Direct,A_flag_ceiling
all_gather_perf,3,24,2097024,21844,float,none,95.19,22.03,21.11,0,96.85,21.65,20.75,0,Direct,SIMPLE,32,RING,SIMPLE,24,1,Direct,A_flag_ceiling
all_gather_perf,3,24,4194048,43688,float,none,127.42,32.92,31.54,0,134.99,31.07,29.77,0,Direct,SIMPLE,32,RING,SIMPLE,24,1,Direct,A_flag_ceiling
all_gather_perf,3,24,8388480,87380,float,none,347.76,24.12,23.12,0,343.42,24.43,23.41,0,RING,SIMPLE,24,RING,SIMPLE,24,0,RING,A_flag_ceiling
all_gather_perf,3,24,16776960,174760,float,none,357.54,46.92,44.97,0,356.31,47.08,45.12,0,RING,SIMPLE,24,RING,SIMPLE,24,0,RING,A_flag_ceiling
all_gather_perf,3,24,33554304,349524,float,none,358.47,93.6,89.7,0,358.81,93.52,89.62,0,RING,SIMPLE,24,RING,SIMPLE,24,0,RING,A_flag_ceiling
all_gather_perf,3,24,67108608,699048,float,none,414.22,162.01,155.26,0,413.51,162.29,155.53,0,RING,SIMPLE,24,RING,SIMPLE,24,0,RING,A_flag_ceiling
all_gather_perf,3,24,134217600,1398100,float,none,585.8,229.12,219.57,0,583.77,229.92,220.34,0,RING,SIMPLE,24,RING,SIMPLE,24,0,RING,A_flag_ceiling
all_gather_perf,3,24,268435200,2796200,float,none,966.9,277.62,266.06,0,954.97,281.09,269.38,0,RING,SIMPLE,24,RING,SIMPLE,24,0,RING,A_flag_ceiling
all_gather_perf,3,24,536870784,5592404,float,none,1687.35,318.17,304.92,0,1683.04,318.99,305.7,0,RING,SIMPLE,24,RING,SIMPLE,24,0,RING,A_flag_ceiling
all_gather_perf,3,24,3840,40,float,none,57.85,0.07,0.06,0,55.95,0.07,0.07,0,Direct,SIMPLE,32,RING,LL,24,1,Direct,A_flag_ceiling
all_gather_perf,3,24,8064,84,float,none,56.24,0.14,0.14,0,55.31,0.15,0.14,0,Direct,SIMPLE,32,RING,LL,24,1,Direct,A_flag_ceiling
all_gather_perf,3,24,16128,168,float,none,62.92,0.26,0.25,0,59.43,0.27,0.26,0,Direct,SIMPLE,32,RING,LL,24,1,Direct,A_flag_ceiling
all_gather_perf,3,24,32640,340,float,none,55.54,0.59,0.56,0,55.81,0.58,0.56,0,Direct,SIMPLE,32,RING,LL,24,1,Direct,A_flag_ceiling
all_gather_perf,3,24,65280,680,float,none,57.62,1.13,1.09,0,56.44,1.16,1.11,0,Direct,SIMPLE,32,RING,LL,24,1,Direct,A_flag_ceiling
all_gather_perf,3,24,130944,1364,float,none,58.97,2.22,2.13,0,58.78,2.23,2.13,0,Direct,SIMPLE,32,RING,LL,24,1,Direct,A_flag_ceiling
all_gather_perf,3,24,261888,2728,float,none,59.57,4.4,4.21,0,70.41,3.72,3.56,0,Direct,SIMPLE,32,RING,LL,24,1,Direct,A_flag_ceiling
all_gather_perf,3,24,524160,5460,float,none,63.98,8.19,7.85,0,76.94,6.81,6.53,0,Direct,SIMPLE,32,RING,LL,24,1,Direct,A_flag_ceiling
all_gather_perf,3,24,1048320,10920,float,none,74.46,14.08,13.49,0,73.62,14.24,13.65,0,Direct,SIMPLE,32,RING,LL,24,1,Direct,A_flag_ceiling
all_gather_perf,3,24,2097024,21844,float,none,101.7,20.62,19.76,0,96.18,21.8,20.9,0,Direct,SIMPLE,32,RING,LL,24,1,Direct,A_flag_ceiling
all_gather_perf,3,24,4194048,43688,float,none,138.75,30.23,28.97,0,131.7,31.85,30.52,0,Direct,SIMPLE,32,RING,LL,24,1,Direct,A_flag_ceiling
all_gather_perf,3,24,8388480,87380,float,none,269.19,31.16,29.86,0,278.35,30.14,28.88,0,RING,LL,24,RING,LL,24,0,RING,A_flag_ceiling
all_gather_perf,3,24,16776960,174760,float,none,511.13,32.82,31.46,0,513.06,32.7,31.34,0,RING,LL,24,RING,LL,24,0,RING,A_flag_ceiling
all_gather_perf,3,24,33554304,349524,float,none,963.28,34.83,33.38,0,951.05,35.28,33.81,0,RING,LL,24,RING,LL,24,0,RING,A_flag_ceiling
all_gather_perf,3,24,67108608,699048,float,none,1843.89,36.4,34.88,0,1837.76,36.52,35.0,0,RING,LL,24,RING,LL,24,0,RING,A_flag_ceiling
all_gather_perf,3,24,134217600,1398100,float,none,3566.95,37.63,36.06,0,3659.5,36.68,35.15,0,RING,LL,24,RING,LL,24,0,RING,A_flag_ceiling
all_gather_perf,3,24,268435200,2796200,float,none,6924.77,38.76,37.15,0,7022.72,38.22,36.63,0,RING,LL,24,RING,LL,24,0,RING,A_flag_ceiling
all_gather_perf,3,24,536870784,5592404,float,none,13397.9,40.07,38.4,0,13414.3,40.02,38.35,0,RING,LL,24,RING,LL,24,0,RING,A_flag_ceiling
all_gather_perf,3,24,3840,40,float,none,59.01,0.07,0.06,0,56.81,0.07,0.06,0,Direct,SIMPLE,32,RING,LL128,24,1,Direct,A_flag_ceiling
all_gather_perf,3,24,8064,84,float,none,57.08,0.14,0.14,0,55.76,0.14,0.14,0,Direct,SIMPLE,32,RING,LL128,24,1,Direct,A_flag_ceiling
all_gather_perf,3,24,16128,168,float,none,57.25,0.28,0.27,0,57.33,0.28,0.27,0,Direct,SIMPLE,32,RING,LL128,24,1,Direct,A_flag_ceiling
all_gather_perf,3,24,32640,340,float,none,56.38,0.58,0.55,0,55.89,0.58,0.56,0,Direct,SIMPLE,32,RING,LL128,24,1,Direct,A_flag_ceiling
all_gather_perf,3,24,65280,680,float,none,57.58,1.13,1.09,0,57.57,1.13,1.09,0,Direct,SIMPLE,32,RING,LL128,24,1,Direct,A_flag_ceiling
all_gather_perf,3,24,130944,1364,float,none,60.36,2.17,2.08,0,72.43,1.81,1.73,0,Direct,SIMPLE,32,RING,LL128,24,1,Direct,A_flag_ceiling
all_gather_perf,3,24,261888,2728,float,none,58.97,4.44,4.26,0,57.75,4.53,4.35,0,Direct,SIMPLE,32,RING,LL128,24,1,Direct,A_flag_ceiling
all_gather_perf,3,24,524160,5460,float,none,64.48,8.13,7.79,0,77.69,6.75,6.47,0,Direct,SIMPLE,32,RING,LL128,24,1,Direct,A_flag_ceiling
all_gather_perf,3,24,1048320,10920,float,none,75.52,13.88,13.3,0,74.63,14.05,13.46,0,Direct,SIMPLE,32,RING,LL128,24,1,Direct,A_flag_ceiling
all_gather_perf,3,24,2097024,21844,float,none,101.53,20.66,19.79,0,97.79,21.44,20.55,0,Direct,SIMPLE,32,RING,LL128,24,1,Direct,A_flag_ceiling
all_gather_perf,3,24,4194048,43688,float,none,127.75,32.83,31.46,0,129.26,32.45,31.09,0,Direct,SIMPLE,32,RING,LL128,24,1,Direct,A_flag_ceiling
all_gather_perf,3,24,8388480,87380,float,none,132.91,63.12,60.49,0,132.04,63.53,60.88,0,RING,LL128,24,RING,LL128,24,0,RING,A_flag_ceiling
all_gather_perf,3,24,16776960,174760,float,none,140.96,119.02,114.06,0,140.33,119.56,114.58,0,RING,LL128,24,RING,LL128,24,0,RING,A_flag_ceiling
all_gather_perf,3,24,33554304,349524,float,none,202.94,165.34,158.45,0,202.04,166.08,159.16,0,RING,LL128,24,RING,LL128,24,0,RING,A_flag_ceiling
all_gather_perf,3,24,67108608,699048,float,none,381.84,175.75,168.43,0,378.78,177.17,169.79,0,RING,LL128,24,RING,LL128,24,0,RING,A_flag_ceiling
all_gather_perf,3,24,134217600,1398100,float,none,663.6,202.26,193.83,0,661.03,203.04,194.58,0,RING,LL128,24,RING,LL128,24,0,RING,A_flag_ceiling
all_gather_perf,3,24,268435200,2796200,float,none,1261.0,212.88,204.01,0,1254.96,213.9,204.99,0,RING,LL128,24,RING,LL128,24,0,RING,A_flag_ceiling
all_gather_perf,3,24,536870784,5592404,float,none,2490.67,215.55,206.57,0,2482.45,216.27,207.26,0,RING,LL128,24,RING,LL128,24,0,RING,A_flag_ceiling
all_gather_perf,3,24,3840,40,float,none,61.45,0.06,0.06,0,102.07,0.04,0.04,0,Direct,SIMPLE,32,RING,SIMPLE,32,1,Direct,A_flag_ceiling
all_gather_perf,3,24,8064,84,float,none,56.95,0.14,0.14,0,55.13,0.15,0.14,0,Direct,SIMPLE,32,RING,SIMPLE,32,1,Direct,A_flag_ceiling
all_gather_perf,3,24,16128,168,float,none,58.84,0.27,0.26,0,56.74,0.28,0.27,0,Direct,SIMPLE,32,RING,SIMPLE,32,1,Direct,A_flag_ceiling
all_gather_perf,3,24,32640,340,float,none,55.36,0.59,0.57,0,55.72,0.59,0.56,0,Direct,SIMPLE,32,RING,SIMPLE,32,1,Direct,A_flag_ceiling
all_gather_perf,3,24,65280,680,float,none,57.37,1.14,1.09,0,55.98,1.17,1.12,0,Direct,SIMPLE,32,RING,SIMPLE,32,1,Direct,A_flag_ceiling
all_gather_perf,3,24,130944,1364,float,none,99.45,1.32,1.26,0,59.14,2.21,2.12,0,Direct,SIMPLE,32,RING,SIMPLE,32,1,Direct,A_flag_ceiling
all_gather_perf,3,24,261888,2728,float,none,59.08,4.43,4.25,0,58.82,4.45,4.27,0,Direct,SIMPLE,32,RING,SIMPLE,32,1,Direct,A_flag_ceiling
all_gather_perf,3,24,524160,5460,float,none,77.07,6.8,6.52,0,77.01,6.81,6.52,0,Direct,SIMPLE,32,RING,SIMPLE,32,1,Direct,A_flag_ceiling
all_gather_perf,3,24,1048320,10920,float,none,73.78,14.21,13.62,0,85.27,12.29,11.78,0,Direct,SIMPLE,32,RING,SIMPLE,32,1,Direct,A_flag_ceiling
all_gather_perf,3,24,2097024,21844,float,none,101.11,20.74,19.88,0,97.12,21.59,20.69,0,Direct,SIMPLE,32,RING,SIMPLE,32,1,Direct,A_flag_ceiling
all_gather_perf,3,24,4194048,43688,float,none,129.46,32.4,31.05,0,133.13,31.5,30.19,0,Direct,SIMPLE,32,RING,SIMPLE,32,1,Direct,A_flag_ceiling
all_gather_perf,3,24,8388480,87380,float,none,392.68,21.36,20.47,0,437.54,19.17,18.37,0,RING,SIMPLE,32,RING,SIMPLE,32,0,RING,A_flag_ceiling
all_gather_perf,3,24,16776960,174760,float,none,389.82,43.04,41.24,0,390.35,42.98,41.19,0,RING,SIMPLE,32,RING,SIMPLE,32,0,RING,A_flag_ceiling
all_gather_perf,3,24,33554304,349524,float,none,400.91,83.69,80.21,0,397.63,84.39,80.87,0,RING,SIMPLE,32,RING,SIMPLE,32,0,RING,A_flag_ceiling
all_gather_perf,3,24,67108608,699048,float,none,417.13,160.88,154.18,0,416.46,161.14,154.43,0,RING,SIMPLE,32,RING,SIMPLE,32,0,RING,A_flag_ceiling
all_gather_perf,3,24,134217600,1398100,float,none,535.98,250.41,239.98,0,531.65,252.46,241.94,0,RING,SIMPLE,32,RING,SIMPLE,32,0,RING,A_flag_ceiling
all_gather_perf,3,24,268435200,2796200,float,none,804.31,333.74,319.84,0,811.23,330.9,317.11,0,RING,SIMPLE,32,RING,SIMPLE,32,0,RING,A_flag_ceiling
all_gather_perf,3,24,536870784,5592404,float,none,1441.46,372.45,356.93,0,1449.16,370.47,355.03,0,RING,SIMPLE,32,RING,SIMPLE,32,0,RING,A_flag_ceiling
all_gather_perf,3,24,3840,40,float,none,58.01,0.07,0.06,0,57.7,0.07,0.06,0,Direct,SIMPLE,32,RING,LL,32,1,Direct,A_flag_ceiling
all_gather_perf,3,24,8064,84,float,none,57.36,0.14,0.13,0,56.17,0.14,0.14,0,Direct,SIMPLE,32,RING,LL,32,1,Direct,A_flag_ceiling
all_gather_perf,3,24,16128,168,float,none,58.39,0.28,0.26,0,56.41,0.29,0.27,0,Direct,SIMPLE,32,RING,LL,32,1,Direct,A_flag_ceiling
all_gather_perf,3,24,32640,340,float,none,57.02,0.57,0.55,0,56.25,0.58,0.56,0,Direct,SIMPLE,32,RING,LL,32,1,Direct,A_flag_ceiling
all_gather_perf,3,24,65280,680,float,none,70.41,0.93,0.89,0,57.83,1.13,1.08,0,Direct,SIMPLE,32,RING,LL,32,1,Direct,A_flag_ceiling
all_gather_perf,3,24,130944,1364,float,none,70.78,1.85,1.77,0,58.56,2.24,2.14,0,Direct,SIMPLE,32,RING,LL,32,1,Direct,A_flag_ceiling
all_gather_perf,3,24,261888,2728,float,none,66.12,3.96,3.8,0,59.02,4.44,4.25,0,Direct,SIMPLE,32,RING,LL,32,1,Direct,A_flag_ceiling
all_gather_perf,3,24,524160,5460,float,none,75.96,6.9,6.61,0,64.27,8.16,7.82,0,Direct,SIMPLE,32,RING,LL,32,1,Direct,A_flag_ceiling
all_gather_perf,3,24,1048320,10920,float,none,75.55,13.88,13.3,0,73.66,14.23,13.64,0,Direct,SIMPLE,32,RING,LL,32,1,Direct,A_flag_ceiling
all_gather_perf,3,24,2097024,21844,float,none,95.29,22.01,21.09,0,97.43,21.52,20.63,0,Direct,SIMPLE,32,RING,LL,32,1,Direct,A_flag_ceiling
all_gather_perf,3,24,4194048,43688,float,none,134.67,31.14,29.85,0,135.0,31.07,29.77,0,Direct,SIMPLE,32,RING,LL,32,1,Direct,A_flag_ceiling
all_gather_perf,3,24,8388480,87380,float,none,296.04,28.34,27.15,0,299.35,28.02,26.85,0,RING,LL,32,RING,LL,32,0,RING,A_flag_ceiling
all_gather_perf,3,24,16776960,174760,float,none,556.26,30.16,28.9,0,550.86,30.46,29.19,0,RING,LL,32,RING,LL,32,0,RING,A_flag_ceiling
all_gather_perf,3,24,33554304,349524,float,none,935.74,35.86,34.36,0,932.81,35.97,34.47,0,RING,LL,32,RING,LL,32,0,RING,A_flag_ceiling
all_gather_perf,3,24,67108608,699048,float,none,1806.42,37.15,35.6,0,1805.95,37.16,35.61,0,RING,LL,32,RING,LL,32,0,RING,A_flag_ceiling
all_gather_perf,3,24,134217600,1398100,float,none,3455.18,38.85,37.23,0,3393.97,39.55,37.9,0,RING,LL,32,RING,LL,32,0,RING,A_flag_ceiling
all_gather_perf,3,24,268435200,2796200,float,none,6617.61,40.56,38.87,0,6612.89,40.59,38.9,0,RING,LL,32,RING,LL,32,0,RING,A_flag_ceiling
all_gather_perf,3,24,536870784,5592404,float,none,13136.9,40.87,39.16,0,13174.6,40.75,39.05,0,RING,LL,32,RING,LL,32,0,RING,A_flag_ceiling
all_gather_perf,3,24,3840,40,float,none,60.31,0.06,0.06,0,56.01,0.07,0.07,0,Direct,SIMPLE,32,RING,LL128,32,1,Direct,A_flag_ceiling
all_gather_perf,3,24,8064,84,float,none,58.14,0.14,0.13,0,55.64,0.14,0.14,0,Direct,SIMPLE,32,RING,LL128,32,1,Direct,A_flag_ceiling
all_gather_perf,3,24,16128,168,float,none,58.73,0.27,0.26,0,57.88,0.28,0.27,0,Direct,SIMPLE,32,RING,LL128,32,1,Direct,A_flag_ceiling
all_gather_perf,3,24,32640,340,float,none,55.77,0.59,0.56,0,57.26,0.57,0.55,0,Direct,SIMPLE,32,RING,LL128,32,1,Direct,A_flag_ceiling
all_gather_perf,3,24,65280,680,float,none,57.95,1.13,1.08,0,57.22,1.14,1.09,0,Direct,SIMPLE,32,RING,LL128,32,1,Direct,A_flag_ceiling
all_gather_perf,3,24,130944,1364,float,none,58.91,2.22,2.13,0,59.07,2.22,2.12,0,Direct,SIMPLE,32,RING,LL128,32,1,Direct,A_flag_ceiling
all_gather_perf,3,24,261888,2728,float,none,67.64,3.87,3.71,0,57.96,4.52,4.33,0,Direct,SIMPLE,32,RING,LL128,32,1,Direct,A_flag_ceiling
all_gather_perf,3,24,524160,5460,float,none,74.68,7.02,6.73,0,64.17,8.17,7.83,0,Direct,SIMPLE,32,RING,LL128,32,1,Direct,A_flag_ceiling
all_gather_perf,3,24,1048320,10920,float,none,75.04,13.97,13.39,0,74.33,14.1,13.52,0,Direct,SIMPLE,32,RING,LL128,32,1,Direct,A_flag_ceiling
all_gather_perf,3,24,2097024,21844,float,none,107.27,19.55,18.73,0,106.39,19.71,18.89,0,Direct,SIMPLE,32,RING,LL128,32,1,Direct,A_flag_ceiling
all_gather_perf,3,24,4194048,43688,float,none,127.83,32.81,31.44,0,127.81,32.81,31.45,0,Direct,SIMPLE,32,RING,LL128,32,1,Direct,A_flag_ceiling
all_gather_perf,3,24,8388480,87380,float,none,161.04,52.09,49.92,0,155.55,53.93,51.68,0,RING,LL128,32,RING,LL128,32,0,RING,A_flag_ceiling
all_gather_perf,3,24,16776960,174760,float,none,162.31,103.36,99.06,0,160.9,104.27,99.92,0,RING,LL128,32,RING,LL128,32,0,RING,A_flag_ceiling
all_gather_perf,3,24,33554304,349524,float,none,177.22,189.34,181.45,0,177.26,189.29,181.41,0,RING,LL128,32,RING,LL128,32,0,RING,A_flag_ceiling
all_gather_perf,3,24,67108608,699048,float,none,287.36,233.54,223.81,0,285.46,235.09,225.29,0,RING,LL128,32,RING,LL128,32,0,RING,A_flag_ceiling
all_gather_perf,3,24,134217600,1398100,float,none,564.48,237.77,227.86,0,524.61,255.84,245.18,0,RING,LL128,32,RING,LL128,32,0,RING,A_flag_ceiling
all_gather_perf,3,24,268435200,2796200,float,none,1018.99,263.43,252.46,0,1007.75,266.37,255.27,0,RING,LL128,32,RING,LL128,32,0,RING,A_flag_ceiling
all_gather_perf,3,24,536870784,5592404,float,none,1974.7,271.87,260.55,0,1966.48,273.01,261.64,0,RING,LL128,32,RING,LL128,32,0,RING,A_flag_ceiling
all_gather_perf,3,24,3840,40,float,none,61.96,0.06,0.06,0,56.73,0.07,0.06,0,Direct,SIMPLE,64,RING,SIMPLE,40,1,Direct,A_flag_ceiling
all_gather_perf,3,24,8064,84,float,none,56.41,0.14,0.14,0,54.9,0.15,0.14,0,Direct,SIMPLE,64,RING,SIMPLE,40,1,Direct,A_flag_ceiling
all_gather_perf,3,24,16128,168,float,none,58.24,0.28,0.27,0,57.31,0.28,0.27,0,Direct,SIMPLE,64,RING,SIMPLE,40,1,Direct,A_flag_ceiling
all_gather_perf,3,24,32640,340,float,none,56.13,0.58,0.56,0,55.24,0.59,0.57,0,Direct,SIMPLE,64,RING,SIMPLE,40,1,Direct,A_flag_ceiling
all_gather_perf,3,24,65280,680,float,none,57.62,1.13,1.09,0,55.94,1.17,1.12,0,Direct,SIMPLE,64,RING,SIMPLE,40,1,Direct,A_flag_ceiling
all_gather_perf,3,24,130944,1364,float,none,58.33,2.24,2.15,0,71.02,1.84,1.77,0,Direct,SIMPLE,64,RING,SIMPLE,40,1,Direct,A_flag_ceiling
all_gather_perf,3,24,261888,2728,float,none,58.69,4.46,4.28,0,57.46,4.56,4.37,0,Direct,SIMPLE,64,RING,SIMPLE,40,1,Direct,A_flag_ceiling
all_gather_perf,3,24,524160,5460,float,none,158.5,3.31,3.17,0,64.53,8.12,7.78,0,Direct,SIMPLE,64,RING,SIMPLE,40,1,Direct,A_flag_ceiling
all_gather_perf,3,24,1048320,10920,float,none,75.28,13.92,13.34,0,73.82,14.2,13.61,0,Direct,SIMPLE,64,RING,SIMPLE,40,1,Direct,A_flag_ceiling
all_gather_perf,3,24,2097024,21844,float,none,104.58,20.05,19.22,0,96.78,21.67,20.76,0,Direct,SIMPLE,64,RING,SIMPLE,40,1,Direct,A_flag_ceiling
all_gather_perf,3,24,4194048,43688,float,none,127.9,32.79,31.43,0,135.41,30.97,29.68,0,Direct,SIMPLE,64,RING,SIMPLE,40,1,Direct,A_flag_ceiling
all_gather_perf,3,24,8388480,87380,float,none,436.92,19.2,18.4,0,435.61,19.26,18.45,0,RING,SIMPLE,40,RING,SIMPLE,40,0,RING,A_flag_ceiling
all_gather_perf,3,24,16776960,174760,float,none,439.45,38.18,36.59,0,431.21,38.91,37.29,0,RING,SIMPLE,40,RING,SIMPLE,40,0,RING,A_flag_ceiling
all_gather_perf,3,24,33554304,349524,float,none,438.47,76.53,73.34,0,436.77,76.82,73.62,0,RING,SIMPLE,40,RING,SIMPLE,40,0,RING,A_flag_ceiling
all_gather_perf,3,24,67108608,699048,float,none,455.77,147.24,141.11,0,454.97,147.5,141.36,0,RING,SIMPLE,40,RING,SIMPLE,40,0,RING,A_flag_ceiling
all_gather_perf,3,24,134217600,1398100,float,none,529.11,253.67,243.1,0,526.27,255.03,244.41,0,RING,SIMPLE,40,RING,SIMPLE,40,0,RING,A_flag_ceiling
all_gather_perf,3,24,268435200,2796200,float,none,768.89,349.12,334.57,0,770.44,348.42,333.9,0,RING,SIMPLE,40,RING,SIMPLE,40,0,RING,A_flag_ceiling
all_gather_perf,3,24,536870784,5592404,float,none,1418.82,378.39,362.63,0,1417.54,378.73,362.95,0,RING,SIMPLE,40,RING,SIMPLE,40,0,RING,A_flag_ceiling
all_gather_perf,3,24,3840,40,float,none,62.39,0.06,0.06,0,57.05,0.07,0.06,0,Direct,SIMPLE,64,RING,LL,40,1,Direct,A_flag_ceiling
all_gather_perf,3,24,8064,84,float,none,56.72,0.14,0.14,0,56.09,0.14,0.14,0,Direct,SIMPLE,64,RING,LL,40,1,Direct,A_flag_ceiling
all_gather_perf,3,24,16128,168,float,none,59.12,0.27,0.26,0,57.74,0.28,0.27,0,Direct,SIMPLE,64,RING,LL,40,1,Direct,A_flag_ceiling
all_gather_perf,3,24,32640,340,float,none,55.63,0.59,0.56,0,55.94,0.58,0.56,0,Direct,SIMPLE,64,RING,LL,40,1,Direct,A_flag_ceiling
all_gather_perf,3,24,65280,680,float,none,57.31,1.14,1.09,0,57.4,1.14,1.09,0,Direct,SIMPLE,64,RING,LL,40,1,Direct,A_flag_ceiling
all_gather_perf,3,24,130944,1364,float,none,58.35,2.24,2.15,0,59.48,2.2,2.11,0,Direct,SIMPLE,64,RING,LL,40,1,Direct,A_flag_ceiling
all_gather_perf,3,24,261888,2728,float,none,70.11,3.74,3.58,0,58.39,4.49,4.3,0,Direct,SIMPLE,64,RING,LL,40,1,Direct,A_flag_ceiling
all_gather_perf,3,24,524160,5460,float,none,64.05,8.18,7.84,0,77.35,6.78,6.49,0,Direct,SIMPLE,64,RING,LL,40,1,Direct,A_flag_ceiling
all_gather_perf,3,24,1048320,10920,float,none,73.69,14.23,13.63,0,73.82,14.2,13.61,0,Direct,SIMPLE,64,RING,LL,40,1,Direct,A_flag_ceiling
all_gather_perf,3,24,2097024,21844,float,none,95.52,21.95,21.04,0,103.89,20.19,19.34,0,Direct,SIMPLE,64,RING,LL,40,1,Direct,A_flag_ceiling
all_gather_perf,3,24,4194048,43688,float,none,127.85,32.8,31.44,0,134.11,31.27,29.97,0,Direct,SIMPLE,64,RING,LL,40,1,Direct,A_flag_ceiling
all_gather_perf,3,24,8388480,87380,float,none,336.26,24.95,23.91,0,329.83,25.43,24.37,0,RING,LL,40,RING,LL,40,0,RING,A_flag_ceiling
all_gather_perf,3,24,16776960,174760,float,none,587.86,28.54,27.35,0,582.62,28.8,27.6,0,RING,LL,40,RING,LL,40,0,RING,A_flag_ceiling
all_gather_perf,3,24,33554304,349524,float,none,1003.95,33.42,32.03,0,1002.34,33.48,32.08,0,RING,LL,40,RING,LL,40,0,RING,A_flag_ceiling
all_gather_perf,3,24,67108608,699048,float,none,1840.1,36.47,34.95,0,1832.36,36.62,35.1,0,RING,LL,40,RING,LL,40,0,RING,A_flag_ceiling
all_gather_perf,3,24,134217600,1398100,float,none,3505.15,38.29,36.7,0,3500.55,38.34,36.74,0,RING,LL,40,RING,LL,40,0,RING,A_flag_ceiling
all_gather_perf,3,24,268435200,2796200,float,none,6639.23,40.43,38.75,0,6579.08,40.8,39.1,0,RING,LL,40,RING,LL,40,0,RING,A_flag_ceiling
all_gather_perf,3,24,536870784,5592404,float,none,12962.1,41.42,39.69,0,12889.7,41.65,39.92,0,RING,LL,40,RING,LL,40,0,RING,A_flag_ceiling
all_gather_perf,3,24,3840,40,float,none,58.2,0.07,0.06,0,56.11,0.07,0.07,0,Direct,SIMPLE,64,RING,LL128,40,1,Direct,A_flag_ceiling
all_gather_perf,3,24,8064,84,float,none,57.09,0.14,0.14,0,55.25,0.15,0.14,0,Direct,SIMPLE,64,RING,LL128,40,1,Direct,A_flag_ceiling
all_gather_perf,3,24,16128,168,float,none,58.81,0.27,0.26,0,57.2,0.28,0.27,0,Direct,SIMPLE,64,RING,LL128,40,1,Direct,A_flag_ceiling
all_gather_perf,3,24,32640,340,float,none,55.51,0.59,0.56,0,54.98,0.59,0.57,0,Direct,SIMPLE,64,RING,LL128,40,1,Direct,A_flag_ceiling
all_gather_perf,3,24,65280,680,float,none,59.27,1.1,1.06,0,56.11,1.16,1.11,0,Direct,SIMPLE,64,RING,LL128,40,1,Direct,A_flag_ceiling
all_gather_perf,3,24,130944,1364,float,none,58.72,2.23,2.14,0,60.21,2.17,2.08,0,Direct,SIMPLE,64,RING,LL128,40,1,Direct,A_flag_ceiling
all_gather_perf,3,24,261888,2728,float,none,59.26,4.42,4.24,0,57.69,4.54,4.35,0,Direct,SIMPLE,64,RING,LL128,40,1,Direct,A_flag_ceiling
all_gather_perf,3,24,524160,5460,float,none,87.91,5.96,5.71,0,76.19,6.88,6.59,0,Direct,SIMPLE,64,RING,LL128,40,1,Direct,A_flag_ceiling
all_gather_perf,3,24,1048320,10920,float,none,73.58,14.25,13.65,0,85.53,12.26,11.75,0,Direct,SIMPLE,64,RING,LL128,40,1,Direct,A_flag_ceiling
all_gather_perf,3,24,2097024,21844,float,none,100.36,20.89,20.02,0,96.04,21.84,20.93,0,Direct,SIMPLE,64,RING,LL128,40,1,Direct,A_flag_ceiling
all_gather_perf,3,24,4194048,43688,float,none,127.72,32.84,31.47,0,138.27,30.33,29.07,0,Direct,SIMPLE,64,RING,LL128,40,1,Direct,A_flag_ceiling
all_gather_perf,3,24,8388480,87380,float,none,193.04,43.46,41.64,0,185.16,45.3,43.42,0,RING,LL128,40,RING,LL128,40,0,RING,A_flag_ceiling
all_gather_perf,3,24,16776960,174760,float,none,183.73,91.31,87.51,0,183.0,91.68,87.86,0,RING,LL128,40,RING,LL128,40,0,RING,A_flag_ceiling
all_gather_perf,3,24,33554304,349524,float,none,191.25,175.45,168.14,0,188.86,177.67,170.26,0,RING,LL128,40,RING,LL128,40,0,RING,A_flag_ceiling
all_gather_perf,3,24,67108608,699048,float,none,259.94,258.17,247.42,0,269.44,249.07,238.69,0,RING,LL128,40,RING,LL128,40,0,RING,A_flag_ceiling
all_gather_perf,3,24,134217600,1398100,float,none,498.34,269.33,258.11,0,485.95,276.2,264.69,0,RING,LL128,40,RING,LL128,40,0,RING,A_flag_ceiling
all_gather_perf,3,24,268435200,2796200,float,none,891.67,301.05,288.5,0,889.17,301.89,289.31,0,RING,LL128,40,RING,LL128,40,0,RING,A_flag_ceiling
all_gather_perf,3,24,536870784,5592404,float,none,1764.11,304.33,291.65,0,1750.35,306.72,293.94,0,RING,LL128,40,RING,LL128,40,0,RING,A_flag_ceiling
all_gather_perf,3,24,3840,40,float,none,58.64,0.07,0.06,0,56.26,0.07,0.07,0,Direct,SIMPLE,64,RING,SIMPLE,48,1,Direct,A_flag_ceiling
all_gather_perf,3,24,8064,84,float,none,56.74,0.14,0.14,0,56.44,0.14,0.14,0,Direct,SIMPLE,64,RING,SIMPLE,48,1,Direct,A_flag_ceiling
all_gather_perf,3,24,16128,168,float,none,58.46,0.28,0.26,0,57.52,0.28,0.27,0,Direct,SIMPLE,64,RING,SIMPLE,48,1,Direct,A_flag_ceiling
all_gather_perf,3,24,32640,340,float,none,56.74,0.58,0.55,0,56.09,0.58,0.56,0,Direct,SIMPLE,64,RING,SIMPLE,48,1,Direct,A_flag_ceiling
all_gather_perf,3,24,65280,680,float,none,58.51,1.12,1.07,0,56.47,1.16,1.11,0,Direct,SIMPLE,64,RING,SIMPLE,48,1,Direct,A_flag_ceiling
all_gather_perf,3,24,130944,1364,float,none,69.46,1.89,1.81,0,71.71,1.83,1.75,0,Direct,SIMPLE,64,RING,SIMPLE,48,1,Direct,A_flag_ceiling
all_gather_perf,3,24,261888,2728,float,none,70.82,3.7,3.54,0,59.27,4.42,4.23,0,Direct,SIMPLE,64,RING,SIMPLE,48,1,Direct,A_flag_ceiling
all_gather_perf,3,24,524160,5460,float,none,63.97,8.19,7.85,0,76.12,6.89,6.6,0,Direct,SIMPLE,64,RING,SIMPLE,48,1,Direct,A_flag_ceiling
all_gather_perf,3,24,1048320,10920,float,none,74.95,13.99,13.4,0,74.68,14.04,13.45,0,Direct,SIMPLE,64,RING,SIMPLE,48,1,Direct,A_flag_ceiling
all_gather_perf,3,24,2097024,21844,float,none,104.14,20.14,19.3,0,96.79,21.67,20.76,0,Direct,SIMPLE,64,RING,SIMPLE,48,1,Direct,A_flag_ceiling
all_gather_perf,3,24,4194048,43688,float,none,142.12,29.51,28.28,0,140.78,29.79,28.55,0,Direct,SIMPLE,64,RING,SIMPLE,48,1,Direct,A_flag_ceiling
all_gather_perf,3,24,8388480,87380,float,none,495.17,16.94,16.23,0,486.31,17.25,16.53,0,RING,SIMPLE,48,RING,SIMPLE,48,0,RING,A_flag_ceiling
all_gather_perf,3,24,16776960,174760,float,none,481.17,34.87,33.41,0,475.93,35.25,33.78,0,RING,SIMPLE,48,RING,SIMPLE,48,0,RING,A_flag_ceiling
all_gather_perf,3,24,33554304,349524,float,none,500.72,67.01,64.22,0,498.45,67.32,64.51,0,RING,SIMPLE,48,RING,SIMPLE,48,0,RING,A_flag_ceiling
all_gather_perf,3,24,67108608,699048,float,none,510.81,131.38,125.9,0,508.42,131.99,126.49,0,RING,SIMPLE,48,RING,SIMPLE,48,0,RING,A_flag_ceiling
all_gather_perf,3,24,134217600,1398100,float,none,570.02,235.46,225.65,0,568.87,235.94,226.1,0,RING,SIMPLE,48,RING,SIMPLE,48,0,RING,A_flag_ceiling
all_gather_perf,3,24,268435200,2796200,float,none,778.28,344.91,330.54,0,765.83,350.52,335.91,0,RING,SIMPLE,48,RING,SIMPLE,48,0,RING,A_flag_ceiling
all_gather_perf,3,24,536870784,5592404,float,none,1413.95,379.7,363.87,0,1405.5,381.98,366.06,0,RING,SIMPLE,48,RING,SIMPLE,48,0,RING,A_flag_ceiling
all_gather_perf,3,24,3840,40,float,none,59.18,0.06,0.06,0,55.91,0.07,0.07,0,Direct,SIMPLE,64,RING,LL,48,1,Direct,A_flag_ceiling
all_gather_perf,3,24,8064,84,float,none,56.38,0.14,0.14,0,56.87,0.14,0.14,0,Direct,SIMPLE,64,RING,LL,48,1,Direct,A_flag_ceiling
all_gather_perf,3,24,16128,168,float,none,58.96,0.27,0.26,0,56.31,0.29,0.27,0,Direct,SIMPLE,64,RING,LL,48,1,Direct,A_flag_ceiling
all_gather_perf,3,24,32640,340,float,none,55.93,0.58,0.56,0,56.23,0.58,0.56,0,Direct,SIMPLE,64,RING,LL,48,1,Direct,A_flag_ceiling
all_gather_perf,3,24,65280,680,float,none,57.74,1.13,1.08,0,56.59,1.15,1.11,0,Direct,SIMPLE,64,RING,LL,48,1,Direct,A_flag_ceiling
all_gather_perf,3,24,130944,1364,float,none,85.64,1.53,1.47,0,58.03,2.26,2.16,0,Direct,SIMPLE,64,RING,LL,48,1,Direct,A_flag_ceiling
all_gather_perf,3,24,261888,2728,float,none,59.68,4.39,4.21,0,70.56,3.71,3.56,0,Direct,SIMPLE,64,RING,LL,48,1,Direct,A_flag_ceiling
all_gather_perf,3,24,524160,5460,float,none,63.89,8.2,7.86,0,76.76,6.83,6.54,0,Direct,SIMPLE,64,RING,LL,48,1,Direct,A_flag_ceiling
all_gather_perf,3,24,1048320,10920,float,none,84.87,12.35,11.84,0,73.75,14.21,13.62,0,Direct,SIMPLE,64,RING,LL,48,1,Direct,A_flag_ceiling
all_gather_perf,3,24,2097024,21844,float,none,103.76,20.21,19.37,0,104.63,20.04,19.21,0,Direct,SIMPLE,64,RING,LL,48,1,Direct,A_flag_ceiling
all_gather_perf,3,24,4194048,43688,float,none,141.68,29.6,28.37,0,141.54,29.63,28.4,0,Direct,SIMPLE,64,RING,LL,48,1,Direct,A_flag_ceiling
all_gather_perf,3,24,8388480,87380,float,none,369.72,22.69,21.74,0,367.95,22.8,21.85,0,RING,LL,48,RING,LL,48,0,RING,A_flag_ceiling
all_gather_perf,3,24,16776960,174760,float,none,481.78,34.82,33.37,0,485.39,34.56,33.12,0,RING,LL,48,RING,LL,48,0,RING,A_flag_ceiling
all_gather_perf,3,24,33554304,349524,float,none,935.87,35.85,34.36,0,936.12,35.84,34.35,0,RING,LL,48,RING,LL,48,0,RING,A_flag_ceiling
all_gather_perf,3,24,67108608,699048,float,none,1800.83,37.27,35.71,0,1798.58,37.31,35.76,0,RING,LL,48,RING,LL,48,0,RING,A_flag_ceiling
all_gather_perf,3,24,134217600,1398100,float,none,3481.49,38.55,36.95,0,3474.44,38.63,37.02,0,RING,LL,48,RING,LL,48,0,RING,A_flag_ceiling
all_gather_perf,3,24,268435200,2796200,float,none,6576.78,40.82,39.11,0,6424.0,41.79,40.05,0,RING,LL,48,RING,LL,48,0,RING,A_flag_ceiling
all_gather_perf,3,24,536870784,5592404,float,none,12748.5,42.11,40.36,0,12672.4,42.37,40.6,0,RING,LL,48,RING,LL,48,0,RING,A_flag_ceiling
all_gather_perf,3,24,3840,40,float,none,59.03,0.07,0.06,0,57.88,0.07,0.06,0,Direct,SIMPLE,64,RING,LL128,48,1,Direct,A_flag_ceiling
all_gather_perf,3,24,8064,84,float,none,55.83,0.14,0.14,0,55.12,0.15,0.14,0,Direct,SIMPLE,64,RING,LL128,48,1,Direct,A_flag_ceiling
all_gather_perf,3,24,16128,168,float,none,137.07,0.12,0.11,0,56.45,0.29,0.27,0,Direct,SIMPLE,64,RING,LL128,48,1,Direct,A_flag_ceiling
all_gather_perf,3,24,32640,340,float,none,54.52,0.6,0.57,0,56.31,0.58,0.56,0,Direct,SIMPLE,64,RING,LL128,48,1,Direct,A_flag_ceiling
all_gather_perf,3,24,65280,680,float,none,68.48,0.95,0.91,0,55.72,1.17,1.12,0,Direct,SIMPLE,64,RING,LL128,48,1,Direct,A_flag_ceiling
all_gather_perf,3,24,130944,1364,float,none,59.14,2.21,2.12,0,59.16,2.21,2.12,0,Direct,SIMPLE,64,RING,LL128,48,1,Direct,A_flag_ceiling
all_gather_perf,3,24,261888,2728,float,none,62.53,4.19,4.01,0,57.85,4.53,4.34,0,Direct,SIMPLE,64,RING,LL128,48,1,Direct,A_flag_ceiling
all_gather_perf,3,24,524160,5460,float,none,63.41,8.27,7.92,0,63.35,8.27,7.93,0,Direct,SIMPLE,64,RING,LL128,48,1,Direct,A_flag_ceiling
all_gather_perf,3,24,1048320,10920,float,none,74.94,13.99,13.41,0,73.9,14.19,13.59,0,Direct,SIMPLE,64,RING,LL128,48,1,Direct,A_flag_ceiling
all_gather_perf,3,24,2097024,21844,float,none,104.16,20.13,19.29,0,97.42,21.53,20.63,0,Direct,SIMPLE,64,RING,LL128,48,1,Direct,A_flag_ceiling
all_gather_perf,3,24,4194048,43688,float,none,145.58,28.81,27.61,0,141.53,29.63,28.4,0,Direct,SIMPLE,64,RING,LL128,48,1,Direct,A_flag_ceiling
all_gather_perf,3,24,8388480,87380,float,none,207.18,40.49,38.8,0,204.78,40.96,39.26,0,RING,LL128,48,RING,LL128,48,0,RING,A_flag_ceiling
all_gather_perf,3,24,16776960,174760,float,none,205.11,81.79,78.39,0,203.63,82.39,78.95,0,RING,LL128,48,RING,LL128,48,0,RING,A_flag_ceiling
all_gather_perf,3,24,33554304,349524,float,none,216.54,154.96,148.5,0,217.03,154.61,148.16,0,RING,LL128,48,RING,LL128,48,0,RING,A_flag_ceiling
all_gather_perf,3,24,67108608,699048,float,none,255.64,262.52,251.58,0,266.63,251.7,241.21,0,RING,LL128,48,RING,LL128,48,0,RING,A_flag_ceiling
all_gather_perf,3,24,134217600,1398100,float,none,547.67,245.07,234.86,0,547.2,245.28,235.06,0,RING,LL128,48,RING,LL128,48,0,RING,A_flag_ceiling
all_gather_perf,3,24,268435200,2796200,float,none,898.33,298.82,286.37,0,902.47,297.44,285.05,0,RING,LL128,48,RING,LL128,48,0,RING,A_flag_ceiling
all_gather_perf,3,24,536870784,5592404,float,none,1644.57,326.45,312.85,0,1636.09,328.14,314.47,0,RING,LL128,48,RING,LL128,48,0,RING,A_flag_ceiling
all_gather_perf,3,24,3840,40,float,none,473.74,0.01,0.01,0,457.2,0.01,0.01,0,Direct,SIMPLE,1,RING,SIMPLE,1,1,Direct,A_flag_ceiling
all_gather_perf,3,24,8064,84,float,none,458.85,0.02,0.02,0,454.52,0.02,0.02,0,Direct,SIMPLE,1,RING,SIMPLE,1,1,Direct,A_flag_ceiling
all_gather_perf,3,24,16128,168,float,none,459.72,0.04,0.03,0,458.03,0.04,0.03,0,Direct,SIMPLE,1,RING,SIMPLE,1,1,Direct,A_flag_ceiling
all_gather_perf,3,24,32640,340,float,none,461.96,0.07,0.07,0,457.6,0.07,0.07,0,Direct,SIMPLE,1,RING,SIMPLE,1,1,Direct,A_flag_ceiling
all_gather_perf,3,24,65280,680,float,none,474.81,0.14,0.13,0,472.13,0.14,0.13,0,Direct,SIMPLE,1,RING,SIMPLE,1,1,Direct,A_flag_ceiling
all_gather_perf,3,24,130944,1364,float,none,512.84,0.26,0.24,0,509.95,0.26,0.25,0,Direct,SIMPLE,1,RING,SIMPLE,1,1,Direct,A_flag_ceiling
all_gather_perf,3,24,261888,2728,float,none,521.26,0.5,0.48,0,518.0,0.51,0.48,0,Direct,SIMPLE,1,RING,SIMPLE,1,1,Direct,A_flag_ceiling
all_gather_perf,3,24,524160,5460,float,none,562.31,0.93,0.89,0,559.05,0.94,0.9,0,Direct,SIMPLE,1,RING,SIMPLE,1,1,Direct,A_flag_ceiling
all_gather_perf,3,24,1048320,10920,float,none,608.56,1.72,1.65,0,605.62,1.73,1.66,0,Direct,SIMPLE,1,RING,SIMPLE,1,1,Direct,A_flag_ceiling
all_gather_perf,3,24,2097024,21844,float,none,751.3,2.79,2.67,0,745.69,2.81,2.7,0,Direct,SIMPLE,1,RING,SIMPLE,1,1,Direct,A_flag_ceiling
all_gather_perf,3,24,4194048,43688,float,none,955.31,4.39,4.21,0,946.7,4.43,4.25,0,Direct,SIMPLE,1,RING,SIMPLE,1,1,Direct,A_flag_ceiling
all_gather_perf,3,24,8388480,87380,float,none,652.56,12.85,12.32,0,647.58,12.95,12.41,0,RING,SIMPLE,1,RING,SIMPLE,1,0,RING,A_flag_ceiling
all_gather_perf,3,24,16776960,174760,float,none,1199.61,13.99,13.4,0,1192.27,14.07,13.49,0,RING,SIMPLE,1,RING,SIMPLE,1,0,RING,A_flag_ceiling
all_gather_perf,3,24,33554304,349524,float,none,2280.86,14.71,14.1,0,2258.94,14.85,14.24,0,RING,SIMPLE,1,RING,SIMPLE,1,0,RING,A_flag_ceiling
all_gather_perf,3,24,67108608,699048,float,none,4533.21,14.8,14.19,0,4501.41,14.91,14.29,0,RING,SIMPLE,1,RING,SIMPLE,1,0,RING,A_flag_ceiling
all_gather_perf,3,24,134217600,1398100,float,none,9029.46,14.86,14.25,0,9127.69,14.7,14.09,0,RING,SIMPLE,1,RING,SIMPLE,1,0,RING,A_flag_ceiling
all_gather_perf,3,24,268435200,2796200,float,none,17964.4,14.94,14.32,0,17873.8,15.02,14.39,0,RING,SIMPLE,1,RING,SIMPLE,1,0,RING,A_flag_ceiling
all_gather_perf,3,24,536870784,5592404,float,none,36206.4,14.83,14.21,0,36051.4,14.89,14.27,0,RING,SIMPLE,1,RING,SIMPLE,1,0,RING,A_flag_ceiling
all_gather_perf,3,24,3840,40,float,none,465.76,0.01,0.01,0,454.74,0.01,0.01,0,Direct,SIMPLE,1,RING,LL,1,1,Direct,A_flag_ceiling
all_gather_perf,3,24,8064,84,float,none,457.81,0.02,0.02,0,455.93,0.02,0.02,0,Direct,SIMPLE,1,RING,LL,1,1,Direct,A_flag_ceiling
all_gather_perf,3,24,16128,168,float,none,461.71,0.03,0.03,0,457.79,0.04,0.03,0,Direct,SIMPLE,1,RING,LL,1,1,Direct,A_flag_ceiling
all_gather_perf,3,24,32640,340,float,none,462.22,0.07,0.07,0,460.45,0.07,0.07,0,Direct,SIMPLE,1,RING,LL,1,1,Direct,A_flag_ceiling
all_gather_perf,3,24,65280,680,float,none,475.57,0.14,0.13,0,472.62,0.14,0.13,0,Direct,SIMPLE,1,RING,LL,1,1,Direct,A_flag_ceiling
all_gather_perf,3,24,130944,1364,float,none,510.38,0.26,0.25,0,507.23,0.26,0.25,0,Direct,SIMPLE,1,RING,LL,1,1,Direct,A_flag_ceiling
all_gather_perf,3,24,261888,2728,float,none,518.95,0.5,0.48,0,515.57,0.51,0.49,0,Direct,SIMPLE,1,RING,LL,1,1,Direct,A_flag_ceiling
all_gather_perf,3,24,524160,5460,float,none,562.55,0.93,0.89,0,560.44,0.94,0.9,0,Direct,SIMPLE,1,RING,LL,1,1,Direct,A_flag_ceiling
all_gather_perf,3,24,1048320,10920,float,none,609.32,1.72,1.65,0,605.83,1.73,1.66,0,Direct,SIMPLE,1,RING,LL,1,1,Direct,A_flag_ceiling
all_gather_perf,3,24,2097024,21844,float,none,758.66,2.76,2.65,0,744.6,2.82,2.7,0,Direct,SIMPLE,1,RING,LL,1,1,Direct,A_flag_ceiling
all_gather_perf,3,24,4194048,43688,float,none,956.5,4.38,4.2,0,949.17,4.42,4.23,0,Direct,SIMPLE,1,RING,LL,1,1,Direct,A_flag_ceiling
all_gather_perf,3,24,8388480,87380,float,none,3454.83,2.43,2.33,0,3462.05,2.42,2.32,0,RING,LL,1,RING,LL,1,0,RING,A_flag_ceiling
all_gather_perf,3,24,16776960,174760,float,none,6939.95,2.42,2.32,0,6962.96,2.41,2.31,0,RING,LL,1,RING,LL,1,0,RING,A_flag_ceiling
all_gather_perf,3,24,33554304,349524,float,none,13953.6,2.4,2.3,0,14015.9,2.39,2.29,0,RING,LL,1,RING,LL,1,0,RING,A_flag_ceiling
all_gather_perf,3,24,67108608,699048,float,none,27807.4,2.41,2.31,0,27976.4,2.4,2.3,0,RING,LL,1,RING,LL,1,0,RING,A_flag_ceiling
all_gather_perf,3,24,134217600,1398100,float,none,55919.4,2.4,2.3,0,56176.1,2.39,2.29,0,RING,LL,1,RING,LL,1,0,RING,A_flag_ceiling
all_gather_perf,3,24,268435200,2796200,float,none,110979.0,2.42,2.32,0,111981.0,2.4,2.3,0,RING,LL,1,RING,LL,1,0,RING,A_flag_ceiling
all_gather_perf,3,24,536870784,5592404,float,none,222646.0,2.41,2.31,0,223610.0,2.4,2.3,0,RING,LL,1,RING,LL,1,0,RING,A_flag_ceiling
all_gather_perf,3,24,3840,40,float,none,458.32,0.01,0.01,0,458.03,0.01,0.01,0,Direct,SIMPLE,1,RING,LL128,1,1,Direct,A_flag_ceiling
all_gather_perf,3,24,8064,84,float,none,461.45,0.02,0.02,0,453.18,0.02,0.02,0,Direct,SIMPLE,1,RING,LL128,1,1,Direct,A_flag_ceiling
all_gather_perf,3,24,16128,168,float,none,461.37,0.03,0.03,0,456.18,0.04,0.03,0,Direct,SIMPLE,1,RING,LL128,1,1,Direct,A_flag_ceiling
all_gather_perf,3,24,32640,340,float,none,463.04,0.07,0.07,0,458.12,0.07,0.07,0,Direct,SIMPLE,1,RING,LL128,1,1,Direct,A_flag_ceiling
all_gather_perf,3,24,65280,680,float,none,475.64,0.14,0.13,0,472.66,0.14,0.13,0,Direct,SIMPLE,1,RING,LL128,1,1,Direct,A_flag_ceiling
all_gather_perf,3,24,130944,1364,float,none,511.28,0.26,0.25,0,508.96,0.26,0.25,0,Direct,SIMPLE,1,RING,LL128,1,1,Direct,A_flag_ceiling
all_gather_perf,3,24,261888,2728,float,none,517.72,0.51,0.48,0,515.35,0.51,0.49,0,Direct,SIMPLE,1,RING,LL128,1,1,Direct,A_flag_ceiling
all_gather_perf,3,24,524160,5460,float,none,563.08,0.93,0.89,0,561.83,0.93,0.89,0,Direct,SIMPLE,1,RING,LL128,1,1,Direct,A_flag_ceiling
all_gather_perf,3,24,1048320,10920,float,none,610.21,1.72,1.65,0,606.06,1.73,1.66,0,Direct,SIMPLE,1,RING,LL128,1,1,Direct,A_flag_ceiling
all_gather_perf,3,24,2097024,21844,float,none,751.32,2.79,2.67,0,747.45,2.81,2.69,0,Direct,SIMPLE,1,RING,LL128,1,1,Direct,A_flag_ceiling
all_gather_perf,3,24,4194048,43688,float,none,958.8,4.37,4.19,0,947.53,4.43,4.24,0,Direct,SIMPLE,1,RING,LL128,1,1,Direct,A_flag_ceiling
all_gather_perf,3,24,8388480,87380,float,none,854.65,9.82,9.41,0,853.29,9.83,9.42,0,RING,LL128,1,RING,LL128,1,0,RING,A_flag_ceiling
all_gather_perf,3,24,16776960,174760,float,none,1660.53,10.1,9.68,0,1658.16,10.12,9.7,0,RING,LL128,1,RING,LL128,1,0,RING,A_flag_ceiling
all_gather_perf,3,24,33554304,349524,float,none,3313.91,10.13,9.7,0,3312.69,10.13,9.71,0,RING,LL128,1,RING,LL128,1,0,RING,A_flag_ceiling
all_gather_perf,3,24,67108608,699048,float,none,6598.47,10.17,9.75,0,6585.18,10.19,9.77,0,RING,LL128,1,RING,LL128,1,0,RING,A_flag_ceiling
all_gather_perf,3,24,134217600,1398100,float,none,13302.9,10.09,9.67,0,13071.7,10.27,9.84,0,RING,LL128,1,RING,LL128,1,0,RING,A_flag_ceiling
all_gather_perf,3,24,268435200,2796200,float,none,26461.4,10.14,9.72,0,26000.1,10.32,9.89,0,RING,LL128,1,RING,LL128,1,0,RING,A_flag_ceiling
all_gather_perf,3,24,536870784,5592404,float,none,52979.8,10.13,9.71,0,52019.3,10.32,9.89,0,RING,LL128,1,RING,LL128,1,0,RING,A_flag_ceiling
all_gather_perf,3,24,3840,40,float,none,252.0,0.02,0.01,0,237.98,0.02,0.02,0,Direct,SIMPLE,2,RING,SIMPLE,2,1,Direct,A_flag_ceiling
all_gather_perf,3,24,8064,84,float,none,241.19,0.03,0.03,0,238.23,0.03,0.03,0,Direct,SIMPLE,2,RING,SIMPLE,2,1,Direct,A_flag_ceiling
all_gather_perf,3,24,16128,168,float,none,243.04,0.07,0.06,0,240.0,0.07,0.06,0,Direct,SIMPLE,2,RING,SIMPLE,2,1,Direct,A_flag_ceiling
all_gather_perf,3,24,32640,340,float,none,242.72,0.13,0.13,0,240.39,0.14,0.13,0,Direct,SIMPLE,2,RING,SIMPLE,2,1,Direct,A_flag_ceiling
all_gather_perf,3,24,65280,680,float,none,249.06,0.26,0.25,0,247.65,0.26,0.25,0,Direct,SIMPLE,2,RING,SIMPLE,2,1,Direct,A_flag_ceiling
all_gather_perf,3,24,130944,1364,float,none,266.74,0.49,0.47,0,264.89,0.49,0.47,0,Direct,SIMPLE,2,RING,SIMPLE,2,1,Direct,A_flag_ceiling
all_gather_perf,3,24,261888,2728,float,none,269.83,0.97,0.93,0,269.3,0.97,0.93,0,Direct,SIMPLE,2,RING,SIMPLE,2,1,Direct,A_flag_ceiling
all_gather_perf,3,24,524160,5460,float,none,291.58,1.8,1.72,0,292.6,1.79,1.72,0,Direct,SIMPLE,2,RING,SIMPLE,2,1,Direct,A_flag_ceiling
all_gather_perf,3,24,1048320,10920,float,none,315.22,3.33,3.19,0,315.62,3.32,3.18,0,Direct,SIMPLE,2,RING,SIMPLE,2,1,Direct,A_flag_ceiling
all_gather_perf,3,24,2097024,21844,float,none,386.91,5.42,5.19,0,388.1,5.4,5.18,0,Direct,SIMPLE,2,RING,SIMPLE,2,1,Direct,A_flag_ceiling
all_gather_perf,3,24,4194048,43688,float,none,491.32,8.54,8.18,0,493.04,8.51,8.15,0,Direct,SIMPLE,2,RING,SIMPLE,2,1,Direct,A_flag_ceiling
all_gather_perf,3,24,8388480,87380,float,none,450.42,18.62,17.85,0,448.09,18.72,17.94,0,RING,SIMPLE,2,RING,SIMPLE,2,0,RING,A_flag_ceiling
all_gather_perf,3,24,16776960,174760,float,none,654.22,25.64,24.58,0,652.06,25.73,24.66,0,RING,SIMPLE,2,RING,SIMPLE,2,0,RING,A_flag_ceiling
all_gather_perf,3,24,33554304,349524,float,none,1204.71,27.85,26.69,0,1193.14,28.12,26.95,0,RING,SIMPLE,2,RING,SIMPLE,2,0,RING,A_flag_ceiling
all_gather_perf,3,24,67108608,699048,float,none,2269.21,29.57,28.34,0,2238.9,29.97,28.73,0,RING,SIMPLE,2,RING,SIMPLE,2,0,RING,A_flag_ceiling
all_gather_perf,3,24,134217600,1398100,float,none,4569.01,29.38,28.15,0,4520.73,29.69,28.45,0,RING,SIMPLE,2,RING,SIMPLE,2,0,RING,A_flag_ceiling
all_gather_perf,3,24,268435200,2796200,float,none,8994.48,29.84,28.6,0,8886.74,30.21,28.95,0,RING,SIMPLE,2,RING,SIMPLE,2,0,RING,A_flag_ceiling
all_gather_perf,3,24,536870784,5592404,float,none,18073.4,29.7,28.47,0,17959.3,29.89,28.65,0,RING,SIMPLE,2,RING,SIMPLE,2,0,RING,A_flag_ceiling
all_gather_perf,3,24,3840,40,float,none,245.94,0.02,0.01,0,241.6,0.02,0.02,0,Direct,SIMPLE,2,RING,LL,2,1,Direct,A_flag_ceiling
all_gather_perf,3,24,8064,84,float,none,255.0,0.03,0.03,0,238.81,0.03,0.03,0,Direct,SIMPLE,2,RING,LL,2,1,Direct,A_flag_ceiling
all_gather_perf,3,24,16128,168,float,none,242.2,0.07,0.06,0,240.55,0.07,0.06,0,Direct,SIMPLE,2,RING,LL,2,1,Direct,A_flag_ceiling
all_gather_perf,3,24,32640,340,float,none,249.86,0.13,0.13,0,240.63,0.14,0.13,0,Direct,SIMPLE,2,RING,LL,2,1,Direct,A_flag_ceiling
all_gather_perf,3,24,65280,680,float,none,248.64,0.26,0.25,0,247.53,0.26,0.25,0,Direct,SIMPLE,2,RING,LL,2,1,Direct,A_flag_ceiling
all_gather_perf,3,24,130944,1364,float,none,265.66,0.49,0.47,0,264.08,0.5,0.48,0,Direct,SIMPLE,2,RING,LL,2,1,Direct,A_flag_ceiling
all_gather_perf,3,24,261888,2728,float,none,268.64,0.97,0.93,0,269.5,0.97,0.93,0,Direct,SIMPLE,2,RING,LL,2,1,Direct,A_flag_ceiling
all_gather_perf,3,24,524160,5460,float,none,290.75,1.8,1.73,0,291.44,1.8,1.72,0,Direct,SIMPLE,2,RING,LL,2,1,Direct,A_flag_ceiling
all_gather_perf,3,24,1048320,10920,float,none,318.29,3.29,3.16,0,315.72,3.32,3.18,0,Direct,SIMPLE,2,RING,LL,2,1,Direct,A_flag_ceiling
all_gather_perf,3,24,2097024,21844,float,none,385.59,5.44,5.21,0,386.55,5.42,5.2,0,Direct,SIMPLE,2,RING,LL,2,1,Direct,A_flag_ceiling
all_gather_perf,3,24,4194048,43688,float,none,492.85,8.51,8.16,0,492.68,8.51,8.16,0,Direct,SIMPLE,2,RING,LL,2,1,Direct,A_flag_ceiling
all_gather_perf,3,24,8388480,87380,float,none,1727.29,4.86,4.65,0,1736.54,4.83,4.63,0,RING,LL,2,RING,LL,2,0,RING,A_flag_ceiling
all_gather_perf,3,24,16776960,174760,float,none,3450.91,4.86,4.66,0,3468.08,4.84,4.64,0,RING,LL,2,RING,LL,2,0,RING,A_flag_ceiling
all_gather_perf,3,24,33554304,349524,float,none,6919.96,4.85,4.65,0,6943.85,4.83,4.63,0,RING,LL,2,RING,LL,2,0,RING,A_flag_ceiling
all_gather_perf,3,24,67108608,699048,float,none,13858.7,4.84,4.64,0,13901.8,4.83,4.63,0,RING,LL,2,RING,LL,2,0,RING,A_flag_ceiling
all_gather_perf,3,24,134217600,1398100,float,none,27736.7,4.84,4.64,0,27786.2,4.83,4.63,0,RING,LL,2,RING,LL,2,0,RING,A_flag_ceiling
all_gather_perf,3,24,268435200,2796200,float,none,55364.0,4.85,4.65,0,55540.7,4.83,4.63,0,RING,LL,2,RING,LL,2,0,RING,A_flag_ceiling
all_gather_perf,3,24,536870784,5592404,float,none,110475.0,4.86,4.66,0,110858.0,4.84,4.64,0,RING,LL,2,RING,LL,2,0,RING,A_flag_ceiling
all_gather_perf,3,24,3840,40,float,none,258.23,0.01,0.01,0,238.94,0.02,0.02,0,Direct,SIMPLE,2,RING,LL128,2,1,Direct,A_flag_ceiling
all_gather_perf,3,24,8064,84,float,none,241.12,0.03,0.03,0,238.9,0.03,0.03,0,Direct,SIMPLE,2,RING,LL128,2,1,Direct,A_flag_ceiling
all_gather_perf,3,24,16128,168,float,none,242.59,0.07,0.06,0,241.71,0.07,0.06,0,Direct,SIMPLE,2,RING,LL128,2,1,Direct,A_flag_ceiling
all_gather_perf,3,24,32640,340,float,none,243.83,0.13,0.13,0,240.56,0.14,0.13,0,Direct,SIMPLE,2,RING,LL128,2,1,Direct,A_flag_ceiling
all_gather_perf,3,24,65280,680,float,none,248.66,0.26,0.25,0,248.19,0.26,0.25,0,Direct,SIMPLE,2,RING,LL128,2,1,Direct,A_flag_ceiling
all_gather_perf,3,24,130944,1364,float,none,385.15,0.34,0.33,0,265.4,0.49,0.47,0,Direct,SIMPLE,2,RING,LL128,2,1,Direct,A_flag_ceiling
all_gather_perf,3,24,261888,2728,float,none,270.27,0.97,0.93,0,269.01,0.97,0.93,0,Direct,SIMPLE,2,RING,LL128,2,1,Direct,A_flag_ceiling
all_gather_perf,3,24,524160,5460,float,none,293.03,1.79,1.71,0,291.78,1.8,1.72,0,Direct,SIMPLE,2,RING,LL128,2,1,Direct,A_flag_ceiling
all_gather_perf,3,24,1048320,10920,float,none,314.68,3.33,3.19,0,315.51,3.32,3.18,0,Direct,SIMPLE,2,RING,LL128,2,1,Direct,A_flag_ceiling
all_gather_perf,3,24,2097024,21844,float,none,385.54,5.44,5.21,0,385.89,5.43,5.21,0,Direct,SIMPLE,2,RING,LL128,2,1,Direct,A_flag_ceiling
all_gather_perf,3,24,4194048,43688,float,none,490.51,8.55,8.19,0,491.63,8.53,8.18,0,Direct,SIMPLE,2,RING,LL128,2,1,Direct,A_flag_ceiling
all_gather_perf,3,24,8388480,87380,float,none,441.64,18.99,18.2,0,436.18,19.23,18.43,0,RING,LL128,2,RING,LL128,2,0,RING,A_flag_ceiling
all_gather_perf,3,24,16776960,174760,float,none,854.82,19.63,18.81,0,842.95,19.9,19.07,0,RING,LL128,2,RING,LL128,2,0,RING,A_flag_ceiling
all_gather_perf,3,24,33554304,349524,float,none,1682.13,19.95,19.12,0,1649.81,20.34,19.49,0,RING,LL128,2,RING,LL128,2,0,RING,A_flag_ceiling
all_gather_perf,3,24,67108608,699048,float,none,3326.71,20.17,19.33,0,3269.47,20.53,19.67,0,RING,LL128,2,RING,LL128,2,0,RING,A_flag_ceiling
all_gather_perf,3,24,134217600,1398100,float,none,6660.56,20.15,19.31,0,6553.94,20.48,19.63,0,RING,LL128,2,RING,LL128,2,0,RING,A_flag_ceiling
all_gather_perf,3,24,268435200,2796200,float,none,13240.5,20.27,19.43,0,13039.2,20.59,19.73,0,RING,LL128,2,RING,LL128,2,0,RING,A_flag_ceiling
all_gather_perf,3,24,536870784,5592404,float,none,26496.0,20.26,19.42,0,26332.2,20.39,19.54,0,RING,LL128,2,RING,LL128,2,0,RING,A_flag_ceiling
all_gather_perf,3,24,3840,40,float,none,194.29,0.02,0.02,0,133.09,0.03,0.03,0,Direct,SIMPLE,4,RING,SIMPLE,4,1,Direct,A_flag_ceiling
all_gather_perf,3,24,8064,84,float,none,133.72,0.06,0.06,0,133.42,0.06,0.06,0,Direct,SIMPLE,4,RING,SIMPLE,4,1,Direct,A_flag_ceiling
all_gather_perf,3,24,16128,168,float,none,134.17,0.12,0.12,0,133.77,0.12,0.12,0,Direct,SIMPLE,4,RING,SIMPLE,4,1,Direct,A_flag_ceiling
all_gather_perf,3,24,32640,340,float,none,134.7,0.24,0.23,0,133.17,0.25,0.23,0,Direct,SIMPLE,4,RING,SIMPLE,4,1,Direct,A_flag_ceiling
all_gather_perf,3,24,65280,680,float,none,137.01,0.48,0.46,0,137.37,0.48,0.46,0,Direct,SIMPLE,4,RING,SIMPLE,4,1,Direct,A_flag_ceiling
all_gather_perf,3,24,130944,1364,float,none,145.82,0.9,0.86,0,145.0,0.9,0.87,0,Direct,SIMPLE,4,RING,SIMPLE,4,1,Direct,A_flag_ceiling
all_gather_perf,3,24,261888,2728,float,none,147.84,1.77,1.7,0,149.27,1.75,1.68,0,Direct,SIMPLE,4,RING,SIMPLE,4,1,Direct,A_flag_ceiling
all_gather_perf,3,24,524160,5460,float,none,159.93,3.28,3.14,0,219.23,2.39,2.29,0,Direct,SIMPLE,4,RING,SIMPLE,4,1,Direct,A_flag_ceiling
all_gather_perf,3,24,1048320,10920,float,none,196.08,5.35,5.12,0,171.52,6.11,5.86,0,Direct,SIMPLE,4,RING,SIMPLE,4,1,Direct,A_flag_ceiling
all_gather_perf,3,24,2097024,21844,float,none,209.94,9.99,9.57,0,210.82,9.95,9.53,0,Direct,SIMPLE,4,RING,SIMPLE,4,1,Direct,A_flag_ceiling
all_gather_perf,3,24,4194048,43688,float,none,261.27,16.05,15.38,0,262.92,15.95,15.29,0,Direct,SIMPLE,4,RING,SIMPLE,4,1,Direct,A_flag_ceiling
all_gather_perf,3,24,8388480,87380,float,none,380.35,22.05,21.14,0,340.91,24.61,23.58,0,RING,SIMPLE,4,RING,SIMPLE,4,0,RING,A_flag_ceiling
all_gather_perf,3,24,16776960,174760,float,none,469.62,35.72,34.24,0,478.1,35.09,33.63,0,RING,SIMPLE,4,RING,SIMPLE,4,0,RING,A_flag_ceiling
all_gather_perf,3,24,33554304,349524,float,none,733.51,45.74,43.84,0,718.19,46.72,44.77,0,RING,SIMPLE,4,RING,SIMPLE,4,0,RING,A_flag_ceiling
all_gather_perf,3,24,67108608,699048,float,none,1265.84,53.02,50.81,0,1247.68,53.79,51.55,0,RING,SIMPLE,4,RING,SIMPLE,4,0,RING,A_flag_ceiling
all_gather_perf,3,24,134217600,1398100,float,none,2368.73,56.66,54.3,0,2403.35,55.85,53.52,0,RING,SIMPLE,4,RING,SIMPLE,4,0,RING,A_flag_ceiling
all_gather_perf,3,24,268435200,2796200,float,none,7116.51,37.72,36.15,0,4601.95,58.33,55.9,0,RING,SIMPLE,4,RING,SIMPLE,4,0,RING,A_flag_ceiling
all_gather_perf,3,24,536870784,5592404,float,none,9253.27,58.02,55.6,0,9332.51,57.53,55.13,0,RING,SIMPLE,4,RING,SIMPLE,4,0,RING,A_flag_ceiling
all_gather_perf,3,24,3840,40,float,none,137.41,0.03,0.03,0,133.32,0.03,0.03,0,Direct,SIMPLE,4,RING,LL,4,1,Direct,A_flag_ceiling
all_gather_perf,3,24,8064,84,float,none,133.43,0.06,0.06,0,133.17,0.06,0.06,0,Direct,SIMPLE,4,RING,LL,4,1,Direct,A_flag_ceiling
all_gather_perf,3,24,16128,168,float,none,134.58,0.12,0.11,0,133.35,0.12,0.12,0,Direct,SIMPLE,4,RING,LL,4,1,Direct,A_flag_ceiling
all_gather_perf,3,24,32640,340,float,none,144.97,0.23,0.22,0,133.96,0.24,0.23,0,Direct,SIMPLE,4,RING,LL,4,1,Direct,A_flag_ceiling
all_gather_perf,3,24,65280,680,float,none,137.67,0.47,0.45,0,137.89,0.47,0.45,0,Direct,SIMPLE,4,RING,LL,4,1,Direct,A_flag_ceiling
all_gather_perf,3,24,130944,1364,float,none,145.69,0.9,0.86,0,146.05,0.9,0.86,0,Direct,SIMPLE,4,RING,LL,4,1,Direct,A_flag_ceiling
all_gather_perf,3,24,261888,2728,float,none,148.69,1.76,1.69,0,148.9,1.76,1.69,0,Direct,SIMPLE,4,RING,LL,4,1,Direct,A_flag_ceiling
all_gather_perf,3,24,524160,5460,float,none,160.24,3.27,3.13,0,160.14,3.27,3.14,0,Direct,SIMPLE,4,RING,LL,4,1,Direct,A_flag_ceiling
all_gather_perf,3,24,1048320,10920,float,none,180.96,5.79,5.55,0,171.45,6.11,5.86,0,Direct,SIMPLE,4,RING,LL,4,1,Direct,A_flag_ceiling
all_gather_perf,3,24,2097024,21844,float,none,210.19,9.98,9.56,0,209.43,10.01,9.6,0,Direct,SIMPLE,4,RING,LL,4,1,Direct,A_flag_ceiling
all_gather_perf,3,24,4194048,43688,float,none,260.98,16.07,15.4,0,260.12,16.12,15.45,0,Direct,SIMPLE,4,RING,LL,4,1,Direct,A_flag_ceiling
all_gather_perf,3,24,8388480,87380,float,none,894.42,9.38,8.99,0,887.3,9.45,9.06,0,RING,LL,4,RING,LL,4,0,RING,A_flag_ceiling
all_gather_perf,3,24,16776960,174760,float,none,1742.69,9.63,9.23,0,1733.4,9.68,9.28,0,RING,LL,4,RING,LL,4,0,RING,A_flag_ceiling
all_gather_perf,3,24,33554304,349524,float,none,3505.85,9.57,9.17,0,3487.47,9.62,9.22,0,RING,LL,4,RING,LL,4,0,RING,A_flag_ceiling
all_gather_perf,3,24,67108608,699048,float,none,7037.35,9.54,9.14,0,7002.79,9.58,9.18,0,RING,LL,4,RING,LL,4,0,RING,A_flag_ceiling
all_gather_perf,3,24,134217600,1398100,float,none,14112.7,9.51,9.11,0,14055.1,9.55,9.15,0,RING,LL,4,RING,LL,4,0,RING,A_flag_ceiling
all_gather_perf,3,24,268435200,2796200,float,none,28210.4,9.52,9.12,0,28052.8,9.57,9.17,0,RING,LL,4,RING,LL,4,0,RING,A_flag_ceiling
all_gather_perf,3,24,536870784,5592404,float,none,56297.6,9.54,9.14,0,55761.1,9.63,9.23,0,RING,LL,4,RING,LL,4,0,RING,A_flag_ceiling
all_gather_perf,3,24,3840,40,float,none,138.03,0.03,0.03,0,135.57,0.03,0.03,0,Direct,SIMPLE,4,RING,LL128,4,1,Direct,A_flag_ceiling
all_gather_perf,3,24,8064,84,float,none,134.29,0.06,0.06,0,134.09,0.06,0.06,0,Direct,SIMPLE,4,RING,LL128,4,1,Direct,A_flag_ceiling
all_gather_perf,3,24,16128,168,float,none,134.85,0.12,0.11,0,134.13,0.12,0.12,0,Direct,SIMPLE,4,RING,LL128,4,1,Direct,A_flag_ceiling
all_gather_perf,3,24,32640,340,float,none,142.66,0.23,0.22,0,133.44,0.24,0.23,0,Direct,SIMPLE,4,RING,LL128,4,1,Direct,A_flag_ceiling
all_gather_perf,3,24,65280,680,float,none,137.56,0.47,0.45,0,136.6,0.48,0.46,0,Direct,SIMPLE,4,RING,LL128,4,1,Direct,A_flag_ceiling
all_gather_perf,3,24,130944,1364,float,none,145.09,0.9,0.86,0,183.7,0.71,0.68,0,Direct,SIMPLE,4,RING,LL128,4,1,Direct,A_flag_ceiling
all_gather_perf,3,24,261888,2728,float,none,147.73,1.77,1.7,0,147.81,1.77,1.7,0,Direct,SIMPLE,4,RING,LL128,4,1,Direct,A_flag_ceiling
all_gather_perf,3,24,524160,5460,float,none,159.83,3.28,3.14,0,159.33,3.29,3.15,0,Direct,SIMPLE,4,RING,LL128,4,1,Direct,A_flag_ceiling
all_gather_perf,3,24,1048320,10920,float,none,171.36,6.12,5.86,0,171.33,6.12,5.86,0,Direct,SIMPLE,4,RING,LL128,4,1,Direct,A_flag_ceiling
all_gather_perf,3,24,2097024,21844,float,none,273.54,7.67,7.35,0,210.02,9.98,9.57,0,Direct,SIMPLE,4,RING,LL128,4,1,Direct,A_flag_ceiling
all_gather_perf,3,24,4194048,43688,float,none,276.27,15.18,14.55,0,261.62,16.03,15.36,0,Direct,SIMPLE,4,RING,LL128,4,1,Direct,A_flag_ceiling
all_gather_perf,3,24,8388480,87380,float,none,241.94,34.67,33.23,0,265.79,31.56,30.25,0,RING,LL128,4,RING,LL128,4,0,RING,A_flag_ceiling
all_gather_perf,3,24,16776960,174760,float,none,439.79,38.15,36.56,0,437.89,38.31,36.72,0,RING,LL128,4,RING,LL128,4,0,RING,A_flag_ceiling
all_gather_perf,3,24,33554304,349524,float,none,856.23,39.19,37.56,0,855.51,39.22,37.59,0,RING,LL128,4,RING,LL128,4,0,RING,A_flag_ceiling
all_gather_perf,3,24,67108608,699048,float,none,1679.33,39.96,38.3,0,1669.67,40.19,38.52,0,RING,LL128,4,RING,LL128,4,0,RING,A_flag_ceiling
all_gather_perf,3,24,134217600,1398100,float,none,3344.91,40.13,38.45,0,3327.99,40.33,38.65,0,RING,LL128,4,RING,LL128,4,0,RING,A_flag_ceiling
all_gather_perf,3,24,268435200,2796200,float,none,6661.17,40.3,38.62,0,6654.33,40.34,38.66,0,RING,LL128,4,RING,LL128,4,0,RING,A_flag_ceiling
all_gather_perf,3,24,536870784,5592404,float,none,13276.5,40.44,38.75,0,13270.9,40.45,38.77,0,RING,LL128,4,RING,LL128,4,0,RING,A_flag_ceiling
all_gather_perf,3,24,3840,40,float,none,84.27,0.05,0.04,0,83.38,0.05,0.04,0,Direct,SIMPLE,8,RING,SIMPLE,8,1,Direct,A_flag_ceiling
all_gather_perf,3,24,8064,84,float,none,81.28,0.1,0.1,0,80.82,0.1,0.1,0,Direct,SIMPLE,8,RING,SIMPLE,8,1,Direct,A_flag_ceiling
all_gather_perf,3,24,16128,168,float,none,81.71,0.2,0.19,0,81.7,0.2,0.19,0,Direct,SIMPLE,8,RING,SIMPLE,8,1,Direct,A_flag_ceiling
all_gather_perf,3,24,32640,340,float,none,81.11,0.4,0.39,0,81.28,0.4,0.38,0,Direct,SIMPLE,8,RING,SIMPLE,8,1,Direct,A_flag_ceiling
all_gather_perf,3,24,65280,680,float,none,94.79,0.69,0.66,0,82.94,0.79,0.75,0,Direct,SIMPLE,8,RING,SIMPLE,8,1,Direct,A_flag_ceiling
all_gather_perf,3,24,130944,1364,float,none,88.02,1.49,1.43,0,91.64,1.43,1.37,0,Direct,SIMPLE,8,RING,SIMPLE,8,1,Direct,A_flag_ceiling
all_gather_perf,3,24,261888,2728,float,none,88.52,2.96,2.84,0,87.88,2.98,2.86,0,Direct,SIMPLE,8,RING,SIMPLE,8,1,Direct,A_flag_ceiling
all_gather_perf,3,24,524160,5460,float,none,123.54,4.24,4.07,0,125.74,4.17,4.0,0,Direct,SIMPLE,8,RING,SIMPLE,8,1,Direct,A_flag_ceiling
all_gather_perf,3,24,1048320,10920,float,none,118.52,8.85,8.48,0,118.51,8.85,8.48,0,Direct,SIMPLE,8,RING,SIMPLE,8,1,Direct,A_flag_ceiling
all_gather_perf,3,24,2097024,21844,float,none,145.71,14.39,13.79,0,147.44,14.22,13.63,0,Direct,SIMPLE,8,RING,SIMPLE,8,1,Direct,A_flag_ceiling
all_gather_perf,3,24,4194048,43688,float,none,195.73,21.43,20.54,0,192.1,21.83,20.92,0,Direct,SIMPLE,8,RING,SIMPLE,8,1,Direct,A_flag_ceiling
all_gather_perf,3,24,8388480,87380,float,none,314.9,26.64,25.53,0,317.01,26.46,25.36,0,RING,SIMPLE,8,RING,SIMPLE,8,0,RING,A_flag_ceiling
all_gather_perf,3,24,16776960,174760,float,none,351.8,47.69,45.7,0,349.79,47.96,45.96,0,RING,SIMPLE,8,RING,SIMPLE,8,0,RING,A_flag_ceiling
all_gather_perf,3,24,33554304,349524,float,none,472.28,71.05,68.09,0,467.14,71.83,68.84,0,RING,SIMPLE,8,RING,SIMPLE,8,0,RING,A_flag_ceiling
all_gather_perf,3,24,67108608,699048,float,none,728.66,92.1,88.26,0,722.76,92.85,88.98,0,RING,SIMPLE,8,RING,SIMPLE,8,0,RING,A_flag_ceiling
all_gather_perf,3,24,134217600,1398100,float,none,1272.87,105.44,101.05,0,1264.08,106.18,101.75,0,RING,SIMPLE,8,RING,SIMPLE,8,0,RING,A_flag_ceiling
all_gather_perf,3,24,268435200,2796200,float,none,2356.68,113.9,109.16,0,2332.4,115.09,110.29,0,RING,SIMPLE,8,RING,SIMPLE,8,0,RING,A_flag_ceiling
all_gather_perf,3,24,536870784,5592404,float,none,4815.58,111.49,106.84,0,4651.37,115.42,110.61,0,RING,SIMPLE,8,RING,SIMPLE,8,0,RING,A_flag_ceiling
all_gather_perf,3,24,3840,40,float,none,83.91,0.05,0.04,0,81.23,0.05,0.05,0,Direct,SIMPLE,8,RING,LL,8,1,Direct,A_flag_ceiling
all_gather_perf,3,24,8064,84,float,none,83.49,0.1,0.09,0,80.88,0.1,0.1,0,Direct,SIMPLE,8,RING,LL,8,1,Direct,A_flag_ceiling
all_gather_perf,3,24,16128,168,float,none,81.58,0.2,0.19,0,81.09,0.2,0.19,0,Direct,SIMPLE,8,RING,LL,8,1,Direct,A_flag_ceiling
all_gather_perf,3,24,32640,340,float,none,80.75,0.4,0.39,0,80.35,0.41,0.39,0,Direct,SIMPLE,8,RING,LL,8,1,Direct,A_flag_ceiling
all_gather_perf,3,24,65280,680,float,none,82.69,0.79,0.76,0,83.14,0.79,0.75,0,Direct,SIMPLE,8,RING,LL,8,1,Direct,A_flag_ceiling
all_gather_perf,3,24,130944,1364,float,none,89.97,1.46,1.39,0,88.22,1.48,1.42,0,Direct,SIMPLE,8,RING,LL,8,1,Direct,A_flag_ceiling
all_gather_perf,3,24,261888,2728,float,none,87.62,2.99,2.86,0,87.49,2.99,2.87,0,Direct,SIMPLE,8,RING,LL,8,1,Direct,A_flag_ceiling
all_gather_perf,3,24,524160,5460,float,none,95.73,5.48,5.25,0,108.33,4.84,4.64,0,Direct,SIMPLE,8,RING,LL,8,1,Direct,A_flag_ceiling
all_gather_perf,3,24,1048320,10920,float,none,104.63,10.02,9.6,0,131.75,7.96,7.63,0,Direct,SIMPLE,8,RING,LL,8,1,Direct,A_flag_ceiling
all_gather_perf,3,24,2097024,21844,float,none,143.93,14.57,13.96,0,134.05,15.64,14.99,0,Direct,SIMPLE,8,RING,LL,8,1,Direct,A_flag_ceiling
all_gather_perf,3,24,4194048,43688,float,none,184.8,22.7,21.75,0,209.27,20.04,19.21,0,Direct,SIMPLE,8,RING,LL,8,1,Direct,A_flag_ceiling
all_gather_perf,3,24,8388480,87380,float,none,467.73,17.93,17.19,0,465.88,18.01,17.26,0,RING,LL,8,RING,LL,8,0,RING,A_flag_ceiling
all_gather_perf,3,24,16776960,174760,float,none,904.47,18.55,17.78,0,900.8,18.62,17.85,0,RING,LL,8,RING,LL,8,0,RING,A_flag_ceiling
all_gather_perf,3,24,33554304,349524,float,none,1761.62,19.05,18.25,0,1747.99,19.2,18.4,0,RING,LL,8,RING,LL,8,0,RING,A_flag_ceiling
all_gather_perf,3,24,67108608,699048,float,none,3529.83,19.01,18.22,0,3507.83,19.13,18.33,0,RING,LL,8,RING,LL,8,0,RING,A_flag_ceiling
all_gather_perf,3,24,134217600,1398100,float,none,7077.8,18.96,18.17,0,7036.85,19.07,18.28,0,RING,LL,8,RING,LL,8,0,RING,A_flag_ceiling
all_gather_perf,3,24,268435200,2796200,float,none,14134.7,18.99,18.2,0,14065.9,19.08,18.29,0,RING,LL,8,RING,LL,8,0,RING,A_flag_ceiling
all_gather_perf,3,24,536870784,5592404,float,none,28217.8,19.03,18.23,0,28076.6,19.12,18.32,0,RING,LL,8,RING,LL,8,0,RING,A_flag_ceiling
all_gather_perf,3,24,3840,40,float,none,90.56,0.04,0.04,0,80.39,0.05,0.05,0,Direct,SIMPLE,8,RING,LL128,8,1,Direct,A_flag_ceiling
all_gather_perf,3,24,8064,84,float,none,80.81,0.1,0.1,0,80.63,0.1,0.1,0,Direct,SIMPLE,8,RING,LL128,8,1,Direct,A_flag_ceiling
all_gather_perf,3,24,16128,168,float,none,82.22,0.2,0.19,0,81.13,0.2,0.19,0,Direct,SIMPLE,8,RING,LL128,8,1,Direct,A_flag_ceiling
all_gather_perf,3,24,32640,340,float,none,80.97,0.4,0.39,0,80.77,0.4,0.39,0,Direct,SIMPLE,8,RING,LL128,8,1,Direct,A_flag_ceiling
all_gather_perf,3,24,65280,680,float,none,83.61,0.78,0.75,0,83.78,0.78,0.75,0,Direct,SIMPLE,8,RING,LL128,8,1,Direct,A_flag_ceiling
all_gather_perf,3,24,130944,1364,float,none,87.54,1.5,1.43,0,88.78,1.47,1.41,0,Direct,SIMPLE,8,RING,LL128,8,1,Direct,A_flag_ceiling
all_gather_perf,3,24,261888,2728,float,none,87.74,2.98,2.86,0,89.95,2.91,2.79,0,Direct,SIMPLE,8,RING,LL128,8,1,Direct,A_flag_ceiling
all_gather_perf,3,24,524160,5460,float,none,109.29,4.8,4.6,0,110.15,4.76,4.56,0,Direct,SIMPLE,8,RING,LL128,8,1,Direct,A_flag_ceiling
all_gather_perf,3,24,1048320,10920,float,none,159.59,6.57,6.29,0,132.76,7.9,7.57,0,Direct,SIMPLE,8,RING,LL128,8,1,Direct,A_flag_ceiling
all_gather_perf,3,24,2097024,21844,float,none,132.63,15.81,15.15,0,133.32,15.73,15.07,0,Direct,SIMPLE,8,RING,LL128,8,1,Direct,A_flag_ceiling
all_gather_perf,3,24,4194048,43688,float,none,188.19,22.29,21.36,0,174.46,24.04,23.04,0,Direct,SIMPLE,8,RING,LL128,8,1,Direct,A_flag_ceiling
all_gather_perf,3,24,8388480,87380,float,none,148.9,56.34,53.99,0,148.8,56.38,54.03,0,RING,LL128,8,RING,LL128,8,0,RING,A_flag_ceiling
all_gather_perf,3,24,16776960,174760,float,none,241.52,69.47,66.57,0,239.39,70.08,67.16,0,RING,LL128,8,RING,LL128,8,0,RING,A_flag_ceiling
all_gather_perf,3,24,33554304,349524,float,none,442.46,75.84,72.68,0,439.88,76.28,73.1,0,RING,LL128,8,RING,LL128,8,0,RING,A_flag_ceiling
all_gather_perf,3,24,67108608,699048,float,none,857.22,78.29,75.02,0,852.99,78.67,75.4,0,RING,LL128,8,RING,LL128,8,0,RING,A_flag_ceiling
all_gather_perf,3,24,134217600,1398100,float,none,1682.77,79.76,76.44,0,1682.3,79.78,76.46,0,RING,LL128,8,RING,LL128,8,0,RING,A_flag_ceiling
all_gather_perf,3,24,268435200,2796200,float,none,3348.49,80.17,76.83,0,3346.06,80.22,76.88,0,RING,LL128,8,RING,LL128,8,0,RING,A_flag_ceiling
all_gather_perf,3,24,536870784,5592404,float,none,6700.13,80.13,76.79,0,6673.49,80.45,77.1,0,RING,LL128,8,RING,LL128,8,0,RING,A_flag_ceiling
all_gather_perf,3,24,3840,40,float,none,61.8,0.06,0.06,0,56.94,0.07,0.06,0,Direct,SIMPLE,16,RING,SIMPLE,16,1,Direct,A_flag_ceiling
all_gather_perf,3,24,8064,84,float,none,59.56,0.14,0.13,0,57.42,0.14,0.13,0,Direct,SIMPLE,16,RING,SIMPLE,16,1,Direct,A_flag_ceiling
all_gather_perf,3,24,16128,168,float,none,58.9,0.27,0.26,0,58.04,0.28,0.27,0,Direct,SIMPLE,16,RING,SIMPLE,16,1,Direct,A_flag_ceiling
all_gather_perf,3,24,32640,340,float,none,58.64,0.56,0.53,0,57.73,0.57,0.54,0,Direct,SIMPLE,16,RING,SIMPLE,16,1,Direct,A_flag_ceiling
all_gather_perf,3,24,65280,680,float,none,59.41,1.1,1.05,0,59.61,1.1,1.05,0,Direct,SIMPLE,16,RING,SIMPLE,16,1,Direct,A_flag_ceiling
all_gather_perf,3,24,130944,1364,float,none,88.16,1.49,1.42,0,63.12,2.07,1.99,0,Direct,SIMPLE,16,RING,SIMPLE,16,1,Direct,A_flag_ceiling
all_gather_perf,3,24,261888,2728,float,none,64.59,4.05,3.89,0,62.34,4.2,4.03,0,Direct,SIMPLE,16,RING,SIMPLE,16,1,Direct,A_flag_ceiling
all_gather_perf,3,24,524160,5460,float,none,80.33,6.52,6.25,0,68.34,7.67,7.35,0,Direct,SIMPLE,16,RING,SIMPLE,16,1,Direct,A_flag_ceiling
all_gather_perf,3,24,1048320,10920,float,none,87.19,12.02,11.52,0,75.27,13.93,13.35,0,Direct,SIMPLE,16,RING,SIMPLE,16,1,Direct,A_flag_ceiling
all_gather_perf,3,24,2097024,21844,float,none,97.4,21.53,20.63,0,98.2,21.35,20.46,0,Direct,SIMPLE,16,RING,SIMPLE,16,1,Direct,A_flag_ceiling
all_gather_perf,3,24,4194048,43688,float,none,130.85,32.05,30.72,0,130.33,32.18,30.84,0,Direct,SIMPLE,16,RING,SIMPLE,16,1,Direct,A_flag_ceiling
all_gather_perf,3,24,8388480,87380,float,none,328.05,25.57,24.51,0,327.54,25.61,24.54,0,RING,SIMPLE,16,RING,SIMPLE,16,0,RING,A_flag_ceiling
all_gather_perf,3,24,16776960,174760,float,none,332.15,50.51,48.41,0,331.54,50.6,48.5,0,RING,SIMPLE,16,RING,SIMPLE,16,0,RING,A_flag_ceiling
all_gather_perf,3,24,33554304,349524,float,none,361.92,92.71,88.85,0,361.33,92.86,89.0,0,RING,SIMPLE,16,RING,SIMPLE,16,0,RING,A_flag_ceiling
all_gather_perf,3,24,67108608,699048,float,none,475.97,140.99,135.12,0,476.32,140.89,135.02,0,RING,SIMPLE,16,RING,SIMPLE,16,0,RING,A_flag_ceiling
all_gather_perf,3,24,134217600,1398100,float,none,737.02,182.11,174.52,0,731.78,183.41,175.77,0,RING,SIMPLE,16,RING,SIMPLE,16,0,RING,A_flag_ceiling
all_gather_perf,3,24,268435200,2796200,float,none,1286.88,208.59,199.9,0,1278.38,209.98,201.23,0,RING,SIMPLE,16,RING,SIMPLE,16,0,RING,A_flag_ceiling
all_gather_perf,3,24,536870784,5592404,float,none,2371.45,226.39,216.96,0,2343.45,229.09,219.55,0,RING,SIMPLE,16,RING,SIMPLE,16,0,RING,A_flag_ceiling
all_gather_perf,3,24,3840,40,float,none,59.55,0.06,0.06,0,58.44,0.07,0.06,0,Direct,SIMPLE,16,RING,LL,16,1,Direct,A_flag_ceiling
all_gather_perf,3,24,8064,84,float,none,59.71,0.14,0.13,0,57.49,0.14,0.13,0,Direct,SIMPLE,16,RING,LL,16,1,Direct,A_flag_ceiling
all_gather_perf,3,24,16128,168,float,none,60.02,0.27,0.26,0,58.97,0.27,0.26,0,Direct,SIMPLE,16,RING,LL,16,1,Direct,A_flag_ceiling
all_gather_perf,3,24,32640,340,float,none,59.21,0.55,0.53,0,57.95,0.56,0.54,0,Direct,SIMPLE,16,RING,LL,16,1,Direct,A_flag_ceiling
all_gather_perf,3,24,65280,680,float,none,61.28,1.07,1.02,0,59.81,1.09,1.05,0,Direct,SIMPLE,16,RING,LL,16,1,Direct,A_flag_ceiling
all_gather_perf,3,24,130944,1364,float,none,62.49,2.1,2.01,0,75.99,1.72,1.65,0,Direct,SIMPLE,16,RING,LL,16,1,Direct,A_flag_ceiling
all_gather_perf,3,24,261888,2728,float,none,63.86,4.1,3.93,0,62.94,4.16,3.99,0,Direct,SIMPLE,16,RING,LL,16,1,Direct,A_flag_ceiling
all_gather_perf,3,24,524160,5460,float,none,68.48,7.65,7.34,0,80.47,6.51,6.24,0,Direct,SIMPLE,16,RING,LL,16,1,Direct,A_flag_ceiling
all_gather_perf,3,24,1048320,10920,float,none,75.8,13.83,13.25,0,76.1,13.77,13.2,0,Direct,SIMPLE,16,RING,LL,16,1,Direct,A_flag_ceiling
all_gather_perf,3,24,2097024,21844,float,none,110.61,18.96,18.17,0,108.11,19.4,18.59,0,Direct,SIMPLE,16,RING,LL,16,1,Direct,A_flag_ceiling
all_gather_perf,3,24,4194048,43688,float,none,137.55,30.49,29.22,0,137.62,30.48,29.21,0,Direct,SIMPLE,16,RING,LL,16,1,Direct,A_flag_ceiling
all_gather_perf,3,24,8388480,87380,float,none,323.96,25.89,24.81,0,322.24,26.03,24.95,0,RING,LL,16,RING,LL,16,0,RING,A_flag_ceiling
all_gather_perf,3,24,16776960,174760,float,none,539.23,31.11,29.82,0,538.97,31.13,29.83,0,RING,LL,16,RING,LL,16,0,RING,A_flag_ceiling
all_gather_perf,3,24,33554304,349524,float,none,1032.41,32.5,31.15,0,1028.91,32.61,31.25,0,RING,LL,16,RING,LL,16,0,RING,A_flag_ceiling
all_gather_perf,3,24,67108608,699048,float,none,1975.43,33.97,32.56,0,1986.5,33.78,32.37,0,RING,LL,16,RING,LL,16,0,RING,A_flag_ceiling
all_gather_perf,3,24,134217600,1398100,float,none,3947.77,34.0,32.58,0,3941.71,34.05,32.63,0,RING,LL,16,RING,LL,16,0,RING,A_flag_ceiling
all_gather_perf,3,24,268435200,2796200,float,none,7652.18,35.08,33.62,0,7343.75,36.55,35.03,0,RING,LL,16,RING,LL,16,0,RING,A_flag_ceiling
all_gather_perf,3,24,536870784,5592404,float,none,14632.5,36.69,35.16,0,14627.1,36.7,35.17,0,RING,LL,16,RING,LL,16,0,RING,A_flag_ceiling
all_gather_perf,3,24,3840,40,float,none,61.47,0.06,0.06,0,58.3,0.07,0.06,0,Direct,SIMPLE,16,RING,LL128,16,1,Direct,A_flag_ceiling
all_gather_perf,3,24,8064,84,float,none,59.33,0.14,0.13,0,111.11,0.07,0.07,0,Direct,SIMPLE,16,RING,LL128,16,1,Direct,A_flag_ceiling
all_gather_perf,3,24,16128,168,float,none,59.31,0.27,0.26,0,59.84,0.27,0.26,0,Direct,SIMPLE,16,RING,LL128,16,1,Direct,A_flag_ceiling
all_gather_perf,3,24,32640,340,float,none,58.18,0.56,0.54,0,58.12,0.56,0.54,0,Direct,SIMPLE,16,RING,LL128,16,1,Direct,A_flag_ceiling
all_gather_perf,3,24,65280,680,float,none,60.77,1.07,1.03,0,59.71,1.09,1.05,0,Direct,SIMPLE,16,RING,LL128,16,1,Direct,A_flag_ceiling
all_gather_perf,3,24,130944,1364,float,none,72.3,1.81,1.74,0,66.93,1.96,1.87,0,Direct,SIMPLE,16,RING,LL128,16,1,Direct,A_flag_ceiling
all_gather_perf,3,24,261888,2728,float,none,72.87,3.59,3.44,0,62.3,4.2,4.03,0,Direct,SIMPLE,16,RING,LL128,16,1,Direct,A_flag_ceiling
all_gather_perf,3,24,524160,5460,float,none,79.09,6.63,6.35,0,76.86,6.82,6.54,0,Direct,SIMPLE,16,RING,LL128,16,1,Direct,A_flag_ceiling
all_gather_perf,3,24,1048320,10920,float,none,88.76,11.81,11.32,0,75.9,13.81,13.24,0,Direct,SIMPLE,16,RING,LL128,16,1,Direct,A_flag_ceiling
all_gather_perf,3,24,2097024,21844,float,none,100.99,20.76,19.9,0,98.21,21.35,20.46,0,Direct,SIMPLE,16,RING,LL128,16,1,Direct,A_flag_ceiling
all_gather_perf,3,24,4194048,43688,float,none,155.83,26.91,25.79,0,134.22,31.25,29.95,0,Direct,SIMPLE,16,RING,LL128,16,1,Direct,A_flag_ceiling
all_gather_perf,3,24,8388480,87380,float,none,113.41,73.97,70.89,0,112.85,74.34,71.24,0,RING,LL128,16,RING,LL128,16,0,RING,A_flag_ceiling
all_gather_perf,3,24,16776960,174760,float,none,156.14,107.45,102.97,0,155.21,108.09,103.59,0,RING,LL128,16,RING,LL128,16,0,RING,A_flag_ceiling
all_gather_perf,3,24,33554304,349524,float,none,254.99,131.59,126.11,0,253.82,132.2,126.69,0,RING,LL128,16,RING,LL128,16,0,RING,A_flag_ceiling
all_gather_perf,3,24,67108608,699048,float,none,464.53,144.47,138.45,0,461.31,145.48,139.41,0,RING,LL128,16,RING,LL128,16,0,RING,A_flag_ceiling
all_gather_perf,3,24,134217600,1398100,float,none,906.16,148.12,141.95,0,899.07,149.28,143.06,0,RING,LL128,16,RING,LL128,16,0,RING,A_flag_ceiling
all_gather_perf,3,24,268435200,2796200,float,none,1765.27,152.06,145.73,0,1752.23,153.2,146.81,0,RING,LL128,16,RING,LL128,16,0,RING,A_flag_ceiling
all_gather_perf,3,24,536870784,5592404,float,none,3804.47,141.12,135.24,0,3498.31,153.47,147.07,0,RING,LL128,16,RING,LL128,16,0,RING,A_flag_ceiling
all_gather_perf,3,24,3840,40,float,none,59.14,0.06,0.06,0,68.85,0.06,0.05,0,Direct,SIMPLE,32,RING,SIMPLE,24,1,Direct,A_flag_ceiling
all_gather_perf,3,24,8064,84,float,none,63.68,0.13,0.12,0,55.12,0.15,0.14,0,Direct,SIMPLE,32,RING,SIMPLE,24,1,Direct,A_flag_ceiling
all_gather_perf,3,24,16128,168,float,none,58.45,0.28,0.26,0,56.41,0.29,0.27,0,Direct,SIMPLE,32,RING,SIMPLE,24,1,Direct,A_flag_ceiling
all_gather_perf,3,24,32640,340,float,none,56.47,0.58,0.55,0,55.93,0.58,0.56,0,Direct,SIMPLE,32,RING,SIMPLE,24,1,Direct,A_flag_ceiling
all_gather_perf,3,24,65280,680,float,none,59.25,1.1,1.06,0,56.5,1.16,1.11,0,Direct,SIMPLE,32,RING,SIMPLE,24,1,Direct,A_flag_ceiling
all_gather_perf,3,24,130944,1364,float,none,71.5,1.83,1.76,0,58.79,2.23,2.13,0,Direct,SIMPLE,32,RING,SIMPLE,24,1,Direct,A_flag_ceiling
all_gather_perf,3,24,261888,2728,float,none,57.86,4.53,4.34,0,58.58,4.47,4.28,0,Direct,SIMPLE,32,RING,SIMPLE,24,1,Direct,A_flag_ceiling
all_gather_perf,3,24,524160,5460,float,none,63.24,8.29,7.94,0,63.97,8.19,7.85,0,Direct,SIMPLE,32,RING,SIMPLE,24,1,Direct,A_flag_ceiling
all_gather_perf,3,24,1048320,10920,float,none,85.65,12.24,11.73,0,76.04,13.79,13.21,0,Direct,SIMPLE,32,RING,SIMPLE,24,1,Direct,A_flag_ceiling
all_gather_perf,3,24,2097024,21844,float,none,96.05,21.83,20.92,0,96.65,21.7,20.79,0,Direct,SIMPLE,32,RING,SIMPLE,24,1,Direct,A_flag_ceiling
all_gather_perf,3,24,4194048,43688,float,none,128.51,32.64,31.28,0,133.58,31.4,30.09,0,Direct,SIMPLE,32,RING,SIMPLE,24,1,Direct,A_flag_ceiling
all_gather_perf,3,24,8388480,87380,float,none,352.13,23.82,22.83,0,348.95,24.04,23.04,0,RING,SIMPLE,24,RING,SIMPLE,24,0,RING,A_flag_ceiling
all_gather_perf,3,24,16776960,174760,float,none,364.08,46.08,44.16,0,362.25,46.31,44.38,0,RING,SIMPLE,24,RING,SIMPLE,24,0,RING,A_flag_ceiling
all_gather_perf,3,24,33554304,349524,float,none,364.2,92.13,88.29,0,353.41,94.94,90.99,0,RING,SIMPLE,24,RING,SIMPLE,24,0,RING,A_flag_ceiling
all_gather_perf,3,24,67108608,699048,float,none,418.29,160.43,153.75,0,415.79,161.4,154.68,0,RING,SIMPLE,24,RING,SIMPLE,24,0,RING,A_flag_ceiling
all_gather_perf,3,24,134217600,1398100,float,none,580.47,231.22,221.59,0,579.55,231.59,221.94,0,RING,SIMPLE,24,RING,SIMPLE,24,0,RING,A_flag_ceiling
all_gather_perf,3,24,268435200,2796200,float,none,944.33,284.26,272.41,0,942.38,284.85,272.98,0,RING,SIMPLE,24,RING,SIMPLE,24,0,RING,A_flag_ceiling
all_gather_perf,3,24,536870784,5592404,float,none,1685.19,318.58,305.31,0,1681.92,319.2,305.9,0,RING,SIMPLE,24,RING,SIMPLE,24,0,RING,A_flag_ceiling
all_gather_perf,3,24,3840,40,float,none,70.75,0.05,0.05,0,56.56,0.07,0.07,0,Direct,SIMPLE,32,RING,LL,24,1,Direct,A_flag_ceiling
all_gather_perf,3,24,8064,84,float,none,56.52,0.14,0.14,0,55.47,0.15,0.14,0,Direct,SIMPLE,32,RING,LL,24,1,Direct,A_flag_ceiling
all_gather_perf,3,24,16128,168,float,none,58.57,0.28,0.26,0,56.26,0.29,0.27,0,Direct,SIMPLE,32,RING,LL,24,1,Direct,A_flag_ceiling
all_gather_perf,3,24,32640,340,float,none,56.23,0.58,0.56,0,58.12,0.56,0.54,0,Direct,SIMPLE,32,RING,LL,24,1,Direct,A_flag_ceiling
all_gather_perf,3,24,65280,680,float,none,57.67,1.13,1.08,0,56.04,1.16,1.12,0,Direct,SIMPLE,32,RING,LL,24,1,Direct,A_flag_ceiling
all_gather_perf,3,24,130944,1364,float,none,60.43,2.17,2.08,0,72.47,1.81,1.73,0,Direct,SIMPLE,32,RING,LL,24,1,Direct,A_flag_ceiling
all_gather_perf,3,24,261888,2728,float,none,72.56,3.61,3.46,0,58.71,4.46,4.27,0,Direct,SIMPLE,32,RING,LL,24,1,Direct,A_flag_ceiling
all_gather_perf,3,24,524160,5460,float,none,64.18,8.17,7.83,0,72.49,7.23,6.93,0,Direct,SIMPLE,32,RING,LL,24,1,Direct,A_flag_ceiling
all_gather_perf,3,24,1048320,10920,float,none,75.55,13.88,13.3,0,74.94,13.99,13.41,0,Direct,SIMPLE,32,RING,LL,24,1,Direct,A_flag_ceiling
all_gather_perf,3,24,2097024,21844,float,none,96.06,21.83,20.92,0,98.31,21.33,20.44,0,Direct,SIMPLE,32,RING,LL,24,1,Direct,A_flag_ceiling
all_gather_perf,3,24,4194048,43688,float,none,135.56,30.94,29.65,0,140.87,29.77,28.53,0,Direct,SIMPLE,32,RING,LL,24,1,Direct,A_flag_ceiling
all_gather_perf,3,24,8388480,87380,float,none,269.76,31.1,29.8,0,275.85,30.41,29.14,0,RING,LL,24,RING,LL,24,0,RING,A_flag_ceiling
all_gather_perf,3,24,16776960,174760,float,none,500.98,33.49,32.09,0,495.82,33.84,32.43,0,RING,LL,24,RING,LL,24,0,RING,A_flag_ceiling
all_gather_perf,3,24,33554304,349524,float,none,933.7,35.94,34.44,0,931.03,36.04,34.54,0,RING,LL,24,RING,LL,24,0,RING,A_flag_ceiling
all_gather_perf,3,24,67108608,699048,float,none,1799.48,37.29,35.74,0,1790.78,37.47,35.91,0,RING,LL,24,RING,LL,24,0,RING,A_flag_ceiling
all_gather_perf,3,24,134217600,1398100,float,none,3471.09,38.67,37.06,0,3476.59,38.61,37.0,0,RING,LL,24,RING,LL,24,0,RING,A_flag_ceiling
all_gather_perf,3,24,268435200,2796200,float,none,6697.41,40.08,38.41,0,6518.62,41.18,39.46,0,RING,LL,24,RING,LL,24,0,RING,A_flag_ceiling
all_gather_perf,3,24,536870784,5592404,float,none,12939.6,41.49,39.76,0,12953.7,41.45,39.72,0,RING,LL,24,RING,LL,24,0,RING,A_flag_ceiling
all_gather_perf,3,24,3840,40,float,none,58.23,0.07,0.06,0,57.83,0.07,0.06,0,Direct,SIMPLE,32,RING,LL128,24,1,Direct,A_flag_ceiling
all_gather_perf,3,24,8064,84,float,none,57.71,0.14,0.13,0,55.73,0.14,0.14,0,Direct,SIMPLE,32,RING,LL128,24,1,Direct,A_flag_ceiling
all_gather_perf,3,24,16128,168,float,none,59.38,0.27,0.26,0,57.36,0.28,0.27,0,Direct,SIMPLE,32,RING,LL128,24,1,Direct,A_flag_ceiling
all_gather_perf,3,24,32640,340,float,none,56.87,0.57,0.55,0,55.77,0.59,0.56,0,Direct,SIMPLE,32,RING,LL128,24,1,Direct,A_flag_ceiling
all_gather_perf,3,24,65280,680,float,none,57.29,1.14,1.09,0,57.73,1.13,1.08,0,Direct,SIMPLE,32,RING,LL128,24,1,Direct,A_flag_ceiling
all_gather_perf,3,24,130944,1364,float,none,58.14,2.25,2.16,0,60.98,2.15,2.06,0,Direct,SIMPLE,32,RING,LL128,24,1,Direct,A_flag_ceiling
all_gather_perf,3,24,261888,2728,float,none,59.04,4.44,4.25,0,58.12,4.51,4.32,0,Direct,SIMPLE,32,RING,LL128,24,1,Direct,A_flag_ceiling
all_gather_perf,3,24,524160,5460,float,none,64.55,8.12,7.78,0,71.7,7.31,7.01,0,Direct,SIMPLE,32,RING,LL128,24,1,Direct,A_flag_ceiling
all_gather_perf,3,24,1048320,10920,float,none,74.65,14.04,13.46,0,75.27,13.93,13.35,0,Direct,SIMPLE,32,RING,LL128,24,1,Direct,A_flag_ceiling
all_gather_perf,3,24,2097024,21844,float,none,97.29,21.55,20.66,0,96.98,21.62,20.72,0,Direct,SIMPLE,32,RING,LL128,24,1,Direct,A_flag_ceiling
all_gather_perf,3,24,4194048,43688,float,none,128.8,32.56,31.21,0,130.61,32.11,30.77,0,Direct,SIMPLE,32,RING,LL128,24,1,Direct,A_flag_ceiling
all_gather_perf,3,24,8388480,87380,float,none,134.44,62.4,59.8,0,133.45,62.86,60.24,0,RING,LL128,24,RING,LL128,24,0,RING,A_flag_ceiling
all_gather_perf,3,24,16776960,174760,float,none,141.86,118.27,113.34,0,140.65,119.28,114.31,0,RING,LL128,24,RING,LL128,24,0,RING,A_flag_ceiling
all_gather_perf,3,24,33554304,349524,float,none,203.4,164.97,158.1,0,201.45,166.56,159.62,0,RING,LL128,24,RING,LL128,24,0,RING,A_flag_ceiling
all_gather_perf,3,24,67108608,699048,float,none,382.04,175.66,168.34,0,379.58,176.8,169.43,0,RING,LL128,24,RING,LL128,24,0,RING,A_flag_ceiling
all_gather_perf,3,24,134217600,1398100,float,none,665.62,201.64,193.24,0,660.87,203.09,194.63,0,RING,LL128,24,RING,LL128,24,0,RING,A_flag_ceiling
all_gather_perf,3,24,268435200,2796200,float,none,1257.02,213.55,204.65,0,1251.99,214.41,205.47,0,RING,LL128,24,RING,LL128,24,0,RING,A_flag_ceiling
all_gather_perf,3,24,536870784,5592404,float,none,2501.68,214.6,205.66,0,2484.75,216.07,207.06,0,RING,LL128,24,RING,LL128,24,0,RING,A_flag_ceiling
all_gather_perf,3,24,3840,40,float,none,99.62,0.04,0.04,0,56.42,0.07,0.07,0,Direct,SIMPLE,32,RING,SIMPLE,32,1,Direct,A_flag_ceiling
all_gather_perf,3,24,8064,84,float,none,78.95,0.1,0.1,0,57.25,0.14,0.13,0,Direct,SIMPLE,32,RING,SIMPLE,32,1,Direct,A_flag_ceiling
all_gather_perf,3,24,16128,168,float,none,59.92,0.27,0.26,0,57.69,0.28,0.27,0,Direct,SIMPLE,32,RING,SIMPLE,32,1,Direct,A_flag_ceiling
all_gather_perf,3,24,32640,340,float,none,56.34,0.58,0.56,0,74.33,0.44,0.42,0,Direct,SIMPLE,32,RING,SIMPLE,32,1,Direct,A_flag_ceiling
all_gather_perf,3,24,65280,680,float,none,58.16,1.12,1.08,0,56.89,1.15,1.1,0,Direct,SIMPLE,32,RING,SIMPLE,32,1,Direct,A_flag_ceiling
all_gather_perf,3,24,130944,1364,float,none,59.82,2.19,2.1,0,82.73,1.58,1.52,0,Direct,SIMPLE,32,RING,SIMPLE,32,1,Direct,A_flag_ceiling
all_gather_perf,3,24,261888,2728,float,none,72.59,3.61,3.46,0,58.95,4.44,4.26,0,Direct,SIMPLE,32,RING,SIMPLE,32,1,Direct,A_flag_ceiling
all_gather_perf,3,24,524160,5460,float,none,64.38,8.14,7.8,0,64.64,8.11,7.77,0,Direct,SIMPLE,32,RING,SIMPLE,32,1,Direct,A_flag_ceiling
all_gather_perf,3,24,1048320,10920,float,none,74.89,14.0,13.42,0,74.23,14.12,13.53,0,Direct,SIMPLE,32,RING,SIMPLE,32,1,Direct,A_flag_ceiling
all_gather_perf,3,24,2097024,21844,float,none,103.67,20.23,19.38,0,96.0,21.85,20.93,0,Direct,SIMPLE,32,RING,SIMPLE,32,1,Direct,A_flag_ceiling
all_gather_perf,3,24,4194048,43688,float,none,128.22,32.71,31.35,0,132.78,31.59,30.27,0,Direct,SIMPLE,32,RING,SIMPLE,32,1,Direct,A_flag_ceiling
all_gather_perf,3,24,8388480,87380,float,none,388.53,21.59,20.69,0,380.59,22.04,21.12,0,RING,SIMPLE,32,RING,SIMPLE,32,0,RING,A_flag_ceiling
all_gather_perf,3,24,16776960,174760,float,none,389.11,43.12,41.32,0,388.65,43.17,41.37,0,RING,SIMPLE,32,RING,SIMPLE,32,0,RING,A_flag_ceiling
all_gather_perf,3,24,33554304,349524,float,none,403.11,83.24,79.77,0,553.55,60.62,58.09,0,RING,SIMPLE,32,RING,SIMPLE,32,0,RING,A_flag_ceiling
all_gather_perf,3,24,67108608,699048,float,none,416.79,161.01,154.31,0,425.36,157.77,151.2,0,RING,SIMPLE,32,RING,SIMPLE,32,0,RING,A_flag_ceiling
all_gather_perf,3,24,134217600,1398100,float,none,524.65,255.82,245.16,0,522.22,257.02,246.31,0,RING,SIMPLE,32,RING,SIMPLE,32,0,RING,A_flag_ceiling
all_gather_perf,3,24,268435200,2796200,float,none,815.38,329.21,315.5,0,807.75,332.32,318.48,0,RING,SIMPLE,32,RING,SIMPLE,32,0,RING,A_flag_ceiling
all_gather_perf,3,24,536870784,5592404,float,none,1455.79,368.78,353.42,0,1439.64,372.92,357.38,0,RING,SIMPLE,32,RING,SIMPLE,32,0,RING,A_flag_ceiling
all_gather_perf,3,24,3840,40,float,none,53.74,0.07,0.07,0,56.8,0.07,0.06,0,Direct,SIMPLE,32,RING,LL,32,1,Direct,A_flag_ceiling
all_gather_perf,3,24,8064,84,float,none,59.56,0.14,0.13,0,55.92,0.14,0.14,0,Direct,SIMPLE,32,RING,LL,32,1,Direct,A_flag_ceiling
all_gather_perf,3,24,16128,168,float,none,59.27,0.27,0.26,0,56.98,0.28,0.27,0,Direct,SIMPLE,32,RING,LL,32,1,Direct,A_flag_ceiling
all_gather_perf,3,24,32640,340,float,none,55.51,0.59,0.56,0,55.84,0.58,0.56,0,Direct,SIMPLE,32,RING,LL,32,1,Direct,A_flag_ceiling
all_gather_perf,3,24,65280,680,float,none,57.32,1.14,1.09,0,56.33,1.16,1.11,0,Direct,SIMPLE,32,RING,LL,32,1,Direct,A_flag_ceiling
all_gather_perf,3,24,130944,1364,float,none,71.02,1.84,1.77,0,60.14,2.18,2.09,0,Direct,SIMPLE,32,RING,LL,32,1,Direct,A_flag_ceiling
all_gather_perf,3,24,261888,2728,float,none,60.1,4.36,4.18,0,58.96,4.44,4.26,0,Direct,SIMPLE,32,RING,LL,32,1,Direct,A_flag_ceiling
all_gather_perf,3,24,524160,5460,float,none,64.16,8.17,7.83,0,64.28,8.15,7.81,0,Direct,SIMPLE,32,RING,LL,32,1,Direct,A_flag_ceiling
all_gather_perf,3,24,1048320,10920,float,none,86.16,12.17,11.66,0,74.52,14.07,13.48,0,Direct,SIMPLE,32,RING,LL,32,1,Direct,A_flag_ceiling
all_gather_perf,3,24,2097024,21844,float,none,106.67,19.66,18.84,0,96.44,21.75,20.84,0,Direct,SIMPLE,32,RING,LL,32,1,Direct,A_flag_ceiling
all_gather_perf,3,24,4194048,43688,float,none,129.06,32.5,31.14,0,128.29,32.69,31.33,0,Direct,SIMPLE,32,RING,LL,32,1,Direct,A_flag_ceiling
all_gather_perf,3,24,8388480,87380,float,none,288.65,29.06,27.85,0,294.09,28.52,27.34,0,RING,LL,32,RING,LL,32,0,RING,A_flag_ceiling
all_gather_perf,3,24,16776960,174760,float,none,535.97,31.3,30.0,0,529.91,31.66,30.34,0,RING,LL,32,RING,LL,32,0,RING,A_flag_ceiling
all_gather_perf,3,24,33554304,349524,float,none,905.53,37.05,35.51,0,905.13,37.07,35.53,0,RING,LL,32,RING,LL,32,0,RING,A_flag_ceiling
all_gather_perf,3,24,67108608,699048,float,none,1759.08,38.15,36.56,0,1758.37,38.17,36.58,0,RING,LL,32,RING,LL,32,0,RING,A_flag_ceiling
all_gather_perf,3,24,134217600,1398100,float,none,3374.8,39.77,38.11,0,3349.07,40.08,38.41,0,RING,LL,32,RING,LL,32,0,RING,A_flag_ceiling
all_gather_perf,3,24,268435200,2796200,float,none,6520.05,41.17,39.46,0,6513.21,41.21,39.5,0,RING,LL,32,RING,LL,32,0,RING,A_flag_ceiling
all_gather_perf,3,24,536870784,5592404,float,none,12988.0,41.34,39.61,0,13140.5,40.86,39.15,0,RING,LL,32,RING,LL,32,0,RING,A_flag_ceiling
all_gather_perf,3,24,3840,40,float,none,57.64,0.07,0.06,0,57.43,0.07,0.06,0,Direct,SIMPLE,32,RING,LL128,32,1,Direct,A_flag_ceiling
all_gather_perf,3,24,8064,84,float,none,57.27,0.14,0.13,0,56.26,0.14,0.14,0,Direct,SIMPLE,32,RING,LL128,32,1,Direct,A_flag_ceiling
all_gather_perf,3,24,16128,168,float,none,58.27,0.28,0.27,0,57.61,0.28,0.27,0,Direct,SIMPLE,32,RING,LL128,32,1,Direct,A_flag_ceiling
all_gather_perf,3,24,32640,340,float,none,56.27,0.58,0.56,0,56.78,0.57,0.55,0,Direct,SIMPLE,32,RING,LL128,32,1,Direct,A_flag_ceiling
all_gather_perf,3,24,65280,680,float,none,74.92,0.87,0.83,0,56.88,1.15,1.1,0,Direct,SIMPLE,32,RING,LL128,32,1,Direct,A_flag_ceiling
all_gather_perf,3,24,130944,1364,float,none,58.57,2.24,2.14,0,60.75,2.16,2.07,0,Direct,SIMPLE,32,RING,LL128,32,1,Direct,A_flag_ceiling
all_gather_perf,3,24,261888,2728,float,none,51.55,5.08,4.87,0,58.15,4.5,4.32,0,Direct,SIMPLE,32,RING,LL128,32,1,Direct,A_flag_ceiling
all_gather_perf,3,24,524160,5460,float,none,64.54,8.12,7.78,0,76.67,6.84,6.55,0,Direct,SIMPLE,32,RING,LL128,32,1,Direct,A_flag_ceiling
all_gather_perf,3,24,1048320,10920,float,none,76.03,13.79,13.21,0,74.45,14.08,13.49,0,Direct,SIMPLE,32,RING,LL128,32,1,Direct,A_flag_ceiling
all_gather_perf,3,24,2097024,21844,float,none,96.39,21.76,20.85,0,97.59,21.49,20.59,0,Direct,SIMPLE,32,RING,LL128,32,1,Direct,A_flag_ceiling
all_gather_perf,3,24,4194048,43688,float,none,128.22,32.71,31.35,0,129.26,32.45,31.09,0,Direct,SIMPLE,32,RING,LL128,32,1,Direct,A_flag_ceiling
all_gather_perf,3,24,8388480,87380,float,none,158.28,53.0,50.79,0,158.53,52.92,50.71,0,RING,LL128,32,RING,LL128,32,0,RING,A_flag_ceiling
all_gather_perf,3,24,16776960,174760,float,none,162.08,103.51,99.2,0,161.28,104.02,99.69,0,RING,LL128,32,RING,LL128,32,0,RING,A_flag_ceiling
all_gather_perf,3,24,33554304,349524,float,none,188.92,177.61,170.21,0,176.56,190.04,182.13,0,RING,LL128,32,RING,LL128,32,0,RING,A_flag_ceiling
all_gather_perf,3,24,67108608,699048,float,none,300.15,223.58,214.27,0,287.16,233.7,223.96,0,RING,LL128,32,RING,LL128,32,0,RING,A_flag_ceiling
all_gather_perf,3,24,134217600,1398100,float,none,525.62,255.35,244.71,0,524.4,255.94,245.28,0,RING,LL128,32,RING,LL128,32,0,RING,A_flag_ceiling
all_gather_perf,3,24,268435200,2796200,float,none,1014.88,264.5,253.48,0,1010.64,265.61,254.54,0,RING,LL128,32,RING,LL128,32,0,RING,A_flag_ceiling
all_gather_perf,3,24,536870784,5592404,float,none,1981.38,270.96,259.67,0,1974.79,271.86,260.53,0,RING,LL128,32,RING,LL128,32,0,RING,A_flag_ceiling
all_gather_perf,3,24,3840,40,float,none,71.1,0.05,0.05,0,57.45,0.07,0.06,0,Direct,SIMPLE,64,RING,SIMPLE,40,1,Direct,A_flag_ceiling
all_gather_perf,3,24,8064,84,float,none,57.15,0.14,0.14,0,57.3,0.14,0.13,0,Direct,SIMPLE,64,RING,SIMPLE,40,1,Direct,A_flag_ceiling
all_gather_perf,3,24,16128,168,float,none,58.57,0.28,0.26,0,58.15,0.28,0.27,0,Direct,SIMPLE,64,RING,SIMPLE,40,1,Direct,A_flag_ceiling
all_gather_perf,3,24,32640,340,float,none,56.77,0.57,0.55,0,56.57,0.58,0.55,0,Direct,SIMPLE,64,RING,SIMPLE,40,1,Direct,A_flag_ceiling
all_gather_perf,3,24,65280,680,float,none,58.06,1.12,1.08,0,58.32,1.12,1.07,0,Direct,SIMPLE,64,RING,SIMPLE,40,1,Direct,A_flag_ceiling
all_gather_perf,3,24,130944,1364,float,none,60.87,2.15,2.06,0,59.55,2.2,2.11,0,Direct,SIMPLE,64,RING,SIMPLE,40,1,Direct,A_flag_ceiling
all_gather_perf,3,24,261888,2728,float,none,59.11,4.43,4.25,0,59.38,4.41,4.23,0,Direct,SIMPLE,64,RING,SIMPLE,40,1,Direct,A_flag_ceiling
all_gather_perf,3,24,524160,5460,float,none,64.14,8.17,7.83,0,64.06,8.18,7.84,0,Direct,SIMPLE,64,RING,SIMPLE,40,1,Direct,A_flag_ceiling
all_gather_perf,3,24,1048320,10920,float,none,74.26,14.12,13.53,0,73.62,14.24,13.65,0,Direct,SIMPLE,64,RING,SIMPLE,40,1,Direct,A_flag_ceiling
all_gather_perf,3,24,2097024,21844,float,none,97.42,21.53,20.63,0,96.77,21.67,20.77,0,Direct,SIMPLE,64,RING,SIMPLE,40,1,Direct,A_flag_ceiling
all_gather_perf,3,24,4194048,43688,float,none,141.57,29.63,28.39,0,136.22,30.79,29.51,0,Direct,SIMPLE,64,RING,SIMPLE,40,1,Direct,A_flag_ceiling
all_gather_perf,3,24,8388480,87380,float,none,447.33,18.75,17.97,0,431.47,19.44,18.63,0,RING,SIMPLE,40,RING,SIMPLE,40,0,RING,A_flag_ceiling
all_gather_perf,3,24,16776960,174760,float,none,427.34,39.26,37.62,0,426.73,39.31,37.68,0,RING,SIMPLE,40,RING,SIMPLE,40,0,RING,A_flag_ceiling
all_gather_perf,3,24,33554304,349524,float,none,444.57,75.48,72.33,0,443.16,75.72,72.56,0,RING,SIMPLE,40,RING,SIMPLE,40,0,RING,A_flag_ceiling
all_gather_perf,3,24,67108608,699048,float,none,453.09,148.11,141.94,0,450.96,148.81,142.61,0,RING,SIMPLE,40,RING,SIMPLE,40,0,RING,A_flag_ceiling
all_gather_perf,3,24,134217600,1398100,float,none,553.77,242.37,232.27,0,540.48,248.33,237.98,0,RING,SIMPLE,40,RING,SIMPLE,40,0,RING,A_flag_ceiling
all_gather_perf,3,24,268435200,2796200,float,none,773.42,347.07,332.61,0,771.95,347.74,333.25,0,RING,SIMPLE,40,RING,SIMPLE,40,0,RING,A_flag_ceiling
all_gather_perf,3,24,536870784,5592404,float,none,1421.86,377.58,361.85,0,1416.2,379.09,363.3,0,RING,SIMPLE,40,RING,SIMPLE,40,0,RING,A_flag_ceiling
all_gather_perf,3,24,3840,40,float,none,57.77,0.07,0.06,0,55.77,0.07,0.07,0,Direct,SIMPLE,64,RING,LL,40,1,Direct,A_flag_ceiling
all_gather_perf,3,24,8064,84,float,none,56.45,0.14,0.14,0,56.39,0.14,0.14,0,Direct,SIMPLE,64,RING,LL,40,1,Direct,A_flag_ceiling
all_gather_perf,3,24,16128,168,float,none,58.67,0.27,0.26,0,57.1,0.28,0.27,0,Direct,SIMPLE,64,RING,LL,40,1,Direct,A_flag_ceiling
all_gather_perf,3,24,32640,340,float,none,55.46,0.59,0.56,0,55.68,0.59,0.56,0,Direct,SIMPLE,64,RING,LL,40,1,Direct,A_flag_ceiling
all_gather_perf,3,24,65280,680,float,none,57.09,1.14,1.1,0,57.29,1.14,1.09,0,Direct,SIMPLE,64,RING,LL,40,1,Direct,A_flag_ceiling
all_gather_perf,3,24,130944,1364,float,none,58.18,2.25,2.16,0,61.92,2.11,2.03,0,Direct,SIMPLE,64,RING,LL,40,1,Direct,A_flag_ceiling
all_gather_perf,3,24,261888,2728,float,none,58.64,4.47,4.28,0,57.52,4.55,4.36,0,Direct,SIMPLE,64,RING,LL,40,1,Direct,A_flag_ceiling
all_gather_perf,3,24,524160,5460,float,none,63.68,8.23,7.89,0,63.76,8.22,7.88,0,Direct,SIMPLE,64,RING,LL,40,1,Direct,A_flag_ceiling
all_gather_perf,3,24,1048320,10920,float,none,74.46,14.08,13.49,0,73.93,14.18,13.59,0,Direct,SIMPLE,64,RING,LL,40,1,Direct,A_flag_ceiling
all_gather_perf,3,24,2097024,21844,float,none,105.84,19.81,18.99,0,96.84,21.65,20.75,0,Direct,SIMPLE,64,RING,LL,40,1,Direct,A_flag_ceiling
all_gather_perf,3,24,4194048,43688,float,none,129.74,32.33,30.98,0,129.16,32.47,31.12,0,Direct,SIMPLE,64,RING,LL,40,1,Direct,A_flag_ceiling
all_gather_perf,3,24,8388480,87380,float,none,332.56,25.22,24.17,0,332.59,25.22,24.17,0,RING,LL,40,RING,LL,40,0,RING,A_flag_ceiling
all_gather_perf,3,24,16776960,174760,float,none,593.24,28.28,27.1,0,586.21,28.62,27.43,0,RING,LL,40,RING,LL,40,0,RING,A_flag_ceiling
all_gather_perf,3,24,33554304,349524,float,none,1007.62,33.3,31.91,0,1011.05,33.19,31.8,0,RING,LL,40,RING,LL,40,0,RING,A_flag_ceiling
all_gather_perf,3,24,67108608,699048,float,none,1827.02,36.73,35.2,0,1820.07,36.87,35.34,0,RING,LL,40,RING,LL,40,0,RING,A_flag_ceiling
all_gather_perf,3,24,134217600,1398100,float,none,3447.17,38.94,37.31,0,3443.3,38.98,37.36,0,RING,LL,40,RING,LL,40,0,RING,A_flag_ceiling
all_gather_perf,3,24,268435200,2796200,float,none,6786.63,39.55,37.91,0,6800.68,39.47,37.83,0,RING,LL,40,RING,LL,40,0,RING,A_flag_ceiling
all_gather_perf,3,24,536870784,5592404,float,none,13456.1,39.9,38.24,0,12824.5,41.86,40.12,0,RING,LL,40,RING,LL,40,0,RING,A_flag_ceiling
all_gather_perf,3,24,3840,40,float,none,59.32,0.06,0.06,0,57.29,0.07,0.06,0,Direct,SIMPLE,64,RING,LL128,40,1,Direct,A_flag_ceiling
all_gather_perf,3,24,8064,84,float,none,57.31,0.14,0.13,0,55.88,0.14,0.14,0,Direct,SIMPLE,64,RING,LL128,40,1,Direct,A_flag_ceiling
all_gather_perf,3,24,16128,168,float,none,59.29,0.27,0.26,0,56.93,0.28,0.27,0,Direct,SIMPLE,64,RING,LL128,40,1,Direct,A_flag_ceiling
all_gather_perf,3,24,32640,340,float,none,55.92,0.58,0.56,0,57.06,0.57,0.55,0,Direct,SIMPLE,64,RING,LL128,40,1,Direct,A_flag_ceiling
all_gather_perf,3,24,65280,680,float,none,57.92,1.13,1.08,0,56.26,1.16,1.11,0,Direct,SIMPLE,64,RING,LL128,40,1,Direct,A_flag_ceiling
all_gather_perf,3,24,130944,1364,float,none,74.39,1.76,1.69,0,59.66,2.19,2.1,0,Direct,SIMPLE,64,RING,LL128,40,1,Direct,A_flag_ceiling
all_gather_perf,3,24,261888,2728,float,none,59.68,4.39,4.21,0,57.95,4.52,4.33,0,Direct,SIMPLE,64,RING,LL128,40,1,Direct,A_flag_ceiling
all_gather_perf,3,24,524160,5460,float,none,64.87,8.08,7.74,0,64.73,8.1,7.76,0,Direct,SIMPLE,64,RING,LL128,40,1,Direct,A_flag_ceiling
all_gather_perf,3,24,1048320,10920,float,none,73.88,14.19,13.6,0,74.15,14.14,13.55,0,Direct,SIMPLE,64,RING,LL128,40,1,Direct,A_flag_ceiling
all_gather_perf,3,24,2097024,21844,float,none,111.7,18.77,17.99,0,96.18,21.8,20.9,0,Direct,SIMPLE,64,RING,LL128,40,1,Direct,A_flag_ceiling
all_gather_perf,3,24,4194048,43688,float,none,133.82,31.34,30.03,0,128.68,32.59,31.23,0,Direct,SIMPLE,64,RING,LL128,40,1,Direct,A_flag_ceiling
all_gather_perf,3,24,8388480,87380,float,none,184.79,45.4,43.5,0,179.23,46.8,44.85,0,RING,LL128,40,RING,LL128,40,0,RING,A_flag_ceiling
all_gather_perf,3,24,16776960,174760,float,none,178.01,94.25,90.32,0,176.75,94.92,90.96,0,RING,LL128,40,RING,LL128,40,0,RING,A_flag_ceiling
all_gather_perf,3,24,33554304,349524,float,none,200.77,167.12,160.16,0,190.96,175.71,168.39,0,RING,LL128,40,RING,LL128,40,0,RING,A_flag_ceiling
all_gather_perf,3,24,67108608,699048,float,none,257.92,260.19,249.35,0,257.59,260.52,249.67,0,RING,LL128,40,RING,LL128,40,0,RING,A_flag_ceiling
all_gather_perf,3,24,134217600,1398100,float,none,491.53,273.06,261.68,0,487.46,275.34,263.87,0,RING,LL128,40,RING,LL128,40,0,RING,A_flag_ceiling
all_gather_perf,3,24,268435200,2796200,float,none,902.28,297.51,285.11,0,902.4,297.47,285.07,0,RING,LL128,40,RING,LL128,40,0,RING,A_flag_ceiling
all_gather_perf,3,24,536870784,5592404,float,none,1764.65,304.24,291.56,0,1758.08,305.37,292.65,0,RING,LL128,40,RING,LL128,40,0,RING,A_flag_ceiling
all_gather_perf,3,24,3840,40,float,none,69.0,0.06,0.05,0,55.53,0.07,0.07,0,Direct,SIMPLE,64,RING,SIMPLE,48,1,Direct,A_flag_ceiling
all_gather_perf,3,24,8064,84,float,none,57.29,0.14,0.13,0,56.38,0.14,0.14,0,Direct,SIMPLE,64,RING,SIMPLE,48,1,Direct,A_flag_ceiling
all_gather_perf,3,24,16128,168,float,none,57.47,0.28,0.27,0,56.44,0.29,0.27,0,Direct,SIMPLE,64,RING,SIMPLE,48,1,Direct,A_flag_ceiling
all_gather_perf,3,24,32640,340,float,none,56.79,0.57,0.55,0,55.93,0.58,0.56,0,Direct,SIMPLE,64,RING,SIMPLE,48,1,Direct,A_flag_ceiling
all_gather_perf,3,24,65280,680,float,none,57.19,1.14,1.09,0,56.21,1.16,1.11,0,Direct,SIMPLE,64,RING,SIMPLE,48,1,Direct,A_flag_ceiling
all_gather_perf,3,24,130944,1364,float,none,59.02,2.22,2.13,0,58.77,2.23,2.14,0,Direct,SIMPLE,64,RING,SIMPLE,48,1,Direct,A_flag_ceiling
all_gather_perf,3,24,261888,2728,float,none,60.2,4.35,4.17,0,58.84,4.45,4.27,0,Direct,SIMPLE,64,RING,SIMPLE,48,1,Direct,A_flag_ceiling
all_gather_perf,3,24,524160,5460,float,none,63.91,8.2,7.86,0,75.18,6.97,6.68,0,Direct,SIMPLE,64,RING,SIMPLE,48,1,Direct,A_flag_ceiling
all_gather_perf,3,24,1048320,10920,float,none,85.27,12.29,11.78,0,73.32,14.3,13.7,0,Direct,SIMPLE,64,RING,SIMPLE,48,1,Direct,A_flag_ceiling
all_gather_perf,3,24,2097024,21844,float,none,94.5,22.19,21.27,0,99.24,21.13,20.25,0,Direct,SIMPLE,64,RING,SIMPLE,48,1,Direct,A_flag_ceiling
all_gather_perf,3,24,4194048,43688,float,none,142.1,29.51,28.28,0,140.83,29.78,28.54,0,Direct,SIMPLE,64,RING,SIMPLE,48,1,Direct,A_flag_ceiling
all_gather_perf,3,24,8388480,87380,float,none,497.94,16.85,16.14,0,482.57,17.38,16.66,0,RING,SIMPLE,48,RING,SIMPLE,48,0,RING,A_flag_ceiling
all_gather_perf,3,24,16776960,174760,float,none,475.94,35.25,33.78,0,469.43,35.74,34.25,0,RING,SIMPLE,48,RING,SIMPLE,48,0,RING,A_flag_ceiling
all_gather_perf,3,24,33554304,349524,float,none,491.91,68.21,65.37,0,492.44,68.14,65.3,0,RING,SIMPLE,48,RING,SIMPLE,48,0,RING,A_flag_ceiling
all_gather_perf,3,24,67108608,699048,float,none,504.53,133.01,127.47,0,503.08,133.39,127.84,0,RING,SIMPLE,48,RING,SIMPLE,48,0,RING,A_flag_ceiling
all_gather_perf,3,24,134217600,1398100,float,none,565.81,237.21,227.33,0,562.97,238.41,228.48,0,RING,SIMPLE,48,RING,SIMPLE,48,0,RING,A_flag_ceiling
all_gather_perf,3,24,268435200,2796200,float,none,782.48,343.06,328.76,0,766.64,350.14,335.56,0,RING,SIMPLE,48,RING,SIMPLE,48,0,RING,A_flag_ceiling
all_gather_perf,3,24,536870784,5592404,float,none,1411.03,380.48,364.63,0,1408.55,381.15,365.27,0,RING,SIMPLE,48,RING,SIMPLE,48,0,RING,A_flag_ceiling
all_gather_perf,3,24,3840,40,float,none,59.7,0.06,0.06,0,56.96,0.07,0.06,0,Direct,SIMPLE,64,RING,LL,48,1,Direct,A_flag_ceiling
all_gather_perf,3,24,8064,84,float,none,57.18,0.14,0.14,0,47.75,0.17,0.16,0,Direct,SIMPLE,64,RING,LL,48,1,Direct,A_flag_ceiling
all_gather_perf,3,24,16128,168,float,none,59.04,0.27,0.26,0,57.12,0.28,0.27,0,Direct,SIMPLE,64,RING,LL,48,1,Direct,A_flag_ceiling
all_gather_perf,3,24,32640,340,float,none,57.69,0.57,0.54,0,56.01,0.58,0.56,0,Direct,SIMPLE,64,RING,LL,48,1,Direct,A_flag_ceiling
all_gather_perf,3,24,65280,680,float,none,57.39,1.14,1.09,0,55.43,1.18,1.13,0,Direct,SIMPLE,64,RING,LL,48,1,Direct,A_flag_ceiling
all_gather_perf,3,24,130944,1364,float,none,58.38,2.24,2.15,0,59.74,2.19,2.1,0,Direct,SIMPLE,64,RING,LL,48,1,Direct,A_flag_ceiling
all_gather_perf,3,24,261888,2728,float,none,58.89,4.45,4.26,0,58.35,4.49,4.3,0,Direct,SIMPLE,64,RING,LL,48,1,Direct,A_flag_ceiling
all_gather_perf,3,24,524160,5460,float,none,64.24,8.16,7.82,0,75.65,6.93,6.64,0,Direct,SIMPLE,64,RING,LL,48,1,Direct,A_flag_ceiling
all_gather_perf,3,24,1048320,10920,float,none,75.01,13.98,13.39,0,74.07,14.15,13.56,0,Direct,SIMPLE,64,RING,LL,48,1,Direct,A_flag_ceiling
all_gather_perf,3,24,2097024,21844,float,none,101.68,20.62,19.77,0,102.18,20.52,19.67,0,Direct,SIMPLE,64,RING,LL,48,1,Direct,A_flag_ceiling
all_gather_perf,3,24,4194048,43688,float,none,142.68,29.39,28.17,0,140.33,29.89,28.64,0,Direct,SIMPLE,64,RING,LL,48,1,Direct,A_flag_ceiling
all_gather_perf,3,24,8388480,87380,float,none,372.3,22.53,21.59,0,372.52,22.52,21.58,0,RING,LL,48,RING,LL,48,0,RING,A_flag_ceiling
all_gather_perf,3,24,16776960,174760,float,none,489.01,34.31,32.88,0,486.86,34.46,33.02,0,RING,LL,48,RING,LL,48,0,RING,A_flag_ceiling
all_gather_perf,3,24,33554304,349524,float,none,943.6,35.56,34.08,0,938.82,35.74,34.25,0,RING,LL,48,RING,LL,48,0,RING,A_flag_ceiling
all_gather_perf,3,24,67108608,699048,float,none,1796.58,37.35,35.8,0,1792.71,37.43,35.87,0,RING,LL,48,RING,LL,48,0,RING,A_flag_ceiling
all_gather_perf,3,24,134217600,1398100,float,none,3473.34,38.64,37.03,0,3465.98,38.72,37.11,0,RING,LL,48,RING,LL,48,0,RING,A_flag_ceiling
all_gather_perf,3,24,268435200,2796200,float,none,6586.95,40.75,39.05,0,6365.6,42.17,40.41,0,RING,LL,48,RING,LL,48,0,RING,A_flag_ceiling
all_gather_perf,3,24,536870784,5592404,float,none,12649.6,42.44,40.67,0,12686.5,42.32,40.55,0,RING,LL,48,RING,LL,48,0,RING,A_flag_ceiling
all_gather_perf,3,24,3840,40,float,none,56.92,0.07,0.06,0,56.41,0.07,0.07,0,Direct,SIMPLE,64,RING,LL128,48,1,Direct,A_flag_ceiling
all_gather_perf,3,24,8064,84,float,none,58.25,0.14,0.13,0,55.66,0.14,0.14,0,Direct,SIMPLE,64,RING,LL128,48,1,Direct,A_flag_ceiling
all_gather_perf,3,24,16128,168,float,none,57.54,0.28,0.27,0,115.32,0.14,0.13,0,Direct,SIMPLE,64,RING,LL128,48,1,Direct,A_flag_ceiling
all_gather_perf,3,24,32640,340,float,none,56.11,0.58,0.56,0,57.37,0.57,0.55,0,Direct,SIMPLE,64,RING,LL128,48,1,Direct,A_flag_ceiling
all_gather_perf,3,24,65280,680,float,none,70.88,0.92,0.88,0,55.91,1.17,1.12,0,Direct,SIMPLE,64,RING,LL128,48,1,Direct,A_flag_ceiling
all_gather_perf,3,24,130944,1364,float,none,86.13,1.52,1.46,0,54.47,2.4,2.3,0,Direct,SIMPLE,64,RING,LL128,48,1,Direct,A_flag_ceiling
all_gather_perf,3,24,261888,2728,float,none,70.81,3.7,3.54,0,113.84,2.3,2.2,0,Direct,SIMPLE,64,RING,LL128,48,1,Direct,A_flag_ceiling
all_gather_perf,3,24,524160,5460,float,none,76.92,6.81,6.53,0,78.76,6.65,6.38,0,Direct,SIMPLE,64,RING,LL128,48,1,Direct,A_flag_ceiling
all_gather_perf,3,24,1048320,10920,float,none,75.54,13.88,13.3,0,73.68,14.23,13.64,0,Direct,SIMPLE,64,RING,LL128,48,1,Direct,A_flag_ceiling
all_gather_perf,3,24,2097024,21844,float,none,104.67,20.04,19.2,0,95.92,21.86,20.95,0,Direct,SIMPLE,64,RING,LL128,48,1,Direct,A_flag_ceiling
all_gather_perf,3,24,4194048,43688,float,none,140.67,29.81,28.57,0,153.53,27.32,26.18,0,Direct,SIMPLE,64,RING,LL128,48,1,Direct,A_flag_ceiling
all_gather_perf,3,24,8388480,87380,float,none,210.67,39.82,38.16,0,196.49,42.69,40.91,0,RING,LL128,48,RING,LL128,48,0,RING,A_flag_ceiling
all_gather_perf,3,24,16776960,174760,float,none,205.97,81.45,78.06,0,205.9,81.48,78.09,0,RING,LL128,48,RING,LL128,48,0,RING,A_flag_ceiling
all_gather_perf,3,24,33554304,349524,float,none,215.68,155.57,149.09,0,214.74,156.26,149.74,0,RING,LL128,48,RING,LL128,48,0,RING,A_flag_ceiling
all_gather_perf,3,24,67108608,699048,float,none,259.32,258.78,248.0,0,316.38,212.11,203.27,0,RING,LL128,48,RING,LL128,48,0,RING,A_flag_ceiling
all_gather_perf,3,24,134217600,1398100,float,none,545.94,245.85,235.6,0,543.64,246.89,236.6,0,RING,LL128,48,RING,LL128,48,0,RING,A_flag_ceiling
all_gather_perf,3,24,268435200,2796200,float,none,898.76,298.67,286.23,0,904.67,296.72,284.36,0,RING,LL128,48,RING,LL128,48,0,RING,A_flag_ceiling
all_gather_perf,3,24,536870784,5592404,float,none,1636.82,328.0,314.33,0,1633.2,328.72,315.03,0,RING,LL128,48,RING,LL128,48,0,RING,A_flag_ceiling
all_gather_perf,3,24,3840,40,float,none,457.91,0.01,0.01,0,640.78,0.01,0.01,0,Direct,SIMPLE,1,RING,SIMPLE,1,1,Direct,A_flag_ceiling
all_gather_perf,3,24,8064,84,float,none,456.83,0.02,0.02,0,456.24,0.02,0.02,0,Direct,SIMPLE,1,RING,SIMPLE,1,1,Direct,A_flag_ceiling
all_gather_perf,3,24,16128,168,float,none,460.12,0.04,0.03,0,455.75,0.04,0.03,0,Direct,SIMPLE,1,RING,SIMPLE,1,1,Direct,A_flag_ceiling
all_gather_perf,3,24,32640,340,float,none,462.05,0.07,0.07,0,458.09,0.07,0.07,0,Direct,SIMPLE,1,RING,SIMPLE,1,1,Direct,A_flag_ceiling
all_gather_perf,3,24,65280,680,float,none,476.22,0.14,0.13,0,472.64,0.14,0.13,0,Direct,SIMPLE,1,RING,SIMPLE,1,1,Direct,A_flag_ceiling
all_gather_perf,3,24,130944,1364,float,none,510.71,0.26,0.25,0,506.98,0.26,0.25,0,Direct,SIMPLE,1,RING,SIMPLE,1,1,Direct,A_flag_ceiling
all_gather_perf,3,24,261888,2728,float,none,516.65,0.51,0.49,0,514.35,0.51,0.49,0,Direct,SIMPLE,1,RING,SIMPLE,1,1,Direct,A_flag_ceiling
all_gather_perf,3,24,524160,5460,float,none,561.86,0.93,0.89,0,559.86,0.94,0.9,0,Direct,SIMPLE,1,RING,SIMPLE,1,1,Direct,A_flag_ceiling
all_gather_perf,3,24,1048320,10920,float,none,607.34,1.73,1.65,0,604.86,1.73,1.66,0,Direct,SIMPLE,1,RING,SIMPLE,1,1,Direct,A_flag_ceiling
all_gather_perf,3,24,2097024,21844,float,none,750.46,2.79,2.68,0,744.94,2.82,2.7,0,Direct,SIMPLE,1,RING,SIMPLE,1,1,Direct,A_flag_ceiling
all_gather_perf,3,24,4194048,43688,float,none,955.38,4.39,4.21,0,946.07,4.43,4.25,0,Direct,SIMPLE,1,RING,SIMPLE,1,1,Direct,A_flag_ceiling
all_gather_perf,3,24,8388480,87380,float,none,655.73,12.79,12.26,0,651.87,12.87,12.33,0,RING,SIMPLE,1,RING,SIMPLE,1,0,RING,A_flag_ceiling
all_gather_perf,3,24,16776960,174760,float,none,1197.13,14.01,13.43,0,1190.22,14.1,13.51,0,RING,SIMPLE,1,RING,SIMPLE,1,0,RING,A_flag_ceiling
all_gather_perf,3,24,33554304,349524,float,none,2284.2,14.69,14.08,0,2261.82,14.84,14.22,0,RING,SIMPLE,1,RING,SIMPLE,1,0,RING,A_flag_ceiling
all_gather_perf,3,24,67108608,699048,float,none,4531.7,14.81,14.19,0,4504.27,14.9,14.28,0,RING,SIMPLE,1,RING,SIMPLE,1,0,RING,A_flag_ceiling
all_gather_perf,3,24,134217600,1398100,float,none,9010.76,14.9,14.27,0,8957.78,14.98,14.36,0,RING,SIMPLE,1,RING,SIMPLE,1,0,RING,A_flag_ceiling
all_gather_perf,3,24,268435200,2796200,float,none,17940.7,14.96,14.34,0,17837.4,15.05,14.42,0,RING,SIMPLE,1,RING,SIMPLE,1,0,RING,A_flag_ceiling
all_gather_perf,3,24,536870784,5592404,float,none,36071.4,14.88,14.26,0,35942.3,14.94,14.31,0,RING,SIMPLE,1,RING,SIMPLE,1,0,RING,A_flag_ceiling
all_gather_perf,3,24,3840,40,float,none,475.51,0.01,0.01,0,453.87,0.01,0.01,0,Direct,SIMPLE,1,RING,LL,1,1,Direct,A_flag_ceiling
all_gather_perf,3,24,8064,84,float,none,471.92,0.02,0.02,0,453.72,0.02,0.02,0,Direct,SIMPLE,1,RING,LL,1,1,Direct,A_flag_ceiling
all_gather_perf,3,24,16128,168,float,none,461.4,0.03,0.03,0,458.76,0.04,0.03,0,Direct,SIMPLE,1,RING,LL,1,1,Direct,A_flag_ceiling
all_gather_perf,3,24,32640,340,float,none,463.07,0.07,0.07,0,458.99,0.07,0.07,0,Direct,SIMPLE,1,RING,LL,1,1,Direct,A_flag_ceiling
all_gather_perf,3,24,65280,680,float,none,475.62,0.14,0.13,0,481.15,0.14,0.13,0,Direct,SIMPLE,1,RING,LL,1,1,Direct,A_flag_ceiling
all_gather_perf,3,24,130944,1364,float,none,512.07,0.26,0.25,0,510.95,0.26,0.25,0,Direct,SIMPLE,1,RING,LL,1,1,Direct,A_flag_ceiling
all_gather_perf,3,24,261888,2728,float,none,516.6,0.51,0.49,0,514.64,0.51,0.49,0,Direct,SIMPLE,1,RING,LL,1,1,Direct,A_flag_ceiling
all_gather_perf,3,24,524160,5460,float,none,565.44,0.93,0.89,0,560.27,0.94,0.9,0,Direct,SIMPLE,1,RING,LL,1,1,Direct,A_flag_ceiling
all_gather_perf,3,24,1048320,10920,float,none,608.72,1.72,1.65,0,605.76,1.73,1.66,0,Direct,SIMPLE,1,RING,LL,1,1,Direct,A_flag_ceiling
all_gather_perf,3,24,2097024,21844,float,none,751.34,2.79,2.67,0,745.9,2.81,2.69,0,Direct,SIMPLE,1,RING,LL,1,1,Direct,A_flag_ceiling
all_gather_perf,3,24,4194048,43688,float,none,958.84,4.37,4.19,0,949.71,4.42,4.23,0,Direct,SIMPLE,1,RING,LL,1,1,Direct,A_flag_ceiling
all_gather_perf,3,24,8388480,87380,float,none,3486.09,2.41,2.31,0,3472.4,2.42,2.32,0,RING,LL,1,RING,LL,1,0,RING,A_flag_ceiling
all_gather_perf,3,24,16776960,174760,float,none,7057.77,2.38,2.28,0,6988.68,2.4,2.3,0,RING,LL,1,RING,LL,1,0,RING,A_flag_ceiling
all_gather_perf,3,24,33554304,349524,float,none,14145.5,2.37,2.27,0,14030.9,2.39,2.29,0,RING,LL,1,RING,LL,1,0,RING,A_flag_ceiling
all_gather_perf,3,24,67108608,699048,float,none,28299.8,2.37,2.27,0,28110.2,2.39,2.29,0,RING,LL,1,RING,LL,1,0,RING,A_flag_ceiling
all_gather_perf,3,24,134217600,1398100,float,none,56684.8,2.37,2.27,0,56201.6,2.39,2.29,0,RING,LL,1,RING,LL,1,0,RING,A_flag_ceiling
all_gather_perf,3,24,268435200,2796200,float,none,112559.0,2.38,2.29,0,112679.0,2.38,2.28,0,RING,LL,1,RING,LL,1,0,RING,A_flag_ceiling
all_gather_perf,3,24,536870784,5592404,float,none,224199.0,2.39,2.29,0,225085.0,2.39,2.29,0,RING,LL,1,RING,LL,1,0,RING,A_flag_ceiling
all_gather_perf,3,24,3840,40,float,none,460.77,0.01,0.01,0,453.63,0.01,0.01,0,Direct,SIMPLE,1,RING,LL128,1,1,Direct,A_flag_ceiling
all_gather_perf,3,24,8064,84,float,none,458.05,0.02,0.02,0,453.13,0.02,0.02,0,Direct,SIMPLE,1,RING,LL128,1,1,Direct,A_flag_ceiling
all_gather_perf,3,24,16128,168,float,none,460.32,0.04,0.03,0,456.04,0.04,0.03,0,Direct,SIMPLE,1,RING,LL128,1,1,Direct,A_flag_ceiling
all_gather_perf,3,24,32640,340,float,none,462.76,0.07,0.07,0,457.87,0.07,0.07,0,Direct,SIMPLE,1,RING,LL128,1,1,Direct,A_flag_ceiling
all_gather_perf,3,24,65280,680,float,none,476.23,0.14,0.13,0,471.65,0.14,0.13,0,Direct,SIMPLE,1,RING,LL128,1,1,Direct,A_flag_ceiling
all_gather_perf,3,24,130944,1364,float,none,512.7,0.26,0.24,0,508.2,0.26,0.25,0,Direct,SIMPLE,1,RING,LL128,1,1,Direct,A_flag_ceiling
all_gather_perf,3,24,261888,2728,float,none,517.56,0.51,0.48,0,514.28,0.51,0.49,0,Direct,SIMPLE,1,RING,LL128,1,1,Direct,A_flag_ceiling
all_gather_perf,3,24,524160,5460,float,none,563.76,0.93,0.89,0,560.66,0.93,0.9,0,Direct,SIMPLE,1,RING,LL128,1,1,Direct,A_flag_ceiling
all_gather_perf,3,24,1048320,10920,float,none,608.72,1.72,1.65,0,605.21,1.73,1.66,0,Direct,SIMPLE,1,RING,LL128,1,1,Direct,A_flag_ceiling
all_gather_perf,3,24,2097024,21844,float,none,750.71,2.79,2.68,0,747.09,2.81,2.69,0,Direct,SIMPLE,1,RING,LL128,1,1,Direct,A_flag_ceiling
all_gather_perf,3,24,4194048,43688,float,none,955.71,4.39,4.21,0,949.17,4.42,4.23,0,Direct,SIMPLE,1,RING,LL128,1,1,Direct,A_flag_ceiling
all_gather_perf,3,24,8388480,87380,float,none,850.68,9.86,9.45,0,853.16,9.83,9.42,0,RING,LL128,1,RING,LL128,1,0,RING,A_flag_ceiling
all_gather_perf,3,24,16776960,174760,float,none,1652.87,10.15,9.73,0,1663.37,10.09,9.67,0,RING,LL128,1,RING,LL128,1,0,RING,A_flag_ceiling
all_gather_perf,3,24,33554304,349524,float,none,3330.12,10.08,9.66,0,3314.56,10.12,9.7,0,RING,LL128,1,RING,LL128,1,0,RING,A_flag_ceiling
all_gather_perf,3,24,67108608,699048,float,none,6577.33,10.2,9.78,0,6585.7,10.19,9.77,0,RING,LL128,1,RING,LL128,1,0,RING,A_flag_ceiling
all_gather_perf,3,24,134217600,1398100,float,none,13264.1,10.12,9.7,0,13209.0,10.16,9.74,0,RING,LL128,1,RING,LL128,1,0,RING,A_flag_ceiling
all_gather_perf,3,24,268435200,2796200,float,none,26234.9,10.23,9.81,0,26263.9,10.22,9.79,0,RING,LL128,1,RING,LL128,1,0,RING,A_flag_ceiling
all_gather_perf,3,24,536870784,5592404,float,none,52679.0,10.19,9.77,0,52596.5,10.21,9.78,0,RING,LL128,1,RING,LL128,1,0,RING,A_flag_ceiling
all_gather_perf,3,24,3840,40,float,none,241.48,0.02,0.02,0,241.93,0.02,0.02,0,Direct,SIMPLE,2,RING,SIMPLE,2,1,Direct,A_flag_ceiling
all_gather_perf,3,24,8064,84,float,none,242.42,0.03,0.03,0,252.88,0.03,0.03,0,Direct,SIMPLE,2,RING,SIMPLE,2,1,Direct,A_flag_ceiling
all_gather_perf,3,24,16128,168,float,none,243.24,0.07,0.06,0,240.15,0.07,0.06,0,Direct,SIMPLE,2,RING,SIMPLE,2,1,Direct,A_flag_ceiling
all_gather_perf,3,24,32640,340,float,none,242.55,0.13,0.13,0,243.04,0.13,0.13,0,Direct,SIMPLE,2,RING,SIMPLE,2,1,Direct,A_flag_ceiling
all_gather_perf,3,24,65280,680,float,none,249.33,0.26,0.25,0,248.19,0.26,0.25,0,Direct,SIMPLE,2,RING,SIMPLE,2,1,Direct,A_flag_ceiling
all_gather_perf,3,24,130944,1364,float,none,266.55,0.49,0.47,0,266.05,0.49,0.47,0,Direct,SIMPLE,2,RING,SIMPLE,2,1,Direct,A_flag_ceiling
all_gather_perf,3,24,261888,2728,float,none,268.7,0.97,0.93,0,269.35,0.97,0.93,0,Direct,SIMPLE,2,RING,SIMPLE,2,1,Direct,A_flag_ceiling
all_gather_perf,3,24,524160,5460,float,none,291.12,1.8,1.73,0,291.39,1.8,1.72,0,Direct,SIMPLE,2,RING,SIMPLE,2,1,Direct,A_flag_ceiling
all_gather_perf,3,24,1048320,10920,float,none,314.14,3.34,3.2,0,328.87,3.19,3.05,0,Direct,SIMPLE,2,RING,SIMPLE,2,1,Direct,A_flag_ceiling
all_gather_perf,3,24,2097024,21844,float,none,386.23,5.43,5.2,0,385.92,5.43,5.21,0,Direct,SIMPLE,2,RING,SIMPLE,2,1,Direct,A_flag_ceiling
all_gather_perf,3,24,4194048,43688,float,none,491.51,8.53,8.18,0,493.33,8.5,8.15,0,Direct,SIMPLE,2,RING,SIMPLE,2,1,Direct,A_flag_ceiling
all_gather_perf,3,24,8388480,87380,float,none,450.73,18.61,17.84,0,447.29,18.75,17.97,0,RING,SIMPLE,2,RING,SIMPLE,2,0,RING,A_flag_ceiling
all_gather_perf,3,24,16776960,174760,float,none,661.0,25.38,24.32,0,654.85,25.62,24.55,0,RING,SIMPLE,2,RING,SIMPLE,2,0,RING,A_flag_ceiling
all_gather_perf,3,24,33554304,349524,float,none,1204.93,27.85,26.69,0,1192.99,28.13,26.95,0,RING,SIMPLE,2,RING,SIMPLE,2,0,RING,A_flag_ceiling
all_gather_perf,3,24,67108608,699048,float,none,2274.39,29.51,28.28,0,2251.75,29.8,28.56,0,RING,SIMPLE,2,RING,SIMPLE,2,0,RING,A_flag_ceiling
all_gather_perf,3,24,134217600,1398100,float,none,4573.42,29.35,28.12,0,4520.19,29.69,28.46,0,RING,SIMPLE,2,RING,SIMPLE,2,0,RING,A_flag_ceiling
all_gather_perf,3,24,268435200,2796200,float,none,9002.67,29.82,28.57,0,8893.84,30.18,28.92,0,RING,SIMPLE,2,RING,SIMPLE,2,0,RING,A_flag_ceiling
all_gather_perf,3,24,536870784,5592404,float,none,18060.1,29.73,28.49,0,17849.0,30.08,28.83,0,RING,SIMPLE,2,RING,SIMPLE,2,0,RING,A_flag_ceiling
all_gather_perf,3,24,3840,40,float,none,259.79,0.01,0.01,0,239.13,0.02,0.02,0,Direct,SIMPLE,2,RING,LL,2,1,Direct,A_flag_ceiling
all_gather_perf,3,24,8064,84,float,none,241.87,0.03,0.03,0,239.34,0.03,0.03,0,Direct,SIMPLE,2,RING,LL,2,1,Direct,A_flag_ceiling
all_gather_perf,3,24,16128,168,float,none,243.33,0.07,0.06,0,241.64,0.07,0.06,0,Direct,SIMPLE,2,RING,LL,2,1,Direct,A_flag_ceiling
all_gather_perf,3,24,32640,340,float,none,244.4,0.13,0.13,0,240.44,0.14,0.13,0,Direct,SIMPLE,2,RING,LL,2,1,Direct,A_flag_ceiling
all_gather_perf,3,24,65280,680,float,none,248.8,0.26,0.25,0,247.35,0.26,0.25,0,Direct,SIMPLE,2,RING,LL,2,1,Direct,A_flag_ceiling
all_gather_perf,3,24,130944,1364,float,none,266.77,0.49,0.47,0,265.27,0.49,0.47,0,Direct,SIMPLE,2,RING,LL,2,1,Direct,A_flag_ceiling
all_gather_perf,3,24,261888,2728,float,none,269.49,0.97,0.93,0,268.56,0.98,0.93,0,Direct,SIMPLE,2,RING,LL,2,1,Direct,A_flag_ceiling
all_gather_perf,3,24,524160,5460,float,none,291.76,1.8,1.72,0,293.15,1.79,1.71,0,Direct,SIMPLE,2,RING,LL,2,1,Direct,A_flag_ceiling
all_gather_perf,3,24,1048320,10920,float,none,314.22,3.34,3.2,0,314.98,3.33,3.19,0,Direct,SIMPLE,2,RING,LL,2,1,Direct,A_flag_ceiling
all_gather_perf,3,24,2097024,21844,float,none,386.18,5.43,5.2,0,388.21,5.4,5.18,0,Direct,SIMPLE,2,RING,LL,2,1,Direct,A_flag_ceiling
all_gather_perf,3,24,4194048,43688,float,none,490.76,8.55,8.19,0,492.77,8.51,8.16,0,Direct,SIMPLE,2,RING,LL,2,1,Direct,A_flag_ceiling
all_gather_perf,3,24,8388480,87380,float,none,1720.29,4.88,4.67,0,1711.04,4.9,4.7,0,RING,LL,2,RING,LL,2,0,RING,A_flag_ceiling
all_gather_perf,3,24,16776960,174760,float,none,3448.63,4.86,4.66,0,3419.36,4.91,4.7,0,RING,LL,2,RING,LL,2,0,RING,A_flag_ceiling
all_gather_perf,3,24,33554304,349524,float,none,6923.56,4.85,4.64,0,6853.43,4.9,4.69,0,RING,LL,2,RING,LL,2,0,RING,A_flag_ceiling
all_gather_perf,3,24,67108608,699048,float,none,13866.4,4.84,4.64,0,13722.6,4.89,4.69,0,RING,LL,2,RING,LL,2,0,RING,A_flag_ceiling
all_gather_perf,3,24,134217600,1398100,float,none,27747.7,4.84,4.64,0,27461.8,4.89,4.68,0,RING,LL,2,RING,LL,2,0,RING,A_flag_ceiling
all_gather_perf,3,24,268435200,2796200,float,none,57162.9,4.7,4.5,0,54858.7,4.89,4.69,0,RING,LL,2,RING,LL,2,0,RING,A_flag_ceiling
all_gather_perf,3,24,536870784,5592404,float,none,110182.0,4.87,4.67,0,110257.0,4.87,4.67,0,RING,LL,2,RING,LL,2,0,RING,A_flag_ceiling
all_gather_perf,3,24,3840,40,float,none,272.9,0.01,0.01,0,238.34,0.02,0.02,0,Direct,SIMPLE,2,RING,LL128,2,1,Direct,A_flag_ceiling
all_gather_perf,3,24,8064,84,float,none,241.37,0.03,0.03,0,295.52,0.03,0.03,0,Direct,SIMPLE,2,RING,LL128,2,1,Direct,A_flag_ceiling
all_gather_perf,3,24,16128,168,float,none,244.28,0.07,0.06,0,250.0,0.06,0.06,0,Direct,SIMPLE,2,RING,LL128,2,1,Direct,A_flag_ceiling
all_gather_perf,3,24,32640,340,float,none,242.8,0.13,0.13,0,241.27,0.14,0.13,0,Direct,SIMPLE,2,RING,LL128,2,1,Direct,A_flag_ceiling
all_gather_perf,3,24,65280,680,float,none,251.91,0.26,0.25,0,250.81,0.26,0.25,0,Direct,SIMPLE,2,RING,LL128,2,1,Direct,A_flag_ceiling
all_gather_perf,3,24,130944,1364,float,none,267.11,0.49,0.47,0,266.64,0.49,0.47,0,Direct,SIMPLE,2,RING,LL128,2,1,Direct,A_flag_ceiling
all_gather_perf,3,24,261888,2728,float,none,270.41,0.97,0.93,0,269.17,0.97,0.93,0,Direct,SIMPLE,2,RING,LL128,2,1,Direct,A_flag_ceiling
all_gather_perf,3,24,524160,5460,float,none,291.49,1.8,1.72,0,283.87,1.85,1.77,0,Direct,SIMPLE,2,RING,LL128,2,1,Direct,A_flag_ceiling
all_gather_perf,3,24,1048320,10920,float,none,326.28,3.21,3.08,0,314.67,3.33,3.19,0,Direct,SIMPLE,2,RING,LL128,2,1,Direct,A_flag_ceiling
all_gather_perf,3,24,2097024,21844,float,none,388.06,5.4,5.18,0,387.47,5.41,5.19,0,Direct,SIMPLE,2,RING,LL128,2,1,Direct,A_flag_ceiling
all_gather_perf,3,24,4194048,43688,float,none,490.85,8.54,8.19,0,499.13,8.4,8.05,0,Direct,SIMPLE,2,RING,LL128,2,1,Direct,A_flag_ceiling
all_gather_perf,3,24,8388480,87380,float,none,439.11,19.1,18.31,0,437.46,19.18,18.38,0,RING,LL128,2,RING,LL128,2,0,RING,A_flag_ceiling
all_gather_perf,3,24,16776960,174760,float,none,849.03,19.76,18.94,0,847.1,19.81,18.98,0,RING,LL128,2,RING,LL128,2,0,RING,A_flag_ceiling
all_gather_perf,3,24,33554304,349524,float,none,1665.02,20.15,19.31,0,1657.87,20.24,19.4,0,RING,LL128,2,RING,LL128,2,0,RING,A_flag_ceiling
all_gather_perf,3,24,67108608,699048,float,none,3315.78,20.24,19.4,0,3318.31,20.22,19.38,0,RING,LL128,2,RING,LL128,2,0,RING,A_flag_ceiling
all_gather_perf,3,24,134217600,1398100,float,none,6596.01,20.35,19.5,0,6628.05,20.25,19.41,0,RING,LL128,2,RING,LL128,2,0,RING,A_flag_ceiling
all_gather_perf,3,24,268435200,2796200,float,none,13212.5,20.32,19.47,0,13229.5,20.29,19.45,0,RING,LL128,2,RING,LL128,2,0,RING,A_flag_ceiling
all_gather_perf,3,24,536870784,5592404,float,none,26378.2,20.35,19.5,0,26392.6,20.34,19.49,0,RING,LL128,2,RING,LL128,2,0,RING,A_flag_ceiling
all_gather_perf,3,24,3840,40,float,none,137.44,0.03,0.03,0,133.34,0.03,0.03,0,Direct,SIMPLE,4,RING,SIMPLE,4,1,Direct,A_flag_ceiling
all_gather_perf,3,24,8064,84,float,none,140.52,0.06,0.05,0,133.46,0.06,0.06,0,Direct,SIMPLE,4,RING,SIMPLE,4,1,Direct,A_flag_ceiling
all_gather_perf,3,24,16128,168,float,none,134.33,0.12,0.12,0,133.37,0.12,0.12,0,Direct,SIMPLE,4,RING,SIMPLE,4,1,Direct,A_flag_ceiling
all_gather_perf,3,24,32640,340,float,none,135.62,0.24,0.23,0,133.44,0.24,0.23,0,Direct,SIMPLE,4,RING,SIMPLE,4,1,Direct,A_flag_ceiling
all_gather_perf,3,24,65280,680,float,none,139.31,0.47,0.45,0,138.04,0.47,0.45,0,Direct,SIMPLE,4,RING,SIMPLE,4,1,Direct,A_flag_ceiling
all_gather_perf,3,24,130944,1364,float,none,146.24,0.9,0.86,0,146.9,0.89,0.85,0,Direct,SIMPLE,4,RING,SIMPLE,4,1,Direct,A_flag_ceiling
all_gather_perf,3,24,261888,2728,float,none,147.99,1.77,1.7,0,148.11,1.77,1.69,0,Direct,SIMPLE,4,RING,SIMPLE,4,1,Direct,A_flag_ceiling
all_gather_perf,3,24,524160,5460,float,none,159.25,3.29,3.15,0,162.27,3.23,3.1,0,Direct,SIMPLE,4,RING,SIMPLE,4,1,Direct,A_flag_ceiling
all_gather_perf,3,24,1048320,10920,float,none,170.58,6.15,5.89,0,171.6,6.11,5.85,0,Direct,SIMPLE,4,RING,SIMPLE,4,1,Direct,A_flag_ceiling
all_gather_perf,3,24,2097024,21844,float,none,210.11,9.98,9.56,0,210.87,9.94,9.53,0,Direct,SIMPLE,4,RING,SIMPLE,4,1,Direct,A_flag_ceiling
all_gather_perf,3,24,4194048,43688,float,none,259.7,16.15,15.48,0,263.34,15.93,15.26,0,Direct,SIMPLE,4,RING,SIMPLE,4,1,Direct,A_flag_ceiling
all_gather_perf,3,24,8388480,87380,float,none,343.66,24.41,23.39,0,341.05,24.6,23.57,0,RING,SIMPLE,4,RING,SIMPLE,4,0,RING,A_flag_ceiling
all_gather_perf,3,24,16776960,174760,float,none,469.48,35.74,34.25,0,466.24,35.98,34.48,0,RING,SIMPLE,4,RING,SIMPLE,4,0,RING,A_flag_ceiling
all_gather_perf,3,24,33554304,349524,float,none,723.04,46.41,44.47,0,716.72,46.82,44.87,0,RING,SIMPLE,4,RING,SIMPLE,4,0,RING,A_flag_ceiling
all_gather_perf,3,24,67108608,699048,float,none,1264.18,53.08,50.87,0,1255.42,53.46,51.23,0,RING,SIMPLE,4,RING,SIMPLE,4,0,RING,A_flag_ceiling
all_gather_perf,3,24,134217600,1398100,float,none,2357.94,56.92,54.55,0,2333.51,57.52,55.12,0,RING,SIMPLE,4,RING,SIMPLE,4,0,RING,A_flag_ceiling
all_gather_perf,3,24,268435200,2796200,float,none,4672.5,57.45,55.06,0,4618.67,58.12,55.7,0,RING,SIMPLE,4,RING,SIMPLE,4,0,RING,A_flag_ceiling
all_gather_perf,3,24,536870784,5592404,float,none,9213.09,58.27,55.84,0,9207.36,58.31,55.88,0,RING,SIMPLE,4,RING,SIMPLE,4,0,RING,A_flag_ceiling
all_gather_perf,3,24,3840,40,float,none,142.63,0.03,0.03,0,133.49,0.03,0.03,0,Direct,SIMPLE,4,RING,LL,4,1,Direct,A_flag_ceiling
all_gather_perf,3,24,8064,84,float,none,133.41,0.06,0.06,0,134.18,0.06,0.06,0,Direct,SIMPLE,4,RING,LL,4,1,Direct,A_flag_ceiling
all_gather_perf,3,24,16128,168,float,none,134.02,0.12,0.12,0,132.29,0.12,0.12,0,Direct,SIMPLE,4,RING,LL,4,1,Direct,A_flag_ceiling
all_gather_perf,3,24,32640,340,float,none,134.41,0.24,0.23,0,132.74,0.25,0.24,0,Direct,SIMPLE,4,RING,LL,4,1,Direct,A_flag_ceiling
all_gather_perf,3,24,65280,680,float,none,136.7,0.48,0.46,0,137.28,0.48,0.46,0,Direct,SIMPLE,4,RING,LL,4,1,Direct,A_flag_ceiling
all_gather_perf,3,24,130944,1364,float,none,145.43,0.9,0.86,0,147.32,0.89,0.85,0,Direct,SIMPLE,4,RING,LL,4,1,Direct,A_flag_ceiling
all_gather_perf,3,24,261888,2728,float,none,148.34,1.77,1.69,0,148.53,1.76,1.69,0,Direct,SIMPLE,4,RING,LL,4,1,Direct,A_flag_ceiling
all_gather_perf,3,24,524160,5460,float,none,158.85,3.3,3.16,0,159.48,3.29,3.15,0,Direct,SIMPLE,4,RING,LL,4,1,Direct,A_flag_ceiling
all_gather_perf,3,24,1048320,10920,float,none,172.52,6.08,5.82,0,171.53,6.11,5.86,0,Direct,SIMPLE,4,RING,LL,4,1,Direct,A_flag_ceiling
all_gather_perf,3,24,2097024,21844,float,none,214.56,9.77,9.37,0,209.56,10.01,9.59,0,Direct,SIMPLE,4,RING,LL,4,1,Direct,A_flag_ceiling
all_gather_perf,3,24,4194048,43688,float,none,262.03,16.01,15.34,0,261.87,16.02,15.35,0,Direct,SIMPLE,4,RING,LL,4,1,Direct,A_flag_ceiling
all_gather_perf,3,24,8388480,87380,float,none,893.94,9.38,8.99,0,892.73,9.4,9.0,0,RING,LL,4,RING,LL,4,0,RING,A_flag_ceiling
all_gather_perf,3,24,16776960,174760,float,none,1751.18,9.58,9.18,0,1739.83,9.64,9.24,0,RING,LL,4,RING,LL,4,0,RING,A_flag_ceiling
all_gather_perf,3,24,33554304,349524,float,none,3511.85,9.55,9.16,0,3500.1,9.59,9.19,0,RING,LL,4,RING,LL,4,0,RING,A_flag_ceiling
all_gather_perf,3,24,67108608,699048,float,none,7053.15,9.51,9.12,0,7030.32,9.55,9.15,0,RING,LL,4,RING,LL,4,0,RING,A_flag_ceiling
all_gather_perf,3,24,134217600,1398100,float,none,14101.5,9.52,9.12,0,14091.4,9.52,9.13,0,RING,LL,4,RING,LL,4,0,RING,A_flag_ceiling
all_gather_perf,3,24,268435200,2796200,float,none,28222.3,9.51,9.12,0,28168.6,9.53,9.13,0,RING,LL,4,RING,LL,4,0,RING,A_flag_ceiling
all_gather_perf,3,24,536870784,5592404,float,none,56236.3,9.55,9.15,0,56152.4,9.56,9.16,0,RING,LL,4,RING,LL,4,0,RING,A_flag_ceiling
all_gather_perf,3,24,3840,40,float,none,135.32,0.03,0.03,0,132.95,0.03,0.03,0,Direct,SIMPLE,4,RING,LL128,4,1,Direct,A_flag_ceiling
all_gather_perf,3,24,8064,84,float,none,135.04,0.06,0.06,0,133.02,0.06,0.06,0,Direct,SIMPLE,4,RING,LL128,4,1,Direct,A_flag_ceiling
all_gather_perf,3,24,16128,168,float,none,134.99,0.12,0.11,0,132.88,0.12,0.12,0,Direct,SIMPLE,4,RING,LL128,4,1,Direct,A_flag_ceiling
all_gather_perf,3,24,32640,340,float,none,133.95,0.24,0.23,0,134.8,0.24,0.23,0,Direct,SIMPLE,4,RING,LL128,4,1,Direct,A_flag_ceiling
all_gather_perf,3,24,65280,680,float,none,136.51,0.48,0.46,0,138.06,0.47,0.45,0,Direct,SIMPLE,4,RING,LL128,4,1,Direct,A_flag_ceiling
all_gather_perf,3,24,130944,1364,float,none,144.93,0.9,0.87,0,146.16,0.9,0.86,0,Direct,SIMPLE,4,RING,LL128,4,1,Direct,A_flag_ceiling
all_gather_perf,3,24,261888,2728,float,none,147.87,1.77,1.7,0,147.18,1.78,1.71,0,Direct,SIMPLE,4,RING,LL128,4,1,Direct,A_flag_ceiling
all_gather_perf,3,24,524160,5460,float,none,159.23,3.29,3.15,0,160.1,3.27,3.14,0,Direct,SIMPLE,4,RING,LL128,4,1,Direct,A_flag_ceiling
all_gather_perf,3,24,1048320,10920,float,none,172.0,6.09,5.84,0,172.82,6.07,5.81,0,Direct,SIMPLE,4,RING,LL128,4,1,Direct,A_flag_ceiling
all_gather_perf,3,24,2097024,21844,float,none,209.89,9.99,9.57,0,210.31,9.97,9.56,0,Direct,SIMPLE,4,RING,LL128,4,1,Direct,A_flag_ceiling
all_gather_perf,3,24,4194048,43688,float,none,260.52,16.1,15.43,0,261.21,16.06,15.39,0,Direct,SIMPLE,4,RING,LL128,4,1,Direct,A_flag_ceiling
all_gather_perf,3,24,8388480,87380,float,none,242.31,34.62,33.18,0,239.48,35.03,33.57,0,RING,LL128,4,RING,LL128,4,0,RING,A_flag_ceiling
all_gather_perf,3,24,16776960,174760,float,none,442.18,37.94,36.36,0,439.31,38.19,36.6,0,RING,LL128,4,RING,LL128,4,0,RING,A_flag_ceiling
all_gather_perf,3,24,33554304,349524,float,none,864.05,38.83,37.22,0,862.33,38.91,37.29,0,RING,LL128,4,RING,LL128,4,0,RING,A_flag_ceiling
all_gather_perf,3,24,67108608,699048,float,none,1687.84,39.76,38.1,0,1675.56,40.05,38.38,0,RING,LL128,4,RING,LL128,4,0,RING,A_flag_ceiling
all_gather_perf,3,24,134217600,1398100,float,none,3365.18,39.88,38.22,0,3337.44,40.22,38.54,0,RING,LL128,4,RING,LL128,4,0,RING,A_flag_ceiling
all_gather_perf,3,24,268435200,2796200,float,none,6705.37,40.03,38.36,0,6673.35,40.22,38.55,0,RING,LL128,4,RING,LL128,4,0,RING,A_flag_ceiling
all_gather_perf,3,24,536870784,5592404,float,none,13360.9,40.18,38.51,0,13363.7,40.17,38.5,0,RING,LL128,4,RING,LL128,4,0,RING,A_flag_ceiling
all_gather_perf,3,24,3840,40,float,none,82.26,0.05,0.04,0,80.29,0.05,0.05,0,Direct,SIMPLE,8,RING,SIMPLE,8,1,Direct,A_flag_ceiling
all_gather_perf,3,24,8064,84,float,none,84.11,0.1,0.09,0,83.22,0.1,0.09,0,Direct,SIMPLE,8,RING,SIMPLE,8,1,Direct,A_flag_ceiling
all_gather_perf,3,24,16128,168,float,none,83.17,0.19,0.19,0,84.46,0.19,0.18,0,Direct,SIMPLE,8,RING,SIMPLE,8,1,Direct,A_flag_ceiling
all_gather_perf,3,24,32640,340,float,none,81.24,0.4,0.39,0,80.99,0.4,0.39,0,Direct,SIMPLE,8,RING,SIMPLE,8,1,Direct,A_flag_ceiling
all_gather_perf,3,24,65280,680,float,none,83.0,0.79,0.75,0,83.01,0.79,0.75,0,Direct,SIMPLE,8,RING,SIMPLE,8,1,Direct,A_flag_ceiling
all_gather_perf,3,24,130944,1364,float,none,88.14,1.49,1.42,0,88.61,1.48,1.42,0,Direct,SIMPLE,8,RING,SIMPLE,8,1,Direct,A_flag_ceiling
all_gather_perf,3,24,261888,2728,float,none,87.37,3.0,2.87,0,87.04,3.01,2.88,0,Direct,SIMPLE,8,RING,SIMPLE,8,1,Direct,A_flag_ceiling
all_gather_perf,3,24,524160,5460,float,none,124.23,4.22,4.04,0,125.89,4.16,3.99,0,Direct,SIMPLE,8,RING,SIMPLE,8,1,Direct,A_flag_ceiling
all_gather_perf,3,24,1048320,10920,float,none,131.53,7.97,7.64,0,131.81,7.95,7.62,0,Direct,SIMPLE,8,RING,SIMPLE,8,1,Direct,A_flag_ceiling
all_gather_perf,3,24,2097024,21844,float,none,132.57,15.82,15.16,0,133.88,15.66,15.01,0,Direct,SIMPLE,8,RING,SIMPLE,8,1,Direct,A_flag_ceiling
all_gather_perf,3,24,4194048,43688,float,none,177.41,23.64,22.66,0,186.56,22.48,21.54,0,Direct,SIMPLE,8,RING,SIMPLE,8,1,Direct,A_flag_ceiling
all_gather_perf,3,24,8388480,87380,float,none,316.43,26.51,25.41,0,313.8,26.73,25.62,0,RING,SIMPLE,8,RING,SIMPLE,8,0,RING,A_flag_ceiling
all_gather_perf,3,24,16776960,174760,float,none,347.72,48.25,46.24,0,346.3,48.45,46.43,0,RING,SIMPLE,8,RING,SIMPLE,8,0,RING,A_flag_ceiling
all_gather_perf,3,24,33554304,349524,float,none,473.66,70.84,67.89,0,467.8,71.73,68.74,0,RING,SIMPLE,8,RING,SIMPLE,8,0,RING,A_flag_ceiling
all_gather_perf,3,24,67108608,699048,float,none,719.64,93.25,89.37,0,713.44,94.06,90.14,0,RING,SIMPLE,8,RING,SIMPLE,8,0,RING,A_flag_ceiling
all_gather_perf,3,24,134217600,1398100,float,none,1279.33,104.91,100.54,0,1262.23,106.33,101.9,0,RING,SIMPLE,8,RING,SIMPLE,8,0,RING,A_flag_ceiling
all_gather_perf,3,24,268435200,2796200,float,none,2358.56,113.81,109.07,0,2324.56,115.48,110.67,0,RING,SIMPLE,8,RING,SIMPLE,8,0,RING,A_flag_ceiling
all_gather_perf,3,24,536870784,5592404,float,none,4731.0,113.48,108.75,0,4653.24,115.38,110.57,0,RING,SIMPLE,8,RING,SIMPLE,8,0,RING,A_flag_ceiling
all_gather_perf,3,24,3840,40,float,none,92.63,0.04,0.04,0,80.15,0.05,0.05,0,Direct,SIMPLE,8,RING,LL,8,1,Direct,A_flag_ceiling
all_gather_perf,3,24,8064,84,float,none,82.05,0.1,0.09,0,80.57,0.1,0.1,0,Direct,SIMPLE,8,RING,LL,8,1,Direct,A_flag_ceiling
all_gather_perf,3,24,16128,168,float,none,82.27,0.2,0.19,0,81.77,0.2,0.19,0,Direct,SIMPLE,8,RING,LL,8,1,Direct,A_flag_ceiling
all_gather_perf,3,24,32640,340,float,none,80.66,0.4,0.39,0,81.11,0.4,0.39,0,Direct,SIMPLE,8,RING,LL,8,1,Direct,A_flag_ceiling
all_gather_perf,3,24,65280,680,float,none,83.38,0.78,0.75,0,82.59,0.79,0.76,0,Direct,SIMPLE,8,RING,LL,8,1,Direct,A_flag_ceiling
all_gather_perf,3,24,130944,1364,float,none,87.47,1.5,1.43,0,89.84,1.46,1.4,0,Direct,SIMPLE,8,RING,LL,8,1,Direct,A_flag_ceiling
all_gather_perf,3,24,261888,2728,float,none,88.35,2.96,2.84,0,88.14,2.97,2.85,0,Direct,SIMPLE,8,RING,LL,8,1,Direct,A_flag_ceiling
all_gather_perf,3,24,524160,5460,float,none,123.59,4.24,4.06,0,109.62,4.78,4.58,0,Direct,SIMPLE,8,RING,LL,8,1,Direct,A_flag_ceiling
all_gather_perf,3,24,1048320,10920,float,none,134.48,7.8,7.47,0,117.43,8.93,8.56,0,Direct,SIMPLE,8,RING,LL,8,1,Direct,A_flag_ceiling
all_gather_perf,3,24,2097024,21844,float,none,132.94,15.77,15.12,0,144.62,14.5,13.9,0,Direct,SIMPLE,8,RING,LL,8,1,Direct,A_flag_ceiling
all_gather_perf,3,24,4194048,43688,float,none,192.15,21.83,20.92,0,173.55,24.17,23.16,0,Direct,SIMPLE,8,RING,LL,8,1,Direct,A_flag_ceiling
all_gather_perf,3,24,8388480,87380,float,none,470.24,17.84,17.1,0,467.71,17.94,17.19,0,RING,LL,8,RING,LL,8,0,RING,A_flag_ceiling
all_gather_perf,3,24,16776960,174760,float,none,907.89,18.48,17.71,0,904.12,18.56,17.78,0,RING,LL,8,RING,LL,8,0,RING,A_flag_ceiling
all_gather_perf,3,24,33554304,349524,float,none,1766.59,18.99,18.2,0,1757.17,19.1,18.3,0,RING,LL,8,RING,LL,8,0,RING,A_flag_ceiling
all_gather_perf,3,24,67108608,699048,float,none,3515.51,19.09,18.29,0,3506.57,19.14,18.34,0,RING,LL,8,RING,LL,8,0,RING,A_flag_ceiling
all_gather_perf,3,24,134217600,1398100,float,none,7045.79,19.05,18.26,0,7003.41,19.16,18.37,0,RING,LL,8,RING,LL,8,0,RING,A_flag_ceiling
all_gather_perf,3,24,268435200,2796200,float,none,14123.5,19.01,18.21,0,14010.4,19.16,18.36,0,RING,LL,8,RING,LL,8,0,RING,A_flag_ceiling
all_gather_perf,3,24,536870784,5592404,float,none,28140.0,19.08,18.28,0,27953.0,19.21,18.41,0,RING,LL,8,RING,LL,8,0,RING,A_flag_ceiling
all_gather_perf,3,24,3840,40,float,none,84.19,0.05,0.04,0,79.87,0.05,0.05,0,Direct,SIMPLE,8,RING,LL128,8,1,Direct,A_flag_ceiling
all_gather_perf,3,24,8064,84,float,none,80.88,0.1,0.1,0,80.21,0.1,0.1,0,Direct,SIMPLE,8,RING,LL128,8,1,Direct,A_flag_ceiling
all_gather_perf,3,24,16128,168,float,none,80.98,0.2,0.19,0,81.32,0.2,0.19,0,Direct,SIMPLE,8,RING,LL128,8,1,Direct,A_flag_ceiling
all_gather_perf,3,24,32640,340,float,none,80.5,0.41,0.39,0,84.12,0.39,0.37,0,Direct,SIMPLE,8,RING,LL128,8,1,Direct,A_flag_ceiling
all_gather_perf,3,24,65280,680,float,none,83.59,0.78,0.75,0,75.51,0.86,0.83,0,Direct,SIMPLE,8,RING,LL128,8,1,Direct,A_flag_ceiling
all_gather_perf,3,24,130944,1364,float,none,87.16,1.5,1.44,0,87.93,1.49,1.43,0,Direct,SIMPLE,8,RING,LL128,8,1,Direct,A_flag_ceiling
all_gather_perf,3,24,261888,2728,float,none,87.77,2.98,2.86,0,87.42,3.0,2.87,0,Direct,SIMPLE,8,RING,LL128,8,1,Direct,A_flag_ceiling
all_gather_perf,3,24,524160,5460,float,none,124.79,4.2,4.03,0,95.43,5.49,5.26,0,Direct,SIMPLE,8,RING,LL128,8,1,Direct,A_flag_ceiling
all_gather_perf,3,24,1048320,10920,float,none,105.42,9.94,9.53,0,110.77,9.46,9.07,0,Direct,SIMPLE,8,RING,LL128,8,1,Direct,A_flag_ceiling
all_gather_perf,3,24,2097024,21844,float,none,133.8,15.67,15.02,0,133.19,15.74,15.09,0,Direct,SIMPLE,8,RING,LL128,8,1,Direct,A_flag_ceiling
all_gather_perf,3,24,4194048,43688,float,none,203.93,20.57,19.71,0,195.78,21.42,20.53,0,Direct,SIMPLE,8,RING,LL128,8,1,Direct,A_flag_ceiling
all_gather_perf,3,24,8388480,87380,float,none,149.56,56.09,53.75,0,148.75,56.39,54.04,0,RING,LL128,8,RING,LL128,8,0,RING,A_flag_ceiling
all_gather_perf,3,24,16776960,174760,float,none,243.07,69.02,66.14,0,240.21,69.84,66.93,0,RING,LL128,8,RING,LL128,8,0,RING,A_flag_ceiling
all_gather_perf,3,24,33554304,349524,float,none,447.98,74.9,71.78,0,442.04,75.91,72.74,0,RING,LL128,8,RING,LL128,8,0,RING,A_flag_ceiling
all_gather_perf,3,24,67108608,699048,float,none,864.94,77.59,74.36,0,859.74,78.06,74.8,0,RING,LL128,8,RING,LL128,8,0,RING,A_flag_ceiling
all_gather_perf,3,24,134217600,1398100,float,none,1687.69,79.53,76.21,0,1688.12,79.51,76.19,0,RING,LL128,8,RING,LL128,8,0,RING,A_flag_ceiling
all_gather_perf,3,24,268435200,2796200,float,none,3365.38,79.76,76.44,0,3349.8,80.13,76.8,0,RING,LL128,8,RING,LL128,8,0,RING,A_flag_ceiling
all_gather_perf,3,24,536870784,5592404,float,none,6729.03,79.78,76.46,0,6692.3,80.22,76.88,0,RING,LL128,8,RING,LL128,8,0,RING,A_flag_ceiling
all_gather_perf,3,24,3840,40,float,none,59.13,0.06,0.06,0,57.76,0.07,0.06,0,Direct,SIMPLE,16,RING,SIMPLE,16,1,Direct,A_flag_ceiling
all_gather_perf,3,24,8064,84,float,none,58.42,0.14,0.13,0,58.21,0.14,0.13,0,Direct,SIMPLE,16,RING,SIMPLE,16,1,Direct,A_flag_ceiling
all_gather_perf,3,24,16128,168,float,none,60.81,0.27,0.25,0,59.8,0.27,0.26,0,Direct,SIMPLE,16,RING,SIMPLE,16,1,Direct,A_flag_ceiling
all_gather_perf,3,24,32640,340,float,none,57.55,0.57,0.54,0,58.93,0.55,0.53,0,Direct,SIMPLE,16,RING,SIMPLE,16,1,Direct,A_flag_ceiling
all_gather_perf,3,24,65280,680,float,none,59.33,1.1,1.05,0,59.69,1.09,1.05,0,Direct,SIMPLE,16,RING,SIMPLE,16,1,Direct,A_flag_ceiling
all_gather_perf,3,24,130944,1364,float,none,88.21,1.48,1.42,0,69.11,1.89,1.82,0,Direct,SIMPLE,16,RING,SIMPLE,16,1,Direct,A_flag_ceiling
all_gather_perf,3,24,261888,2728,float,none,62.56,4.19,4.01,0,63.88,4.1,3.93,0,Direct,SIMPLE,16,RING,SIMPLE,16,1,Direct,A_flag_ceiling
all_gather_perf,3,24,524160,5460,float,none,67.68,7.75,7.42,0,67.93,7.72,7.4,0,Direct,SIMPLE,16,RING,SIMPLE,16,1,Direct,A_flag_ceiling
all_gather_perf,3,24,1048320,10920,float,none,76.01,13.79,13.22,0,75.68,13.85,13.27,0,Direct,SIMPLE,16,RING,SIMPLE,16,1,Direct,A_flag_ceiling
all_gather_perf,3,24,2097024,21844,float,none,108.19,19.38,18.57,0,99.13,21.15,20.27,0,Direct,SIMPLE,16,RING,SIMPLE,16,1,Direct,A_flag_ceiling
all_gather_perf,3,24,4194048,43688,float,none,137.89,30.42,29.15,0,131.31,31.94,30.61,0,Direct,SIMPLE,16,RING,SIMPLE,16,1,Direct,A_flag_ceiling
all_gather_perf,3,24,8388480,87380,float,none,328.86,25.51,24.44,0,327.66,25.6,24.53,0,RING,SIMPLE,16,RING,SIMPLE,16,0,RING,A_flag_ceiling
all_gather_perf,3,24,16776960,174760,float,none,332.97,50.39,48.29,0,331.93,50.54,48.44,0,RING,SIMPLE,16,RING,SIMPLE,16,0,RING,A_flag_ceiling
all_gather_perf,3,24,33554304,349524,float,none,362.13,92.66,88.8,0,361.56,92.8,88.94,0,RING,SIMPLE,16,RING,SIMPLE,16,0,RING,A_flag_ceiling
all_gather_perf,3,24,67108608,699048,float,none,474.59,141.4,135.51,0,471.91,142.21,136.28,0,RING,SIMPLE,16,RING,SIMPLE,16,0,RING,A_flag_ceiling
all_gather_perf,3,24,134217600,1398100,float,none,733.86,182.89,175.27,0,727.82,184.41,176.73,0,RING,SIMPLE,16,RING,SIMPLE,16,0,RING,A_flag_ceiling
all_gather_perf,3,24,268435200,2796200,float,none,1283.83,209.09,200.38,0,1270.8,211.23,202.43,0,RING,SIMPLE,16,RING,SIMPLE,16,0,RING,A_flag_ceiling
all_gather_perf,3,24,536870784,5592404,float,none,2370.4,226.49,217.05,0,2342.84,229.15,219.61,0,RING,SIMPLE,16,RING,SIMPLE,16,0,RING,A_flag_ceiling
all_gather_perf,3,24,3840,40,float,none,63.45,0.06,0.06,0,67.47,0.06,0.05,0,Direct,SIMPLE,16,RING,LL,16,1,Direct,A_flag_ceiling
all_gather_perf,3,24,8064,84,float,none,58.81,0.14,0.13,0,63.02,0.13,0.12,0,Direct,SIMPLE,16,RING,LL,16,1,Direct,A_flag_ceiling
all_gather_perf,3,24,16128,168,float,none,89.63,0.18,0.17,0,120.68,0.13,0.13,0,Direct,SIMPLE,16,RING,LL,16,1,Direct,A_flag_ceiling
all_gather_perf,3,24,32640,340,float,none,58.09,0.56,0.54,0,58.22,0.56,0.54,0,Direct,SIMPLE,16,RING,LL,16,1,Direct,A_flag_ceiling
all_gather_perf,3,24,65280,680,float,none,60.18,1.08,1.04,0,59.49,1.1,1.05,0,Direct,SIMPLE,16,RING,LL,16,1,Direct,A_flag_ceiling
all_gather_perf,3,24,130944,1364,float,none,63.01,2.08,1.99,0,63.27,2.07,1.98,0,Direct,SIMPLE,16,RING,LL,16,1,Direct,A_flag_ceiling
all_gather_perf,3,24,261888,2728,float,none,62.53,4.19,4.01,0,62.98,4.16,3.98,0,Direct,SIMPLE,16,RING,LL,16,1,Direct,A_flag_ceiling
all_gather_perf,3,24,524160,5460,float,none,68.49,7.65,7.33,0,80.83,6.48,6.21,0,Direct,SIMPLE,16,RING,LL,16,1,Direct,A_flag_ceiling
all_gather_perf,3,24,1048320,10920,float,none,76.23,13.75,13.18,0,75.59,13.87,13.29,0,Direct,SIMPLE,16,RING,LL,16,1,Direct,A_flag_ceiling
all_gather_perf,3,24,2097024,21844,float,none,97.21,21.57,20.67,0,101.42,20.68,19.82,0,Direct,SIMPLE,16,RING,LL,16,1,Direct,A_flag_ceiling
all_gather_perf,3,24,4194048,43688,float,none,130.06,32.25,30.9,0,132.78,31.59,30.27,0,Direct,SIMPLE,16,RING,LL,16,1,Direct,A_flag_ceiling
all_gather_perf,3,24,8388480,87380,float,none,319.46,26.26,25.16,0,318.33,26.35,25.25,0,RING,LL,16,RING,LL,16,0,RING,A_flag_ceiling
all_gather_perf,3,24,16776960,174760,float,none,526.04,31.89,30.56,0,526.83,31.85,30.52,0,RING,LL,16,RING,LL,16,0,RING,A_flag_ceiling
all_gather_perf,3,24,33554304,349524,float,none,1002.39,33.47,32.08,0,1003.07,33.45,32.06,0,RING,LL,16,RING,LL,16,0,RING,A_flag_ceiling
all_gather_perf,3,24,67108608,699048,float,none,1907.21,35.19,33.72,0,1900.33,35.31,33.84,0,RING,LL,16,RING,LL,16,0,RING,A_flag_ceiling
all_gather_perf,3,24,134217600,1398100,float,none,3735.55,35.93,34.43,0,3788.18,35.43,33.95,0,RING,LL,16,RING,LL,16,0,RING,A_flag_ceiling
all_gather_perf,3,24,268435200,2796200,float,none,7403.92,36.26,34.75,0,7406.91,36.24,34.73,0,RING,LL,16,RING,LL,16,0,RING,A_flag_ceiling
all_gather_perf,3,24,536870784,5592404,float,none,14837.2,36.18,34.68,0,14670.1,36.6,35.07,0,RING,LL,16,RING,LL,16,0,RING,A_flag_ceiling
all_gather_perf,3,24,3840,40,float,none,59.04,0.07,0.06,0,60.83,0.06,0.06,0,Direct,SIMPLE,16,RING,LL128,16,1,Direct,A_flag_ceiling
all_gather_perf,3,24,8064,84,float,none,58.57,0.14,0.13,0,59.12,0.14,0.13,0,Direct,SIMPLE,16,RING,LL128,16,1,Direct,A_flag_ceiling
all_gather_perf,3,24,16128,168,float,none,60.15,0.27,0.26,0,61.33,0.26,0.25,0,Direct,SIMPLE,16,RING,LL128,16,1,Direct,A_flag_ceiling
all_gather_perf,3,24,32640,340,float,none,58.59,0.56,0.53,0,58.33,0.56,0.54,0,Direct,SIMPLE,16,RING,LL128,16,1,Direct,A_flag_ceiling
all_gather_perf,3,24,65280,680,float,none,59.98,1.09,1.04,0,59.3,1.1,1.05,0,Direct,SIMPLE,16,RING,LL128,16,1,Direct,A_flag_ceiling
all_gather_perf,3,24,130944,1364,float,none,63.73,2.05,1.97,0,67.29,1.95,1.86,0,Direct,SIMPLE,16,RING,LL128,16,1,Direct,A_flag_ceiling
all_gather_perf,3,24,261888,2728,float,none,62.84,4.17,3.99,0,62.18,4.21,4.04,0,Direct,SIMPLE,16,RING,LL128,16,1,Direct,A_flag_ceiling
all_gather_perf,3,24,524160,5460,float,none,79.28,6.61,6.34,0,68.25,7.68,7.36,0,Direct,SIMPLE,16,RING,LL128,16,1,Direct,A_flag_ceiling
all_gather_perf,3,24,1048320,10920,float,none,76.43,13.72,13.14,0,87.02,12.05,11.55,0,Direct,SIMPLE,16,RING,LL128,16,1,Direct,A_flag_ceiling
all_gather_perf,3,24,2097024,21844,float,none,97.29,21.55,20.66,0,97.92,21.41,20.52,0,Direct,SIMPLE,16,RING,LL128,16,1,Direct,A_flag_ceiling
all_gather_perf,3,24,4194048,43688,float,none,129.11,32.48,31.13,0,131.47,31.9,30.57,0,Direct,SIMPLE,16,RING,LL128,16,1,Direct,A_flag_ceiling
all_gather_perf,3,24,8388480,87380,float,none,113.77,73.73,70.66,0,112.9,74.3,71.2,0,RING,LL128,16,RING,LL128,16,0,RING,A_flag_ceiling
all_gather_perf,3,24,16776960,174760,float,none,156.24,107.38,102.9,0,155.65,107.79,103.3,0,RING,LL128,16,RING,LL128,16,0,RING,A_flag_ceiling
all_gather_perf,3,24,33554304,349524,float,none,257.81,130.15,124.73,0,253.9,132.15,126.65,0,RING,LL128,16,RING,LL128,16,0,RING,A_flag_ceiling
all_gather_perf,3,24,67108608,699048,float,none,468.79,143.15,137.19,0,464.56,144.46,138.44,0,RING,LL128,16,RING,LL128,16,0,RING,A_flag_ceiling
all_gather_perf,3,24,134217600,1398100,float,none,912.28,147.12,140.99,0,906.66,148.04,141.87,0,RING,LL128,16,RING,LL128,16,0,RING,A_flag_ceiling
all_gather_perf,3,24,268435200,2796200,float,none,1776.45,151.11,144.81,0,1760.36,152.49,146.13,0,RING,LL128,16,RING,LL128,16,0,RING,A_flag_ceiling
all_gather_perf,3,24,536870784,5592404,float,none,3544.16,151.48,145.17,0,3512.48,152.85,146.48,0,RING,LL128,16,RING,LL128,16,0,RING,A_flag_ceiling
all_gather_perf,3,24,3840,40,float,none,64.4,0.06,0.06,0,56.78,0.07,0.06,0,Direct,SIMPLE,32,RING,SIMPLE,24,1,Direct,A_flag_ceiling
all_gather_perf,3,24,8064,84,float,none,57.39,0.14,0.13,0,55.87,0.14,0.14,0,Direct,SIMPLE,32,RING,SIMPLE,24,1,Direct,A_flag_ceiling
all_gather_perf,3,24,16128,168,float,none,57.87,0.28,0.27,0,57.96,0.28,0.27,0,Direct,SIMPLE,32,RING,SIMPLE,24,1,Direct,A_flag_ceiling
all_gather_perf,3,24,32640,340,float,none,57.35,0.57,0.55,0,56.17,0.58,0.56,0,Direct,SIMPLE,32,RING,SIMPLE,24,1,Direct,A_flag_ceiling
all_gather_perf,3,24,65280,680,float,none,57.63,1.13,1.09,0,56.66,1.15,1.1,0,Direct,SIMPLE,32,RING,SIMPLE,24,1,Direct,A_flag_ceiling
all_gather_perf,3,24,130944,1364,float,none,69.6,1.88,1.8,0,62.06,2.11,2.02,0,Direct,SIMPLE,32,RING,SIMPLE,24,1,Direct,A_flag_ceiling
all_gather_perf,3,24,261888,2728,float,none,52.71,4.97,4.76,0,73.11,3.58,3.43,0,Direct,SIMPLE,32,RING,SIMPLE,24,1,Direct,A_flag_ceiling
all_gather_perf,3,24,524160,5460,float,none,87.4,6.0,5.75,0,76.88,6.82,6.53,0,Direct,SIMPLE,32,RING,SIMPLE,24,1,Direct,A_flag_ceiling
all_gather_perf,3,24,1048320,10920,float,none,86.86,12.07,11.57,0,73.69,14.23,13.63,0,Direct,SIMPLE,32,RING,SIMPLE,24,1,Direct,A_flag_ceiling
all_gather_perf,3,24,2097024,21844,float,none,95.77,21.9,20.98,0,97.24,21.56,20.67,0,Direct,SIMPLE,32,RING,SIMPLE,24,1,Direct,A_flag_ceiling
all_gather_perf,3,24,4194048,43688,float,none,138.4,30.3,29.04,0,139.23,30.12,28.87,0,Direct,SIMPLE,32,RING,SIMPLE,24,1,Direct,A_flag_ceiling
all_gather_perf,3,24,8388480,87380,float,none,347.36,24.15,23.14,0,342.64,24.48,23.46,0,RING,SIMPLE,24,RING,SIMPLE,24,0,RING,A_flag_ceiling
all_gather_perf,3,24,16776960,174760,float,none,359.34,46.69,44.74,0,357.69,46.9,44.95,0,RING,SIMPLE,24,RING,SIMPLE,24,0,RING,A_flag_ceiling
all_gather_perf,3,24,33554304,349524,float,none,359.01,93.46,89.57,0,358.71,93.54,89.64,0,RING,SIMPLE,24,RING,SIMPLE,24,0,RING,A_flag_ceiling
all_gather_perf,3,24,67108608,699048,float,none,415.4,161.55,154.82,0,414.28,161.99,155.24,0,RING,SIMPLE,24,RING,SIMPLE,24,0,RING,A_flag_ceiling
all_gather_perf,3,24,134217600,1398100,float,none,584.3,229.71,220.13,0,582.69,230.34,220.74,0,RING,SIMPLE,24,RING,SIMPLE,24,0,RING,A_flag_ceiling
all_gather_perf,3,24,268435200,2796200,float,none,954.04,281.37,269.64,0,950.83,282.32,270.55,0,RING,SIMPLE,24,RING,SIMPLE,24,0,RING,A_flag_ceiling
all_gather_perf,3,24,536870784,5592404,float,none,1683.71,318.86,305.58,0,1682.97,319.0,305.71,0,RING,SIMPLE,24,RING,SIMPLE,24,0,RING,A_flag_ceiling
all_gather_perf,3,24,3840,40,float,none,57.39,0.07,0.06,0,56.63,0.07,0.06,0,Direct,SIMPLE,32,RING,LL,24,1,Direct,A_flag_ceiling
all_gather_perf,3,24,8064,84,float,none,57.68,0.14,0.13,0,52.42,0.15,0.15,0,Direct,SIMPLE,32,RING,LL,24,1,Direct,A_flag_ceiling
all_gather_perf,3,24,16128,168,float,none,58.0,0.28,0.27,0,57.08,0.28,0.27,0,Direct,SIMPLE,32,RING,LL,24,1,Direct,A_flag_ceiling
all_gather_perf,3,24,32640,340,float,none,55.93,0.58,0.56,0,56.52,0.58,0.55,0,Direct,SIMPLE,32,RING,LL,24,1,Direct,A_flag_ceiling
all_gather_perf,3,24,65280,680,float,none,57.01,1.15,1.1,0,57.99,1.13,1.08,0,Direct,SIMPLE,32,RING,LL,24,1,Direct,A_flag_ceiling
all_gather_perf,3,24,130944,1364,float,none,59.58,2.2,2.11,0,59.41,2.2,2.11,0,Direct,SIMPLE,32,RING,LL,24,1,Direct,A_flag_ceiling
all_gather_perf,3,24,261888,2728,float,none,70.28,3.73,3.57,0,58.63,4.47,4.28,0,Direct,SIMPLE,32,RING,LL,24,1,Direct,A_flag_ceiling
all_gather_perf,3,24,524160,5460,float,none,64.0,8.19,7.85,0,76.61,6.84,6.56,0,Direct,SIMPLE,32,RING,LL,24,1,Direct,A_flag_ceiling
all_gather_perf,3,24,1048320,10920,float,none,74.62,14.05,13.46,0,86.21,12.16,11.65,0,Direct,SIMPLE,32,RING,LL,24,1,Direct,A_flag_ceiling
all_gather_perf,3,24,2097024,21844,float,none,94.74,22.14,21.21,0,108.48,19.33,18.53,0,Direct,SIMPLE,32,RING,LL,24,1,Direct,A_flag_ceiling
all_gather_perf,3,24,4194048,43688,float,none,128.7,32.59,31.23,0,128.3,32.69,31.33,0,Direct,SIMPLE,32,RING,LL,24,1,Direct,A_flag_ceiling
all_gather_perf,3,24,8388480,87380,float,none,271.28,30.92,29.63,0,271.67,30.88,29.59,0,RING,LL,24,RING,LL,24,0,RING,A_flag_ceiling
all_gather_perf,3,24,16776960,174760,float,none,512.1,32.76,31.4,0,541.75,30.97,29.68,0,RING,LL,24,RING,LL,24,0,RING,A_flag_ceiling
all_gather_perf,3,24,33554304,349524,float,none,956.88,35.07,33.61,0,948.4,35.38,33.91,0,RING,LL,24,RING,LL,24,0,RING,A_flag_ceiling
all_gather_perf,3,24,67108608,699048,float,none,1824.48,36.78,35.25,0,1832.11,36.63,35.1,0,RING,LL,24,RING,LL,24,0,RING,A_flag_ceiling
all_gather_perf,3,24,134217600,1398100,float,none,3562.12,37.68,36.11,0,3572.2,37.57,36.01,0,RING,LL,24,RING,LL,24,0,RING,A_flag_ceiling
all_gather_perf,3,24,268435200,2796200,float,none,7161.43,37.48,35.92,0,7066.64,37.99,36.4,0,RING,LL,24,RING,LL,24,0,RING,A_flag_ceiling
all_gather_perf,3,24,536870784,5592404,float,none,14053.6,38.2,36.61,0,14038.4,38.24,36.65,0,RING,LL,24,RING,LL,24,0,RING,A_flag_ceiling
all_gather_perf,3,24,3840,40,float,none,57.72,0.07,0.06,0,56.48,0.07,0.07,0,Direct,SIMPLE,32,RING,LL128,24,1,Direct,A_flag_ceiling
all_gather_perf,3,24,8064,84,float,none,58.13,0.14,0.13,0,56.17,0.14,0.14,0,Direct,SIMPLE,32,RING,LL128,24,1,Direct,A_flag_ceiling
all_gather_perf,3,24,16128,168,float,none,60.73,0.27,0.25,0,56.98,0.28,0.27,0,Direct,SIMPLE,32,RING,LL128,24,1,Direct,A_flag_ceiling
all_gather_perf,3,24,32640,340,float,none,56.13,0.58,0.56,0,55.16,0.59,0.57,0,Direct,SIMPLE,32,RING,LL128,24,1,Direct,A_flag_ceiling
all_gather_perf,3,24,65280,680,float,none,57.52,1.13,1.09,0,56.69,1.15,1.1,0,Direct,SIMPLE,32,RING,LL128,24,1,Direct,A_flag_ceiling
all_gather_perf,3,24,130944,1364,float,none,58.47,2.24,2.15,0,59.97,2.18,2.09,0,Direct,SIMPLE,32,RING,LL128,24,1,Direct,A_flag_ceiling
all_gather_perf,3,24,261888,2728,float,none,60.12,4.36,4.17,0,57.81,4.53,4.34,0,Direct,SIMPLE,32,RING,LL128,24,1,Direct,A_flag_ceiling
all_gather_perf,3,24,524160,5460,float,none,64.03,8.19,7.84,0,64.3,8.15,7.81,0,Direct,SIMPLE,32,RING,LL128,24,1,Direct,A_flag_ceiling
all_gather_perf,3,24,1048320,10920,float,none,74.8,14.02,13.43,0,75.0,13.98,13.39,0,Direct,SIMPLE,32,RING,LL128,24,1,Direct,A_flag_ceiling
all_gather_perf,3,24,2097024,21844,float,none,96.47,21.74,20.83,0,108.24,19.37,18.57,0,Direct,SIMPLE,32,RING,LL128,24,1,Direct,A_flag_ceiling
all_gather_perf,3,24,4194048,43688,float,none,143.02,29.32,28.1,0,151.65,27.66,26.5,0,Direct,SIMPLE,32,RING,LL128,24,1,Direct,A_flag_ceiling
all_gather_perf,3,24,8388480,87380,float,none,133.9,62.65,60.04,0,132.52,63.3,60.66,0,RING,LL128,24,RING,LL128,24,0,RING,A_flag_ceiling
all_gather_perf,3,24,16776960,174760,float,none,141.37,118.67,113.73,0,139.14,120.58,115.55,0,RING,LL128,24,RING,LL128,24,0,RING,A_flag_ceiling
all_gather_perf,3,24,33554304,349524,float,none,203.29,165.06,158.18,0,202.61,165.61,158.71,0,RING,LL128,24,RING,LL128,24,0,RING,A_flag_ceiling
all_gather_perf,3,24,67108608,699048,float,none,382.05,175.66,168.34,0,380.77,176.24,168.9,0,RING,LL128,24,RING,LL128,24,0,RING,A_flag_ceiling
all_gather_perf,3,24,134217600,1398100,float,none,667.14,201.18,192.8,0,662.25,202.67,194.22,0,RING,LL128,24,RING,LL128,24,0,RING,A_flag_ceiling
all_gather_perf,3,24,268435200,2796200,float,none,1257.79,213.42,204.53,0,1250.96,214.58,205.64,0,RING,LL128,24,RING,LL128,24,0,RING,A_flag_ceiling
all_gather_perf,3,24,536870784,5592404,float,none,2502.83,214.51,205.57,0,2478.27,216.63,207.6,0,RING,LL128,24,RING,LL128,24,0,RING,A_flag_ceiling
all_gather_perf,3,24,3840,40,float,none,57.78,0.07,0.06,0,57.36,0.07,0.06,0,Direct,SIMPLE,32,RING,SIMPLE,32,1,Direct,A_flag_ceiling
all_gather_perf,3,24,8064,84,float,none,56.55,0.14,0.14,0,56.35,0.14,0.14,0,Direct,SIMPLE,32,RING,SIMPLE,32,1,Direct,A_flag_ceiling
all_gather_perf,3,24,16128,168,float,none,59.03,0.27,0.26,0,58.22,0.28,0.27,0,Direct,SIMPLE,32,RING,SIMPLE,32,1,Direct,A_flag_ceiling
all_gather_perf,3,24,32640,340,float,none,57.15,0.57,0.55,0,56.48,0.58,0.55,0,Direct,SIMPLE,32,RING,SIMPLE,32,1,Direct,A_flag_ceiling
all_gather_perf,3,24,65280,680,float,none,58.43,1.12,1.07,0,58.0,1.13,1.08,0,Direct,SIMPLE,32,RING,SIMPLE,32,1,Direct,A_flag_ceiling
all_gather_perf,3,24,130944,1364,float,none,72.24,1.81,1.74,0,60.51,2.16,2.07,0,Direct,SIMPLE,32,RING,SIMPLE,32,1,Direct,A_flag_ceiling
all_gather_perf,3,24,261888,2728,float,none,59.71,4.39,4.2,0,58.46,4.48,4.29,0,Direct,SIMPLE,32,RING,SIMPLE,32,1,Direct,A_flag_ceiling
all_gather_perf,3,24,524160,5460,float,none,64.74,8.1,7.76,0,64.71,8.1,7.76,0,Direct,SIMPLE,32,RING,SIMPLE,32,1,Direct,A_flag_ceiling
all_gather_perf,3,24,1048320,10920,float,none,74.87,14.0,13.42,0,74.24,14.12,13.53,0,Direct,SIMPLE,32,RING,SIMPLE,32,1,Direct,A_flag_ceiling
all_gather_perf,3,24,2097024,21844,float,none,105.22,19.93,19.1,0,103.23,20.31,19.47,0,Direct,SIMPLE,32,RING,SIMPLE,32,1,Direct,A_flag_ceiling
all_gather_perf,3,24,4194048,43688,float,none,133.89,31.33,30.02,0,130.62,32.11,30.77,0,Direct,SIMPLE,32,RING,SIMPLE,32,1,Direct,A_flag_ceiling
all_gather_perf,3,24,8388480,87380,float,none,386.2,21.72,20.82,0,380.57,22.04,21.12,0,RING,SIMPLE,32,RING,SIMPLE,32,0,RING,A_flag_ceiling
all_gather_perf,3,24,16776960,174760,float,none,388.03,43.24,41.43,0,387.49,43.3,41.49,0,RING,SIMPLE,32,RING,SIMPLE,32,0,RING,A_flag_ceiling
all_gather_perf,3,24,33554304,349524,float,none,395.27,84.89,81.35,0,395.09,84.93,81.39,0,RING,SIMPLE,32,RING,SIMPLE,32,0,RING,A_flag_ceiling
all_gather_perf,3,24,67108608,699048,float,none,415.85,161.38,154.65,0,413.11,162.45,155.68,0,RING,SIMPLE,32,RING,SIMPLE,32,0,RING,A_flag_ceiling
all_gather_perf,3,24,134217600,1398100,float,none,524.05,256.12,245.45,0,532.86,251.88,241.39,0,RING,SIMPLE,32,RING,SIMPLE,32,0,RING,A_flag_ceiling
all_gather_perf,3,24,268435200,2796200,float,none,803.17,334.22,320.29,0,799.83,335.62,321.63,0,RING,SIMPLE,32,RING,SIMPLE,32,0,RING,A_flag_ceiling
all_gather_perf,3,24,536870784,5592404,float,none,1447.65,370.86,355.41,0,1437.94,373.36,357.8,0,RING,SIMPLE,32,RING,SIMPLE,32,0,RING,A_flag_ceiling
all_gather_perf,3,24,3840,40,float,none,59.49,0.06,0.06,0,56.45,0.07,0.07,0,Direct,SIMPLE,32,RING,LL,32,1,Direct,A_flag_ceiling
all_gather_perf,3,24,8064,84,float,none,55.88,0.14,0.14,0,77.61,0.1,0.1,0,Direct,SIMPLE,32,RING,LL,32,1,Direct,A_flag_ceiling
all_gather_perf,3,24,16128,168,float,none,58.93,0.27,0.26,0,58.98,0.27,0.26,0,Direct,SIMPLE,32,RING,LL,32,1,Direct,A_flag_ceiling
all_gather_perf,3,24,32640,340,float,none,55.25,0.59,0.57,0,57.44,0.57,0.54,0,Direct,SIMPLE,32,RING,LL,32,1,Direct,A_flag_ceiling
all_gather_perf,3,24,65280,680,float,none,58.14,1.12,1.08,0,58.16,1.12,1.08,0,Direct,SIMPLE,32,RING,LL,32,1,Direct,A_flag_ceiling
all_gather_perf,3,24,130944,1364,float,none,69.18,1.89,1.81,0,59.26,2.21,2.12,0,Direct,SIMPLE,32,RING,LL,32,1,Direct,A_flag_ceiling
all_gather_perf,3,24,261888,2728,float,none,58.67,4.46,4.28,0,58.3,4.49,4.31,0,Direct,SIMPLE,32,RING,LL,32,1,Direct,A_flag_ceiling
all_gather_perf,3,24,524160,5460,float,none,64.11,8.18,7.83,0,76.7,6.83,6.55,0,Direct,SIMPLE,32,RING,LL,32,1,Direct,A_flag_ceiling
all_gather_perf,3,24,1048320,10920,float,none,97.23,10.78,10.33,0,86.28,12.15,11.64,0,Direct,SIMPLE,32,RING,LL,32,1,Direct,A_flag_ceiling
all_gather_perf,3,24,2097024,21844,float,none,95.15,22.04,21.12,0,97.17,21.58,20.68,0,Direct,SIMPLE,32,RING,LL,32,1,Direct,A_flag_ceiling
all_gather_perf,3,24,4194048,43688,float,none,139.85,29.99,28.74,0,128.62,32.61,31.25,0,Direct,SIMPLE,32,RING,LL,32,1,Direct,A_flag_ceiling
all_gather_perf,3,24,8388480,87380,float,none,311.26,26.95,25.83,0,310.55,27.01,25.89,0,RING,LL,32,RING,LL,32,0,RING,A_flag_ceiling
all_gather_perf,3,24,16776960,174760,float,none,570.33,29.42,28.19,0,565.24,29.68,28.44,0,RING,LL,32,RING,LL,32,0,RING,A_flag_ceiling
all_gather_perf,3,24,33554304,349524,float,none,971.07,34.55,33.11,0,990.25,33.88,32.47,0,RING,LL,32,RING,LL,32,0,RING,A_flag_ceiling
all_gather_perf,3,24,67108608,699048,float,none,1773.96,37.83,36.25,0,1775.09,37.81,36.23,0,RING,LL,32,RING,LL,32,0,RING,A_flag_ceiling
all_gather_perf,3,24,134217600,1398100,float,none,3362.71,39.91,38.25,0,3418.93,39.26,37.62,0,RING,LL,32,RING,LL,32,0,RING,A_flag_ceiling
all_gather_perf,3,24,268435200,2796200,float,none,6976.99,38.47,36.87,0,6719.9,39.95,38.28,0,RING,LL,32,RING,LL,32,0,RING,A_flag_ceiling
all_gather_perf,3,24,536870784,5592404,float,none,13283.7,40.42,38.73,0,13312.2,40.33,38.65,0,RING,LL,32,RING,LL,32,0,RING,A_flag_ceiling
all_gather_perf,3,24,3840,40,float,none,71.01,0.05,0.05,0,70.44,0.05,0.05,0,Direct,SIMPLE,32,RING,LL128,32,1,Direct,A_flag_ceiling
all_gather_perf,3,24,8064,84,float,none,58.33,0.14,0.13,0,57.27,0.14,0.13,0,Direct,SIMPLE,32,RING,LL128,32,1,Direct,A_flag_ceiling
all_gather_perf,3,24,16128,168,float,none,61.27,0.26,0.25,0,58.09,0.28,0.27,0,Direct,SIMPLE,32,RING,LL128,32,1,Direct,A_flag_ceiling
all_gather_perf,3,24,32640,340,float,none,56.53,0.58,0.55,0,56.51,0.58,0.55,0,Direct,SIMPLE,32,RING,LL128,32,1,Direct,A_flag_ceiling
all_gather_perf,3,24,65280,680,float,none,58.55,1.11,1.07,0,56.71,1.15,1.1,0,Direct,SIMPLE,32,RING,LL128,32,1,Direct,A_flag_ceiling
all_gather_perf,3,24,130944,1364,float,none,58.14,2.25,2.16,0,60.7,2.16,2.07,0,Direct,SIMPLE,32,RING,LL128,32,1,Direct,A_flag_ceiling
all_gather_perf,3,24,261888,2728,float,none,59.62,4.39,4.21,0,57.95,4.52,4.33,0,Direct,SIMPLE,32,RING,LL128,32,1,Direct,A_flag_ceiling
all_gather_perf,3,24,524160,5460,float,none,64.8,8.09,7.75,0,77.3,6.78,6.5,0,Direct,SIMPLE,32,RING,LL128,32,1,Direct,A_flag_ceiling
all_gather_perf,3,24,1048320,10920,float,none,88.71,11.82,11.32,0,74.4,14.09,13.5,0,Direct,SIMPLE,32,RING,LL128,32,1,Direct,A_flag_ceiling
all_gather_perf,3,24,2097024,21844,float,none,110.05,19.06,18.26,0,98.51,21.29,20.4,0,Direct,SIMPLE,32,RING,LL128,32,1,Direct,A_flag_ceiling
all_gather_perf,3,24,4194048,43688,float,none,134.92,31.08,29.79,0,141.02,29.74,28.5,0,Direct,SIMPLE,32,RING,LL128,32,1,Direct,A_flag_ceiling
all_gather_perf,3,24,8388480,87380,float,none,156.34,53.66,51.42,0,155.33,54.01,51.76,0,RING,LL128,32,RING,LL128,32,0,RING,A_flag_ceiling
all_gather_perf,3,24,16776960,174760,float,none,160.45,104.56,100.21,0,159.04,105.49,101.09,0,RING,LL128,32,RING,LL128,32,0,RING,A_flag_ceiling
all_gather_perf,3,24,33554304,349524,float,none,177.24,189.32,181.43,0,176.79,189.8,181.89,0,RING,LL128,32,RING,LL128,32,0,RING,A_flag_ceiling
all_gather_perf,3,24,67108608,699048,float,none,287.13,233.72,223.98,0,295.54,227.07,217.61,0,RING,LL128,32,RING,LL128,32,0,RING,A_flag_ceiling
all_gather_perf,3,24,134217600,1398100,float,none,535.04,250.85,240.4,0,523.57,256.35,245.67,0,RING,LL128,32,RING,LL128,32,0,RING,A_flag_ceiling
all_gather_perf,3,24,268435200,2796200,float,none,1011.91,265.27,254.22,0,1013.2,264.94,253.9,0,RING,LL128,32,RING,LL128,32,0,RING,A_flag_ceiling
all_gather_perf,3,24,536870784,5592404,float,none,1975.31,271.79,260.47,0,1965.27,273.18,261.8,0,RING,LL128,32,RING,LL128,32,0,RING,A_flag_ceiling
all_gather_perf,3,24,3840,40,float,none,59.78,0.06,0.06,0,56.58,0.07,0.07,0,Direct,SIMPLE,64,RING,SIMPLE,40,1,Direct,A_flag_ceiling
all_gather_perf,3,24,8064,84,float,none,56.65,0.14,0.14,0,57.09,0.14,0.14,0,Direct,SIMPLE,64,RING,SIMPLE,40,1,Direct,A_flag_ceiling
all_gather_perf,3,24,16128,168,float,none,58.13,0.28,0.27,0,57.21,0.28,0.27,0,Direct,SIMPLE,64,RING,SIMPLE,40,1,Direct,A_flag_ceiling
all_gather_perf,3,24,32640,340,float,none,55.55,0.59,0.56,0,57.41,0.57,0.54,0,Direct,SIMPLE,64,RING,SIMPLE,40,1,Direct,A_flag_ceiling
all_gather_perf,3,24,65280,680,float,none,59.38,1.1,1.05,0,56.5,1.16,1.11,0,Direct,SIMPLE,64,RING,SIMPLE,40,1,Direct,A_flag_ceiling
all_gather_perf,3,24,130944,1364,float,none,86.07,1.52,1.46,0,58.64,2.23,2.14,0,Direct,SIMPLE,64,RING,SIMPLE,40,1,Direct,A_flag_ceiling
all_gather_perf,3,24,261888,2728,float,none,59.34,4.41,4.23,0,57.46,4.56,4.37,0,Direct,SIMPLE,64,RING,SIMPLE,40,1,Direct,A_flag_ceiling
all_gather_perf,3,24,524160,5460,float,none,77.71,6.75,6.46,0,76.78,6.83,6.54,0,Direct,SIMPLE,64,RING,SIMPLE,40,1,Direct,A_flag_ceiling
all_gather_perf,3,24,1048320,10920,float,none,74.8,14.01,13.43,0,74.02,14.16,13.57,0,Direct,SIMPLE,64,RING,SIMPLE,40,1,Direct,A_flag_ceiling
all_gather_perf,3,24,2097024,21844,float,none,96.03,21.84,20.93,0,107.16,19.57,18.75,0,Direct,SIMPLE,64,RING,SIMPLE,40,1,Direct,A_flag_ceiling
all_gather_perf,3,24,4194048,43688,float,none,139.01,30.17,28.91,0,136.48,30.73,29.45,0,Direct,SIMPLE,64,RING,SIMPLE,40,1,Direct,A_flag_ceiling
all_gather_perf,3,24,8388480,87380,float,none,447.72,18.74,17.96,0,438.6,19.13,18.33,0,RING,SIMPLE,40,RING,SIMPLE,40,0,RING,A_flag_ceiling
all_gather_perf,3,24,16776960,174760,float,none,432.82,38.76,37.15,0,423.67,39.6,37.95,0,RING,SIMPLE,40,RING,SIMPLE,40,0,RING,A_flag_ceiling
all_gather_perf,3,24,33554304,349524,float,none,439.73,76.31,73.13,0,442.09,75.9,72.74,0,RING,SIMPLE,40,RING,SIMPLE,40,0,RING,A_flag_ceiling
all_gather_perf,3,24,67108608,699048,float,none,459.23,146.13,140.05,0,457.43,146.71,140.59,0,RING,SIMPLE,40,RING,SIMPLE,40,0,RING,A_flag_ceiling
all_gather_perf,3,24,134217600,1398100,float,none,529.04,253.7,243.13,0,529.39,253.53,242.97,0,RING,SIMPLE,40,RING,SIMPLE,40,0,RING,A_flag_ceiling
all_gather_perf,3,24,268435200,2796200,float,none,779.57,344.34,329.99,0,771.16,348.09,333.59,0,RING,SIMPLE,40,RING,SIMPLE,40,0,RING,A_flag_ceiling
all_gather_perf,3,24,536870784,5592404,float,none,1419.86,378.11,362.36,0,1413.57,379.8,363.97,0,RING,SIMPLE,40,RING,SIMPLE,40,0,RING,A_flag_ceiling
all_gather_perf,3,24,3840,40,float,none,58.7,0.07,0.06,0,56.73,0.07,0.06,0,Direct,SIMPLE,64,RING,LL,40,1,Direct,A_flag_ceiling
all_gather_perf,3,24,8064,84,float,none,56.61,0.14,0.14,0,56.87,0.14,0.14,0,Direct,SIMPLE,64,RING,LL,40,1,Direct,A_flag_ceiling
all_gather_perf,3,24,16128,168,float,none,59.83,0.27,0.26,0,59.43,0.27,0.26,0,Direct,SIMPLE,64,RING,LL,40,1,Direct,A_flag_ceiling
all_gather_perf,3,24,32640,340,float,none,55.7,0.59,0.56,0,55.92,0.58,0.56,0,Direct,SIMPLE,64,RING,LL,40,1,Direct,A_flag_ceiling
all_gather_perf,3,24,65280,680,float,none,70.75,0.92,0.88,0,56.38,1.16,1.11,0,Direct,SIMPLE,64,RING,LL,40,1,Direct,A_flag_ceiling
all_gather_perf,3,24,130944,1364,float,none,69.82,1.88,1.8,0,73.93,1.77,1.7,0,Direct,SIMPLE,64,RING,LL,40,1,Direct,A_flag_ceiling
all_gather_perf,3,24,261888,2728,float,none,58.19,4.5,4.31,0,58.53,4.47,4.29,0,Direct,SIMPLE,64,RING,LL,40,1,Direct,A_flag_ceiling
all_gather_perf,3,24,524160,5460,float,none,63.74,8.22,7.88,0,64.95,8.07,7.73,0,Direct,SIMPLE,64,RING,LL,40,1,Direct,A_flag_ceiling
all_gather_perf,3,24,1048320,10920,float,none,75.89,13.81,13.24,0,74.64,14.05,13.46,0,Direct,SIMPLE,64,RING,LL,40,1,Direct,A_flag_ceiling
all_gather_perf,3,24,2097024,21844,float,none,95.74,21.9,20.99,0,96.77,21.67,20.77,0,Direct,SIMPLE,64,RING,LL,40,1,Direct,A_flag_ceiling
all_gather_perf,3,24,4194048,43688,float,none,145.57,28.81,27.61,0,137.0,30.61,29.34,0,Direct,SIMPLE,64,RING,LL,40,1,Direct,A_flag_ceiling
all_gather_perf,3,24,8388480,87380,float,none,334.23,25.1,24.05,0,333.46,25.16,24.11,0,RING,LL,40,RING,LL,40,0,RING,A_flag_ceiling
all_gather_perf,3,24,16776960,174760,float,none,567.42,29.57,28.34,0,558.62,30.03,28.78,0,RING,LL,40,RING,LL,40,0,RING,A_flag_ceiling
all_gather_perf,3,24,33554304,349524,float,none,943.73,35.55,34.07,0,931.8,36.01,34.51,0,RING,LL,40,RING,LL,40,0,RING,A_flag_ceiling
all_gather_perf,3,24,67108608,699048,float,none,1718.71,39.05,37.42,0,1727.44,38.85,37.23,0,RING,LL,40,RING,LL,40,0,RING,A_flag_ceiling
all_gather_perf,3,24,134217600,1398100,float,none,3252.99,41.26,39.54,0,3279.23,40.93,39.22,0,RING,LL,40,RING,LL,40,0,RING,A_flag_ceiling
all_gather_perf,3,24,268435200,2796200,float,none,6463.56,41.53,39.8,0,6462.0,41.54,39.81,0,RING,LL,40,RING,LL,40,0,RING,A_flag_ceiling
all_gather_perf,3,24,536870784,5592404,float,none,12753.4,42.1,40.34,0,12696.5,42.29,40.52,0,RING,LL,40,RING,LL,40,0,RING,A_flag_ceiling
all_gather_perf,3,24,3840,40,float,none,71.81,0.05,0.05,0,56.27,0.07,0.07,0,Direct,SIMPLE,64,RING,LL128,40,1,Direct,A_flag_ceiling
all_gather_perf,3,24,8064,84,float,none,56.7,0.14,0.14,0,55.86,0.14,0.14,0,Direct,SIMPLE,64,RING,LL128,40,1,Direct,A_flag_ceiling
all_gather_perf,3,24,16128,168,float,none,60.02,0.27,0.26,0,58.03,0.28,0.27,0,Direct,SIMPLE,64,RING,LL128,40,1,Direct,A_flag_ceiling
all_gather_perf,3,24,32640,340,float,none,56.78,0.57,0.55,0,55.94,0.58,0.56,0,Direct,SIMPLE,64,RING,LL128,40,1,Direct,A_flag_ceiling
all_gather_perf,3,24,65280,680,float,none,58.11,1.12,1.08,0,56.85,1.15,1.1,0,Direct,SIMPLE,64,RING,LL128,40,1,Direct,A_flag_ceiling
all_gather_perf,3,24,130944,1364,float,none,84.99,1.54,1.48,0,59.17,2.21,2.12,0,Direct,SIMPLE,64,RING,LL128,40,1,Direct,A_flag_ceiling
all_gather_perf,3,24,261888,2728,float,none,58.78,4.46,4.27,0,58.62,4.47,4.28,0,Direct,SIMPLE,64,RING,LL128,40,1,Direct,A_flag_ceiling
all_gather_perf,3,24,524160,5460,float,none,63.35,8.27,7.93,0,64.29,8.15,7.81,0,Direct,SIMPLE,64,RING,LL128,40,1,Direct,A_flag_ceiling
all_gather_perf,3,24,1048320,10920,float,none,75.21,13.94,13.36,0,73.93,14.18,13.59,0,Direct,SIMPLE,64,RING,LL128,40,1,Direct,A_flag_ceiling
all_gather_perf,3,24,2097024,21844,float,none,108.4,19.34,18.54,0,96.92,21.64,20.73,0,Direct,SIMPLE,64,RING,LL128,40,1,Direct,A_flag_ceiling
all_gather_perf,3,24,4194048,43688,float,none,132.44,31.67,30.35,0,129.04,32.5,31.15,0,Direct,SIMPLE,64,RING,LL128,40,1,Direct,A_flag_ceiling
all_gather_perf,3,24,8388480,87380,float,none,180.72,46.42,44.48,0,178.18,47.08,45.12,0,RING,LL128,40,RING,LL128,40,0,RING,A_flag_ceiling
all_gather_perf,3,24,16776960,174760,float,none,180.99,92.69,88.83,0,180.74,92.82,88.96,0,RING,LL128,40,RING,LL128,40,0,RING,A_flag_ceiling
all_gather_perf,3,24,33554304,349524,float,none,191.88,174.88,167.59,0,192.2,174.58,167.31,0,RING,LL128,40,RING,LL128,40,0,RING,A_flag_ceiling
all_gather_perf,3,24,67108608,699048,float,none,259.63,258.48,247.71,0,258.62,259.49,248.68,0,RING,LL128,40,RING,LL128,40,0,RING,A_flag_ceiling
all_gather_perf,3,24,134217600,1398100,float,none,490.24,273.78,262.37,0,497.61,269.72,258.48,0,RING,LL128,40,RING,LL128,40,0,RING,A_flag_ceiling
all_gather_perf,3,24,268435200,2796200,float,none,895.38,299.8,287.31,0,918.52,292.25,280.07,0,RING,LL128,40,RING,LL128,40,0,RING,A_flag_ceiling
all_gather_perf,3,24,536870784,5592404,float,none,1767.95,303.67,291.02,0,1763.99,304.35,291.67,0,RING,LL128,40,RING,LL128,40,0,RING,A_flag_ceiling
all_gather_perf,3,24,3840,40,float,none,58.1,0.07,0.06,0,56.83,0.07,0.06,0,Direct,SIMPLE,64,RING,SIMPLE,48,1,Direct,A_flag_ceiling
all_gather_perf,3,24,8064,84,float,none,56.84,0.14,0.14,0,55.62,0.14,0.14,0,Direct,SIMPLE,64,RING,SIMPLE,48,1,Direct,A_flag_ceiling
all_gather_perf,3,24,16128,168,float,none,57.57,0.28,0.27,0,58.03,0.28,0.27,0,Direct,SIMPLE,64,RING,SIMPLE,48,1,Direct,A_flag_ceiling
all_gather_perf,3,24,32640,340,float,none,55.1,0.59,0.57,0,56.62,0.58,0.55,0,Direct,SIMPLE,64,RING,SIMPLE,48,1,Direct,A_flag_ceiling
all_gather_perf,3,24,65280,680,float,none,59.2,1.1,1.06,0,56.52,1.16,1.11,0,Direct,SIMPLE,64,RING,SIMPLE,48,1,Direct,A_flag_ceiling
all_gather_perf,3,24,130944,1364,float,none,58.7,2.23,2.14,0,58.62,2.23,2.14,0,Direct,SIMPLE,64,RING,SIMPLE,48,1,Direct,A_flag_ceiling
all_gather_perf,3,24,261888,2728,float,none,59.83,4.38,4.19,0,58.07,4.51,4.32,0,Direct,SIMPLE,64,RING,SIMPLE,48,1,Direct,A_flag_ceiling
all_gather_perf,3,24,524160,5460,float,none,63.42,8.26,7.92,0,63.2,8.29,7.95,0,Direct,SIMPLE,64,RING,SIMPLE,48,1,Direct,A_flag_ceiling
all_gather_perf,3,24,1048320,10920,float,none,76.41,13.72,13.15,0,74.2,14.13,13.54,0,Direct,SIMPLE,64,RING,SIMPLE,48,1,Direct,A_flag_ceiling
all_gather_perf,3,24,2097024,21844,float,none,95.88,21.87,20.96,0,97.57,21.49,20.6,0,Direct,SIMPLE,64,RING,SIMPLE,48,1,Direct,A_flag_ceiling
all_gather_perf,3,24,4194048,43688,float,none,140.07,29.94,28.7,0,142.19,29.5,28.27,0,Direct,SIMPLE,64,RING,SIMPLE,48,1,Direct,A_flag_ceiling
all_gather_perf,3,24,8388480,87380,float,none,492.92,17.02,16.31,0,480.82,17.45,16.72,0,RING,SIMPLE,48,RING,SIMPLE,48,0,RING,A_flag_ceiling
all_gather_perf,3,24,16776960,174760,float,none,475.49,35.28,33.81,0,470.56,35.65,34.17,0,RING,SIMPLE,48,RING,SIMPLE,48,0,RING,A_flag_ceiling
all_gather_perf,3,24,33554304,349524,float,none,490.1,68.46,65.61,0,491.09,68.33,65.48,0,RING,SIMPLE,48,RING,SIMPLE,48,0,RING,A_flag_ceiling
all_gather_perf,3,24,67108608,699048,float,none,509.6,131.69,126.2,0,518.98,129.31,123.92,0,RING,SIMPLE,48,RING,SIMPLE,48,0,RING,A_flag_ceiling
all_gather_perf,3,24,134217600,1398100,float,none,562.29,238.7,228.75,0,568.73,235.99,226.16,0,RING,SIMPLE,48,RING,SIMPLE,48,0,RING,A_flag_ceiling
all_gather_perf,3,24,268435200,2796200,float,none,766.96,350.0,335.41,0,767.48,349.76,335.19,0,RING,SIMPLE,48,RING,SIMPLE,48,0,RING,A_flag_ceiling
all_gather_perf,3,24,536870784,5592404,float,none,1545.76,347.32,332.85,0,1407.35,381.48,365.58,0,RING,SIMPLE,48,RING,SIMPLE,48,0,RING,A_flag_ceiling
all_gather_perf,3,24,3840,40,float,none,58.57,0.07,0.06,0,55.82,0.07,0.07,0,Direct,SIMPLE,64,RING,LL,48,1,Direct,A_flag_ceiling
all_gather_perf,3,24,8064,84,float,none,57.54,0.14,0.13,0,55.15,0.15,0.14,0,Direct,SIMPLE,64,RING,LL,48,1,Direct,A_flag_ceiling
all_gather_perf,3,24,16128,168,float,none,60.51,0.27,0.26,0,57.15,0.28,0.27,0,Direct,SIMPLE,64,RING,LL,48,1,Direct,A_flag_ceiling
all_gather_perf,3,24,32640,340,float,none,55.11,0.59,0.57,0,56.38,0.58,0.55,0,Direct,SIMPLE,64,RING,LL,48,1,Direct,A_flag_ceiling
all_gather_perf,3,24,65280,680,float,none,56.92,1.15,1.1,0,57.51,1.14,1.09,0,Direct,SIMPLE,64,RING,LL,48,1,Direct,A_flag_ceiling
all_gather_perf,3,24,130944,1364,float,none,73.17,1.79,1.71,0,67.45,1.94,1.86,0,Direct,SIMPLE,64,RING,LL,48,1,Direct,A_flag_ceiling
all_gather_perf,3,24,261888,2728,float,none,58.41,4.48,4.3,0,59.51,4.4,4.22,0,Direct,SIMPLE,64,RING,LL,48,1,Direct,A_flag_ceiling
all_gather_perf,3,24,524160,5460,float,none,63.48,8.26,7.91,0,75.75,6.92,6.63,0,Direct,SIMPLE,64,RING,LL,48,1,Direct,A_flag_ceiling
all_gather_perf,3,24,1048320,10920,float,none,97.8,10.72,10.27,0,73.65,14.23,13.64,0,Direct,SIMPLE,64,RING,LL,48,1,Direct,A_flag_ceiling
all_gather_perf,3,24,2097024,21844,float,none,103.81,20.2,19.36,0,106.56,19.68,18.86,0,Direct,SIMPLE,64,RING,LL,48,1,Direct,A_flag_ceiling
all_gather_perf,3,24,4194048,43688,float,none,145.72,28.78,27.58,0,142.86,29.36,28.13,0,Direct,SIMPLE,64,RING,LL,48,1,Direct,A_flag_ceiling
all_gather_perf,3,24,8388480,87380,float,none,361.27,23.22,22.25,0,362.82,23.12,22.16,0,RING,LL,48,RING,LL,48,0,RING,A_flag_ceiling
all_gather_perf,3,24,16776960,174760,float,none,476.97,35.17,33.71,0,476.43,35.21,33.75,0,RING,LL,48,RING,LL,48,0,RING,A_flag_ceiling
all_gather_perf,3,24,33554304,349524,float,none,920.07,36.47,34.95,0,924.62,36.29,34.78,0,RING,LL,48,RING,LL,48,0,RING,A_flag_ceiling
all_gather_perf,3,24,67108608,699048,float,none,1775.56,37.8,36.22,0,1769.19,37.93,36.35,0,RING,LL,48,RING,LL,48,0,RING,A_flag_ceiling
all_gather_perf,3,24,134217600,1398100,float,none,3441.01,39.01,37.38,0,3439.24,39.03,37.4,0,RING,LL,48,RING,LL,48,0,RING,A_flag_ceiling
all_gather_perf,3,24,268435200,2796200,float,none,6688.43,40.13,38.46,0,6662.82,40.29,38.61,0,RING,LL,48,RING,LL,48,0,RING,A_flag_ceiling
all_gather_perf,3,24,536870784,5592404,float,none,13090.6,41.01,39.3,0,12612.9,42.57,40.79,0,RING,LL,48,RING,LL,48,0,RING,A_flag_ceiling
all_gather_perf,3,24,3840,40,float,none,57.81,0.07,0.06,0,56.73,0.07,0.06,0,Direct,SIMPLE,64,RING,LL128,48,1,Direct,A_flag_ceiling
all_gather_perf,3,24,8064,84,float,none,56.32,0.14,0.14,0,56.21,0.14,0.14,0,Direct,SIMPLE,64,RING,LL128,48,1,Direct,A_flag_ceiling
all_gather_perf,3,24,16128,168,float,none,58.69,0.27,0.26,0,56.06,0.29,0.28,0,Direct,SIMPLE,64,RING,LL128,48,1,Direct,A_flag_ceiling
all_gather_perf,3,24,32640,340,float,none,55.65,0.59,0.56,0,55.15,0.59,0.57,0,Direct,SIMPLE,64,RING,LL128,48,1,Direct,A_flag_ceiling
all_gather_perf,3,24,65280,680,float,none,57.71,1.13,1.08,0,55.84,1.17,1.12,0,Direct,SIMPLE,64,RING,LL128,48,1,Direct,A_flag_ceiling
all_gather_perf,3,24,130944,1364,float,none,72.33,1.81,1.73,0,58.34,2.24,2.15,0,Direct,SIMPLE,64,RING,LL128,48,1,Direct,A_flag_ceiling
all_gather_perf,3,24,261888,2728,float,none,64.72,4.05,3.88,0,65.53,4.0,3.83,0,Direct,SIMPLE,64,RING,LL128,48,1,Direct,A_flag_ceiling
all_gather_perf,3,24,524160,5460,float,none,63.52,8.25,7.91,0,74.56,7.03,6.74,0,Direct,SIMPLE,64,RING,LL128,48,1,Direct,A_flag_ceiling
all_gather_perf,3,24,1048320,10920,float,none,75.99,13.8,13.22,0,73.79,14.21,13.61,0,Direct,SIMPLE,64,RING,LL128,48,1,Direct,A_flag_ceiling
all_gather_perf,3,24,2097024,21844,float,none,94.87,22.1,21.18,0,107.65,19.48,18.67,0,Direct,SIMPLE,64,RING,LL128,48,1,Direct,A_flag_ceiling
all_gather_perf,3,24,4194048,43688,float,none,140.39,29.88,28.63,0,140.41,29.87,28.63,0,Direct,SIMPLE,64,RING,LL128,48,1,Direct,A_flag_ceiling
all_gather_perf,3,24,8388480,87380,float,none,206.13,40.7,39.0,0,204.57,41.0,39.3,0,RING,LL128,48,RING,LL128,48,0,RING,A_flag_ceiling
all_gather_perf,3,24,16776960,174760,float,none,205.73,81.55,78.15,0,205.95,81.46,78.07,0,RING,LL128,48,RING,LL128,48,0,RING,A_flag_ceiling
all_gather_perf,3,24,33554304,349524,float,none,214.7,156.28,149.77,0,213.23,157.36,150.8,0,RING,LL128,48,RING,LL128,48,0,RING,A_flag_ceiling
all_gather_perf,3,24,67108608,699048,float,none,268.58,249.87,239.46,0,255.67,262.48,251.55,0,RING,LL128,48,RING,LL128,48,0,RING,A_flag_ceiling
all_gather_perf,3,24,134217600,1398100,float,none,546.08,245.78,235.54,0,544.96,246.29,236.03,0,RING,LL128,48,RING,LL128,48,0,RING,A_flag_ceiling
all_gather_perf,3,24,268435200,2796200,float,none,898.28,298.83,286.38,0,895.94,299.61,287.13,0,RING,LL128,48,RING,LL128,48,0,RING,A_flag_ceiling
all_gather_perf,3,24,536870784,5592404,float,none,1640.26,327.31,313.67,0,1636.85,327.99,314.32,0,RING,LL128,48,RING,LL128,48,0,RING,A_flag_ceiling
