collective,num_nodes,num_gpus,size_bytes,count,data_type,redop,time_oop_us,algbw_oop,busbw_oop,errors_oop,time_ip_us,algbw_ip,busbw_ip,errors_ip,algo,proto,nchannels,requested_algo,requested_proto,requested_nchannels,substituted,measured_algo_raw,nchannels_source
all_gather_perf,1,8,4096,128,float,none,45.18,0.09,0.08,0,41.51,0.1,0.09,0,Direct,SIMPLE,4,RING,SIMPLE,1,1,Direct,A_flag_ceiling
all_gather_perf,1,8,8192,256,float,none,46.9,0.17,0.15,0,43.37,0.19,0.17,0,Direct,SIMPLE,4,RING,SIMPLE,1,1,Direct,A_flag_ceiling
all_gather_perf,1,8,16384,512,float,none,53.2,0.31,0.27,0,47.26,0.35,0.3,0,Direct,SIMPLE,4,RING,SIMPLE,1,1,Direct,A_flag_ceiling
all_gather_perf,1,8,32768,1024,float,none,59.84,0.55,0.48,0,56.29,0.58,0.51,0,Direct,SIMPLE,4,RING,SIMPLE,1,1,Direct,A_flag_ceiling
all_gather_perf,1,8,65536,2048,float,none,77.17,0.85,0.74,0,74.04,0.89,0.77,0,Direct,SIMPLE,4,RING,SIMPLE,1,1,Direct,A_flag_ceiling
all_gather_perf,1,8,131072,4096,float,none,112.66,1.16,1.02,0,109.95,1.19,1.04,0,Direct,SIMPLE,4,RING,SIMPLE,1,1,Direct,A_flag_ceiling
all_gather_perf,1,8,262144,8192,float,none,187.42,1.4,1.22,0,183.99,1.42,1.25,0,Direct,SIMPLE,4,RING,SIMPLE,1,1,Direct,A_flag_ceiling
all_gather_perf,1,8,524288,16384,float,none,334.37,1.57,1.37,0,328.95,1.59,1.39,0,Direct,SIMPLE,4,RING,SIMPLE,1,1,Direct,A_flag_ceiling
all_gather_perf,1,8,1048576,32768,float,none,133.11,7.88,6.89,0,124.88,8.4,7.35,0,Direct,SIMPLE,4,RING,SIMPLE,1,1,Direct,A_flag_ceiling
all_gather_perf,1,8,2097152,65536,float,none,220.21,9.52,8.33,0,210.27,9.97,8.73,0,Direct,SIMPLE,4,RING,SIMPLE,1,1,Direct,A_flag_ceiling
all_gather_perf,1,8,4194304,131072,float,none,399.22,10.51,9.19,0,373.6,11.23,9.82,0,Direct,SIMPLE,4,RING,SIMPLE,1,1,Direct,A_flag_ceiling
all_gather_perf,1,8,8388608,262144,float,none,662.43,12.66,11.08,0,599.05,14.0,12.25,0,Direct,SIMPLE,4,RING,SIMPLE,1,1,Direct,A_flag_ceiling
all_gather_perf,1,8,16777216,524288,float,none,1311.0,12.8,11.2,0,1297.53,12.93,11.31,0,RING,SIMPLE,1,RING,SIMPLE,1,0,RING,A_flag_ceiling
all_gather_perf,1,8,33554432,1048576,float,none,2596.53,12.92,11.31,0,2607.16,12.87,11.26,0,RING,SIMPLE,1,RING,SIMPLE,1,0,RING,A_flag_ceiling
all_gather_perf,1,8,67108864,2097152,float,none,5176.17,12.96,11.34,0,5227.18,12.84,11.23,0,RING,SIMPLE,1,RING,SIMPLE,1,0,RING,A_flag_ceiling
all_gather_perf,1,8,134217728,4194304,float,none,10613.4,12.65,11.07,0,9997.49,13.43,11.75,0,RING,SIMPLE,1,RING,SIMPLE,1,0,RING*,A_flag_ceiling
all_gather_perf,1,8,268435456,8388608,float,none,21284.2,12.61,11.04,0,20060.8,13.38,11.71,0,RING,SIMPLE,1,RING,SIMPLE,1,0,RING*,A_flag_ceiling
all_gather_perf,1,8,536870912,16777216,float,none,42740.3,12.56,10.99,0,40252.3,13.34,11.67,0,RING,SIMPLE,1,RING,SIMPLE,1,0,RING*,A_flag_ceiling
all_gather_perf,1,8,4096,128,float,none,44.72,0.09,0.08,0,40.37,0.1,0.09,0,Direct,SIMPLE,4,RING,LL,1,1,Direct,A_flag_ceiling
all_gather_perf,1,8,8192,256,float,none,46.64,0.18,0.15,0,43.18,0.19,0.17,0,Direct,SIMPLE,4,RING,LL,1,1,Direct,A_flag_ceiling
all_gather_perf,1,8,16384,512,float,none,51.87,0.32,0.28,0,46.85,0.35,0.31,0,Direct,SIMPLE,4,RING,LL,1,1,Direct,A_flag_ceiling
all_gather_perf,1,8,32768,1024,float,none,59.69,0.55,0.48,0,56.35,0.58,0.51,0,Direct,SIMPLE,4,RING,LL,1,1,Direct,A_flag_ceiling
all_gather_perf,1,8,65536,2048,float,none,76.74,0.85,0.75,0,73.98,0.89,0.78,0,Direct,SIMPLE,4,RING,LL,1,1,Direct,A_flag_ceiling
all_gather_perf,1,8,131072,4096,float,none,112.33,1.17,1.02,0,110.08,1.19,1.04,0,Direct,SIMPLE,4,RING,LL,1,1,Direct,A_flag_ceiling
all_gather_perf,1,8,262144,8192,float,none,187.23,1.4,1.23,0,184.08,1.42,1.25,0,Direct,SIMPLE,4,RING,LL,1,1,Direct,A_flag_ceiling
all_gather_perf,1,8,524288,16384,float,none,334.67,1.57,1.37,0,328.44,1.6,1.4,0,Direct,SIMPLE,4,RING,LL,1,1,Direct,A_flag_ceiling
all_gather_perf,1,8,1048576,32768,float,none,134.79,7.78,6.81,0,128.12,8.18,7.16,0,Direct,SIMPLE,4,RING,LL,1,1,Direct,A_flag_ceiling
all_gather_perf,1,8,2097152,65536,float,none,222.19,9.44,8.26,0,197.37,10.63,9.3,0,Direct,SIMPLE,4,RING,LL,1,1,Direct,A_flag_ceiling
all_gather_perf,1,8,4194304,131072,float,none,395.13,10.61,9.29,0,370.03,11.34,9.92,0,Direct,SIMPLE,4,RING,LL,1,1,Direct,A_flag_ceiling
all_gather_perf,1,8,8388608,262144,float,none,664.6,12.62,11.04,0,605.39,13.86,12.12,0,Direct,SIMPLE,4,RING,LL,1,1,Direct,A_flag_ceiling
all_gather_perf,1,8,16777216,524288,float,none,5575.94,3.01,2.63,0,5523.6,3.04,2.66,0,RING,LL,1,RING,LL,1,0,RING,A_flag_ceiling
all_gather_perf,1,8,33554432,1048576,float,none,11140.1,3.01,2.64,0,11039.4,3.04,2.66,0,RING,LL,1,RING,LL,1,0,RING,A_flag_ceiling
all_gather_perf,1,8,67108864,2097152,float,none,22305.7,3.01,2.63,0,22111.9,3.03,2.66,0,RING,LL,1,RING,LL,1,0,RING,A_flag_ceiling
all_gather_perf,1,8,134217728,4194304,float,none,50399.1,2.66,2.33,0,48744.4,2.75,2.41,0,RING,LL,1,RING,LL,1,0,RING*,A_flag_ceiling
all_gather_perf,1,8,268435456,8388608,float,none,100969.0,2.66,2.33,0,97823.5,2.74,2.4,0,RING,LL,1,RING,LL,1,0,RING*,A_flag_ceiling
all_gather_perf,1,8,536870912,16777216,float,none,200972.0,2.67,2.34,0,196361.0,2.73,2.39,0,RING,LL,1,RING,LL,1,0,RING*,A_flag_ceiling
all_gather_perf,1,8,4096,128,float,none,44.98,0.09,0.08,0,41.24,0.1,0.09,0,Direct,SIMPLE,8,RING,SIMPLE,2,1,Direct,A_flag_ceiling
all_gather_perf,1,8,8192,256,float,none,47.25,0.17,0.15,0,43.46,0.19,0.16,0,Direct,SIMPLE,8,RING,SIMPLE,2,1,Direct,A_flag_ceiling
all_gather_perf,1,8,16384,512,float,none,51.79,0.32,0.28,0,47.1,0.35,0.3,0,Direct,SIMPLE,8,RING,SIMPLE,2,1,Direct,A_flag_ceiling
all_gather_perf,1,8,32768,1024,float,none,59.73,0.55,0.48,0,56.16,0.58,0.51,0,Direct,SIMPLE,8,RING,SIMPLE,2,1,Direct,A_flag_ceiling
all_gather_perf,1,8,65536,2048,float,none,77.42,0.85,0.74,0,74.22,0.88,0.77,0,Direct,SIMPLE,8,RING,SIMPLE,2,1,Direct,A_flag_ceiling
all_gather_perf,1,8,131072,4096,float,none,112.66,1.16,1.02,0,110.06,1.19,1.04,0,Direct,SIMPLE,8,RING,SIMPLE,2,1,Direct,A_flag_ceiling
all_gather_perf,1,8,262144,8192,float,none,187.94,1.39,1.22,0,184.42,1.42,1.24,0,Direct,SIMPLE,8,RING,SIMPLE,2,1,Direct,A_flag_ceiling
all_gather_perf,1,8,524288,16384,float,none,335.03,1.56,1.37,0,328.92,1.59,1.39,0,Direct,SIMPLE,8,RING,SIMPLE,2,1,Direct,A_flag_ceiling
all_gather_perf,1,8,1048576,32768,float,none,133.71,7.84,6.86,0,125.21,8.37,7.33,0,Direct,SIMPLE,8,RING,SIMPLE,2,1,Direct,A_flag_ceiling
all_gather_perf,1,8,2097152,65536,float,none,222.19,9.44,8.26,0,209.89,9.99,8.74,0,Direct,SIMPLE,8,RING,SIMPLE,2,1,Direct,A_flag_ceiling
all_gather_perf,1,8,4194304,131072,float,none,394.32,10.64,9.31,0,352.81,11.89,10.4,0,Direct,SIMPLE,8,RING,SIMPLE,2,1,Direct,A_flag_ceiling
all_gather_perf,1,8,8388608,262144,float,none,659.73,12.72,11.13,0,597.7,14.03,12.28,0,Direct,SIMPLE,8,RING,SIMPLE,2,1,Direct,A_flag_ceiling
all_gather_perf,1,8,16777216,524288,float,none,719.11,23.33,20.41,0,671.58,24.98,21.86,0,RING,SIMPLE,2,RING,SIMPLE,2,0,RING,A_flag_ceiling
all_gather_perf,1,8,33554432,1048576,float,none,1421.25,23.61,20.66,0,1341.37,25.01,21.89,0,RING,SIMPLE,2,RING,SIMPLE,2,0,RING,A_flag_ceiling
all_gather_perf,1,8,67108864,2097152,float,none,2831.05,23.7,20.74,0,2684.14,25.0,21.88,0,RING,SIMPLE,2,RING,SIMPLE,2,0,RING,A_flag_ceiling
all_gather_perf,1,8,134217728,4194304,float,none,5317.91,25.24,22.08,0,5003.39,26.83,23.47,0,RING,SIMPLE,2,RING,SIMPLE,2,0,RING*,A_flag_ceiling
all_gather_perf,1,8,268435456,8388608,float,none,10632.7,25.25,22.09,0,10040.8,26.73,23.39,0,RING,SIMPLE,2,RING,SIMPLE,2,0,RING*,A_flag_ceiling
all_gather_perf,1,8,536870912,16777216,float,none,21362.6,25.13,21.99,0,20193.6,26.59,23.26,0,RING,SIMPLE,2,RING,SIMPLE,2,0,RING*,A_flag_ceiling
all_gather_perf,1,8,4096,128,float,none,44.82,0.09,0.08,0,41.46,0.1,0.09,0,Direct,SIMPLE,8,RING,LL,2,1,Direct,A_flag_ceiling
all_gather_perf,1,8,8192,256,float,none,47.29,0.17,0.15,0,43.66,0.19,0.16,0,Direct,SIMPLE,8,RING,LL,2,1,Direct,A_flag_ceiling
all_gather_perf,1,8,16384,512,float,none,51.87,0.32,0.28,0,47.35,0.35,0.3,0,Direct,SIMPLE,8,RING,LL,2,1,Direct,A_flag_ceiling
all_gather_perf,1,8,32768,1024,float,none,60.29,0.54,0.48,0,56.34,0.58,0.51,0,Direct,SIMPLE,8,RING,LL,2,1,Direct,A_flag_ceiling
all_gather_perf,1,8,65536,2048,float,none,77.22,0.85,0.74,0,74.2,0.88,0.77,0,Direct,SIMPLE,8,RING,LL,2,1,Direct,A_flag_ceiling
all_gather_perf,1,8,131072,4096,float,none,112.68,1.16,1.02,0,110.08,1.19,1.04,0,Direct,SIMPLE,8,RING,LL,2,1,Direct,A_flag_ceiling
all_gather_perf,1,8,262144,8192,float,none,187.8,1.4,1.22,0,183.9,1.43,1.25,0,Direct,SIMPLE,8,RING,LL,2,1,Direct,A_flag_ceiling
all_gather_perf,1,8,524288,16384,float,none,335.05,1.56,1.37,0,329.07,1.59,1.39,0,Direct,SIMPLE,8,RING,LL,2,1,Direct,A_flag_ceiling
all_gather_perf,1,8,1048576,32768,float,none,134.32,7.81,6.83,0,130.08,8.06,7.05,0,Direct,SIMPLE,8,RING,LL,2,1,Direct,A_flag_ceiling
all_gather_perf,1,8,2097152,65536,float,none,221.21,9.48,8.3,0,197.49,10.62,9.29,0,Direct,SIMPLE,8,RING,LL,2,1,Direct,A_flag_ceiling
all_gather_perf,1,8,4194304,131072,float,none,396.66,10.57,9.25,0,361.78,11.59,10.14,0,Direct,SIMPLE,8,RING,LL,2,1,Direct,A_flag_ceiling
all_gather_perf,1,8,8388608,262144,float,none,664.95,12.62,11.04,0,608.51,13.79,12.06,0,Direct,SIMPLE,8,RING,LL,2,1,Direct,A_flag_ceiling
all_gather_perf,1,8,16777216,524288,float,none,3155.12,5.32,4.65,0,3131.08,5.36,4.69,0,RING,LL,2,RING,LL,2,0,RING,A_flag_ceiling
all_gather_perf,1,8,33554432,1048576,float,none,6361.31,5.27,4.62,0,6321.54,5.31,4.64,0,RING,LL,2,RING,LL,2,0,RING,A_flag_ceiling
all_gather_perf,1,8,67108864,2097152,float,none,12772.9,5.25,4.6,0,12658.7,5.3,4.64,0,RING,LL,2,RING,LL,2,0,RING,A_flag_ceiling
all_gather_perf,1,8,134217728,4194304,float,none,24986.9,5.37,4.7,0,24315.3,5.52,4.83,0,RING,LL,2,RING,LL,2,0,RING*,A_flag_ceiling
all_gather_perf,1,8,268435456,8388608,float,none,50257.5,5.34,4.67,0,48731.6,5.51,4.82,0,RING,LL,2,RING,LL,2,0,RING*,A_flag_ceiling
all_gather_perf,1,8,536870912,16777216,float,none,101768.0,5.28,4.62,0,97401.8,5.51,4.82,0,RING,LL,2,RING,LL,2,0,RING*,A_flag_ceiling
all_gather_perf,1,8,4096,128,float,none,25.27,0.16,0.14,0,24.25,0.17,0.15,0,Direct,SIMPLE,16,RING,SIMPLE,4,1,Direct,A_flag_ceiling
all_gather_perf,1,8,8192,256,float,none,26.29,0.31,0.27,0,25.84,0.32,0.28,0,Direct,SIMPLE,16,RING,SIMPLE,4,1,Direct,A_flag_ceiling
all_gather_perf,1,8,16384,512,float,none,30.69,0.53,0.47,0,28.25,0.58,0.51,0,Direct,SIMPLE,16,RING,SIMPLE,4,1,Direct,A_flag_ceiling
all_gather_perf,1,8,32768,1024,float,none,34.04,0.96,0.84,0,33.35,0.98,0.86,0,Direct,SIMPLE,16,RING,SIMPLE,4,1,Direct,A_flag_ceiling
all_gather_perf,1,8,65536,2048,float,none,35.26,1.86,1.63,0,34.63,1.89,1.66,0,Direct,SIMPLE,16,RING,SIMPLE,4,1,Direct,A_flag_ceiling
all_gather_perf,1,8,131072,4096,float,none,47.17,2.78,2.43,0,45.3,2.89,2.53,0,Direct,SIMPLE,16,RING,SIMPLE,4,1,Direct,A_flag_ceiling
all_gather_perf,1,8,262144,8192,float,none,65.54,4.0,3.5,0,65.97,3.97,3.48,0,Direct,SIMPLE,16,RING,SIMPLE,4,1,Direct,A_flag_ceiling
all_gather_perf,1,8,524288,16384,float,none,108.47,4.83,4.23,0,108.59,4.83,4.22,0,Direct,SIMPLE,16,RING,SIMPLE,4,1,Direct,A_flag_ceiling
all_gather_perf,1,8,1048576,32768,float,none,55.58,18.87,16.51,0,55.36,18.94,16.57,0,Direct,SIMPLE,16,RING,SIMPLE,4,1,Direct,A_flag_ceiling
all_gather_perf,1,8,2097152,65536,float,none,77.07,27.21,23.81,0,77.74,26.98,23.61,0,Direct,SIMPLE,16,RING,SIMPLE,4,1,Direct,A_flag_ceiling
all_gather_perf,1,8,4194304,131072,float,none,124.46,33.7,29.49,0,119.18,35.19,30.79,0,Direct,SIMPLE,16,RING,SIMPLE,4,1,Direct,A_flag_ceiling
all_gather_perf,1,8,8388608,262144,float,none,207.53,40.42,35.37,0,215.25,38.97,34.1,0,Direct,SIMPLE,16,RING,SIMPLE,4,1,Direct,A_flag_ceiling
all_gather_perf,1,8,16777216,524288,float,none,378.27,44.35,38.81,0,358.2,46.84,40.98,0,RING,SIMPLE,4,RING,SIMPLE,4,0,RING,A_flag_ceiling
all_gather_perf,1,8,33554432,1048576,float,none,748.15,44.85,39.24,0,710.24,47.24,41.34,0,RING,SIMPLE,4,RING,SIMPLE,4,0,RING,A_flag_ceiling
all_gather_perf,1,8,67108864,2097152,float,none,1476.58,45.45,39.77,0,1424.68,47.1,41.22,0,RING,SIMPLE,4,RING,SIMPLE,4,0,RING,A_flag_ceiling
all_gather_perf,1,8,134217728,4194304,float,none,2716.29,49.41,43.24,0,2550.78,52.62,46.04,0,RING,SIMPLE,4,RING,SIMPLE,4,0,RING*,A_flag_ceiling
all_gather_perf,1,8,268435456,8388608,float,none,5418.37,49.54,43.35,0,5109.47,52.54,45.97,0,RING,SIMPLE,4,RING,SIMPLE,4,0,RING*,A_flag_ceiling
all_gather_perf,1,8,536870912,16777216,float,none,10861.5,49.43,43.25,0,10252.7,52.36,45.82,0,RING,SIMPLE,4,RING,SIMPLE,4,0,RING*,A_flag_ceiling
all_gather_perf,1,8,4096,128,float,none,25.44,0.16,0.14,0,24.87,0.16,0.14,0,Direct,SIMPLE,16,RING,LL,4,1,Direct,A_flag_ceiling
all_gather_perf,1,8,8192,256,float,none,26.67,0.31,0.27,0,25.93,0.32,0.28,0,Direct,SIMPLE,16,RING,LL,4,1,Direct,A_flag_ceiling
all_gather_perf,1,8,16384,512,float,none,31.59,0.52,0.45,0,29.65,0.55,0.48,0,Direct,SIMPLE,16,RING,LL,4,1,Direct,A_flag_ceiling
all_gather_perf,1,8,32768,1024,float,none,34.07,0.96,0.84,0,33.47,0.98,0.86,0,Direct,SIMPLE,16,RING,LL,4,1,Direct,A_flag_ceiling
all_gather_perf,1,8,65536,2048,float,none,35.01,1.87,1.64,0,34.47,1.9,1.66,0,Direct,SIMPLE,16,RING,LL,4,1,Direct,A_flag_ceiling
all_gather_perf,1,8,131072,4096,float,none,44.52,2.94,2.58,0,44.87,2.92,2.56,0,Direct,SIMPLE,16,RING,LL,4,1,Direct,A_flag_ceiling
all_gather_perf,1,8,262144,8192,float,none,64.86,4.04,3.54,0,65.65,3.99,3.49,0,Direct,SIMPLE,16,RING,LL,4,1,Direct,A_flag_ceiling
all_gather_perf,1,8,524288,16384,float,none,108.46,4.83,4.23,0,107.92,4.86,4.25,0,Direct,SIMPLE,16,RING,LL,4,1,Direct,A_flag_ceiling
all_gather_perf,1,8,1048576,32768,float,none,54.6,19.2,16.8,0,54.81,19.13,16.74,0,Direct,SIMPLE,16,RING,LL,4,1,Direct,A_flag_ceiling
all_gather_perf,1,8,2097152,65536,float,none,77.19,27.17,23.77,0,76.71,27.34,23.92,0,Direct,SIMPLE,16,RING,LL,4,1,Direct,A_flag_ceiling
all_gather_perf,1,8,4194304,131072,float,none,118.55,35.38,30.96,0,119.22,35.18,30.78,0,Direct,SIMPLE,16,RING,LL,4,1,Direct,A_flag_ceiling
all_gather_perf,1,8,8388608,262144,float,none,202.37,41.45,36.27,0,205.66,40.79,35.69,0,Direct,SIMPLE,16,RING,LL,4,1,Direct,A_flag_ceiling
all_gather_perf,1,8,16777216,524288,float,none,1649.28,10.17,8.9,0,1626.47,10.32,9.03,0,RING,LL,4,RING,LL,4,0,RING,A_flag_ceiling
all_gather_perf,1,8,33554432,1048576,float,none,3343.04,10.04,8.78,0,3290.64,10.2,8.92,0,RING,LL,4,RING,LL,4,0,RING,A_flag_ceiling
all_gather_perf,1,8,67108864,2097152,float,none,6716.4,9.99,8.74,0,6625.37,10.13,8.86,0,RING,LL,4,RING,LL,4,0,RING,A_flag_ceiling
all_gather_perf,1,8,134217728,4194304,float,none,12437.4,10.79,9.44,0,12165.8,11.03,9.65,0,RING,LL,4,RING,LL,4,0,RING*,A_flag_ceiling
all_gather_perf,1,8,268435456,8388608,float,none,25113.1,10.69,9.35,0,24393.7,11.0,9.63,0,RING,LL,4,RING,LL,4,0,RING*,A_flag_ceiling
all_gather_perf,1,8,536870912,16777216,float,none,50725.1,10.58,9.26,0,48937.1,10.97,9.6,0,RING,LL,4,RING,LL,4,0,RING*,A_flag_ceiling
all_gather_perf,1,8,4096,128,float,none,16.8,0.24,0.21,0,15.48,0.26,0.23,0,Direct,SIMPLE,32,RING,SIMPLE,8,1,Direct,A_flag_ceiling
all_gather_perf,1,8,8192,256,float,none,16.01,0.51,0.45,0,15.5,0.53,0.46,0,Direct,SIMPLE,32,RING,SIMPLE,8,1,Direct,A_flag_ceiling
all_gather_perf,1,8,16384,512,float,none,19.64,0.83,0.73,0,18.7,0.88,0.77,0,Direct,SIMPLE,32,RING,SIMPLE,8,1,Direct,A_flag_ceiling
all_gather_perf,1,8,32768,1024,float,none,19.88,1.65,1.44,0,19.85,1.65,1.44,0,Direct,SIMPLE,32,RING,SIMPLE,8,1,Direct,A_flag_ceiling
all_gather_perf,1,8,65536,2048,float,none,20.47,3.2,2.8,0,20.25,3.24,2.83,0,Direct,SIMPLE,32,RING,SIMPLE,8,1,Direct,A_flag_ceiling
all_gather_perf,1,8,131072,4096,float,none,22.76,5.76,5.04,0,21.53,6.09,5.33,0,Direct,SIMPLE,32,RING,SIMPLE,8,1,Direct,A_flag_ceiling
all_gather_perf,1,8,262144,8192,float,none,25.66,10.22,8.94,0,25.95,10.1,8.84,0,Direct,SIMPLE,32,RING,SIMPLE,8,1,Direct,A_flag_ceiling
all_gather_perf,1,8,524288,16384,float,none,36.81,14.24,12.46,0,37.46,14.0,12.25,0,Direct,SIMPLE,32,RING,SIMPLE,8,1,Direct,A_flag_ceiling
all_gather_perf,1,8,1048576,32768,float,none,32.05,32.72,28.63,0,30.99,33.84,29.61,0,Direct,SIMPLE,32,RING,SIMPLE,8,1,Direct,A_flag_ceiling
all_gather_perf,1,8,2097152,65536,float,none,32.16,65.2,57.05,0,32.28,64.96,56.84,0,Direct,SIMPLE,32,RING,SIMPLE,8,1,Direct,A_flag_ceiling
all_gather_perf,1,8,4194304,131072,float,none,45.6,91.99,80.49,0,45.38,92.43,80.88,0,Direct,SIMPLE,32,RING,SIMPLE,8,1,Direct,A_flag_ceiling
all_gather_perf,1,8,8388608,262144,float,none,72.88,115.11,100.72,0,72.01,116.49,101.93,0,Direct,SIMPLE,32,RING,SIMPLE,8,1,Direct,A_flag_ceiling
all_gather_perf,1,8,16777216,524288,float,none,209.92,79.92,69.93,0,199.7,84.01,73.51,0,RING,SIMPLE,8,RING,SIMPLE,8,0,RING,A_flag_ceiling
all_gather_perf,1,8,33554432,1048576,float,none,385.46,87.05,76.17,0,364.59,92.03,80.53,0,RING,SIMPLE,8,RING,SIMPLE,8,0,RING,A_flag_ceiling
all_gather_perf,1,8,67108864,2097152,float,none,756.59,88.7,77.61,0,721.69,92.99,81.36,0,RING,SIMPLE,8,RING,SIMPLE,8,0,RING,A_flag_ceiling
all_gather_perf,1,8,134217728,4194304,float,none,1376.36,97.52,85.33,0,1289.61,104.08,91.07,0,RING,SIMPLE,8,RING,SIMPLE,8,0,RING*,A_flag_ceiling
all_gather_perf,1,8,268435456,8388608,float,none,2743.95,97.83,85.6,0,2576.78,104.17,91.15,0,RING,SIMPLE,8,RING,SIMPLE,8,0,RING*,A_flag_ceiling
all_gather_perf,1,8,536870912,16777216,float,none,5471.81,98.12,85.85,0,5165.9,103.93,90.94,0,RING,SIMPLE,8,RING,SIMPLE,8,0,RING*,A_flag_ceiling
all_gather_perf,1,8,4096,128,float,none,17.87,0.23,0.2,0,15.27,0.27,0.23,0,Direct,SIMPLE,32,RING,LL,8,1,Direct,A_flag_ceiling
all_gather_perf,1,8,8192,256,float,none,17.06,0.48,0.42,0,15.68,0.52,0.46,0,Direct,SIMPLE,32,RING,LL,8,1,Direct,A_flag_ceiling
all_gather_perf,1,8,16384,512,float,none,20.41,0.8,0.7,0,19.2,0.85,0.75,0,Direct,SIMPLE,32,RING,LL,8,1,Direct,A_flag_ceiling
all_gather_perf,1,8,32768,1024,float,none,21.64,1.51,1.32,0,19.63,1.67,1.46,0,Direct,SIMPLE,32,RING,LL,8,1,Direct,A_flag_ceiling
all_gather_perf,1,8,65536,2048,float,none,20.58,3.18,2.79,0,20.33,3.22,2.82,0,Direct,SIMPLE,32,RING,LL,8,1,Direct,A_flag_ceiling
all_gather_perf,1,8,131072,4096,float,none,23.38,5.61,4.91,0,22.36,5.86,5.13,0,Direct,SIMPLE,32,RING,LL,8,1,Direct,A_flag_ceiling
all_gather_perf,1,8,262144,8192,float,none,25.59,10.24,8.96,0,25.97,10.09,8.83,0,Direct,SIMPLE,32,RING,LL,8,1,Direct,A_flag_ceiling
all_gather_perf,1,8,524288,16384,float,none,37.1,14.13,12.36,0,37.32,14.05,12.29,0,Direct,SIMPLE,32,RING,LL,8,1,Direct,A_flag_ceiling
all_gather_perf,1,8,1048576,32768,float,none,32.46,32.3,28.26,0,31.09,33.72,29.51,0,Direct,SIMPLE,32,RING,LL,8,1,Direct,A_flag_ceiling
all_gather_perf,1,8,2097152,65536,float,none,32.18,65.17,57.03,0,32.27,64.99,56.87,0,Direct,SIMPLE,32,RING,LL,8,1,Direct,A_flag_ceiling
all_gather_perf,1,8,4194304,131072,float,none,45.95,91.27,79.86,0,45.5,92.18,80.66,0,Direct,SIMPLE,32,RING,LL,8,1,Direct,A_flag_ceiling
all_gather_perf,1,8,8388608,262144,float,none,73.03,114.87,100.51,0,72.42,115.83,101.35,0,Direct,SIMPLE,32,RING,LL,8,1,Direct,A_flag_ceiling
all_gather_perf,1,8,16777216,524288,float,none,828.08,20.26,17.73,0,820.88,20.44,17.88,0,RING,LL,8,RING,LL,8,0,RING,A_flag_ceiling
all_gather_perf,1,8,33554432,1048576,float,none,1656.15,20.26,17.73,0,1635.47,20.52,17.95,0,RING,LL,8,RING,LL,8,0,RING,A_flag_ceiling
all_gather_perf,1,8,67108864,2097152,float,none,3343.75,20.07,17.56,0,3312.06,20.26,17.73,0,RING,LL,8,RING,LL,8,0,RING,A_flag_ceiling
all_gather_perf,1,8,134217728,4194304,float,none,6298.37,21.31,18.65,0,6159.42,21.79,19.07,0,RING,LL,8,RING,LL,8,0,RING*,A_flag_ceiling
all_gather_perf,1,8,268435456,8388608,float,none,12741.3,21.07,18.43,0,12399.8,21.65,18.94,0,RING,LL,8,RING,LL,8,0,RING*,A_flag_ceiling
all_gather_perf,1,8,536870912,16777216,float,none,25589.1,20.98,18.36,0,25004.1,21.47,18.79,0,RING,LL,8,RING,LL,8,0,RING*,A_flag_ceiling
all_gather_perf,1,8,4096,128,float,none,16.59,0.25,0.22,0,11.1,0.37,0.32,0,Direct,SIMPLE,64,RING,SIMPLE,16,1,Direct,A_flag_ceiling
all_gather_perf,1,8,8192,256,float,none,12.78,0.64,0.56,0,12.84,0.64,0.56,0,Direct,SIMPLE,64,RING,SIMPLE,16,1,Direct,A_flag_ceiling
all_gather_perf,1,8,16384,512,float,none,15.3,1.07,0.94,0,14.67,1.12,0.98,0,Direct,SIMPLE,64,RING,SIMPLE,16,1,Direct,A_flag_ceiling
all_gather_perf,1,8,32768,1024,float,none,13.83,2.37,2.07,0,13.19,2.48,2.17,0,Direct,SIMPLE,64,RING,SIMPLE,16,1,Direct,A_flag_ceiling
all_gather_perf,1,8,65536,2048,float,none,13.75,4.77,4.17,0,12.87,5.09,4.46,0,Direct,SIMPLE,64,RING,SIMPLE,16,1,Direct,A_flag_ceiling
all_gather_perf,1,8,131072,4096,float,none,14.83,8.84,7.73,0,15.77,8.31,7.27,0,Direct,SIMPLE,64,RING,SIMPLE,16,1,Direct,A_flag_ceiling
all_gather_perf,1,8,262144,8192,float,none,14.45,18.14,15.87,0,13.69,19.14,16.75,0,Direct,SIMPLE,64,RING,SIMPLE,16,1,Direct,A_flag_ceiling
all_gather_perf,1,8,524288,16384,float,none,15.7,33.39,29.21,0,15.42,33.99,29.74,0,Direct,SIMPLE,64,RING,SIMPLE,16,1,Direct,A_flag_ceiling
all_gather_perf,1,8,1048576,32768,float,none,20.62,50.85,44.49,0,20.16,52.02,45.52,0,Direct,SIMPLE,64,RING,SIMPLE,16,1,Direct,A_flag_ceiling
all_gather_perf,1,8,2097152,65536,float,none,19.03,110.18,96.41,0,19.37,108.28,94.75,0,Direct,SIMPLE,64,RING,SIMPLE,16,1,Direct,A_flag_ceiling
all_gather_perf,1,8,4194304,131072,float,none,24.04,174.48,152.67,0,23.82,176.06,154.06,0,Direct,SIMPLE,64,RING,SIMPLE,16,1,Direct,A_flag_ceiling
all_gather_perf,1,8,8388608,262144,float,none,36.37,230.63,201.8,0,36.35,230.75,201.9,0,Direct,SIMPLE,64,RING,SIMPLE,16,1,Direct,A_flag_ceiling
all_gather_perf,1,8,16777216,524288,float,none,121.16,138.47,121.16,0,114.14,146.98,128.61,0,RING,SIMPLE,16,RING,SIMPLE,16,0,RING,A_flag_ceiling
all_gather_perf,1,8,33554432,1048576,float,none,209.84,159.91,139.92,0,198.96,168.65,147.56,0,RING,SIMPLE,16,RING,SIMPLE,16,0,RING,A_flag_ceiling
all_gather_perf,1,8,67108864,2097152,float,none,387.05,173.39,151.71,0,368.13,182.29,159.51,0,RING,SIMPLE,16,RING,SIMPLE,16,0,RING,A_flag_ceiling
all_gather_perf,1,8,134217728,4194304,float,none,724.07,185.37,162.2,0,680.13,197.34,172.67,0,RING,SIMPLE,16,RING,SIMPLE,16,0,RING*,A_flag_ceiling
all_gather_perf,1,8,268435456,8388608,float,none,1410.27,190.34,166.55,0,1327.22,202.25,176.97,0,RING,SIMPLE,16,RING,SIMPLE,16,0,RING*,A_flag_ceiling
all_gather_perf,1,8,536870912,16777216,float,none,2803.47,191.5,167.56,0,2644.99,202.98,177.6,0,RING,SIMPLE,16,RING,SIMPLE,16,0,RING*,A_flag_ceiling
all_gather_perf,1,8,4096,128,float,none,16.04,0.26,0.22,0,12.86,0.32,0.28,0,Direct,SIMPLE,64,RING,LL,16,1,Direct,A_flag_ceiling
all_gather_perf,1,8,8192,256,float,none,13.68,0.6,0.52,0,13.08,0.63,0.55,0,Direct,SIMPLE,64,RING,LL,16,1,Direct,A_flag_ceiling
all_gather_perf,1,8,16384,512,float,none,14.25,1.15,1.01,0,14.17,1.16,1.01,0,Direct,SIMPLE,64,RING,LL,16,1,Direct,A_flag_ceiling
all_gather_perf,1,8,32768,1024,float,none,13.06,2.51,2.2,0,14.95,2.19,1.92,0,Direct,SIMPLE,64,RING,LL,16,1,Direct,A_flag_ceiling
all_gather_perf,1,8,65536,2048,float,none,14.33,4.57,4.0,0,12.03,5.45,4.77,0,Direct,SIMPLE,64,RING,LL,16,1,Direct,A_flag_ceiling
all_gather_perf,1,8,131072,4096,float,none,16.71,7.84,6.86,0,14.78,8.87,7.76,0,Direct,SIMPLE,64,RING,LL,16,1,Direct,A_flag_ceiling
all_gather_perf,1,8,262144,8192,float,none,15.45,16.96,14.84,0,13.1,20.01,17.51,0,Direct,SIMPLE,64,RING,LL,16,1,Direct,A_flag_ceiling
all_gather_perf,1,8,524288,16384,float,none,16.61,31.56,27.61,0,15.69,33.41,29.23,0,Direct,SIMPLE,64,RING,LL,16,1,Direct,A_flag_ceiling
all_gather_perf,1,8,1048576,32768,float,none,20.25,51.79,45.31,0,20.14,52.07,45.56,0,Direct,SIMPLE,64,RING,LL,16,1,Direct,A_flag_ceiling
all_gather_perf,1,8,2097152,65536,float,none,20.0,104.86,91.75,0,19.25,108.95,95.33,0,Direct,SIMPLE,64,RING,LL,16,1,Direct,A_flag_ceiling
all_gather_perf,1,8,4194304,131072,float,none,23.86,175.76,153.79,0,23.76,176.5,154.44,0,Direct,SIMPLE,64,RING,LL,16,1,Direct,A_flag_ceiling
all_gather_perf,1,8,8388608,262144,float,none,38.45,218.2,190.92,0,36.18,231.83,202.85,0,Direct,SIMPLE,64,RING,LL,16,1,Direct,A_flag_ceiling
all_gather_perf,1,8,16777216,524288,float,none,423.08,39.66,34.7,0,418.49,40.09,35.08,0,RING,LL,16,RING,LL,16,0,RING,A_flag_ceiling
all_gather_perf,1,8,33554432,1048576,float,none,839.92,39.95,34.96,0,832.91,40.29,35.25,0,RING,LL,16,RING,LL,16,0,RING,A_flag_ceiling
all_gather_perf,1,8,67108864,2097152,float,none,1690.36,39.7,34.74,0,1681.61,39.91,34.92,0,RING,LL,16,RING,LL,16,0,RING,A_flag_ceiling
all_gather_perf,1,8,134217728,4194304,float,none,3158.28,42.5,37.18,0,3146.95,42.65,37.32,0,RING,LL,16,RING,LL,16,0,RING*,A_flag_ceiling
all_gather_perf,1,8,268435456,8388608,float,none,6406.54,41.9,36.66,0,6381.64,42.06,36.81,0,RING,LL,16,RING,LL,16,0,RING*,A_flag_ceiling
all_gather_perf,1,8,536870912,16777216,float,none,12999.5,41.3,36.14,0,12833.0,41.84,36.61,0,RING,LL,16,RING,LL,16,0,RING*,A_flag_ceiling
all_gather_perf,1,8,4096,128,float,none,13.13,0.31,0.27,0,13.19,0.31,0.27,0,Direct,SIMPLE,64,RING,SIMPLE,24,1,Direct,A_flag_ceiling
all_gather_perf,1,8,8192,256,float,none,11.77,0.7,0.61,0,12.27,0.67,0.58,0,Direct,SIMPLE,64,RING,SIMPLE,24,1,Direct,A_flag_ceiling
all_gather_perf,1,8,16384,512,float,none,14.24,1.15,1.01,0,14.42,1.14,0.99,0,Direct,SIMPLE,64,RING,SIMPLE,24,1,Direct,A_flag_ceiling
all_gather_perf,1,8,32768,1024,float,none,13.83,2.37,2.07,0,13.92,2.35,2.06,0,Direct,SIMPLE,64,RING,SIMPLE,24,1,Direct,A_flag_ceiling
all_gather_perf,1,8,65536,2048,float,none,13.97,4.69,4.1,0,13.02,5.03,4.4,0,Direct,SIMPLE,64,RING,SIMPLE,24,1,Direct,A_flag_ceiling
all_gather_perf,1,8,131072,4096,float,none,14.85,8.83,7.72,0,14.04,9.33,8.17,0,Direct,SIMPLE,64,RING,SIMPLE,24,1,Direct,A_flag_ceiling
all_gather_perf,1,8,262144,8192,float,none,15.44,16.98,14.86,0,13.84,18.94,16.57,0,Direct,SIMPLE,64,RING,SIMPLE,24,1,Direct,A_flag_ceiling
all_gather_perf,1,8,524288,16384,float,none,15.65,33.49,29.31,0,15.91,32.95,28.83,0,Direct,SIMPLE,64,RING,SIMPLE,24,1,Direct,A_flag_ceiling
all_gather_perf,1,8,1048576,32768,float,none,20.44,51.31,44.9,0,19.8,52.95,46.33,0,Direct,SIMPLE,64,RING,SIMPLE,24,1,Direct,A_flag_ceiling
all_gather_perf,1,8,2097152,65536,float,none,19.99,104.9,91.79,0,19.25,108.96,95.34,0,Direct,SIMPLE,64,RING,SIMPLE,24,1,Direct,A_flag_ceiling
all_gather_perf,1,8,4194304,131072,float,none,24.06,174.3,152.51,0,23.91,175.45,153.52,0,Direct,SIMPLE,64,RING,SIMPLE,24,1,Direct,A_flag_ceiling
all_gather_perf,1,8,8388608,262144,float,none,38.45,218.15,190.88,0,36.56,229.44,200.76,0,Direct,SIMPLE,64,RING,SIMPLE,24,1,Direct,A_flag_ceiling
all_gather_perf,1,8,16777216,524288,float,none,93.29,179.84,157.36,0,90.22,185.96,162.72,0,RING,SIMPLE,24,RING,SIMPLE,24,0,RING,A_flag_ceiling
all_gather_perf,1,8,33554432,1048576,float,none,156.88,213.89,187.15,0,150.7,222.65,194.82,0,RING,SIMPLE,24,RING,SIMPLE,24,0,RING,A_flag_ceiling
all_gather_perf,1,8,67108864,2097152,float,none,279.21,240.35,210.31,0,269.46,249.05,217.92,0,RING,SIMPLE,24,RING,SIMPLE,24,0,RING,A_flag_ceiling
all_gather_perf,1,8,134217728,4194304,float,none,506.1,265.2,232.05,0,483.11,277.82,243.09,0,RING,SIMPLE,24,RING,SIMPLE,24,0,RING*,A_flag_ceiling
all_gather_perf,1,8,268435456,8388608,float,none,974.32,275.51,241.07,0,931.95,288.04,252.03,0,RING,SIMPLE,24,RING,SIMPLE,24,0,RING*,A_flag_ceiling
all_gather_perf,1,8,536870912,16777216,float,none,1939.9,276.75,242.16,0,1840.54,291.69,255.23,0,RING,SIMPLE,24,RING,SIMPLE,24,0,RING*,A_flag_ceiling
all_gather_perf,1,8,4096,128,float,none,13.01,0.31,0.28,0,11.19,0.37,0.32,0,Direct,SIMPLE,64,RING,LL,24,1,Direct,A_flag_ceiling
all_gather_perf,1,8,8192,256,float,none,12.39,0.66,0.58,0,11.7,0.7,0.61,0,Direct,SIMPLE,64,RING,LL,24,1,Direct,A_flag_ceiling
all_gather_perf,1,8,16384,512,float,none,15.65,1.05,0.92,0,14.54,1.13,0.99,0,Direct,SIMPLE,64,RING,LL,24,1,Direct,A_flag_ceiling
all_gather_perf,1,8,32768,1024,float,none,15.22,2.15,1.88,0,14.18,2.31,2.02,0,Direct,SIMPLE,64,RING,LL,24,1,Direct,A_flag_ceiling
all_gather_perf,1,8,65536,2048,float,none,13.62,4.81,4.21,0,14.15,4.63,4.05,0,Direct,SIMPLE,64,RING,LL,24,1,Direct,A_flag_ceiling
all_gather_perf,1,8,131072,4096,float,none,18.12,7.24,6.33,0,15.2,8.62,7.55,0,Direct,SIMPLE,64,RING,LL,24,1,Direct,A_flag_ceiling
all_gather_perf,1,8,262144,8192,float,none,15.96,16.43,14.37,0,15.27,17.16,15.02,0,Direct,SIMPLE,64,RING,LL,24,1,Direct,A_flag_ceiling
all_gather_perf,1,8,524288,16384,float,none,16.31,32.15,28.13,0,15.54,33.75,29.53,0,Direct,SIMPLE,64,RING,LL,24,1,Direct,A_flag_ceiling
all_gather_perf,1,8,1048576,32768,float,none,19.72,53.17,46.52,0,19.67,53.3,46.64,0,Direct,SIMPLE,64,RING,LL,24,1,Direct,A_flag_ceiling
all_gather_perf,1,8,2097152,65536,float,none,19.77,106.06,92.8,0,19.59,107.06,93.68,0,Direct,SIMPLE,64,RING,LL,24,1,Direct,A_flag_ceiling
all_gather_perf,1,8,4194304,131072,float,none,24.17,173.55,151.85,0,23.85,175.85,153.87,0,Direct,SIMPLE,64,RING,LL,24,1,Direct,A_flag_ceiling
all_gather_perf,1,8,8388608,262144,float,none,38.71,216.71,189.62,0,36.22,231.57,202.63,0,Direct,SIMPLE,64,RING,LL,24,1,Direct,A_flag_ceiling
all_gather_perf,1,8,16777216,524288,float,none,289.54,57.94,50.7,0,288.62,58.13,50.86,0,RING,LL,24,RING,LL,24,0,RING,A_flag_ceiling
all_gather_perf,1,8,33554432,1048576,float,none,567.64,59.11,51.72,0,565.8,59.3,51.89,0,RING,LL,24,RING,LL,24,0,RING,A_flag_ceiling
all_gather_perf,1,8,67108864,2097152,float,none,1131.0,59.34,51.92,0,1127.02,59.55,52.1,0,RING,LL,24,RING,LL,24,0,RING,A_flag_ceiling
all_gather_perf,1,8,134217728,4194304,float,none,2140.83,62.69,54.86,0,2103.81,63.8,55.82,0,RING,LL,24,RING,LL,24,0,RING*,A_flag_ceiling
all_gather_perf,1,8,268435456,8388608,float,none,4208.16,63.79,55.82,0,4256.36,63.07,55.18,0,RING,LL,24,RING,LL,24,0,RING*,A_flag_ceiling
all_gather_perf,1,8,536870912,16777216,float,none,8673.79,61.9,54.16,0,8631.65,62.2,54.42,0,RING,LL,24,RING,LL,24,0,RING*,A_flag_ceiling
all_gather_perf,1,8,4096,128,float,none,14.5,0.28,0.25,0,11.04,0.37,0.32,0,Direct,SIMPLE,64,RING,SIMPLE,32,1,Direct,A_flag_ceiling
all_gather_perf,1,8,8192,256,float,none,12.4,0.66,0.58,0,12.45,0.66,0.58,0,Direct,SIMPLE,64,RING,SIMPLE,32,1,Direct,A_flag_ceiling
all_gather_perf,1,8,16384,512,float,none,13.49,1.21,1.06,0,14.13,1.16,1.01,0,Direct,SIMPLE,64,RING,SIMPLE,32,1,Direct,A_flag_ceiling
all_gather_perf,1,8,32768,1024,float,none,14.37,2.28,2.0,0,14.18,2.31,2.02,0,Direct,SIMPLE,64,RING,SIMPLE,32,1,Direct,A_flag_ceiling
all_gather_perf,1,8,65536,2048,float,none,14.19,4.62,4.04,0,12.07,5.43,4.75,0,Direct,SIMPLE,64,RING,SIMPLE,32,1,Direct,A_flag_ceiling
all_gather_perf,1,8,131072,4096,float,none,15.27,8.59,7.51,0,16.02,8.18,7.16,0,Direct,SIMPLE,64,RING,SIMPLE,32,1,Direct,A_flag_ceiling
all_gather_perf,1,8,262144,8192,float,none,14.71,17.82,15.59,0,14.35,18.27,15.98,0,Direct,SIMPLE,64,RING,SIMPLE,32,1,Direct,A_flag_ceiling
all_gather_perf,1,8,524288,16384,float,none,15.39,34.06,29.81,0,15.5,33.82,29.59,0,Direct,SIMPLE,64,RING,SIMPLE,32,1,Direct,A_flag_ceiling
all_gather_perf,1,8,1048576,32768,float,none,20.19,51.93,45.44,0,19.39,54.07,47.31,0,Direct,SIMPLE,64,RING,SIMPLE,32,1,Direct,A_flag_ceiling
all_gather_perf,1,8,2097152,65536,float,none,20.04,104.64,91.56,0,19.2,109.24,95.59,0,Direct,SIMPLE,64,RING,SIMPLE,32,1,Direct,A_flag_ceiling
all_gather_perf,1,8,4194304,131072,float,none,23.85,175.88,153.9,0,23.7,176.96,154.84,0,Direct,SIMPLE,64,RING,SIMPLE,32,1,Direct,A_flag_ceiling
all_gather_perf,1,8,8388608,262144,float,none,39.17,214.14,187.37,0,36.29,231.15,202.26,0,Direct,SIMPLE,64,RING,SIMPLE,32,1,Direct,A_flag_ceiling
all_gather_perf,1,8,16777216,524288,float,none,77.68,215.98,188.99,0,76.04,220.63,193.05,0,RING,SIMPLE,32,RING,SIMPLE,32,0,RING,A_flag_ceiling
all_gather_perf,1,8,33554432,1048576,float,none,129.73,258.64,226.31,0,127.51,263.16,230.27,0,RING,SIMPLE,32,RING,SIMPLE,32,0,RING,A_flag_ceiling
all_gather_perf,1,8,67108864,2097152,float,none,231.1,290.38,254.09,0,228.59,293.58,256.88,0,RING,SIMPLE,32,RING,SIMPLE,32,0,RING,A_flag_ceiling
all_gather_perf,1,8,134217728,4194304,float,none,396.7,338.34,296.05,0,390.31,343.87,300.89,0,RING,SIMPLE,32,RING,SIMPLE,32,0,RING*,A_flag_ceiling
all_gather_perf,1,8,268435456,8388608,float,none,762.26,352.16,308.14,0,750.04,357.9,313.16,0,RING,SIMPLE,32,RING,SIMPLE,32,0,RING*,A_flag_ceiling
all_gather_perf,1,8,536870912,16777216,float,none,1481.82,362.31,317.02,0,1462.95,366.98,321.11,0,RING,SIMPLE,32,RING,SIMPLE,32,0,RING*,A_flag_ceiling
all_gather_perf,1,8,4096,128,float,none,16.07,0.25,0.22,0,11.69,0.35,0.31,0,Direct,SIMPLE,64,RING,LL,32,1,Direct,A_flag_ceiling
all_gather_perf,1,8,8192,256,float,none,12.4,0.66,0.58,0,12.61,0.65,0.57,0,Direct,SIMPLE,64,RING,LL,32,1,Direct,A_flag_ceiling
all_gather_perf,1,8,16384,512,float,none,13.68,1.2,1.05,0,15.04,1.09,0.95,0,Direct,SIMPLE,64,RING,LL,32,1,Direct,A_flag_ceiling
all_gather_perf,1,8,32768,1024,float,none,14.38,2.28,1.99,0,13.26,2.47,2.16,0,Direct,SIMPLE,64,RING,LL,32,1,Direct,A_flag_ceiling
all_gather_perf,1,8,65536,2048,float,none,12.66,5.18,4.53,0,12.24,5.35,4.68,0,Direct,SIMPLE,64,RING,LL,32,1,Direct,A_flag_ceiling
all_gather_perf,1,8,131072,4096,float,none,14.65,8.95,7.83,0,14.48,9.05,7.92,0,Direct,SIMPLE,64,RING,LL,32,1,Direct,A_flag_ceiling
all_gather_perf,1,8,262144,8192,float,none,14.05,18.66,16.32,0,15.38,17.05,14.92,0,Direct,SIMPLE,64,RING,LL,32,1,Direct,A_flag_ceiling
all_gather_perf,1,8,524288,16384,float,none,15.25,34.38,30.08,0,15.5,33.83,29.6,0,Direct,SIMPLE,64,RING,LL,32,1,Direct,A_flag_ceiling
all_gather_perf,1,8,1048576,32768,float,none,19.65,53.37,46.7,0,18.88,55.53,48.59,0,Direct,SIMPLE,64,RING,LL,32,1,Direct,A_flag_ceiling
all_gather_perf,1,8,2097152,65536,float,none,19.5,107.57,94.12,0,19.55,107.3,93.88,0,Direct,SIMPLE,64,RING,LL,32,1,Direct,A_flag_ceiling
all_gather_perf,1,8,4194304,131072,float,none,23.8,176.26,154.22,0,24.0,174.78,152.93,0,Direct,SIMPLE,64,RING,LL,32,1,Direct,A_flag_ceiling
all_gather_perf,1,8,8388608,262144,float,none,39.44,212.67,186.09,0,36.2,231.71,202.74,0,Direct,SIMPLE,64,RING,LL,32,1,Direct,A_flag_ceiling
all_gather_perf,1,8,16777216,524288,float,none,220.2,76.19,66.67,0,218.78,76.69,67.1,0,RING,LL,32,RING,LL,32,0,RING,A_flag_ceiling
all_gather_perf,1,8,33554432,1048576,float,none,434.52,77.22,67.57,0,430.91,77.87,68.14,0,RING,LL,32,RING,LL,32,0,RING,A_flag_ceiling
all_gather_perf,1,8,67108864,2097152,float,none,865.61,77.53,67.84,0,860.46,77.99,68.24,0,RING,LL,32,RING,LL,32,0,RING,A_flag_ceiling
all_gather_perf,1,8,134217728,4194304,float,none,1584.13,84.73,74.14,0,1587.78,84.53,73.97,0,RING,LL,32,RING,LL,32,0,RING*,A_flag_ceiling
all_gather_perf,1,8,268435456,8388608,float,none,3189.35,84.17,73.65,0,3190.32,84.14,73.62,0,RING,LL,32,RING,LL,32,0,RING*,A_flag_ceiling
all_gather_perf,1,8,536870912,16777216,float,none,6489.86,82.72,72.38,0,6427.64,83.53,73.08,0,RING,LL,32,RING,LL,32,0,RING*,A_flag_ceiling
all_gather_perf,1,8,4096,128,float,none,13.01,0.31,0.28,0,10.99,0.37,0.33,0,Direct,SIMPLE,64,RING,SIMPLE,40,1,Direct,A_flag_ceiling
all_gather_perf,1,8,8192,256,float,none,13.5,0.61,0.53,0,10.78,0.76,0.67,0,Direct,SIMPLE,64,RING,SIMPLE,40,1,Direct,A_flag_ceiling
all_gather_perf,1,8,16384,512,float,none,14.14,1.16,1.01,0,14.0,1.17,1.02,0,Direct,SIMPLE,64,RING,SIMPLE,40,1,Direct,A_flag_ceiling
all_gather_perf,1,8,32768,1024,float,none,13.49,2.43,2.13,0,13.59,2.41,2.11,0,Direct,SIMPLE,64,RING,SIMPLE,40,1,Direct,A_flag_ceiling
all_gather_perf,1,8,65536,2048,float,none,13.77,4.76,4.17,0,12.06,5.43,4.75,0,Direct,SIMPLE,64,RING,SIMPLE,40,1,Direct,A_flag_ceiling
all_gather_perf,1,8,131072,4096,float,none,14.02,9.35,8.18,0,14.39,9.11,7.97,0,Direct,SIMPLE,64,RING,SIMPLE,40,1,Direct,A_flag_ceiling
all_gather_perf,1,8,262144,8192,float,none,15.2,17.24,15.09,0,15.34,17.09,14.95,0,Direct,SIMPLE,64,RING,SIMPLE,40,1,Direct,A_flag_ceiling
all_gather_perf,1,8,524288,16384,float,none,15.83,33.11,28.97,0,15.84,33.1,28.96,0,Direct,SIMPLE,64,RING,SIMPLE,40,1,Direct,A_flag_ceiling
all_gather_perf,1,8,1048576,32768,float,none,20.56,51.01,44.63,0,20.38,51.46,45.03,0,Direct,SIMPLE,64,RING,SIMPLE,40,1,Direct,A_flag_ceiling
all_gather_perf,1,8,2097152,65536,float,none,20.18,103.94,90.94,0,19.7,106.48,93.17,0,Direct,SIMPLE,64,RING,SIMPLE,40,1,Direct,A_flag_ceiling
all_gather_perf,1,8,4194304,131072,float,none,24.31,172.5,150.94,0,24.26,172.91,151.3,0,Direct,SIMPLE,64,RING,SIMPLE,40,1,Direct,A_flag_ceiling
all_gather_perf,1,8,8388608,262144,float,none,38.24,219.39,191.97,0,36.49,229.92,201.18,0,Direct,SIMPLE,64,RING,SIMPLE,40,1,Direct,A_flag_ceiling
all_gather_perf,1,8,16777216,524288,float,none,71.1,235.97,206.47,0,70.16,239.12,209.23,0,RING,SIMPLE,40,RING,SIMPLE,40,0,RING,A_flag_ceiling
all_gather_perf,1,8,33554432,1048576,float,none,111.96,299.69,262.23,0,110.6,303.39,265.47,0,RING,SIMPLE,40,RING,SIMPLE,40,0,RING,A_flag_ceiling
all_gather_perf,1,8,67108864,2097152,float,none,195.19,343.8,300.83,0,194.56,344.92,301.81,0,RING,SIMPLE,40,RING,SIMPLE,40,0,RING,A_flag_ceiling
all_gather_perf,1,8,134217728,4194304,float,none,350.52,382.91,335.05,0,349.35,384.19,336.17,0,RING,SIMPLE,40,RING,SIMPLE,40,0,RING*,A_flag_ceiling
all_gather_perf,1,8,268435456,8388608,float,none,667.82,401.96,351.71,0,666.01,403.05,352.67,0,RING,SIMPLE,40,RING,SIMPLE,40,0,RING*,A_flag_ceiling
all_gather_perf,1,8,536870912,16777216,float,none,1302.32,412.24,360.71,0,1300.77,412.73,361.14,0,RING,SIMPLE,40,RING,SIMPLE,40,0,RING*,A_flag_ceiling
all_gather_perf,1,8,4096,128,float,none,16.19,0.25,0.22,0,11.45,0.36,0.31,0,Direct,SIMPLE,64,RING,LL,40,1,Direct,A_flag_ceiling
all_gather_perf,1,8,8192,256,float,none,13.18,0.62,0.54,0,12.4,0.66,0.58,0,Direct,SIMPLE,64,RING,LL,40,1,Direct,A_flag_ceiling
all_gather_perf,1,8,16384,512,float,none,15.04,1.09,0.95,0,13.05,1.26,1.1,0,Direct,SIMPLE,64,RING,LL,40,1,Direct,A_flag_ceiling
all_gather_perf,1,8,32768,1024,float,none,14.45,2.27,1.98,0,13.12,2.5,2.19,0,Direct,SIMPLE,64,RING,LL,40,1,Direct,A_flag_ceiling
all_gather_perf,1,8,65536,2048,float,none,13.5,4.86,4.25,0,13.47,4.87,4.26,0,Direct,SIMPLE,64,RING,LL,40,1,Direct,A_flag_ceiling
all_gather_perf,1,8,131072,4096,float,none,15.36,8.53,7.47,0,15.11,8.67,7.59,0,Direct,SIMPLE,64,RING,LL,40,1,Direct,A_flag_ceiling
all_gather_perf,1,8,262144,8192,float,none,15.3,17.14,14.99,0,14.78,17.74,15.52,0,Direct,SIMPLE,64,RING,LL,40,1,Direct,A_flag_ceiling
all_gather_perf,1,8,524288,16384,float,none,15.88,33.01,28.89,0,15.48,33.86,29.63,0,Direct,SIMPLE,64,RING,LL,40,1,Direct,A_flag_ceiling
all_gather_perf,1,8,1048576,32768,float,none,20.06,52.28,45.75,0,19.54,53.66,46.96,0,Direct,SIMPLE,64,RING,LL,40,1,Direct,A_flag_ceiling
all_gather_perf,1,8,2097152,65536,float,none,19.41,108.05,94.55,0,19.55,107.3,93.88,0,Direct,SIMPLE,64,RING,LL,40,1,Direct,A_flag_ceiling
all_gather_perf,1,8,4194304,131072,float,none,23.95,175.09,153.21,0,23.86,175.82,153.84,0,Direct,SIMPLE,64,RING,LL,40,1,Direct,A_flag_ceiling
all_gather_perf,1,8,8388608,262144,float,none,38.65,217.04,189.91,0,36.32,230.97,202.09,0,Direct,SIMPLE,64,RING,LL,40,1,Direct,A_flag_ceiling
all_gather_perf,1,8,16777216,524288,float,none,184.18,91.09,79.7,0,182.68,91.84,80.36,0,RING,LL,40,RING,LL,40,0,RING,A_flag_ceiling
all_gather_perf,1,8,33554432,1048576,float,none,359.53,93.33,81.66,0,356.87,94.03,82.27,0,RING,LL,40,RING,LL,40,0,RING,A_flag_ceiling
all_gather_perf,1,8,67108864,2097152,float,none,706.73,94.96,83.09,0,704.69,95.23,83.33,0,RING,LL,40,RING,LL,40,0,RING,A_flag_ceiling
all_gather_perf,1,8,134217728,4194304,float,none,1265.08,106.09,92.83,0,1272.59,105.47,92.28,0,RING,LL,40,RING,LL,40,0,RING*,A_flag_ceiling
all_gather_perf,1,8,268435456,8388608,float,none,2556.18,105.01,91.89,0,2547.67,105.37,92.19,0,RING,LL,40,RING,LL,40,0,RING*,A_flag_ceiling
all_gather_perf,1,8,536870912,16777216,float,none,5195.88,103.33,90.41,0,5113.51,104.99,91.87,0,RING,LL,40,RING,LL,40,0,RING*,A_flag_ceiling
all_gather_perf,1,8,4096,128,float,none,16.79,0.24,0.21,0,10.93,0.37,0.33,0,Direct,SIMPLE,64,RING,SIMPLE,48,1,Direct,A_flag_ceiling
all_gather_perf,1,8,8192,256,float,none,13.62,0.6,0.53,0,12.58,0.65,0.57,0,Direct,SIMPLE,64,RING,SIMPLE,48,1,Direct,A_flag_ceiling
all_gather_perf,1,8,16384,512,float,none,13.78,1.19,1.04,0,16.04,1.02,0.89,0,Direct,SIMPLE,64,RING,SIMPLE,48,1,Direct,A_flag_ceiling
all_gather_perf,1,8,32768,1024,float,none,14.84,2.21,1.93,0,14.19,2.31,2.02,0,Direct,SIMPLE,64,RING,SIMPLE,48,1,Direct,A_flag_ceiling
all_gather_perf,1,8,65536,2048,float,none,14.81,4.42,3.87,0,12.77,5.13,4.49,0,Direct,SIMPLE,64,RING,SIMPLE,48,1,Direct,A_flag_ceiling
all_gather_perf,1,8,131072,4096,float,none,16.64,7.88,6.89,0,15.13,8.67,7.58,0,Direct,SIMPLE,64,RING,SIMPLE,48,1,Direct,A_flag_ceiling
all_gather_perf,1,8,262144,8192,float,none,15.61,16.79,14.69,0,15.8,16.59,14.52,0,Direct,SIMPLE,64,RING,SIMPLE,48,1,Direct,A_flag_ceiling
all_gather_perf,1,8,524288,16384,float,none,15.68,33.43,29.25,0,15.6,33.61,29.41,0,Direct,SIMPLE,64,RING,SIMPLE,48,1,Direct,A_flag_ceiling
all_gather_perf,1,8,1048576,32768,float,none,20.96,50.03,43.78,0,19.72,53.18,46.53,0,Direct,SIMPLE,64,RING,SIMPLE,48,1,Direct,A_flag_ceiling
all_gather_perf,1,8,2097152,65536,float,none,19.78,106.05,92.79,0,19.46,107.76,94.29,0,Direct,SIMPLE,64,RING,SIMPLE,48,1,Direct,A_flag_ceiling
all_gather_perf,1,8,4194304,131072,float,none,24.1,174.04,152.28,0,24.23,173.07,151.44,0,Direct,SIMPLE,64,RING,SIMPLE,48,1,Direct,A_flag_ceiling
all_gather_perf,1,8,8388608,262144,float,none,38.24,219.37,191.95,0,36.54,229.57,200.88,0,Direct,SIMPLE,64,RING,SIMPLE,48,1,Direct,A_flag_ceiling
all_gather_perf,1,8,16777216,524288,float,none,69.19,242.49,212.18,0,68.51,244.88,214.27,0,RING,SIMPLE,48,RING,SIMPLE,48,0,RING,A_flag_ceiling
all_gather_perf,1,8,33554432,1048576,float,none,110.22,304.42,266.37,0,109.81,305.56,267.36,0,RING,SIMPLE,48,RING,SIMPLE,48,0,RING,A_flag_ceiling
all_gather_perf,1,8,67108864,2097152,float,none,195.82,342.7,299.87,0,195.51,343.25,300.35,0,RING,SIMPLE,48,RING,SIMPLE,48,0,RING,A_flag_ceiling
all_gather_perf,1,8,134217728,4194304,float,none,332.23,403.99,353.49,0,331.78,404.54,353.97,0,RING,SIMPLE,48,RING,SIMPLE,48,0,RING*,A_flag_ceiling
all_gather_perf,1,8,268435456,8388608,float,none,638.83,420.2,367.67,0,636.89,421.48,368.8,0,RING,SIMPLE,48,RING,SIMPLE,48,0,RING*,A_flag_ceiling
all_gather_perf,1,8,536870912,16777216,float,none,1254.42,427.98,374.49,0,1253.56,428.28,374.74,0,RING,SIMPLE,48,RING,SIMPLE,48,0,RING*,A_flag_ceiling
all_gather_perf,1,8,4096,128,float,none,15.14,0.27,0.24,0,12.69,0.32,0.28,0,Direct,SIMPLE,64,RING,LL,48,1,Direct,A_flag_ceiling
all_gather_perf,1,8,8192,256,float,none,13.33,0.61,0.54,0,12.3,0.67,0.58,0,Direct,SIMPLE,64,RING,LL,48,1,Direct,A_flag_ceiling
all_gather_perf,1,8,16384,512,float,none,14.41,1.14,0.99,0,13.99,1.17,1.02,0,Direct,SIMPLE,64,RING,LL,48,1,Direct,A_flag_ceiling
all_gather_perf,1,8,32768,1024,float,none,14.78,2.22,1.94,0,14.17,2.31,2.02,0,Direct,SIMPLE,64,RING,LL,48,1,Direct,A_flag_ceiling
all_gather_perf,1,8,65536,2048,float,none,13.61,4.82,4.21,0,13.51,4.85,4.24,0,Direct,SIMPLE,64,RING,LL,48,1,Direct,A_flag_ceiling
all_gather_perf,1,8,131072,4096,float,none,16.97,7.72,6.76,0,14.9,8.8,7.7,0,Direct,SIMPLE,64,RING,LL,48,1,Direct,A_flag_ceiling
all_gather_perf,1,8,262144,8192,float,none,15.07,17.39,15.22,0,15.43,16.99,14.86,0,Direct,SIMPLE,64,RING,LL,48,1,Direct,A_flag_ceiling
all_gather_perf,1,8,524288,16384,float,none,15.37,34.1,29.84,0,15.4,34.05,29.8,0,Direct,SIMPLE,64,RING,LL,48,1,Direct,A_flag_ceiling
all_gather_perf,1,8,1048576,32768,float,none,20.16,52.02,45.52,0,19.32,54.27,47.49,0,Direct,SIMPLE,64,RING,LL,48,1,Direct,A_flag_ceiling
all_gather_perf,1,8,2097152,65536,float,none,19.02,110.25,96.47,0,19.21,109.2,95.55,0,Direct,SIMPLE,64,RING,LL,48,1,Direct,A_flag_ceiling
all_gather_perf,1,8,4194304,131072,float,none,24.0,174.74,152.9,0,23.84,175.94,153.95,0,Direct,SIMPLE,64,RING,LL,48,1,Direct,A_flag_ceiling
all_gather_perf,1,8,8388608,262144,float,none,38.74,216.52,189.46,0,36.33,230.88,202.02,0,Direct,SIMPLE,64,RING,LL,48,1,Direct,A_flag_ceiling
all_gather_perf,1,8,16777216,524288,float,none,157.2,106.73,93.39,0,156.04,107.52,94.08,0,RING,LL,48,RING,LL,48,0,RING,A_flag_ceiling
all_gather_perf,1,8,33554432,1048576,float,none,304.09,110.34,96.55,0,301.51,111.29,97.38,0,RING,LL,48,RING,LL,48,0,RING,A_flag_ceiling
all_gather_perf,1,8,67108864,2097152,float,none,599.06,112.02,98.02,0,594.09,112.96,98.84,0,RING,LL,48,RING,LL,48,0,RING,A_flag_ceiling
all_gather_perf,1,8,134217728,4194304,float,none,1052.6,127.51,111.57,0,1054.46,127.29,111.38,0,RING,LL,48,RING,LL,48,0,RING*,A_flag_ceiling
all_gather_perf,1,8,268435456,8388608,float,none,2150.46,124.83,109.22,0,2151.18,124.79,109.19,0,RING,LL,48,RING,LL,48,0,RING*,A_flag_ceiling
all_gather_perf,1,8,536870912,16777216,float,none,4292.8,125.06,109.43,0,4316.44,124.38,108.83,0,RING,LL,48,RING,LL,48,0,RING*,A_flag_ceiling
all_gather_perf,1,8,4096,128,float,none,14.75,0.28,0.24,0,11.39,0.36,0.31,0,Direct,SIMPLE,64,RING,SIMPLE,56,1,Direct,A_flag_ceiling
all_gather_perf,1,8,8192,256,float,none,12.98,0.63,0.55,0,12.89,0.64,0.56,0,Direct,SIMPLE,64,RING,SIMPLE,56,1,Direct,A_flag_ceiling
all_gather_perf,1,8,16384,512,float,none,13.53,1.21,1.06,0,13.37,1.23,1.07,0,Direct,SIMPLE,64,RING,SIMPLE,56,1,Direct,A_flag_ceiling
all_gather_perf,1,8,32768,1024,float,none,14.42,2.27,1.99,0,13.38,2.45,2.14,0,Direct,SIMPLE,64,RING,SIMPLE,56,1,Direct,A_flag_ceiling
all_gather_perf,1,8,65536,2048,float,none,14.37,4.56,3.99,0,12.42,5.28,4.62,0,Direct,SIMPLE,64,RING,SIMPLE,56,1,Direct,A_flag_ceiling
all_gather_perf,1,8,131072,4096,float,none,14.55,9.01,7.88,0,13.74,9.54,8.35,0,Direct,SIMPLE,64,RING,SIMPLE,56,1,Direct,A_flag_ceiling
all_gather_perf,1,8,262144,8192,float,none,14.67,17.86,15.63,0,14.47,18.12,15.85,0,Direct,SIMPLE,64,RING,SIMPLE,56,1,Direct,A_flag_ceiling
all_gather_perf,1,8,524288,16384,float,none,15.87,33.04,28.91,0,15.38,34.09,29.82,0,Direct,SIMPLE,64,RING,SIMPLE,56,1,Direct,A_flag_ceiling
all_gather_perf,1,8,1048576,32768,float,none,19.8,52.97,46.35,0,19.96,52.53,45.96,0,Direct,SIMPLE,64,RING,SIMPLE,56,1,Direct,A_flag_ceiling
all_gather_perf,1,8,2097152,65536,float,none,20.18,103.94,90.95,0,19.19,109.27,95.61,0,Direct,SIMPLE,64,RING,SIMPLE,56,1,Direct,A_flag_ceiling
all_gather_perf,1,8,4194304,131072,float,none,23.83,176.02,154.02,0,23.8,176.26,154.23,0,Direct,SIMPLE,64,RING,SIMPLE,56,1,Direct,A_flag_ceiling
all_gather_perf,1,8,8388608,262144,float,none,37.75,222.19,194.42,0,36.29,231.15,202.26,0,Direct,SIMPLE,64,RING,SIMPLE,56,1,Direct,A_flag_ceiling
all_gather_perf,1,8,16777216,524288,float,none,64.35,260.71,228.12,0,63.8,262.98,230.11,0,RING,SIMPLE,56,RING,SIMPLE,56,0,RING,A_flag_ceiling
all_gather_perf,1,8,33554432,1048576,float,none,103.86,323.08,282.69,0,102.93,325.99,285.24,0,RING,SIMPLE,56,RING,SIMPLE,56,0,RING,A_flag_ceiling
all_gather_perf,1,8,67108864,2097152,float,none,181.32,370.11,323.85,0,180.97,370.83,324.48,0,RING,SIMPLE,56,RING,SIMPLE,56,0,RING,A_flag_ceiling
all_gather_perf,1,8,134217728,4194304,float,none,324.33,413.83,362.1,0,324.44,413.7,361.98,0,RING,SIMPLE,56,RING,SIMPLE,56,0,RING*,A_flag_ceiling
all_gather_perf,1,8,268435456,8388608,float,none,623.91,430.24,376.46,0,626.0,428.81,375.21,0,RING,SIMPLE,56,RING,SIMPLE,56,0,RING*,A_flag_ceiling
all_gather_perf,1,8,536870912,16777216,float,none,1224.37,438.49,383.68,0,1226.19,437.84,383.11,0,RING,SIMPLE,56,RING,SIMPLE,56,0,RING*,A_flag_ceiling
all_gather_perf,1,8,4096,128,float,none,14.03,0.29,0.26,0,12.27,0.33,0.29,0,Direct,SIMPLE,64,RING,LL,56,1,Direct,A_flag_ceiling
all_gather_perf,1,8,8192,256,float,none,12.89,0.64,0.56,0,12.32,0.66,0.58,0,Direct,SIMPLE,64,RING,LL,56,1,Direct,A_flag_ceiling
all_gather_perf,1,8,16384,512,float,none,14.86,1.1,0.96,0,14.6,1.12,0.98,0,Direct,SIMPLE,64,RING,LL,56,1,Direct,A_flag_ceiling
all_gather_perf,1,8,32768,1024,float,none,14.48,2.26,1.98,0,13.52,2.42,2.12,0,Direct,SIMPLE,64,RING,LL,56,1,Direct,A_flag_ceiling
all_gather_perf,1,8,65536,2048,float,none,13.7,4.78,4.19,0,13.11,5.0,4.37,0,Direct,SIMPLE,64,RING,LL,56,1,Direct,A_flag_ceiling
all_gather_perf,1,8,131072,4096,float,none,14.2,9.23,8.08,0,15.19,8.63,7.55,0,Direct,SIMPLE,64,RING,LL,56,1,Direct,A_flag_ceiling
all_gather_perf,1,8,262144,8192,float,none,14.9,17.6,15.4,0,14.53,18.04,15.78,0,Direct,SIMPLE,64,RING,LL,56,1,Direct,A_flag_ceiling
all_gather_perf,1,8,524288,16384,float,none,15.92,32.92,28.81,0,15.48,33.87,29.64,0,Direct,SIMPLE,64,RING,LL,56,1,Direct,A_flag_ceiling
all_gather_perf,1,8,1048576,32768,float,none,20.88,50.23,43.95,0,19.61,53.46,46.78,0,Direct,SIMPLE,64,RING,LL,56,1,Direct,A_flag_ceiling
all_gather_perf,1,8,2097152,65536,float,none,19.67,106.63,93.3,0,19.16,109.44,95.76,0,Direct,SIMPLE,64,RING,LL,56,1,Direct,A_flag_ceiling
all_gather_perf,1,8,4194304,131072,float,none,23.9,175.5,153.56,0,23.85,175.89,153.9,0,Direct,SIMPLE,64,RING,LL,56,1,Direct,A_flag_ceiling
all_gather_perf,1,8,8388608,262144,float,none,37.57,223.27,195.36,0,36.38,230.61,201.78,0,Direct,SIMPLE,64,RING,LL,56,1,Direct,A_flag_ceiling
all_gather_perf,1,8,16777216,524288,float,none,139.93,119.89,104.91,0,139.4,120.35,105.31,0,RING,LL,56,RING,LL,56,0,RING,A_flag_ceiling
all_gather_perf,1,8,33554432,1048576,float,none,266.37,125.97,110.22,0,264.47,126.87,111.01,0,RING,LL,56,RING,LL,56,0,RING,A_flag_ceiling
all_gather_perf,1,8,67108864,2097152,float,none,522.86,128.35,112.31,0,520.77,128.86,112.76,0,RING,LL,56,RING,LL,56,0,RING,A_flag_ceiling
all_gather_perf,1,8,134217728,4194304,float,none,930.01,144.32,126.28,0,935.03,143.54,125.6,0,RING,LL,56,RING,LL,56,0,RING*,A_flag_ceiling
all_gather_perf,1,8,268435456,8388608,float,none,1836.96,146.13,127.86,0,1846.62,145.37,127.19,0,RING,LL,56,RING,LL,56,0,RING*,A_flag_ceiling
all_gather_perf,1,8,536870912,16777216,float,none,3691.63,145.43,127.25,0,3727.84,144.02,126.01,0,RING,LL,56,RING,LL,56,0,RING*,A_flag_ceiling
all_gather_perf,1,8,4096,128,float,none,45.28,0.09,0.08,0,41.78,0.1,0.09,0,Direct,SIMPLE,4,RING,SIMPLE,1,1,Direct,A_flag_ceiling
all_gather_perf,1,8,8192,256,float,none,46.97,0.17,0.15,0,43.85,0.19,0.16,0,Direct,SIMPLE,4,RING,SIMPLE,1,1,Direct,A_flag_ceiling
all_gather_perf,1,8,16384,512,float,none,52.32,0.31,0.27,0,47.04,0.35,0.3,0,Direct,SIMPLE,4,RING,SIMPLE,1,1,Direct,A_flag_ceiling
all_gather_perf,1,8,32768,1024,float,none,60.11,0.55,0.48,0,56.37,0.58,0.51,0,Direct,SIMPLE,4,RING,SIMPLE,1,1,Direct,A_flag_ceiling
all_gather_perf,1,8,65536,2048,float,none,77.19,0.85,0.74,0,74.22,0.88,0.77,0,Direct,SIMPLE,4,RING,SIMPLE,1,1,Direct,A_flag_ceiling
all_gather_perf,1,8,131072,4096,float,none,112.15,1.17,1.02,0,110.12,1.19,1.04,0,Direct,SIMPLE,4,RING,SIMPLE,1,1,Direct,A_flag_ceiling
all_gather_perf,1,8,262144,8192,float,none,200.93,1.3,1.14,0,184.09,1.42,1.25,0,Direct,SIMPLE,4,RING,SIMPLE,1,1,Direct,A_flag_ceiling
all_gather_perf,1,8,524288,16384,float,none,334.57,1.57,1.37,0,328.31,1.6,1.4,0,Direct,SIMPLE,4,RING,SIMPLE,1,1,Direct,A_flag_ceiling
all_gather_perf,1,8,1048576,32768,float,none,131.46,7.98,6.98,0,130.38,8.04,7.04,0,Direct,SIMPLE,4,RING,SIMPLE,1,1,Direct,A_flag_ceiling
all_gather_perf,1,8,2097152,65536,float,none,222.76,9.41,8.24,0,199.45,10.51,9.2,0,Direct,SIMPLE,4,RING,SIMPLE,1,1,Direct,A_flag_ceiling
all_gather_perf,1,8,4194304,131072,float,none,399.4,10.5,9.19,0,371.84,11.28,9.87,0,Direct,SIMPLE,4,RING,SIMPLE,1,1,Direct,A_flag_ceiling
all_gather_perf,1,8,8388608,262144,float,none,653.79,12.83,11.23,0,594.56,14.11,12.35,0,Direct,SIMPLE,4,RING,SIMPLE,1,1,Direct,A_flag_ceiling
all_gather_perf,1,8,16777216,524288,float,none,1321.89,12.69,11.11,0,1295.68,12.95,11.33,0,RING,SIMPLE,1,RING,SIMPLE,1,0,RING,A_flag_ceiling
all_gather_perf,1,8,33554432,1048576,float,none,2611.78,12.85,11.24,0,2605.66,12.88,11.27,0,RING,SIMPLE,1,RING,SIMPLE,1,0,RING,A_flag_ceiling
all_gather_perf,1,8,67108864,2097152,float,none,5202.56,12.9,11.29,0,5218.87,12.86,11.25,0,RING,SIMPLE,1,RING,SIMPLE,1,0,RING,A_flag_ceiling
all_gather_perf,1,8,134217728,4194304,float,none,10615.7,12.64,11.06,0,9990.24,13.43,11.76,0,RING,SIMPLE,1,RING,SIMPLE,1,0,RING*,A_flag_ceiling
all_gather_perf,1,8,268435456,8388608,float,none,21295.7,12.61,11.03,0,20018.4,13.41,11.73,0,RING,SIMPLE,1,RING,SIMPLE,1,0,RING*,A_flag_ceiling
all_gather_perf,1,8,536870912,16777216,float,none,42660.2,12.58,11.01,0,40172.1,13.36,11.69,0,RING,SIMPLE,1,RING,SIMPLE,1,0,RING*,A_flag_ceiling
all_gather_perf,1,8,4096,128,float,none,45.31,0.09,0.08,0,41.38,0.1,0.09,0,Direct,SIMPLE,4,RING,LL,1,1,Direct,A_flag_ceiling
all_gather_perf,1,8,8192,256,float,none,46.97,0.17,0.15,0,43.48,0.19,0.16,0,Direct,SIMPLE,4,RING,LL,1,1,Direct,A_flag_ceiling
all_gather_perf,1,8,16384,512,float,none,52.07,0.31,0.28,0,46.93,0.35,0.31,0,Direct,SIMPLE,4,RING,LL,1,1,Direct,A_flag_ceiling
all_gather_perf,1,8,32768,1024,float,none,59.89,0.55,0.48,0,56.23,0.58,0.51,0,Direct,SIMPLE,4,RING,LL,1,1,Direct,A_flag_ceiling
all_gather_perf,1,8,65536,2048,float,none,77.09,0.85,0.74,0,74.04,0.89,0.77,0,Direct,SIMPLE,4,RING,LL,1,1,Direct,A_flag_ceiling
all_gather_perf,1,8,131072,4096,float,none,112.37,1.17,1.02,0,110.11,1.19,1.04,0,Direct,SIMPLE,4,RING,LL,1,1,Direct,A_flag_ceiling
all_gather_perf,1,8,262144,8192,float,none,187.43,1.4,1.22,0,183.97,1.42,1.25,0,Direct,SIMPLE,4,RING,LL,1,1,Direct,A_flag_ceiling
all_gather_perf,1,8,524288,16384,float,none,335.06,1.56,1.37,0,328.36,1.6,1.4,0,Direct,SIMPLE,4,RING,LL,1,1,Direct,A_flag_ceiling
all_gather_perf,1,8,1048576,32768,float,none,135.06,7.76,6.79,0,124.68,8.41,7.36,0,Direct,SIMPLE,4,RING,LL,1,1,Direct,A_flag_ceiling
all_gather_perf,1,8,2097152,65536,float,none,221.59,9.46,8.28,0,203.3,10.32,9.03,0,Direct,SIMPLE,4,RING,LL,1,1,Direct,A_flag_ceiling
all_gather_perf,1,8,4194304,131072,float,none,394.76,10.63,9.3,0,344.26,12.18,10.66,0,Direct,SIMPLE,4,RING,LL,1,1,Direct,A_flag_ceiling
all_gather_perf,1,8,8388608,262144,float,none,663.8,12.64,11.06,0,619.23,13.55,11.85,0,Direct,SIMPLE,4,RING,LL,1,1,Direct,A_flag_ceiling
all_gather_perf,1,8,16777216,524288,float,none,5577.72,3.01,2.63,0,5523.45,3.04,2.66,0,RING,LL,1,RING,LL,1,0,RING,A_flag_ceiling
all_gather_perf,1,8,33554432,1048576,float,none,11189.9,3.0,2.62,0,11044.2,3.04,2.66,0,RING,LL,1,RING,LL,1,0,RING,A_flag_ceiling
all_gather_perf,1,8,67108864,2097152,float,none,22316.5,3.01,2.63,0,22076.8,3.04,2.66,0,RING,LL,1,RING,LL,1,0,RING,A_flag_ceiling
all_gather_perf,1,8,134217728,4194304,float,none,49311.9,2.72,2.38,0,48266.1,2.78,2.43,0,RING,LL,1,RING,LL,1,0,RING*,A_flag_ceiling
all_gather_perf,1,8,268435456,8388608,float,none,99976.2,2.68,2.35,0,96618.7,2.78,2.43,0,RING,LL,1,RING,LL,1,0,RING*,A_flag_ceiling
all_gather_perf,1,8,536870912,16777216,float,none,199413.0,2.69,2.36,0,194114.0,2.77,2.42,0,RING,LL,1,RING,LL,1,0,RING*,A_flag_ceiling
all_gather_perf,1,8,4096,128,float,none,45.41,0.09,0.08,0,41.34,0.1,0.09,0,Direct,SIMPLE,8,RING,SIMPLE,2,1,Direct,A_flag_ceiling
all_gather_perf,1,8,8192,256,float,none,47.84,0.17,0.15,0,43.74,0.19,0.16,0,Direct,SIMPLE,8,RING,SIMPLE,2,1,Direct,A_flag_ceiling
all_gather_perf,1,8,16384,512,float,none,51.75,0.32,0.28,0,47.24,0.35,0.3,0,Direct,SIMPLE,8,RING,SIMPLE,2,1,Direct,A_flag_ceiling
all_gather_perf,1,8,32768,1024,float,none,60.18,0.54,0.48,0,56.35,0.58,0.51,0,Direct,SIMPLE,8,RING,SIMPLE,2,1,Direct,A_flag_ceiling
all_gather_perf,1,8,65536,2048,float,none,77.63,0.84,0.74,0,74.24,0.88,0.77,0,Direct,SIMPLE,8,RING,SIMPLE,2,1,Direct,A_flag_ceiling
all_gather_perf,1,8,131072,4096,float,none,112.73,1.16,1.02,0,110.54,1.19,1.04,0,Direct,SIMPLE,8,RING,SIMPLE,2,1,Direct,A_flag_ceiling
all_gather_perf,1,8,262144,8192,float,none,187.9,1.4,1.22,0,184.19,1.42,1.25,0,Direct,SIMPLE,8,RING,SIMPLE,2,1,Direct,A_flag_ceiling
all_gather_perf,1,8,524288,16384,float,none,335.61,1.56,1.37,0,329.7,1.59,1.39,0,Direct,SIMPLE,8,RING,SIMPLE,2,1,Direct,A_flag_ceiling
all_gather_perf,1,8,1048576,32768,float,none,135.2,7.76,6.79,0,131.01,8.0,7.0,0,Direct,SIMPLE,8,RING,SIMPLE,2,1,Direct,A_flag_ceiling
all_gather_perf,1,8,2097152,65536,float,none,212.8,9.86,8.62,0,202.25,10.37,9.07,0,Direct,SIMPLE,8,RING,SIMPLE,2,1,Direct,A_flag_ceiling
all_gather_perf,1,8,4194304,131072,float,none,393.88,10.65,9.32,0,366.6,11.44,10.01,0,Direct,SIMPLE,8,RING,SIMPLE,2,1,Direct,A_flag_ceiling
all_gather_perf,1,8,8388608,262144,float,none,667.71,12.56,10.99,0,618.63,13.56,11.86,0,Direct,SIMPLE,8,RING,SIMPLE,2,1,Direct,A_flag_ceiling
all_gather_perf,1,8,16777216,524288,float,none,721.73,23.25,20.34,0,673.8,24.9,21.79,0,RING,SIMPLE,2,RING,SIMPLE,2,0,RING,A_flag_ceiling
all_gather_perf,1,8,33554432,1048576,float,none,1421.65,23.6,20.65,0,1343.97,24.97,21.85,0,RING,SIMPLE,2,RING,SIMPLE,2,0,RING,A_flag_ceiling
all_gather_perf,1,8,67108864,2097152,float,none,2837.02,23.65,20.7,0,2697.09,24.88,21.77,0,RING,SIMPLE,2,RING,SIMPLE,2,0,RING,A_flag_ceiling
all_gather_perf,1,8,134217728,4194304,float,none,5317.64,25.24,22.09,0,4986.4,26.92,23.55,0,RING,SIMPLE,2,RING,SIMPLE,2,0,RING*,A_flag_ceiling
all_gather_perf,1,8,268435456,8388608,float,none,10646.9,25.21,22.06,0,10013.9,26.81,23.46,0,RING,SIMPLE,2,RING,SIMPLE,2,0,RING*,A_flag_ceiling
all_gather_perf,1,8,536870912,16777216,float,none,21371.0,25.12,21.98,0,20091.4,26.72,23.38,0,RING,SIMPLE,2,RING,SIMPLE,2,0,RING*,A_flag_ceiling
all_gather_perf,1,8,4096,128,float,none,44.68,0.09,0.08,0,41.42,0.1,0.09,0,Direct,SIMPLE,8,RING,LL,2,1,Direct,A_flag_ceiling
all_gather_perf,1,8,8192,256,float,none,46.91,0.17,0.15,0,43.63,0.19,0.16,0,Direct,SIMPLE,8,RING,LL,2,1,Direct,A_flag_ceiling
all_gather_perf,1,8,16384,512,float,none,52.45,0.31,0.27,0,47.24,0.35,0.3,0,Direct,SIMPLE,8,RING,LL,2,1,Direct,A_flag_ceiling
all_gather_perf,1,8,32768,1024,float,none,59.76,0.55,0.48,0,56.05,0.58,0.51,0,Direct,SIMPLE,8,RING,LL,2,1,Direct,A_flag_ceiling
all_gather_perf,1,8,65536,2048,float,none,76.77,0.85,0.75,0,73.76,0.89,0.78,0,Direct,SIMPLE,8,RING,LL,2,1,Direct,A_flag_ceiling
all_gather_perf,1,8,131072,4096,float,none,112.04,1.17,1.02,0,109.68,1.2,1.05,0,Direct,SIMPLE,8,RING,LL,2,1,Direct,A_flag_ceiling
all_gather_perf,1,8,262144,8192,float,none,187.18,1.4,1.23,0,183.89,1.43,1.25,0,Direct,SIMPLE,8,RING,LL,2,1,Direct,A_flag_ceiling
all_gather_perf,1,8,524288,16384,float,none,334.47,1.57,1.37,0,328.36,1.6,1.4,0,Direct,SIMPLE,8,RING,LL,2,1,Direct,A_flag_ceiling
all_gather_perf,1,8,1048576,32768,float,none,137.22,7.64,6.69,0,125.64,8.35,7.3,0,Direct,SIMPLE,8,RING,LL,2,1,Direct,A_flag_ceiling
all_gather_perf,1,8,2097152,65536,float,none,216.36,9.69,8.48,0,202.66,10.35,9.05,0,Direct,SIMPLE,8,RING,LL,2,1,Direct,A_flag_ceiling
all_gather_perf,1,8,4194304,131072,float,none,395.99,10.59,9.27,0,372.29,11.27,9.86,0,Direct,SIMPLE,8,RING,LL,2,1,Direct,A_flag_ceiling
all_gather_perf,1,8,8388608,262144,float,none,661.47,12.68,11.1,0,610.72,13.74,12.02,0,Direct,SIMPLE,8,RING,LL,2,1,Direct,A_flag_ceiling
all_gather_perf,1,8,16777216,524288,float,none,3083.15,5.44,4.76,0,3101.8,5.41,4.73,0,RING,LL,2,RING,LL,2,0,RING,A_flag_ceiling
all_gather_perf,1,8,33554432,1048576,float,none,6189.3,5.42,4.74,0,6237.24,5.38,4.71,0,RING,LL,2,RING,LL,2,0,RING,A_flag_ceiling
all_gather_perf,1,8,67108864,2097152,float,none,12351.5,5.43,4.75,0,12463.2,5.38,4.71,0,RING,LL,2,RING,LL,2,0,RING,A_flag_ceiling
all_gather_perf,1,8,134217728,4194304,float,none,24967.6,5.38,4.7,0,24333.3,5.52,4.83,0,RING,LL,2,RING,LL,2,0,RING*,A_flag_ceiling
all_gather_perf,1,8,268435456,8388608,float,none,50656.3,5.3,4.64,0,48641.5,5.52,4.83,0,RING,LL,2,RING,LL,2,0,RING*,A_flag_ceiling
all_gather_perf,1,8,536870912,16777216,float,none,101498.0,5.29,4.63,0,98664.1,5.44,4.76,0,RING,LL,2,RING,LL,2,0,RING*,A_flag_ceiling
all_gather_perf,1,8,4096,128,float,none,25.52,0.16,0.14,0,24.94,0.16,0.14,0,Direct,SIMPLE,16,RING,SIMPLE,4,1,Direct,A_flag_ceiling
all_gather_perf,1,8,8192,256,float,none,26.89,0.3,0.27,0,26.22,0.31,0.27,0,Direct,SIMPLE,16,RING,SIMPLE,4,1,Direct,A_flag_ceiling
all_gather_perf,1,8,16384,512,float,none,30.67,0.53,0.47,0,28.65,0.57,0.5,0,Direct,SIMPLE,16,RING,SIMPLE,4,1,Direct,A_flag_ceiling
all_gather_perf,1,8,32768,1024,float,none,34.28,0.96,0.84,0,33.65,0.97,0.85,0,Direct,SIMPLE,16,RING,SIMPLE,4,1,Direct,A_flag_ceiling
all_gather_perf,1,8,65536,2048,float,none,35.27,1.86,1.63,0,34.45,1.9,1.66,0,Direct,SIMPLE,16,RING,SIMPLE,4,1,Direct,A_flag_ceiling
all_gather_perf,1,8,131072,4096,float,none,45.31,2.89,2.53,0,45.01,2.91,2.55,0,Direct,SIMPLE,16,RING,SIMPLE,4,1,Direct,A_flag_ceiling
all_gather_perf,1,8,262144,8192,float,none,64.91,4.04,3.53,0,65.59,4.0,3.5,0,Direct,SIMPLE,16,RING,SIMPLE,4,1,Direct,A_flag_ceiling
all_gather_perf,1,8,524288,16384,float,none,108.08,4.85,4.24,0,108.05,4.85,4.25,0,Direct,SIMPLE,16,RING,SIMPLE,4,1,Direct,A_flag_ceiling
all_gather_perf,1,8,1048576,32768,float,none,54.8,19.14,16.74,0,54.81,19.13,16.74,0,Direct,SIMPLE,16,RING,SIMPLE,4,1,Direct,A_flag_ceiling
all_gather_perf,1,8,2097152,65536,float,none,77.08,27.21,23.81,0,76.83,27.3,23.88,0,Direct,SIMPLE,16,RING,SIMPLE,4,1,Direct,A_flag_ceiling
all_gather_perf,1,8,4194304,131072,float,none,121.87,34.42,30.11,0,119.78,35.02,30.64,0,Direct,SIMPLE,16,RING,SIMPLE,4,1,Direct,A_flag_ceiling
all_gather_perf,1,8,8388608,262144,float,none,204.04,41.11,35.97,0,209.86,39.97,34.98,0,Direct,SIMPLE,16,RING,SIMPLE,4,1,Direct,A_flag_ceiling
all_gather_perf,1,8,16777216,524288,float,none,381.99,43.92,38.43,0,358.64,46.78,40.93,0,RING,SIMPLE,4,RING,SIMPLE,4,0,RING,A_flag_ceiling
all_gather_perf,1,8,33554432,1048576,float,none,757.52,44.3,38.76,0,709.08,47.32,41.41,0,RING,SIMPLE,4,RING,SIMPLE,4,0,RING,A_flag_ceiling
all_gather_perf,1,8,67108864,2097152,float,none,1492.66,44.96,39.34,0,1419.94,47.26,41.35,0,RING,SIMPLE,4,RING,SIMPLE,4,0,RING,A_flag_ceiling
all_gather_perf,1,8,134217728,4194304,float,none,2712.94,49.47,43.29,0,2543.07,52.78,46.18,0,RING,SIMPLE,4,RING,SIMPLE,4,0,RING*,A_flag_ceiling
all_gather_perf,1,8,268435456,8388608,float,none,5406.29,49.65,43.45,0,5091.42,52.72,46.13,0,RING,SIMPLE,4,RING,SIMPLE,4,0,RING*,A_flag_ceiling
all_gather_perf,1,8,536870912,16777216,float,none,10853.3,49.47,43.28,0,10238.3,52.44,45.88,0,RING,SIMPLE,4,RING,SIMPLE,4,0,RING*,A_flag_ceiling
all_gather_perf,1,8,4096,128,float,none,25.73,0.16,0.14,0,24.89,0.16,0.14,0,Direct,SIMPLE,16,RING,LL,4,1,Direct,A_flag_ceiling
all_gather_perf,1,8,8192,256,float,none,26.98,0.3,0.27,0,26.26,0.31,0.27,0,Direct,SIMPLE,16,RING,LL,4,1,Direct,A_flag_ceiling
all_gather_perf,1,8,16384,512,float,none,31.61,0.52,0.45,0,29.47,0.56,0.49,0,Direct,SIMPLE,16,RING,LL,4,1,Direct,A_flag_ceiling
all_gather_perf,1,8,32768,1024,float,none,34.09,0.96,0.84,0,33.43,0.98,0.86,0,Direct,SIMPLE,16,RING,LL,4,1,Direct,A_flag_ceiling
all_gather_perf,1,8,65536,2048,float,none,35.19,1.86,1.63,0,34.66,1.89,1.65,0,Direct,SIMPLE,16,RING,LL,4,1,Direct,A_flag_ceiling
all_gather_perf,1,8,131072,4096,float,none,47.09,2.78,2.44,0,45.01,2.91,2.55,0,Direct,SIMPLE,16,RING,LL,4,1,Direct,A_flag_ceiling
all_gather_perf,1,8,262144,8192,float,none,64.98,4.03,3.53,0,65.73,3.99,3.49,0,Direct,SIMPLE,16,RING,LL,4,1,Direct,A_flag_ceiling
all_gather_perf,1,8,524288,16384,float,none,107.98,4.86,4.25,0,108.23,4.84,4.24,0,Direct,SIMPLE,16,RING,LL,4,1,Direct,A_flag_ceiling
all_gather_perf,1,8,1048576,32768,float,none,55.97,18.74,16.39,0,55.38,18.93,16.57,0,Direct,SIMPLE,16,RING,LL,4,1,Direct,A_flag_ceiling
all_gather_perf,1,8,2097152,65536,float,none,76.49,27.42,23.99,0,77.55,27.04,23.66,0,Direct,SIMPLE,16,RING,LL,4,1,Direct,A_flag_ceiling
all_gather_perf,1,8,4194304,131072,float,none,119.16,35.2,30.8,0,119.09,35.22,30.82,0,Direct,SIMPLE,16,RING,LL,4,1,Direct,A_flag_ceiling
all_gather_perf,1,8,8388608,262144,float,none,204.23,41.07,35.94,0,209.01,40.14,35.12,0,Direct,SIMPLE,16,RING,LL,4,1,Direct,A_flag_ceiling
all_gather_perf,1,8,16777216,524288,float,none,1649.1,10.17,8.9,0,1630.82,10.29,9.0,0,RING,LL,4,RING,LL,4,0,RING,A_flag_ceiling
all_gather_perf,1,8,33554432,1048576,float,none,3346.55,10.03,8.77,0,3300.55,10.17,8.9,0,RING,LL,4,RING,LL,4,0,RING,A_flag_ceiling
all_gather_perf,1,8,67108864,2097152,float,none,6735.23,9.96,8.72,0,6650.28,10.09,8.83,0,RING,LL,4,RING,LL,4,0,RING,A_flag_ceiling
all_gather_perf,1,8,134217728,4194304,float,none,12440.2,10.79,9.44,0,12133.2,11.06,9.68,0,RING,LL,4,RING,LL,4,0,RING*,A_flag_ceiling
all_gather_perf,1,8,268435456,8388608,float,none,25175.2,10.66,9.33,0,24309.1,11.04,9.66,0,RING,LL,4,RING,LL,4,0,RING*,A_flag_ceiling
all_gather_perf,1,8,536870912,16777216,float,none,49897.8,10.76,9.41,0,48450.2,11.08,9.7,0,RING,LL,4,RING,LL,4,0,RING*,A_flag_ceiling
all_gather_perf,1,8,4096,128,float,none,17.04,0.24,0.21,0,15.2,0.27,0.24,0,Direct,SIMPLE,32,RING,SIMPLE,8,1,Direct,A_flag_ceiling
all_gather_perf,1,8,8192,256,float,none,16.01,0.51,0.45,0,15.5,0.53,0.46,0,Direct,SIMPLE,32,RING,SIMPLE,8,1,Direct,A_flag_ceiling
all_gather_perf,1,8,16384,512,float,none,19.57,0.84,0.73,0,18.42,0.89,0.78,0,Direct,SIMPLE,32,RING,SIMPLE,8,1,Direct,A_flag_ceiling
all_gather_perf,1,8,32768,1024,float,none,20.76,1.58,1.38,0,19.71,1.66,1.45,0,Direct,SIMPLE,32,RING,SIMPLE,8,1,Direct,A_flag_ceiling
all_gather_perf,1,8,65536,2048,float,none,20.76,3.16,2.76,0,20.34,3.22,2.82,0,Direct,SIMPLE,32,RING,SIMPLE,8,1,Direct,A_flag_ceiling
all_gather_perf,1,8,131072,4096,float,none,22.75,5.76,5.04,0,21.9,5.99,5.24,0,Direct,SIMPLE,32,RING,SIMPLE,8,1,Direct,A_flag_ceiling
all_gather_perf,1,8,262144,8192,float,none,25.79,10.17,8.9,0,26.12,10.04,8.78,0,Direct,SIMPLE,32,RING,SIMPLE,8,1,Direct,A_flag_ceiling
all_gather_perf,1,8,524288,16384,float,none,36.93,14.2,12.42,0,37.45,14.0,12.25,0,Direct,SIMPLE,32,RING,SIMPLE,8,1,Direct,A_flag_ceiling
all_gather_perf,1,8,1048576,32768,float,none,32.5,32.26,28.23,0,30.74,34.11,29.85,0,Direct,SIMPLE,32,RING,SIMPLE,8,1,Direct,A_flag_ceiling
all_gather_perf,1,8,2097152,65536,float,none,32.1,65.33,57.16,0,32.48,64.57,56.5,0,Direct,SIMPLE,32,RING,SIMPLE,8,1,Direct,A_flag_ceiling
all_gather_perf,1,8,4194304,131072,float,none,45.78,91.61,80.16,0,45.6,91.98,80.48,0,Direct,SIMPLE,32,RING,SIMPLE,8,1,Direct,A_flag_ceiling
all_gather_perf,1,8,8388608,262144,float,none,72.78,115.26,100.86,0,72.24,116.11,101.6,0,Direct,SIMPLE,32,RING,SIMPLE,8,1,Direct,A_flag_ceiling
all_gather_perf,1,8,16777216,524288,float,none,209.76,79.98,69.99,0,197.99,84.74,74.15,0,RING,SIMPLE,8,RING,SIMPLE,8,0,RING,A_flag_ceiling
all_gather_perf,1,8,33554432,1048576,float,none,385.28,87.09,76.2,0,363.4,92.33,80.79,0,RING,SIMPLE,8,RING,SIMPLE,8,0,RING,A_flag_ceiling
all_gather_perf,1,8,67108864,2097152,float,none,757.01,88.65,77.57,0,718.27,93.43,81.75,0,RING,SIMPLE,8,RING,SIMPLE,8,0,RING,A_flag_ceiling
all_gather_perf,1,8,134217728,4194304,float,none,1381.9,97.13,84.98,0,1293.73,103.74,90.78,0,RING,SIMPLE,8,RING,SIMPLE,8,0,RING*,A_flag_ceiling
all_gather_perf,1,8,268435456,8388608,float,none,2748.37,97.67,85.46,0,2575.96,104.21,91.18,0,RING,SIMPLE,8,RING,SIMPLE,8,0,RING*,A_flag_ceiling
all_gather_perf,1,8,536870912,16777216,float,none,5494.39,97.71,85.5,0,5156.71,104.11,91.1,0,RING,SIMPLE,8,RING,SIMPLE,8,0,RING*,A_flag_ceiling
all_gather_perf,1,8,4096,128,float,none,17.61,0.23,0.2,0,16.09,0.25,0.22,0,Direct,SIMPLE,32,RING,LL,8,1,Direct,A_flag_ceiling
all_gather_perf,1,8,8192,256,float,none,17.19,0.48,0.42,0,15.38,0.53,0.47,0,Direct,SIMPLE,32,RING,LL,8,1,Direct,A_flag_ceiling
all_gather_perf,1,8,16384,512,float,none,21.02,0.78,0.68,0,19.45,0.84,0.74,0,Direct,SIMPLE,32,RING,LL,8,1,Direct,A_flag_ceiling
all_gather_perf,1,8,32768,1024,float,none,21.11,1.55,1.36,0,19.62,1.67,1.46,0,Direct,SIMPLE,32,RING,LL,8,1,Direct,A_flag_ceiling
all_gather_perf,1,8,65536,2048,float,none,20.42,3.21,2.81,0,20.26,3.23,2.83,0,Direct,SIMPLE,32,RING,LL,8,1,Direct,A_flag_ceiling
all_gather_perf,1,8,131072,4096,float,none,23.1,5.67,4.96,0,22.47,5.83,5.1,0,Direct,SIMPLE,32,RING,LL,8,1,Direct,A_flag_ceiling
all_gather_perf,1,8,262144,8192,float,none,25.75,10.18,8.91,0,25.98,10.09,8.83,0,Direct,SIMPLE,32,RING,LL,8,1,Direct,A_flag_ceiling
all_gather_perf,1,8,524288,16384,float,none,36.64,14.31,12.52,0,37.32,14.05,12.29,0,Direct,SIMPLE,32,RING,LL,8,1,Direct,A_flag_ceiling
all_gather_perf,1,8,1048576,32768,float,none,32.84,31.93,27.94,0,31.5,33.28,29.12,0,Direct,SIMPLE,32,RING,LL,8,1,Direct,A_flag_ceiling
all_gather_perf,1,8,2097152,65536,float,none,32.44,64.65,56.57,0,32.22,65.09,56.95,0,Direct,SIMPLE,32,RING,LL,8,1,Direct,A_flag_ceiling
all_gather_perf,1,8,4194304,131072,float,none,45.68,91.81,80.34,0,45.59,92.0,80.5,0,Direct,SIMPLE,32,RING,LL,8,1,Direct,A_flag_ceiling
all_gather_perf,1,8,8388608,262144,float,none,73.55,114.06,99.8,0,72.13,116.3,101.76,0,Direct,SIMPLE,32,RING,LL,8,1,Direct,A_flag_ceiling
all_gather_perf,1,8,16777216,524288,float,none,821.46,20.42,17.87,0,823.61,20.37,17.82,0,RING,LL,8,RING,LL,8,0,RING,A_flag_ceiling
all_gather_perf,1,8,33554432,1048576,float,none,1640.87,20.45,17.89,0,1644.51,20.4,17.85,0,RING,LL,8,RING,LL,8,0,RING,A_flag_ceiling
all_gather_perf,1,8,67108864,2097152,float,none,3321.54,20.2,17.68,0,3322.28,20.2,17.67,0,RING,LL,8,RING,LL,8,0,RING,A_flag_ceiling
all_gather_perf,1,8,134217728,4194304,float,none,6276.72,21.38,18.71,0,6191.5,21.68,18.97,0,RING,LL,8,RING,LL,8,0,RING*,A_flag_ceiling
all_gather_perf,1,8,268435456,8388608,float,none,12641.4,21.23,18.58,0,12429.7,21.6,18.9,0,RING,LL,8,RING,LL,8,0,RING*,A_flag_ceiling
all_gather_perf,1,8,536870912,16777216,float,none,25396.1,21.14,18.5,0,25133.7,21.36,18.69,0,RING,LL,8,RING,LL,8,0,RING*,A_flag_ceiling
all_gather_perf,1,8,4096,128,float,none,13.34,0.31,0.27,0,11.91,0.34,0.3,0,Direct,SIMPLE,64,RING,SIMPLE,16,1,Direct,A_flag_ceiling
all_gather_perf,1,8,8192,256,float,none,13.03,0.63,0.55,0,11.4,0.72,0.63,0,Direct,SIMPLE,64,RING,SIMPLE,16,1,Direct,A_flag_ceiling
all_gather_perf,1,8,16384,512,float,none,16.44,1.0,0.87,0,15.63,1.05,0.92,0,Direct,SIMPLE,64,RING,SIMPLE,16,1,Direct,A_flag_ceiling
all_gather_perf,1,8,32768,1024,float,none,14.61,2.24,1.96,0,14.3,2.29,2.01,0,Direct,SIMPLE,64,RING,SIMPLE,16,1,Direct,A_flag_ceiling
all_gather_perf,1,8,65536,2048,float,none,13.93,4.7,4.12,0,13.22,4.96,4.34,0,Direct,SIMPLE,64,RING,SIMPLE,16,1,Direct,A_flag_ceiling
all_gather_perf,1,8,131072,4096,float,none,17.28,7.58,6.64,0,15.92,8.23,7.2,0,Direct,SIMPLE,64,RING,SIMPLE,16,1,Direct,A_flag_ceiling
all_gather_perf,1,8,262144,8192,float,none,16.74,15.66,13.7,0,15.06,17.4,15.23,0,Direct,SIMPLE,64,RING,SIMPLE,16,1,Direct,A_flag_ceiling
all_gather_perf,1,8,524288,16384,float,none,16.25,32.27,28.24,0,15.73,33.32,29.16,0,Direct,SIMPLE,64,RING,SIMPLE,16,1,Direct,A_flag_ceiling
all_gather_perf,1,8,1048576,32768,float,none,20.74,50.56,44.24,0,19.93,52.61,46.03,0,Direct,SIMPLE,64,RING,SIMPLE,16,1,Direct,A_flag_ceiling
all_gather_perf,1,8,2097152,65536,float,none,20.16,104.01,91.01,0,19.54,107.33,93.91,0,Direct,SIMPLE,64,RING,SIMPLE,16,1,Direct,A_flag_ceiling
all_gather_perf,1,8,4194304,131072,float,none,24.04,174.47,152.66,0,24.08,174.22,152.44,0,Direct,SIMPLE,64,RING,SIMPLE,16,1,Direct,A_flag_ceiling
all_gather_perf,1,8,8388608,262144,float,none,38.73,216.6,189.53,0,36.68,228.73,200.13,0,Direct,SIMPLE,64,RING,SIMPLE,16,1,Direct,A_flag_ceiling
all_gather_perf,1,8,16777216,524288,float,none,120.27,139.5,122.06,0,113.93,147.25,128.85,0,RING,SIMPLE,16,RING,SIMPLE,16,0,RING,A_flag_ceiling
all_gather_perf,1,8,33554432,1048576,float,none,208.97,160.57,140.5,0,199.29,168.37,147.32,0,RING,SIMPLE,16,RING,SIMPLE,16,0,RING,A_flag_ceiling
all_gather_perf,1,8,67108864,2097152,float,none,386.18,173.77,152.05,0,367.87,182.43,159.62,0,RING,SIMPLE,16,RING,SIMPLE,16,0,RING,A_flag_ceiling
all_gather_perf,1,8,134217728,4194304,float,none,723.27,185.57,162.37,0,681.64,196.9,172.29,0,RING,SIMPLE,16,RING,SIMPLE,16,0,RING*,A_flag_ceiling
all_gather_perf,1,8,268435456,8388608,float,none,1415.34,189.66,165.95,0,1331.04,201.67,176.46,0,RING,SIMPLE,16,RING,SIMPLE,16,0,RING*,A_flag_ceiling
all_gather_perf,1,8,536870912,16777216,float,none,2808.77,191.14,167.25,0,2648.55,202.7,177.37,0,RING,SIMPLE,16,RING,SIMPLE,16,0,RING*,A_flag_ceiling
all_gather_perf,1,8,4096,128,float,none,15.87,0.26,0.23,0,13.01,0.31,0.28,0,Direct,SIMPLE,64,RING,LL,16,1,Direct,A_flag_ceiling
all_gather_perf,1,8,8192,256,float,none,12.85,0.64,0.56,0,11.53,0.71,0.62,0,Direct,SIMPLE,64,RING,LL,16,1,Direct,A_flag_ceiling
all_gather_perf,1,8,16384,512,float,none,14.22,1.15,1.01,0,15.25,1.07,0.94,0,Direct,SIMPLE,64,RING,LL,16,1,Direct,A_flag_ceiling
all_gather_perf,1,8,32768,1024,float,none,14.59,2.25,1.97,0,13.81,2.37,2.08,0,Direct,SIMPLE,64,RING,LL,16,1,Direct,A_flag_ceiling
all_gather_perf,1,8,65536,2048,float,none,13.63,4.81,4.21,0,12.43,5.27,4.61,0,Direct,SIMPLE,64,RING,LL,16,1,Direct,A_flag_ceiling
all_gather_perf,1,8,131072,4096,float,none,15.49,8.46,7.4,0,14.6,8.98,7.86,0,Direct,SIMPLE,64,RING,LL,16,1,Direct,A_flag_ceiling
all_gather_perf,1,8,262144,8192,float,none,14.2,18.46,16.15,0,14.09,18.61,16.28,0,Direct,SIMPLE,64,RING,LL,16,1,Direct,A_flag_ceiling
all_gather_perf,1,8,524288,16384,float,none,15.6,33.6,29.4,0,15.43,33.97,29.72,0,Direct,SIMPLE,64,RING,LL,16,1,Direct,A_flag_ceiling
all_gather_perf,1,8,1048576,32768,float,none,19.66,53.33,46.66,0,18.87,55.56,48.61,0,Direct,SIMPLE,64,RING,LL,16,1,Direct,A_flag_ceiling
all_gather_perf,1,8,2097152,65536,float,none,19.73,106.31,93.02,0,18.99,110.44,96.63,0,Direct,SIMPLE,64,RING,LL,16,1,Direct,A_flag_ceiling
all_gather_perf,1,8,4194304,131072,float,none,23.74,176.7,154.61,0,23.65,177.32,155.15,0,Direct,SIMPLE,64,RING,LL,16,1,Direct,A_flag_ceiling
all_gather_perf,1,8,8388608,262144,float,none,38.42,218.37,191.07,0,36.23,231.52,202.58,0,Direct,SIMPLE,64,RING,LL,16,1,Direct,A_flag_ceiling
all_gather_perf,1,8,16777216,524288,float,none,421.35,39.82,34.84,0,418.67,40.07,35.06,0,RING,LL,16,RING,LL,16,0,RING,A_flag_ceiling
all_gather_perf,1,8,33554432,1048576,float,none,836.8,40.1,35.09,0,831.56,40.35,35.31,0,RING,LL,16,RING,LL,16,0,RING,A_flag_ceiling
all_gather_perf,1,8,67108864,2097152,float,none,1675.63,40.05,35.04,0,1667.98,40.23,35.2,0,RING,LL,16,RING,LL,16,0,RING,A_flag_ceiling
all_gather_perf,1,8,134217728,4194304,float,none,3156.88,42.52,37.2,0,3138.2,42.77,37.42,0,RING,LL,16,RING,LL,16,0,RING*,A_flag_ceiling
all_gather_perf,1,8,268435456,8388608,float,none,6478.78,41.43,36.25,0,6314.25,42.51,37.2,0,RING,LL,16,RING,LL,16,0,RING*,A_flag_ceiling
all_gather_perf,1,8,536870912,16777216,float,none,13070.3,41.08,35.94,0,12655.4,42.42,37.12,0,RING,LL,16,RING,LL,16,0,RING*,A_flag_ceiling
all_gather_perf,1,8,4096,128,float,none,15.23,0.27,0.24,0,12.4,0.33,0.29,0,Direct,SIMPLE,64,RING,SIMPLE,24,1,Direct,A_flag_ceiling
all_gather_perf,1,8,8192,256,float,none,12.5,0.66,0.57,0,11.72,0.7,0.61,0,Direct,SIMPLE,64,RING,SIMPLE,24,1,Direct,A_flag_ceiling
all_gather_perf,1,8,16384,512,float,none,15.16,1.08,0.95,0,13.57,1.21,1.06,0,Direct,SIMPLE,64,RING,SIMPLE,24,1,Direct,A_flag_ceiling
all_gather_perf,1,8,32768,1024,float,none,14.19,2.31,2.02,0,13.59,2.41,2.11,0,Direct,SIMPLE,64,RING,SIMPLE,24,1,Direct,A_flag_ceiling
all_gather_perf,1,8,65536,2048,float,none,14.2,4.61,4.04,0,12.79,5.13,4.48,0,Direct,SIMPLE,64,RING,SIMPLE,24,1,Direct,A_flag_ceiling
all_gather_perf,1,8,131072,4096,float,none,16.21,8.08,7.07,0,14.21,9.22,8.07,0,Direct,SIMPLE,64,RING,SIMPLE,24,1,Direct,A_flag_ceiling
all_gather_perf,1,8,262144,8192,float,none,15.21,17.23,15.08,0,15.31,17.13,14.99,0,Direct,SIMPLE,64,RING,SIMPLE,24,1,Direct,A_flag_ceiling
all_gather_perf,1,8,524288,16384,float,none,16.55,31.69,27.73,0,15.42,34.0,29.75,0,Direct,SIMPLE,64,RING,SIMPLE,24,1,Direct,A_flag_ceiling
all_gather_perf,1,8,1048576,32768,float,none,19.98,52.47,45.91,0,19.68,53.29,46.62,0,Direct,SIMPLE,64,RING,SIMPLE,24,1,Direct,A_flag_ceiling
all_gather_perf,1,8,2097152,65536,float,none,19.8,105.9,92.66,0,19.03,110.23,96.45,0,Direct,SIMPLE,64,RING,SIMPLE,24,1,Direct,A_flag_ceiling
all_gather_perf,1,8,4194304,131072,float,none,24.17,173.53,151.84,0,23.81,176.12,154.11,0,Direct,SIMPLE,64,RING,SIMPLE,24,1,Direct,A_flag_ceiling
all_gather_perf,1,8,8388608,262144,float,none,38.08,220.31,192.78,0,36.16,231.96,202.97,0,Direct,SIMPLE,64,RING,SIMPLE,24,1,Direct,A_flag_ceiling
all_gather_perf,1,8,16777216,524288,float,none,93.25,179.92,157.43,0,89.47,187.52,164.08,0,RING,SIMPLE,24,RING,SIMPLE,24,0,RING,A_flag_ceiling
all_gather_perf,1,8,33554432,1048576,float,none,156.63,214.22,187.45,0,150.56,222.86,195.0,0,RING,SIMPLE,24,RING,SIMPLE,24,0,RING,A_flag_ceiling
all_gather_perf,1,8,67108864,2097152,float,none,279.35,240.23,210.2,0,270.35,248.23,217.2,0,RING,SIMPLE,24,RING,SIMPLE,24,0,RING,A_flag_ceiling
all_gather_perf,1,8,134217728,4194304,float,none,504.65,265.96,232.71,0,483.11,277.82,243.09,0,RING,SIMPLE,24,RING,SIMPLE,24,0,RING*,A_flag_ceiling
all_gather_perf,1,8,268435456,8388608,float,none,971.78,276.23,241.7,0,930.05,288.63,252.55,0,RING,SIMPLE,24,RING,SIMPLE,24,0,RING*,A_flag_ceiling
all_gather_perf,1,8,536870912,16777216,float,none,1931.07,278.02,243.26,0,1838.87,291.96,255.46,0,RING,SIMPLE,24,RING,SIMPLE,24,0,RING*,A_flag_ceiling
all_gather_perf,1,8,4096,128,float,none,14.96,0.27,0.24,0,10.72,0.38,0.33,0,Direct,SIMPLE,64,RING,LL,24,1,Direct,A_flag_ceiling
all_gather_perf,1,8,8192,256,float,none,13.74,0.6,0.52,0,13.02,0.63,0.55,0,Direct,SIMPLE,64,RING,LL,24,1,Direct,A_flag_ceiling
all_gather_perf,1,8,16384,512,float,none,16.79,0.98,0.85,0,14.29,1.15,1.0,0,Direct,SIMPLE,64,RING,LL,24,1,Direct,A_flag_ceiling
all_gather_perf,1,8,32768,1024,float,none,14.41,2.27,1.99,0,14.96,2.19,1.92,0,Direct,SIMPLE,64,RING,LL,24,1,Direct,A_flag_ceiling
all_gather_perf,1,8,65536,2048,float,none,14.64,4.48,3.92,0,13.74,4.77,4.17,0,Direct,SIMPLE,64,RING,LL,24,1,Direct,A_flag_ceiling
all_gather_perf,1,8,131072,4096,float,none,15.33,8.55,7.48,0,15.05,8.71,7.62,0,Direct,SIMPLE,64,RING,LL,24,1,Direct,A_flag_ceiling
all_gather_perf,1,8,262144,8192,float,none,16.9,15.51,13.58,0,15.64,16.76,14.66,0,Direct,SIMPLE,64,RING,LL,24,1,Direct,A_flag_ceiling
all_gather_perf,1,8,524288,16384,float,none,17.16,30.55,26.73,0,15.75,33.28,29.12,0,Direct,SIMPLE,64,RING,LL,24,1,Direct,A_flag_ceiling
all_gather_perf,1,8,1048576,32768,float,none,21.17,49.54,43.35,0,20.51,51.12,44.73,0,Direct,SIMPLE,64,RING,LL,24,1,Direct,A_flag_ceiling
all_gather_perf,1,8,2097152,65536,float,none,20.79,100.89,88.28,0,19.4,108.1,94.59,0,Direct,SIMPLE,64,RING,LL,24,1,Direct,A_flag_ceiling
all_gather_perf,1,8,4194304,131072,float,none,24.07,174.26,152.48,0,23.95,175.15,153.26,0,Direct,SIMPLE,64,RING,LL,24,1,Direct,A_flag_ceiling
all_gather_perf,1,8,8388608,262144,float,none,38.97,215.28,188.37,0,36.53,229.66,200.96,0,Direct,SIMPLE,64,RING,LL,24,1,Direct,A_flag_ceiling
all_gather_perf,1,8,16777216,524288,float,none,291.22,57.61,50.41,0,287.48,58.36,51.06,0,RING,LL,24,RING,LL,24,0,RING,A_flag_ceiling
all_gather_perf,1,8,33554432,1048576,float,none,575.52,58.3,51.02,0,568.48,59.02,51.65,0,RING,LL,24,RING,LL,24,0,RING,A_flag_ceiling
all_gather_perf,1,8,67108864,2097152,float,none,1147.21,58.5,51.19,0,1136.09,59.07,51.69,0,RING,LL,24,RING,LL,24,0,RING,A_flag_ceiling
all_gather_perf,1,8,134217728,4194304,float,none,2090.29,64.21,56.18,0,2105.86,63.74,55.77,0,RING,LL,24,RING,LL,24,0,RING*,A_flag_ceiling
all_gather_perf,1,8,268435456,8388608,float,none,4168.8,64.39,56.34,0,4233.53,63.41,55.48,0,RING,LL,24,RING,LL,24,0,RING*,A_flag_ceiling
all_gather_perf,1,8,536870912,16777216,float,none,8587.16,62.52,54.71,0,8588.62,62.51,54.7,0,RING,LL,24,RING,LL,24,0,RING*,A_flag_ceiling
all_gather_perf,1,8,4096,128,float,none,15.74,0.26,0.23,0,11.05,0.37,0.32,0,Direct,SIMPLE,64,RING,SIMPLE,32,1,Direct,A_flag_ceiling
all_gather_perf,1,8,8192,256,float,none,12.61,0.65,0.57,0,11.74,0.7,0.61,0,Direct,SIMPLE,64,RING,SIMPLE,32,1,Direct,A_flag_ceiling
all_gather_perf,1,8,16384,512,float,none,14.36,1.14,1.0,0,14.08,1.16,1.02,0,Direct,SIMPLE,64,RING,SIMPLE,32,1,Direct,A_flag_ceiling
all_gather_perf,1,8,32768,1024,float,none,14.53,2.26,1.97,0,14.19,2.31,2.02,0,Direct,SIMPLE,64,RING,SIMPLE,32,1,Direct,A_flag_ceiling
all_gather_perf,1,8,65536,2048,float,none,13.64,4.8,4.2,0,12.05,5.44,4.76,0,Direct,SIMPLE,64,RING,SIMPLE,32,1,Direct,A_flag_ceiling
all_gather_perf,1,8,131072,4096,float,none,20.48,6.4,5.6,0,14.92,8.79,7.69,0,Direct,SIMPLE,64,RING,SIMPLE,32,1,Direct,A_flag_ceiling
all_gather_perf,1,8,262144,8192,float,none,14.99,17.48,15.3,0,15.13,17.32,15.16,0,Direct,SIMPLE,64,RING,SIMPLE,32,1,Direct,A_flag_ceiling
all_gather_perf,1,8,524288,16384,float,none,16.34,32.08,28.07,0,15.54,33.74,29.52,0,Direct,SIMPLE,64,RING,SIMPLE,32,1,Direct,A_flag_ceiling
all_gather_perf,1,8,1048576,32768,float,none,20.03,52.35,45.8,0,19.4,54.05,47.29,0,Direct,SIMPLE,64,RING,SIMPLE,32,1,Direct,A_flag_ceiling
all_gather_perf,1,8,2097152,65536,float,none,19.07,109.99,96.24,0,19.11,109.72,96.01,0,Direct,SIMPLE,64,RING,SIMPLE,32,1,Direct,A_flag_ceiling
all_gather_perf,1,8,4194304,131072,float,none,23.89,175.54,153.6,0,23.83,176.04,154.04,0,Direct,SIMPLE,64,RING,SIMPLE,32,1,Direct,A_flag_ceiling
all_gather_perf,1,8,8388608,262144,float,none,38.5,217.89,190.66,0,36.26,231.34,202.42,0,Direct,SIMPLE,64,RING,SIMPLE,32,1,Direct,A_flag_ceiling
all_gather_perf,1,8,16777216,524288,float,none,77.4,216.75,189.66,0,75.86,221.17,193.53,0,RING,SIMPLE,32,RING,SIMPLE,32,0,RING,A_flag_ceiling
all_gather_perf,1,8,33554432,1048576,float,none,129.03,260.04,227.54,0,127.08,264.04,231.04,0,RING,SIMPLE,32,RING,SIMPLE,32,0,RING,A_flag_ceiling
all_gather_perf,1,8,67108864,2097152,float,none,230.62,290.99,254.62,0,228.68,293.46,256.78,0,RING,SIMPLE,32,RING,SIMPLE,32,0,RING,A_flag_ceiling
all_gather_perf,1,8,134217728,4194304,float,none,397.76,337.43,295.25,0,390.85,343.4,300.47,0,RING,SIMPLE,32,RING,SIMPLE,32,0,RING*,A_flag_ceiling
all_gather_perf,1,8,268435456,8388608,float,none,761.2,352.65,308.57,0,749.8,358.01,313.26,0,RING,SIMPLE,32,RING,SIMPLE,32,0,RING*,A_flag_ceiling
all_gather_perf,1,8,536870912,16777216,float,none,1484.06,361.76,316.54,0,1465.18,366.42,320.62,0,RING,SIMPLE,32,RING,SIMPLE,32,0,RING*,A_flag_ceiling
all_gather_perf,1,8,4096,128,float,none,15.47,0.26,0.23,0,11.14,0.37,0.32,0,Direct,SIMPLE,64,RING,LL,32,1,Direct,A_flag_ceiling
all_gather_perf,1,8,8192,256,float,none,11.6,0.71,0.62,0,12.06,0.68,0.59,0,Direct,SIMPLE,64,RING,LL,32,1,Direct,A_flag_ceiling
all_gather_perf,1,8,16384,512,float,none,13.78,1.19,1.04,0,13.17,1.24,1.09,0,Direct,SIMPLE,64,RING,LL,32,1,Direct,A_flag_ceiling
all_gather_perf,1,8,32768,1024,float,none,14.04,2.33,2.04,0,14.59,2.25,1.97,0,Direct,SIMPLE,64,RING,LL,32,1,Direct,A_flag_ceiling
all_gather_perf,1,8,65536,2048,float,none,13.21,4.96,4.34,0,12.38,5.29,4.63,0,Direct,SIMPLE,64,RING,LL,32,1,Direct,A_flag_ceiling
all_gather_perf,1,8,131072,4096,float,none,14.73,8.9,7.79,0,14.7,8.92,7.8,0,Direct,SIMPLE,64,RING,LL,32,1,Direct,A_flag_ceiling
all_gather_perf,1,8,262144,8192,float,none,14.07,18.63,16.3,0,17.43,15.04,13.16,0,Direct,SIMPLE,64,RING,LL,32,1,Direct,A_flag_ceiling
all_gather_perf,1,8,524288,16384,float,none,15.45,33.94,29.69,0,15.75,33.28,29.12,0,Direct,SIMPLE,64,RING,LL,32,1,Direct,A_flag_ceiling
all_gather_perf,1,8,1048576,32768,float,none,20.37,51.47,45.04,0,19.77,53.03,46.4,0,Direct,SIMPLE,64,RING,LL,32,1,Direct,A_flag_ceiling
all_gather_perf,1,8,2097152,65536,float,none,20.37,102.93,90.07,0,19.49,107.58,94.13,0,Direct,SIMPLE,64,RING,LL,32,1,Direct,A_flag_ceiling
all_gather_perf,1,8,4194304,131072,float,none,24.07,174.29,152.5,0,24.01,174.69,152.85,0,Direct,SIMPLE,64,RING,LL,32,1,Direct,A_flag_ceiling
all_gather_perf,1,8,8388608,262144,float,none,38.52,217.76,190.54,0,36.35,230.76,201.91,0,Direct,SIMPLE,64,RING,LL,32,1,Direct,A_flag_ceiling
all_gather_perf,1,8,16777216,524288,float,none,219.52,76.43,66.87,0,216.86,77.37,67.69,0,RING,LL,32,RING,LL,32,0,RING,A_flag_ceiling
all_gather_perf,1,8,33554432,1048576,float,none,430.79,77.89,68.15,0,428.23,78.36,68.56,0,RING,LL,32,RING,LL,32,0,RING,A_flag_ceiling
all_gather_perf,1,8,67108864,2097152,float,none,858.24,78.19,68.42,0,854.82,78.51,68.69,0,RING,LL,32,RING,LL,32,0,RING,A_flag_ceiling
all_gather_perf,1,8,134217728,4194304,float,none,1609.33,83.4,72.97,0,1566.71,85.67,74.96,0,RING,LL,32,RING,LL,32,0,RING*,A_flag_ceiling
all_gather_perf,1,8,268435456,8388608,float,none,3270.54,82.08,71.82,0,3171.1,84.65,74.07,0,RING,LL,32,RING,LL,32,0,RING*,A_flag_ceiling
all_gather_perf,1,8,536870912,16777216,float,none,6574.71,81.66,71.45,0,6416.84,83.67,73.21,0,RING,LL,32,RING,LL,32,0,RING*,A_flag_ceiling
all_gather_perf,1,8,4096,128,float,none,13.03,0.31,0.28,0,12.18,0.34,0.29,0,Direct,SIMPLE,64,RING,SIMPLE,40,1,Direct,A_flag_ceiling
all_gather_perf,1,8,8192,256,float,none,11.56,0.71,0.62,0,11.22,0.73,0.64,0,Direct,SIMPLE,64,RING,SIMPLE,40,1,Direct,A_flag_ceiling
all_gather_perf,1,8,16384,512,float,none,13.44,1.22,1.07,0,12.62,1.3,1.14,0,Direct,SIMPLE,64,RING,SIMPLE,40,1,Direct,A_flag_ceiling
all_gather_perf,1,8,32768,1024,float,none,14.38,2.28,1.99,0,13.72,2.39,2.09,0,Direct,SIMPLE,64,RING,SIMPLE,40,1,Direct,A_flag_ceiling
all_gather_perf,1,8,65536,2048,float,none,13.29,4.93,4.32,0,12.36,5.3,4.64,0,Direct,SIMPLE,64,RING,SIMPLE,40,1,Direct,A_flag_ceiling
all_gather_perf,1,8,131072,4096,float,none,15.41,8.51,7.44,0,14.28,9.18,8.03,0,Direct,SIMPLE,64,RING,SIMPLE,40,1,Direct,A_flag_ceiling
all_gather_perf,1,8,262144,8192,float,none,14.02,18.7,16.36,0,14.16,18.51,16.19,0,Direct,SIMPLE,64,RING,SIMPLE,40,1,Direct,A_flag_ceiling
all_gather_perf,1,8,524288,16384,float,none,15.31,34.25,29.96,0,15.72,33.36,29.19,0,Direct,SIMPLE,64,RING,SIMPLE,40,1,Direct,A_flag_ceiling
all_gather_perf,1,8,1048576,32768,float,none,20.16,52.0,45.5,0,19.2,54.61,47.79,0,Direct,SIMPLE,64,RING,SIMPLE,40,1,Direct,A_flag_ceiling
all_gather_perf,1,8,2097152,65536,float,none,25.19,83.25,72.85,0,19.14,109.58,95.88,0,Direct,SIMPLE,64,RING,SIMPLE,40,1,Direct,A_flag_ceiling
all_gather_perf,1,8,4194304,131072,float,none,23.84,175.92,153.93,0,23.88,175.66,153.7,0,Direct,SIMPLE,64,RING,SIMPLE,40,1,Direct,A_flag_ceiling
all_gather_perf,1,8,8388608,262144,float,none,37.89,221.41,193.73,0,36.21,231.69,202.73,0,Direct,SIMPLE,64,RING,SIMPLE,40,1,Direct,A_flag_ceiling
all_gather_perf,1,8,16777216,524288,float,none,70.94,236.49,206.93,0,69.97,239.78,209.81,0,RING,SIMPLE,40,RING,SIMPLE,40,0,RING,A_flag_ceiling
all_gather_perf,1,8,33554432,1048576,float,none,112.05,299.46,262.03,0,110.41,303.91,265.92,0,RING,SIMPLE,40,RING,SIMPLE,40,0,RING,A_flag_ceiling
all_gather_perf,1,8,67108864,2097152,float,none,195.74,342.85,300.0,0,194.84,344.44,301.38,0,RING,SIMPLE,40,RING,SIMPLE,40,0,RING,A_flag_ceiling
all_gather_perf,1,8,134217728,4194304,float,none,351.04,382.35,334.55,0,348.79,384.81,336.71,0,RING,SIMPLE,40,RING,SIMPLE,40,0,RING*,A_flag_ceiling
all_gather_perf,1,8,268435456,8388608,float,none,666.39,402.82,352.47,0,665.33,403.46,353.03,0,RING,SIMPLE,40,RING,SIMPLE,40,0,RING*,A_flag_ceiling
all_gather_perf,1,8,536870912,16777216,float,none,1304.89,411.43,360.0,0,1303.01,412.02,360.52,0,RING,SIMPLE,40,RING,SIMPLE,40,0,RING*,A_flag_ceiling
all_gather_perf,1,8,4096,128,float,none,15.36,0.27,0.23,0,10.94,0.37,0.33,0,Direct,SIMPLE,64,RING,LL,40,1,Direct,A_flag_ceiling
all_gather_perf,1,8,8192,256,float,none,11.52,0.71,0.62,0,11.49,0.71,0.62,0,Direct,SIMPLE,64,RING,LL,40,1,Direct,A_flag_ceiling
all_gather_perf,1,8,16384,512,float,none,15.89,1.03,0.9,0,13.8,1.19,1.04,0,Direct,SIMPLE,64,RING,LL,40,1,Direct,A_flag_ceiling
all_gather_perf,1,8,32768,1024,float,none,14.82,2.21,1.94,0,13.32,2.46,2.15,0,Direct,SIMPLE,64,RING,LL,40,1,Direct,A_flag_ceiling
all_gather_perf,1,8,65536,2048,float,none,14.18,4.62,4.05,0,12.21,5.37,4.7,0,Direct,SIMPLE,64,RING,LL,40,1,Direct,A_flag_ceiling
all_gather_perf,1,8,131072,4096,float,none,16.79,7.81,6.83,0,14.64,8.95,7.83,0,Direct,SIMPLE,64,RING,LL,40,1,Direct,A_flag_ceiling
all_gather_perf,1,8,262144,8192,float,none,14.77,17.75,15.53,0,14.93,17.56,15.36,0,Direct,SIMPLE,64,RING,LL,40,1,Direct,A_flag_ceiling
all_gather_perf,1,8,524288,16384,float,none,16.44,31.89,27.91,0,15.61,33.6,29.4,0,Direct,SIMPLE,64,RING,LL,40,1,Direct,A_flag_ceiling
all_gather_perf,1,8,1048576,32768,float,none,19.49,53.8,47.07,0,19.27,54.41,47.61,0,Direct,SIMPLE,64,RING,LL,40,1,Direct,A_flag_ceiling
all_gather_perf,1,8,2097152,65536,float,none,20.17,103.97,90.97,0,19.39,108.16,94.64,0,Direct,SIMPLE,64,RING,LL,40,1,Direct,A_flag_ceiling
all_gather_perf,1,8,4194304,131072,float,none,24.05,174.4,152.6,0,23.93,175.24,153.34,0,Direct,SIMPLE,64,RING,LL,40,1,Direct,A_flag_ceiling
all_gather_perf,1,8,8388608,262144,float,none,38.13,220.02,192.52,0,36.37,230.66,201.83,0,Direct,SIMPLE,64,RING,LL,40,1,Direct,A_flag_ceiling
all_gather_perf,1,8,16777216,524288,float,none,184.28,91.04,79.66,0,183.0,91.68,80.22,0,RING,LL,40,RING,LL,40,0,RING,A_flag_ceiling
all_gather_perf,1,8,33554432,1048576,float,none,361.1,92.92,81.31,0,356.04,94.24,82.46,0,RING,LL,40,RING,LL,40,0,RING,A_flag_ceiling
all_gather_perf,1,8,67108864,2097152,float,none,712.42,94.2,82.42,0,705.98,95.06,83.18,0,RING,LL,40,RING,LL,40,0,RING,A_flag_ceiling
all_gather_perf,1,8,134217728,4194304,float,none,1271.79,105.53,92.34,0,1267.23,105.91,92.68,0,RING,LL,40,RING,LL,40,0,RING*,A_flag_ceiling
all_gather_perf,1,8,268435456,8388608,float,none,2567.48,104.55,91.48,0,2545.97,105.44,92.26,0,RING,LL,40,RING,LL,40,0,RING*,A_flag_ceiling
all_gather_perf,1,8,536870912,16777216,float,none,5218.41,102.88,90.02,0,5110.62,105.05,91.92,0,RING,LL,40,RING,LL,40,0,RING*,A_flag_ceiling
all_gather_perf,1,8,4096,128,float,none,13.37,0.31,0.27,0,13.3,0.31,0.27,0,Direct,SIMPLE,64,RING,SIMPLE,48,1,Direct,A_flag_ceiling
all_gather_perf,1,8,8192,256,float,none,11.2,0.73,0.64,0,14.66,0.56,0.49,0,Direct,SIMPLE,64,RING,SIMPLE,48,1,Direct,A_flag_ceiling
all_gather_perf,1,8,16384,512,float,none,13.24,1.24,1.08,0,13.16,1.25,1.09,0,Direct,SIMPLE,64,RING,SIMPLE,48,1,Direct,A_flag_ceiling
all_gather_perf,1,8,32768,1024,float,none,14.05,2.33,2.04,0,13.62,2.41,2.11,0,Direct,SIMPLE,64,RING,SIMPLE,48,1,Direct,A_flag_ceiling
all_gather_perf,1,8,65536,2048,float,none,13.72,4.78,4.18,0,12.57,5.21,4.56,0,Direct,SIMPLE,64,RING,SIMPLE,48,1,Direct,A_flag_ceiling
all_gather_perf,1,8,131072,4096,float,none,14.32,9.15,8.01,0,14.91,8.79,7.69,0,Direct,SIMPLE,64,RING,SIMPLE,48,1,Direct,A_flag_ceiling
all_gather_perf,1,8,262144,8192,float,none,15.43,16.98,14.86,0,14.44,18.16,15.89,0,Direct,SIMPLE,64,RING,SIMPLE,48,1,Direct,A_flag_ceiling
all_gather_perf,1,8,524288,16384,float,none,15.69,33.41,29.23,0,15.59,33.64,29.43,0,Direct,SIMPLE,64,RING,SIMPLE,48,1,Direct,A_flag_ceiling
all_gather_perf,1,8,1048576,32768,float,none,20.15,52.03,45.52,0,18.94,55.37,48.45,0,Direct,SIMPLE,64,RING,SIMPLE,48,1,Direct,A_flag_ceiling
all_gather_perf,1,8,2097152,65536,float,none,19.23,109.04,95.41,0,19.35,108.39,94.84,0,Direct,SIMPLE,64,RING,SIMPLE,48,1,Direct,A_flag_ceiling
all_gather_perf,1,8,4194304,131072,float,none,24.04,174.5,152.68,0,24.08,174.17,152.4,0,Direct,SIMPLE,64,RING,SIMPLE,48,1,Direct,A_flag_ceiling
all_gather_perf,1,8,8388608,262144,float,none,37.85,221.62,193.91,0,36.44,230.22,201.44,0,Direct,SIMPLE,64,RING,SIMPLE,48,1,Direct,A_flag_ceiling
all_gather_perf,1,8,16777216,524288,float,none,69.51,241.37,211.2,0,68.82,243.77,213.3,0,RING,SIMPLE,48,RING,SIMPLE,48,0,RING,A_flag_ceiling
all_gather_perf,1,8,33554432,1048576,float,none,110.47,303.74,265.77,0,110.02,305.0,266.87,0,RING,SIMPLE,48,RING,SIMPLE,48,0,RING,A_flag_ceiling
all_gather_perf,1,8,67108864,2097152,float,none,196.23,341.99,299.24,0,195.84,342.68,299.84,0,RING,SIMPLE,48,RING,SIMPLE,48,0,RING,A_flag_ceiling
all_gather_perf,1,8,134217728,4194304,float,none,331.58,404.78,354.18,0,331.51,404.86,354.26,0,RING,SIMPLE,48,RING,SIMPLE,48,0,RING*,A_flag_ceiling
all_gather_perf,1,8,268435456,8388608,float,none,637.85,420.84,368.24,0,635.92,422.12,369.35,0,RING,SIMPLE,48,RING,SIMPLE,48,0,RING*,A_flag_ceiling
all_gather_perf,1,8,536870912,16777216,float,none,1253.31,428.36,374.82,0,1251.05,429.13,375.49,0,RING,SIMPLE,48,RING,SIMPLE,48,0,RING*,A_flag_ceiling
all_gather_perf,1,8,4096,128,float,none,15.71,0.26,0.23,0,11.99,0.34,0.3,0,Direct,SIMPLE,64,RING,LL,48,1,Direct,A_flag_ceiling
all_gather_perf,1,8,8192,256,float,none,12.18,0.67,0.59,0,12.32,0.66,0.58,0,Direct,SIMPLE,64,RING,LL,48,1,Direct,A_flag_ceiling
all_gather_perf,1,8,16384,512,float,none,14.31,1.14,1.0,0,14.56,1.13,0.98,0,Direct,SIMPLE,64,RING,LL,48,1,Direct,A_flag_ceiling
all_gather_perf,1,8,32768,1024,float,none,14.6,2.24,1.96,0,13.8,2.37,2.08,0,Direct,SIMPLE,64,RING,LL,48,1,Direct,A_flag_ceiling
all_gather_perf,1,8,65536,2048,float,none,18.79,3.49,3.05,0,13.94,4.7,4.11,0,Direct,SIMPLE,64,RING,LL,48,1,Direct,A_flag_ceiling
all_gather_perf,1,8,131072,4096,float,none,15.64,8.38,7.33,0,15.44,8.49,7.43,0,Direct,SIMPLE,64,RING,LL,48,1,Direct,A_flag_ceiling
all_gather_perf,1,8,262144,8192,float,none,15.38,17.05,14.92,0,14.91,17.59,15.39,0,Direct,SIMPLE,64,RING,LL,48,1,Direct,A_flag_ceiling
all_gather_perf,1,8,524288,16384,float,none,16.05,32.67,28.58,0,15.76,33.26,29.11,0,Direct,SIMPLE,64,RING,LL,48,1,Direct,A_flag_ceiling
all_gather_perf,1,8,1048576,32768,float,none,20.22,51.86,45.38,0,19.63,53.42,46.75,0,Direct,SIMPLE,64,RING,LL,48,1,Direct,A_flag_ceiling
all_gather_perf,1,8,2097152,65536,float,none,20.31,103.25,90.34,0,19.17,109.42,95.74,0,Direct,SIMPLE,64,RING,LL,48,1,Direct,A_flag_ceiling
all_gather_perf,1,8,4194304,131072,float,none,24.09,174.14,152.37,0,24.06,174.33,152.54,0,Direct,SIMPLE,64,RING,LL,48,1,Direct,A_flag_ceiling
all_gather_perf,1,8,8388608,262144,float,none,38.46,218.09,190.83,0,36.66,228.81,200.21,0,Direct,SIMPLE,64,RING,LL,48,1,Direct,A_flag_ceiling
all_gather_perf,1,8,16777216,524288,float,none,157.83,106.3,93.01,0,156.19,107.42,93.99,0,RING,LL,48,RING,LL,48,0,RING,A_flag_ceiling
all_gather_perf,1,8,33554432,1048576,float,none,304.83,110.08,96.32,0,302.24,111.02,97.14,0,RING,LL,48,RING,LL,48,0,RING,A_flag_ceiling
all_gather_perf,1,8,67108864,2097152,float,none,597.39,112.34,98.29,0,595.81,112.63,98.56,0,RING,LL,48,RING,LL,48,0,RING,A_flag_ceiling
all_gather_perf,1,8,134217728,4194304,float,none,1060.93,126.51,110.7,0,1062.3,126.35,110.55,0,RING,LL,48,RING,LL,48,0,RING*,A_flag_ceiling
all_gather_perf,1,8,268435456,8388608,float,none,2147.88,124.98,109.35,0,2156.28,124.49,108.93,0,RING,LL,48,RING,LL,48,0,RING*,A_flag_ceiling
all_gather_perf,1,8,536870912,16777216,float,none,4265.56,125.86,110.13,0,4302.23,124.79,109.19,0,RING,LL,48,RING,LL,48,0,RING*,A_flag_ceiling
all_gather_perf,1,8,4096,128,float,none,15.5,0.26,0.23,0,10.96,0.37,0.33,0,Direct,SIMPLE,64,RING,SIMPLE,56,1,Direct,A_flag_ceiling
all_gather_perf,1,8,8192,256,float,none,12.33,0.66,0.58,0,10.79,0.76,0.66,0,Direct,SIMPLE,64,RING,SIMPLE,56,1,Direct,A_flag_ceiling
all_gather_perf,1,8,16384,512,float,none,13.98,1.17,1.03,0,13.23,1.24,1.08,0,Direct,SIMPLE,64,RING,SIMPLE,56,1,Direct,A_flag_ceiling
all_gather_perf,1,8,32768,1024,float,none,13.7,2.39,2.09,0,13.11,2.5,2.19,0,Direct,SIMPLE,64,RING,SIMPLE,56,1,Direct,A_flag_ceiling
all_gather_perf,1,8,65536,2048,float,none,12.28,5.33,4.67,0,12.61,5.2,4.55,0,Direct,SIMPLE,64,RING,SIMPLE,56,1,Direct,A_flag_ceiling
all_gather_perf,1,8,131072,4096,float,none,21.76,6.02,5.27,0,14.42,9.09,7.95,0,Direct,SIMPLE,64,RING,SIMPLE,56,1,Direct,A_flag_ceiling
all_gather_perf,1,8,262144,8192,float,none,13.21,19.84,17.36,0,14.12,18.57,16.25,0,Direct,SIMPLE,64,RING,SIMPLE,56,1,Direct,A_flag_ceiling
all_gather_perf,1,8,524288,16384,float,none,15.9,32.98,28.86,0,16.3,32.16,28.14,0,Direct,SIMPLE,64,RING,SIMPLE,56,1,Direct,A_flag_ceiling
all_gather_perf,1,8,1048576,32768,float,none,19.78,53.01,46.38,0,18.79,55.8,48.83,0,Direct,SIMPLE,64,RING,SIMPLE,56,1,Direct,A_flag_ceiling
all_gather_perf,1,8,2097152,65536,float,none,20.18,103.93,90.94,0,19.11,109.77,96.05,0,Direct,SIMPLE,64,RING,SIMPLE,56,1,Direct,A_flag_ceiling
all_gather_perf,1,8,4194304,131072,float,none,24.18,173.48,151.79,0,23.73,176.76,154.66,0,Direct,SIMPLE,64,RING,SIMPLE,56,1,Direct,A_flag_ceiling
all_gather_perf,1,8,8388608,262144,float,none,38.14,219.95,192.46,0,36.31,231.05,202.17,0,Direct,SIMPLE,64,RING,SIMPLE,56,1,Direct,A_flag_ceiling
all_gather_perf,1,8,16777216,524288,float,none,64.36,260.68,228.09,0,63.85,262.76,229.91,0,RING,SIMPLE,56,RING,SIMPLE,56,0,RING,A_flag_ceiling
all_gather_perf,1,8,33554432,1048576,float,none,104.13,322.24,281.96,0,103.29,324.85,284.24,0,RING,SIMPLE,56,RING,SIMPLE,56,0,RING,A_flag_ceiling
all_gather_perf,1,8,67108864,2097152,float,none,182.1,368.52,322.46,0,180.59,371.61,325.16,0,RING,SIMPLE,56,RING,SIMPLE,56,0,RING,A_flag_ceiling
all_gather_perf,1,8,134217728,4194304,float,none,324.48,413.64,361.93,0,323.99,414.26,362.48,0,RING,SIMPLE,56,RING,SIMPLE,56,0,RING*,A_flag_ceiling
all_gather_perf,1,8,268435456,8388608,float,none,623.25,430.71,376.87,0,629.16,426.66,373.33,0,RING,SIMPLE,56,RING,SIMPLE,56,0,RING*,A_flag_ceiling
all_gather_perf,1,8,536870912,16777216,float,none,1221.64,439.47,384.53,0,1225.65,438.03,383.28,0,RING,SIMPLE,56,RING,SIMPLE,56,0,RING*,A_flag_ceiling
all_gather_perf,1,8,4096,128,float,none,13.55,0.3,0.26,0,11.41,0.36,0.31,0,Direct,SIMPLE,64,RING,LL,56,1,Direct,A_flag_ceiling
all_gather_perf,1,8,8192,256,float,none,13.27,0.62,0.54,0,11.87,0.69,0.6,0,Direct,SIMPLE,64,RING,LL,56,1,Direct,A_flag_ceiling
all_gather_perf,1,8,16384,512,float,none,13.6,1.2,1.05,0,13.35,1.23,1.07,0,Direct,SIMPLE,64,RING,LL,56,1,Direct,A_flag_ceiling
all_gather_perf,1,8,32768,1024,float,none,14.45,2.27,1.98,0,13.86,2.36,2.07,0,Direct,SIMPLE,64,RING,LL,56,1,Direct,A_flag_ceiling
all_gather_perf,1,8,65536,2048,float,none,14.75,4.44,3.89,0,16.35,4.01,3.51,0,Direct,SIMPLE,64,RING,LL,56,1,Direct,A_flag_ceiling
all_gather_perf,1,8,131072,4096,float,none,13.85,9.46,8.28,0,14.95,8.77,7.67,0,Direct,SIMPLE,64,RING,LL,56,1,Direct,A_flag_ceiling
all_gather_perf,1,8,262144,8192,float,none,16.26,16.12,14.11,0,15.36,17.07,14.94,0,Direct,SIMPLE,64,RING,LL,56,1,Direct,A_flag_ceiling
all_gather_perf,1,8,524288,16384,float,none,15.59,33.63,29.42,0,15.4,34.05,29.79,0,Direct,SIMPLE,64,RING,LL,56,1,Direct,A_flag_ceiling
all_gather_perf,1,8,1048576,32768,float,none,19.82,52.89,46.28,0,19.29,54.36,47.56,0,Direct,SIMPLE,64,RING,LL,56,1,Direct,A_flag_ceiling
all_gather_perf,1,8,2097152,65536,float,none,19.8,105.89,92.65,0,19.25,108.95,95.33,0,Direct,SIMPLE,64,RING,LL,56,1,Direct,A_flag_ceiling
all_gather_perf,1,8,4194304,131072,float,none,24.08,174.15,152.38,0,23.76,176.56,154.49,0,Direct,SIMPLE,64,RING,LL,56,1,Direct,A_flag_ceiling
all_gather_perf,1,8,8388608,262144,float,none,38.48,218.01,190.76,0,36.26,231.35,202.43,0,Direct,SIMPLE,64,RING,LL,56,1,Direct,A_flag_ceiling
all_gather_perf,1,8,16777216,524288,float,none,140.5,119.41,104.49,0,139.34,120.41,105.36,0,RING,LL,56,RING,LL,56,0,RING,A_flag_ceiling
all_gather_perf,1,8,33554432,1048576,float,none,266.7,125.82,110.09,0,265.2,126.52,110.71,0,RING,LL,56,RING,LL,56,0,RING,A_flag_ceiling
all_gather_perf,1,8,67108864,2097152,float,none,525.57,127.69,111.73,0,523.23,128.26,112.23,0,RING,LL,56,RING,LL,56,0,RING,A_flag_ceiling
all_gather_perf,1,8,134217728,4194304,float,none,925.16,145.07,126.94,0,931.75,144.05,126.04,0,RING,LL,56,RING,LL,56,0,RING*,A_flag_ceiling
all_gather_perf,1,8,268435456,8388608,float,none,1827.89,146.86,128.5,0,1848.5,145.22,127.07,0,RING,LL,56,RING,LL,56,0,RING*,A_flag_ceiling
all_gather_perf,1,8,536870912,16777216,float,none,3716.88,144.44,126.39,0,3747.3,143.27,125.36,0,RING,LL,56,RING,LL,56,0,RING*,A_flag_ceiling
all_gather_perf,1,8,4096,128,float,none,44.8,0.09,0.08,0,40.59,0.1,0.09,0,Direct,SIMPLE,4,RING,SIMPLE,1,1,Direct,A_flag_ceiling
all_gather_perf,1,8,8192,256,float,none,46.74,0.18,0.15,0,43.61,0.19,0.16,0,Direct,SIMPLE,4,RING,SIMPLE,1,1,Direct,A_flag_ceiling
all_gather_perf,1,8,16384,512,float,none,51.78,0.32,0.28,0,47.08,0.35,0.3,0,Direct,SIMPLE,4,RING,SIMPLE,1,1,Direct,A_flag_ceiling
all_gather_perf,1,8,32768,1024,float,none,59.9,0.55,0.48,0,56.23,0.58,0.51,0,Direct,SIMPLE,4,RING,SIMPLE,1,1,Direct,A_flag_ceiling
all_gather_perf,1,8,65536,2048,float,none,77.18,0.85,0.74,0,73.87,0.89,0.78,0,Direct,SIMPLE,4,RING,SIMPLE,1,1,Direct,A_flag_ceiling
all_gather_perf,1,8,131072,4096,float,none,112.97,1.16,1.02,0,109.88,1.19,1.04,0,Direct,SIMPLE,4,RING,SIMPLE,1,1,Direct,A_flag_ceiling
all_gather_perf,1,8,262144,8192,float,none,187.48,1.4,1.22,0,183.92,1.43,1.25,0,Direct,SIMPLE,4,RING,SIMPLE,1,1,Direct,A_flag_ceiling
all_gather_perf,1,8,524288,16384,float,none,334.41,1.57,1.37,0,327.92,1.6,1.4,0,Direct,SIMPLE,4,RING,SIMPLE,1,1,Direct,A_flag_ceiling
all_gather_perf,1,8,1048576,32768,float,none,137.64,7.62,6.67,0,126.06,8.32,7.28,0,Direct,SIMPLE,4,RING,SIMPLE,1,1,Direct,A_flag_ceiling
all_gather_perf,1,8,2097152,65536,float,none,218.79,9.59,8.39,0,209.78,10.0,8.75,0,Direct,SIMPLE,4,RING,SIMPLE,1,1,Direct,A_flag_ceiling
all_gather_perf,1,8,4194304,131072,float,none,394.59,10.63,9.3,0,367.75,11.41,9.98,0,Direct,SIMPLE,4,RING,SIMPLE,1,1,Direct,A_flag_ceiling
all_gather_perf,1,8,8388608,262144,float,none,662.27,12.67,11.08,0,624.84,13.43,11.75,0,Direct,SIMPLE,4,RING,SIMPLE,1,1,Direct,A_flag_ceiling
all_gather_perf,1,8,16777216,524288,float,none,1310.23,12.8,11.2,0,1302.17,12.88,11.27,0,RING,SIMPLE,1,RING,SIMPLE,1,0,RING,A_flag_ceiling
all_gather_perf,1,8,33554432,1048576,float,none,2599.12,12.91,11.3,0,2612.22,12.85,11.24,0,RING,SIMPLE,1,RING,SIMPLE,1,0,RING,A_flag_ceiling
all_gather_perf,1,8,67108864,2097152,float,none,5169.43,12.98,11.36,0,5236.55,12.82,11.21,0,RING,SIMPLE,1,RING,SIMPLE,1,0,RING,A_flag_ceiling
all_gather_perf,1,8,134217728,4194304,float,none,10600.6,12.66,11.08,0,9981.88,13.45,11.77,0,RING,SIMPLE,1,RING,SIMPLE,1,0,RING*,A_flag_ceiling
all_gather_perf,1,8,268435456,8388608,float,none,21258.4,12.63,11.05,0,20025.1,13.4,11.73,0,RING,SIMPLE,1,RING,SIMPLE,1,0,RING*,A_flag_ceiling
all_gather_perf,1,8,536870912,16777216,float,none,42767.9,12.55,10.98,0,40214.4,13.35,11.68,0,RING,SIMPLE,1,RING,SIMPLE,1,0,RING*,A_flag_ceiling
all_gather_perf,1,8,4096,128,float,none,45.56,0.09,0.08,0,41.4,0.1,0.09,0,Direct,SIMPLE,4,RING,LL,1,1,Direct,A_flag_ceiling
all_gather_perf,1,8,8192,256,float,none,46.79,0.18,0.15,0,42.65,0.19,0.17,0,Direct,SIMPLE,4,RING,LL,1,1,Direct,A_flag_ceiling
all_gather_perf,1,8,16384,512,float,none,50.95,0.32,0.28,0,47.19,0.35,0.3,0,Direct,SIMPLE,4,RING,LL,1,1,Direct,A_flag_ceiling
all_gather_perf,1,8,32768,1024,float,none,59.54,0.55,0.48,0,56.04,0.58,0.51,0,Direct,SIMPLE,4,RING,LL,1,1,Direct,A_flag_ceiling
all_gather_perf,1,8,65536,2048,float,none,77.3,0.85,0.74,0,73.85,0.89,0.78,0,Direct,SIMPLE,4,RING,LL,1,1,Direct,A_flag_ceiling
all_gather_perf,1,8,131072,4096,float,none,112.48,1.17,1.02,0,110.17,1.19,1.04,0,Direct,SIMPLE,4,RING,LL,1,1,Direct,A_flag_ceiling
all_gather_perf,1,8,262144,8192,float,none,187.32,1.4,1.22,0,183.85,1.43,1.25,0,Direct,SIMPLE,4,RING,LL,1,1,Direct,A_flag_ceiling
all_gather_perf,1,8,524288,16384,float,none,334.71,1.57,1.37,0,328.16,1.6,1.4,0,Direct,SIMPLE,4,RING,LL,1,1,Direct,A_flag_ceiling
all_gather_perf,1,8,1048576,32768,float,none,136.97,7.66,6.7,0,130.51,8.03,7.03,0,Direct,SIMPLE,4,RING,LL,1,1,Direct,A_flag_ceiling
all_gather_perf,1,8,2097152,65536,float,none,221.97,9.45,8.27,0,212.91,9.85,8.62,0,Direct,SIMPLE,4,RING,LL,1,1,Direct,A_flag_ceiling
all_gather_perf,1,8,4194304,131072,float,none,396.08,10.59,9.27,0,372.52,11.26,9.85,0,Direct,SIMPLE,4,RING,LL,1,1,Direct,A_flag_ceiling
all_gather_perf,1,8,8388608,262144,float,none,658.52,12.74,11.15,0,585.81,14.32,12.53,0,Direct,SIMPLE,4,RING,LL,1,1,Direct,A_flag_ceiling
all_gather_perf,1,8,16777216,524288,float,none,5597.63,3.0,2.62,0,5555.39,3.02,2.64,0,RING,LL,1,RING,LL,1,0,RING,A_flag_ceiling
all_gather_perf,1,8,33554432,1048576,float,none,11172.1,3.0,2.63,0,11100.3,3.02,2.64,0,RING,LL,1,RING,LL,1,0,RING,A_flag_ceiling
all_gather_perf,1,8,67108864,2097152,float,none,22433.7,2.99,2.62,0,22228.2,3.02,2.64,0,RING,LL,1,RING,LL,1,0,RING,A_flag_ceiling
all_gather_perf,1,8,134217728,4194304,float,none,50100.1,2.68,2.34,0,48688.7,2.76,2.41,0,RING,LL,1,RING,LL,1,0,RING*,A_flag_ceiling
all_gather_perf,1,8,268435456,8388608,float,none,100133.0,2.68,2.35,0,97193.9,2.76,2.42,0,RING,LL,1,RING,LL,1,0,RING*,A_flag_ceiling
all_gather_perf,1,8,536870912,16777216,float,none,199002.0,2.7,2.36,0,194837.0,2.76,2.41,0,RING,LL,1,RING,LL,1,0,RING*,A_flag_ceiling
all_gather_perf,1,8,4096,128,float,none,44.94,0.09,0.08,0,41.23,0.1,0.09,0,Direct,SIMPLE,8,RING,SIMPLE,2,1,Direct,A_flag_ceiling
all_gather_perf,1,8,8192,256,float,none,46.76,0.18,0.15,0,42.78,0.19,0.17,0,Direct,SIMPLE,8,RING,SIMPLE,2,1,Direct,A_flag_ceiling
all_gather_perf,1,8,16384,512,float,none,52.1,0.31,0.28,0,46.78,0.35,0.31,0,Direct,SIMPLE,8,RING,SIMPLE,2,1,Direct,A_flag_ceiling
all_gather_perf,1,8,32768,1024,float,none,59.86,0.55,0.48,0,55.94,0.59,0.51,0,Direct,SIMPLE,8,RING,SIMPLE,2,1,Direct,A_flag_ceiling
all_gather_perf,1,8,65536,2048,float,none,77.0,0.85,0.74,0,73.86,0.89,0.78,0,Direct,SIMPLE,8,RING,SIMPLE,2,1,Direct,A_flag_ceiling
all_gather_perf,1,8,131072,4096,float,none,112.4,1.17,1.02,0,109.99,1.19,1.04,0,Direct,SIMPLE,8,RING,SIMPLE,2,1,Direct,A_flag_ceiling
all_gather_perf,1,8,262144,8192,float,none,187.62,1.4,1.22,0,183.93,1.43,1.25,0,Direct,SIMPLE,8,RING,SIMPLE,2,1,Direct,A_flag_ceiling
all_gather_perf,1,8,524288,16384,float,none,334.71,1.57,1.37,0,329.05,1.59,1.39,0,Direct,SIMPLE,8,RING,SIMPLE,2,1,Direct,A_flag_ceiling
all_gather_perf,1,8,1048576,32768,float,none,131.27,7.99,6.99,0,126.08,8.32,7.28,0,Direct,SIMPLE,8,RING,SIMPLE,2,1,Direct,A_flag_ceiling
all_gather_perf,1,8,2097152,65536,float,none,219.42,9.56,8.36,0,196.8,10.66,9.32,0,Direct,SIMPLE,8,RING,SIMPLE,2,1,Direct,A_flag_ceiling
all_gather_perf,1,8,4194304,131072,float,none,391.64,10.71,9.37,0,355.4,11.8,10.33,0,Direct,SIMPLE,8,RING,SIMPLE,2,1,Direct,A_flag_ceiling
all_gather_perf,1,8,8388608,262144,float,none,659.73,12.72,11.13,0,614.91,13.64,11.94,0,Direct,SIMPLE,8,RING,SIMPLE,2,1,Direct,A_flag_ceiling
all_gather_perf,1,8,16777216,524288,float,none,721.78,23.24,20.34,0,671.62,24.98,21.86,0,RING,SIMPLE,2,RING,SIMPLE,2,0,RING,A_flag_ceiling
all_gather_perf,1,8,33554432,1048576,float,none,1424.8,23.55,20.61,0,1345.8,24.93,21.82,0,RING,SIMPLE,2,RING,SIMPLE,2,0,RING,A_flag_ceiling
all_gather_perf,1,8,67108864,2097152,float,none,2826.27,23.74,20.78,0,2696.93,24.88,21.77,0,RING,SIMPLE,2,RING,SIMPLE,2,0,RING,A_flag_ceiling
all_gather_perf,1,8,134217728,4194304,float,none,5305.72,25.3,22.13,0,5013.75,26.77,23.42,0,RING,SIMPLE,2,RING,SIMPLE,2,0,RING*,A_flag_ceiling
all_gather_perf,1,8,268435456,8388608,float,none,10639.0,25.23,22.08,0,10008.3,26.82,23.47,0,RING,SIMPLE,2,RING,SIMPLE,2,0,RING*,A_flag_ceiling
all_gather_perf,1,8,536870912,16777216,float,none,21358.0,25.14,21.99,0,20110.9,26.7,23.36,0,RING,SIMPLE,2,RING,SIMPLE,2,0,RING*,A_flag_ceiling
all_gather_perf,1,8,4096,128,float,none,45.58,0.09,0.08,0,41.61,0.1,0.09,0,Direct,SIMPLE,8,RING,LL,2,1,Direct,A_flag_ceiling
all_gather_perf,1,8,8192,256,float,none,47.76,0.17,0.15,0,43.26,0.19,0.17,0,Direct,SIMPLE,8,RING,LL,2,1,Direct,A_flag_ceiling
all_gather_perf,1,8,16384,512,float,none,52.41,0.31,0.27,0,47.3,0.35,0.3,0,Direct,SIMPLE,8,RING,LL,2,1,Direct,A_flag_ceiling
all_gather_perf,1,8,32768,1024,float,none,59.97,0.55,0.48,0,56.36,0.58,0.51,0,Direct,SIMPLE,8,RING,LL,2,1,Direct,A_flag_ceiling
all_gather_perf,1,8,65536,2048,float,none,77.4,0.85,0.74,0,74.09,0.88,0.77,0,Direct,SIMPLE,8,RING,LL,2,1,Direct,A_flag_ceiling
all_gather_perf,1,8,131072,4096,float,none,112.8,1.16,1.02,0,110.31,1.19,1.04,0,Direct,SIMPLE,8,RING,LL,2,1,Direct,A_flag_ceiling
all_gather_perf,1,8,262144,8192,float,none,187.75,1.4,1.22,0,184.14,1.42,1.25,0,Direct,SIMPLE,8,RING,LL,2,1,Direct,A_flag_ceiling
all_gather_perf,1,8,524288,16384,float,none,334.73,1.57,1.37,0,329.03,1.59,1.39,0,Direct,SIMPLE,8,RING,LL,2,1,Direct,A_flag_ceiling
all_gather_perf,1,8,1048576,32768,float,none,132.67,7.9,6.92,0,125.55,8.35,7.31,0,Direct,SIMPLE,8,RING,LL,2,1,Direct,A_flag_ceiling
all_gather_perf,1,8,2097152,65536,float,none,218.87,9.58,8.38,0,209.79,10.0,8.75,0,Direct,SIMPLE,8,RING,LL,2,1,Direct,A_flag_ceiling
all_gather_perf,1,8,4194304,131072,float,none,391.21,10.72,9.38,0,372.34,11.26,9.86,0,Direct,SIMPLE,8,RING,LL,2,1,Direct,A_flag_ceiling
all_gather_perf,1,8,8388608,262144,float,none,658.21,12.74,11.15,0,628.4,13.35,11.68,0,Direct,SIMPLE,8,RING,LL,2,1,Direct,A_flag_ceiling
all_gather_perf,1,8,16777216,524288,float,none,3097.77,5.42,4.74,0,3125.78,5.37,4.7,0,RING,LL,2,RING,LL,2,0,RING,A_flag_ceiling
all_gather_perf,1,8,33554432,1048576,float,none,6236.6,5.38,4.71,0,6291.12,5.33,4.67,0,RING,LL,2,RING,LL,2,0,RING,A_flag_ceiling
all_gather_perf,1,8,67108864,2097152,float,none,12426.1,5.4,4.73,0,12607.1,5.32,4.66,0,RING,LL,2,RING,LL,2,0,RING,A_flag_ceiling
all_gather_perf,1,8,134217728,4194304,float,none,25451.7,5.27,4.61,0,25120.0,5.34,4.68,0,RING,LL,2,RING,LL,2,0,RING*,A_flag_ceiling
all_gather_perf,1,8,268435456,8388608,float,none,51110.6,5.25,4.6,0,50591.7,5.31,4.64,0,RING,LL,2,RING,LL,2,0,RING*,A_flag_ceiling
all_gather_perf,1,8,536870912,16777216,float,none,102183.0,5.25,4.6,0,101412.0,5.29,4.63,0,RING,LL,2,RING,LL,2,0,RING*,A_flag_ceiling
all_gather_perf,1,8,4096,128,float,none,25.42,0.16,0.14,0,24.93,0.16,0.14,0,Direct,SIMPLE,16,RING,SIMPLE,4,1,Direct,A_flag_ceiling
all_gather_perf,1,8,8192,256,float,none,26.64,0.31,0.27,0,25.84,0.32,0.28,0,Direct,SIMPLE,16,RING,SIMPLE,4,1,Direct,A_flag_ceiling
all_gather_perf,1,8,16384,512,float,none,29.45,0.56,0.49,0,28.74,0.57,0.5,0,Direct,SIMPLE,16,RING,SIMPLE,4,1,Direct,A_flag_ceiling
all_gather_perf,1,8,32768,1024,float,none,33.93,0.97,0.85,0,33.38,0.98,0.86,0,Direct,SIMPLE,16,RING,SIMPLE,4,1,Direct,A_flag_ceiling
all_gather_perf,1,8,65536,2048,float,none,35.27,1.86,1.63,0,34.52,1.9,1.66,0,Direct,SIMPLE,16,RING,SIMPLE,4,1,Direct,A_flag_ceiling
all_gather_perf,1,8,131072,4096,float,none,46.62,2.81,2.46,0,45.21,2.9,2.54,0,Direct,SIMPLE,16,RING,SIMPLE,4,1,Direct,A_flag_ceiling
all_gather_perf,1,8,262144,8192,float,none,65.24,4.02,3.52,0,65.8,3.98,3.49,0,Direct,SIMPLE,16,RING,SIMPLE,4,1,Direct,A_flag_ceiling
all_gather_perf,1,8,524288,16384,float,none,108.36,4.84,4.23,0,108.42,4.84,4.23,0,Direct,SIMPLE,16,RING,SIMPLE,4,1,Direct,A_flag_ceiling
all_gather_perf,1,8,1048576,32768,float,none,55.73,18.82,16.46,0,55.29,18.97,16.6,0,Direct,SIMPLE,16,RING,SIMPLE,4,1,Direct,A_flag_ceiling
all_gather_perf,1,8,2097152,65536,float,none,77.49,27.06,23.68,0,76.98,27.24,23.84,0,Direct,SIMPLE,16,RING,SIMPLE,4,1,Direct,A_flag_ceiling
all_gather_perf,1,8,4194304,131072,float,none,119.53,35.09,30.7,0,117.8,35.61,31.16,0,Direct,SIMPLE,16,RING,SIMPLE,4,1,Direct,A_flag_ceiling
all_gather_perf,1,8,8388608,262144,float,none,216.73,38.71,33.87,0,211.45,39.67,34.71,0,Direct,SIMPLE,16,RING,SIMPLE,4,1,Direct,A_flag_ceiling
all_gather_perf,1,8,16777216,524288,float,none,382.6,43.85,38.37,0,358.31,46.82,40.97,0,RING,SIMPLE,4,RING,SIMPLE,4,0,RING,A_flag_ceiling
all_gather_perf,1,8,33554432,1048576,float,none,755.78,44.4,38.85,0,708.87,47.33,41.42,0,RING,SIMPLE,4,RING,SIMPLE,4,0,RING,A_flag_ceiling
all_gather_perf,1,8,67108864,2097152,float,none,1490.58,45.02,39.39,0,1418.51,47.31,41.4,0,RING,SIMPLE,4,RING,SIMPLE,4,0,RING,A_flag_ceiling
all_gather_perf,1,8,134217728,4194304,float,none,2715.21,49.43,43.25,0,2552.46,52.58,46.01,0,RING,SIMPLE,4,RING,SIMPLE,4,0,RING*,A_flag_ceiling
all_gather_perf,1,8,268435456,8388608,float,none,5416.02,49.56,43.37,0,5104.97,52.58,46.01,0,RING,SIMPLE,4,RING,SIMPLE,4,0,RING*,A_flag_ceiling
all_gather_perf,1,8,536870912,16777216,float,none,10861.4,49.43,43.25,0,10238.2,52.44,45.88,0,RING,SIMPLE,4,RING,SIMPLE,4,0,RING*,A_flag_ceiling
all_gather_perf,1,8,4096,128,float,none,26.13,0.16,0.14,0,24.88,0.16,0.14,0,Direct,SIMPLE,16,RING,LL,4,1,Direct,A_flag_ceiling
all_gather_perf,1,8,8192,256,float,none,26.54,0.31,0.27,0,26.08,0.31,0.27,0,Direct,SIMPLE,16,RING,LL,4,1,Direct,A_flag_ceiling
all_gather_perf,1,8,16384,512,float,none,29.03,0.56,0.49,0,28.97,0.57,0.49,0,Direct,SIMPLE,16,RING,LL,4,1,Direct,A_flag_ceiling
all_gather_perf,1,8,32768,1024,float,none,33.88,0.97,0.85,0,33.52,0.98,0.86,0,Direct,SIMPLE,16,RING,LL,4,1,Direct,A_flag_ceiling
all_gather_perf,1,8,65536,2048,float,none,35.14,1.87,1.63,0,34.59,1.89,1.66,0,Direct,SIMPLE,16,RING,LL,4,1,Direct,A_flag_ceiling
all_gather_perf,1,8,131072,4096,float,none,47.52,2.76,2.41,0,45.13,2.9,2.54,0,Direct,SIMPLE,16,RING,LL,4,1,Direct,A_flag_ceiling
all_gather_perf,1,8,262144,8192,float,none,65.27,4.02,3.51,0,65.84,3.98,3.48,0,Direct,SIMPLE,16,RING,LL,4,1,Direct,A_flag_ceiling
all_gather_perf,1,8,524288,16384,float,none,108.16,4.85,4.24,0,108.1,4.85,4.24,0,Direct,SIMPLE,16,RING,LL,4,1,Direct,A_flag_ceiling
all_gather_perf,1,8,1048576,32768,float,none,56.17,18.67,16.33,0,55.13,19.02,16.64,0,Direct,SIMPLE,16,RING,LL,4,1,Direct,A_flag_ceiling
all_gather_perf,1,8,2097152,65536,float,none,76.8,27.31,23.89,0,78.72,26.64,23.31,0,Direct,SIMPLE,16,RING,LL,4,1,Direct,A_flag_ceiling
all_gather_perf,1,8,4194304,131072,float,none,121.88,34.41,30.11,0,118.73,35.33,30.91,0,Direct,SIMPLE,16,RING,LL,4,1,Direct,A_flag_ceiling
all_gather_perf,1,8,8388608,262144,float,none,208.98,40.14,35.12,0,208.51,40.23,35.2,0,Direct,SIMPLE,16,RING,LL,4,1,Direct,A_flag_ceiling
all_gather_perf,1,8,16777216,524288,float,none,1620.29,10.35,9.06,0,1620.13,10.36,9.06,0,RING,LL,4,RING,LL,4,0,RING,A_flag_ceiling
all_gather_perf,1,8,33554432,1048576,float,none,3295.24,10.18,8.91,0,3290.94,10.2,8.92,0,RING,LL,4,RING,LL,4,0,RING,A_flag_ceiling
all_gather_perf,1,8,67108864,2097152,float,none,6629.25,10.12,8.86,0,6617.63,10.14,8.87,0,RING,LL,4,RING,LL,4,0,RING,A_flag_ceiling
all_gather_perf,1,8,134217728,4194304,float,none,12510.8,10.73,9.39,0,12196.2,11.0,9.63,0,RING,LL,4,RING,LL,4,0,RING*,A_flag_ceiling
all_gather_perf,1,8,268435456,8388608,float,none,25063.4,10.71,9.37,0,24370.5,11.01,9.64,0,RING,LL,4,RING,LL,4,0,RING*,A_flag_ceiling
all_gather_perf,1,8,536870912,16777216,float,none,49809.2,10.78,9.43,0,48789.5,11.0,9.63,0,RING,LL,4,RING,LL,4,0,RING*,A_flag_ceiling
all_gather_perf,1,8,4096,128,float,none,18.04,0.23,0.2,0,15.27,0.27,0.23,0,Direct,SIMPLE,32,RING,SIMPLE,8,1,Direct,A_flag_ceiling
all_gather_perf,1,8,8192,256,float,none,16.23,0.5,0.44,0,15.67,0.52,0.46,0,Direct,SIMPLE,32,RING,SIMPLE,8,1,Direct,A_flag_ceiling
all_gather_perf,1,8,16384,512,float,none,20.19,0.81,0.71,0,18.66,0.88,0.77,0,Direct,SIMPLE,32,RING,SIMPLE,8,1,Direct,A_flag_ceiling
all_gather_perf,1,8,32768,1024,float,none,20.5,1.6,1.4,0,19.7,1.66,1.46,0,Direct,SIMPLE,32,RING,SIMPLE,8,1,Direct,A_flag_ceiling
all_gather_perf,1,8,65536,2048,float,none,20.59,3.18,2.79,0,20.34,3.22,2.82,0,Direct,SIMPLE,32,RING,SIMPLE,8,1,Direct,A_flag_ceiling
all_gather_perf,1,8,131072,4096,float,none,23.28,5.63,4.93,0,21.88,5.99,5.24,0,Direct,SIMPLE,32,RING,SIMPLE,8,1,Direct,A_flag_ceiling
all_gather_perf,1,8,262144,8192,float,none,25.61,10.24,8.96,0,26.05,10.06,8.81,0,Direct,SIMPLE,32,RING,SIMPLE,8,1,Direct,A_flag_ceiling
all_gather_perf,1,8,524288,16384,float,none,36.88,14.22,12.44,0,37.45,14.0,12.25,0,Direct,SIMPLE,32,RING,SIMPLE,8,1,Direct,A_flag_ceiling
all_gather_perf,1,8,1048576,32768,float,none,30.81,34.03,29.78,0,31.17,33.65,29.44,0,Direct,SIMPLE,32,RING,SIMPLE,8,1,Direct,A_flag_ceiling
all_gather_perf,1,8,2097152,65536,float,none,32.33,64.86,56.76,0,32.52,64.5,56.43,0,Direct,SIMPLE,32,RING,SIMPLE,8,1,Direct,A_flag_ceiling
all_gather_perf,1,8,4194304,131072,float,none,45.82,91.54,80.09,0,45.73,91.71,80.25,0,Direct,SIMPLE,32,RING,SIMPLE,8,1,Direct,A_flag_ceiling
all_gather_perf,1,8,8388608,262144,float,none,73.37,114.33,100.04,0,72.51,115.68,101.22,0,Direct,SIMPLE,32,RING,SIMPLE,8,1,Direct,A_flag_ceiling
all_gather_perf,1,8,16777216,524288,float,none,210.86,79.57,69.62,0,198.11,84.69,74.1,0,RING,SIMPLE,8,RING,SIMPLE,8,0,RING,A_flag_ceiling
all_gather_perf,1,8,33554432,1048576,float,none,387.46,86.6,75.78,0,362.83,92.48,80.92,0,RING,SIMPLE,8,RING,SIMPLE,8,0,RING,A_flag_ceiling
all_gather_perf,1,8,67108864,2097152,float,none,762.17,88.05,77.04,0,717.79,93.49,81.81,0,RING,SIMPLE,8,RING,SIMPLE,8,0,RING,A_flag_ceiling
all_gather_perf,1,8,134217728,4194304,float,none,1380.08,97.25,85.1,0,1294.5,103.68,90.72,0,RING,SIMPLE,8,RING,SIMPLE,8,0,RING*,A_flag_ceiling
all_gather_perf,1,8,268435456,8388608,float,none,2739.41,97.99,85.74,0,2577.7,104.14,91.12,0,RING,SIMPLE,8,RING,SIMPLE,8,0,RING*,A_flag_ceiling
all_gather_perf,1,8,536870912,16777216,float,none,5485.81,97.87,85.63,0,5158.25,104.08,91.07,0,RING,SIMPLE,8,RING,SIMPLE,8,0,RING*,A_flag_ceiling
all_gather_perf,1,8,4096,128,float,none,17.91,0.23,0.2,0,15.26,0.27,0.23,0,Direct,SIMPLE,32,RING,LL,8,1,Direct,A_flag_ceiling
all_gather_perf,1,8,8192,256,float,none,16.27,0.5,0.44,0,15.69,0.52,0.46,0,Direct,SIMPLE,32,RING,LL,8,1,Direct,A_flag_ceiling
all_gather_perf,1,8,16384,512,float,none,19.68,0.83,0.73,0,18.86,0.87,0.76,0,Direct,SIMPLE,32,RING,LL,8,1,Direct,A_flag_ceiling
all_gather_perf,1,8,32768,1024,float,none,20.95,1.56,1.37,0,19.68,1.66,1.46,0,Direct,SIMPLE,32,RING,LL,8,1,Direct,A_flag_ceiling
all_gather_perf,1,8,65536,2048,float,none,20.6,3.18,2.78,0,20.32,3.23,2.82,0,Direct,SIMPLE,32,RING,LL,8,1,Direct,A_flag_ceiling
all_gather_perf,1,8,131072,4096,float,none,23.28,5.63,4.93,0,21.89,5.99,5.24,0,Direct,SIMPLE,32,RING,LL,8,1,Direct,A_flag_ceiling
all_gather_perf,1,8,262144,8192,float,none,25.64,10.22,8.95,0,26.08,10.05,8.8,0,Direct,SIMPLE,32,RING,LL,8,1,Direct,A_flag_ceiling
all_gather_perf,1,8,524288,16384,float,none,37.13,14.12,12.35,0,37.29,14.06,12.3,0,Direct,SIMPLE,32,RING,LL,8,1,Direct,A_flag_ceiling
all_gather_perf,1,8,1048576,32768,float,none,33.1,31.68,27.72,0,30.8,34.04,29.79,0,Direct,SIMPLE,32,RING,LL,8,1,Direct,A_flag_ceiling
all_gather_perf,1,8,2097152,65536,float,none,32.16,65.21,57.06,0,32.15,65.24,57.08,0,Direct,SIMPLE,32,RING,LL,8,1,Direct,A_flag_ceiling
all_gather_perf,1,8,4194304,131072,float,none,45.77,91.64,80.19,0,46.13,90.93,79.56,0,Direct,SIMPLE,32,RING,LL,8,1,Direct,A_flag_ceiling
all_gather_perf,1,8,8388608,262144,float,none,73.31,114.42,100.12,0,72.56,115.61,101.16,0,Direct,SIMPLE,32,RING,LL,8,1,Direct,A_flag_ceiling
all_gather_perf,1,8,16777216,524288,float,none,824.4,20.35,17.81,0,827.02,20.29,17.75,0,RING,LL,8,RING,LL,8,0,RING,A_flag_ceiling
all_gather_perf,1,8,33554432,1048576,float,none,1643.56,20.42,17.86,0,1646.45,20.38,17.83,0,RING,LL,8,RING,LL,8,0,RING,A_flag_ceiling
all_gather_perf,1,8,67108864,2097152,float,none,3312.24,20.26,17.73,0,3314.41,20.25,17.72,0,RING,LL,8,RING,LL,8,0,RING,A_flag_ceiling
all_gather_perf,1,8,134217728,4194304,float,none,6293.44,21.33,18.66,0,6211.89,21.61,18.91,0,RING,LL,8,RING,LL,8,0,RING*,A_flag_ceiling
all_gather_perf,1,8,268435456,8388608,float,none,12620.2,21.27,18.61,0,12426.4,21.6,18.9,0,RING,LL,8,RING,LL,8,0,RING*,A_flag_ceiling
all_gather_perf,1,8,536870912,16777216,float,none,25410.1,21.13,18.49,0,24917.0,21.55,18.85,0,RING,LL,8,RING,LL,8,0,RING*,A_flag_ceiling
all_gather_perf,1,8,4096,128,float,none,15.54,0.26,0.23,0,13.71,0.3,0.26,0,Direct,SIMPLE,64,RING,SIMPLE,16,1,Direct,A_flag_ceiling
all_gather_perf,1,8,8192,256,float,none,13.15,0.62,0.55,0,11.69,0.7,0.61,0,Direct,SIMPLE,64,RING,SIMPLE,16,1,Direct,A_flag_ceiling
all_gather_perf,1,8,16384,512,float,none,14.07,1.16,1.02,0,13.21,1.24,1.08,0,Direct,SIMPLE,64,RING,SIMPLE,16,1,Direct,A_flag_ceiling
all_gather_perf,1,8,32768,1024,float,none,13.75,2.38,2.08,0,13.79,2.38,2.08,0,Direct,SIMPLE,64,RING,SIMPLE,16,1,Direct,A_flag_ceiling
all_gather_perf,1,8,65536,2048,float,none,12.36,5.3,4.64,0,12.26,5.35,4.68,0,Direct,SIMPLE,64,RING,SIMPLE,16,1,Direct,A_flag_ceiling
all_gather_perf,1,8,131072,4096,float,none,14.26,9.19,8.04,0,14.94,8.77,7.68,0,Direct,SIMPLE,64,RING,SIMPLE,16,1,Direct,A_flag_ceiling
all_gather_perf,1,8,262144,8192,float,none,15.2,17.24,15.09,0,14.74,17.78,15.56,0,Direct,SIMPLE,64,RING,SIMPLE,16,1,Direct,A_flag_ceiling
all_gather_perf,1,8,524288,16384,float,none,16.94,30.95,27.08,0,15.76,33.27,29.11,0,Direct,SIMPLE,64,RING,SIMPLE,16,1,Direct,A_flag_ceiling
all_gather_perf,1,8,1048576,32768,float,none,19.71,53.21,46.55,0,19.86,52.81,46.2,0,Direct,SIMPLE,64,RING,SIMPLE,16,1,Direct,A_flag_ceiling
all_gather_perf,1,8,2097152,65536,float,none,19.55,107.26,93.86,0,19.43,107.93,94.44,0,Direct,SIMPLE,64,RING,SIMPLE,16,1,Direct,A_flag_ceiling
all_gather_perf,1,8,4194304,131072,float,none,24.26,172.89,151.28,0,24.21,173.26,151.6,0,Direct,SIMPLE,64,RING,SIMPLE,16,1,Direct,A_flag_ceiling
all_gather_perf,1,8,8388608,262144,float,none,38.33,218.85,191.49,0,36.4,230.49,201.67,0,Direct,SIMPLE,64,RING,SIMPLE,16,1,Direct,A_flag_ceiling
all_gather_perf,1,8,16777216,524288,float,none,120.57,139.15,121.75,0,113.79,147.44,129.01,0,RING,SIMPLE,16,RING,SIMPLE,16,0,RING,A_flag_ceiling
all_gather_perf,1,8,33554432,1048576,float,none,209.03,160.53,140.46,0,198.31,169.2,148.05,0,RING,SIMPLE,16,RING,SIMPLE,16,0,RING,A_flag_ceiling
all_gather_perf,1,8,67108864,2097152,float,none,387.21,173.31,151.65,0,370.72,181.02,158.39,0,RING,SIMPLE,16,RING,SIMPLE,16,0,RING,A_flag_ceiling
all_gather_perf,1,8,134217728,4194304,float,none,722.81,185.69,162.48,0,680.51,197.23,172.58,0,RING,SIMPLE,16,RING,SIMPLE,16,0,RING*,A_flag_ceiling
all_gather_perf,1,8,268435456,8388608,float,none,1414.72,189.74,166.03,0,1326.08,202.43,177.12,0,RING,SIMPLE,16,RING,SIMPLE,16,0,RING*,A_flag_ceiling
all_gather_perf,1,8,536870912,16777216,float,none,2809.99,191.06,167.18,0,2648.45,202.71,177.37,0,RING,SIMPLE,16,RING,SIMPLE,16,0,RING*,A_flag_ceiling
all_gather_perf,1,8,4096,128,float,none,13.63,0.3,0.26,0,15.99,0.26,0.22,0,Direct,SIMPLE,64,RING,LL,16,1,Direct,A_flag_ceiling
all_gather_perf,1,8,8192,256,float,none,13.42,0.61,0.53,0,10.92,0.75,0.66,0,Direct,SIMPLE,64,RING,LL,16,1,Direct,A_flag_ceiling
all_gather_perf,1,8,16384,512,float,none,12.46,1.31,1.15,0,13.21,1.24,1.09,0,Direct,SIMPLE,64,RING,LL,16,1,Direct,A_flag_ceiling
all_gather_perf,1,8,32768,1024,float,none,14.61,2.24,1.96,0,14.01,2.34,2.05,0,Direct,SIMPLE,64,RING,LL,16,1,Direct,A_flag_ceiling
all_gather_perf,1,8,65536,2048,float,none,13.43,4.88,4.27,0,12.34,5.31,4.65,0,Direct,SIMPLE,64,RING,LL,16,1,Direct,A_flag_ceiling
all_gather_perf,1,8,131072,4096,float,none,14.83,8.84,7.73,0,14.89,8.81,7.7,0,Direct,SIMPLE,64,RING,LL,16,1,Direct,A_flag_ceiling
all_gather_perf,1,8,262144,8192,float,none,15.71,16.68,14.6,0,15.31,17.12,14.98,0,Direct,SIMPLE,64,RING,LL,16,1,Direct,A_flag_ceiling
all_gather_perf,1,8,524288,16384,float,none,15.46,33.91,29.67,0,15.6,33.6,29.4,0,Direct,SIMPLE,64,RING,LL,16,1,Direct,A_flag_ceiling
all_gather_perf,1,8,1048576,32768,float,none,20.41,51.38,44.96,0,19.87,52.77,46.17,0,Direct,SIMPLE,64,RING,LL,16,1,Direct,A_flag_ceiling
all_gather_perf,1,8,2097152,65536,float,none,19.63,106.81,93.46,0,19.34,108.45,94.89,0,Direct,SIMPLE,64,RING,LL,16,1,Direct,A_flag_ceiling
all_gather_perf,1,8,4194304,131072,float,none,24.0,174.78,152.93,0,24.12,173.88,152.14,0,Direct,SIMPLE,64,RING,LL,16,1,Direct,A_flag_ceiling
all_gather_perf,1,8,8388608,262144,float,none,38.77,216.35,189.31,0,36.38,230.61,201.78,0,Direct,SIMPLE,64,RING,LL,16,1,Direct,A_flag_ceiling
all_gather_perf,1,8,16777216,524288,float,none,420.92,39.86,34.88,0,417.62,40.17,35.15,0,RING,LL,16,RING,LL,16,0,RING,A_flag_ceiling
all_gather_perf,1,8,33554432,1048576,float,none,837.76,40.05,35.05,0,831.58,40.35,35.31,0,RING,LL,16,RING,LL,16,0,RING,A_flag_ceiling
all_gather_perf,1,8,67108864,2097152,float,none,1678.42,39.98,34.99,0,1672.35,40.13,35.11,0,RING,LL,16,RING,LL,16,0,RING,A_flag_ceiling
all_gather_perf,1,8,134217728,4194304,float,none,3224.87,41.62,36.42,0,3137.17,42.78,37.44,0,RING,LL,16,RING,LL,16,0,RING*,A_flag_ceiling
all_gather_perf,1,8,268435456,8388608,float,none,6436.86,41.7,36.49,0,6325.9,42.43,37.13,0,RING,LL,16,RING,LL,16,0,RING*,A_flag_ceiling
all_gather_perf,1,8,536870912,16777216,float,none,12958.0,41.43,36.25,0,12721.8,42.2,36.93,0,RING,LL,16,RING,LL,16,0,RING*,A_flag_ceiling
all_gather_perf,1,8,4096,128,float,none,15.64,0.26,0.23,0,11.21,0.37,0.32,0,Direct,SIMPLE,64,RING,SIMPLE,24,1,Direct,A_flag_ceiling
all_gather_perf,1,8,8192,256,float,none,12.94,0.63,0.55,0,11.96,0.68,0.6,0,Direct,SIMPLE,64,RING,SIMPLE,24,1,Direct,A_flag_ceiling
all_gather_perf,1,8,16384,512,float,none,14.13,1.16,1.01,0,15.15,1.08,0.95,0,Direct,SIMPLE,64,RING,SIMPLE,24,1,Direct,A_flag_ceiling
all_gather_perf,1,8,32768,1024,float,none,13.31,2.46,2.15,0,14.03,2.34,2.04,0,Direct,SIMPLE,64,RING,SIMPLE,24,1,Direct,A_flag_ceiling
all_gather_perf,1,8,65536,2048,float,none,13.38,4.9,4.28,0,13.93,4.7,4.12,0,Direct,SIMPLE,64,RING,SIMPLE,24,1,Direct,A_flag_ceiling
all_gather_perf,1,8,131072,4096,float,none,14.95,8.77,7.67,0,14.62,8.97,7.84,0,Direct,SIMPLE,64,RING,SIMPLE,24,1,Direct,A_flag_ceiling
all_gather_perf,1,8,262144,8192,float,none,14.86,17.64,15.44,0,14.65,17.9,15.66,0,Direct,SIMPLE,64,RING,SIMPLE,24,1,Direct,A_flag_ceiling
all_gather_perf,1,8,524288,16384,float,none,15.94,32.9,28.79,0,15.49,33.84,29.61,0,Direct,SIMPLE,64,RING,SIMPLE,24,1,Direct,A_flag_ceiling
all_gather_perf,1,8,1048576,32768,float,none,19.37,54.14,47.37,0,19.46,53.89,47.16,0,Direct,SIMPLE,64,RING,SIMPLE,24,1,Direct,A_flag_ceiling
all_gather_perf,1,8,2097152,65536,float,none,19.63,106.85,93.49,0,19.24,108.97,95.35,0,Direct,SIMPLE,64,RING,SIMPLE,24,1,Direct,A_flag_ceiling
all_gather_perf,1,8,4194304,131072,float,none,24.09,174.08,152.32,0,24.35,172.22,150.69,0,Direct,SIMPLE,64,RING,SIMPLE,24,1,Direct,A_flag_ceiling
all_gather_perf,1,8,8388608,262144,float,none,37.72,222.4,194.6,0,36.51,229.75,201.03,0,Direct,SIMPLE,64,RING,SIMPLE,24,1,Direct,A_flag_ceiling
all_gather_perf,1,8,16777216,524288,float,none,93.38,179.67,157.21,0,89.9,186.62,163.29,0,RING,SIMPLE,24,RING,SIMPLE,24,0,RING,A_flag_ceiling
all_gather_perf,1,8,33554432,1048576,float,none,156.56,214.33,187.54,0,150.17,223.45,195.52,0,RING,SIMPLE,24,RING,SIMPLE,24,0,RING,A_flag_ceiling
all_gather_perf,1,8,67108864,2097152,float,none,280.34,239.39,209.46,0,270.3,248.28,217.24,0,RING,SIMPLE,24,RING,SIMPLE,24,0,RING,A_flag_ceiling
all_gather_perf,1,8,134217728,4194304,float,none,505.58,265.48,232.29,0,483.08,277.84,243.11,0,RING,SIMPLE,24,RING,SIMPLE,24,0,RING*,A_flag_ceiling
all_gather_perf,1,8,268435456,8388608,float,none,973.07,275.86,241.38,0,932.7,287.8,251.83,0,RING,SIMPLE,24,RING,SIMPLE,24,0,RING*,A_flag_ceiling
all_gather_perf,1,8,536870912,16777216,float,none,1937.59,277.08,242.45,0,1841.57,291.53,255.09,0,RING,SIMPLE,24,RING,SIMPLE,24,0,RING*,A_flag_ceiling
all_gather_perf,1,8,4096,128,float,none,13.97,0.29,0.26,0,13.96,0.29,0.26,0,Direct,SIMPLE,64,RING,LL,24,1,Direct,A_flag_ceiling
all_gather_perf,1,8,8192,256,float,none,12.35,0.66,0.58,0,12.05,0.68,0.59,0,Direct,SIMPLE,64,RING,LL,24,1,Direct,A_flag_ceiling
all_gather_perf,1,8,16384,512,float,none,15.17,1.08,0.95,0,14.31,1.15,1.0,0,Direct,SIMPLE,64,RING,LL,24,1,Direct,A_flag_ceiling
all_gather_perf,1,8,32768,1024,float,none,14.43,2.27,1.99,0,13.8,2.38,2.08,0,Direct,SIMPLE,64,RING,LL,24,1,Direct,A_flag_ceiling
all_gather_perf,1,8,65536,2048,float,none,13.65,4.8,4.2,0,12.79,5.13,4.48,0,Direct,SIMPLE,64,RING,LL,24,1,Direct,A_flag_ceiling
all_gather_perf,1,8,131072,4096,float,none,15.25,8.6,7.52,0,14.23,9.21,8.06,0,Direct,SIMPLE,64,RING,LL,24,1,Direct,A_flag_ceiling
all_gather_perf,1,8,262144,8192,float,none,14.73,17.79,15.57,0,13.62,19.24,16.84,0,Direct,SIMPLE,64,RING,LL,24,1,Direct,A_flag_ceiling
all_gather_perf,1,8,524288,16384,float,none,15.54,33.73,29.52,0,15.62,33.57,29.38,0,Direct,SIMPLE,64,RING,LL,24,1,Direct,A_flag_ceiling
all_gather_perf,1,8,1048576,32768,float,none,20.27,51.73,45.27,0,19.59,53.52,46.83,0,Direct,SIMPLE,64,RING,LL,24,1,Direct,A_flag_ceiling
all_gather_perf,1,8,2097152,65536,float,none,19.42,107.98,94.49,0,19.22,109.14,95.5,0,Direct,SIMPLE,64,RING,LL,24,1,Direct,A_flag_ceiling
all_gather_perf,1,8,4194304,131072,float,none,24.04,174.45,152.64,0,23.91,175.42,153.5,0,Direct,SIMPLE,64,RING,LL,24,1,Direct,A_flag_ceiling
all_gather_perf,1,8,8388608,262144,float,none,38.0,220.78,193.18,0,36.59,229.24,200.59,0,Direct,SIMPLE,64,RING,LL,24,1,Direct,A_flag_ceiling
all_gather_perf,1,8,16777216,524288,float,none,290.63,57.73,50.51,0,287.77,58.3,51.01,0,RING,LL,24,RING,LL,24,0,RING,A_flag_ceiling
all_gather_perf,1,8,33554432,1048576,float,none,573.63,58.49,51.18,0,567.24,59.15,51.76,0,RING,LL,24,RING,LL,24,0,RING,A_flag_ceiling
all_gather_perf,1,8,67108864,2097152,float,none,1150.43,58.33,51.04,0,1140.3,58.85,51.5,0,RING,LL,24,RING,LL,24,0,RING,A_flag_ceiling
all_gather_perf,1,8,134217728,4194304,float,none,2096.2,64.03,56.03,0,2086.72,64.32,56.28,0,RING,LL,24,RING,LL,24,0,RING*,A_flag_ceiling
all_gather_perf,1,8,268435456,8388608,float,none,4205.47,63.83,55.85,0,4208.85,63.78,55.81,0,RING,LL,24,RING,LL,24,0,RING*,A_flag_ceiling
all_gather_perf,1,8,536870912,16777216,float,none,8512.33,63.07,55.19,0,8508.94,63.09,55.21,0,RING,LL,24,RING,LL,24,0,RING*,A_flag_ceiling
all_gather_perf,1,8,4096,128,float,none,15.49,0.26,0.23,0,11.86,0.35,0.3,0,Direct,SIMPLE,64,RING,SIMPLE,32,1,Direct,A_flag_ceiling
all_gather_perf,1,8,8192,256,float,none,13.03,0.63,0.55,0,12.07,0.68,0.59,0,Direct,SIMPLE,64,RING,SIMPLE,32,1,Direct,A_flag_ceiling
all_gather_perf,1,8,16384,512,float,none,13.85,1.18,1.03,0,14.95,1.1,0.96,0,Direct,SIMPLE,64,RING,SIMPLE,32,1,Direct,A_flag_ceiling
all_gather_perf,1,8,32768,1024,float,none,13.91,2.36,2.06,0,15.06,2.18,1.9,0,Direct,SIMPLE,64,RING,SIMPLE,32,1,Direct,A_flag_ceiling
all_gather_perf,1,8,65536,2048,float,none,13.99,4.69,4.1,0,13.1,5.0,4.38,0,Direct,SIMPLE,64,RING,SIMPLE,32,1,Direct,A_flag_ceiling
all_gather_perf,1,8,131072,4096,float,none,16.85,7.78,6.81,0,15.03,8.72,7.63,0,Direct,SIMPLE,64,RING,SIMPLE,32,1,Direct,A_flag_ceiling
all_gather_perf,1,8,262144,8192,float,none,15.5,16.92,14.8,0,15.45,16.97,14.85,0,Direct,SIMPLE,64,RING,SIMPLE,32,1,Direct,A_flag_ceiling
all_gather_perf,1,8,524288,16384,float,none,17.19,30.5,26.69,0,15.92,32.93,28.82,0,Direct,SIMPLE,64,RING,SIMPLE,32,1,Direct,A_flag_ceiling
all_gather_perf,1,8,1048576,32768,float,none,20.28,51.7,45.24,0,20.3,51.65,45.19,0,Direct,SIMPLE,64,RING,SIMPLE,32,1,Direct,A_flag_ceiling
all_gather_perf,1,8,2097152,65536,float,none,19.59,107.08,93.69,0,19.47,107.73,94.26,0,Direct,SIMPLE,64,RING,SIMPLE,32,1,Direct,A_flag_ceiling
all_gather_perf,1,8,4194304,131072,float,none,24.03,174.56,152.74,0,24.0,174.8,152.95,0,Direct,SIMPLE,64,RING,SIMPLE,32,1,Direct,A_flag_ceiling
all_gather_perf,1,8,8388608,262144,float,none,37.79,221.99,194.24,0,36.59,229.24,200.58,0,Direct,SIMPLE,64,RING,SIMPLE,32,1,Direct,A_flag_ceiling
all_gather_perf,1,8,16777216,524288,float,none,77.98,215.14,188.24,0,76.16,220.3,192.76,0,RING,SIMPLE,32,RING,SIMPLE,32,0,RING,A_flag_ceiling
all_gather_perf,1,8,33554432,1048576,float,none,130.08,257.96,225.71,0,127.3,263.58,230.63,0,RING,SIMPLE,32,RING,SIMPLE,32,0,RING,A_flag_ceiling
all_gather_perf,1,8,67108864,2097152,float,none,231.64,289.71,253.49,0,229.17,292.84,256.23,0,RING,SIMPLE,32,RING,SIMPLE,32,0,RING,A_flag_ceiling
all_gather_perf,1,8,134217728,4194304,float,none,397.11,337.98,295.74,0,392.15,342.26,299.48,0,RING,SIMPLE,32,RING,SIMPLE,32,0,RING*,A_flag_ceiling
all_gather_perf,1,8,268435456,8388608,float,none,761.69,352.42,308.37,0,750.44,357.7,312.99,0,RING,SIMPLE,32,RING,SIMPLE,32,0,RING*,A_flag_ceiling
all_gather_perf,1,8,536870912,16777216,float,none,1483.66,361.86,316.62,0,1465.79,366.27,320.48,0,RING,SIMPLE,32,RING,SIMPLE,32,0,RING*,A_flag_ceiling
all_gather_perf,1,8,4096,128,float,none,14.21,0.29,0.25,0,11.83,0.35,0.3,0,Direct,SIMPLE,64,RING,LL,32,1,Direct,A_flag_ceiling
all_gather_perf,1,8,8192,256,float,none,12.58,0.65,0.57,0,10.97,0.75,0.65,0,Direct,SIMPLE,64,RING,LL,32,1,Direct,A_flag_ceiling
all_gather_perf,1,8,16384,512,float,none,13.73,1.19,1.04,0,14.39,1.14,1.0,0,Direct,SIMPLE,64,RING,LL,32,1,Direct,A_flag_ceiling
all_gather_perf,1,8,32768,1024,float,none,14.88,2.2,1.93,0,14.2,2.31,2.02,0,Direct,SIMPLE,64,RING,LL,32,1,Direct,A_flag_ceiling
all_gather_perf,1,8,65536,2048,float,none,13.97,4.69,4.11,0,13.42,4.88,4.27,0,Direct,SIMPLE,64,RING,LL,32,1,Direct,A_flag_ceiling
all_gather_perf,1,8,131072,4096,float,none,16.16,8.11,7.1,0,15.28,8.58,7.51,0,Direct,SIMPLE,64,RING,LL,32,1,Direct,A_flag_ceiling
all_gather_perf,1,8,262144,8192,float,none,15.47,16.95,14.83,0,14.83,17.67,15.46,0,Direct,SIMPLE,64,RING,LL,32,1,Direct,A_flag_ceiling
all_gather_perf,1,8,524288,16384,float,none,16.97,30.9,27.03,0,15.7,33.4,29.23,0,Direct,SIMPLE,64,RING,LL,32,1,Direct,A_flag_ceiling
all_gather_perf,1,8,1048576,32768,float,none,20.53,51.08,44.69,0,19.26,54.44,47.64,0,Direct,SIMPLE,64,RING,LL,32,1,Direct,A_flag_ceiling
all_gather_perf,1,8,2097152,65536,float,none,20.71,101.25,88.59,0,19.43,107.94,94.44,0,Direct,SIMPLE,64,RING,LL,32,1,Direct,A_flag_ceiling
all_gather_perf,1,8,4194304,131072,float,none,24.51,171.09,149.7,0,24.16,173.61,151.91,0,Direct,SIMPLE,64,RING,LL,32,1,Direct,A_flag_ceiling
all_gather_perf,1,8,8388608,262144,float,none,38.7,216.73,189.64,0,36.21,231.66,202.71,0,Direct,SIMPLE,64,RING,LL,32,1,Direct,A_flag_ceiling
all_gather_perf,1,8,16777216,524288,float,none,219.44,76.45,66.9,0,217.78,77.04,67.41,0,RING,LL,32,RING,LL,32,0,RING,A_flag_ceiling
all_gather_perf,1,8,33554432,1048576,float,none,431.3,77.8,68.07,0,427.83,78.43,68.63,0,RING,LL,32,RING,LL,32,0,RING,A_flag_ceiling
all_gather_perf,1,8,67108864,2097152,float,none,861.41,77.91,68.17,0,855.43,78.45,68.64,0,RING,LL,32,RING,LL,32,0,RING,A_flag_ceiling
all_gather_perf,1,8,134217728,4194304,float,none,1582.73,84.8,74.2,0,1570.76,85.45,74.77,0,RING,LL,32,RING,LL,32,0,RING*,A_flag_ceiling
all_gather_perf,1,8,268435456,8388608,float,none,3209.3,83.64,73.19,0,3168.41,84.72,74.13,0,RING,LL,32,RING,LL,32,0,RING*,A_flag_ceiling
all_gather_perf,1,8,536870912,16777216,float,none,6517.88,82.37,72.07,0,6367.13,84.32,73.78,0,RING,LL,32,RING,LL,32,0,RING*,A_flag_ceiling
all_gather_perf,1,8,4096,128,float,none,14.29,0.29,0.25,0,10.89,0.38,0.33,0,Direct,SIMPLE,64,RING,SIMPLE,40,1,Direct,A_flag_ceiling
all_gather_perf,1,8,8192,256,float,none,11.8,0.69,0.61,0,11.26,0.73,0.64,0,Direct,SIMPLE,64,RING,SIMPLE,40,1,Direct,A_flag_ceiling
all_gather_perf,1,8,16384,512,float,none,13.47,1.22,1.06,0,13.11,1.25,1.09,0,Direct,SIMPLE,64,RING,SIMPLE,40,1,Direct,A_flag_ceiling
all_gather_perf,1,8,32768,1024,float,none,14.93,2.2,1.92,0,13.56,2.42,2.11,0,Direct,SIMPLE,64,RING,SIMPLE,40,1,Direct,A_flag_ceiling
all_gather_perf,1,8,65536,2048,float,none,13.4,4.89,4.28,0,13.17,4.97,4.35,0,Direct,SIMPLE,64,RING,SIMPLE,40,1,Direct,A_flag_ceiling
all_gather_perf,1,8,131072,4096,float,none,14.77,8.87,7.76,0,15.27,8.58,7.51,0,Direct,SIMPLE,64,RING,SIMPLE,40,1,Direct,A_flag_ceiling
all_gather_perf,1,8,262144,8192,float,none,14.1,18.59,16.26,0,13.97,18.76,16.42,0,Direct,SIMPLE,64,RING,SIMPLE,40,1,Direct,A_flag_ceiling
all_gather_perf,1,8,524288,16384,float,none,15.43,33.99,29.74,0,15.62,33.56,29.37,0,Direct,SIMPLE,64,RING,SIMPLE,40,1,Direct,A_flag_ceiling
all_gather_perf,1,8,1048576,32768,float,none,19.45,53.91,47.17,0,19.04,55.09,48.2,0,Direct,SIMPLE,64,RING,SIMPLE,40,1,Direct,A_flag_ceiling
all_gather_perf,1,8,2097152,65536,float,none,19.29,108.71,95.12,0,19.31,108.63,95.05,0,Direct,SIMPLE,64,RING,SIMPLE,40,1,Direct,A_flag_ceiling
all_gather_perf,1,8,4194304,131072,float,none,24.01,174.71,152.87,0,24.2,173.33,151.66,0,Direct,SIMPLE,64,RING,SIMPLE,40,1,Direct,A_flag_ceiling
all_gather_perf,1,8,8388608,262144,float,none,38.28,219.14,191.75,0,36.6,229.22,200.57,0,Direct,SIMPLE,64,RING,SIMPLE,40,1,Direct,A_flag_ceiling
all_gather_perf,1,8,16777216,524288,float,none,70.99,236.32,206.78,0,70.26,238.78,208.93,0,RING,SIMPLE,40,RING,SIMPLE,40,0,RING,A_flag_ceiling
all_gather_perf,1,8,33554432,1048576,float,none,112.07,299.4,261.98,0,110.73,303.04,265.16,0,RING,SIMPLE,40,RING,SIMPLE,40,0,RING,A_flag_ceiling
all_gather_perf,1,8,67108864,2097152,float,none,195.32,343.58,300.63,0,195.12,343.93,300.94,0,RING,SIMPLE,40,RING,SIMPLE,40,0,RING,A_flag_ceiling
all_gather_perf,1,8,134217728,4194304,float,none,351.04,382.34,334.55,0,349.53,384.0,336.0,0,RING,SIMPLE,40,RING,SIMPLE,40,0,RING*,A_flag_ceiling
all_gather_perf,1,8,268435456,8388608,float,none,666.51,402.74,352.4,0,665.45,403.39,352.96,0,RING,SIMPLE,40,RING,SIMPLE,40,0,RING*,A_flag_ceiling
all_gather_perf,1,8,536870912,16777216,float,none,1304.35,411.6,360.15,0,1300.78,412.73,361.14,0,RING,SIMPLE,40,RING,SIMPLE,40,0,RING*,A_flag_ceiling
all_gather_perf,1,8,4096,128,float,none,15.05,0.27,0.24,0,11.96,0.34,0.3,0,Direct,SIMPLE,64,RING,LL,40,1,Direct,A_flag_ceiling
all_gather_perf,1,8,8192,256,float,none,12.38,0.66,0.58,0,11.47,0.71,0.63,0,Direct,SIMPLE,64,RING,LL,40,1,Direct,A_flag_ceiling
all_gather_perf,1,8,16384,512,float,none,14.83,1.1,0.97,0,14.08,1.16,1.02,0,Direct,SIMPLE,64,RING,LL,40,1,Direct,A_flag_ceiling
all_gather_perf,1,8,32768,1024,float,none,14.09,2.33,2.03,0,13.68,2.39,2.1,0,Direct,SIMPLE,64,RING,LL,40,1,Direct,A_flag_ceiling
all_gather_perf,1,8,65536,2048,float,none,13.4,4.89,4.28,0,12.46,5.26,4.6,0,Direct,SIMPLE,64,RING,LL,40,1,Direct,A_flag_ceiling
all_gather_perf,1,8,131072,4096,float,none,14.81,8.85,7.74,0,15.99,8.2,7.17,0,Direct,SIMPLE,64,RING,LL,40,1,Direct,A_flag_ceiling
all_gather_perf,1,8,262144,8192,float,none,14.58,17.98,15.74,0,15.11,17.35,15.18,0,Direct,SIMPLE,64,RING,LL,40,1,Direct,A_flag_ceiling
all_gather_perf,1,8,524288,16384,float,none,15.64,33.51,29.32,0,15.38,34.09,29.83,0,Direct,SIMPLE,64,RING,LL,40,1,Direct,A_flag_ceiling
all_gather_perf,1,8,1048576,32768,float,none,19.19,54.63,47.8,0,19.6,53.49,46.81,0,Direct,SIMPLE,64,RING,LL,40,1,Direct,A_flag_ceiling
all_gather_perf,1,8,2097152,65536,float,none,19.29,108.7,95.11,0,19.27,108.85,95.24,0,Direct,SIMPLE,64,RING,LL,40,1,Direct,A_flag_ceiling
all_gather_perf,1,8,4194304,131072,float,none,23.85,175.86,153.88,0,23.86,175.78,153.81,0,Direct,SIMPLE,64,RING,LL,40,1,Direct,A_flag_ceiling
all_gather_perf,1,8,8388608,262144,float,none,38.56,217.56,190.36,0,36.75,228.28,199.74,0,Direct,SIMPLE,64,RING,LL,40,1,Direct,A_flag_ceiling
all_gather_perf,1,8,16777216,524288,float,none,183.56,91.4,79.97,0,182.53,91.92,80.43,0,RING,LL,40,RING,LL,40,0,RING,A_flag_ceiling
all_gather_perf,1,8,33554432,1048576,float,none,359.36,93.37,81.7,0,356.12,94.22,82.44,0,RING,LL,40,RING,LL,40,0,RING,A_flag_ceiling
all_gather_perf,1,8,67108864,2097152,float,none,710.2,94.49,82.68,0,705.4,95.14,83.24,0,RING,LL,40,RING,LL,40,0,RING,A_flag_ceiling
all_gather_perf,1,8,134217728,4194304,float,none,1254.77,106.97,93.6,0,1267.94,105.86,92.62,0,RING,LL,40,RING,LL,40,0,RING*,A_flag_ceiling
all_gather_perf,1,8,268435456,8388608,float,none,2560.97,104.82,91.72,0,2541.81,105.61,92.41,0,RING,LL,40,RING,LL,40,0,RING*,A_flag_ceiling
all_gather_perf,1,8,536870912,16777216,float,none,5177.43,103.69,90.73,0,5095.9,105.35,92.18,0,RING,LL,40,RING,LL,40,0,RING*,A_flag_ceiling
all_gather_perf,1,8,4096,128,float,none,15.63,0.26,0.23,0,13.43,0.3,0.27,0,Direct,SIMPLE,64,RING,SIMPLE,48,1,Direct,A_flag_ceiling
all_gather_perf,1,8,8192,256,float,none,12.91,0.63,0.56,0,12.68,0.65,0.57,0,Direct,SIMPLE,64,RING,SIMPLE,48,1,Direct,A_flag_ceiling
all_gather_perf,1,8,16384,512,float,none,14.53,1.13,0.99,0,14.06,1.16,1.02,0,Direct,SIMPLE,64,RING,SIMPLE,48,1,Direct,A_flag_ceiling
all_gather_perf,1,8,32768,1024,float,none,15.02,2.18,1.91,0,14.03,2.34,2.04,0,Direct,SIMPLE,64,RING,SIMPLE,48,1,Direct,A_flag_ceiling
all_gather_perf,1,8,65536,2048,float,none,13.78,4.75,4.16,0,12.56,5.22,4.57,0,Direct,SIMPLE,64,RING,SIMPLE,48,1,Direct,A_flag_ceiling
all_gather_perf,1,8,131072,4096,float,none,15.6,8.4,7.35,0,15.12,8.67,7.58,0,Direct,SIMPLE,64,RING,SIMPLE,48,1,Direct,A_flag_ceiling
all_gather_perf,1,8,262144,8192,float,none,14.57,17.99,15.74,0,14.07,18.63,16.3,0,Direct,SIMPLE,64,RING,SIMPLE,48,1,Direct,A_flag_ceiling
all_gather_perf,1,8,524288,16384,float,none,16.01,32.74,28.65,0,15.5,33.82,29.59,0,Direct,SIMPLE,64,RING,SIMPLE,48,1,Direct,A_flag_ceiling
all_gather_perf,1,8,1048576,32768,float,none,19.81,52.94,46.32,0,19.79,52.99,46.36,0,Direct,SIMPLE,64,RING,SIMPLE,48,1,Direct,A_flag_ceiling
all_gather_perf,1,8,2097152,65536,float,none,20.23,103.65,90.7,0,19.09,109.84,96.11,0,Direct,SIMPLE,64,RING,SIMPLE,48,1,Direct,A_flag_ceiling
all_gather_perf,1,8,4194304,131072,float,none,23.78,176.39,154.34,0,23.72,176.8,154.7,0,Direct,SIMPLE,64,RING,SIMPLE,48,1,Direct,A_flag_ceiling
all_gather_perf,1,8,8388608,262144,float,none,37.55,223.41,195.48,0,36.18,231.85,202.87,0,Direct,SIMPLE,64,RING,SIMPLE,48,1,Direct,A_flag_ceiling
all_gather_perf,1,8,16777216,524288,float,none,68.92,243.43,213.0,0,68.06,246.49,215.68,0,RING,SIMPLE,48,RING,SIMPLE,48,0,RING,A_flag_ceiling
all_gather_perf,1,8,33554432,1048576,float,none,110.04,304.93,266.82,0,109.91,305.29,267.13,0,RING,SIMPLE,48,RING,SIMPLE,48,0,RING,A_flag_ceiling
all_gather_perf,1,8,67108864,2097152,float,none,195.94,342.49,299.68,0,195.76,342.82,299.96,0,RING,SIMPLE,48,RING,SIMPLE,48,0,RING,A_flag_ceiling
all_gather_perf,1,8,134217728,4194304,float,none,331.56,404.8,354.2,0,331.92,404.37,353.83,0,RING,SIMPLE,48,RING,SIMPLE,48,0,RING*,A_flag_ceiling
all_gather_perf,1,8,268435456,8388608,float,none,638.11,420.68,368.09,0,637.5,421.08,368.44,0,RING,SIMPLE,48,RING,SIMPLE,48,0,RING*,A_flag_ceiling
all_gather_perf,1,8,536870912,16777216,float,none,1251.59,428.95,375.33,0,1251.81,428.88,375.27,0,RING,SIMPLE,48,RING,SIMPLE,48,0,RING*,A_flag_ceiling
all_gather_perf,1,8,4096,128,float,none,14.74,0.28,0.24,0,11.25,0.36,0.32,0,Direct,SIMPLE,64,RING,LL,48,1,Direct,A_flag_ceiling
all_gather_perf,1,8,8192,256,float,none,12.76,0.64,0.56,0,12.29,0.67,0.58,0,Direct,SIMPLE,64,RING,LL,48,1,Direct,A_flag_ceiling
all_gather_perf,1,8,16384,512,float,none,14.78,1.11,0.97,0,13.83,1.19,1.04,0,Direct,SIMPLE,64,RING,LL,48,1,Direct,A_flag_ceiling
all_gather_perf,1,8,32768,1024,float,none,15.17,2.16,1.89,0,13.44,2.44,2.13,0,Direct,SIMPLE,64,RING,LL,48,1,Direct,A_flag_ceiling
all_gather_perf,1,8,65536,2048,float,none,13.54,4.84,4.23,0,12.14,5.4,4.72,0,Direct,SIMPLE,64,RING,LL,48,1,Direct,A_flag_ceiling
all_gather_perf,1,8,131072,4096,float,none,14.99,8.74,7.65,0,15.86,8.27,7.23,0,Direct,SIMPLE,64,RING,LL,48,1,Direct,A_flag_ceiling
all_gather_perf,1,8,262144,8192,float,none,15.0,17.48,15.29,0,14.4,18.21,15.93,0,Direct,SIMPLE,64,RING,LL,48,1,Direct,A_flag_ceiling
all_gather_perf,1,8,524288,16384,float,none,16.29,32.18,28.16,0,15.56,33.7,29.49,0,Direct,SIMPLE,64,RING,LL,48,1,Direct,A_flag_ceiling
all_gather_perf,1,8,1048576,32768,float,none,20.31,51.64,45.19,0,19.84,52.86,46.25,0,Direct,SIMPLE,64,RING,LL,48,1,Direct,A_flag_ceiling
all_gather_perf,1,8,2097152,65536,float,none,19.71,106.39,93.09,0,19.15,109.53,95.84,0,Direct,SIMPLE,64,RING,LL,48,1,Direct,A_flag_ceiling
all_gather_perf,1,8,4194304,131072,float,none,23.84,175.92,153.93,0,23.82,176.1,154.09,0,Direct,SIMPLE,64,RING,LL,48,1,Direct,A_flag_ceiling
all_gather_perf,1,8,8388608,262144,float,none,37.82,221.79,194.06,0,36.16,231.99,202.99,0,Direct,SIMPLE,64,RING,LL,48,1,Direct,A_flag_ceiling
all_gather_perf,1,8,16777216,524288,float,none,156.83,106.98,93.6,0,155.36,107.99,94.49,0,RING,LL,48,RING,LL,48,0,RING,A_flag_ceiling
all_gather_perf,1,8,33554432,1048576,float,none,302.78,110.82,96.97,0,299.74,111.94,97.95,0,RING,LL,48,RING,LL,48,0,RING,A_flag_ceiling
all_gather_perf,1,8,67108864,2097152,float,none,595.15,112.76,98.66,0,593.76,113.02,98.89,0,RING,LL,48,RING,LL,48,0,RING,A_flag_ceiling
all_gather_perf,1,8,134217728,4194304,float,none,1063.94,126.15,110.38,0,1061.9,126.39,110.6,0,RING,LL,48,RING,LL,48,0,RING*,A_flag_ceiling
all_gather_perf,1,8,268435456,8388608,float,none,2146.22,125.07,109.44,0,2149.96,124.86,109.25,0,RING,LL,48,RING,LL,48,0,RING*,A_flag_ceiling
all_gather_perf,1,8,536870912,16777216,float,none,4293.53,125.04,109.41,0,4322.85,124.19,108.67,0,RING,LL,48,RING,LL,48,0,RING*,A_flag_ceiling
all_gather_perf,1,8,4096,128,float,none,13.46,0.3,0.27,0,13.1,0.31,0.27,0,Direct,SIMPLE,64,RING,SIMPLE,56,1,Direct,A_flag_ceiling
all_gather_perf,1,8,8192,256,float,none,13.28,0.62,0.54,0,12.03,0.68,0.6,0,Direct,SIMPLE,64,RING,SIMPLE,56,1,Direct,A_flag_ceiling
all_gather_perf,1,8,16384,512,float,none,17.16,0.95,0.84,0,13.92,1.18,1.03,0,Direct,SIMPLE,64,RING,SIMPLE,56,1,Direct,A_flag_ceiling
all_gather_perf,1,8,32768,1024,float,none,14.63,2.24,1.96,0,14.82,2.21,1.93,0,Direct,SIMPLE,64,RING,SIMPLE,56,1,Direct,A_flag_ceiling
all_gather_perf,1,8,65536,2048,float,none,12.31,5.32,4.66,0,12.28,5.34,4.67,0,Direct,SIMPLE,64,RING,SIMPLE,56,1,Direct,A_flag_ceiling
all_gather_perf,1,8,131072,4096,float,none,14.79,8.86,7.76,0,14.46,9.07,7.93,0,Direct,SIMPLE,64,RING,SIMPLE,56,1,Direct,A_flag_ceiling
all_gather_perf,1,8,262144,8192,float,none,14.74,17.78,15.56,0,14.86,17.64,15.43,0,Direct,SIMPLE,64,RING,SIMPLE,56,1,Direct,A_flag_ceiling
all_gather_perf,1,8,524288,16384,float,none,16.29,32.18,28.16,0,15.66,33.48,29.3,0,Direct,SIMPLE,64,RING,SIMPLE,56,1,Direct,A_flag_ceiling
all_gather_perf,1,8,1048576,32768,float,none,19.62,53.44,46.76,0,19.75,53.1,46.47,0,Direct,SIMPLE,64,RING,SIMPLE,56,1,Direct,A_flag_ceiling
all_gather_perf,1,8,2097152,65536,float,none,20.26,103.5,90.56,0,19.35,108.37,94.82,0,Direct,SIMPLE,64,RING,SIMPLE,56,1,Direct,A_flag_ceiling
all_gather_perf,1,8,4194304,131072,float,none,24.19,173.41,151.74,0,23.93,175.3,153.38,0,Direct,SIMPLE,64,RING,SIMPLE,56,1,Direct,A_flag_ceiling
all_gather_perf,1,8,8388608,262144,float,none,39.43,212.76,186.16,0,36.52,229.68,200.97,0,Direct,SIMPLE,64,RING,SIMPLE,56,1,Direct,A_flag_ceiling
all_gather_perf,1,8,16777216,524288,float,none,64.42,260.44,227.88,0,64.07,261.84,229.11,0,RING,SIMPLE,56,RING,SIMPLE,56,0,RING,A_flag_ceiling
all_gather_perf,1,8,33554432,1048576,float,none,104.14,322.22,281.94,0,103.3,324.83,284.23,0,RING,SIMPLE,56,RING,SIMPLE,56,0,RING,A_flag_ceiling
all_gather_perf,1,8,67108864,2097152,float,none,181.1,370.56,324.24,0,180.92,370.94,324.57,0,RING,SIMPLE,56,RING,SIMPLE,56,0,RING,A_flag_ceiling
all_gather_perf,1,8,134217728,4194304,float,none,323.93,414.35,362.55,0,324.37,413.78,362.06,0,RING,SIMPLE,56,RING,SIMPLE,56,0,RING*,A_flag_ceiling
all_gather_perf,1,8,268435456,8388608,float,none,622.54,431.2,377.3,0,623.15,430.77,376.92,0,RING,SIMPLE,56,RING,SIMPLE,56,0,RING*,A_flag_ceiling
all_gather_perf,1,8,536870912,16777216,float,none,1221.05,439.68,384.72,0,1225.3,438.15,383.38,0,RING,SIMPLE,56,RING,SIMPLE,56,0,RING*,A_flag_ceiling
all_gather_perf,1,8,4096,128,float,none,13.33,0.31,0.27,0,12.59,0.33,0.28,0,Direct,SIMPLE,64,RING,LL,56,1,Direct,A_flag_ceiling
all_gather_perf,1,8,8192,256,float,none,12.85,0.64,0.56,0,12.12,0.68,0.59,0,Direct,SIMPLE,64,RING,LL,56,1,Direct,A_flag_ceiling
all_gather_perf,1,8,16384,512,float,none,15.48,1.06,0.93,0,13.36,1.23,1.07,0,Direct,SIMPLE,64,RING,LL,56,1,Direct,A_flag_ceiling
all_gather_perf,1,8,32768,1024,float,none,13.82,2.37,2.07,0,12.72,2.58,2.25,0,Direct,SIMPLE,64,RING,LL,56,1,Direct,A_flag_ceiling
all_gather_perf,1,8,65536,2048,float,none,30.62,2.14,1.87,0,12.42,5.28,4.62,0,Direct,SIMPLE,64,RING,LL,56,1,Direct,A_flag_ceiling
all_gather_perf,1,8,131072,4096,float,none,14.43,9.08,7.95,0,14.95,8.77,7.67,0,Direct,SIMPLE,64,RING,LL,56,1,Direct,A_flag_ceiling
all_gather_perf,1,8,262144,8192,float,none,13.84,18.94,16.57,0,15.16,17.29,15.13,0,Direct,SIMPLE,64,RING,LL,56,1,Direct,A_flag_ceiling
all_gather_perf,1,8,524288,16384,float,none,15.43,33.98,29.73,0,15.69,33.41,29.24,0,Direct,SIMPLE,64,RING,LL,56,1,Direct,A_flag_ceiling
all_gather_perf,1,8,1048576,32768,float,none,20.46,51.25,44.85,0,19.42,54.0,47.25,0,Direct,SIMPLE,64,RING,LL,56,1,Direct,A_flag_ceiling
all_gather_perf,1,8,2097152,65536,float,none,19.51,107.51,94.07,0,19.37,108.27,94.74,0,Direct,SIMPLE,64,RING,LL,56,1,Direct,A_flag_ceiling
all_gather_perf,1,8,4194304,131072,float,none,23.98,174.93,153.06,0,24.23,173.07,151.44,0,Direct,SIMPLE,64,RING,LL,56,1,Direct,A_flag_ceiling
all_gather_perf,1,8,8388608,262144,float,none,37.88,221.45,193.77,0,36.7,228.56,199.99,0,Direct,SIMPLE,64,RING,LL,56,1,Direct,A_flag_ceiling
all_gather_perf,1,8,16777216,524288,float,none,140.54,119.37,104.45,0,139.15,120.57,105.5,0,RING,LL,56,RING,LL,56,0,RING,A_flag_ceiling
all_gather_perf,1,8,33554432,1048576,float,none,266.86,125.74,110.02,0,265.27,126.49,110.68,0,RING,LL,56,RING,LL,56,0,RING,A_flag_ceiling
all_gather_perf,1,8,67108864,2097152,float,none,525.14,127.79,111.82,0,523.6,128.17,112.15,0,RING,LL,56,RING,LL,56,0,RING,A_flag_ceiling
all_gather_perf,1,8,134217728,4194304,float,none,929.91,144.33,126.29,0,934.4,143.64,125.69,0,RING,LL,56,RING,LL,56,0,RING*,A_flag_ceiling
all_gather_perf,1,8,268435456,8388608,float,none,1844.53,145.53,127.34,0,1852.4,144.91,126.8,0,RING,LL,56,RING,LL,56,0,RING*,A_flag_ceiling
all_gather_perf,1,8,536870912,16777216,float,none,3712.73,144.6,126.53,0,3730.81,143.9,125.91,0,RING,LL,56,RING,LL,56,0,RING*,A_flag_ceiling
