collective,num_nodes,num_gpus,size_bytes,count,data_type,redop,time_oop_us,algbw_oop,busbw_oop,errors_oop,time_ip_us,algbw_ip,busbw_ip,errors_ip,algo,proto,nchannels,requested_algo,requested_proto,requested_nchannels,substituted,measured_algo_raw,nchannels_source
all_gather_perf,2,16,4096,64,float,none,234.9,0.02,0.02,0,231.65,0.02,0.02,0,Direct,SIMPLE,1,RING,SIMPLE,1,1,Direct,A_flag_ceiling
all_gather_perf,2,16,8192,128,float,none,235.64,0.03,0.03,0,232.51,0.04,0.03,0,Direct,SIMPLE,1,RING,SIMPLE,1,1,Direct,A_flag_ceiling
all_gather_perf,2,16,16384,256,float,none,237.23,0.07,0.06,0,234.77,0.07,0.07,0,Direct,SIMPLE,1,RING,SIMPLE,1,1,Direct,A_flag_ceiling
all_gather_perf,2,16,32768,512,float,none,241.03,0.14,0.13,0,237.72,0.14,0.13,0,Direct,SIMPLE,1,RING,SIMPLE,1,1,Direct,A_flag_ceiling
all_gather_perf,2,16,65536,1024,float,none,253.5,0.26,0.24,0,251.75,0.26,0.24,0,Direct,SIMPLE,1,RING,SIMPLE,1,1,Direct,A_flag_ceiling
all_gather_perf,2,16,131072,2048,float,none,270.34,0.48,0.45,0,302.22,0.43,0.41,0,Direct,SIMPLE,1,RING,SIMPLE,1,1,Direct,A_flag_ceiling
all_gather_perf,2,16,262144,4096,float,none,262.13,1.0,0.94,0,258.19,1.02,0.95,0,Direct,SIMPLE,1,RING,SIMPLE,1,1,Direct,A_flag_ceiling
all_gather_perf,2,16,524288,8192,float,none,288.35,1.82,1.7,0,284.22,1.84,1.73,0,Direct,SIMPLE,1,RING,SIMPLE,1,1,Direct,A_flag_ceiling
all_gather_perf,2,16,1048576,16384,float,none,343.36,3.05,2.86,0,339.07,3.09,2.9,0,Direct,SIMPLE,1,RING,SIMPLE,1,1,Direct,A_flag_ceiling
all_gather_perf,2,16,2097152,32768,float,none,453.0,4.63,4.34,0,445.67,4.71,4.41,0,Direct,SIMPLE,1,RING,SIMPLE,1,1,Direct,A_flag_ceiling
all_gather_perf,2,16,4194304,65536,float,none,638.86,6.57,6.15,0,630.02,6.66,6.24,0,Direct,SIMPLE,1,RING,SIMPLE,1,1,Direct,A_flag_ceiling
all_gather_perf,2,16,8388608,131072,float,none,550.21,15.25,14.29,0,543.48,15.43,14.47,0,RING,SIMPLE,1,RING,SIMPLE,1,0,RING,A_flag_ceiling
all_gather_perf,2,16,16777216,262144,float,none,1007.38,16.65,15.61,0,990.65,16.94,15.88,0,RING,SIMPLE,1,RING,SIMPLE,1,0,RING,A_flag_ceiling
all_gather_perf,2,16,33554432,524288,float,none,1895.38,17.7,16.6,0,1854.45,18.09,16.96,0,RING,SIMPLE,1,RING,SIMPLE,1,0,RING,A_flag_ceiling
all_gather_perf,2,16,67108864,1048576,float,none,3784.19,17.73,16.63,0,3709.21,18.09,16.96,0,RING,SIMPLE,1,RING,SIMPLE,1,0,RING,A_flag_ceiling
all_gather_perf,2,16,134217728,2097152,float,none,7578.55,17.71,16.6,0,7434.69,18.05,16.92,0,RING,SIMPLE,1,RING,SIMPLE,1,0,RING,A_flag_ceiling
all_gather_perf,2,16,268435456,4194304,float,none,15160.3,17.71,16.6,0,14912.8,18.0,16.88,0,RING,SIMPLE,1,RING,SIMPLE,1,0,RING,A_flag_ceiling
all_gather_perf,2,16,536870912,8388608,float,none,30166.7,17.8,16.68,0,29816.2,18.01,16.88,0,RING,SIMPLE,1,RING,SIMPLE,1,0,RING,A_flag_ceiling
all_gather_perf,2,16,4096,64,float,none,236.19,0.02,0.02,0,233.57,0.02,0.02,0,Direct,SIMPLE,1,RING,LL,1,1,Direct,A_flag_ceiling
all_gather_perf,2,16,8192,128,float,none,237.99,0.03,0.03,0,232.73,0.04,0.03,0,Direct,SIMPLE,1,RING,LL,1,1,Direct,A_flag_ceiling
all_gather_perf,2,16,16384,256,float,none,237.69,0.07,0.06,0,234.46,0.07,0.07,0,Direct,SIMPLE,1,RING,LL,1,1,Direct,A_flag_ceiling
all_gather_perf,2,16,32768,512,float,none,240.91,0.14,0.13,0,238.01,0.14,0.13,0,Direct,SIMPLE,1,RING,LL,1,1,Direct,A_flag_ceiling
all_gather_perf,2,16,65536,1024,float,none,255.59,0.26,0.24,0,251.92,0.26,0.24,0,Direct,SIMPLE,1,RING,LL,1,1,Direct,A_flag_ceiling
all_gather_perf,2,16,131072,2048,float,none,271.74,0.48,0.45,0,268.79,0.49,0.46,0,Direct,SIMPLE,1,RING,LL,1,1,Direct,A_flag_ceiling
all_gather_perf,2,16,262144,4096,float,none,260.69,1.01,0.94,0,257.12,1.02,0.96,0,Direct,SIMPLE,1,RING,LL,1,1,Direct,A_flag_ceiling
all_gather_perf,2,16,524288,8192,float,none,286.01,1.83,1.72,0,284.0,1.85,1.73,0,Direct,SIMPLE,1,RING,LL,1,1,Direct,A_flag_ceiling
all_gather_perf,2,16,1048576,16384,float,none,342.77,3.06,2.87,0,338.71,3.1,2.9,0,Direct,SIMPLE,1,RING,LL,1,1,Direct,A_flag_ceiling
all_gather_perf,2,16,2097152,32768,float,none,452.02,4.64,4.35,0,445.52,4.71,4.41,0,Direct,SIMPLE,1,RING,LL,1,1,Direct,A_flag_ceiling
all_gather_perf,2,16,4194304,65536,float,none,638.62,6.57,6.16,0,629.15,6.67,6.25,0,Direct,SIMPLE,1,RING,LL,1,1,Direct,A_flag_ceiling
all_gather_perf,2,16,8388608,131072,float,none,3291.85,2.55,2.39,0,3281.72,2.56,2.4,0,RING,LL,1,RING,LL,1,0,RING,A_flag_ceiling
all_gather_perf,2,16,16777216,262144,float,none,6578.26,2.55,2.39,0,6577.83,2.55,2.39,0,RING,LL,1,RING,LL,1,0,RING,A_flag_ceiling
all_gather_perf,2,16,33554432,524288,float,none,13162.5,2.55,2.39,0,13128.0,2.56,2.4,0,RING,LL,1,RING,LL,1,0,RING,A_flag_ceiling
all_gather_perf,2,16,67108864,1048576,float,none,26302.6,2.55,2.39,0,26269.8,2.55,2.39,0,RING,LL,1,RING,LL,1,0,RING,A_flag_ceiling
all_gather_perf,2,16,134217728,2097152,float,none,52641.7,2.55,2.39,0,52451.9,2.56,2.4,0,RING,LL,1,RING,LL,1,0,RING,A_flag_ceiling
all_gather_perf,2,16,268435456,4194304,float,none,105873.0,2.54,2.38,0,104489.0,2.57,2.41,0,RING,LL,1,RING,LL,1,0,RING,A_flag_ceiling
all_gather_perf,2,16,536870912,8388608,float,none,211683.0,2.54,2.38,0,209656.0,2.56,2.4,0,RING,LL,1,RING,LL,1,0,RING,A_flag_ceiling
all_gather_perf,2,16,4096,64,float,none,236.22,0.02,0.02,0,234.53,0.02,0.02,0,Direct,SIMPLE,1,RING,LL128,1,1,Direct,A_flag_ceiling
all_gather_perf,2,16,8192,128,float,none,235.15,0.03,0.03,0,231.59,0.04,0.03,0,Direct,SIMPLE,1,RING,LL128,1,1,Direct,A_flag_ceiling
all_gather_perf,2,16,16384,256,float,none,237.24,0.07,0.06,0,234.58,0.07,0.07,0,Direct,SIMPLE,1,RING,LL128,1,1,Direct,A_flag_ceiling
all_gather_perf,2,16,32768,512,float,none,241.71,0.14,0.13,0,238.03,0.14,0.13,0,Direct,SIMPLE,1,RING,LL128,1,1,Direct,A_flag_ceiling
all_gather_perf,2,16,65536,1024,float,none,254.61,0.26,0.24,0,252.78,0.26,0.24,0,Direct,SIMPLE,1,RING,LL128,1,1,Direct,A_flag_ceiling
all_gather_perf,2,16,131072,2048,float,none,271.31,0.48,0.45,0,268.2,0.49,0.46,0,Direct,SIMPLE,1,RING,LL128,1,1,Direct,A_flag_ceiling
all_gather_perf,2,16,262144,4096,float,none,259.64,1.01,0.95,0,257.77,1.02,0.95,0,Direct,SIMPLE,1,RING,LL128,1,1,Direct,A_flag_ceiling
all_gather_perf,2,16,524288,8192,float,none,287.87,1.82,1.71,0,284.74,1.84,1.73,0,Direct,SIMPLE,1,RING,LL128,1,1,Direct,A_flag_ceiling
all_gather_perf,2,16,1048576,16384,float,none,344.49,3.04,2.85,0,339.46,3.09,2.9,0,Direct,SIMPLE,1,RING,LL128,1,1,Direct,A_flag_ceiling
all_gather_perf,2,16,2097152,32768,float,none,452.02,4.64,4.35,0,445.58,4.71,4.41,0,Direct,SIMPLE,1,RING,LL128,1,1,Direct,A_flag_ceiling
all_gather_perf,2,16,4194304,65536,float,none,640.82,6.55,6.14,0,631.96,6.64,6.22,0,Direct,SIMPLE,1,RING,LL128,1,1,Direct,A_flag_ceiling
all_gather_perf,2,16,8388608,131072,float,none,743.99,11.28,10.57,0,735.0,11.41,10.7,0,RING,LL128,1,RING,LL128,1,0,RING,A_flag_ceiling
all_gather_perf,2,16,16777216,262144,float,none,1419.0,11.82,11.08,0,1385.66,12.11,11.35,0,RING,LL128,1,RING,LL128,1,0,RING,A_flag_ceiling
all_gather_perf,2,16,33554432,524288,float,none,2810.22,11.94,11.19,0,2765.64,12.13,11.37,0,RING,LL128,1,RING,LL128,1,0,RING,A_flag_ceiling
all_gather_perf,2,16,67108864,1048576,float,none,5634.16,11.91,11.17,0,5535.19,12.12,11.37,0,RING,LL128,1,RING,LL128,1,0,RING,A_flag_ceiling
all_gather_perf,2,16,134217728,2097152,float,none,11295.3,11.88,11.14,0,11083.3,12.11,11.35,0,RING,LL128,1,RING,LL128,1,0,RING,A_flag_ceiling
all_gather_perf,2,16,268435456,4194304,float,none,22669.1,11.84,11.1,0,22250.3,12.06,11.31,0,RING,LL128,1,RING,LL128,1,0,RING,A_flag_ceiling
all_gather_perf,2,16,536870912,8388608,float,none,45402.4,11.82,11.09,0,44625.7,12.03,11.28,0,RING,LL128,1,RING,LL128,1,0,RING,A_flag_ceiling
all_gather_perf,2,16,4096,64,float,none,125.56,0.03,0.03,0,121.01,0.03,0.03,0,Direct,SIMPLE,2,RING,SIMPLE,2,1,Direct,A_flag_ceiling
all_gather_perf,2,16,8192,128,float,none,123.89,0.07,0.06,0,124.99,0.07,0.06,0,Direct,SIMPLE,2,RING,SIMPLE,2,1,Direct,A_flag_ceiling
all_gather_perf,2,16,16384,256,float,none,124.23,0.13,0.12,0,125.55,0.13,0.12,0,Direct,SIMPLE,2,RING,SIMPLE,2,1,Direct,A_flag_ceiling
all_gather_perf,2,16,32768,512,float,none,184.69,0.18,0.17,0,124.08,0.26,0.25,0,Direct,SIMPLE,2,RING,SIMPLE,2,1,Direct,A_flag_ceiling
all_gather_perf,2,16,65536,1024,float,none,132.05,0.5,0.47,0,132.35,0.5,0.46,0,Direct,SIMPLE,2,RING,SIMPLE,2,1,Direct,A_flag_ceiling
all_gather_perf,2,16,131072,2048,float,none,142.15,0.92,0.86,0,141.24,0.93,0.87,0,Direct,SIMPLE,2,RING,SIMPLE,2,1,Direct,A_flag_ceiling
all_gather_perf,2,16,262144,4096,float,none,135.93,1.93,1.81,0,135.4,1.94,1.82,0,Direct,SIMPLE,2,RING,SIMPLE,2,1,Direct,A_flag_ceiling
all_gather_perf,2,16,524288,8192,float,none,150.09,3.49,3.27,0,149.26,3.51,3.29,0,Direct,SIMPLE,2,RING,SIMPLE,2,1,Direct,A_flag_ceiling
all_gather_perf,2,16,1048576,16384,float,none,177.85,5.9,5.53,0,177.37,5.91,5.54,0,Direct,SIMPLE,2,RING,SIMPLE,2,1,Direct,A_flag_ceiling
all_gather_perf,2,16,2097152,32768,float,none,235.89,8.89,8.33,0,232.99,9.0,8.44,0,Direct,SIMPLE,2,RING,SIMPLE,2,1,Direct,A_flag_ceiling
all_gather_perf,2,16,4194304,65536,float,none,327.31,12.81,12.01,0,327.59,12.8,12.0,0,Direct,SIMPLE,2,RING,SIMPLE,2,1,Direct,A_flag_ceiling
all_gather_perf,2,16,8388608,131072,float,none,348.19,24.09,22.59,0,381.18,22.01,20.63,0,RING,SIMPLE,2,RING,SIMPLE,2,0,RING,A_flag_ceiling
all_gather_perf,2,16,16777216,262144,float,none,564.5,29.72,27.86,0,557.9,30.07,28.19,0,RING,SIMPLE,2,RING,SIMPLE,2,0,RING,A_flag_ceiling
all_gather_perf,2,16,33554432,524288,float,none,1067.93,31.42,29.46,0,1047.33,32.04,30.04,0,RING,SIMPLE,2,RING,SIMPLE,2,0,RING,A_flag_ceiling
all_gather_perf,2,16,67108864,1048576,float,none,2073.21,32.37,30.35,0,2030.26,33.05,30.99,0,RING,SIMPLE,2,RING,SIMPLE,2,0,RING,A_flag_ceiling
all_gather_perf,2,16,134217728,2097152,float,none,4145.73,32.37,30.35,0,4053.12,33.11,31.05,0,RING,SIMPLE,2,RING,SIMPLE,2,0,RING,A_flag_ceiling
all_gather_perf,2,16,268435456,4194304,float,none,8266.89,32.47,30.44,0,8132.12,33.01,30.95,0,RING,SIMPLE,2,RING,SIMPLE,2,0,RING,A_flag_ceiling
all_gather_perf,2,16,536870912,8388608,float,none,16536.8,32.47,30.44,0,16285.6,32.97,30.91,0,RING,SIMPLE,2,RING,SIMPLE,2,0,RING,A_flag_ceiling
all_gather_perf,2,16,4096,64,float,none,124.7,0.03,0.03,0,124.2,0.03,0.03,0,Direct,SIMPLE,2,RING,LL,2,1,Direct,A_flag_ceiling
all_gather_perf,2,16,8192,128,float,none,127.77,0.06,0.06,0,120.88,0.07,0.06,0,Direct,SIMPLE,2,RING,LL,2,1,Direct,A_flag_ceiling
all_gather_perf,2,16,16384,256,float,none,124.76,0.13,0.12,0,122.82,0.13,0.13,0,Direct,SIMPLE,2,RING,LL,2,1,Direct,A_flag_ceiling
all_gather_perf,2,16,32768,512,float,none,126.09,0.26,0.24,0,125.44,0.26,0.24,0,Direct,SIMPLE,2,RING,LL,2,1,Direct,A_flag_ceiling
all_gather_perf,2,16,65536,1024,float,none,132.22,0.5,0.46,0,132.09,0.5,0.47,0,Direct,SIMPLE,2,RING,LL,2,1,Direct,A_flag_ceiling
all_gather_perf,2,16,131072,2048,float,none,141.29,0.93,0.87,0,140.28,0.93,0.88,0,Direct,SIMPLE,2,RING,LL,2,1,Direct,A_flag_ceiling
all_gather_perf,2,16,262144,4096,float,none,135.46,1.94,1.81,0,134.48,1.95,1.83,0,Direct,SIMPLE,2,RING,LL,2,1,Direct,A_flag_ceiling
all_gather_perf,2,16,524288,8192,float,none,149.33,3.51,3.29,0,148.51,3.53,3.31,0,Direct,SIMPLE,2,RING,LL,2,1,Direct,A_flag_ceiling
all_gather_perf,2,16,1048576,16384,float,none,177.09,5.92,5.55,0,177.96,5.89,5.52,0,Direct,SIMPLE,2,RING,LL,2,1,Direct,A_flag_ceiling
all_gather_perf,2,16,2097152,32768,float,none,233.68,8.97,8.41,0,236.16,8.88,8.33,0,Direct,SIMPLE,2,RING,LL,2,1,Direct,A_flag_ceiling
all_gather_perf,2,16,4194304,65536,float,none,329.67,12.72,11.93,0,327.24,12.82,12.02,0,Direct,SIMPLE,2,RING,LL,2,1,Direct,A_flag_ceiling
all_gather_perf,2,16,8388608,131072,float,none,1668.75,5.03,4.71,0,1649.1,5.09,4.77,0,RING,LL,2,RING,LL,2,0,RING,A_flag_ceiling
all_gather_perf,2,16,16777216,262144,float,none,3409.9,4.92,4.61,0,3298.07,5.09,4.77,0,RING,LL,2,RING,LL,2,0,RING,A_flag_ceiling
all_gather_perf,2,16,33554432,524288,float,none,6668.12,5.03,4.72,0,6606.65,5.08,4.76,0,RING,LL,2,RING,LL,2,0,RING,A_flag_ceiling
all_gather_perf,2,16,67108864,1048576,float,none,13306.7,5.04,4.73,0,13224.1,5.07,4.76,0,RING,LL,2,RING,LL,2,0,RING,A_flag_ceiling
all_gather_perf,2,16,134217728,2097152,float,none,26641.7,5.04,4.72,0,26463.8,5.07,4.75,0,RING,LL,2,RING,LL,2,0,RING,A_flag_ceiling
all_gather_perf,2,16,268435456,4194304,float,none,53185.4,5.05,4.73,0,52927.6,5.07,4.75,0,RING,LL,2,RING,LL,2,0,RING,A_flag_ceiling
all_gather_perf,2,16,536870912,8388608,float,none,106431.0,5.04,4.73,0,105795.0,5.07,4.76,0,RING,LL,2,RING,LL,2,0,RING,A_flag_ceiling
all_gather_perf,2,16,4096,64,float,none,124.21,0.03,0.03,0,122.61,0.03,0.03,0,Direct,SIMPLE,2,RING,LL128,2,1,Direct,A_flag_ceiling
all_gather_perf,2,16,8192,128,float,none,126.59,0.06,0.06,0,121.0,0.07,0.06,0,Direct,SIMPLE,2,RING,LL128,2,1,Direct,A_flag_ceiling
all_gather_perf,2,16,16384,256,float,none,126.02,0.13,0.12,0,123.47,0.13,0.12,0,Direct,SIMPLE,2,RING,LL128,2,1,Direct,A_flag_ceiling
all_gather_perf,2,16,32768,512,float,none,126.05,0.26,0.24,0,124.31,0.26,0.25,0,Direct,SIMPLE,2,RING,LL128,2,1,Direct,A_flag_ceiling
all_gather_perf,2,16,65536,1024,float,none,132.61,0.49,0.46,0,131.65,0.5,0.47,0,Direct,SIMPLE,2,RING,LL128,2,1,Direct,A_flag_ceiling
all_gather_perf,2,16,131072,2048,float,none,141.23,0.93,0.87,0,141.13,0.93,0.87,0,Direct,SIMPLE,2,RING,LL128,2,1,Direct,A_flag_ceiling
all_gather_perf,2,16,262144,4096,float,none,135.91,1.93,1.81,0,136.17,1.93,1.8,0,Direct,SIMPLE,2,RING,LL128,2,1,Direct,A_flag_ceiling
all_gather_perf,2,16,524288,8192,float,none,149.55,3.51,3.29,0,148.94,3.52,3.3,0,Direct,SIMPLE,2,RING,LL128,2,1,Direct,A_flag_ceiling
all_gather_perf,2,16,1048576,16384,float,none,178.01,5.89,5.52,0,178.34,5.88,5.51,0,Direct,SIMPLE,2,RING,LL128,2,1,Direct,A_flag_ceiling
all_gather_perf,2,16,2097152,32768,float,none,234.45,8.95,8.39,0,234.15,8.96,8.4,0,Direct,SIMPLE,2,RING,LL128,2,1,Direct,A_flag_ceiling
all_gather_perf,2,16,4194304,65536,float,none,328.54,12.77,11.97,0,329.5,12.73,11.93,0,Direct,SIMPLE,2,RING,LL128,2,1,Direct,A_flag_ceiling
all_gather_perf,2,16,8388608,131072,float,none,397.68,21.09,19.78,0,394.06,21.29,19.96,0,RING,LL128,2,RING,LL128,2,0,RING,A_flag_ceiling
all_gather_perf,2,16,16777216,262144,float,none,774.4,21.66,20.31,0,766.55,21.89,20.52,0,RING,LL128,2,RING,LL128,2,0,RING,A_flag_ceiling
all_gather_perf,2,16,33554432,524288,float,none,1523.41,22.03,20.65,0,1512.4,22.19,20.8,0,RING,LL128,2,RING,LL128,2,0,RING,A_flag_ceiling
all_gather_perf,2,16,67108864,1048576,float,none,3034.51,22.12,20.73,0,3007.66,22.31,20.92,0,RING,LL128,2,RING,LL128,2,0,RING,A_flag_ceiling
all_gather_perf,2,16,134217728,2097152,float,none,6044.28,22.21,20.82,0,6002.8,22.36,20.96,0,RING,LL128,2,RING,LL128,2,0,RING,A_flag_ceiling
all_gather_perf,2,16,268435456,4194304,float,none,12129.0,22.13,20.75,0,12013.3,22.34,20.95,0,RING,LL128,2,RING,LL128,2,0,RING,A_flag_ceiling
all_gather_perf,2,16,536870912,8388608,float,none,24161.8,22.22,20.83,0,23947.6,22.42,21.02,0,RING,LL128,2,RING,LL128,2,0,RING,A_flag_ceiling
all_gather_perf,2,16,4096,64,float,none,68.77,0.06,0.06,0,67.4,0.06,0.06,0,Direct,SIMPLE,4,RING,SIMPLE,4,1,Direct,A_flag_ceiling
all_gather_perf,2,16,8192,128,float,none,67.08,0.12,0.11,0,66.9,0.12,0.11,0,Direct,SIMPLE,4,RING,SIMPLE,4,1,Direct,A_flag_ceiling
all_gather_perf,2,16,16384,256,float,none,67.96,0.24,0.23,0,66.76,0.25,0.23,0,Direct,SIMPLE,4,RING,SIMPLE,4,1,Direct,A_flag_ceiling
all_gather_perf,2,16,32768,512,float,none,72.53,0.45,0.42,0,68.83,0.48,0.45,0,Direct,SIMPLE,4,RING,SIMPLE,4,1,Direct,A_flag_ceiling
all_gather_perf,2,16,65536,1024,float,none,72.39,0.91,0.85,0,71.01,0.92,0.87,0,Direct,SIMPLE,4,RING,SIMPLE,4,1,Direct,A_flag_ceiling
all_gather_perf,2,16,131072,2048,float,none,77.98,1.68,1.58,0,78.58,1.67,1.56,0,Direct,SIMPLE,4,RING,SIMPLE,4,1,Direct,A_flag_ceiling
all_gather_perf,2,16,262144,4096,float,none,74.01,3.54,3.32,0,73.79,3.55,3.33,0,Direct,SIMPLE,4,RING,SIMPLE,4,1,Direct,A_flag_ceiling
all_gather_perf,2,16,524288,8192,float,none,81.53,6.43,6.03,0,81.64,6.42,6.02,0,Direct,SIMPLE,4,RING,SIMPLE,4,1,Direct,A_flag_ceiling
all_gather_perf,2,16,1048576,16384,float,none,96.61,10.85,10.18,0,97.14,10.79,10.12,0,Direct,SIMPLE,4,RING,SIMPLE,4,1,Direct,A_flag_ceiling
all_gather_perf,2,16,2097152,32768,float,none,123.49,16.98,15.92,0,124.01,16.91,15.85,0,Direct,SIMPLE,4,RING,SIMPLE,4,1,Direct,A_flag_ceiling
all_gather_perf,2,16,4194304,65536,float,none,175.55,23.89,22.4,0,174.11,24.09,22.58,0,Direct,SIMPLE,4,RING,SIMPLE,4,1,Direct,A_flag_ceiling
all_gather_perf,2,16,8388608,131072,float,none,243.67,34.43,32.27,0,239.79,34.98,32.8,0,RING,SIMPLE,4,RING,SIMPLE,4,0,RING,A_flag_ceiling
all_gather_perf,2,16,16777216,262144,float,none,374.3,44.82,42.02,0,369.17,45.45,42.61,0,RING,SIMPLE,4,RING,SIMPLE,4,0,RING,A_flag_ceiling
all_gather_perf,2,16,33554432,524288,float,none,622.37,53.91,50.54,0,615.27,54.54,51.13,0,RING,SIMPLE,4,RING,SIMPLE,4,0,RING,A_flag_ceiling
all_gather_perf,2,16,67108864,1048576,float,none,1146.56,58.53,54.87,0,1129.22,59.43,55.72,0,RING,SIMPLE,4,RING,SIMPLE,4,0,RING,A_flag_ceiling
all_gather_perf,2,16,134217728,2097152,float,none,2191.84,61.24,57.41,0,2143.41,62.62,58.71,0,RING,SIMPLE,4,RING,SIMPLE,4,0,RING,A_flag_ceiling
all_gather_perf,2,16,268435456,4194304,float,none,4369.31,61.44,57.6,0,4294.07,62.51,58.61,0,RING,SIMPLE,4,RING,SIMPLE,4,0,RING,A_flag_ceiling
all_gather_perf,2,16,536870912,8388608,float,none,8750.01,61.36,57.52,0,8605.04,62.39,58.49,0,RING,SIMPLE,4,RING,SIMPLE,4,0,RING,A_flag_ceiling
all_gather_perf,2,16,4096,64,float,none,69.58,0.06,0.06,0,69.33,0.06,0.06,0,Direct,SIMPLE,4,RING,LL,4,1,Direct,A_flag_ceiling
all_gather_perf,2,16,8192,128,float,none,69.73,0.12,0.11,0,67.52,0.12,0.11,0,Direct,SIMPLE,4,RING,LL,4,1,Direct,A_flag_ceiling
all_gather_perf,2,16,16384,256,float,none,68.11,0.24,0.23,0,66.79,0.25,0.23,0,Direct,SIMPLE,4,RING,LL,4,1,Direct,A_flag_ceiling
all_gather_perf,2,16,32768,512,float,none,68.76,0.48,0.45,0,71.79,0.46,0.43,0,Direct,SIMPLE,4,RING,LL,4,1,Direct,A_flag_ceiling
all_gather_perf,2,16,65536,1024,float,none,71.9,0.91,0.85,0,71.45,0.92,0.86,0,Direct,SIMPLE,4,RING,LL,4,1,Direct,A_flag_ceiling
all_gather_perf,2,16,131072,2048,float,none,76.46,1.71,1.61,0,75.82,1.73,1.62,0,Direct,SIMPLE,4,RING,LL,4,1,Direct,A_flag_ceiling
all_gather_perf,2,16,262144,4096,float,none,73.97,3.54,3.32,0,75.62,3.47,3.25,0,Direct,SIMPLE,4,RING,LL,4,1,Direct,A_flag_ceiling
all_gather_perf,2,16,524288,8192,float,none,81.46,6.44,6.03,0,81.04,6.47,6.07,0,Direct,SIMPLE,4,RING,LL,4,1,Direct,A_flag_ceiling
all_gather_perf,2,16,1048576,16384,float,none,96.53,10.86,10.18,0,98.08,10.69,10.02,0,Direct,SIMPLE,4,RING,LL,4,1,Direct,A_flag_ceiling
all_gather_perf,2,16,2097152,32768,float,none,123.64,16.96,15.9,0,123.38,17.0,15.93,0,Direct,SIMPLE,4,RING,LL,4,1,Direct,A_flag_ceiling
all_gather_perf,2,16,4194304,65536,float,none,175.02,23.97,22.47,0,173.74,24.14,22.63,0,Direct,SIMPLE,4,RING,LL,4,1,Direct,A_flag_ceiling
all_gather_perf,2,16,8388608,131072,float,none,853.68,9.83,9.21,0,844.1,9.94,9.32,0,RING,LL,4,RING,LL,4,0,RING,A_flag_ceiling
all_gather_perf,2,16,16777216,262144,float,none,1700.45,9.87,9.25,0,1682.27,9.97,9.35,0,RING,LL,4,RING,LL,4,0,RING,A_flag_ceiling
all_gather_perf,2,16,33554432,524288,float,none,3383.57,9.92,9.3,0,3372.65,9.95,9.33,0,RING,LL,4,RING,LL,4,0,RING,A_flag_ceiling
all_gather_perf,2,16,67108864,1048576,float,none,6784.14,9.89,9.27,0,6803.25,9.86,9.25,0,RING,LL,4,RING,LL,4,0,RING,A_flag_ceiling
all_gather_perf,2,16,134217728,2097152,float,none,13615.1,9.86,9.24,0,13588.9,9.88,9.26,0,RING,LL,4,RING,LL,4,0,RING,A_flag_ceiling
all_gather_perf,2,16,268435456,4194304,float,none,27120.6,9.9,9.28,0,27181.3,9.88,9.26,0,RING,LL,4,RING,LL,4,0,RING,A_flag_ceiling
all_gather_perf,2,16,536870912,8388608,float,none,54192.5,9.91,9.29,0,54444.5,9.86,9.24,0,RING,LL,4,RING,LL,4,0,RING,A_flag_ceiling
all_gather_perf,2,16,4096,64,float,none,68.42,0.06,0.06,0,66.68,0.06,0.06,0,Direct,SIMPLE,4,RING,LL128,4,1,Direct,A_flag_ceiling
all_gather_perf,2,16,8192,128,float,none,67.83,0.12,0.11,0,67.23,0.12,0.11,0,Direct,SIMPLE,4,RING,LL128,4,1,Direct,A_flag_ceiling
all_gather_perf,2,16,16384,256,float,none,69.35,0.24,0.22,0,72.27,0.23,0.21,0,Direct,SIMPLE,4,RING,LL128,4,1,Direct,A_flag_ceiling
all_gather_perf,2,16,32768,512,float,none,68.64,0.48,0.45,0,68.67,0.48,0.45,0,Direct,SIMPLE,4,RING,LL128,4,1,Direct,A_flag_ceiling
all_gather_perf,2,16,65536,1024,float,none,71.7,0.91,0.86,0,71.5,0.92,0.86,0,Direct,SIMPLE,4,RING,LL128,4,1,Direct,A_flag_ceiling
all_gather_perf,2,16,131072,2048,float,none,77.14,1.7,1.59,0,76.58,1.71,1.6,0,Direct,SIMPLE,4,RING,LL128,4,1,Direct,A_flag_ceiling
all_gather_perf,2,16,262144,4096,float,none,74.1,3.54,3.32,0,74.16,3.53,3.31,0,Direct,SIMPLE,4,RING,LL128,4,1,Direct,A_flag_ceiling
all_gather_perf,2,16,524288,8192,float,none,81.37,6.44,6.04,0,80.92,6.48,6.07,0,Direct,SIMPLE,4,RING,LL128,4,1,Direct,A_flag_ceiling
all_gather_perf,2,16,1048576,16384,float,none,96.56,10.86,10.18,0,96.9,10.82,10.14,0,Direct,SIMPLE,4,RING,LL128,4,1,Direct,A_flag_ceiling
all_gather_perf,2,16,2097152,32768,float,none,124.18,16.89,15.83,0,123.91,16.92,15.87,0,Direct,SIMPLE,4,RING,LL128,4,1,Direct,A_flag_ceiling
all_gather_perf,2,16,4194304,65536,float,none,175.46,23.9,22.41,0,175.31,23.93,22.43,0,Direct,SIMPLE,4,RING,LL128,4,1,Direct,A_flag_ceiling
all_gather_perf,2,16,8388608,131072,float,none,231.16,36.29,34.02,0,227.85,36.82,34.52,0,RING,LL128,4,RING,LL128,4,0,RING,A_flag_ceiling
all_gather_perf,2,16,16777216,262144,float,none,424.15,39.55,37.08,0,418.4,40.1,37.59,0,RING,LL128,4,RING,LL128,4,0,RING,A_flag_ceiling
all_gather_perf,2,16,33554432,524288,float,none,816.47,41.1,38.53,0,828.66,40.49,37.96,0,RING,LL128,4,RING,LL128,4,0,RING,A_flag_ceiling
all_gather_perf,2,16,67108864,1048576,float,none,1600.41,41.93,39.31,0,1583.99,42.37,39.72,0,RING,LL128,4,RING,LL128,4,0,RING,A_flag_ceiling
all_gather_perf,2,16,134217728,2097152,float,none,3210.12,41.81,39.2,0,3163.15,42.43,39.78,0,RING,LL128,4,RING,LL128,4,0,RING,A_flag_ceiling
all_gather_perf,2,16,268435456,4194304,float,none,6401.27,41.93,39.31,0,6306.51,42.56,39.9,0,RING,LL128,4,RING,LL128,4,0,RING,A_flag_ceiling
all_gather_perf,2,16,536870912,8388608,float,none,12798.3,41.95,39.33,0,12617.6,42.55,39.89,0,RING,LL128,4,RING,LL128,4,0,RING,A_flag_ceiling
all_gather_perf,2,16,4096,64,float,none,41.24,0.1,0.09,0,40.5,0.1,0.09,0,Direct,SIMPLE,8,RING,SIMPLE,8,1,Direct,A_flag_ceiling
all_gather_perf,2,16,8192,128,float,none,40.83,0.2,0.19,0,39.87,0.21,0.19,0,Direct,SIMPLE,8,RING,SIMPLE,8,1,Direct,A_flag_ceiling
all_gather_perf,2,16,16384,256,float,none,42.96,0.38,0.36,0,40.99,0.4,0.37,0,Direct,SIMPLE,8,RING,SIMPLE,8,1,Direct,A_flag_ceiling
all_gather_perf,2,16,32768,512,float,none,40.4,0.81,0.76,0,41.03,0.8,0.75,0,Direct,SIMPLE,8,RING,SIMPLE,8,1,Direct,A_flag_ceiling
all_gather_perf,2,16,65536,1024,float,none,42.3,1.55,1.45,0,43.13,1.52,1.42,0,Direct,SIMPLE,8,RING,SIMPLE,8,1,Direct,A_flag_ceiling
all_gather_perf,2,16,131072,2048,float,none,48.0,2.73,2.56,0,45.61,2.87,2.69,0,Direct,SIMPLE,8,RING,SIMPLE,8,1,Direct,A_flag_ceiling
all_gather_perf,2,16,262144,4096,float,none,43.62,6.01,5.63,0,44.48,5.89,5.53,0,Direct,SIMPLE,8,RING,SIMPLE,8,1,Direct,A_flag_ceiling
all_gather_perf,2,16,524288,8192,float,none,49.52,10.59,9.93,0,49.55,10.58,9.92,0,Direct,SIMPLE,8,RING,SIMPLE,8,1,Direct,A_flag_ceiling
all_gather_perf,2,16,1048576,16384,float,none,62.05,16.9,15.84,0,62.15,16.87,15.82,0,Direct,SIMPLE,8,RING,SIMPLE,8,1,Direct,A_flag_ceiling
all_gather_perf,2,16,2097152,32768,float,none,76.58,27.38,25.67,0,77.09,27.21,25.51,0,Direct,SIMPLE,8,RING,SIMPLE,8,1,Direct,A_flag_ceiling
all_gather_perf,2,16,4194304,65536,float,none,113.39,36.99,34.68,0,113.02,37.11,34.79,0,Direct,SIMPLE,8,RING,SIMPLE,8,1,Direct,A_flag_ceiling
all_gather_perf,2,16,8388608,131072,float,none,195.15,42.99,40.3,0,193.46,43.36,40.65,0,RING,SIMPLE,8,RING,SIMPLE,8,0,RING,A_flag_ceiling
all_gather_perf,2,16,16777216,262144,float,none,250.87,66.88,62.7,0,247.3,67.84,63.6,0,RING,SIMPLE,8,RING,SIMPLE,8,0,RING,A_flag_ceiling
all_gather_perf,2,16,33554432,524288,float,none,374.46,89.61,84.01,0,370.02,90.68,85.01,0,RING,SIMPLE,8,RING,SIMPLE,8,0,RING,A_flag_ceiling
all_gather_perf,2,16,67108864,1048576,float,none,625.6,107.27,100.57,0,618.29,108.54,101.76,0,RING,SIMPLE,8,RING,SIMPLE,8,0,RING,A_flag_ceiling
all_gather_perf,2,16,134217728,2097152,float,none,1145.46,117.17,109.85,0,1130.04,118.77,111.35,0,RING,SIMPLE,8,RING,SIMPLE,8,0,RING,A_flag_ceiling
all_gather_perf,2,16,268435456,4194304,float,none,2196.06,122.23,114.6,0,2152.53,124.71,116.91,0,RING,SIMPLE,8,RING,SIMPLE,8,0,RING,A_flag_ceiling
all_gather_perf,2,16,536870912,8388608,float,none,4383.03,122.49,114.83,0,4316.28,124.38,116.61,0,RING,SIMPLE,8,RING,SIMPLE,8,0,RING,A_flag_ceiling
all_gather_perf,2,16,4096,64,float,none,42.39,0.1,0.09,0,40.58,0.1,0.09,0,Direct,SIMPLE,8,RING,LL,8,1,Direct,A_flag_ceiling
all_gather_perf,2,16,8192,128,float,none,40.43,0.2,0.19,0,38.95,0.21,0.2,0,Direct,SIMPLE,8,RING,LL,8,1,Direct,A_flag_ceiling
all_gather_perf,2,16,16384,256,float,none,42.85,0.38,0.36,0,40.63,0.4,0.38,0,Direct,SIMPLE,8,RING,LL,8,1,Direct,A_flag_ceiling
all_gather_perf,2,16,32768,512,float,none,40.19,0.82,0.76,0,40.48,0.81,0.76,0,Direct,SIMPLE,8,RING,LL,8,1,Direct,A_flag_ceiling
all_gather_perf,2,16,65536,1024,float,none,43.0,1.52,1.43,0,41.52,1.58,1.48,0,Direct,SIMPLE,8,RING,LL,8,1,Direct,A_flag_ceiling
all_gather_perf,2,16,131072,2048,float,none,45.67,2.87,2.69,0,45.63,2.87,2.69,0,Direct,SIMPLE,8,RING,LL,8,1,Direct,A_flag_ceiling
all_gather_perf,2,16,262144,4096,float,none,44.03,5.95,5.58,0,44.22,5.93,5.56,0,Direct,SIMPLE,8,RING,LL,8,1,Direct,A_flag_ceiling
all_gather_perf,2,16,524288,8192,float,none,49.43,10.61,9.94,0,49.07,10.68,10.02,0,Direct,SIMPLE,8,RING,LL,8,1,Direct,A_flag_ceiling
all_gather_perf,2,16,1048576,16384,float,none,62.7,16.72,15.68,0,61.64,17.01,15.95,0,Direct,SIMPLE,8,RING,LL,8,1,Direct,A_flag_ceiling
all_gather_perf,2,16,2097152,32768,float,none,77.13,27.19,25.49,0,77.41,27.09,25.4,0,Direct,SIMPLE,8,RING,LL,8,1,Direct,A_flag_ceiling
all_gather_perf,2,16,4194304,65536,float,none,113.16,37.07,34.75,0,112.96,37.13,34.81,0,Direct,SIMPLE,8,RING,LL,8,1,Direct,A_flag_ceiling
all_gather_perf,2,16,8388608,131072,float,none,431.44,19.44,18.23,0,434.23,19.32,18.11,0,RING,LL,8,RING,LL,8,0,RING,A_flag_ceiling
all_gather_perf,2,16,16777216,262144,float,none,854.36,19.64,18.41,0,851.07,19.71,18.48,0,RING,LL,8,RING,LL,8,0,RING,A_flag_ceiling
all_gather_perf,2,16,33554432,524288,float,none,1700.33,19.73,18.5,0,1697.81,19.76,18.53,0,RING,LL,8,RING,LL,8,0,RING,A_flag_ceiling
all_gather_perf,2,16,67108864,1048576,float,none,3432.11,19.55,18.33,0,3416.05,19.65,18.42,0,RING,LL,8,RING,LL,8,0,RING,A_flag_ceiling
all_gather_perf,2,16,134217728,2097152,float,none,6910.72,19.42,18.21,0,6905.51,19.44,18.22,0,RING,LL,8,RING,LL,8,0,RING,A_flag_ceiling
all_gather_perf,2,16,268435456,4194304,float,none,13754.6,19.52,18.3,0,13775.0,19.49,18.27,0,RING,LL,8,RING,LL,8,0,RING,A_flag_ceiling
all_gather_perf,2,16,536870912,8388608,float,none,27532.7,19.5,18.28,0,27644.3,19.42,18.21,0,RING,LL,8,RING,LL,8,0,RING,A_flag_ceiling
all_gather_perf,2,16,4096,64,float,none,42.61,0.1,0.09,0,40.18,0.1,0.1,0,Direct,SIMPLE,8,RING,LL128,8,1,Direct,A_flag_ceiling
all_gather_perf,2,16,8192,128,float,none,40.28,0.2,0.19,0,39.94,0.21,0.19,0,Direct,SIMPLE,8,RING,LL128,8,1,Direct,A_flag_ceiling
all_gather_perf,2,16,16384,256,float,none,43.01,0.38,0.36,0,40.62,0.4,0.38,0,Direct,SIMPLE,8,RING,LL128,8,1,Direct,A_flag_ceiling
all_gather_perf,2,16,32768,512,float,none,40.8,0.8,0.75,0,69.6,0.47,0.44,0,Direct,SIMPLE,8,RING,LL128,8,1,Direct,A_flag_ceiling
all_gather_perf,2,16,65536,1024,float,none,44.59,1.47,1.38,0,42.27,1.55,1.45,0,Direct,SIMPLE,8,RING,LL128,8,1,Direct,A_flag_ceiling
all_gather_perf,2,16,131072,2048,float,none,47.91,2.74,2.56,0,45.62,2.87,2.69,0,Direct,SIMPLE,8,RING,LL128,8,1,Direct,A_flag_ceiling
all_gather_perf,2,16,262144,4096,float,none,45.16,5.8,5.44,0,44.3,5.92,5.55,0,Direct,SIMPLE,8,RING,LL128,8,1,Direct,A_flag_ceiling
all_gather_perf,2,16,524288,8192,float,none,49.55,10.58,9.92,0,49.36,10.62,9.96,0,Direct,SIMPLE,8,RING,LL128,8,1,Direct,A_flag_ceiling
all_gather_perf,2,16,1048576,16384,float,none,62.04,16.9,15.84,0,66.32,15.81,14.82,0,Direct,SIMPLE,8,RING,LL128,8,1,Direct,A_flag_ceiling
all_gather_perf,2,16,2097152,32768,float,none,77.09,27.21,25.5,0,77.56,27.04,25.35,0,Direct,SIMPLE,8,RING,LL128,8,1,Direct,A_flag_ceiling
all_gather_perf,2,16,4194304,65536,float,none,114.05,36.78,34.48,0,112.76,37.2,34.87,0,Direct,SIMPLE,8,RING,LL128,8,1,Direct,A_flag_ceiling
all_gather_perf,2,16,8388608,131072,float,none,123.08,68.15,63.89,0,121.63,68.97,64.66,0,RING,LL128,8,RING,LL128,8,0,RING,A_flag_ceiling
all_gather_perf,2,16,16777216,262144,float,none,231.17,72.58,68.04,0,228.13,73.54,68.95,0,RING,LL128,8,RING,LL128,8,0,RING,A_flag_ceiling
all_gather_perf,2,16,33554432,524288,float,none,424.9,78.97,74.04,0,415.5,80.76,75.71,0,RING,LL128,8,RING,LL128,8,0,RING,A_flag_ceiling
all_gather_perf,2,16,67108864,1048576,float,none,825.89,81.26,76.18,0,808.49,83.01,77.82,0,RING,LL128,8,RING,LL128,8,0,RING,A_flag_ceiling
all_gather_perf,2,16,134217728,2097152,float,none,1635.64,82.06,76.93,0,1593.91,84.21,78.94,0,RING,LL128,8,RING,LL128,8,0,RING,A_flag_ceiling
all_gather_perf,2,16,268435456,4194304,float,none,3241.69,82.81,77.63,0,3173.67,84.58,79.3,0,RING,LL128,8,RING,LL128,8,0,RING,A_flag_ceiling
all_gather_perf,2,16,536870912,8388608,float,none,6477.46,82.88,77.7,0,6342.67,84.64,79.35,0,RING,LL128,8,RING,LL128,8,0,RING,A_flag_ceiling
all_gather_perf,2,16,4096,64,float,none,35.94,0.11,0.11,0,41.16,0.1,0.09,0,Direct,SIMPLE,16,RING,SIMPLE,16,1,Direct,A_flag_ceiling
all_gather_perf,2,16,8192,128,float,none,35.75,0.23,0.21,0,35.93,0.23,0.21,0,Direct,SIMPLE,16,RING,SIMPLE,16,1,Direct,A_flag_ceiling
all_gather_perf,2,16,16384,256,float,none,38.6,0.42,0.4,0,35.93,0.46,0.43,0,Direct,SIMPLE,16,RING,SIMPLE,16,1,Direct,A_flag_ceiling
all_gather_perf,2,16,32768,512,float,none,35.02,0.94,0.88,0,36.41,0.9,0.84,0,Direct,SIMPLE,16,RING,SIMPLE,16,1,Direct,A_flag_ceiling
all_gather_perf,2,16,65536,1024,float,none,35.6,1.84,1.73,0,34.86,1.88,1.76,0,Direct,SIMPLE,16,RING,SIMPLE,16,1,Direct,A_flag_ceiling
all_gather_perf,2,16,131072,2048,float,none,38.93,3.37,3.16,0,37.12,3.53,3.31,0,Direct,SIMPLE,16,RING,SIMPLE,16,1,Direct,A_flag_ceiling
all_gather_perf,2,16,262144,4096,float,none,36.78,7.13,6.68,0,36.51,7.18,6.73,0,Direct,SIMPLE,16,RING,SIMPLE,16,1,Direct,A_flag_ceiling
all_gather_perf,2,16,524288,8192,float,none,41.41,12.66,11.87,0,40.89,12.82,12.02,0,Direct,SIMPLE,16,RING,SIMPLE,16,1,Direct,A_flag_ceiling
all_gather_perf,2,16,1048576,16384,float,none,52.26,20.07,18.81,0,51.88,20.21,18.95,0,Direct,SIMPLE,16,RING,SIMPLE,16,1,Direct,A_flag_ceiling
all_gather_perf,2,16,2097152,32768,float,none,74.32,28.22,26.45,0,62.91,33.33,31.25,0,Direct,SIMPLE,16,RING,SIMPLE,16,1,Direct,A_flag_ceiling
all_gather_perf,2,16,4194304,65536,float,none,91.69,45.74,42.89,0,91.42,45.88,43.01,0,Direct,SIMPLE,16,RING,SIMPLE,16,1,Direct,A_flag_ceiling
all_gather_perf,2,16,8388608,131072,float,none,197.19,42.54,39.88,0,194.73,43.08,40.39,0,RING,SIMPLE,16,RING,SIMPLE,16,0,RING,A_flag_ceiling
all_gather_perf,2,16,16777216,262144,float,none,204.2,82.16,77.02,0,200.98,83.48,78.26,0,RING,SIMPLE,16,RING,SIMPLE,16,0,RING,A_flag_ceiling
all_gather_perf,2,16,33554432,524288,float,none,260.65,128.73,120.69,0,257.87,130.12,121.99,0,RING,SIMPLE,16,RING,SIMPLE,16,0,RING,A_flag_ceiling
all_gather_perf,2,16,67108864,1048576,float,none,381.28,176.01,165.01,0,377.42,177.81,166.7,0,RING,SIMPLE,16,RING,SIMPLE,16,0,RING,A_flag_ceiling
all_gather_perf,2,16,134217728,2097152,float,none,639.27,209.96,196.83,0,632.83,212.09,198.83,0,RING,SIMPLE,16,RING,SIMPLE,16,0,RING,A_flag_ceiling
all_gather_perf,2,16,268435456,4194304,float,none,1152.89,232.84,218.28,0,1136.8,236.13,221.37,0,RING,SIMPLE,16,RING,SIMPLE,16,0,RING,A_flag_ceiling
all_gather_perf,2,16,536870912,8388608,float,none,2143.49,250.47,234.81,0,2100.47,255.6,239.62,0,RING,SIMPLE,16,RING,SIMPLE,16,0,RING,A_flag_ceiling
all_gather_perf,2,16,4096,64,float,none,37.28,0.11,0.1,0,34.7,0.12,0.11,0,Direct,SIMPLE,16,RING,LL,16,1,Direct,A_flag_ceiling
all_gather_perf,2,16,8192,128,float,none,34.78,0.24,0.22,0,34.69,0.24,0.22,0,Direct,SIMPLE,16,RING,LL,16,1,Direct,A_flag_ceiling
all_gather_perf,2,16,16384,256,float,none,37.79,0.43,0.41,0,35.35,0.46,0.43,0,Direct,SIMPLE,16,RING,LL,16,1,Direct,A_flag_ceiling
all_gather_perf,2,16,32768,512,float,none,34.17,0.96,0.9,0,34.43,0.95,0.89,0,Direct,SIMPLE,16,RING,LL,16,1,Direct,A_flag_ceiling
all_gather_perf,2,16,65536,1024,float,none,35.74,1.83,1.72,0,34.67,1.89,1.77,0,Direct,SIMPLE,16,RING,LL,16,1,Direct,A_flag_ceiling
all_gather_perf,2,16,131072,2048,float,none,36.8,3.56,3.34,0,36.8,3.56,3.34,0,Direct,SIMPLE,16,RING,LL,16,1,Direct,A_flag_ceiling
all_gather_perf,2,16,262144,4096,float,none,35.99,7.28,6.83,0,37.28,7.03,6.59,0,Direct,SIMPLE,16,RING,LL,16,1,Direct,A_flag_ceiling
all_gather_perf,2,16,524288,8192,float,none,40.98,12.79,11.99,0,41.09,12.76,11.96,0,Direct,SIMPLE,16,RING,LL,16,1,Direct,A_flag_ceiling
all_gather_perf,2,16,1048576,16384,float,none,52.26,20.07,18.81,0,51.79,20.25,18.98,0,Direct,SIMPLE,16,RING,LL,16,1,Direct,A_flag_ceiling
all_gather_perf,2,16,2097152,32768,float,none,73.98,28.35,26.58,0,62.89,33.35,31.26,0,Direct,SIMPLE,16,RING,LL,16,1,Direct,A_flag_ceiling
all_gather_perf,2,16,4194304,65536,float,none,91.69,45.74,42.88,0,96.31,43.55,40.83,0,Direct,SIMPLE,16,RING,LL,16,1,Direct,A_flag_ceiling
all_gather_perf,2,16,8388608,131072,float,none,252.86,33.17,31.1,0,250.36,33.51,31.41,0,RING,LL,16,RING,LL,16,0,RING,A_flag_ceiling
all_gather_perf,2,16,16777216,262144,float,none,486.8,34.46,32.31,0,482.01,34.81,32.63,0,RING,LL,16,RING,LL,16,0,RING,A_flag_ceiling
all_gather_perf,2,16,33554432,524288,float,none,947.67,35.41,33.19,0,945.56,35.49,33.27,0,RING,LL,16,RING,LL,16,0,RING,A_flag_ceiling
all_gather_perf,2,16,67108864,1048576,float,none,1880.24,35.69,33.46,0,1863.3,36.02,33.77,0,RING,LL,16,RING,LL,16,0,RING,A_flag_ceiling
all_gather_perf,2,16,134217728,2097152,float,none,3700.37,36.27,34.0,0,3698.43,36.29,34.02,0,RING,LL,16,RING,LL,16,0,RING,A_flag_ceiling
all_gather_perf,2,16,268435456,4194304,float,none,7394.59,36.3,34.03,0,7402.05,36.27,34.0,0,RING,LL,16,RING,LL,16,0,RING,A_flag_ceiling
all_gather_perf,2,16,536870912,8388608,float,none,14783.0,36.32,34.05,0,14781.0,36.32,34.05,0,RING,LL,16,RING,LL,16,0,RING,A_flag_ceiling
all_gather_perf,2,16,4096,64,float,none,36.0,0.11,0.11,0,34.51,0.12,0.11,0,Direct,SIMPLE,16,RING,LL128,16,1,Direct,A_flag_ceiling
all_gather_perf,2,16,8192,128,float,none,34.95,0.23,0.22,0,34.43,0.24,0.22,0,Direct,SIMPLE,16,RING,LL128,16,1,Direct,A_flag_ceiling
all_gather_perf,2,16,16384,256,float,none,37.37,0.44,0.41,0,34.88,0.47,0.44,0,Direct,SIMPLE,16,RING,LL128,16,1,Direct,A_flag_ceiling
all_gather_perf,2,16,32768,512,float,none,35.19,0.93,0.87,0,34.58,0.95,0.89,0,Direct,SIMPLE,16,RING,LL128,16,1,Direct,A_flag_ceiling
all_gather_perf,2,16,65536,1024,float,none,35.2,1.86,1.75,0,35.19,1.86,1.75,0,Direct,SIMPLE,16,RING,LL128,16,1,Direct,A_flag_ceiling
all_gather_perf,2,16,131072,2048,float,none,37.84,3.46,3.25,0,38.47,3.41,3.19,0,Direct,SIMPLE,16,RING,LL128,16,1,Direct,A_flag_ceiling
all_gather_perf,2,16,262144,4096,float,none,36.38,7.21,6.76,0,36.28,7.23,6.77,0,Direct,SIMPLE,16,RING,LL128,16,1,Direct,A_flag_ceiling
all_gather_perf,2,16,524288,8192,float,none,41.42,12.66,11.87,0,41.04,12.78,11.98,0,Direct,SIMPLE,16,RING,LL128,16,1,Direct,A_flag_ceiling
all_gather_perf,2,16,1048576,16384,float,none,53.65,19.54,18.32,0,51.51,20.36,19.09,0,Direct,SIMPLE,16,RING,LL128,16,1,Direct,A_flag_ceiling
all_gather_perf,2,16,2097152,32768,float,none,61.47,34.12,31.98,0,62.31,33.66,31.56,0,Direct,SIMPLE,16,RING,LL128,16,1,Direct,A_flag_ceiling
all_gather_perf,2,16,4194304,65536,float,none,91.2,45.99,43.11,0,109.41,38.33,35.94,0,Direct,SIMPLE,16,RING,LL128,16,1,Direct,A_flag_ceiling
all_gather_perf,2,16,8388608,131072,float,none,88.86,94.4,88.5,0,88.5,94.79,88.87,0,RING,LL128,16,RING,LL128,16,0,RING,A_flag_ceiling
all_gather_perf,2,16,16777216,262144,float,none,129.96,129.1,121.03,0,128.37,130.69,122.53,0,RING,LL128,16,RING,LL128,16,0,RING,A_flag_ceiling
all_gather_perf,2,16,33554432,524288,float,none,244.3,137.35,128.77,0,241.25,139.08,130.39,0,RING,LL128,16,RING,LL128,16,0,RING,A_flag_ceiling
all_gather_perf,2,16,67108864,1048576,float,none,445.52,150.63,141.22,0,440.83,152.23,142.72,0,RING,LL128,16,RING,LL128,16,0,RING,A_flag_ceiling
all_gather_perf,2,16,134217728,2097152,float,none,871.04,154.09,144.46,0,860.11,156.05,146.29,0,RING,LL128,16,RING,LL128,16,0,RING,A_flag_ceiling
all_gather_perf,2,16,268435456,4194304,float,none,1707.92,157.17,147.35,0,1691.6,158.69,148.77,0,RING,LL128,16,RING,LL128,16,0,RING,A_flag_ceiling
all_gather_perf,2,16,536870912,8388608,float,none,3392.75,158.24,148.35,0,3350.6,160.23,150.22,0,RING,LL128,16,RING,LL128,16,0,RING,A_flag_ceiling
all_gather_perf,2,16,4096,64,float,none,36.46,0.11,0.11,0,37.47,0.11,0.1,0,Direct,SIMPLE,32,RING,SIMPLE,24,1,Direct,A_flag_ceiling
all_gather_perf,2,16,8192,128,float,none,35.36,0.23,0.22,0,34.67,0.24,0.22,0,Direct,SIMPLE,32,RING,SIMPLE,24,1,Direct,A_flag_ceiling
all_gather_perf,2,16,16384,256,float,none,36.99,0.44,0.42,0,36.77,0.45,0.42,0,Direct,SIMPLE,32,RING,SIMPLE,24,1,Direct,A_flag_ceiling
all_gather_perf,2,16,32768,512,float,none,35.06,0.93,0.88,0,35.32,0.93,0.87,0,Direct,SIMPLE,32,RING,SIMPLE,24,1,Direct,A_flag_ceiling
all_gather_perf,2,16,65536,1024,float,none,35.72,1.83,1.72,0,35.73,1.83,1.72,0,Direct,SIMPLE,32,RING,SIMPLE,24,1,Direct,A_flag_ceiling
all_gather_perf,2,16,131072,2048,float,none,42.27,3.1,2.91,0,42.02,3.12,2.92,0,Direct,SIMPLE,32,RING,SIMPLE,24,1,Direct,A_flag_ceiling
all_gather_perf,2,16,262144,4096,float,none,36.59,7.16,6.72,0,36.78,7.13,6.68,0,Direct,SIMPLE,32,RING,SIMPLE,24,1,Direct,A_flag_ceiling
all_gather_perf,2,16,524288,8192,float,none,41.23,12.72,11.92,0,41.57,12.61,11.82,0,Direct,SIMPLE,32,RING,SIMPLE,24,1,Direct,A_flag_ceiling
all_gather_perf,2,16,1048576,16384,float,none,52.21,20.08,18.83,0,51.84,20.23,18.96,0,Direct,SIMPLE,32,RING,SIMPLE,24,1,Direct,A_flag_ceiling
all_gather_perf,2,16,2097152,32768,float,none,62.91,33.34,31.25,0,62.65,33.47,31.38,0,Direct,SIMPLE,32,RING,SIMPLE,24,1,Direct,A_flag_ceiling
all_gather_perf,2,16,4194304,65536,float,none,91.58,45.8,42.94,0,91.93,45.62,42.77,0,Direct,SIMPLE,32,RING,SIMPLE,24,1,Direct,A_flag_ceiling
all_gather_perf,2,16,8388608,131072,float,none,214.63,39.08,36.64,0,211.34,39.69,37.21,0,RING,SIMPLE,24,RING,SIMPLE,24,0,RING,A_flag_ceiling
all_gather_perf,2,16,16777216,262144,float,none,217.46,77.15,72.33,0,214.95,78.05,73.17,0,RING,SIMPLE,24,RING,SIMPLE,24,0,RING,A_flag_ceiling
all_gather_perf,2,16,33554432,524288,float,none,236.87,141.66,132.8,0,235.49,142.49,133.58,0,RING,SIMPLE,24,RING,SIMPLE,24,0,RING,A_flag_ceiling
all_gather_perf,2,16,67108864,1048576,float,none,311.96,215.12,201.67,0,311.93,215.14,201.7,0,RING,SIMPLE,24,RING,SIMPLE,24,0,RING,A_flag_ceiling
all_gather_perf,2,16,134217728,2097152,float,none,481.23,278.91,261.48,0,478.84,280.3,262.78,0,RING,SIMPLE,24,RING,SIMPLE,24,0,RING,A_flag_ceiling
all_gather_perf,2,16,268435456,4194304,float,none,847.96,316.57,296.78,0,840.31,319.45,299.48,0,RING,SIMPLE,24,RING,SIMPLE,24,0,RING,A_flag_ceiling
all_gather_perf,2,16,536870912,8388608,float,none,1539.11,348.82,327.02,0,1524.22,352.23,330.21,0,RING,SIMPLE,24,RING,SIMPLE,24,0,RING,A_flag_ceiling
all_gather_perf,2,16,4096,64,float,none,38.47,0.11,0.1,0,35.83,0.11,0.11,0,Direct,SIMPLE,32,RING,LL,24,1,Direct,A_flag_ceiling
all_gather_perf,2,16,8192,128,float,none,38.61,0.21,0.2,0,34.5,0.24,0.22,0,Direct,SIMPLE,32,RING,LL,24,1,Direct,A_flag_ceiling
all_gather_perf,2,16,16384,256,float,none,37.61,0.44,0.41,0,34.9,0.47,0.44,0,Direct,SIMPLE,32,RING,LL,24,1,Direct,A_flag_ceiling
all_gather_perf,2,16,32768,512,float,none,34.9,0.94,0.88,0,34.51,0.95,0.89,0,Direct,SIMPLE,32,RING,LL,24,1,Direct,A_flag_ceiling
all_gather_perf,2,16,65536,1024,float,none,35.2,1.86,1.75,0,35.88,1.83,1.71,0,Direct,SIMPLE,32,RING,LL,24,1,Direct,A_flag_ceiling
all_gather_perf,2,16,131072,2048,float,none,37.22,3.52,3.3,0,36.66,3.58,3.35,0,Direct,SIMPLE,32,RING,LL,24,1,Direct,A_flag_ceiling
all_gather_perf,2,16,262144,4096,float,none,37.55,6.98,6.55,0,37.36,7.02,6.58,0,Direct,SIMPLE,32,RING,LL,24,1,Direct,A_flag_ceiling
all_gather_perf,2,16,524288,8192,float,none,41.47,12.64,11.85,0,40.85,12.84,12.03,0,Direct,SIMPLE,32,RING,LL,24,1,Direct,A_flag_ceiling
all_gather_perf,2,16,1048576,16384,float,none,53.11,19.74,18.51,0,51.7,20.28,19.01,0,Direct,SIMPLE,32,RING,LL,24,1,Direct,A_flag_ceiling
all_gather_perf,2,16,2097152,32768,float,none,62.16,33.74,31.63,0,76.51,27.41,25.7,0,Direct,SIMPLE,32,RING,LL,24,1,Direct,A_flag_ceiling
all_gather_perf,2,16,4194304,65536,float,none,91.83,45.68,42.82,0,91.85,45.67,42.81,0,Direct,SIMPLE,32,RING,LL,24,1,Direct,A_flag_ceiling
all_gather_perf,2,16,8388608,131072,float,none,278.61,30.11,28.23,0,276.92,30.29,28.4,0,RING,LL,24,RING,LL,24,0,RING,A_flag_ceiling
all_gather_perf,2,16,16777216,262144,float,none,478.71,35.05,32.86,0,469.78,35.71,33.48,0,RING,LL,24,RING,LL,24,0,RING,A_flag_ceiling
all_gather_perf,2,16,33554432,524288,float,none,906.93,37.0,34.69,0,906.35,37.02,34.71,0,RING,LL,24,RING,LL,24,0,RING,A_flag_ceiling
all_gather_perf,2,16,67108864,1048576,float,none,1733.2,38.72,36.3,0,1722.92,38.95,36.52,0,RING,LL,24,RING,LL,24,0,RING,A_flag_ceiling
all_gather_perf,2,16,134217728,2097152,float,none,3416.2,39.29,36.83,0,3416.31,39.29,36.83,0,RING,LL,24,RING,LL,24,0,RING,A_flag_ceiling
all_gather_perf,2,16,268435456,4194304,float,none,6771.5,39.64,37.16,0,6735.34,39.85,37.36,0,RING,LL,24,RING,LL,24,0,RING,A_flag_ceiling
all_gather_perf,2,16,536870912,8388608,float,none,13522.3,39.7,37.22,0,13474.4,39.84,37.35,0,RING,LL,24,RING,LL,24,0,RING,A_flag_ceiling
all_gather_perf,2,16,4096,64,float,none,35.77,0.11,0.11,0,35.61,0.12,0.11,0,Direct,SIMPLE,32,RING,LL128,24,1,Direct,A_flag_ceiling
all_gather_perf,2,16,8192,128,float,none,35.13,0.23,0.22,0,34.95,0.23,0.22,0,Direct,SIMPLE,32,RING,LL128,24,1,Direct,A_flag_ceiling
all_gather_perf,2,16,16384,256,float,none,36.9,0.44,0.42,0,35.11,0.47,0.44,0,Direct,SIMPLE,32,RING,LL128,24,1,Direct,A_flag_ceiling
all_gather_perf,2,16,32768,512,float,none,34.97,0.94,0.88,0,34.75,0.94,0.88,0,Direct,SIMPLE,32,RING,LL128,24,1,Direct,A_flag_ceiling
all_gather_perf,2,16,65536,1024,float,none,36.41,1.8,1.69,0,35.01,1.87,1.75,0,Direct,SIMPLE,32,RING,LL128,24,1,Direct,A_flag_ceiling
all_gather_perf,2,16,131072,2048,float,none,38.79,3.38,3.17,0,37.2,3.52,3.3,0,Direct,SIMPLE,32,RING,LL128,24,1,Direct,A_flag_ceiling
all_gather_perf,2,16,262144,4096,float,none,36.56,7.17,6.72,0,37.89,6.92,6.49,0,Direct,SIMPLE,32,RING,LL128,24,1,Direct,A_flag_ceiling
all_gather_perf,2,16,524288,8192,float,none,41.2,12.73,11.93,0,40.98,12.79,11.99,0,Direct,SIMPLE,32,RING,LL128,24,1,Direct,A_flag_ceiling
all_gather_perf,2,16,1048576,16384,float,none,52.55,19.95,18.71,0,51.68,20.29,19.02,0,Direct,SIMPLE,32,RING,LL128,24,1,Direct,A_flag_ceiling
all_gather_perf,2,16,2097152,32768,float,none,74.26,28.24,26.48,0,62.24,33.7,31.59,0,Direct,SIMPLE,32,RING,LL128,24,1,Direct,A_flag_ceiling
all_gather_perf,2,16,4194304,65536,float,none,95.11,44.1,41.34,0,91.62,45.78,42.92,0,Direct,SIMPLE,32,RING,LL128,24,1,Direct,A_flag_ceiling
all_gather_perf,2,16,8388608,131072,float,none,85.21,98.44,92.29,0,85.14,98.53,92.37,0,RING,LL128,24,RING,LL128,24,0,RING,A_flag_ceiling
all_gather_perf,2,16,16777216,262144,float,none,108.12,155.18,145.48,0,107.28,156.39,146.62,0,RING,LL128,24,RING,LL128,24,0,RING,A_flag_ceiling
all_gather_perf,2,16,33554432,524288,float,none,173.02,193.94,181.81,0,171.6,195.54,183.32,0,RING,LL128,24,RING,LL128,24,0,RING,A_flag_ceiling
all_gather_perf,2,16,67108864,1048576,float,none,315.75,212.54,199.25,0,313.21,214.26,200.87,0,RING,LL128,24,RING,LL128,24,0,RING,A_flag_ceiling
all_gather_perf,2,16,134217728,2097152,float,none,613.24,218.87,205.19,0,607.33,221.0,207.18,0,RING,LL128,24,RING,LL128,24,0,RING,A_flag_ceiling
all_gather_perf,2,16,268435456,4194304,float,none,1197.66,224.13,210.13,0,1181.21,227.26,213.05,0,RING,LL128,24,RING,LL128,24,0,RING,A_flag_ceiling
all_gather_perf,2,16,536870912,8388608,float,none,2379.93,225.58,211.48,0,2345.98,228.85,214.54,0,RING,LL128,24,RING,LL128,24,0,RING,A_flag_ceiling
all_gather_perf,2,16,4096,64,float,none,35.71,0.11,0.11,0,35.29,0.12,0.11,0,Direct,SIMPLE,32,RING,SIMPLE,32,1,Direct,A_flag_ceiling
all_gather_perf,2,16,8192,128,float,none,38.49,0.21,0.2,0,35.78,0.23,0.21,0,Direct,SIMPLE,32,RING,SIMPLE,32,1,Direct,A_flag_ceiling
all_gather_perf,2,16,16384,256,float,none,37.93,0.43,0.4,0,37.84,0.43,0.41,0,Direct,SIMPLE,32,RING,SIMPLE,32,1,Direct,A_flag_ceiling
all_gather_perf,2,16,32768,512,float,none,34.98,0.94,0.88,0,35.22,0.93,0.87,0,Direct,SIMPLE,32,RING,SIMPLE,32,1,Direct,A_flag_ceiling
all_gather_perf,2,16,65536,1024,float,none,35.84,1.83,1.71,0,35.97,1.82,1.71,0,Direct,SIMPLE,32,RING,SIMPLE,32,1,Direct,A_flag_ceiling
all_gather_perf,2,16,131072,2048,float,none,36.98,3.54,3.32,0,36.02,3.64,3.41,0,Direct,SIMPLE,32,RING,SIMPLE,32,1,Direct,A_flag_ceiling
all_gather_perf,2,16,262144,4096,float,none,38.28,6.85,6.42,0,37.12,7.06,6.62,0,Direct,SIMPLE,32,RING,SIMPLE,32,1,Direct,A_flag_ceiling
all_gather_perf,2,16,524288,8192,float,none,41.26,12.71,11.91,0,41.43,12.65,11.86,0,Direct,SIMPLE,32,RING,SIMPLE,32,1,Direct,A_flag_ceiling
all_gather_perf,2,16,1048576,16384,float,none,53.53,19.59,18.36,0,57.9,18.11,16.98,0,Direct,SIMPLE,32,RING,SIMPLE,32,1,Direct,A_flag_ceiling
all_gather_perf,2,16,2097152,32768,float,none,62.72,33.44,31.35,0,76.52,27.41,25.69,0,Direct,SIMPLE,32,RING,SIMPLE,32,1,Direct,A_flag_ceiling
all_gather_perf,2,16,4194304,65536,float,none,86.52,48.48,45.45,0,86.37,48.56,45.53,0,Direct,SIMPLE,32,RING,SIMPLE,32,1,Direct,A_flag_ceiling
all_gather_perf,2,16,8388608,131072,float,none,249.69,33.6,31.5,0,238.0,35.25,33.04,0,RING,SIMPLE,32,RING,SIMPLE,32,0,RING,A_flag_ceiling
all_gather_perf,2,16,16777216,262144,float,none,247.2,67.87,63.63,0,242.61,69.15,64.83,0,RING,SIMPLE,32,RING,SIMPLE,32,0,RING,A_flag_ceiling
all_gather_perf,2,16,33554432,524288,float,none,249.71,134.37,125.97,0,247.06,135.81,127.33,0,RING,SIMPLE,32,RING,SIMPLE,32,0,RING,A_flag_ceiling
all_gather_perf,2,16,67108864,1048576,float,none,288.41,232.69,218.14,0,287.73,233.24,218.66,0,RING,SIMPLE,32,RING,SIMPLE,32,0,RING,A_flag_ceiling
all_gather_perf,2,16,134217728,2097152,float,none,421.88,318.15,298.26,0,420.37,319.29,299.33,0,RING,SIMPLE,32,RING,SIMPLE,32,0,RING,A_flag_ceiling
all_gather_perf,2,16,268435456,4194304,float,none,724.32,370.6,347.44,0,722.68,371.45,348.23,0,RING,SIMPLE,32,RING,SIMPLE,32,0,RING,A_flag_ceiling
all_gather_perf,2,16,536870912,8388608,float,none,1403.26,382.59,358.68,0,1391.17,385.91,361.79,0,RING,SIMPLE,32,RING,SIMPLE,32,0,RING,A_flag_ceiling
all_gather_perf,2,16,4096,64,float,none,36.62,0.11,0.1,0,35.73,0.11,0.11,0,Direct,SIMPLE,32,RING,LL,32,1,Direct,A_flag_ceiling
all_gather_perf,2,16,8192,128,float,none,34.8,0.24,0.22,0,34.32,0.24,0.22,0,Direct,SIMPLE,32,RING,LL,32,1,Direct,A_flag_ceiling
all_gather_perf,2,16,16384,256,float,none,36.4,0.45,0.42,0,37.38,0.44,0.41,0,Direct,SIMPLE,32,RING,LL,32,1,Direct,A_flag_ceiling
all_gather_perf,2,16,32768,512,float,none,35.75,0.92,0.86,0,34.97,0.94,0.88,0,Direct,SIMPLE,32,RING,LL,32,1,Direct,A_flag_ceiling
all_gather_perf,2,16,65536,1024,float,none,34.81,1.88,1.76,0,35.71,1.84,1.72,0,Direct,SIMPLE,32,RING,LL,32,1,Direct,A_flag_ceiling
all_gather_perf,2,16,131072,2048,float,none,37.31,3.51,3.29,0,35.96,3.64,3.42,0,Direct,SIMPLE,32,RING,LL,32,1,Direct,A_flag_ceiling
all_gather_perf,2,16,262144,4096,float,none,36.92,7.1,6.66,0,36.64,7.15,6.71,0,Direct,SIMPLE,32,RING,LL,32,1,Direct,A_flag_ceiling
all_gather_perf,2,16,524288,8192,float,none,40.9,12.82,12.02,0,41.36,12.68,11.88,0,Direct,SIMPLE,32,RING,LL,32,1,Direct,A_flag_ceiling
all_gather_perf,2,16,1048576,16384,float,none,53.15,19.73,18.49,0,51.84,20.23,18.96,0,Direct,SIMPLE,32,RING,LL,32,1,Direct,A_flag_ceiling
all_gather_perf,2,16,2097152,32768,float,none,61.85,33.91,31.79,0,62.17,33.73,31.63,0,Direct,SIMPLE,32,RING,LL,32,1,Direct,A_flag_ceiling
all_gather_perf,2,16,4194304,65536,float,none,86.06,48.74,45.69,0,86.2,48.66,45.62,0,Direct,SIMPLE,32,RING,LL,32,1,Direct,A_flag_ceiling
all_gather_perf,2,16,8388608,131072,float,none,205.17,40.89,38.33,0,195.79,42.84,40.17,0,RING,LL,32,RING,LL,32,0,RING,A_flag_ceiling
all_gather_perf,2,16,16777216,262144,float,none,399.5,42.0,39.37,0,391.87,42.81,40.14,0,RING,LL,32,RING,LL,32,0,RING,A_flag_ceiling
all_gather_perf,2,16,33554432,524288,float,none,781.55,42.93,40.25,0,777.09,43.18,40.48,0,RING,LL,32,RING,LL,32,0,RING,A_flag_ceiling
all_gather_perf,2,16,67108864,1048576,float,none,1531.93,43.81,41.07,0,1518.64,44.19,41.43,0,RING,LL,32,RING,LL,32,0,RING,A_flag_ceiling
all_gather_perf,2,16,134217728,2097152,float,none,3047.88,44.04,41.28,0,3056.54,43.91,41.17,0,RING,LL,32,RING,LL,32,0,RING,A_flag_ceiling
all_gather_perf,2,16,268435456,4194304,float,none,6109.33,43.94,41.19,0,6108.04,43.95,41.2,0,RING,LL,32,RING,LL,32,0,RING,A_flag_ceiling
all_gather_perf,2,16,536870912,8388608,float,none,12210.9,43.97,41.22,0,12219.1,43.94,41.19,0,RING,LL,32,RING,LL,32,0,RING,A_flag_ceiling
all_gather_perf,2,16,4096,64,float,none,36.65,0.11,0.1,0,35.37,0.12,0.11,0,Direct,SIMPLE,32,RING,LL128,32,1,Direct,A_flag_ceiling
all_gather_perf,2,16,8192,128,float,none,35.13,0.23,0.22,0,34.76,0.24,0.22,0,Direct,SIMPLE,32,RING,LL128,32,1,Direct,A_flag_ceiling
all_gather_perf,2,16,16384,256,float,none,37.66,0.44,0.41,0,35.99,0.46,0.43,0,Direct,SIMPLE,32,RING,LL128,32,1,Direct,A_flag_ceiling
all_gather_perf,2,16,32768,512,float,none,36.62,0.89,0.84,0,35.38,0.93,0.87,0,Direct,SIMPLE,32,RING,LL128,32,1,Direct,A_flag_ceiling
all_gather_perf,2,16,65536,1024,float,none,35.38,1.85,1.74,0,34.81,1.88,1.77,0,Direct,SIMPLE,32,RING,LL128,32,1,Direct,A_flag_ceiling
all_gather_perf,2,16,131072,2048,float,none,37.5,3.5,3.28,0,37.37,3.51,3.29,0,Direct,SIMPLE,32,RING,LL128,32,1,Direct,A_flag_ceiling
all_gather_perf,2,16,262144,4096,float,none,36.74,7.13,6.69,0,36.99,7.09,6.64,0,Direct,SIMPLE,32,RING,LL128,32,1,Direct,A_flag_ceiling
all_gather_perf,2,16,524288,8192,float,none,40.95,12.8,12.0,0,41.94,12.5,11.72,0,Direct,SIMPLE,32,RING,LL128,32,1,Direct,A_flag_ceiling
all_gather_perf,2,16,1048576,16384,float,none,52.08,20.13,18.87,0,51.71,20.28,19.01,0,Direct,SIMPLE,32,RING,LL128,32,1,Direct,A_flag_ceiling
all_gather_perf,2,16,2097152,32768,float,none,62.36,33.63,31.53,0,62.53,33.54,31.44,0,Direct,SIMPLE,32,RING,LL128,32,1,Direct,A_flag_ceiling
all_gather_perf,2,16,4194304,65536,float,none,86.17,48.68,45.63,0,86.08,48.72,45.68,0,Direct,SIMPLE,32,RING,LL128,32,1,Direct,A_flag_ceiling
all_gather_perf,2,16,8388608,131072,float,none,101.18,82.91,77.73,0,98.18,85.44,80.1,0,RING,LL128,32,RING,LL128,32,0,RING,A_flag_ceiling
all_gather_perf,2,16,16777216,262144,float,none,110.18,152.27,142.76,0,108.63,154.45,144.79,0,RING,LL128,32,RING,LL128,32,0,RING,A_flag_ceiling
all_gather_perf,2,16,33554432,524288,float,none,151.06,222.12,208.24,0,149.4,224.6,210.56,0,RING,LL128,32,RING,LL128,32,0,RING,A_flag_ceiling
all_gather_perf,2,16,67108864,1048576,float,none,279.88,239.78,224.79,0,278.32,241.12,226.05,0,RING,LL128,32,RING,LL128,32,0,RING,A_flag_ceiling
all_gather_perf,2,16,134217728,2097152,float,none,505.0,265.78,249.17,0,502.44,267.13,250.44,0,RING,LL128,32,RING,LL128,32,0,RING,A_flag_ceiling
all_gather_perf,2,16,268435456,4194304,float,none,985.47,272.39,255.37,0,980.18,273.86,256.75,0,RING,LL128,32,RING,LL128,32,0,RING,A_flag_ceiling
all_gather_perf,2,16,536870912,8388608,float,none,1919.06,279.76,262.27,0,1906.3,281.63,264.03,0,RING,LL128,32,RING,LL128,32,0,RING,A_flag_ceiling
all_gather_perf,2,16,4096,64,float,none,36.08,0.11,0.11,0,35.45,0.12,0.11,0,Direct,SIMPLE,32,RING,SIMPLE,40,1,Direct,A_flag_ceiling
all_gather_perf,2,16,8192,128,float,none,35.23,0.23,0.22,0,35.39,0.23,0.22,0,Direct,SIMPLE,32,RING,SIMPLE,40,1,Direct,A_flag_ceiling
all_gather_perf,2,16,16384,256,float,none,38.23,0.43,0.4,0,36.09,0.45,0.43,0,Direct,SIMPLE,32,RING,SIMPLE,40,1,Direct,A_flag_ceiling
all_gather_perf,2,16,32768,512,float,none,35.31,0.93,0.87,0,34.5,0.95,0.89,0,Direct,SIMPLE,32,RING,SIMPLE,40,1,Direct,A_flag_ceiling
all_gather_perf,2,16,65536,1024,float,none,35.51,1.85,1.73,0,35.35,1.85,1.74,0,Direct,SIMPLE,32,RING,SIMPLE,40,1,Direct,A_flag_ceiling
all_gather_perf,2,16,131072,2048,float,none,37.37,3.51,3.29,0,36.11,3.63,3.4,0,Direct,SIMPLE,32,RING,SIMPLE,40,1,Direct,A_flag_ceiling
all_gather_perf,2,16,262144,4096,float,none,37.01,7.08,6.64,0,36.04,7.27,6.82,0,Direct,SIMPLE,32,RING,SIMPLE,40,1,Direct,A_flag_ceiling
all_gather_perf,2,16,524288,8192,float,none,41.07,12.76,11.97,0,40.97,12.8,12.0,0,Direct,SIMPLE,32,RING,SIMPLE,40,1,Direct,A_flag_ceiling
all_gather_perf,2,16,1048576,16384,float,none,52.95,19.8,18.57,0,56.02,18.72,17.55,0,Direct,SIMPLE,32,RING,SIMPLE,40,1,Direct,A_flag_ceiling
all_gather_perf,2,16,2097152,32768,float,none,61.69,34.0,31.87,0,62.49,33.56,31.46,0,Direct,SIMPLE,32,RING,SIMPLE,40,1,Direct,A_flag_ceiling
all_gather_perf,2,16,4194304,65536,float,none,86.15,48.68,45.64,0,85.74,48.92,45.86,0,Direct,SIMPLE,32,RING,SIMPLE,40,1,Direct,A_flag_ceiling
all_gather_perf,2,16,8388608,131072,float,none,279.11,30.06,28.18,0,270.14,31.05,29.11,0,RING,SIMPLE,40,RING,SIMPLE,40,0,RING,A_flag_ceiling
all_gather_perf,2,16,16777216,262144,float,none,278.54,60.23,56.47,0,268.38,62.51,58.61,0,RING,SIMPLE,40,RING,SIMPLE,40,0,RING,A_flag_ceiling
all_gather_perf,2,16,33554432,524288,float,none,277.47,120.93,113.37,0,276.25,121.46,113.87,0,RING,SIMPLE,40,RING,SIMPLE,40,0,RING,A_flag_ceiling
all_gather_perf,2,16,67108864,1048576,float,none,305.25,219.85,206.11,0,305.23,219.86,206.12,0,RING,SIMPLE,40,RING,SIMPLE,40,0,RING,A_flag_ceiling
all_gather_perf,2,16,134217728,2097152,float,none,410.82,326.71,306.29,0,411.57,326.11,305.73,0,RING,SIMPLE,40,RING,SIMPLE,40,0,RING,A_flag_ceiling
all_gather_perf,2,16,268435456,4194304,float,none,718.67,373.52,350.17,0,722.6,371.49,348.27,0,RING,SIMPLE,40,RING,SIMPLE,40,0,RING,A_flag_ceiling
all_gather_perf,2,16,536870912,8388608,float,none,1392.76,385.47,361.38,0,1382.57,388.31,364.05,0,RING,SIMPLE,40,RING,SIMPLE,40,0,RING,A_flag_ceiling
all_gather_perf,2,16,4096,64,float,none,37.12,0.11,0.1,0,35.93,0.11,0.11,0,Direct,SIMPLE,32,RING,LL,40,1,Direct,A_flag_ceiling
all_gather_perf,2,16,8192,128,float,none,34.55,0.24,0.22,0,34.79,0.24,0.22,0,Direct,SIMPLE,32,RING,LL,40,1,Direct,A_flag_ceiling
all_gather_perf,2,16,16384,256,float,none,38.55,0.43,0.4,0,34.77,0.47,0.44,0,Direct,SIMPLE,32,RING,LL,40,1,Direct,A_flag_ceiling
all_gather_perf,2,16,32768,512,float,none,34.59,0.95,0.89,0,34.6,0.95,0.89,0,Direct,SIMPLE,32,RING,LL,40,1,Direct,A_flag_ceiling
all_gather_perf,2,16,65536,1024,float,none,35.1,1.87,1.75,0,35.3,1.86,1.74,0,Direct,SIMPLE,32,RING,LL,40,1,Direct,A_flag_ceiling
all_gather_perf,2,16,131072,2048,float,none,35.2,3.72,3.49,0,36.24,3.62,3.39,0,Direct,SIMPLE,32,RING,LL,40,1,Direct,A_flag_ceiling
all_gather_perf,2,16,262144,4096,float,none,36.1,7.26,6.81,0,36.76,7.13,6.69,0,Direct,SIMPLE,32,RING,LL,40,1,Direct,A_flag_ceiling
all_gather_perf,2,16,524288,8192,float,none,41.07,12.76,11.97,0,40.66,12.89,12.09,0,Direct,SIMPLE,32,RING,LL,40,1,Direct,A_flag_ceiling
all_gather_perf,2,16,1048576,16384,float,none,52.45,19.99,18.74,0,51.33,20.43,19.15,0,Direct,SIMPLE,32,RING,LL,40,1,Direct,A_flag_ceiling
all_gather_perf,2,16,2097152,32768,float,none,61.87,33.9,31.78,0,62.14,33.75,31.64,0,Direct,SIMPLE,32,RING,LL,40,1,Direct,A_flag_ceiling
all_gather_perf,2,16,4194304,65536,float,none,86.42,48.54,45.5,0,86.21,48.65,45.61,0,Direct,SIMPLE,32,RING,LL,40,1,Direct,A_flag_ceiling
all_gather_perf,2,16,8388608,131072,float,none,250.88,33.44,31.35,0,248.43,33.77,31.66,0,RING,LL,40,RING,LL,40,0,RING,A_flag_ceiling
all_gather_perf,2,16,16777216,262144,float,none,488.93,34.31,32.17,0,486.44,34.49,32.33,0,RING,LL,40,RING,LL,40,0,RING,A_flag_ceiling
all_gather_perf,2,16,33554432,524288,float,none,937.83,35.78,33.54,0,932.8,35.97,33.72,0,RING,LL,40,RING,LL,40,0,RING,A_flag_ceiling
all_gather_perf,2,16,67108864,1048576,float,none,1742.52,38.51,36.11,0,1742.96,38.5,36.1,0,RING,LL,40,RING,LL,40,0,RING,A_flag_ceiling
all_gather_perf,2,16,134217728,2097152,float,none,3379.59,39.71,37.23,0,3368.03,39.85,37.36,0,RING,LL,40,RING,LL,40,0,RING,A_flag_ceiling
all_gather_perf,2,16,268435456,4194304,float,none,6709.68,40.01,37.51,0,6744.28,39.8,37.31,0,RING,LL,40,RING,LL,40,0,RING,A_flag_ceiling
all_gather_perf,2,16,536870912,8388608,float,none,13445.1,39.93,37.44,0,13121.0,40.92,38.36,0,RING,LL,40,RING,LL,40,0,RING,A_flag_ceiling
all_gather_perf,2,16,4096,64,float,none,38.0,0.11,0.1,0,34.8,0.12,0.11,0,Direct,SIMPLE,32,RING,LL128,40,1,Direct,A_flag_ceiling
all_gather_perf,2,16,8192,128,float,none,37.61,0.22,0.2,0,34.9,0.23,0.22,0,Direct,SIMPLE,32,RING,LL128,40,1,Direct,A_flag_ceiling
all_gather_perf,2,16,16384,256,float,none,37.15,0.44,0.41,0,35.43,0.46,0.43,0,Direct,SIMPLE,32,RING,LL128,40,1,Direct,A_flag_ceiling
all_gather_perf,2,16,32768,512,float,none,36.64,0.89,0.84,0,34.31,0.96,0.9,0,Direct,SIMPLE,32,RING,LL128,40,1,Direct,A_flag_ceiling
all_gather_perf,2,16,65536,1024,float,none,126.32,0.52,0.49,0,96.48,0.68,0.64,0,Direct,SIMPLE,32,RING,LL128,40,1,Direct,A_flag_ceiling
all_gather_perf,2,16,131072,2048,float,none,37.47,3.5,3.28,0,36.5,3.59,3.37,0,Direct,SIMPLE,32,RING,LL128,40,1,Direct,A_flag_ceiling
all_gather_perf,2,16,262144,4096,float,none,36.81,7.12,6.68,0,36.75,7.13,6.69,0,Direct,SIMPLE,32,RING,LL128,40,1,Direct,A_flag_ceiling
all_gather_perf,2,16,524288,8192,float,none,97.22,5.39,5.06,0,41.53,12.62,11.83,0,Direct,SIMPLE,32,RING,LL128,40,1,Direct,A_flag_ceiling
all_gather_perf,2,16,1048576,16384,float,none,52.98,19.79,18.55,0,51.51,20.36,19.08,0,Direct,SIMPLE,32,RING,LL128,40,1,Direct,A_flag_ceiling
all_gather_perf,2,16,2097152,32768,float,none,121.88,17.21,16.13,0,76.44,27.43,25.72,0,Direct,SIMPLE,32,RING,LL128,40,1,Direct,A_flag_ceiling
all_gather_perf,2,16,4194304,65536,float,none,86.21,48.65,45.61,0,86.2,48.66,45.62,0,Direct,SIMPLE,32,RING,LL128,40,1,Direct,A_flag_ceiling
all_gather_perf,2,16,8388608,131072,float,none,116.5,72.01,67.51,0,113.93,73.63,69.03,0,RING,LL128,40,RING,LL128,40,0,RING,A_flag_ceiling
all_gather_perf,2,16,16777216,262144,float,none,120.01,139.8,131.06,0,118.66,141.39,132.56,0,RING,LL128,40,RING,LL128,40,0,RING,A_flag_ceiling
all_gather_perf,2,16,33554432,524288,float,none,139.54,240.46,225.43,0,138.22,242.76,227.59,0,RING,LL128,40,RING,LL128,40,0,RING,A_flag_ceiling
all_gather_perf,2,16,67108864,1048576,float,none,302.92,221.54,207.69,0,301.75,222.4,208.5,0,RING,LL128,40,RING,LL128,40,0,RING,A_flag_ceiling
all_gather_perf,2,16,134217728,2097152,float,none,558.5,240.32,225.3,0,494.75,271.28,254.33,0,RING,LL128,40,RING,LL128,40,0,RING,A_flag_ceiling
all_gather_perf,2,16,268435456,4194304,float,none,891.57,301.08,282.27,0,887.19,302.57,283.66,0,RING,LL128,40,RING,LL128,40,0,RING,A_flag_ceiling
all_gather_perf,2,16,536870912,8388608,float,none,1706.34,314.63,294.97,0,1698.64,316.06,296.31,0,RING,LL128,40,RING,LL128,40,0,RING,A_flag_ceiling
all_gather_perf,2,16,4096,64,float,none,36.19,0.11,0.11,0,34.74,0.12,0.11,0,Direct,SIMPLE,32,RING,SIMPLE,48,1,Direct,A_flag_ceiling
all_gather_perf,2,16,8192,128,float,none,36.58,0.22,0.21,0,34.68,0.24,0.22,0,Direct,SIMPLE,32,RING,SIMPLE,48,1,Direct,A_flag_ceiling
all_gather_perf,2,16,16384,256,float,none,37.18,0.44,0.41,0,40.73,0.4,0.38,0,Direct,SIMPLE,32,RING,SIMPLE,48,1,Direct,A_flag_ceiling
all_gather_perf,2,16,32768,512,float,none,35.44,0.92,0.87,0,34.78,0.94,0.88,0,Direct,SIMPLE,32,RING,SIMPLE,48,1,Direct,A_flag_ceiling
all_gather_perf,2,16,65536,1024,float,none,35.87,1.83,1.71,0,35.0,1.87,1.76,0,Direct,SIMPLE,32,RING,SIMPLE,48,1,Direct,A_flag_ceiling
all_gather_perf,2,16,131072,2048,float,none,38.23,3.43,3.21,0,36.43,3.6,3.37,0,Direct,SIMPLE,32,RING,SIMPLE,48,1,Direct,A_flag_ceiling
all_gather_perf,2,16,262144,4096,float,none,36.55,7.17,6.72,0,36.4,7.2,6.75,0,Direct,SIMPLE,32,RING,SIMPLE,48,1,Direct,A_flag_ceiling
all_gather_perf,2,16,524288,8192,float,none,40.95,12.8,12.0,0,40.87,12.83,12.03,0,Direct,SIMPLE,32,RING,SIMPLE,48,1,Direct,A_flag_ceiling
all_gather_perf,2,16,1048576,16384,float,none,52.81,19.86,18.62,0,51.45,20.38,19.11,0,Direct,SIMPLE,32,RING,SIMPLE,48,1,Direct,A_flag_ceiling
all_gather_perf,2,16,2097152,32768,float,none,62.01,33.82,31.7,0,62.31,33.66,31.56,0,Direct,SIMPLE,32,RING,SIMPLE,48,1,Direct,A_flag_ceiling
all_gather_perf,2,16,4194304,65536,float,none,86.27,48.62,45.58,0,86.15,48.68,45.64,0,Direct,SIMPLE,32,RING,SIMPLE,48,1,Direct,A_flag_ceiling
all_gather_perf,2,16,8388608,131072,float,none,315.54,26.58,24.92,0,308.85,27.16,25.46,0,RING,SIMPLE,48,RING,SIMPLE,48,0,RING,A_flag_ceiling
all_gather_perf,2,16,16777216,262144,float,none,313.14,53.58,50.23,0,299.65,55.99,52.49,0,RING,SIMPLE,48,RING,SIMPLE,48,0,RING,A_flag_ceiling
all_gather_perf,2,16,33554432,524288,float,none,313.76,106.94,100.26,0,313.33,107.09,100.4,0,RING,SIMPLE,48,RING,SIMPLE,48,0,RING,A_flag_ceiling
all_gather_perf,2,16,67108864,1048576,float,none,333.36,201.31,188.73,0,330.79,202.87,190.19,0,RING,SIMPLE,48,RING,SIMPLE,48,0,RING,A_flag_ceiling
all_gather_perf,2,16,134217728,2097152,float,none,419.5,319.94,299.95,0,417.45,321.52,301.42,0,RING,SIMPLE,48,RING,SIMPLE,48,0,RING,A_flag_ceiling
all_gather_perf,2,16,268435456,4194304,float,none,706.99,379.69,355.96,0,702.38,382.18,358.29,0,RING,SIMPLE,48,RING,SIMPLE,48,0,RING,A_flag_ceiling
all_gather_perf,2,16,536870912,8388608,float,none,1387.79,386.85,362.67,0,1376.83,389.93,365.56,0,RING,SIMPLE,48,RING,SIMPLE,48,0,RING,A_flag_ceiling
all_gather_perf,2,16,4096,64,float,none,36.56,0.11,0.11,0,35.78,0.11,0.11,0,Direct,SIMPLE,32,RING,LL,48,1,Direct,A_flag_ceiling
all_gather_perf,2,16,8192,128,float,none,37.06,0.22,0.21,0,35.67,0.23,0.22,0,Direct,SIMPLE,32,RING,LL,48,1,Direct,A_flag_ceiling
all_gather_perf,2,16,16384,256,float,none,36.8,0.45,0.42,0,35.74,0.46,0.43,0,Direct,SIMPLE,32,RING,LL,48,1,Direct,A_flag_ceiling
all_gather_perf,2,16,32768,512,float,none,37.21,0.88,0.83,0,40.62,0.81,0.76,0,Direct,SIMPLE,32,RING,LL,48,1,Direct,A_flag_ceiling
all_gather_perf,2,16,65536,1024,float,none,35.49,1.85,1.73,0,34.93,1.88,1.76,0,Direct,SIMPLE,32,RING,LL,48,1,Direct,A_flag_ceiling
all_gather_perf,2,16,131072,2048,float,none,36.28,3.61,3.39,0,36.14,3.63,3.4,0,Direct,SIMPLE,32,RING,LL,48,1,Direct,A_flag_ceiling
all_gather_perf,2,16,262144,4096,float,none,36.81,7.12,6.68,0,36.64,7.15,6.71,0,Direct,SIMPLE,32,RING,LL,48,1,Direct,A_flag_ceiling
all_gather_perf,2,16,524288,8192,float,none,40.87,12.83,12.03,0,40.98,12.79,11.99,0,Direct,SIMPLE,32,RING,LL,48,1,Direct,A_flag_ceiling
all_gather_perf,2,16,1048576,16384,float,none,51.42,20.39,19.12,0,51.49,20.36,19.09,0,Direct,SIMPLE,32,RING,LL,48,1,Direct,A_flag_ceiling
all_gather_perf,2,16,2097152,32768,float,none,62.37,33.63,31.52,0,61.95,33.85,31.74,0,Direct,SIMPLE,32,RING,LL,48,1,Direct,A_flag_ceiling
all_gather_perf,2,16,4194304,65536,float,none,96.49,43.47,40.75,0,86.03,48.75,45.71,0,Direct,SIMPLE,32,RING,LL,48,1,Direct,A_flag_ceiling
all_gather_perf,2,16,8388608,131072,float,none,256.17,32.75,30.7,0,254.44,32.97,30.91,0,RING,LL,48,RING,LL,48,0,RING,A_flag_ceiling
all_gather_perf,2,16,16777216,262144,float,none,490.25,34.22,32.08,0,485.8,34.53,32.38,0,RING,LL,48,RING,LL,48,0,RING,A_flag_ceiling
all_gather_perf,2,16,33554432,524288,float,none,824.45,40.7,38.16,0,823.97,40.72,38.18,0,RING,LL,48,RING,LL,48,0,RING,A_flag_ceiling
all_gather_perf,2,16,67108864,1048576,float,none,1630.66,41.15,38.58,0,1630.46,41.16,38.59,0,RING,LL,48,RING,LL,48,0,RING,A_flag_ceiling
all_gather_perf,2,16,134217728,2097152,float,none,3125.13,42.95,40.26,0,3131.92,42.85,40.18,0,RING,LL,48,RING,LL,48,0,RING,A_flag_ceiling
all_gather_perf,2,16,268435456,4194304,float,none,6179.88,43.44,40.72,0,6169.86,43.51,40.79,0,RING,LL,48,RING,LL,48,0,RING,A_flag_ceiling
all_gather_perf,2,16,536870912,8388608,float,none,12205.3,43.99,41.24,0,12149.9,44.19,41.43,0,RING,LL,48,RING,LL,48,0,RING,A_flag_ceiling
all_gather_perf,2,16,4096,64,float,none,37.05,0.11,0.1,0,35.01,0.12,0.11,0,Direct,SIMPLE,32,RING,LL128,48,1,Direct,A_flag_ceiling
all_gather_perf,2,16,8192,128,float,none,34.99,0.23,0.22,0,35.45,0.23,0.22,0,Direct,SIMPLE,32,RING,LL128,48,1,Direct,A_flag_ceiling
all_gather_perf,2,16,16384,256,float,none,36.46,0.45,0.42,0,34.83,0.47,0.44,0,Direct,SIMPLE,32,RING,LL128,48,1,Direct,A_flag_ceiling
all_gather_perf,2,16,32768,512,float,none,35.92,0.91,0.86,0,33.89,0.97,0.91,0,Direct,SIMPLE,32,RING,LL128,48,1,Direct,A_flag_ceiling
all_gather_perf,2,16,65536,1024,float,none,35.74,1.83,1.72,0,35.77,1.83,1.72,0,Direct,SIMPLE,32,RING,LL128,48,1,Direct,A_flag_ceiling
all_gather_perf,2,16,131072,2048,float,none,37.04,3.54,3.32,0,36.93,3.55,3.33,0,Direct,SIMPLE,32,RING,LL128,48,1,Direct,A_flag_ceiling
all_gather_perf,2,16,262144,4096,float,none,36.45,7.19,6.74,0,36.58,7.17,6.72,0,Direct,SIMPLE,32,RING,LL128,48,1,Direct,A_flag_ceiling
all_gather_perf,2,16,524288,8192,float,none,40.9,12.82,12.02,0,41.41,12.66,11.87,0,Direct,SIMPLE,32,RING,LL128,48,1,Direct,A_flag_ceiling
all_gather_perf,2,16,1048576,16384,float,none,52.31,20.05,18.79,0,52.07,20.14,18.88,0,Direct,SIMPLE,32,RING,LL128,48,1,Direct,A_flag_ceiling
all_gather_perf,2,16,2097152,32768,float,none,62.1,33.77,31.66,0,74.52,28.14,26.38,0,Direct,SIMPLE,32,RING,LL128,48,1,Direct,A_flag_ceiling
all_gather_perf,2,16,4194304,65536,float,none,86.76,48.34,45.32,0,86.02,48.76,45.71,0,Direct,SIMPLE,32,RING,LL128,48,1,Direct,A_flag_ceiling
all_gather_perf,2,16,8388608,131072,float,none,132.64,63.24,59.29,0,131.46,63.81,59.82,0,RING,LL128,48,RING,LL128,48,0,RING,A_flag_ceiling
all_gather_perf,2,16,16777216,262144,float,none,131.71,127.38,119.41,0,128.31,130.75,122.58,0,RING,LL128,48,RING,LL128,48,0,RING,A_flag_ceiling
all_gather_perf,2,16,33554432,524288,float,none,150.82,222.47,208.57,0,162.47,206.52,193.61,0,RING,LL128,48,RING,LL128,48,0,RING,A_flag_ceiling
all_gather_perf,2,16,67108864,1048576,float,none,233.55,287.35,269.39,0,242.17,277.11,259.79,0,RING,LL128,48,RING,LL128,48,0,RING,A_flag_ceiling
all_gather_perf,2,16,134217728,2097152,float,none,424.75,315.99,296.25,0,423.42,316.99,297.18,0,RING,LL128,48,RING,LL128,48,0,RING,A_flag_ceiling
all_gather_perf,2,16,268435456,4194304,float,none,820.03,327.35,306.89,0,821.69,326.69,306.27,0,RING,LL128,48,RING,LL128,48,0,RING,A_flag_ceiling
all_gather_perf,2,16,536870912,8388608,float,none,1630.44,329.28,308.7,0,1587.08,338.28,317.13,0,RING,LL128,48,RING,LL128,48,0,RING,A_flag_ceiling
all_gather_perf,2,16,4096,64,float,none,236.09,0.02,0.02,0,231.76,0.02,0.02,0,Direct,SIMPLE,1,RING,SIMPLE,1,1,Direct,A_flag_ceiling
all_gather_perf,2,16,8192,128,float,none,235.26,0.03,0.03,0,234.94,0.03,0.03,0,Direct,SIMPLE,1,RING,SIMPLE,1,1,Direct,A_flag_ceiling
all_gather_perf,2,16,16384,256,float,none,238.81,0.07,0.06,0,235.19,0.07,0.07,0,Direct,SIMPLE,1,RING,SIMPLE,1,1,Direct,A_flag_ceiling
all_gather_perf,2,16,32768,512,float,none,241.64,0.14,0.13,0,238.85,0.14,0.13,0,Direct,SIMPLE,1,RING,SIMPLE,1,1,Direct,A_flag_ceiling
all_gather_perf,2,16,65536,1024,float,none,255.47,0.26,0.24,0,251.44,0.26,0.24,0,Direct,SIMPLE,1,RING,SIMPLE,1,1,Direct,A_flag_ceiling
all_gather_perf,2,16,131072,2048,float,none,272.74,0.48,0.45,0,267.83,0.49,0.46,0,Direct,SIMPLE,1,RING,SIMPLE,1,1,Direct,A_flag_ceiling
all_gather_perf,2,16,262144,4096,float,none,259.88,1.01,0.95,0,257.31,1.02,0.96,0,Direct,SIMPLE,1,RING,SIMPLE,1,1,Direct,A_flag_ceiling
all_gather_perf,2,16,524288,8192,float,none,287.17,1.83,1.71,0,283.66,1.85,1.73,0,Direct,SIMPLE,1,RING,SIMPLE,1,1,Direct,A_flag_ceiling
all_gather_perf,2,16,1048576,16384,float,none,343.61,3.05,2.86,0,339.18,3.09,2.9,0,Direct,SIMPLE,1,RING,SIMPLE,1,1,Direct,A_flag_ceiling
all_gather_perf,2,16,2097152,32768,float,none,452.47,4.63,4.35,0,446.24,4.7,4.41,0,Direct,SIMPLE,1,RING,SIMPLE,1,1,Direct,A_flag_ceiling
all_gather_perf,2,16,4194304,65536,float,none,639.54,6.56,6.15,0,629.36,6.66,6.25,0,Direct,SIMPLE,1,RING,SIMPLE,1,1,Direct,A_flag_ceiling
all_gather_perf,2,16,8388608,131072,float,none,557.29,15.05,14.11,0,550.24,15.25,14.29,0,RING,SIMPLE,1,RING,SIMPLE,1,0,RING,A_flag_ceiling
all_gather_perf,2,16,16777216,262144,float,none,999.12,16.79,15.74,0,984.47,17.04,15.98,0,RING,SIMPLE,1,RING,SIMPLE,1,0,RING,A_flag_ceiling
all_gather_perf,2,16,33554432,524288,float,none,1900.24,17.66,16.55,0,1847.48,18.16,17.03,0,RING,SIMPLE,1,RING,SIMPLE,1,0,RING,A_flag_ceiling
all_gather_perf,2,16,67108864,1048576,float,none,3778.83,17.76,16.65,0,3712.62,18.08,16.95,0,RING,SIMPLE,1,RING,SIMPLE,1,0,RING,A_flag_ceiling
all_gather_perf,2,16,134217728,2097152,float,none,7533.07,17.82,16.7,0,7440.43,18.04,16.91,0,RING,SIMPLE,1,RING,SIMPLE,1,0,RING,A_flag_ceiling
all_gather_perf,2,16,268435456,4194304,float,none,15116.6,17.76,16.65,0,14897.4,18.02,16.89,0,RING,SIMPLE,1,RING,SIMPLE,1,0,RING,A_flag_ceiling
all_gather_perf,2,16,536870912,8388608,float,none,30188.8,17.78,16.67,0,29875.4,17.97,16.85,0,RING,SIMPLE,1,RING,SIMPLE,1,0,RING,A_flag_ceiling
all_gather_perf,2,16,4096,64,float,none,238.49,0.02,0.02,0,231.64,0.02,0.02,0,Direct,SIMPLE,1,RING,LL,1,1,Direct,A_flag_ceiling
all_gather_perf,2,16,8192,128,float,none,235.08,0.03,0.03,0,231.48,0.04,0.03,0,Direct,SIMPLE,1,RING,LL,1,1,Direct,A_flag_ceiling
all_gather_perf,2,16,16384,256,float,none,237.71,0.07,0.06,0,237.49,0.07,0.06,0,Direct,SIMPLE,1,RING,LL,1,1,Direct,A_flag_ceiling
all_gather_perf,2,16,32768,512,float,none,241.35,0.14,0.13,0,239.13,0.14,0.13,0,Direct,SIMPLE,1,RING,LL,1,1,Direct,A_flag_ceiling
all_gather_perf,2,16,65536,1024,float,none,254.04,0.26,0.24,0,250.26,0.26,0.25,0,Direct,SIMPLE,1,RING,LL,1,1,Direct,A_flag_ceiling
all_gather_perf,2,16,131072,2048,float,none,270.29,0.48,0.45,0,267.96,0.49,0.46,0,Direct,SIMPLE,1,RING,LL,1,1,Direct,A_flag_ceiling
all_gather_perf,2,16,262144,4096,float,none,259.43,1.01,0.95,0,257.69,1.02,0.95,0,Direct,SIMPLE,1,RING,LL,1,1,Direct,A_flag_ceiling
all_gather_perf,2,16,524288,8192,float,none,285.65,1.84,1.72,0,282.94,1.85,1.74,0,Direct,SIMPLE,1,RING,LL,1,1,Direct,A_flag_ceiling
all_gather_perf,2,16,1048576,16384,float,none,342.42,3.06,2.87,0,339.01,3.09,2.9,0,Direct,SIMPLE,1,RING,LL,1,1,Direct,A_flag_ceiling
all_gather_perf,2,16,2097152,32768,float,none,451.6,4.64,4.35,0,445.07,4.71,4.42,0,Direct,SIMPLE,1,RING,LL,1,1,Direct,A_flag_ceiling
all_gather_perf,2,16,4194304,65536,float,none,636.96,6.58,6.17,0,627.66,6.68,6.26,0,Direct,SIMPLE,1,RING,LL,1,1,Direct,A_flag_ceiling
all_gather_perf,2,16,8388608,131072,float,none,3320.15,2.53,2.37,0,3322.81,2.52,2.37,0,RING,LL,1,RING,LL,1,0,RING,A_flag_ceiling
all_gather_perf,2,16,16777216,262144,float,none,6625.81,2.53,2.37,0,6661.23,2.52,2.36,0,RING,LL,1,RING,LL,1,0,RING,A_flag_ceiling
all_gather_perf,2,16,33554432,524288,float,none,13246.0,2.53,2.37,0,13289.5,2.52,2.37,0,RING,LL,1,RING,LL,1,0,RING,A_flag_ceiling
all_gather_perf,2,16,67108864,1048576,float,none,26535.4,2.53,2.37,0,26608.1,2.52,2.36,0,RING,LL,1,RING,LL,1,0,RING,A_flag_ceiling
all_gather_perf,2,16,134217728,2097152,float,none,52934.2,2.54,2.38,0,53261.3,2.52,2.36,0,RING,LL,1,RING,LL,1,0,RING,A_flag_ceiling
all_gather_perf,2,16,268435456,4194304,float,none,106181.0,2.53,2.37,0,106421.0,2.52,2.36,0,RING,LL,1,RING,LL,1,0,RING,A_flag_ceiling
all_gather_perf,2,16,536870912,8388608,float,none,212202.0,2.53,2.37,0,212452.0,2.53,2.37,0,RING,LL,1,RING,LL,1,0,RING,A_flag_ceiling
all_gather_perf,2,16,4096,64,float,none,235.57,0.02,0.02,0,233.73,0.02,0.02,0,Direct,SIMPLE,1,RING,LL128,1,1,Direct,A_flag_ceiling
all_gather_perf,2,16,8192,128,float,none,235.33,0.03,0.03,0,232.53,0.04,0.03,0,Direct,SIMPLE,1,RING,LL128,1,1,Direct,A_flag_ceiling
all_gather_perf,2,16,16384,256,float,none,238.25,0.07,0.06,0,238.1,0.07,0.06,0,Direct,SIMPLE,1,RING,LL128,1,1,Direct,A_flag_ceiling
all_gather_perf,2,16,32768,512,float,none,241.46,0.14,0.13,0,238.42,0.14,0.13,0,Direct,SIMPLE,1,RING,LL128,1,1,Direct,A_flag_ceiling
all_gather_perf,2,16,65536,1024,float,none,256.04,0.26,0.24,0,252.17,0.26,0.24,0,Direct,SIMPLE,1,RING,LL128,1,1,Direct,A_flag_ceiling
all_gather_perf,2,16,131072,2048,float,none,271.01,0.48,0.45,0,268.2,0.49,0.46,0,Direct,SIMPLE,1,RING,LL128,1,1,Direct,A_flag_ceiling
all_gather_perf,2,16,262144,4096,float,none,260.31,1.01,0.94,0,257.63,1.02,0.95,0,Direct,SIMPLE,1,RING,LL128,1,1,Direct,A_flag_ceiling
all_gather_perf,2,16,524288,8192,float,none,287.21,1.83,1.71,0,284.41,1.84,1.73,0,Direct,SIMPLE,1,RING,LL128,1,1,Direct,A_flag_ceiling
all_gather_perf,2,16,1048576,16384,float,none,342.73,3.06,2.87,0,339.62,3.09,2.89,0,Direct,SIMPLE,1,RING,LL128,1,1,Direct,A_flag_ceiling
all_gather_perf,2,16,2097152,32768,float,none,452.72,4.63,4.34,0,445.5,4.71,4.41,0,Direct,SIMPLE,1,RING,LL128,1,1,Direct,A_flag_ceiling
all_gather_perf,2,16,4194304,65536,float,none,640.47,6.55,6.14,0,629.39,6.66,6.25,0,Direct,SIMPLE,1,RING,LL128,1,1,Direct,A_flag_ceiling
all_gather_perf,2,16,8388608,131072,float,none,726.85,11.54,10.82,0,718.96,11.67,10.94,0,RING,LL128,1,RING,LL128,1,0,RING,A_flag_ceiling
all_gather_perf,2,16,16777216,262144,float,none,1412.66,11.88,11.13,0,1393.91,12.04,11.28,0,RING,LL128,1,RING,LL128,1,0,RING,A_flag_ceiling
all_gather_perf,2,16,33554432,524288,float,none,2822.05,11.89,11.15,0,2778.76,12.08,11.32,0,RING,LL128,1,RING,LL128,1,0,RING,A_flag_ceiling
all_gather_perf,2,16,67108864,1048576,float,none,5647.78,11.88,11.14,0,5543.47,12.11,11.35,0,RING,LL128,1,RING,LL128,1,0,RING,A_flag_ceiling
all_gather_perf,2,16,134217728,2097152,float,none,11318.7,11.86,11.12,0,11149.6,12.04,11.29,0,RING,LL128,1,RING,LL128,1,0,RING,A_flag_ceiling
all_gather_perf,2,16,268435456,4194304,float,none,22730.8,11.81,11.07,0,22377.8,12.0,11.25,0,RING,LL128,1,RING,LL128,1,0,RING,A_flag_ceiling
all_gather_perf,2,16,536870912,8388608,float,none,45432.5,11.82,11.08,0,44772.6,11.99,11.24,0,RING,LL128,1,RING,LL128,1,0,RING,A_flag_ceiling
all_gather_perf,2,16,4096,64,float,none,126.87,0.03,0.03,0,122.03,0.03,0.03,0,Direct,SIMPLE,2,RING,SIMPLE,2,1,Direct,A_flag_ceiling
all_gather_perf,2,16,8192,128,float,none,126.83,0.06,0.06,0,125.16,0.07,0.06,0,Direct,SIMPLE,2,RING,SIMPLE,2,1,Direct,A_flag_ceiling
all_gather_perf,2,16,16384,256,float,none,127.62,0.13,0.12,0,125.32,0.13,0.12,0,Direct,SIMPLE,2,RING,SIMPLE,2,1,Direct,A_flag_ceiling
all_gather_perf,2,16,32768,512,float,none,125.78,0.26,0.24,0,124.81,0.26,0.25,0,Direct,SIMPLE,2,RING,SIMPLE,2,1,Direct,A_flag_ceiling
all_gather_perf,2,16,65536,1024,float,none,132.77,0.49,0.46,0,135.78,0.48,0.45,0,Direct,SIMPLE,2,RING,SIMPLE,2,1,Direct,A_flag_ceiling
all_gather_perf,2,16,131072,2048,float,none,142.08,0.92,0.86,0,140.72,0.93,0.87,0,Direct,SIMPLE,2,RING,SIMPLE,2,1,Direct,A_flag_ceiling
all_gather_perf,2,16,262144,4096,float,none,135.18,1.94,1.82,0,135.18,1.94,1.82,0,Direct,SIMPLE,2,RING,SIMPLE,2,1,Direct,A_flag_ceiling
all_gather_perf,2,16,524288,8192,float,none,152.4,3.44,3.23,0,147.96,3.54,3.32,0,Direct,SIMPLE,2,RING,SIMPLE,2,1,Direct,A_flag_ceiling
all_gather_perf,2,16,1048576,16384,float,none,177.75,5.9,5.53,0,178.54,5.87,5.51,0,Direct,SIMPLE,2,RING,SIMPLE,2,1,Direct,A_flag_ceiling
all_gather_perf,2,16,2097152,32768,float,none,234.08,8.96,8.4,0,233.29,8.99,8.43,0,Direct,SIMPLE,2,RING,SIMPLE,2,1,Direct,A_flag_ceiling
all_gather_perf,2,16,4194304,65536,float,none,327.73,12.8,12.0,0,328.29,12.78,11.98,0,Direct,SIMPLE,2,RING,SIMPLE,2,1,Direct,A_flag_ceiling
all_gather_perf,2,16,8388608,131072,float,none,347.38,24.15,22.64,0,343.15,24.45,22.92,0,RING,SIMPLE,2,RING,SIMPLE,2,0,RING,A_flag_ceiling
all_gather_perf,2,16,16777216,262144,float,none,563.5,29.77,27.91,0,556.75,30.13,28.25,0,RING,SIMPLE,2,RING,SIMPLE,2,0,RING,A_flag_ceiling
all_gather_perf,2,16,33554432,524288,float,none,1068.28,31.41,29.45,0,1050.22,31.95,29.95,0,RING,SIMPLE,2,RING,SIMPLE,2,0,RING,A_flag_ceiling
all_gather_perf,2,16,67108864,1048576,float,none,2077.76,32.3,30.28,0,2036.69,32.95,30.89,0,RING,SIMPLE,2,RING,SIMPLE,2,0,RING,A_flag_ceiling
all_gather_perf,2,16,134217728,2097152,float,none,4133.8,32.47,30.44,0,4065.66,33.01,30.95,0,RING,SIMPLE,2,RING,SIMPLE,2,0,RING,A_flag_ceiling
all_gather_perf,2,16,268435456,4194304,float,none,8261.07,32.49,30.46,0,8146.64,32.95,30.89,0,RING,SIMPLE,2,RING,SIMPLE,2,0,RING,A_flag_ceiling
all_gather_perf,2,16,536870912,8388608,float,none,16533.9,32.47,30.44,0,16315.1,32.91,30.85,0,RING,SIMPLE,2,RING,SIMPLE,2,0,RING,A_flag_ceiling
all_gather_perf,2,16,4096,64,float,none,124.39,0.03,0.03,0,121.91,0.03,0.03,0,Direct,SIMPLE,2,RING,LL,2,1,Direct,A_flag_ceiling
all_gather_perf,2,16,8192,128,float,none,122.7,0.07,0.06,0,120.74,0.07,0.06,0,Direct,SIMPLE,2,RING,LL,2,1,Direct,A_flag_ceiling
all_gather_perf,2,16,16384,256,float,none,123.66,0.13,0.12,0,121.72,0.13,0.13,0,Direct,SIMPLE,2,RING,LL,2,1,Direct,A_flag_ceiling
all_gather_perf,2,16,32768,512,float,none,126.03,0.26,0.24,0,123.92,0.26,0.25,0,Direct,SIMPLE,2,RING,LL,2,1,Direct,A_flag_ceiling
all_gather_perf,2,16,65536,1024,float,none,132.41,0.49,0.46,0,131.44,0.5,0.47,0,Direct,SIMPLE,2,RING,LL,2,1,Direct,A_flag_ceiling
all_gather_perf,2,16,131072,2048,float,none,141.62,0.93,0.87,0,141.79,0.92,0.87,0,Direct,SIMPLE,2,RING,LL,2,1,Direct,A_flag_ceiling
all_gather_perf,2,16,262144,4096,float,none,134.96,1.94,1.82,0,134.95,1.94,1.82,0,Direct,SIMPLE,2,RING,LL,2,1,Direct,A_flag_ceiling
all_gather_perf,2,16,524288,8192,float,none,148.33,3.53,3.31,0,148.11,3.54,3.32,0,Direct,SIMPLE,2,RING,LL,2,1,Direct,A_flag_ceiling
all_gather_perf,2,16,1048576,16384,float,none,177.18,5.92,5.55,0,177.37,5.91,5.54,0,Direct,SIMPLE,2,RING,LL,2,1,Direct,A_flag_ceiling
all_gather_perf,2,16,2097152,32768,float,none,233.21,8.99,8.43,0,232.0,9.04,8.47,0,Direct,SIMPLE,2,RING,LL,2,1,Direct,A_flag_ceiling
all_gather_perf,2,16,4194304,65536,float,none,327.52,12.81,12.01,0,328.23,12.78,11.98,0,Direct,SIMPLE,2,RING,LL,2,1,Direct,A_flag_ceiling
all_gather_perf,2,16,8388608,131072,float,none,1673.87,5.01,4.7,0,1658.81,5.06,4.74,0,RING,LL,2,RING,LL,2,0,RING,A_flag_ceiling
all_gather_perf,2,16,16777216,262144,float,none,3331.91,5.04,4.72,0,3312.59,5.06,4.75,0,RING,LL,2,RING,LL,2,0,RING,A_flag_ceiling
all_gather_perf,2,16,33554432,524288,float,none,6667.97,5.03,4.72,0,6614.16,5.07,4.76,0,RING,LL,2,RING,LL,2,0,RING,A_flag_ceiling
all_gather_perf,2,16,67108864,1048576,float,none,13352.3,5.03,4.71,0,13277.5,5.05,4.74,0,RING,LL,2,RING,LL,2,0,RING,A_flag_ceiling
all_gather_perf,2,16,134217728,2097152,float,none,26752.6,5.02,4.7,0,26526.2,5.06,4.74,0,RING,LL,2,RING,LL,2,0,RING,A_flag_ceiling
all_gather_perf,2,16,268435456,4194304,float,none,53339.0,5.03,4.72,0,53189.0,5.05,4.73,0,RING,LL,2,RING,LL,2,0,RING,A_flag_ceiling
all_gather_perf,2,16,536870912,8388608,float,none,106307.0,5.05,4.73,0,106448.0,5.04,4.73,0,RING,LL,2,RING,LL,2,0,RING,A_flag_ceiling
all_gather_perf,2,16,4096,64,float,none,124.64,0.03,0.03,0,122.73,0.03,0.03,0,Direct,SIMPLE,2,RING,LL128,2,1,Direct,A_flag_ceiling
all_gather_perf,2,16,8192,128,float,none,123.18,0.07,0.06,0,123.66,0.07,0.06,0,Direct,SIMPLE,2,RING,LL128,2,1,Direct,A_flag_ceiling
all_gather_perf,2,16,16384,256,float,none,123.56,0.13,0.12,0,122.58,0.13,0.13,0,Direct,SIMPLE,2,RING,LL128,2,1,Direct,A_flag_ceiling
all_gather_perf,2,16,32768,512,float,none,125.94,0.26,0.24,0,124.34,0.26,0.25,0,Direct,SIMPLE,2,RING,LL128,2,1,Direct,A_flag_ceiling
all_gather_perf,2,16,65536,1024,float,none,132.7,0.49,0.46,0,135.09,0.49,0.45,0,Direct,SIMPLE,2,RING,LL128,2,1,Direct,A_flag_ceiling
all_gather_perf,2,16,131072,2048,float,none,141.45,0.93,0.87,0,141.06,0.93,0.87,0,Direct,SIMPLE,2,RING,LL128,2,1,Direct,A_flag_ceiling
all_gather_perf,2,16,262144,4096,float,none,135.57,1.93,1.81,0,135.12,1.94,1.82,0,Direct,SIMPLE,2,RING,LL128,2,1,Direct,A_flag_ceiling
all_gather_perf,2,16,524288,8192,float,none,149.13,3.52,3.3,0,149.34,3.51,3.29,0,Direct,SIMPLE,2,RING,LL128,2,1,Direct,A_flag_ceiling
all_gather_perf,2,16,1048576,16384,float,none,177.77,5.9,5.53,0,177.25,5.92,5.55,0,Direct,SIMPLE,2,RING,LL128,2,1,Direct,A_flag_ceiling
all_gather_perf,2,16,2097152,32768,float,none,233.81,8.97,8.41,0,232.29,9.03,8.46,0,Direct,SIMPLE,2,RING,LL128,2,1,Direct,A_flag_ceiling
all_gather_perf,2,16,4194304,65536,float,none,327.48,12.81,12.01,0,327.95,12.79,11.99,0,Direct,SIMPLE,2,RING,LL128,2,1,Direct,A_flag_ceiling
all_gather_perf,2,16,8388608,131072,float,none,401.62,20.89,19.58,0,396.17,21.17,19.85,0,RING,LL128,2,RING,LL128,2,0,RING,A_flag_ceiling
all_gather_perf,2,16,16777216,262144,float,none,779.34,21.53,20.18,0,770.87,21.76,20.4,0,RING,LL128,2,RING,LL128,2,0,RING,A_flag_ceiling
all_gather_perf,2,16,33554432,524288,float,none,1535.38,21.85,20.49,0,1524.45,22.01,20.64,0,RING,LL128,2,RING,LL128,2,0,RING,A_flag_ceiling
all_gather_perf,2,16,67108864,1048576,float,none,3051.37,21.99,20.62,0,3025.65,22.18,20.79,0,RING,LL128,2,RING,LL128,2,0,RING,A_flag_ceiling
all_gather_perf,2,16,134217728,2097152,float,none,6086.58,22.05,20.67,0,6037.01,22.23,20.84,0,RING,LL128,2,RING,LL128,2,0,RING,A_flag_ceiling
all_gather_perf,2,16,268435456,4194304,float,none,12162.3,22.07,20.69,0,12081.2,22.22,20.83,0,RING,LL128,2,RING,LL128,2,0,RING,A_flag_ceiling
all_gather_perf,2,16,536870912,8388608,float,none,24304.4,22.09,20.71,0,24077.6,22.3,20.9,0,RING,LL128,2,RING,LL128,2,0,RING,A_flag_ceiling
all_gather_perf,2,16,4096,64,float,none,67.98,0.06,0.06,0,68.22,0.06,0.06,0,Direct,SIMPLE,4,RING,SIMPLE,4,1,Direct,A_flag_ceiling
all_gather_perf,2,16,8192,128,float,none,67.06,0.12,0.11,0,66.17,0.12,0.12,0,Direct,SIMPLE,4,RING,SIMPLE,4,1,Direct,A_flag_ceiling
all_gather_perf,2,16,16384,256,float,none,68.5,0.24,0.22,0,67.51,0.24,0.23,0,Direct,SIMPLE,4,RING,SIMPLE,4,1,Direct,A_flag_ceiling
all_gather_perf,2,16,32768,512,float,none,122.86,0.27,0.25,0,68.3,0.48,0.45,0,Direct,SIMPLE,4,RING,SIMPLE,4,1,Direct,A_flag_ceiling
all_gather_perf,2,16,65536,1024,float,none,72.27,0.91,0.85,0,71.22,0.92,0.86,0,Direct,SIMPLE,4,RING,SIMPLE,4,1,Direct,A_flag_ceiling
all_gather_perf,2,16,131072,2048,float,none,76.96,1.7,1.6,0,75.78,1.73,1.62,0,Direct,SIMPLE,4,RING,SIMPLE,4,1,Direct,A_flag_ceiling
all_gather_perf,2,16,262144,4096,float,none,73.48,3.57,3.34,0,74.07,3.54,3.32,0,Direct,SIMPLE,4,RING,SIMPLE,4,1,Direct,A_flag_ceiling
all_gather_perf,2,16,524288,8192,float,none,81.3,6.45,6.05,0,81.43,6.44,6.04,0,Direct,SIMPLE,4,RING,SIMPLE,4,1,Direct,A_flag_ceiling
all_gather_perf,2,16,1048576,16384,float,none,97.07,10.8,10.13,0,96.44,10.87,10.19,0,Direct,SIMPLE,4,RING,SIMPLE,4,1,Direct,A_flag_ceiling
all_gather_perf,2,16,2097152,32768,float,none,123.63,16.96,15.9,0,124.11,16.9,15.84,0,Direct,SIMPLE,4,RING,SIMPLE,4,1,Direct,A_flag_ceiling
all_gather_perf,2,16,4194304,65536,float,none,175.0,23.97,22.47,0,174.42,24.05,22.54,0,Direct,SIMPLE,4,RING,SIMPLE,4,1,Direct,A_flag_ceiling
all_gather_perf,2,16,8388608,131072,float,none,244.64,34.29,32.15,0,239.53,35.02,32.83,0,RING,SIMPLE,4,RING,SIMPLE,4,0,RING,A_flag_ceiling
all_gather_perf,2,16,16777216,262144,float,none,375.86,44.64,41.85,0,369.21,45.44,42.6,0,RING,SIMPLE,4,RING,SIMPLE,4,0,RING,A_flag_ceiling
all_gather_perf,2,16,33554432,524288,float,none,631.91,53.1,49.78,0,624.83,53.7,50.35,0,RING,SIMPLE,4,RING,SIMPLE,4,0,RING,A_flag_ceiling
all_gather_perf,2,16,67108864,1048576,float,none,1155.58,58.07,54.44,0,1129.99,59.39,55.68,0,RING,SIMPLE,4,RING,SIMPLE,4,0,RING,A_flag_ceiling
all_gather_perf,2,16,134217728,2097152,float,none,2194.82,61.15,57.33,0,2144.48,62.59,58.68,0,RING,SIMPLE,4,RING,SIMPLE,4,0,RING,A_flag_ceiling
all_gather_perf,2,16,268435456,4194304,float,none,4412.74,60.83,57.03,0,4277.51,62.76,58.83,0,RING,SIMPLE,4,RING,SIMPLE,4,0,RING,A_flag_ceiling
all_gather_perf,2,16,536870912,8388608,float,none,8756.06,61.31,57.48,0,8578.69,62.58,58.67,0,RING,SIMPLE,4,RING,SIMPLE,4,0,RING,A_flag_ceiling
all_gather_perf,2,16,4096,64,float,none,73.09,0.06,0.05,0,66.67,0.06,0.06,0,Direct,SIMPLE,4,RING,LL,4,1,Direct,A_flag_ceiling
all_gather_perf,2,16,8192,128,float,none,68.19,0.12,0.11,0,68.01,0.12,0.11,0,Direct,SIMPLE,4,RING,LL,4,1,Direct,A_flag_ceiling
all_gather_perf,2,16,16384,256,float,none,68.98,0.24,0.22,0,67.51,0.24,0.23,0,Direct,SIMPLE,4,RING,LL,4,1,Direct,A_flag_ceiling
all_gather_perf,2,16,32768,512,float,none,68.93,0.48,0.45,0,69.19,0.47,0.44,0,Direct,SIMPLE,4,RING,LL,4,1,Direct,A_flag_ceiling
all_gather_perf,2,16,65536,1024,float,none,71.87,0.91,0.85,0,71.81,0.91,0.86,0,Direct,SIMPLE,4,RING,LL,4,1,Direct,A_flag_ceiling
all_gather_perf,2,16,131072,2048,float,none,78.17,1.68,1.57,0,75.54,1.74,1.63,0,Direct,SIMPLE,4,RING,LL,4,1,Direct,A_flag_ceiling
all_gather_perf,2,16,262144,4096,float,none,74.18,3.53,3.31,0,74.2,3.53,3.31,0,Direct,SIMPLE,4,RING,LL,4,1,Direct,A_flag_ceiling
all_gather_perf,2,16,524288,8192,float,none,80.88,6.48,6.08,0,81.52,6.43,6.03,0,Direct,SIMPLE,4,RING,LL,4,1,Direct,A_flag_ceiling
all_gather_perf,2,16,1048576,16384,float,none,96.84,10.83,10.15,0,96.68,10.85,10.17,0,Direct,SIMPLE,4,RING,LL,4,1,Direct,A_flag_ceiling
all_gather_perf,2,16,2097152,32768,float,none,124.35,16.87,15.81,0,124.79,16.81,15.76,0,Direct,SIMPLE,4,RING,LL,4,1,Direct,A_flag_ceiling
all_gather_perf,2,16,4194304,65536,float,none,174.53,24.03,22.53,0,173.83,24.13,22.62,0,Direct,SIMPLE,4,RING,LL,4,1,Direct,A_flag_ceiling
all_gather_perf,2,16,8388608,131072,float,none,848.21,9.89,9.27,0,841.73,9.97,9.34,0,RING,LL,4,RING,LL,4,0,RING,A_flag_ceiling
all_gather_perf,2,16,16777216,262144,float,none,1689.31,9.93,9.31,0,1678.95,9.99,9.37,0,RING,LL,4,RING,LL,4,0,RING,A_flag_ceiling
all_gather_perf,2,16,33554432,524288,float,none,3401.64,9.86,9.25,0,3375.14,9.94,9.32,0,RING,LL,4,RING,LL,4,0,RING,A_flag_ceiling
all_gather_perf,2,16,67108864,1048576,float,none,6851.19,9.8,9.18,0,6862.47,9.78,9.17,0,RING,LL,4,RING,LL,4,0,RING,A_flag_ceiling
all_gather_perf,2,16,134217728,2097152,float,none,13769.2,9.75,9.14,0,13697.2,9.8,9.19,0,RING,LL,4,RING,LL,4,0,RING,A_flag_ceiling
all_gather_perf,2,16,268435456,4194304,float,none,27372.1,9.81,9.19,0,27261.1,9.85,9.23,0,RING,LL,4,RING,LL,4,0,RING,A_flag_ceiling
all_gather_perf,2,16,536870912,8388608,float,none,54902.4,9.78,9.17,0,54617.3,9.83,9.22,0,RING,LL,4,RING,LL,4,0,RING,A_flag_ceiling
all_gather_perf,2,16,4096,64,float,none,78.5,0.05,0.05,0,67.34,0.06,0.06,0,Direct,SIMPLE,4,RING,LL128,4,1,Direct,A_flag_ceiling
all_gather_perf,2,16,8192,128,float,none,67.3,0.12,0.11,0,66.24,0.12,0.12,0,Direct,SIMPLE,4,RING,LL128,4,1,Direct,A_flag_ceiling
all_gather_perf,2,16,16384,256,float,none,68.77,0.24,0.22,0,67.95,0.24,0.23,0,Direct,SIMPLE,4,RING,LL128,4,1,Direct,A_flag_ceiling
all_gather_perf,2,16,32768,512,float,none,68.77,0.48,0.45,0,68.47,0.48,0.45,0,Direct,SIMPLE,4,RING,LL128,4,1,Direct,A_flag_ceiling
all_gather_perf,2,16,65536,1024,float,none,71.26,0.92,0.86,0,72.04,0.91,0.85,0,Direct,SIMPLE,4,RING,LL128,4,1,Direct,A_flag_ceiling
all_gather_perf,2,16,131072,2048,float,none,76.5,1.71,1.61,0,76.03,1.72,1.62,0,Direct,SIMPLE,4,RING,LL128,4,1,Direct,A_flag_ceiling
all_gather_perf,2,16,262144,4096,float,none,74.26,3.53,3.31,0,73.75,3.55,3.33,0,Direct,SIMPLE,4,RING,LL128,4,1,Direct,A_flag_ceiling
all_gather_perf,2,16,524288,8192,float,none,81.23,6.45,6.05,0,81.3,6.45,6.05,0,Direct,SIMPLE,4,RING,LL128,4,1,Direct,A_flag_ceiling
all_gather_perf,2,16,1048576,16384,float,none,102.25,10.26,9.61,0,96.92,10.82,10.14,0,Direct,SIMPLE,4,RING,LL128,4,1,Direct,A_flag_ceiling
all_gather_perf,2,16,2097152,32768,float,none,123.67,16.96,15.9,0,124.03,16.91,15.85,0,Direct,SIMPLE,4,RING,LL128,4,1,Direct,A_flag_ceiling
all_gather_perf,2,16,4194304,65536,float,none,174.57,24.03,22.53,0,173.91,24.12,22.61,0,Direct,SIMPLE,4,RING,LL128,4,1,Direct,A_flag_ceiling
all_gather_perf,2,16,8388608,131072,float,none,229.76,36.51,34.23,0,227.18,36.92,34.62,0,RING,LL128,4,RING,LL128,4,0,RING,A_flag_ceiling
all_gather_perf,2,16,16777216,262144,float,none,417.57,40.18,37.67,0,411.45,40.78,38.23,0,RING,LL128,4,RING,LL128,4,0,RING,A_flag_ceiling
all_gather_perf,2,16,33554432,524288,float,none,809.81,41.43,38.85,0,801.9,41.84,39.23,0,RING,LL128,4,RING,LL128,4,0,RING,A_flag_ceiling
all_gather_perf,2,16,67108864,1048576,float,none,1589.93,42.21,39.57,0,1580.31,42.47,39.81,0,RING,LL128,4,RING,LL128,4,0,RING,A_flag_ceiling
all_gather_perf,2,16,134217728,2097152,float,none,3175.56,42.27,39.62,0,3170.79,42.33,39.68,0,RING,LL128,4,RING,LL128,4,0,RING,A_flag_ceiling
all_gather_perf,2,16,268435456,4194304,float,none,6329.25,42.41,39.76,0,6327.54,42.42,39.77,0,RING,LL128,4,RING,LL128,4,0,RING,A_flag_ceiling
all_gather_perf,2,16,536870912,8388608,float,none,12665.5,42.39,39.74,0,12609.6,42.58,39.92,0,RING,LL128,4,RING,LL128,4,0,RING,A_flag_ceiling
all_gather_perf,2,16,4096,64,float,none,41.47,0.1,0.09,0,41.21,0.1,0.09,0,Direct,SIMPLE,8,RING,SIMPLE,8,1,Direct,A_flag_ceiling
all_gather_perf,2,16,8192,128,float,none,40.35,0.2,0.19,0,39.99,0.2,0.19,0,Direct,SIMPLE,8,RING,SIMPLE,8,1,Direct,A_flag_ceiling
all_gather_perf,2,16,16384,256,float,none,40.96,0.4,0.38,0,41.04,0.4,0.37,0,Direct,SIMPLE,8,RING,SIMPLE,8,1,Direct,A_flag_ceiling
all_gather_perf,2,16,32768,512,float,none,46.34,0.71,0.66,0,40.94,0.8,0.75,0,Direct,SIMPLE,8,RING,SIMPLE,8,1,Direct,A_flag_ceiling
all_gather_perf,2,16,65536,1024,float,none,42.57,1.54,1.44,0,42.51,1.54,1.45,0,Direct,SIMPLE,8,RING,SIMPLE,8,1,Direct,A_flag_ceiling
all_gather_perf,2,16,131072,2048,float,none,47.51,2.76,2.59,0,45.84,2.86,2.68,0,Direct,SIMPLE,8,RING,SIMPLE,8,1,Direct,A_flag_ceiling
all_gather_perf,2,16,262144,4096,float,none,44.23,5.93,5.56,0,44.52,5.89,5.52,0,Direct,SIMPLE,8,RING,SIMPLE,8,1,Direct,A_flag_ceiling
all_gather_perf,2,16,524288,8192,float,none,49.82,10.52,9.87,0,49.53,10.59,9.92,0,Direct,SIMPLE,8,RING,SIMPLE,8,1,Direct,A_flag_ceiling
all_gather_perf,2,16,1048576,16384,float,none,63.26,16.58,15.54,0,61.6,17.02,15.96,0,Direct,SIMPLE,8,RING,SIMPLE,8,1,Direct,A_flag_ceiling
all_gather_perf,2,16,2097152,32768,float,none,89.93,23.32,21.86,0,77.53,27.05,25.36,0,Direct,SIMPLE,8,RING,SIMPLE,8,1,Direct,A_flag_ceiling
all_gather_perf,2,16,4194304,65536,float,none,113.56,36.93,34.63,0,114.27,36.71,34.41,0,Direct,SIMPLE,8,RING,SIMPLE,8,1,Direct,A_flag_ceiling
all_gather_perf,2,16,8388608,131072,float,none,195.33,42.95,40.26,0,193.07,43.45,40.73,0,RING,SIMPLE,8,RING,SIMPLE,8,0,RING,A_flag_ceiling
all_gather_perf,2,16,16777216,262144,float,none,249.57,67.22,63.02,0,246.81,67.98,63.73,0,RING,SIMPLE,8,RING,SIMPLE,8,0,RING,A_flag_ceiling
all_gather_perf,2,16,33554432,524288,float,none,376.66,89.08,83.52,0,369.96,90.7,85.03,0,RING,SIMPLE,8,RING,SIMPLE,8,0,RING,A_flag_ceiling
all_gather_perf,2,16,67108864,1048576,float,none,625.86,107.23,100.52,0,616.22,108.9,102.1,0,RING,SIMPLE,8,RING,SIMPLE,8,0,RING,A_flag_ceiling
all_gather_perf,2,16,134217728,2097152,float,none,1152.39,116.47,109.19,0,1126.55,119.14,111.69,0,RING,SIMPLE,8,RING,SIMPLE,8,0,RING,A_flag_ceiling
all_gather_perf,2,16,268435456,4194304,float,none,2200.19,122.01,114.38,0,2149.72,124.87,117.07,0,RING,SIMPLE,8,RING,SIMPLE,8,0,RING,A_flag_ceiling
all_gather_perf,2,16,536870912,8388608,float,none,4395.67,122.14,114.5,0,4300.44,124.84,117.04,0,RING,SIMPLE,8,RING,SIMPLE,8,0,RING,A_flag_ceiling
all_gather_perf,2,16,4096,64,float,none,41.99,0.1,0.09,0,39.67,0.1,0.1,0,Direct,SIMPLE,8,RING,LL,8,1,Direct,A_flag_ceiling
all_gather_perf,2,16,8192,128,float,none,40.17,0.2,0.19,0,39.49,0.21,0.19,0,Direct,SIMPLE,8,RING,LL,8,1,Direct,A_flag_ceiling
all_gather_perf,2,16,16384,256,float,none,46.06,0.36,0.33,0,40.25,0.41,0.38,0,Direct,SIMPLE,8,RING,LL,8,1,Direct,A_flag_ceiling
all_gather_perf,2,16,32768,512,float,none,39.93,0.82,0.77,0,40.4,0.81,0.76,0,Direct,SIMPLE,8,RING,LL,8,1,Direct,A_flag_ceiling
all_gather_perf,2,16,65536,1024,float,none,41.8,1.57,1.47,0,41.66,1.57,1.47,0,Direct,SIMPLE,8,RING,LL,8,1,Direct,A_flag_ceiling
all_gather_perf,2,16,131072,2048,float,none,48.82,2.68,2.52,0,44.16,2.97,2.78,0,Direct,SIMPLE,8,RING,LL,8,1,Direct,A_flag_ceiling
all_gather_perf,2,16,262144,4096,float,none,46.01,5.7,5.34,0,44.1,5.94,5.57,0,Direct,SIMPLE,8,RING,LL,8,1,Direct,A_flag_ceiling
all_gather_perf,2,16,524288,8192,float,none,49.43,10.61,9.94,0,49.1,10.68,10.01,0,Direct,SIMPLE,8,RING,LL,8,1,Direct,A_flag_ceiling
all_gather_perf,2,16,1048576,16384,float,none,62.29,16.83,15.78,0,61.72,16.99,15.93,0,Direct,SIMPLE,8,RING,LL,8,1,Direct,A_flag_ceiling
all_gather_perf,2,16,2097152,32768,float,none,76.36,27.46,25.75,0,76.86,27.29,25.58,0,Direct,SIMPLE,8,RING,LL,8,1,Direct,A_flag_ceiling
all_gather_perf,2,16,4194304,65536,float,none,114.07,36.77,34.47,0,112.93,37.14,34.82,0,Direct,SIMPLE,8,RING,LL,8,1,Direct,A_flag_ceiling
all_gather_perf,2,16,8388608,131072,float,none,431.31,19.45,18.23,0,428.62,19.57,18.35,0,RING,LL,8,RING,LL,8,0,RING,A_flag_ceiling
all_gather_perf,2,16,16777216,262144,float,none,853.8,19.65,18.42,0,851.37,19.71,18.47,0,RING,LL,8,RING,LL,8,0,RING,A_flag_ceiling
all_gather_perf,2,16,33554432,524288,float,none,1702.87,19.7,18.47,0,1694.9,19.8,18.56,0,RING,LL,8,RING,LL,8,0,RING,A_flag_ceiling
all_gather_perf,2,16,67108864,1048576,float,none,3627.37,18.5,17.34,0,3414.01,19.66,18.43,0,RING,LL,8,RING,LL,8,0,RING,A_flag_ceiling
all_gather_perf,2,16,134217728,2097152,float,none,6957.41,19.29,18.09,0,6900.4,19.45,18.24,0,RING,LL,8,RING,LL,8,0,RING,A_flag_ceiling
all_gather_perf,2,16,268435456,4194304,float,none,13767.6,19.5,18.28,0,13749.0,19.52,18.3,0,RING,LL,8,RING,LL,8,0,RING,A_flag_ceiling
all_gather_perf,2,16,536870912,8388608,float,none,27631.4,19.43,18.22,0,27482.5,19.53,18.31,0,RING,LL,8,RING,LL,8,0,RING,A_flag_ceiling
all_gather_perf,2,16,4096,64,float,none,41.98,0.1,0.09,0,41.96,0.1,0.09,0,Direct,SIMPLE,8,RING,LL128,8,1,Direct,A_flag_ceiling
all_gather_perf,2,16,8192,128,float,none,40.4,0.2,0.19,0,40.07,0.2,0.19,0,Direct,SIMPLE,8,RING,LL128,8,1,Direct,A_flag_ceiling
all_gather_perf,2,16,16384,256,float,none,42.58,0.38,0.36,0,41.33,0.4,0.37,0,Direct,SIMPLE,8,RING,LL128,8,1,Direct,A_flag_ceiling
all_gather_perf,2,16,32768,512,float,none,40.49,0.81,0.76,0,40.79,0.8,0.75,0,Direct,SIMPLE,8,RING,LL128,8,1,Direct,A_flag_ceiling
all_gather_perf,2,16,65536,1024,float,none,42.39,1.55,1.45,0,41.75,1.57,1.47,0,Direct,SIMPLE,8,RING,LL128,8,1,Direct,A_flag_ceiling
all_gather_perf,2,16,131072,2048,float,none,45.23,2.9,2.72,0,45.56,2.88,2.7,0,Direct,SIMPLE,8,RING,LL128,8,1,Direct,A_flag_ceiling
all_gather_perf,2,16,262144,4096,float,none,44.01,5.96,5.58,0,43.82,5.98,5.61,0,Direct,SIMPLE,8,RING,LL128,8,1,Direct,A_flag_ceiling
all_gather_perf,2,16,524288,8192,float,none,49.52,10.59,9.93,0,49.33,10.63,9.96,0,Direct,SIMPLE,8,RING,LL128,8,1,Direct,A_flag_ceiling
all_gather_perf,2,16,1048576,16384,float,none,62.28,16.84,15.78,0,62.11,16.88,15.83,0,Direct,SIMPLE,8,RING,LL128,8,1,Direct,A_flag_ceiling
all_gather_perf,2,16,2097152,32768,float,none,89.49,23.43,21.97,0,77.8,26.96,25.27,0,Direct,SIMPLE,8,RING,LL128,8,1,Direct,A_flag_ceiling
all_gather_perf,2,16,4194304,65536,float,none,113.36,37.0,34.69,0,112.66,37.23,34.9,0,Direct,SIMPLE,8,RING,LL128,8,1,Direct,A_flag_ceiling
all_gather_perf,2,16,8388608,131072,float,none,123.37,68.0,63.75,0,121.61,68.98,64.67,0,RING,LL128,8,RING,LL128,8,0,RING,A_flag_ceiling
all_gather_perf,2,16,16777216,262144,float,none,232.49,72.16,67.65,0,229.2,73.2,68.62,0,RING,LL128,8,RING,LL128,8,0,RING,A_flag_ceiling
all_gather_perf,2,16,33554432,524288,float,none,427.29,78.53,73.62,0,417.81,80.31,75.29,0,RING,LL128,8,RING,LL128,8,0,RING,A_flag_ceiling
all_gather_perf,2,16,67108864,1048576,float,none,822.12,81.63,76.53,0,814.83,82.36,77.21,0,RING,LL128,8,RING,LL128,8,0,RING,A_flag_ceiling
all_gather_perf,2,16,134217728,2097152,float,none,1620.95,82.8,77.63,0,1607.97,83.47,78.25,0,RING,LL128,8,RING,LL128,8,0,RING,A_flag_ceiling
all_gather_perf,2,16,268435456,4194304,float,none,3223.71,83.27,78.06,0,3202.34,83.82,78.59,0,RING,LL128,8,RING,LL128,8,0,RING,A_flag_ceiling
all_gather_perf,2,16,536870912,8388608,float,none,6431.65,83.47,78.26,0,6372.03,84.25,78.99,0,RING,LL128,8,RING,LL128,8,0,RING,A_flag_ceiling
all_gather_perf,2,16,4096,64,float,none,35.85,0.11,0.11,0,35.39,0.12,0.11,0,Direct,SIMPLE,16,RING,SIMPLE,16,1,Direct,A_flag_ceiling
all_gather_perf,2,16,8192,128,float,none,34.61,0.24,0.22,0,35.44,0.23,0.22,0,Direct,SIMPLE,16,RING,SIMPLE,16,1,Direct,A_flag_ceiling
all_gather_perf,2,16,16384,256,float,none,39.95,0.41,0.38,0,36.44,0.45,0.42,0,Direct,SIMPLE,16,RING,SIMPLE,16,1,Direct,A_flag_ceiling
all_gather_perf,2,16,32768,512,float,none,34.67,0.95,0.89,0,34.5,0.95,0.89,0,Direct,SIMPLE,16,RING,SIMPLE,16,1,Direct,A_flag_ceiling
all_gather_perf,2,16,65536,1024,float,none,35.25,1.86,1.74,0,35.41,1.85,1.73,0,Direct,SIMPLE,16,RING,SIMPLE,16,1,Direct,A_flag_ceiling
all_gather_perf,2,16,131072,2048,float,none,38.55,3.4,3.19,0,37.05,3.54,3.32,0,Direct,SIMPLE,16,RING,SIMPLE,16,1,Direct,A_flag_ceiling
all_gather_perf,2,16,262144,4096,float,none,36.76,7.13,6.69,0,36.49,7.18,6.73,0,Direct,SIMPLE,16,RING,SIMPLE,16,1,Direct,A_flag_ceiling
all_gather_perf,2,16,524288,8192,float,none,41.53,12.62,11.83,0,41.26,12.71,11.91,0,Direct,SIMPLE,16,RING,SIMPLE,16,1,Direct,A_flag_ceiling
all_gather_perf,2,16,1048576,16384,float,none,53.66,19.54,18.32,0,51.91,20.2,18.94,0,Direct,SIMPLE,16,RING,SIMPLE,16,1,Direct,A_flag_ceiling
all_gather_perf,2,16,2097152,32768,float,none,76.31,27.48,25.76,0,62.13,33.75,31.64,0,Direct,SIMPLE,16,RING,SIMPLE,16,1,Direct,A_flag_ceiling
all_gather_perf,2,16,4194304,65536,float,none,91.33,45.93,43.06,0,91.17,46.0,43.13,0,Direct,SIMPLE,16,RING,SIMPLE,16,1,Direct,A_flag_ceiling
all_gather_perf,2,16,8388608,131072,float,none,197.69,42.43,39.78,0,195.63,42.88,40.2,0,RING,SIMPLE,16,RING,SIMPLE,16,0,RING,A_flag_ceiling
all_gather_perf,2,16,16777216,262144,float,none,202.87,82.7,77.53,0,201.73,83.17,77.97,0,RING,SIMPLE,16,RING,SIMPLE,16,0,RING,A_flag_ceiling
all_gather_perf,2,16,33554432,524288,float,none,260.6,128.76,120.71,0,258.12,129.99,121.87,0,RING,SIMPLE,16,RING,SIMPLE,16,0,RING,A_flag_ceiling
all_gather_perf,2,16,67108864,1048576,float,none,381.21,176.04,165.04,0,380.23,176.49,165.46,0,RING,SIMPLE,16,RING,SIMPLE,16,0,RING,A_flag_ceiling
all_gather_perf,2,16,134217728,2097152,float,none,636.54,210.85,197.68,0,634.63,211.49,198.27,0,RING,SIMPLE,16,RING,SIMPLE,16,0,RING,A_flag_ceiling
all_gather_perf,2,16,268435456,4194304,float,none,1156.12,232.19,217.68,0,1142.34,234.99,220.3,0,RING,SIMPLE,16,RING,SIMPLE,16,0,RING,A_flag_ceiling
all_gather_perf,2,16,536870912,8388608,float,none,2139.12,250.98,235.29,0,2104.15,255.15,239.2,0,RING,SIMPLE,16,RING,SIMPLE,16,0,RING,A_flag_ceiling
all_gather_perf,2,16,4096,64,float,none,36.39,0.11,0.11,0,34.83,0.12,0.11,0,Direct,SIMPLE,16,RING,LL,16,1,Direct,A_flag_ceiling
all_gather_perf,2,16,8192,128,float,none,35.49,0.23,0.22,0,34.37,0.24,0.22,0,Direct,SIMPLE,16,RING,LL,16,1,Direct,A_flag_ceiling
all_gather_perf,2,16,16384,256,float,none,37.99,0.43,0.4,0,36.12,0.45,0.43,0,Direct,SIMPLE,16,RING,LL,16,1,Direct,A_flag_ceiling
all_gather_perf,2,16,32768,512,float,none,35.9,0.91,0.86,0,34.55,0.95,0.89,0,Direct,SIMPLE,16,RING,LL,16,1,Direct,A_flag_ceiling
all_gather_perf,2,16,65536,1024,float,none,35.35,1.85,1.74,0,34.83,1.88,1.76,0,Direct,SIMPLE,16,RING,LL,16,1,Direct,A_flag_ceiling
all_gather_perf,2,16,131072,2048,float,none,38.28,3.42,3.21,0,36.24,3.62,3.39,0,Direct,SIMPLE,16,RING,LL,16,1,Direct,A_flag_ceiling
all_gather_perf,2,16,262144,4096,float,none,36.41,7.2,6.75,0,36.82,7.12,6.67,0,Direct,SIMPLE,16,RING,LL,16,1,Direct,A_flag_ceiling
all_gather_perf,2,16,524288,8192,float,none,40.62,12.91,12.1,0,40.75,12.87,12.06,0,Direct,SIMPLE,16,RING,LL,16,1,Direct,A_flag_ceiling
all_gather_perf,2,16,1048576,16384,float,none,52.63,19.92,18.68,0,51.13,20.51,19.23,0,Direct,SIMPLE,16,RING,LL,16,1,Direct,A_flag_ceiling
all_gather_perf,2,16,2097152,32768,float,none,62.64,33.48,31.39,0,62.35,33.63,31.53,0,Direct,SIMPLE,16,RING,LL,16,1,Direct,A_flag_ceiling
all_gather_perf,2,16,4194304,65536,float,none,91.83,45.68,42.82,0,91.52,45.83,42.97,0,Direct,SIMPLE,16,RING,LL,16,1,Direct,A_flag_ceiling
all_gather_perf,2,16,8388608,131072,float,none,250.82,33.44,31.35,0,248.83,33.71,31.61,0,RING,LL,16,RING,LL,16,0,RING,A_flag_ceiling
all_gather_perf,2,16,16777216,262144,float,none,479.44,34.99,32.81,0,480.36,34.93,32.74,0,RING,LL,16,RING,LL,16,0,RING,A_flag_ceiling
all_gather_perf,2,16,33554432,524288,float,none,939.11,35.73,33.5,0,938.36,35.76,33.52,0,RING,LL,16,RING,LL,16,0,RING,A_flag_ceiling
all_gather_perf,2,16,67108864,1048576,float,none,1870.52,35.88,33.63,0,1865.01,35.98,33.73,0,RING,LL,16,RING,LL,16,0,RING,A_flag_ceiling
all_gather_perf,2,16,134217728,2097152,float,none,3743.27,35.86,33.61,0,3738.99,35.9,33.65,0,RING,LL,16,RING,LL,16,0,RING,A_flag_ceiling
all_gather_perf,2,16,268435456,4194304,float,none,7502.97,35.78,33.54,0,7504.46,35.77,33.53,0,RING,LL,16,RING,LL,16,0,RING,A_flag_ceiling
all_gather_perf,2,16,536870912,8388608,float,none,15000.5,35.79,33.55,0,14968.8,35.87,33.62,0,RING,LL,16,RING,LL,16,0,RING,A_flag_ceiling
all_gather_perf,2,16,4096,64,float,none,36.99,0.11,0.1,0,36.29,0.11,0.11,0,Direct,SIMPLE,16,RING,LL128,16,1,Direct,A_flag_ceiling
all_gather_perf,2,16,8192,128,float,none,35.5,0.23,0.22,0,34.46,0.24,0.22,0,Direct,SIMPLE,16,RING,LL128,16,1,Direct,A_flag_ceiling
all_gather_perf,2,16,16384,256,float,none,38.7,0.42,0.4,0,35.56,0.46,0.43,0,Direct,SIMPLE,16,RING,LL128,16,1,Direct,A_flag_ceiling
all_gather_perf,2,16,32768,512,float,none,35.08,0.93,0.88,0,34.7,0.94,0.89,0,Direct,SIMPLE,16,RING,LL128,16,1,Direct,A_flag_ceiling
all_gather_perf,2,16,65536,1024,float,none,36.56,1.79,1.68,0,35.35,1.85,1.74,0,Direct,SIMPLE,16,RING,LL128,16,1,Direct,A_flag_ceiling
all_gather_perf,2,16,131072,2048,float,none,37.48,3.5,3.28,0,36.11,3.63,3.4,0,Direct,SIMPLE,16,RING,LL128,16,1,Direct,A_flag_ceiling
all_gather_perf,2,16,262144,4096,float,none,36.87,7.11,6.67,0,37.73,6.95,6.51,0,Direct,SIMPLE,16,RING,LL128,16,1,Direct,A_flag_ceiling
all_gather_perf,2,16,524288,8192,float,none,40.93,12.81,12.01,0,40.73,12.87,12.07,0,Direct,SIMPLE,16,RING,LL128,16,1,Direct,A_flag_ceiling
all_gather_perf,2,16,1048576,16384,float,none,53.08,19.76,18.52,0,51.68,20.29,19.02,0,Direct,SIMPLE,16,RING,LL128,16,1,Direct,A_flag_ceiling
all_gather_perf,2,16,2097152,32768,float,none,75.16,27.9,26.16,0,62.5,33.56,31.46,0,Direct,SIMPLE,16,RING,LL128,16,1,Direct,A_flag_ceiling
all_gather_perf,2,16,4194304,65536,float,none,91.49,45.84,42.98,0,91.42,45.88,43.01,0,Direct,SIMPLE,16,RING,LL128,16,1,Direct,A_flag_ceiling
all_gather_perf,2,16,8388608,131072,float,none,88.94,94.31,88.42,0,87.92,95.41,89.44,0,RING,LL128,16,RING,LL128,16,0,RING,A_flag_ceiling
all_gather_perf,2,16,16777216,262144,float,none,131.47,127.61,119.64,0,128.33,130.74,122.57,0,RING,LL128,16,RING,LL128,16,0,RING,A_flag_ceiling
all_gather_perf,2,16,33554432,524288,float,none,243.25,137.94,129.32,0,240.19,139.7,130.97,0,RING,LL128,16,RING,LL128,16,0,RING,A_flag_ceiling
all_gather_perf,2,16,67108864,1048576,float,none,444.95,150.82,141.4,0,438.34,153.1,143.53,0,RING,LL128,16,RING,LL128,16,0,RING,A_flag_ceiling
all_gather_perf,2,16,134217728,2097152,float,none,867.79,154.67,145.0,0,858.79,156.29,146.52,0,RING,LL128,16,RING,LL128,16,0,RING,A_flag_ceiling
all_gather_perf,2,16,268435456,4194304,float,none,1702.23,157.7,147.84,0,1685.79,159.23,149.28,0,RING,LL128,16,RING,LL128,16,0,RING,A_flag_ceiling
all_gather_perf,2,16,536870912,8388608,float,none,3380.78,158.8,148.88,0,3337.84,160.84,150.79,0,RING,LL128,16,RING,LL128,16,0,RING,A_flag_ceiling
all_gather_perf,2,16,4096,64,float,none,35.44,0.12,0.11,0,34.66,0.12,0.11,0,Direct,SIMPLE,32,RING,SIMPLE,24,1,Direct,A_flag_ceiling
all_gather_perf,2,16,8192,128,float,none,35.03,0.23,0.22,0,34.68,0.24,0.22,0,Direct,SIMPLE,32,RING,SIMPLE,24,1,Direct,A_flag_ceiling
all_gather_perf,2,16,16384,256,float,none,37.48,0.44,0.41,0,35.83,0.46,0.43,0,Direct,SIMPLE,32,RING,SIMPLE,24,1,Direct,A_flag_ceiling
all_gather_perf,2,16,32768,512,float,none,34.57,0.95,0.89,0,34.44,0.95,0.89,0,Direct,SIMPLE,32,RING,SIMPLE,24,1,Direct,A_flag_ceiling
all_gather_perf,2,16,65536,1024,float,none,35.6,1.84,1.73,0,35.38,1.85,1.74,0,Direct,SIMPLE,32,RING,SIMPLE,24,1,Direct,A_flag_ceiling
all_gather_perf,2,16,131072,2048,float,none,36.74,3.57,3.34,0,35.81,3.66,3.43,0,Direct,SIMPLE,32,RING,SIMPLE,24,1,Direct,A_flag_ceiling
all_gather_perf,2,16,262144,4096,float,none,36.28,7.23,6.77,0,36.88,7.11,6.66,0,Direct,SIMPLE,32,RING,SIMPLE,24,1,Direct,A_flag_ceiling
all_gather_perf,2,16,524288,8192,float,none,41.33,12.68,11.89,0,40.74,12.87,12.07,0,Direct,SIMPLE,32,RING,SIMPLE,24,1,Direct,A_flag_ceiling
all_gather_perf,2,16,1048576,16384,float,none,52.4,20.01,18.76,0,51.35,20.42,19.14,0,Direct,SIMPLE,32,RING,SIMPLE,24,1,Direct,A_flag_ceiling
all_gather_perf,2,16,2097152,32768,float,none,61.99,33.83,31.71,0,63.52,33.02,30.95,0,Direct,SIMPLE,32,RING,SIMPLE,24,1,Direct,A_flag_ceiling
all_gather_perf,2,16,4194304,65536,float,none,91.6,45.79,42.93,0,91.6,45.79,42.93,0,Direct,SIMPLE,32,RING,SIMPLE,24,1,Direct,A_flag_ceiling
all_gather_perf,2,16,8388608,131072,float,none,216.15,38.81,36.38,0,211.66,39.63,37.16,0,RING,SIMPLE,24,RING,SIMPLE,24,0,RING,A_flag_ceiling
all_gather_perf,2,16,16777216,262144,float,none,219.64,76.39,71.61,0,214.9,78.07,73.19,0,RING,SIMPLE,24,RING,SIMPLE,24,0,RING,A_flag_ceiling
all_gather_perf,2,16,33554432,524288,float,none,236.94,141.62,132.77,0,235.71,142.35,133.46,0,RING,SIMPLE,24,RING,SIMPLE,24,0,RING,A_flag_ceiling
all_gather_perf,2,16,67108864,1048576,float,none,314.02,213.71,200.35,0,312.63,214.66,201.24,0,RING,SIMPLE,24,RING,SIMPLE,24,0,RING,A_flag_ceiling
all_gather_perf,2,16,134217728,2097152,float,none,481.31,278.86,261.43,0,479.7,279.79,262.31,0,RING,SIMPLE,24,RING,SIMPLE,24,0,RING,A_flag_ceiling
all_gather_perf,2,16,268435456,4194304,float,none,851.64,315.2,295.5,0,845.63,317.44,297.6,0,RING,SIMPLE,24,RING,SIMPLE,24,0,RING,A_flag_ceiling
all_gather_perf,2,16,536870912,8388608,float,none,1535.85,349.56,327.71,0,1527.49,351.47,329.51,0,RING,SIMPLE,24,RING,SIMPLE,24,0,RING,A_flag_ceiling
all_gather_perf,2,16,4096,64,float,none,38.34,0.11,0.1,0,35.3,0.12,0.11,0,Direct,SIMPLE,32,RING,LL,24,1,Direct,A_flag_ceiling
all_gather_perf,2,16,8192,128,float,none,35.21,0.23,0.22,0,34.64,0.24,0.22,0,Direct,SIMPLE,32,RING,LL,24,1,Direct,A_flag_ceiling
all_gather_perf,2,16,16384,256,float,none,36.61,0.45,0.42,0,37.92,0.43,0.41,0,Direct,SIMPLE,32,RING,LL,24,1,Direct,A_flag_ceiling
all_gather_perf,2,16,32768,512,float,none,34.54,0.95,0.89,0,121.42,0.27,0.25,0,Direct,SIMPLE,32,RING,LL,24,1,Direct,A_flag_ceiling
all_gather_perf,2,16,65536,1024,float,none,35.31,1.86,1.74,0,34.71,1.89,1.77,0,Direct,SIMPLE,32,RING,LL,24,1,Direct,A_flag_ceiling
all_gather_perf,2,16,131072,2048,float,none,38.79,3.38,3.17,0,36.64,3.58,3.35,0,Direct,SIMPLE,32,RING,LL,24,1,Direct,A_flag_ceiling
all_gather_perf,2,16,262144,4096,float,none,36.55,7.17,6.72,0,37.29,7.03,6.59,0,Direct,SIMPLE,32,RING,LL,24,1,Direct,A_flag_ceiling
all_gather_perf,2,16,524288,8192,float,none,41.3,12.69,11.9,0,41.13,12.75,11.95,0,Direct,SIMPLE,32,RING,LL,24,1,Direct,A_flag_ceiling
all_gather_perf,2,16,1048576,16384,float,none,143.08,7.33,6.87,0,52.18,20.1,18.84,0,Direct,SIMPLE,32,RING,LL,24,1,Direct,A_flag_ceiling
all_gather_perf,2,16,2097152,32768,float,none,129.89,16.15,15.14,0,62.65,33.48,31.38,0,Direct,SIMPLE,32,RING,LL,24,1,Direct,A_flag_ceiling
all_gather_perf,2,16,4194304,65536,float,none,101.76,41.22,38.64,0,91.71,45.73,42.88,0,Direct,SIMPLE,32,RING,LL,24,1,Direct,A_flag_ceiling
all_gather_perf,2,16,8388608,131072,float,none,280.2,29.94,28.07,0,280.19,29.94,28.07,0,RING,LL,24,RING,LL,24,0,RING,A_flag_ceiling
all_gather_perf,2,16,16777216,262144,float,none,470.22,35.68,33.45,0,467.47,35.89,33.65,0,RING,LL,24,RING,LL,24,0,RING,A_flag_ceiling
all_gather_perf,2,16,33554432,524288,float,none,913.33,36.74,34.44,0,915.68,36.64,34.35,0,RING,LL,24,RING,LL,24,0,RING,A_flag_ceiling
all_gather_perf,2,16,67108864,1048576,float,none,1731.22,38.76,36.34,0,1727.82,38.84,36.41,0,RING,LL,24,RING,LL,24,0,RING,A_flag_ceiling
all_gather_perf,2,16,134217728,2097152,float,none,3426.25,39.17,36.72,0,3428.66,39.15,36.7,0,RING,LL,24,RING,LL,24,0,RING,A_flag_ceiling
all_gather_perf,2,16,268435456,4194304,float,none,6747.45,39.78,37.3,0,6368.99,42.15,39.51,0,RING,LL,24,RING,LL,24,0,RING,A_flag_ceiling
all_gather_perf,2,16,536870912,8388608,float,none,12755.7,42.09,39.46,0,12664.1,42.39,39.74,0,RING,LL,24,RING,LL,24,0,RING,A_flag_ceiling
all_gather_perf,2,16,4096,64,float,none,35.46,0.12,0.11,0,35.13,0.12,0.11,0,Direct,SIMPLE,32,RING,LL128,24,1,Direct,A_flag_ceiling
all_gather_perf,2,16,8192,128,float,none,34.46,0.24,0.22,0,34.41,0.24,0.22,0,Direct,SIMPLE,32,RING,LL128,24,1,Direct,A_flag_ceiling
all_gather_perf,2,16,16384,256,float,none,36.41,0.45,0.42,0,35.74,0.46,0.43,0,Direct,SIMPLE,32,RING,LL128,24,1,Direct,A_flag_ceiling
all_gather_perf,2,16,32768,512,float,none,34.78,0.94,0.88,0,34.46,0.95,0.89,0,Direct,SIMPLE,32,RING,LL128,24,1,Direct,A_flag_ceiling
all_gather_perf,2,16,65536,1024,float,none,35.15,1.86,1.75,0,34.96,1.87,1.76,0,Direct,SIMPLE,32,RING,LL128,24,1,Direct,A_flag_ceiling
all_gather_perf,2,16,131072,2048,float,none,38.23,3.43,3.21,0,35.88,3.65,3.42,0,Direct,SIMPLE,32,RING,LL128,24,1,Direct,A_flag_ceiling
all_gather_perf,2,16,262144,4096,float,none,36.34,7.21,6.76,0,36.59,7.16,6.72,0,Direct,SIMPLE,32,RING,LL128,24,1,Direct,A_flag_ceiling
all_gather_perf,2,16,524288,8192,float,none,40.54,12.93,12.12,0,40.86,12.83,12.03,0,Direct,SIMPLE,32,RING,LL128,24,1,Direct,A_flag_ceiling
all_gather_perf,2,16,1048576,16384,float,none,58.27,17.99,16.87,0,51.77,20.25,18.99,0,Direct,SIMPLE,32,RING,LL128,24,1,Direct,A_flag_ceiling
all_gather_perf,2,16,2097152,32768,float,none,76.15,27.54,25.82,0,62.16,33.74,31.63,0,Direct,SIMPLE,32,RING,LL128,24,1,Direct,A_flag_ceiling
all_gather_perf,2,16,4194304,65536,float,none,91.03,46.08,43.2,0,91.31,45.93,43.06,0,Direct,SIMPLE,32,RING,LL128,24,1,Direct,A_flag_ceiling
all_gather_perf,2,16,8388608,131072,float,none,86.23,97.29,91.21,0,84.08,99.77,93.54,0,RING,LL128,24,RING,LL128,24,0,RING,A_flag_ceiling
all_gather_perf,2,16,16777216,262144,float,none,109.65,153.0,143.44,0,107.12,156.62,146.83,0,RING,LL128,24,RING,LL128,24,0,RING,A_flag_ceiling
all_gather_perf,2,16,33554432,524288,float,none,172.64,194.36,182.22,0,172.15,194.92,182.74,0,RING,LL128,24,RING,LL128,24,0,RING,A_flag_ceiling
all_gather_perf,2,16,67108864,1048576,float,none,327.1,205.16,192.34,0,314.51,213.38,200.04,0,RING,LL128,24,RING,LL128,24,0,RING,A_flag_ceiling
all_gather_perf,2,16,134217728,2097152,float,none,613.63,218.73,205.06,0,608.5,220.57,206.79,0,RING,LL128,24,RING,LL128,24,0,RING,A_flag_ceiling
all_gather_perf,2,16,268435456,4194304,float,none,1192.74,225.06,210.99,0,1180.77,227.34,213.13,0,RING,LL128,24,RING,LL128,24,0,RING,A_flag_ceiling
all_gather_perf,2,16,536870912,8388608,float,none,2364.05,227.1,212.9,0,2339.8,229.45,215.11,0,RING,LL128,24,RING,LL128,24,0,RING,A_flag_ceiling
all_gather_perf,2,16,4096,64,float,none,36.72,0.11,0.1,0,34.2,0.12,0.11,0,Direct,SIMPLE,32,RING,SIMPLE,32,1,Direct,A_flag_ceiling
all_gather_perf,2,16,8192,128,float,none,34.49,0.24,0.22,0,35.49,0.23,0.22,0,Direct,SIMPLE,32,RING,SIMPLE,32,1,Direct,A_flag_ceiling
all_gather_perf,2,16,16384,256,float,none,37.17,0.44,0.41,0,35.25,0.46,0.44,0,Direct,SIMPLE,32,RING,SIMPLE,32,1,Direct,A_flag_ceiling
all_gather_perf,2,16,32768,512,float,none,34.68,0.94,0.89,0,33.84,0.97,0.91,0,Direct,SIMPLE,32,RING,SIMPLE,32,1,Direct,A_flag_ceiling
all_gather_perf,2,16,65536,1024,float,none,35.7,1.84,1.72,0,34.7,1.89,1.77,0,Direct,SIMPLE,32,RING,SIMPLE,32,1,Direct,A_flag_ceiling
all_gather_perf,2,16,131072,2048,float,none,36.11,3.63,3.4,0,36.56,3.59,3.36,0,Direct,SIMPLE,32,RING,SIMPLE,32,1,Direct,A_flag_ceiling
all_gather_perf,2,16,262144,4096,float,none,36.38,7.21,6.76,0,36.43,7.2,6.75,0,Direct,SIMPLE,32,RING,SIMPLE,32,1,Direct,A_flag_ceiling
all_gather_perf,2,16,524288,8192,float,none,41.3,12.7,11.9,0,40.79,12.85,12.05,0,Direct,SIMPLE,32,RING,SIMPLE,32,1,Direct,A_flag_ceiling
all_gather_perf,2,16,1048576,16384,float,none,52.02,20.16,18.9,0,51.04,20.54,19.26,0,Direct,SIMPLE,32,RING,SIMPLE,32,1,Direct,A_flag_ceiling
all_gather_perf,2,16,2097152,32768,float,none,62.12,33.76,31.65,0,75.55,27.76,26.03,0,Direct,SIMPLE,32,RING,SIMPLE,32,1,Direct,A_flag_ceiling
all_gather_perf,2,16,4194304,65536,float,none,88.0,47.66,44.68,0,87.54,47.91,44.92,0,Direct,SIMPLE,32,RING,SIMPLE,32,1,Direct,A_flag_ceiling
all_gather_perf,2,16,8388608,131072,float,none,244.88,34.26,32.11,0,240.16,34.93,32.75,0,RING,SIMPLE,32,RING,SIMPLE,32,0,RING,A_flag_ceiling
all_gather_perf,2,16,16777216,262144,float,none,247.36,67.82,63.59,0,241.47,69.48,65.14,0,RING,SIMPLE,32,RING,SIMPLE,32,0,RING,A_flag_ceiling
all_gather_perf,2,16,33554432,524288,float,none,247.17,135.75,127.27,0,248.25,135.17,126.72,0,RING,SIMPLE,32,RING,SIMPLE,32,0,RING,A_flag_ceiling
all_gather_perf,2,16,67108864,1048576,float,none,292.3,229.59,215.24,0,290.11,231.32,216.86,0,RING,SIMPLE,32,RING,SIMPLE,32,0,RING,A_flag_ceiling
all_gather_perf,2,16,134217728,2097152,float,none,424.58,316.12,296.36,0,431.53,311.03,291.59,0,RING,SIMPLE,32,RING,SIMPLE,32,0,RING,A_flag_ceiling
all_gather_perf,2,16,268435456,4194304,float,none,729.76,367.84,344.85,0,724.84,370.34,347.19,0,RING,SIMPLE,32,RING,SIMPLE,32,0,RING,A_flag_ceiling
all_gather_perf,2,16,536870912,8388608,float,none,1401.34,383.11,359.17,0,1391.54,385.81,361.7,0,RING,SIMPLE,32,RING,SIMPLE,32,0,RING,A_flag_ceiling
all_gather_perf,2,16,4096,64,float,none,36.81,0.11,0.1,0,35.02,0.12,0.11,0,Direct,SIMPLE,32,RING,LL,32,1,Direct,A_flag_ceiling
all_gather_perf,2,16,8192,128,float,none,34.64,0.24,0.22,0,34.96,0.23,0.22,0,Direct,SIMPLE,32,RING,LL,32,1,Direct,A_flag_ceiling
all_gather_perf,2,16,16384,256,float,none,35.91,0.46,0.43,0,35.04,0.47,0.44,0,Direct,SIMPLE,32,RING,LL,32,1,Direct,A_flag_ceiling
all_gather_perf,2,16,32768,512,float,none,35.6,0.92,0.86,0,37.36,0.88,0.82,0,Direct,SIMPLE,32,RING,LL,32,1,Direct,A_flag_ceiling
all_gather_perf,2,16,65536,1024,float,none,35.49,1.85,1.73,0,37.82,1.73,1.62,0,Direct,SIMPLE,32,RING,LL,32,1,Direct,A_flag_ceiling
all_gather_perf,2,16,131072,2048,float,none,37.53,3.49,3.27,0,36.04,3.64,3.41,0,Direct,SIMPLE,32,RING,LL,32,1,Direct,A_flag_ceiling
all_gather_perf,2,16,262144,4096,float,none,38.41,6.83,6.4,0,36.92,7.1,6.66,0,Direct,SIMPLE,32,RING,LL,32,1,Direct,A_flag_ceiling
all_gather_perf,2,16,524288,8192,float,none,41.0,12.79,11.99,0,41.12,12.75,11.95,0,Direct,SIMPLE,32,RING,LL,32,1,Direct,A_flag_ceiling
all_gather_perf,2,16,1048576,16384,float,none,53.2,19.71,18.48,0,51.63,20.31,19.04,0,Direct,SIMPLE,32,RING,LL,32,1,Direct,A_flag_ceiling
all_gather_perf,2,16,2097152,32768,float,none,62.2,33.72,31.61,0,62.16,33.74,31.63,0,Direct,SIMPLE,32,RING,LL,32,1,Direct,A_flag_ceiling
all_gather_perf,2,16,4194304,65536,float,none,86.17,48.67,45.63,0,86.15,48.69,45.64,0,Direct,SIMPLE,32,RING,LL,32,1,Direct,A_flag_ceiling
all_gather_perf,2,16,8388608,131072,float,none,222.31,37.73,35.38,0,220.32,38.07,35.7,0,RING,LL,32,RING,LL,32,0,RING,A_flag_ceiling
all_gather_perf,2,16,16777216,262144,float,none,442.86,37.88,35.52,0,434.6,38.6,36.19,0,RING,LL,32,RING,LL,32,0,RING,A_flag_ceiling
all_gather_perf,2,16,33554432,524288,float,none,856.53,39.17,36.73,0,849.27,39.51,37.04,0,RING,LL,32,RING,LL,32,0,RING,A_flag_ceiling
all_gather_perf,2,16,67108864,1048576,float,none,1790.02,37.49,35.15,0,1646.57,40.76,38.21,0,RING,LL,32,RING,LL,32,0,RING,A_flag_ceiling
all_gather_perf,2,16,134217728,2097152,float,none,3279.01,40.93,38.37,0,3499.11,38.36,35.96,0,RING,LL,32,RING,LL,32,0,RING,A_flag_ceiling
all_gather_perf,2,16,268435456,4194304,float,none,6510.3,41.23,38.66,0,6481.82,41.41,38.83,0,RING,LL,32,RING,LL,32,0,RING,A_flag_ceiling
all_gather_perf,2,16,536870912,8388608,float,none,12281.6,43.71,40.98,0,12254.3,43.81,41.07,0,RING,LL,32,RING,LL,32,0,RING,A_flag_ceiling
all_gather_perf,2,16,4096,64,float,none,37.12,0.11,0.1,0,35.2,0.12,0.11,0,Direct,SIMPLE,32,RING,LL128,32,1,Direct,A_flag_ceiling
all_gather_perf,2,16,8192,128,float,none,38.43,0.21,0.2,0,35.15,0.23,0.22,0,Direct,SIMPLE,32,RING,LL128,32,1,Direct,A_flag_ceiling
all_gather_perf,2,16,16384,256,float,none,37.98,0.43,0.4,0,36.06,0.45,0.43,0,Direct,SIMPLE,32,RING,LL128,32,1,Direct,A_flag_ceiling
all_gather_perf,2,16,32768,512,float,none,35.05,0.93,0.88,0,35.68,0.92,0.86,0,Direct,SIMPLE,32,RING,LL128,32,1,Direct,A_flag_ceiling
all_gather_perf,2,16,65536,1024,float,none,42.26,1.55,1.45,0,34.76,1.89,1.77,0,Direct,SIMPLE,32,RING,LL128,32,1,Direct,A_flag_ceiling
all_gather_perf,2,16,131072,2048,float,none,38.06,3.44,3.23,0,35.4,3.7,3.47,0,Direct,SIMPLE,32,RING,LL128,32,1,Direct,A_flag_ceiling
all_gather_perf,2,16,262144,4096,float,none,36.38,7.21,6.76,0,36.66,7.15,6.7,0,Direct,SIMPLE,32,RING,LL128,32,1,Direct,A_flag_ceiling
all_gather_perf,2,16,524288,8192,float,none,164.51,3.19,2.99,0,81.27,6.45,6.05,0,Direct,SIMPLE,32,RING,LL128,32,1,Direct,A_flag_ceiling
all_gather_perf,2,16,1048576,16384,float,none,62.41,16.8,15.75,0,51.34,20.43,19.15,0,Direct,SIMPLE,32,RING,LL128,32,1,Direct,A_flag_ceiling
all_gather_perf,2,16,2097152,32768,float,none,61.79,33.94,31.82,0,62.2,33.72,31.61,0,Direct,SIMPLE,32,RING,LL128,32,1,Direct,A_flag_ceiling
all_gather_perf,2,16,4194304,65536,float,none,96.29,43.56,40.84,0,85.62,48.99,45.93,0,Direct,SIMPLE,32,RING,LL128,32,1,Direct,A_flag_ceiling
all_gather_perf,2,16,8388608,131072,float,none,101.49,82.65,77.48,0,99.47,84.34,79.06,0,RING,LL128,32,RING,LL128,32,0,RING,A_flag_ceiling
all_gather_perf,2,16,16777216,262144,float,none,110.66,151.62,142.14,0,109.33,153.45,143.86,0,RING,LL128,32,RING,LL128,32,0,RING,A_flag_ceiling
all_gather_perf,2,16,33554432,524288,float,none,151.21,221.91,208.04,0,149.53,224.4,210.38,0,RING,LL128,32,RING,LL128,32,0,RING,A_flag_ceiling
all_gather_perf,2,16,67108864,1048576,float,none,280.66,239.11,224.17,0,279.28,240.29,225.27,0,RING,LL128,32,RING,LL128,32,0,RING,A_flag_ceiling
all_gather_perf,2,16,134217728,2097152,float,none,506.03,265.24,248.66,0,503.41,266.62,249.96,0,RING,LL128,32,RING,LL128,32,0,RING,A_flag_ceiling
all_gather_perf,2,16,268435456,4194304,float,none,988.24,271.63,254.65,0,983.1,273.05,255.98,0,RING,LL128,32,RING,LL128,32,0,RING,A_flag_ceiling
all_gather_perf,2,16,536870912,8388608,float,none,1923.23,279.15,261.7,0,1912.83,280.67,263.13,0,RING,LL128,32,RING,LL128,32,0,RING,A_flag_ceiling
all_gather_perf,2,16,4096,64,float,none,35.91,0.11,0.11,0,83.49,0.05,0.05,0,Direct,SIMPLE,32,RING,SIMPLE,40,1,Direct,A_flag_ceiling
all_gather_perf,2,16,8192,128,float,none,34.39,0.24,0.22,0,34.96,0.23,0.22,0,Direct,SIMPLE,32,RING,SIMPLE,40,1,Direct,A_flag_ceiling
all_gather_perf,2,16,16384,256,float,none,36.65,0.45,0.42,0,35.69,0.46,0.43,0,Direct,SIMPLE,32,RING,SIMPLE,40,1,Direct,A_flag_ceiling
all_gather_perf,2,16,32768,512,float,none,35.16,0.93,0.87,0,34.35,0.95,0.89,0,Direct,SIMPLE,32,RING,SIMPLE,40,1,Direct,A_flag_ceiling
all_gather_perf,2,16,65536,1024,float,none,35.45,1.85,1.73,0,113.31,0.58,0.54,0,Direct,SIMPLE,32,RING,SIMPLE,40,1,Direct,A_flag_ceiling
all_gather_perf,2,16,131072,2048,float,none,86.11,1.52,1.43,0,35.82,3.66,3.43,0,Direct,SIMPLE,32,RING,SIMPLE,40,1,Direct,A_flag_ceiling
all_gather_perf,2,16,262144,4096,float,none,60.42,4.34,4.07,0,36.7,7.14,6.7,0,Direct,SIMPLE,32,RING,SIMPLE,40,1,Direct,A_flag_ceiling
all_gather_perf,2,16,524288,8192,float,none,41.1,12.76,11.96,0,41.87,12.52,11.74,0,Direct,SIMPLE,32,RING,SIMPLE,40,1,Direct,A_flag_ceiling
all_gather_perf,2,16,1048576,16384,float,none,52.96,19.8,18.56,0,51.58,20.33,19.06,0,Direct,SIMPLE,32,RING,SIMPLE,40,1,Direct,A_flag_ceiling
all_gather_perf,2,16,2097152,32768,float,none,75.32,27.84,26.1,0,62.17,33.73,31.62,0,Direct,SIMPLE,32,RING,SIMPLE,40,1,Direct,A_flag_ceiling
all_gather_perf,2,16,4194304,65536,float,none,85.82,48.87,45.82,0,86.34,48.58,45.54,0,Direct,SIMPLE,32,RING,SIMPLE,40,1,Direct,A_flag_ceiling
all_gather_perf,2,16,8388608,131072,float,none,279.09,30.06,28.18,0,271.75,30.87,28.94,0,RING,SIMPLE,40,RING,SIMPLE,40,0,RING,A_flag_ceiling
all_gather_perf,2,16,16777216,262144,float,none,276.66,60.64,56.85,0,272.73,61.52,57.67,0,RING,SIMPLE,40,RING,SIMPLE,40,0,RING,A_flag_ceiling
all_gather_perf,2,16,33554432,524288,float,none,281.83,119.06,111.62,0,280.85,119.48,112.01,0,RING,SIMPLE,40,RING,SIMPLE,40,0,RING,A_flag_ceiling
all_gather_perf,2,16,67108864,1048576,float,none,306.95,218.63,204.97,0,308.65,217.43,203.84,0,RING,SIMPLE,40,RING,SIMPLE,40,0,RING,A_flag_ceiling
all_gather_perf,2,16,134217728,2097152,float,none,413.1,324.9,304.6,0,411.26,326.36,305.96,0,RING,SIMPLE,40,RING,SIMPLE,40,0,RING,A_flag_ceiling
all_gather_perf,2,16,268435456,4194304,float,none,711.49,377.29,353.71,0,706.49,379.96,356.21,0,RING,SIMPLE,40,RING,SIMPLE,40,0,RING,A_flag_ceiling
all_gather_perf,2,16,536870912,8388608,float,none,1392.22,385.62,361.52,0,1384.32,387.82,363.58,0,RING,SIMPLE,40,RING,SIMPLE,40,0,RING,A_flag_ceiling
all_gather_perf,2,16,4096,64,float,none,37.39,0.11,0.1,0,34.74,0.12,0.11,0,Direct,SIMPLE,32,RING,LL,40,1,Direct,A_flag_ceiling
all_gather_perf,2,16,8192,128,float,none,34.37,0.24,0.22,0,35.81,0.23,0.21,0,Direct,SIMPLE,32,RING,LL,40,1,Direct,A_flag_ceiling
all_gather_perf,2,16,16384,256,float,none,38.15,0.43,0.4,0,35.12,0.47,0.44,0,Direct,SIMPLE,32,RING,LL,40,1,Direct,A_flag_ceiling
all_gather_perf,2,16,32768,512,float,none,35.52,0.92,0.86,0,34.53,0.95,0.89,0,Direct,SIMPLE,32,RING,LL,40,1,Direct,A_flag_ceiling
all_gather_perf,2,16,65536,1024,float,none,35.85,1.83,1.71,0,35.1,1.87,1.75,0,Direct,SIMPLE,32,RING,LL,40,1,Direct,A_flag_ceiling
all_gather_perf,2,16,131072,2048,float,none,36.37,3.6,3.38,0,38.13,3.44,3.22,0,Direct,SIMPLE,32,RING,LL,40,1,Direct,A_flag_ceiling
all_gather_perf,2,16,262144,4096,float,none,36.68,7.15,6.7,0,37.34,7.02,6.58,0,Direct,SIMPLE,32,RING,LL,40,1,Direct,A_flag_ceiling
all_gather_perf,2,16,524288,8192,float,none,40.78,12.86,12.05,0,41.29,12.7,11.9,0,Direct,SIMPLE,32,RING,LL,40,1,Direct,A_flag_ceiling
all_gather_perf,2,16,1048576,16384,float,none,53.79,19.49,18.27,0,51.77,20.25,18.99,0,Direct,SIMPLE,32,RING,LL,40,1,Direct,A_flag_ceiling
all_gather_perf,2,16,2097152,32768,float,none,62.3,33.66,31.56,0,62.38,33.62,31.52,0,Direct,SIMPLE,32,RING,LL,40,1,Direct,A_flag_ceiling
all_gather_perf,2,16,4194304,65536,float,none,86.13,48.7,45.66,0,85.88,48.84,45.79,0,Direct,SIMPLE,32,RING,LL,40,1,Direct,A_flag_ceiling
all_gather_perf,2,16,8388608,131072,float,none,249.83,33.58,31.48,0,242.23,34.63,32.47,0,RING,LL,40,RING,LL,40,0,RING,A_flag_ceiling
all_gather_perf,2,16,16777216,262144,float,none,466.17,35.99,33.74,0,462.85,36.25,33.98,0,RING,LL,40,RING,LL,40,0,RING,A_flag_ceiling
all_gather_perf,2,16,33554432,524288,float,none,906.65,37.01,34.7,0,905.95,37.04,34.72,0,RING,LL,40,RING,LL,40,0,RING,A_flag_ceiling
all_gather_perf,2,16,67108864,1048576,float,none,1682.22,39.89,37.4,0,1683.51,39.86,37.37,0,RING,LL,40,RING,LL,40,0,RING,A_flag_ceiling
all_gather_perf,2,16,134217728,2097152,float,none,3247.89,41.32,38.74,0,3213.38,41.77,39.16,0,RING,LL,40,RING,LL,40,0,RING,A_flag_ceiling
all_gather_perf,2,16,268435456,4194304,float,none,6142.63,43.7,40.97,0,6034.91,44.48,41.7,0,RING,LL,40,RING,LL,40,0,RING,A_flag_ceiling
all_gather_perf,2,16,536870912,8388608,float,none,12089.4,44.41,41.63,0,12097.3,44.38,41.61,0,RING,LL,40,RING,LL,40,0,RING,A_flag_ceiling
all_gather_perf,2,16,4096,64,float,none,36.87,0.11,0.1,0,35.48,0.12,0.11,0,Direct,SIMPLE,32,RING,LL128,40,1,Direct,A_flag_ceiling
all_gather_perf,2,16,8192,128,float,none,33.95,0.24,0.23,0,35.01,0.23,0.22,0,Direct,SIMPLE,32,RING,LL128,40,1,Direct,A_flag_ceiling
all_gather_perf,2,16,16384,256,float,none,37.5,0.44,0.41,0,34.67,0.47,0.44,0,Direct,SIMPLE,32,RING,LL128,40,1,Direct,A_flag_ceiling
all_gather_perf,2,16,32768,512,float,none,34.49,0.95,0.89,0,35.15,0.93,0.87,0,Direct,SIMPLE,32,RING,LL128,40,1,Direct,A_flag_ceiling
all_gather_perf,2,16,65536,1024,float,none,35.18,1.86,1.75,0,34.85,1.88,1.76,0,Direct,SIMPLE,32,RING,LL128,40,1,Direct,A_flag_ceiling
all_gather_perf,2,16,131072,2048,float,none,37.48,3.5,3.28,0,35.65,3.68,3.45,0,Direct,SIMPLE,32,RING,LL128,40,1,Direct,A_flag_ceiling
all_gather_perf,2,16,262144,4096,float,none,36.18,7.25,6.79,0,36.94,7.1,6.65,0,Direct,SIMPLE,32,RING,LL128,40,1,Direct,A_flag_ceiling
all_gather_perf,2,16,524288,8192,float,none,40.79,12.85,12.05,0,40.51,12.94,12.13,0,Direct,SIMPLE,32,RING,LL128,40,1,Direct,A_flag_ceiling
all_gather_perf,2,16,1048576,16384,float,none,52.61,19.93,18.69,0,51.33,20.43,19.15,0,Direct,SIMPLE,32,RING,LL128,40,1,Direct,A_flag_ceiling
all_gather_perf,2,16,2097152,32768,float,none,61.87,33.89,31.78,0,62.11,33.76,31.65,0,Direct,SIMPLE,32,RING,LL128,40,1,Direct,A_flag_ceiling
all_gather_perf,2,16,4194304,65536,float,none,86.16,48.68,45.64,0,86.09,48.72,45.67,0,Direct,SIMPLE,32,RING,LL128,40,1,Direct,A_flag_ceiling
all_gather_perf,2,16,8388608,131072,float,none,115.76,72.47,67.94,0,112.17,74.78,70.11,0,RING,LL128,40,RING,LL128,40,0,RING,A_flag_ceiling
all_gather_perf,2,16,16777216,262144,float,none,121.15,138.48,129.83,0,119.43,140.48,131.7,0,RING,LL128,40,RING,LL128,40,0,RING,A_flag_ceiling
all_gather_perf,2,16,33554432,524288,float,none,139.45,240.63,225.59,0,139.98,239.71,224.73,0,RING,LL128,40,RING,LL128,40,0,RING,A_flag_ceiling
all_gather_perf,2,16,67108864,1048576,float,none,305.68,219.54,205.82,0,306.09,219.24,205.54,0,RING,LL128,40,RING,LL128,40,0,RING,A_flag_ceiling
all_gather_perf,2,16,134217728,2097152,float,none,497.92,269.55,252.71,0,496.24,270.47,253.56,0,RING,LL128,40,RING,LL128,40,0,RING,A_flag_ceiling
all_gather_perf,2,16,268435456,4194304,float,none,890.39,301.48,282.64,0,888.15,302.24,283.35,0,RING,LL128,40,RING,LL128,40,0,RING,A_flag_ceiling
all_gather_perf,2,16,536870912,8388608,float,none,1705.86,314.72,295.05,0,1701.3,315.57,295.84,0,RING,LL128,40,RING,LL128,40,0,RING,A_flag_ceiling
all_gather_perf,2,16,4096,64,float,none,36.83,0.11,0.1,0,34.89,0.12,0.11,0,Direct,SIMPLE,32,RING,SIMPLE,48,1,Direct,A_flag_ceiling
all_gather_perf,2,16,8192,128,float,none,35.11,0.23,0.22,0,34.86,0.23,0.22,0,Direct,SIMPLE,32,RING,SIMPLE,48,1,Direct,A_flag_ceiling
all_gather_perf,2,16,16384,256,float,none,37.22,0.44,0.41,0,35.27,0.46,0.44,0,Direct,SIMPLE,32,RING,SIMPLE,48,1,Direct,A_flag_ceiling
all_gather_perf,2,16,32768,512,float,none,35.66,0.92,0.86,0,34.83,0.94,0.88,0,Direct,SIMPLE,32,RING,SIMPLE,48,1,Direct,A_flag_ceiling
all_gather_perf,2,16,65536,1024,float,none,35.34,1.85,1.74,0,35.0,1.87,1.76,0,Direct,SIMPLE,32,RING,SIMPLE,48,1,Direct,A_flag_ceiling
all_gather_perf,2,16,131072,2048,float,none,37.96,3.45,3.24,0,36.14,3.63,3.4,0,Direct,SIMPLE,32,RING,SIMPLE,48,1,Direct,A_flag_ceiling
all_gather_perf,2,16,262144,4096,float,none,36.57,7.17,6.72,0,36.24,7.23,6.78,0,Direct,SIMPLE,32,RING,SIMPLE,48,1,Direct,A_flag_ceiling
all_gather_perf,2,16,524288,8192,float,none,40.91,12.82,12.02,0,46.27,11.33,10.62,0,Direct,SIMPLE,32,RING,SIMPLE,48,1,Direct,A_flag_ceiling
all_gather_perf,2,16,1048576,16384,float,none,57.2,18.33,17.19,0,51.49,20.37,19.09,0,Direct,SIMPLE,32,RING,SIMPLE,48,1,Direct,A_flag_ceiling
all_gather_perf,2,16,2097152,32768,float,none,61.76,33.95,31.83,0,63.04,33.27,31.19,0,Direct,SIMPLE,32,RING,SIMPLE,48,1,Direct,A_flag_ceiling
all_gather_perf,2,16,4194304,65536,float,none,86.24,48.63,45.59,0,88.09,47.62,44.64,0,Direct,SIMPLE,32,RING,SIMPLE,48,1,Direct,A_flag_ceiling
all_gather_perf,2,16,8388608,131072,float,none,310.34,27.03,25.34,0,303.28,27.66,25.93,0,RING,SIMPLE,48,RING,SIMPLE,48,0,RING,A_flag_ceiling
all_gather_perf,2,16,16777216,262144,float,none,305.91,54.84,51.42,0,300.6,55.81,52.32,0,RING,SIMPLE,48,RING,SIMPLE,48,0,RING,A_flag_ceiling
all_gather_perf,2,16,33554432,524288,float,none,308.09,108.91,102.1,0,305.47,109.85,102.98,0,RING,SIMPLE,48,RING,SIMPLE,48,0,RING,A_flag_ceiling
all_gather_perf,2,16,67108864,1048576,float,none,325.9,205.92,193.05,0,325.33,206.28,193.39,0,RING,SIMPLE,48,RING,SIMPLE,48,0,RING,A_flag_ceiling
all_gather_perf,2,16,134217728,2097152,float,none,426.05,315.03,295.34,0,415.24,323.23,303.03,0,RING,SIMPLE,48,RING,SIMPLE,48,0,RING,A_flag_ceiling
all_gather_perf,2,16,268435456,4194304,float,none,708.07,379.11,355.42,0,704.16,381.21,357.39,0,RING,SIMPLE,48,RING,SIMPLE,48,0,RING,A_flag_ceiling
all_gather_perf,2,16,536870912,8388608,float,none,1382.24,388.41,364.13,0,1375.08,390.43,366.03,0,RING,SIMPLE,48,RING,SIMPLE,48,0,RING,A_flag_ceiling
all_gather_perf,2,16,4096,64,float,none,36.97,0.11,0.1,0,36.06,0.11,0.11,0,Direct,SIMPLE,32,RING,LL,48,1,Direct,A_flag_ceiling
all_gather_perf,2,16,8192,128,float,none,33.93,0.24,0.23,0,35.74,0.23,0.21,0,Direct,SIMPLE,32,RING,LL,48,1,Direct,A_flag_ceiling
all_gather_perf,2,16,16384,256,float,none,37.12,0.44,0.41,0,36.85,0.44,0.42,0,Direct,SIMPLE,32,RING,LL,48,1,Direct,A_flag_ceiling
all_gather_perf,2,16,32768,512,float,none,35.13,0.93,0.87,0,34.57,0.95,0.89,0,Direct,SIMPLE,32,RING,LL,48,1,Direct,A_flag_ceiling
all_gather_perf,2,16,65536,1024,float,none,35.23,1.86,1.74,0,35.27,1.86,1.74,0,Direct,SIMPLE,32,RING,LL,48,1,Direct,A_flag_ceiling
all_gather_perf,2,16,131072,2048,float,none,38.7,3.39,3.17,0,36.45,3.6,3.37,0,Direct,SIMPLE,32,RING,LL,48,1,Direct,A_flag_ceiling
all_gather_perf,2,16,262144,4096,float,none,37.39,7.01,6.57,0,36.13,7.26,6.8,0,Direct,SIMPLE,32,RING,LL,48,1,Direct,A_flag_ceiling
all_gather_perf,2,16,524288,8192,float,none,41.6,12.6,11.82,0,41.33,12.69,11.89,0,Direct,SIMPLE,32,RING,LL,48,1,Direct,A_flag_ceiling
all_gather_perf,2,16,1048576,16384,float,none,52.57,19.95,18.7,0,51.73,20.27,19.0,0,Direct,SIMPLE,32,RING,LL,48,1,Direct,A_flag_ceiling
all_gather_perf,2,16,2097152,32768,float,none,62.25,33.69,31.58,0,62.52,33.54,31.45,0,Direct,SIMPLE,32,RING,LL,48,1,Direct,A_flag_ceiling
all_gather_perf,2,16,4194304,65536,float,none,86.41,48.54,45.51,0,86.2,48.66,45.62,0,Direct,SIMPLE,32,RING,LL,48,1,Direct,A_flag_ceiling
all_gather_perf,2,16,8388608,131072,float,none,251.08,33.41,31.32,0,253.49,33.09,31.02,0,RING,LL,48,RING,LL,48,0,RING,A_flag_ceiling
all_gather_perf,2,16,16777216,262144,float,none,486.68,34.47,32.32,0,484.51,34.63,32.46,0,RING,LL,48,RING,LL,48,0,RING,A_flag_ceiling
all_gather_perf,2,16,33554432,524288,float,none,835.58,40.16,37.65,0,840.05,39.94,37.45,0,RING,LL,48,RING,LL,48,0,RING,A_flag_ceiling
all_gather_perf,2,16,67108864,1048576,float,none,1629.87,41.17,38.6,0,1620.05,41.42,38.83,0,RING,LL,48,RING,LL,48,0,RING,A_flag_ceiling
all_gather_perf,2,16,134217728,2097152,float,none,3107.4,43.19,40.49,0,3098.05,43.32,40.62,0,RING,LL,48,RING,LL,48,0,RING,A_flag_ceiling
all_gather_perf,2,16,268435456,4194304,float,none,6141.28,43.71,40.98,0,6148.19,43.66,40.93,0,RING,LL,48,RING,LL,48,0,RING,A_flag_ceiling
all_gather_perf,2,16,536870912,8388608,float,none,12030.1,44.63,41.84,0,11844.4,45.33,42.49,0,RING,LL,48,RING,LL,48,0,RING,A_flag_ceiling
all_gather_perf,2,16,4096,64,float,none,37.05,0.11,0.1,0,35.59,0.12,0.11,0,Direct,SIMPLE,32,RING,LL128,48,1,Direct,A_flag_ceiling
all_gather_perf,2,16,8192,128,float,none,35.42,0.23,0.22,0,35.07,0.23,0.22,0,Direct,SIMPLE,32,RING,LL128,48,1,Direct,A_flag_ceiling
all_gather_perf,2,16,16384,256,float,none,35.37,0.46,0.43,0,36.2,0.45,0.42,0,Direct,SIMPLE,32,RING,LL128,48,1,Direct,A_flag_ceiling
all_gather_perf,2,16,32768,512,float,none,35.08,0.93,0.88,0,35.19,0.93,0.87,0,Direct,SIMPLE,32,RING,LL128,48,1,Direct,A_flag_ceiling
all_gather_perf,2,16,65536,1024,float,none,35.48,1.85,1.73,0,35.54,1.84,1.73,0,Direct,SIMPLE,32,RING,LL128,48,1,Direct,A_flag_ceiling
all_gather_perf,2,16,131072,2048,float,none,37.7,3.48,3.26,0,37.36,3.51,3.29,0,Direct,SIMPLE,32,RING,LL128,48,1,Direct,A_flag_ceiling
all_gather_perf,2,16,262144,4096,float,none,36.41,7.2,6.75,0,39.38,6.66,6.24,0,Direct,SIMPLE,32,RING,LL128,48,1,Direct,A_flag_ceiling
all_gather_perf,2,16,524288,8192,float,none,41.16,12.74,11.94,0,43.37,12.09,11.33,0,Direct,SIMPLE,32,RING,LL128,48,1,Direct,A_flag_ceiling
all_gather_perf,2,16,1048576,16384,float,none,53.52,19.59,18.37,0,51.28,20.45,19.17,0,Direct,SIMPLE,32,RING,LL128,48,1,Direct,A_flag_ceiling
all_gather_perf,2,16,2097152,32768,float,none,77.51,27.06,25.37,0,64.74,32.39,30.37,0,Direct,SIMPLE,32,RING,LL128,48,1,Direct,A_flag_ceiling
all_gather_perf,2,16,4194304,65536,float,none,86.22,48.64,45.6,0,86.82,48.31,45.29,0,Direct,SIMPLE,32,RING,LL128,48,1,Direct,A_flag_ceiling
all_gather_perf,2,16,8388608,131072,float,none,132.03,63.54,59.57,0,130.93,64.07,60.06,0,RING,LL128,48,RING,LL128,48,0,RING,A_flag_ceiling
all_gather_perf,2,16,16777216,262144,float,none,132.65,126.48,118.57,0,130.91,128.15,120.15,0,RING,LL128,48,RING,LL128,48,0,RING,A_flag_ceiling
all_gather_perf,2,16,33554432,524288,float,none,156.59,214.28,200.89,0,152.13,220.56,206.77,0,RING,LL128,48,RING,LL128,48,0,RING,A_flag_ceiling
all_gather_perf,2,16,67108864,1048576,float,none,233.19,287.79,269.8,0,232.14,289.09,271.02,0,RING,LL128,48,RING,LL128,48,0,RING,A_flag_ceiling
all_gather_perf,2,16,134217728,2097152,float,none,424.46,316.21,296.45,0,426.56,314.65,294.98,0,RING,LL128,48,RING,LL128,48,0,RING,A_flag_ceiling
all_gather_perf,2,16,268435456,4194304,float,none,824.03,325.76,305.4,0,822.36,326.42,306.02,0,RING,LL128,48,RING,LL128,48,0,RING,A_flag_ceiling
all_gather_perf,2,16,536870912,8388608,float,none,1589.6,337.74,316.63,0,1585.58,338.6,317.43,0,RING,LL128,48,RING,LL128,48,0,RING,A_flag_ceiling
all_gather_perf,2,16,4096,64,float,none,238.85,0.02,0.02,0,231.15,0.02,0.02,0,Direct,SIMPLE,1,RING,SIMPLE,1,1,Direct,A_flag_ceiling
all_gather_perf,2,16,8192,128,float,none,235.65,0.03,0.03,0,231.91,0.04,0.03,0,Direct,SIMPLE,1,RING,SIMPLE,1,1,Direct,A_flag_ceiling
all_gather_perf,2,16,16384,256,float,none,238.59,0.07,0.06,0,234.15,0.07,0.07,0,Direct,SIMPLE,1,RING,SIMPLE,1,1,Direct,A_flag_ceiling
all_gather_perf,2,16,32768,512,float,none,241.18,0.14,0.13,0,237.93,0.14,0.13,0,Direct,SIMPLE,1,RING,SIMPLE,1,1,Direct,A_flag_ceiling
all_gather_perf,2,16,65536,1024,float,none,254.77,0.26,0.24,0,252.84,0.26,0.24,0,Direct,SIMPLE,1,RING,SIMPLE,1,1,Direct,A_flag_ceiling
all_gather_perf,2,16,131072,2048,float,none,270.54,0.48,0.45,0,268.46,0.49,0.46,0,Direct,SIMPLE,1,RING,SIMPLE,1,1,Direct,A_flag_ceiling
all_gather_perf,2,16,262144,4096,float,none,259.91,1.01,0.95,0,256.85,1.02,0.96,0,Direct,SIMPLE,1,RING,SIMPLE,1,1,Direct,A_flag_ceiling
all_gather_perf,2,16,524288,8192,float,none,286.9,1.83,1.71,0,283.32,1.85,1.73,0,Direct,SIMPLE,1,RING,SIMPLE,1,1,Direct,A_flag_ceiling
all_gather_perf,2,16,1048576,16384,float,none,344.22,3.05,2.86,0,340.87,3.08,2.88,0,Direct,SIMPLE,1,RING,SIMPLE,1,1,Direct,A_flag_ceiling
all_gather_perf,2,16,2097152,32768,float,none,451.83,4.64,4.35,0,447.14,4.69,4.4,0,Direct,SIMPLE,1,RING,SIMPLE,1,1,Direct,A_flag_ceiling
all_gather_perf,2,16,4194304,65536,float,none,639.73,6.56,6.15,0,628.99,6.67,6.25,0,Direct,SIMPLE,1,RING,SIMPLE,1,1,Direct,A_flag_ceiling
all_gather_perf,2,16,8388608,131072,float,none,559.3,15.0,14.06,0,552.32,15.19,14.24,0,RING,SIMPLE,1,RING,SIMPLE,1,0,RING,A_flag_ceiling
all_gather_perf,2,16,16777216,262144,float,none,999.04,16.79,15.74,0,990.66,16.94,15.88,0,RING,SIMPLE,1,RING,SIMPLE,1,0,RING,A_flag_ceiling
all_gather_perf,2,16,33554432,524288,float,none,1895.09,17.71,16.6,0,1855.85,18.08,16.95,0,RING,SIMPLE,1,RING,SIMPLE,1,0,RING,A_flag_ceiling
all_gather_perf,2,16,67108864,1048576,float,none,3767.23,17.81,16.7,0,3711.99,18.08,16.95,0,RING,SIMPLE,1,RING,SIMPLE,1,0,RING,A_flag_ceiling
all_gather_perf,2,16,134217728,2097152,float,none,7554.99,17.77,16.66,0,7456.86,18.0,16.87,0,RING,SIMPLE,1,RING,SIMPLE,1,0,RING,A_flag_ceiling
all_gather_perf,2,16,268435456,4194304,float,none,15102.5,17.77,16.66,0,14952.4,17.95,16.83,0,RING,SIMPLE,1,RING,SIMPLE,1,0,RING,A_flag_ceiling
all_gather_perf,2,16,536870912,8388608,float,none,30147.7,17.81,16.7,0,29832.1,18.0,16.87,0,RING,SIMPLE,1,RING,SIMPLE,1,0,RING,A_flag_ceiling
all_gather_perf,2,16,4096,64,float,none,236.63,0.02,0.02,0,231.26,0.02,0.02,0,Direct,SIMPLE,1,RING,LL,1,1,Direct,A_flag_ceiling
all_gather_perf,2,16,8192,128,float,none,237.95,0.03,0.03,0,231.93,0.04,0.03,0,Direct,SIMPLE,1,RING,LL,1,1,Direct,A_flag_ceiling
all_gather_perf,2,16,16384,256,float,none,237.48,0.07,0.06,0,234.28,0.07,0.07,0,Direct,SIMPLE,1,RING,LL,1,1,Direct,A_flag_ceiling
all_gather_perf,2,16,32768,512,float,none,240.94,0.14,0.13,0,237.18,0.14,0.13,0,Direct,SIMPLE,1,RING,LL,1,1,Direct,A_flag_ceiling
all_gather_perf,2,16,65536,1024,float,none,253.64,0.26,0.24,0,250.92,0.26,0.24,0,Direct,SIMPLE,1,RING,LL,1,1,Direct,A_flag_ceiling
all_gather_perf,2,16,131072,2048,float,none,270.22,0.49,0.45,0,267.97,0.49,0.46,0,Direct,SIMPLE,1,RING,LL,1,1,Direct,A_flag_ceiling
all_gather_perf,2,16,262144,4096,float,none,259.79,1.01,0.95,0,257.15,1.02,0.96,0,Direct,SIMPLE,1,RING,LL,1,1,Direct,A_flag_ceiling
all_gather_perf,2,16,524288,8192,float,none,287.24,1.83,1.71,0,285.59,1.84,1.72,0,Direct,SIMPLE,1,RING,LL,1,1,Direct,A_flag_ceiling
all_gather_perf,2,16,1048576,16384,float,none,342.39,3.06,2.87,0,341.38,3.07,2.88,0,Direct,SIMPLE,1,RING,LL,1,1,Direct,A_flag_ceiling
all_gather_perf,2,16,2097152,32768,float,none,451.96,4.64,4.35,0,446.11,4.7,4.41,0,Direct,SIMPLE,1,RING,LL,1,1,Direct,A_flag_ceiling
all_gather_perf,2,16,4194304,65536,float,none,638.64,6.57,6.16,0,628.55,6.67,6.26,0,Direct,SIMPLE,1,RING,LL,1,1,Direct,A_flag_ceiling
all_gather_perf,2,16,8388608,131072,float,none,3327.63,2.52,2.36,0,3294.28,2.55,2.39,0,RING,LL,1,RING,LL,1,0,RING,A_flag_ceiling
all_gather_perf,2,16,16777216,262144,float,none,6665.85,2.52,2.36,0,6604.47,2.54,2.38,0,RING,LL,1,RING,LL,1,0,RING,A_flag_ceiling
all_gather_perf,2,16,33554432,524288,float,none,13322.0,2.52,2.36,0,13201.7,2.54,2.38,0,RING,LL,1,RING,LL,1,0,RING,A_flag_ceiling
all_gather_perf,2,16,67108864,1048576,float,none,26640.1,2.52,2.36,0,26406.8,2.54,2.38,0,RING,LL,1,RING,LL,1,0,RING,A_flag_ceiling
all_gather_perf,2,16,134217728,2097152,float,none,53333.3,2.52,2.36,0,52850.3,2.54,2.38,0,RING,LL,1,RING,LL,1,0,RING,A_flag_ceiling
all_gather_perf,2,16,268435456,4194304,float,none,106802.0,2.51,2.36,0,105825.0,2.54,2.38,0,RING,LL,1,RING,LL,1,0,RING,A_flag_ceiling
all_gather_perf,2,16,536870912,8388608,float,none,213835.0,2.51,2.35,0,212686.0,2.52,2.37,0,RING,LL,1,RING,LL,1,0,RING,A_flag_ceiling
all_gather_perf,2,16,4096,64,float,none,241.32,0.02,0.02,0,234.16,0.02,0.02,0,Direct,SIMPLE,1,RING,LL128,1,1,Direct,A_flag_ceiling
all_gather_perf,2,16,8192,128,float,none,234.04,0.04,0.03,0,231.03,0.04,0.03,0,Direct,SIMPLE,1,RING,LL128,1,1,Direct,A_flag_ceiling
all_gather_perf,2,16,16384,256,float,none,237.39,0.07,0.06,0,233.73,0.07,0.07,0,Direct,SIMPLE,1,RING,LL128,1,1,Direct,A_flag_ceiling
all_gather_perf,2,16,32768,512,float,none,240.74,0.14,0.13,0,239.28,0.14,0.13,0,Direct,SIMPLE,1,RING,LL128,1,1,Direct,A_flag_ceiling
all_gather_perf,2,16,65536,1024,float,none,255.05,0.26,0.24,0,253.15,0.26,0.24,0,Direct,SIMPLE,1,RING,LL128,1,1,Direct,A_flag_ceiling
all_gather_perf,2,16,131072,2048,float,none,270.39,0.48,0.45,0,268.4,0.49,0.46,0,Direct,SIMPLE,1,RING,LL128,1,1,Direct,A_flag_ceiling
all_gather_perf,2,16,262144,4096,float,none,260.11,1.01,0.94,0,257.03,1.02,0.96,0,Direct,SIMPLE,1,RING,LL128,1,1,Direct,A_flag_ceiling
all_gather_perf,2,16,524288,8192,float,none,286.09,1.83,1.72,0,283.73,1.85,1.73,0,Direct,SIMPLE,1,RING,LL128,1,1,Direct,A_flag_ceiling
all_gather_perf,2,16,1048576,16384,float,none,342.36,3.06,2.87,0,339.2,3.09,2.9,0,Direct,SIMPLE,1,RING,LL128,1,1,Direct,A_flag_ceiling
all_gather_perf,2,16,2097152,32768,float,none,452.09,4.64,4.35,0,445.63,4.71,4.41,0,Direct,SIMPLE,1,RING,LL128,1,1,Direct,A_flag_ceiling
all_gather_perf,2,16,4194304,65536,float,none,639.22,6.56,6.15,0,629.43,6.66,6.25,0,Direct,SIMPLE,1,RING,LL128,1,1,Direct,A_flag_ceiling
all_gather_perf,2,16,8388608,131072,float,none,737.31,11.38,10.67,0,743.09,11.29,10.58,0,RING,LL128,1,RING,LL128,1,0,RING,A_flag_ceiling
all_gather_perf,2,16,16777216,262144,float,none,1457.18,11.51,10.79,0,1437.93,11.67,10.94,0,RING,LL128,1,RING,LL128,1,0,RING,A_flag_ceiling
all_gather_perf,2,16,33554432,524288,float,none,2898.19,11.58,10.85,0,2841.04,11.81,11.07,0,RING,LL128,1,RING,LL128,1,0,RING,A_flag_ceiling
all_gather_perf,2,16,67108864,1048576,float,none,5796.53,11.58,10.85,0,5701.15,11.77,11.04,0,RING,LL128,1,RING,LL128,1,0,RING,A_flag_ceiling
all_gather_perf,2,16,134217728,2097152,float,none,11589.3,11.58,10.86,0,11409.6,11.76,11.03,0,RING,LL128,1,RING,LL128,1,0,RING,A_flag_ceiling
all_gather_perf,2,16,268435456,4194304,float,none,23267.7,11.54,10.82,0,22859.4,11.74,11.01,0,RING,LL128,1,RING,LL128,1,0,RING,A_flag_ceiling
all_gather_perf,2,16,536870912,8388608,float,none,46488.3,11.55,10.83,0,45797.2,11.72,10.99,0,RING,LL128,1,RING,LL128,1,0,RING,A_flag_ceiling
all_gather_perf,2,16,4096,64,float,none,125.06,0.03,0.03,0,123.34,0.03,0.03,0,Direct,SIMPLE,2,RING,SIMPLE,2,1,Direct,A_flag_ceiling
all_gather_perf,2,16,8192,128,float,none,123.92,0.07,0.06,0,121.24,0.07,0.06,0,Direct,SIMPLE,2,RING,SIMPLE,2,1,Direct,A_flag_ceiling
all_gather_perf,2,16,16384,256,float,none,124.75,0.13,0.12,0,123.51,0.13,0.12,0,Direct,SIMPLE,2,RING,SIMPLE,2,1,Direct,A_flag_ceiling
all_gather_perf,2,16,32768,512,float,none,129.27,0.25,0.24,0,124.35,0.26,0.25,0,Direct,SIMPLE,2,RING,SIMPLE,2,1,Direct,A_flag_ceiling
all_gather_perf,2,16,65536,1024,float,none,134.25,0.49,0.46,0,131.68,0.5,0.47,0,Direct,SIMPLE,2,RING,SIMPLE,2,1,Direct,A_flag_ceiling
all_gather_perf,2,16,131072,2048,float,none,141.36,0.93,0.87,0,140.21,0.93,0.88,0,Direct,SIMPLE,2,RING,SIMPLE,2,1,Direct,A_flag_ceiling
all_gather_perf,2,16,262144,4096,float,none,135.9,1.93,1.81,0,135.65,1.93,1.81,0,Direct,SIMPLE,2,RING,SIMPLE,2,1,Direct,A_flag_ceiling
all_gather_perf,2,16,524288,8192,float,none,149.29,3.51,3.29,0,149.35,3.51,3.29,0,Direct,SIMPLE,2,RING,SIMPLE,2,1,Direct,A_flag_ceiling
all_gather_perf,2,16,1048576,16384,float,none,178.38,5.88,5.51,0,178.24,5.88,5.52,0,Direct,SIMPLE,2,RING,SIMPLE,2,1,Direct,A_flag_ceiling
all_gather_perf,2,16,2097152,32768,float,none,240.38,8.72,8.18,0,233.38,8.99,8.42,0,Direct,SIMPLE,2,RING,SIMPLE,2,1,Direct,A_flag_ceiling
all_gather_perf,2,16,4194304,65536,float,none,327.46,12.81,12.01,0,328.43,12.77,11.97,0,Direct,SIMPLE,2,RING,SIMPLE,2,1,Direct,A_flag_ceiling
all_gather_perf,2,16,8388608,131072,float,none,347.48,24.14,22.63,0,341.71,24.55,23.01,0,RING,SIMPLE,2,RING,SIMPLE,2,0,RING,A_flag_ceiling
all_gather_perf,2,16,16777216,262144,float,none,563.71,29.76,27.9,0,556.82,30.13,28.25,0,RING,SIMPLE,2,RING,SIMPLE,2,0,RING,A_flag_ceiling
all_gather_perf,2,16,33554432,524288,float,none,1070.0,31.36,29.4,0,1107.06,30.31,28.42,0,RING,SIMPLE,2,RING,SIMPLE,2,0,RING,A_flag_ceiling
all_gather_perf,2,16,67108864,1048576,float,none,2078.21,32.29,30.27,0,2032.94,33.01,30.95,0,RING,SIMPLE,2,RING,SIMPLE,2,0,RING,A_flag_ceiling
all_gather_perf,2,16,134217728,2097152,float,none,4142.38,32.4,30.38,0,4056.23,33.09,31.02,0,RING,SIMPLE,2,RING,SIMPLE,2,0,RING,A_flag_ceiling
all_gather_perf,2,16,268435456,4194304,float,none,8261.1,32.49,30.46,0,8140.2,32.98,30.92,0,RING,SIMPLE,2,RING,SIMPLE,2,0,RING,A_flag_ceiling
all_gather_perf,2,16,536870912,8388608,float,none,16552.4,32.43,30.41,0,16309.1,32.92,30.86,0,RING,SIMPLE,2,RING,SIMPLE,2,0,RING,A_flag_ceiling
all_gather_perf,2,16,4096,64,float,none,124.73,0.03,0.03,0,121.68,0.03,0.03,0,Direct,SIMPLE,2,RING,LL,2,1,Direct,A_flag_ceiling
all_gather_perf,2,16,8192,128,float,none,125.03,0.07,0.06,0,124.44,0.07,0.06,0,Direct,SIMPLE,2,RING,LL,2,1,Direct,A_flag_ceiling
all_gather_perf,2,16,16384,256,float,none,126.91,0.13,0.12,0,125.74,0.13,0.12,0,Direct,SIMPLE,2,RING,LL,2,1,Direct,A_flag_ceiling
all_gather_perf,2,16,32768,512,float,none,125.48,0.26,0.24,0,124.47,0.26,0.25,0,Direct,SIMPLE,2,RING,LL,2,1,Direct,A_flag_ceiling
all_gather_perf,2,16,65536,1024,float,none,132.51,0.49,0.46,0,131.84,0.5,0.47,0,Direct,SIMPLE,2,RING,LL,2,1,Direct,A_flag_ceiling
all_gather_perf,2,16,131072,2048,float,none,141.63,0.93,0.87,0,141.56,0.93,0.87,0,Direct,SIMPLE,2,RING,LL,2,1,Direct,A_flag_ceiling
all_gather_perf,2,16,262144,4096,float,none,135.62,1.93,1.81,0,135.23,1.94,1.82,0,Direct,SIMPLE,2,RING,LL,2,1,Direct,A_flag_ceiling
all_gather_perf,2,16,524288,8192,float,none,148.44,3.53,3.31,0,148.41,3.53,3.31,0,Direct,SIMPLE,2,RING,LL,2,1,Direct,A_flag_ceiling
all_gather_perf,2,16,1048576,16384,float,none,176.95,5.93,5.56,0,178.33,5.88,5.51,0,Direct,SIMPLE,2,RING,LL,2,1,Direct,A_flag_ceiling
all_gather_perf,2,16,2097152,32768,float,none,233.29,8.99,8.43,0,232.0,9.04,8.47,0,Direct,SIMPLE,2,RING,LL,2,1,Direct,A_flag_ceiling
all_gather_perf,2,16,4194304,65536,float,none,327.83,12.79,11.99,0,328.83,12.76,11.96,0,Direct,SIMPLE,2,RING,LL,2,1,Direct,A_flag_ceiling
all_gather_perf,2,16,8388608,131072,float,none,1670.9,5.02,4.71,0,1662.58,5.05,4.73,0,RING,LL,2,RING,LL,2,0,RING,A_flag_ceiling
all_gather_perf,2,16,16777216,262144,float,none,3340.25,5.02,4.71,0,3322.2,5.05,4.73,0,RING,LL,2,RING,LL,2,0,RING,A_flag_ceiling
all_gather_perf,2,16,33554432,524288,float,none,6670.63,5.03,4.72,0,6655.86,5.04,4.73,0,RING,LL,2,RING,LL,2,0,RING,A_flag_ceiling
all_gather_perf,2,16,67108864,1048576,float,none,13341.8,5.03,4.72,0,13293.5,5.05,4.73,0,RING,LL,2,RING,LL,2,0,RING,A_flag_ceiling
all_gather_perf,2,16,134217728,2097152,float,none,26748.6,5.02,4.7,0,26609.0,5.04,4.73,0,RING,LL,2,RING,LL,2,0,RING,A_flag_ceiling
all_gather_perf,2,16,268435456,4194304,float,none,53485.6,5.02,4.71,0,53029.7,5.06,4.75,0,RING,LL,2,RING,LL,2,0,RING,A_flag_ceiling
all_gather_perf,2,16,536870912,8388608,float,none,106771.0,5.03,4.71,0,105998.0,5.06,4.75,0,RING,LL,2,RING,LL,2,0,RING,A_flag_ceiling
all_gather_perf,2,16,4096,64,float,none,125.8,0.03,0.03,0,125.12,0.03,0.03,0,Direct,SIMPLE,2,RING,LL128,2,1,Direct,A_flag_ceiling
all_gather_perf,2,16,8192,128,float,none,123.3,0.07,0.06,0,122.12,0.07,0.06,0,Direct,SIMPLE,2,RING,LL128,2,1,Direct,A_flag_ceiling
all_gather_perf,2,16,16384,256,float,none,126.6,0.13,0.12,0,123.26,0.13,0.12,0,Direct,SIMPLE,2,RING,LL128,2,1,Direct,A_flag_ceiling
all_gather_perf,2,16,32768,512,float,none,126.05,0.26,0.24,0,124.8,0.26,0.25,0,Direct,SIMPLE,2,RING,LL128,2,1,Direct,A_flag_ceiling
all_gather_perf,2,16,65536,1024,float,none,132.18,0.5,0.46,0,131.77,0.5,0.47,0,Direct,SIMPLE,2,RING,LL128,2,1,Direct,A_flag_ceiling
all_gather_perf,2,16,131072,2048,float,none,141.42,0.93,0.87,0,140.7,0.93,0.87,0,Direct,SIMPLE,2,RING,LL128,2,1,Direct,A_flag_ceiling
all_gather_perf,2,16,262144,4096,float,none,136.0,1.93,1.81,0,135.06,1.94,1.82,0,Direct,SIMPLE,2,RING,LL128,2,1,Direct,A_flag_ceiling
all_gather_perf,2,16,524288,8192,float,none,149.42,3.51,3.29,0,148.58,3.53,3.31,0,Direct,SIMPLE,2,RING,LL128,2,1,Direct,A_flag_ceiling
all_gather_perf,2,16,1048576,16384,float,none,177.98,5.89,5.52,0,178.43,5.88,5.51,0,Direct,SIMPLE,2,RING,LL128,2,1,Direct,A_flag_ceiling
all_gather_perf,2,16,2097152,32768,float,none,233.83,8.97,8.41,0,233.83,8.97,8.41,0,Direct,SIMPLE,2,RING,LL128,2,1,Direct,A_flag_ceiling
all_gather_perf,2,16,4194304,65536,float,none,327.26,12.82,12.02,0,327.82,12.79,11.99,0,Direct,SIMPLE,2,RING,LL128,2,1,Direct,A_flag_ceiling
all_gather_perf,2,16,8388608,131072,float,none,400.81,20.93,19.62,0,392.47,21.37,20.04,0,RING,LL128,2,RING,LL128,2,0,RING,A_flag_ceiling
all_gather_perf,2,16,16777216,262144,float,none,778.56,21.55,20.2,0,761.83,22.02,20.65,0,RING,LL128,2,RING,LL128,2,0,RING,A_flag_ceiling
all_gather_perf,2,16,33554432,524288,float,none,1535.63,21.85,20.48,0,1506.46,22.27,20.88,0,RING,LL128,2,RING,LL128,2,0,RING,A_flag_ceiling
all_gather_perf,2,16,67108864,1048576,float,none,3066.64,21.88,20.52,0,3011.63,22.28,20.89,0,RING,LL128,2,RING,LL128,2,0,RING,A_flag_ceiling
all_gather_perf,2,16,134217728,2097152,float,none,6109.77,21.97,20.59,0,6021.16,22.29,20.9,0,RING,LL128,2,RING,LL128,2,0,RING,A_flag_ceiling
all_gather_perf,2,16,268435456,4194304,float,none,12238.0,21.93,20.56,0,12023.4,22.33,20.93,0,RING,LL128,2,RING,LL128,2,0,RING,A_flag_ceiling
all_gather_perf,2,16,536870912,8388608,float,none,24425.6,21.98,20.61,0,23987.9,22.38,20.98,0,RING,LL128,2,RING,LL128,2,0,RING,A_flag_ceiling
all_gather_perf,2,16,4096,64,float,none,74.08,0.06,0.05,0,67.27,0.06,0.06,0,Direct,SIMPLE,4,RING,SIMPLE,4,1,Direct,A_flag_ceiling
all_gather_perf,2,16,8192,128,float,none,69.51,0.12,0.11,0,67.18,0.12,0.11,0,Direct,SIMPLE,4,RING,SIMPLE,4,1,Direct,A_flag_ceiling
all_gather_perf,2,16,16384,256,float,none,68.18,0.24,0.23,0,67.56,0.24,0.23,0,Direct,SIMPLE,4,RING,SIMPLE,4,1,Direct,A_flag_ceiling
all_gather_perf,2,16,32768,512,float,none,68.06,0.48,0.45,0,68.21,0.48,0.45,0,Direct,SIMPLE,4,RING,SIMPLE,4,1,Direct,A_flag_ceiling
all_gather_perf,2,16,65536,1024,float,none,71.52,0.92,0.86,0,71.08,0.92,0.86,0,Direct,SIMPLE,4,RING,SIMPLE,4,1,Direct,A_flag_ceiling
all_gather_perf,2,16,131072,2048,float,none,76.61,1.71,1.6,0,75.91,1.73,1.62,0,Direct,SIMPLE,4,RING,SIMPLE,4,1,Direct,A_flag_ceiling
all_gather_perf,2,16,262144,4096,float,none,73.65,3.56,3.34,0,74.21,3.53,3.31,0,Direct,SIMPLE,4,RING,SIMPLE,4,1,Direct,A_flag_ceiling
all_gather_perf,2,16,524288,8192,float,none,81.61,6.42,6.02,0,81.33,6.45,6.04,0,Direct,SIMPLE,4,RING,SIMPLE,4,1,Direct,A_flag_ceiling
all_gather_perf,2,16,1048576,16384,float,none,96.91,10.82,10.14,0,96.68,10.85,10.17,0,Direct,SIMPLE,4,RING,SIMPLE,4,1,Direct,A_flag_ceiling
all_gather_perf,2,16,2097152,32768,float,none,123.91,16.93,15.87,0,123.88,16.93,15.87,0,Direct,SIMPLE,4,RING,SIMPLE,4,1,Direct,A_flag_ceiling
all_gather_perf,2,16,4194304,65536,float,none,174.34,24.06,22.55,0,174.21,24.08,22.57,0,Direct,SIMPLE,4,RING,SIMPLE,4,1,Direct,A_flag_ceiling
all_gather_perf,2,16,8388608,131072,float,none,242.86,34.54,32.38,0,238.18,35.22,33.02,0,RING,SIMPLE,4,RING,SIMPLE,4,0,RING,A_flag_ceiling
all_gather_perf,2,16,16777216,262144,float,none,373.92,44.87,42.06,0,367.12,45.7,42.84,0,RING,SIMPLE,4,RING,SIMPLE,4,0,RING,A_flag_ceiling
all_gather_perf,2,16,33554432,524288,float,none,628.84,53.36,50.02,0,617.35,54.35,50.96,0,RING,SIMPLE,4,RING,SIMPLE,4,0,RING,A_flag_ceiling
all_gather_perf,2,16,67108864,1048576,float,none,1143.77,58.67,55.01,0,1118.75,59.99,56.24,0,RING,SIMPLE,4,RING,SIMPLE,4,0,RING,A_flag_ceiling
all_gather_perf,2,16,134217728,2097152,float,none,2193.26,61.2,57.37,0,2144.29,62.59,58.68,0,RING,SIMPLE,4,RING,SIMPLE,4,0,RING,A_flag_ceiling
all_gather_perf,2,16,268435456,4194304,float,none,4377.78,61.32,57.49,0,4277.66,62.75,58.83,0,RING,SIMPLE,4,RING,SIMPLE,4,0,RING,A_flag_ceiling
all_gather_perf,2,16,536870912,8388608,float,none,8755.31,61.32,57.49,0,8591.92,62.49,58.58,0,RING,SIMPLE,4,RING,SIMPLE,4,0,RING,A_flag_ceiling
all_gather_perf,2,16,4096,64,float,none,69.68,0.06,0.06,0,67.88,0.06,0.06,0,Direct,SIMPLE,4,RING,LL,4,1,Direct,A_flag_ceiling
all_gather_perf,2,16,8192,128,float,none,126.91,0.06,0.06,0,68.99,0.12,0.11,0,Direct,SIMPLE,4,RING,LL,4,1,Direct,A_flag_ceiling
all_gather_perf,2,16,16384,256,float,none,68.51,0.24,0.22,0,111.96,0.15,0.14,0,Direct,SIMPLE,4,RING,LL,4,1,Direct,A_flag_ceiling
all_gather_perf,2,16,32768,512,float,none,69.48,0.47,0.44,0,68.09,0.48,0.45,0,Direct,SIMPLE,4,RING,LL,4,1,Direct,A_flag_ceiling
all_gather_perf,2,16,65536,1024,float,none,72.64,0.9,0.85,0,71.44,0.92,0.86,0,Direct,SIMPLE,4,RING,LL,4,1,Direct,A_flag_ceiling
all_gather_perf,2,16,131072,2048,float,none,77.06,1.7,1.59,0,76.0,1.72,1.62,0,Direct,SIMPLE,4,RING,LL,4,1,Direct,A_flag_ceiling
all_gather_perf,2,16,262144,4096,float,none,74.31,3.53,3.31,0,73.98,3.54,3.32,0,Direct,SIMPLE,4,RING,LL,4,1,Direct,A_flag_ceiling
all_gather_perf,2,16,524288,8192,float,none,81.16,6.46,6.06,0,81.39,6.44,6.04,0,Direct,SIMPLE,4,RING,LL,4,1,Direct,A_flag_ceiling
all_gather_perf,2,16,1048576,16384,float,none,96.65,10.85,10.17,0,97.0,10.81,10.13,0,Direct,SIMPLE,4,RING,LL,4,1,Direct,A_flag_ceiling
all_gather_perf,2,16,2097152,32768,float,none,123.92,16.92,15.87,0,123.76,16.94,15.89,0,Direct,SIMPLE,4,RING,LL,4,1,Direct,A_flag_ceiling
all_gather_perf,2,16,4194304,65536,float,none,174.68,24.01,22.51,0,174.16,24.08,22.58,0,Direct,SIMPLE,4,RING,LL,4,1,Direct,A_flag_ceiling
all_gather_perf,2,16,8388608,131072,float,none,916.18,9.16,8.58,0,848.97,9.88,9.26,0,RING,LL,4,RING,LL,4,0,RING,A_flag_ceiling
all_gather_perf,2,16,16777216,262144,float,none,1697.73,9.88,9.26,0,1692.14,9.91,9.3,0,RING,LL,4,RING,LL,4,0,RING,A_flag_ceiling
all_gather_perf,2,16,33554432,524288,float,none,3415.52,9.82,9.21,0,3380.61,9.93,9.31,0,RING,LL,4,RING,LL,4,0,RING,A_flag_ceiling
all_gather_perf,2,16,67108864,1048576,float,none,6887.84,9.74,9.13,0,6813.59,9.85,9.23,0,RING,LL,4,RING,LL,4,0,RING,A_flag_ceiling
all_gather_perf,2,16,134217728,2097152,float,none,13860.1,9.68,9.08,0,13691.4,9.8,9.19,0,RING,LL,4,RING,LL,4,0,RING,A_flag_ceiling
all_gather_perf,2,16,268435456,4194304,float,none,27364.6,9.81,9.2,0,27480.4,9.77,9.16,0,RING,LL,4,RING,LL,4,0,RING,A_flag_ceiling
all_gather_perf,2,16,536870912,8388608,float,none,54792.9,9.8,9.19,0,55149.8,9.73,9.13,0,RING,LL,4,RING,LL,4,0,RING,A_flag_ceiling
all_gather_perf,2,16,4096,64,float,none,69.4,0.06,0.06,0,66.73,0.06,0.06,0,Direct,SIMPLE,4,RING,LL128,4,1,Direct,A_flag_ceiling
all_gather_perf,2,16,8192,128,float,none,67.86,0.12,0.11,0,66.67,0.12,0.12,0,Direct,SIMPLE,4,RING,LL128,4,1,Direct,A_flag_ceiling
all_gather_perf,2,16,16384,256,float,none,70.03,0.23,0.22,0,67.84,0.24,0.23,0,Direct,SIMPLE,4,RING,LL128,4,1,Direct,A_flag_ceiling
all_gather_perf,2,16,32768,512,float,none,69.0,0.47,0.45,0,68.4,0.48,0.45,0,Direct,SIMPLE,4,RING,LL128,4,1,Direct,A_flag_ceiling
all_gather_perf,2,16,65536,1024,float,none,73.25,0.89,0.84,0,72.75,0.9,0.84,0,Direct,SIMPLE,4,RING,LL128,4,1,Direct,A_flag_ceiling
all_gather_perf,2,16,131072,2048,float,none,76.86,1.71,1.6,0,77.49,1.69,1.59,0,Direct,SIMPLE,4,RING,LL128,4,1,Direct,A_flag_ceiling
all_gather_perf,2,16,262144,4096,float,none,74.91,3.5,3.28,0,74.35,3.53,3.31,0,Direct,SIMPLE,4,RING,LL128,4,1,Direct,A_flag_ceiling
all_gather_perf,2,16,524288,8192,float,none,81.94,6.4,6.0,0,84.71,6.19,5.8,0,Direct,SIMPLE,4,RING,LL128,4,1,Direct,A_flag_ceiling
all_gather_perf,2,16,1048576,16384,float,none,97.06,10.8,10.13,0,97.61,10.74,10.07,0,Direct,SIMPLE,4,RING,LL128,4,1,Direct,A_flag_ceiling
all_gather_perf,2,16,2097152,32768,float,none,125.62,16.69,15.65,0,124.95,16.78,15.73,0,Direct,SIMPLE,4,RING,LL128,4,1,Direct,A_flag_ceiling
all_gather_perf,2,16,4194304,65536,float,none,176.6,23.75,22.27,0,174.2,24.08,22.57,0,Direct,SIMPLE,4,RING,LL128,4,1,Direct,A_flag_ceiling
all_gather_perf,2,16,8388608,131072,float,none,229.13,36.61,34.32,0,226.72,37.0,34.69,0,RING,LL128,4,RING,LL128,4,0,RING,A_flag_ceiling
all_gather_perf,2,16,16777216,262144,float,none,416.22,40.31,37.79,0,412.04,40.72,38.17,0,RING,LL128,4,RING,LL128,4,0,RING,A_flag_ceiling
all_gather_perf,2,16,33554432,524288,float,none,810.08,41.42,38.83,0,801.12,41.88,39.27,0,RING,LL128,4,RING,LL128,4,0,RING,A_flag_ceiling
all_gather_perf,2,16,67108864,1048576,float,none,1610.38,41.67,39.07,0,1587.71,42.27,39.63,0,RING,LL128,4,RING,LL128,4,0,RING,A_flag_ceiling
all_gather_perf,2,16,134217728,2097152,float,none,3215.17,41.75,39.14,0,3178.1,42.23,39.59,0,RING,LL128,4,RING,LL128,4,0,RING,A_flag_ceiling
all_gather_perf,2,16,268435456,4194304,float,none,6419.15,41.82,39.2,0,6324.03,42.45,39.79,0,RING,LL128,4,RING,LL128,4,0,RING,A_flag_ceiling
all_gather_perf,2,16,536870912,8388608,float,none,12834.1,41.83,39.22,0,12678.8,42.34,39.7,0,RING,LL128,4,RING,LL128,4,0,RING,A_flag_ceiling
all_gather_perf,2,16,4096,64,float,none,41.25,0.1,0.09,0,39.53,0.1,0.1,0,Direct,SIMPLE,8,RING,SIMPLE,8,1,Direct,A_flag_ceiling
all_gather_perf,2,16,8192,128,float,none,42.79,0.19,0.18,0,42.23,0.19,0.18,0,Direct,SIMPLE,8,RING,SIMPLE,8,1,Direct,A_flag_ceiling
all_gather_perf,2,16,16384,256,float,none,42.6,0.38,0.36,0,40.71,0.4,0.38,0,Direct,SIMPLE,8,RING,SIMPLE,8,1,Direct,A_flag_ceiling
all_gather_perf,2,16,32768,512,float,none,40.82,0.8,0.75,0,41.39,0.79,0.74,0,Direct,SIMPLE,8,RING,SIMPLE,8,1,Direct,A_flag_ceiling
all_gather_perf,2,16,65536,1024,float,none,42.23,1.55,1.45,0,49.94,1.31,1.23,0,Direct,SIMPLE,8,RING,SIMPLE,8,1,Direct,A_flag_ceiling
all_gather_perf,2,16,131072,2048,float,none,46.84,2.8,2.62,0,45.45,2.88,2.7,0,Direct,SIMPLE,8,RING,SIMPLE,8,1,Direct,A_flag_ceiling
all_gather_perf,2,16,262144,4096,float,none,44.34,5.91,5.54,0,44.6,5.88,5.51,0,Direct,SIMPLE,8,RING,SIMPLE,8,1,Direct,A_flag_ceiling
all_gather_perf,2,16,524288,8192,float,none,49.88,10.51,9.85,0,49.84,10.52,9.86,0,Direct,SIMPLE,8,RING,SIMPLE,8,1,Direct,A_flag_ceiling
all_gather_perf,2,16,1048576,16384,float,none,63.08,16.62,15.58,0,67.96,15.43,14.47,0,Direct,SIMPLE,8,RING,SIMPLE,8,1,Direct,A_flag_ceiling
all_gather_perf,2,16,2097152,32768,float,none,77.31,27.13,25.43,0,78.41,26.75,25.07,0,Direct,SIMPLE,8,RING,SIMPLE,8,1,Direct,A_flag_ceiling
all_gather_perf,2,16,4194304,65536,float,none,123.41,33.99,31.86,0,112.88,37.16,34.84,0,Direct,SIMPLE,8,RING,SIMPLE,8,1,Direct,A_flag_ceiling
all_gather_perf,2,16,8388608,131072,float,none,199.1,42.13,39.5,0,194.42,43.15,40.45,0,RING,SIMPLE,8,RING,SIMPLE,8,0,RING,A_flag_ceiling
all_gather_perf,2,16,16777216,262144,float,none,249.27,67.31,63.1,0,247.92,67.67,63.44,0,RING,SIMPLE,8,RING,SIMPLE,8,0,RING,A_flag_ceiling
all_gather_perf,2,16,33554432,524288,float,none,377.65,88.85,83.3,0,370.24,90.63,84.96,0,RING,SIMPLE,8,RING,SIMPLE,8,0,RING,A_flag_ceiling
all_gather_perf,2,16,67108864,1048576,float,none,627.81,106.89,100.21,0,616.05,108.93,102.13,0,RING,SIMPLE,8,RING,SIMPLE,8,0,RING,A_flag_ceiling
all_gather_perf,2,16,134217728,2097152,float,none,1152.39,116.47,109.19,0,1129.28,118.85,111.42,0,RING,SIMPLE,8,RING,SIMPLE,8,0,RING,A_flag_ceiling
all_gather_perf,2,16,268435456,4194304,float,none,2200.38,122.0,114.37,0,2154.04,124.62,116.83,0,RING,SIMPLE,8,RING,SIMPLE,8,0,RING,A_flag_ceiling
all_gather_perf,2,16,536870912,8388608,float,none,4398.68,122.05,114.42,0,4300.04,124.85,117.05,0,RING,SIMPLE,8,RING,SIMPLE,8,0,RING,A_flag_ceiling
all_gather_perf,2,16,4096,64,float,none,45.42,0.09,0.08,0,40.76,0.1,0.09,0,Direct,SIMPLE,8,RING,LL,8,1,Direct,A_flag_ceiling
all_gather_perf,2,16,8192,128,float,none,39.97,0.2,0.19,0,41.85,0.2,0.18,0,Direct,SIMPLE,8,RING,LL,8,1,Direct,A_flag_ceiling
all_gather_perf,2,16,16384,256,float,none,42.4,0.39,0.36,0,40.21,0.41,0.38,0,Direct,SIMPLE,8,RING,LL,8,1,Direct,A_flag_ceiling
all_gather_perf,2,16,32768,512,float,none,40.16,0.82,0.76,0,41.29,0.79,0.74,0,Direct,SIMPLE,8,RING,LL,8,1,Direct,A_flag_ceiling
all_gather_perf,2,16,65536,1024,float,none,42.4,1.55,1.45,0,42.9,1.53,1.43,0,Direct,SIMPLE,8,RING,LL,8,1,Direct,A_flag_ceiling
all_gather_perf,2,16,131072,2048,float,none,63.59,2.06,1.93,0,45.56,2.88,2.7,0,Direct,SIMPLE,8,RING,LL,8,1,Direct,A_flag_ceiling
all_gather_perf,2,16,262144,4096,float,none,43.96,5.96,5.59,0,43.97,5.96,5.59,0,Direct,SIMPLE,8,RING,LL,8,1,Direct,A_flag_ceiling
all_gather_perf,2,16,524288,8192,float,none,49.68,10.55,9.89,0,49.68,10.55,9.89,0,Direct,SIMPLE,8,RING,LL,8,1,Direct,A_flag_ceiling
all_gather_perf,2,16,1048576,16384,float,none,63.2,16.59,15.55,0,61.79,16.97,15.91,0,Direct,SIMPLE,8,RING,LL,8,1,Direct,A_flag_ceiling
all_gather_perf,2,16,2097152,32768,float,none,76.72,27.33,25.63,0,77.4,27.09,25.4,0,Direct,SIMPLE,8,RING,LL,8,1,Direct,A_flag_ceiling
all_gather_perf,2,16,4194304,65536,float,none,114.58,36.6,34.32,0,113.12,37.08,34.76,0,Direct,SIMPLE,8,RING,LL,8,1,Direct,A_flag_ceiling
all_gather_perf,2,16,8388608,131072,float,none,434.77,19.29,18.09,0,431.05,19.46,18.24,0,RING,LL,8,RING,LL,8,0,RING,A_flag_ceiling
all_gather_perf,2,16,16777216,262144,float,none,855.21,19.62,18.39,0,855.01,19.62,18.4,0,RING,LL,8,RING,LL,8,0,RING,A_flag_ceiling
all_gather_perf,2,16,33554432,524288,float,none,1704.74,19.68,18.45,0,1702.83,19.71,18.47,0,RING,LL,8,RING,LL,8,0,RING,A_flag_ceiling
all_gather_perf,2,16,67108864,1048576,float,none,3426.69,19.58,18.36,0,3436.26,19.53,18.31,0,RING,LL,8,RING,LL,8,0,RING,A_flag_ceiling
all_gather_perf,2,16,134217728,2097152,float,none,6921.53,19.39,18.18,0,7077.68,18.96,17.78,0,RING,LL,8,RING,LL,8,0,RING,A_flag_ceiling
all_gather_perf,2,16,268435456,4194304,float,none,13723.9,19.56,18.34,0,13775.3,19.49,18.27,0,RING,LL,8,RING,LL,8,0,RING,A_flag_ceiling
all_gather_perf,2,16,536870912,8388608,float,none,27485.5,19.53,18.31,0,27515.6,19.51,18.29,0,RING,LL,8,RING,LL,8,0,RING,A_flag_ceiling
all_gather_perf,2,16,4096,64,float,none,42.12,0.1,0.09,0,40.58,0.1,0.09,0,Direct,SIMPLE,8,RING,LL128,8,1,Direct,A_flag_ceiling
all_gather_perf,2,16,8192,128,float,none,40.44,0.2,0.19,0,39.46,0.21,0.19,0,Direct,SIMPLE,8,RING,LL128,8,1,Direct,A_flag_ceiling
all_gather_perf,2,16,16384,256,float,none,42.0,0.39,0.37,0,43.15,0.38,0.36,0,Direct,SIMPLE,8,RING,LL128,8,1,Direct,A_flag_ceiling
all_gather_perf,2,16,32768,512,float,none,40.61,0.81,0.76,0,42.04,0.78,0.73,0,Direct,SIMPLE,8,RING,LL128,8,1,Direct,A_flag_ceiling
all_gather_perf,2,16,65536,1024,float,none,42.3,1.55,1.45,0,42.24,1.55,1.45,0,Direct,SIMPLE,8,RING,LL128,8,1,Direct,A_flag_ceiling
all_gather_perf,2,16,131072,2048,float,none,46.27,2.83,2.66,0,45.43,2.89,2.7,0,Direct,SIMPLE,8,RING,LL128,8,1,Direct,A_flag_ceiling
all_gather_perf,2,16,262144,4096,float,none,44.36,5.91,5.54,0,44.48,5.89,5.53,0,Direct,SIMPLE,8,RING,LL128,8,1,Direct,A_flag_ceiling
all_gather_perf,2,16,524288,8192,float,none,49.88,10.51,9.85,0,49.95,10.5,9.84,0,Direct,SIMPLE,8,RING,LL128,8,1,Direct,A_flag_ceiling
all_gather_perf,2,16,1048576,16384,float,none,62.86,16.68,15.64,0,61.7,17.0,15.93,0,Direct,SIMPLE,8,RING,LL128,8,1,Direct,A_flag_ceiling
all_gather_perf,2,16,2097152,32768,float,none,77.01,27.23,25.53,0,77.18,27.17,25.47,0,Direct,SIMPLE,8,RING,LL128,8,1,Direct,A_flag_ceiling
all_gather_perf,2,16,4194304,65536,float,none,113.96,36.81,34.51,0,112.79,37.19,34.86,0,Direct,SIMPLE,8,RING,LL128,8,1,Direct,A_flag_ceiling
all_gather_perf,2,16,8388608,131072,float,none,123.25,68.06,63.81,0,121.39,69.1,64.79,0,RING,LL128,8,RING,LL128,8,0,RING,A_flag_ceiling
all_gather_perf,2,16,16777216,262144,float,none,230.66,72.74,68.19,0,226.66,74.02,69.39,0,RING,LL128,8,RING,LL128,8,0,RING,A_flag_ceiling
all_gather_perf,2,16,33554432,524288,float,none,424.43,79.06,74.12,0,415.87,80.68,75.64,0,RING,LL128,8,RING,LL128,8,0,RING,A_flag_ceiling
all_gather_perf,2,16,67108864,1048576,float,none,827.82,81.07,76.0,0,812.44,82.6,77.44,0,RING,LL128,8,RING,LL128,8,0,RING,A_flag_ceiling
all_gather_perf,2,16,134217728,2097152,float,none,1634.37,82.12,76.99,0,1605.1,83.62,78.39,0,RING,LL128,8,RING,LL128,8,0,RING,A_flag_ceiling
all_gather_perf,2,16,268435456,4194304,float,none,3245.65,82.71,77.54,0,3187.41,84.22,78.95,0,RING,LL128,8,RING,LL128,8,0,RING,A_flag_ceiling
all_gather_perf,2,16,536870912,8388608,float,none,6468.28,83.0,77.81,0,6344.65,84.62,79.33,0,RING,LL128,8,RING,LL128,8,0,RING,A_flag_ceiling
all_gather_perf,2,16,4096,64,float,none,35.84,0.11,0.11,0,34.96,0.12,0.11,0,Direct,SIMPLE,16,RING,SIMPLE,16,1,Direct,A_flag_ceiling
all_gather_perf,2,16,8192,128,float,none,35.61,0.23,0.22,0,34.04,0.24,0.23,0,Direct,SIMPLE,16,RING,SIMPLE,16,1,Direct,A_flag_ceiling
all_gather_perf,2,16,16384,256,float,none,37.84,0.43,0.41,0,35.04,0.47,0.44,0,Direct,SIMPLE,16,RING,SIMPLE,16,1,Direct,A_flag_ceiling
all_gather_perf,2,16,32768,512,float,none,35.45,0.92,0.87,0,34.88,0.94,0.88,0,Direct,SIMPLE,16,RING,SIMPLE,16,1,Direct,A_flag_ceiling
all_gather_perf,2,16,65536,1024,float,none,35.9,1.83,1.71,0,35.21,1.86,1.74,0,Direct,SIMPLE,16,RING,SIMPLE,16,1,Direct,A_flag_ceiling
all_gather_perf,2,16,131072,2048,float,none,38.57,3.4,3.19,0,36.48,3.59,3.37,0,Direct,SIMPLE,16,RING,SIMPLE,16,1,Direct,A_flag_ceiling
all_gather_perf,2,16,262144,4096,float,none,36.38,7.21,6.76,0,36.26,7.23,6.78,0,Direct,SIMPLE,16,RING,SIMPLE,16,1,Direct,A_flag_ceiling
all_gather_perf,2,16,524288,8192,float,none,41.31,12.69,11.9,0,42.01,12.48,11.7,0,Direct,SIMPLE,16,RING,SIMPLE,16,1,Direct,A_flag_ceiling
all_gather_perf,2,16,1048576,16384,float,none,52.67,19.91,18.66,0,52.19,20.09,18.84,0,Direct,SIMPLE,16,RING,SIMPLE,16,1,Direct,A_flag_ceiling
all_gather_perf,2,16,2097152,32768,float,none,62.09,33.78,31.67,0,63.49,33.03,30.97,0,Direct,SIMPLE,16,RING,SIMPLE,16,1,Direct,A_flag_ceiling
all_gather_perf,2,16,4194304,65536,float,none,91.57,45.8,42.94,0,91.32,45.93,43.06,0,Direct,SIMPLE,16,RING,SIMPLE,16,1,Direct,A_flag_ceiling
all_gather_perf,2,16,8388608,131072,float,none,197.51,42.47,39.82,0,195.73,42.86,40.18,0,RING,SIMPLE,16,RING,SIMPLE,16,0,RING,A_flag_ceiling
all_gather_perf,2,16,16777216,262144,float,none,204.29,82.12,76.99,0,201.69,83.18,77.98,0,RING,SIMPLE,16,RING,SIMPLE,16,0,RING,A_flag_ceiling
all_gather_perf,2,16,33554432,524288,float,none,260.25,128.93,120.87,0,257.59,130.26,122.12,0,RING,SIMPLE,16,RING,SIMPLE,16,0,RING,A_flag_ceiling
all_gather_perf,2,16,67108864,1048576,float,none,379.29,176.93,165.87,0,376.87,178.07,166.94,0,RING,SIMPLE,16,RING,SIMPLE,16,0,RING,A_flag_ceiling
all_gather_perf,2,16,134217728,2097152,float,none,637.72,210.46,197.31,0,629.67,213.16,199.83,0,RING,SIMPLE,16,RING,SIMPLE,16,0,RING,A_flag_ceiling
all_gather_perf,2,16,268435456,4194304,float,none,1153.87,232.64,218.1,0,1138.32,235.82,221.08,0,RING,SIMPLE,16,RING,SIMPLE,16,0,RING,A_flag_ceiling
all_gather_perf,2,16,536870912,8388608,float,none,2144.93,250.3,234.65,0,2101.25,255.5,239.53,0,RING,SIMPLE,16,RING,SIMPLE,16,0,RING,A_flag_ceiling
all_gather_perf,2,16,4096,64,float,none,37.4,0.11,0.1,0,35.82,0.11,0.11,0,Direct,SIMPLE,16,RING,LL,16,1,Direct,A_flag_ceiling
all_gather_perf,2,16,8192,128,float,none,35.48,0.23,0.22,0,35.96,0.23,0.21,0,Direct,SIMPLE,16,RING,LL,16,1,Direct,A_flag_ceiling
all_gather_perf,2,16,16384,256,float,none,37.65,0.44,0.41,0,35.7,0.46,0.43,0,Direct,SIMPLE,16,RING,LL,16,1,Direct,A_flag_ceiling
all_gather_perf,2,16,32768,512,float,none,35.08,0.93,0.88,0,34.71,0.94,0.89,0,Direct,SIMPLE,16,RING,LL,16,1,Direct,A_flag_ceiling
all_gather_perf,2,16,65536,1024,float,none,35.82,1.83,1.72,0,35.3,1.86,1.74,0,Direct,SIMPLE,16,RING,LL,16,1,Direct,A_flag_ceiling
all_gather_perf,2,16,131072,2048,float,none,37.78,3.47,3.25,0,35.87,3.65,3.43,0,Direct,SIMPLE,16,RING,LL,16,1,Direct,A_flag_ceiling
all_gather_perf,2,16,262144,4096,float,none,36.06,7.27,6.81,0,36.62,7.16,6.71,0,Direct,SIMPLE,16,RING,LL,16,1,Direct,A_flag_ceiling
all_gather_perf,2,16,524288,8192,float,none,41.48,12.64,11.85,0,41.18,12.73,11.94,0,Direct,SIMPLE,16,RING,LL,16,1,Direct,A_flag_ceiling
all_gather_perf,2,16,1048576,16384,float,none,52.32,20.04,18.79,0,51.91,20.2,18.94,0,Direct,SIMPLE,16,RING,LL,16,1,Direct,A_flag_ceiling
all_gather_perf,2,16,2097152,32768,float,none,62.13,33.76,31.65,0,74.65,28.09,26.34,0,Direct,SIMPLE,16,RING,LL,16,1,Direct,A_flag_ceiling
all_gather_perf,2,16,4194304,65536,float,none,91.53,45.83,42.96,0,91.77,45.71,42.85,0,Direct,SIMPLE,16,RING,LL,16,1,Direct,A_flag_ceiling
all_gather_perf,2,16,8388608,131072,float,none,238.54,35.17,32.97,0,238.42,35.18,32.99,0,RING,LL,16,RING,LL,16,0,RING,A_flag_ceiling
all_gather_perf,2,16,16777216,262144,float,none,456.26,36.77,34.47,0,454.28,36.93,34.62,0,RING,LL,16,RING,LL,16,0,RING,A_flag_ceiling
all_gather_perf,2,16,33554432,524288,float,none,889.32,37.73,35.37,0,885.4,37.9,35.53,0,RING,LL,16,RING,LL,16,0,RING,A_flag_ceiling
all_gather_perf,2,16,67108864,1048576,float,none,1765.89,38.0,35.63,0,1762.05,38.09,35.71,0,RING,LL,16,RING,LL,16,0,RING,A_flag_ceiling
all_gather_perf,2,16,134217728,2097152,float,none,3556.6,37.74,35.38,0,3551.59,37.79,35.43,0,RING,LL,16,RING,LL,16,0,RING,A_flag_ceiling
all_gather_perf,2,16,268435456,4194304,float,none,7131.4,37.64,35.29,0,7110.12,37.75,35.39,0,RING,LL,16,RING,LL,16,0,RING,A_flag_ceiling
all_gather_perf,2,16,536870912,8388608,float,none,14288.3,37.57,35.23,0,14275.5,37.61,35.26,0,RING,LL,16,RING,LL,16,0,RING,A_flag_ceiling
all_gather_perf,2,16,4096,64,float,none,36.41,0.11,0.11,0,35.06,0.12,0.11,0,Direct,SIMPLE,16,RING,LL128,16,1,Direct,A_flag_ceiling
all_gather_perf,2,16,8192,128,float,none,35.06,0.23,0.22,0,37.56,0.22,0.2,0,Direct,SIMPLE,16,RING,LL128,16,1,Direct,A_flag_ceiling
all_gather_perf,2,16,16384,256,float,none,39.91,0.41,0.38,0,35.13,0.47,0.44,0,Direct,SIMPLE,16,RING,LL128,16,1,Direct,A_flag_ceiling
all_gather_perf,2,16,32768,512,float,none,34.88,0.94,0.88,0,35.18,0.93,0.87,0,Direct,SIMPLE,16,RING,LL128,16,1,Direct,A_flag_ceiling
all_gather_perf,2,16,65536,1024,float,none,35.27,1.86,1.74,0,34.8,1.88,1.77,0,Direct,SIMPLE,16,RING,LL128,16,1,Direct,A_flag_ceiling
all_gather_perf,2,16,131072,2048,float,none,38.42,3.41,3.2,0,36.92,3.55,3.33,0,Direct,SIMPLE,16,RING,LL128,16,1,Direct,A_flag_ceiling
all_gather_perf,2,16,262144,4096,float,none,36.52,7.18,6.73,0,36.29,7.22,6.77,0,Direct,SIMPLE,16,RING,LL128,16,1,Direct,A_flag_ceiling
all_gather_perf,2,16,524288,8192,float,none,41.54,12.62,11.83,0,41.04,12.77,11.98,0,Direct,SIMPLE,16,RING,LL128,16,1,Direct,A_flag_ceiling
all_gather_perf,2,16,1048576,16384,float,none,52.32,20.04,18.79,0,51.72,20.27,19.01,0,Direct,SIMPLE,16,RING,LL128,16,1,Direct,A_flag_ceiling
all_gather_perf,2,16,2097152,32768,float,none,61.64,34.02,31.89,0,62.61,33.5,31.4,0,Direct,SIMPLE,16,RING,LL128,16,1,Direct,A_flag_ceiling
all_gather_perf,2,16,4194304,65536,float,none,91.54,45.82,42.96,0,91.34,45.92,43.05,0,Direct,SIMPLE,16,RING,LL128,16,1,Direct,A_flag_ceiling
all_gather_perf,2,16,8388608,131072,float,none,89.51,93.72,87.86,0,88.76,94.51,88.6,0,RING,LL128,16,RING,LL128,16,0,RING,A_flag_ceiling
all_gather_perf,2,16,16777216,262144,float,none,130.22,128.84,120.78,0,128.97,130.09,121.96,0,RING,LL128,16,RING,LL128,16,0,RING,A_flag_ceiling
all_gather_perf,2,16,33554432,524288,float,none,243.48,137.81,129.2,0,241.03,139.22,130.51,0,RING,LL128,16,RING,LL128,16,0,RING,A_flag_ceiling
all_gather_perf,2,16,67108864,1048576,float,none,445.63,150.59,141.18,0,439.35,152.75,143.2,0,RING,LL128,16,RING,LL128,16,0,RING,A_flag_ceiling
all_gather_perf,2,16,134217728,2097152,float,none,867.01,154.81,145.13,0,858.19,156.4,146.62,0,RING,LL128,16,RING,LL128,16,0,RING,A_flag_ceiling
all_gather_perf,2,16,268435456,4194304,float,none,1704.98,157.44,147.6,0,1685.92,159.22,149.27,0,RING,LL128,16,RING,LL128,16,0,RING,A_flag_ceiling
all_gather_perf,2,16,536870912,8388608,float,none,3382.65,158.71,148.79,0,3342.85,160.6,150.57,0,RING,LL128,16,RING,LL128,16,0,RING,A_flag_ceiling
all_gather_perf,2,16,4096,64,float,none,36.31,0.11,0.11,0,35.63,0.11,0.11,0,Direct,SIMPLE,32,RING,SIMPLE,24,1,Direct,A_flag_ceiling
all_gather_perf,2,16,8192,128,float,none,35.99,0.23,0.21,0,35.1,0.23,0.22,0,Direct,SIMPLE,32,RING,SIMPLE,24,1,Direct,A_flag_ceiling
all_gather_perf,2,16,16384,256,float,none,37.35,0.44,0.41,0,36.21,0.45,0.42,0,Direct,SIMPLE,32,RING,SIMPLE,24,1,Direct,A_flag_ceiling
all_gather_perf,2,16,32768,512,float,none,35.38,0.93,0.87,0,34.63,0.95,0.89,0,Direct,SIMPLE,32,RING,SIMPLE,24,1,Direct,A_flag_ceiling
all_gather_perf,2,16,65536,1024,float,none,35.56,1.84,1.73,0,34.89,1.88,1.76,0,Direct,SIMPLE,32,RING,SIMPLE,24,1,Direct,A_flag_ceiling
all_gather_perf,2,16,131072,2048,float,none,37.7,3.48,3.26,0,36.18,3.62,3.4,0,Direct,SIMPLE,32,RING,SIMPLE,24,1,Direct,A_flag_ceiling
all_gather_perf,2,16,262144,4096,float,none,36.38,7.2,6.75,0,36.11,7.26,6.81,0,Direct,SIMPLE,32,RING,SIMPLE,24,1,Direct,A_flag_ceiling
all_gather_perf,2,16,524288,8192,float,none,41.22,12.72,11.92,0,40.75,12.87,12.06,0,Direct,SIMPLE,32,RING,SIMPLE,24,1,Direct,A_flag_ceiling
all_gather_perf,2,16,1048576,16384,float,none,51.97,20.18,18.92,0,51.81,20.24,18.98,0,Direct,SIMPLE,32,RING,SIMPLE,24,1,Direct,A_flag_ceiling
all_gather_perf,2,16,2097152,32768,float,none,61.67,34.01,31.88,0,62.24,33.69,31.59,0,Direct,SIMPLE,32,RING,SIMPLE,24,1,Direct,A_flag_ceiling
all_gather_perf,2,16,4194304,65536,float,none,91.48,45.85,42.99,0,91.29,45.94,43.07,0,Direct,SIMPLE,32,RING,SIMPLE,24,1,Direct,A_flag_ceiling
all_gather_perf,2,16,8388608,131072,float,none,215.24,38.97,36.54,0,213.49,39.29,36.84,0,RING,SIMPLE,24,RING,SIMPLE,24,0,RING,A_flag_ceiling
all_gather_perf,2,16,16777216,262144,float,none,221.23,75.83,71.1,0,215.96,77.69,72.83,0,RING,SIMPLE,24,RING,SIMPLE,24,0,RING,A_flag_ceiling
all_gather_perf,2,16,33554432,524288,float,none,236.51,141.87,133.01,0,235.85,142.27,133.38,0,RING,SIMPLE,24,RING,SIMPLE,24,0,RING,A_flag_ceiling
all_gather_perf,2,16,67108864,1048576,float,none,327.22,205.09,192.27,0,313.38,214.14,200.76,0,RING,SIMPLE,24,RING,SIMPLE,24,0,RING,A_flag_ceiling
all_gather_perf,2,16,134217728,2097152,float,none,485.48,276.46,259.18,0,483.7,277.48,260.14,0,RING,SIMPLE,24,RING,SIMPLE,24,0,RING,A_flag_ceiling
all_gather_perf,2,16,268435456,4194304,float,none,846.88,316.97,297.16,0,842.08,318.78,298.85,0,RING,SIMPLE,24,RING,SIMPLE,24,0,RING,A_flag_ceiling
all_gather_perf,2,16,536870912,8388608,float,none,1541.31,348.32,326.55,0,1526.8,351.63,329.65,0,RING,SIMPLE,24,RING,SIMPLE,24,0,RING,A_flag_ceiling
all_gather_perf,2,16,4096,64,float,none,37.66,0.11,0.1,0,34.72,0.12,0.11,0,Direct,SIMPLE,32,RING,LL,24,1,Direct,A_flag_ceiling
all_gather_perf,2,16,8192,128,float,none,35.16,0.23,0.22,0,34.46,0.24,0.22,0,Direct,SIMPLE,32,RING,LL,24,1,Direct,A_flag_ceiling
all_gather_perf,2,16,16384,256,float,none,36.58,0.45,0.42,0,34.58,0.47,0.44,0,Direct,SIMPLE,32,RING,LL,24,1,Direct,A_flag_ceiling
all_gather_perf,2,16,32768,512,float,none,33.8,0.97,0.91,0,34.63,0.95,0.89,0,Direct,SIMPLE,32,RING,LL,24,1,Direct,A_flag_ceiling
all_gather_perf,2,16,65536,1024,float,none,34.74,1.89,1.77,0,34.8,1.88,1.77,0,Direct,SIMPLE,32,RING,LL,24,1,Direct,A_flag_ceiling
all_gather_perf,2,16,131072,2048,float,none,38.15,3.44,3.22,0,36.34,3.61,3.38,0,Direct,SIMPLE,32,RING,LL,24,1,Direct,A_flag_ceiling
all_gather_perf,2,16,262144,4096,float,none,36.08,7.27,6.81,0,36.37,7.21,6.76,0,Direct,SIMPLE,32,RING,LL,24,1,Direct,A_flag_ceiling
all_gather_perf,2,16,524288,8192,float,none,41.64,12.59,11.8,0,41.19,12.73,11.93,0,Direct,SIMPLE,32,RING,LL,24,1,Direct,A_flag_ceiling
all_gather_perf,2,16,1048576,16384,float,none,51.88,20.21,18.95,0,51.65,20.3,19.03,0,Direct,SIMPLE,32,RING,LL,24,1,Direct,A_flag_ceiling
all_gather_perf,2,16,2097152,32768,float,none,62.39,33.61,31.51,0,76.95,27.25,25.55,0,Direct,SIMPLE,32,RING,LL,24,1,Direct,A_flag_ceiling
all_gather_perf,2,16,4194304,65536,float,none,91.47,45.85,42.99,0,102.08,41.09,38.52,0,Direct,SIMPLE,32,RING,LL,24,1,Direct,A_flag_ceiling
all_gather_perf,2,16,8388608,131072,float,none,277.05,30.28,28.39,0,274.75,30.53,28.62,0,RING,LL,24,RING,LL,24,0,RING,A_flag_ceiling
all_gather_perf,2,16,16777216,262144,float,none,474.03,35.39,33.18,0,474.77,35.34,33.13,0,RING,LL,24,RING,LL,24,0,RING,A_flag_ceiling
all_gather_perf,2,16,33554432,524288,float,none,913.6,36.73,34.43,0,914.95,36.67,34.38,0,RING,LL,24,RING,LL,24,0,RING,A_flag_ceiling
all_gather_perf,2,16,67108864,1048576,float,none,1744.06,38.48,36.07,0,1744.41,38.47,36.07,0,RING,LL,24,RING,LL,24,0,RING,A_flag_ceiling
all_gather_perf,2,16,134217728,2097152,float,none,3459.4,38.8,36.37,0,3454.24,38.86,36.43,0,RING,LL,24,RING,LL,24,0,RING,A_flag_ceiling
all_gather_perf,2,16,268435456,4194304,float,none,6508.5,41.24,38.67,0,6338.47,42.35,39.7,0,RING,LL,24,RING,LL,24,0,RING,A_flag_ceiling
all_gather_perf,2,16,536870912,8388608,float,none,12681.8,42.33,39.69,0,12672.1,42.37,39.72,0,RING,LL,24,RING,LL,24,0,RING,A_flag_ceiling
all_gather_perf,2,16,4096,64,float,none,35.99,0.11,0.11,0,34.42,0.12,0.11,0,Direct,SIMPLE,32,RING,LL128,24,1,Direct,A_flag_ceiling
all_gather_perf,2,16,8192,128,float,none,34.91,0.23,0.22,0,34.5,0.24,0.22,0,Direct,SIMPLE,32,RING,LL128,24,1,Direct,A_flag_ceiling
all_gather_perf,2,16,16384,256,float,none,37.83,0.43,0.41,0,34.99,0.47,0.44,0,Direct,SIMPLE,32,RING,LL128,24,1,Direct,A_flag_ceiling
all_gather_perf,2,16,32768,512,float,none,35.78,0.92,0.86,0,35.5,0.92,0.87,0,Direct,SIMPLE,32,RING,LL128,24,1,Direct,A_flag_ceiling
all_gather_perf,2,16,65536,1024,float,none,35.35,1.85,1.74,0,35.25,1.86,1.74,0,Direct,SIMPLE,32,RING,LL128,24,1,Direct,A_flag_ceiling
all_gather_perf,2,16,131072,2048,float,none,38.13,3.44,3.22,0,36.69,3.57,3.35,0,Direct,SIMPLE,32,RING,LL128,24,1,Direct,A_flag_ceiling
all_gather_perf,2,16,262144,4096,float,none,36.68,7.15,6.7,0,37.13,7.06,6.62,0,Direct,SIMPLE,32,RING,LL128,24,1,Direct,A_flag_ceiling
all_gather_perf,2,16,524288,8192,float,none,41.24,12.71,11.92,0,40.95,12.8,12.0,0,Direct,SIMPLE,32,RING,LL128,24,1,Direct,A_flag_ceiling
all_gather_perf,2,16,1048576,16384,float,none,58.38,17.96,16.84,0,51.46,20.38,19.1,0,Direct,SIMPLE,32,RING,LL128,24,1,Direct,A_flag_ceiling
all_gather_perf,2,16,2097152,32768,float,none,77.27,27.14,25.44,0,62.06,33.79,31.68,0,Direct,SIMPLE,32,RING,LL128,24,1,Direct,A_flag_ceiling
all_gather_perf,2,16,4194304,65536,float,none,91.33,45.93,43.06,0,91.31,45.93,43.06,0,Direct,SIMPLE,32,RING,LL128,24,1,Direct,A_flag_ceiling
all_gather_perf,2,16,8388608,131072,float,none,84.63,99.12,92.92,0,83.38,100.61,94.32,0,RING,LL128,24,RING,LL128,24,0,RING,A_flag_ceiling
all_gather_perf,2,16,16777216,262144,float,none,108.59,154.49,144.84,0,108.75,154.27,144.63,0,RING,LL128,24,RING,LL128,24,0,RING,A_flag_ceiling
all_gather_perf,2,16,33554432,524288,float,none,172.96,194.0,181.88,0,172.04,195.04,182.85,0,RING,LL128,24,RING,LL128,24,0,RING,A_flag_ceiling
all_gather_perf,2,16,67108864,1048576,float,none,317.12,211.62,198.39,0,314.4,213.45,200.11,0,RING,LL128,24,RING,LL128,24,0,RING,A_flag_ceiling
all_gather_perf,2,16,134217728,2097152,float,none,616.57,217.69,204.08,0,609.39,220.25,206.48,0,RING,LL128,24,RING,LL128,24,0,RING,A_flag_ceiling
all_gather_perf,2,16,268435456,4194304,float,none,1200.42,223.62,209.64,0,1185.55,226.42,212.27,0,RING,LL128,24,RING,LL128,24,0,RING,A_flag_ceiling
all_gather_perf,2,16,536870912,8388608,float,none,2383.16,225.28,211.2,0,2349.06,228.55,214.26,0,RING,LL128,24,RING,LL128,24,0,RING,A_flag_ceiling
all_gather_perf,2,16,4096,64,float,none,36.37,0.11,0.11,0,34.96,0.12,0.11,0,Direct,SIMPLE,32,RING,SIMPLE,32,1,Direct,A_flag_ceiling
all_gather_perf,2,16,8192,128,float,none,34.86,0.23,0.22,0,35.18,0.23,0.22,0,Direct,SIMPLE,32,RING,SIMPLE,32,1,Direct,A_flag_ceiling
all_gather_perf,2,16,16384,256,float,none,38.02,0.43,0.4,0,34.99,0.47,0.44,0,Direct,SIMPLE,32,RING,SIMPLE,32,1,Direct,A_flag_ceiling
all_gather_perf,2,16,32768,512,float,none,35.33,0.93,0.87,0,34.7,0.94,0.89,0,Direct,SIMPLE,32,RING,SIMPLE,32,1,Direct,A_flag_ceiling
all_gather_perf,2,16,65536,1024,float,none,35.56,1.84,1.73,0,36.15,1.81,1.7,0,Direct,SIMPLE,32,RING,SIMPLE,32,1,Direct,A_flag_ceiling
all_gather_perf,2,16,131072,2048,float,none,37.17,3.53,3.31,0,35.85,3.66,3.43,0,Direct,SIMPLE,32,RING,SIMPLE,32,1,Direct,A_flag_ceiling
all_gather_perf,2,16,262144,4096,float,none,39.2,6.69,6.27,0,36.99,7.09,6.64,0,Direct,SIMPLE,32,RING,SIMPLE,32,1,Direct,A_flag_ceiling
all_gather_perf,2,16,524288,8192,float,none,40.79,12.85,12.05,0,41.54,12.62,11.83,0,Direct,SIMPLE,32,RING,SIMPLE,32,1,Direct,A_flag_ceiling
all_gather_perf,2,16,1048576,16384,float,none,52.6,19.94,18.69,0,52.09,20.13,18.87,0,Direct,SIMPLE,32,RING,SIMPLE,32,1,Direct,A_flag_ceiling
all_gather_perf,2,16,2097152,32768,float,none,66.92,31.34,29.38,0,76.81,27.3,25.6,0,Direct,SIMPLE,32,RING,SIMPLE,32,1,Direct,A_flag_ceiling
all_gather_perf,2,16,4194304,65536,float,none,86.06,48.74,45.69,0,85.74,48.92,45.86,0,Direct,SIMPLE,32,RING,SIMPLE,32,1,Direct,A_flag_ceiling
all_gather_perf,2,16,8388608,131072,float,none,242.82,34.55,32.39,0,236.48,35.47,33.26,0,RING,SIMPLE,32,RING,SIMPLE,32,0,RING,A_flag_ceiling
all_gather_perf,2,16,16777216,262144,float,none,245.54,68.33,64.06,0,241.37,69.51,65.16,0,RING,SIMPLE,32,RING,SIMPLE,32,0,RING,A_flag_ceiling
all_gather_perf,2,16,33554432,524288,float,none,247.88,135.37,126.91,0,245.64,136.6,128.06,0,RING,SIMPLE,32,RING,SIMPLE,32,0,RING,A_flag_ceiling
all_gather_perf,2,16,67108864,1048576,float,none,288.74,232.42,217.9,0,286.46,234.27,219.63,0,RING,SIMPLE,32,RING,SIMPLE,32,0,RING,A_flag_ceiling
all_gather_perf,2,16,134217728,2097152,float,none,422.79,317.46,297.62,0,421.19,318.66,298.75,0,RING,SIMPLE,32,RING,SIMPLE,32,0,RING,A_flag_ceiling
all_gather_perf,2,16,268435456,4194304,float,none,725.34,370.08,346.95,0,721.62,371.99,348.74,0,RING,SIMPLE,32,RING,SIMPLE,32,0,RING,A_flag_ceiling
all_gather_perf,2,16,536870912,8388608,float,none,1401.12,383.17,359.23,0,1391.87,385.72,361.61,0,RING,SIMPLE,32,RING,SIMPLE,32,0,RING,A_flag_ceiling
all_gather_perf,2,16,4096,64,float,none,37.07,0.11,0.1,0,37.43,0.11,0.1,0,Direct,SIMPLE,32,RING,LL,32,1,Direct,A_flag_ceiling
all_gather_perf,2,16,8192,128,float,none,34.45,0.24,0.22,0,36.71,0.22,0.21,0,Direct,SIMPLE,32,RING,LL,32,1,Direct,A_flag_ceiling
all_gather_perf,2,16,16384,256,float,none,38.13,0.43,0.4,0,34.92,0.47,0.44,0,Direct,SIMPLE,32,RING,LL,32,1,Direct,A_flag_ceiling
all_gather_perf,2,16,32768,512,float,none,34.93,0.94,0.88,0,35.48,0.92,0.87,0,Direct,SIMPLE,32,RING,LL,32,1,Direct,A_flag_ceiling
all_gather_perf,2,16,65536,1024,float,none,34.56,1.9,1.78,0,34.57,1.9,1.78,0,Direct,SIMPLE,32,RING,LL,32,1,Direct,A_flag_ceiling
all_gather_perf,2,16,131072,2048,float,none,36.62,3.58,3.36,0,35.93,3.65,3.42,0,Direct,SIMPLE,32,RING,LL,32,1,Direct,A_flag_ceiling
all_gather_perf,2,16,262144,4096,float,none,36.36,7.21,6.76,0,36.46,7.19,6.74,0,Direct,SIMPLE,32,RING,LL,32,1,Direct,A_flag_ceiling
all_gather_perf,2,16,524288,8192,float,none,40.51,12.94,12.13,0,40.93,12.81,12.01,0,Direct,SIMPLE,32,RING,LL,32,1,Direct,A_flag_ceiling
all_gather_perf,2,16,1048576,16384,float,none,52.54,19.96,18.71,0,51.24,20.46,19.18,0,Direct,SIMPLE,32,RING,LL,32,1,Direct,A_flag_ceiling
all_gather_perf,2,16,2097152,32768,float,none,61.59,34.05,31.92,0,62.58,33.51,31.42,0,Direct,SIMPLE,32,RING,LL,32,1,Direct,A_flag_ceiling
all_gather_perf,2,16,4194304,65536,float,none,85.74,48.92,45.86,0,85.66,48.96,45.9,0,Direct,SIMPLE,32,RING,LL,32,1,Direct,A_flag_ceiling
all_gather_perf,2,16,8388608,131072,float,none,209.8,39.98,37.48,0,212.31,39.51,37.04,0,RING,LL,32,RING,LL,32,0,RING,A_flag_ceiling
all_gather_perf,2,16,16777216,262144,float,none,419.63,39.98,37.48,0,423.0,39.66,37.18,0,RING,LL,32,RING,LL,32,0,RING,A_flag_ceiling
all_gather_perf,2,16,33554432,524288,float,none,820.52,40.89,38.34,0,831.82,40.34,37.82,0,RING,LL,32,RING,LL,32,0,RING,A_flag_ceiling
all_gather_perf,2,16,67108864,1048576,float,none,1625.71,41.28,38.7,0,1636.48,41.01,38.44,0,RING,LL,32,RING,LL,32,0,RING,A_flag_ceiling
all_gather_perf,2,16,134217728,2097152,float,none,3252.28,41.27,38.69,0,3349.5,40.07,37.57,0,RING,LL,32,RING,LL,32,0,RING,A_flag_ceiling
all_gather_perf,2,16,268435456,4194304,float,none,6419.1,41.82,39.2,0,6429.16,41.75,39.14,0,RING,LL,32,RING,LL,32,0,RING,A_flag_ceiling
all_gather_perf,2,16,536870912,8388608,float,none,12808.6,41.91,39.3,0,12786.8,41.99,39.36,0,RING,LL,32,RING,LL,32,0,RING,A_flag_ceiling
all_gather_perf,2,16,4096,64,float,none,37.21,0.11,0.1,0,35.37,0.12,0.11,0,Direct,SIMPLE,32,RING,LL128,32,1,Direct,A_flag_ceiling
all_gather_perf,2,16,8192,128,float,none,34.56,0.24,0.22,0,34.68,0.24,0.22,0,Direct,SIMPLE,32,RING,LL128,32,1,Direct,A_flag_ceiling
all_gather_perf,2,16,16384,256,float,none,36.44,0.45,0.42,0,34.54,0.47,0.44,0,Direct,SIMPLE,32,RING,LL128,32,1,Direct,A_flag_ceiling
all_gather_perf,2,16,32768,512,float,none,35.58,0.92,0.86,0,35.43,0.92,0.87,0,Direct,SIMPLE,32,RING,LL128,32,1,Direct,A_flag_ceiling
all_gather_perf,2,16,65536,1024,float,none,35.5,1.85,1.73,0,35.17,1.86,1.75,0,Direct,SIMPLE,32,RING,LL128,32,1,Direct,A_flag_ceiling
all_gather_perf,2,16,131072,2048,float,none,39.73,3.3,3.09,0,35.38,3.7,3.47,0,Direct,SIMPLE,32,RING,LL128,32,1,Direct,A_flag_ceiling
all_gather_perf,2,16,262144,4096,float,none,36.28,7.23,6.77,0,36.56,7.17,6.72,0,Direct,SIMPLE,32,RING,LL128,32,1,Direct,A_flag_ceiling
all_gather_perf,2,16,524288,8192,float,none,40.94,12.81,12.0,0,41.62,12.6,11.81,0,Direct,SIMPLE,32,RING,LL128,32,1,Direct,A_flag_ceiling
all_gather_perf,2,16,1048576,16384,float,none,52.63,19.92,18.68,0,52.88,19.83,18.59,0,Direct,SIMPLE,32,RING,LL128,32,1,Direct,A_flag_ceiling
all_gather_perf,2,16,2097152,32768,float,none,61.98,33.83,31.72,0,63.36,33.1,31.03,0,Direct,SIMPLE,32,RING,LL128,32,1,Direct,A_flag_ceiling
all_gather_perf,2,16,4194304,65536,float,none,86.3,48.6,45.56,0,85.98,48.78,45.73,0,Direct,SIMPLE,32,RING,LL128,32,1,Direct,A_flag_ceiling
all_gather_perf,2,16,8388608,131072,float,none,98.83,84.88,79.57,0,95.9,87.47,82.01,0,RING,LL128,32,RING,LL128,32,0,RING,A_flag_ceiling
all_gather_perf,2,16,16777216,262144,float,none,108.65,154.41,144.76,0,107.51,156.05,146.3,0,RING,LL128,32,RING,LL128,32,0,RING,A_flag_ceiling
all_gather_perf,2,16,33554432,524288,float,none,150.67,222.7,208.78,0,149.95,223.78,209.79,0,RING,LL128,32,RING,LL128,32,0,RING,A_flag_ceiling
all_gather_perf,2,16,67108864,1048576,float,none,279.4,240.19,225.18,0,275.87,243.27,228.06,0,RING,LL128,32,RING,LL128,32,0,RING,A_flag_ceiling
all_gather_perf,2,16,134217728,2097152,float,none,504.48,266.05,249.43,0,503.0,266.84,250.16,0,RING,LL128,32,RING,LL128,32,0,RING,A_flag_ceiling
all_gather_perf,2,16,268435456,4194304,float,none,984.72,272.6,255.56,0,979.62,274.02,256.89,0,RING,LL128,32,RING,LL128,32,0,RING,A_flag_ceiling
all_gather_perf,2,16,536870912,8388608,float,none,1917.44,279.99,262.49,0,1905.28,281.78,264.17,0,RING,LL128,32,RING,LL128,32,0,RING,A_flag_ceiling
all_gather_perf,2,16,4096,64,float,none,35.88,0.11,0.11,0,34.43,0.12,0.11,0,Direct,SIMPLE,32,RING,SIMPLE,40,1,Direct,A_flag_ceiling
all_gather_perf,2,16,8192,128,float,none,35.04,0.23,0.22,0,35.0,0.23,0.22,0,Direct,SIMPLE,32,RING,SIMPLE,40,1,Direct,A_flag_ceiling
all_gather_perf,2,16,16384,256,float,none,37.34,0.44,0.41,0,34.83,0.47,0.44,0,Direct,SIMPLE,32,RING,SIMPLE,40,1,Direct,A_flag_ceiling
all_gather_perf,2,16,32768,512,float,none,37.69,0.87,0.82,0,34.54,0.95,0.89,0,Direct,SIMPLE,32,RING,SIMPLE,40,1,Direct,A_flag_ceiling
all_gather_perf,2,16,65536,1024,float,none,37.29,1.76,1.65,0,34.68,1.89,1.77,0,Direct,SIMPLE,32,RING,SIMPLE,40,1,Direct,A_flag_ceiling
all_gather_perf,2,16,131072,2048,float,none,36.19,3.62,3.4,0,36.35,3.61,3.38,0,Direct,SIMPLE,32,RING,SIMPLE,40,1,Direct,A_flag_ceiling
all_gather_perf,2,16,262144,4096,float,none,36.71,7.14,6.7,0,37.34,7.02,6.58,0,Direct,SIMPLE,32,RING,SIMPLE,40,1,Direct,A_flag_ceiling
all_gather_perf,2,16,524288,8192,float,none,41.03,12.78,11.98,0,41.11,12.75,11.96,0,Direct,SIMPLE,32,RING,SIMPLE,40,1,Direct,A_flag_ceiling
all_gather_perf,2,16,1048576,16384,float,none,52.26,20.06,18.81,0,51.43,20.39,19.11,0,Direct,SIMPLE,32,RING,SIMPLE,40,1,Direct,A_flag_ceiling
all_gather_perf,2,16,2097152,32768,float,none,62.89,33.35,31.26,0,74.95,27.98,26.23,0,Direct,SIMPLE,32,RING,SIMPLE,40,1,Direct,A_flag_ceiling
all_gather_perf,2,16,4194304,65536,float,none,86.14,48.69,45.65,0,96.66,43.39,40.68,0,Direct,SIMPLE,32,RING,SIMPLE,40,1,Direct,A_flag_ceiling
all_gather_perf,2,16,8388608,131072,float,none,280.44,29.91,28.04,0,271.4,30.91,28.98,0,RING,SIMPLE,40,RING,SIMPLE,40,0,RING,A_flag_ceiling
all_gather_perf,2,16,16777216,262144,float,none,276.61,60.65,56.86,0,268.35,62.52,58.61,0,RING,SIMPLE,40,RING,SIMPLE,40,0,RING,A_flag_ceiling
all_gather_perf,2,16,33554432,524288,float,none,283.63,118.3,110.91,0,283.46,118.37,110.97,0,RING,SIMPLE,40,RING,SIMPLE,40,0,RING,A_flag_ceiling
all_gather_perf,2,16,67108864,1048576,float,none,309.66,216.72,203.17,0,305.26,219.84,206.1,0,RING,SIMPLE,40,RING,SIMPLE,40,0,RING,A_flag_ceiling
all_gather_perf,2,16,134217728,2097152,float,none,411.1,326.48,306.08,0,410.08,327.3,306.84,0,RING,SIMPLE,40,RING,SIMPLE,40,0,RING,A_flag_ceiling
all_gather_perf,2,16,268435456,4194304,float,none,712.62,376.69,353.14,0,715.76,375.04,351.6,0,RING,SIMPLE,40,RING,SIMPLE,40,0,RING,A_flag_ceiling
all_gather_perf,2,16,536870912,8388608,float,none,1389.89,386.27,362.13,0,1382.28,388.39,364.12,0,RING,SIMPLE,40,RING,SIMPLE,40,0,RING,A_flag_ceiling
all_gather_perf,2,16,4096,64,float,none,38.13,0.11,0.1,0,35.04,0.12,0.11,0,Direct,SIMPLE,32,RING,LL,40,1,Direct,A_flag_ceiling
all_gather_perf,2,16,8192,128,float,none,34.61,0.24,0.22,0,35.09,0.23,0.22,0,Direct,SIMPLE,32,RING,LL,40,1,Direct,A_flag_ceiling
all_gather_perf,2,16,16384,256,float,none,37.93,0.43,0.4,0,35.7,0.46,0.43,0,Direct,SIMPLE,32,RING,LL,40,1,Direct,A_flag_ceiling
all_gather_perf,2,16,32768,512,float,none,35.32,0.93,0.87,0,34.25,0.96,0.9,0,Direct,SIMPLE,32,RING,LL,40,1,Direct,A_flag_ceiling
all_gather_perf,2,16,65536,1024,float,none,36.11,1.82,1.7,0,35.84,1.83,1.71,0,Direct,SIMPLE,32,RING,LL,40,1,Direct,A_flag_ceiling
all_gather_perf,2,16,131072,2048,float,none,38.5,3.4,3.19,0,35.84,3.66,3.43,0,Direct,SIMPLE,32,RING,LL,40,1,Direct,A_flag_ceiling
all_gather_perf,2,16,262144,4096,float,none,37.98,6.9,6.47,0,36.75,7.13,6.69,0,Direct,SIMPLE,32,RING,LL,40,1,Direct,A_flag_ceiling
all_gather_perf,2,16,524288,8192,float,none,40.72,12.87,12.07,0,40.81,12.85,12.04,0,Direct,SIMPLE,32,RING,LL,40,1,Direct,A_flag_ceiling
all_gather_perf,2,16,1048576,16384,float,none,52.8,19.86,18.62,0,51.59,20.32,19.05,0,Direct,SIMPLE,32,RING,LL,40,1,Direct,A_flag_ceiling
all_gather_perf,2,16,2097152,32768,float,none,76.38,27.46,25.74,0,62.06,33.79,31.68,0,Direct,SIMPLE,32,RING,LL,40,1,Direct,A_flag_ceiling
all_gather_perf,2,16,4194304,65536,float,none,86.06,48.74,45.69,0,86.0,48.77,45.72,0,Direct,SIMPLE,32,RING,LL,40,1,Direct,A_flag_ceiling
all_gather_perf,2,16,8388608,131072,float,none,249.41,33.63,31.53,0,246.67,34.01,31.88,0,RING,LL,40,RING,LL,40,0,RING,A_flag_ceiling
all_gather_perf,2,16,16777216,262144,float,none,485.09,34.59,32.42,0,483.89,34.67,32.5,0,RING,LL,40,RING,LL,40,0,RING,A_flag_ceiling
all_gather_perf,2,16,33554432,524288,float,none,917.38,36.58,34.29,0,913.08,36.75,34.45,0,RING,LL,40,RING,LL,40,0,RING,A_flag_ceiling
all_gather_perf,2,16,67108864,1048576,float,none,1736.89,38.64,36.22,0,1735.57,38.67,36.25,0,RING,LL,40,RING,LL,40,0,RING,A_flag_ceiling
all_gather_perf,2,16,134217728,2097152,float,none,3324.27,40.38,37.85,0,3207.78,41.84,39.23,0,RING,LL,40,RING,LL,40,0,RING,A_flag_ceiling
all_gather_perf,2,16,268435456,4194304,float,none,6312.81,42.52,39.86,0,6309.05,42.55,39.89,0,RING,LL,40,RING,LL,40,0,RING,A_flag_ceiling
all_gather_perf,2,16,536870912,8388608,float,none,12438.9,43.16,40.46,0,12331.4,43.54,40.82,0,RING,LL,40,RING,LL,40,0,RING,A_flag_ceiling
all_gather_perf,2,16,4096,64,float,none,36.59,0.11,0.1,0,109.97,0.04,0.03,0,Direct,SIMPLE,32,RING,LL128,40,1,Direct,A_flag_ceiling
all_gather_perf,2,16,8192,128,float,none,103.29,0.08,0.07,0,34.87,0.23,0.22,0,Direct,SIMPLE,32,RING,LL128,40,1,Direct,A_flag_ceiling
all_gather_perf,2,16,16384,256,float,none,36.62,0.45,0.42,0,35.07,0.47,0.44,0,Direct,SIMPLE,32,RING,LL128,40,1,Direct,A_flag_ceiling
all_gather_perf,2,16,32768,512,float,none,34.57,0.95,0.89,0,35.08,0.93,0.88,0,Direct,SIMPLE,32,RING,LL128,40,1,Direct,A_flag_ceiling
all_gather_perf,2,16,65536,1024,float,none,35.08,1.87,1.75,0,34.79,1.88,1.77,0,Direct,SIMPLE,32,RING,LL128,40,1,Direct,A_flag_ceiling
all_gather_perf,2,16,131072,2048,float,none,36.02,3.64,3.41,0,36.14,3.63,3.4,0,Direct,SIMPLE,32,RING,LL128,40,1,Direct,A_flag_ceiling
all_gather_perf,2,16,262144,4096,float,none,36.37,7.21,6.76,0,36.34,7.21,6.76,0,Direct,SIMPLE,32,RING,LL128,40,1,Direct,A_flag_ceiling
all_gather_perf,2,16,524288,8192,float,none,44.76,11.71,10.98,0,42.56,12.32,11.55,0,Direct,SIMPLE,32,RING,LL128,40,1,Direct,A_flag_ceiling
all_gather_perf,2,16,1048576,16384,float,none,52.46,19.99,18.74,0,51.07,20.53,19.25,0,Direct,SIMPLE,32,RING,LL128,40,1,Direct,A_flag_ceiling
all_gather_perf,2,16,2097152,32768,float,none,63.92,32.81,30.76,0,62.92,33.33,31.25,0,Direct,SIMPLE,32,RING,LL128,40,1,Direct,A_flag_ceiling
all_gather_perf,2,16,4194304,65536,float,none,86.39,48.55,45.52,0,85.82,48.87,45.82,0,Direct,SIMPLE,32,RING,LL128,40,1,Direct,A_flag_ceiling
all_gather_perf,2,16,8388608,131072,float,none,113.86,73.68,69.07,0,159.52,52.59,49.3,0,RING,LL128,40,RING,LL128,40,0,RING,A_flag_ceiling
all_gather_perf,2,16,16777216,262144,float,none,120.18,139.6,130.87,0,120.75,138.95,130.26,0,RING,LL128,40,RING,LL128,40,0,RING,A_flag_ceiling
all_gather_perf,2,16,33554432,524288,float,none,138.61,242.08,226.95,0,142.15,236.04,221.29,0,RING,LL128,40,RING,LL128,40,0,RING,A_flag_ceiling
all_gather_perf,2,16,67108864,1048576,float,none,307.34,218.36,204.71,0,302.6,221.77,207.91,0,RING,LL128,40,RING,LL128,40,0,RING,A_flag_ceiling
all_gather_perf,2,16,134217728,2097152,float,none,494.69,271.32,254.36,0,493.57,271.93,254.94,0,RING,LL128,40,RING,LL128,40,0,RING,A_flag_ceiling
all_gather_perf,2,16,268435456,4194304,float,none,888.28,302.2,283.31,0,886.77,302.71,283.79,0,RING,LL128,40,RING,LL128,40,0,RING,A_flag_ceiling
all_gather_perf,2,16,536870912,8388608,float,none,1706.47,314.61,294.95,0,1699.98,315.81,296.07,0,RING,LL128,40,RING,LL128,40,0,RING,A_flag_ceiling
all_gather_perf,2,16,4096,64,float,none,41.79,0.1,0.09,0,35.1,0.12,0.11,0,Direct,SIMPLE,32,RING,SIMPLE,48,1,Direct,A_flag_ceiling
all_gather_perf,2,16,8192,128,float,none,35.06,0.23,0.22,0,34.5,0.24,0.22,0,Direct,SIMPLE,32,RING,SIMPLE,48,1,Direct,A_flag_ceiling
all_gather_perf,2,16,16384,256,float,none,36.5,0.45,0.42,0,35.16,0.47,0.44,0,Direct,SIMPLE,32,RING,SIMPLE,48,1,Direct,A_flag_ceiling
all_gather_perf,2,16,32768,512,float,none,34.79,0.94,0.88,0,34.39,0.95,0.89,0,Direct,SIMPLE,32,RING,SIMPLE,48,1,Direct,A_flag_ceiling
all_gather_perf,2,16,65536,1024,float,none,35.58,1.84,1.73,0,34.58,1.9,1.78,0,Direct,SIMPLE,32,RING,SIMPLE,48,1,Direct,A_flag_ceiling
all_gather_perf,2,16,131072,2048,float,none,37.74,3.47,3.26,0,36.09,3.63,3.4,0,Direct,SIMPLE,32,RING,SIMPLE,48,1,Direct,A_flag_ceiling
all_gather_perf,2,16,262144,4096,float,none,36.83,7.12,6.67,0,36.29,7.22,6.77,0,Direct,SIMPLE,32,RING,SIMPLE,48,1,Direct,A_flag_ceiling
all_gather_perf,2,16,524288,8192,float,none,40.88,12.83,12.02,0,42.0,12.48,11.7,0,Direct,SIMPLE,32,RING,SIMPLE,48,1,Direct,A_flag_ceiling
all_gather_perf,2,16,1048576,16384,float,none,52.25,20.07,18.82,0,51.11,20.52,19.23,0,Direct,SIMPLE,32,RING,SIMPLE,48,1,Direct,A_flag_ceiling
all_gather_perf,2,16,2097152,32768,float,none,62.2,33.71,31.61,0,86.94,24.12,22.61,0,Direct,SIMPLE,32,RING,SIMPLE,48,1,Direct,A_flag_ceiling
all_gather_perf,2,16,4194304,65536,float,none,86.06,48.74,45.69,0,85.78,48.89,45.84,0,Direct,SIMPLE,32,RING,SIMPLE,48,1,Direct,A_flag_ceiling
all_gather_perf,2,16,8388608,131072,float,none,313.25,26.78,25.11,0,305.54,27.46,25.74,0,RING,SIMPLE,48,RING,SIMPLE,48,0,RING,A_flag_ceiling
all_gather_perf,2,16,16777216,262144,float,none,305.36,54.94,51.51,0,303.65,55.25,51.8,0,RING,SIMPLE,48,RING,SIMPLE,48,0,RING,A_flag_ceiling
all_gather_perf,2,16,33554432,524288,float,none,315.64,106.31,99.66,0,314.03,106.85,100.17,0,RING,SIMPLE,48,RING,SIMPLE,48,0,RING,A_flag_ceiling
all_gather_perf,2,16,67108864,1048576,float,none,330.05,203.33,190.62,0,329.47,203.69,190.96,0,RING,SIMPLE,48,RING,SIMPLE,48,0,RING,A_flag_ceiling
all_gather_perf,2,16,134217728,2097152,float,none,426.67,314.57,294.91,0,419.85,319.68,299.7,0,RING,SIMPLE,48,RING,SIMPLE,48,0,RING,A_flag_ceiling
all_gather_perf,2,16,268435456,4194304,float,none,708.94,378.64,354.98,0,703.66,381.48,357.64,0,RING,SIMPLE,48,RING,SIMPLE,48,0,RING,A_flag_ceiling
all_gather_perf,2,16,536870912,8388608,float,none,1386.13,387.32,363.11,0,1375.55,390.29,365.9,0,RING,SIMPLE,48,RING,SIMPLE,48,0,RING,A_flag_ceiling
all_gather_perf,2,16,4096,64,float,none,36.63,0.11,0.1,0,34.42,0.12,0.11,0,Direct,SIMPLE,32,RING,LL,48,1,Direct,A_flag_ceiling
all_gather_perf,2,16,8192,128,float,none,34.64,0.24,0.22,0,34.44,0.24,0.22,0,Direct,SIMPLE,32,RING,LL,48,1,Direct,A_flag_ceiling
all_gather_perf,2,16,16384,256,float,none,36.83,0.44,0.42,0,40.76,0.4,0.38,0,Direct,SIMPLE,32,RING,LL,48,1,Direct,A_flag_ceiling
all_gather_perf,2,16,32768,512,float,none,34.81,0.94,0.88,0,34.98,0.94,0.88,0,Direct,SIMPLE,32,RING,LL,48,1,Direct,A_flag_ceiling
all_gather_perf,2,16,65536,1024,float,none,35.72,1.83,1.72,0,34.95,1.88,1.76,0,Direct,SIMPLE,32,RING,LL,48,1,Direct,A_flag_ceiling
all_gather_perf,2,16,131072,2048,float,none,37.78,3.47,3.25,0,40.63,3.23,3.02,0,Direct,SIMPLE,32,RING,LL,48,1,Direct,A_flag_ceiling
all_gather_perf,2,16,262144,4096,float,none,36.38,7.2,6.75,0,36.61,7.16,6.71,0,Direct,SIMPLE,32,RING,LL,48,1,Direct,A_flag_ceiling
all_gather_perf,2,16,524288,8192,float,none,40.99,12.79,11.99,0,41.1,12.76,11.96,0,Direct,SIMPLE,32,RING,LL,48,1,Direct,A_flag_ceiling
all_gather_perf,2,16,1048576,16384,float,none,52.11,20.12,18.87,0,51.33,20.43,19.15,0,Direct,SIMPLE,32,RING,LL,48,1,Direct,A_flag_ceiling
all_gather_perf,2,16,2097152,32768,float,none,61.71,33.98,31.86,0,63.13,33.22,31.14,0,Direct,SIMPLE,32,RING,LL,48,1,Direct,A_flag_ceiling
all_gather_perf,2,16,4194304,65536,float,none,86.32,48.59,45.55,0,95.93,43.72,40.99,0,Direct,SIMPLE,32,RING,LL,48,1,Direct,A_flag_ceiling
all_gather_perf,2,16,8388608,131072,float,none,253.96,33.03,30.97,0,251.65,33.33,31.25,0,RING,LL,48,RING,LL,48,0,RING,A_flag_ceiling
all_gather_perf,2,16,16777216,262144,float,none,490.04,34.24,32.1,0,486.74,34.47,32.31,0,RING,LL,48,RING,LL,48,0,RING,A_flag_ceiling
all_gather_perf,2,16,33554432,524288,float,none,813.2,41.26,38.68,0,810.97,41.38,38.79,0,RING,LL,48,RING,LL,48,0,RING,A_flag_ceiling
all_gather_perf,2,16,67108864,1048576,float,none,1593.44,42.12,39.48,0,1590.84,42.18,39.55,0,RING,LL,48,RING,LL,48,0,RING,A_flag_ceiling
all_gather_perf,2,16,134217728,2097152,float,none,3018.66,44.46,41.68,0,3018.01,44.47,41.69,0,RING,LL,48,RING,LL,48,0,RING,A_flag_ceiling
all_gather_perf,2,16,268435456,4194304,float,none,6004.9,44.7,41.91,0,6003.37,44.71,41.92,0,RING,LL,48,RING,LL,48,0,RING,A_flag_ceiling
all_gather_perf,2,16,536870912,8388608,float,none,11836.8,45.36,42.52,0,11917.9,45.05,42.23,0,RING,LL,48,RING,LL,48,0,RING,A_flag_ceiling
all_gather_perf,2,16,4096,64,float,none,37.01,0.11,0.1,0,35.01,0.12,0.11,0,Direct,SIMPLE,32,RING,LL128,48,1,Direct,A_flag_ceiling
all_gather_perf,2,16,8192,128,float,none,35.43,0.23,0.22,0,35.59,0.23,0.22,0,Direct,SIMPLE,32,RING,LL128,48,1,Direct,A_flag_ceiling
all_gather_perf,2,16,16384,256,float,none,36.81,0.45,0.42,0,34.78,0.47,0.44,0,Direct,SIMPLE,32,RING,LL128,48,1,Direct,A_flag_ceiling
all_gather_perf,2,16,32768,512,float,none,34.21,0.96,0.9,0,34.56,0.95,0.89,0,Direct,SIMPLE,32,RING,LL128,48,1,Direct,A_flag_ceiling
all_gather_perf,2,16,65536,1024,float,none,36.05,1.82,1.7,0,35.0,1.87,1.76,0,Direct,SIMPLE,32,RING,LL128,48,1,Direct,A_flag_ceiling
all_gather_perf,2,16,131072,2048,float,none,38.09,3.44,3.23,0,35.79,3.66,3.43,0,Direct,SIMPLE,32,RING,LL128,48,1,Direct,A_flag_ceiling
all_gather_perf,2,16,262144,4096,float,none,37.07,7.07,6.63,0,37.19,7.05,6.61,0,Direct,SIMPLE,32,RING,LL128,48,1,Direct,A_flag_ceiling
all_gather_perf,2,16,524288,8192,float,none,40.61,12.91,12.1,0,40.99,12.79,11.99,0,Direct,SIMPLE,32,RING,LL128,48,1,Direct,A_flag_ceiling
all_gather_perf,2,16,1048576,16384,float,none,52.76,19.87,18.63,0,51.77,20.25,18.99,0,Direct,SIMPLE,32,RING,LL128,48,1,Direct,A_flag_ceiling
all_gather_perf,2,16,2097152,32768,float,none,62.44,33.59,31.49,0,62.29,33.67,31.57,0,Direct,SIMPLE,32,RING,LL128,48,1,Direct,A_flag_ceiling
all_gather_perf,2,16,4194304,65536,float,none,86.61,48.43,45.4,0,86.08,48.73,45.68,0,Direct,SIMPLE,32,RING,LL128,48,1,Direct,A_flag_ceiling
all_gather_perf,2,16,8388608,131072,float,none,137.15,61.16,57.34,0,134.21,62.51,58.6,0,RING,LL128,48,RING,LL128,48,0,RING,A_flag_ceiling
all_gather_perf,2,16,16777216,262144,float,none,134.88,124.39,116.61,0,131.79,127.3,119.35,0,RING,LL128,48,RING,LL128,48,0,RING,A_flag_ceiling
all_gather_perf,2,16,33554432,524288,float,none,155.22,216.17,202.66,0,154.01,217.87,204.26,0,RING,LL128,48,RING,LL128,48,0,RING,A_flag_ceiling
all_gather_perf,2,16,67108864,1048576,float,none,233.11,287.88,269.89,0,230.65,290.95,272.77,0,RING,LL128,48,RING,LL128,48,0,RING,A_flag_ceiling
all_gather_perf,2,16,134217728,2097152,float,none,426.04,315.04,295.35,0,424.99,315.81,296.07,0,RING,LL128,48,RING,LL128,48,0,RING,A_flag_ceiling
all_gather_perf,2,16,268435456,4194304,float,none,823.31,326.04,305.67,0,825.62,325.13,304.81,0,RING,LL128,48,RING,LL128,48,0,RING,A_flag_ceiling
all_gather_perf,2,16,536870912,8388608,float,none,1591.46,337.34,316.26,0,1594.81,336.64,315.6,0,RING,LL128,48,RING,LL128,48,0,RING,A_flag_ceiling
