collective,num_nodes,num_gpus,size_bytes,count,data_type,redop,time_oop_us,algbw_oop,busbw_oop,errors_oop,time_ip_us,algbw_ip,busbw_ip,errors_ip,algo,proto,nchannels,requested_algo,requested_proto,requested_nchannels,substituted,measured_algo_raw,nchannels_source
reduce_scatter_perf,1,8,4096,128,float,sum,27.0,0.15,0.13,0,26.09,0.16,0.14,0,RING,SIMPLE,1,RING,SIMPLE,1,0,RING,A_flag_ceiling
reduce_scatter_perf,1,8,8192,256,float,sum,25.99,0.32,0.28,0,25.49,0.32,0.28,0,RING,SIMPLE,1,RING,SIMPLE,1,0,RING,A_flag_ceiling
reduce_scatter_perf,1,8,16384,512,float,sum,29.24,0.56,0.49,0,26.44,0.62,0.54,0,RING,SIMPLE,1,RING,SIMPLE,1,0,RING,A_flag_ceiling
reduce_scatter_perf,1,8,32768,1024,float,sum,26.31,1.25,1.09,0,25.16,1.3,1.14,0,RING,SIMPLE,1,RING,SIMPLE,1,0,RING,A_flag_ceiling
reduce_scatter_perf,1,8,65536,2048,float,sum,27.5,2.38,2.09,0,26.68,2.46,2.15,0,RING,SIMPLE,1,RING,SIMPLE,1,0,RING,A_flag_ceiling
reduce_scatter_perf,1,8,131072,4096,float,sum,34.63,3.78,3.31,0,32.08,4.09,3.58,0,RING,SIMPLE,1,RING,SIMPLE,1,0,RING,A_flag_ceiling
reduce_scatter_perf,1,8,262144,8192,float,sum,43.09,6.08,5.32,0,42.57,6.16,5.39,0,RING,SIMPLE,1,RING,SIMPLE,1,0,RING,A_flag_ceiling
reduce_scatter_perf,1,8,524288,16384,float,sum,62.76,8.35,7.31,0,61.98,8.46,7.4,0,RING,SIMPLE,1,RING,SIMPLE,1,0,RING,A_flag_ceiling
reduce_scatter_perf,1,8,1048576,32768,float,sum,101.98,10.28,9.0,0,98.69,10.62,9.3,0,RING,SIMPLE,1,RING,SIMPLE,1,0,RING,A_flag_ceiling
reduce_scatter_perf,1,8,2097152,65536,float,sum,165.57,12.67,11.08,0,158.86,13.2,11.55,0,RING,SIMPLE,1,RING,SIMPLE,1,0,RING,A_flag_ceiling
reduce_scatter_perf,1,8,4194304,131072,float,sum,301.78,13.9,12.16,0,295.56,14.19,12.42,0,RING,SIMPLE,1,RING,SIMPLE,1,0,RING,A_flag_ceiling
reduce_scatter_perf,1,8,8388608,262144,float,sum,596.78,14.06,12.3,0,585.89,14.32,12.53,0,RING,SIMPLE,1,RING,SIMPLE,1,0,RING,A_flag_ceiling
reduce_scatter_perf,1,8,16777216,524288,float,sum,1181.93,14.19,12.42,0,1158.47,14.48,12.67,0,RING,SIMPLE,1,RING,SIMPLE,1,0,RING,A_flag_ceiling
reduce_scatter_perf,1,8,33554432,1048576,float,sum,2339.94,14.34,12.55,0,2315.0,14.49,12.68,0,RING,SIMPLE,1,RING,SIMPLE,1,0,RING,A_flag_ceiling
reduce_scatter_perf,1,8,67108864,2097152,float,sum,4672.12,14.36,12.57,0,4622.61,14.52,12.7,0,RING,SIMPLE,1,RING,SIMPLE,1,0,RING,A_flag_ceiling
reduce_scatter_perf,1,8,134217728,4194304,float,sum,9332.79,14.38,12.58,0,9240.99,14.52,12.71,0,RING,SIMPLE,1,RING,SIMPLE,1,0,RING,A_flag_ceiling
reduce_scatter_perf,1,8,268435456,8388608,float,sum,18665.9,14.38,12.58,0,18528.5,14.49,12.68,0,RING,SIMPLE,1,RING,SIMPLE,1,0,RING,A_flag_ceiling
reduce_scatter_perf,1,8,536870912,16777216,float,sum,37289.8,14.4,12.6,0,37212.6,14.43,12.62,0,RING,SIMPLE,1,RING,SIMPLE,1,0,RING,A_flag_ceiling
reduce_scatter_perf,1,8,4096,128,float,sum,20.76,0.2,0.17,0,17.28,0.24,0.21,0,RING,LL,1,RING,LL,1,0,RING,A_flag_ceiling
reduce_scatter_perf,1,8,8192,256,float,sum,16.86,0.49,0.43,0,15.69,0.52,0.46,0,RING,LL,1,RING,LL,1,0,RING,A_flag_ceiling
reduce_scatter_perf,1,8,16384,512,float,sum,20.63,0.79,0.69,0,19.06,0.86,0.75,0,RING,LL,1,RING,LL,1,0,RING,A_flag_ceiling
reduce_scatter_perf,1,8,32768,1024,float,sum,22.6,1.45,1.27,0,20.61,1.59,1.39,0,RING,LL,1,RING,LL,1,0,RING,A_flag_ceiling
reduce_scatter_perf,1,8,65536,2048,float,sum,31.92,2.05,1.8,0,30.74,2.13,1.87,0,RING,LL,1,RING,LL,1,0,RING,A_flag_ceiling
reduce_scatter_perf,1,8,131072,4096,float,sum,51.7,2.54,2.22,0,50.59,2.59,2.27,0,RING,LL,1,RING,LL,1,0,RING,A_flag_ceiling
reduce_scatter_perf,1,8,262144,8192,float,sum,98.51,2.66,2.33,0,96.63,2.71,2.37,0,RING,LL,1,RING,LL,1,0,RING,A_flag_ceiling
reduce_scatter_perf,1,8,524288,16384,float,sum,193.43,2.71,2.37,0,187.84,2.79,2.44,0,RING,LL,1,RING,LL,1,0,RING,A_flag_ceiling
reduce_scatter_perf,1,8,1048576,32768,float,sum,381.94,2.75,2.4,0,368.48,2.85,2.49,0,RING,LL,1,RING,LL,1,0,RING,A_flag_ceiling
reduce_scatter_perf,1,8,2097152,65536,float,sum,762.4,2.75,2.41,0,721.58,2.91,2.54,0,RING,LL,1,RING,LL,1,0,RING,A_flag_ceiling
reduce_scatter_perf,1,8,4194304,131072,float,sum,1516.22,2.77,2.42,0,1436.79,2.92,2.55,0,RING,LL,1,RING,LL,1,0,RING,A_flag_ceiling
reduce_scatter_perf,1,8,8388608,262144,float,sum,3028.43,2.77,2.42,0,2941.64,2.85,2.5,0,RING,LL,1,RING,LL,1,0,RING,A_flag_ceiling
reduce_scatter_perf,1,8,16777216,524288,float,sum,5968.92,2.81,2.46,0,5790.97,2.9,2.53,0,RING,LL,1,RING,LL,1,0,RING,A_flag_ceiling
reduce_scatter_perf,1,8,33554432,1048576,float,sum,11819.0,2.84,2.48,0,11528.3,2.91,2.55,0,RING,LL,1,RING,LL,1,0,RING,A_flag_ceiling
reduce_scatter_perf,1,8,67108864,2097152,float,sum,23518.7,2.85,2.5,0,23079.1,2.91,2.54,0,RING,LL,1,RING,LL,1,0,RING,A_flag_ceiling
reduce_scatter_perf,1,8,134217728,4194304,float,sum,47175.5,2.85,2.49,0,46772.3,2.87,2.51,0,RING,LL,1,RING,LL,1,0,RING,A_flag_ceiling
reduce_scatter_perf,1,8,268435456,8388608,float,sum,95018.6,2.83,2.47,0,93967.8,2.86,2.5,0,RING,LL,1,RING,LL,1,0,RING,A_flag_ceiling
reduce_scatter_perf,1,8,536870912,16777216,float,sum,190940.0,2.81,2.46,0,189378.0,2.83,2.48,0,RING,LL,1,RING,LL,1,0,RING,A_flag_ceiling
reduce_scatter_perf,1,8,4096,128,float,sum,26.85,0.15,0.13,0,25.82,0.16,0.14,0,RING,SIMPLE,2,RING,SIMPLE,2,0,RING,A_flag_ceiling
reduce_scatter_perf,1,8,8192,256,float,sum,25.96,0.32,0.28,0,25.39,0.32,0.28,0,RING,SIMPLE,2,RING,SIMPLE,2,0,RING,A_flag_ceiling
reduce_scatter_perf,1,8,16384,512,float,sum,28.6,0.57,0.5,0,26.02,0.63,0.55,0,RING,SIMPLE,2,RING,SIMPLE,2,0,RING,A_flag_ceiling
reduce_scatter_perf,1,8,32768,1024,float,sum,27.28,1.2,1.05,0,26.74,1.23,1.07,0,RING,SIMPLE,2,RING,SIMPLE,2,0,RING,A_flag_ceiling
reduce_scatter_perf,1,8,65536,2048,float,sum,27.4,2.39,2.09,0,26.61,2.46,2.15,0,RING,SIMPLE,2,RING,SIMPLE,2,0,RING,A_flag_ceiling
reduce_scatter_perf,1,8,131072,4096,float,sum,31.63,4.14,3.63,0,28.39,4.62,4.04,0,RING,SIMPLE,2,RING,SIMPLE,2,0,RING,A_flag_ceiling
reduce_scatter_perf,1,8,262144,8192,float,sum,33.68,7.78,6.81,0,32.93,7.96,6.96,0,RING,SIMPLE,2,RING,SIMPLE,2,0,RING,A_flag_ceiling
reduce_scatter_perf,1,8,524288,16384,float,sum,43.97,11.92,10.43,0,43.13,12.16,10.64,0,RING,SIMPLE,2,RING,SIMPLE,2,0,RING,A_flag_ceiling
reduce_scatter_perf,1,8,1048576,32768,float,sum,64.99,16.14,14.12,0,63.41,16.54,14.47,0,RING,SIMPLE,2,RING,SIMPLE,2,0,RING,A_flag_ceiling
reduce_scatter_perf,1,8,2097152,65536,float,sum,104.92,19.99,17.49,0,101.27,20.71,18.12,0,RING,SIMPLE,2,RING,SIMPLE,2,0,RING,A_flag_ceiling
reduce_scatter_perf,1,8,4194304,131072,float,sum,181.44,23.12,20.23,0,176.61,23.75,20.78,0,RING,SIMPLE,2,RING,SIMPLE,2,0,RING,A_flag_ceiling
reduce_scatter_perf,1,8,8388608,262144,float,sum,340.61,24.63,21.55,0,330.95,25.35,22.18,0,RING,SIMPLE,2,RING,SIMPLE,2,0,RING,A_flag_ceiling
reduce_scatter_perf,1,8,16777216,524288,float,sum,673.32,24.92,21.8,0,652.78,25.7,22.49,0,RING,SIMPLE,2,RING,SIMPLE,2,0,RING,A_flag_ceiling
reduce_scatter_perf,1,8,33554432,1048576,float,sum,1333.04,25.17,22.02,0,1296.25,25.89,22.65,0,RING,SIMPLE,2,RING,SIMPLE,2,0,RING,A_flag_ceiling
reduce_scatter_perf,1,8,67108864,2097152,float,sum,2653.14,25.29,22.13,0,2585.29,25.96,22.71,0,RING,SIMPLE,2,RING,SIMPLE,2,0,RING,A_flag_ceiling
reduce_scatter_perf,1,8,134217728,4194304,float,sum,5295.41,25.35,22.18,0,5165.32,25.98,22.74,0,RING,SIMPLE,2,RING,SIMPLE,2,0,RING,A_flag_ceiling
reduce_scatter_perf,1,8,268435456,8388608,float,sum,10594.6,25.34,22.17,0,10381.3,25.86,22.63,0,RING,SIMPLE,2,RING,SIMPLE,2,0,RING,A_flag_ceiling
reduce_scatter_perf,1,8,536870912,16777216,float,sum,21166.2,25.36,22.19,0,21005.2,25.56,22.36,0,RING,SIMPLE,2,RING,SIMPLE,2,0,RING,A_flag_ceiling
reduce_scatter_perf,1,8,4096,128,float,sum,20.4,0.2,0.18,0,16.43,0.25,0.22,0,RING,LL,2,RING,LL,2,0,RING,A_flag_ceiling
reduce_scatter_perf,1,8,8192,256,float,sum,17.23,0.48,0.42,0,16.39,0.5,0.44,0,RING,LL,2,RING,LL,2,0,RING,A_flag_ceiling
reduce_scatter_perf,1,8,16384,512,float,sum,20.79,0.79,0.69,0,19.08,0.86,0.75,0,RING,LL,2,RING,LL,2,0,RING,A_flag_ceiling
reduce_scatter_perf,1,8,32768,1024,float,sum,19.48,1.68,1.47,0,16.95,1.93,1.69,0,RING,LL,2,RING,LL,2,0,RING,A_flag_ceiling
reduce_scatter_perf,1,8,65536,2048,float,sum,22.9,2.86,2.5,0,22.19,2.95,2.58,0,RING,LL,2,RING,LL,2,0,RING,A_flag_ceiling
reduce_scatter_perf,1,8,131072,4096,float,sum,37.02,3.54,3.1,0,34.25,3.83,3.35,0,RING,LL,2,RING,LL,2,0,RING,A_flag_ceiling
reduce_scatter_perf,1,8,262144,8192,float,sum,56.31,4.66,4.07,0,55.58,4.72,4.13,0,RING,LL,2,RING,LL,2,0,RING,A_flag_ceiling
reduce_scatter_perf,1,8,524288,16384,float,sum,107.01,4.9,4.29,0,105.11,4.99,4.36,0,RING,LL,2,RING,LL,2,0,RING,A_flag_ceiling
reduce_scatter_perf,1,8,1048576,32768,float,sum,211.48,4.96,4.34,0,203.88,5.14,4.5,0,RING,LL,2,RING,LL,2,0,RING,A_flag_ceiling
reduce_scatter_perf,1,8,2097152,65536,float,sum,411.91,5.09,4.45,0,405.19,5.18,4.53,0,RING,LL,2,RING,LL,2,0,RING,A_flag_ceiling
reduce_scatter_perf,1,8,4194304,131072,float,sum,817.94,5.13,4.49,0,801.84,5.23,4.58,0,RING,LL,2,RING,LL,2,0,RING,A_flag_ceiling
reduce_scatter_perf,1,8,8388608,262144,float,sum,1626.27,5.16,4.51,0,1615.14,5.19,4.54,0,RING,LL,2,RING,LL,2,0,RING,A_flag_ceiling
reduce_scatter_perf,1,8,16777216,524288,float,sum,3227.22,5.2,4.55,0,3204.0,5.24,4.58,0,RING,LL,2,RING,LL,2,0,RING,A_flag_ceiling
reduce_scatter_perf,1,8,33554432,1048576,float,sum,6432.24,5.22,4.56,0,6424.11,5.22,4.57,0,RING,LL,2,RING,LL,2,0,RING,A_flag_ceiling
reduce_scatter_perf,1,8,67108864,2097152,float,sum,12836.7,5.23,4.57,0,12850.2,5.22,4.57,0,RING,LL,2,RING,LL,2,0,RING,A_flag_ceiling
reduce_scatter_perf,1,8,134217728,4194304,float,sum,25487.7,5.27,4.61,0,25811.4,5.2,4.55,0,RING,LL,2,RING,LL,2,0,RING,A_flag_ceiling
reduce_scatter_perf,1,8,268435456,8388608,float,sum,51260.8,5.24,4.58,0,51751.8,5.19,4.54,0,RING,LL,2,RING,LL,2,0,RING,A_flag_ceiling
reduce_scatter_perf,1,8,536870912,16777216,float,sum,103045.0,5.21,4.56,0,103025.0,5.21,4.56,0,RING,LL,2,RING,LL,2,0,RING,A_flag_ceiling
reduce_scatter_perf,1,8,4096,128,float,sum,26.98,0.15,0.13,0,26.28,0.16,0.14,0,RING,SIMPLE,4,RING,SIMPLE,4,0,RING,A_flag_ceiling
reduce_scatter_perf,1,8,8192,256,float,sum,25.88,0.32,0.28,0,25.11,0.33,0.29,0,RING,SIMPLE,4,RING,SIMPLE,4,0,RING,A_flag_ceiling
reduce_scatter_perf,1,8,16384,512,float,sum,28.32,0.58,0.51,0,25.2,0.65,0.57,0,RING,SIMPLE,4,RING,SIMPLE,4,0,RING,A_flag_ceiling
reduce_scatter_perf,1,8,32768,1024,float,sum,26.91,1.22,1.07,0,26.11,1.26,1.1,0,RING,SIMPLE,4,RING,SIMPLE,4,0,RING,A_flag_ceiling
reduce_scatter_perf,1,8,65536,2048,float,sum,27.97,2.34,2.05,0,27.26,2.4,2.1,0,RING,SIMPLE,4,RING,SIMPLE,4,0,RING,A_flag_ceiling
reduce_scatter_perf,1,8,131072,4096,float,sum,30.86,4.25,3.72,0,28.34,4.63,4.05,0,RING,SIMPLE,4,RING,SIMPLE,4,0,RING,A_flag_ceiling
reduce_scatter_perf,1,8,262144,8192,float,sum,29.44,8.9,7.79,0,28.88,9.08,7.94,0,RING,SIMPLE,4,RING,SIMPLE,4,0,RING,A_flag_ceiling
reduce_scatter_perf,1,8,524288,16384,float,sum,34.72,15.1,13.21,0,33.84,15.49,13.56,0,RING,SIMPLE,4,RING,SIMPLE,4,0,RING,A_flag_ceiling
reduce_scatter_perf,1,8,1048576,32768,float,sum,46.07,22.76,19.92,0,44.74,23.44,20.51,0,RING,SIMPLE,4,RING,SIMPLE,4,0,RING,A_flag_ceiling
reduce_scatter_perf,1,8,2097152,65536,float,sum,67.25,31.18,27.28,0,66.24,31.66,27.7,0,RING,SIMPLE,4,RING,SIMPLE,4,0,RING,A_flag_ceiling
reduce_scatter_perf,1,8,4194304,131072,float,sum,110.77,37.86,33.13,0,109.83,38.19,33.42,0,RING,SIMPLE,4,RING,SIMPLE,4,0,RING,A_flag_ceiling
reduce_scatter_perf,1,8,8388608,262144,float,sum,191.38,43.83,38.35,0,187.35,44.77,39.18,0,RING,SIMPLE,4,RING,SIMPLE,4,0,RING,A_flag_ceiling
reduce_scatter_perf,1,8,16777216,524288,float,sum,357.02,46.99,41.12,0,350.65,47.85,41.87,0,RING,SIMPLE,4,RING,SIMPLE,4,0,RING,A_flag_ceiling
reduce_scatter_perf,1,8,33554432,1048576,float,sum,701.66,47.82,41.84,0,687.92,48.78,42.68,0,RING,SIMPLE,4,RING,SIMPLE,4,0,RING,A_flag_ceiling
reduce_scatter_perf,1,8,67108864,2097152,float,sum,1386.85,48.39,42.34,0,1359.7,49.36,43.19,0,RING,SIMPLE,4,RING,SIMPLE,4,0,RING,A_flag_ceiling
reduce_scatter_perf,1,8,134217728,4194304,float,sum,2757.68,48.67,42.59,0,2721.07,49.33,43.16,0,RING,SIMPLE,4,RING,SIMPLE,4,0,RING,A_flag_ceiling
reduce_scatter_perf,1,8,268435456,8388608,float,sum,5507.56,48.74,42.65,0,5450.27,49.25,43.1,0,RING,SIMPLE,4,RING,SIMPLE,4,0,RING,A_flag_ceiling
reduce_scatter_perf,1,8,536870912,16777216,float,sum,11002.7,48.79,42.7,0,11036.6,48.64,42.56,0,RING,SIMPLE,4,RING,SIMPLE,4,0,RING,A_flag_ceiling
reduce_scatter_perf,1,8,4096,128,float,sum,18.3,0.22,0.2,0,16.21,0.25,0.22,0,RING,LL,4,RING,LL,4,0,RING,A_flag_ceiling
reduce_scatter_perf,1,8,8192,256,float,sum,17.37,0.47,0.41,0,16.25,0.5,0.44,0,RING,LL,4,RING,LL,4,0,RING,A_flag_ceiling
reduce_scatter_perf,1,8,16384,512,float,sum,20.62,0.79,0.7,0,18.86,0.87,0.76,0,RING,LL,4,RING,LL,4,0,RING,A_flag_ceiling
reduce_scatter_perf,1,8,32768,1024,float,sum,18.49,1.77,1.55,0,17.76,1.85,1.61,0,RING,LL,4,RING,LL,4,0,RING,A_flag_ceiling
reduce_scatter_perf,1,8,65536,2048,float,sum,18.26,3.59,3.14,0,17.48,3.75,3.28,0,RING,LL,4,RING,LL,4,0,RING,A_flag_ceiling
reduce_scatter_perf,1,8,131072,4096,float,sum,27.69,4.73,4.14,0,24.55,5.34,4.67,0,RING,LL,4,RING,LL,4,0,RING,A_flag_ceiling
reduce_scatter_perf,1,8,262144,8192,float,sum,36.24,7.23,6.33,0,35.29,7.43,6.5,0,RING,LL,4,RING,LL,4,0,RING,A_flag_ceiling
reduce_scatter_perf,1,8,524288,16384,float,sum,59.82,8.77,7.67,0,58.72,8.93,7.81,0,RING,LL,4,RING,LL,4,0,RING,A_flag_ceiling
reduce_scatter_perf,1,8,1048576,32768,float,sum,113.5,9.24,8.08,0,111.55,9.4,8.22,0,RING,LL,4,RING,LL,4,0,RING,A_flag_ceiling
reduce_scatter_perf,1,8,2097152,65536,float,sum,220.74,9.5,8.31,0,216.04,9.71,8.49,0,RING,LL,4,RING,LL,4,0,RING,A_flag_ceiling
reduce_scatter_perf,1,8,4194304,131072,float,sum,436.46,9.61,8.41,0,426.85,9.83,8.6,0,RING,LL,4,RING,LL,4,0,RING,A_flag_ceiling
reduce_scatter_perf,1,8,8388608,262144,float,sum,866.67,9.68,8.47,0,854.15,9.82,8.59,0,RING,LL,4,RING,LL,4,0,RING,A_flag_ceiling
reduce_scatter_perf,1,8,16777216,524288,float,sum,1734.24,9.67,8.46,0,1697.15,9.89,8.65,0,RING,LL,4,RING,LL,4,0,RING,A_flag_ceiling
reduce_scatter_perf,1,8,33554432,1048576,float,sum,3475.03,9.66,8.45,0,3451.93,9.72,8.51,0,RING,LL,4,RING,LL,4,0,RING,A_flag_ceiling
reduce_scatter_perf,1,8,67108864,2097152,float,sum,6936.88,9.67,8.46,0,6909.22,9.71,8.5,0,RING,LL,4,RING,LL,4,0,RING,A_flag_ceiling
reduce_scatter_perf,1,8,134217728,4194304,float,sum,13954.6,9.62,8.42,0,13763.2,9.75,8.53,0,RING,LL,4,RING,LL,4,0,RING,A_flag_ceiling
reduce_scatter_perf,1,8,268435456,8388608,float,sum,27943.5,9.61,8.41,0,27504.2,9.76,8.54,0,RING,LL,4,RING,LL,4,0,RING,A_flag_ceiling
reduce_scatter_perf,1,8,536870912,16777216,float,sum,55459.5,9.68,8.47,0,54630.1,9.83,8.6,0,RING,LL,4,RING,LL,4,0,RING,A_flag_ceiling
reduce_scatter_perf,1,8,4096,128,float,sum,26.97,0.15,0.13,0,25.95,0.16,0.14,0,RING,SIMPLE,8,RING,SIMPLE,8,0,RING,A_flag_ceiling
reduce_scatter_perf,1,8,8192,256,float,sum,25.99,0.32,0.28,0,25.1,0.33,0.29,0,RING,SIMPLE,8,RING,SIMPLE,8,0,RING,A_flag_ceiling
reduce_scatter_perf,1,8,16384,512,float,sum,28.69,0.57,0.5,0,25.14,0.65,0.57,0,RING,SIMPLE,8,RING,SIMPLE,8,0,RING,A_flag_ceiling
reduce_scatter_perf,1,8,32768,1024,float,sum,27.36,1.2,1.05,0,26.12,1.25,1.1,0,RING,SIMPLE,8,RING,SIMPLE,8,0,RING,A_flag_ceiling
reduce_scatter_perf,1,8,65536,2048,float,sum,27.76,2.36,2.07,0,26.96,2.43,2.13,0,RING,SIMPLE,8,RING,SIMPLE,8,0,RING,A_flag_ceiling
reduce_scatter_perf,1,8,131072,4096,float,sum,31.14,4.21,3.68,0,28.01,4.68,4.09,0,RING,SIMPLE,8,RING,SIMPLE,8,0,RING,A_flag_ceiling
reduce_scatter_perf,1,8,262144,8192,float,sum,28.88,9.08,7.94,0,28.1,9.33,8.16,0,RING,SIMPLE,8,RING,SIMPLE,8,0,RING,A_flag_ceiling
reduce_scatter_perf,1,8,524288,16384,float,sum,29.89,17.54,15.35,0,29.01,18.07,15.81,0,RING,SIMPLE,8,RING,SIMPLE,8,0,RING,A_flag_ceiling
reduce_scatter_perf,1,8,1048576,32768,float,sum,37.31,28.1,24.59,0,34.32,30.56,26.74,0,RING,SIMPLE,8,RING,SIMPLE,8,0,RING,A_flag_ceiling
reduce_scatter_perf,1,8,2097152,65536,float,sum,46.2,45.4,39.72,0,45.38,46.21,40.43,0,RING,SIMPLE,8,RING,SIMPLE,8,0,RING,A_flag_ceiling
reduce_scatter_perf,1,8,4194304,131072,float,sum,68.59,61.15,53.5,0,66.79,62.8,54.95,0,RING,SIMPLE,8,RING,SIMPLE,8,0,RING,A_flag_ceiling
reduce_scatter_perf,1,8,8388608,262144,float,sum,113.09,74.18,64.9,0,111.13,75.48,66.05,0,RING,SIMPLE,8,RING,SIMPLE,8,0,RING,A_flag_ceiling
reduce_scatter_perf,1,8,16777216,524288,float,sum,194.69,86.18,75.4,0,190.26,88.18,77.16,0,RING,SIMPLE,8,RING,SIMPLE,8,0,RING,A_flag_ceiling
reduce_scatter_perf,1,8,33554432,1048576,float,sum,360.63,93.04,81.41,0,354.48,94.66,82.83,0,RING,SIMPLE,8,RING,SIMPLE,8,0,RING,A_flag_ceiling
reduce_scatter_perf,1,8,67108864,2097152,float,sum,707.81,94.81,82.96,0,692.43,96.92,84.8,0,RING,SIMPLE,8,RING,SIMPLE,8,0,RING,A_flag_ceiling
reduce_scatter_perf,1,8,134217728,4194304,float,sum,1399.62,95.9,83.91,0,1373.8,97.7,85.49,0,RING,SIMPLE,8,RING,SIMPLE,8,0,RING,A_flag_ceiling
reduce_scatter_perf,1,8,268435456,8388608,float,sum,2778.28,96.62,84.54,0,2754.19,97.46,85.28,0,RING,SIMPLE,8,RING,SIMPLE,8,0,RING,A_flag_ceiling
reduce_scatter_perf,1,8,536870912,16777216,float,sum,5552.09,96.7,84.61,0,5570.7,96.37,84.33,0,RING,SIMPLE,8,RING,SIMPLE,8,0,RING,A_flag_ceiling
reduce_scatter_perf,1,8,4096,128,float,sum,19.45,0.21,0.18,0,16.51,0.25,0.22,0,RING,LL,8,RING,LL,8,0,RING,A_flag_ceiling
reduce_scatter_perf,1,8,8192,256,float,sum,17.53,0.47,0.41,0,17.32,0.47,0.41,0,RING,LL,8,RING,LL,8,0,RING,A_flag_ceiling
reduce_scatter_perf,1,8,16384,512,float,sum,21.25,0.77,0.67,0,19.57,0.84,0.73,0,RING,LL,8,RING,LL,8,0,RING,A_flag_ceiling
reduce_scatter_perf,1,8,32768,1024,float,sum,17.72,1.85,1.62,0,17.3,1.89,1.66,0,RING,LL,8,RING,LL,8,0,RING,A_flag_ceiling
reduce_scatter_perf,1,8,65536,2048,float,sum,17.78,3.69,3.22,0,17.57,3.73,3.26,0,RING,LL,8,RING,LL,8,0,RING,A_flag_ceiling
reduce_scatter_perf,1,8,131072,4096,float,sum,22.0,5.96,5.21,0,20.38,6.43,5.63,0,RING,LL,8,RING,LL,8,0,RING,A_flag_ceiling
reduce_scatter_perf,1,8,262144,8192,float,sum,25.22,10.4,9.1,0,24.16,10.85,9.49,0,RING,LL,8,RING,LL,8,0,RING,A_flag_ceiling
reduce_scatter_perf,1,8,524288,16384,float,sum,37.06,14.15,12.38,0,36.04,14.55,12.73,0,RING,LL,8,RING,LL,8,0,RING,A_flag_ceiling
reduce_scatter_perf,1,8,1048576,32768,float,sum,61.8,16.97,14.85,0,59.71,17.56,15.37,0,RING,LL,8,RING,LL,8,0,RING,A_flag_ceiling
reduce_scatter_perf,1,8,2097152,65536,float,sum,114.68,18.29,16.0,0,112.43,18.65,16.32,0,RING,LL,8,RING,LL,8,0,RING,A_flag_ceiling
reduce_scatter_perf,1,8,4194304,131072,float,sum,222.6,18.84,16.49,0,218.47,19.2,16.8,0,RING,LL,8,RING,LL,8,0,RING,A_flag_ceiling
reduce_scatter_perf,1,8,8388608,262144,float,sum,437.38,19.18,16.78,0,436.87,19.2,16.8,0,RING,LL,8,RING,LL,8,0,RING,A_flag_ceiling
reduce_scatter_perf,1,8,16777216,524288,float,sum,868.49,19.32,16.9,0,871.03,19.26,16.85,0,RING,LL,8,RING,LL,8,0,RING,A_flag_ceiling
reduce_scatter_perf,1,8,33554432,1048576,float,sum,1736.65,19.32,16.91,0,1745.47,19.22,16.82,0,RING,LL,8,RING,LL,8,0,RING,A_flag_ceiling
reduce_scatter_perf,1,8,67108864,2097152,float,sum,3471.3,19.33,16.92,0,3500.38,19.17,16.78,0,RING,LL,8,RING,LL,8,0,RING,A_flag_ceiling
reduce_scatter_perf,1,8,134217728,4194304,float,sum,6976.89,19.24,16.83,0,6988.57,19.21,16.8,0,RING,LL,8,RING,LL,8,0,RING,A_flag_ceiling
reduce_scatter_perf,1,8,268435456,8388608,float,sum,13949.6,19.24,16.84,0,13946.6,19.25,16.84,0,RING,LL,8,RING,LL,8,0,RING,A_flag_ceiling
reduce_scatter_perf,1,8,536870912,16777216,float,sum,27644.0,19.42,16.99,0,27790.7,19.32,16.9,0,RING,LL,8,RING,LL,8,0,RING,A_flag_ceiling
reduce_scatter_perf,1,8,4096,128,float,sum,27.25,0.15,0.13,0,26.2,0.16,0.14,0,RING,SIMPLE,16,RING,SIMPLE,16,0,RING,A_flag_ceiling
reduce_scatter_perf,1,8,8192,256,float,sum,26.37,0.31,0.27,0,25.77,0.32,0.28,0,RING,SIMPLE,16,RING,SIMPLE,16,0,RING,A_flag_ceiling
reduce_scatter_perf,1,8,16384,512,float,sum,28.41,0.58,0.5,0,25.89,0.63,0.55,0,RING,SIMPLE,16,RING,SIMPLE,16,0,RING,A_flag_ceiling
reduce_scatter_perf,1,8,32768,1024,float,sum,27.27,1.2,1.05,0,26.06,1.26,1.1,0,RING,SIMPLE,16,RING,SIMPLE,16,0,RING,A_flag_ceiling
reduce_scatter_perf,1,8,65536,2048,float,sum,28.07,2.34,2.04,0,27.1,2.42,2.12,0,RING,SIMPLE,16,RING,SIMPLE,16,0,RING,A_flag_ceiling
reduce_scatter_perf,1,8,131072,4096,float,sum,30.33,4.32,3.78,0,28.2,4.65,4.07,0,RING,SIMPLE,16,RING,SIMPLE,16,0,RING,A_flag_ceiling
reduce_scatter_perf,1,8,262144,8192,float,sum,27.69,9.47,8.28,0,27.54,9.52,8.33,0,RING,SIMPLE,16,RING,SIMPLE,16,0,RING,A_flag_ceiling
reduce_scatter_perf,1,8,524288,16384,float,sum,29.08,18.03,15.77,0,28.39,18.46,16.16,0,RING,SIMPLE,16,RING,SIMPLE,16,0,RING,A_flag_ceiling
reduce_scatter_perf,1,8,1048576,32768,float,sum,32.31,32.45,28.39,0,30.24,34.67,30.34,0,RING,SIMPLE,16,RING,SIMPLE,16,0,RING,A_flag_ceiling
reduce_scatter_perf,1,8,2097152,65536,float,sum,36.02,58.22,50.94,0,35.03,59.86,52.38,0,RING,SIMPLE,16,RING,SIMPLE,16,0,RING,A_flag_ceiling
reduce_scatter_perf,1,8,4194304,131072,float,sum,47.43,88.43,77.38,0,46.08,91.01,79.64,0,RING,SIMPLE,16,RING,SIMPLE,16,0,RING,A_flag_ceiling
reduce_scatter_perf,1,8,8388608,262144,float,sum,70.55,118.9,104.04,0,68.64,122.21,106.93,0,RING,SIMPLE,16,RING,SIMPLE,16,0,RING,A_flag_ceiling
reduce_scatter_perf,1,8,16777216,524288,float,sum,115.14,145.71,127.5,0,110.03,152.48,133.42,0,RING,SIMPLE,16,RING,SIMPLE,16,0,RING,A_flag_ceiling
reduce_scatter_perf,1,8,33554432,1048576,float,sum,198.87,168.72,147.63,0,191.98,174.78,152.93,0,RING,SIMPLE,16,RING,SIMPLE,16,0,RING,A_flag_ceiling
reduce_scatter_perf,1,8,67108864,2097152,float,sum,366.05,183.33,160.41,0,358.66,187.11,163.72,0,RING,SIMPLE,16,RING,SIMPLE,16,0,RING,A_flag_ceiling
reduce_scatter_perf,1,8,134217728,4194304,float,sum,722.2,185.84,162.61,0,706.14,190.07,166.31,0,RING,SIMPLE,16,RING,SIMPLE,16,0,RING,A_flag_ceiling
reduce_scatter_perf,1,8,268435456,8388608,float,sum,1429.62,187.77,164.3,0,1411.21,190.22,166.44,0,RING,SIMPLE,16,RING,SIMPLE,16,0,RING,A_flag_ceiling
reduce_scatter_perf,1,8,536870912,16777216,float,sum,2858.43,187.82,164.34,0,2840.49,189.01,165.38,0,RING,SIMPLE,16,RING,SIMPLE,16,0,RING,A_flag_ceiling
reduce_scatter_perf,1,8,4096,128,float,sum,19.27,0.21,0.19,0,16.43,0.25,0.22,0,RING,LL,16,RING,LL,16,0,RING,A_flag_ceiling
reduce_scatter_perf,1,8,8192,256,float,sum,18.37,0.45,0.39,0,16.58,0.49,0.43,0,RING,LL,16,RING,LL,16,0,RING,A_flag_ceiling
reduce_scatter_perf,1,8,16384,512,float,sum,20.93,0.78,0.68,0,19.04,0.86,0.75,0,RING,LL,16,RING,LL,16,0,RING,A_flag_ceiling
reduce_scatter_perf,1,8,32768,1024,float,sum,19.65,1.67,1.46,0,17.85,1.84,1.61,0,RING,LL,16,RING,LL,16,0,RING,A_flag_ceiling
reduce_scatter_perf,1,8,65536,2048,float,sum,17.38,3.77,3.3,0,16.65,3.94,3.44,0,RING,LL,16,RING,LL,16,0,RING,A_flag_ceiling
reduce_scatter_perf,1,8,131072,4096,float,sum,20.95,6.26,5.47,0,19.7,6.65,5.82,0,RING,LL,16,RING,LL,16,0,RING,A_flag_ceiling
reduce_scatter_perf,1,8,262144,8192,float,sum,19.26,13.61,11.91,0,18.6,14.1,12.34,0,RING,LL,16,RING,LL,16,0,RING,A_flag_ceiling
reduce_scatter_perf,1,8,524288,16384,float,sum,25.12,20.87,18.26,0,24.58,21.33,18.66,0,RING,LL,16,RING,LL,16,0,RING,A_flag_ceiling
reduce_scatter_perf,1,8,1048576,32768,float,sum,39.08,26.83,23.48,0,36.57,28.68,25.09,0,RING,LL,16,RING,LL,16,0,RING,A_flag_ceiling
reduce_scatter_perf,1,8,2097152,65536,float,sum,61.08,34.33,30.04,0,59.86,35.03,30.65,0,RING,LL,16,RING,LL,16,0,RING,A_flag_ceiling
reduce_scatter_perf,1,8,4194304,131072,float,sum,114.71,36.56,31.99,0,113.68,36.9,32.28,0,RING,LL,16,RING,LL,16,0,RING,A_flag_ceiling
reduce_scatter_perf,1,8,8388608,262144,float,sum,223.52,37.53,32.84,0,223.61,37.51,32.82,0,RING,LL,16,RING,LL,16,0,RING,A_flag_ceiling
reduce_scatter_perf,1,8,16777216,524288,float,sum,440.1,38.12,33.36,0,445.01,37.7,32.99,0,RING,LL,16,RING,LL,16,0,RING,A_flag_ceiling
reduce_scatter_perf,1,8,33554432,1048576,float,sum,877.11,38.26,33.47,0,890.29,37.69,32.98,0,RING,LL,16,RING,LL,16,0,RING,A_flag_ceiling
reduce_scatter_perf,1,8,67108864,2097152,float,sum,1757.96,38.17,33.4,0,1791.43,37.46,32.78,0,RING,LL,16,RING,LL,16,0,RING,A_flag_ceiling
reduce_scatter_perf,1,8,134217728,4194304,float,sum,3553.8,37.77,33.05,0,3594.48,37.34,32.67,0,RING,LL,16,RING,LL,16,0,RING,A_flag_ceiling
reduce_scatter_perf,1,8,268435456,8388608,float,sum,7150.74,37.54,32.85,0,7224.56,37.16,32.51,0,RING,LL,16,RING,LL,16,0,RING,A_flag_ceiling
reduce_scatter_perf,1,8,536870912,16777216,float,sum,14306.1,37.53,32.84,0,14412.4,37.25,32.59,0,RING,LL,16,RING,LL,16,0,RING,A_flag_ceiling
reduce_scatter_perf,1,8,4096,128,float,sum,27.09,0.15,0.13,0,25.79,0.16,0.14,0,RING,SIMPLE,24,RING,SIMPLE,24,0,RING,A_flag_ceiling
reduce_scatter_perf,1,8,8192,256,float,sum,25.79,0.32,0.28,0,24.98,0.33,0.29,0,RING,SIMPLE,24,RING,SIMPLE,24,0,RING,A_flag_ceiling
reduce_scatter_perf,1,8,16384,512,float,sum,28.39,0.58,0.51,0,25.68,0.64,0.56,0,RING,SIMPLE,24,RING,SIMPLE,24,0,RING,A_flag_ceiling
reduce_scatter_perf,1,8,32768,1024,float,sum,27.38,1.2,1.05,0,26.23,1.25,1.09,0,RING,SIMPLE,24,RING,SIMPLE,24,0,RING,A_flag_ceiling
reduce_scatter_perf,1,8,65536,2048,float,sum,28.06,2.34,2.04,0,27.14,2.41,2.11,0,RING,SIMPLE,24,RING,SIMPLE,24,0,RING,A_flag_ceiling
reduce_scatter_perf,1,8,131072,4096,float,sum,30.79,4.26,3.73,0,28.48,4.6,4.03,0,RING,SIMPLE,24,RING,SIMPLE,24,0,RING,A_flag_ceiling
reduce_scatter_perf,1,8,262144,8192,float,sum,27.64,9.49,8.3,0,27.28,9.61,8.41,0,RING,SIMPLE,24,RING,SIMPLE,24,0,RING,A_flag_ceiling
reduce_scatter_perf,1,8,524288,16384,float,sum,28.84,18.18,15.91,0,28.32,18.51,16.2,0,RING,SIMPLE,24,RING,SIMPLE,24,0,RING,A_flag_ceiling
reduce_scatter_perf,1,8,1048576,32768,float,sum,32.7,32.07,28.06,0,30.06,34.88,30.52,0,RING,SIMPLE,24,RING,SIMPLE,24,0,RING,A_flag_ceiling
reduce_scatter_perf,1,8,2097152,65536,float,sum,35.45,59.16,51.77,0,34.77,60.32,52.78,0,RING,SIMPLE,24,RING,SIMPLE,24,0,RING,A_flag_ceiling
reduce_scatter_perf,1,8,4194304,131072,float,sum,43.09,97.33,85.16,0,42.22,99.35,86.93,0,RING,SIMPLE,24,RING,SIMPLE,24,0,RING,A_flag_ceiling
reduce_scatter_perf,1,8,8388608,262144,float,sum,61.24,136.99,119.86,0,58.79,142.7,124.86,0,RING,SIMPLE,24,RING,SIMPLE,24,0,RING,A_flag_ceiling
reduce_scatter_perf,1,8,16777216,524288,float,sum,90.02,186.37,163.07,0,86.54,193.86,169.63,0,RING,SIMPLE,24,RING,SIMPLE,24,0,RING,A_flag_ceiling
reduce_scatter_perf,1,8,33554432,1048576,float,sum,150.37,223.14,195.25,0,144.83,231.68,202.72,0,RING,SIMPLE,24,RING,SIMPLE,24,0,RING,A_flag_ceiling
reduce_scatter_perf,1,8,67108864,2097152,float,sum,268.87,249.59,218.39,0,259.74,258.37,226.07,0,RING,SIMPLE,24,RING,SIMPLE,24,0,RING,A_flag_ceiling
reduce_scatter_perf,1,8,134217728,4194304,float,sum,520.24,257.99,225.74,0,507.32,264.56,231.49,0,RING,SIMPLE,24,RING,SIMPLE,24,0,RING,A_flag_ceiling
reduce_scatter_perf,1,8,268435456,8388608,float,sum,1003.42,267.52,234.08,0,990.76,270.94,237.07,0,RING,SIMPLE,24,RING,SIMPLE,24,0,RING,A_flag_ceiling
reduce_scatter_perf,1,8,536870912,16777216,float,sum,1989.21,269.89,236.15,0,1978.38,271.37,237.45,0,RING,SIMPLE,24,RING,SIMPLE,24,0,RING,A_flag_ceiling
reduce_scatter_perf,1,8,4096,128,float,sum,18.6,0.22,0.19,0,16.13,0.25,0.22,0,RING,LL,24,RING,LL,24,0,RING,A_flag_ceiling
reduce_scatter_perf,1,8,8192,256,float,sum,17.25,0.47,0.42,0,16.42,0.5,0.44,0,RING,LL,24,RING,LL,24,0,RING,A_flag_ceiling
reduce_scatter_perf,1,8,16384,512,float,sum,21.23,0.77,0.68,0,19.17,0.85,0.75,0,RING,LL,24,RING,LL,24,0,RING,A_flag_ceiling
reduce_scatter_perf,1,8,32768,1024,float,sum,18.77,1.75,1.53,0,17.48,1.87,1.64,0,RING,LL,24,RING,LL,24,0,RING,A_flag_ceiling
reduce_scatter_perf,1,8,65536,2048,float,sum,17.26,3.8,3.32,0,16.85,3.89,3.4,0,RING,LL,24,RING,LL,24,0,RING,A_flag_ceiling
reduce_scatter_perf,1,8,131072,4096,float,sum,21.09,6.21,5.44,0,19.48,6.73,5.89,0,RING,LL,24,RING,LL,24,0,RING,A_flag_ceiling
reduce_scatter_perf,1,8,262144,8192,float,sum,20.09,13.05,11.42,0,22.32,11.75,10.28,0,RING,LL,24,RING,LL,24,0,RING,A_flag_ceiling
reduce_scatter_perf,1,8,524288,16384,float,sum,24.83,21.12,18.48,0,24.14,21.72,19.0,0,RING,LL,24,RING,LL,24,0,RING,A_flag_ceiling
reduce_scatter_perf,1,8,1048576,32768,float,sum,33.61,31.19,27.3,0,31.64,33.15,29.0,0,RING,LL,24,RING,LL,24,0,RING,A_flag_ceiling
reduce_scatter_perf,1,8,2097152,65536,float,sum,49.42,42.44,37.13,0,48.16,43.54,38.1,0,RING,LL,24,RING,LL,24,0,RING,A_flag_ceiling
reduce_scatter_perf,1,8,4194304,131072,float,sum,85.89,48.83,42.73,0,84.16,49.84,43.61,0,RING,LL,24,RING,LL,24,0,RING,A_flag_ceiling
reduce_scatter_perf,1,8,8388608,262144,float,sum,158.18,53.03,46.4,0,159.48,52.6,46.02,0,RING,LL,24,RING,LL,24,0,RING,A_flag_ceiling
reduce_scatter_perf,1,8,16777216,524288,float,sum,304.88,55.03,48.15,0,311.16,53.92,47.18,0,RING,LL,24,RING,LL,24,0,RING,A_flag_ceiling
reduce_scatter_perf,1,8,33554432,1048576,float,sum,596.58,56.24,49.21,0,613.8,54.67,47.83,0,RING,LL,24,RING,LL,24,0,RING,A_flag_ceiling
reduce_scatter_perf,1,8,67108864,2097152,float,sum,1185.3,56.62,49.54,0,1228.35,54.63,47.8,0,RING,LL,24,RING,LL,24,0,RING,A_flag_ceiling
reduce_scatter_perf,1,8,134217728,4194304,float,sum,2383.71,56.31,49.27,0,2454.21,54.69,47.85,0,RING,LL,24,RING,LL,24,0,RING,A_flag_ceiling
reduce_scatter_perf,1,8,268435456,8388608,float,sum,4833.12,55.54,48.6,0,4937.93,54.36,47.57,0,RING,LL,24,RING,LL,24,0,RING,A_flag_ceiling
reduce_scatter_perf,1,8,536870912,16777216,float,sum,9726.11,55.2,48.3,0,9820.11,54.67,47.84,0,RING,LL,24,RING,LL,24,0,RING,A_flag_ceiling
reduce_scatter_perf,1,8,4096,128,float,sum,27.29,0.15,0.13,0,25.76,0.16,0.14,0,RING,SIMPLE,32,RING,SIMPLE,32,0,RING,A_flag_ceiling
reduce_scatter_perf,1,8,8192,256,float,sum,26.29,0.31,0.27,0,25.52,0.32,0.28,0,RING,SIMPLE,32,RING,SIMPLE,32,0,RING,A_flag_ceiling
reduce_scatter_perf,1,8,16384,512,float,sum,28.86,0.57,0.5,0,26.19,0.63,0.55,0,RING,SIMPLE,32,RING,SIMPLE,32,0,RING,A_flag_ceiling
reduce_scatter_perf,1,8,32768,1024,float,sum,27.12,1.21,1.06,0,26.09,1.26,1.1,0,RING,SIMPLE,32,RING,SIMPLE,32,0,RING,A_flag_ceiling
reduce_scatter_perf,1,8,65536,2048,float,sum,28.06,2.34,2.04,0,27.26,2.4,2.1,0,RING,SIMPLE,32,RING,SIMPLE,32,0,RING,A_flag_ceiling
reduce_scatter_perf,1,8,131072,4096,float,sum,30.99,4.23,3.7,0,28.41,4.61,4.04,0,RING,SIMPLE,32,RING,SIMPLE,32,0,RING,A_flag_ceiling
reduce_scatter_perf,1,8,262144,8192,float,sum,27.73,9.45,8.27,0,27.46,9.55,8.35,0,RING,SIMPLE,32,RING,SIMPLE,32,0,RING,A_flag_ceiling
reduce_scatter_perf,1,8,524288,16384,float,sum,28.76,18.23,15.95,0,28.1,18.66,16.32,0,RING,SIMPLE,32,RING,SIMPLE,32,0,RING,A_flag_ceiling
reduce_scatter_perf,1,8,1048576,32768,float,sum,32.51,32.25,28.22,0,30.13,34.8,30.45,0,RING,SIMPLE,32,RING,SIMPLE,32,0,RING,A_flag_ceiling
reduce_scatter_perf,1,8,2097152,65536,float,sum,31.56,66.44,58.14,0,30.89,67.89,59.41,0,RING,SIMPLE,32,RING,SIMPLE,32,0,RING,A_flag_ceiling
reduce_scatter_perf,1,8,4194304,131072,float,sum,38.92,107.77,94.3,0,38.06,110.2,96.42,0,RING,SIMPLE,32,RING,SIMPLE,32,0,RING,A_flag_ceiling
reduce_scatter_perf,1,8,8388608,262144,float,sum,53.09,158.01,138.26,0,51.29,163.54,143.1,0,RING,SIMPLE,32,RING,SIMPLE,32,0,RING,A_flag_ceiling
reduce_scatter_perf,1,8,16777216,524288,float,sum,79.42,211.25,184.84,0,75.85,221.2,193.55,0,RING,SIMPLE,32,RING,SIMPLE,32,0,RING,A_flag_ceiling
reduce_scatter_perf,1,8,33554432,1048576,float,sum,129.47,259.16,226.77,0,124.53,269.45,235.77,0,RING,SIMPLE,32,RING,SIMPLE,32,0,RING,A_flag_ceiling
reduce_scatter_perf,1,8,67108864,2097152,float,sum,232.61,288.5,252.44,0,221.78,302.59,264.77,0,RING,SIMPLE,32,RING,SIMPLE,32,0,RING,A_flag_ceiling
reduce_scatter_perf,1,8,134217728,4194304,float,sum,441.0,304.35,266.3,0,422.22,317.88,278.15,0,RING,SIMPLE,32,RING,SIMPLE,32,0,RING,A_flag_ceiling
reduce_scatter_perf,1,8,268435456,8388608,float,sum,854.12,314.28,275.0,0,829.81,323.49,283.05,0,RING,SIMPLE,32,RING,SIMPLE,32,0,RING,A_flag_ceiling
reduce_scatter_perf,1,8,536870912,16777216,float,sum,1683.02,318.99,279.12,0,1679.12,319.73,279.77,0,RING,SIMPLE,32,RING,SIMPLE,32,0,RING,A_flag_ceiling
reduce_scatter_perf,1,8,4096,128,float,sum,18.6,0.22,0.19,0,16.21,0.25,0.22,0,RING,LL,32,RING,LL,32,0,RING,A_flag_ceiling
reduce_scatter_perf,1,8,8192,256,float,sum,17.25,0.47,0.42,0,16.4,0.5,0.44,0,RING,LL,32,RING,LL,32,0,RING,A_flag_ceiling
reduce_scatter_perf,1,8,16384,512,float,sum,20.22,0.81,0.71,0,19.01,0.86,0.75,0,RING,LL,32,RING,LL,32,0,RING,A_flag_ceiling
reduce_scatter_perf,1,8,32768,1024,float,sum,18.57,1.76,1.54,0,17.68,1.85,1.62,0,RING,LL,32,RING,LL,32,0,RING,A_flag_ceiling
reduce_scatter_perf,1,8,65536,2048,float,sum,17.64,3.72,3.25,0,16.48,3.98,3.48,0,RING,LL,32,RING,LL,32,0,RING,A_flag_ceiling
reduce_scatter_perf,1,8,131072,4096,float,sum,20.8,6.3,5.51,0,18.81,6.97,6.1,0,RING,LL,32,RING,LL,32,0,RING,A_flag_ceiling
reduce_scatter_perf,1,8,262144,8192,float,sum,19.8,13.24,11.58,0,18.39,14.26,12.47,0,RING,LL,32,RING,LL,32,0,RING,A_flag_ceiling
reduce_scatter_perf,1,8,524288,16384,float,sum,19.21,27.29,23.88,0,18.75,27.97,24.47,0,RING,LL,32,RING,LL,32,0,RING,A_flag_ceiling
reduce_scatter_perf,1,8,1048576,32768,float,sum,28.27,37.09,32.45,0,25.85,40.57,35.5,0,RING,LL,32,RING,LL,32,0,RING,A_flag_ceiling
reduce_scatter_perf,1,8,2097152,65536,float,sum,38.03,55.14,48.25,0,37.42,56.04,49.04,0,RING,LL,32,RING,LL,32,0,RING,A_flag_ceiling
reduce_scatter_perf,1,8,4194304,131072,float,sum,62.28,67.34,58.92,0,61.27,68.45,59.89,0,RING,LL,32,RING,LL,32,0,RING,A_flag_ceiling
reduce_scatter_perf,1,8,8388608,262144,float,sum,118.17,70.99,62.11,0,117.33,71.5,62.56,0,RING,LL,32,RING,LL,32,0,RING,A_flag_ceiling
reduce_scatter_perf,1,8,16777216,524288,float,sum,227.34,73.8,64.57,0,230.3,72.85,63.74,0,RING,LL,32,RING,LL,32,0,RING,A_flag_ceiling
reduce_scatter_perf,1,8,33554432,1048576,float,sum,452.24,74.2,64.92,0,460.62,72.85,63.74,0,RING,LL,32,RING,LL,32,0,RING,A_flag_ceiling
reduce_scatter_perf,1,8,67108864,2097152,float,sum,904.02,74.23,64.95,0,920.95,72.87,63.76,0,RING,LL,32,RING,LL,32,0,RING,A_flag_ceiling
reduce_scatter_perf,1,8,134217728,4194304,float,sum,1815.77,73.92,64.68,0,1846.47,72.69,63.6,0,RING,LL,32,RING,LL,32,0,RING,A_flag_ceiling
reduce_scatter_perf,1,8,268435456,8388608,float,sum,3638.78,73.77,64.55,0,3699.11,72.57,63.5,0,RING,LL,32,RING,LL,32,0,RING,A_flag_ceiling
reduce_scatter_perf,1,8,536870912,16777216,float,sum,7317.55,73.37,64.2,0,7355.2,72.99,63.87,0,RING,LL,32,RING,LL,32,0,RING,A_flag_ceiling
reduce_scatter_perf,1,8,4096,128,float,sum,27.49,0.15,0.13,0,25.88,0.16,0.14,0,RING,SIMPLE,40,RING,SIMPLE,40,0,RING,A_flag_ceiling
reduce_scatter_perf,1,8,8192,256,float,sum,26.17,0.31,0.27,0,25.33,0.32,0.28,0,RING,SIMPLE,40,RING,SIMPLE,40,0,RING,A_flag_ceiling
reduce_scatter_perf,1,8,16384,512,float,sum,29.38,0.56,0.49,0,26.22,0.62,0.55,0,RING,SIMPLE,40,RING,SIMPLE,40,0,RING,A_flag_ceiling
reduce_scatter_perf,1,8,32768,1024,float,sum,27.31,1.2,1.05,0,26.35,1.24,1.09,0,RING,SIMPLE,40,RING,SIMPLE,40,0,RING,A_flag_ceiling
reduce_scatter_perf,1,8,65536,2048,float,sum,27.91,2.35,2.05,0,27.22,2.41,2.11,0,RING,SIMPLE,40,RING,SIMPLE,40,0,RING,A_flag_ceiling
reduce_scatter_perf,1,8,131072,4096,float,sum,30.71,4.27,3.73,0,28.0,4.68,4.1,0,RING,SIMPLE,40,RING,SIMPLE,40,0,RING,A_flag_ceiling
reduce_scatter_perf,1,8,262144,8192,float,sum,27.85,9.41,8.24,0,27.33,9.59,8.39,0,RING,SIMPLE,40,RING,SIMPLE,40,0,RING,A_flag_ceiling
reduce_scatter_perf,1,8,524288,16384,float,sum,28.75,18.24,15.96,0,28.27,18.55,16.23,0,RING,SIMPLE,40,RING,SIMPLE,40,0,RING,A_flag_ceiling
reduce_scatter_perf,1,8,1048576,32768,float,sum,32.48,32.29,28.25,0,30.14,34.79,30.45,0,RING,SIMPLE,40,RING,SIMPLE,40,0,RING,A_flag_ceiling
reduce_scatter_perf,1,8,2097152,65536,float,sum,31.83,65.88,57.65,0,31.13,67.38,58.95,0,RING,SIMPLE,40,RING,SIMPLE,40,0,RING,A_flag_ceiling
reduce_scatter_perf,1,8,4194304,131072,float,sum,40.27,104.14,91.12,0,39.15,107.12,93.73,0,RING,SIMPLE,40,RING,SIMPLE,40,0,RING,A_flag_ceiling
reduce_scatter_perf,1,8,8388608,262144,float,sum,52.6,159.49,139.56,0,50.8,165.14,144.5,0,RING,SIMPLE,40,RING,SIMPLE,40,0,RING,A_flag_ceiling
reduce_scatter_perf,1,8,16777216,524288,float,sum,74.29,225.83,197.6,0,70.71,237.26,207.6,0,RING,SIMPLE,40,RING,SIMPLE,40,0,RING,A_flag_ceiling
reduce_scatter_perf,1,8,33554432,1048576,float,sum,115.49,290.53,254.21,0,110.29,304.25,266.22,0,RING,SIMPLE,40,RING,SIMPLE,40,0,RING,A_flag_ceiling
reduce_scatter_perf,1,8,67108864,2097152,float,sum,200.73,334.33,292.54,0,192.48,348.66,305.08,0,RING,SIMPLE,40,RING,SIMPLE,40,0,RING,A_flag_ceiling
reduce_scatter_perf,1,8,134217728,4194304,float,sum,371.25,361.53,316.34,0,356.72,376.26,329.23,0,RING,SIMPLE,40,RING,SIMPLE,40,0,RING,A_flag_ceiling
reduce_scatter_perf,1,8,268435456,8388608,float,sum,713.52,376.21,329.18,0,694.25,386.66,338.32,0,RING,SIMPLE,40,RING,SIMPLE,40,0,RING,A_flag_ceiling
reduce_scatter_perf,1,8,536870912,16777216,float,sum,1402.42,382.82,334.96,0,1397.78,384.09,336.08,0,RING,SIMPLE,40,RING,SIMPLE,40,0,RING,A_flag_ceiling
reduce_scatter_perf,1,8,4096,128,float,sum,17.78,0.23,0.2,0,16.21,0.25,0.22,0,RING,LL,40,RING,LL,40,0,RING,A_flag_ceiling
reduce_scatter_perf,1,8,8192,256,float,sum,17.14,0.48,0.42,0,16.18,0.51,0.44,0,RING,LL,40,RING,LL,40,0,RING,A_flag_ceiling
reduce_scatter_perf,1,8,16384,512,float,sum,20.82,0.79,0.69,0,18.79,0.87,0.76,0,RING,LL,40,RING,LL,40,0,RING,A_flag_ceiling
reduce_scatter_perf,1,8,32768,1024,float,sum,18.88,1.74,1.52,0,18.12,1.81,1.58,0,RING,LL,40,RING,LL,40,0,RING,A_flag_ceiling
reduce_scatter_perf,1,8,65536,2048,float,sum,17.34,3.78,3.31,0,16.39,4.0,3.5,0,RING,LL,40,RING,LL,40,0,RING,A_flag_ceiling
reduce_scatter_perf,1,8,131072,4096,float,sum,20.32,6.45,5.64,0,19.45,6.74,5.9,0,RING,LL,40,RING,LL,40,0,RING,A_flag_ceiling
reduce_scatter_perf,1,8,262144,8192,float,sum,19.92,13.16,11.52,0,18.04,14.53,12.71,0,RING,LL,40,RING,LL,40,0,RING,A_flag_ceiling
reduce_scatter_perf,1,8,524288,16384,float,sum,19.43,26.98,23.61,0,18.44,28.43,24.88,0,RING,LL,40,RING,LL,40,0,RING,A_flag_ceiling
reduce_scatter_perf,1,8,1048576,32768,float,sum,28.46,36.85,32.24,0,25.6,40.96,35.84,0,RING,LL,40,RING,LL,40,0,RING,A_flag_ceiling
reduce_scatter_perf,1,8,2097152,65536,float,sum,37.47,55.98,48.98,0,36.74,57.08,49.94,0,RING,LL,40,RING,LL,40,0,RING,A_flag_ceiling
reduce_scatter_perf,1,8,4194304,131072,float,sum,56.0,74.9,65.54,0,55.27,75.89,66.4,0,RING,LL,40,RING,LL,40,0,RING,A_flag_ceiling
reduce_scatter_perf,1,8,8388608,262144,float,sum,100.29,83.64,73.19,0,99.67,84.17,73.65,0,RING,LL,40,RING,LL,40,0,RING,A_flag_ceiling
reduce_scatter_perf,1,8,16777216,524288,float,sum,193.39,86.75,75.91,0,194.17,86.41,75.6,0,RING,LL,40,RING,LL,40,0,RING,A_flag_ceiling
reduce_scatter_perf,1,8,33554432,1048576,float,sum,375.1,89.45,78.27,0,382.1,87.82,76.84,0,RING,LL,40,RING,LL,40,0,RING,A_flag_ceiling
reduce_scatter_perf,1,8,67108864,2097152,float,sum,733.54,91.49,80.05,0,752.58,89.17,78.03,0,RING,LL,40,RING,LL,40,0,RING,A_flag_ceiling
reduce_scatter_perf,1,8,134217728,4194304,float,sum,1462.11,91.8,80.32,0,1492.19,89.95,78.7,0,RING,LL,40,RING,LL,40,0,RING,A_flag_ceiling
reduce_scatter_perf,1,8,268435456,8388608,float,sum,2958.2,90.74,79.4,0,3006.84,89.27,78.12,0,RING,LL,40,RING,LL,40,0,RING,A_flag_ceiling
reduce_scatter_perf,1,8,536870912,16777216,float,sum,5971.7,89.9,78.66,0,5963.09,90.03,78.78,0,RING,LL,40,RING,LL,40,0,RING,A_flag_ceiling
reduce_scatter_perf,1,8,4096,128,float,sum,26.98,0.15,0.13,0,25.9,0.16,0.14,0,RING,SIMPLE,48,RING,SIMPLE,48,0,RING,A_flag_ceiling
reduce_scatter_perf,1,8,8192,256,float,sum,26.28,0.31,0.27,0,25.49,0.32,0.28,0,RING,SIMPLE,48,RING,SIMPLE,48,0,RING,A_flag_ceiling
reduce_scatter_perf,1,8,16384,512,float,sum,27.52,0.6,0.52,0,25.16,0.65,0.57,0,RING,SIMPLE,48,RING,SIMPLE,48,0,RING,A_flag_ceiling
reduce_scatter_perf,1,8,32768,1024,float,sum,27.2,1.2,1.05,0,26.27,1.25,1.09,0,RING,SIMPLE,48,RING,SIMPLE,48,0,RING,A_flag_ceiling
reduce_scatter_perf,1,8,65536,2048,float,sum,28.2,2.32,2.03,0,27.27,2.4,2.1,0,RING,SIMPLE,48,RING,SIMPLE,48,0,RING,A_flag_ceiling
reduce_scatter_perf,1,8,131072,4096,float,sum,30.31,4.32,3.78,0,28.09,4.67,4.08,0,RING,SIMPLE,48,RING,SIMPLE,48,0,RING,A_flag_ceiling
reduce_scatter_perf,1,8,262144,8192,float,sum,27.85,9.41,8.24,0,27.43,9.56,8.36,0,RING,SIMPLE,48,RING,SIMPLE,48,0,RING,A_flag_ceiling
reduce_scatter_perf,1,8,524288,16384,float,sum,28.57,18.35,16.06,0,28.05,18.69,16.35,0,RING,SIMPLE,48,RING,SIMPLE,48,0,RING,A_flag_ceiling
reduce_scatter_perf,1,8,1048576,32768,float,sum,31.7,33.08,28.94,0,29.45,35.6,31.15,0,RING,SIMPLE,48,RING,SIMPLE,48,0,RING,A_flag_ceiling
reduce_scatter_perf,1,8,2097152,65536,float,sum,32.37,64.79,56.69,0,31.52,66.53,58.22,0,RING,SIMPLE,48,RING,SIMPLE,48,0,RING,A_flag_ceiling
reduce_scatter_perf,1,8,4194304,131072,float,sum,39.61,105.88,92.65,0,38.52,108.89,95.28,0,RING,SIMPLE,48,RING,SIMPLE,48,0,RING,A_flag_ceiling
reduce_scatter_perf,1,8,8388608,262144,float,sum,50.55,165.95,145.21,0,48.9,171.56,150.12,0,RING,SIMPLE,48,RING,SIMPLE,48,0,RING,A_flag_ceiling
reduce_scatter_perf,1,8,16777216,524288,float,sum,72.69,230.8,201.95,0,69.41,241.72,211.51,0,RING,SIMPLE,48,RING,SIMPLE,48,0,RING,A_flag_ceiling
reduce_scatter_perf,1,8,33554432,1048576,float,sum,114.19,293.84,257.11,0,108.83,308.31,269.77,0,RING,SIMPLE,48,RING,SIMPLE,48,0,RING,A_flag_ceiling
reduce_scatter_perf,1,8,67108864,2097152,float,sum,201.13,333.66,291.95,0,189.9,353.4,309.22,0,RING,SIMPLE,48,RING,SIMPLE,48,0,RING,A_flag_ceiling
reduce_scatter_perf,1,8,134217728,4194304,float,sum,377.47,355.58,311.13,0,355.82,377.2,330.05,0,RING,SIMPLE,48,RING,SIMPLE,48,0,RING,A_flag_ceiling
reduce_scatter_perf,1,8,268435456,8388608,float,sum,730.94,367.24,321.34,0,702.48,382.13,334.36,0,RING,SIMPLE,48,RING,SIMPLE,48,0,RING,A_flag_ceiling
reduce_scatter_perf,1,8,536870912,16777216,float,sum,1425.23,376.69,329.6,0,1422.94,377.3,330.13,0,RING,SIMPLE,48,RING,SIMPLE,48,0,RING,A_flag_ceiling
reduce_scatter_perf,1,8,4096,128,float,sum,18.65,0.22,0.19,0,16.19,0.25,0.22,0,RING,LL,48,RING,LL,48,0,RING,A_flag_ceiling
reduce_scatter_perf,1,8,8192,256,float,sum,17.4,0.47,0.41,0,16.68,0.49,0.43,0,RING,LL,48,RING,LL,48,0,RING,A_flag_ceiling
reduce_scatter_perf,1,8,16384,512,float,sum,20.13,0.81,0.71,0,19.63,0.83,0.73,0,RING,LL,48,RING,LL,48,0,RING,A_flag_ceiling
reduce_scatter_perf,1,8,32768,1024,float,sum,19.09,1.72,1.5,0,17.39,1.88,1.65,0,RING,LL,48,RING,LL,48,0,RING,A_flag_ceiling
reduce_scatter_perf,1,8,65536,2048,float,sum,17.37,3.77,3.3,0,16.77,3.91,3.42,0,RING,LL,48,RING,LL,48,0,RING,A_flag_ceiling
reduce_scatter_perf,1,8,131072,4096,float,sum,20.28,6.46,5.65,0,19.59,6.69,5.85,0,RING,LL,48,RING,LL,48,0,RING,A_flag_ceiling
reduce_scatter_perf,1,8,262144,8192,float,sum,19.59,13.38,11.71,0,21.43,12.23,10.7,0,RING,LL,48,RING,LL,48,0,RING,A_flag_ceiling
reduce_scatter_perf,1,8,524288,16384,float,sum,19.05,27.52,24.08,0,18.59,28.21,24.68,0,RING,LL,48,RING,LL,48,0,RING,A_flag_ceiling
reduce_scatter_perf,1,8,1048576,32768,float,sum,28.35,36.98,32.36,0,24.79,42.3,37.01,0,RING,LL,48,RING,LL,48,0,RING,A_flag_ceiling
reduce_scatter_perf,1,8,2097152,65536,float,sum,31.99,65.55,57.35,0,31.17,67.27,58.86,0,RING,LL,48,RING,LL,48,0,RING,A_flag_ceiling
reduce_scatter_perf,1,8,4194304,131072,float,sum,50.76,82.63,72.3,0,49.64,84.49,73.93,0,RING,LL,48,RING,LL,48,0,RING,A_flag_ceiling
reduce_scatter_perf,1,8,8388608,262144,float,sum,88.51,94.77,82.93,0,87.31,96.07,84.06,0,RING,LL,48,RING,LL,48,0,RING,A_flag_ceiling
reduce_scatter_perf,1,8,16777216,524288,float,sum,163.72,102.48,89.67,0,164.32,102.1,89.34,0,RING,LL,48,RING,LL,48,0,RING,A_flag_ceiling
reduce_scatter_perf,1,8,33554432,1048576,float,sum,315.92,106.21,92.94,0,321.39,104.4,91.35,0,RING,LL,48,RING,LL,48,0,RING,A_flag_ceiling
reduce_scatter_perf,1,8,67108864,2097152,float,sum,618.1,108.57,95.0,0,631.64,106.24,92.96,0,RING,LL,48,RING,LL,48,0,RING,A_flag_ceiling
reduce_scatter_perf,1,8,134217728,4194304,float,sum,1226.26,109.45,95.77,0,1257.58,106.73,93.39,0,RING,LL,48,RING,LL,48,0,RING,A_flag_ceiling
reduce_scatter_perf,1,8,268435456,8388608,float,sum,2456.28,109.29,95.62,0,2506.55,107.09,93.71,0,RING,LL,48,RING,LL,48,0,RING,A_flag_ceiling
reduce_scatter_perf,1,8,536870912,16777216,float,sum,4977.09,107.87,94.38,0,5011.18,107.13,93.74,0,RING,LL,48,RING,LL,48,0,RING,A_flag_ceiling
reduce_scatter_perf,1,8,4096,128,float,sum,26.8,0.15,0.13,0,25.91,0.16,0.14,0,RING,SIMPLE,56,RING,SIMPLE,56,0,RING,A_flag_ceiling
reduce_scatter_perf,1,8,8192,256,float,sum,26.19,0.31,0.27,0,25.43,0.32,0.28,0,RING,SIMPLE,56,RING,SIMPLE,56,0,RING,A_flag_ceiling
reduce_scatter_perf,1,8,16384,512,float,sum,27.74,0.59,0.52,0,25.54,0.64,0.56,0,RING,SIMPLE,56,RING,SIMPLE,56,0,RING,A_flag_ceiling
reduce_scatter_perf,1,8,32768,1024,float,sum,27.24,1.2,1.05,0,26.27,1.25,1.09,0,RING,SIMPLE,56,RING,SIMPLE,56,0,RING,A_flag_ceiling
reduce_scatter_perf,1,8,65536,2048,float,sum,28.5,2.3,2.01,0,27.16,2.41,2.11,0,RING,SIMPLE,56,RING,SIMPLE,56,0,RING,A_flag_ceiling
reduce_scatter_perf,1,8,131072,4096,float,sum,30.44,4.31,3.77,0,28.17,4.65,4.07,0,RING,SIMPLE,56,RING,SIMPLE,56,0,RING,A_flag_ceiling
reduce_scatter_perf,1,8,262144,8192,float,sum,27.75,9.45,8.26,0,27.58,9.5,8.32,0,RING,SIMPLE,56,RING,SIMPLE,56,0,RING,A_flag_ceiling
reduce_scatter_perf,1,8,524288,16384,float,sum,28.59,18.34,16.05,0,28.19,18.6,16.28,0,RING,SIMPLE,56,RING,SIMPLE,56,0,RING,A_flag_ceiling
reduce_scatter_perf,1,8,1048576,32768,float,sum,32.74,32.03,28.03,0,30.09,34.85,30.49,0,RING,SIMPLE,56,RING,SIMPLE,56,0,RING,A_flag_ceiling
reduce_scatter_perf,1,8,2097152,65536,float,sum,32.27,64.99,56.87,0,31.62,66.33,58.04,0,RING,SIMPLE,56,RING,SIMPLE,56,0,RING,A_flag_ceiling
reduce_scatter_perf,1,8,4194304,131072,float,sum,40.01,104.84,91.73,0,39.16,107.12,93.73,0,RING,SIMPLE,56,RING,SIMPLE,56,0,RING,A_flag_ceiling
reduce_scatter_perf,1,8,8388608,262144,float,sum,52.79,158.92,139.05,0,49.8,168.46,147.4,0,RING,SIMPLE,56,RING,SIMPLE,56,0,RING,A_flag_ceiling
reduce_scatter_perf,1,8,16777216,524288,float,sum,69.66,240.84,210.74,0,66.14,253.66,221.95,0,RING,SIMPLE,56,RING,SIMPLE,56,0,RING,A_flag_ceiling
reduce_scatter_perf,1,8,33554432,1048576,float,sum,109.55,306.28,267.99,0,103.75,323.42,282.99,0,RING,SIMPLE,56,RING,SIMPLE,56,0,RING,A_flag_ceiling
reduce_scatter_perf,1,8,67108864,2097152,float,sum,188.2,356.58,312.01,0,177.91,377.21,330.06,0,RING,SIMPLE,56,RING,SIMPLE,56,0,RING,A_flag_ceiling
reduce_scatter_perf,1,8,134217728,4194304,float,sum,346.19,387.7,339.24,0,327.55,409.76,358.54,0,RING,SIMPLE,56,RING,SIMPLE,56,0,RING,A_flag_ceiling
reduce_scatter_perf,1,8,268435456,8388608,float,sum,669.29,401.07,350.94,0,646.52,415.2,363.3,0,RING,SIMPLE,56,RING,SIMPLE,56,0,RING,A_flag_ceiling
reduce_scatter_perf,1,8,536870912,16777216,float,sum,1294.4,414.76,362.92,0,1293.39,415.09,363.2,0,RING,SIMPLE,56,RING,SIMPLE,56,0,RING,A_flag_ceiling
reduce_scatter_perf,1,8,4096,128,float,sum,20.47,0.2,0.18,0,16.38,0.25,0.22,0,RING,LL,56,RING,LL,56,0,RING,A_flag_ceiling
reduce_scatter_perf,1,8,8192,256,float,sum,17.23,0.48,0.42,0,16.36,0.5,0.44,0,RING,LL,56,RING,LL,56,0,RING,A_flag_ceiling
reduce_scatter_perf,1,8,16384,512,float,sum,21.39,0.77,0.67,0,19.03,0.86,0.75,0,RING,LL,56,RING,LL,56,0,RING,A_flag_ceiling
reduce_scatter_perf,1,8,32768,1024,float,sum,19.43,1.69,1.48,0,17.87,1.83,1.6,0,RING,LL,56,RING,LL,56,0,RING,A_flag_ceiling
reduce_scatter_perf,1,8,65536,2048,float,sum,17.66,3.71,3.25,0,17.19,3.81,3.34,0,RING,LL,56,RING,LL,56,0,RING,A_flag_ceiling
reduce_scatter_perf,1,8,131072,4096,float,sum,20.82,6.3,5.51,0,18.51,7.08,6.2,0,RING,LL,56,RING,LL,56,0,RING,A_flag_ceiling
reduce_scatter_perf,1,8,262144,8192,float,sum,20.48,12.8,11.2,0,20.61,12.72,11.13,0,RING,LL,56,RING,LL,56,0,RING,A_flag_ceiling
reduce_scatter_perf,1,8,524288,16384,float,sum,18.92,27.71,24.24,0,18.51,28.32,24.78,0,RING,LL,56,RING,LL,56,0,RING,A_flag_ceiling
reduce_scatter_perf,1,8,1048576,32768,float,sum,25.87,40.53,35.47,0,26.21,40.01,35.01,0,RING,LL,56,RING,LL,56,0,RING,A_flag_ceiling
reduce_scatter_perf,1,8,2097152,65536,float,sum,31.97,65.59,57.39,0,31.13,67.36,58.94,0,RING,LL,56,RING,LL,56,0,RING,A_flag_ceiling
reduce_scatter_perf,1,8,4194304,131072,float,sum,45.25,92.69,81.1,0,44.29,94.71,82.87,0,RING,LL,56,RING,LL,56,0,RING,A_flag_ceiling
reduce_scatter_perf,1,8,8388608,262144,float,sum,82.2,102.06,89.3,0,81.66,102.73,89.89,0,RING,LL,56,RING,LL,56,0,RING,A_flag_ceiling
reduce_scatter_perf,1,8,16777216,524288,float,sum,145.87,115.02,100.64,0,147.33,113.87,99.64,0,RING,LL,56,RING,LL,56,0,RING,A_flag_ceiling
reduce_scatter_perf,1,8,33554432,1048576,float,sum,274.73,122.14,106.87,0,279.35,120.12,105.1,0,RING,LL,56,RING,LL,56,0,RING,A_flag_ceiling
reduce_scatter_perf,1,8,67108864,2097152,float,sum,541.36,123.96,108.47,0,556.09,120.68,105.59,0,RING,LL,56,RING,LL,56,0,RING,A_flag_ceiling
reduce_scatter_perf,1,8,134217728,4194304,float,sum,1064.25,126.11,110.35,0,1092.3,122.88,107.52,0,RING,LL,56,RING,LL,56,0,RING,A_flag_ceiling
reduce_scatter_perf,1,8,268435456,8388608,float,sum,2135.26,125.72,110.0,0,2184.47,122.88,107.52,0,RING,LL,56,RING,LL,56,0,RING,A_flag_ceiling
reduce_scatter_perf,1,8,536870912,16777216,float,sum,4303.49,124.75,109.16,0,4317.05,124.36,108.82,0,RING,LL,56,RING,LL,56,0,RING,A_flag_ceiling
reduce_scatter_perf,1,8,4096,128,float,sum,27.69,0.15,0.13,0,25.77,0.16,0.14,0,RING,SIMPLE,1,RING,SIMPLE,1,0,RING,A_flag_ceiling
reduce_scatter_perf,1,8,8192,256,float,sum,25.77,0.32,0.28,0,25.07,0.33,0.29,0,RING,SIMPLE,1,RING,SIMPLE,1,0,RING,A_flag_ceiling
reduce_scatter_perf,1,8,16384,512,float,sum,28.24,0.58,0.51,0,26.44,0.62,0.54,0,RING,SIMPLE,1,RING,SIMPLE,1,0,RING,A_flag_ceiling
reduce_scatter_perf,1,8,32768,1024,float,sum,26.15,1.25,1.1,0,24.76,1.32,1.16,0,RING,SIMPLE,1,RING,SIMPLE,1,0,RING,A_flag_ceiling
reduce_scatter_perf,1,8,65536,2048,float,sum,26.6,2.46,2.16,0,25.91,2.53,2.21,0,RING,SIMPLE,1,RING,SIMPLE,1,0,RING,A_flag_ceiling
reduce_scatter_perf,1,8,131072,4096,float,sum,35.14,3.73,3.26,0,31.99,4.1,3.59,0,RING,SIMPLE,1,RING,SIMPLE,1,0,RING,A_flag_ceiling
reduce_scatter_perf,1,8,262144,8192,float,sum,42.29,6.2,5.42,0,41.66,6.29,5.51,0,RING,SIMPLE,1,RING,SIMPLE,1,0,RING,A_flag_ceiling
reduce_scatter_perf,1,8,524288,16384,float,sum,62.76,8.35,7.31,0,61.42,8.54,7.47,0,RING,SIMPLE,1,RING,SIMPLE,1,0,RING,A_flag_ceiling
reduce_scatter_perf,1,8,1048576,32768,float,sum,101.2,10.36,9.07,0,97.97,10.7,9.36,0,RING,SIMPLE,1,RING,SIMPLE,1,0,RING,A_flag_ceiling
reduce_scatter_perf,1,8,2097152,65536,float,sum,164.8,12.73,11.13,0,158.52,13.23,11.58,0,RING,SIMPLE,1,RING,SIMPLE,1,0,RING,A_flag_ceiling
reduce_scatter_perf,1,8,4194304,131072,float,sum,300.47,13.96,12.21,0,295.71,14.18,12.41,0,RING,SIMPLE,1,RING,SIMPLE,1,0,RING,A_flag_ceiling
reduce_scatter_perf,1,8,8388608,262144,float,sum,594.84,14.1,12.34,0,585.35,14.33,12.54,0,RING,SIMPLE,1,RING,SIMPLE,1,0,RING,A_flag_ceiling
reduce_scatter_perf,1,8,16777216,524288,float,sum,1177.76,14.24,12.46,0,1158.56,14.48,12.67,0,RING,SIMPLE,1,RING,SIMPLE,1,0,RING,A_flag_ceiling
reduce_scatter_perf,1,8,33554432,1048576,float,sum,2330.59,14.4,12.6,0,2315.86,14.49,12.68,0,RING,SIMPLE,1,RING,SIMPLE,1,0,RING,A_flag_ceiling
reduce_scatter_perf,1,8,67108864,2097152,float,sum,4646.99,14.44,12.64,0,4622.24,14.52,12.7,0,RING,SIMPLE,1,RING,SIMPLE,1,0,RING,A_flag_ceiling
reduce_scatter_perf,1,8,134217728,4194304,float,sum,9288.35,14.45,12.64,0,9257.0,14.5,12.69,0,RING,SIMPLE,1,RING,SIMPLE,1,0,RING,A_flag_ceiling
reduce_scatter_perf,1,8,268435456,8388608,float,sum,18589.0,14.44,12.64,0,18538.8,14.48,12.67,0,RING,SIMPLE,1,RING,SIMPLE,1,0,RING,A_flag_ceiling
reduce_scatter_perf,1,8,536870912,16777216,float,sum,37116.9,14.46,12.66,0,37251.0,14.41,12.61,0,RING,SIMPLE,1,RING,SIMPLE,1,0,RING,A_flag_ceiling
reduce_scatter_perf,1,8,4096,128,float,sum,19.43,0.21,0.18,0,16.24,0.25,0.22,0,RING,LL,1,RING,LL,1,0,RING,A_flag_ceiling
reduce_scatter_perf,1,8,8192,256,float,sum,17.77,0.46,0.4,0,15.9,0.52,0.45,0,RING,LL,1,RING,LL,1,0,RING,A_flag_ceiling
reduce_scatter_perf,1,8,16384,512,float,sum,20.17,0.81,0.71,0,19.59,0.84,0.73,0,RING,LL,1,RING,LL,1,0,RING,A_flag_ceiling
reduce_scatter_perf,1,8,32768,1024,float,sum,22.88,1.43,1.25,0,21.07,1.56,1.36,0,RING,LL,1,RING,LL,1,0,RING,A_flag_ceiling
reduce_scatter_perf,1,8,65536,2048,float,sum,31.04,2.11,1.85,0,30.16,2.17,1.9,0,RING,LL,1,RING,LL,1,0,RING,A_flag_ceiling
reduce_scatter_perf,1,8,131072,4096,float,sum,51.69,2.54,2.22,0,49.92,2.63,2.3,0,RING,LL,1,RING,LL,1,0,RING,A_flag_ceiling
reduce_scatter_perf,1,8,262144,8192,float,sum,96.88,2.71,2.37,0,94.72,2.77,2.42,0,RING,LL,1,RING,LL,1,0,RING,A_flag_ceiling
reduce_scatter_perf,1,8,524288,16384,float,sum,190.3,2.76,2.41,0,183.94,2.85,2.49,0,RING,LL,1,RING,LL,1,0,RING,A_flag_ceiling
reduce_scatter_perf,1,8,1048576,32768,float,sum,376.62,2.78,2.44,0,358.79,2.92,2.56,0,RING,LL,1,RING,LL,1,0,RING,A_flag_ceiling
reduce_scatter_perf,1,8,2097152,65536,float,sum,743.65,2.82,2.47,0,708.16,2.96,2.59,0,RING,LL,1,RING,LL,1,0,RING,A_flag_ceiling
reduce_scatter_perf,1,8,4194304,131072,float,sum,1474.75,2.84,2.49,0,1414.18,2.97,2.6,0,RING,LL,1,RING,LL,1,0,RING,A_flag_ceiling
reduce_scatter_perf,1,8,8388608,262144,float,sum,2956.73,2.84,2.48,0,2900.0,2.89,2.53,0,RING,LL,1,RING,LL,1,0,RING,A_flag_ceiling
reduce_scatter_perf,1,8,16777216,524288,float,sum,5827.85,2.88,2.52,0,5695.04,2.95,2.58,0,RING,LL,1,RING,LL,1,0,RING,A_flag_ceiling
reduce_scatter_perf,1,8,33554432,1048576,float,sum,11613.9,2.89,2.53,0,11379.2,2.95,2.58,0,RING,LL,1,RING,LL,1,0,RING,A_flag_ceiling
reduce_scatter_perf,1,8,67108864,2097152,float,sum,23029.4,2.91,2.55,0,22787.6,2.94,2.58,0,RING,LL,1,RING,LL,1,0,RING,A_flag_ceiling
reduce_scatter_perf,1,8,134217728,4194304,float,sum,46227.8,2.9,2.54,0,45881.0,2.93,2.56,0,RING,LL,1,RING,LL,1,0,RING,A_flag_ceiling
reduce_scatter_perf,1,8,268435456,8388608,float,sum,92857.7,2.89,2.53,0,92335.7,2.91,2.54,0,RING,LL,1,RING,LL,1,0,RING,A_flag_ceiling
reduce_scatter_perf,1,8,536870912,16777216,float,sum,184648.0,2.91,2.54,0,184147.0,2.92,2.55,0,RING,LL,1,RING,LL,1,0,RING,A_flag_ceiling
reduce_scatter_perf,1,8,4096,128,float,sum,26.97,0.15,0.13,0,25.52,0.16,0.14,0,RING,SIMPLE,2,RING,SIMPLE,2,0,RING,A_flag_ceiling
reduce_scatter_perf,1,8,8192,256,float,sum,25.64,0.32,0.28,0,24.8,0.33,0.29,0,RING,SIMPLE,2,RING,SIMPLE,2,0,RING,A_flag_ceiling
reduce_scatter_perf,1,8,16384,512,float,sum,28.0,0.59,0.51,0,25.93,0.63,0.55,0,RING,SIMPLE,2,RING,SIMPLE,2,0,RING,A_flag_ceiling
reduce_scatter_perf,1,8,32768,1024,float,sum,27.34,1.2,1.05,0,26.19,1.25,1.09,0,RING,SIMPLE,2,RING,SIMPLE,2,0,RING,A_flag_ceiling
reduce_scatter_perf,1,8,65536,2048,float,sum,27.09,2.42,2.12,0,26.38,2.48,2.17,0,RING,SIMPLE,2,RING,SIMPLE,2,0,RING,A_flag_ceiling
reduce_scatter_perf,1,8,131072,4096,float,sum,31.37,4.18,3.66,0,28.91,4.53,3.97,0,RING,SIMPLE,2,RING,SIMPLE,2,0,RING,A_flag_ceiling
reduce_scatter_perf,1,8,262144,8192,float,sum,33.51,7.82,6.85,0,32.71,8.01,7.01,0,RING,SIMPLE,2,RING,SIMPLE,2,0,RING,A_flag_ceiling
reduce_scatter_perf,1,8,524288,16384,float,sum,43.74,11.99,10.49,0,42.97,12.2,10.68,0,RING,SIMPLE,2,RING,SIMPLE,2,0,RING,A_flag_ceiling
reduce_scatter_perf,1,8,1048576,32768,float,sum,64.95,16.14,14.13,0,62.87,16.68,14.59,0,RING,SIMPLE,2,RING,SIMPLE,2,0,RING,A_flag_ceiling
reduce_scatter_perf,1,8,2097152,65536,float,sum,104.44,20.08,17.57,0,101.09,20.75,18.15,0,RING,SIMPLE,2,RING,SIMPLE,2,0,RING,A_flag_ceiling
reduce_scatter_perf,1,8,4194304,131072,float,sum,179.69,23.34,20.42,0,176.88,23.71,20.75,0,RING,SIMPLE,2,RING,SIMPLE,2,0,RING,A_flag_ceiling
reduce_scatter_perf,1,8,8388608,262144,float,sum,337.6,24.85,21.74,0,333.23,25.17,22.03,0,RING,SIMPLE,2,RING,SIMPLE,2,0,RING,A_flag_ceiling
reduce_scatter_perf,1,8,16777216,524288,float,sum,667.49,25.13,21.99,0,656.66,25.55,22.36,0,RING,SIMPLE,2,RING,SIMPLE,2,0,RING,A_flag_ceiling
reduce_scatter_perf,1,8,33554432,1048576,float,sum,1326.2,25.3,22.14,0,1304.08,25.73,22.51,0,RING,SIMPLE,2,RING,SIMPLE,2,0,RING,A_flag_ceiling
reduce_scatter_perf,1,8,67108864,2097152,float,sum,2639.79,25.42,22.24,0,2596.65,25.84,22.61,0,RING,SIMPLE,2,RING,SIMPLE,2,0,RING,A_flag_ceiling
reduce_scatter_perf,1,8,134217728,4194304,float,sum,5263.76,25.5,22.31,0,5203.92,25.79,22.57,0,RING,SIMPLE,2,RING,SIMPLE,2,0,RING,A_flag_ceiling
reduce_scatter_perf,1,8,268435456,8388608,float,sum,10530.0,25.49,22.31,0,10440.5,25.71,22.5,0,RING,SIMPLE,2,RING,SIMPLE,2,0,RING,A_flag_ceiling
reduce_scatter_perf,1,8,536870912,16777216,float,sum,21073.3,25.48,22.29,0,21147.9,25.39,22.21,0,RING,SIMPLE,2,RING,SIMPLE,2,0,RING,A_flag_ceiling
reduce_scatter_perf,1,8,4096,128,float,sum,19.58,0.21,0.18,0,16.46,0.25,0.22,0,RING,LL,2,RING,LL,2,0,RING,A_flag_ceiling
reduce_scatter_perf,1,8,8192,256,float,sum,17.45,0.47,0.41,0,16.61,0.49,0.43,0,RING,LL,2,RING,LL,2,0,RING,A_flag_ceiling
reduce_scatter_perf,1,8,16384,512,float,sum,19.97,0.82,0.72,0,18.6,0.88,0.77,0,RING,LL,2,RING,LL,2,0,RING,A_flag_ceiling
reduce_scatter_perf,1,8,32768,1024,float,sum,19.75,1.66,1.45,0,17.2,1.91,1.67,0,RING,LL,2,RING,LL,2,0,RING,A_flag_ceiling
reduce_scatter_perf,1,8,65536,2048,float,sum,23.16,2.83,2.48,0,22.45,2.92,2.55,0,RING,LL,2,RING,LL,2,0,RING,A_flag_ceiling
reduce_scatter_perf,1,8,131072,4096,float,sum,36.78,3.56,3.12,0,33.85,3.87,3.39,0,RING,LL,2,RING,LL,2,0,RING,A_flag_ceiling
reduce_scatter_perf,1,8,262144,8192,float,sum,56.86,4.61,4.03,0,56.05,4.68,4.09,0,RING,LL,2,RING,LL,2,0,RING,A_flag_ceiling
reduce_scatter_perf,1,8,524288,16384,float,sum,108.29,4.84,4.24,0,106.46,4.92,4.31,0,RING,LL,2,RING,LL,2,0,RING,A_flag_ceiling
reduce_scatter_perf,1,8,1048576,32768,float,sum,209.07,5.02,4.39,0,207.07,5.06,4.43,0,RING,LL,2,RING,LL,2,0,RING,A_flag_ceiling
reduce_scatter_perf,1,8,2097152,65536,float,sum,418.65,5.01,4.38,0,404.37,5.19,4.54,0,RING,LL,2,RING,LL,2,0,RING,A_flag_ceiling
reduce_scatter_perf,1,8,4194304,131072,float,sum,832.58,5.04,4.41,0,803.0,5.22,4.57,0,RING,LL,2,RING,LL,2,0,RING,A_flag_ceiling
reduce_scatter_perf,1,8,8388608,262144,float,sum,1657.78,5.06,4.43,0,1619.36,5.18,4.53,0,RING,LL,2,RING,LL,2,0,RING,A_flag_ceiling
reduce_scatter_perf,1,8,16777216,524288,float,sum,3306.73,5.07,4.44,0,3233.44,5.19,4.54,0,RING,LL,2,RING,LL,2,0,RING,A_flag_ceiling
reduce_scatter_perf,1,8,33554432,1048576,float,sum,6615.26,5.07,4.44,0,6499.81,5.16,4.52,0,RING,LL,2,RING,LL,2,0,RING,A_flag_ceiling
reduce_scatter_perf,1,8,67108864,2097152,float,sum,13191.7,5.09,4.45,0,13009.7,5.16,4.51,0,RING,LL,2,RING,LL,2,0,RING,A_flag_ceiling
reduce_scatter_perf,1,8,134217728,4194304,float,sum,26449.2,5.07,4.44,0,25943.6,5.17,4.53,0,RING,LL,2,RING,LL,2,0,RING,A_flag_ceiling
reduce_scatter_perf,1,8,268435456,8388608,float,sum,53026.9,5.06,4.43,0,51889.8,5.17,4.53,0,RING,LL,2,RING,LL,2,0,RING,A_flag_ceiling
reduce_scatter_perf,1,8,536870912,16777216,float,sum,106210.0,5.05,4.42,0,104321.0,5.15,4.5,0,RING,LL,2,RING,LL,2,0,RING,A_flag_ceiling
reduce_scatter_perf,1,8,4096,128,float,sum,27.31,0.15,0.13,0,25.97,0.16,0.14,0,RING,SIMPLE,4,RING,SIMPLE,4,0,RING,A_flag_ceiling
reduce_scatter_perf,1,8,8192,256,float,sum,26.3,0.31,0.27,0,25.31,0.32,0.28,0,RING,SIMPLE,4,RING,SIMPLE,4,0,RING,A_flag_ceiling
reduce_scatter_perf,1,8,16384,512,float,sum,28.4,0.58,0.5,0,24.94,0.66,0.57,0,RING,SIMPLE,4,RING,SIMPLE,4,0,RING,A_flag_ceiling
reduce_scatter_perf,1,8,32768,1024,float,sum,27.48,1.19,1.04,0,26.29,1.25,1.09,0,RING,SIMPLE,4,RING,SIMPLE,4,0,RING,A_flag_ceiling
reduce_scatter_perf,1,8,65536,2048,float,sum,27.84,2.35,2.06,0,27.03,2.42,2.12,0,RING,SIMPLE,4,RING,SIMPLE,4,0,RING,A_flag_ceiling
reduce_scatter_perf,1,8,131072,4096,float,sum,30.87,4.25,3.72,0,27.82,4.71,4.12,0,RING,SIMPLE,4,RING,SIMPLE,4,0,RING,A_flag_ceiling
reduce_scatter_perf,1,8,262144,8192,float,sum,29.38,8.92,7.81,0,28.46,9.21,8.06,0,RING,SIMPLE,4,RING,SIMPLE,4,0,RING,A_flag_ceiling
reduce_scatter_perf,1,8,524288,16384,float,sum,34.29,15.29,13.38,0,33.71,15.55,13.61,0,RING,SIMPLE,4,RING,SIMPLE,4,0,RING,A_flag_ceiling
reduce_scatter_perf,1,8,1048576,32768,float,sum,45.42,23.09,20.2,0,44.42,23.61,20.66,0,RING,SIMPLE,4,RING,SIMPLE,4,0,RING,A_flag_ceiling
reduce_scatter_perf,1,8,2097152,65536,float,sum,66.88,31.36,27.44,0,66.0,31.77,27.8,0,RING,SIMPLE,4,RING,SIMPLE,4,0,RING,A_flag_ceiling
reduce_scatter_perf,1,8,4194304,131072,float,sum,110.18,38.07,33.31,0,106.54,39.37,34.45,0,RING,SIMPLE,4,RING,SIMPLE,4,0,RING,A_flag_ceiling
reduce_scatter_perf,1,8,8388608,262144,float,sum,190.4,44.06,38.55,0,187.84,44.66,39.08,0,RING,SIMPLE,4,RING,SIMPLE,4,0,RING,A_flag_ceiling
reduce_scatter_perf,1,8,16777216,524288,float,sum,352.94,47.54,41.59,0,349.45,48.01,42.01,0,RING,SIMPLE,4,RING,SIMPLE,4,0,RING,A_flag_ceiling
reduce_scatter_perf,1,8,33554432,1048576,float,sum,698.52,48.04,42.03,0,687.35,48.82,42.72,0,RING,SIMPLE,4,RING,SIMPLE,4,0,RING,A_flag_ceiling
reduce_scatter_perf,1,8,67108864,2097152,float,sum,1381.88,48.56,42.49,0,1359.75,49.35,43.18,0,RING,SIMPLE,4,RING,SIMPLE,4,0,RING,A_flag_ceiling
reduce_scatter_perf,1,8,134217728,4194304,float,sum,2755.64,48.71,42.62,0,2715.46,49.43,43.25,0,RING,SIMPLE,4,RING,SIMPLE,4,0,RING,A_flag_ceiling
reduce_scatter_perf,1,8,268435456,8388608,float,sum,5498.39,48.82,42.72,0,5459.03,49.17,43.03,0,RING,SIMPLE,4,RING,SIMPLE,4,0,RING,A_flag_ceiling
reduce_scatter_perf,1,8,536870912,16777216,float,sum,10990.4,48.85,42.74,0,11040.3,48.63,42.55,0,RING,SIMPLE,4,RING,SIMPLE,4,0,RING,A_flag_ceiling
reduce_scatter_perf,1,8,4096,128,float,sum,18.87,0.22,0.19,0,16.59,0.25,0.22,0,RING,LL,4,RING,LL,4,0,RING,A_flag_ceiling
reduce_scatter_perf,1,8,8192,256,float,sum,17.08,0.48,0.42,0,16.51,0.5,0.43,0,RING,LL,4,RING,LL,4,0,RING,A_flag_ceiling
reduce_scatter_perf,1,8,16384,512,float,sum,20.71,0.79,0.69,0,18.84,0.87,0.76,0,RING,LL,4,RING,LL,4,0,RING,A_flag_ceiling
reduce_scatter_perf,1,8,32768,1024,float,sum,19.02,1.72,1.51,0,17.6,1.86,1.63,0,RING,LL,4,RING,LL,4,0,RING,A_flag_ceiling
reduce_scatter_perf,1,8,65536,2048,float,sum,18.17,3.61,3.16,0,17.43,3.76,3.29,0,RING,LL,4,RING,LL,4,0,RING,A_flag_ceiling
reduce_scatter_perf,1,8,131072,4096,float,sum,26.4,4.96,4.34,0,24.78,5.29,4.63,0,RING,LL,4,RING,LL,4,0,RING,A_flag_ceiling
reduce_scatter_perf,1,8,262144,8192,float,sum,36.46,7.19,6.29,0,35.69,7.34,6.43,0,RING,LL,4,RING,LL,4,0,RING,A_flag_ceiling
reduce_scatter_perf,1,8,524288,16384,float,sum,60.23,8.71,7.62,0,59.15,8.86,7.76,0,RING,LL,4,RING,LL,4,0,RING,A_flag_ceiling
reduce_scatter_perf,1,8,1048576,32768,float,sum,113.56,9.23,8.08,0,111.52,9.4,8.23,0,RING,LL,4,RING,LL,4,0,RING,A_flag_ceiling
reduce_scatter_perf,1,8,2097152,65536,float,sum,220.41,9.51,8.33,0,216.7,9.68,8.47,0,RING,LL,4,RING,LL,4,0,RING,A_flag_ceiling
reduce_scatter_perf,1,8,4194304,131072,float,sum,435.94,9.62,8.42,0,427.66,9.81,8.58,0,RING,LL,4,RING,LL,4,0,RING,A_flag_ceiling
reduce_scatter_perf,1,8,8388608,262144,float,sum,864.68,9.7,8.49,0,856.78,9.79,8.57,0,RING,LL,4,RING,LL,4,0,RING,A_flag_ceiling
reduce_scatter_perf,1,8,16777216,524288,float,sum,1724.83,9.73,8.51,0,1726.15,9.72,8.5,0,RING,LL,4,RING,LL,4,0,RING,A_flag_ceiling
reduce_scatter_perf,1,8,33554432,1048576,float,sum,3463.92,9.69,8.48,0,3498.97,9.59,8.39,0,RING,LL,4,RING,LL,4,0,RING,A_flag_ceiling
reduce_scatter_perf,1,8,67108864,2097152,float,sum,6931.92,9.68,8.47,0,7020.19,9.56,8.36,0,RING,LL,4,RING,LL,4,0,RING,A_flag_ceiling
reduce_scatter_perf,1,8,134217728,4194304,float,sum,13899.3,9.66,8.45,0,13979.5,9.6,8.4,0,RING,LL,4,RING,LL,4,0,RING,A_flag_ceiling
reduce_scatter_perf,1,8,268435456,8388608,float,sum,27845.5,9.64,8.44,0,27903.7,9.62,8.42,0,RING,LL,4,RING,LL,4,0,RING,A_flag_ceiling
reduce_scatter_perf,1,8,536870912,16777216,float,sum,55227.1,9.72,8.51,0,55560.2,9.66,8.46,0,RING,LL,4,RING,LL,4,0,RING,A_flag_ceiling
reduce_scatter_perf,1,8,4096,128,float,sum,26.97,0.15,0.13,0,25.88,0.16,0.14,0,RING,SIMPLE,8,RING,SIMPLE,8,0,RING,A_flag_ceiling
reduce_scatter_perf,1,8,8192,256,float,sum,26.01,0.31,0.28,0,25.23,0.32,0.28,0,RING,SIMPLE,8,RING,SIMPLE,8,0,RING,A_flag_ceiling
reduce_scatter_perf,1,8,16384,512,float,sum,28.33,0.58,0.51,0,25.88,0.63,0.55,0,RING,SIMPLE,8,RING,SIMPLE,8,0,RING,A_flag_ceiling
reduce_scatter_perf,1,8,32768,1024,float,sum,27.06,1.21,1.06,0,26.0,1.26,1.1,0,RING,SIMPLE,8,RING,SIMPLE,8,0,RING,A_flag_ceiling
reduce_scatter_perf,1,8,65536,2048,float,sum,27.95,2.34,2.05,0,27.23,2.41,2.11,0,RING,SIMPLE,8,RING,SIMPLE,8,0,RING,A_flag_ceiling
reduce_scatter_perf,1,8,131072,4096,float,sum,30.22,4.34,3.8,0,28.23,4.64,4.06,0,RING,SIMPLE,8,RING,SIMPLE,8,0,RING,A_flag_ceiling
reduce_scatter_perf,1,8,262144,8192,float,sum,28.71,9.13,7.99,0,28.08,9.34,8.17,0,RING,SIMPLE,8,RING,SIMPLE,8,0,RING,A_flag_ceiling
reduce_scatter_perf,1,8,524288,16384,float,sum,29.78,17.61,15.41,0,28.97,18.1,15.83,0,RING,SIMPLE,8,RING,SIMPLE,8,0,RING,A_flag_ceiling
reduce_scatter_perf,1,8,1048576,32768,float,sum,37.25,28.15,24.63,0,34.19,30.67,26.84,0,RING,SIMPLE,8,RING,SIMPLE,8,0,RING,A_flag_ceiling
reduce_scatter_perf,1,8,2097152,65536,float,sum,46.33,45.27,39.61,0,45.16,46.44,40.63,0,RING,SIMPLE,8,RING,SIMPLE,8,0,RING,A_flag_ceiling
reduce_scatter_perf,1,8,4194304,131072,float,sum,68.73,61.02,53.39,0,67.08,62.52,54.71,0,RING,SIMPLE,8,RING,SIMPLE,8,0,RING,A_flag_ceiling
reduce_scatter_perf,1,8,8388608,262144,float,sum,113.44,73.95,64.7,0,110.55,75.88,66.39,0,RING,SIMPLE,8,RING,SIMPLE,8,0,RING,A_flag_ceiling
reduce_scatter_perf,1,8,16777216,524288,float,sum,195.37,85.87,75.14,0,189.8,88.39,77.34,0,RING,SIMPLE,8,RING,SIMPLE,8,0,RING,A_flag_ceiling
reduce_scatter_perf,1,8,33554432,1048576,float,sum,361.3,92.87,81.26,0,352.65,95.15,83.26,0,RING,SIMPLE,8,RING,SIMPLE,8,0,RING,A_flag_ceiling
reduce_scatter_perf,1,8,67108864,2097152,float,sum,707.28,94.88,83.02,0,691.09,97.11,84.97,0,RING,SIMPLE,8,RING,SIMPLE,8,0,RING,A_flag_ceiling
reduce_scatter_perf,1,8,134217728,4194304,float,sum,1401.6,95.76,83.79,0,1369.2,98.03,85.77,0,RING,SIMPLE,8,RING,SIMPLE,8,0,RING,A_flag_ceiling
reduce_scatter_perf,1,8,268435456,8388608,float,sum,2786.32,96.34,84.3,0,2743.82,97.83,85.6,0,RING,SIMPLE,8,RING,SIMPLE,8,0,RING,A_flag_ceiling
reduce_scatter_perf,1,8,536870912,16777216,float,sum,5564.34,96.48,84.42,0,5550.98,96.72,84.63,0,RING,SIMPLE,8,RING,SIMPLE,8,0,RING,A_flag_ceiling
reduce_scatter_perf,1,8,4096,128,float,sum,18.89,0.22,0.19,0,22.74,0.18,0.16,0,RING,LL,8,RING,LL,8,0,RING,A_flag_ceiling
reduce_scatter_perf,1,8,8192,256,float,sum,17.68,0.46,0.41,0,16.29,0.5,0.44,0,RING,LL,8,RING,LL,8,0,RING,A_flag_ceiling
reduce_scatter_perf,1,8,16384,512,float,sum,20.76,0.79,0.69,0,18.82,0.87,0.76,0,RING,LL,8,RING,LL,8,0,RING,A_flag_ceiling
reduce_scatter_perf,1,8,32768,1024,float,sum,18.6,1.76,1.54,0,17.52,1.87,1.64,0,RING,LL,8,RING,LL,8,0,RING,A_flag_ceiling
reduce_scatter_perf,1,8,65536,2048,float,sum,17.81,3.68,3.22,0,17.14,3.82,3.35,0,RING,LL,8,RING,LL,8,0,RING,A_flag_ceiling
reduce_scatter_perf,1,8,131072,4096,float,sum,19.56,6.7,5.86,0,19.87,6.6,5.77,0,RING,LL,8,RING,LL,8,0,RING,A_flag_ceiling
reduce_scatter_perf,1,8,262144,8192,float,sum,24.84,10.55,9.23,0,24.45,10.72,9.38,0,RING,LL,8,RING,LL,8,0,RING,A_flag_ceiling
reduce_scatter_perf,1,8,524288,16384,float,sum,36.96,14.18,12.41,0,36.06,14.54,12.72,0,RING,LL,8,RING,LL,8,0,RING,A_flag_ceiling
reduce_scatter_perf,1,8,1048576,32768,float,sum,61.03,17.18,15.03,0,59.92,17.5,15.31,0,RING,LL,8,RING,LL,8,0,RING,A_flag_ceiling
reduce_scatter_perf,1,8,2097152,65536,float,sum,114.57,18.3,16.02,0,112.21,18.69,16.35,0,RING,LL,8,RING,LL,8,0,RING,A_flag_ceiling
reduce_scatter_perf,1,8,4194304,131072,float,sum,222.41,18.86,16.5,0,218.07,19.23,16.83,0,RING,LL,8,RING,LL,8,0,RING,A_flag_ceiling
reduce_scatter_perf,1,8,8388608,262144,float,sum,439.33,19.09,16.71,0,435.15,19.28,16.87,0,RING,LL,8,RING,LL,8,0,RING,A_flag_ceiling
reduce_scatter_perf,1,8,16777216,524288,float,sum,869.61,19.29,16.88,0,865.76,19.38,16.96,0,RING,LL,8,RING,LL,8,0,RING,A_flag_ceiling
reduce_scatter_perf,1,8,33554432,1048576,float,sum,1742.56,19.26,16.85,0,1739.38,19.29,16.88,0,RING,LL,8,RING,LL,8,0,RING,A_flag_ceiling
reduce_scatter_perf,1,8,67108864,2097152,float,sum,3483.59,19.26,16.86,0,3495.03,19.2,16.8,0,RING,LL,8,RING,LL,8,0,RING,A_flag_ceiling
reduce_scatter_perf,1,8,134217728,4194304,float,sum,7020.61,19.12,16.73,0,6983.47,19.22,16.82,0,RING,LL,8,RING,LL,8,0,RING,A_flag_ceiling
reduce_scatter_perf,1,8,268435456,8388608,float,sum,14047.7,19.11,16.72,0,13879.9,19.34,16.92,0,RING,LL,8,RING,LL,8,0,RING,A_flag_ceiling
reduce_scatter_perf,1,8,536870912,16777216,float,sum,28132.5,19.08,16.7,0,27738.8,19.35,16.94,0,RING,LL,8,RING,LL,8,0,RING,A_flag_ceiling
reduce_scatter_perf,1,8,4096,128,float,sum,26.93,0.15,0.13,0,26.32,0.16,0.14,0,RING,SIMPLE,16,RING,SIMPLE,16,0,RING,A_flag_ceiling
reduce_scatter_perf,1,8,8192,256,float,sum,26.19,0.31,0.27,0,25.27,0.32,0.28,0,RING,SIMPLE,16,RING,SIMPLE,16,0,RING,A_flag_ceiling
reduce_scatter_perf,1,8,16384,512,float,sum,26.07,0.63,0.55,0,25.04,0.65,0.57,0,RING,SIMPLE,16,RING,SIMPLE,16,0,RING,A_flag_ceiling
reduce_scatter_perf,1,8,32768,1024,float,sum,27.03,1.21,1.06,0,26.21,1.25,1.09,0,RING,SIMPLE,16,RING,SIMPLE,16,0,RING,A_flag_ceiling
reduce_scatter_perf,1,8,65536,2048,float,sum,27.96,2.34,2.05,0,27.06,2.42,2.12,0,RING,SIMPLE,16,RING,SIMPLE,16,0,RING,A_flag_ceiling
reduce_scatter_perf,1,8,131072,4096,float,sum,28.83,4.55,3.98,0,27.88,4.7,4.11,0,RING,SIMPLE,16,RING,SIMPLE,16,0,RING,A_flag_ceiling
reduce_scatter_perf,1,8,262144,8192,float,sum,27.75,9.45,8.26,0,27.24,9.62,8.42,0,RING,SIMPLE,16,RING,SIMPLE,16,0,RING,A_flag_ceiling
reduce_scatter_perf,1,8,524288,16384,float,sum,29.41,17.82,15.6,0,28.35,18.49,16.18,0,RING,SIMPLE,16,RING,SIMPLE,16,0,RING,A_flag_ceiling
reduce_scatter_perf,1,8,1048576,32768,float,sum,32.8,31.97,27.97,0,29.96,35.0,30.62,0,RING,SIMPLE,16,RING,SIMPLE,16,0,RING,A_flag_ceiling
reduce_scatter_perf,1,8,2097152,65536,float,sum,35.7,58.74,51.4,0,35.08,59.78,52.31,0,RING,SIMPLE,16,RING,SIMPLE,16,0,RING,A_flag_ceiling
reduce_scatter_perf,1,8,4194304,131072,float,sum,47.09,89.07,77.94,0,45.77,91.65,80.19,0,RING,SIMPLE,16,RING,SIMPLE,16,0,RING,A_flag_ceiling
reduce_scatter_perf,1,8,8388608,262144,float,sum,71.31,117.64,102.94,0,68.5,122.46,107.15,0,RING,SIMPLE,16,RING,SIMPLE,16,0,RING,A_flag_ceiling
reduce_scatter_perf,1,8,16777216,524288,float,sum,115.26,145.56,127.37,0,110.33,152.07,133.06,0,RING,SIMPLE,16,RING,SIMPLE,16,0,RING,A_flag_ceiling
reduce_scatter_perf,1,8,33554432,1048576,float,sum,197.83,169.61,148.41,0,191.52,175.2,153.3,0,RING,SIMPLE,16,RING,SIMPLE,16,0,RING,A_flag_ceiling
reduce_scatter_perf,1,8,67108864,2097152,float,sum,366.52,183.1,160.21,0,357.27,187.84,164.36,0,RING,SIMPLE,16,RING,SIMPLE,16,0,RING,A_flag_ceiling
reduce_scatter_perf,1,8,134217728,4194304,float,sum,719.01,186.67,163.34,0,703.46,190.8,166.95,0,RING,SIMPLE,16,RING,SIMPLE,16,0,RING,A_flag_ceiling
reduce_scatter_perf,1,8,268435456,8388608,float,sum,1425.22,188.35,164.8,0,1406.75,190.82,166.97,0,RING,SIMPLE,16,RING,SIMPLE,16,0,RING,A_flag_ceiling
reduce_scatter_perf,1,8,536870912,16777216,float,sum,2847.13,188.57,164.99,0,2823.32,190.16,166.39,0,RING,SIMPLE,16,RING,SIMPLE,16,0,RING,A_flag_ceiling
reduce_scatter_perf,1,8,4096,128,float,sum,20.2,0.2,0.18,0,18.05,0.23,0.2,0,RING,LL,16,RING,LL,16,0,RING,A_flag_ceiling
reduce_scatter_perf,1,8,8192,256,float,sum,17.94,0.46,0.4,0,16.25,0.5,0.44,0,RING,LL,16,RING,LL,16,0,RING,A_flag_ceiling
reduce_scatter_perf,1,8,16384,512,float,sum,21.48,0.76,0.67,0,19.9,0.82,0.72,0,RING,LL,16,RING,LL,16,0,RING,A_flag_ceiling
reduce_scatter_perf,1,8,32768,1024,float,sum,18.79,1.74,1.53,0,18.39,1.78,1.56,0,RING,LL,16,RING,LL,16,0,RING,A_flag_ceiling
reduce_scatter_perf,1,8,65536,2048,float,sum,17.0,3.85,3.37,0,16.5,3.97,3.47,0,RING,LL,16,RING,LL,16,0,RING,A_flag_ceiling
reduce_scatter_perf,1,8,131072,4096,float,sum,22.56,5.81,5.08,0,20.73,6.32,5.53,0,RING,LL,16,RING,LL,16,0,RING,A_flag_ceiling
reduce_scatter_perf,1,8,262144,8192,float,sum,21.55,12.17,10.64,0,19.55,13.41,11.73,0,RING,LL,16,RING,LL,16,0,RING,A_flag_ceiling
reduce_scatter_perf,1,8,524288,16384,float,sum,24.95,21.01,18.39,0,24.39,21.5,18.81,0,RING,LL,16,RING,LL,16,0,RING,A_flag_ceiling
reduce_scatter_perf,1,8,1048576,32768,float,sum,39.25,26.71,23.37,0,36.72,28.56,24.99,0,RING,LL,16,RING,LL,16,0,RING,A_flag_ceiling
reduce_scatter_perf,1,8,2097152,65536,float,sum,61.33,34.19,29.92,0,60.04,34.93,30.56,0,RING,LL,16,RING,LL,16,0,RING,A_flag_ceiling
reduce_scatter_perf,1,8,4194304,131072,float,sum,115.01,36.47,31.91,0,113.92,36.82,32.22,0,RING,LL,16,RING,LL,16,0,RING,A_flag_ceiling
reduce_scatter_perf,1,8,8388608,262144,float,sum,223.88,37.47,32.79,0,223.74,37.49,32.81,0,RING,LL,16,RING,LL,16,0,RING,A_flag_ceiling
reduce_scatter_perf,1,8,16777216,524288,float,sum,440.45,38.09,33.33,0,442.03,37.95,33.21,0,RING,LL,16,RING,LL,16,0,RING,A_flag_ceiling
reduce_scatter_perf,1,8,33554432,1048576,float,sum,876.7,38.27,33.49,0,893.73,37.54,32.85,0,RING,LL,16,RING,LL,16,0,RING,A_flag_ceiling
reduce_scatter_perf,1,8,67108864,2097152,float,sum,1756.62,38.2,33.43,0,1794.43,37.4,32.72,0,RING,LL,16,RING,LL,16,0,RING,A_flag_ceiling
reduce_scatter_perf,1,8,134217728,4194304,float,sum,3549.92,37.81,33.08,0,3609.14,37.19,32.54,0,RING,LL,16,RING,LL,16,0,RING,A_flag_ceiling
reduce_scatter_perf,1,8,268435456,8388608,float,sum,7144.47,37.57,32.88,0,7254.28,37.0,32.38,0,RING,LL,16,RING,LL,16,0,RING,A_flag_ceiling
reduce_scatter_perf,1,8,536870912,16777216,float,sum,14432.8,37.2,32.55,0,14499.9,37.03,32.4,0,RING,LL,16,RING,LL,16,0,RING,A_flag_ceiling
reduce_scatter_perf,1,8,4096,128,float,sum,27.37,0.15,0.13,0,26.08,0.16,0.14,0,RING,SIMPLE,24,RING,SIMPLE,24,0,RING,A_flag_ceiling
reduce_scatter_perf,1,8,8192,256,float,sum,26.43,0.31,0.27,0,25.51,0.32,0.28,0,RING,SIMPLE,24,RING,SIMPLE,24,0,RING,A_flag_ceiling
reduce_scatter_perf,1,8,16384,512,float,sum,28.19,0.58,0.51,0,26.39,0.62,0.54,0,RING,SIMPLE,24,RING,SIMPLE,24,0,RING,A_flag_ceiling
reduce_scatter_perf,1,8,32768,1024,float,sum,27.32,1.2,1.05,0,26.43,1.24,1.09,0,RING,SIMPLE,24,RING,SIMPLE,24,0,RING,A_flag_ceiling
reduce_scatter_perf,1,8,65536,2048,float,sum,28.02,2.34,2.05,0,27.19,2.41,2.11,0,RING,SIMPLE,24,RING,SIMPLE,24,0,RING,A_flag_ceiling
reduce_scatter_perf,1,8,131072,4096,float,sum,31.0,4.23,3.7,0,28.13,4.66,4.08,0,RING,SIMPLE,24,RING,SIMPLE,24,0,RING,A_flag_ceiling
reduce_scatter_perf,1,8,262144,8192,float,sum,27.91,9.39,8.22,0,27.5,9.53,8.34,0,RING,SIMPLE,24,RING,SIMPLE,24,0,RING,A_flag_ceiling
reduce_scatter_perf,1,8,524288,16384,float,sum,29.4,17.83,15.6,0,28.69,18.27,15.99,0,RING,SIMPLE,24,RING,SIMPLE,24,0,RING,A_flag_ceiling
reduce_scatter_perf,1,8,1048576,32768,float,sum,32.95,31.82,27.85,0,29.76,35.23,30.83,0,RING,SIMPLE,24,RING,SIMPLE,24,0,RING,A_flag_ceiling
reduce_scatter_perf,1,8,2097152,65536,float,sum,36.03,58.21,50.94,0,35.13,59.7,52.24,0,RING,SIMPLE,24,RING,SIMPLE,24,0,RING,A_flag_ceiling
reduce_scatter_perf,1,8,4194304,131072,float,sum,43.3,96.87,84.76,0,42.33,99.08,86.7,0,RING,SIMPLE,24,RING,SIMPLE,24,0,RING,A_flag_ceiling
reduce_scatter_perf,1,8,8388608,262144,float,sum,61.36,136.72,119.63,0,58.95,142.3,124.52,0,RING,SIMPLE,24,RING,SIMPLE,24,0,RING,A_flag_ceiling
reduce_scatter_perf,1,8,16777216,524288,float,sum,90.05,186.32,163.03,0,86.68,193.55,169.36,0,RING,SIMPLE,24,RING,SIMPLE,24,0,RING,A_flag_ceiling
reduce_scatter_perf,1,8,33554432,1048576,float,sum,150.43,223.06,195.18,0,144.98,231.44,202.51,0,RING,SIMPLE,24,RING,SIMPLE,24,0,RING,A_flag_ceiling
reduce_scatter_perf,1,8,67108864,2097152,float,sum,269.16,249.33,218.16,0,259.87,258.24,225.96,0,RING,SIMPLE,24,RING,SIMPLE,24,0,RING,A_flag_ceiling
reduce_scatter_perf,1,8,134217728,4194304,float,sum,521.14,257.55,225.36,0,507.76,264.33,231.29,0,RING,SIMPLE,24,RING,SIMPLE,24,0,RING,A_flag_ceiling
reduce_scatter_perf,1,8,268435456,8388608,float,sum,1006.39,266.73,233.39,0,989.38,271.32,237.4,0,RING,SIMPLE,24,RING,SIMPLE,24,0,RING,A_flag_ceiling
reduce_scatter_perf,1,8,536870912,16777216,float,sum,1993.76,269.28,235.62,0,1976.38,271.64,237.69,0,RING,SIMPLE,24,RING,SIMPLE,24,0,RING,A_flag_ceiling
reduce_scatter_perf,1,8,4096,128,float,sum,19.67,0.21,0.18,0,16.37,0.25,0.22,0,RING,LL,24,RING,LL,24,0,RING,A_flag_ceiling
reduce_scatter_perf,1,8,8192,256,float,sum,17.83,0.46,0.4,0,16.55,0.49,0.43,0,RING,LL,24,RING,LL,24,0,RING,A_flag_ceiling
reduce_scatter_perf,1,8,16384,512,float,sum,21.14,0.78,0.68,0,17.25,0.95,0.83,0,RING,LL,24,RING,LL,24,0,RING,A_flag_ceiling
reduce_scatter_perf,1,8,32768,1024,float,sum,19.6,1.67,1.46,0,18.56,1.77,1.54,0,RING,LL,24,RING,LL,24,0,RING,A_flag_ceiling
reduce_scatter_perf,1,8,65536,2048,float,sum,16.97,3.86,3.38,0,16.49,3.97,3.48,0,RING,LL,24,RING,LL,24,0,RING,A_flag_ceiling
reduce_scatter_perf,1,8,131072,4096,float,sum,21.81,6.01,5.26,0,19.82,6.61,5.79,0,RING,LL,24,RING,LL,24,0,RING,A_flag_ceiling
reduce_scatter_perf,1,8,262144,8192,float,sum,20.57,12.74,11.15,0,18.0,14.56,12.74,0,RING,LL,24,RING,LL,24,0,RING,A_flag_ceiling
reduce_scatter_perf,1,8,524288,16384,float,sum,24.64,21.28,18.62,0,23.97,21.87,19.14,0,RING,LL,24,RING,LL,24,0,RING,A_flag_ceiling
reduce_scatter_perf,1,8,1048576,32768,float,sum,34.03,30.81,26.96,0,31.57,33.21,29.06,0,RING,LL,24,RING,LL,24,0,RING,A_flag_ceiling
reduce_scatter_perf,1,8,2097152,65536,float,sum,49.22,42.61,37.29,0,48.28,43.44,38.01,0,RING,LL,24,RING,LL,24,0,RING,A_flag_ceiling
reduce_scatter_perf,1,8,4194304,131072,float,sum,85.69,48.95,42.83,0,84.25,49.78,43.56,0,RING,LL,24,RING,LL,24,0,RING,A_flag_ceiling
reduce_scatter_perf,1,8,8388608,262144,float,sum,159.1,52.72,46.13,0,158.6,52.89,46.28,0,RING,LL,24,RING,LL,24,0,RING,A_flag_ceiling
reduce_scatter_perf,1,8,16777216,524288,float,sum,306.46,54.74,47.9,0,309.81,54.15,47.38,0,RING,LL,24,RING,LL,24,0,RING,A_flag_ceiling
reduce_scatter_perf,1,8,33554432,1048576,float,sum,601.44,55.79,48.82,0,611.66,54.86,48.0,0,RING,LL,24,RING,LL,24,0,RING,A_flag_ceiling
reduce_scatter_perf,1,8,67108864,2097152,float,sum,1188.83,56.45,49.39,0,1223.31,54.86,48.0,0,RING,LL,24,RING,LL,24,0,RING,A_flag_ceiling
reduce_scatter_perf,1,8,134217728,4194304,float,sum,2386.31,56.24,49.21,0,2451.12,54.76,47.91,0,RING,LL,24,RING,LL,24,0,RING,A_flag_ceiling
reduce_scatter_perf,1,8,268435456,8388608,float,sum,4851.57,55.33,48.41,0,4914.23,54.62,47.8,0,RING,LL,24,RING,LL,24,0,RING,A_flag_ceiling
reduce_scatter_perf,1,8,536870912,16777216,float,sum,9703.18,55.33,48.41,0,9797.42,54.8,47.95,0,RING,LL,24,RING,LL,24,0,RING,A_flag_ceiling
reduce_scatter_perf,1,8,4096,128,float,sum,27.22,0.15,0.13,0,26.77,0.15,0.13,0,RING,SIMPLE,32,RING,SIMPLE,32,0,RING,A_flag_ceiling
reduce_scatter_perf,1,8,8192,256,float,sum,26.59,0.31,0.27,0,25.88,0.32,0.28,0,RING,SIMPLE,32,RING,SIMPLE,32,0,RING,A_flag_ceiling
reduce_scatter_perf,1,8,16384,512,float,sum,27.16,0.6,0.53,0,26.89,0.61,0.53,0,RING,SIMPLE,32,RING,SIMPLE,32,0,RING,A_flag_ceiling
reduce_scatter_perf,1,8,32768,1024,float,sum,27.43,1.19,1.05,0,26.31,1.25,1.09,0,RING,SIMPLE,32,RING,SIMPLE,32,0,RING,A_flag_ceiling
reduce_scatter_perf,1,8,65536,2048,float,sum,27.99,2.34,2.05,0,27.29,2.4,2.1,0,RING,SIMPLE,32,RING,SIMPLE,32,0,RING,A_flag_ceiling
reduce_scatter_perf,1,8,131072,4096,float,sum,31.5,4.16,3.64,0,28.15,4.66,4.07,0,RING,SIMPLE,32,RING,SIMPLE,32,0,RING,A_flag_ceiling
reduce_scatter_perf,1,8,262144,8192,float,sum,27.94,9.38,8.21,0,27.56,9.51,8.32,0,RING,SIMPLE,32,RING,SIMPLE,32,0,RING,A_flag_ceiling
reduce_scatter_perf,1,8,524288,16384,float,sum,28.66,18.29,16.0,0,28.22,18.58,16.26,0,RING,SIMPLE,32,RING,SIMPLE,32,0,RING,A_flag_ceiling
reduce_scatter_perf,1,8,1048576,32768,float,sum,32.38,32.38,28.33,0,29.64,35.38,30.96,0,RING,SIMPLE,32,RING,SIMPLE,32,0,RING,A_flag_ceiling
reduce_scatter_perf,1,8,2097152,65536,float,sum,31.84,65.86,57.63,0,30.93,67.81,59.34,0,RING,SIMPLE,32,RING,SIMPLE,32,0,RING,A_flag_ceiling
reduce_scatter_perf,1,8,4194304,131072,float,sum,38.96,107.65,94.2,0,38.05,110.24,96.46,0,RING,SIMPLE,32,RING,SIMPLE,32,0,RING,A_flag_ceiling
reduce_scatter_perf,1,8,8388608,262144,float,sum,53.77,156.01,136.51,0,51.41,163.16,142.77,0,RING,SIMPLE,32,RING,SIMPLE,32,0,RING,A_flag_ceiling
reduce_scatter_perf,1,8,16777216,524288,float,sum,79.22,211.79,185.32,0,75.67,221.72,194.0,0,RING,SIMPLE,32,RING,SIMPLE,32,0,RING,A_flag_ceiling
reduce_scatter_perf,1,8,33554432,1048576,float,sum,129.78,258.54,226.22,0,124.41,269.7,235.99,0,RING,SIMPLE,32,RING,SIMPLE,32,0,RING,A_flag_ceiling
reduce_scatter_perf,1,8,67108864,2097152,float,sum,232.23,288.98,252.86,0,222.27,301.93,264.19,0,RING,SIMPLE,32,RING,SIMPLE,32,0,RING,A_flag_ceiling
reduce_scatter_perf,1,8,134217728,4194304,float,sum,439.59,305.33,267.16,0,421.29,318.58,278.76,0,RING,SIMPLE,32,RING,SIMPLE,32,0,RING,A_flag_ceiling
reduce_scatter_perf,1,8,268435456,8388608,float,sum,852.94,314.72,275.38,0,828.54,323.99,283.49,0,RING,SIMPLE,32,RING,SIMPLE,32,0,RING,A_flag_ceiling
reduce_scatter_perf,1,8,536870912,16777216,float,sum,1683.13,318.97,279.1,0,1676.93,320.15,280.13,0,RING,SIMPLE,32,RING,SIMPLE,32,0,RING,A_flag_ceiling
reduce_scatter_perf,1,8,4096,128,float,sum,19.01,0.22,0.19,0,16.95,0.24,0.21,0,RING,LL,32,RING,LL,32,0,RING,A_flag_ceiling
reduce_scatter_perf,1,8,8192,256,float,sum,17.01,0.48,0.42,0,16.29,0.5,0.44,0,RING,LL,32,RING,LL,32,0,RING,A_flag_ceiling
reduce_scatter_perf,1,8,16384,512,float,sum,20.31,0.81,0.71,0,19.34,0.85,0.74,0,RING,LL,32,RING,LL,32,0,RING,A_flag_ceiling
reduce_scatter_perf,1,8,32768,1024,float,sum,19.18,1.71,1.49,0,17.42,1.88,1.65,0,RING,LL,32,RING,LL,32,0,RING,A_flag_ceiling
reduce_scatter_perf,1,8,65536,2048,float,sum,17.72,3.7,3.24,0,16.66,3.93,3.44,0,RING,LL,32,RING,LL,32,0,RING,A_flag_ceiling
reduce_scatter_perf,1,8,131072,4096,float,sum,19.52,6.71,5.88,0,19.11,6.86,6.0,0,RING,LL,32,RING,LL,32,0,RING,A_flag_ceiling
reduce_scatter_perf,1,8,262144,8192,float,sum,19.89,13.18,11.53,0,18.11,14.47,12.66,0,RING,LL,32,RING,LL,32,0,RING,A_flag_ceiling
reduce_scatter_perf,1,8,524288,16384,float,sum,19.1,27.46,24.02,0,18.54,28.28,24.74,0,RING,LL,32,RING,LL,32,0,RING,A_flag_ceiling
reduce_scatter_perf,1,8,1048576,32768,float,sum,27.57,38.03,33.28,0,25.83,40.59,35.52,0,RING,LL,32,RING,LL,32,0,RING,A_flag_ceiling
reduce_scatter_perf,1,8,2097152,65536,float,sum,38.06,55.1,48.21,0,37.15,56.45,49.4,0,RING,LL,32,RING,LL,32,0,RING,A_flag_ceiling
reduce_scatter_perf,1,8,4194304,131072,float,sum,62.17,67.46,59.03,0,61.37,68.35,59.8,0,RING,LL,32,RING,LL,32,0,RING,A_flag_ceiling
reduce_scatter_perf,1,8,8388608,262144,float,sum,117.88,71.16,62.27,0,117.78,71.22,62.32,0,RING,LL,32,RING,LL,32,0,RING,A_flag_ceiling
reduce_scatter_perf,1,8,16777216,524288,float,sum,227.76,73.66,64.45,0,231.45,72.49,63.43,0,RING,LL,32,RING,LL,32,0,RING,A_flag_ceiling
reduce_scatter_perf,1,8,33554432,1048576,float,sum,451.95,74.24,64.96,0,459.13,73.08,63.95,0,RING,LL,32,RING,LL,32,0,RING,A_flag_ceiling
reduce_scatter_perf,1,8,67108864,2097152,float,sum,905.28,74.13,64.86,0,916.42,73.23,64.08,0,RING,LL,32,RING,LL,32,0,RING,A_flag_ceiling
reduce_scatter_perf,1,8,134217728,4194304,float,sum,1801.14,74.52,65.2,0,1834.65,73.16,64.01,0,RING,LL,32,RING,LL,32,0,RING,A_flag_ceiling
reduce_scatter_perf,1,8,268435456,8388608,float,sum,3630.66,73.94,64.69,0,3687.21,72.8,63.7,0,RING,LL,32,RING,LL,32,0,RING,A_flag_ceiling
reduce_scatter_perf,1,8,536870912,16777216,float,sum,7323.45,73.31,64.14,0,7351.17,73.03,63.9,0,RING,LL,32,RING,LL,32,0,RING,A_flag_ceiling
reduce_scatter_perf,1,8,4096,128,float,sum,27.29,0.15,0.13,0,26.28,0.16,0.14,0,RING,SIMPLE,40,RING,SIMPLE,40,0,RING,A_flag_ceiling
reduce_scatter_perf,1,8,8192,256,float,sum,26.59,0.31,0.27,0,25.85,0.32,0.28,0,RING,SIMPLE,40,RING,SIMPLE,40,0,RING,A_flag_ceiling
reduce_scatter_perf,1,8,16384,512,float,sum,27.69,0.59,0.52,0,25.51,0.64,0.56,0,RING,SIMPLE,40,RING,SIMPLE,40,0,RING,A_flag_ceiling
reduce_scatter_perf,1,8,32768,1024,float,sum,27.13,1.21,1.06,0,26.3,1.25,1.09,0,RING,SIMPLE,40,RING,SIMPLE,40,0,RING,A_flag_ceiling
reduce_scatter_perf,1,8,65536,2048,float,sum,28.3,2.32,2.03,0,27.41,2.39,2.09,0,RING,SIMPLE,40,RING,SIMPLE,40,0,RING,A_flag_ceiling
reduce_scatter_perf,1,8,131072,4096,float,sum,30.81,4.25,3.72,0,28.49,4.6,4.03,0,RING,SIMPLE,40,RING,SIMPLE,40,0,RING,A_flag_ceiling
reduce_scatter_perf,1,8,262144,8192,float,sum,28.1,9.33,8.16,0,27.66,9.48,8.29,0,RING,SIMPLE,40,RING,SIMPLE,40,0,RING,A_flag_ceiling
reduce_scatter_perf,1,8,524288,16384,float,sum,28.55,18.37,16.07,0,28.46,18.42,16.12,0,RING,SIMPLE,40,RING,SIMPLE,40,0,RING,A_flag_ceiling
reduce_scatter_perf,1,8,1048576,32768,float,sum,33.16,31.63,27.67,0,29.63,35.39,30.97,0,RING,SIMPLE,40,RING,SIMPLE,40,0,RING,A_flag_ceiling
reduce_scatter_perf,1,8,2097152,65536,float,sum,31.89,65.76,57.54,0,31.02,67.6,59.15,0,RING,SIMPLE,40,RING,SIMPLE,40,0,RING,A_flag_ceiling
reduce_scatter_perf,1,8,4194304,131072,float,sum,40.11,104.56,91.49,0,39.12,107.21,93.81,0,RING,SIMPLE,40,RING,SIMPLE,40,0,RING,A_flag_ceiling
reduce_scatter_perf,1,8,8388608,262144,float,sum,52.71,159.16,139.26,0,50.95,164.63,144.05,0,RING,SIMPLE,40,RING,SIMPLE,40,0,RING,A_flag_ceiling
reduce_scatter_perf,1,8,16777216,524288,float,sum,74.08,226.47,198.16,0,71.11,235.93,206.44,0,RING,SIMPLE,40,RING,SIMPLE,40,0,RING,A_flag_ceiling
reduce_scatter_perf,1,8,33554432,1048576,float,sum,115.54,290.4,254.1,0,110.4,303.92,265.93,0,RING,SIMPLE,40,RING,SIMPLE,40,0,RING,A_flag_ceiling
reduce_scatter_perf,1,8,67108864,2097152,float,sum,200.01,335.54,293.59,0,192.35,348.89,305.27,0,RING,SIMPLE,40,RING,SIMPLE,40,0,RING,A_flag_ceiling
reduce_scatter_perf,1,8,134217728,4194304,float,sum,371.22,361.56,316.36,0,358.14,374.76,327.91,0,RING,SIMPLE,40,RING,SIMPLE,40,0,RING,A_flag_ceiling
reduce_scatter_perf,1,8,268435456,8388608,float,sum,713.96,375.98,328.98,0,694.62,386.45,338.14,0,RING,SIMPLE,40,RING,SIMPLE,40,0,RING,A_flag_ceiling
reduce_scatter_perf,1,8,536870912,16777216,float,sum,1403.76,382.45,334.65,0,1399.58,383.59,335.65,0,RING,SIMPLE,40,RING,SIMPLE,40,0,RING,A_flag_ceiling
reduce_scatter_perf,1,8,4096,128,float,sum,19.13,0.21,0.19,0,16.51,0.25,0.22,0,RING,LL,40,RING,LL,40,0,RING,A_flag_ceiling
reduce_scatter_perf,1,8,8192,256,float,sum,17.16,0.48,0.42,0,16.37,0.5,0.44,0,RING,LL,40,RING,LL,40,0,RING,A_flag_ceiling
reduce_scatter_perf,1,8,16384,512,float,sum,20.49,0.8,0.7,0,19.52,0.84,0.73,0,RING,LL,40,RING,LL,40,0,RING,A_flag_ceiling
reduce_scatter_perf,1,8,32768,1024,float,sum,17.99,1.82,1.59,0,16.91,1.94,1.7,0,RING,LL,40,RING,LL,40,0,RING,A_flag_ceiling
reduce_scatter_perf,1,8,65536,2048,float,sum,16.93,3.87,3.39,0,16.35,4.01,3.51,0,RING,LL,40,RING,LL,40,0,RING,A_flag_ceiling
reduce_scatter_perf,1,8,131072,4096,float,sum,18.35,7.14,6.25,0,19.16,6.84,5.99,0,RING,LL,40,RING,LL,40,0,RING,A_flag_ceiling
reduce_scatter_perf,1,8,262144,8192,float,sum,19.78,13.25,11.6,0,17.72,14.79,12.94,0,RING,LL,40,RING,LL,40,0,RING,A_flag_ceiling
reduce_scatter_perf,1,8,524288,16384,float,sum,19.13,27.4,23.98,0,18.44,28.43,24.88,0,RING,LL,40,RING,LL,40,0,RING,A_flag_ceiling
reduce_scatter_perf,1,8,1048576,32768,float,sum,28.05,37.39,32.71,0,24.75,42.37,37.08,0,RING,LL,40,RING,LL,40,0,RING,A_flag_ceiling
reduce_scatter_perf,1,8,2097152,65536,float,sum,37.67,55.67,48.72,0,36.76,57.05,49.92,0,RING,LL,40,RING,LL,40,0,RING,A_flag_ceiling
reduce_scatter_perf,1,8,4194304,131072,float,sum,56.15,74.69,65.36,0,55.26,75.91,66.42,0,RING,LL,40,RING,LL,40,0,RING,A_flag_ceiling
reduce_scatter_perf,1,8,8388608,262144,float,sum,99.75,84.1,73.59,0,99.89,83.98,73.48,0,RING,LL,40,RING,LL,40,0,RING,A_flag_ceiling
reduce_scatter_perf,1,8,16777216,524288,float,sum,192.65,87.09,76.2,0,194.08,86.45,75.64,0,RING,LL,40,RING,LL,40,0,RING,A_flag_ceiling
reduce_scatter_perf,1,8,33554432,1048576,float,sum,373.02,89.95,78.71,0,380.7,88.14,77.12,0,RING,LL,40,RING,LL,40,0,RING,A_flag_ceiling
reduce_scatter_perf,1,8,67108864,2097152,float,sum,732.33,91.64,80.18,0,747.24,89.81,78.58,0,RING,LL,40,RING,LL,40,0,RING,A_flag_ceiling
reduce_scatter_perf,1,8,134217728,4194304,float,sum,1446.25,92.8,81.2,0,1483.88,90.45,79.14,0,RING,LL,40,RING,LL,40,0,RING,A_flag_ceiling
reduce_scatter_perf,1,8,268435456,8388608,float,sum,2935.57,91.44,80.01,0,2999.06,89.51,78.32,0,RING,LL,40,RING,LL,40,0,RING,A_flag_ceiling
reduce_scatter_perf,1,8,536870912,16777216,float,sum,5902.9,90.95,79.58,0,5927.88,90.57,79.25,0,RING,LL,40,RING,LL,40,0,RING,A_flag_ceiling
reduce_scatter_perf,1,8,4096,128,float,sum,27.08,0.15,0.13,0,26.32,0.16,0.14,0,RING,SIMPLE,48,RING,SIMPLE,48,0,RING,A_flag_ceiling
reduce_scatter_perf,1,8,8192,256,float,sum,26.28,0.31,0.27,0,25.73,0.32,0.28,0,RING,SIMPLE,48,RING,SIMPLE,48,0,RING,A_flag_ceiling
reduce_scatter_perf,1,8,16384,512,float,sum,28.87,0.57,0.5,0,26.19,0.63,0.55,0,RING,SIMPLE,48,RING,SIMPLE,48,0,RING,A_flag_ceiling
reduce_scatter_perf,1,8,32768,1024,float,sum,27.02,1.21,1.06,0,26.04,1.26,1.1,0,RING,SIMPLE,48,RING,SIMPLE,48,0,RING,A_flag_ceiling
reduce_scatter_perf,1,8,65536,2048,float,sum,28.04,2.34,2.05,0,26.89,2.44,2.13,0,RING,SIMPLE,48,RING,SIMPLE,48,0,RING,A_flag_ceiling
reduce_scatter_perf,1,8,131072,4096,float,sum,30.84,4.25,3.72,0,28.82,4.55,3.98,0,RING,SIMPLE,48,RING,SIMPLE,48,0,RING,A_flag_ceiling
reduce_scatter_perf,1,8,262144,8192,float,sum,27.85,9.41,8.24,0,27.14,9.66,8.45,0,RING,SIMPLE,48,RING,SIMPLE,48,0,RING,A_flag_ceiling
reduce_scatter_perf,1,8,524288,16384,float,sum,28.56,18.36,16.07,0,27.94,18.76,16.42,0,RING,SIMPLE,48,RING,SIMPLE,48,0,RING,A_flag_ceiling
reduce_scatter_perf,1,8,1048576,32768,float,sum,32.83,31.94,27.95,0,29.36,35.72,31.25,0,RING,SIMPLE,48,RING,SIMPLE,48,0,RING,A_flag_ceiling
reduce_scatter_perf,1,8,2097152,65536,float,sum,32.19,65.15,57.0,0,31.07,67.49,59.06,0,RING,SIMPLE,48,RING,SIMPLE,48,0,RING,A_flag_ceiling
reduce_scatter_perf,1,8,4194304,131072,float,sum,39.72,105.59,92.39,0,38.47,109.02,95.4,0,RING,SIMPLE,48,RING,SIMPLE,48,0,RING,A_flag_ceiling
reduce_scatter_perf,1,8,8388608,262144,float,sum,51.77,162.03,141.77,0,48.69,172.27,150.74,0,RING,SIMPLE,48,RING,SIMPLE,48,0,RING,A_flag_ceiling
reduce_scatter_perf,1,8,16777216,524288,float,sum,72.6,231.08,202.19,0,69.2,242.45,212.14,0,RING,SIMPLE,48,RING,SIMPLE,48,0,RING,A_flag_ceiling
reduce_scatter_perf,1,8,33554432,1048576,float,sum,114.15,293.94,257.2,0,108.58,309.04,270.41,0,RING,SIMPLE,48,RING,SIMPLE,48,0,RING,A_flag_ceiling
reduce_scatter_perf,1,8,67108864,2097152,float,sum,200.69,334.4,292.6,0,189.84,353.51,309.32,0,RING,SIMPLE,48,RING,SIMPLE,48,0,RING,A_flag_ceiling
reduce_scatter_perf,1,8,134217728,4194304,float,sum,377.02,355.99,311.49,0,355.49,377.56,330.36,0,RING,SIMPLE,48,RING,SIMPLE,48,0,RING,A_flag_ceiling
reduce_scatter_perf,1,8,268435456,8388608,float,sum,728.06,368.7,322.61,0,702.17,382.29,334.51,0,RING,SIMPLE,48,RING,SIMPLE,48,0,RING,A_flag_ceiling
reduce_scatter_perf,1,8,536870912,16777216,float,sum,1424.07,377.0,329.87,0,1420.5,377.95,330.7,0,RING,SIMPLE,48,RING,SIMPLE,48,0,RING,A_flag_ceiling
reduce_scatter_perf,1,8,4096,128,float,sum,19.96,0.21,0.18,0,16.6,0.25,0.22,0,RING,LL,48,RING,LL,48,0,RING,A_flag_ceiling
reduce_scatter_perf,1,8,8192,256,float,sum,18.07,0.45,0.4,0,16.21,0.51,0.44,0,RING,LL,48,RING,LL,48,0,RING,A_flag_ceiling
reduce_scatter_perf,1,8,16384,512,float,sum,18.74,0.87,0.77,0,19.84,0.83,0.72,0,RING,LL,48,RING,LL,48,0,RING,A_flag_ceiling
reduce_scatter_perf,1,8,32768,1024,float,sum,19.98,1.64,1.43,0,17.57,1.87,1.63,0,RING,LL,48,RING,LL,48,0,RING,A_flag_ceiling
reduce_scatter_perf,1,8,65536,2048,float,sum,17.78,3.69,3.22,0,16.6,3.95,3.45,0,RING,LL,48,RING,LL,48,0,RING,A_flag_ceiling
reduce_scatter_perf,1,8,131072,4096,float,sum,20.44,6.41,5.61,0,19.15,6.84,5.99,0,RING,LL,48,RING,LL,48,0,RING,A_flag_ceiling
reduce_scatter_perf,1,8,262144,8192,float,sum,20.47,12.81,11.21,0,18.12,14.47,12.66,0,RING,LL,48,RING,LL,48,0,RING,A_flag_ceiling
reduce_scatter_perf,1,8,524288,16384,float,sum,18.75,27.96,24.47,0,18.3,28.66,25.07,0,RING,LL,48,RING,LL,48,0,RING,A_flag_ceiling
reduce_scatter_perf,1,8,1048576,32768,float,sum,27.71,37.83,33.11,0,25.35,41.37,36.2,0,RING,LL,48,RING,LL,48,0,RING,A_flag_ceiling
reduce_scatter_perf,1,8,2097152,65536,float,sum,32.09,65.36,57.19,0,31.05,67.53,59.09,0,RING,LL,48,RING,LL,48,0,RING,A_flag_ceiling
reduce_scatter_perf,1,8,4194304,131072,float,sum,50.4,83.21,72.81,0,49.41,84.88,74.27,0,RING,LL,48,RING,LL,48,0,RING,A_flag_ceiling
reduce_scatter_perf,1,8,8388608,262144,float,sum,88.04,95.28,83.37,0,87.32,96.07,84.06,0,RING,LL,48,RING,LL,48,0,RING,A_flag_ceiling
reduce_scatter_perf,1,8,16777216,524288,float,sum,163.52,102.6,89.78,0,164.07,102.26,89.48,0,RING,LL,48,RING,LL,48,0,RING,A_flag_ceiling
reduce_scatter_perf,1,8,33554432,1048576,float,sum,315.56,106.33,93.04,0,320.66,104.64,91.56,0,RING,LL,48,RING,LL,48,0,RING,A_flag_ceiling
reduce_scatter_perf,1,8,67108864,2097152,float,sum,615.7,109.0,95.37,0,629.28,106.64,93.31,0,RING,LL,48,RING,LL,48,0,RING,A_flag_ceiling
reduce_scatter_perf,1,8,134217728,4194304,float,sum,1220.85,109.94,96.2,0,1253.88,107.04,93.66,0,RING,LL,48,RING,LL,48,0,RING,A_flag_ceiling
reduce_scatter_perf,1,8,268435456,8388608,float,sum,2452.04,109.47,95.79,0,2499.02,107.42,93.99,0,RING,LL,48,RING,LL,48,0,RING,A_flag_ceiling
reduce_scatter_perf,1,8,536870912,16777216,float,sum,4928.41,108.93,95.32,0,4972.58,107.97,94.47,0,RING,LL,48,RING,LL,48,0,RING,A_flag_ceiling
reduce_scatter_perf,1,8,4096,128,float,sum,27.46,0.15,0.13,0,26.15,0.16,0.14,0,RING,SIMPLE,56,RING,SIMPLE,56,0,RING,A_flag_ceiling
reduce_scatter_perf,1,8,8192,256,float,sum,26.26,0.31,0.27,0,25.72,0.32,0.28,0,RING,SIMPLE,56,RING,SIMPLE,56,0,RING,A_flag_ceiling
reduce_scatter_perf,1,8,16384,512,float,sum,29.47,0.56,0.49,0,26.31,0.62,0.54,0,RING,SIMPLE,56,RING,SIMPLE,56,0,RING,A_flag_ceiling
reduce_scatter_perf,1,8,32768,1024,float,sum,27.84,1.18,1.03,0,26.41,1.24,1.09,0,RING,SIMPLE,56,RING,SIMPLE,56,0,RING,A_flag_ceiling
reduce_scatter_perf,1,8,65536,2048,float,sum,28.15,2.33,2.04,0,27.22,2.41,2.11,0,RING,SIMPLE,56,RING,SIMPLE,56,0,RING,A_flag_ceiling
reduce_scatter_perf,1,8,131072,4096,float,sum,31.95,4.1,3.59,0,28.15,4.66,4.07,0,RING,SIMPLE,56,RING,SIMPLE,56,0,RING,A_flag_ceiling
reduce_scatter_perf,1,8,262144,8192,float,sum,28.01,9.36,8.19,0,27.52,9.52,8.33,0,RING,SIMPLE,56,RING,SIMPLE,56,0,RING,A_flag_ceiling
reduce_scatter_perf,1,8,524288,16384,float,sum,28.88,18.15,15.88,0,28.29,18.53,16.21,0,RING,SIMPLE,56,RING,SIMPLE,56,0,RING,A_flag_ceiling
reduce_scatter_perf,1,8,1048576,32768,float,sum,30.93,33.9,29.66,0,29.99,34.97,30.6,0,RING,SIMPLE,56,RING,SIMPLE,56,0,RING,A_flag_ceiling
reduce_scatter_perf,1,8,2097152,65536,float,sum,32.47,64.59,56.52,0,31.25,67.11,58.72,0,RING,SIMPLE,56,RING,SIMPLE,56,0,RING,A_flag_ceiling
reduce_scatter_perf,1,8,4194304,131072,float,sum,39.81,105.35,92.18,0,38.88,107.89,94.4,0,RING,SIMPLE,56,RING,SIMPLE,56,0,RING,A_flag_ceiling
reduce_scatter_perf,1,8,8388608,262144,float,sum,53.09,158.02,138.27,0,49.75,168.61,147.53,0,RING,SIMPLE,56,RING,SIMPLE,56,0,RING,A_flag_ceiling
reduce_scatter_perf,1,8,16777216,524288,float,sum,69.49,241.43,211.25,0,66.65,251.7,220.24,0,RING,SIMPLE,56,RING,SIMPLE,56,0,RING,A_flag_ceiling
reduce_scatter_perf,1,8,33554432,1048576,float,sum,109.49,306.45,268.14,0,104.01,322.61,282.28,0,RING,SIMPLE,56,RING,SIMPLE,56,0,RING,A_flag_ceiling
reduce_scatter_perf,1,8,67108864,2097152,float,sum,188.4,356.2,311.67,0,178.02,376.97,329.85,0,RING,SIMPLE,56,RING,SIMPLE,56,0,RING,A_flag_ceiling
reduce_scatter_perf,1,8,134217728,4194304,float,sum,346.15,387.74,339.28,0,328.73,408.3,357.26,0,RING,SIMPLE,56,RING,SIMPLE,56,0,RING,A_flag_ceiling
reduce_scatter_perf,1,8,268435456,8388608,float,sum,670.0,400.65,350.57,0,646.4,415.28,363.37,0,RING,SIMPLE,56,RING,SIMPLE,56,0,RING,A_flag_ceiling
reduce_scatter_perf,1,8,536870912,16777216,float,sum,1294.11,414.86,363.0,0,1292.26,415.45,363.52,0,RING,SIMPLE,56,RING,SIMPLE,56,0,RING,A_flag_ceiling
reduce_scatter_perf,1,8,4096,128,float,sum,18.63,0.22,0.19,0,16.32,0.25,0.22,0,RING,LL,56,RING,LL,56,0,RING,A_flag_ceiling
reduce_scatter_perf,1,8,8192,256,float,sum,17.39,0.47,0.41,0,16.57,0.49,0.43,0,RING,LL,56,RING,LL,56,0,RING,A_flag_ceiling
reduce_scatter_perf,1,8,16384,512,float,sum,20.37,0.8,0.7,0,19.02,0.86,0.75,0,RING,LL,56,RING,LL,56,0,RING,A_flag_ceiling
reduce_scatter_perf,1,8,32768,1024,float,sum,19.44,1.69,1.48,0,18.22,1.8,1.57,0,RING,LL,56,RING,LL,56,0,RING,A_flag_ceiling
reduce_scatter_perf,1,8,65536,2048,float,sum,17.26,3.8,3.32,0,16.64,3.94,3.45,0,RING,LL,56,RING,LL,56,0,RING,A_flag_ceiling
reduce_scatter_perf,1,8,131072,4096,float,sum,20.49,6.4,5.6,0,19.29,6.8,5.95,0,RING,LL,56,RING,LL,56,0,RING,A_flag_ceiling
reduce_scatter_perf,1,8,262144,8192,float,sum,108.62,2.41,2.11,0,18.14,14.45,12.65,0,RING,LL,56,RING,LL,56,0,RING,A_flag_ceiling
reduce_scatter_perf,1,8,524288,16384,float,sum,19.08,27.48,24.05,0,18.68,28.06,24.56,0,RING,LL,56,RING,LL,56,0,RING,A_flag_ceiling
reduce_scatter_perf,1,8,1048576,32768,float,sum,27.12,38.66,33.83,0,27.44,38.21,33.43,0,RING,LL,56,RING,LL,56,0,RING,A_flag_ceiling
reduce_scatter_perf,1,8,2097152,65536,float,sum,31.89,65.76,57.54,0,31.34,66.91,58.54,0,RING,LL,56,RING,LL,56,0,RING,A_flag_ceiling
reduce_scatter_perf,1,8,4194304,131072,float,sum,45.07,93.06,81.43,0,44.09,95.13,83.23,0,RING,LL,56,RING,LL,56,0,RING,A_flag_ceiling
reduce_scatter_perf,1,8,8388608,262144,float,sum,82.04,102.25,89.47,0,81.81,102.54,89.72,0,RING,LL,56,RING,LL,56,0,RING,A_flag_ceiling
reduce_scatter_perf,1,8,16777216,524288,float,sum,216.92,77.34,67.67,0,146.11,114.83,100.47,0,RING,LL,56,RING,LL,56,0,RING,A_flag_ceiling
reduce_scatter_perf,1,8,33554432,1048576,float,sum,275.47,121.81,106.58,0,278.45,120.51,105.44,0,RING,LL,56,RING,LL,56,0,RING,A_flag_ceiling
reduce_scatter_perf,1,8,67108864,2097152,float,sum,541.71,123.88,108.4,0,553.88,121.16,106.02,0,RING,LL,56,RING,LL,56,0,RING,A_flag_ceiling
reduce_scatter_perf,1,8,134217728,4194304,float,sum,1063.42,126.21,110.44,0,1089.48,123.19,107.8,0,RING,LL,56,RING,LL,56,0,RING,A_flag_ceiling
reduce_scatter_perf,1,8,268435456,8388608,float,sum,2127.84,126.15,110.38,0,2166.27,123.92,108.43,0,RING,LL,56,RING,LL,56,0,RING,A_flag_ceiling
reduce_scatter_perf,1,8,536870912,16777216,float,sum,4291.09,125.11,109.47,0,4302.72,124.77,109.18,0,RING,LL,56,RING,LL,56,0,RING,A_flag_ceiling
reduce_scatter_perf,1,8,4096,128,float,sum,27.56,0.15,0.13,0,26.16,0.16,0.14,0,RING,SIMPLE,1,RING,SIMPLE,1,0,RING,A_flag_ceiling
reduce_scatter_perf,1,8,8192,256,float,sum,26.22,0.31,0.27,0,25.35,0.32,0.28,0,RING,SIMPLE,1,RING,SIMPLE,1,0,RING,A_flag_ceiling
reduce_scatter_perf,1,8,16384,512,float,sum,28.49,0.58,0.5,0,26.15,0.63,0.55,0,RING,SIMPLE,1,RING,SIMPLE,1,0,RING,A_flag_ceiling
reduce_scatter_perf,1,8,32768,1024,float,sum,26.14,1.25,1.1,0,25.11,1.31,1.14,0,RING,SIMPLE,1,RING,SIMPLE,1,0,RING,A_flag_ceiling
reduce_scatter_perf,1,8,65536,2048,float,sum,27.35,2.4,2.1,0,26.53,2.47,2.16,0,RING,SIMPLE,1,RING,SIMPLE,1,0,RING,A_flag_ceiling
reduce_scatter_perf,1,8,131072,4096,float,sum,34.76,3.77,3.3,0,32.05,4.09,3.58,0,RING,SIMPLE,1,RING,SIMPLE,1,0,RING,A_flag_ceiling
reduce_scatter_perf,1,8,262144,8192,float,sum,42.77,6.13,5.36,0,42.17,6.22,5.44,0,RING,SIMPLE,1,RING,SIMPLE,1,0,RING,A_flag_ceiling
reduce_scatter_perf,1,8,524288,16384,float,sum,63.21,8.29,7.26,0,61.99,8.46,7.4,0,RING,SIMPLE,1,RING,SIMPLE,1,0,RING,A_flag_ceiling
reduce_scatter_perf,1,8,1048576,32768,float,sum,101.99,10.28,9.0,0,98.11,10.69,9.35,0,RING,SIMPLE,1,RING,SIMPLE,1,0,RING,A_flag_ceiling
reduce_scatter_perf,1,8,2097152,65536,float,sum,165.36,12.68,11.1,0,158.9,13.2,11.55,0,RING,SIMPLE,1,RING,SIMPLE,1,0,RING,A_flag_ceiling
reduce_scatter_perf,1,8,4194304,131072,float,sum,301.6,13.91,12.17,0,295.32,14.2,12.43,0,RING,SIMPLE,1,RING,SIMPLE,1,0,RING,A_flag_ceiling
reduce_scatter_perf,1,8,8388608,262144,float,sum,595.44,14.09,12.33,0,583.94,14.37,12.57,0,RING,SIMPLE,1,RING,SIMPLE,1,0,RING,A_flag_ceiling
reduce_scatter_perf,1,8,16777216,524288,float,sum,1180.57,14.21,12.43,0,1157.55,14.49,12.68,0,RING,SIMPLE,1,RING,SIMPLE,1,0,RING,A_flag_ceiling
reduce_scatter_perf,1,8,33554432,1048576,float,sum,2336.65,14.36,12.57,0,2313.02,14.51,12.69,0,RING,SIMPLE,1,RING,SIMPLE,1,0,RING,A_flag_ceiling
reduce_scatter_perf,1,8,67108864,2097152,float,sum,4665.54,14.38,12.59,0,4622.92,14.52,12.7,0,RING,SIMPLE,1,RING,SIMPLE,1,0,RING,A_flag_ceiling
reduce_scatter_perf,1,8,134217728,4194304,float,sum,9304.95,14.42,12.62,0,9259.06,14.5,12.68,0,RING,SIMPLE,1,RING,SIMPLE,1,0,RING,A_flag_ceiling
reduce_scatter_perf,1,8,268435456,8388608,float,sum,18618.2,14.42,12.62,0,18586.1,14.44,12.64,0,RING,SIMPLE,1,RING,SIMPLE,1,0,RING,A_flag_ceiling
reduce_scatter_perf,1,8,536870912,16777216,float,sum,37224.8,14.42,12.62,0,37286.9,14.4,12.6,0,RING,SIMPLE,1,RING,SIMPLE,1,0,RING,A_flag_ceiling
reduce_scatter_perf,1,8,4096,128,float,sum,18.72,0.22,0.19,0,17.57,0.23,0.2,0,RING,LL,1,RING,LL,1,0,RING,A_flag_ceiling
reduce_scatter_perf,1,8,8192,256,float,sum,17.08,0.48,0.42,0,15.62,0.52,0.46,0,RING,LL,1,RING,LL,1,0,RING,A_flag_ceiling
reduce_scatter_perf,1,8,16384,512,float,sum,20.8,0.79,0.69,0,18.32,0.89,0.78,0,RING,LL,1,RING,LL,1,0,RING,A_flag_ceiling
reduce_scatter_perf,1,8,32768,1024,float,sum,22.99,1.43,1.25,0,20.89,1.57,1.37,0,RING,LL,1,RING,LL,1,0,RING,A_flag_ceiling
reduce_scatter_perf,1,8,65536,2048,float,sum,31.62,2.07,1.81,0,30.87,2.12,1.86,0,RING,LL,1,RING,LL,1,0,RING,A_flag_ceiling
reduce_scatter_perf,1,8,131072,4096,float,sum,52.25,2.51,2.19,0,50.24,2.61,2.28,0,RING,LL,1,RING,LL,1,0,RING,A_flag_ceiling
reduce_scatter_perf,1,8,262144,8192,float,sum,98.08,2.67,2.34,0,96.15,2.73,2.39,0,RING,LL,1,RING,LL,1,0,RING,A_flag_ceiling
reduce_scatter_perf,1,8,524288,16384,float,sum,193.16,2.71,2.38,0,187.93,2.79,2.44,0,RING,LL,1,RING,LL,1,0,RING,A_flag_ceiling
reduce_scatter_perf,1,8,1048576,32768,float,sum,383.46,2.73,2.39,0,360.98,2.9,2.54,0,RING,LL,1,RING,LL,1,0,RING,A_flag_ceiling
reduce_scatter_perf,1,8,2097152,65536,float,sum,749.13,2.8,2.45,0,722.45,2.9,2.54,0,RING,LL,1,RING,LL,1,0,RING,A_flag_ceiling
reduce_scatter_perf,1,8,4194304,131072,float,sum,1490.22,2.81,2.46,0,1439.51,2.91,2.55,0,RING,LL,1,RING,LL,1,0,RING,A_flag_ceiling
reduce_scatter_perf,1,8,8388608,262144,float,sum,2983.17,2.81,2.46,0,2966.95,2.83,2.47,0,RING,LL,1,RING,LL,1,0,RING,A_flag_ceiling
reduce_scatter_perf,1,8,16777216,524288,float,sum,5904.95,2.84,2.49,0,5781.76,2.9,2.54,0,RING,LL,1,RING,LL,1,0,RING,A_flag_ceiling
reduce_scatter_perf,1,8,33554432,1048576,float,sum,11691.4,2.87,2.51,0,11629.4,2.89,2.52,0,RING,LL,1,RING,LL,1,0,RING,A_flag_ceiling
reduce_scatter_perf,1,8,67108864,2097152,float,sum,23533.7,2.85,2.5,0,23061.0,2.91,2.55,0,RING,LL,1,RING,LL,1,0,RING,A_flag_ceiling
reduce_scatter_perf,1,8,134217728,4194304,float,sum,47040.7,2.85,2.5,0,46639.8,2.88,2.52,0,RING,LL,1,RING,LL,1,0,RING,A_flag_ceiling
reduce_scatter_perf,1,8,268435456,8388608,float,sum,94860.0,2.83,2.48,0,94214.2,2.85,2.49,0,RING,LL,1,RING,LL,1,0,RING,A_flag_ceiling
reduce_scatter_perf,1,8,536870912,16777216,float,sum,189138.0,2.84,2.48,0,185785.0,2.89,2.53,0,RING,LL,1,RING,LL,1,0,RING,A_flag_ceiling
reduce_scatter_perf,1,8,4096,128,float,sum,27.26,0.15,0.13,0,26.34,0.16,0.14,0,RING,SIMPLE,2,RING,SIMPLE,2,0,RING,A_flag_ceiling
reduce_scatter_perf,1,8,8192,256,float,sum,26.29,0.31,0.27,0,25.64,0.32,0.28,0,RING,SIMPLE,2,RING,SIMPLE,2,0,RING,A_flag_ceiling
reduce_scatter_perf,1,8,16384,512,float,sum,26.63,0.62,0.54,0,26.81,0.61,0.53,0,RING,SIMPLE,2,RING,SIMPLE,2,0,RING,A_flag_ceiling
reduce_scatter_perf,1,8,32768,1024,float,sum,27.01,1.21,1.06,0,30.34,1.08,0.94,0,RING,SIMPLE,2,RING,SIMPLE,2,0,RING,A_flag_ceiling
reduce_scatter_perf,1,8,65536,2048,float,sum,27.0,2.43,2.12,0,26.15,2.51,2.19,0,RING,SIMPLE,2,RING,SIMPLE,2,0,RING,A_flag_ceiling
reduce_scatter_perf,1,8,131072,4096,float,sum,31.0,4.23,3.7,0,29.03,4.52,3.95,0,RING,SIMPLE,2,RING,SIMPLE,2,0,RING,A_flag_ceiling
reduce_scatter_perf,1,8,262144,8192,float,sum,33.93,7.73,6.76,0,32.9,7.97,6.97,0,RING,SIMPLE,2,RING,SIMPLE,2,0,RING,A_flag_ceiling
reduce_scatter_perf,1,8,524288,16384,float,sum,43.9,11.94,10.45,0,43.61,12.02,10.52,0,RING,SIMPLE,2,RING,SIMPLE,2,0,RING,A_flag_ceiling
reduce_scatter_perf,1,8,1048576,32768,float,sum,65.78,15.94,13.95,0,63.45,16.53,14.46,0,RING,SIMPLE,2,RING,SIMPLE,2,0,RING,A_flag_ceiling
reduce_scatter_perf,1,8,2097152,65536,float,sum,104.15,20.14,17.62,0,100.71,20.82,18.22,0,RING,SIMPLE,2,RING,SIMPLE,2,0,RING,A_flag_ceiling
reduce_scatter_perf,1,8,4194304,131072,float,sum,181.13,23.16,20.26,0,175.62,23.88,20.9,0,RING,SIMPLE,2,RING,SIMPLE,2,0,RING,A_flag_ceiling
reduce_scatter_perf,1,8,8388608,262144,float,sum,341.0,24.6,21.53,0,331.16,25.33,22.16,0,RING,SIMPLE,2,RING,SIMPLE,2,0,RING,A_flag_ceiling
reduce_scatter_perf,1,8,16777216,524288,float,sum,671.71,24.98,21.85,0,654.42,25.64,22.43,0,RING,SIMPLE,2,RING,SIMPLE,2,0,RING,A_flag_ceiling
reduce_scatter_perf,1,8,33554432,1048576,float,sum,1336.3,25.11,21.97,0,1294.93,25.91,22.67,0,RING,SIMPLE,2,RING,SIMPLE,2,0,RING,A_flag_ceiling
reduce_scatter_perf,1,8,67108864,2097152,float,sum,2655.64,25.27,22.11,0,2587.71,25.93,22.69,0,RING,SIMPLE,2,RING,SIMPLE,2,0,RING,A_flag_ceiling
reduce_scatter_perf,1,8,134217728,4194304,float,sum,5293.66,25.35,22.19,0,5208.3,25.77,22.55,0,RING,SIMPLE,2,RING,SIMPLE,2,0,RING,A_flag_ceiling
reduce_scatter_perf,1,8,268435456,8388608,float,sum,10531.5,25.49,22.3,0,10446.8,25.7,22.48,0,RING,SIMPLE,2,RING,SIMPLE,2,0,RING,A_flag_ceiling
reduce_scatter_perf,1,8,536870912,16777216,float,sum,21009.9,25.55,22.36,0,21181.5,25.35,22.18,0,RING,SIMPLE,2,RING,SIMPLE,2,0,RING,A_flag_ceiling
reduce_scatter_perf,1,8,4096,128,float,sum,19.86,0.21,0.18,0,16.41,0.25,0.22,0,RING,LL,2,RING,LL,2,0,RING,A_flag_ceiling
reduce_scatter_perf,1,8,8192,256,float,sum,17.11,0.48,0.42,0,16.49,0.5,0.43,0,RING,LL,2,RING,LL,2,0,RING,A_flag_ceiling
reduce_scatter_perf,1,8,16384,512,float,sum,18.48,0.89,0.78,0,18.58,0.88,0.77,0,RING,LL,2,RING,LL,2,0,RING,A_flag_ceiling
reduce_scatter_perf,1,8,32768,1024,float,sum,19.41,1.69,1.48,0,17.96,1.82,1.6,0,RING,LL,2,RING,LL,2,0,RING,A_flag_ceiling
reduce_scatter_perf,1,8,65536,2048,float,sum,22.97,2.85,2.5,0,22.32,2.94,2.57,0,RING,LL,2,RING,LL,2,0,RING,A_flag_ceiling
reduce_scatter_perf,1,8,131072,4096,float,sum,35.08,3.74,3.27,0,34.34,3.82,3.34,0,RING,LL,2,RING,LL,2,0,RING,A_flag_ceiling
reduce_scatter_perf,1,8,262144,8192,float,sum,56.97,4.6,4.03,0,56.26,4.66,4.08,0,RING,LL,2,RING,LL,2,0,RING,A_flag_ceiling
reduce_scatter_perf,1,8,524288,16384,float,sum,108.75,4.82,4.22,0,106.48,4.92,4.31,0,RING,LL,2,RING,LL,2,0,RING,A_flag_ceiling
reduce_scatter_perf,1,8,1048576,32768,float,sum,212.3,4.94,4.32,0,205.64,5.1,4.46,0,RING,LL,2,RING,LL,2,0,RING,A_flag_ceiling
reduce_scatter_perf,1,8,2097152,65536,float,sum,416.3,5.04,4.41,0,408.03,5.14,4.5,0,RING,LL,2,RING,LL,2,0,RING,A_flag_ceiling
reduce_scatter_perf,1,8,4194304,131072,float,sum,826.86,5.07,4.44,0,808.91,5.19,4.54,0,RING,LL,2,RING,LL,2,0,RING,A_flag_ceiling
reduce_scatter_perf,1,8,8388608,262144,float,sum,1643.66,5.1,4.47,0,1630.86,5.14,4.5,0,RING,LL,2,RING,LL,2,0,RING,A_flag_ceiling
reduce_scatter_perf,1,8,16777216,524288,float,sum,3285.75,5.11,4.47,0,3242.0,5.17,4.53,0,RING,LL,2,RING,LL,2,0,RING,A_flag_ceiling
reduce_scatter_perf,1,8,33554432,1048576,float,sum,6542.73,5.13,4.49,0,6509.45,5.15,4.51,0,RING,LL,2,RING,LL,2,0,RING,A_flag_ceiling
reduce_scatter_perf,1,8,67108864,2097152,float,sum,13078.6,5.13,4.49,0,13014.0,5.16,4.51,0,RING,LL,2,RING,LL,2,0,RING,A_flag_ceiling
reduce_scatter_perf,1,8,134217728,4194304,float,sum,26146.8,5.13,4.49,0,26145.2,5.13,4.49,0,RING,LL,2,RING,LL,2,0,RING,A_flag_ceiling
reduce_scatter_perf,1,8,268435456,8388608,float,sum,52151.9,5.15,4.5,0,51838.0,5.18,4.53,0,RING,LL,2,RING,LL,2,0,RING,A_flag_ceiling
reduce_scatter_perf,1,8,536870912,16777216,float,sum,105015.0,5.11,4.47,0,103418.0,5.19,4.54,0,RING,LL,2,RING,LL,2,0,RING,A_flag_ceiling
reduce_scatter_perf,1,8,4096,128,float,sum,26.92,0.15,0.13,0,25.96,0.16,0.14,0,RING,SIMPLE,4,RING,SIMPLE,4,0,RING,A_flag_ceiling
reduce_scatter_perf,1,8,8192,256,float,sum,25.86,0.32,0.28,0,25.15,0.33,0.29,0,RING,SIMPLE,4,RING,SIMPLE,4,0,RING,A_flag_ceiling
reduce_scatter_perf,1,8,16384,512,float,sum,28.01,0.58,0.51,0,25.85,0.63,0.55,0,RING,SIMPLE,4,RING,SIMPLE,4,0,RING,A_flag_ceiling
reduce_scatter_perf,1,8,32768,1024,float,sum,26.74,1.23,1.07,0,25.98,1.26,1.1,0,RING,SIMPLE,4,RING,SIMPLE,4,0,RING,A_flag_ceiling
reduce_scatter_perf,1,8,65536,2048,float,sum,28.15,2.33,2.04,0,27.26,2.4,2.1,0,RING,SIMPLE,4,RING,SIMPLE,4,0,RING,A_flag_ceiling
reduce_scatter_perf,1,8,131072,4096,float,sum,30.38,4.31,3.78,0,27.89,4.7,4.11,0,RING,SIMPLE,4,RING,SIMPLE,4,0,RING,A_flag_ceiling
reduce_scatter_perf,1,8,262144,8192,float,sum,29.78,8.8,7.7,0,28.89,9.07,7.94,0,RING,SIMPLE,4,RING,SIMPLE,4,0,RING,A_flag_ceiling
reduce_scatter_perf,1,8,524288,16384,float,sum,34.78,15.08,13.19,0,34.08,15.38,13.46,0,RING,SIMPLE,4,RING,SIMPLE,4,0,RING,A_flag_ceiling
reduce_scatter_perf,1,8,1048576,32768,float,sum,46.77,22.42,19.62,0,45.04,23.28,20.37,0,RING,SIMPLE,4,RING,SIMPLE,4,0,RING,A_flag_ceiling
reduce_scatter_perf,1,8,2097152,65536,float,sum,67.04,31.28,27.37,0,66.02,31.77,27.8,0,RING,SIMPLE,4,RING,SIMPLE,4,0,RING,A_flag_ceiling
reduce_scatter_perf,1,8,4194304,131072,float,sum,109.92,38.16,33.39,0,108.67,38.6,33.77,0,RING,SIMPLE,4,RING,SIMPLE,4,0,RING,A_flag_ceiling
reduce_scatter_perf,1,8,8388608,262144,float,sum,190.7,43.99,38.49,0,186.13,45.07,39.43,0,RING,SIMPLE,4,RING,SIMPLE,4,0,RING,A_flag_ceiling
reduce_scatter_perf,1,8,16777216,524288,float,sum,357.41,46.94,41.07,0,348.51,48.14,42.12,0,RING,SIMPLE,4,RING,SIMPLE,4,0,RING,A_flag_ceiling
reduce_scatter_perf,1,8,33554432,1048576,float,sum,701.95,47.8,41.83,0,684.03,49.05,42.92,0,RING,SIMPLE,4,RING,SIMPLE,4,0,RING,A_flag_ceiling
reduce_scatter_perf,1,8,67108864,2097152,float,sum,1392.1,48.21,42.18,0,1354.21,49.56,43.36,0,RING,SIMPLE,4,RING,SIMPLE,4,0,RING,A_flag_ceiling
reduce_scatter_perf,1,8,134217728,4194304,float,sum,2772.23,48.42,42.36,0,2707.7,49.57,43.37,0,RING,SIMPLE,4,RING,SIMPLE,4,0,RING,A_flag_ceiling
reduce_scatter_perf,1,8,268435456,8388608,float,sum,5522.31,48.61,42.53,0,5439.52,49.35,43.18,0,RING,SIMPLE,4,RING,SIMPLE,4,0,RING,A_flag_ceiling
reduce_scatter_perf,1,8,536870912,16777216,float,sum,11052.4,48.57,42.5,0,11000.9,48.8,42.7,0,RING,SIMPLE,4,RING,SIMPLE,4,0,RING,A_flag_ceiling
reduce_scatter_perf,1,8,4096,128,float,sum,18.85,0.22,0.19,0,16.0,0.26,0.22,0,RING,LL,4,RING,LL,4,0,RING,A_flag_ceiling
reduce_scatter_perf,1,8,8192,256,float,sum,17.06,0.48,0.42,0,16.19,0.51,0.44,0,RING,LL,4,RING,LL,4,0,RING,A_flag_ceiling
reduce_scatter_perf,1,8,16384,512,float,sum,21.64,0.76,0.66,0,18.44,0.89,0.78,0,RING,LL,4,RING,LL,4,0,RING,A_flag_ceiling
reduce_scatter_perf,1,8,32768,1024,float,sum,18.6,1.76,1.54,0,16.95,1.93,1.69,0,RING,LL,4,RING,LL,4,0,RING,A_flag_ceiling
reduce_scatter_perf,1,8,65536,2048,float,sum,18.21,3.6,3.15,0,17.58,3.73,3.26,0,RING,LL,4,RING,LL,4,0,RING,A_flag_ceiling
reduce_scatter_perf,1,8,131072,4096,float,sum,27.18,4.82,4.22,0,24.67,5.31,4.65,0,RING,LL,4,RING,LL,4,0,RING,A_flag_ceiling
reduce_scatter_perf,1,8,262144,8192,float,sum,36.44,7.19,6.29,0,35.69,7.35,6.43,0,RING,LL,4,RING,LL,4,0,RING,A_flag_ceiling
reduce_scatter_perf,1,8,524288,16384,float,sum,60.13,8.72,7.63,0,59.18,8.86,7.75,0,RING,LL,4,RING,LL,4,0,RING,A_flag_ceiling
reduce_scatter_perf,1,8,1048576,32768,float,sum,113.62,9.23,8.08,0,111.45,9.41,8.23,0,RING,LL,4,RING,LL,4,0,RING,A_flag_ceiling
reduce_scatter_perf,1,8,2097152,65536,float,sum,220.97,9.49,8.3,0,217.35,9.65,8.44,0,RING,LL,4,RING,LL,4,0,RING,A_flag_ceiling
reduce_scatter_perf,1,8,4194304,131072,float,sum,436.18,9.62,8.41,0,428.49,9.79,8.56,0,RING,LL,4,RING,LL,4,0,RING,A_flag_ceiling
reduce_scatter_perf,1,8,8388608,262144,float,sum,864.6,9.7,8.49,0,864.61,9.7,8.49,0,RING,LL,4,RING,LL,4,0,RING,A_flag_ceiling
reduce_scatter_perf,1,8,16777216,524288,float,sum,1722.88,9.74,8.52,0,1726.66,9.72,8.5,0,RING,LL,4,RING,LL,4,0,RING,A_flag_ceiling
reduce_scatter_perf,1,8,33554432,1048576,float,sum,3449.05,9.73,8.51,0,3475.56,9.65,8.45,0,RING,LL,4,RING,LL,4,0,RING,A_flag_ceiling
reduce_scatter_perf,1,8,67108864,2097152,float,sum,6911.81,9.71,8.5,0,6941.95,9.67,8.46,0,RING,LL,4,RING,LL,4,0,RING,A_flag_ceiling
reduce_scatter_perf,1,8,134217728,4194304,float,sum,13865.0,9.68,8.47,0,13941.8,9.63,8.42,0,RING,LL,4,RING,LL,4,0,RING,A_flag_ceiling
reduce_scatter_perf,1,8,268435456,8388608,float,sum,27627.7,9.72,8.5,0,27722.9,9.68,8.47,0,RING,LL,4,RING,LL,4,0,RING,A_flag_ceiling
reduce_scatter_perf,1,8,536870912,16777216,float,sum,55276.3,9.71,8.5,0,54958.2,9.77,8.55,0,RING,LL,4,RING,LL,4,0,RING,A_flag_ceiling
reduce_scatter_perf,1,8,4096,128,float,sum,27.56,0.15,0.13,0,26.4,0.16,0.14,0,RING,SIMPLE,8,RING,SIMPLE,8,0,RING,A_flag_ceiling
reduce_scatter_perf,1,8,8192,256,float,sum,26.68,0.31,0.27,0,25.78,0.32,0.28,0,RING,SIMPLE,8,RING,SIMPLE,8,0,RING,A_flag_ceiling
reduce_scatter_perf,1,8,16384,512,float,sum,29.01,0.56,0.49,0,25.78,0.64,0.56,0,RING,SIMPLE,8,RING,SIMPLE,8,0,RING,A_flag_ceiling
reduce_scatter_perf,1,8,32768,1024,float,sum,27.08,1.21,1.06,0,26.03,1.26,1.1,0,RING,SIMPLE,8,RING,SIMPLE,8,0,RING,A_flag_ceiling
reduce_scatter_perf,1,8,65536,2048,float,sum,27.79,2.36,2.06,0,27.26,2.4,2.1,0,RING,SIMPLE,8,RING,SIMPLE,8,0,RING,A_flag_ceiling
reduce_scatter_perf,1,8,131072,4096,float,sum,30.31,4.32,3.78,0,28.18,4.65,4.07,0,RING,SIMPLE,8,RING,SIMPLE,8,0,RING,A_flag_ceiling
reduce_scatter_perf,1,8,262144,8192,float,sum,28.71,9.13,7.99,0,27.92,9.39,8.21,0,RING,SIMPLE,8,RING,SIMPLE,8,0,RING,A_flag_ceiling
reduce_scatter_perf,1,8,524288,16384,float,sum,29.88,17.54,15.35,0,29.16,17.98,15.73,0,RING,SIMPLE,8,RING,SIMPLE,8,0,RING,A_flag_ceiling
reduce_scatter_perf,1,8,1048576,32768,float,sum,36.85,28.46,24.9,0,38.17,27.47,24.04,0,RING,SIMPLE,8,RING,SIMPLE,8,0,RING,A_flag_ceiling
reduce_scatter_perf,1,8,2097152,65536,float,sum,46.62,44.99,39.36,0,45.54,46.05,40.3,0,RING,SIMPLE,8,RING,SIMPLE,8,0,RING,A_flag_ceiling
reduce_scatter_perf,1,8,4194304,131072,float,sum,68.65,61.09,53.46,0,67.27,62.35,54.56,0,RING,SIMPLE,8,RING,SIMPLE,8,0,RING,A_flag_ceiling
reduce_scatter_perf,1,8,8388608,262144,float,sum,113.44,73.95,64.7,0,110.62,75.83,66.35,0,RING,SIMPLE,8,RING,SIMPLE,8,0,RING,A_flag_ceiling
reduce_scatter_perf,1,8,16777216,524288,float,sum,195.38,85.87,75.14,0,190.11,88.25,77.22,0,RING,SIMPLE,8,RING,SIMPLE,8,0,RING,A_flag_ceiling
reduce_scatter_perf,1,8,33554432,1048576,float,sum,361.7,92.77,81.17,0,352.82,95.1,83.21,0,RING,SIMPLE,8,RING,SIMPLE,8,0,RING,A_flag_ceiling
reduce_scatter_perf,1,8,67108864,2097152,float,sum,708.44,94.73,82.89,0,690.36,97.21,85.06,0,RING,SIMPLE,8,RING,SIMPLE,8,0,RING,A_flag_ceiling
reduce_scatter_perf,1,8,134217728,4194304,float,sum,1403.79,95.61,83.66,0,1369.92,97.97,85.73,0,RING,SIMPLE,8,RING,SIMPLE,8,0,RING,A_flag_ceiling
reduce_scatter_perf,1,8,268435456,8388608,float,sum,2787.38,96.3,84.27,0,2749.59,97.63,85.42,0,RING,SIMPLE,8,RING,SIMPLE,8,0,RING,A_flag_ceiling
reduce_scatter_perf,1,8,536870912,16777216,float,sum,5567.51,96.43,84.38,0,5560.54,96.55,84.48,0,RING,SIMPLE,8,RING,SIMPLE,8,0,RING,A_flag_ceiling
reduce_scatter_perf,1,8,4096,128,float,sum,19.54,0.21,0.18,0,17.24,0.24,0.21,0,RING,LL,8,RING,LL,8,0,RING,A_flag_ceiling
reduce_scatter_perf,1,8,8192,256,float,sum,17.09,0.48,0.42,0,16.29,0.5,0.44,0,RING,LL,8,RING,LL,8,0,RING,A_flag_ceiling
reduce_scatter_perf,1,8,16384,512,float,sum,18.95,0.86,0.76,0,19.38,0.85,0.74,0,RING,LL,8,RING,LL,8,0,RING,A_flag_ceiling
reduce_scatter_perf,1,8,32768,1024,float,sum,17.66,1.86,1.62,0,16.99,1.93,1.69,0,RING,LL,8,RING,LL,8,0,RING,A_flag_ceiling
reduce_scatter_perf,1,8,65536,2048,float,sum,17.91,3.66,3.2,0,17.11,3.83,3.35,0,RING,LL,8,RING,LL,8,0,RING,A_flag_ceiling
reduce_scatter_perf,1,8,131072,4096,float,sum,22.36,5.86,5.13,0,18.4,7.12,6.23,0,RING,LL,8,RING,LL,8,0,RING,A_flag_ceiling
reduce_scatter_perf,1,8,262144,8192,float,sum,24.86,10.55,9.23,0,24.07,10.89,9.53,0,RING,LL,8,RING,LL,8,0,RING,A_flag_ceiling
reduce_scatter_perf,1,8,524288,16384,float,sum,37.01,14.17,12.4,0,36.07,14.54,12.72,0,RING,LL,8,RING,LL,8,0,RING,A_flag_ceiling
reduce_scatter_perf,1,8,1048576,32768,float,sum,62.44,16.79,14.69,0,59.7,17.57,15.37,0,RING,LL,8,RING,LL,8,0,RING,A_flag_ceiling
reduce_scatter_perf,1,8,2097152,65536,float,sum,114.27,18.35,16.06,0,112.4,18.66,16.33,0,RING,LL,8,RING,LL,8,0,RING,A_flag_ceiling
reduce_scatter_perf,1,8,4194304,131072,float,sum,222.04,18.89,16.53,0,218.4,19.2,16.8,0,RING,LL,8,RING,LL,8,0,RING,A_flag_ceiling
reduce_scatter_perf,1,8,8388608,262144,float,sum,437.75,19.16,16.77,0,437.59,19.17,16.77,0,RING,LL,8,RING,LL,8,0,RING,A_flag_ceiling
reduce_scatter_perf,1,8,16777216,524288,float,sum,867.23,19.35,16.93,0,870.33,19.28,16.87,0,RING,LL,8,RING,LL,8,0,RING,A_flag_ceiling
reduce_scatter_perf,1,8,33554432,1048576,float,sum,1735.6,19.33,16.92,0,1755.23,19.12,16.73,0,RING,LL,8,RING,LL,8,0,RING,A_flag_ceiling
reduce_scatter_perf,1,8,67108864,2097152,float,sum,3472.42,19.33,16.91,0,3523.44,19.05,16.67,0,RING,LL,8,RING,LL,8,0,RING,A_flag_ceiling
reduce_scatter_perf,1,8,134217728,4194304,float,sum,6976.39,19.24,16.83,0,7026.96,19.1,16.71,0,RING,LL,8,RING,LL,8,0,RING,A_flag_ceiling
reduce_scatter_perf,1,8,268435456,8388608,float,sum,13961.8,19.23,16.82,0,14070.5,19.08,16.69,0,RING,LL,8,RING,LL,8,0,RING,A_flag_ceiling
reduce_scatter_perf,1,8,536870912,16777216,float,sum,27877.9,19.26,16.85,0,27974.9,19.19,16.79,0,RING,LL,8,RING,LL,8,0,RING,A_flag_ceiling
reduce_scatter_perf,1,8,4096,128,float,sum,27.42,0.15,0.13,0,26.36,0.16,0.14,0,RING,SIMPLE,16,RING,SIMPLE,16,0,RING,A_flag_ceiling
reduce_scatter_perf,1,8,8192,256,float,sum,26.74,0.31,0.27,0,25.54,0.32,0.28,0,RING,SIMPLE,16,RING,SIMPLE,16,0,RING,A_flag_ceiling
reduce_scatter_perf,1,8,16384,512,float,sum,114.01,0.14,0.13,0,26.19,0.63,0.55,0,RING,SIMPLE,16,RING,SIMPLE,16,0,RING,A_flag_ceiling
reduce_scatter_perf,1,8,32768,1024,float,sum,27.22,1.2,1.05,0,26.48,1.24,1.08,0,RING,SIMPLE,16,RING,SIMPLE,16,0,RING,A_flag_ceiling
reduce_scatter_perf,1,8,65536,2048,float,sum,27.89,2.35,2.06,0,27.13,2.42,2.11,0,RING,SIMPLE,16,RING,SIMPLE,16,0,RING,A_flag_ceiling
reduce_scatter_perf,1,8,131072,4096,float,sum,32.27,4.06,3.55,0,28.02,4.68,4.09,0,RING,SIMPLE,16,RING,SIMPLE,16,0,RING,A_flag_ceiling
reduce_scatter_perf,1,8,262144,8192,float,sum,27.72,9.46,8.27,0,27.18,9.65,8.44,0,RING,SIMPLE,16,RING,SIMPLE,16,0,RING,A_flag_ceiling
reduce_scatter_perf,1,8,524288,16384,float,sum,29.06,18.04,15.79,0,28.47,18.42,16.11,0,RING,SIMPLE,16,RING,SIMPLE,16,0,RING,A_flag_ceiling
reduce_scatter_perf,1,8,1048576,32768,float,sum,33.81,31.01,27.13,0,29.33,35.75,31.28,0,RING,SIMPLE,16,RING,SIMPLE,16,0,RING,A_flag_ceiling
reduce_scatter_perf,1,8,2097152,65536,float,sum,35.81,58.57,51.25,0,35.09,59.77,52.3,0,RING,SIMPLE,16,RING,SIMPLE,16,0,RING,A_flag_ceiling
reduce_scatter_perf,1,8,4194304,131072,float,sum,47.28,88.71,77.62,0,46.23,90.73,79.39,0,RING,SIMPLE,16,RING,SIMPLE,16,0,RING,A_flag_ceiling
reduce_scatter_perf,1,8,8388608,262144,float,sum,70.23,119.45,104.52,0,68.74,122.03,106.77,0,RING,SIMPLE,16,RING,SIMPLE,16,0,RING,A_flag_ceiling
reduce_scatter_perf,1,8,16777216,524288,float,sum,114.67,146.31,128.02,0,109.76,152.85,133.74,0,RING,SIMPLE,16,RING,SIMPLE,16,0,RING,A_flag_ceiling
reduce_scatter_perf,1,8,33554432,1048576,float,sum,197.66,169.76,148.54,0,247.12,135.78,118.81,0,RING,SIMPLE,16,RING,SIMPLE,16,0,RING,A_flag_ceiling
reduce_scatter_perf,1,8,67108864,2097152,float,sum,366.49,183.11,160.22,0,356.88,188.04,164.54,0,RING,SIMPLE,16,RING,SIMPLE,16,0,RING,A_flag_ceiling
reduce_scatter_perf,1,8,134217728,4194304,float,sum,720.53,186.28,162.99,0,705.14,190.34,166.55,0,RING,SIMPLE,16,RING,SIMPLE,16,0,RING,A_flag_ceiling
reduce_scatter_perf,1,8,268435456,8388608,float,sum,1427.66,188.03,164.52,0,1406.55,190.85,166.99,0,RING,SIMPLE,16,RING,SIMPLE,16,0,RING,A_flag_ceiling
reduce_scatter_perf,1,8,536870912,16777216,float,sum,2848.13,188.5,164.94,0,2827.69,189.86,166.13,0,RING,SIMPLE,16,RING,SIMPLE,16,0,RING,A_flag_ceiling
reduce_scatter_perf,1,8,4096,128,float,sum,19.4,0.21,0.18,0,17.28,0.24,0.21,0,RING,LL,16,RING,LL,16,0,RING,A_flag_ceiling
reduce_scatter_perf,1,8,8192,256,float,sum,17.35,0.47,0.41,0,16.43,0.5,0.44,0,RING,LL,16,RING,LL,16,0,RING,A_flag_ceiling
reduce_scatter_perf,1,8,16384,512,float,sum,18.56,0.88,0.77,0,19.21,0.85,0.75,0,RING,LL,16,RING,LL,16,0,RING,A_flag_ceiling
reduce_scatter_perf,1,8,32768,1024,float,sum,17.8,1.84,1.61,0,18.05,1.81,1.59,0,RING,LL,16,RING,LL,16,0,RING,A_flag_ceiling
reduce_scatter_perf,1,8,65536,2048,float,sum,18.14,3.61,3.16,0,16.52,3.97,3.47,0,RING,LL,16,RING,LL,16,0,RING,A_flag_ceiling
reduce_scatter_perf,1,8,131072,4096,float,sum,20.83,6.29,5.51,0,20.15,6.5,5.69,0,RING,LL,16,RING,LL,16,0,RING,A_flag_ceiling
reduce_scatter_perf,1,8,262144,8192,float,sum,20.02,13.09,11.46,0,18.63,14.07,12.31,0,RING,LL,16,RING,LL,16,0,RING,A_flag_ceiling
reduce_scatter_perf,1,8,524288,16384,float,sum,24.9,21.06,18.42,0,24.67,21.25,18.59,0,RING,LL,16,RING,LL,16,0,RING,A_flag_ceiling
reduce_scatter_perf,1,8,1048576,32768,float,sum,39.3,26.68,23.35,0,36.42,28.79,25.19,0,RING,LL,16,RING,LL,16,0,RING,A_flag_ceiling
reduce_scatter_perf,1,8,2097152,65536,float,sum,60.93,34.42,30.12,0,60.15,34.87,30.51,0,RING,LL,16,RING,LL,16,0,RING,A_flag_ceiling
reduce_scatter_perf,1,8,4194304,131072,float,sum,115.2,36.41,31.86,0,113.67,36.9,32.29,0,RING,LL,16,RING,LL,16,0,RING,A_flag_ceiling
reduce_scatter_perf,1,8,8388608,262144,float,sum,223.78,37.49,32.8,0,223.79,37.48,32.8,0,RING,LL,16,RING,LL,16,0,RING,A_flag_ceiling
reduce_scatter_perf,1,8,16777216,524288,float,sum,440.06,38.12,33.36,0,441.9,37.97,33.22,0,RING,LL,16,RING,LL,16,0,RING,A_flag_ceiling
reduce_scatter_perf,1,8,33554432,1048576,float,sum,879.04,38.17,33.4,0,889.51,37.72,33.01,0,RING,LL,16,RING,LL,16,0,RING,A_flag_ceiling
reduce_scatter_perf,1,8,67108864,2097152,float,sum,1754.2,38.26,33.47,0,1795.06,37.39,32.71,0,RING,LL,16,RING,LL,16,0,RING,A_flag_ceiling
reduce_scatter_perf,1,8,134217728,4194304,float,sum,3552.4,37.78,33.06,0,3600.75,37.27,32.62,0,RING,LL,16,RING,LL,16,0,RING,A_flag_ceiling
reduce_scatter_perf,1,8,268435456,8388608,float,sum,7133.51,37.63,32.93,0,7256.3,36.99,32.37,0,RING,LL,16,RING,LL,16,0,RING,A_flag_ceiling
reduce_scatter_perf,1,8,536870912,16777216,float,sum,14370.2,37.36,32.69,0,14449.3,37.16,32.51,0,RING,LL,16,RING,LL,16,0,RING,A_flag_ceiling
reduce_scatter_perf,1,8,4096,128,float,sum,27.59,0.15,0.13,0,25.92,0.16,0.14,0,RING,SIMPLE,24,RING,SIMPLE,24,0,RING,A_flag_ceiling
reduce_scatter_perf,1,8,8192,256,float,sum,26.19,0.31,0.27,0,25.29,0.32,0.28,0,RING,SIMPLE,24,RING,SIMPLE,24,0,RING,A_flag_ceiling
reduce_scatter_perf,1,8,16384,512,float,sum,28.35,0.58,0.51,0,25.03,0.65,0.57,0,RING,SIMPLE,24,RING,SIMPLE,24,0,RING,A_flag_ceiling
reduce_scatter_perf,1,8,32768,1024,float,sum,27.11,1.21,1.06,0,26.19,1.25,1.09,0,RING,SIMPLE,24,RING,SIMPLE,24,0,RING,A_flag_ceiling
reduce_scatter_perf,1,8,65536,2048,float,sum,28.06,2.34,2.04,0,27.19,2.41,2.11,0,RING,SIMPLE,24,RING,SIMPLE,24,0,RING,A_flag_ceiling
reduce_scatter_perf,1,8,131072,4096,float,sum,30.47,4.3,3.76,0,28.24,4.64,4.06,0,RING,SIMPLE,24,RING,SIMPLE,24,0,RING,A_flag_ceiling
reduce_scatter_perf,1,8,262144,8192,float,sum,27.69,9.47,8.28,0,27.32,9.59,8.4,0,RING,SIMPLE,24,RING,SIMPLE,24,0,RING,A_flag_ceiling
reduce_scatter_perf,1,8,524288,16384,float,sum,29.01,18.08,15.82,0,28.34,18.5,16.19,0,RING,SIMPLE,24,RING,SIMPLE,24,0,RING,A_flag_ceiling
reduce_scatter_perf,1,8,1048576,32768,float,sum,32.39,32.37,28.33,0,29.6,35.43,31.0,0,RING,SIMPLE,24,RING,SIMPLE,24,0,RING,A_flag_ceiling
reduce_scatter_perf,1,8,2097152,65536,float,sum,35.71,58.73,51.39,0,34.81,60.24,52.71,0,RING,SIMPLE,24,RING,SIMPLE,24,0,RING,A_flag_ceiling
reduce_scatter_perf,1,8,4194304,131072,float,sum,43.12,97.28,85.12,0,42.01,99.84,87.36,0,RING,SIMPLE,24,RING,SIMPLE,24,0,RING,A_flag_ceiling
reduce_scatter_perf,1,8,8388608,262144,float,sum,60.61,138.41,121.11,0,59.04,142.08,124.32,0,RING,SIMPLE,24,RING,SIMPLE,24,0,RING,A_flag_ceiling
reduce_scatter_perf,1,8,16777216,524288,float,sum,89.85,186.73,163.38,0,86.67,193.57,169.37,0,RING,SIMPLE,24,RING,SIMPLE,24,0,RING,A_flag_ceiling
reduce_scatter_perf,1,8,33554432,1048576,float,sum,150.74,222.6,194.77,0,145.05,231.33,202.42,0,RING,SIMPLE,24,RING,SIMPLE,24,0,RING,A_flag_ceiling
reduce_scatter_perf,1,8,67108864,2097152,float,sum,268.91,249.56,218.36,0,259.85,258.26,225.98,0,RING,SIMPLE,24,RING,SIMPLE,24,0,RING,A_flag_ceiling
reduce_scatter_perf,1,8,134217728,4194304,float,sum,520.75,257.74,225.52,0,506.72,264.88,231.77,0,RING,SIMPLE,24,RING,SIMPLE,24,0,RING,A_flag_ceiling
reduce_scatter_perf,1,8,268435456,8388608,float,sum,1005.33,267.01,233.64,0,988.22,271.64,237.68,0,RING,SIMPLE,24,RING,SIMPLE,24,0,RING,A_flag_ceiling
reduce_scatter_perf,1,8,536870912,16777216,float,sum,1994.78,269.14,235.5,0,1975.05,271.83,237.85,0,RING,SIMPLE,24,RING,SIMPLE,24,0,RING,A_flag_ceiling
reduce_scatter_perf,1,8,4096,128,float,sum,19.14,0.21,0.19,0,17.73,0.23,0.2,0,RING,LL,24,RING,LL,24,0,RING,A_flag_ceiling
reduce_scatter_perf,1,8,8192,256,float,sum,17.64,0.46,0.41,0,16.72,0.49,0.43,0,RING,LL,24,RING,LL,24,0,RING,A_flag_ceiling
reduce_scatter_perf,1,8,16384,512,float,sum,20.21,0.81,0.71,0,19.2,0.85,0.75,0,RING,LL,24,RING,LL,24,0,RING,A_flag_ceiling
reduce_scatter_perf,1,8,32768,1024,float,sum,19.87,1.65,1.44,0,18.93,1.73,1.51,0,RING,LL,24,RING,LL,24,0,RING,A_flag_ceiling
reduce_scatter_perf,1,8,65536,2048,float,sum,17.11,3.83,3.35,0,16.65,3.94,3.44,0,RING,LL,24,RING,LL,24,0,RING,A_flag_ceiling
reduce_scatter_perf,1,8,131072,4096,float,sum,22.89,5.73,5.01,0,17.78,7.37,6.45,0,RING,LL,24,RING,LL,24,0,RING,A_flag_ceiling
reduce_scatter_perf,1,8,262144,8192,float,sum,20.46,12.81,11.21,0,19.75,13.27,11.61,0,RING,LL,24,RING,LL,24,0,RING,A_flag_ceiling
reduce_scatter_perf,1,8,524288,16384,float,sum,24.73,21.2,18.55,0,24.08,21.77,19.05,0,RING,LL,24,RING,LL,24,0,RING,A_flag_ceiling
reduce_scatter_perf,1,8,1048576,32768,float,sum,34.12,30.74,26.89,0,31.25,33.56,29.36,0,RING,LL,24,RING,LL,24,0,RING,A_flag_ceiling
reduce_scatter_perf,1,8,2097152,65536,float,sum,49.24,42.59,37.27,0,48.36,43.37,37.95,0,RING,LL,24,RING,LL,24,0,RING,A_flag_ceiling
reduce_scatter_perf,1,8,4194304,131072,float,sum,85.88,48.84,42.73,0,84.04,49.91,43.67,0,RING,LL,24,RING,LL,24,0,RING,A_flag_ceiling
reduce_scatter_perf,1,8,8388608,262144,float,sum,159.19,52.69,46.11,0,158.51,52.92,46.31,0,RING,LL,24,RING,LL,24,0,RING,A_flag_ceiling
reduce_scatter_perf,1,8,16777216,524288,float,sum,305.53,54.91,48.05,0,307.41,54.58,47.75,0,RING,LL,24,RING,LL,24,0,RING,A_flag_ceiling
reduce_scatter_perf,1,8,33554432,1048576,float,sum,600.98,55.83,48.85,0,606.25,55.35,48.43,0,RING,LL,24,RING,LL,24,0,RING,A_flag_ceiling
reduce_scatter_perf,1,8,67108864,2097152,float,sum,1195.46,56.14,49.12,0,1216.5,55.17,48.27,0,RING,LL,24,RING,LL,24,0,RING,A_flag_ceiling
reduce_scatter_perf,1,8,134217728,4194304,float,sum,2388.74,56.19,49.16,0,2423.54,55.38,48.46,0,RING,LL,24,RING,LL,24,0,RING,A_flag_ceiling
reduce_scatter_perf,1,8,268435456,8388608,float,sum,4845.38,55.4,48.48,0,4870.04,55.12,48.23,0,RING,LL,24,RING,LL,24,0,RING,A_flag_ceiling
reduce_scatter_perf,1,8,536870912,16777216,float,sum,9628.39,55.76,48.79,0,9652.65,55.62,48.67,0,RING,LL,24,RING,LL,24,0,RING,A_flag_ceiling
reduce_scatter_perf,1,8,4096,128,float,sum,27.32,0.15,0.13,0,26.6,0.15,0.13,0,RING,SIMPLE,32,RING,SIMPLE,32,0,RING,A_flag_ceiling
reduce_scatter_perf,1,8,8192,256,float,sum,26.48,0.31,0.27,0,25.76,0.32,0.28,0,RING,SIMPLE,32,RING,SIMPLE,32,0,RING,A_flag_ceiling
reduce_scatter_perf,1,8,16384,512,float,sum,28.76,0.57,0.5,0,26.64,0.62,0.54,0,RING,SIMPLE,32,RING,SIMPLE,32,0,RING,A_flag_ceiling
reduce_scatter_perf,1,8,32768,1024,float,sum,27.14,1.21,1.06,0,26.27,1.25,1.09,0,RING,SIMPLE,32,RING,SIMPLE,32,0,RING,A_flag_ceiling
reduce_scatter_perf,1,8,65536,2048,float,sum,28.01,2.34,2.05,0,27.13,2.42,2.11,0,RING,SIMPLE,32,RING,SIMPLE,32,0,RING,A_flag_ceiling
reduce_scatter_perf,1,8,131072,4096,float,sum,30.97,4.23,3.7,0,27.98,4.68,4.1,0,RING,SIMPLE,32,RING,SIMPLE,32,0,RING,A_flag_ceiling
reduce_scatter_perf,1,8,262144,8192,float,sum,27.64,9.48,8.3,0,27.32,9.6,8.4,0,RING,SIMPLE,32,RING,SIMPLE,32,0,RING,A_flag_ceiling
reduce_scatter_perf,1,8,524288,16384,float,sum,28.49,18.4,16.1,0,27.98,18.74,16.4,0,RING,SIMPLE,32,RING,SIMPLE,32,0,RING,A_flag_ceiling
reduce_scatter_perf,1,8,1048576,32768,float,sum,30.7,34.16,29.89,0,29.46,35.59,31.14,0,RING,SIMPLE,32,RING,SIMPLE,32,0,RING,A_flag_ceiling
reduce_scatter_perf,1,8,2097152,65536,float,sum,31.65,66.26,57.98,0,30.76,68.18,59.66,0,RING,SIMPLE,32,RING,SIMPLE,32,0,RING,A_flag_ceiling
reduce_scatter_perf,1,8,4194304,131072,float,sum,39.01,107.53,94.09,0,37.81,110.94,97.07,0,RING,SIMPLE,32,RING,SIMPLE,32,0,RING,A_flag_ceiling
reduce_scatter_perf,1,8,8388608,262144,float,sum,53.79,155.96,136.47,0,51.15,164.0,143.5,0,RING,SIMPLE,32,RING,SIMPLE,32,0,RING,A_flag_ceiling
reduce_scatter_perf,1,8,16777216,524288,float,sum,79.1,212.1,185.59,0,75.68,221.7,193.99,0,RING,SIMPLE,32,RING,SIMPLE,32,0,RING,A_flag_ceiling
reduce_scatter_perf,1,8,33554432,1048576,float,sum,129.8,258.5,226.19,0,124.0,270.61,236.78,0,RING,SIMPLE,32,RING,SIMPLE,32,0,RING,A_flag_ceiling
reduce_scatter_perf,1,8,67108864,2097152,float,sum,231.84,289.47,253.28,0,222.11,302.14,264.38,0,RING,SIMPLE,32,RING,SIMPLE,32,0,RING,A_flag_ceiling
reduce_scatter_perf,1,8,134217728,4194304,float,sum,440.24,304.87,266.76,0,421.52,318.41,278.61,0,RING,SIMPLE,32,RING,SIMPLE,32,0,RING,A_flag_ceiling
reduce_scatter_perf,1,8,268435456,8388608,float,sum,853.22,314.61,275.29,0,829.38,323.66,283.2,0,RING,SIMPLE,32,RING,SIMPLE,32,0,RING,A_flag_ceiling
reduce_scatter_perf,1,8,536870912,16777216,float,sum,1682.07,319.17,279.28,0,1682.48,319.1,279.21,0,RING,SIMPLE,32,RING,SIMPLE,32,0,RING,A_flag_ceiling
reduce_scatter_perf,1,8,4096,128,float,sum,18.87,0.22,0.19,0,16.18,0.25,0.22,0,RING,LL,32,RING,LL,32,0,RING,A_flag_ceiling
reduce_scatter_perf,1,8,8192,256,float,sum,16.95,0.48,0.42,0,16.19,0.51,0.44,0,RING,LL,32,RING,LL,32,0,RING,A_flag_ceiling
reduce_scatter_perf,1,8,16384,512,float,sum,21.23,0.77,0.68,0,19.83,0.83,0.72,0,RING,LL,32,RING,LL,32,0,RING,A_flag_ceiling
reduce_scatter_perf,1,8,32768,1024,float,sum,18.83,1.74,1.52,0,17.51,1.87,1.64,0,RING,LL,32,RING,LL,32,0,RING,A_flag_ceiling
reduce_scatter_perf,1,8,65536,2048,float,sum,17.37,3.77,3.3,0,17.02,3.85,3.37,0,RING,LL,32,RING,LL,32,0,RING,A_flag_ceiling
reduce_scatter_perf,1,8,131072,4096,float,sum,20.23,6.48,5.67,0,19.05,6.88,6.02,0,RING,LL,32,RING,LL,32,0,RING,A_flag_ceiling
reduce_scatter_perf,1,8,262144,8192,float,sum,19.71,13.3,11.64,0,18.27,14.35,12.56,0,RING,LL,32,RING,LL,32,0,RING,A_flag_ceiling
reduce_scatter_perf,1,8,524288,16384,float,sum,19.27,27.21,23.81,0,18.49,28.36,24.81,0,RING,LL,32,RING,LL,32,0,RING,A_flag_ceiling
reduce_scatter_perf,1,8,1048576,32768,float,sum,28.97,36.2,31.67,0,26.49,39.59,34.64,0,RING,LL,32,RING,LL,32,0,RING,A_flag_ceiling
reduce_scatter_perf,1,8,2097152,65536,float,sum,38.08,55.07,48.19,0,37.02,56.65,49.57,0,RING,LL,32,RING,LL,32,0,RING,A_flag_ceiling
reduce_scatter_perf,1,8,4194304,131072,float,sum,62.35,67.27,58.86,0,61.37,68.35,59.81,0,RING,LL,32,RING,LL,32,0,RING,A_flag_ceiling
reduce_scatter_perf,1,8,8388608,262144,float,sum,117.64,71.31,62.4,0,117.27,71.54,62.59,0,RING,LL,32,RING,LL,32,0,RING,A_flag_ceiling
reduce_scatter_perf,1,8,16777216,524288,float,sum,227.62,73.71,64.49,0,230.2,72.88,63.77,0,RING,LL,32,RING,LL,32,0,RING,A_flag_ceiling
reduce_scatter_perf,1,8,33554432,1048576,float,sum,453.47,73.99,64.74,0,458.03,73.26,64.1,0,RING,LL,32,RING,LL,32,0,RING,A_flag_ceiling
reduce_scatter_perf,1,8,67108864,2097152,float,sum,901.35,74.45,65.15,0,914.44,73.39,64.21,0,RING,LL,32,RING,LL,32,0,RING,A_flag_ceiling
reduce_scatter_perf,1,8,134217728,4194304,float,sum,1799.37,74.59,65.27,0,1841.93,72.87,63.76,0,RING,LL,32,RING,LL,32,0,RING,A_flag_ceiling
reduce_scatter_perf,1,8,268435456,8388608,float,sum,3627.55,74.0,64.75,0,3695.82,72.63,63.55,0,RING,LL,32,RING,LL,32,0,RING,A_flag_ceiling
reduce_scatter_perf,1,8,536870912,16777216,float,sum,7302.49,73.52,64.33,0,7339.58,73.15,64.0,0,RING,LL,32,RING,LL,32,0,RING,A_flag_ceiling
reduce_scatter_perf,1,8,4096,128,float,sum,26.97,0.15,0.13,0,26.21,0.16,0.14,0,RING,SIMPLE,40,RING,SIMPLE,40,0,RING,A_flag_ceiling
reduce_scatter_perf,1,8,8192,256,float,sum,26.15,0.31,0.27,0,25.46,0.32,0.28,0,RING,SIMPLE,40,RING,SIMPLE,40,0,RING,A_flag_ceiling
reduce_scatter_perf,1,8,16384,512,float,sum,28.47,0.58,0.5,0,26.23,0.62,0.55,0,RING,SIMPLE,40,RING,SIMPLE,40,0,RING,A_flag_ceiling
reduce_scatter_perf,1,8,32768,1024,float,sum,27.12,1.21,1.06,0,26.15,1.25,1.1,0,RING,SIMPLE,40,RING,SIMPLE,40,0,RING,A_flag_ceiling
reduce_scatter_perf,1,8,65536,2048,float,sum,28.16,2.33,2.04,0,27.25,2.41,2.1,0,RING,SIMPLE,40,RING,SIMPLE,40,0,RING,A_flag_ceiling
reduce_scatter_perf,1,8,131072,4096,float,sum,31.5,4.16,3.64,0,28.32,4.63,4.05,0,RING,SIMPLE,40,RING,SIMPLE,40,0,RING,A_flag_ceiling
reduce_scatter_perf,1,8,262144,8192,float,sum,27.99,9.36,8.19,0,27.48,9.54,8.35,0,RING,SIMPLE,40,RING,SIMPLE,40,0,RING,A_flag_ceiling
reduce_scatter_perf,1,8,524288,16384,float,sum,28.7,18.27,15.99,0,28.23,18.57,16.25,0,RING,SIMPLE,40,RING,SIMPLE,40,0,RING,A_flag_ceiling
reduce_scatter_perf,1,8,1048576,32768,float,sum,32.14,32.63,28.55,0,29.54,35.5,31.06,0,RING,SIMPLE,40,RING,SIMPLE,40,0,RING,A_flag_ceiling
reduce_scatter_perf,1,8,2097152,65536,float,sum,31.6,66.36,58.06,0,30.91,67.84,59.36,0,RING,SIMPLE,40,RING,SIMPLE,40,0,RING,A_flag_ceiling
reduce_scatter_perf,1,8,4194304,131072,float,sum,40.15,104.47,91.42,0,39.13,107.2,93.8,0,RING,SIMPLE,40,RING,SIMPLE,40,0,RING,A_flag_ceiling
reduce_scatter_perf,1,8,8388608,262144,float,sum,53.47,156.89,137.27,0,50.55,165.94,145.2,0,RING,SIMPLE,40,RING,SIMPLE,40,0,RING,A_flag_ceiling
reduce_scatter_perf,1,8,16777216,524288,float,sum,74.17,226.2,197.92,0,70.89,236.67,207.09,0,RING,SIMPLE,40,RING,SIMPLE,40,0,RING,A_flag_ceiling
reduce_scatter_perf,1,8,33554432,1048576,float,sum,115.4,290.76,254.41,0,110.0,305.05,266.92,0,RING,SIMPLE,40,RING,SIMPLE,40,0,RING,A_flag_ceiling
reduce_scatter_perf,1,8,67108864,2097152,float,sum,200.43,334.82,292.97,0,192.37,348.85,305.24,0,RING,SIMPLE,40,RING,SIMPLE,40,0,RING,A_flag_ceiling
reduce_scatter_perf,1,8,134217728,4194304,float,sum,371.36,361.42,316.24,0,357.1,375.86,328.88,0,RING,SIMPLE,40,RING,SIMPLE,40,0,RING,A_flag_ceiling
reduce_scatter_perf,1,8,268435456,8388608,float,sum,713.61,376.16,329.14,0,694.47,386.53,338.21,0,RING,SIMPLE,40,RING,SIMPLE,40,0,RING,A_flag_ceiling
reduce_scatter_perf,1,8,536870912,16777216,float,sum,1402.51,382.79,334.94,0,1397.7,384.11,336.1,0,RING,SIMPLE,40,RING,SIMPLE,40,0,RING,A_flag_ceiling
reduce_scatter_perf,1,8,4096,128,float,sum,19.77,0.21,0.18,0,16.9,0.24,0.21,0,RING,LL,40,RING,LL,40,0,RING,A_flag_ceiling
reduce_scatter_perf,1,8,8192,256,float,sum,17.52,0.47,0.41,0,16.62,0.49,0.43,0,RING,LL,40,RING,LL,40,0,RING,A_flag_ceiling
reduce_scatter_perf,1,8,16384,512,float,sum,20.03,0.82,0.72,0,19.23,0.85,0.75,0,RING,LL,40,RING,LL,40,0,RING,A_flag_ceiling
reduce_scatter_perf,1,8,32768,1024,float,sum,19.05,1.72,1.51,0,17.3,1.89,1.66,0,RING,LL,40,RING,LL,40,0,RING,A_flag_ceiling
reduce_scatter_perf,1,8,65536,2048,float,sum,17.75,3.69,3.23,0,16.79,3.9,3.42,0,RING,LL,40,RING,LL,40,0,RING,A_flag_ceiling
reduce_scatter_perf,1,8,131072,4096,float,sum,20.38,6.43,5.63,0,19.2,6.83,5.97,0,RING,LL,40,RING,LL,40,0,RING,A_flag_ceiling
reduce_scatter_perf,1,8,262144,8192,float,sum,19.52,13.43,11.75,0,18.06,14.52,12.7,0,RING,LL,40,RING,LL,40,0,RING,A_flag_ceiling
reduce_scatter_perf,1,8,524288,16384,float,sum,19.3,27.17,23.77,0,18.76,27.94,24.45,0,RING,LL,40,RING,LL,40,0,RING,A_flag_ceiling
reduce_scatter_perf,1,8,1048576,32768,float,sum,27.39,38.28,33.5,0,25.37,41.34,36.17,0,RING,LL,40,RING,LL,40,0,RING,A_flag_ceiling
reduce_scatter_perf,1,8,2097152,65536,float,sum,37.72,55.6,48.65,0,36.78,57.02,49.9,0,RING,LL,40,RING,LL,40,0,RING,A_flag_ceiling
reduce_scatter_perf,1,8,4194304,131072,float,sum,56.28,74.52,65.2,0,55.42,75.69,66.23,0,RING,LL,40,RING,LL,40,0,RING,A_flag_ceiling
reduce_scatter_perf,1,8,8388608,262144,float,sum,99.96,83.92,73.43,0,99.99,83.9,73.41,0,RING,LL,40,RING,LL,40,0,RING,A_flag_ceiling
reduce_scatter_perf,1,8,16777216,524288,float,sum,192.84,87.0,76.13,0,194.38,86.31,75.52,0,RING,LL,40,RING,LL,40,0,RING,A_flag_ceiling
reduce_scatter_perf,1,8,33554432,1048576,float,sum,374.02,89.71,78.5,0,382.35,87.76,76.79,0,RING,LL,40,RING,LL,40,0,RING,A_flag_ceiling
reduce_scatter_perf,1,8,67108864,2097152,float,sum,728.75,92.09,80.58,0,752.68,89.16,78.02,0,RING,LL,40,RING,LL,40,0,RING,A_flag_ceiling
reduce_scatter_perf,1,8,134217728,4194304,float,sum,1449.47,92.6,81.02,0,1493.22,89.88,78.65,0,RING,LL,40,RING,LL,40,0,RING,A_flag_ceiling
reduce_scatter_perf,1,8,268435456,8388608,float,sum,2939.92,91.31,79.89,0,3007.04,89.27,78.11,0,RING,LL,40,RING,LL,40,0,RING,A_flag_ceiling
reduce_scatter_perf,1,8,536870912,16777216,float,sum,5927.17,90.58,79.26,0,5955.01,90.15,78.89,0,RING,LL,40,RING,LL,40,0,RING,A_flag_ceiling
reduce_scatter_perf,1,8,4096,128,float,sum,26.85,0.15,0.13,0,26.08,0.16,0.14,0,RING,SIMPLE,48,RING,SIMPLE,48,0,RING,A_flag_ceiling
reduce_scatter_perf,1,8,8192,256,float,sum,25.96,0.32,0.28,0,25.42,0.32,0.28,0,RING,SIMPLE,48,RING,SIMPLE,48,0,RING,A_flag_ceiling
reduce_scatter_perf,1,8,16384,512,float,sum,28.68,0.57,0.5,0,26.33,0.62,0.54,0,RING,SIMPLE,48,RING,SIMPLE,48,0,RING,A_flag_ceiling
reduce_scatter_perf,1,8,32768,1024,float,sum,27.22,1.2,1.05,0,26.1,1.26,1.1,0,RING,SIMPLE,48,RING,SIMPLE,48,0,RING,A_flag_ceiling
reduce_scatter_perf,1,8,65536,2048,float,sum,27.77,2.36,2.06,0,27.1,2.42,2.12,0,RING,SIMPLE,48,RING,SIMPLE,48,0,RING,A_flag_ceiling
reduce_scatter_perf,1,8,131072,4096,float,sum,30.86,4.25,3.72,0,27.98,4.68,4.1,0,RING,SIMPLE,48,RING,SIMPLE,48,0,RING,A_flag_ceiling
reduce_scatter_perf,1,8,262144,8192,float,sum,27.64,9.48,8.3,0,27.23,9.63,8.42,0,RING,SIMPLE,48,RING,SIMPLE,48,0,RING,A_flag_ceiling
reduce_scatter_perf,1,8,524288,16384,float,sum,28.44,18.44,16.13,0,28.01,18.72,16.38,0,RING,SIMPLE,48,RING,SIMPLE,48,0,RING,A_flag_ceiling
reduce_scatter_perf,1,8,1048576,32768,float,sum,31.52,33.27,29.11,0,29.25,35.85,31.37,0,RING,SIMPLE,48,RING,SIMPLE,48,0,RING,A_flag_ceiling
reduce_scatter_perf,1,8,2097152,65536,float,sum,32.33,64.87,56.76,0,31.13,67.37,58.95,0,RING,SIMPLE,48,RING,SIMPLE,48,0,RING,A_flag_ceiling
reduce_scatter_perf,1,8,4194304,131072,float,sum,39.27,106.81,93.46,0,38.52,108.89,95.28,0,RING,SIMPLE,48,RING,SIMPLE,48,0,RING,A_flag_ceiling
reduce_scatter_perf,1,8,8388608,262144,float,sum,50.72,165.39,144.72,0,48.6,172.62,151.04,0,RING,SIMPLE,48,RING,SIMPLE,48,0,RING,A_flag_ceiling
reduce_scatter_perf,1,8,16777216,524288,float,sum,72.35,231.88,202.9,0,69.26,242.24,211.96,0,RING,SIMPLE,48,RING,SIMPLE,48,0,RING,A_flag_ceiling
reduce_scatter_perf,1,8,33554432,1048576,float,sum,113.96,294.43,257.63,0,108.22,310.05,271.29,0,RING,SIMPLE,48,RING,SIMPLE,48,0,RING,A_flag_ceiling
reduce_scatter_perf,1,8,67108864,2097152,float,sum,200.84,334.15,292.38,0,189.76,353.65,309.45,0,RING,SIMPLE,48,RING,SIMPLE,48,0,RING,A_flag_ceiling
reduce_scatter_perf,1,8,134217728,4194304,float,sum,376.2,356.77,312.17,0,356.12,376.88,329.77,0,RING,SIMPLE,48,RING,SIMPLE,48,0,RING,A_flag_ceiling
reduce_scatter_perf,1,8,268435456,8388608,float,sum,727.29,369.09,322.96,0,701.67,382.57,334.74,0,RING,SIMPLE,48,RING,SIMPLE,48,0,RING,A_flag_ceiling
reduce_scatter_perf,1,8,536870912,16777216,float,sum,1427.01,376.22,329.19,0,1421.01,377.81,330.58,0,RING,SIMPLE,48,RING,SIMPLE,48,0,RING,A_flag_ceiling
reduce_scatter_perf,1,8,4096,128,float,sum,19.19,0.21,0.19,0,16.32,0.25,0.22,0,RING,LL,48,RING,LL,48,0,RING,A_flag_ceiling
reduce_scatter_perf,1,8,8192,256,float,sum,17.34,0.47,0.41,0,16.36,0.5,0.44,0,RING,LL,48,RING,LL,48,0,RING,A_flag_ceiling
reduce_scatter_perf,1,8,16384,512,float,sum,20.75,0.79,0.69,0,18.48,0.89,0.78,0,RING,LL,48,RING,LL,48,0,RING,A_flag_ceiling
reduce_scatter_perf,1,8,32768,1024,float,sum,18.97,1.73,1.51,0,17.83,1.84,1.61,0,RING,LL,48,RING,LL,48,0,RING,A_flag_ceiling
reduce_scatter_perf,1,8,65536,2048,float,sum,17.26,3.8,3.32,0,16.63,3.94,3.45,0,RING,LL,48,RING,LL,48,0,RING,A_flag_ceiling
reduce_scatter_perf,1,8,131072,4096,float,sum,20.42,6.42,5.62,0,18.93,6.92,6.06,0,RING,LL,48,RING,LL,48,0,RING,A_flag_ceiling
reduce_scatter_perf,1,8,262144,8192,float,sum,19.51,13.43,11.75,0,18.25,14.37,12.57,0,RING,LL,48,RING,LL,48,0,RING,A_flag_ceiling
reduce_scatter_perf,1,8,524288,16384,float,sum,18.9,27.74,24.27,0,18.5,28.35,24.8,0,RING,LL,48,RING,LL,48,0,RING,A_flag_ceiling
reduce_scatter_perf,1,8,1048576,32768,float,sum,27.69,37.87,33.14,0,25.47,41.18,36.03,0,RING,LL,48,RING,LL,48,0,RING,A_flag_ceiling
reduce_scatter_perf,1,8,2097152,65536,float,sum,32.08,65.38,57.21,0,31.34,66.91,58.54,0,RING,LL,48,RING,LL,48,0,RING,A_flag_ceiling
reduce_scatter_perf,1,8,4194304,131072,float,sum,50.46,83.13,72.74,0,49.72,84.36,73.81,0,RING,LL,48,RING,LL,48,0,RING,A_flag_ceiling
reduce_scatter_perf,1,8,8388608,262144,float,sum,88.33,94.97,83.1,0,87.65,95.71,83.74,0,RING,LL,48,RING,LL,48,0,RING,A_flag_ceiling
reduce_scatter_perf,1,8,16777216,524288,float,sum,163.45,102.64,89.81,0,163.94,102.34,89.55,0,RING,LL,48,RING,LL,48,0,RING,A_flag_ceiling
reduce_scatter_perf,1,8,33554432,1048576,float,sum,314.63,106.65,93.32,0,318.71,105.28,92.12,0,RING,LL,48,RING,LL,48,0,RING,A_flag_ceiling
reduce_scatter_perf,1,8,67108864,2097152,float,sum,615.33,109.06,95.43,0,629.84,106.55,93.23,0,RING,LL,48,RING,LL,48,0,RING,A_flag_ceiling
reduce_scatter_perf,1,8,134217728,4194304,float,sum,1218.59,110.14,96.37,0,1250.81,107.3,93.89,0,RING,LL,48,RING,LL,48,0,RING,A_flag_ceiling
reduce_scatter_perf,1,8,268435456,8388608,float,sum,2453.17,109.42,95.75,0,2492.45,107.7,94.24,0,RING,LL,48,RING,LL,48,0,RING,A_flag_ceiling
reduce_scatter_perf,1,8,536870912,16777216,float,sum,4931.57,108.86,95.26,0,4969.87,108.03,94.52,0,RING,LL,48,RING,LL,48,0,RING,A_flag_ceiling
reduce_scatter_perf,1,8,4096,128,float,sum,26.95,0.15,0.13,0,26.12,0.16,0.14,0,RING,SIMPLE,56,RING,SIMPLE,56,0,RING,A_flag_ceiling
reduce_scatter_perf,1,8,8192,256,float,sum,26.59,0.31,0.27,0,25.43,0.32,0.28,0,RING,SIMPLE,56,RING,SIMPLE,56,0,RING,A_flag_ceiling
reduce_scatter_perf,1,8,16384,512,float,sum,28.47,0.58,0.5,0,25.21,0.65,0.57,0,RING,SIMPLE,56,RING,SIMPLE,56,0,RING,A_flag_ceiling
reduce_scatter_perf,1,8,32768,1024,float,sum,27.42,1.19,1.05,0,26.14,1.25,1.1,0,RING,SIMPLE,56,RING,SIMPLE,56,0,RING,A_flag_ceiling
reduce_scatter_perf,1,8,65536,2048,float,sum,28.0,2.34,2.05,0,27.27,2.4,2.1,0,RING,SIMPLE,56,RING,SIMPLE,56,0,RING,A_flag_ceiling
reduce_scatter_perf,1,8,131072,4096,float,sum,30.53,4.29,3.76,0,28.02,4.68,4.09,0,RING,SIMPLE,56,RING,SIMPLE,56,0,RING,A_flag_ceiling
reduce_scatter_perf,1,8,262144,8192,float,sum,27.96,9.37,8.2,0,27.74,9.45,8.27,0,RING,SIMPLE,56,RING,SIMPLE,56,0,RING,A_flag_ceiling
reduce_scatter_perf,1,8,524288,16384,float,sum,28.76,18.23,15.95,0,28.22,18.58,16.26,0,RING,SIMPLE,56,RING,SIMPLE,56,0,RING,A_flag_ceiling
reduce_scatter_perf,1,8,1048576,32768,float,sum,30.53,34.35,30.06,0,29.64,35.38,30.96,0,RING,SIMPLE,56,RING,SIMPLE,56,0,RING,A_flag_ceiling
reduce_scatter_perf,1,8,2097152,65536,float,sum,32.26,65.0,56.88,0,31.43,66.72,58.38,0,RING,SIMPLE,56,RING,SIMPLE,56,0,RING,A_flag_ceiling
reduce_scatter_perf,1,8,4194304,131072,float,sum,40.11,104.57,91.5,0,39.04,107.43,94.0,0,RING,SIMPLE,56,RING,SIMPLE,56,0,RING,A_flag_ceiling
reduce_scatter_perf,1,8,8388608,262144,float,sum,52.18,160.76,140.67,0,49.48,169.54,148.35,0,RING,SIMPLE,56,RING,SIMPLE,56,0,RING,A_flag_ceiling
reduce_scatter_perf,1,8,16777216,524288,float,sum,69.12,242.72,212.38,0,66.32,252.96,221.34,0,RING,SIMPLE,56,RING,SIMPLE,56,0,RING,A_flag_ceiling
reduce_scatter_perf,1,8,33554432,1048576,float,sum,109.44,306.59,268.27,0,103.95,322.78,282.43,0,RING,SIMPLE,56,RING,SIMPLE,56,0,RING,A_flag_ceiling
reduce_scatter_perf,1,8,67108864,2097152,float,sum,188.3,356.39,311.84,0,178.11,376.79,329.69,0,RING,SIMPLE,56,RING,SIMPLE,56,0,RING,A_flag_ceiling
reduce_scatter_perf,1,8,134217728,4194304,float,sum,346.7,387.13,338.74,0,327.61,409.68,358.47,0,RING,SIMPLE,56,RING,SIMPLE,56,0,RING,A_flag_ceiling
reduce_scatter_perf,1,8,268435456,8388608,float,sum,669.47,400.97,350.84,0,646.52,415.2,363.3,0,RING,SIMPLE,56,RING,SIMPLE,56,0,RING,A_flag_ceiling
reduce_scatter_perf,1,8,536870912,16777216,float,sum,1295.19,414.51,362.7,0,1292.54,415.36,363.44,0,RING,SIMPLE,56,RING,SIMPLE,56,0,RING,A_flag_ceiling
reduce_scatter_perf,1,8,4096,128,float,sum,19.73,0.21,0.18,0,16.5,0.25,0.22,0,RING,LL,56,RING,LL,56,0,RING,A_flag_ceiling
reduce_scatter_perf,1,8,8192,256,float,sum,16.89,0.49,0.42,0,16.36,0.5,0.44,0,RING,LL,56,RING,LL,56,0,RING,A_flag_ceiling
reduce_scatter_perf,1,8,16384,512,float,sum,20.61,0.79,0.7,0,19.03,0.86,0.75,0,RING,LL,56,RING,LL,56,0,RING,A_flag_ceiling
reduce_scatter_perf,1,8,32768,1024,float,sum,19.21,1.71,1.49,0,17.79,1.84,1.61,0,RING,LL,56,RING,LL,56,0,RING,A_flag_ceiling
reduce_scatter_perf,1,8,65536,2048,float,sum,17.59,3.73,3.26,0,16.48,3.98,3.48,0,RING,LL,56,RING,LL,56,0,RING,A_flag_ceiling
reduce_scatter_perf,1,8,131072,4096,float,sum,21.2,6.18,5.41,0,19.03,6.89,6.03,0,RING,LL,56,RING,LL,56,0,RING,A_flag_ceiling
reduce_scatter_perf,1,8,262144,8192,float,sum,19.28,13.6,11.9,0,18.0,14.56,12.74,0,RING,LL,56,RING,LL,56,0,RING,A_flag_ceiling
reduce_scatter_perf,1,8,524288,16384,float,sum,18.93,27.7,24.24,0,18.2,28.8,25.2,0,RING,LL,56,RING,LL,56,0,RING,A_flag_ceiling
reduce_scatter_perf,1,8,1048576,32768,float,sum,27.87,37.63,32.92,0,25.24,41.55,36.35,0,RING,LL,56,RING,LL,56,0,RING,A_flag_ceiling
reduce_scatter_perf,1,8,2097152,65536,float,sum,31.68,66.2,57.93,0,31.28,67.04,58.66,0,RING,LL,56,RING,LL,56,0,RING,A_flag_ceiling
reduce_scatter_perf,1,8,4194304,131072,float,sum,45.18,92.83,81.23,0,44.34,94.59,82.77,0,RING,LL,56,RING,LL,56,0,RING,A_flag_ceiling
reduce_scatter_perf,1,8,8388608,262144,float,sum,82.18,102.08,89.32,0,81.55,102.87,90.01,0,RING,LL,56,RING,LL,56,0,RING,A_flag_ceiling
reduce_scatter_perf,1,8,16777216,524288,float,sum,145.76,115.1,100.71,0,146.34,114.65,100.32,0,RING,LL,56,RING,LL,56,0,RING,A_flag_ceiling
reduce_scatter_perf,1,8,33554432,1048576,float,sum,274.82,122.1,106.83,0,278.5,120.48,105.42,0,RING,LL,56,RING,LL,56,0,RING,A_flag_ceiling
reduce_scatter_perf,1,8,67108864,2097152,float,sum,541.18,124.01,108.5,0,552.46,121.47,106.29,0,RING,LL,56,RING,LL,56,0,RING,A_flag_ceiling
reduce_scatter_perf,1,8,134217728,4194304,float,sum,1064.24,126.12,110.35,0,1089.99,123.14,107.74,0,RING,LL,56,RING,LL,56,0,RING,A_flag_ceiling
reduce_scatter_perf,1,8,268435456,8388608,float,sum,2123.14,126.43,110.63,0,2167.0,123.87,108.39,0,RING,LL,56,RING,LL,56,0,RING,A_flag_ceiling
reduce_scatter_perf,1,8,536870912,16777216,float,sum,4275.48,125.57,109.87,0,4307.73,124.63,109.05,0,RING,LL,56,RING,LL,56,0,RING,A_flag_ceiling
