collective,num_nodes,num_gpus,size_bytes,count,data_type,redop,time_oop_us,algbw_oop,busbw_oop,errors_oop,time_ip_us,algbw_ip,busbw_ip,errors_ip,algo,proto,nchannels,requested_algo,requested_proto,requested_nchannels,substituted,measured_algo_raw,nchannels_source
reduce_scatter_perf,2,16,4096,64,float,sum,144.15,0.03,0.03,0,142.53,0.03,0.03,0,RING,SIMPLE,1,RING,SIMPLE,1,0,RING,A_flag_ceiling
reduce_scatter_perf,2,16,8192,128,float,sum,142.95,0.06,0.05,0,142.8,0.06,0.05,0,RING,SIMPLE,1,RING,SIMPLE,1,0,RING,A_flag_ceiling
reduce_scatter_perf,2,16,16384,256,float,sum,145.5,0.11,0.11,0,142.67,0.11,0.11,0,RING,SIMPLE,1,RING,SIMPLE,1,0,RING,A_flag_ceiling
reduce_scatter_perf,2,16,32768,512,float,sum,143.23,0.23,0.21,0,142.69,0.23,0.22,0,RING,SIMPLE,1,RING,SIMPLE,1,0,RING,A_flag_ceiling
reduce_scatter_perf,2,16,65536,1024,float,sum,145.24,0.45,0.42,0,144.61,0.45,0.42,0,RING,SIMPLE,1,RING,SIMPLE,1,0,RING,A_flag_ceiling
reduce_scatter_perf,2,16,131072,2048,float,sum,282.06,0.46,0.44,0,283.29,0.46,0.43,0,RING,SIMPLE,1,RING,SIMPLE,1,0,RING,A_flag_ceiling
reduce_scatter_perf,2,16,262144,4096,float,sum,272.78,0.96,0.9,0,272.92,0.96,0.9,0,RING,SIMPLE,1,RING,SIMPLE,1,0,RING,A_flag_ceiling
reduce_scatter_perf,2,16,524288,8192,float,sum,303.68,1.73,1.62,0,304.34,1.72,1.62,0,RING,SIMPLE,1,RING,SIMPLE,1,0,RING,A_flag_ceiling
reduce_scatter_perf,2,16,1048576,16384,float,sum,369.36,2.84,2.66,0,368.86,2.84,2.67,0,RING,SIMPLE,1,RING,SIMPLE,1,0,RING,A_flag_ceiling
reduce_scatter_perf,2,16,2097152,32768,float,sum,497.15,4.22,3.95,0,492.7,4.26,3.99,0,RING,SIMPLE,1,RING,SIMPLE,1,0,RING,A_flag_ceiling
reduce_scatter_perf,2,16,4194304,65536,float,sum,425.54,9.86,9.24,0,408.36,10.27,9.63,0,RING,SIMPLE,1,RING,SIMPLE,1,0,RING,A_flag_ceiling
reduce_scatter_perf,2,16,8388608,131072,float,sum,713.04,11.76,11.03,0,677.35,12.38,11.61,0,RING,SIMPLE,1,RING,SIMPLE,1,0,RING,A_flag_ceiling
reduce_scatter_perf,2,16,16777216,262144,float,sum,953.82,17.59,16.49,0,903.39,18.57,17.41,0,RING,SIMPLE,1,RING,SIMPLE,1,0,RING,A_flag_ceiling
reduce_scatter_perf,2,16,33554432,524288,float,sum,1781.89,18.83,17.65,0,1697.77,19.76,18.53,0,RING,SIMPLE,1,RING,SIMPLE,1,0,RING,A_flag_ceiling
reduce_scatter_perf,2,16,67108864,1048576,float,sum,3542.29,18.95,17.76,0,3400.23,19.74,18.5,0,RING,SIMPLE,1,RING,SIMPLE,1,0,RING,A_flag_ceiling
reduce_scatter_perf,2,16,134217728,2097152,float,sum,7090.57,18.93,17.75,0,6818.47,19.68,18.45,0,RING,SIMPLE,1,RING,SIMPLE,1,0,RING,A_flag_ceiling
reduce_scatter_perf,2,16,268435456,4194304,float,sum,14154.2,18.97,17.78,0,13695.8,19.6,18.37,0,RING,SIMPLE,1,RING,SIMPLE,1,0,RING,A_flag_ceiling
reduce_scatter_perf,2,16,536870912,8388608,float,sum,28358.6,18.93,17.75,0,27510.8,19.51,18.3,0,RING,SIMPLE,1,RING,SIMPLE,1,0,RING,A_flag_ceiling
reduce_scatter_perf,2,16,4096,64,float,sum,51.75,0.08,0.07,0,40.91,0.1,0.09,0,RING,LL,1,RING,LL,1,0,RING,A_flag_ceiling
reduce_scatter_perf,2,16,8192,128,float,sum,41.08,0.2,0.19,0,41.02,0.2,0.19,0,RING,LL,1,RING,LL,1,0,RING,A_flag_ceiling
reduce_scatter_perf,2,16,16384,256,float,sum,44.85,0.37,0.34,0,41.22,0.4,0.37,0,RING,LL,1,RING,LL,1,0,RING,A_flag_ceiling
reduce_scatter_perf,2,16,32768,512,float,sum,43.31,0.76,0.71,0,61.26,0.53,0.5,0,RING,LL,1,RING,LL,1,0,RING,A_flag_ceiling
reduce_scatter_perf,2,16,65536,1024,float,sum,49.76,1.32,1.23,0,48.79,1.34,1.26,0,RING,LL,1,RING,LL,1,0,RING,A_flag_ceiling
reduce_scatter_perf,2,16,131072,2048,float,sum,287.21,0.46,0.43,0,283.82,0.46,0.43,0,RING,LL,1,RING,LL,1,0,RING,A_flag_ceiling
reduce_scatter_perf,2,16,262144,4096,float,sum,278.39,0.94,0.88,0,271.15,0.97,0.91,0,RING,LL,1,RING,LL,1,0,RING,A_flag_ceiling
reduce_scatter_perf,2,16,524288,8192,float,sum,302.96,1.73,1.62,0,301.28,1.74,1.63,0,RING,LL,1,RING,LL,1,0,RING,A_flag_ceiling
reduce_scatter_perf,2,16,1048576,16384,float,sum,370.36,2.83,2.65,0,367.36,2.85,2.68,0,RING,LL,1,RING,LL,1,0,RING,A_flag_ceiling
reduce_scatter_perf,2,16,2097152,32768,float,sum,495.93,4.23,3.96,0,491.62,4.27,4.0,0,RING,LL,1,RING,LL,1,0,RING,A_flag_ceiling
reduce_scatter_perf,2,16,4194304,65536,float,sum,1703.59,2.46,2.31,0,1691.19,2.48,2.33,0,RING,LL,1,RING,LL,1,0,RING,A_flag_ceiling
reduce_scatter_perf,2,16,8388608,131072,float,sum,3406.13,2.46,2.31,0,3381.14,2.48,2.33,0,RING,LL,1,RING,LL,1,0,RING,A_flag_ceiling
reduce_scatter_perf,2,16,16777216,262144,float,sum,6808.62,2.46,2.31,0,6767.88,2.48,2.32,0,RING,LL,1,RING,LL,1,0,RING,A_flag_ceiling
reduce_scatter_perf,2,16,33554432,524288,float,sum,13592.4,2.47,2.31,0,13521.3,2.48,2.33,0,RING,LL,1,RING,LL,1,0,RING,A_flag_ceiling
reduce_scatter_perf,2,16,67108864,1048576,float,sum,27353.8,2.45,2.3,0,27186.6,2.47,2.31,0,RING,LL,1,RING,LL,1,0,RING,A_flag_ceiling
reduce_scatter_perf,2,16,134217728,2097152,float,sum,54725.6,2.45,2.3,0,54496.0,2.46,2.31,0,RING,LL,1,RING,LL,1,0,RING,A_flag_ceiling
reduce_scatter_perf,2,16,268435456,4194304,float,sum,109501.0,2.45,2.3,0,109190.0,2.46,2.3,0,RING,LL,1,RING,LL,1,0,RING,A_flag_ceiling
reduce_scatter_perf,2,16,536870912,8388608,float,sum,219443.0,2.45,2.29,0,218419.0,2.46,2.3,0,RING,LL,1,RING,LL,1,0,RING,A_flag_ceiling
reduce_scatter_perf,2,16,4096,64,float,sum,50.65,0.08,0.08,0,49.52,0.08,0.08,0,RING,LL128,1,RING,LL128,1,0,RING,A_flag_ceiling
reduce_scatter_perf,2,16,8192,128,float,sum,49.12,0.17,0.16,0,49.03,0.17,0.16,0,RING,LL128,1,RING,LL128,1,0,RING,A_flag_ceiling
reduce_scatter_perf,2,16,16384,256,float,sum,52.19,0.31,0.29,0,48.66,0.34,0.32,0,RING,LL128,1,RING,LL128,1,0,RING,A_flag_ceiling
reduce_scatter_perf,2,16,32768,512,float,sum,49.34,0.66,0.62,0,48.7,0.67,0.63,0,RING,LL128,1,RING,LL128,1,0,RING,A_flag_ceiling
reduce_scatter_perf,2,16,65536,1024,float,sum,50.43,1.3,1.22,0,49.61,1.32,1.24,0,RING,LL128,1,RING,LL128,1,0,RING,A_flag_ceiling
reduce_scatter_perf,2,16,131072,2048,float,sum,285.71,0.46,0.43,0,282.65,0.46,0.43,0,RING,LL128,1,RING,LL128,1,0,RING,A_flag_ceiling
reduce_scatter_perf,2,16,262144,4096,float,sum,274.28,0.96,0.9,0,279.82,0.94,0.88,0,RING,LL128,1,RING,LL128,1,0,RING,A_flag_ceiling
reduce_scatter_perf,2,16,524288,8192,float,sum,303.99,1.72,1.62,0,302.3,1.73,1.63,0,RING,LL128,1,RING,LL128,1,0,RING,A_flag_ceiling
reduce_scatter_perf,2,16,1048576,16384,float,sum,369.73,2.84,2.66,0,366.26,2.86,2.68,0,RING,LL128,1,RING,LL128,1,0,RING,A_flag_ceiling
reduce_scatter_perf,2,16,2097152,32768,float,sum,496.49,4.22,3.96,0,495.02,4.24,3.97,0,RING,LL128,1,RING,LL128,1,0,RING,A_flag_ceiling
reduce_scatter_perf,2,16,4194304,65536,float,sum,468.63,8.95,8.39,0,464.9,9.02,8.46,0,RING,LL128,1,RING,LL128,1,0,RING,A_flag_ceiling
reduce_scatter_perf,2,16,8388608,131072,float,sum,926.7,9.05,8.49,0,966.04,8.68,8.14,0,RING,LL128,1,RING,LL128,1,0,RING,A_flag_ceiling
reduce_scatter_perf,2,16,16777216,262144,float,sum,1556.47,10.78,10.11,0,1534.14,10.94,10.25,0,RING,LL128,1,RING,LL128,1,0,RING,A_flag_ceiling
reduce_scatter_perf,2,16,33554432,524288,float,sum,3104.26,10.81,10.13,0,3058.27,10.97,10.29,0,RING,LL128,1,RING,LL128,1,0,RING,A_flag_ceiling
reduce_scatter_perf,2,16,67108864,1048576,float,sum,6114.72,10.97,10.29,0,6034.33,11.12,10.43,0,RING,LL128,1,RING,LL128,1,0,RING,A_flag_ceiling
reduce_scatter_perf,2,16,134217728,2097152,float,sum,12014.4,11.17,10.47,0,12097.1,11.1,10.4,0,RING,LL128,1,RING,LL128,1,0,RING,A_flag_ceiling
reduce_scatter_perf,2,16,268435456,4194304,float,sum,23856.6,11.25,10.55,0,23651.7,11.35,10.64,0,RING,LL128,1,RING,LL128,1,0,RING,A_flag_ceiling
reduce_scatter_perf,2,16,536870912,8388608,float,sum,47993.1,11.19,10.49,0,47465.8,11.31,10.6,0,RING,LL128,1,RING,LL128,1,0,RING,A_flag_ceiling
reduce_scatter_perf,2,16,4096,64,float,sum,144.1,0.03,0.03,0,141.78,0.03,0.03,0,RING,SIMPLE,2,RING,SIMPLE,2,0,RING,A_flag_ceiling
reduce_scatter_perf,2,16,8192,128,float,sum,143.14,0.06,0.05,0,141.94,0.06,0.05,0,RING,SIMPLE,2,RING,SIMPLE,2,0,RING,A_flag_ceiling
reduce_scatter_perf,2,16,16384,256,float,sum,146.18,0.11,0.11,0,142.96,0.11,0.11,0,RING,SIMPLE,2,RING,SIMPLE,2,0,RING,A_flag_ceiling
reduce_scatter_perf,2,16,32768,512,float,sum,144.4,0.23,0.21,0,143.02,0.23,0.21,0,RING,SIMPLE,2,RING,SIMPLE,2,0,RING,A_flag_ceiling
reduce_scatter_perf,2,16,65536,1024,float,sum,143.94,0.46,0.43,0,144.13,0.45,0.43,0,RING,SIMPLE,2,RING,SIMPLE,2,0,RING,A_flag_ceiling
reduce_scatter_perf,2,16,131072,2048,float,sum,157.91,0.83,0.78,0,156.97,0.84,0.78,0,RING,SIMPLE,2,RING,SIMPLE,2,0,RING,A_flag_ceiling
reduce_scatter_perf,2,16,262144,4096,float,sum,152.16,1.72,1.62,0,151.86,1.73,1.62,0,RING,SIMPLE,2,RING,SIMPLE,2,0,RING,A_flag_ceiling
reduce_scatter_perf,2,16,524288,8192,float,sum,168.32,3.11,2.92,0,167.29,3.13,2.94,0,RING,SIMPLE,2,RING,SIMPLE,2,0,RING,A_flag_ceiling
reduce_scatter_perf,2,16,1048576,16384,float,sum,202.07,5.19,4.86,0,199.96,5.24,4.92,0,RING,SIMPLE,2,RING,SIMPLE,2,0,RING,A_flag_ceiling
reduce_scatter_perf,2,16,2097152,32768,float,sum,271.46,7.73,7.24,0,268.35,7.82,7.33,0,RING,SIMPLE,2,RING,SIMPLE,2,0,RING,A_flag_ceiling
reduce_scatter_perf,2,16,4194304,65536,float,sum,269.87,15.54,14.57,0,266.52,15.74,14.75,0,RING,SIMPLE,2,RING,SIMPLE,2,0,RING,A_flag_ceiling
reduce_scatter_perf,2,16,8388608,131072,float,sum,430.32,19.49,18.28,0,411.66,20.38,19.1,0,RING,SIMPLE,2,RING,SIMPLE,2,0,RING,A_flag_ceiling
reduce_scatter_perf,2,16,16777216,262144,float,sum,549.32,30.54,28.63,0,526.97,31.84,29.85,0,RING,SIMPLE,2,RING,SIMPLE,2,0,RING,A_flag_ceiling
reduce_scatter_perf,2,16,33554432,524288,float,sum,1018.64,32.94,30.88,0,978.91,34.28,32.14,0,RING,SIMPLE,2,RING,SIMPLE,2,0,RING,A_flag_ceiling
reduce_scatter_perf,2,16,67108864,1048576,float,sum,1962.72,34.19,32.05,0,1887.7,35.55,33.33,0,RING,SIMPLE,2,RING,SIMPLE,2,0,RING,A_flag_ceiling
reduce_scatter_perf,2,16,134217728,2097152,float,sum,3918.41,34.25,32.11,0,3781.34,35.49,33.28,0,RING,SIMPLE,2,RING,SIMPLE,2,0,RING,A_flag_ceiling
reduce_scatter_perf,2,16,268435456,4194304,float,sum,7823.55,34.31,32.17,0,7606.46,35.29,33.08,0,RING,SIMPLE,2,RING,SIMPLE,2,0,RING,A_flag_ceiling
reduce_scatter_perf,2,16,536870912,8388608,float,sum,15651.7,34.3,32.16,0,15434.2,34.78,32.61,0,RING,SIMPLE,2,RING,SIMPLE,2,0,RING,A_flag_ceiling
reduce_scatter_perf,2,16,4096,64,float,sum,42.35,0.1,0.09,0,40.51,0.1,0.09,0,RING,LL,2,RING,LL,2,0,RING,A_flag_ceiling
reduce_scatter_perf,2,16,8192,128,float,sum,41.53,0.2,0.18,0,40.85,0.2,0.19,0,RING,LL,2,RING,LL,2,0,RING,A_flag_ceiling
reduce_scatter_perf,2,16,16384,256,float,sum,44.85,0.37,0.34,0,41.12,0.4,0.37,0,RING,LL,2,RING,LL,2,0,RING,A_flag_ceiling
reduce_scatter_perf,2,16,32768,512,float,sum,42.35,0.77,0.73,0,41.9,0.78,0.73,0,RING,LL,2,RING,LL,2,0,RING,A_flag_ceiling
reduce_scatter_perf,2,16,65536,1024,float,sum,43.93,1.49,1.4,0,42.76,1.53,1.44,0,RING,LL,2,RING,LL,2,0,RING,A_flag_ceiling
reduce_scatter_perf,2,16,131072,2048,float,sum,157.29,0.83,0.78,0,156.53,0.84,0.79,0,RING,LL,2,RING,LL,2,0,RING,A_flag_ceiling
reduce_scatter_perf,2,16,262144,4096,float,sum,151.03,1.74,1.63,0,151.55,1.73,1.62,0,RING,LL,2,RING,LL,2,0,RING,A_flag_ceiling
reduce_scatter_perf,2,16,524288,8192,float,sum,168.03,3.12,2.93,0,166.83,3.14,2.95,0,RING,LL,2,RING,LL,2,0,RING,A_flag_ceiling
reduce_scatter_perf,2,16,1048576,16384,float,sum,201.43,5.21,4.88,0,200.58,5.23,4.9,0,RING,LL,2,RING,LL,2,0,RING,A_flag_ceiling
reduce_scatter_perf,2,16,2097152,32768,float,sum,270.82,7.74,7.26,0,267.76,7.83,7.34,0,RING,LL,2,RING,LL,2,0,RING,A_flag_ceiling
reduce_scatter_perf,2,16,4194304,65536,float,sum,853.28,4.92,4.61,0,851.02,4.93,4.62,0,RING,LL,2,RING,LL,2,0,RING,A_flag_ceiling
reduce_scatter_perf,2,16,8388608,131072,float,sum,1707.31,4.91,4.61,0,1694.57,4.95,4.64,0,RING,LL,2,RING,LL,2,0,RING,A_flag_ceiling
reduce_scatter_perf,2,16,16777216,262144,float,sum,3406.37,4.93,4.62,0,3394.88,4.94,4.63,0,RING,LL,2,RING,LL,2,0,RING,A_flag_ceiling
reduce_scatter_perf,2,16,33554432,524288,float,sum,6825.72,4.92,4.61,0,6791.78,4.94,4.63,0,RING,LL,2,RING,LL,2,0,RING,A_flag_ceiling
reduce_scatter_perf,2,16,67108864,1048576,float,sum,13700.6,4.9,4.59,0,13687.2,4.9,4.6,0,RING,LL,2,RING,LL,2,0,RING,A_flag_ceiling
reduce_scatter_perf,2,16,134217728,2097152,float,sum,27374.4,4.9,4.6,0,27398.2,4.9,4.59,0,RING,LL,2,RING,LL,2,0,RING,A_flag_ceiling
reduce_scatter_perf,2,16,268435456,4194304,float,sum,54795.4,4.9,4.59,0,54885.3,4.89,4.59,0,RING,LL,2,RING,LL,2,0,RING,A_flag_ceiling
reduce_scatter_perf,2,16,536870912,8388608,float,sum,109957.0,4.88,4.58,0,109646.0,4.9,4.59,0,RING,LL,2,RING,LL,2,0,RING,A_flag_ceiling
reduce_scatter_perf,2,16,4096,64,float,sum,49.72,0.08,0.08,0,48.02,0.09,0.08,0,RING,LL128,2,RING,LL128,2,0,RING,A_flag_ceiling
reduce_scatter_perf,2,16,8192,128,float,sum,48.31,0.17,0.16,0,47.9,0.17,0.16,0,RING,LL128,2,RING,LL128,2,0,RING,A_flag_ceiling
reduce_scatter_perf,2,16,16384,256,float,sum,50.52,0.32,0.3,0,47.46,0.35,0.32,0,RING,LL128,2,RING,LL128,2,0,RING,A_flag_ceiling
reduce_scatter_perf,2,16,32768,512,float,sum,50.56,0.65,0.61,0,50.13,0.65,0.61,0,RING,LL128,2,RING,LL128,2,0,RING,A_flag_ceiling
reduce_scatter_perf,2,16,65536,1024,float,sum,50.03,1.31,1.23,0,49.96,1.31,1.23,0,RING,LL128,2,RING,LL128,2,0,RING,A_flag_ceiling
reduce_scatter_perf,2,16,131072,2048,float,sum,157.01,0.83,0.78,0,157.16,0.83,0.78,0,RING,LL128,2,RING,LL128,2,0,RING,A_flag_ceiling
reduce_scatter_perf,2,16,262144,4096,float,sum,152.33,1.72,1.61,0,152.07,1.72,1.62,0,RING,LL128,2,RING,LL128,2,0,RING,A_flag_ceiling
reduce_scatter_perf,2,16,524288,8192,float,sum,168.34,3.11,2.92,0,167.18,3.14,2.94,0,RING,LL128,2,RING,LL128,2,0,RING,A_flag_ceiling
reduce_scatter_perf,2,16,1048576,16384,float,sum,204.0,5.14,4.82,0,199.77,5.25,4.92,0,RING,LL128,2,RING,LL128,2,0,RING,A_flag_ceiling
reduce_scatter_perf,2,16,2097152,32768,float,sum,268.77,7.8,7.32,0,265.52,7.9,7.4,0,RING,LL128,2,RING,LL128,2,0,RING,A_flag_ceiling
reduce_scatter_perf,2,16,4194304,65536,float,sum,257.5,16.29,15.27,0,256.37,16.36,15.34,0,RING,LL128,2,RING,LL128,2,0,RING,A_flag_ceiling
reduce_scatter_perf,2,16,8388608,131072,float,sum,478.36,17.54,16.44,0,471.22,17.8,16.69,0,RING,LL128,2,RING,LL128,2,0,RING,A_flag_ceiling
reduce_scatter_perf,2,16,16777216,262144,float,sum,825.79,20.32,19.05,0,812.8,20.64,19.35,0,RING,LL128,2,RING,LL128,2,0,RING,A_flag_ceiling
reduce_scatter_perf,2,16,33554432,524288,float,sum,1631.2,20.57,19.28,0,1618.32,20.73,19.44,0,RING,LL128,2,RING,LL128,2,0,RING,A_flag_ceiling
reduce_scatter_perf,2,16,67108864,1048576,float,sum,3232.08,20.76,19.47,0,3223.96,20.82,19.51,0,RING,LL128,2,RING,LL128,2,0,RING,A_flag_ceiling
reduce_scatter_perf,2,16,134217728,2097152,float,sum,6422.51,20.9,19.59,0,6427.62,20.88,19.58,0,RING,LL128,2,RING,LL128,2,0,RING,A_flag_ceiling
reduce_scatter_perf,2,16,268435456,4194304,float,sum,12848.7,20.89,19.59,0,12846.8,20.9,19.59,0,RING,LL128,2,RING,LL128,2,0,RING,A_flag_ceiling
reduce_scatter_perf,2,16,536870912,8388608,float,sum,25642.9,20.94,19.63,0,25679.6,20.91,19.6,0,RING,LL128,2,RING,LL128,2,0,RING,A_flag_ceiling
reduce_scatter_perf,2,16,4096,64,float,sum,144.27,0.03,0.03,0,145.02,0.03,0.03,0,RING,SIMPLE,4,RING,SIMPLE,4,0,RING,A_flag_ceiling
reduce_scatter_perf,2,16,8192,128,float,sum,143.53,0.06,0.05,0,142.45,0.06,0.05,0,RING,SIMPLE,4,RING,SIMPLE,4,0,RING,A_flag_ceiling
reduce_scatter_perf,2,16,16384,256,float,sum,147.27,0.11,0.1,0,142.39,0.12,0.11,0,RING,SIMPLE,4,RING,SIMPLE,4,0,RING,A_flag_ceiling
reduce_scatter_perf,2,16,32768,512,float,sum,143.68,0.23,0.21,0,143.51,0.23,0.21,0,RING,SIMPLE,4,RING,SIMPLE,4,0,RING,A_flag_ceiling
reduce_scatter_perf,2,16,65536,1024,float,sum,144.68,0.45,0.42,0,144.02,0.46,0.43,0,RING,SIMPLE,4,RING,SIMPLE,4,0,RING,A_flag_ceiling
reduce_scatter_perf,2,16,131072,2048,float,sum,90.18,1.45,1.36,0,89.88,1.46,1.37,0,RING,SIMPLE,4,RING,SIMPLE,4,0,RING,A_flag_ceiling
reduce_scatter_perf,2,16,262144,4096,float,sum,91.19,2.87,2.69,0,89.99,2.91,2.73,0,RING,SIMPLE,4,RING,SIMPLE,4,0,RING,A_flag_ceiling
reduce_scatter_perf,2,16,524288,8192,float,sum,98.49,5.32,4.99,0,98.41,5.33,4.99,0,RING,SIMPLE,4,RING,SIMPLE,4,0,RING,A_flag_ceiling
reduce_scatter_perf,2,16,1048576,16384,float,sum,114.32,9.17,8.6,0,114.49,9.16,8.59,0,RING,SIMPLE,4,RING,SIMPLE,4,0,RING,A_flag_ceiling
reduce_scatter_perf,2,16,2097152,32768,float,sum,147.83,14.19,13.3,0,146.28,14.34,13.44,0,RING,SIMPLE,4,RING,SIMPLE,4,0,RING,A_flag_ceiling
reduce_scatter_perf,2,16,4194304,65536,float,sum,202.35,20.73,19.43,0,201.22,20.84,19.54,0,RING,SIMPLE,4,RING,SIMPLE,4,0,RING,A_flag_ceiling
reduce_scatter_perf,2,16,8388608,131072,float,sum,277.97,30.18,28.29,0,275.47,30.45,28.55,0,RING,SIMPLE,4,RING,SIMPLE,4,0,RING,A_flag_ceiling
reduce_scatter_perf,2,16,16777216,262144,float,sum,352.33,47.62,44.64,0,347.82,48.24,45.22,0,RING,SIMPLE,4,RING,SIMPLE,4,0,RING,A_flag_ceiling
reduce_scatter_perf,2,16,33554432,524288,float,sum,602.31,55.71,52.23,0,583.98,57.46,53.87,0,RING,SIMPLE,4,RING,SIMPLE,4,0,RING,A_flag_ceiling
reduce_scatter_perf,2,16,67108864,1048576,float,sum,1087.04,61.74,57.88,0,1042.11,64.4,60.37,0,RING,SIMPLE,4,RING,SIMPLE,4,0,RING,A_flag_ceiling
reduce_scatter_perf,2,16,134217728,2097152,float,sum,2061.75,65.1,61.03,0,1988.21,67.51,63.29,0,RING,SIMPLE,4,RING,SIMPLE,4,0,RING,A_flag_ceiling
reduce_scatter_perf,2,16,268435456,4194304,float,sum,4119.98,65.15,61.08,0,4002.75,67.06,62.87,0,RING,SIMPLE,4,RING,SIMPLE,4,0,RING,A_flag_ceiling
reduce_scatter_perf,2,16,536870912,8388608,float,sum,8225.99,65.27,61.19,0,8096.22,66.31,62.17,0,RING,SIMPLE,4,RING,SIMPLE,4,0,RING,A_flag_ceiling
reduce_scatter_perf,2,16,4096,64,float,sum,41.66,0.1,0.09,0,40.49,0.1,0.09,0,RING,LL,4,RING,LL,4,0,RING,A_flag_ceiling
reduce_scatter_perf,2,16,8192,128,float,sum,41.69,0.2,0.18,0,42.35,0.19,0.18,0,RING,LL,4,RING,LL,4,0,RING,A_flag_ceiling
reduce_scatter_perf,2,16,16384,256,float,sum,47.7,0.34,0.32,0,43.92,0.37,0.35,0,RING,LL,4,RING,LL,4,0,RING,A_flag_ceiling
reduce_scatter_perf,2,16,32768,512,float,sum,44.24,0.74,0.69,0,43.83,0.75,0.7,0,RING,LL,4,RING,LL,4,0,RING,A_flag_ceiling
reduce_scatter_perf,2,16,65536,1024,float,sum,46.21,1.42,1.33,0,44.67,1.47,1.38,0,RING,LL,4,RING,LL,4,0,RING,A_flag_ceiling
reduce_scatter_perf,2,16,131072,2048,float,sum,90.43,1.45,1.36,0,90.32,1.45,1.36,0,RING,LL,4,RING,LL,4,0,RING,A_flag_ceiling
reduce_scatter_perf,2,16,262144,4096,float,sum,90.39,2.9,2.72,0,89.95,2.91,2.73,0,RING,LL,4,RING,LL,4,0,RING,A_flag_ceiling
reduce_scatter_perf,2,16,524288,8192,float,sum,102.34,5.12,4.8,0,97.69,5.37,5.03,0,RING,LL,4,RING,LL,4,0,RING,A_flag_ceiling
reduce_scatter_perf,2,16,1048576,16384,float,sum,113.49,9.24,8.66,0,113.87,9.21,8.63,0,RING,LL,4,RING,LL,4,0,RING,A_flag_ceiling
reduce_scatter_perf,2,16,2097152,32768,float,sum,146.65,14.3,13.41,0,146.78,14.29,13.39,0,RING,LL,4,RING,LL,4,0,RING,A_flag_ceiling
reduce_scatter_perf,2,16,4194304,65536,float,sum,446.94,9.38,8.8,0,445.18,9.42,8.83,0,RING,LL,4,RING,LL,4,0,RING,A_flag_ceiling
reduce_scatter_perf,2,16,8388608,131072,float,sum,890.25,9.42,8.83,0,883.27,9.5,8.9,0,RING,LL,4,RING,LL,4,0,RING,A_flag_ceiling
reduce_scatter_perf,2,16,16777216,262144,float,sum,1767.57,9.49,8.9,0,1755.61,9.56,8.96,0,RING,LL,4,RING,LL,4,0,RING,A_flag_ceiling
reduce_scatter_perf,2,16,33554432,524288,float,sum,3513.76,9.55,8.95,0,3516.45,9.54,8.95,0,RING,LL,4,RING,LL,4,0,RING,A_flag_ceiling
reduce_scatter_perf,2,16,67108864,1048576,float,sum,7011.69,9.57,8.97,0,7065.97,9.5,8.9,0,RING,LL,4,RING,LL,4,0,RING,A_flag_ceiling
reduce_scatter_perf,2,16,134217728,2097152,float,sum,14013.9,9.58,8.98,0,14134.8,9.5,8.9,0,RING,LL,4,RING,LL,4,0,RING,A_flag_ceiling
reduce_scatter_perf,2,16,268435456,4194304,float,sum,28140.2,9.54,8.94,0,28264.1,9.5,8.9,0,RING,LL,4,RING,LL,4,0,RING,A_flag_ceiling
reduce_scatter_perf,2,16,536870912,8388608,float,sum,59658.1,9.0,8.44,0,56428.3,9.51,8.92,0,RING,LL,4,RING,LL,4,0,RING,A_flag_ceiling
reduce_scatter_perf,2,16,4096,64,float,sum,50.07,0.08,0.08,0,48.9,0.08,0.08,0,RING,LL128,4,RING,LL128,4,0,RING,A_flag_ceiling
reduce_scatter_perf,2,16,8192,128,float,sum,49.18,0.17,0.16,0,48.55,0.17,0.16,0,RING,LL128,4,RING,LL128,4,0,RING,A_flag_ceiling
reduce_scatter_perf,2,16,16384,256,float,sum,52.81,0.31,0.29,0,48.98,0.33,0.31,0,RING,LL128,4,RING,LL128,4,0,RING,A_flag_ceiling
reduce_scatter_perf,2,16,32768,512,float,sum,49.93,0.66,0.62,0,49.49,0.66,0.62,0,RING,LL128,4,RING,LL128,4,0,RING,A_flag_ceiling
reduce_scatter_perf,2,16,65536,1024,float,sum,54.33,1.21,1.13,0,53.3,1.23,1.15,0,RING,LL128,4,RING,LL128,4,0,RING,A_flag_ceiling
reduce_scatter_perf,2,16,131072,2048,float,sum,90.33,1.45,1.36,0,90.59,1.45,1.36,0,RING,LL128,4,RING,LL128,4,0,RING,A_flag_ceiling
reduce_scatter_perf,2,16,262144,4096,float,sum,91.45,2.87,2.69,0,90.99,2.88,2.7,0,RING,LL128,4,RING,LL128,4,0,RING,A_flag_ceiling
reduce_scatter_perf,2,16,524288,8192,float,sum,97.96,5.35,5.02,0,97.53,5.38,5.04,0,RING,LL128,4,RING,LL128,4,0,RING,A_flag_ceiling
reduce_scatter_perf,2,16,1048576,16384,float,sum,114.09,9.19,8.62,0,114.1,9.19,8.62,0,RING,LL128,4,RING,LL128,4,0,RING,A_flag_ceiling
reduce_scatter_perf,2,16,2097152,32768,float,sum,147.81,14.19,13.3,0,146.12,14.35,13.46,0,RING,LL128,4,RING,LL128,4,0,RING,A_flag_ceiling
reduce_scatter_perf,2,16,4194304,65536,float,sum,139.36,30.1,28.22,0,138.34,30.32,28.42,0,RING,LL128,4,RING,LL128,4,0,RING,A_flag_ceiling
reduce_scatter_perf,2,16,8388608,131072,float,sum,267.63,31.34,29.39,0,266.97,31.42,29.46,0,RING,LL128,4,RING,LL128,4,0,RING,A_flag_ceiling
reduce_scatter_perf,2,16,16777216,262144,float,sum,438.59,38.25,35.86,0,436.67,38.42,36.02,0,RING,LL128,4,RING,LL128,4,0,RING,A_flag_ceiling
reduce_scatter_perf,2,16,33554432,524288,float,sum,859.81,39.03,36.59,0,856.24,39.19,36.74,0,RING,LL128,4,RING,LL128,4,0,RING,A_flag_ceiling
reduce_scatter_perf,2,16,67108864,1048576,float,sum,1700.99,39.45,36.99,0,1704.33,39.38,36.91,0,RING,LL128,4,RING,LL128,4,0,RING,A_flag_ceiling
reduce_scatter_perf,2,16,134217728,2097152,float,sum,3348.64,40.08,37.58,0,3344.53,40.13,37.62,0,RING,LL128,4,RING,LL128,4,0,RING,A_flag_ceiling
reduce_scatter_perf,2,16,268435456,4194304,float,sum,6709.98,40.01,37.51,0,6716.22,39.97,37.47,0,RING,LL128,4,RING,LL128,4,0,RING,A_flag_ceiling
reduce_scatter_perf,2,16,536870912,8388608,float,sum,13647.8,39.34,36.88,0,13386.2,40.11,37.6,0,RING,LL128,4,RING,LL128,4,0,RING,A_flag_ceiling
reduce_scatter_perf,2,16,4096,64,float,sum,144.74,0.03,0.03,0,143.04,0.03,0.03,0,RING,SIMPLE,8,RING,SIMPLE,8,0,RING,A_flag_ceiling
reduce_scatter_perf,2,16,8192,128,float,sum,144.63,0.06,0.05,0,142.48,0.06,0.05,0,RING,SIMPLE,8,RING,SIMPLE,8,0,RING,A_flag_ceiling
reduce_scatter_perf,2,16,16384,256,float,sum,147.11,0.11,0.1,0,142.71,0.11,0.11,0,RING,SIMPLE,8,RING,SIMPLE,8,0,RING,A_flag_ceiling
reduce_scatter_perf,2,16,32768,512,float,sum,144.15,0.23,0.21,0,143.61,0.23,0.21,0,RING,SIMPLE,8,RING,SIMPLE,8,0,RING,A_flag_ceiling
reduce_scatter_perf,2,16,65536,1024,float,sum,146.11,0.45,0.42,0,143.41,0.46,0.43,0,RING,SIMPLE,8,RING,SIMPLE,8,0,RING,A_flag_ceiling
reduce_scatter_perf,2,16,131072,2048,float,sum,59.75,2.19,2.06,0,58.57,2.24,2.1,0,RING,SIMPLE,8,RING,SIMPLE,8,0,RING,A_flag_ceiling
reduce_scatter_perf,2,16,262144,4096,float,sum,58.49,4.48,4.2,0,57.61,4.55,4.27,0,RING,SIMPLE,8,RING,SIMPLE,8,0,RING,A_flag_ceiling
reduce_scatter_perf,2,16,524288,8192,float,sum,66.94,7.83,7.34,0,66.54,7.88,7.39,0,RING,SIMPLE,8,RING,SIMPLE,8,0,RING,A_flag_ceiling
reduce_scatter_perf,2,16,1048576,16384,float,sum,78.88,13.29,12.46,0,78.49,13.36,12.52,0,RING,SIMPLE,8,RING,SIMPLE,8,0,RING,A_flag_ceiling
reduce_scatter_perf,2,16,2097152,32768,float,sum,94.62,22.16,20.78,0,104.61,20.05,18.79,0,RING,SIMPLE,8,RING,SIMPLE,8,0,RING,A_flag_ceiling
reduce_scatter_perf,2,16,4194304,65536,float,sum,185.09,22.66,21.24,0,184.94,22.68,21.26,0,RING,SIMPLE,8,RING,SIMPLE,8,0,RING,A_flag_ceiling
reduce_scatter_perf,2,16,8388608,131072,float,sum,211.26,39.71,37.23,0,209.55,40.03,37.53,0,RING,SIMPLE,8,RING,SIMPLE,8,0,RING,A_flag_ceiling
reduce_scatter_perf,2,16,16777216,262144,float,sum,245.13,68.44,64.17,0,240.99,69.62,65.27,0,RING,SIMPLE,8,RING,SIMPLE,8,0,RING,A_flag_ceiling
reduce_scatter_perf,2,16,33554432,524288,float,sum,354.61,94.62,88.71,0,347.87,96.46,90.43,0,RING,SIMPLE,8,RING,SIMPLE,8,0,RING,A_flag_ceiling
reduce_scatter_perf,2,16,67108864,1048576,float,sum,608.84,110.22,103.34,0,581.34,115.44,108.22,0,RING,SIMPLE,8,RING,SIMPLE,8,0,RING,A_flag_ceiling
reduce_scatter_perf,2,16,134217728,2097152,float,sum,1097.72,122.27,114.63,0,1047.52,128.13,120.12,0,RING,SIMPLE,8,RING,SIMPLE,8,0,RING,A_flag_ceiling
reduce_scatter_perf,2,16,268435456,4194304,float,sum,2076.32,129.28,121.2,0,2004.27,133.93,125.56,0,RING,SIMPLE,8,RING,SIMPLE,8,0,RING,A_flag_ceiling
reduce_scatter_perf,2,16,536870912,8388608,float,sum,4141.15,129.64,121.54,0,4052.98,132.46,124.18,0,RING,SIMPLE,8,RING,SIMPLE,8,0,RING,A_flag_ceiling
reduce_scatter_perf,2,16,4096,64,float,sum,41.93,0.1,0.09,0,41.52,0.1,0.09,0,RING,LL,8,RING,LL,8,0,RING,A_flag_ceiling
reduce_scatter_perf,2,16,8192,128,float,sum,41.7,0.2,0.18,0,41.25,0.2,0.19,0,RING,LL,8,RING,LL,8,0,RING,A_flag_ceiling
reduce_scatter_perf,2,16,16384,256,float,sum,47.44,0.35,0.32,0,44.05,0.37,0.35,0,RING,LL,8,RING,LL,8,0,RING,A_flag_ceiling
reduce_scatter_perf,2,16,32768,512,float,sum,46.94,0.7,0.65,0,46.82,0.7,0.66,0,RING,LL,8,RING,LL,8,0,RING,A_flag_ceiling
reduce_scatter_perf,2,16,65536,1024,float,sum,47.58,1.38,1.29,0,46.91,1.4,1.31,0,RING,LL,8,RING,LL,8,0,RING,A_flag_ceiling
reduce_scatter_perf,2,16,131072,2048,float,sum,59.02,2.22,2.08,0,58.18,2.25,2.11,0,RING,LL,8,RING,LL,8,0,RING,A_flag_ceiling
reduce_scatter_perf,2,16,262144,4096,float,sum,58.07,4.51,4.23,0,58.66,4.47,4.19,0,RING,LL,8,RING,LL,8,0,RING,A_flag_ceiling
reduce_scatter_perf,2,16,524288,8192,float,sum,67.54,7.76,7.28,0,66.88,7.84,7.35,0,RING,LL,8,RING,LL,8,0,RING,A_flag_ceiling
reduce_scatter_perf,2,16,1048576,16384,float,sum,78.32,13.39,12.55,0,78.65,13.33,12.5,0,RING,LL,8,RING,LL,8,0,RING,A_flag_ceiling
reduce_scatter_perf,2,16,2097152,32768,float,sum,94.69,22.15,20.76,0,94.7,22.15,20.76,0,RING,LL,8,RING,LL,8,0,RING,A_flag_ceiling
reduce_scatter_perf,2,16,4194304,65536,float,sum,228.53,18.35,17.21,0,228.86,18.33,17.18,0,RING,LL,8,RING,LL,8,0,RING,A_flag_ceiling
reduce_scatter_perf,2,16,8388608,131072,float,sum,447.56,18.74,17.57,0,446.76,18.78,17.6,0,RING,LL,8,RING,LL,8,0,RING,A_flag_ceiling
reduce_scatter_perf,2,16,16777216,262144,float,sum,886.85,18.92,17.74,0,886.76,18.92,17.74,0,RING,LL,8,RING,LL,8,0,RING,A_flag_ceiling
reduce_scatter_perf,2,16,33554432,524288,float,sum,1765.19,19.01,17.82,0,1772.75,18.93,17.74,0,RING,LL,8,RING,LL,8,0,RING,A_flag_ceiling
reduce_scatter_perf,2,16,67108864,1048576,float,sum,3545.28,18.93,17.75,0,3569.2,18.8,17.63,0,RING,LL,8,RING,LL,8,0,RING,A_flag_ceiling
reduce_scatter_perf,2,16,134217728,2097152,float,sum,7104.63,18.89,17.71,0,7171.04,18.72,17.55,0,RING,LL,8,RING,LL,8,0,RING,A_flag_ceiling
reduce_scatter_perf,2,16,268435456,4194304,float,sum,14197.6,18.91,17.73,0,14212.1,18.89,17.71,0,RING,LL,8,RING,LL,8,0,RING,A_flag_ceiling
reduce_scatter_perf,2,16,536870912,8388608,float,sum,28396.8,18.91,17.72,0,28416.2,18.89,17.71,0,RING,LL,8,RING,LL,8,0,RING,A_flag_ceiling
reduce_scatter_perf,2,16,4096,64,float,sum,49.35,0.08,0.08,0,48.49,0.08,0.08,0,RING,LL128,8,RING,LL128,8,0,RING,A_flag_ceiling
reduce_scatter_perf,2,16,8192,128,float,sum,48.31,0.17,0.16,0,48.35,0.17,0.16,0,RING,LL128,8,RING,LL128,8,0,RING,A_flag_ceiling
reduce_scatter_perf,2,16,16384,256,float,sum,51.33,0.32,0.3,0,48.37,0.34,0.32,0,RING,LL128,8,RING,LL128,8,0,RING,A_flag_ceiling
reduce_scatter_perf,2,16,32768,512,float,sum,50.17,0.65,0.61,0,49.46,0.66,0.62,0,RING,LL128,8,RING,LL128,8,0,RING,A_flag_ceiling
reduce_scatter_perf,2,16,65536,1024,float,sum,53.4,1.23,1.15,0,53.05,1.24,1.16,0,RING,LL128,8,RING,LL128,8,0,RING,A_flag_ceiling
reduce_scatter_perf,2,16,131072,2048,float,sum,58.66,2.23,2.09,0,59.13,2.22,2.08,0,RING,LL128,8,RING,LL128,8,0,RING,A_flag_ceiling
reduce_scatter_perf,2,16,262144,4096,float,sum,58.23,4.5,4.22,0,58.31,4.5,4.21,0,RING,LL128,8,RING,LL128,8,0,RING,A_flag_ceiling
reduce_scatter_perf,2,16,524288,8192,float,sum,67.75,7.74,7.25,0,66.69,7.86,7.37,0,RING,LL128,8,RING,LL128,8,0,RING,A_flag_ceiling
reduce_scatter_perf,2,16,1048576,16384,float,sum,79.61,13.17,12.35,0,79.36,13.21,12.39,0,RING,LL128,8,RING,LL128,8,0,RING,A_flag_ceiling
reduce_scatter_perf,2,16,2097152,32768,float,sum,94.79,22.12,20.74,0,95.03,22.07,20.69,0,RING,LL128,8,RING,LL128,8,0,RING,A_flag_ceiling
reduce_scatter_perf,2,16,4194304,65536,float,sum,96.39,43.52,40.8,0,96.26,43.57,40.85,0,RING,LL128,8,RING,LL128,8,0,RING,A_flag_ceiling
reduce_scatter_perf,2,16,8388608,131072,float,sum,143.43,58.48,54.83,0,141.22,59.4,55.69,0,RING,LL128,8,RING,LL128,8,0,RING,A_flag_ceiling
reduce_scatter_perf,2,16,16777216,262144,float,sum,243.53,68.89,64.59,0,240.68,69.71,65.35,0,RING,LL128,8,RING,LL128,8,0,RING,A_flag_ceiling
reduce_scatter_perf,2,16,33554432,524288,float,sum,444.53,75.48,70.77,0,440.65,76.15,71.39,0,RING,LL128,8,RING,LL128,8,0,RING,A_flag_ceiling
reduce_scatter_perf,2,16,67108864,1048576,float,sum,867.01,77.4,72.57,0,860.78,77.96,73.09,0,RING,LL128,8,RING,LL128,8,0,RING,A_flag_ceiling
reduce_scatter_perf,2,16,134217728,2097152,float,sum,1699.68,78.97,74.03,0,1700.16,78.94,74.01,0,RING,LL128,8,RING,LL128,8,0,RING,A_flag_ceiling
reduce_scatter_perf,2,16,268435456,4194304,float,sum,3369.08,79.68,74.7,0,3371.36,79.62,74.65,0,RING,LL128,8,RING,LL128,8,0,RING,A_flag_ceiling
reduce_scatter_perf,2,16,536870912,8388608,float,sum,6732.19,79.75,74.76,0,6736.77,79.69,74.71,0,RING,LL128,8,RING,LL128,8,0,RING,A_flag_ceiling
reduce_scatter_perf,2,16,4096,64,float,sum,144.81,0.03,0.03,0,143.16,0.03,0.03,0,RING,SIMPLE,16,RING,SIMPLE,16,0,RING,A_flag_ceiling
reduce_scatter_perf,2,16,8192,128,float,sum,143.56,0.06,0.05,0,143.52,0.06,0.05,0,RING,SIMPLE,16,RING,SIMPLE,16,0,RING,A_flag_ceiling
reduce_scatter_perf,2,16,16384,256,float,sum,147.41,0.11,0.1,0,143.31,0.11,0.11,0,RING,SIMPLE,16,RING,SIMPLE,16,0,RING,A_flag_ceiling
reduce_scatter_perf,2,16,32768,512,float,sum,144.71,0.23,0.21,0,143.61,0.23,0.21,0,RING,SIMPLE,16,RING,SIMPLE,16,0,RING,A_flag_ceiling
reduce_scatter_perf,2,16,65536,1024,float,sum,145.43,0.45,0.42,0,144.91,0.45,0.42,0,RING,SIMPLE,16,RING,SIMPLE,16,0,RING,A_flag_ceiling
reduce_scatter_perf,2,16,131072,2048,float,sum,50.54,2.59,2.43,0,52.53,2.5,2.34,0,RING,SIMPLE,16,RING,SIMPLE,16,0,RING,A_flag_ceiling
reduce_scatter_perf,2,16,262144,4096,float,sum,50.31,5.21,4.88,0,51.21,5.12,4.8,0,RING,SIMPLE,16,RING,SIMPLE,16,0,RING,A_flag_ceiling
reduce_scatter_perf,2,16,524288,8192,float,sum,55.58,9.43,8.84,0,55.89,9.38,8.8,0,RING,SIMPLE,16,RING,SIMPLE,16,0,RING,A_flag_ceiling
reduce_scatter_perf,2,16,1048576,16384,float,sum,69.09,15.18,14.23,0,68.71,15.26,14.31,0,RING,SIMPLE,16,RING,SIMPLE,16,0,RING,A_flag_ceiling
reduce_scatter_perf,2,16,2097152,32768,float,sum,79.51,26.38,24.73,0,91.26,22.98,21.54,0,RING,SIMPLE,16,RING,SIMPLE,16,0,RING,A_flag_ceiling
reduce_scatter_perf,2,16,4194304,65536,float,sum,187.99,22.31,20.92,0,187.38,22.38,20.99,0,RING,SIMPLE,16,RING,SIMPLE,16,0,RING,A_flag_ceiling
reduce_scatter_perf,2,16,8388608,131072,float,sum,202.93,41.34,38.75,0,202.2,41.49,38.89,0,RING,SIMPLE,16,RING,SIMPLE,16,0,RING,A_flag_ceiling
reduce_scatter_perf,2,16,16777216,262144,float,sum,202.19,82.98,77.79,0,201.96,83.07,77.88,0,RING,SIMPLE,16,RING,SIMPLE,16,0,RING,A_flag_ceiling
reduce_scatter_perf,2,16,33554432,524288,float,sum,254.93,131.62,123.39,0,250.44,133.98,125.61,0,RING,SIMPLE,16,RING,SIMPLE,16,0,RING,A_flag_ceiling
reduce_scatter_perf,2,16,67108864,1048576,float,sum,376.07,178.45,167.29,0,360.62,186.09,174.46,0,RING,SIMPLE,16,RING,SIMPLE,16,0,RING,A_flag_ceiling
reduce_scatter_perf,2,16,134217728,2097152,float,sum,630.21,212.97,199.66,0,596.61,224.97,210.91,0,RING,SIMPLE,16,RING,SIMPLE,16,0,RING,A_flag_ceiling
reduce_scatter_perf,2,16,268435456,4194304,float,sum,1136.17,236.26,221.5,0,1088.77,246.55,231.14,0,RING,SIMPLE,16,RING,SIMPLE,16,0,RING,A_flag_ceiling
reduce_scatter_perf,2,16,536870912,8388608,float,sum,2136.5,251.29,235.58,0,2095.22,256.24,240.22,0,RING,SIMPLE,16,RING,SIMPLE,16,0,RING,A_flag_ceiling
reduce_scatter_perf,2,16,4096,64,float,sum,42.0,0.1,0.09,0,40.76,0.1,0.09,0,RING,LL,16,RING,LL,16,0,RING,A_flag_ceiling
reduce_scatter_perf,2,16,8192,128,float,sum,41.71,0.2,0.18,0,41.35,0.2,0.19,0,RING,LL,16,RING,LL,16,0,RING,A_flag_ceiling
reduce_scatter_perf,2,16,16384,256,float,sum,46.44,0.35,0.33,0,43.64,0.38,0.35,0,RING,LL,16,RING,LL,16,0,RING,A_flag_ceiling
reduce_scatter_perf,2,16,32768,512,float,sum,51.29,0.64,0.6,0,46.93,0.7,0.65,0,RING,LL,16,RING,LL,16,0,RING,A_flag_ceiling
reduce_scatter_perf,2,16,65536,1024,float,sum,54.84,1.2,1.12,0,53.28,1.23,1.15,0,RING,LL,16,RING,LL,16,0,RING,A_flag_ceiling
reduce_scatter_perf,2,16,131072,2048,float,sum,49.31,2.66,2.49,0,50.03,2.62,2.46,0,RING,LL,16,RING,LL,16,0,RING,A_flag_ceiling
reduce_scatter_perf,2,16,262144,4096,float,sum,49.76,5.27,4.94,0,49.62,5.28,4.95,0,RING,LL,16,RING,LL,16,0,RING,A_flag_ceiling
reduce_scatter_perf,2,16,524288,8192,float,sum,55.63,9.43,8.84,0,55.37,9.47,8.88,0,RING,LL,16,RING,LL,16,0,RING,A_flag_ceiling
reduce_scatter_perf,2,16,1048576,16384,float,sum,68.75,15.25,14.3,0,68.34,15.34,14.38,0,RING,LL,16,RING,LL,16,0,RING,A_flag_ceiling
reduce_scatter_perf,2,16,2097152,32768,float,sum,79.65,26.33,24.68,0,78.7,26.65,24.98,0,RING,LL,16,RING,LL,16,0,RING,A_flag_ceiling
reduce_scatter_perf,2,16,4194304,65536,float,sum,134.65,31.15,29.2,0,135.76,30.89,28.96,0,RING,LL,16,RING,LL,16,0,RING,A_flag_ceiling
reduce_scatter_perf,2,16,8388608,131072,float,sum,249.71,33.59,31.49,0,258.0,32.51,30.48,0,RING,LL,16,RING,LL,16,0,RING,A_flag_ceiling
reduce_scatter_perf,2,16,16777216,262144,float,sum,482.37,34.78,32.61,0,482.07,34.8,32.63,0,RING,LL,16,RING,LL,16,0,RING,A_flag_ceiling
reduce_scatter_perf,2,16,33554432,524288,float,sum,951.05,35.28,33.08,0,948.78,35.37,33.16,0,RING,LL,16,RING,LL,16,0,RING,A_flag_ceiling
reduce_scatter_perf,2,16,67108864,1048576,float,sum,1888.27,35.54,33.32,0,1892.84,35.45,33.24,0,RING,LL,16,RING,LL,16,0,RING,A_flag_ceiling
reduce_scatter_perf,2,16,134217728,2097152,float,sum,3776.39,35.54,33.32,0,3780.34,35.5,33.29,0,RING,LL,16,RING,LL,16,0,RING,A_flag_ceiling
reduce_scatter_perf,2,16,268435456,4194304,float,sum,7531.67,35.64,33.41,0,7543.0,35.59,33.36,0,RING,LL,16,RING,LL,16,0,RING,A_flag_ceiling
reduce_scatter_perf,2,16,536870912,8388608,float,sum,15102.4,35.55,33.33,0,15132.3,35.48,33.26,0,RING,LL,16,RING,LL,16,0,RING,A_flag_ceiling
reduce_scatter_perf,2,16,4096,64,float,sum,49.25,0.08,0.08,0,48.28,0.08,0.08,0,RING,LL128,16,RING,LL128,16,0,RING,A_flag_ceiling
reduce_scatter_perf,2,16,8192,128,float,sum,48.66,0.17,0.16,0,47.66,0.17,0.16,0,RING,LL128,16,RING,LL128,16,0,RING,A_flag_ceiling
reduce_scatter_perf,2,16,16384,256,float,sum,51.0,0.32,0.3,0,47.64,0.34,0.32,0,RING,LL128,16,RING,LL128,16,0,RING,A_flag_ceiling
reduce_scatter_perf,2,16,32768,512,float,sum,55.73,0.59,0.55,0,49.81,0.66,0.62,0,RING,LL128,16,RING,LL128,16,0,RING,A_flag_ceiling
reduce_scatter_perf,2,16,65536,1024,float,sum,53.53,1.22,1.15,0,52.66,1.24,1.17,0,RING,LL128,16,RING,LL128,16,0,RING,A_flag_ceiling
reduce_scatter_perf,2,16,131072,2048,float,sum,50.77,2.58,2.42,0,50.11,2.62,2.45,0,RING,LL128,16,RING,LL128,16,0,RING,A_flag_ceiling
reduce_scatter_perf,2,16,262144,4096,float,sum,50.36,5.21,4.88,0,51.82,5.06,4.74,0,RING,LL128,16,RING,LL128,16,0,RING,A_flag_ceiling
reduce_scatter_perf,2,16,524288,8192,float,sum,55.74,9.41,8.82,0,55.28,9.48,8.89,0,RING,LL128,16,RING,LL128,16,0,RING,A_flag_ceiling
reduce_scatter_perf,2,16,1048576,16384,float,sum,68.57,15.29,14.34,0,68.71,15.26,14.31,0,RING,LL128,16,RING,LL128,16,0,RING,A_flag_ceiling
reduce_scatter_perf,2,16,2097152,32768,float,sum,91.2,22.99,21.56,0,92.26,22.73,21.31,0,RING,LL128,16,RING,LL128,16,0,RING,A_flag_ceiling
reduce_scatter_perf,2,16,4194304,65536,float,sum,76.15,55.08,51.64,0,75.82,55.32,51.86,0,RING,LL128,16,RING,LL128,16,0,RING,A_flag_ceiling
reduce_scatter_perf,2,16,8388608,131072,float,sum,100.55,83.42,78.21,0,99.16,84.6,79.31,0,RING,LL128,16,RING,LL128,16,0,RING,A_flag_ceiling
reduce_scatter_perf,2,16,16777216,262144,float,sum,135.94,123.41,115.7,0,132.93,126.21,118.32,0,RING,LL128,16,RING,LL128,16,0,RING,A_flag_ceiling
reduce_scatter_perf,2,16,33554432,524288,float,sum,254.21,132.0,123.75,0,252.2,133.05,124.73,0,RING,LL128,16,RING,LL128,16,0,RING,A_flag_ceiling
reduce_scatter_perf,2,16,67108864,1048576,float,sum,463.24,144.87,135.81,0,461.86,145.3,136.22,0,RING,LL128,16,RING,LL128,16,0,RING,A_flag_ceiling
reduce_scatter_perf,2,16,134217728,2097152,float,sum,901.5,148.88,139.58,0,904.65,148.36,139.09,0,RING,LL128,16,RING,LL128,16,0,RING,A_flag_ceiling
reduce_scatter_perf,2,16,268435456,4194304,float,sum,1772.13,151.48,142.01,0,1780.83,150.74,141.31,0,RING,LL128,16,RING,LL128,16,0,RING,A_flag_ceiling
reduce_scatter_perf,2,16,536870912,8388608,float,sum,3529.57,152.11,142.6,0,4040.03,132.89,124.58,0,RING,LL128,16,RING,LL128,16,0,RING,A_flag_ceiling
reduce_scatter_perf,2,16,4096,64,float,sum,143.32,0.03,0.03,0,142.74,0.03,0.03,0,RING,SIMPLE,24,RING,SIMPLE,24,0,RING,A_flag_ceiling
reduce_scatter_perf,2,16,8192,128,float,sum,143.3,0.06,0.05,0,141.78,0.06,0.05,0,RING,SIMPLE,24,RING,SIMPLE,24,0,RING,A_flag_ceiling
reduce_scatter_perf,2,16,16384,256,float,sum,145.33,0.11,0.11,0,142.62,0.11,0.11,0,RING,SIMPLE,24,RING,SIMPLE,24,0,RING,A_flag_ceiling
reduce_scatter_perf,2,16,32768,512,float,sum,144.36,0.23,0.21,0,143.32,0.23,0.21,0,RING,SIMPLE,24,RING,SIMPLE,24,0,RING,A_flag_ceiling
reduce_scatter_perf,2,16,65536,1024,float,sum,144.0,0.46,0.43,0,143.82,0.46,0.43,0,RING,SIMPLE,24,RING,SIMPLE,24,0,RING,A_flag_ceiling
reduce_scatter_perf,2,16,131072,2048,float,sum,50.6,2.59,2.43,0,49.52,2.65,2.48,0,RING,SIMPLE,24,RING,SIMPLE,24,0,RING,A_flag_ceiling
reduce_scatter_perf,2,16,262144,4096,float,sum,49.95,5.25,4.92,0,50.68,5.17,4.85,0,RING,SIMPLE,24,RING,SIMPLE,24,0,RING,A_flag_ceiling
reduce_scatter_perf,2,16,524288,8192,float,sum,55.17,9.5,8.91,0,55.03,9.53,8.93,0,RING,SIMPLE,24,RING,SIMPLE,24,0,RING,A_flag_ceiling
reduce_scatter_perf,2,16,1048576,16384,float,sum,69.93,14.99,14.06,0,70.36,14.9,13.97,0,RING,SIMPLE,24,RING,SIMPLE,24,0,RING,A_flag_ceiling
reduce_scatter_perf,2,16,2097152,32768,float,sum,83.66,25.07,23.5,0,84.12,24.93,23.37,0,RING,SIMPLE,24,RING,SIMPLE,24,0,RING,A_flag_ceiling
reduce_scatter_perf,2,16,4194304,65536,float,sum,207.11,20.25,18.99,0,204.0,20.56,19.28,0,RING,SIMPLE,24,RING,SIMPLE,24,0,RING,A_flag_ceiling
reduce_scatter_perf,2,16,8388608,131072,float,sum,212.75,39.43,36.96,0,210.71,39.81,37.32,0,RING,SIMPLE,24,RING,SIMPLE,24,0,RING,A_flag_ceiling
reduce_scatter_perf,2,16,16777216,262144,float,sum,217.06,77.29,72.46,0,217.27,77.22,72.39,0,RING,SIMPLE,24,RING,SIMPLE,24,0,RING,A_flag_ceiling
reduce_scatter_perf,2,16,33554432,524288,float,sum,235.72,142.35,133.45,0,232.98,144.02,135.02,0,RING,SIMPLE,24,RING,SIMPLE,24,0,RING,A_flag_ceiling
reduce_scatter_perf,2,16,67108864,1048576,float,sum,319.53,210.03,196.9,0,308.7,217.39,203.8,0,RING,SIMPLE,24,RING,SIMPLE,24,0,RING,A_flag_ceiling
reduce_scatter_perf,2,16,134217728,2097152,float,sum,492.2,272.69,255.64,0,469.72,285.74,267.88,0,RING,SIMPLE,24,RING,SIMPLE,24,0,RING,A_flag_ceiling
reduce_scatter_perf,2,16,268435456,4194304,float,sum,860.5,311.95,292.46,0,821.33,326.83,306.4,0,RING,SIMPLE,24,RING,SIMPLE,24,0,RING,A_flag_ceiling
reduce_scatter_perf,2,16,536870912,8388608,float,sum,1559.54,344.25,322.73,0,1528.99,351.13,329.18,0,RING,SIMPLE,24,RING,SIMPLE,24,0,RING,A_flag_ceiling
reduce_scatter_perf,2,16,4096,64,float,sum,41.57,0.1,0.09,0,40.87,0.1,0.09,0,RING,LL,24,RING,LL,24,0,RING,A_flag_ceiling
reduce_scatter_perf,2,16,8192,128,float,sum,41.64,0.2,0.18,0,45.11,0.18,0.17,0,RING,LL,24,RING,LL,24,0,RING,A_flag_ceiling
reduce_scatter_perf,2,16,16384,256,float,sum,47.27,0.35,0.32,0,43.64,0.38,0.35,0,RING,LL,24,RING,LL,24,0,RING,A_flag_ceiling
reduce_scatter_perf,2,16,32768,512,float,sum,48.21,0.68,0.64,0,48.02,0.68,0.64,0,RING,LL,24,RING,LL,24,0,RING,A_flag_ceiling
reduce_scatter_perf,2,16,65536,1024,float,sum,54.89,1.19,1.12,0,53.53,1.22,1.15,0,RING,LL,24,RING,LL,24,0,RING,A_flag_ceiling
reduce_scatter_perf,2,16,131072,2048,float,sum,49.67,2.64,2.47,0,49.16,2.67,2.5,0,RING,LL,24,RING,LL,24,0,RING,A_flag_ceiling
reduce_scatter_perf,2,16,262144,4096,float,sum,51.19,5.12,4.8,0,50.89,5.15,4.83,0,RING,LL,24,RING,LL,24,0,RING,A_flag_ceiling
reduce_scatter_perf,2,16,524288,8192,float,sum,56.21,9.33,8.74,0,61.0,8.59,8.06,0,RING,LL,24,RING,LL,24,0,RING,A_flag_ceiling
reduce_scatter_perf,2,16,1048576,16384,float,sum,72.79,14.41,13.51,0,70.06,14.97,14.03,0,RING,LL,24,RING,LL,24,0,RING,A_flag_ceiling
reduce_scatter_perf,2,16,2097152,32768,float,sum,93.73,22.37,20.98,0,81.82,25.63,24.03,0,RING,LL,24,RING,LL,24,0,RING,A_flag_ceiling
reduce_scatter_perf,2,16,4194304,65536,float,sum,143.52,29.22,27.4,0,144.86,28.95,27.14,0,RING,LL,24,RING,LL,24,0,RING,A_flag_ceiling
reduce_scatter_perf,2,16,8388608,131072,float,sum,269.78,31.09,29.15,0,271.13,30.94,29.01,0,RING,LL,24,RING,LL,24,0,RING,A_flag_ceiling
reduce_scatter_perf,2,16,16777216,262144,float,sum,458.78,36.57,34.28,0,458.29,36.61,34.32,0,RING,LL,24,RING,LL,24,0,RING,A_flag_ceiling
reduce_scatter_perf,2,16,33554432,524288,float,sum,893.2,37.57,35.22,0,890.64,37.67,35.32,0,RING,LL,24,RING,LL,24,0,RING,A_flag_ceiling
reduce_scatter_perf,2,16,67108864,1048576,float,sum,1697.53,39.53,37.06,0,1698.38,39.51,37.04,0,RING,LL,24,RING,LL,24,0,RING,A_flag_ceiling
reduce_scatter_perf,2,16,134217728,2097152,float,sum,3374.29,39.78,37.29,0,3381.17,39.7,37.21,0,RING,LL,24,RING,LL,24,0,RING,A_flag_ceiling
reduce_scatter_perf,2,16,268435456,4194304,float,sum,6705.43,40.03,37.53,0,6715.15,39.97,37.48,0,RING,LL,24,RING,LL,24,0,RING,A_flag_ceiling
reduce_scatter_perf,2,16,536870912,8388608,float,sum,13396.4,40.08,37.57,0,13406.7,40.05,37.54,0,RING,LL,24,RING,LL,24,0,RING,A_flag_ceiling
reduce_scatter_perf,2,16,4096,64,float,sum,50.59,0.08,0.08,0,49.68,0.08,0.08,0,RING,LL128,24,RING,LL128,24,0,RING,A_flag_ceiling
reduce_scatter_perf,2,16,8192,128,float,sum,49.49,0.17,0.16,0,48.91,0.17,0.16,0,RING,LL128,24,RING,LL128,24,0,RING,A_flag_ceiling
reduce_scatter_perf,2,16,16384,256,float,sum,52.01,0.32,0.3,0,49.04,0.33,0.31,0,RING,LL128,24,RING,LL128,24,0,RING,A_flag_ceiling
reduce_scatter_perf,2,16,32768,512,float,sum,49.83,0.66,0.62,0,48.92,0.67,0.63,0,RING,LL128,24,RING,LL128,24,0,RING,A_flag_ceiling
reduce_scatter_perf,2,16,65536,1024,float,sum,53.32,1.23,1.15,0,52.47,1.25,1.17,0,RING,LL128,24,RING,LL128,24,0,RING,A_flag_ceiling
reduce_scatter_perf,2,16,131072,2048,float,sum,50.2,2.61,2.45,0,50.89,2.58,2.41,0,RING,LL128,24,RING,LL128,24,0,RING,A_flag_ceiling
reduce_scatter_perf,2,16,262144,4096,float,sum,50.55,5.19,4.86,0,49.99,5.24,4.92,0,RING,LL128,24,RING,LL128,24,0,RING,A_flag_ceiling
reduce_scatter_perf,2,16,524288,8192,float,sum,56.38,9.3,8.72,0,55.27,9.49,8.89,0,RING,LL128,24,RING,LL128,24,0,RING,A_flag_ceiling
reduce_scatter_perf,2,16,1048576,16384,float,sum,70.5,14.87,13.94,0,70.5,14.87,13.94,0,RING,LL128,24,RING,LL128,24,0,RING,A_flag_ceiling
reduce_scatter_perf,2,16,2097152,32768,float,sum,83.82,25.02,23.46,0,93.69,22.38,20.98,0,RING,LL128,24,RING,LL128,24,0,RING,A_flag_ceiling
reduce_scatter_perf,2,16,4194304,65536,float,sum,79.84,52.53,49.25,0,80.93,51.83,48.59,0,RING,LL128,24,RING,LL128,24,0,RING,A_flag_ceiling
reduce_scatter_perf,2,16,8388608,131072,float,sum,84.64,99.11,92.91,0,84.22,99.6,93.38,0,RING,LL128,24,RING,LL128,24,0,RING,A_flag_ceiling
reduce_scatter_perf,2,16,16777216,262144,float,sum,111.1,151.01,141.57,0,110.12,152.35,142.83,0,RING,LL128,24,RING,LL128,24,0,RING,A_flag_ceiling
reduce_scatter_perf,2,16,33554432,524288,float,sum,178.12,188.38,176.6,0,189.54,177.03,165.96,0,RING,LL128,24,RING,LL128,24,0,RING,A_flag_ceiling
reduce_scatter_perf,2,16,67108864,1048576,float,sum,327.74,204.76,191.96,0,327.14,205.14,192.32,0,RING,LL128,24,RING,LL128,24,0,RING,A_flag_ceiling
reduce_scatter_perf,2,16,134217728,2097152,float,sum,638.44,210.23,197.09,0,637.25,210.62,197.46,0,RING,LL128,24,RING,LL128,24,0,RING,A_flag_ceiling
reduce_scatter_perf,2,16,268435456,4194304,float,sum,1241.52,216.22,202.7,0,1241.65,216.19,202.68,0,RING,LL128,24,RING,LL128,24,0,RING,A_flag_ceiling
reduce_scatter_perf,2,16,536870912,8388608,float,sum,2478.95,216.57,203.04,0,2480.5,216.44,202.91,0,RING,LL128,24,RING,LL128,24,0,RING,A_flag_ceiling
reduce_scatter_perf,2,16,4096,64,float,sum,143.22,0.03,0.03,0,143.11,0.03,0.03,0,RING,SIMPLE,32,RING,SIMPLE,32,0,RING,A_flag_ceiling
reduce_scatter_perf,2,16,8192,128,float,sum,142.55,0.06,0.05,0,142.38,0.06,0.05,0,RING,SIMPLE,32,RING,SIMPLE,32,0,RING,A_flag_ceiling
reduce_scatter_perf,2,16,16384,256,float,sum,145.94,0.11,0.11,0,143.04,0.11,0.11,0,RING,SIMPLE,32,RING,SIMPLE,32,0,RING,A_flag_ceiling
reduce_scatter_perf,2,16,32768,512,float,sum,143.73,0.23,0.21,0,143.11,0.23,0.21,0,RING,SIMPLE,32,RING,SIMPLE,32,0,RING,A_flag_ceiling
reduce_scatter_perf,2,16,65536,1024,float,sum,144.57,0.45,0.42,0,143.71,0.46,0.43,0,RING,SIMPLE,32,RING,SIMPLE,32,0,RING,A_flag_ceiling
reduce_scatter_perf,2,16,131072,2048,float,sum,49.69,2.64,2.47,0,49.69,2.64,2.47,0,RING,SIMPLE,32,RING,SIMPLE,32,0,RING,A_flag_ceiling
reduce_scatter_perf,2,16,262144,4096,float,sum,50.31,5.21,4.89,0,51.06,5.13,4.81,0,RING,SIMPLE,32,RING,SIMPLE,32,0,RING,A_flag_ceiling
reduce_scatter_perf,2,16,524288,8192,float,sum,56.39,9.3,8.72,0,55.16,9.5,8.91,0,RING,SIMPLE,32,RING,SIMPLE,32,0,RING,A_flag_ceiling
reduce_scatter_perf,2,16,1048576,16384,float,sum,66.03,15.88,14.89,0,65.85,15.92,14.93,0,RING,SIMPLE,32,RING,SIMPLE,32,0,RING,A_flag_ceiling
reduce_scatter_perf,2,16,2097152,32768,float,sum,79.43,26.4,24.75,0,79.88,26.25,24.61,0,RING,SIMPLE,32,RING,SIMPLE,32,0,RING,A_flag_ceiling
reduce_scatter_perf,2,16,4194304,65536,float,sum,250.76,16.73,15.68,0,231.45,18.12,16.99,0,RING,SIMPLE,32,RING,SIMPLE,32,0,RING,A_flag_ceiling
reduce_scatter_perf,2,16,8388608,131072,float,sum,235.7,35.59,33.37,0,228.76,36.67,34.38,0,RING,SIMPLE,32,RING,SIMPLE,32,0,RING,A_flag_ceiling
reduce_scatter_perf,2,16,16777216,262144,float,sum,240.31,69.81,65.45,0,240.68,69.71,65.35,0,RING,SIMPLE,32,RING,SIMPLE,32,0,RING,A_flag_ceiling
reduce_scatter_perf,2,16,33554432,524288,float,sum,246.8,135.96,127.46,0,247.57,135.54,127.07,0,RING,SIMPLE,32,RING,SIMPLE,32,0,RING,A_flag_ceiling
reduce_scatter_perf,2,16,67108864,1048576,float,sum,293.15,228.92,214.61,0,289.83,231.55,217.07,0,RING,SIMPLE,32,RING,SIMPLE,32,0,RING,A_flag_ceiling
reduce_scatter_perf,2,16,134217728,2097152,float,sum,433.38,309.7,290.34,0,417.85,321.21,301.13,0,RING,SIMPLE,32,RING,SIMPLE,32,0,RING,A_flag_ceiling
reduce_scatter_perf,2,16,268435456,4194304,float,sum,738.15,363.66,340.93,0,727.06,369.2,346.13,0,RING,SIMPLE,32,RING,SIMPLE,32,0,RING,A_flag_ceiling
reduce_scatter_perf,2,16,536870912,8388608,float,sum,1412.09,380.2,356.43,0,1411.77,380.28,356.51,0,RING,SIMPLE,32,RING,SIMPLE,32,0,RING,A_flag_ceiling
reduce_scatter_perf,2,16,4096,64,float,sum,42.34,0.1,0.09,0,40.64,0.1,0.09,0,RING,LL,32,RING,LL,32,0,RING,A_flag_ceiling
reduce_scatter_perf,2,16,8192,128,float,sum,41.83,0.2,0.18,0,41.41,0.2,0.19,0,RING,LL,32,RING,LL,32,0,RING,A_flag_ceiling
reduce_scatter_perf,2,16,16384,256,float,sum,47.33,0.35,0.32,0,43.36,0.38,0.35,0,RING,LL,32,RING,LL,32,0,RING,A_flag_ceiling
reduce_scatter_perf,2,16,32768,512,float,sum,47.32,0.69,0.65,0,46.93,0.7,0.65,0,RING,LL,32,RING,LL,32,0,RING,A_flag_ceiling
reduce_scatter_perf,2,16,65536,1024,float,sum,54.22,1.21,1.13,0,59.16,1.11,1.04,0,RING,LL,32,RING,LL,32,0,RING,A_flag_ceiling
reduce_scatter_perf,2,16,131072,2048,float,sum,49.34,2.66,2.49,0,50.92,2.57,2.41,0,RING,LL,32,RING,LL,32,0,RING,A_flag_ceiling
reduce_scatter_perf,2,16,262144,4096,float,sum,49.79,5.26,4.94,0,50.17,5.23,4.9,0,RING,LL,32,RING,LL,32,0,RING,A_flag_ceiling
reduce_scatter_perf,2,16,524288,8192,float,sum,55.04,9.53,8.93,0,54.64,9.6,9.0,0,RING,LL,32,RING,LL,32,0,RING,A_flag_ceiling
reduce_scatter_perf,2,16,1048576,16384,float,sum,65.26,16.07,15.06,0,65.6,15.98,14.99,0,RING,LL,32,RING,LL,32,0,RING,A_flag_ceiling
reduce_scatter_perf,2,16,2097152,32768,float,sum,89.97,23.31,21.85,0,79.42,26.41,24.76,0,RING,LL,32,RING,LL,32,0,RING,A_flag_ceiling
reduce_scatter_perf,2,16,4194304,65536,float,sum,160.03,26.21,24.57,0,160.27,26.17,24.53,0,RING,LL,32,RING,LL,32,0,RING,A_flag_ceiling
reduce_scatter_perf,2,16,8388608,131072,float,sum,217.94,38.49,36.08,0,216.38,38.77,36.34,0,RING,LL,32,RING,LL,32,0,RING,A_flag_ceiling
reduce_scatter_perf,2,16,16777216,262144,float,sum,434.28,38.63,36.22,0,430.36,38.98,36.55,0,RING,LL,32,RING,LL,32,0,RING,A_flag_ceiling
reduce_scatter_perf,2,16,33554432,524288,float,sum,844.14,39.75,37.27,0,842.0,39.85,37.36,0,RING,LL,32,RING,LL,32,0,RING,A_flag_ceiling
reduce_scatter_perf,2,16,67108864,1048576,float,sum,1647.95,40.72,38.18,0,1647.93,40.72,38.18,0,RING,LL,32,RING,LL,32,0,RING,A_flag_ceiling
reduce_scatter_perf,2,16,134217728,2097152,float,sum,3199.88,41.94,39.32,0,3059.84,43.86,41.12,0,RING,LL,32,RING,LL,32,0,RING,A_flag_ceiling
reduce_scatter_perf,2,16,268435456,4194304,float,sum,6115.73,43.89,41.15,0,6115.25,43.9,41.15,0,RING,LL,32,RING,LL,32,0,RING,A_flag_ceiling
reduce_scatter_perf,2,16,536870912,8388608,float,sum,12173.5,44.1,41.35,0,12072.8,44.47,41.69,0,RING,LL,32,RING,LL,32,0,RING,A_flag_ceiling
reduce_scatter_perf,2,16,4096,64,float,sum,49.63,0.08,0.08,0,48.19,0.08,0.08,0,RING,LL128,32,RING,LL128,32,0,RING,A_flag_ceiling
reduce_scatter_perf,2,16,8192,128,float,sum,48.42,0.17,0.16,0,47.82,0.17,0.16,0,RING,LL128,32,RING,LL128,32,0,RING,A_flag_ceiling
reduce_scatter_perf,2,16,16384,256,float,sum,51.31,0.32,0.3,0,47.6,0.34,0.32,0,RING,LL128,32,RING,LL128,32,0,RING,A_flag_ceiling
reduce_scatter_perf,2,16,32768,512,float,sum,49.35,0.66,0.62,0,48.77,0.67,0.63,0,RING,LL128,32,RING,LL128,32,0,RING,A_flag_ceiling
reduce_scatter_perf,2,16,65536,1024,float,sum,53.52,1.22,1.15,0,53.18,1.23,1.16,0,RING,LL128,32,RING,LL128,32,0,RING,A_flag_ceiling
reduce_scatter_perf,2,16,131072,2048,float,sum,50.33,2.6,2.44,0,52.8,2.48,2.33,0,RING,LL128,32,RING,LL128,32,0,RING,A_flag_ceiling
reduce_scatter_perf,2,16,262144,4096,float,sum,50.12,5.23,4.9,0,50.81,5.16,4.84,0,RING,LL128,32,RING,LL128,32,0,RING,A_flag_ceiling
reduce_scatter_perf,2,16,524288,8192,float,sum,55.83,9.39,8.8,0,56.24,9.32,8.74,0,RING,LL128,32,RING,LL128,32,0,RING,A_flag_ceiling
reduce_scatter_perf,2,16,1048576,16384,float,sum,66.15,15.85,14.86,0,66.33,15.81,14.82,0,RING,LL128,32,RING,LL128,32,0,RING,A_flag_ceiling
reduce_scatter_perf,2,16,2097152,32768,float,sum,91.0,23.05,21.61,0,79.69,26.32,24.67,0,RING,LL128,32,RING,LL128,32,0,RING,A_flag_ceiling
reduce_scatter_perf,2,16,4194304,65536,float,sum,93.85,44.69,41.9,0,92.74,45.23,42.4,0,RING,LL128,32,RING,LL128,32,0,RING,A_flag_ceiling
reduce_scatter_perf,2,16,8388608,131072,float,sum,99.17,84.59,79.3,0,99.16,84.6,79.31,0,RING,LL128,32,RING,LL128,32,0,RING,A_flag_ceiling
reduce_scatter_perf,2,16,16777216,262144,float,sum,108.55,154.55,144.89,0,107.83,155.59,145.87,0,RING,LL128,32,RING,LL128,32,0,RING,A_flag_ceiling
reduce_scatter_perf,2,16,33554432,524288,float,sum,156.14,214.89,201.46,0,154.56,217.09,203.53,0,RING,LL128,32,RING,LL128,32,0,RING,A_flag_ceiling
reduce_scatter_perf,2,16,67108864,1048576,float,sum,291.54,230.19,215.8,0,290.12,231.31,216.86,0,RING,LL128,32,RING,LL128,32,0,RING,A_flag_ceiling
reduce_scatter_perf,2,16,134217728,2097152,float,sum,532.85,251.88,236.14,0,525.96,255.18,239.23,0,RING,LL128,32,RING,LL128,32,0,RING,A_flag_ceiling
reduce_scatter_perf,2,16,268435456,4194304,float,sum,1027.7,261.2,244.88,0,1025.1,261.86,245.5,0,RING,LL128,32,RING,LL128,32,0,RING,A_flag_ceiling
reduce_scatter_perf,2,16,536870912,8388608,float,sum,2002.17,268.14,251.39,0,2001.82,268.19,251.43,0,RING,LL128,32,RING,LL128,32,0,RING,A_flag_ceiling
reduce_scatter_perf,2,16,4096,64,float,sum,143.61,0.03,0.03,0,142.99,0.03,0.03,0,RING,SIMPLE,40,RING,SIMPLE,40,0,RING,A_flag_ceiling
reduce_scatter_perf,2,16,8192,128,float,sum,143.28,0.06,0.05,0,142.82,0.06,0.05,0,RING,SIMPLE,40,RING,SIMPLE,40,0,RING,A_flag_ceiling
reduce_scatter_perf,2,16,16384,256,float,sum,145.75,0.11,0.11,0,142.41,0.12,0.11,0,RING,SIMPLE,40,RING,SIMPLE,40,0,RING,A_flag_ceiling
reduce_scatter_perf,2,16,32768,512,float,sum,144.65,0.23,0.21,0,143.17,0.23,0.21,0,RING,SIMPLE,40,RING,SIMPLE,40,0,RING,A_flag_ceiling
reduce_scatter_perf,2,16,65536,1024,float,sum,144.19,0.45,0.43,0,144.15,0.45,0.43,0,RING,SIMPLE,40,RING,SIMPLE,40,0,RING,A_flag_ceiling
reduce_scatter_perf,2,16,131072,2048,float,sum,51.01,2.57,2.41,0,51.36,2.55,2.39,0,RING,SIMPLE,40,RING,SIMPLE,40,0,RING,A_flag_ceiling
reduce_scatter_perf,2,16,262144,4096,float,sum,51.11,5.13,4.81,0,50.69,5.17,4.85,0,RING,SIMPLE,40,RING,SIMPLE,40,0,RING,A_flag_ceiling
reduce_scatter_perf,2,16,524288,8192,float,sum,55.47,9.45,8.86,0,55.28,9.48,8.89,0,RING,SIMPLE,40,RING,SIMPLE,40,0,RING,A_flag_ceiling
reduce_scatter_perf,2,16,1048576,16384,float,sum,66.26,15.82,14.84,0,65.61,15.98,14.98,0,RING,SIMPLE,40,RING,SIMPLE,40,0,RING,A_flag_ceiling
reduce_scatter_perf,2,16,2097152,32768,float,sum,79.53,26.37,24.72,0,80.36,26.1,24.47,0,RING,SIMPLE,40,RING,SIMPLE,40,0,RING,A_flag_ceiling
reduce_scatter_perf,2,16,4194304,65536,float,sum,262.02,16.01,15.01,0,255.43,16.42,15.39,0,RING,SIMPLE,40,RING,SIMPLE,40,0,RING,A_flag_ceiling
reduce_scatter_perf,2,16,8388608,131072,float,sum,267.53,31.36,29.4,0,265.56,31.59,29.61,0,RING,SIMPLE,40,RING,SIMPLE,40,0,RING,A_flag_ceiling
reduce_scatter_perf,2,16,16777216,262144,float,sum,270.72,61.97,58.1,0,285.85,58.69,55.02,0,RING,SIMPLE,40,RING,SIMPLE,40,0,RING,A_flag_ceiling
reduce_scatter_perf,2,16,33554432,524288,float,sum,293.71,114.24,107.1,0,280.05,119.81,112.33,0,RING,SIMPLE,40,RING,SIMPLE,40,0,RING,A_flag_ceiling
reduce_scatter_perf,2,16,67108864,1048576,float,sum,308.45,217.57,203.97,0,315.25,212.88,199.57,0,RING,SIMPLE,40,RING,SIMPLE,40,0,RING,A_flag_ceiling
reduce_scatter_perf,2,16,134217728,2097152,float,sum,417.57,321.42,301.34,0,422.79,317.46,297.61,0,RING,SIMPLE,40,RING,SIMPLE,40,0,RING,A_flag_ceiling
reduce_scatter_perf,2,16,268435456,4194304,float,sum,714.26,375.82,352.33,0,710.41,377.86,354.24,0,RING,SIMPLE,40,RING,SIMPLE,40,0,RING,A_flag_ceiling
reduce_scatter_perf,2,16,536870912,8388608,float,sum,1395.81,384.63,360.59,0,1400.32,383.39,359.43,0,RING,SIMPLE,40,RING,SIMPLE,40,0,RING,A_flag_ceiling
reduce_scatter_perf,2,16,4096,64,float,sum,41.88,0.1,0.09,0,41.29,0.1,0.09,0,RING,LL,40,RING,LL,40,0,RING,A_flag_ceiling
reduce_scatter_perf,2,16,8192,128,float,sum,41.62,0.2,0.18,0,41.25,0.2,0.19,0,RING,LL,40,RING,LL,40,0,RING,A_flag_ceiling
reduce_scatter_perf,2,16,16384,256,float,sum,46.24,0.35,0.33,0,43.21,0.38,0.36,0,RING,LL,40,RING,LL,40,0,RING,A_flag_ceiling
reduce_scatter_perf,2,16,32768,512,float,sum,47.41,0.69,0.65,0,46.6,0.7,0.66,0,RING,LL,40,RING,LL,40,0,RING,A_flag_ceiling
reduce_scatter_perf,2,16,65536,1024,float,sum,56.16,1.17,1.09,0,53.9,1.22,1.14,0,RING,LL,40,RING,LL,40,0,RING,A_flag_ceiling
reduce_scatter_perf,2,16,131072,2048,float,sum,50.17,2.61,2.45,0,52.33,2.5,2.35,0,RING,LL,40,RING,LL,40,0,RING,A_flag_ceiling
reduce_scatter_perf,2,16,262144,4096,float,sum,50.94,5.15,4.82,0,50.62,5.18,4.85,0,RING,LL,40,RING,LL,40,0,RING,A_flag_ceiling
reduce_scatter_perf,2,16,524288,8192,float,sum,55.45,9.46,8.86,0,55.31,9.48,8.89,0,RING,LL,40,RING,LL,40,0,RING,A_flag_ceiling
reduce_scatter_perf,2,16,1048576,16384,float,sum,66.89,15.68,14.7,0,66.74,15.71,14.73,0,RING,LL,40,RING,LL,40,0,RING,A_flag_ceiling
reduce_scatter_perf,2,16,2097152,32768,float,sum,80.01,26.21,24.57,0,79.37,26.42,24.77,0,RING,LL,40,RING,LL,40,0,RING,A_flag_ceiling
reduce_scatter_perf,2,16,4194304,65536,float,sum,182.48,22.98,21.55,0,182.89,22.93,21.5,0,RING,LL,40,RING,LL,40,0,RING,A_flag_ceiling
reduce_scatter_perf,2,16,8388608,131072,float,sum,246.23,34.07,31.94,0,246.05,34.09,31.96,0,RING,LL,40,RING,LL,40,0,RING,A_flag_ceiling
reduce_scatter_perf,2,16,16777216,262144,float,sum,476.54,35.21,33.01,0,472.88,35.48,33.26,0,RING,LL,40,RING,LL,40,0,RING,A_flag_ceiling
reduce_scatter_perf,2,16,33554432,524288,float,sum,919.44,36.49,34.21,0,917.76,36.56,34.28,0,RING,LL,40,RING,LL,40,0,RING,A_flag_ceiling
reduce_scatter_perf,2,16,67108864,1048576,float,sum,1705.93,39.34,36.88,0,1701.69,39.44,36.97,0,RING,LL,40,RING,LL,40,0,RING,A_flag_ceiling
reduce_scatter_perf,2,16,134217728,2097152,float,sum,3285.15,40.86,38.3,0,3298.83,40.69,38.14,0,RING,LL,40,RING,LL,40,0,RING,A_flag_ceiling
reduce_scatter_perf,2,16,268435456,4194304,float,sum,6534.44,41.08,38.51,0,6255.57,42.91,40.23,0,RING,LL,40,RING,LL,40,0,RING,A_flag_ceiling
reduce_scatter_perf,2,16,536870912,8388608,float,sum,12489.1,42.99,40.3,0,12500.2,42.95,40.26,0,RING,LL,40,RING,LL,40,0,RING,A_flag_ceiling
reduce_scatter_perf,2,16,4096,64,float,sum,51.66,0.08,0.07,0,50.25,0.08,0.08,0,RING,LL128,40,RING,LL128,40,0,RING,A_flag_ceiling
reduce_scatter_perf,2,16,8192,128,float,sum,50.44,0.16,0.15,0,50.09,0.16,0.15,0,RING,LL128,40,RING,LL128,40,0,RING,A_flag_ceiling
reduce_scatter_perf,2,16,16384,256,float,sum,53.98,0.3,0.28,0,49.91,0.33,0.31,0,RING,LL128,40,RING,LL128,40,0,RING,A_flag_ceiling
reduce_scatter_perf,2,16,32768,512,float,sum,50.32,0.65,0.61,0,49.46,0.66,0.62,0,RING,LL128,40,RING,LL128,40,0,RING,A_flag_ceiling
reduce_scatter_perf,2,16,65536,1024,float,sum,52.82,1.24,1.16,0,52.17,1.26,1.18,0,RING,LL128,40,RING,LL128,40,0,RING,A_flag_ceiling
reduce_scatter_perf,2,16,131072,2048,float,sum,50.2,2.61,2.45,0,52.35,2.5,2.35,0,RING,LL128,40,RING,LL128,40,0,RING,A_flag_ceiling
reduce_scatter_perf,2,16,262144,4096,float,sum,50.35,5.21,4.88,0,51.06,5.13,4.81,0,RING,LL128,40,RING,LL128,40,0,RING,A_flag_ceiling
reduce_scatter_perf,2,16,524288,8192,float,sum,56.48,9.28,8.7,0,55.25,9.49,8.9,0,RING,LL128,40,RING,LL128,40,0,RING,A_flag_ceiling
reduce_scatter_perf,2,16,1048576,16384,float,sum,66.44,15.78,14.8,0,66.68,15.73,14.74,0,RING,LL128,40,RING,LL128,40,0,RING,A_flag_ceiling
reduce_scatter_perf,2,16,2097152,32768,float,sum,79.5,26.38,24.73,0,80.0,26.22,24.58,0,RING,LL128,40,RING,LL128,40,0,RING,A_flag_ceiling
reduce_scatter_perf,2,16,4194304,65536,float,sum,105.0,39.95,37.45,0,103.86,40.38,37.86,0,RING,LL128,40,RING,LL128,40,0,RING,A_flag_ceiling
reduce_scatter_perf,2,16,8388608,131072,float,sum,114.54,73.24,68.66,0,111.84,75.0,70.32,0,RING,LL128,40,RING,LL128,40,0,RING,A_flag_ceiling
reduce_scatter_perf,2,16,16777216,262144,float,sum,121.4,138.19,129.56,0,120.8,138.89,130.21,0,RING,LL128,40,RING,LL128,40,0,RING,A_flag_ceiling
reduce_scatter_perf,2,16,33554432,524288,float,sum,144.36,232.43,217.91,0,142.96,234.72,220.05,0,RING,LL128,40,RING,LL128,40,0,RING,A_flag_ceiling
reduce_scatter_perf,2,16,67108864,1048576,float,sum,307.29,218.39,204.74,0,305.21,219.87,206.13,0,RING,LL128,40,RING,LL128,40,0,RING,A_flag_ceiling
reduce_scatter_perf,2,16,134217728,2097152,float,sum,509.4,263.48,247.01,0,509.61,263.37,246.91,0,RING,LL128,40,RING,LL128,40,0,RING,A_flag_ceiling
reduce_scatter_perf,2,16,268435456,4194304,float,sum,924.46,290.37,272.22,0,919.39,291.97,273.72,0,RING,LL128,40,RING,LL128,40,0,RING,A_flag_ceiling
reduce_scatter_perf,2,16,536870912,8388608,float,sum,1781.15,301.42,282.58,0,1772.47,302.89,283.96,0,RING,LL128,40,RING,LL128,40,0,RING,A_flag_ceiling
reduce_scatter_perf,2,16,4096,64,float,sum,144.06,0.03,0.03,0,146.25,0.03,0.03,0,RING,SIMPLE,48,RING,SIMPLE,48,0,RING,A_flag_ceiling
reduce_scatter_perf,2,16,8192,128,float,sum,143.03,0.06,0.05,0,141.08,0.06,0.05,0,RING,SIMPLE,48,RING,SIMPLE,48,0,RING,A_flag_ceiling
reduce_scatter_perf,2,16,16384,256,float,sum,145.24,0.11,0.11,0,141.51,0.12,0.11,0,RING,SIMPLE,48,RING,SIMPLE,48,0,RING,A_flag_ceiling
reduce_scatter_perf,2,16,32768,512,float,sum,143.71,0.23,0.21,0,143.07,0.23,0.21,0,RING,SIMPLE,48,RING,SIMPLE,48,0,RING,A_flag_ceiling
reduce_scatter_perf,2,16,65536,1024,float,sum,144.85,0.45,0.42,0,143.47,0.46,0.43,0,RING,SIMPLE,48,RING,SIMPLE,48,0,RING,A_flag_ceiling
reduce_scatter_perf,2,16,131072,2048,float,sum,51.14,2.56,2.4,0,50.56,2.59,2.43,0,RING,SIMPLE,48,RING,SIMPLE,48,0,RING,A_flag_ceiling
reduce_scatter_perf,2,16,262144,4096,float,sum,50.05,5.24,4.91,0,50.59,5.18,4.86,0,RING,SIMPLE,48,RING,SIMPLE,48,0,RING,A_flag_ceiling
reduce_scatter_perf,2,16,524288,8192,float,sum,55.92,9.38,8.79,0,55.14,9.51,8.91,0,RING,SIMPLE,48,RING,SIMPLE,48,0,RING,A_flag_ceiling
reduce_scatter_perf,2,16,1048576,16384,float,sum,67.49,15.54,14.57,0,65.96,15.9,14.9,0,RING,SIMPLE,48,RING,SIMPLE,48,0,RING,A_flag_ceiling
reduce_scatter_perf,2,16,2097152,32768,float,sum,81.6,25.7,24.09,0,81.31,25.79,24.18,0,RING,SIMPLE,48,RING,SIMPLE,48,0,RING,A_flag_ceiling
reduce_scatter_perf,2,16,4194304,65536,float,sum,288.41,14.54,13.63,0,278.32,15.07,14.13,0,RING,SIMPLE,48,RING,SIMPLE,48,0,RING,A_flag_ceiling
reduce_scatter_perf,2,16,8388608,131072,float,sum,299.59,28.0,26.25,0,318.26,26.36,24.71,0,RING,SIMPLE,48,RING,SIMPLE,48,0,RING,A_flag_ceiling
reduce_scatter_perf,2,16,16777216,262144,float,sum,335.59,49.99,46.87,0,320.69,52.32,49.05,0,RING,SIMPLE,48,RING,SIMPLE,48,0,RING,A_flag_ceiling
reduce_scatter_perf,2,16,33554432,524288,float,sum,310.86,107.94,101.19,0,310.91,107.92,101.18,0,RING,SIMPLE,48,RING,SIMPLE,48,0,RING,A_flag_ceiling
reduce_scatter_perf,2,16,67108864,1048576,float,sum,334.24,200.78,188.23,0,332.59,201.78,189.17,0,RING,SIMPLE,48,RING,SIMPLE,48,0,RING,A_flag_ceiling
reduce_scatter_perf,2,16,134217728,2097152,float,sum,425.54,315.41,295.69,0,419.87,319.67,299.69,0,RING,SIMPLE,48,RING,SIMPLE,48,0,RING,A_flag_ceiling
reduce_scatter_perf,2,16,268435456,4194304,float,sum,711.13,377.48,353.89,0,710.51,377.81,354.2,0,RING,SIMPLE,48,RING,SIMPLE,48,0,RING,A_flag_ceiling
reduce_scatter_perf,2,16,536870912,8388608,float,sum,1394.96,384.87,360.81,0,1389.81,386.29,362.15,0,RING,SIMPLE,48,RING,SIMPLE,48,0,RING,A_flag_ceiling
reduce_scatter_perf,2,16,4096,64,float,sum,42.29,0.1,0.09,0,40.93,0.1,0.09,0,RING,LL,48,RING,LL,48,0,RING,A_flag_ceiling
reduce_scatter_perf,2,16,8192,128,float,sum,41.53,0.2,0.18,0,40.83,0.2,0.19,0,RING,LL,48,RING,LL,48,0,RING,A_flag_ceiling
reduce_scatter_perf,2,16,16384,256,float,sum,51.23,0.32,0.3,0,43.32,0.38,0.35,0,RING,LL,48,RING,LL,48,0,RING,A_flag_ceiling
reduce_scatter_perf,2,16,32768,512,float,sum,47.08,0.7,0.65,0,46.76,0.7,0.66,0,RING,LL,48,RING,LL,48,0,RING,A_flag_ceiling
reduce_scatter_perf,2,16,65536,1024,float,sum,53.81,1.22,1.14,0,52.56,1.25,1.17,0,RING,LL,48,RING,LL,48,0,RING,A_flag_ceiling
reduce_scatter_perf,2,16,131072,2048,float,sum,51.63,2.54,2.38,0,49.03,2.67,2.51,0,RING,LL,48,RING,LL,48,0,RING,A_flag_ceiling
reduce_scatter_perf,2,16,262144,4096,float,sum,49.93,5.25,4.92,0,50.66,5.17,4.85,0,RING,LL,48,RING,LL,48,0,RING,A_flag_ceiling
reduce_scatter_perf,2,16,524288,8192,float,sum,56.61,9.26,8.68,0,56.39,9.3,8.72,0,RING,LL,48,RING,LL,48,0,RING,A_flag_ceiling
reduce_scatter_perf,2,16,1048576,16384,float,sum,67.85,15.45,14.49,0,66.95,15.66,14.68,0,RING,LL,48,RING,LL,48,0,RING,A_flag_ceiling
reduce_scatter_perf,2,16,2097152,32768,float,sum,81.03,25.88,24.26,0,81.26,25.81,24.19,0,RING,LL,48,RING,LL,48,0,RING,A_flag_ceiling
reduce_scatter_perf,2,16,4194304,65536,float,sum,202.02,20.76,19.46,0,198.92,21.09,19.77,0,RING,LL,48,RING,LL,48,0,RING,A_flag_ceiling
reduce_scatter_perf,2,16,8388608,131072,float,sum,264.52,31.71,29.73,0,261.55,32.07,30.07,0,RING,LL,48,RING,LL,48,0,RING,A_flag_ceiling
reduce_scatter_perf,2,16,16777216,262144,float,sum,507.69,33.05,30.98,0,507.94,33.03,30.97,0,RING,LL,48,RING,LL,48,0,RING,A_flag_ceiling
reduce_scatter_perf,2,16,33554432,524288,float,sum,894.08,37.53,35.18,0,892.73,37.59,35.24,0,RING,LL,48,RING,LL,48,0,RING,A_flag_ceiling
reduce_scatter_perf,2,16,67108864,1048576,float,sum,1740.63,38.55,36.14,0,1735.07,38.68,36.26,0,RING,LL,48,RING,LL,48,0,RING,A_flag_ceiling
reduce_scatter_perf,2,16,134217728,2097152,float,sum,3347.09,40.1,37.59,0,3319.17,40.44,37.91,0,RING,LL,48,RING,LL,48,0,RING,A_flag_ceiling
reduce_scatter_perf,2,16,268435456,4194304,float,sum,6380.64,42.07,39.44,0,6295.62,42.64,39.97,0,RING,LL,48,RING,LL,48,0,RING,A_flag_ceiling
reduce_scatter_perf,2,16,536870912,8388608,float,sum,12542.8,42.8,40.13,0,12563.6,42.73,40.06,0,RING,LL,48,RING,LL,48,0,RING,A_flag_ceiling
reduce_scatter_perf,2,16,4096,64,float,sum,50.9,0.08,0.08,0,50.48,0.08,0.08,0,RING,LL128,48,RING,LL128,48,0,RING,A_flag_ceiling
reduce_scatter_perf,2,16,8192,128,float,sum,50.54,0.16,0.15,0,50.28,0.16,0.15,0,RING,LL128,48,RING,LL128,48,0,RING,A_flag_ceiling
reduce_scatter_perf,2,16,16384,256,float,sum,53.73,0.3,0.29,0,49.64,0.33,0.31,0,RING,LL128,48,RING,LL128,48,0,RING,A_flag_ceiling
reduce_scatter_perf,2,16,32768,512,float,sum,50.29,0.65,0.61,0,50.01,0.66,0.61,0,RING,LL128,48,RING,LL128,48,0,RING,A_flag_ceiling
reduce_scatter_perf,2,16,65536,1024,float,sum,53.8,1.22,1.14,0,53.07,1.23,1.16,0,RING,LL128,48,RING,LL128,48,0,RING,A_flag_ceiling
reduce_scatter_perf,2,16,131072,2048,float,sum,51.64,2.54,2.38,0,49.73,2.64,2.47,0,RING,LL128,48,RING,LL128,48,0,RING,A_flag_ceiling
reduce_scatter_perf,2,16,262144,4096,float,sum,50.54,5.19,4.86,0,50.09,5.23,4.91,0,RING,LL128,48,RING,LL128,48,0,RING,A_flag_ceiling
reduce_scatter_perf,2,16,524288,8192,float,sum,55.64,9.42,8.83,0,55.81,9.39,8.81,0,RING,LL128,48,RING,LL128,48,0,RING,A_flag_ceiling
reduce_scatter_perf,2,16,1048576,16384,float,sum,141.25,7.42,6.96,0,65.66,15.97,14.97,0,RING,LL128,48,RING,LL128,48,0,RING,A_flag_ceiling
reduce_scatter_perf,2,16,2097152,32768,float,sum,92.52,22.67,21.25,0,82.59,25.39,23.81,0,RING,LL128,48,RING,LL128,48,0,RING,A_flag_ceiling
reduce_scatter_perf,2,16,4194304,65536,float,sum,121.61,34.49,32.33,0,120.99,34.67,32.5,0,RING,LL128,48,RING,LL128,48,0,RING,A_flag_ceiling
reduce_scatter_perf,2,16,8388608,131072,float,sum,127.71,65.68,61.58,0,126.16,66.49,62.34,0,RING,LL128,48,RING,LL128,48,0,RING,A_flag_ceiling
reduce_scatter_perf,2,16,16777216,262144,float,sum,131.22,127.86,119.87,0,130.17,128.88,120.83,0,RING,LL128,48,RING,LL128,48,0,RING,A_flag_ceiling
reduce_scatter_perf,2,16,33554432,524288,float,sum,149.38,224.63,210.59,0,161.05,208.34,195.32,0,RING,LL128,48,RING,LL128,48,0,RING,A_flag_ceiling
reduce_scatter_perf,2,16,67108864,1048576,float,sum,234.39,286.32,268.42,0,234.12,286.65,268.73,0,RING,LL128,48,RING,LL128,48,0,RING,A_flag_ceiling
reduce_scatter_perf,2,16,134217728,2097152,float,sum,433.78,309.41,290.08,0,432.4,310.41,291.0,0,RING,LL128,48,RING,LL128,48,0,RING,A_flag_ceiling
reduce_scatter_perf,2,16,268435456,4194304,float,sum,838.16,320.27,300.25,0,837.17,320.65,300.61,0,RING,LL128,48,RING,LL128,48,0,RING,A_flag_ceiling
reduce_scatter_perf,2,16,536870912,8388608,float,sum,1642.17,326.93,306.49,0,1640.95,327.17,306.72,0,RING,LL128,48,RING,LL128,48,0,RING,A_flag_ceiling
reduce_scatter_perf,2,16,4096,64,float,sum,143.74,0.03,0.03,0,142.74,0.03,0.03,0,RING,SIMPLE,1,RING,SIMPLE,1,0,RING,A_flag_ceiling
reduce_scatter_perf,2,16,8192,128,float,sum,143.16,0.06,0.05,0,143.37,0.06,0.05,0,RING,SIMPLE,1,RING,SIMPLE,1,0,RING,A_flag_ceiling
reduce_scatter_perf,2,16,16384,256,float,sum,144.81,0.11,0.11,0,142.98,0.11,0.11,0,RING,SIMPLE,1,RING,SIMPLE,1,0,RING,A_flag_ceiling
reduce_scatter_perf,2,16,32768,512,float,sum,143.14,0.23,0.21,0,143.07,0.23,0.21,0,RING,SIMPLE,1,RING,SIMPLE,1,0,RING,A_flag_ceiling
reduce_scatter_perf,2,16,65536,1024,float,sum,145.43,0.45,0.42,0,144.5,0.45,0.43,0,RING,SIMPLE,1,RING,SIMPLE,1,0,RING,A_flag_ceiling
reduce_scatter_perf,2,16,131072,2048,float,sum,282.72,0.46,0.43,0,283.91,0.46,0.43,0,RING,SIMPLE,1,RING,SIMPLE,1,0,RING,A_flag_ceiling
reduce_scatter_perf,2,16,262144,4096,float,sum,273.3,0.96,0.9,0,273.34,0.96,0.9,0,RING,SIMPLE,1,RING,SIMPLE,1,0,RING,A_flag_ceiling
reduce_scatter_perf,2,16,524288,8192,float,sum,303.83,1.73,1.62,0,303.48,1.73,1.62,0,RING,SIMPLE,1,RING,SIMPLE,1,0,RING,A_flag_ceiling
reduce_scatter_perf,2,16,1048576,16384,float,sum,371.1,2.83,2.65,0,367.64,2.85,2.67,0,RING,SIMPLE,1,RING,SIMPLE,1,0,RING,A_flag_ceiling
reduce_scatter_perf,2,16,2097152,32768,float,sum,500.19,4.19,3.93,0,492.54,4.26,3.99,0,RING,SIMPLE,1,RING,SIMPLE,1,0,RING,A_flag_ceiling
reduce_scatter_perf,2,16,4194304,65536,float,sum,422.69,9.92,9.3,0,411.01,10.2,9.57,0,RING,SIMPLE,1,RING,SIMPLE,1,0,RING,A_flag_ceiling
reduce_scatter_perf,2,16,8388608,131072,float,sum,725.82,11.56,10.84,0,672.98,12.46,11.69,0,RING,SIMPLE,1,RING,SIMPLE,1,0,RING,A_flag_ceiling
reduce_scatter_perf,2,16,16777216,262144,float,sum,956.68,17.54,16.44,0,901.19,18.62,17.45,0,RING,SIMPLE,1,RING,SIMPLE,1,0,RING,A_flag_ceiling
reduce_scatter_perf,2,16,33554432,524288,float,sum,1782.91,18.82,17.64,0,1688.26,19.88,18.63,0,RING,SIMPLE,1,RING,SIMPLE,1,0,RING,A_flag_ceiling
reduce_scatter_perf,2,16,67108864,1048576,float,sum,3568.4,18.81,17.63,0,3384.37,19.83,18.59,0,RING,SIMPLE,1,RING,SIMPLE,1,0,RING,A_flag_ceiling
reduce_scatter_perf,2,16,134217728,2097152,float,sum,7138.59,18.8,17.63,0,6791.63,19.76,18.53,0,RING,SIMPLE,1,RING,SIMPLE,1,0,RING,A_flag_ceiling
reduce_scatter_perf,2,16,268435456,4194304,float,sum,14246.6,18.84,17.66,0,13619.6,19.71,18.48,0,RING,SIMPLE,1,RING,SIMPLE,1,0,RING,A_flag_ceiling
reduce_scatter_perf,2,16,536870912,8388608,float,sum,28450.4,18.87,17.69,0,27432.0,19.57,18.35,0,RING,SIMPLE,1,RING,SIMPLE,1,0,RING,A_flag_ceiling
reduce_scatter_perf,2,16,4096,64,float,sum,42.57,0.1,0.09,0,40.96,0.1,0.09,0,RING,LL,1,RING,LL,1,0,RING,A_flag_ceiling
reduce_scatter_perf,2,16,8192,128,float,sum,41.46,0.2,0.19,0,41.22,0.2,0.19,0,RING,LL,1,RING,LL,1,0,RING,A_flag_ceiling
reduce_scatter_perf,2,16,16384,256,float,sum,45.06,0.36,0.34,0,41.45,0.4,0.37,0,RING,LL,1,RING,LL,1,0,RING,A_flag_ceiling
reduce_scatter_perf,2,16,32768,512,float,sum,42.84,0.76,0.72,0,44.58,0.74,0.69,0,RING,LL,1,RING,LL,1,0,RING,A_flag_ceiling
reduce_scatter_perf,2,16,65536,1024,float,sum,49.71,1.32,1.24,0,48.63,1.35,1.26,0,RING,LL,1,RING,LL,1,0,RING,A_flag_ceiling
reduce_scatter_perf,2,16,131072,2048,float,sum,285.46,0.46,0.43,0,281.63,0.47,0.44,0,RING,LL,1,RING,LL,1,0,RING,A_flag_ceiling
reduce_scatter_perf,2,16,262144,4096,float,sum,271.74,0.96,0.9,0,270.74,0.97,0.91,0,RING,LL,1,RING,LL,1,0,RING,A_flag_ceiling
reduce_scatter_perf,2,16,524288,8192,float,sum,302.03,1.74,1.63,0,301.9,1.74,1.63,0,RING,LL,1,RING,LL,1,0,RING,A_flag_ceiling
reduce_scatter_perf,2,16,1048576,16384,float,sum,368.9,2.84,2.66,0,374.73,2.8,2.62,0,RING,LL,1,RING,LL,1,0,RING,A_flag_ceiling
reduce_scatter_perf,2,16,2097152,32768,float,sum,499.26,4.2,3.94,0,490.29,4.28,4.01,0,RING,LL,1,RING,LL,1,0,RING,A_flag_ceiling
reduce_scatter_perf,2,16,4194304,65536,float,sum,1698.83,2.47,2.31,0,1694.84,2.47,2.32,0,RING,LL,1,RING,LL,1,0,RING,A_flag_ceiling
reduce_scatter_perf,2,16,8388608,131072,float,sum,3400.81,2.47,2.31,0,3384.67,2.48,2.32,0,RING,LL,1,RING,LL,1,0,RING,A_flag_ceiling
reduce_scatter_perf,2,16,16777216,262144,float,sum,6785.45,2.47,2.32,0,6775.56,2.48,2.32,0,RING,LL,1,RING,LL,1,0,RING,A_flag_ceiling
reduce_scatter_perf,2,16,33554432,524288,float,sum,13558.4,2.47,2.32,0,13574.2,2.47,2.32,0,RING,LL,1,RING,LL,1,0,RING,A_flag_ceiling
reduce_scatter_perf,2,16,67108864,1048576,float,sum,27288.7,2.46,2.31,0,27206.8,2.47,2.31,0,RING,LL,1,RING,LL,1,0,RING,A_flag_ceiling
reduce_scatter_perf,2,16,134217728,2097152,float,sum,54526.0,2.46,2.31,0,54504.9,2.46,2.31,0,RING,LL,1,RING,LL,1,0,RING,A_flag_ceiling
reduce_scatter_perf,2,16,268435456,4194304,float,sum,109165.0,2.46,2.31,0,109129.0,2.46,2.31,0,RING,LL,1,RING,LL,1,0,RING,A_flag_ceiling
reduce_scatter_perf,2,16,536870912,8388608,float,sum,218415.0,2.46,2.3,0,218612.0,2.46,2.3,0,RING,LL,1,RING,LL,1,0,RING,A_flag_ceiling
reduce_scatter_perf,2,16,4096,64,float,sum,51.0,0.08,0.08,0,50.57,0.08,0.08,0,RING,LL128,1,RING,LL128,1,0,RING,A_flag_ceiling
reduce_scatter_perf,2,16,8192,128,float,sum,50.25,0.16,0.15,0,50.07,0.16,0.15,0,RING,LL128,1,RING,LL128,1,0,RING,A_flag_ceiling
reduce_scatter_perf,2,16,16384,256,float,sum,52.5,0.31,0.29,0,49.94,0.33,0.31,0,RING,LL128,1,RING,LL128,1,0,RING,A_flag_ceiling
reduce_scatter_perf,2,16,32768,512,float,sum,50.47,0.65,0.61,0,50.18,0.65,0.61,0,RING,LL128,1,RING,LL128,1,0,RING,A_flag_ceiling
reduce_scatter_perf,2,16,65536,1024,float,sum,51.7,1.27,1.19,0,50.33,1.3,1.22,0,RING,LL128,1,RING,LL128,1,0,RING,A_flag_ceiling
reduce_scatter_perf,2,16,131072,2048,float,sum,282.76,0.46,0.43,0,282.6,0.46,0.43,0,RING,LL128,1,RING,LL128,1,0,RING,A_flag_ceiling
reduce_scatter_perf,2,16,262144,4096,float,sum,273.42,0.96,0.9,0,272.43,0.96,0.9,0,RING,LL128,1,RING,LL128,1,0,RING,A_flag_ceiling
reduce_scatter_perf,2,16,524288,8192,float,sum,303.81,1.73,1.62,0,302.61,1.73,1.62,0,RING,LL128,1,RING,LL128,1,0,RING,A_flag_ceiling
reduce_scatter_perf,2,16,1048576,16384,float,sum,368.68,2.84,2.67,0,366.82,2.86,2.68,0,RING,LL128,1,RING,LL128,1,0,RING,A_flag_ceiling
reduce_scatter_perf,2,16,2097152,32768,float,sum,499.96,4.19,3.93,0,492.01,4.26,4.0,0,RING,LL128,1,RING,LL128,1,0,RING,A_flag_ceiling
reduce_scatter_perf,2,16,4194304,65536,float,sum,466.3,8.99,8.43,0,452.13,9.28,8.7,0,RING,LL128,1,RING,LL128,1,0,RING,A_flag_ceiling
reduce_scatter_perf,2,16,8388608,131072,float,sum,924.64,9.07,8.51,0,873.93,9.6,9.0,0,RING,LL128,1,RING,LL128,1,0,RING,A_flag_ceiling
reduce_scatter_perf,2,16,16777216,262144,float,sum,1551.71,10.81,10.14,0,1485.17,11.3,10.59,0,RING,LL128,1,RING,LL128,1,0,RING,A_flag_ceiling
reduce_scatter_perf,2,16,33554432,524288,float,sum,3074.49,10.91,10.23,0,2949.4,11.38,10.67,0,RING,LL128,1,RING,LL128,1,0,RING,A_flag_ceiling
reduce_scatter_perf,2,16,67108864,1048576,float,sum,6057.52,11.08,10.39,0,5783.49,11.6,10.88,0,RING,LL128,1,RING,LL128,1,0,RING,A_flag_ceiling
reduce_scatter_perf,2,16,134217728,2097152,float,sum,11918.5,11.26,10.56,0,11568.9,11.6,10.88,0,RING,LL128,1,RING,LL128,1,0,RING,A_flag_ceiling
reduce_scatter_perf,2,16,268435456,4194304,float,sum,23580.7,11.38,10.67,0,23005.3,11.67,10.94,0,RING,LL128,1,RING,LL128,1,0,RING,A_flag_ceiling
reduce_scatter_perf,2,16,536870912,8388608,float,sum,46915.2,11.44,10.73,0,46501.6,11.55,10.82,0,RING,LL128,1,RING,LL128,1,0,RING,A_flag_ceiling
reduce_scatter_perf,2,16,4096,64,float,sum,144.94,0.03,0.03,0,142.57,0.03,0.03,0,RING,SIMPLE,2,RING,SIMPLE,2,0,RING,A_flag_ceiling
reduce_scatter_perf,2,16,8192,128,float,sum,143.26,0.06,0.05,0,142.9,0.06,0.05,0,RING,SIMPLE,2,RING,SIMPLE,2,0,RING,A_flag_ceiling
reduce_scatter_perf,2,16,16384,256,float,sum,146.81,0.11,0.1,0,143.36,0.11,0.11,0,RING,SIMPLE,2,RING,SIMPLE,2,0,RING,A_flag_ceiling
reduce_scatter_perf,2,16,32768,512,float,sum,144.33,0.23,0.21,0,143.95,0.23,0.21,0,RING,SIMPLE,2,RING,SIMPLE,2,0,RING,A_flag_ceiling
reduce_scatter_perf,2,16,65536,1024,float,sum,144.93,0.45,0.42,0,144.3,0.45,0.43,0,RING,SIMPLE,2,RING,SIMPLE,2,0,RING,A_flag_ceiling
reduce_scatter_perf,2,16,131072,2048,float,sum,157.81,0.83,0.78,0,157.77,0.83,0.78,0,RING,SIMPLE,2,RING,SIMPLE,2,0,RING,A_flag_ceiling
reduce_scatter_perf,2,16,262144,4096,float,sum,153.51,1.71,1.6,0,152.23,1.72,1.61,0,RING,SIMPLE,2,RING,SIMPLE,2,0,RING,A_flag_ceiling
reduce_scatter_perf,2,16,524288,8192,float,sum,168.35,3.11,2.92,0,167.25,3.13,2.94,0,RING,SIMPLE,2,RING,SIMPLE,2,0,RING,A_flag_ceiling
reduce_scatter_perf,2,16,1048576,16384,float,sum,202.86,5.17,4.85,0,199.93,5.24,4.92,0,RING,SIMPLE,2,RING,SIMPLE,2,0,RING,A_flag_ceiling
reduce_scatter_perf,2,16,2097152,32768,float,sum,267.38,7.84,7.35,0,267.78,7.83,7.34,0,RING,SIMPLE,2,RING,SIMPLE,2,0,RING,A_flag_ceiling
reduce_scatter_perf,2,16,4194304,65536,float,sum,271.03,15.48,14.51,0,266.68,15.73,14.74,0,RING,SIMPLE,2,RING,SIMPLE,2,0,RING,A_flag_ceiling
reduce_scatter_perf,2,16,8388608,131072,float,sum,432.64,19.39,18.18,0,410.57,20.43,19.15,0,RING,SIMPLE,2,RING,SIMPLE,2,0,RING,A_flag_ceiling
reduce_scatter_perf,2,16,16777216,262144,float,sum,550.63,30.47,28.56,0,527.29,31.82,29.83,0,RING,SIMPLE,2,RING,SIMPLE,2,0,RING,A_flag_ceiling
reduce_scatter_perf,2,16,33554432,524288,float,sum,1019.68,32.91,30.85,0,976.47,34.36,32.22,0,RING,SIMPLE,2,RING,SIMPLE,2,0,RING,A_flag_ceiling
reduce_scatter_perf,2,16,67108864,1048576,float,sum,1968.52,34.09,31.96,0,1884.61,35.61,33.38,0,RING,SIMPLE,2,RING,SIMPLE,2,0,RING,A_flag_ceiling
reduce_scatter_perf,2,16,134217728,2097152,float,sum,3926.61,34.18,32.05,0,3780.36,35.5,33.28,0,RING,SIMPLE,2,RING,SIMPLE,2,0,RING,A_flag_ceiling
reduce_scatter_perf,2,16,268435456,4194304,float,sum,7856.97,34.17,32.03,0,7596.64,35.34,33.13,0,RING,SIMPLE,2,RING,SIMPLE,2,0,RING,A_flag_ceiling
reduce_scatter_perf,2,16,536870912,8388608,float,sum,15674.3,34.25,32.11,0,15406.9,34.85,32.67,0,RING,SIMPLE,2,RING,SIMPLE,2,0,RING,A_flag_ceiling
reduce_scatter_perf,2,16,4096,64,float,sum,41.91,0.1,0.09,0,40.69,0.1,0.09,0,RING,LL,2,RING,LL,2,0,RING,A_flag_ceiling
reduce_scatter_perf,2,16,8192,128,float,sum,42.19,0.19,0.18,0,41.55,0.2,0.18,0,RING,LL,2,RING,LL,2,0,RING,A_flag_ceiling
reduce_scatter_perf,2,16,16384,256,float,sum,45.54,0.36,0.34,0,41.62,0.39,0.37,0,RING,LL,2,RING,LL,2,0,RING,A_flag_ceiling
reduce_scatter_perf,2,16,32768,512,float,sum,42.3,0.77,0.73,0,42.05,0.78,0.73,0,RING,LL,2,RING,LL,2,0,RING,A_flag_ceiling
reduce_scatter_perf,2,16,65536,1024,float,sum,43.81,1.5,1.4,0,43.41,1.51,1.42,0,RING,LL,2,RING,LL,2,0,RING,A_flag_ceiling
reduce_scatter_perf,2,16,131072,2048,float,sum,157.7,0.83,0.78,0,156.49,0.84,0.79,0,RING,LL,2,RING,LL,2,0,RING,A_flag_ceiling
reduce_scatter_perf,2,16,262144,4096,float,sum,152.26,1.72,1.61,0,150.67,1.74,1.63,0,RING,LL,2,RING,LL,2,0,RING,A_flag_ceiling
reduce_scatter_perf,2,16,524288,8192,float,sum,167.32,3.13,2.94,0,167.21,3.14,2.94,0,RING,LL,2,RING,LL,2,0,RING,A_flag_ceiling
reduce_scatter_perf,2,16,1048576,16384,float,sum,202.22,5.19,4.86,0,200.08,5.24,4.91,0,RING,LL,2,RING,LL,2,0,RING,A_flag_ceiling
reduce_scatter_perf,2,16,2097152,32768,float,sum,268.99,7.8,7.31,0,265.42,7.9,7.41,0,RING,LL,2,RING,LL,2,0,RING,A_flag_ceiling
reduce_scatter_perf,2,16,4194304,65536,float,sum,853.59,4.91,4.61,0,850.2,4.93,4.62,0,RING,LL,2,RING,LL,2,0,RING,A_flag_ceiling
reduce_scatter_perf,2,16,8388608,131072,float,sum,1704.56,4.92,4.61,0,1694.96,4.95,4.64,0,RING,LL,2,RING,LL,2,0,RING,A_flag_ceiling
reduce_scatter_perf,2,16,16777216,262144,float,sum,3408.34,4.92,4.61,0,3384.24,4.96,4.65,0,RING,LL,2,RING,LL,2,0,RING,A_flag_ceiling
reduce_scatter_perf,2,16,33554432,524288,float,sum,6818.54,4.92,4.61,0,6787.61,4.94,4.63,0,RING,LL,2,RING,LL,2,0,RING,A_flag_ceiling
reduce_scatter_perf,2,16,67108864,1048576,float,sum,13694.5,4.9,4.59,0,13651.1,4.92,4.61,0,RING,LL,2,RING,LL,2,0,RING,A_flag_ceiling
reduce_scatter_perf,2,16,134217728,2097152,float,sum,27315.0,4.91,4.61,0,27317.9,4.91,4.61,0,RING,LL,2,RING,LL,2,0,RING,A_flag_ceiling
reduce_scatter_perf,2,16,268435456,4194304,float,sum,54677.6,4.91,4.6,0,54750.2,4.9,4.6,0,RING,LL,2,RING,LL,2,0,RING,A_flag_ceiling
reduce_scatter_perf,2,16,536870912,8388608,float,sum,109159.0,4.92,4.61,0,109058.0,4.92,4.62,0,RING,LL,2,RING,LL,2,0,RING,A_flag_ceiling
reduce_scatter_perf,2,16,4096,64,float,sum,51.59,0.08,0.07,0,50.32,0.08,0.08,0,RING,LL128,2,RING,LL128,2,0,RING,A_flag_ceiling
reduce_scatter_perf,2,16,8192,128,float,sum,50.95,0.16,0.15,0,54.02,0.15,0.14,0,RING,LL128,2,RING,LL128,2,0,RING,A_flag_ceiling
reduce_scatter_perf,2,16,16384,256,float,sum,52.11,0.31,0.29,0,50.13,0.33,0.31,0,RING,LL128,2,RING,LL128,2,0,RING,A_flag_ceiling
reduce_scatter_perf,2,16,32768,512,float,sum,50.45,0.65,0.61,0,50.66,0.65,0.61,0,RING,LL128,2,RING,LL128,2,0,RING,A_flag_ceiling
reduce_scatter_perf,2,16,65536,1024,float,sum,51.18,1.28,1.2,0,50.42,1.3,1.22,0,RING,LL128,2,RING,LL128,2,0,RING,A_flag_ceiling
reduce_scatter_perf,2,16,131072,2048,float,sum,156.39,0.84,0.79,0,157.66,0.83,0.78,0,RING,LL128,2,RING,LL128,2,0,RING,A_flag_ceiling
reduce_scatter_perf,2,16,262144,4096,float,sum,156.2,1.68,1.57,0,152.72,1.72,1.61,0,RING,LL128,2,RING,LL128,2,0,RING,A_flag_ceiling
reduce_scatter_perf,2,16,524288,8192,float,sum,168.13,3.12,2.92,0,167.34,3.13,2.94,0,RING,LL128,2,RING,LL128,2,0,RING,A_flag_ceiling
reduce_scatter_perf,2,16,1048576,16384,float,sum,202.17,5.19,4.86,0,200.89,5.22,4.89,0,RING,LL128,2,RING,LL128,2,0,RING,A_flag_ceiling
reduce_scatter_perf,2,16,2097152,32768,float,sum,270.62,7.75,7.27,0,267.83,7.83,7.34,0,RING,LL128,2,RING,LL128,2,0,RING,A_flag_ceiling
reduce_scatter_perf,2,16,4194304,65536,float,sum,256.57,16.35,15.33,0,256.46,16.35,15.33,0,RING,LL128,2,RING,LL128,2,0,RING,A_flag_ceiling
reduce_scatter_perf,2,16,8388608,131072,float,sum,477.34,17.57,16.48,0,476.6,17.6,16.5,0,RING,LL128,2,RING,LL128,2,0,RING,A_flag_ceiling
reduce_scatter_perf,2,16,16777216,262144,float,sum,821.84,20.41,19.14,0,820.1,20.46,19.18,0,RING,LL128,2,RING,LL128,2,0,RING,A_flag_ceiling
reduce_scatter_perf,2,16,33554432,524288,float,sum,1616.42,20.76,19.46,0,1620.8,20.7,19.41,0,RING,LL128,2,RING,LL128,2,0,RING,A_flag_ceiling
reduce_scatter_perf,2,16,67108864,1048576,float,sum,3206.8,20.93,19.62,0,3222.82,20.82,19.52,0,RING,LL128,2,RING,LL128,2,0,RING,A_flag_ceiling
reduce_scatter_perf,2,16,134217728,2097152,float,sum,6401.71,20.97,19.66,0,6435.11,20.86,19.55,0,RING,LL128,2,RING,LL128,2,0,RING,A_flag_ceiling
reduce_scatter_perf,2,16,268435456,4194304,float,sum,12789.6,20.99,19.68,0,12873.7,20.85,19.55,0,RING,LL128,2,RING,LL128,2,0,RING,A_flag_ceiling
reduce_scatter_perf,2,16,536870912,8388608,float,sum,25519.9,21.04,19.72,0,25723.7,20.87,19.57,0,RING,LL128,2,RING,LL128,2,0,RING,A_flag_ceiling
reduce_scatter_perf,2,16,4096,64,float,sum,143.8,0.03,0.03,0,142.48,0.03,0.03,0,RING,SIMPLE,4,RING,SIMPLE,4,0,RING,A_flag_ceiling
reduce_scatter_perf,2,16,8192,128,float,sum,142.76,0.06,0.05,0,142.59,0.06,0.05,0,RING,SIMPLE,4,RING,SIMPLE,4,0,RING,A_flag_ceiling
reduce_scatter_perf,2,16,16384,256,float,sum,144.94,0.11,0.11,0,149.53,0.11,0.1,0,RING,SIMPLE,4,RING,SIMPLE,4,0,RING,A_flag_ceiling
reduce_scatter_perf,2,16,32768,512,float,sum,143.88,0.23,0.21,0,144.54,0.23,0.21,0,RING,SIMPLE,4,RING,SIMPLE,4,0,RING,A_flag_ceiling
reduce_scatter_perf,2,16,65536,1024,float,sum,144.96,0.45,0.42,0,144.64,0.45,0.42,0,RING,SIMPLE,4,RING,SIMPLE,4,0,RING,A_flag_ceiling
reduce_scatter_perf,2,16,131072,2048,float,sum,91.64,1.43,1.34,0,89.84,1.46,1.37,0,RING,SIMPLE,4,RING,SIMPLE,4,0,RING,A_flag_ceiling
reduce_scatter_perf,2,16,262144,4096,float,sum,90.0,2.91,2.73,0,90.0,2.91,2.73,0,RING,SIMPLE,4,RING,SIMPLE,4,0,RING,A_flag_ceiling
reduce_scatter_perf,2,16,524288,8192,float,sum,99.57,5.27,4.94,0,97.86,5.36,5.02,0,RING,SIMPLE,4,RING,SIMPLE,4,0,RING,A_flag_ceiling
reduce_scatter_perf,2,16,1048576,16384,float,sum,113.87,9.21,8.63,0,114.55,9.15,8.58,0,RING,SIMPLE,4,RING,SIMPLE,4,0,RING,A_flag_ceiling
reduce_scatter_perf,2,16,2097152,32768,float,sum,146.13,14.35,13.45,0,145.96,14.37,13.47,0,RING,SIMPLE,4,RING,SIMPLE,4,0,RING,A_flag_ceiling
reduce_scatter_perf,2,16,4194304,65536,float,sum,202.02,20.76,19.46,0,200.55,20.91,19.61,0,RING,SIMPLE,4,RING,SIMPLE,4,0,RING,A_flag_ceiling
reduce_scatter_perf,2,16,8388608,131072,float,sum,277.98,30.18,28.29,0,274.71,30.54,28.63,0,RING,SIMPLE,4,RING,SIMPLE,4,0,RING,A_flag_ceiling
reduce_scatter_perf,2,16,16777216,262144,float,sum,352.56,47.59,44.61,0,339.46,49.42,46.33,0,RING,SIMPLE,4,RING,SIMPLE,4,0,RING,A_flag_ceiling
reduce_scatter_perf,2,16,33554432,524288,float,sum,606.06,55.37,51.9,0,582.22,57.63,54.03,0,RING,SIMPLE,4,RING,SIMPLE,4,0,RING,A_flag_ceiling
reduce_scatter_perf,2,16,67108864,1048576,float,sum,1100.56,60.98,57.17,0,1052.31,63.77,59.79,0,RING,SIMPLE,4,RING,SIMPLE,4,0,RING,A_flag_ceiling
reduce_scatter_perf,2,16,134217728,2097152,float,sum,2059.01,65.19,61.11,0,1988.13,67.51,63.29,0,RING,SIMPLE,4,RING,SIMPLE,4,0,RING,A_flag_ceiling
reduce_scatter_perf,2,16,268435456,4194304,float,sum,4149.96,64.68,60.64,0,3988.73,67.3,63.09,0,RING,SIMPLE,4,RING,SIMPLE,4,0,RING,A_flag_ceiling
reduce_scatter_perf,2,16,536870912,8388608,float,sum,8261.27,64.99,60.92,0,8081.73,66.43,62.28,0,RING,SIMPLE,4,RING,SIMPLE,4,0,RING,A_flag_ceiling
reduce_scatter_perf,2,16,4096,64,float,sum,41.66,0.1,0.09,0,40.79,0.1,0.09,0,RING,LL,4,RING,LL,4,0,RING,A_flag_ceiling
reduce_scatter_perf,2,16,8192,128,float,sum,42.43,0.19,0.18,0,44.79,0.18,0.17,0,RING,LL,4,RING,LL,4,0,RING,A_flag_ceiling
reduce_scatter_perf,2,16,16384,256,float,sum,46.71,0.35,0.33,0,43.65,0.38,0.35,0,RING,LL,4,RING,LL,4,0,RING,A_flag_ceiling
reduce_scatter_perf,2,16,32768,512,float,sum,44.13,0.74,0.7,0,44.12,0.74,0.7,0,RING,LL,4,RING,LL,4,0,RING,A_flag_ceiling
reduce_scatter_perf,2,16,65536,1024,float,sum,44.96,1.46,1.37,0,44.23,1.48,1.39,0,RING,LL,4,RING,LL,4,0,RING,A_flag_ceiling
reduce_scatter_perf,2,16,131072,2048,float,sum,90.83,1.44,1.35,0,89.69,1.46,1.37,0,RING,LL,4,RING,LL,4,0,RING,A_flag_ceiling
reduce_scatter_perf,2,16,262144,4096,float,sum,90.56,2.89,2.71,0,90.18,2.91,2.73,0,RING,LL,4,RING,LL,4,0,RING,A_flag_ceiling
reduce_scatter_perf,2,16,524288,8192,float,sum,98.63,5.32,4.98,0,97.8,5.36,5.03,0,RING,LL,4,RING,LL,4,0,RING,A_flag_ceiling
reduce_scatter_perf,2,16,1048576,16384,float,sum,113.58,9.23,8.65,0,113.32,9.25,8.67,0,RING,LL,4,RING,LL,4,0,RING,A_flag_ceiling
reduce_scatter_perf,2,16,2097152,32768,float,sum,146.42,14.32,13.43,0,146.9,14.28,13.38,0,RING,LL,4,RING,LL,4,0,RING,A_flag_ceiling
reduce_scatter_perf,2,16,4194304,65536,float,sum,445.55,9.41,8.83,0,445.16,9.42,8.83,0,RING,LL,4,RING,LL,4,0,RING,A_flag_ceiling
reduce_scatter_perf,2,16,8388608,131072,float,sum,886.65,9.46,8.87,0,885.92,9.47,8.88,0,RING,LL,4,RING,LL,4,0,RING,A_flag_ceiling
reduce_scatter_perf,2,16,16777216,262144,float,sum,1765.39,9.5,8.91,0,1753.99,9.57,8.97,0,RING,LL,4,RING,LL,4,0,RING,A_flag_ceiling
reduce_scatter_perf,2,16,33554432,524288,float,sum,3519.27,9.53,8.94,0,3519.42,9.53,8.94,0,RING,LL,4,RING,LL,4,0,RING,A_flag_ceiling
reduce_scatter_perf,2,16,67108864,1048576,float,sum,7032.0,9.54,8.95,0,7087.43,9.47,8.88,0,RING,LL,4,RING,LL,4,0,RING,A_flag_ceiling
reduce_scatter_perf,2,16,134217728,2097152,float,sum,14113.7,9.51,8.92,0,14180.0,9.47,8.87,0,RING,LL,4,RING,LL,4,0,RING,A_flag_ceiling
reduce_scatter_perf,2,16,268435456,4194304,float,sum,28282.0,9.49,8.9,0,28227.2,9.51,8.92,0,RING,LL,4,RING,LL,4,0,RING,A_flag_ceiling
reduce_scatter_perf,2,16,536870912,8388608,float,sum,56720.2,9.47,8.87,0,56036.3,9.58,8.98,0,RING,LL,4,RING,LL,4,0,RING,A_flag_ceiling
reduce_scatter_perf,2,16,4096,64,float,sum,50.02,0.08,0.08,0,49.27,0.08,0.08,0,RING,LL128,4,RING,LL128,4,0,RING,A_flag_ceiling
reduce_scatter_perf,2,16,8192,128,float,sum,49.45,0.17,0.16,0,49.26,0.17,0.16,0,RING,LL128,4,RING,LL128,4,0,RING,A_flag_ceiling
reduce_scatter_perf,2,16,16384,256,float,sum,52.23,0.31,0.29,0,52.97,0.31,0.29,0,RING,LL128,4,RING,LL128,4,0,RING,A_flag_ceiling
reduce_scatter_perf,2,16,32768,512,float,sum,50.05,0.65,0.61,0,55.1,0.59,0.56,0,RING,LL128,4,RING,LL128,4,0,RING,A_flag_ceiling
reduce_scatter_perf,2,16,65536,1024,float,sum,53.82,1.22,1.14,0,52.89,1.24,1.16,0,RING,LL128,4,RING,LL128,4,0,RING,A_flag_ceiling
reduce_scatter_perf,2,16,131072,2048,float,sum,91.03,1.44,1.35,0,92.63,1.41,1.33,0,RING,LL128,4,RING,LL128,4,0,RING,A_flag_ceiling
reduce_scatter_perf,2,16,262144,4096,float,sum,90.14,2.91,2.73,0,89.73,2.92,2.74,0,RING,LL128,4,RING,LL128,4,0,RING,A_flag_ceiling
reduce_scatter_perf,2,16,524288,8192,float,sum,97.9,5.36,5.02,0,98.26,5.34,5.0,0,RING,LL128,4,RING,LL128,4,0,RING,A_flag_ceiling
reduce_scatter_perf,2,16,1048576,16384,float,sum,114.03,9.2,8.62,0,114.28,9.18,8.6,0,RING,LL128,4,RING,LL128,4,0,RING,A_flag_ceiling
reduce_scatter_perf,2,16,2097152,32768,float,sum,147.74,14.19,13.31,0,146.72,14.29,13.4,0,RING,LL128,4,RING,LL128,4,0,RING,A_flag_ceiling
reduce_scatter_perf,2,16,4194304,65536,float,sum,138.84,30.21,28.32,0,137.93,30.41,28.51,0,RING,LL128,4,RING,LL128,4,0,RING,A_flag_ceiling
reduce_scatter_perf,2,16,8388608,131072,float,sum,268.59,31.23,29.28,0,267.61,31.35,29.39,0,RING,LL128,4,RING,LL128,4,0,RING,A_flag_ceiling
reduce_scatter_perf,2,16,16777216,262144,float,sum,439.62,38.16,35.78,0,437.84,38.32,35.92,0,RING,LL128,4,RING,LL128,4,0,RING,A_flag_ceiling
reduce_scatter_perf,2,16,33554432,524288,float,sum,860.06,39.01,36.58,0,853.14,39.33,36.87,0,RING,LL128,4,RING,LL128,4,0,RING,A_flag_ceiling
reduce_scatter_perf,2,16,67108864,1048576,float,sum,1689.37,39.72,37.24,0,1683.8,39.86,37.36,0,RING,LL128,4,RING,LL128,4,0,RING,A_flag_ceiling
reduce_scatter_perf,2,16,134217728,2097152,float,sum,3357.21,39.98,37.48,0,3347.16,40.1,37.59,0,RING,LL128,4,RING,LL128,4,0,RING,A_flag_ceiling
reduce_scatter_perf,2,16,268435456,4194304,float,sum,6707.32,40.02,37.52,0,6680.9,40.18,37.67,0,RING,LL128,4,RING,LL128,4,0,RING,A_flag_ceiling
reduce_scatter_perf,2,16,536870912,8388608,float,sum,13444.6,39.93,37.44,0,13365.4,40.17,37.66,0,RING,LL128,4,RING,LL128,4,0,RING,A_flag_ceiling
reduce_scatter_perf,2,16,4096,64,float,sum,142.59,0.03,0.03,0,142.32,0.03,0.03,0,RING,SIMPLE,8,RING,SIMPLE,8,0,RING,A_flag_ceiling
reduce_scatter_perf,2,16,8192,128,float,sum,142.05,0.06,0.05,0,144.22,0.06,0.05,0,RING,SIMPLE,8,RING,SIMPLE,8,0,RING,A_flag_ceiling
reduce_scatter_perf,2,16,16384,256,float,sum,145.88,0.11,0.11,0,142.79,0.11,0.11,0,RING,SIMPLE,8,RING,SIMPLE,8,0,RING,A_flag_ceiling
reduce_scatter_perf,2,16,32768,512,float,sum,144.39,0.23,0.21,0,143.89,0.23,0.21,0,RING,SIMPLE,8,RING,SIMPLE,8,0,RING,A_flag_ceiling
reduce_scatter_perf,2,16,65536,1024,float,sum,144.29,0.45,0.43,0,144.07,0.45,0.43,0,RING,SIMPLE,8,RING,SIMPLE,8,0,RING,A_flag_ceiling
reduce_scatter_perf,2,16,131072,2048,float,sum,59.45,2.2,2.07,0,58.71,2.23,2.09,0,RING,SIMPLE,8,RING,SIMPLE,8,0,RING,A_flag_ceiling
reduce_scatter_perf,2,16,262144,4096,float,sum,59.01,4.44,4.17,0,58.23,4.5,4.22,0,RING,SIMPLE,8,RING,SIMPLE,8,0,RING,A_flag_ceiling
reduce_scatter_perf,2,16,524288,8192,float,sum,67.13,7.81,7.32,0,67.25,7.8,7.31,0,RING,SIMPLE,8,RING,SIMPLE,8,0,RING,A_flag_ceiling
reduce_scatter_perf,2,16,1048576,16384,float,sum,79.4,13.21,12.38,0,79.81,13.14,12.32,0,RING,SIMPLE,8,RING,SIMPLE,8,0,RING,A_flag_ceiling
reduce_scatter_perf,2,16,2097152,32768,float,sum,94.52,22.19,20.8,0,94.88,22.1,20.72,0,RING,SIMPLE,8,RING,SIMPLE,8,0,RING,A_flag_ceiling
reduce_scatter_perf,2,16,4194304,65536,float,sum,184.58,22.72,21.3,0,185.58,22.6,21.19,0,RING,SIMPLE,8,RING,SIMPLE,8,0,RING,A_flag_ceiling
reduce_scatter_perf,2,16,8388608,131072,float,sum,211.55,39.65,37.17,0,210.37,39.87,37.38,0,RING,SIMPLE,8,RING,SIMPLE,8,0,RING,A_flag_ceiling
reduce_scatter_perf,2,16,16777216,262144,float,sum,245.74,68.27,64.01,0,242.35,69.23,64.9,0,RING,SIMPLE,8,RING,SIMPLE,8,0,RING,A_flag_ceiling
reduce_scatter_perf,2,16,33554432,524288,float,sum,356.71,94.07,88.19,0,348.99,96.15,90.14,0,RING,SIMPLE,8,RING,SIMPLE,8,0,RING,A_flag_ceiling
reduce_scatter_perf,2,16,67108864,1048576,float,sum,609.05,110.19,103.3,0,580.67,115.57,108.35,0,RING,SIMPLE,8,RING,SIMPLE,8,0,RING,A_flag_ceiling
reduce_scatter_perf,2,16,134217728,2097152,float,sum,1100.09,122.01,114.38,0,1050.81,127.73,119.74,0,RING,SIMPLE,8,RING,SIMPLE,8,0,RING,A_flag_ceiling
reduce_scatter_perf,2,16,268435456,4194304,float,sum,2078.17,129.17,121.1,0,2010.25,133.53,125.19,0,RING,SIMPLE,8,RING,SIMPLE,8,0,RING,A_flag_ceiling
reduce_scatter_perf,2,16,536870912,8388608,float,sum,4146.08,129.49,121.4,0,4060.35,132.22,123.96,0,RING,SIMPLE,8,RING,SIMPLE,8,0,RING,A_flag_ceiling
reduce_scatter_perf,2,16,4096,64,float,sum,42.03,0.1,0.09,0,41.34,0.1,0.09,0,RING,LL,8,RING,LL,8,0,RING,A_flag_ceiling
reduce_scatter_perf,2,16,8192,128,float,sum,41.68,0.2,0.18,0,41.41,0.2,0.19,0,RING,LL,8,RING,LL,8,0,RING,A_flag_ceiling
reduce_scatter_perf,2,16,16384,256,float,sum,46.11,0.36,0.33,0,43.42,0.38,0.35,0,RING,LL,8,RING,LL,8,0,RING,A_flag_ceiling
reduce_scatter_perf,2,16,32768,512,float,sum,47.43,0.69,0.65,0,47.24,0.69,0.65,0,RING,LL,8,RING,LL,8,0,RING,A_flag_ceiling
reduce_scatter_perf,2,16,65536,1024,float,sum,49.81,1.32,1.23,0,47.65,1.38,1.29,0,RING,LL,8,RING,LL,8,0,RING,A_flag_ceiling
reduce_scatter_perf,2,16,131072,2048,float,sum,58.58,2.24,2.1,0,58.86,2.23,2.09,0,RING,LL,8,RING,LL,8,0,RING,A_flag_ceiling
reduce_scatter_perf,2,16,262144,4096,float,sum,57.28,4.58,4.29,0,58.19,4.5,4.22,0,RING,LL,8,RING,LL,8,0,RING,A_flag_ceiling
reduce_scatter_perf,2,16,524288,8192,float,sum,66.64,7.87,7.38,0,66.61,7.87,7.38,0,RING,LL,8,RING,LL,8,0,RING,A_flag_ceiling
reduce_scatter_perf,2,16,1048576,16384,float,sum,78.24,13.4,12.56,0,78.25,13.4,12.56,0,RING,LL,8,RING,LL,8,0,RING,A_flag_ceiling
reduce_scatter_perf,2,16,2097152,32768,float,sum,93.99,22.31,20.92,0,93.65,22.39,20.99,0,RING,LL,8,RING,LL,8,0,RING,A_flag_ceiling
reduce_scatter_perf,2,16,4194304,65536,float,sum,229.67,18.26,17.12,0,227.27,18.46,17.3,0,RING,LL,8,RING,LL,8,0,RING,A_flag_ceiling
reduce_scatter_perf,2,16,8388608,131072,float,sum,447.03,18.77,17.59,0,447.11,18.76,17.59,0,RING,LL,8,RING,LL,8,0,RING,A_flag_ceiling
reduce_scatter_perf,2,16,16777216,262144,float,sum,887.5,18.9,17.72,0,882.42,19.01,17.82,0,RING,LL,8,RING,LL,8,0,RING,A_flag_ceiling
reduce_scatter_perf,2,16,33554432,524288,float,sum,1769.91,18.96,17.77,0,1767.81,18.98,17.79,0,RING,LL,8,RING,LL,8,0,RING,A_flag_ceiling
reduce_scatter_perf,2,16,67108864,1048576,float,sum,3546.76,18.92,17.74,0,3554.0,18.88,17.7,0,RING,LL,8,RING,LL,8,0,RING,A_flag_ceiling
reduce_scatter_perf,2,16,134217728,2097152,float,sum,7112.83,18.87,17.69,0,7135.37,18.81,17.63,0,RING,LL,8,RING,LL,8,0,RING,A_flag_ceiling
reduce_scatter_perf,2,16,268435456,4194304,float,sum,14244.2,18.85,17.67,0,14212.4,18.89,17.71,0,RING,LL,8,RING,LL,8,0,RING,A_flag_ceiling
reduce_scatter_perf,2,16,536870912,8388608,float,sum,28408.5,18.9,17.72,0,28307.9,18.97,17.78,0,RING,LL,8,RING,LL,8,0,RING,A_flag_ceiling
reduce_scatter_perf,2,16,4096,64,float,sum,50.17,0.08,0.08,0,49.18,0.08,0.08,0,RING,LL128,8,RING,LL128,8,0,RING,A_flag_ceiling
reduce_scatter_perf,2,16,8192,128,float,sum,49.64,0.17,0.15,0,48.7,0.17,0.16,0,RING,LL128,8,RING,LL128,8,0,RING,A_flag_ceiling
reduce_scatter_perf,2,16,16384,256,float,sum,51.39,0.32,0.3,0,48.85,0.34,0.31,0,RING,LL128,8,RING,LL128,8,0,RING,A_flag_ceiling
reduce_scatter_perf,2,16,32768,512,float,sum,49.69,0.66,0.62,0,49.4,0.66,0.62,0,RING,LL128,8,RING,LL128,8,0,RING,A_flag_ceiling
reduce_scatter_perf,2,16,65536,1024,float,sum,53.68,1.22,1.14,0,52.74,1.24,1.16,0,RING,LL128,8,RING,LL128,8,0,RING,A_flag_ceiling
reduce_scatter_perf,2,16,131072,2048,float,sum,58.94,2.22,2.08,0,60.07,2.18,2.05,0,RING,LL128,8,RING,LL128,8,0,RING,A_flag_ceiling
reduce_scatter_perf,2,16,262144,4096,float,sum,58.78,4.46,4.18,0,58.01,4.52,4.24,0,RING,LL128,8,RING,LL128,8,0,RING,A_flag_ceiling
reduce_scatter_perf,2,16,524288,8192,float,sum,67.09,7.81,7.33,0,67.12,7.81,7.32,0,RING,LL128,8,RING,LL128,8,0,RING,A_flag_ceiling
reduce_scatter_perf,2,16,1048576,16384,float,sum,79.23,13.23,12.41,0,78.6,13.34,12.51,0,RING,LL128,8,RING,LL128,8,0,RING,A_flag_ceiling
reduce_scatter_perf,2,16,2097152,32768,float,sum,95.08,22.06,20.68,0,94.35,22.23,20.84,0,RING,LL128,8,RING,LL128,8,0,RING,A_flag_ceiling
reduce_scatter_perf,2,16,4194304,65536,float,sum,97.14,43.18,40.48,0,95.89,43.74,41.01,0,RING,LL128,8,RING,LL128,8,0,RING,A_flag_ceiling
reduce_scatter_perf,2,16,8388608,131072,float,sum,143.86,58.31,54.67,0,141.61,59.24,55.53,0,RING,LL128,8,RING,LL128,8,0,RING,A_flag_ceiling
reduce_scatter_perf,2,16,16777216,262144,float,sum,242.9,69.07,64.75,0,241.9,69.36,65.02,0,RING,LL128,8,RING,LL128,8,0,RING,A_flag_ceiling
reduce_scatter_perf,2,16,33554432,524288,float,sum,444.19,75.54,70.82,0,444.29,75.52,70.8,0,RING,LL128,8,RING,LL128,8,0,RING,A_flag_ceiling
reduce_scatter_perf,2,16,67108864,1048576,float,sum,865.58,77.53,72.69,0,869.12,77.21,72.39,0,RING,LL128,8,RING,LL128,8,0,RING,A_flag_ceiling
reduce_scatter_perf,2,16,134217728,2097152,float,sum,1701.18,78.9,73.97,0,1716.29,78.2,73.31,0,RING,LL128,8,RING,LL128,8,0,RING,A_flag_ceiling
reduce_scatter_perf,2,16,268435456,4194304,float,sum,3363.25,79.81,74.83,0,3408.04,78.77,73.84,0,RING,LL128,8,RING,LL128,8,0,RING,A_flag_ceiling
reduce_scatter_perf,2,16,536870912,8388608,float,sum,6749.76,79.54,74.57,0,6804.76,78.9,73.97,0,RING,LL128,8,RING,LL128,8,0,RING,A_flag_ceiling
reduce_scatter_perf,2,16,4096,64,float,sum,143.54,0.03,0.03,0,145.22,0.03,0.03,0,RING,SIMPLE,16,RING,SIMPLE,16,0,RING,A_flag_ceiling
reduce_scatter_perf,2,16,8192,128,float,sum,145.26,0.06,0.05,0,145.47,0.06,0.05,0,RING,SIMPLE,16,RING,SIMPLE,16,0,RING,A_flag_ceiling
reduce_scatter_perf,2,16,16384,256,float,sum,146.35,0.11,0.1,0,142.66,0.11,0.11,0,RING,SIMPLE,16,RING,SIMPLE,16,0,RING,A_flag_ceiling
reduce_scatter_perf,2,16,32768,512,float,sum,144.47,0.23,0.21,0,143.22,0.23,0.21,0,RING,SIMPLE,16,RING,SIMPLE,16,0,RING,A_flag_ceiling
reduce_scatter_perf,2,16,65536,1024,float,sum,146.18,0.45,0.42,0,144.06,0.45,0.43,0,RING,SIMPLE,16,RING,SIMPLE,16,0,RING,A_flag_ceiling
reduce_scatter_perf,2,16,131072,2048,float,sum,49.63,2.64,2.48,0,50.43,2.6,2.44,0,RING,SIMPLE,16,RING,SIMPLE,16,0,RING,A_flag_ceiling
reduce_scatter_perf,2,16,262144,4096,float,sum,50.79,5.16,4.84,0,50.5,5.19,4.87,0,RING,SIMPLE,16,RING,SIMPLE,16,0,RING,A_flag_ceiling
reduce_scatter_perf,2,16,524288,8192,float,sum,54.81,9.56,8.97,0,55.34,9.47,8.88,0,RING,SIMPLE,16,RING,SIMPLE,16,0,RING,A_flag_ceiling
reduce_scatter_perf,2,16,1048576,16384,float,sum,69.03,15.19,14.24,0,68.53,15.3,14.35,0,RING,SIMPLE,16,RING,SIMPLE,16,0,RING,A_flag_ceiling
reduce_scatter_perf,2,16,2097152,32768,float,sum,91.94,22.81,21.38,0,80.06,26.2,24.56,0,RING,SIMPLE,16,RING,SIMPLE,16,0,RING,A_flag_ceiling
reduce_scatter_perf,2,16,4194304,65536,float,sum,188.47,22.25,20.86,0,187.08,22.42,21.02,0,RING,SIMPLE,16,RING,SIMPLE,16,0,RING,A_flag_ceiling
reduce_scatter_perf,2,16,8388608,131072,float,sum,202.39,41.45,38.86,0,203.29,41.26,38.69,0,RING,SIMPLE,16,RING,SIMPLE,16,0,RING,A_flag_ceiling
reduce_scatter_perf,2,16,16777216,262144,float,sum,203.07,82.62,77.46,0,201.72,83.17,77.97,0,RING,SIMPLE,16,RING,SIMPLE,16,0,RING,A_flag_ceiling
reduce_scatter_perf,2,16,33554432,524288,float,sum,254.54,131.83,123.59,0,249.59,134.44,126.03,0,RING,SIMPLE,16,RING,SIMPLE,16,0,RING,A_flag_ceiling
reduce_scatter_perf,2,16,67108864,1048576,float,sum,374.66,179.12,167.92,0,359.31,186.77,175.1,0,RING,SIMPLE,16,RING,SIMPLE,16,0,RING,A_flag_ceiling
reduce_scatter_perf,2,16,134217728,2097152,float,sum,629.92,213.07,199.75,0,596.56,224.99,210.92,0,RING,SIMPLE,16,RING,SIMPLE,16,0,RING,A_flag_ceiling
reduce_scatter_perf,2,16,268435456,4194304,float,sum,1132.22,237.09,222.27,0,1087.88,246.75,231.33,0,RING,SIMPLE,16,RING,SIMPLE,16,0,RING,A_flag_ceiling
reduce_scatter_perf,2,16,536870912,8388608,float,sum,2134.7,251.5,235.78,0,2095.66,256.18,240.17,0,RING,SIMPLE,16,RING,SIMPLE,16,0,RING,A_flag_ceiling
reduce_scatter_perf,2,16,4096,64,float,sum,41.93,0.1,0.09,0,40.95,0.1,0.09,0,RING,LL,16,RING,LL,16,0,RING,A_flag_ceiling
reduce_scatter_perf,2,16,8192,128,float,sum,42.18,0.19,0.18,0,41.36,0.2,0.19,0,RING,LL,16,RING,LL,16,0,RING,A_flag_ceiling
reduce_scatter_perf,2,16,16384,256,float,sum,47.07,0.35,0.33,0,44.29,0.37,0.35,0,RING,LL,16,RING,LL,16,0,RING,A_flag_ceiling
reduce_scatter_perf,2,16,32768,512,float,sum,47.31,0.69,0.65,0,46.77,0.7,0.66,0,RING,LL,16,RING,LL,16,0,RING,A_flag_ceiling
reduce_scatter_perf,2,16,65536,1024,float,sum,53.79,1.22,1.14,0,53.23,1.23,1.15,0,RING,LL,16,RING,LL,16,0,RING,A_flag_ceiling
reduce_scatter_perf,2,16,131072,2048,float,sum,49.72,2.64,2.47,0,49.2,2.66,2.5,0,RING,LL,16,RING,LL,16,0,RING,A_flag_ceiling
reduce_scatter_perf,2,16,262144,4096,float,sum,50.38,5.2,4.88,0,50.04,5.24,4.91,0,RING,LL,16,RING,LL,16,0,RING,A_flag_ceiling
reduce_scatter_perf,2,16,524288,8192,float,sum,55.0,9.53,8.94,0,55.18,9.5,8.91,0,RING,LL,16,RING,LL,16,0,RING,A_flag_ceiling
reduce_scatter_perf,2,16,1048576,16384,float,sum,69.5,15.09,14.14,0,68.57,15.29,14.34,0,RING,LL,16,RING,LL,16,0,RING,A_flag_ceiling
reduce_scatter_perf,2,16,2097152,32768,float,sum,79.27,26.45,24.8,0,91.25,22.98,21.55,0,RING,LL,16,RING,LL,16,0,RING,A_flag_ceiling
reduce_scatter_perf,2,16,4194304,65536,float,sum,135.06,31.06,29.11,0,134.17,31.26,29.31,0,RING,LL,16,RING,LL,16,0,RING,A_flag_ceiling
reduce_scatter_perf,2,16,8388608,131072,float,sum,247.67,33.87,31.75,0,246.63,34.01,31.89,0,RING,LL,16,RING,LL,16,0,RING,A_flag_ceiling
reduce_scatter_perf,2,16,16777216,262144,float,sum,468.63,35.8,33.56,0,472.65,35.5,33.28,0,RING,LL,16,RING,LL,16,0,RING,A_flag_ceiling
reduce_scatter_perf,2,16,33554432,524288,float,sum,915.11,36.67,34.38,0,919.22,36.5,34.22,0,RING,LL,16,RING,LL,16,0,RING,A_flag_ceiling
reduce_scatter_perf,2,16,67108864,1048576,float,sum,1806.31,37.15,34.83,0,1836.02,36.55,34.27,0,RING,LL,16,RING,LL,16,0,RING,A_flag_ceiling
reduce_scatter_perf,2,16,134217728,2097152,float,sum,3593.87,37.35,35.01,0,3685.62,36.42,34.14,0,RING,LL,16,RING,LL,16,0,RING,A_flag_ceiling
reduce_scatter_perf,2,16,268435456,4194304,float,sum,7244.23,37.06,34.74,0,7395.96,36.29,34.03,0,RING,LL,16,RING,LL,16,0,RING,A_flag_ceiling
reduce_scatter_perf,2,16,536870912,8388608,float,sum,14564.8,36.86,34.56,0,14795.9,36.29,34.02,0,RING,LL,16,RING,LL,16,0,RING,A_flag_ceiling
reduce_scatter_perf,2,16,4096,64,float,sum,50.0,0.08,0.08,0,49.41,0.08,0.08,0,RING,LL128,16,RING,LL128,16,0,RING,A_flag_ceiling
reduce_scatter_perf,2,16,8192,128,float,sum,49.26,0.17,0.16,0,49.35,0.17,0.16,0,RING,LL128,16,RING,LL128,16,0,RING,A_flag_ceiling
reduce_scatter_perf,2,16,16384,256,float,sum,52.47,0.31,0.29,0,48.93,0.33,0.31,0,RING,LL128,16,RING,LL128,16,0,RING,A_flag_ceiling
reduce_scatter_perf,2,16,32768,512,float,sum,50.35,0.65,0.61,0,49.49,0.66,0.62,0,RING,LL128,16,RING,LL128,16,0,RING,A_flag_ceiling
reduce_scatter_perf,2,16,65536,1024,float,sum,54.12,1.21,1.14,0,53.2,1.23,1.15,0,RING,LL128,16,RING,LL128,16,0,RING,A_flag_ceiling
reduce_scatter_perf,2,16,131072,2048,float,sum,50.04,2.62,2.46,0,52.81,2.48,2.33,0,RING,LL128,16,RING,LL128,16,0,RING,A_flag_ceiling
reduce_scatter_perf,2,16,262144,4096,float,sum,50.74,5.17,4.84,0,51.35,5.11,4.79,0,RING,LL128,16,RING,LL128,16,0,RING,A_flag_ceiling
reduce_scatter_perf,2,16,524288,8192,float,sum,55.61,9.43,8.84,0,55.64,9.42,8.83,0,RING,LL128,16,RING,LL128,16,0,RING,A_flag_ceiling
reduce_scatter_perf,2,16,1048576,16384,float,sum,69.19,15.16,14.21,0,69.56,15.07,14.13,0,RING,LL128,16,RING,LL128,16,0,RING,A_flag_ceiling
reduce_scatter_perf,2,16,2097152,32768,float,sum,79.66,26.33,24.68,0,82.32,25.48,23.88,0,RING,LL128,16,RING,LL128,16,0,RING,A_flag_ceiling
reduce_scatter_perf,2,16,4194304,65536,float,sum,75.79,55.34,51.88,0,75.31,55.7,52.21,0,RING,LL128,16,RING,LL128,16,0,RING,A_flag_ceiling
reduce_scatter_perf,2,16,8388608,131072,float,sum,100.57,83.41,78.2,0,99.3,84.48,79.2,0,RING,LL128,16,RING,LL128,16,0,RING,A_flag_ceiling
reduce_scatter_perf,2,16,16777216,262144,float,sum,135.45,123.86,116.12,0,133.53,125.65,117.79,0,RING,LL128,16,RING,LL128,16,0,RING,A_flag_ceiling
reduce_scatter_perf,2,16,33554432,524288,float,sum,254.22,131.99,123.74,0,252.81,132.73,124.43,0,RING,LL128,16,RING,LL128,16,0,RING,A_flag_ceiling
reduce_scatter_perf,2,16,67108864,1048576,float,sum,461.08,145.55,136.45,0,460.71,145.66,136.56,0,RING,LL128,16,RING,LL128,16,0,RING,A_flag_ceiling
reduce_scatter_perf,2,16,134217728,2097152,float,sum,901.16,148.94,139.63,0,903.86,148.49,139.21,0,RING,LL128,16,RING,LL128,16,0,RING,A_flag_ceiling
reduce_scatter_perf,2,16,268435456,4194304,float,sum,1762.97,152.26,142.75,0,1769.23,151.72,142.24,0,RING,LL128,16,RING,LL128,16,0,RING,A_flag_ceiling
reduce_scatter_perf,2,16,536870912,8388608,float,sum,3510.8,152.92,143.36,0,3518.17,152.6,143.06,0,RING,LL128,16,RING,LL128,16,0,RING,A_flag_ceiling
reduce_scatter_perf,2,16,4096,64,float,sum,142.74,0.03,0.03,0,142.81,0.03,0.03,0,RING,SIMPLE,24,RING,SIMPLE,24,0,RING,A_flag_ceiling
reduce_scatter_perf,2,16,8192,128,float,sum,142.44,0.06,0.05,0,142.14,0.06,0.05,0,RING,SIMPLE,24,RING,SIMPLE,24,0,RING,A_flag_ceiling
reduce_scatter_perf,2,16,16384,256,float,sum,146.13,0.11,0.11,0,143.07,0.11,0.11,0,RING,SIMPLE,24,RING,SIMPLE,24,0,RING,A_flag_ceiling
reduce_scatter_perf,2,16,32768,512,float,sum,143.88,0.23,0.21,0,146.12,0.22,0.21,0,RING,SIMPLE,24,RING,SIMPLE,24,0,RING,A_flag_ceiling
reduce_scatter_perf,2,16,65536,1024,float,sum,148.88,0.44,0.41,0,144.21,0.45,0.43,0,RING,SIMPLE,24,RING,SIMPLE,24,0,RING,A_flag_ceiling
reduce_scatter_perf,2,16,131072,2048,float,sum,52.46,2.5,2.34,0,49.53,2.65,2.48,0,RING,SIMPLE,24,RING,SIMPLE,24,0,RING,A_flag_ceiling
reduce_scatter_perf,2,16,262144,4096,float,sum,51.0,5.14,4.82,0,51.04,5.14,4.82,0,RING,SIMPLE,24,RING,SIMPLE,24,0,RING,A_flag_ceiling
reduce_scatter_perf,2,16,524288,8192,float,sum,55.5,9.45,8.86,0,55.31,9.48,8.89,0,RING,SIMPLE,24,RING,SIMPLE,24,0,RING,A_flag_ceiling
reduce_scatter_perf,2,16,1048576,16384,float,sum,70.26,14.92,13.99,0,70.68,14.83,13.91,0,RING,SIMPLE,24,RING,SIMPLE,24,0,RING,A_flag_ceiling
reduce_scatter_perf,2,16,2097152,32768,float,sum,86.13,24.35,22.83,0,97.52,21.5,20.16,0,RING,SIMPLE,24,RING,SIMPLE,24,0,RING,A_flag_ceiling
reduce_scatter_perf,2,16,4194304,65536,float,sum,211.33,19.85,18.61,0,209.51,20.02,18.77,0,RING,SIMPLE,24,RING,SIMPLE,24,0,RING,A_flag_ceiling
reduce_scatter_perf,2,16,8388608,131072,float,sum,219.34,38.24,35.85,0,216.96,38.66,36.25,0,RING,SIMPLE,24,RING,SIMPLE,24,0,RING,A_flag_ceiling
reduce_scatter_perf,2,16,16777216,262144,float,sum,221.69,75.68,70.95,0,217.54,77.12,72.3,0,RING,SIMPLE,24,RING,SIMPLE,24,0,RING,A_flag_ceiling
reduce_scatter_perf,2,16,33554432,524288,float,sum,235.99,142.19,133.3,0,234.47,143.11,134.16,0,RING,SIMPLE,24,RING,SIMPLE,24,0,RING,A_flag_ceiling
reduce_scatter_perf,2,16,67108864,1048576,float,sum,317.46,211.39,198.18,0,308.82,217.31,203.73,0,RING,SIMPLE,24,RING,SIMPLE,24,0,RING,A_flag_ceiling
reduce_scatter_perf,2,16,134217728,2097152,float,sum,492.49,272.53,255.5,0,469.65,285.78,267.92,0,RING,SIMPLE,24,RING,SIMPLE,24,0,RING,A_flag_ceiling
reduce_scatter_perf,2,16,268435456,4194304,float,sum,855.01,313.96,294.34,0,818.84,327.82,307.33,0,RING,SIMPLE,24,RING,SIMPLE,24,0,RING,A_flag_ceiling
reduce_scatter_perf,2,16,536870912,8388608,float,sum,1558.99,344.37,322.85,0,1526.48,351.71,329.72,0,RING,SIMPLE,24,RING,SIMPLE,24,0,RING,A_flag_ceiling
reduce_scatter_perf,2,16,4096,64,float,sum,41.79,0.1,0.09,0,40.35,0.1,0.1,0,RING,LL,24,RING,LL,24,0,RING,A_flag_ceiling
reduce_scatter_perf,2,16,8192,128,float,sum,41.8,0.2,0.18,0,41.66,0.2,0.18,0,RING,LL,24,RING,LL,24,0,RING,A_flag_ceiling
reduce_scatter_perf,2,16,16384,256,float,sum,47.97,0.34,0.32,0,43.84,0.37,0.35,0,RING,LL,24,RING,LL,24,0,RING,A_flag_ceiling
reduce_scatter_perf,2,16,32768,512,float,sum,47.34,0.69,0.65,0,47.33,0.69,0.65,0,RING,LL,24,RING,LL,24,0,RING,A_flag_ceiling
reduce_scatter_perf,2,16,65536,1024,float,sum,55.25,1.19,1.11,0,54.32,1.21,1.13,0,RING,LL,24,RING,LL,24,0,RING,A_flag_ceiling
reduce_scatter_perf,2,16,131072,2048,float,sum,49.66,2.64,2.47,0,51.69,2.54,2.38,0,RING,LL,24,RING,LL,24,0,RING,A_flag_ceiling
reduce_scatter_perf,2,16,262144,4096,float,sum,50.87,5.15,4.83,0,52.71,4.97,4.66,0,RING,LL,24,RING,LL,24,0,RING,A_flag_ceiling
reduce_scatter_perf,2,16,524288,8192,float,sum,59.09,8.87,8.32,0,56.69,9.25,8.67,0,RING,LL,24,RING,LL,24,0,RING,A_flag_ceiling
reduce_scatter_perf,2,16,1048576,16384,float,sum,70.67,14.84,13.91,0,70.16,14.95,14.01,0,RING,LL,24,RING,LL,24,0,RING,A_flag_ceiling
reduce_scatter_perf,2,16,2097152,32768,float,sum,93.3,22.48,21.07,0,81.85,25.62,24.02,0,RING,LL,24,RING,LL,24,0,RING,A_flag_ceiling
reduce_scatter_perf,2,16,4194304,65536,float,sum,138.5,30.28,28.39,0,139.18,30.14,28.25,0,RING,LL,24,RING,LL,24,0,RING,A_flag_ceiling
reduce_scatter_perf,2,16,8388608,131072,float,sum,260.08,32.25,30.24,0,259.57,32.32,30.3,0,RING,LL,24,RING,LL,24,0,RING,A_flag_ceiling
reduce_scatter_perf,2,16,16777216,262144,float,sum,441.35,38.01,35.64,0,445.11,37.69,35.34,0,RING,LL,24,RING,LL,24,0,RING,A_flag_ceiling
reduce_scatter_perf,2,16,33554432,524288,float,sum,872.1,38.48,36.07,0,865.47,38.77,36.35,0,RING,LL,24,RING,LL,24,0,RING,A_flag_ceiling
reduce_scatter_perf,2,16,67108864,1048576,float,sum,1673.29,40.11,37.6,0,1672.01,40.14,37.63,0,RING,LL,24,RING,LL,24,0,RING,A_flag_ceiling
reduce_scatter_perf,2,16,134217728,2097152,float,sum,3275.04,40.98,38.42,0,3112.68,43.12,40.42,0,RING,LL,24,RING,LL,24,0,RING,A_flag_ceiling
reduce_scatter_perf,2,16,268435456,4194304,float,sum,6154.85,43.61,40.89,0,6168.51,43.52,40.8,0,RING,LL,24,RING,LL,24,0,RING,A_flag_ceiling
reduce_scatter_perf,2,16,536870912,8388608,float,sum,12368.0,43.41,40.7,0,12390.0,43.33,40.62,0,RING,LL,24,RING,LL,24,0,RING,A_flag_ceiling
reduce_scatter_perf,2,16,4096,64,float,sum,51.0,0.08,0.08,0,50.09,0.08,0.08,0,RING,LL128,24,RING,LL128,24,0,RING,A_flag_ceiling
reduce_scatter_perf,2,16,8192,128,float,sum,50.74,0.16,0.15,0,49.71,0.16,0.15,0,RING,LL128,24,RING,LL128,24,0,RING,A_flag_ceiling
reduce_scatter_perf,2,16,16384,256,float,sum,53.33,0.31,0.29,0,49.44,0.33,0.31,0,RING,LL128,24,RING,LL128,24,0,RING,A_flag_ceiling
reduce_scatter_perf,2,16,32768,512,float,sum,51.0,0.64,0.6,0,49.84,0.66,0.62,0,RING,LL128,24,RING,LL128,24,0,RING,A_flag_ceiling
reduce_scatter_perf,2,16,65536,1024,float,sum,52.99,1.24,1.16,0,52.26,1.25,1.18,0,RING,LL128,24,RING,LL128,24,0,RING,A_flag_ceiling
reduce_scatter_perf,2,16,131072,2048,float,sum,51.32,2.55,2.39,0,52.46,2.5,2.34,0,RING,LL128,24,RING,LL128,24,0,RING,A_flag_ceiling
reduce_scatter_perf,2,16,262144,4096,float,sum,50.83,5.16,4.84,0,50.41,5.2,4.88,0,RING,LL128,24,RING,LL128,24,0,RING,A_flag_ceiling
reduce_scatter_perf,2,16,524288,8192,float,sum,56.09,9.35,8.76,0,55.03,9.53,8.93,0,RING,LL128,24,RING,LL128,24,0,RING,A_flag_ceiling
reduce_scatter_perf,2,16,1048576,16384,float,sum,70.76,14.82,13.89,0,70.13,14.95,14.02,0,RING,LL128,24,RING,LL128,24,0,RING,A_flag_ceiling
reduce_scatter_perf,2,16,2097152,32768,float,sum,84.01,24.96,23.4,0,84.8,24.73,23.18,0,RING,LL128,24,RING,LL128,24,0,RING,A_flag_ceiling
reduce_scatter_perf,2,16,4194304,65536,float,sum,79.68,52.64,49.35,0,79.62,52.68,49.38,0,RING,LL128,24,RING,LL128,24,0,RING,A_flag_ceiling
reduce_scatter_perf,2,16,8388608,131072,float,sum,85.26,98.39,92.24,0,85.18,98.48,92.32,0,RING,LL128,24,RING,LL128,24,0,RING,A_flag_ceiling
reduce_scatter_perf,2,16,16777216,262144,float,sum,111.09,151.02,141.58,0,110.58,151.72,142.24,0,RING,LL128,24,RING,LL128,24,0,RING,A_flag_ceiling
reduce_scatter_perf,2,16,33554432,524288,float,sum,177.45,189.09,177.27,0,179.29,187.15,175.45,0,RING,LL128,24,RING,LL128,24,0,RING,A_flag_ceiling
reduce_scatter_perf,2,16,67108864,1048576,float,sum,326.17,205.75,192.89,0,326.11,205.78,192.92,0,RING,LL128,24,RING,LL128,24,0,RING,A_flag_ceiling
reduce_scatter_perf,2,16,134217728,2097152,float,sum,637.47,210.55,197.39,0,638.26,210.29,197.14,0,RING,LL128,24,RING,LL128,24,0,RING,A_flag_ceiling
reduce_scatter_perf,2,16,268435456,4194304,float,sum,1244.26,215.74,202.26,0,1245.02,215.61,202.13,0,RING,LL128,24,RING,LL128,24,0,RING,A_flag_ceiling
reduce_scatter_perf,2,16,536870912,8388608,float,sum,2477.25,216.72,203.18,0,2480.57,216.43,202.9,0,RING,LL128,24,RING,LL128,24,0,RING,A_flag_ceiling
reduce_scatter_perf,2,16,4096,64,float,sum,144.37,0.03,0.03,0,142.41,0.03,0.03,0,RING,SIMPLE,32,RING,SIMPLE,32,0,RING,A_flag_ceiling
reduce_scatter_perf,2,16,8192,128,float,sum,143.92,0.06,0.05,0,142.88,0.06,0.05,0,RING,SIMPLE,32,RING,SIMPLE,32,0,RING,A_flag_ceiling
reduce_scatter_perf,2,16,16384,256,float,sum,145.81,0.11,0.11,0,142.42,0.12,0.11,0,RING,SIMPLE,32,RING,SIMPLE,32,0,RING,A_flag_ceiling
reduce_scatter_perf,2,16,32768,512,float,sum,143.29,0.23,0.21,0,143.12,0.23,0.21,0,RING,SIMPLE,32,RING,SIMPLE,32,0,RING,A_flag_ceiling
reduce_scatter_perf,2,16,65536,1024,float,sum,144.93,0.45,0.42,0,143.76,0.46,0.43,0,RING,SIMPLE,32,RING,SIMPLE,32,0,RING,A_flag_ceiling
reduce_scatter_perf,2,16,131072,2048,float,sum,50.27,2.61,2.44,0,51.48,2.55,2.39,0,RING,SIMPLE,32,RING,SIMPLE,32,0,RING,A_flag_ceiling
reduce_scatter_perf,2,16,262144,4096,float,sum,50.46,5.2,4.87,0,50.26,5.22,4.89,0,RING,SIMPLE,32,RING,SIMPLE,32,0,RING,A_flag_ceiling
reduce_scatter_perf,2,16,524288,8192,float,sum,58.0,9.04,8.47,0,61.4,8.54,8.01,0,RING,SIMPLE,32,RING,SIMPLE,32,0,RING,A_flag_ceiling
reduce_scatter_perf,2,16,1048576,16384,float,sum,66.12,15.86,14.87,0,66.0,15.89,14.89,0,RING,SIMPLE,32,RING,SIMPLE,32,0,RING,A_flag_ceiling
reduce_scatter_perf,2,16,2097152,32768,float,sum,91.94,22.81,21.38,0,79.88,26.25,24.61,0,RING,SIMPLE,32,RING,SIMPLE,32,0,RING,A_flag_ceiling
reduce_scatter_perf,2,16,4194304,65536,float,sum,233.26,17.98,16.86,0,228.63,18.35,17.2,0,RING,SIMPLE,32,RING,SIMPLE,32,0,RING,A_flag_ceiling
reduce_scatter_perf,2,16,8388608,131072,float,sum,233.57,35.91,33.67,0,229.01,36.63,34.34,0,RING,SIMPLE,32,RING,SIMPLE,32,0,RING,A_flag_ceiling
reduce_scatter_perf,2,16,16777216,262144,float,sum,239.71,69.99,65.61,0,239.01,70.19,65.81,0,RING,SIMPLE,32,RING,SIMPLE,32,0,RING,A_flag_ceiling
reduce_scatter_perf,2,16,33554432,524288,float,sum,245.86,136.48,127.95,0,245.7,136.56,128.03,0,RING,SIMPLE,32,RING,SIMPLE,32,0,RING,A_flag_ceiling
reduce_scatter_perf,2,16,67108864,1048576,float,sum,292.46,229.47,215.13,0,287.2,233.66,219.06,0,RING,SIMPLE,32,RING,SIMPLE,32,0,RING,A_flag_ceiling
reduce_scatter_perf,2,16,134217728,2097152,float,sum,436.52,307.47,288.26,0,416.5,322.25,302.11,0,RING,SIMPLE,32,RING,SIMPLE,32,0,RING,A_flag_ceiling
reduce_scatter_perf,2,16,268435456,4194304,float,sum,735.76,364.84,342.04,0,724.74,370.39,347.24,0,RING,SIMPLE,32,RING,SIMPLE,32,0,RING,A_flag_ceiling
reduce_scatter_perf,2,16,536870912,8388608,float,sum,1412.39,380.12,356.36,0,1417.17,378.83,355.16,0,RING,SIMPLE,32,RING,SIMPLE,32,0,RING,A_flag_ceiling
reduce_scatter_perf,2,16,4096,64,float,sum,42.13,0.1,0.09,0,41.05,0.1,0.09,0,RING,LL,32,RING,LL,32,0,RING,A_flag_ceiling
reduce_scatter_perf,2,16,8192,128,float,sum,42.0,0.2,0.18,0,41.2,0.2,0.19,0,RING,LL,32,RING,LL,32,0,RING,A_flag_ceiling
reduce_scatter_perf,2,16,16384,256,float,sum,46.4,0.35,0.33,0,44.04,0.37,0.35,0,RING,LL,32,RING,LL,32,0,RING,A_flag_ceiling
reduce_scatter_perf,2,16,32768,512,float,sum,47.29,0.69,0.65,0,47.11,0.7,0.65,0,RING,LL,32,RING,LL,32,0,RING,A_flag_ceiling
reduce_scatter_perf,2,16,65536,1024,float,sum,54.7,1.2,1.12,0,53.04,1.24,1.16,0,RING,LL,32,RING,LL,32,0,RING,A_flag_ceiling
reduce_scatter_perf,2,16,131072,2048,float,sum,50.76,2.58,2.42,0,52.67,2.49,2.33,0,RING,LL,32,RING,LL,32,0,RING,A_flag_ceiling
reduce_scatter_perf,2,16,262144,4096,float,sum,50.64,5.18,4.85,0,50.69,5.17,4.85,0,RING,LL,32,RING,LL,32,0,RING,A_flag_ceiling
reduce_scatter_perf,2,16,524288,8192,float,sum,55.46,9.45,8.86,0,55.26,9.49,8.89,0,RING,LL,32,RING,LL,32,0,RING,A_flag_ceiling
reduce_scatter_perf,2,16,1048576,16384,float,sum,66.03,15.88,14.89,0,66.64,15.74,14.75,0,RING,LL,32,RING,LL,32,0,RING,A_flag_ceiling
reduce_scatter_perf,2,16,2097152,32768,float,sum,79.25,26.46,24.81,0,91.88,22.82,21.4,0,RING,LL,32,RING,LL,32,0,RING,A_flag_ceiling
reduce_scatter_perf,2,16,4194304,65536,float,sum,161.5,25.97,24.35,0,160.7,26.1,24.47,0,RING,LL,32,RING,LL,32,0,RING,A_flag_ceiling
reduce_scatter_perf,2,16,8388608,131072,float,sum,214.95,39.03,36.59,0,217.4,38.59,36.18,0,RING,LL,32,RING,LL,32,0,RING,A_flag_ceiling
reduce_scatter_perf,2,16,16777216,262144,float,sum,435.23,38.55,36.14,0,434.06,38.65,36.24,0,RING,LL,32,RING,LL,32,0,RING,A_flag_ceiling
reduce_scatter_perf,2,16,33554432,524288,float,sum,859.15,39.06,36.61,0,858.46,39.09,36.64,0,RING,LL,32,RING,LL,32,0,RING,A_flag_ceiling
reduce_scatter_perf,2,16,67108864,1048576,float,sum,1682.58,39.88,37.39,0,1679.06,39.97,37.47,0,RING,LL,32,RING,LL,32,0,RING,A_flag_ceiling
reduce_scatter_perf,2,16,134217728,2097152,float,sum,3355.74,40.0,37.5,0,3365.95,39.88,37.38,0,RING,LL,32,RING,LL,32,0,RING,A_flag_ceiling
reduce_scatter_perf,2,16,268435456,4194304,float,sum,6696.52,40.09,37.58,0,6499.2,41.3,38.72,0,RING,LL,32,RING,LL,32,0,RING,A_flag_ceiling
reduce_scatter_perf,2,16,536870912,8388608,float,sum,12741.2,42.14,39.5,0,12283.2,43.71,40.98,0,RING,LL,32,RING,LL,32,0,RING,A_flag_ceiling
reduce_scatter_perf,2,16,4096,64,float,sum,51.1,0.08,0.08,0,50.74,0.08,0.08,0,RING,LL128,32,RING,LL128,32,0,RING,A_flag_ceiling
reduce_scatter_perf,2,16,8192,128,float,sum,50.48,0.16,0.15,0,50.67,0.16,0.15,0,RING,LL128,32,RING,LL128,32,0,RING,A_flag_ceiling
reduce_scatter_perf,2,16,16384,256,float,sum,53.35,0.31,0.29,0,50.09,0.33,0.31,0,RING,LL128,32,RING,LL128,32,0,RING,A_flag_ceiling
reduce_scatter_perf,2,16,32768,512,float,sum,50.43,0.65,0.61,0,51.18,0.64,0.6,0,RING,LL128,32,RING,LL128,32,0,RING,A_flag_ceiling
reduce_scatter_perf,2,16,65536,1024,float,sum,54.61,1.2,1.13,0,52.09,1.26,1.18,0,RING,LL128,32,RING,LL128,32,0,RING,A_flag_ceiling
reduce_scatter_perf,2,16,131072,2048,float,sum,50.3,2.61,2.44,0,50.73,2.58,2.42,0,RING,LL128,32,RING,LL128,32,0,RING,A_flag_ceiling
reduce_scatter_perf,2,16,262144,4096,float,sum,53.32,4.92,4.61,0,55.74,4.7,4.41,0,RING,LL128,32,RING,LL128,32,0,RING,A_flag_ceiling
reduce_scatter_perf,2,16,524288,8192,float,sum,58.29,8.99,8.43,0,55.53,9.44,8.85,0,RING,LL128,32,RING,LL128,32,0,RING,A_flag_ceiling
reduce_scatter_perf,2,16,1048576,16384,float,sum,66.35,15.8,14.81,0,67.65,15.5,14.53,0,RING,LL128,32,RING,LL128,32,0,RING,A_flag_ceiling
reduce_scatter_perf,2,16,2097152,32768,float,sum,91.38,22.95,21.52,0,79.92,26.24,24.6,0,RING,LL128,32,RING,LL128,32,0,RING,A_flag_ceiling
reduce_scatter_perf,2,16,4194304,65536,float,sum,95.35,43.99,41.24,0,92.94,45.13,42.31,0,RING,LL128,32,RING,LL128,32,0,RING,A_flag_ceiling
reduce_scatter_perf,2,16,8388608,131072,float,sum,99.98,83.9,78.66,0,99.84,84.02,78.77,0,RING,LL128,32,RING,LL128,32,0,RING,A_flag_ceiling
reduce_scatter_perf,2,16,16777216,262144,float,sum,110.33,152.06,142.55,0,109.85,152.73,143.18,0,RING,LL128,32,RING,LL128,32,0,RING,A_flag_ceiling
reduce_scatter_perf,2,16,33554432,524288,float,sum,156.34,214.62,201.21,0,166.54,201.48,188.89,0,RING,LL128,32,RING,LL128,32,0,RING,A_flag_ceiling
reduce_scatter_perf,2,16,67108864,1048576,float,sum,291.4,230.3,215.91,0,289.12,232.11,217.6,0,RING,LL128,32,RING,LL128,32,0,RING,A_flag_ceiling
reduce_scatter_perf,2,16,134217728,2097152,float,sum,606.73,221.22,207.39,0,526.46,254.95,239.01,0,RING,LL128,32,RING,LL128,32,0,RING,A_flag_ceiling
reduce_scatter_perf,2,16,268435456,4194304,float,sum,1028.22,261.07,244.75,0,1036.64,258.95,242.76,0,RING,LL128,32,RING,LL128,32,0,RING,A_flag_ceiling
reduce_scatter_perf,2,16,536870912,8388608,float,sum,2010.62,267.02,250.33,0,2009.11,267.22,250.52,0,RING,LL128,32,RING,LL128,32,0,RING,A_flag_ceiling
reduce_scatter_perf,2,16,4096,64,float,sum,143.6,0.03,0.03,0,142.91,0.03,0.03,0,RING,SIMPLE,40,RING,SIMPLE,40,0,RING,A_flag_ceiling
reduce_scatter_perf,2,16,8192,128,float,sum,142.99,0.06,0.05,0,142.53,0.06,0.05,0,RING,SIMPLE,40,RING,SIMPLE,40,0,RING,A_flag_ceiling
reduce_scatter_perf,2,16,16384,256,float,sum,147.39,0.11,0.1,0,142.97,0.11,0.11,0,RING,SIMPLE,40,RING,SIMPLE,40,0,RING,A_flag_ceiling
reduce_scatter_perf,2,16,32768,512,float,sum,143.9,0.23,0.21,0,143.68,0.23,0.21,0,RING,SIMPLE,40,RING,SIMPLE,40,0,RING,A_flag_ceiling
reduce_scatter_perf,2,16,65536,1024,float,sum,144.13,0.45,0.43,0,143.48,0.46,0.43,0,RING,SIMPLE,40,RING,SIMPLE,40,0,RING,A_flag_ceiling
reduce_scatter_perf,2,16,131072,2048,float,sum,49.89,2.63,2.46,0,49.77,2.63,2.47,0,RING,SIMPLE,40,RING,SIMPLE,40,0,RING,A_flag_ceiling
reduce_scatter_perf,2,16,262144,4096,float,sum,50.91,5.15,4.83,0,51.38,5.1,4.78,0,RING,SIMPLE,40,RING,SIMPLE,40,0,RING,A_flag_ceiling
reduce_scatter_perf,2,16,524288,8192,float,sum,55.36,9.47,8.88,0,55.76,9.4,8.82,0,RING,SIMPLE,40,RING,SIMPLE,40,0,RING,A_flag_ceiling
reduce_scatter_perf,2,16,1048576,16384,float,sum,66.76,15.71,14.73,0,65.84,15.93,14.93,0,RING,SIMPLE,40,RING,SIMPLE,40,0,RING,A_flag_ceiling
reduce_scatter_perf,2,16,2097152,32768,float,sum,80.83,25.95,24.32,0,83.79,25.03,23.46,0,RING,SIMPLE,40,RING,SIMPLE,40,0,RING,A_flag_ceiling
reduce_scatter_perf,2,16,4194304,65536,float,sum,264.31,15.87,14.88,0,255.96,16.39,15.36,0,RING,SIMPLE,40,RING,SIMPLE,40,0,RING,A_flag_ceiling
reduce_scatter_perf,2,16,8388608,131072,float,sum,269.13,31.17,29.22,0,264.54,31.71,29.73,0,RING,SIMPLE,40,RING,SIMPLE,40,0,RING,A_flag_ceiling
reduce_scatter_perf,2,16,16777216,262144,float,sum,268.82,62.41,58.51,0,267.72,62.67,58.75,0,RING,SIMPLE,40,RING,SIMPLE,40,0,RING,A_flag_ceiling
reduce_scatter_perf,2,16,33554432,524288,float,sum,278.57,120.45,112.93,0,278.01,120.69,113.15,0,RING,SIMPLE,40,RING,SIMPLE,40,0,RING,A_flag_ceiling
reduce_scatter_perf,2,16,67108864,1048576,float,sum,307.08,218.54,204.88,0,306.14,219.21,205.51,0,RING,SIMPLE,40,RING,SIMPLE,40,0,RING,A_flag_ceiling
reduce_scatter_perf,2,16,134217728,2097152,float,sum,419.01,320.32,300.3,0,411.77,325.95,305.58,0,RING,SIMPLE,40,RING,SIMPLE,40,0,RING,A_flag_ceiling
reduce_scatter_perf,2,16,268435456,4194304,float,sum,715.8,375.01,351.57,0,717.47,374.14,350.76,0,RING,SIMPLE,40,RING,SIMPLE,40,0,RING,A_flag_ceiling
reduce_scatter_perf,2,16,536870912,8388608,float,sum,1398.93,383.77,359.79,0,1402.13,382.9,358.97,0,RING,SIMPLE,40,RING,SIMPLE,40,0,RING,A_flag_ceiling
reduce_scatter_perf,2,16,4096,64,float,sum,41.91,0.1,0.09,0,40.22,0.1,0.1,0,RING,LL,40,RING,LL,40,0,RING,A_flag_ceiling
reduce_scatter_perf,2,16,8192,128,float,sum,41.42,0.2,0.19,0,41.37,0.2,0.19,0,RING,LL,40,RING,LL,40,0,RING,A_flag_ceiling
reduce_scatter_perf,2,16,16384,256,float,sum,46.91,0.35,0.33,0,58.08,0.28,0.26,0,RING,LL,40,RING,LL,40,0,RING,A_flag_ceiling
reduce_scatter_perf,2,16,32768,512,float,sum,46.83,0.7,0.66,0,47.08,0.7,0.65,0,RING,LL,40,RING,LL,40,0,RING,A_flag_ceiling
reduce_scatter_perf,2,16,65536,1024,float,sum,53.33,1.23,1.15,0,52.96,1.24,1.16,0,RING,LL,40,RING,LL,40,0,RING,A_flag_ceiling
reduce_scatter_perf,2,16,131072,2048,float,sum,49.39,2.65,2.49,0,49.58,2.64,2.48,0,RING,LL,40,RING,LL,40,0,RING,A_flag_ceiling
reduce_scatter_perf,2,16,262144,4096,float,sum,50.33,5.21,4.88,0,50.79,5.16,4.84,0,RING,LL,40,RING,LL,40,0,RING,A_flag_ceiling
reduce_scatter_perf,2,16,524288,8192,float,sum,56.53,9.27,8.69,0,55.36,9.47,8.88,0,RING,LL,40,RING,LL,40,0,RING,A_flag_ceiling
reduce_scatter_perf,2,16,1048576,16384,float,sum,67.69,15.49,14.52,0,66.79,15.7,14.72,0,RING,LL,40,RING,LL,40,0,RING,A_flag_ceiling
reduce_scatter_perf,2,16,2097152,32768,float,sum,91.9,22.82,21.39,0,79.92,26.24,24.6,0,RING,LL,40,RING,LL,40,0,RING,A_flag_ceiling
reduce_scatter_perf,2,16,4194304,65536,float,sum,179.87,23.32,21.86,0,180.22,23.27,21.82,0,RING,LL,40,RING,LL,40,0,RING,A_flag_ceiling
reduce_scatter_perf,2,16,8388608,131072,float,sum,231.95,36.17,33.9,0,228.47,36.72,34.42,0,RING,LL,40,RING,LL,40,0,RING,A_flag_ceiling
reduce_scatter_perf,2,16,16777216,262144,float,sum,442.99,37.87,35.51,0,442.2,37.94,35.57,0,RING,LL,40,RING,LL,40,0,RING,A_flag_ceiling
reduce_scatter_perf,2,16,33554432,524288,float,sum,858.66,39.08,36.64,0,859.3,39.05,36.61,0,RING,LL,40,RING,LL,40,0,RING,A_flag_ceiling
reduce_scatter_perf,2,16,67108864,1048576,float,sum,1617.51,41.49,38.9,0,1636.21,41.01,38.45,0,RING,LL,40,RING,LL,40,0,RING,A_flag_ceiling
reduce_scatter_perf,2,16,134217728,2097152,float,sum,3128.31,42.9,40.22,0,3127.29,42.92,40.24,0,RING,LL,40,RING,LL,40,0,RING,A_flag_ceiling
reduce_scatter_perf,2,16,268435456,4194304,float,sum,6243.27,43.0,40.31,0,6219.37,43.16,40.46,0,RING,LL,40,RING,LL,40,0,RING,A_flag_ceiling
reduce_scatter_perf,2,16,536870912,8388608,float,sum,12436.3,43.17,40.47,0,12449.7,43.12,40.43,0,RING,LL,40,RING,LL,40,0,RING,A_flag_ceiling
reduce_scatter_perf,2,16,4096,64,float,sum,50.81,0.08,0.08,0,50.67,0.08,0.08,0,RING,LL128,40,RING,LL128,40,0,RING,A_flag_ceiling
reduce_scatter_perf,2,16,8192,128,float,sum,50.29,0.16,0.15,0,50.42,0.16,0.15,0,RING,LL128,40,RING,LL128,40,0,RING,A_flag_ceiling
reduce_scatter_perf,2,16,16384,256,float,sum,53.85,0.3,0.29,0,50.52,0.32,0.3,0,RING,LL128,40,RING,LL128,40,0,RING,A_flag_ceiling
reduce_scatter_perf,2,16,32768,512,float,sum,50.51,0.65,0.61,0,50.58,0.65,0.61,0,RING,LL128,40,RING,LL128,40,0,RING,A_flag_ceiling
reduce_scatter_perf,2,16,65536,1024,float,sum,54.09,1.21,1.14,0,54.0,1.21,1.14,0,RING,LL128,40,RING,LL128,40,0,RING,A_flag_ceiling
reduce_scatter_perf,2,16,131072,2048,float,sum,51.75,2.53,2.37,0,51.39,2.55,2.39,0,RING,LL128,40,RING,LL128,40,0,RING,A_flag_ceiling
reduce_scatter_perf,2,16,262144,4096,float,sum,211.24,1.24,1.16,0,64.48,4.07,3.81,0,RING,LL128,40,RING,LL128,40,0,RING,A_flag_ceiling
reduce_scatter_perf,2,16,524288,8192,float,sum,80.89,6.48,6.08,0,55.9,9.38,8.79,0,RING,LL128,40,RING,LL128,40,0,RING,A_flag_ceiling
reduce_scatter_perf,2,16,1048576,16384,float,sum,66.89,15.68,14.7,0,66.12,15.86,14.87,0,RING,LL128,40,RING,LL128,40,0,RING,A_flag_ceiling
reduce_scatter_perf,2,16,2097152,32768,float,sum,79.41,26.41,24.76,0,80.02,26.21,24.57,0,RING,LL128,40,RING,LL128,40,0,RING,A_flag_ceiling
reduce_scatter_perf,2,16,4194304,65536,float,sum,104.91,39.98,37.48,0,102.55,40.9,38.34,0,RING,LL128,40,RING,LL128,40,0,RING,A_flag_ceiling
reduce_scatter_perf,2,16,8388608,131072,float,sum,112.88,74.31,69.67,0,109.81,76.39,71.62,0,RING,LL128,40,RING,LL128,40,0,RING,A_flag_ceiling
reduce_scatter_perf,2,16,16777216,262144,float,sum,120.72,138.97,130.29,0,120.27,139.49,130.77,0,RING,LL128,40,RING,LL128,40,0,RING,A_flag_ceiling
reduce_scatter_perf,2,16,33554432,524288,float,sum,144.41,232.36,217.84,0,143.14,234.42,219.77,0,RING,LL128,40,RING,LL128,40,0,RING,A_flag_ceiling
reduce_scatter_perf,2,16,67108864,1048576,float,sum,306.97,218.62,204.96,0,303.88,220.84,207.04,0,RING,LL128,40,RING,LL128,40,0,RING,A_flag_ceiling
reduce_scatter_perf,2,16,134217728,2097152,float,sum,509.16,263.61,247.13,0,508.53,263.93,247.44,0,RING,LL128,40,RING,LL128,40,0,RING,A_flag_ceiling
reduce_scatter_perf,2,16,268435456,4194304,float,sum,924.92,290.23,272.09,0,921.68,291.25,273.04,0,RING,LL128,40,RING,LL128,40,0,RING,A_flag_ceiling
reduce_scatter_perf,2,16,536870912,8388608,float,sum,1780.63,301.51,282.66,0,1775.22,302.43,283.52,0,RING,LL128,40,RING,LL128,40,0,RING,A_flag_ceiling
reduce_scatter_perf,2,16,4096,64,float,sum,143.86,0.03,0.03,0,142.6,0.03,0.03,0,RING,SIMPLE,48,RING,SIMPLE,48,0,RING,A_flag_ceiling
reduce_scatter_perf,2,16,8192,128,float,sum,143.3,0.06,0.05,0,142.44,0.06,0.05,0,RING,SIMPLE,48,RING,SIMPLE,48,0,RING,A_flag_ceiling
reduce_scatter_perf,2,16,16384,256,float,sum,146.32,0.11,0.1,0,142.98,0.11,0.11,0,RING,SIMPLE,48,RING,SIMPLE,48,0,RING,A_flag_ceiling
reduce_scatter_perf,2,16,32768,512,float,sum,144.02,0.23,0.21,0,143.69,0.23,0.21,0,RING,SIMPLE,48,RING,SIMPLE,48,0,RING,A_flag_ceiling
reduce_scatter_perf,2,16,65536,1024,float,sum,144.02,0.46,0.43,0,143.41,0.46,0.43,0,RING,SIMPLE,48,RING,SIMPLE,48,0,RING,A_flag_ceiling
reduce_scatter_perf,2,16,131072,2048,float,sum,50.15,2.61,2.45,0,50.39,2.6,2.44,0,RING,SIMPLE,48,RING,SIMPLE,48,0,RING,A_flag_ceiling
reduce_scatter_perf,2,16,262144,4096,float,sum,50.38,5.2,4.88,0,58.11,4.51,4.23,0,RING,SIMPLE,48,RING,SIMPLE,48,0,RING,A_flag_ceiling
reduce_scatter_perf,2,16,524288,8192,float,sum,62.09,8.44,7.92,0,55.34,9.47,8.88,0,RING,SIMPLE,48,RING,SIMPLE,48,0,RING,A_flag_ceiling
reduce_scatter_perf,2,16,1048576,16384,float,sum,66.17,15.85,14.86,0,66.37,15.8,14.81,0,RING,SIMPLE,48,RING,SIMPLE,48,0,RING,A_flag_ceiling
reduce_scatter_perf,2,16,2097152,32768,float,sum,82.03,25.57,23.97,0,81.65,25.68,24.08,0,RING,SIMPLE,48,RING,SIMPLE,48,0,RING,A_flag_ceiling
reduce_scatter_perf,2,16,4194304,65536,float,sum,293.54,14.29,13.4,0,284.98,14.72,13.8,0,RING,SIMPLE,48,RING,SIMPLE,48,0,RING,A_flag_ceiling
reduce_scatter_perf,2,16,8388608,131072,float,sum,305.48,27.46,25.74,0,296.37,28.3,26.54,0,RING,SIMPLE,48,RING,SIMPLE,48,0,RING,A_flag_ceiling
reduce_scatter_perf,2,16,16777216,262144,float,sum,298.0,56.3,52.78,0,294.45,56.98,53.42,0,RING,SIMPLE,48,RING,SIMPLE,48,0,RING,A_flag_ceiling
reduce_scatter_perf,2,16,33554432,524288,float,sum,310.39,108.1,101.35,0,309.5,108.41,101.64,0,RING,SIMPLE,48,RING,SIMPLE,48,0,RING,A_flag_ceiling
reduce_scatter_perf,2,16,67108864,1048576,float,sum,333.6,201.16,188.59,0,331.56,202.41,189.76,0,RING,SIMPLE,48,RING,SIMPLE,48,0,RING,A_flag_ceiling
reduce_scatter_perf,2,16,134217728,2097152,float,sum,427.37,314.05,294.42,0,421.82,318.19,298.3,0,RING,SIMPLE,48,RING,SIMPLE,48,0,RING,A_flag_ceiling
reduce_scatter_perf,2,16,268435456,4194304,float,sum,710.09,378.03,354.4,0,707.69,379.31,355.61,0,RING,SIMPLE,48,RING,SIMPLE,48,0,RING,A_flag_ceiling
reduce_scatter_perf,2,16,536870912,8388608,float,sum,1387.95,386.81,362.63,0,1386.92,387.1,362.9,0,RING,SIMPLE,48,RING,SIMPLE,48,0,RING,A_flag_ceiling
reduce_scatter_perf,2,16,4096,64,float,sum,42.23,0.1,0.09,0,40.76,0.1,0.09,0,RING,LL,48,RING,LL,48,0,RING,A_flag_ceiling
reduce_scatter_perf,2,16,8192,128,float,sum,42.1,0.19,0.18,0,41.67,0.2,0.18,0,RING,LL,48,RING,LL,48,0,RING,A_flag_ceiling
reduce_scatter_perf,2,16,16384,256,float,sum,46.82,0.35,0.33,0,43.79,0.37,0.35,0,RING,LL,48,RING,LL,48,0,RING,A_flag_ceiling
reduce_scatter_perf,2,16,32768,512,float,sum,47.91,0.68,0.64,0,47.4,0.69,0.65,0,RING,LL,48,RING,LL,48,0,RING,A_flag_ceiling
reduce_scatter_perf,2,16,65536,1024,float,sum,54.89,1.19,1.12,0,54.28,1.21,1.13,0,RING,LL,48,RING,LL,48,0,RING,A_flag_ceiling
reduce_scatter_perf,2,16,131072,2048,float,sum,50.62,2.59,2.43,0,51.62,2.54,2.38,0,RING,LL,48,RING,LL,48,0,RING,A_flag_ceiling
reduce_scatter_perf,2,16,262144,4096,float,sum,50.01,5.24,4.91,0,50.53,5.19,4.86,0,RING,LL,48,RING,LL,48,0,RING,A_flag_ceiling
reduce_scatter_perf,2,16,524288,8192,float,sum,55.93,9.37,8.79,0,57.89,9.06,8.49,0,RING,LL,48,RING,LL,48,0,RING,A_flag_ceiling
reduce_scatter_perf,2,16,1048576,16384,float,sum,67.12,15.62,14.65,0,67.29,15.58,14.61,0,RING,LL,48,RING,LL,48,0,RING,A_flag_ceiling
reduce_scatter_perf,2,16,2097152,32768,float,sum,81.44,25.75,24.14,0,89.18,23.52,22.05,0,RING,LL,48,RING,LL,48,0,RING,A_flag_ceiling
reduce_scatter_perf,2,16,4194304,65536,float,sum,213.31,19.66,18.43,0,209.68,20.0,18.75,0,RING,LL,48,RING,LL,48,0,RING,A_flag_ceiling
reduce_scatter_perf,2,16,8388608,131072,float,sum,267.48,31.36,29.4,0,267.19,31.4,29.43,0,RING,LL,48,RING,LL,48,0,RING,A_flag_ceiling
reduce_scatter_perf,2,16,16777216,262144,float,sum,514.59,32.6,30.57,0,516.91,32.46,30.43,0,RING,LL,48,RING,LL,48,0,RING,A_flag_ceiling
reduce_scatter_perf,2,16,33554432,524288,float,sum,868.27,38.65,36.23,0,865.68,38.76,36.34,0,RING,LL,48,RING,LL,48,0,RING,A_flag_ceiling
reduce_scatter_perf,2,16,67108864,1048576,float,sum,1668.85,40.21,37.7,0,1678.57,39.98,37.48,0,RING,LL,48,RING,LL,48,0,RING,A_flag_ceiling
reduce_scatter_perf,2,16,134217728,2097152,float,sum,3251.84,41.27,38.69,0,3262.6,41.14,38.57,0,RING,LL,48,RING,LL,48,0,RING,A_flag_ceiling
reduce_scatter_perf,2,16,268435456,4194304,float,sum,6547.75,41.0,38.43,0,6534.86,41.08,38.51,0,RING,LL,48,RING,LL,48,0,RING,A_flag_ceiling
reduce_scatter_perf,2,16,536870912,8388608,float,sum,12008.4,44.71,41.91,0,11971.4,44.85,42.04,0,RING,LL,48,RING,LL,48,0,RING,A_flag_ceiling
reduce_scatter_perf,2,16,4096,64,float,sum,50.65,0.08,0.08,0,51.28,0.08,0.07,0,RING,LL128,48,RING,LL128,48,0,RING,A_flag_ceiling
reduce_scatter_perf,2,16,8192,128,float,sum,50.3,0.16,0.15,0,50.74,0.16,0.15,0,RING,LL128,48,RING,LL128,48,0,RING,A_flag_ceiling
reduce_scatter_perf,2,16,16384,256,float,sum,52.36,0.31,0.29,0,50.63,0.32,0.3,0,RING,LL128,48,RING,LL128,48,0,RING,A_flag_ceiling
reduce_scatter_perf,2,16,32768,512,float,sum,49.94,0.66,0.62,0,50.75,0.65,0.61,0,RING,LL128,48,RING,LL128,48,0,RING,A_flag_ceiling
reduce_scatter_perf,2,16,65536,1024,float,sum,54.16,1.21,1.13,0,53.0,1.24,1.16,0,RING,LL128,48,RING,LL128,48,0,RING,A_flag_ceiling
reduce_scatter_perf,2,16,131072,2048,float,sum,49.82,2.63,2.47,0,50.01,2.62,2.46,0,RING,LL128,48,RING,LL128,48,0,RING,A_flag_ceiling
reduce_scatter_perf,2,16,262144,4096,float,sum,50.46,5.2,4.87,0,50.61,5.18,4.86,0,RING,LL128,48,RING,LL128,48,0,RING,A_flag_ceiling
reduce_scatter_perf,2,16,524288,8192,float,sum,55.29,9.48,8.89,0,55.54,9.44,8.85,0,RING,LL128,48,RING,LL128,48,0,RING,A_flag_ceiling
reduce_scatter_perf,2,16,1048576,16384,float,sum,66.05,15.88,14.88,0,66.38,15.8,14.81,0,RING,LL128,48,RING,LL128,48,0,RING,A_flag_ceiling
reduce_scatter_perf,2,16,2097152,32768,float,sum,93.39,22.46,21.05,0,93.61,22.4,21.0,0,RING,LL128,48,RING,LL128,48,0,RING,A_flag_ceiling
reduce_scatter_perf,2,16,4194304,65536,float,sum,122.89,34.13,32.0,0,119.59,35.07,32.88,0,RING,LL128,48,RING,LL128,48,0,RING,A_flag_ceiling
reduce_scatter_perf,2,16,8388608,131072,float,sum,126.62,66.25,62.11,0,126.35,66.39,62.24,0,RING,LL128,48,RING,LL128,48,0,RING,A_flag_ceiling
reduce_scatter_perf,2,16,16777216,262144,float,sum,128.48,130.59,122.42,0,130.87,128.2,120.18,0,RING,LL128,48,RING,LL128,48,0,RING,A_flag_ceiling
reduce_scatter_perf,2,16,33554432,524288,float,sum,150.43,223.05,209.11,0,163.43,205.31,192.48,0,RING,LL128,48,RING,LL128,48,0,RING,A_flag_ceiling
reduce_scatter_perf,2,16,67108864,1048576,float,sum,244.39,274.6,257.44,0,235.82,284.57,266.79,0,RING,LL128,48,RING,LL128,48,0,RING,A_flag_ceiling
reduce_scatter_perf,2,16,134217728,2097152,float,sum,435.46,308.22,288.96,0,431.69,310.91,291.48,0,RING,LL128,48,RING,LL128,48,0,RING,A_flag_ceiling
reduce_scatter_perf,2,16,268435456,4194304,float,sum,841.86,318.86,298.93,0,837.02,320.71,300.66,0,RING,LL128,48,RING,LL128,48,0,RING,A_flag_ceiling
reduce_scatter_perf,2,16,536870912,8388608,float,sum,1644.86,326.39,305.99,0,1644.3,326.5,306.1,0,RING,LL128,48,RING,LL128,48,0,RING,A_flag_ceiling
reduce_scatter_perf,2,16,4096,64,float,sum,143.88,0.03,0.03,0,146.38,0.03,0.03,0,RING,SIMPLE,1,RING,SIMPLE,1,0,RING,A_flag_ceiling
reduce_scatter_perf,2,16,8192,128,float,sum,145.08,0.06,0.05,0,145.25,0.06,0.05,0,RING,SIMPLE,1,RING,SIMPLE,1,0,RING,A_flag_ceiling
reduce_scatter_perf,2,16,16384,256,float,sum,145.48,0.11,0.11,0,142.54,0.11,0.11,0,RING,SIMPLE,1,RING,SIMPLE,1,0,RING,A_flag_ceiling
reduce_scatter_perf,2,16,32768,512,float,sum,143.22,0.23,0.21,0,142.87,0.23,0.22,0,RING,SIMPLE,1,RING,SIMPLE,1,0,RING,A_flag_ceiling
reduce_scatter_perf,2,16,65536,1024,float,sum,145.61,0.45,0.42,0,144.52,0.45,0.43,0,RING,SIMPLE,1,RING,SIMPLE,1,0,RING,A_flag_ceiling
reduce_scatter_perf,2,16,131072,2048,float,sum,283.05,0.46,0.43,0,314.21,0.42,0.39,0,RING,SIMPLE,1,RING,SIMPLE,1,0,RING,A_flag_ceiling
reduce_scatter_perf,2,16,262144,4096,float,sum,272.73,0.96,0.9,0,272.15,0.96,0.9,0,RING,SIMPLE,1,RING,SIMPLE,1,0,RING,A_flag_ceiling
reduce_scatter_perf,2,16,524288,8192,float,sum,302.07,1.74,1.63,0,302.88,1.73,1.62,0,RING,SIMPLE,1,RING,SIMPLE,1,0,RING,A_flag_ceiling
reduce_scatter_perf,2,16,1048576,16384,float,sum,370.04,2.83,2.66,0,365.56,2.87,2.69,0,RING,SIMPLE,1,RING,SIMPLE,1,0,RING,A_flag_ceiling
reduce_scatter_perf,2,16,2097152,32768,float,sum,496.72,4.22,3.96,0,491.11,4.27,4.0,0,RING,SIMPLE,1,RING,SIMPLE,1,0,RING,A_flag_ceiling
reduce_scatter_perf,2,16,4194304,65536,float,sum,422.24,9.93,9.31,0,404.8,10.36,9.71,0,RING,SIMPLE,1,RING,SIMPLE,1,0,RING,A_flag_ceiling
reduce_scatter_perf,2,16,8388608,131072,float,sum,726.24,11.55,10.83,0,677.08,12.39,11.62,0,RING,SIMPLE,1,RING,SIMPLE,1,0,RING,A_flag_ceiling
reduce_scatter_perf,2,16,16777216,262144,float,sum,954.1,17.58,16.49,0,900.49,18.63,17.47,0,RING,SIMPLE,1,RING,SIMPLE,1,0,RING,A_flag_ceiling
reduce_scatter_perf,2,16,33554432,524288,float,sum,1785.28,18.8,17.62,0,1693.17,19.82,18.58,0,RING,SIMPLE,1,RING,SIMPLE,1,0,RING,A_flag_ceiling
reduce_scatter_perf,2,16,67108864,1048576,float,sum,3541.3,18.95,17.77,0,3388.91,19.8,18.56,0,RING,SIMPLE,1,RING,SIMPLE,1,0,RING,A_flag_ceiling
reduce_scatter_perf,2,16,134217728,2097152,float,sum,7086.66,18.94,17.76,0,6802.45,19.73,18.5,0,RING,SIMPLE,1,RING,SIMPLE,1,0,RING,A_flag_ceiling
reduce_scatter_perf,2,16,268435456,4194304,float,sum,14200.0,18.9,17.72,0,13687.8,19.61,18.39,0,RING,SIMPLE,1,RING,SIMPLE,1,0,RING,A_flag_ceiling
reduce_scatter_perf,2,16,536870912,8388608,float,sum,28375.3,18.92,17.74,0,27491.2,19.53,18.31,0,RING,SIMPLE,1,RING,SIMPLE,1,0,RING,A_flag_ceiling
reduce_scatter_perf,2,16,4096,64,float,sum,42.28,0.1,0.09,0,40.91,0.1,0.09,0,RING,LL,1,RING,LL,1,0,RING,A_flag_ceiling
reduce_scatter_perf,2,16,8192,128,float,sum,41.8,0.2,0.18,0,41.71,0.2,0.18,0,RING,LL,1,RING,LL,1,0,RING,A_flag_ceiling
reduce_scatter_perf,2,16,16384,256,float,sum,45.01,0.36,0.34,0,42.57,0.38,0.36,0,RING,LL,1,RING,LL,1,0,RING,A_flag_ceiling
reduce_scatter_perf,2,16,32768,512,float,sum,43.17,0.76,0.71,0,42.96,0.76,0.72,0,RING,LL,1,RING,LL,1,0,RING,A_flag_ceiling
reduce_scatter_perf,2,16,65536,1024,float,sum,49.81,1.32,1.23,0,48.8,1.34,1.26,0,RING,LL,1,RING,LL,1,0,RING,A_flag_ceiling
reduce_scatter_perf,2,16,131072,2048,float,sum,412.58,0.32,0.3,0,281.93,0.46,0.44,0,RING,LL,1,RING,LL,1,0,RING,A_flag_ceiling
reduce_scatter_perf,2,16,262144,4096,float,sum,278.79,0.94,0.88,0,271.73,0.96,0.9,0,RING,LL,1,RING,LL,1,0,RING,A_flag_ceiling
reduce_scatter_perf,2,16,524288,8192,float,sum,307.11,1.71,1.6,0,301.92,1.74,1.63,0,RING,LL,1,RING,LL,1,0,RING,A_flag_ceiling
reduce_scatter_perf,2,16,1048576,16384,float,sum,370.83,2.83,2.65,0,367.26,2.86,2.68,0,RING,LL,1,RING,LL,1,0,RING,A_flag_ceiling
reduce_scatter_perf,2,16,2097152,32768,float,sum,503.64,4.16,3.9,0,490.86,4.27,4.01,0,RING,LL,1,RING,LL,1,0,RING,A_flag_ceiling
reduce_scatter_perf,2,16,4194304,65536,float,sum,1703.82,2.46,2.31,0,1695.88,2.47,2.32,0,RING,LL,1,RING,LL,1,0,RING,A_flag_ceiling
reduce_scatter_perf,2,16,8388608,131072,float,sum,3401.02,2.47,2.31,0,3399.12,2.47,2.31,0,RING,LL,1,RING,LL,1,0,RING,A_flag_ceiling
reduce_scatter_perf,2,16,16777216,262144,float,sum,6798.55,2.47,2.31,0,6795.95,2.47,2.31,0,RING,LL,1,RING,LL,1,0,RING,A_flag_ceiling
reduce_scatter_perf,2,16,33554432,524288,float,sum,13615.2,2.46,2.31,0,13615.1,2.46,2.31,0,RING,LL,1,RING,LL,1,0,RING,A_flag_ceiling
reduce_scatter_perf,2,16,67108864,1048576,float,sum,27261.5,2.46,2.31,0,27314.5,2.46,2.3,0,RING,LL,1,RING,LL,1,0,RING,A_flag_ceiling
reduce_scatter_perf,2,16,134217728,2097152,float,sum,54593.1,2.46,2.3,0,54697.2,2.45,2.3,0,RING,LL,1,RING,LL,1,0,RING,A_flag_ceiling
reduce_scatter_perf,2,16,268435456,4194304,float,sum,109026.0,2.46,2.31,0,109544.0,2.45,2.3,0,RING,LL,1,RING,LL,1,0,RING,A_flag_ceiling
reduce_scatter_perf,2,16,536870912,8388608,float,sum,217202.0,2.47,2.32,0,217210.0,2.47,2.32,0,RING,LL,1,RING,LL,1,0,RING,A_flag_ceiling
reduce_scatter_perf,2,16,4096,64,float,sum,50.09,0.08,0.08,0,51.18,0.08,0.08,0,RING,LL128,1,RING,LL128,1,0,RING,A_flag_ceiling
reduce_scatter_perf,2,16,8192,128,float,sum,49.83,0.16,0.15,0,53.97,0.15,0.14,0,RING,LL128,1,RING,LL128,1,0,RING,A_flag_ceiling
reduce_scatter_perf,2,16,16384,256,float,sum,52.58,0.31,0.29,0,49.81,0.33,0.31,0,RING,LL128,1,RING,LL128,1,0,RING,A_flag_ceiling
reduce_scatter_perf,2,16,32768,512,float,sum,49.92,0.66,0.62,0,49.88,0.66,0.62,0,RING,LL128,1,RING,LL128,1,0,RING,A_flag_ceiling
reduce_scatter_perf,2,16,65536,1024,float,sum,50.92,1.29,1.21,0,50.23,1.3,1.22,0,RING,LL128,1,RING,LL128,1,0,RING,A_flag_ceiling
reduce_scatter_perf,2,16,131072,2048,float,sum,291.33,0.45,0.42,0,283.53,0.46,0.43,0,RING,LL128,1,RING,LL128,1,0,RING,A_flag_ceiling
reduce_scatter_perf,2,16,262144,4096,float,sum,273.12,0.96,0.9,0,272.31,0.96,0.9,0,RING,LL128,1,RING,LL128,1,0,RING,A_flag_ceiling
reduce_scatter_perf,2,16,524288,8192,float,sum,303.16,1.73,1.62,0,301.77,1.74,1.63,0,RING,LL128,1,RING,LL128,1,0,RING,A_flag_ceiling
reduce_scatter_perf,2,16,1048576,16384,float,sum,370.57,2.83,2.65,0,366.03,2.86,2.69,0,RING,LL128,1,RING,LL128,1,0,RING,A_flag_ceiling
reduce_scatter_perf,2,16,2097152,32768,float,sum,498.03,4.21,3.95,0,492.91,4.25,3.99,0,RING,LL128,1,RING,LL128,1,0,RING,A_flag_ceiling
reduce_scatter_perf,2,16,4194304,65536,float,sum,476.78,8.8,8.25,0,460.3,9.11,8.54,0,RING,LL128,1,RING,LL128,1,0,RING,A_flag_ceiling
reduce_scatter_perf,2,16,8388608,131072,float,sum,934.23,8.98,8.42,0,891.84,9.41,8.82,0,RING,LL128,1,RING,LL128,1,0,RING,A_flag_ceiling
reduce_scatter_perf,2,16,16777216,262144,float,sum,1577.33,10.64,9.97,0,1534.99,10.93,10.25,0,RING,LL128,1,RING,LL128,1,0,RING,A_flag_ceiling
reduce_scatter_perf,2,16,33554432,524288,float,sum,3153.47,10.64,9.98,0,3047.5,11.01,10.32,0,RING,LL128,1,RING,LL128,1,0,RING,A_flag_ceiling
reduce_scatter_perf,2,16,67108864,1048576,float,sum,6242.89,10.75,10.08,0,5997.8,11.19,10.49,0,RING,LL128,1,RING,LL128,1,0,RING,A_flag_ceiling
reduce_scatter_perf,2,16,134217728,2097152,float,sum,12317.5,10.9,10.22,0,12062.6,11.13,10.43,0,RING,LL128,1,RING,LL128,1,0,RING,A_flag_ceiling
reduce_scatter_perf,2,16,268435456,4194304,float,sum,24334.1,11.03,10.34,0,23829.4,11.26,10.56,0,RING,LL128,1,RING,LL128,1,0,RING,A_flag_ceiling
reduce_scatter_perf,2,16,536870912,8388608,float,sum,48753.3,11.01,10.32,0,47882.8,11.21,10.51,0,RING,LL128,1,RING,LL128,1,0,RING,A_flag_ceiling
reduce_scatter_perf,2,16,4096,64,float,sum,143.74,0.03,0.03,0,145.06,0.03,0.03,0,RING,SIMPLE,2,RING,SIMPLE,2,0,RING,A_flag_ceiling
reduce_scatter_perf,2,16,8192,128,float,sum,143.53,0.06,0.05,0,144.82,0.06,0.05,0,RING,SIMPLE,2,RING,SIMPLE,2,0,RING,A_flag_ceiling
reduce_scatter_perf,2,16,16384,256,float,sum,145.68,0.11,0.11,0,142.48,0.11,0.11,0,RING,SIMPLE,2,RING,SIMPLE,2,0,RING,A_flag_ceiling
reduce_scatter_perf,2,16,32768,512,float,sum,145.33,0.23,0.21,0,144.02,0.23,0.21,0,RING,SIMPLE,2,RING,SIMPLE,2,0,RING,A_flag_ceiling
reduce_scatter_perf,2,16,65536,1024,float,sum,145.97,0.45,0.42,0,145.27,0.45,0.42,0,RING,SIMPLE,2,RING,SIMPLE,2,0,RING,A_flag_ceiling
reduce_scatter_perf,2,16,131072,2048,float,sum,157.79,0.83,0.78,0,157.33,0.83,0.78,0,RING,SIMPLE,2,RING,SIMPLE,2,0,RING,A_flag_ceiling
reduce_scatter_perf,2,16,262144,4096,float,sum,152.49,1.72,1.61,0,151.49,1.73,1.62,0,RING,SIMPLE,2,RING,SIMPLE,2,0,RING,A_flag_ceiling
reduce_scatter_perf,2,16,524288,8192,float,sum,168.96,3.1,2.91,0,167.64,3.13,2.93,0,RING,SIMPLE,2,RING,SIMPLE,2,0,RING,A_flag_ceiling
reduce_scatter_perf,2,16,1048576,16384,float,sum,203.31,5.16,4.84,0,200.47,5.23,4.9,0,RING,SIMPLE,2,RING,SIMPLE,2,0,RING,A_flag_ceiling
reduce_scatter_perf,2,16,2097152,32768,float,sum,272.33,7.7,7.22,0,269.98,7.77,7.28,0,RING,SIMPLE,2,RING,SIMPLE,2,0,RING,A_flag_ceiling
reduce_scatter_perf,2,16,4194304,65536,float,sum,270.14,15.53,14.56,0,267.25,15.69,14.71,0,RING,SIMPLE,2,RING,SIMPLE,2,0,RING,A_flag_ceiling
reduce_scatter_perf,2,16,8388608,131072,float,sum,432.92,19.38,18.17,0,408.94,20.51,19.23,0,RING,SIMPLE,2,RING,SIMPLE,2,0,RING,A_flag_ceiling
reduce_scatter_perf,2,16,16777216,262144,float,sum,551.41,30.43,28.52,0,528.15,31.77,29.78,0,RING,SIMPLE,2,RING,SIMPLE,2,0,RING,A_flag_ceiling
reduce_scatter_perf,2,16,33554432,524288,float,sum,1022.35,32.82,30.77,0,977.85,34.31,32.17,0,RING,SIMPLE,2,RING,SIMPLE,2,0,RING,A_flag_ceiling
reduce_scatter_perf,2,16,67108864,1048576,float,sum,1969.64,34.07,31.94,0,1886.53,35.57,33.35,0,RING,SIMPLE,2,RING,SIMPLE,2,0,RING,A_flag_ceiling
reduce_scatter_perf,2,16,134217728,2097152,float,sum,3925.44,34.19,32.05,0,3772.09,35.58,33.36,0,RING,SIMPLE,2,RING,SIMPLE,2,0,RING,A_flag_ceiling
reduce_scatter_perf,2,16,268435456,4194304,float,sum,7831.2,34.28,32.14,0,7598.48,35.33,33.12,0,RING,SIMPLE,2,RING,SIMPLE,2,0,RING,A_flag_ceiling
reduce_scatter_perf,2,16,536870912,8388608,float,sum,15738.6,34.11,31.98,0,15408.3,34.84,32.67,0,RING,SIMPLE,2,RING,SIMPLE,2,0,RING,A_flag_ceiling
reduce_scatter_perf,2,16,4096,64,float,sum,42.43,0.1,0.09,0,41.12,0.1,0.09,0,RING,LL,2,RING,LL,2,0,RING,A_flag_ceiling
reduce_scatter_perf,2,16,8192,128,float,sum,42.45,0.19,0.18,0,41.74,0.2,0.18,0,RING,LL,2,RING,LL,2,0,RING,A_flag_ceiling
reduce_scatter_perf,2,16,16384,256,float,sum,43.99,0.37,0.35,0,41.41,0.4,0.37,0,RING,LL,2,RING,LL,2,0,RING,A_flag_ceiling
reduce_scatter_perf,2,16,32768,512,float,sum,42.46,0.77,0.72,0,44.14,0.74,0.7,0,RING,LL,2,RING,LL,2,0,RING,A_flag_ceiling
reduce_scatter_perf,2,16,65536,1024,float,sum,44.39,1.48,1.38,0,43.11,1.52,1.43,0,RING,LL,2,RING,LL,2,0,RING,A_flag_ceiling
reduce_scatter_perf,2,16,131072,2048,float,sum,160.73,0.82,0.76,0,156.7,0.84,0.78,0,RING,LL,2,RING,LL,2,0,RING,A_flag_ceiling
reduce_scatter_perf,2,16,262144,4096,float,sum,151.85,1.73,1.62,0,151.73,1.73,1.62,0,RING,LL,2,RING,LL,2,0,RING,A_flag_ceiling
reduce_scatter_perf,2,16,524288,8192,float,sum,167.5,3.13,2.93,0,166.89,3.14,2.95,0,RING,LL,2,RING,LL,2,0,RING,A_flag_ceiling
reduce_scatter_perf,2,16,1048576,16384,float,sum,204.87,5.12,4.8,0,200.63,5.23,4.9,0,RING,LL,2,RING,LL,2,0,RING,A_flag_ceiling
reduce_scatter_perf,2,16,2097152,32768,float,sum,270.59,7.75,7.27,0,266.12,7.88,7.39,0,RING,LL,2,RING,LL,2,0,RING,A_flag_ceiling
reduce_scatter_perf,2,16,4194304,65536,float,sum,853.92,4.91,4.6,0,862.21,4.86,4.56,0,RING,LL,2,RING,LL,2,0,RING,A_flag_ceiling
reduce_scatter_perf,2,16,8388608,131072,float,sum,1769.95,4.74,4.44,0,1702.76,4.93,4.62,0,RING,LL,2,RING,LL,2,0,RING,A_flag_ceiling
reduce_scatter_perf,2,16,16777216,262144,float,sum,3410.92,4.92,4.61,0,3389.69,4.95,4.64,0,RING,LL,2,RING,LL,2,0,RING,A_flag_ceiling
reduce_scatter_perf,2,16,33554432,524288,float,sum,6815.33,4.92,4.62,0,6800.14,4.93,4.63,0,RING,LL,2,RING,LL,2,0,RING,A_flag_ceiling
reduce_scatter_perf,2,16,67108864,1048576,float,sum,13741.2,4.88,4.58,0,13691.8,4.9,4.6,0,RING,LL,2,RING,LL,2,0,RING,A_flag_ceiling
reduce_scatter_perf,2,16,134217728,2097152,float,sum,27452.1,4.89,4.58,0,27309.0,4.91,4.61,0,RING,LL,2,RING,LL,2,0,RING,A_flag_ceiling
reduce_scatter_perf,2,16,268435456,4194304,float,sum,54931.6,4.89,4.58,0,59049.5,4.55,4.26,0,RING,LL,2,RING,LL,2,0,RING,A_flag_ceiling
reduce_scatter_perf,2,16,536870912,8388608,float,sum,110104.0,4.88,4.57,0,109457.0,4.9,4.6,0,RING,LL,2,RING,LL,2,0,RING,A_flag_ceiling
reduce_scatter_perf,2,16,4096,64,float,sum,50.76,0.08,0.08,0,51.09,0.08,0.08,0,RING,LL128,2,RING,LL128,2,0,RING,A_flag_ceiling
reduce_scatter_perf,2,16,8192,128,float,sum,50.22,0.16,0.15,0,50.76,0.16,0.15,0,RING,LL128,2,RING,LL128,2,0,RING,A_flag_ceiling
reduce_scatter_perf,2,16,16384,256,float,sum,52.76,0.31,0.29,0,50.39,0.33,0.3,0,RING,LL128,2,RING,LL128,2,0,RING,A_flag_ceiling
reduce_scatter_perf,2,16,32768,512,float,sum,49.88,0.66,0.62,0,50.55,0.65,0.61,0,RING,LL128,2,RING,LL128,2,0,RING,A_flag_ceiling
reduce_scatter_perf,2,16,65536,1024,float,sum,51.07,1.28,1.2,0,50.49,1.3,1.22,0,RING,LL128,2,RING,LL128,2,0,RING,A_flag_ceiling
reduce_scatter_perf,2,16,131072,2048,float,sum,158.4,0.83,0.78,0,157.37,0.83,0.78,0,RING,LL128,2,RING,LL128,2,0,RING,A_flag_ceiling
reduce_scatter_perf,2,16,262144,4096,float,sum,152.03,1.72,1.62,0,151.33,1.73,1.62,0,RING,LL128,2,RING,LL128,2,0,RING,A_flag_ceiling
reduce_scatter_perf,2,16,524288,8192,float,sum,169.13,3.1,2.91,0,167.29,3.13,2.94,0,RING,LL128,2,RING,LL128,2,0,RING,A_flag_ceiling
reduce_scatter_perf,2,16,1048576,16384,float,sum,202.94,5.17,4.84,0,200.5,5.23,4.9,0,RING,LL128,2,RING,LL128,2,0,RING,A_flag_ceiling
reduce_scatter_perf,2,16,2097152,32768,float,sum,270.67,7.75,7.26,0,268.32,7.82,7.33,0,RING,LL128,2,RING,LL128,2,0,RING,A_flag_ceiling
reduce_scatter_perf,2,16,4194304,65536,float,sum,256.23,16.37,15.35,0,257.65,16.28,15.26,0,RING,LL128,2,RING,LL128,2,0,RING,A_flag_ceiling
reduce_scatter_perf,2,16,8388608,131072,float,sum,476.7,17.6,16.5,0,480.69,17.45,16.36,0,RING,LL128,2,RING,LL128,2,0,RING,A_flag_ceiling
reduce_scatter_perf,2,16,16777216,262144,float,sum,823.64,20.37,19.1,0,824.51,20.35,19.08,0,RING,LL128,2,RING,LL128,2,0,RING,A_flag_ceiling
reduce_scatter_perf,2,16,33554432,524288,float,sum,1625.96,20.64,19.35,0,1628.56,20.6,19.32,0,RING,LL128,2,RING,LL128,2,0,RING,A_flag_ceiling
reduce_scatter_perf,2,16,67108864,1048576,float,sum,3225.71,20.8,19.5,0,3231.87,20.76,19.47,0,RING,LL128,2,RING,LL128,2,0,RING,A_flag_ceiling
reduce_scatter_perf,2,16,134217728,2097152,float,sum,6404.45,20.96,19.65,0,6443.45,20.83,19.53,0,RING,LL128,2,RING,LL128,2,0,RING,A_flag_ceiling
reduce_scatter_perf,2,16,268435456,4194304,float,sum,12827.7,20.93,19.62,0,12884.5,20.83,19.53,0,RING,LL128,2,RING,LL128,2,0,RING,A_flag_ceiling
reduce_scatter_perf,2,16,536870912,8388608,float,sum,25688.6,20.9,19.59,0,25757.7,20.84,19.54,0,RING,LL128,2,RING,LL128,2,0,RING,A_flag_ceiling
reduce_scatter_perf,2,16,4096,64,float,sum,145.04,0.03,0.03,0,143.74,0.03,0.03,0,RING,SIMPLE,4,RING,SIMPLE,4,0,RING,A_flag_ceiling
reduce_scatter_perf,2,16,8192,128,float,sum,143.56,0.06,0.05,0,145.84,0.06,0.05,0,RING,SIMPLE,4,RING,SIMPLE,4,0,RING,A_flag_ceiling
reduce_scatter_perf,2,16,16384,256,float,sum,146.32,0.11,0.1,0,143.57,0.11,0.11,0,RING,SIMPLE,4,RING,SIMPLE,4,0,RING,A_flag_ceiling
reduce_scatter_perf,2,16,32768,512,float,sum,144.05,0.23,0.21,0,143.69,0.23,0.21,0,RING,SIMPLE,4,RING,SIMPLE,4,0,RING,A_flag_ceiling
reduce_scatter_perf,2,16,65536,1024,float,sum,144.66,0.45,0.42,0,144.55,0.45,0.43,0,RING,SIMPLE,4,RING,SIMPLE,4,0,RING,A_flag_ceiling
reduce_scatter_perf,2,16,131072,2048,float,sum,91.8,1.43,1.34,0,90.13,1.45,1.36,0,RING,SIMPLE,4,RING,SIMPLE,4,0,RING,A_flag_ceiling
reduce_scatter_perf,2,16,262144,4096,float,sum,91.3,2.87,2.69,0,91.09,2.88,2.7,0,RING,SIMPLE,4,RING,SIMPLE,4,0,RING,A_flag_ceiling
reduce_scatter_perf,2,16,524288,8192,float,sum,98.32,5.33,5.0,0,98.58,5.32,4.99,0,RING,SIMPLE,4,RING,SIMPLE,4,0,RING,A_flag_ceiling
reduce_scatter_perf,2,16,1048576,16384,float,sum,114.34,9.17,8.6,0,114.14,9.19,8.61,0,RING,SIMPLE,4,RING,SIMPLE,4,0,RING,A_flag_ceiling
reduce_scatter_perf,2,16,2097152,32768,float,sum,147.33,14.23,13.34,0,146.24,14.34,13.44,0,RING,SIMPLE,4,RING,SIMPLE,4,0,RING,A_flag_ceiling
reduce_scatter_perf,2,16,4194304,65536,float,sum,202.65,20.7,19.4,0,201.2,20.85,19.54,0,RING,SIMPLE,4,RING,SIMPLE,4,0,RING,A_flag_ceiling
reduce_scatter_perf,2,16,8388608,131072,float,sum,278.66,30.1,28.22,0,273.64,30.66,28.74,0,RING,SIMPLE,4,RING,SIMPLE,4,0,RING,A_flag_ceiling
reduce_scatter_perf,2,16,16777216,262144,float,sum,357.01,46.99,44.06,0,341.93,49.07,46.0,0,RING,SIMPLE,4,RING,SIMPLE,4,0,RING,A_flag_ceiling
reduce_scatter_perf,2,16,33554432,524288,float,sum,604.94,55.47,52.0,0,580.54,57.8,54.19,0,RING,SIMPLE,4,RING,SIMPLE,4,0,RING,A_flag_ceiling
reduce_scatter_perf,2,16,67108864,1048576,float,sum,1090.43,61.54,57.7,0,1041.74,64.42,60.39,0,RING,SIMPLE,4,RING,SIMPLE,4,0,RING,A_flag_ceiling
reduce_scatter_perf,2,16,134217728,2097152,float,sum,2079.11,64.56,60.52,0,5765.45,23.28,21.82,0,RING,SIMPLE,4,RING,SIMPLE,4,0,RING,A_flag_ceiling
reduce_scatter_perf,2,16,268435456,4194304,float,sum,4141.22,64.82,60.77,0,3987.97,67.31,63.1,0,RING,SIMPLE,4,RING,SIMPLE,4,0,RING,A_flag_ceiling
reduce_scatter_perf,2,16,536870912,8388608,float,sum,8271.47,64.91,60.85,0,8096.39,66.31,62.17,0,RING,SIMPLE,4,RING,SIMPLE,4,0,RING,A_flag_ceiling
reduce_scatter_perf,2,16,4096,64,float,sum,42.87,0.1,0.09,0,41.21,0.1,0.09,0,RING,LL,4,RING,LL,4,0,RING,A_flag_ceiling
reduce_scatter_perf,2,16,8192,128,float,sum,41.71,0.2,0.18,0,41.74,0.2,0.18,0,RING,LL,4,RING,LL,4,0,RING,A_flag_ceiling
reduce_scatter_perf,2,16,16384,256,float,sum,47.86,0.34,0.32,0,43.7,0.37,0.35,0,RING,LL,4,RING,LL,4,0,RING,A_flag_ceiling
reduce_scatter_perf,2,16,32768,512,float,sum,44.91,0.73,0.68,0,43.48,0.75,0.71,0,RING,LL,4,RING,LL,4,0,RING,A_flag_ceiling
reduce_scatter_perf,2,16,65536,1024,float,sum,44.75,1.46,1.37,0,44.24,1.48,1.39,0,RING,LL,4,RING,LL,4,0,RING,A_flag_ceiling
reduce_scatter_perf,2,16,131072,2048,float,sum,90.37,1.45,1.36,0,89.22,1.47,1.38,0,RING,LL,4,RING,LL,4,0,RING,A_flag_ceiling
reduce_scatter_perf,2,16,262144,4096,float,sum,90.04,2.91,2.73,0,89.53,2.93,2.75,0,RING,LL,4,RING,LL,4,0,RING,A_flag_ceiling
reduce_scatter_perf,2,16,524288,8192,float,sum,98.14,5.34,5.01,0,97.71,5.37,5.03,0,RING,LL,4,RING,LL,4,0,RING,A_flag_ceiling
reduce_scatter_perf,2,16,1048576,16384,float,sum,113.64,9.23,8.65,0,113.52,9.24,8.66,0,RING,LL,4,RING,LL,4,0,RING,A_flag_ceiling
reduce_scatter_perf,2,16,2097152,32768,float,sum,147.35,14.23,13.34,0,146.95,14.27,13.38,0,RING,LL,4,RING,LL,4,0,RING,A_flag_ceiling
reduce_scatter_perf,2,16,4194304,65536,float,sum,445.92,9.41,8.82,0,445.56,9.41,8.83,0,RING,LL,4,RING,LL,4,0,RING,A_flag_ceiling
reduce_scatter_perf,2,16,8388608,131072,float,sum,887.79,9.45,8.86,0,886.74,9.46,8.87,0,RING,LL,4,RING,LL,4,0,RING,A_flag_ceiling
reduce_scatter_perf,2,16,16777216,262144,float,sum,1765.82,9.5,8.91,0,1799.38,9.32,8.74,0,RING,LL,4,RING,LL,4,0,RING,A_flag_ceiling
reduce_scatter_perf,2,16,33554432,524288,float,sum,3515.61,9.54,8.95,0,3527.17,9.51,8.92,0,RING,LL,4,RING,LL,4,0,RING,A_flag_ceiling
reduce_scatter_perf,2,16,67108864,1048576,float,sum,7035.77,9.54,8.94,0,7090.97,9.46,8.87,0,RING,LL,4,RING,LL,4,0,RING,A_flag_ceiling
reduce_scatter_perf,2,16,134217728,2097152,float,sum,14162.2,9.48,8.88,0,14152.3,9.48,8.89,0,RING,LL,4,RING,LL,4,0,RING,A_flag_ceiling
reduce_scatter_perf,2,16,268435456,4194304,float,sum,28226.1,9.51,8.92,0,28156.9,9.53,8.94,0,RING,LL,4,RING,LL,4,0,RING,A_flag_ceiling
reduce_scatter_perf,2,16,536870912,8388608,float,sum,56206.4,9.55,8.95,0,56392.4,9.52,8.93,0,RING,LL,4,RING,LL,4,0,RING,A_flag_ceiling
reduce_scatter_perf,2,16,4096,64,float,sum,50.0,0.08,0.08,0,49.15,0.08,0.08,0,RING,LL128,4,RING,LL128,4,0,RING,A_flag_ceiling
reduce_scatter_perf,2,16,8192,128,float,sum,51.61,0.16,0.15,0,49.14,0.17,0.16,0,RING,LL128,4,RING,LL128,4,0,RING,A_flag_ceiling
reduce_scatter_perf,2,16,16384,256,float,sum,51.94,0.32,0.3,0,48.65,0.34,0.32,0,RING,LL128,4,RING,LL128,4,0,RING,A_flag_ceiling
reduce_scatter_perf,2,16,32768,512,float,sum,49.71,0.66,0.62,0,49.22,0.67,0.62,0,RING,LL128,4,RING,LL128,4,0,RING,A_flag_ceiling
reduce_scatter_perf,2,16,65536,1024,float,sum,53.53,1.22,1.15,0,52.8,1.24,1.16,0,RING,LL128,4,RING,LL128,4,0,RING,A_flag_ceiling
reduce_scatter_perf,2,16,131072,2048,float,sum,90.67,1.45,1.36,0,91.01,1.44,1.35,0,RING,LL128,4,RING,LL128,4,0,RING,A_flag_ceiling
reduce_scatter_perf,2,16,262144,4096,float,sum,91.11,2.88,2.7,0,91.2,2.87,2.69,0,RING,LL128,4,RING,LL128,4,0,RING,A_flag_ceiling
reduce_scatter_perf,2,16,524288,8192,float,sum,98.98,5.3,4.97,0,98.4,5.33,4.99,0,RING,LL128,4,RING,LL128,4,0,RING,A_flag_ceiling
reduce_scatter_perf,2,16,1048576,16384,float,sum,114.77,9.14,8.57,0,113.83,9.21,8.64,0,RING,LL128,4,RING,LL128,4,0,RING,A_flag_ceiling
reduce_scatter_perf,2,16,2097152,32768,float,sum,147.58,14.21,13.32,0,146.82,14.28,13.39,0,RING,LL128,4,RING,LL128,4,0,RING,A_flag_ceiling
reduce_scatter_perf,2,16,4194304,65536,float,sum,139.19,30.13,28.25,0,138.49,30.29,28.39,0,RING,LL128,4,RING,LL128,4,0,RING,A_flag_ceiling
reduce_scatter_perf,2,16,8388608,131072,float,sum,268.59,31.23,29.28,0,268.47,31.25,29.29,0,RING,LL128,4,RING,LL128,4,0,RING,A_flag_ceiling
reduce_scatter_perf,2,16,16777216,262144,float,sum,440.66,38.07,35.69,0,438.4,38.27,35.88,0,RING,LL128,4,RING,LL128,4,0,RING,A_flag_ceiling
reduce_scatter_perf,2,16,33554432,524288,float,sum,861.08,38.97,36.53,0,858.91,39.07,36.62,0,RING,LL128,4,RING,LL128,4,0,RING,A_flag_ceiling
reduce_scatter_perf,2,16,67108864,1048576,float,sum,1689.18,39.73,37.25,0,1691.98,39.66,37.18,0,RING,LL128,4,RING,LL128,4,0,RING,A_flag_ceiling
reduce_scatter_perf,2,16,134217728,2097152,float,sum,3350.38,40.06,37.56,0,3366.24,39.87,37.38,0,RING,LL128,4,RING,LL128,4,0,RING,A_flag_ceiling
reduce_scatter_perf,2,16,268435456,4194304,float,sum,6673.62,40.22,37.71,0,6715.75,39.97,37.47,0,RING,LL128,4,RING,LL128,4,0,RING,A_flag_ceiling
reduce_scatter_perf,2,16,536870912,8388608,float,sum,13382.7,40.12,37.61,0,13421.1,40.0,37.5,0,RING,LL128,4,RING,LL128,4,0,RING,A_flag_ceiling
reduce_scatter_perf,2,16,4096,64,float,sum,143.72,0.03,0.03,0,142.59,0.03,0.03,0,RING,SIMPLE,8,RING,SIMPLE,8,0,RING,A_flag_ceiling
reduce_scatter_perf,2,16,8192,128,float,sum,144.68,0.06,0.05,0,142.92,0.06,0.05,0,RING,SIMPLE,8,RING,SIMPLE,8,0,RING,A_flag_ceiling
reduce_scatter_perf,2,16,16384,256,float,sum,146.72,0.11,0.1,0,142.86,0.11,0.11,0,RING,SIMPLE,8,RING,SIMPLE,8,0,RING,A_flag_ceiling
reduce_scatter_perf,2,16,32768,512,float,sum,143.75,0.23,0.21,0,143.22,0.23,0.21,0,RING,SIMPLE,8,RING,SIMPLE,8,0,RING,A_flag_ceiling
reduce_scatter_perf,2,16,65536,1024,float,sum,145.33,0.45,0.42,0,144.08,0.45,0.43,0,RING,SIMPLE,8,RING,SIMPLE,8,0,RING,A_flag_ceiling
reduce_scatter_perf,2,16,131072,2048,float,sum,59.26,2.21,2.07,0,58.71,2.23,2.09,0,RING,SIMPLE,8,RING,SIMPLE,8,0,RING,A_flag_ceiling
reduce_scatter_perf,2,16,262144,4096,float,sum,58.36,4.49,4.21,0,57.85,4.53,4.25,0,RING,SIMPLE,8,RING,SIMPLE,8,0,RING,A_flag_ceiling
reduce_scatter_perf,2,16,524288,8192,float,sum,66.63,7.87,7.38,0,66.97,7.83,7.34,0,RING,SIMPLE,8,RING,SIMPLE,8,0,RING,A_flag_ceiling
reduce_scatter_perf,2,16,1048576,16384,float,sum,79.01,13.27,12.44,0,78.83,13.3,12.47,0,RING,SIMPLE,8,RING,SIMPLE,8,0,RING,A_flag_ceiling
reduce_scatter_perf,2,16,2097152,32768,float,sum,95.13,22.04,20.67,0,99.97,20.98,19.67,0,RING,SIMPLE,8,RING,SIMPLE,8,0,RING,A_flag_ceiling
reduce_scatter_perf,2,16,4194304,65536,float,sum,186.48,22.49,21.09,0,186.17,22.53,21.12,0,RING,SIMPLE,8,RING,SIMPLE,8,0,RING,A_flag_ceiling
reduce_scatter_perf,2,16,8388608,131072,float,sum,212.07,39.56,37.08,0,209.5,40.04,37.54,0,RING,SIMPLE,8,RING,SIMPLE,8,0,RING,A_flag_ceiling
reduce_scatter_perf,2,16,16777216,262144,float,sum,245.56,68.32,64.05,0,246.02,68.19,63.93,0,RING,SIMPLE,8,RING,SIMPLE,8,0,RING,A_flag_ceiling
reduce_scatter_perf,2,16,33554432,524288,float,sum,356.91,94.01,88.14,0,348.25,96.35,90.33,0,RING,SIMPLE,8,RING,SIMPLE,8,0,RING,A_flag_ceiling
reduce_scatter_perf,2,16,67108864,1048576,float,sum,609.18,110.16,103.28,0,579.72,115.76,108.52,0,RING,SIMPLE,8,RING,SIMPLE,8,0,RING,A_flag_ceiling
reduce_scatter_perf,2,16,134217728,2097152,float,sum,1092.6,122.84,115.16,0,1043.79,128.59,120.55,0,RING,SIMPLE,8,RING,SIMPLE,8,0,RING,A_flag_ceiling
reduce_scatter_perf,2,16,268435456,4194304,float,sum,2077.49,129.21,121.14,0,2001.51,134.12,125.73,0,RING,SIMPLE,8,RING,SIMPLE,8,0,RING,A_flag_ceiling
reduce_scatter_perf,2,16,536870912,8388608,float,sum,4149.36,129.39,121.3,0,4052.37,132.48,124.2,0,RING,SIMPLE,8,RING,SIMPLE,8,0,RING,A_flag_ceiling
reduce_scatter_perf,2,16,4096,64,float,sum,41.76,0.1,0.09,0,41.34,0.1,0.09,0,RING,LL,8,RING,LL,8,0,RING,A_flag_ceiling
reduce_scatter_perf,2,16,8192,128,float,sum,41.38,0.2,0.19,0,41.67,0.2,0.18,0,RING,LL,8,RING,LL,8,0,RING,A_flag_ceiling
reduce_scatter_perf,2,16,16384,256,float,sum,47.21,0.35,0.33,0,43.93,0.37,0.35,0,RING,LL,8,RING,LL,8,0,RING,A_flag_ceiling
reduce_scatter_perf,2,16,32768,512,float,sum,47.62,0.69,0.65,0,47.58,0.69,0.65,0,RING,LL,8,RING,LL,8,0,RING,A_flag_ceiling
reduce_scatter_perf,2,16,65536,1024,float,sum,48.01,1.36,1.28,0,53.21,1.23,1.15,0,RING,LL,8,RING,LL,8,0,RING,A_flag_ceiling
reduce_scatter_perf,2,16,131072,2048,float,sum,59.09,2.22,2.08,0,60.18,2.18,2.04,0,RING,LL,8,RING,LL,8,0,RING,A_flag_ceiling
reduce_scatter_perf,2,16,262144,4096,float,sum,58.09,4.51,4.23,0,58.86,4.45,4.18,0,RING,LL,8,RING,LL,8,0,RING,A_flag_ceiling
reduce_scatter_perf,2,16,524288,8192,float,sum,66.32,7.91,7.41,0,66.82,7.85,7.36,0,RING,LL,8,RING,LL,8,0,RING,A_flag_ceiling
reduce_scatter_perf,2,16,1048576,16384,float,sum,79.03,13.27,12.44,0,78.25,13.4,12.56,0,RING,LL,8,RING,LL,8,0,RING,A_flag_ceiling
reduce_scatter_perf,2,16,2097152,32768,float,sum,93.93,22.33,20.93,0,94.01,22.31,20.91,0,RING,LL,8,RING,LL,8,0,RING,A_flag_ceiling
reduce_scatter_perf,2,16,4194304,65536,float,sum,229.39,18.28,17.14,0,229.25,18.3,17.15,0,RING,LL,8,RING,LL,8,0,RING,A_flag_ceiling
reduce_scatter_perf,2,16,8388608,131072,float,sum,449.38,18.67,17.5,0,445.97,18.81,17.63,0,RING,LL,8,RING,LL,8,0,RING,A_flag_ceiling
reduce_scatter_perf,2,16,16777216,262144,float,sum,891.19,18.83,17.65,0,881.77,19.03,17.84,0,RING,LL,8,RING,LL,8,0,RING,A_flag_ceiling
reduce_scatter_perf,2,16,33554432,524288,float,sum,1775.55,18.9,17.72,0,1763.66,19.03,17.84,0,RING,LL,8,RING,LL,8,0,RING,A_flag_ceiling
reduce_scatter_perf,2,16,67108864,1048576,float,sum,3550.92,18.9,17.72,0,3563.4,18.83,17.66,0,RING,LL,8,RING,LL,8,0,RING,A_flag_ceiling
reduce_scatter_perf,2,16,134217728,2097152,float,sum,7104.57,18.89,17.71,0,7140.59,18.8,17.62,0,RING,LL,8,RING,LL,8,0,RING,A_flag_ceiling
reduce_scatter_perf,2,16,268435456,4194304,float,sum,14254.0,18.83,17.66,0,14301.3,18.77,17.6,0,RING,LL,8,RING,LL,8,0,RING,A_flag_ceiling
reduce_scatter_perf,2,16,536870912,8388608,float,sum,28424.5,18.89,17.71,0,28356.6,18.93,17.75,0,RING,LL,8,RING,LL,8,0,RING,A_flag_ceiling
reduce_scatter_perf,2,16,4096,64,float,sum,51.55,0.08,0.07,0,122.71,0.03,0.03,0,RING,LL128,8,RING,LL128,8,0,RING,A_flag_ceiling
reduce_scatter_perf,2,16,8192,128,float,sum,50.83,0.16,0.15,0,93.61,0.09,0.08,0,RING,LL128,8,RING,LL128,8,0,RING,A_flag_ceiling
reduce_scatter_perf,2,16,16384,256,float,sum,51.65,0.32,0.3,0,96.84,0.17,0.16,0,RING,LL128,8,RING,LL128,8,0,RING,A_flag_ceiling
reduce_scatter_perf,2,16,32768,512,float,sum,50.84,0.64,0.6,0,50.37,0.65,0.61,0,RING,LL128,8,RING,LL128,8,0,RING,A_flag_ceiling
reduce_scatter_perf,2,16,65536,1024,float,sum,53.75,1.22,1.14,0,53.37,1.23,1.15,0,RING,LL128,8,RING,LL128,8,0,RING,A_flag_ceiling
reduce_scatter_perf,2,16,131072,2048,float,sum,60.45,2.17,2.03,0,58.77,2.23,2.09,0,RING,LL128,8,RING,LL128,8,0,RING,A_flag_ceiling
reduce_scatter_perf,2,16,262144,4096,float,sum,62.55,4.19,3.93,0,58.11,4.51,4.23,0,RING,LL128,8,RING,LL128,8,0,RING,A_flag_ceiling
reduce_scatter_perf,2,16,524288,8192,float,sum,67.4,7.78,7.29,0,67.21,7.8,7.31,0,RING,LL128,8,RING,LL128,8,0,RING,A_flag_ceiling
reduce_scatter_perf,2,16,1048576,16384,float,sum,78.99,13.28,12.45,0,78.48,13.36,12.53,0,RING,LL128,8,RING,LL128,8,0,RING,A_flag_ceiling
reduce_scatter_perf,2,16,2097152,32768,float,sum,95.09,22.06,20.68,0,94.81,22.12,20.74,0,RING,LL128,8,RING,LL128,8,0,RING,A_flag_ceiling
reduce_scatter_perf,2,16,4194304,65536,float,sum,96.9,43.28,40.58,0,97.95,42.82,40.14,0,RING,LL128,8,RING,LL128,8,0,RING,A_flag_ceiling
reduce_scatter_perf,2,16,8388608,131072,float,sum,226.05,37.11,34.79,0,142.11,59.03,55.34,0,RING,LL128,8,RING,LL128,8,0,RING,A_flag_ceiling
reduce_scatter_perf,2,16,16777216,262144,float,sum,243.57,68.88,64.58,0,241.03,69.61,65.26,0,RING,LL128,8,RING,LL128,8,0,RING,A_flag_ceiling
reduce_scatter_perf,2,16,33554432,524288,float,sum,445.43,75.33,70.62,0,441.32,76.03,71.28,0,RING,LL128,8,RING,LL128,8,0,RING,A_flag_ceiling
reduce_scatter_perf,2,16,67108864,1048576,float,sum,869.0,77.22,72.4,0,862.09,77.84,72.98,0,RING,LL128,8,RING,LL128,8,0,RING,A_flag_ceiling
reduce_scatter_perf,2,16,134217728,2097152,float,sum,1705.12,78.71,73.79,0,1745.17,76.91,72.1,0,RING,LL128,8,RING,LL128,8,0,RING,A_flag_ceiling
reduce_scatter_perf,2,16,268435456,4194304,float,sum,3379.37,79.43,74.47,0,3378.04,79.46,74.5,0,RING,LL128,8,RING,LL128,8,0,RING,A_flag_ceiling
reduce_scatter_perf,2,16,536870912,8388608,float,sum,6754.16,79.49,74.52,0,6749.5,79.54,74.57,0,RING,LL128,8,RING,LL128,8,0,RING,A_flag_ceiling
reduce_scatter_perf,2,16,4096,64,float,sum,143.53,0.03,0.03,0,142.49,0.03,0.03,0,RING,SIMPLE,16,RING,SIMPLE,16,0,RING,A_flag_ceiling
reduce_scatter_perf,2,16,8192,128,float,sum,142.64,0.06,0.05,0,142.65,0.06,0.05,0,RING,SIMPLE,16,RING,SIMPLE,16,0,RING,A_flag_ceiling
reduce_scatter_perf,2,16,16384,256,float,sum,145.84,0.11,0.11,0,142.51,0.11,0.11,0,RING,SIMPLE,16,RING,SIMPLE,16,0,RING,A_flag_ceiling
reduce_scatter_perf,2,16,32768,512,float,sum,144.38,0.23,0.21,0,143.45,0.23,0.21,0,RING,SIMPLE,16,RING,SIMPLE,16,0,RING,A_flag_ceiling
reduce_scatter_perf,2,16,65536,1024,float,sum,145.61,0.45,0.42,0,143.55,0.46,0.43,0,RING,SIMPLE,16,RING,SIMPLE,16,0,RING,A_flag_ceiling
reduce_scatter_perf,2,16,131072,2048,float,sum,50.58,2.59,2.43,0,51.67,2.54,2.38,0,RING,SIMPLE,16,RING,SIMPLE,16,0,RING,A_flag_ceiling
reduce_scatter_perf,2,16,262144,4096,float,sum,49.83,5.26,4.93,0,51.29,5.11,4.79,0,RING,SIMPLE,16,RING,SIMPLE,16,0,RING,A_flag_ceiling
reduce_scatter_perf,2,16,524288,8192,float,sum,57.35,9.14,8.57,0,54.92,9.55,8.95,0,RING,SIMPLE,16,RING,SIMPLE,16,0,RING,A_flag_ceiling
reduce_scatter_perf,2,16,1048576,16384,float,sum,68.37,15.34,14.38,0,68.8,15.24,14.29,0,RING,SIMPLE,16,RING,SIMPLE,16,0,RING,A_flag_ceiling
reduce_scatter_perf,2,16,2097152,32768,float,sum,79.46,26.39,24.74,0,80.3,26.12,24.48,0,RING,SIMPLE,16,RING,SIMPLE,16,0,RING,A_flag_ceiling
reduce_scatter_perf,2,16,4194304,65536,float,sum,187.48,22.37,20.97,0,186.34,22.51,21.1,0,RING,SIMPLE,16,RING,SIMPLE,16,0,RING,A_flag_ceiling
reduce_scatter_perf,2,16,8388608,131072,float,sum,202.01,41.52,38.93,0,200.94,41.75,39.14,0,RING,SIMPLE,16,RING,SIMPLE,16,0,RING,A_flag_ceiling
reduce_scatter_perf,2,16,16777216,262144,float,sum,202.32,82.93,77.74,0,201.9,83.1,77.9,0,RING,SIMPLE,16,RING,SIMPLE,16,0,RING,A_flag_ceiling
reduce_scatter_perf,2,16,33554432,524288,float,sum,254.72,131.73,123.5,0,252.26,133.02,124.7,0,RING,SIMPLE,16,RING,SIMPLE,16,0,RING,A_flag_ceiling
reduce_scatter_perf,2,16,67108864,1048576,float,sum,375.04,178.94,167.75,0,361.41,185.69,174.08,0,RING,SIMPLE,16,RING,SIMPLE,16,0,RING,A_flag_ceiling
reduce_scatter_perf,2,16,134217728,2097152,float,sum,631.38,212.58,199.29,0,597.32,224.7,210.66,0,RING,SIMPLE,16,RING,SIMPLE,16,0,RING,A_flag_ceiling
reduce_scatter_perf,2,16,268435456,4194304,float,sum,1134.08,236.7,221.91,0,1086.75,247.01,231.57,0,RING,SIMPLE,16,RING,SIMPLE,16,0,RING,A_flag_ceiling
reduce_scatter_perf,2,16,536870912,8388608,float,sum,2136.3,251.31,235.6,0,2092.56,256.56,240.53,0,RING,SIMPLE,16,RING,SIMPLE,16,0,RING,A_flag_ceiling
reduce_scatter_perf,2,16,4096,64,float,sum,42.12,0.1,0.09,0,41.55,0.1,0.09,0,RING,LL,16,RING,LL,16,0,RING,A_flag_ceiling
reduce_scatter_perf,2,16,8192,128,float,sum,42.02,0.19,0.18,0,41.86,0.2,0.18,0,RING,LL,16,RING,LL,16,0,RING,A_flag_ceiling
reduce_scatter_perf,2,16,16384,256,float,sum,47.36,0.35,0.32,0,43.65,0.38,0.35,0,RING,LL,16,RING,LL,16,0,RING,A_flag_ceiling
reduce_scatter_perf,2,16,32768,512,float,sum,47.71,0.69,0.64,0,47.03,0.7,0.65,0,RING,LL,16,RING,LL,16,0,RING,A_flag_ceiling
reduce_scatter_perf,2,16,65536,1024,float,sum,53.55,1.22,1.15,0,53.67,1.22,1.14,0,RING,LL,16,RING,LL,16,0,RING,A_flag_ceiling
reduce_scatter_perf,2,16,131072,2048,float,sum,50.68,2.59,2.42,0,50.93,2.57,2.41,0,RING,LL,16,RING,LL,16,0,RING,A_flag_ceiling
reduce_scatter_perf,2,16,262144,4096,float,sum,51.47,5.09,4.77,0,53.22,4.93,4.62,0,RING,LL,16,RING,LL,16,0,RING,A_flag_ceiling
reduce_scatter_perf,2,16,524288,8192,float,sum,57.15,9.17,8.6,0,54.84,9.56,8.96,0,RING,LL,16,RING,LL,16,0,RING,A_flag_ceiling
reduce_scatter_perf,2,16,1048576,16384,float,sum,68.52,15.3,14.35,0,68.81,15.24,14.29,0,RING,LL,16,RING,LL,16,0,RING,A_flag_ceiling
reduce_scatter_perf,2,16,2097152,32768,float,sum,78.88,26.59,24.93,0,79.41,26.41,24.76,0,RING,LL,16,RING,LL,16,0,RING,A_flag_ceiling
reduce_scatter_perf,2,16,4194304,65536,float,sum,141.82,29.58,27.73,0,144.26,29.07,27.26,0,RING,LL,16,RING,LL,16,0,RING,A_flag_ceiling
reduce_scatter_perf,2,16,8388608,131072,float,sum,272.12,30.83,28.9,0,272.38,30.8,28.87,0,RING,LL,16,RING,LL,16,0,RING,A_flag_ceiling
reduce_scatter_perf,2,16,16777216,262144,float,sum,524.75,31.97,29.97,0,523.42,32.05,30.05,0,RING,LL,16,RING,LL,16,0,RING,A_flag_ceiling
reduce_scatter_perf,2,16,33554432,524288,float,sum,1033.4,32.47,30.44,0,1033.25,32.47,30.45,0,RING,LL,16,RING,LL,16,0,RING,A_flag_ceiling
reduce_scatter_perf,2,16,67108864,1048576,float,sum,2072.2,32.39,30.36,0,2066.53,32.47,30.44,0,RING,LL,16,RING,LL,16,0,RING,A_flag_ceiling
reduce_scatter_perf,2,16,134217728,2097152,float,sum,4124.02,32.55,30.51,0,4021.99,33.37,31.29,0,RING,LL,16,RING,LL,16,0,RING,A_flag_ceiling
reduce_scatter_perf,2,16,268435456,4194304,float,sum,7511.12,35.74,33.5,0,7494.12,35.82,33.58,0,RING,LL,16,RING,LL,16,0,RING,A_flag_ceiling
reduce_scatter_perf,2,16,536870912,8388608,float,sum,14653.2,36.64,34.35,0,14701.8,36.52,34.24,0,RING,LL,16,RING,LL,16,0,RING,A_flag_ceiling
reduce_scatter_perf,2,16,4096,64,float,sum,49.97,0.08,0.08,0,48.31,0.08,0.08,0,RING,LL128,16,RING,LL128,16,0,RING,A_flag_ceiling
reduce_scatter_perf,2,16,8192,128,float,sum,48.85,0.17,0.16,0,48.57,0.17,0.16,0,RING,LL128,16,RING,LL128,16,0,RING,A_flag_ceiling
reduce_scatter_perf,2,16,16384,256,float,sum,51.4,0.32,0.3,0,48.19,0.34,0.32,0,RING,LL128,16,RING,LL128,16,0,RING,A_flag_ceiling
reduce_scatter_perf,2,16,32768,512,float,sum,49.86,0.66,0.62,0,49.83,0.66,0.62,0,RING,LL128,16,RING,LL128,16,0,RING,A_flag_ceiling
reduce_scatter_perf,2,16,65536,1024,float,sum,54.24,1.21,1.13,0,52.61,1.25,1.17,0,RING,LL128,16,RING,LL128,16,0,RING,A_flag_ceiling
reduce_scatter_perf,2,16,131072,2048,float,sum,50.31,2.61,2.44,0,50.2,2.61,2.45,0,RING,LL128,16,RING,LL128,16,0,RING,A_flag_ceiling
reduce_scatter_perf,2,16,262144,4096,float,sum,50.63,5.18,4.85,0,51.86,5.06,4.74,0,RING,LL128,16,RING,LL128,16,0,RING,A_flag_ceiling
reduce_scatter_perf,2,16,524288,8192,float,sum,56.09,9.35,8.76,0,55.25,9.49,8.9,0,RING,LL128,16,RING,LL128,16,0,RING,A_flag_ceiling
reduce_scatter_perf,2,16,1048576,16384,float,sum,68.85,15.23,14.28,0,68.6,15.29,14.33,0,RING,LL128,16,RING,LL128,16,0,RING,A_flag_ceiling
reduce_scatter_perf,2,16,2097152,32768,float,sum,79.68,26.32,24.68,0,91.95,22.81,21.38,0,RING,LL128,16,RING,LL128,16,0,RING,A_flag_ceiling
reduce_scatter_perf,2,16,4194304,65536,float,sum,76.33,54.95,51.52,0,76.38,54.91,51.48,0,RING,LL128,16,RING,LL128,16,0,RING,A_flag_ceiling
reduce_scatter_perf,2,16,8388608,131072,float,sum,99.82,84.04,78.78,0,98.96,84.77,79.47,0,RING,LL128,16,RING,LL128,16,0,RING,A_flag_ceiling
reduce_scatter_perf,2,16,16777216,262144,float,sum,135.73,123.61,115.88,0,133.54,125.64,117.78,0,RING,LL128,16,RING,LL128,16,0,RING,A_flag_ceiling
reduce_scatter_perf,2,16,33554432,524288,float,sum,253.52,132.35,124.08,0,253.09,132.58,124.29,0,RING,LL128,16,RING,LL128,16,0,RING,A_flag_ceiling
reduce_scatter_perf,2,16,67108864,1048576,float,sum,462.06,145.24,136.16,0,461.93,145.28,136.2,0,RING,LL128,16,RING,LL128,16,0,RING,A_flag_ceiling
reduce_scatter_perf,2,16,134217728,2097152,float,sum,900.37,149.07,139.75,0,901.76,148.84,139.54,0,RING,LL128,16,RING,LL128,16,0,RING,A_flag_ceiling
reduce_scatter_perf,2,16,268435456,4194304,float,sum,1768.97,151.75,142.26,0,1774.76,151.25,141.8,0,RING,LL128,16,RING,LL128,16,0,RING,A_flag_ceiling
reduce_scatter_perf,2,16,536870912,8388608,float,sum,3528.92,152.13,142.63,0,3534.23,151.91,142.41,0,RING,LL128,16,RING,LL128,16,0,RING,A_flag_ceiling
reduce_scatter_perf,2,16,4096,64,float,sum,144.04,0.03,0.03,0,141.73,0.03,0.03,0,RING,SIMPLE,24,RING,SIMPLE,24,0,RING,A_flag_ceiling
reduce_scatter_perf,2,16,8192,128,float,sum,142.86,0.06,0.05,0,142.7,0.06,0.05,0,RING,SIMPLE,24,RING,SIMPLE,24,0,RING,A_flag_ceiling
reduce_scatter_perf,2,16,16384,256,float,sum,146.12,0.11,0.11,0,142.3,0.12,0.11,0,RING,SIMPLE,24,RING,SIMPLE,24,0,RING,A_flag_ceiling
reduce_scatter_perf,2,16,32768,512,float,sum,143.69,0.23,0.21,0,143.43,0.23,0.21,0,RING,SIMPLE,24,RING,SIMPLE,24,0,RING,A_flag_ceiling
reduce_scatter_perf,2,16,65536,1024,float,sum,144.64,0.45,0.42,0,143.1,0.46,0.43,0,RING,SIMPLE,24,RING,SIMPLE,24,0,RING,A_flag_ceiling
reduce_scatter_perf,2,16,131072,2048,float,sum,51.7,2.54,2.38,0,50.02,2.62,2.46,0,RING,SIMPLE,24,RING,SIMPLE,24,0,RING,A_flag_ceiling
reduce_scatter_perf,2,16,262144,4096,float,sum,51.67,5.07,4.76,0,50.27,5.21,4.89,0,RING,SIMPLE,24,RING,SIMPLE,24,0,RING,A_flag_ceiling
reduce_scatter_perf,2,16,524288,8192,float,sum,56.24,9.32,8.74,0,55.89,9.38,8.79,0,RING,SIMPLE,24,RING,SIMPLE,24,0,RING,A_flag_ceiling
reduce_scatter_perf,2,16,1048576,16384,float,sum,74.55,14.07,13.19,0,70.63,14.85,13.92,0,RING,SIMPLE,24,RING,SIMPLE,24,0,RING,A_flag_ceiling
reduce_scatter_perf,2,16,2097152,32768,float,sum,96.29,21.78,20.42,0,107.55,19.5,18.28,0,RING,SIMPLE,24,RING,SIMPLE,24,0,RING,A_flag_ceiling
reduce_scatter_perf,2,16,4194304,65536,float,sum,206.78,20.28,19.02,0,204.83,20.48,19.2,0,RING,SIMPLE,24,RING,SIMPLE,24,0,RING,A_flag_ceiling
reduce_scatter_perf,2,16,8388608,131072,float,sum,213.94,39.21,36.76,0,211.4,39.68,37.2,0,RING,SIMPLE,24,RING,SIMPLE,24,0,RING,A_flag_ceiling
reduce_scatter_perf,2,16,16777216,262144,float,sum,217.7,77.07,72.25,0,216.36,77.54,72.7,0,RING,SIMPLE,24,RING,SIMPLE,24,0,RING,A_flag_ceiling
reduce_scatter_perf,2,16,33554432,524288,float,sum,236.02,142.17,133.28,0,233.58,143.65,134.67,0,RING,SIMPLE,24,RING,SIMPLE,24,0,RING,A_flag_ceiling
reduce_scatter_perf,2,16,67108864,1048576,float,sum,329.62,203.59,190.87,0,317.24,211.54,198.32,0,RING,SIMPLE,24,RING,SIMPLE,24,0,RING,A_flag_ceiling
reduce_scatter_perf,2,16,134217728,2097152,float,sum,493.03,272.23,255.22,0,468.05,286.76,268.84,0,RING,SIMPLE,24,RING,SIMPLE,24,0,RING,A_flag_ceiling
reduce_scatter_perf,2,16,268435456,4194304,float,sum,857.8,312.93,293.38,0,822.65,326.31,305.91,0,RING,SIMPLE,24,RING,SIMPLE,24,0,RING,A_flag_ceiling
reduce_scatter_perf,2,16,536870912,8388608,float,sum,1565.13,343.02,321.58,0,1524.89,352.07,330.07,0,RING,SIMPLE,24,RING,SIMPLE,24,0,RING,A_flag_ceiling
reduce_scatter_perf,2,16,4096,64,float,sum,41.51,0.1,0.09,0,40.81,0.1,0.09,0,RING,LL,24,RING,LL,24,0,RING,A_flag_ceiling
reduce_scatter_perf,2,16,8192,128,float,sum,41.83,0.2,0.18,0,41.58,0.2,0.18,0,RING,LL,24,RING,LL,24,0,RING,A_flag_ceiling
reduce_scatter_perf,2,16,16384,256,float,sum,45.81,0.36,0.34,0,43.07,0.38,0.36,0,RING,LL,24,RING,LL,24,0,RING,A_flag_ceiling
reduce_scatter_perf,2,16,32768,512,float,sum,47.75,0.69,0.64,0,46.78,0.7,0.66,0,RING,LL,24,RING,LL,24,0,RING,A_flag_ceiling
reduce_scatter_perf,2,16,65536,1024,float,sum,54.19,1.21,1.13,0,53.68,1.22,1.14,0,RING,LL,24,RING,LL,24,0,RING,A_flag_ceiling
reduce_scatter_perf,2,16,131072,2048,float,sum,50.05,2.62,2.46,0,49.55,2.65,2.48,0,RING,LL,24,RING,LL,24,0,RING,A_flag_ceiling
reduce_scatter_perf,2,16,262144,4096,float,sum,51.45,5.1,4.78,0,52.3,5.01,4.7,0,RING,LL,24,RING,LL,24,0,RING,A_flag_ceiling
reduce_scatter_perf,2,16,524288,8192,float,sum,58.51,8.96,8.4,0,55.99,9.36,8.78,0,RING,LL,24,RING,LL,24,0,RING,A_flag_ceiling
reduce_scatter_perf,2,16,1048576,16384,float,sum,70.24,14.93,14.0,0,70.13,14.95,14.02,0,RING,LL,24,RING,LL,24,0,RING,A_flag_ceiling
reduce_scatter_perf,2,16,2097152,32768,float,sum,82.84,25.31,23.73,0,81.49,25.74,24.13,0,RING,LL,24,RING,LL,24,0,RING,A_flag_ceiling
reduce_scatter_perf,2,16,4194304,65536,float,sum,144.86,28.95,27.14,0,147.73,28.39,26.62,0,RING,LL,24,RING,LL,24,0,RING,A_flag_ceiling
reduce_scatter_perf,2,16,8388608,131072,float,sum,261.98,32.02,30.02,0,262.23,31.99,29.99,0,RING,LL,24,RING,LL,24,0,RING,A_flag_ceiling
reduce_scatter_perf,2,16,16777216,262144,float,sum,436.17,38.46,36.06,0,442.09,37.95,35.58,0,RING,LL,24,RING,LL,24,0,RING,A_flag_ceiling
reduce_scatter_perf,2,16,33554432,524288,float,sum,850.6,39.45,36.98,0,847.8,39.58,37.1,0,RING,LL,24,RING,LL,24,0,RING,A_flag_ceiling
reduce_scatter_perf,2,16,67108864,1048576,float,sum,1620.52,41.41,38.82,0,1614.11,41.58,38.98,0,RING,LL,24,RING,LL,24,0,RING,A_flag_ceiling
reduce_scatter_perf,2,16,134217728,2097152,float,sum,3212.56,41.78,39.17,0,3210.27,41.81,39.2,0,RING,LL,24,RING,LL,24,0,RING,A_flag_ceiling
reduce_scatter_perf,2,16,268435456,4194304,float,sum,6354.92,42.24,39.6,0,6360.23,42.21,39.57,0,RING,LL,24,RING,LL,24,0,RING,A_flag_ceiling
reduce_scatter_perf,2,16,536870912,8388608,float,sum,12691.6,42.3,39.66,0,12698.3,42.28,39.64,0,RING,LL,24,RING,LL,24,0,RING,A_flag_ceiling
reduce_scatter_perf,2,16,4096,64,float,sum,50.51,0.08,0.08,0,49.27,0.08,0.08,0,RING,LL128,24,RING,LL128,24,0,RING,A_flag_ceiling
reduce_scatter_perf,2,16,8192,128,float,sum,49.51,0.17,0.16,0,49.59,0.17,0.15,0,RING,LL128,24,RING,LL128,24,0,RING,A_flag_ceiling
reduce_scatter_perf,2,16,16384,256,float,sum,52.41,0.31,0.29,0,49.29,0.33,0.31,0,RING,LL128,24,RING,LL128,24,0,RING,A_flag_ceiling
reduce_scatter_perf,2,16,32768,512,float,sum,49.85,0.66,0.62,0,49.54,0.66,0.62,0,RING,LL128,24,RING,LL128,24,0,RING,A_flag_ceiling
reduce_scatter_perf,2,16,65536,1024,float,sum,53.5,1.22,1.15,0,52.41,1.25,1.17,0,RING,LL128,24,RING,LL128,24,0,RING,A_flag_ceiling
reduce_scatter_perf,2,16,131072,2048,float,sum,50.23,2.61,2.45,0,50.84,2.58,2.42,0,RING,LL128,24,RING,LL128,24,0,RING,A_flag_ceiling
reduce_scatter_perf,2,16,262144,4096,float,sum,50.9,5.15,4.83,0,51.28,5.11,4.79,0,RING,LL128,24,RING,LL128,24,0,RING,A_flag_ceiling
reduce_scatter_perf,2,16,524288,8192,float,sum,55.97,9.37,8.78,0,55.19,9.5,8.91,0,RING,LL128,24,RING,LL128,24,0,RING,A_flag_ceiling
reduce_scatter_perf,2,16,1048576,16384,float,sum,70.6,14.85,13.92,0,76.78,13.66,12.8,0,RING,LL128,24,RING,LL128,24,0,RING,A_flag_ceiling
reduce_scatter_perf,2,16,2097152,32768,float,sum,84.31,24.88,23.32,0,95.97,21.85,20.49,0,RING,LL128,24,RING,LL128,24,0,RING,A_flag_ceiling
reduce_scatter_perf,2,16,4194304,65536,float,sum,78.98,53.11,49.79,0,78.86,53.19,49.86,0,RING,LL128,24,RING,LL128,24,0,RING,A_flag_ceiling
reduce_scatter_perf,2,16,8388608,131072,float,sum,85.14,98.53,92.37,0,83.27,100.74,94.44,0,RING,LL128,24,RING,LL128,24,0,RING,A_flag_ceiling
reduce_scatter_perf,2,16,16777216,262144,float,sum,111.35,150.67,141.26,0,110.32,152.07,142.57,0,RING,LL128,24,RING,LL128,24,0,RING,A_flag_ceiling
reduce_scatter_perf,2,16,33554432,524288,float,sum,177.62,188.91,177.1,0,176.85,189.74,177.88,0,RING,LL128,24,RING,LL128,24,0,RING,A_flag_ceiling
reduce_scatter_perf,2,16,67108864,1048576,float,sum,327.48,204.92,192.12,0,326.79,205.36,192.53,0,RING,LL128,24,RING,LL128,24,0,RING,A_flag_ceiling
reduce_scatter_perf,2,16,134217728,2097152,float,sum,638.25,210.29,197.15,0,638.43,210.23,197.09,0,RING,LL128,24,RING,LL128,24,0,RING,A_flag_ceiling
reduce_scatter_perf,2,16,268435456,4194304,float,sum,1248.22,215.05,201.61,0,1247.59,215.16,201.72,0,RING,LL128,24,RING,LL128,24,0,RING,A_flag_ceiling
reduce_scatter_perf,2,16,536870912,8388608,float,sum,2480.43,216.44,202.91,0,2471.71,217.21,203.63,0,RING,LL128,24,RING,LL128,24,0,RING,A_flag_ceiling
reduce_scatter_perf,2,16,4096,64,float,sum,143.18,0.03,0.03,0,142.01,0.03,0.03,0,RING,SIMPLE,32,RING,SIMPLE,32,0,RING,A_flag_ceiling
reduce_scatter_perf,2,16,8192,128,float,sum,143.33,0.06,0.05,0,142.12,0.06,0.05,0,RING,SIMPLE,32,RING,SIMPLE,32,0,RING,A_flag_ceiling
reduce_scatter_perf,2,16,16384,256,float,sum,145.91,0.11,0.11,0,142.62,0.11,0.11,0,RING,SIMPLE,32,RING,SIMPLE,32,0,RING,A_flag_ceiling
reduce_scatter_perf,2,16,32768,512,float,sum,143.78,0.23,0.21,0,143.92,0.23,0.21,0,RING,SIMPLE,32,RING,SIMPLE,32,0,RING,A_flag_ceiling
reduce_scatter_perf,2,16,65536,1024,float,sum,145.0,0.45,0.42,0,143.69,0.46,0.43,0,RING,SIMPLE,32,RING,SIMPLE,32,0,RING,A_flag_ceiling
reduce_scatter_perf,2,16,131072,2048,float,sum,51.35,2.55,2.39,0,49.57,2.64,2.48,0,RING,SIMPLE,32,RING,SIMPLE,32,0,RING,A_flag_ceiling
reduce_scatter_perf,2,16,262144,4096,float,sum,50.92,5.15,4.83,0,50.4,5.2,4.88,0,RING,SIMPLE,32,RING,SIMPLE,32,0,RING,A_flag_ceiling
reduce_scatter_perf,2,16,524288,8192,float,sum,58.28,9.0,8.43,0,54.82,9.56,8.97,0,RING,SIMPLE,32,RING,SIMPLE,32,0,RING,A_flag_ceiling
reduce_scatter_perf,2,16,1048576,16384,float,sum,65.5,16.01,15.01,0,65.72,15.96,14.96,0,RING,SIMPLE,32,RING,SIMPLE,32,0,RING,A_flag_ceiling
reduce_scatter_perf,2,16,2097152,32768,float,sum,79.96,26.23,24.59,0,79.72,26.31,24.66,0,RING,SIMPLE,32,RING,SIMPLE,32,0,RING,A_flag_ceiling
reduce_scatter_perf,2,16,4194304,65536,float,sum,237.4,17.67,16.56,0,232.28,18.06,16.93,0,RING,SIMPLE,32,RING,SIMPLE,32,0,RING,A_flag_ceiling
reduce_scatter_perf,2,16,8388608,131072,float,sum,236.86,35.42,33.2,0,232.92,36.02,33.76,0,RING,SIMPLE,32,RING,SIMPLE,32,0,RING,A_flag_ceiling
reduce_scatter_perf,2,16,16777216,262144,float,sum,244.94,68.5,64.21,0,245.93,68.22,63.95,0,RING,SIMPLE,32,RING,SIMPLE,32,0,RING,A_flag_ceiling
reduce_scatter_perf,2,16,33554432,524288,float,sum,258.17,129.97,121.85,0,254.1,132.05,123.8,0,RING,SIMPLE,32,RING,SIMPLE,32,0,RING,A_flag_ceiling
reduce_scatter_perf,2,16,67108864,1048576,float,sum,294.12,228.17,213.91,0,291.07,230.56,216.15,0,RING,SIMPLE,32,RING,SIMPLE,32,0,RING,A_flag_ceiling
reduce_scatter_perf,2,16,134217728,2097152,float,sum,439.53,305.36,286.28,0,417.22,321.69,301.59,0,RING,SIMPLE,32,RING,SIMPLE,32,0,RING,A_flag_ceiling
reduce_scatter_perf,2,16,268435456,4194304,float,sum,738.8,363.34,340.63,0,723.56,370.99,347.81,0,RING,SIMPLE,32,RING,SIMPLE,32,0,RING,A_flag_ceiling
reduce_scatter_perf,2,16,536870912,8388608,float,sum,1411.19,380.44,356.66,0,1410.34,380.67,356.88,0,RING,SIMPLE,32,RING,SIMPLE,32,0,RING,A_flag_ceiling
reduce_scatter_perf,2,16,4096,64,float,sum,42.63,0.1,0.09,0,40.77,0.1,0.09,0,RING,LL,32,RING,LL,32,0,RING,A_flag_ceiling
reduce_scatter_perf,2,16,8192,128,float,sum,41.98,0.2,0.18,0,41.51,0.2,0.19,0,RING,LL,32,RING,LL,32,0,RING,A_flag_ceiling
reduce_scatter_perf,2,16,16384,256,float,sum,47.63,0.34,0.32,0,43.61,0.38,0.35,0,RING,LL,32,RING,LL,32,0,RING,A_flag_ceiling
reduce_scatter_perf,2,16,32768,512,float,sum,53.47,0.61,0.57,0,47.32,0.69,0.65,0,RING,LL,32,RING,LL,32,0,RING,A_flag_ceiling
reduce_scatter_perf,2,16,65536,1024,float,sum,53.7,1.22,1.14,0,52.59,1.25,1.17,0,RING,LL,32,RING,LL,32,0,RING,A_flag_ceiling
reduce_scatter_perf,2,16,131072,2048,float,sum,49.85,2.63,2.46,0,51.15,2.56,2.4,0,RING,LL,32,RING,LL,32,0,RING,A_flag_ceiling
reduce_scatter_perf,2,16,262144,4096,float,sum,50.12,5.23,4.9,0,51.93,5.05,4.73,0,RING,LL,32,RING,LL,32,0,RING,A_flag_ceiling
reduce_scatter_perf,2,16,524288,8192,float,sum,55.9,9.38,8.79,0,54.81,9.57,8.97,0,RING,LL,32,RING,LL,32,0,RING,A_flag_ceiling
reduce_scatter_perf,2,16,1048576,16384,float,sum,65.82,15.93,14.94,0,65.81,15.93,14.94,0,RING,LL,32,RING,LL,32,0,RING,A_flag_ceiling
reduce_scatter_perf,2,16,2097152,32768,float,sum,91.03,23.04,21.6,0,79.77,26.29,24.65,0,RING,LL,32,RING,LL,32,0,RING,A_flag_ceiling
reduce_scatter_perf,2,16,4194304,65536,float,sum,158.67,26.43,24.78,0,157.24,26.67,25.01,0,RING,LL,32,RING,LL,32,0,RING,A_flag_ceiling
reduce_scatter_perf,2,16,8388608,131072,float,sum,193.83,43.28,40.57,0,193.37,43.38,40.67,0,RING,LL,32,RING,LL,32,0,RING,A_flag_ceiling
reduce_scatter_perf,2,16,16777216,262144,float,sum,387.59,43.29,40.58,0,388.18,43.22,40.52,0,RING,LL,32,RING,LL,32,0,RING,A_flag_ceiling
reduce_scatter_perf,2,16,33554432,524288,float,sum,783.98,42.8,40.13,0,782.34,42.89,40.21,0,RING,LL,32,RING,LL,32,0,RING,A_flag_ceiling
reduce_scatter_perf,2,16,67108864,1048576,float,sum,1542.24,43.51,40.79,0,1510.55,44.43,41.65,0,RING,LL,32,RING,LL,32,0,RING,A_flag_ceiling
reduce_scatter_perf,2,16,134217728,2097152,float,sum,3030.91,44.28,41.52,0,3022.1,44.41,41.64,0,RING,LL,32,RING,LL,32,0,RING,A_flag_ceiling
reduce_scatter_perf,2,16,268435456,4194304,float,sum,6058.33,44.31,41.54,0,6067.58,44.24,41.48,0,RING,LL,32,RING,LL,32,0,RING,A_flag_ceiling
reduce_scatter_perf,2,16,536870912,8388608,float,sum,12142.6,44.21,41.45,0,12197.0,44.02,41.27,0,RING,LL,32,RING,LL,32,0,RING,A_flag_ceiling
reduce_scatter_perf,2,16,4096,64,float,sum,50.57,0.08,0.08,0,49.9,0.08,0.08,0,RING,LL128,32,RING,LL128,32,0,RING,A_flag_ceiling
reduce_scatter_perf,2,16,8192,128,float,sum,49.7,0.16,0.15,0,49.3,0.17,0.16,0,RING,LL128,32,RING,LL128,32,0,RING,A_flag_ceiling
reduce_scatter_perf,2,16,16384,256,float,sum,52.63,0.31,0.29,0,49.42,0.33,0.31,0,RING,LL128,32,RING,LL128,32,0,RING,A_flag_ceiling
reduce_scatter_perf,2,16,32768,512,float,sum,49.64,0.66,0.62,0,49.09,0.67,0.63,0,RING,LL128,32,RING,LL128,32,0,RING,A_flag_ceiling
reduce_scatter_perf,2,16,65536,1024,float,sum,53.54,1.22,1.15,0,54.18,1.21,1.13,0,RING,LL128,32,RING,LL128,32,0,RING,A_flag_ceiling
reduce_scatter_perf,2,16,131072,2048,float,sum,50.95,2.57,2.41,0,51.92,2.52,2.37,0,RING,LL128,32,RING,LL128,32,0,RING,A_flag_ceiling
reduce_scatter_perf,2,16,262144,4096,float,sum,50.31,5.21,4.89,0,50.93,5.15,4.83,0,RING,LL128,32,RING,LL128,32,0,RING,A_flag_ceiling
reduce_scatter_perf,2,16,524288,8192,float,sum,56.03,9.36,8.77,0,55.9,9.38,8.79,0,RING,LL128,32,RING,LL128,32,0,RING,A_flag_ceiling
reduce_scatter_perf,2,16,1048576,16384,float,sum,65.92,15.91,14.91,0,69.57,15.07,14.13,0,RING,LL128,32,RING,LL128,32,0,RING,A_flag_ceiling
reduce_scatter_perf,2,16,2097152,32768,float,sum,90.9,23.07,21.63,0,92.46,22.68,21.26,0,RING,LL128,32,RING,LL128,32,0,RING,A_flag_ceiling
reduce_scatter_perf,2,16,4194304,65536,float,sum,93.21,45.0,42.18,0,93.05,45.08,42.26,0,RING,LL128,32,RING,LL128,32,0,RING,A_flag_ceiling
reduce_scatter_perf,2,16,8388608,131072,float,sum,99.85,84.01,78.76,0,99.91,83.96,78.71,0,RING,LL128,32,RING,LL128,32,0,RING,A_flag_ceiling
reduce_scatter_perf,2,16,16777216,262144,float,sum,108.78,154.23,144.59,0,107.92,155.47,145.75,0,RING,LL128,32,RING,LL128,32,0,RING,A_flag_ceiling
reduce_scatter_perf,2,16,33554432,524288,float,sum,156.72,214.11,200.73,0,155.5,215.78,202.3,0,RING,LL128,32,RING,LL128,32,0,RING,A_flag_ceiling
reduce_scatter_perf,2,16,67108864,1048576,float,sum,291.86,229.93,215.56,0,289.64,231.7,217.22,0,RING,LL128,32,RING,LL128,32,0,RING,A_flag_ceiling
reduce_scatter_perf,2,16,134217728,2097152,float,sum,526.66,254.85,238.92,0,524.98,255.66,239.68,0,RING,LL128,32,RING,LL128,32,0,RING,A_flag_ceiling
reduce_scatter_perf,2,16,268435456,4194304,float,sum,1026.24,261.57,245.22,0,1024.99,261.89,245.52,0,RING,LL128,32,RING,LL128,32,0,RING,A_flag_ceiling
reduce_scatter_perf,2,16,536870912,8388608,float,sum,2004.15,267.88,251.14,0,2001.48,268.24,251.47,0,RING,LL128,32,RING,LL128,32,0,RING,A_flag_ceiling
reduce_scatter_perf,2,16,4096,64,float,sum,143.67,0.03,0.03,0,142.32,0.03,0.03,0,RING,SIMPLE,40,RING,SIMPLE,40,0,RING,A_flag_ceiling
reduce_scatter_perf,2,16,8192,128,float,sum,142.77,0.06,0.05,0,142.34,0.06,0.05,0,RING,SIMPLE,40,RING,SIMPLE,40,0,RING,A_flag_ceiling
reduce_scatter_perf,2,16,16384,256,float,sum,146.37,0.11,0.1,0,142.65,0.11,0.11,0,RING,SIMPLE,40,RING,SIMPLE,40,0,RING,A_flag_ceiling
reduce_scatter_perf,2,16,32768,512,float,sum,143.82,0.23,0.21,0,144.01,0.23,0.21,0,RING,SIMPLE,40,RING,SIMPLE,40,0,RING,A_flag_ceiling
reduce_scatter_perf,2,16,65536,1024,float,sum,144.39,0.45,0.43,0,144.22,0.45,0.43,0,RING,SIMPLE,40,RING,SIMPLE,40,0,RING,A_flag_ceiling
reduce_scatter_perf,2,16,131072,2048,float,sum,49.63,2.64,2.48,0,51.56,2.54,2.38,0,RING,SIMPLE,40,RING,SIMPLE,40,0,RING,A_flag_ceiling
reduce_scatter_perf,2,16,262144,4096,float,sum,50.15,5.23,4.9,0,51.27,5.11,4.79,0,RING,SIMPLE,40,RING,SIMPLE,40,0,RING,A_flag_ceiling
reduce_scatter_perf,2,16,524288,8192,float,sum,57.63,9.1,8.53,0,55.4,9.46,8.87,0,RING,SIMPLE,40,RING,SIMPLE,40,0,RING,A_flag_ceiling
reduce_scatter_perf,2,16,1048576,16384,float,sum,66.04,15.88,14.89,0,66.82,15.69,14.71,0,RING,SIMPLE,40,RING,SIMPLE,40,0,RING,A_flag_ceiling
reduce_scatter_perf,2,16,2097152,32768,float,sum,80.3,26.12,24.48,0,79.68,26.32,24.68,0,RING,SIMPLE,40,RING,SIMPLE,40,0,RING,A_flag_ceiling
reduce_scatter_perf,2,16,4194304,65536,float,sum,258.97,16.2,15.18,0,253.08,16.57,15.54,0,RING,SIMPLE,40,RING,SIMPLE,40,0,RING,A_flag_ceiling
reduce_scatter_perf,2,16,8388608,131072,float,sum,280.12,29.95,28.07,0,274.7,30.54,28.63,0,RING,SIMPLE,40,RING,SIMPLE,40,0,RING,A_flag_ceiling
reduce_scatter_perf,2,16,16777216,262144,float,sum,269.36,62.29,58.39,0,268.34,62.52,58.62,0,RING,SIMPLE,40,RING,SIMPLE,40,0,RING,A_flag_ceiling
reduce_scatter_perf,2,16,33554432,524288,float,sum,280.97,119.42,111.96,0,279.29,120.14,112.63,0,RING,SIMPLE,40,RING,SIMPLE,40,0,RING,A_flag_ceiling
reduce_scatter_perf,2,16,67108864,1048576,float,sum,307.54,218.21,204.58,0,306.93,218.64,204.98,0,RING,SIMPLE,40,RING,SIMPLE,40,0,RING,A_flag_ceiling
reduce_scatter_perf,2,16,134217728,2097152,float,sum,428.61,313.14,293.57,0,410.91,326.64,306.22,0,RING,SIMPLE,40,RING,SIMPLE,40,0,RING,A_flag_ceiling
reduce_scatter_perf,2,16,268435456,4194304,float,sum,732.79,366.32,343.42,0,710.67,377.72,354.11,0,RING,SIMPLE,40,RING,SIMPLE,40,0,RING,A_flag_ceiling
reduce_scatter_perf,2,16,536870912,8388608,float,sum,1397.83,384.08,360.07,0,1396.03,384.57,360.53,0,RING,SIMPLE,40,RING,SIMPLE,40,0,RING,A_flag_ceiling
reduce_scatter_perf,2,16,4096,64,float,sum,41.98,0.1,0.09,0,41.34,0.1,0.09,0,RING,LL,40,RING,LL,40,0,RING,A_flag_ceiling
reduce_scatter_perf,2,16,8192,128,float,sum,41.93,0.2,0.18,0,41.72,0.2,0.18,0,RING,LL,40,RING,LL,40,0,RING,A_flag_ceiling
reduce_scatter_perf,2,16,16384,256,float,sum,47.44,0.35,0.32,0,43.78,0.37,0.35,0,RING,LL,40,RING,LL,40,0,RING,A_flag_ceiling
reduce_scatter_perf,2,16,32768,512,float,sum,47.2,0.69,0.65,0,46.52,0.7,0.66,0,RING,LL,40,RING,LL,40,0,RING,A_flag_ceiling
reduce_scatter_perf,2,16,65536,1024,float,sum,54.25,1.21,1.13,0,53.67,1.22,1.14,0,RING,LL,40,RING,LL,40,0,RING,A_flag_ceiling
reduce_scatter_perf,2,16,131072,2048,float,sum,53.39,2.46,2.3,0,51.25,2.56,2.4,0,RING,LL,40,RING,LL,40,0,RING,A_flag_ceiling
reduce_scatter_perf,2,16,262144,4096,float,sum,50.29,5.21,4.89,0,107.84,2.43,2.28,0,RING,LL,40,RING,LL,40,0,RING,A_flag_ceiling
reduce_scatter_perf,2,16,524288,8192,float,sum,55.58,9.43,8.84,0,55.23,9.49,8.9,0,RING,LL,40,RING,LL,40,0,RING,A_flag_ceiling
reduce_scatter_perf,2,16,1048576,16384,float,sum,67.27,15.59,14.61,0,66.99,15.65,14.67,0,RING,LL,40,RING,LL,40,0,RING,A_flag_ceiling
reduce_scatter_perf,2,16,2097152,32768,float,sum,79.59,26.35,24.7,0,80.13,26.17,24.54,0,RING,LL,40,RING,LL,40,0,RING,A_flag_ceiling
reduce_scatter_perf,2,16,4194304,65536,float,sum,185.38,22.63,21.21,0,185.14,22.66,21.24,0,RING,LL,40,RING,LL,40,0,RING,A_flag_ceiling
reduce_scatter_perf,2,16,8388608,131072,float,sum,247.99,33.83,31.71,0,237.74,35.28,33.08,0,RING,LL,40,RING,LL,40,0,RING,A_flag_ceiling
reduce_scatter_perf,2,16,16777216,262144,float,sum,503.49,33.32,31.24,0,469.32,35.75,33.51,0,RING,LL,40,RING,LL,40,0,RING,A_flag_ceiling
reduce_scatter_perf,2,16,33554432,524288,float,sum,905.96,37.04,34.72,0,900.49,37.26,34.93,0,RING,LL,40,RING,LL,40,0,RING,A_flag_ceiling
reduce_scatter_perf,2,16,67108864,1048576,float,sum,1704.07,39.38,36.92,0,1711.62,39.21,36.76,0,RING,LL,40,RING,LL,40,0,RING,A_flag_ceiling
reduce_scatter_perf,2,16,134217728,2097152,float,sum,3276.36,40.97,38.41,0,3267.72,41.07,38.51,0,RING,LL,40,RING,LL,40,0,RING,A_flag_ceiling
reduce_scatter_perf,2,16,268435456,4194304,float,sum,6187.38,43.38,40.67,0,6154.7,43.61,40.89,0,RING,LL,40,RING,LL,40,0,RING,A_flag_ceiling
reduce_scatter_perf,2,16,536870912,8388608,float,sum,12249.6,43.83,41.09,0,12369.9,43.4,40.69,0,RING,LL,40,RING,LL,40,0,RING,A_flag_ceiling
reduce_scatter_perf,2,16,4096,64,float,sum,51.2,0.08,0.07,0,50.13,0.08,0.08,0,RING,LL128,40,RING,LL128,40,0,RING,A_flag_ceiling
reduce_scatter_perf,2,16,8192,128,float,sum,51.42,0.16,0.15,0,50.36,0.16,0.15,0,RING,LL128,40,RING,LL128,40,0,RING,A_flag_ceiling
reduce_scatter_perf,2,16,16384,256,float,sum,54.79,0.3,0.28,0,50.02,0.33,0.31,0,RING,LL128,40,RING,LL128,40,0,RING,A_flag_ceiling
reduce_scatter_perf,2,16,32768,512,float,sum,50.75,0.65,0.61,0,50.34,0.65,0.61,0,RING,LL128,40,RING,LL128,40,0,RING,A_flag_ceiling
reduce_scatter_perf,2,16,65536,1024,float,sum,54.1,1.21,1.14,0,53.2,1.23,1.15,0,RING,LL128,40,RING,LL128,40,0,RING,A_flag_ceiling
reduce_scatter_perf,2,16,131072,2048,float,sum,52.68,2.49,2.33,0,52.21,2.51,2.35,0,RING,LL128,40,RING,LL128,40,0,RING,A_flag_ceiling
reduce_scatter_perf,2,16,262144,4096,float,sum,50.4,5.2,4.88,0,51.37,5.1,4.78,0,RING,LL128,40,RING,LL128,40,0,RING,A_flag_ceiling
reduce_scatter_perf,2,16,524288,8192,float,sum,55.88,9.38,8.8,0,56.51,9.28,8.7,0,RING,LL128,40,RING,LL128,40,0,RING,A_flag_ceiling
reduce_scatter_perf,2,16,1048576,16384,float,sum,70.44,14.89,13.95,0,66.07,15.87,14.88,0,RING,LL128,40,RING,LL128,40,0,RING,A_flag_ceiling
reduce_scatter_perf,2,16,2097152,32768,float,sum,80.06,26.19,24.56,0,80.03,26.2,24.57,0,RING,LL128,40,RING,LL128,40,0,RING,A_flag_ceiling
reduce_scatter_perf,2,16,4194304,65536,float,sum,106.02,39.56,37.09,0,101.72,41.23,38.66,0,RING,LL128,40,RING,LL128,40,0,RING,A_flag_ceiling
reduce_scatter_perf,2,16,8388608,131072,float,sum,110.82,75.7,70.96,0,109.3,76.75,71.95,0,RING,LL128,40,RING,LL128,40,0,RING,A_flag_ceiling
reduce_scatter_perf,2,16,16777216,262144,float,sum,3009.09,5.58,5.23,0,119.29,140.64,131.85,0,RING,LL128,40,RING,LL128,40,0,RING,A_flag_ceiling
reduce_scatter_perf,2,16,33554432,524288,float,sum,143.27,234.21,219.57,0,154.97,216.52,202.99,0,RING,LL128,40,RING,LL128,40,0,RING,A_flag_ceiling
reduce_scatter_perf,2,16,67108864,1048576,float,sum,305.88,219.39,205.68,0,305.25,219.85,206.1,0,RING,LL128,40,RING,LL128,40,0,RING,A_flag_ceiling
reduce_scatter_perf,2,16,134217728,2097152,float,sum,510.14,263.1,246.65,0,508.53,263.93,247.43,0,RING,LL128,40,RING,LL128,40,0,RING,A_flag_ceiling
reduce_scatter_perf,2,16,268435456,4194304,float,sum,922.88,290.87,272.69,0,919.0,292.09,273.84,0,RING,LL128,40,RING,LL128,40,0,RING,A_flag_ceiling
reduce_scatter_perf,2,16,536870912,8388608,float,sum,1775.19,302.43,283.53,0,1773.99,302.64,283.72,0,RING,LL128,40,RING,LL128,40,0,RING,A_flag_ceiling
reduce_scatter_perf,2,16,4096,64,float,sum,144.11,0.03,0.03,0,143.13,0.03,0.03,0,RING,SIMPLE,48,RING,SIMPLE,48,0,RING,A_flag_ceiling
reduce_scatter_perf,2,16,8192,128,float,sum,142.71,0.06,0.05,0,142.69,0.06,0.05,0,RING,SIMPLE,48,RING,SIMPLE,48,0,RING,A_flag_ceiling
reduce_scatter_perf,2,16,16384,256,float,sum,145.01,0.11,0.11,0,142.77,0.11,0.11,0,RING,SIMPLE,48,RING,SIMPLE,48,0,RING,A_flag_ceiling
reduce_scatter_perf,2,16,32768,512,float,sum,143.99,0.23,0.21,0,143.26,0.23,0.21,0,RING,SIMPLE,48,RING,SIMPLE,48,0,RING,A_flag_ceiling
reduce_scatter_perf,2,16,65536,1024,float,sum,144.09,0.45,0.43,0,143.36,0.46,0.43,0,RING,SIMPLE,48,RING,SIMPLE,48,0,RING,A_flag_ceiling
reduce_scatter_perf,2,16,131072,2048,float,sum,50.04,2.62,2.46,0,51.49,2.55,2.39,0,RING,SIMPLE,48,RING,SIMPLE,48,0,RING,A_flag_ceiling
reduce_scatter_perf,2,16,262144,4096,float,sum,51.88,5.05,4.74,0,50.38,5.2,4.88,0,RING,SIMPLE,48,RING,SIMPLE,48,0,RING,A_flag_ceiling
reduce_scatter_perf,2,16,524288,8192,float,sum,55.29,9.48,8.89,0,55.25,9.49,8.9,0,RING,SIMPLE,48,RING,SIMPLE,48,0,RING,A_flag_ceiling
reduce_scatter_perf,2,16,1048576,16384,float,sum,66.07,15.87,14.88,0,65.58,15.99,14.99,0,RING,SIMPLE,48,RING,SIMPLE,48,0,RING,A_flag_ceiling
reduce_scatter_perf,2,16,2097152,32768,float,sum,93.06,22.53,21.13,0,92.28,22.73,21.31,0,RING,SIMPLE,48,RING,SIMPLE,48,0,RING,A_flag_ceiling
reduce_scatter_perf,2,16,4194304,65536,float,sum,297.29,14.11,13.23,0,286.83,14.62,13.71,0,RING,SIMPLE,48,RING,SIMPLE,48,0,RING,A_flag_ceiling
reduce_scatter_perf,2,16,8388608,131072,float,sum,304.64,27.54,25.82,0,295.68,28.37,26.6,0,RING,SIMPLE,48,RING,SIMPLE,48,0,RING,A_flag_ceiling
reduce_scatter_perf,2,16,16777216,262144,float,sum,300.16,55.89,52.4,0,297.72,56.35,52.83,0,RING,SIMPLE,48,RING,SIMPLE,48,0,RING,A_flag_ceiling
reduce_scatter_perf,2,16,33554432,524288,float,sum,316.82,105.91,99.29,0,314.25,106.77,100.1,0,RING,SIMPLE,48,RING,SIMPLE,48,0,RING,A_flag_ceiling
reduce_scatter_perf,2,16,67108864,1048576,float,sum,331.08,202.7,190.03,0,329.68,203.56,190.84,0,RING,SIMPLE,48,RING,SIMPLE,48,0,RING,A_flag_ceiling
reduce_scatter_perf,2,16,134217728,2097152,float,sum,426.06,315.02,295.33,0,420.35,319.3,299.34,0,RING,SIMPLE,48,RING,SIMPLE,48,0,RING,A_flag_ceiling
reduce_scatter_perf,2,16,268435456,4194304,float,sum,717.58,374.09,350.71,0,715.22,375.32,351.86,0,RING,SIMPLE,48,RING,SIMPLE,48,0,RING,A_flag_ceiling
reduce_scatter_perf,2,16,536870912,8388608,float,sum,1391.4,385.85,361.73,0,1389.67,386.33,362.18,0,RING,SIMPLE,48,RING,SIMPLE,48,0,RING,A_flag_ceiling
reduce_scatter_perf,2,16,4096,64,float,sum,42.51,0.1,0.09,0,41.61,0.1,0.09,0,RING,LL,48,RING,LL,48,0,RING,A_flag_ceiling
reduce_scatter_perf,2,16,8192,128,float,sum,42.14,0.19,0.18,0,42.0,0.2,0.18,0,RING,LL,48,RING,LL,48,0,RING,A_flag_ceiling
reduce_scatter_perf,2,16,16384,256,float,sum,46.75,0.35,0.33,0,43.47,0.38,0.35,0,RING,LL,48,RING,LL,48,0,RING,A_flag_ceiling
reduce_scatter_perf,2,16,32768,512,float,sum,54.13,0.61,0.57,0,47.04,0.7,0.65,0,RING,LL,48,RING,LL,48,0,RING,A_flag_ceiling
reduce_scatter_perf,2,16,65536,1024,float,sum,53.82,1.22,1.14,0,52.89,1.24,1.16,0,RING,LL,48,RING,LL,48,0,RING,A_flag_ceiling
reduce_scatter_perf,2,16,131072,2048,float,sum,49.88,2.63,2.46,0,50.91,2.57,2.41,0,RING,LL,48,RING,LL,48,0,RING,A_flag_ceiling
reduce_scatter_perf,2,16,262144,4096,float,sum,49.95,5.25,4.92,0,50.06,5.24,4.91,0,RING,LL,48,RING,LL,48,0,RING,A_flag_ceiling
reduce_scatter_perf,2,16,524288,8192,float,sum,56.29,9.31,8.73,0,56.2,9.33,8.75,0,RING,LL,48,RING,LL,48,0,RING,A_flag_ceiling
reduce_scatter_perf,2,16,1048576,16384,float,sum,66.61,15.74,14.76,0,67.13,15.62,14.64,0,RING,LL,48,RING,LL,48,0,RING,A_flag_ceiling
reduce_scatter_perf,2,16,2097152,32768,float,sum,80.51,26.05,24.42,0,80.84,25.94,24.32,0,RING,LL,48,RING,LL,48,0,RING,A_flag_ceiling
reduce_scatter_perf,2,16,4194304,65536,float,sum,202.31,20.73,19.44,0,202.29,20.73,19.44,0,RING,LL,48,RING,LL,48,0,RING,A_flag_ceiling
reduce_scatter_perf,2,16,8388608,131072,float,sum,252.41,33.23,31.16,0,251.89,33.3,31.22,0,RING,LL,48,RING,LL,48,0,RING,A_flag_ceiling
reduce_scatter_perf,2,16,16777216,262144,float,sum,477.44,35.14,32.94,0,474.63,35.35,33.14,0,RING,LL,48,RING,LL,48,0,RING,A_flag_ceiling
reduce_scatter_perf,2,16,33554432,524288,float,sum,819.37,40.95,38.39,0,821.59,40.84,38.29,0,RING,LL,48,RING,LL,48,0,RING,A_flag_ceiling
reduce_scatter_perf,2,16,67108864,1048576,float,sum,1612.4,41.62,39.02,0,1610.12,41.68,39.07,0,RING,LL,48,RING,LL,48,0,RING,A_flag_ceiling
reduce_scatter_perf,2,16,134217728,2097152,float,sum,3032.76,44.26,41.49,0,3052.75,43.97,41.22,0,RING,LL,48,RING,LL,48,0,RING,A_flag_ceiling
reduce_scatter_perf,2,16,268435456,4194304,float,sum,6075.07,44.19,41.42,0,6063.79,44.27,41.5,0,RING,LL,48,RING,LL,48,0,RING,A_flag_ceiling
reduce_scatter_perf,2,16,536870912,8388608,float,sum,11931.7,45.0,42.18,0,11920.4,45.04,42.22,0,RING,LL,48,RING,LL,48,0,RING,A_flag_ceiling
reduce_scatter_perf,2,16,4096,64,float,sum,50.85,0.08,0.08,0,53.98,0.08,0.07,0,RING,LL128,48,RING,LL128,48,0,RING,A_flag_ceiling
reduce_scatter_perf,2,16,8192,128,float,sum,50.43,0.16,0.15,0,50.6,0.16,0.15,0,RING,LL128,48,RING,LL128,48,0,RING,A_flag_ceiling
reduce_scatter_perf,2,16,16384,256,float,sum,52.92,0.31,0.29,0,49.78,0.33,0.31,0,RING,LL128,48,RING,LL128,48,0,RING,A_flag_ceiling
reduce_scatter_perf,2,16,32768,512,float,sum,53.98,0.61,0.57,0,50.32,0.65,0.61,0,RING,LL128,48,RING,LL128,48,0,RING,A_flag_ceiling
reduce_scatter_perf,2,16,65536,1024,float,sum,53.24,1.23,1.15,0,52.64,1.24,1.17,0,RING,LL128,48,RING,LL128,48,0,RING,A_flag_ceiling
reduce_scatter_perf,2,16,131072,2048,float,sum,50.02,2.62,2.46,0,50.98,2.57,2.41,0,RING,LL128,48,RING,LL128,48,0,RING,A_flag_ceiling
reduce_scatter_perf,2,16,262144,4096,float,sum,51.25,5.12,4.8,0,51.02,5.14,4.82,0,RING,LL128,48,RING,LL128,48,0,RING,A_flag_ceiling
reduce_scatter_perf,2,16,524288,8192,float,sum,55.49,9.45,8.86,0,55.61,9.43,8.84,0,RING,LL128,48,RING,LL128,48,0,RING,A_flag_ceiling
reduce_scatter_perf,2,16,1048576,16384,float,sum,66.48,15.77,14.79,0,69.74,15.04,14.1,0,RING,LL128,48,RING,LL128,48,0,RING,A_flag_ceiling
reduce_scatter_perf,2,16,2097152,32768,float,sum,81.77,25.65,24.04,0,81.8,25.64,24.03,0,RING,LL128,48,RING,LL128,48,0,RING,A_flag_ceiling
reduce_scatter_perf,2,16,4194304,65536,float,sum,124.58,33.67,31.56,0,121.95,34.39,32.25,0,RING,LL128,48,RING,LL128,48,0,RING,A_flag_ceiling
reduce_scatter_perf,2,16,8388608,131072,float,sum,126.5,66.31,62.17,0,123.37,67.99,63.74,0,RING,LL128,48,RING,LL128,48,0,RING,A_flag_ceiling
reduce_scatter_perf,2,16,16777216,262144,float,sum,130.39,128.67,120.63,0,128.7,130.35,122.21,0,RING,LL128,48,RING,LL128,48,0,RING,A_flag_ceiling
reduce_scatter_perf,2,16,33554432,524288,float,sum,147.61,227.32,213.11,0,149.42,224.57,210.53,0,RING,LL128,48,RING,LL128,48,0,RING,A_flag_ceiling
reduce_scatter_perf,2,16,67108864,1048576,float,sum,235.07,285.48,267.64,0,233.62,287.25,269.3,0,RING,LL128,48,RING,LL128,48,0,RING,A_flag_ceiling
reduce_scatter_perf,2,16,134217728,2097152,float,sum,432.92,310.03,290.66,0,430.37,311.87,292.38,0,RING,LL128,48,RING,LL128,48,0,RING,A_flag_ceiling
reduce_scatter_perf,2,16,268435456,4194304,float,sum,847.12,316.88,297.08,0,839.38,319.8,299.81,0,RING,LL128,48,RING,LL128,48,0,RING,A_flag_ceiling
reduce_scatter_perf,2,16,536870912,8388608,float,sum,1644.8,326.4,306.0,0,1643.25,326.71,306.29,0,RING,LL128,48,RING,LL128,48,0,RING,A_flag_ceiling
