collective,num_nodes,num_gpus,size_bytes,count,data_type,redop,time_oop_us,algbw_oop,busbw_oop,errors_oop,time_ip_us,algbw_ip,busbw_ip,errors_ip,algo,proto,nchannels,requested_algo,requested_proto,requested_nchannels,substituted,measured_algo_raw,nchannels_source
reduce_scatter_perf,3,24,3840,40,float,sum,268.69,0.01,0.01,0,268.37,0.01,0.01,0,RING,SIMPLE,1,RING,SIMPLE,1,0,RING,A_flag_ceiling
reduce_scatter_perf,3,24,8064,84,float,sum,268.52,0.03,0.03,0,267.99,0.03,0.03,0,RING,SIMPLE,1,RING,SIMPLE,1,0,RING,A_flag_ceiling
reduce_scatter_perf,3,24,16128,168,float,sum,270.45,0.06,0.06,0,268.52,0.06,0.06,0,RING,SIMPLE,1,RING,SIMPLE,1,0,RING,A_flag_ceiling
reduce_scatter_perf,3,24,32640,340,float,sum,270.33,0.12,0.12,0,268.74,0.12,0.12,0,RING,SIMPLE,1,RING,SIMPLE,1,0,RING,A_flag_ceiling
reduce_scatter_perf,3,24,65280,680,float,sum,274.06,0.24,0.23,0,272.8,0.24,0.23,0,RING,SIMPLE,1,RING,SIMPLE,1,0,RING,A_flag_ceiling
reduce_scatter_perf,3,24,130944,1364,float,sum,276.45,0.47,0.45,0,276.66,0.47,0.45,0,RING,SIMPLE,1,RING,SIMPLE,1,0,RING,A_flag_ceiling
reduce_scatter_perf,3,24,261888,2728,float,sum,286.28,0.91,0.88,0,287.58,0.91,0.87,0,RING,SIMPLE,1,RING,SIMPLE,1,0,RING,A_flag_ceiling
reduce_scatter_perf,3,24,524160,5460,float,sum,302.13,1.73,1.66,0,299.75,1.75,1.68,0,RING,SIMPLE,1,RING,SIMPLE,1,0,RING,A_flag_ceiling
reduce_scatter_perf,3,24,1048320,10920,float,sum,313.56,3.34,3.2,0,312.05,3.36,3.22,0,RING,SIMPLE,1,RING,SIMPLE,1,0,RING,A_flag_ceiling
reduce_scatter_perf,3,24,2097024,21844,float,sum,376.28,5.57,5.34,0,370.99,5.65,5.42,0,RING,SIMPLE,1,RING,SIMPLE,1,0,RING,A_flag_ceiling
reduce_scatter_perf,3,24,4194048,43688,float,sum,515.09,8.14,7.8,0,504.42,8.31,7.97,0,RING,SIMPLE,1,RING,SIMPLE,1,0,RING,A_flag_ceiling
reduce_scatter_perf,3,24,8388480,87380,float,sum,847.2,9.9,9.49,0,809.52,10.36,9.93,0,RING,SIMPLE,1,RING,SIMPLE,1,0,RING,A_flag_ceiling
reduce_scatter_perf,3,24,16776960,174760,float,sum,1171.97,14.32,13.72,0,1110.08,15.11,14.48,0,RING,SIMPLE,1,RING,SIMPLE,1,0,RING,A_flag_ceiling
reduce_scatter_perf,3,24,33554304,349524,float,sum,2191.71,15.31,14.67,0,2096.04,16.01,15.34,0,RING,SIMPLE,1,RING,SIMPLE,1,0,RING,A_flag_ceiling
reduce_scatter_perf,3,24,67108608,699048,float,sum,4355.82,15.41,14.76,0,4176.82,16.07,15.4,0,RING,SIMPLE,1,RING,SIMPLE,1,0,RING,A_flag_ceiling
reduce_scatter_perf,3,24,134217600,1398100,float,sum,8567.09,15.67,15.01,0,8283.7,16.2,15.53,0,RING,SIMPLE,1,RING,SIMPLE,1,0,RING,A_flag_ceiling
reduce_scatter_perf,3,24,268435200,2796200,float,sum,17150.9,15.65,15.0,0,16562.3,16.21,15.53,0,RING,SIMPLE,1,RING,SIMPLE,1,0,RING,A_flag_ceiling
reduce_scatter_perf,3,24,536870784,5592404,float,sum,34177.5,15.71,15.05,0,33552.6,16.0,15.33,0,RING,SIMPLE,1,RING,SIMPLE,1,0,RING,A_flag_ceiling
reduce_scatter_perf,3,24,3840,40,float,sum,78.4,0.05,0.05,0,77.5,0.05,0.05,0,RING,LL,1,RING,LL,1,0,RING,A_flag_ceiling
reduce_scatter_perf,3,24,8064,84,float,sum,79.12,0.1,0.1,0,77.59,0.1,0.1,0,RING,LL,1,RING,LL,1,0,RING,A_flag_ceiling
reduce_scatter_perf,3,24,16128,168,float,sum,78.97,0.2,0.2,0,78.3,0.21,0.2,0,RING,LL,1,RING,LL,1,0,RING,A_flag_ceiling
reduce_scatter_perf,3,24,32640,340,float,sum,80.12,0.41,0.39,0,79.59,0.41,0.39,0,RING,LL,1,RING,LL,1,0,RING,A_flag_ceiling
reduce_scatter_perf,3,24,65280,680,float,sum,89.14,0.73,0.7,0,87.55,0.75,0.71,0,RING,LL,1,RING,LL,1,0,RING,A_flag_ceiling
reduce_scatter_perf,3,24,130944,1364,float,sum,99.62,1.31,1.26,0,97.42,1.34,1.29,0,RING,LL,1,RING,LL,1,0,RING,A_flag_ceiling
reduce_scatter_perf,3,24,261888,2728,float,sum,145.04,1.81,1.73,0,143.48,1.83,1.75,0,RING,LL,1,RING,LL,1,0,RING,A_flag_ceiling
reduce_scatter_perf,3,24,524160,5460,float,sum,261.5,2.0,1.92,0,257.93,2.03,1.95,0,RING,LL,1,RING,LL,1,0,RING,A_flag_ceiling
reduce_scatter_perf,3,24,1048320,10920,float,sum,476.88,2.2,2.11,0,471.95,2.22,2.13,0,RING,LL,1,RING,LL,1,0,RING,A_flag_ceiling
reduce_scatter_perf,3,24,2097024,21844,float,sum,922.82,2.27,2.18,0,923.63,2.27,2.18,0,RING,LL,1,RING,LL,1,0,RING,A_flag_ceiling
reduce_scatter_perf,3,24,4194048,43688,float,sum,1799.34,2.33,2.23,0,1800.58,2.33,2.23,0,RING,LL,1,RING,LL,1,0,RING,A_flag_ceiling
reduce_scatter_perf,3,24,8388480,87380,float,sum,3594.62,2.33,2.24,0,3602.41,2.33,2.23,0,RING,LL,1,RING,LL,1,0,RING,A_flag_ceiling
reduce_scatter_perf,3,24,16776960,174760,float,sum,7173.18,2.34,2.24,0,7202.74,2.33,2.23,0,RING,LL,1,RING,LL,1,0,RING,A_flag_ceiling
reduce_scatter_perf,3,24,33554304,349524,float,sum,14360.5,2.34,2.24,0,14383.5,2.33,2.24,0,RING,LL,1,RING,LL,1,0,RING,A_flag_ceiling
reduce_scatter_perf,3,24,67108608,699048,float,sum,28614.0,2.35,2.25,0,28773.5,2.33,2.24,0,RING,LL,1,RING,LL,1,0,RING,A_flag_ceiling
reduce_scatter_perf,3,24,134217600,1398100,float,sum,57317.2,2.34,2.24,0,57549.0,2.33,2.24,0,RING,LL,1,RING,LL,1,0,RING,A_flag_ceiling
reduce_scatter_perf,3,24,268435200,2796200,float,sum,114552.0,2.34,2.25,0,115151.0,2.33,2.23,0,RING,LL,1,RING,LL,1,0,RING,A_flag_ceiling
reduce_scatter_perf,3,24,536870784,5592404,float,sum,228855.0,2.35,2.25,0,229990.0,2.33,2.24,0,RING,LL,1,RING,LL,1,0,RING,A_flag_ceiling
reduce_scatter_perf,3,24,3840,40,float,sum,89.22,0.04,0.04,0,85.21,0.05,0.04,0,RING,LL128,1,RING,LL128,1,0,RING,A_flag_ceiling
reduce_scatter_perf,3,24,8064,84,float,sum,89.01,0.09,0.09,0,84.79,0.1,0.09,0,RING,LL128,1,RING,LL128,1,0,RING,A_flag_ceiling
reduce_scatter_perf,3,24,16128,168,float,sum,85.06,0.19,0.18,0,84.93,0.19,0.18,0,RING,LL128,1,RING,LL128,1,0,RING,A_flag_ceiling
reduce_scatter_perf,3,24,32640,340,float,sum,85.34,0.38,0.37,0,84.76,0.39,0.37,0,RING,LL128,1,RING,LL128,1,0,RING,A_flag_ceiling
reduce_scatter_perf,3,24,65280,680,float,sum,86.09,0.76,0.73,0,84.99,0.77,0.74,0,RING,LL128,1,RING,LL128,1,0,RING,A_flag_ceiling
reduce_scatter_perf,3,24,130944,1364,float,sum,87.94,1.49,1.43,0,87.77,1.49,1.43,0,RING,LL128,1,RING,LL128,1,0,RING,A_flag_ceiling
reduce_scatter_perf,3,24,261888,2728,float,sum,92.86,2.82,2.7,0,91.84,2.85,2.73,0,RING,LL128,1,RING,LL128,1,0,RING,A_flag_ceiling
reduce_scatter_perf,3,24,524160,5460,float,sum,114.34,4.58,4.39,0,110.9,4.73,4.53,0,RING,LL128,1,RING,LL128,1,0,RING,A_flag_ceiling
reduce_scatter_perf,3,24,1048320,10920,float,sum,173.46,6.04,5.79,0,168.09,6.24,5.98,0,RING,LL128,1,RING,LL128,1,0,RING,A_flag_ceiling
reduce_scatter_perf,3,24,2097024,21844,float,sum,275.79,7.6,7.29,0,273.05,7.68,7.36,0,RING,LL128,1,RING,LL128,1,0,RING,A_flag_ceiling
reduce_scatter_perf,3,24,4194048,43688,float,sum,517.49,8.1,7.77,0,510.76,8.21,7.87,0,RING,LL128,1,RING,LL128,1,0,RING,A_flag_ceiling
reduce_scatter_perf,3,24,8388480,87380,float,sum,991.36,8.46,8.11,0,990.27,8.47,8.12,0,RING,LL128,1,RING,LL128,1,0,RING,A_flag_ceiling
reduce_scatter_perf,3,24,16776960,174760,float,sum,1741.47,9.63,9.23,0,1727.13,9.71,9.31,0,RING,LL128,1,RING,LL128,1,0,RING,A_flag_ceiling
reduce_scatter_perf,3,24,33554304,349524,float,sum,3481.52,9.64,9.24,0,3455.82,9.71,9.3,0,RING,LL128,1,RING,LL128,1,0,RING,A_flag_ceiling
reduce_scatter_perf,3,24,67108608,699048,float,sum,6916.69,9.7,9.3,0,6863.7,9.78,9.37,0,RING,LL128,1,RING,LL128,1,0,RING,A_flag_ceiling
reduce_scatter_perf,3,24,134217600,1398100,float,sum,13687.0,9.81,9.4,0,13665.4,9.82,9.41,0,RING,LL128,1,RING,LL128,1,0,RING,A_flag_ceiling
reduce_scatter_perf,3,24,268435200,2796200,float,sum,27306.7,9.83,9.42,0,27249.1,9.85,9.44,0,RING,LL128,1,RING,LL128,1,0,RING,A_flag_ceiling
reduce_scatter_perf,3,24,536870784,5592404,float,sum,54729.2,9.81,9.4,0,54482.1,9.85,9.44,0,RING,LL128,1,RING,LL128,1,0,RING,A_flag_ceiling
reduce_scatter_perf,3,24,3840,40,float,sum,270.43,0.01,0.01,0,269.58,0.01,0.01,0,RING,SIMPLE,2,RING,SIMPLE,2,0,RING,A_flag_ceiling
reduce_scatter_perf,3,24,8064,84,float,sum,269.28,0.03,0.03,0,267.8,0.03,0.03,0,RING,SIMPLE,2,RING,SIMPLE,2,0,RING,A_flag_ceiling
reduce_scatter_perf,3,24,16128,168,float,sum,269.39,0.06,0.06,0,269.84,0.06,0.06,0,RING,SIMPLE,2,RING,SIMPLE,2,0,RING,A_flag_ceiling
reduce_scatter_perf,3,24,32640,340,float,sum,273.09,0.12,0.11,0,274.21,0.12,0.11,0,RING,SIMPLE,2,RING,SIMPLE,2,0,RING,A_flag_ceiling
reduce_scatter_perf,3,24,65280,680,float,sum,275.6,0.24,0.23,0,275.1,0.24,0.23,0,RING,SIMPLE,2,RING,SIMPLE,2,0,RING,A_flag_ceiling
reduce_scatter_perf,3,24,130944,1364,float,sum,276.91,0.47,0.45,0,277.9,0.47,0.45,0,RING,SIMPLE,2,RING,SIMPLE,2,0,RING,A_flag_ceiling
reduce_scatter_perf,3,24,261888,2728,float,sum,280.47,0.93,0.89,0,279.63,0.94,0.9,0,RING,SIMPLE,2,RING,SIMPLE,2,0,RING,A_flag_ceiling
reduce_scatter_perf,3,24,524160,5460,float,sum,289.01,1.81,1.74,0,289.88,1.81,1.73,0,RING,SIMPLE,2,RING,SIMPLE,2,0,RING,A_flag_ceiling
reduce_scatter_perf,3,24,1048320,10920,float,sum,303.14,3.46,3.31,0,301.21,3.48,3.34,0,RING,SIMPLE,2,RING,SIMPLE,2,0,RING,A_flag_ceiling
reduce_scatter_perf,3,24,2097024,21844,float,sum,314.23,6.67,6.4,0,315.4,6.65,6.37,0,RING,SIMPLE,2,RING,SIMPLE,2,0,RING,A_flag_ceiling
reduce_scatter_perf,3,24,4194048,43688,float,sum,377.37,11.11,10.65,0,373.99,11.21,10.75,0,RING,SIMPLE,2,RING,SIMPLE,2,0,RING,A_flag_ceiling
reduce_scatter_perf,3,24,8388480,87380,float,sum,518.79,16.17,15.5,0,510.78,16.42,15.74,0,RING,SIMPLE,2,RING,SIMPLE,2,0,RING,A_flag_ceiling
reduce_scatter_perf,3,24,16776960,174760,float,sum,653.81,25.66,24.59,0,626.22,26.79,25.67,0,RING,SIMPLE,2,RING,SIMPLE,2,0,RING,A_flag_ceiling
reduce_scatter_perf,3,24,33554304,349524,float,sum,1185.44,28.31,27.13,0,1130.6,29.68,28.44,0,RING,SIMPLE,2,RING,SIMPLE,2,0,RING,A_flag_ceiling
reduce_scatter_perf,3,24,67108608,699048,float,sum,2219.96,30.23,28.97,0,2093.07,32.06,30.73,0,RING,SIMPLE,2,RING,SIMPLE,2,0,RING,A_flag_ceiling
reduce_scatter_perf,3,24,134217600,1398100,float,sum,4372.68,30.69,29.42,0,4194.57,32.0,30.66,0,RING,SIMPLE,2,RING,SIMPLE,2,0,RING,A_flag_ceiling
reduce_scatter_perf,3,24,268435200,2796200,float,sum,8540.78,31.43,30.12,0,8300.98,32.34,30.99,0,RING,SIMPLE,2,RING,SIMPLE,2,0,RING,A_flag_ceiling
reduce_scatter_perf,3,24,536870784,5592404,float,sum,17186.6,31.24,29.94,0,16812.0,31.93,30.6,0,RING,SIMPLE,2,RING,SIMPLE,2,0,RING,A_flag_ceiling
reduce_scatter_perf,3,24,3840,40,float,sum,77.87,0.05,0.05,0,77.71,0.05,0.05,0,RING,LL,2,RING,LL,2,0,RING,A_flag_ceiling
reduce_scatter_perf,3,24,8064,84,float,sum,78.82,0.1,0.1,0,78.9,0.1,0.1,0,RING,LL,2,RING,LL,2,0,RING,A_flag_ceiling
reduce_scatter_perf,3,24,16128,168,float,sum,162.72,0.1,0.09,0,78.73,0.2,0.2,0,RING,LL,2,RING,LL,2,0,RING,A_flag_ceiling
reduce_scatter_perf,3,24,32640,340,float,sum,79.83,0.41,0.39,0,80.5,0.41,0.39,0,RING,LL,2,RING,LL,2,0,RING,A_flag_ceiling
reduce_scatter_perf,3,24,65280,680,float,sum,81.31,0.8,0.77,0,80.84,0.81,0.77,0,RING,LL,2,RING,LL,2,0,RING,A_flag_ceiling
reduce_scatter_perf,3,24,130944,1364,float,sum,90.76,1.44,1.38,0,88.96,1.47,1.41,0,RING,LL,2,RING,LL,2,0,RING,A_flag_ceiling
reduce_scatter_perf,3,24,261888,2728,float,sum,100.1,2.62,2.51,0,99.73,2.63,2.52,0,RING,LL,2,RING,LL,2,0,RING,A_flag_ceiling
reduce_scatter_perf,3,24,524160,5460,float,sum,147.24,3.56,3.41,0,145.46,3.6,3.45,0,RING,LL,2,RING,LL,2,0,RING,A_flag_ceiling
reduce_scatter_perf,3,24,1048320,10920,float,sum,264.58,3.96,3.8,0,258.89,4.05,3.88,0,RING,LL,2,RING,LL,2,0,RING,A_flag_ceiling
reduce_scatter_perf,3,24,2097024,21844,float,sum,477.86,4.39,4.21,0,476.57,4.4,4.22,0,RING,LL,2,RING,LL,2,0,RING,A_flag_ceiling
reduce_scatter_perf,3,24,4194048,43688,float,sum,958.88,4.37,4.19,0,923.18,4.54,4.35,0,RING,LL,2,RING,LL,2,0,RING,A_flag_ceiling
reduce_scatter_perf,3,24,8388480,87380,float,sum,1810.28,4.63,4.44,0,1812.27,4.63,4.44,0,RING,LL,2,RING,LL,2,0,RING,A_flag_ceiling
reduce_scatter_perf,3,24,16776960,174760,float,sum,3590.51,4.67,4.48,0,3605.18,4.65,4.46,0,RING,LL,2,RING,LL,2,0,RING,A_flag_ceiling
reduce_scatter_perf,3,24,33554304,349524,float,sum,7143.06,4.7,4.5,0,7199.18,4.66,4.47,0,RING,LL,2,RING,LL,2,0,RING,A_flag_ceiling
reduce_scatter_perf,3,24,67108608,699048,float,sum,14316.5,4.69,4.49,0,14399.1,4.66,4.47,0,RING,LL,2,RING,LL,2,0,RING,A_flag_ceiling
reduce_scatter_perf,3,24,134217600,1398100,float,sum,28575.5,4.7,4.5,0,28792.2,4.66,4.47,0,RING,LL,2,RING,LL,2,0,RING,A_flag_ceiling
reduce_scatter_perf,3,24,268435200,2796200,float,sum,57309.4,4.68,4.49,0,57819.8,4.64,4.45,0,RING,LL,2,RING,LL,2,0,RING,A_flag_ceiling
reduce_scatter_perf,3,24,536870784,5592404,float,sum,114844.0,4.67,4.48,0,114897.0,4.67,4.48,0,RING,LL,2,RING,LL,2,0,RING,A_flag_ceiling
reduce_scatter_perf,3,24,3840,40,float,sum,88.96,0.04,0.04,0,88.42,0.04,0.04,0,RING,LL128,2,RING,LL128,2,0,RING,A_flag_ceiling
reduce_scatter_perf,3,24,8064,84,float,sum,87.44,0.09,0.09,0,87.53,0.09,0.09,0,RING,LL128,2,RING,LL128,2,0,RING,A_flag_ceiling
reduce_scatter_perf,3,24,16128,168,float,sum,86.91,0.19,0.18,0,87.68,0.18,0.18,0,RING,LL128,2,RING,LL128,2,0,RING,A_flag_ceiling
reduce_scatter_perf,3,24,32640,340,float,sum,88.27,0.37,0.35,0,88.05,0.37,0.36,0,RING,LL128,2,RING,LL128,2,0,RING,A_flag_ceiling
reduce_scatter_perf,3,24,65280,680,float,sum,88.05,0.74,0.71,0,88.17,0.74,0.71,0,RING,LL128,2,RING,LL128,2,0,RING,A_flag_ceiling
reduce_scatter_perf,3,24,130944,1364,float,sum,88.99,1.47,1.41,0,88.63,1.48,1.42,0,RING,LL128,2,RING,LL128,2,0,RING,A_flag_ceiling
reduce_scatter_perf,3,24,261888,2728,float,sum,90.96,2.88,2.76,0,90.03,2.91,2.79,0,RING,LL128,2,RING,LL128,2,0,RING,A_flag_ceiling
reduce_scatter_perf,3,24,524160,5460,float,sum,94.13,5.57,5.34,0,93.28,5.62,5.38,0,RING,LL128,2,RING,LL128,2,0,RING,A_flag_ceiling
reduce_scatter_perf,3,24,1048320,10920,float,sum,115.39,9.09,8.71,0,112.2,9.34,8.95,0,RING,LL128,2,RING,LL128,2,0,RING,A_flag_ceiling
reduce_scatter_perf,3,24,2097024,21844,float,sum,174.48,12.02,11.52,0,172.78,12.14,11.63,0,RING,LL128,2,RING,LL128,2,0,RING,A_flag_ceiling
reduce_scatter_perf,3,24,4194048,43688,float,sum,278.02,15.09,14.46,0,275.95,15.2,14.57,0,RING,LL128,2,RING,LL128,2,0,RING,A_flag_ceiling
reduce_scatter_perf,3,24,8388480,87380,float,sum,515.14,16.28,15.61,0,514.63,16.3,15.62,0,RING,LL128,2,RING,LL128,2,0,RING,A_flag_ceiling
reduce_scatter_perf,3,24,16776960,174760,float,sum,888.62,18.88,18.09,0,881.18,19.04,18.25,0,RING,LL128,2,RING,LL128,2,0,RING,A_flag_ceiling
reduce_scatter_perf,3,24,33554304,349524,float,sum,1746.53,19.21,18.41,0,1728.04,19.42,18.61,0,RING,LL128,2,RING,LL128,2,0,RING,A_flag_ceiling
reduce_scatter_perf,3,24,67108608,699048,float,sum,3470.64,19.34,18.53,0,3417.18,19.64,18.82,0,RING,LL128,2,RING,LL128,2,0,RING,A_flag_ceiling
reduce_scatter_perf,3,24,134217600,1398100,float,sum,6915.44,19.41,18.6,0,6824.24,19.67,18.85,0,RING,LL128,2,RING,LL128,2,0,RING,A_flag_ceiling
reduce_scatter_perf,3,24,268435200,2796200,float,sum,13567.2,19.79,18.96,0,13597.7,19.74,18.92,0,RING,LL128,2,RING,LL128,2,0,RING,A_flag_ceiling
reduce_scatter_perf,3,24,536870784,5592404,float,sum,27165.2,19.76,18.94,0,27225.2,19.72,18.9,0,RING,LL128,2,RING,LL128,2,0,RING,A_flag_ceiling
reduce_scatter_perf,3,24,3840,40,float,sum,269.44,0.01,0.01,0,270.66,0.01,0.01,0,RING,SIMPLE,4,RING,SIMPLE,4,0,RING,A_flag_ceiling
reduce_scatter_perf,3,24,8064,84,float,sum,271.61,0.03,0.03,0,269.64,0.03,0.03,0,RING,SIMPLE,4,RING,SIMPLE,4,0,RING,A_flag_ceiling
reduce_scatter_perf,3,24,16128,168,float,sum,269.93,0.06,0.06,0,269.65,0.06,0.06,0,RING,SIMPLE,4,RING,SIMPLE,4,0,RING,A_flag_ceiling
reduce_scatter_perf,3,24,32640,340,float,sum,272.83,0.12,0.11,0,273.89,0.12,0.11,0,RING,SIMPLE,4,RING,SIMPLE,4,0,RING,A_flag_ceiling
reduce_scatter_perf,3,24,65280,680,float,sum,274.84,0.24,0.23,0,275.39,0.24,0.23,0,RING,SIMPLE,4,RING,SIMPLE,4,0,RING,A_flag_ceiling
reduce_scatter_perf,3,24,130944,1364,float,sum,277.92,0.47,0.45,0,277.89,0.47,0.45,0,RING,SIMPLE,4,RING,SIMPLE,4,0,RING,A_flag_ceiling
reduce_scatter_perf,3,24,261888,2728,float,sum,279.93,0.94,0.9,0,278.93,0.94,0.9,0,RING,SIMPLE,4,RING,SIMPLE,4,0,RING,A_flag_ceiling
reduce_scatter_perf,3,24,524160,5460,float,sum,282.23,1.86,1.78,0,280.71,1.87,1.79,0,RING,SIMPLE,4,RING,SIMPLE,4,0,RING,A_flag_ceiling
reduce_scatter_perf,3,24,1048320,10920,float,sum,293.01,3.58,3.43,0,293.2,3.58,3.43,0,RING,SIMPLE,4,RING,SIMPLE,4,0,RING,A_flag_ceiling
reduce_scatter_perf,3,24,2097024,21844,float,sum,306.31,6.85,6.56,0,306.75,6.84,6.55,0,RING,SIMPLE,4,RING,SIMPLE,4,0,RING,A_flag_ceiling
reduce_scatter_perf,3,24,4194048,43688,float,sum,320.25,13.1,12.55,0,319.9,13.11,12.56,0,RING,SIMPLE,4,RING,SIMPLE,4,0,RING,A_flag_ceiling
reduce_scatter_perf,3,24,8388480,87380,float,sum,384.31,21.83,20.92,0,377.02,22.25,21.32,0,RING,SIMPLE,4,RING,SIMPLE,4,0,RING,A_flag_ceiling
reduce_scatter_perf,3,24,16776960,174760,float,sum,457.21,36.69,35.17,0,445.59,37.65,36.08,0,RING,SIMPLE,4,RING,SIMPLE,4,0,RING,A_flag_ceiling
reduce_scatter_perf,3,24,33554304,349524,float,sum,708.92,47.33,45.36,0,677.38,49.54,47.47,0,RING,SIMPLE,4,RING,SIMPLE,4,0,RING,A_flag_ceiling
reduce_scatter_perf,3,24,67108608,699048,float,sum,1232.12,54.47,52.2,0,1176.75,57.03,54.65,0,RING,SIMPLE,4,RING,SIMPLE,4,0,RING,A_flag_ceiling
reduce_scatter_perf,3,24,134217600,1398100,float,sum,2253.6,59.56,57.08,0,2158.03,62.19,59.6,0,RING,SIMPLE,4,RING,SIMPLE,4,0,RING,A_flag_ceiling
reduce_scatter_perf,3,24,268435200,2796200,float,sum,4473.65,60.0,57.5,0,4280.46,62.71,60.1,0,RING,SIMPLE,4,RING,SIMPLE,4,0,RING,A_flag_ceiling
reduce_scatter_perf,3,24,536870784,5592404,float,sum,8713.66,61.61,59.05,0,8537.36,62.88,60.26,0,RING,SIMPLE,4,RING,SIMPLE,4,0,RING,A_flag_ceiling
reduce_scatter_perf,3,24,3840,40,float,sum,81.63,0.05,0.05,0,78.25,0.05,0.05,0,RING,LL,4,RING,LL,4,0,RING,A_flag_ceiling
reduce_scatter_perf,3,24,8064,84,float,sum,78.98,0.1,0.1,0,78.23,0.1,0.1,0,RING,LL,4,RING,LL,4,0,RING,A_flag_ceiling
reduce_scatter_perf,3,24,16128,168,float,sum,79.75,0.2,0.19,0,80.05,0.2,0.19,0,RING,LL,4,RING,LL,4,0,RING,A_flag_ceiling
reduce_scatter_perf,3,24,32640,340,float,sum,80.36,0.41,0.39,0,80.85,0.4,0.39,0,RING,LL,4,RING,LL,4,0,RING,A_flag_ceiling
reduce_scatter_perf,3,24,65280,680,float,sum,81.64,0.8,0.77,0,81.49,0.8,0.77,0,RING,LL,4,RING,LL,4,0,RING,A_flag_ceiling
reduce_scatter_perf,3,24,130944,1364,float,sum,83.49,1.57,1.5,0,82.95,1.58,1.51,0,RING,LL,4,RING,LL,4,0,RING,A_flag_ceiling
reduce_scatter_perf,3,24,261888,2728,float,sum,92.58,2.83,2.71,0,91.92,2.85,2.73,0,RING,LL,4,RING,LL,4,0,RING,A_flag_ceiling
reduce_scatter_perf,3,24,524160,5460,float,sum,102.23,5.13,4.91,0,102.51,5.11,4.9,0,RING,LL,4,RING,LL,4,0,RING,A_flag_ceiling
reduce_scatter_perf,3,24,1048320,10920,float,sum,151.95,6.9,6.61,0,150.17,6.98,6.69,0,RING,LL,4,RING,LL,4,0,RING,A_flag_ceiling
reduce_scatter_perf,3,24,2097024,21844,float,sum,264.06,7.94,7.61,0,263.14,7.97,7.64,0,RING,LL,4,RING,LL,4,0,RING,A_flag_ceiling
reduce_scatter_perf,3,24,4194048,43688,float,sum,479.31,8.75,8.39,0,479.1,8.75,8.39,0,RING,LL,4,RING,LL,4,0,RING,A_flag_ceiling
reduce_scatter_perf,3,24,8388480,87380,float,sum,933.52,8.99,8.61,0,935.6,8.97,8.59,0,RING,LL,4,RING,LL,4,0,RING,A_flag_ceiling
reduce_scatter_perf,3,24,16776960,174760,float,sum,1821.37,9.21,8.83,0,1831.51,9.16,8.78,0,RING,LL,4,RING,LL,4,0,RING,A_flag_ceiling
reduce_scatter_perf,3,24,33554304,349524,float,sum,3612.3,9.29,8.9,0,3634.01,9.23,8.85,0,RING,LL,4,RING,LL,4,0,RING,A_flag_ceiling
reduce_scatter_perf,3,24,67108608,699048,float,sum,7182.04,9.34,8.95,0,7244.37,9.26,8.88,0,RING,LL,4,RING,LL,4,0,RING,A_flag_ceiling
reduce_scatter_perf,3,24,134217600,1398100,float,sum,14348.0,9.35,8.96,0,14426.5,9.3,8.92,0,RING,LL,4,RING,LL,4,0,RING,A_flag_ceiling
reduce_scatter_perf,3,24,268435200,2796200,float,sum,28786.9,9.32,8.94,0,28839.4,9.31,8.92,0,RING,LL,4,RING,LL,4,0,RING,A_flag_ceiling
reduce_scatter_perf,3,24,536870784,5592404,float,sum,57495.3,9.34,8.95,0,57578.9,9.32,8.94,0,RING,LL,4,RING,LL,4,0,RING,A_flag_ceiling
reduce_scatter_perf,3,24,3840,40,float,sum,90.28,0.04,0.04,0,86.27,0.04,0.04,0,RING,LL128,4,RING,LL128,4,0,RING,A_flag_ceiling
reduce_scatter_perf,3,24,8064,84,float,sum,86.33,0.09,0.09,0,86.58,0.09,0.09,0,RING,LL128,4,RING,LL128,4,0,RING,A_flag_ceiling
reduce_scatter_perf,3,24,16128,168,float,sum,86.63,0.19,0.18,0,86.63,0.19,0.18,0,RING,LL128,4,RING,LL128,4,0,RING,A_flag_ceiling
reduce_scatter_perf,3,24,32640,340,float,sum,88.05,0.37,0.36,0,87.41,0.37,0.36,0,RING,LL128,4,RING,LL128,4,0,RING,A_flag_ceiling
reduce_scatter_perf,3,24,65280,680,float,sum,88.75,0.74,0.7,0,88.56,0.74,0.71,0,RING,LL128,4,RING,LL128,4,0,RING,A_flag_ceiling
reduce_scatter_perf,3,24,130944,1364,float,sum,89.6,1.46,1.4,0,89.9,1.46,1.4,0,RING,LL128,4,RING,LL128,4,0,RING,A_flag_ceiling
reduce_scatter_perf,3,24,261888,2728,float,sum,90.47,2.89,2.77,0,90.13,2.91,2.78,0,RING,LL128,4,RING,LL128,4,0,RING,A_flag_ceiling
reduce_scatter_perf,3,24,524160,5460,float,sum,92.39,5.67,5.44,0,91.6,5.72,5.48,0,RING,LL128,4,RING,LL128,4,0,RING,A_flag_ceiling
reduce_scatter_perf,3,24,1048320,10920,float,sum,96.19,10.9,10.44,0,94.21,11.13,10.66,0,RING,LL128,4,RING,LL128,4,0,RING,A_flag_ceiling
reduce_scatter_perf,3,24,2097024,21844,float,sum,117.88,17.79,17.05,0,116.74,17.96,17.22,0,RING,LL128,4,RING,LL128,4,0,RING,A_flag_ceiling
reduce_scatter_perf,3,24,4194048,43688,float,sum,176.72,23.73,22.74,0,175.83,23.85,22.86,0,RING,LL128,4,RING,LL128,4,0,RING,A_flag_ceiling
reduce_scatter_perf,3,24,8388480,87380,float,sum,282.74,29.67,28.43,0,280.03,29.96,28.71,0,RING,LL128,4,RING,LL128,4,0,RING,A_flag_ceiling
reduce_scatter_perf,3,24,16776960,174760,float,sum,463.35,36.21,34.7,0,457.91,36.64,35.11,0,RING,LL128,4,RING,LL128,4,0,RING,A_flag_ceiling
reduce_scatter_perf,3,24,33554304,349524,float,sum,906.41,37.02,35.48,0,896.8,37.42,35.86,0,RING,LL128,4,RING,LL128,4,0,RING,A_flag_ceiling
reduce_scatter_perf,3,24,67108608,699048,float,sum,1765.68,38.01,36.42,0,1753.76,38.27,36.67,0,RING,LL128,4,RING,LL128,4,0,RING,A_flag_ceiling
reduce_scatter_perf,3,24,134217600,1398100,float,sum,3527.06,38.05,36.47,0,3494.62,38.41,36.81,0,RING,LL128,4,RING,LL128,4,0,RING,A_flag_ceiling
reduce_scatter_perf,3,24,268435200,2796200,float,sum,6988.43,38.41,36.81,0,6955.25,38.59,36.99,0,RING,LL128,4,RING,LL128,4,0,RING,A_flag_ceiling
reduce_scatter_perf,3,24,536870784,5592404,float,sum,13923.6,38.56,36.95,0,13929.0,38.54,36.94,0,RING,LL128,4,RING,LL128,4,0,RING,A_flag_ceiling
reduce_scatter_perf,3,24,3840,40,float,sum,271.77,0.01,0.01,0,268.38,0.01,0.01,0,RING,SIMPLE,8,RING,SIMPLE,8,0,RING,A_flag_ceiling
reduce_scatter_perf,3,24,8064,84,float,sum,270.24,0.03,0.03,0,269.2,0.03,0.03,0,RING,SIMPLE,8,RING,SIMPLE,8,0,RING,A_flag_ceiling
reduce_scatter_perf,3,24,16128,168,float,sum,270.1,0.06,0.06,0,272.08,0.06,0.06,0,RING,SIMPLE,8,RING,SIMPLE,8,0,RING,A_flag_ceiling
reduce_scatter_perf,3,24,32640,340,float,sum,274.18,0.12,0.11,0,274.69,0.12,0.11,0,RING,SIMPLE,8,RING,SIMPLE,8,0,RING,A_flag_ceiling
reduce_scatter_perf,3,24,65280,680,float,sum,274.85,0.24,0.23,0,275.37,0.24,0.23,0,RING,SIMPLE,8,RING,SIMPLE,8,0,RING,A_flag_ceiling
reduce_scatter_perf,3,24,130944,1364,float,sum,283.69,0.46,0.44,0,282.83,0.46,0.44,0,RING,SIMPLE,8,RING,SIMPLE,8,0,RING,A_flag_ceiling
reduce_scatter_perf,3,24,261888,2728,float,sum,282.25,0.93,0.89,0,283.05,0.93,0.89,0,RING,SIMPLE,8,RING,SIMPLE,8,0,RING,A_flag_ceiling
reduce_scatter_perf,3,24,524160,5460,float,sum,285.38,1.84,1.76,0,285.66,1.83,1.76,0,RING,SIMPLE,8,RING,SIMPLE,8,0,RING,A_flag_ceiling
reduce_scatter_perf,3,24,1048320,10920,float,sum,289.19,3.62,3.47,0,286.77,3.66,3.5,0,RING,SIMPLE,8,RING,SIMPLE,8,0,RING,A_flag_ceiling
reduce_scatter_perf,3,24,2097024,21844,float,sum,299.33,7.01,6.71,0,299.74,7.0,6.7,0,RING,SIMPLE,8,RING,SIMPLE,8,0,RING,A_flag_ceiling
reduce_scatter_perf,3,24,4194048,43688,float,sum,312.64,13.42,12.86,0,311.49,13.46,12.9,0,RING,SIMPLE,8,RING,SIMPLE,8,0,RING,A_flag_ceiling
reduce_scatter_perf,3,24,8388480,87380,float,sum,328.49,25.54,24.47,0,328.31,25.55,24.49,0,RING,SIMPLE,8,RING,SIMPLE,8,0,RING,A_flag_ceiling
reduce_scatter_perf,3,24,16776960,174760,float,sum,350.94,47.81,45.81,0,339.08,49.48,47.42,0,RING,SIMPLE,8,RING,SIMPLE,8,0,RING,A_flag_ceiling
reduce_scatter_perf,3,24,33554304,349524,float,sum,461.54,72.7,69.67,0,452.8,74.1,71.02,0,RING,SIMPLE,8,RING,SIMPLE,8,0,RING,A_flag_ceiling
reduce_scatter_perf,3,24,67108608,699048,float,sum,709.79,94.55,90.61,0,695.78,96.45,92.43,0,RING,SIMPLE,8,RING,SIMPLE,8,0,RING,A_flag_ceiling
reduce_scatter_perf,3,24,134217600,1398100,float,sum,1265.94,106.02,101.6,0,1197.59,112.07,107.4,0,RING,SIMPLE,8,RING,SIMPLE,8,0,RING,A_flag_ceiling
reduce_scatter_perf,3,24,268435200,2796200,float,sum,2268.61,118.33,113.4,0,2169.84,123.71,118.56,0,RING,SIMPLE,8,RING,SIMPLE,8,0,RING,A_flag_ceiling
reduce_scatter_perf,3,24,536870784,5592404,float,sum,4527.53,118.58,113.64,0,4365.14,122.99,117.87,0,RING,SIMPLE,8,RING,SIMPLE,8,0,RING,A_flag_ceiling
reduce_scatter_perf,3,24,3840,40,float,sum,77.85,0.05,0.05,0,77.08,0.05,0.05,0,RING,LL,8,RING,LL,8,0,RING,A_flag_ceiling
reduce_scatter_perf,3,24,8064,84,float,sum,78.67,0.1,0.1,0,78.12,0.1,0.1,0,RING,LL,8,RING,LL,8,0,RING,A_flag_ceiling
reduce_scatter_perf,3,24,16128,168,float,sum,80.44,0.2,0.19,0,79.86,0.2,0.19,0,RING,LL,8,RING,LL,8,0,RING,A_flag_ceiling
reduce_scatter_perf,3,24,32640,340,float,sum,82.63,0.4,0.38,0,82.24,0.4,0.38,0,RING,LL,8,RING,LL,8,0,RING,A_flag_ceiling
reduce_scatter_perf,3,24,65280,680,float,sum,83.84,0.78,0.75,0,84.06,0.78,0.74,0,RING,LL,8,RING,LL,8,0,RING,A_flag_ceiling
reduce_scatter_perf,3,24,130944,1364,float,sum,85.04,1.54,1.48,0,84.29,1.55,1.49,0,RING,LL,8,RING,LL,8,0,RING,A_flag_ceiling
reduce_scatter_perf,3,24,261888,2728,float,sum,85.72,3.06,2.93,0,85.15,3.08,2.95,0,RING,LL,8,RING,LL,8,0,RING,A_flag_ceiling
reduce_scatter_perf,3,24,524160,5460,float,sum,94.94,5.52,5.29,0,93.61,5.6,5.37,0,RING,LL,8,RING,LL,8,0,RING,A_flag_ceiling
reduce_scatter_perf,3,24,1048320,10920,float,sum,106.84,9.81,9.4,0,105.65,9.92,9.51,0,RING,LL,8,RING,LL,8,0,RING,A_flag_ceiling
reduce_scatter_perf,3,24,2097024,21844,float,sum,155.21,13.51,12.95,0,154.34,13.59,13.02,0,RING,LL,8,RING,LL,8,0,RING,A_flag_ceiling
reduce_scatter_perf,3,24,4194048,43688,float,sum,269.67,15.55,14.9,0,268.49,15.62,14.97,0,RING,LL,8,RING,LL,8,0,RING,A_flag_ceiling
reduce_scatter_perf,3,24,8388480,87380,float,sum,483.17,17.36,16.64,0,486.66,17.24,16.52,0,RING,LL,8,RING,LL,8,0,RING,A_flag_ceiling
reduce_scatter_perf,3,24,16776960,174760,float,sum,930.8,18.02,17.27,0,934.09,17.96,17.21,0,RING,LL,8,RING,LL,8,0,RING,A_flag_ceiling
reduce_scatter_perf,3,24,33554304,349524,float,sum,1818.73,18.45,17.68,0,1827.79,18.36,17.59,0,RING,LL,8,RING,LL,8,0,RING,A_flag_ceiling
reduce_scatter_perf,3,24,67108608,699048,float,sum,3616.66,18.56,17.78,0,3614.86,18.56,17.79,0,RING,LL,8,RING,LL,8,0,RING,A_flag_ceiling
reduce_scatter_perf,3,24,134217600,1398100,float,sum,7192.41,18.66,17.88,0,7151.93,18.77,17.98,0,RING,LL,8,RING,LL,8,0,RING,A_flag_ceiling
reduce_scatter_perf,3,24,268435200,2796200,float,sum,14356.8,18.7,17.92,0,14247.7,18.84,18.06,0,RING,LL,8,RING,LL,8,0,RING,A_flag_ceiling
reduce_scatter_perf,3,24,536870784,5592404,float,sum,28582.5,18.78,18.0,0,28368.8,18.92,18.14,0,RING,LL,8,RING,LL,8,0,RING,A_flag_ceiling
reduce_scatter_perf,3,24,3840,40,float,sum,89.14,0.04,0.04,0,85.6,0.04,0.04,0,RING,LL128,8,RING,LL128,8,0,RING,A_flag_ceiling
reduce_scatter_perf,3,24,8064,84,float,sum,85.83,0.09,0.09,0,85.71,0.09,0.09,0,RING,LL128,8,RING,LL128,8,0,RING,A_flag_ceiling
reduce_scatter_perf,3,24,16128,168,float,sum,86.14,0.19,0.18,0,85.27,0.19,0.18,0,RING,LL128,8,RING,LL128,8,0,RING,A_flag_ceiling
reduce_scatter_perf,3,24,32640,340,float,sum,87.85,0.37,0.36,0,87.34,0.37,0.36,0,RING,LL128,8,RING,LL128,8,0,RING,A_flag_ceiling
reduce_scatter_perf,3,24,65280,680,float,sum,89.07,0.73,0.7,0,87.96,0.74,0.71,0,RING,LL128,8,RING,LL128,8,0,RING,A_flag_ceiling
reduce_scatter_perf,3,24,130944,1364,float,sum,91.67,1.43,1.37,0,92.08,1.42,1.36,0,RING,LL128,8,RING,LL128,8,0,RING,A_flag_ceiling
reduce_scatter_perf,3,24,261888,2728,float,sum,92.84,2.82,2.7,0,92.67,2.83,2.71,0,RING,LL128,8,RING,LL128,8,0,RING,A_flag_ceiling
reduce_scatter_perf,3,24,524160,5460,float,sum,94.05,5.57,5.34,0,92.76,5.65,5.42,0,RING,LL128,8,RING,LL128,8,0,RING,A_flag_ceiling
reduce_scatter_perf,3,24,1048320,10920,float,sum,95.55,10.97,10.51,0,94.19,11.13,10.67,0,RING,LL128,8,RING,LL128,8,0,RING,A_flag_ceiling
reduce_scatter_perf,3,24,2097024,21844,float,sum,99.56,21.06,20.18,0,99.1,21.16,20.28,0,RING,LL128,8,RING,LL128,8,0,RING,A_flag_ceiling
reduce_scatter_perf,3,24,4194048,43688,float,sum,120.48,34.81,33.36,0,120.28,34.87,33.42,0,RING,LL128,8,RING,LL128,8,0,RING,A_flag_ceiling
reduce_scatter_perf,3,24,8388480,87380,float,sum,180.35,46.51,44.57,0,179.19,46.81,44.86,0,RING,LL128,8,RING,LL128,8,0,RING,A_flag_ceiling
reduce_scatter_perf,3,24,16776960,174760,float,sum,250.84,66.88,64.1,0,250.13,67.07,64.28,0,RING,LL128,8,RING,LL128,8,0,RING,A_flag_ceiling
reduce_scatter_perf,3,24,33554304,349524,float,sum,464.75,72.2,69.19,0,463.3,72.42,69.41,0,RING,LL128,8,RING,LL128,8,0,RING,A_flag_ceiling
reduce_scatter_perf,3,24,67108608,699048,float,sum,901.81,74.42,71.31,0,899.06,74.64,71.53,0,RING,LL128,8,RING,LL128,8,0,RING,A_flag_ceiling
reduce_scatter_perf,3,24,134217600,1398100,float,sum,1763.92,76.09,72.92,0,1756.04,76.43,73.25,0,RING,LL128,8,RING,LL128,8,0,RING,A_flag_ceiling
reduce_scatter_perf,3,24,268435200,2796200,float,sum,3517.25,76.32,73.14,0,3477.52,77.19,73.98,0,RING,LL128,8,RING,LL128,8,0,RING,A_flag_ceiling
reduce_scatter_perf,3,24,536870784,5592404,float,sum,7053.47,76.11,72.94,0,6993.49,76.77,73.57,0,RING,LL128,8,RING,LL128,8,0,RING,A_flag_ceiling
reduce_scatter_perf,3,24,3840,40,float,sum,272.89,0.01,0.01,0,268.44,0.01,0.01,0,RING,SIMPLE,16,RING,SIMPLE,16,0,RING,A_flag_ceiling
reduce_scatter_perf,3,24,8064,84,float,sum,269.94,0.03,0.03,0,269.42,0.03,0.03,0,RING,SIMPLE,16,RING,SIMPLE,16,0,RING,A_flag_ceiling
reduce_scatter_perf,3,24,16128,168,float,sum,270.31,0.06,0.06,0,269.98,0.06,0.06,0,RING,SIMPLE,16,RING,SIMPLE,16,0,RING,A_flag_ceiling
reduce_scatter_perf,3,24,32640,340,float,sum,275.38,0.12,0.11,0,273.22,0.12,0.11,0,RING,SIMPLE,16,RING,SIMPLE,16,0,RING,A_flag_ceiling
reduce_scatter_perf,3,24,65280,680,float,sum,275.62,0.24,0.23,0,274.74,0.24,0.23,0,RING,SIMPLE,16,RING,SIMPLE,16,0,RING,A_flag_ceiling
reduce_scatter_perf,3,24,130944,1364,float,sum,283.92,0.46,0.44,0,282.9,0.46,0.44,0,RING,SIMPLE,16,RING,SIMPLE,16,0,RING,A_flag_ceiling
reduce_scatter_perf,3,24,261888,2728,float,sum,301.01,0.87,0.83,0,300.07,0.87,0.84,0,RING,SIMPLE,16,RING,SIMPLE,16,0,RING,A_flag_ceiling
reduce_scatter_perf,3,24,524160,5460,float,sum,302.61,1.73,1.66,0,302.62,1.73,1.66,0,RING,SIMPLE,16,RING,SIMPLE,16,0,RING,A_flag_ceiling
reduce_scatter_perf,3,24,1048320,10920,float,sum,304.43,3.44,3.3,0,302.39,3.47,3.32,0,RING,SIMPLE,16,RING,SIMPLE,16,0,RING,A_flag_ceiling
reduce_scatter_perf,3,24,2097024,21844,float,sum,306.79,6.84,6.55,0,306.46,6.84,6.56,0,RING,SIMPLE,16,RING,SIMPLE,16,0,RING,A_flag_ceiling
reduce_scatter_perf,3,24,4194048,43688,float,sum,318.39,13.17,12.62,0,318.68,13.16,12.61,0,RING,SIMPLE,16,RING,SIMPLE,16,0,RING,A_flag_ceiling
reduce_scatter_perf,3,24,8388480,87380,float,sum,335.04,25.04,23.99,0,332.62,25.22,24.17,0,RING,SIMPLE,16,RING,SIMPLE,16,0,RING,A_flag_ceiling
reduce_scatter_perf,3,24,16776960,174760,float,sum,336.21,49.9,47.82,0,335.7,49.98,47.89,0,RING,SIMPLE,16,RING,SIMPLE,16,0,RING,A_flag_ceiling
reduce_scatter_perf,3,24,33554304,349524,float,sum,360.36,93.11,89.23,0,359.06,93.45,89.56,0,RING,SIMPLE,16,RING,SIMPLE,16,0,RING,A_flag_ceiling
reduce_scatter_perf,3,24,67108608,699048,float,sum,469.63,142.9,136.94,0,460.58,145.7,139.63,0,RING,SIMPLE,16,RING,SIMPLE,16,0,RING,A_flag_ceiling
reduce_scatter_perf,3,24,134217600,1398100,float,sum,736.87,182.15,174.56,0,697.84,192.33,184.32,0,RING,SIMPLE,16,RING,SIMPLE,16,0,RING,A_flag_ceiling
reduce_scatter_perf,3,24,268435200,2796200,float,sum,1278.1,210.03,201.28,0,1216.88,220.59,211.4,0,RING,SIMPLE,16,RING,SIMPLE,16,0,RING,A_flag_ceiling
reduce_scatter_perf,3,24,536870784,5592404,float,sum,2369.21,226.6,217.16,0,2276.52,235.83,226.0,0,RING,SIMPLE,16,RING,SIMPLE,16,0,RING,A_flag_ceiling
reduce_scatter_perf,3,24,3840,40,float,sum,78.08,0.05,0.05,0,77.33,0.05,0.05,0,RING,LL,16,RING,LL,16,0,RING,A_flag_ceiling
reduce_scatter_perf,3,24,8064,84,float,sum,79.06,0.1,0.1,0,78.91,0.1,0.1,0,RING,LL,16,RING,LL,16,0,RING,A_flag_ceiling
reduce_scatter_perf,3,24,16128,168,float,sum,79.93,0.2,0.19,0,79.04,0.2,0.2,0,RING,LL,16,RING,LL,16,0,RING,A_flag_ceiling
reduce_scatter_perf,3,24,32640,340,float,sum,82.26,0.4,0.38,0,82.56,0.4,0.38,0,RING,LL,16,RING,LL,16,0,RING,A_flag_ceiling
reduce_scatter_perf,3,24,65280,680,float,sum,96.63,0.68,0.65,0,96.39,0.68,0.65,0,RING,LL,16,RING,LL,16,0,RING,A_flag_ceiling
reduce_scatter_perf,3,24,130944,1364,float,sum,99.35,1.32,1.26,0,99.78,1.31,1.26,0,RING,LL,16,RING,LL,16,0,RING,A_flag_ceiling
reduce_scatter_perf,3,24,261888,2728,float,sum,101.82,2.57,2.46,0,101.73,2.57,2.47,0,RING,LL,16,RING,LL,16,0,RING,A_flag_ceiling
reduce_scatter_perf,3,24,524160,5460,float,sum,104.92,5.0,4.79,0,106.04,4.94,4.74,0,RING,LL,16,RING,LL,16,0,RING,A_flag_ceiling
reduce_scatter_perf,3,24,1048320,10920,float,sum,120.91,8.67,8.31,0,123.53,8.49,8.13,0,RING,LL,16,RING,LL,16,0,RING,A_flag_ceiling
reduce_scatter_perf,3,24,2097024,21844,float,sum,142.15,14.75,14.14,0,140.5,14.93,14.3,0,RING,LL,16,RING,LL,16,0,RING,A_flag_ceiling
reduce_scatter_perf,3,24,4194048,43688,float,sum,181.36,23.13,22.16,0,180.41,23.25,22.28,0,RING,LL,16,RING,LL,16,0,RING,A_flag_ceiling
reduce_scatter_perf,3,24,8388480,87380,float,sum,322.66,26.0,24.91,0,322.64,26.0,24.92,0,RING,LL,16,RING,LL,16,0,RING,A_flag_ceiling
reduce_scatter_perf,3,24,16776960,174760,float,sum,557.77,30.08,28.83,0,558.1,30.06,28.81,0,RING,LL,16,RING,LL,16,0,RING,A_flag_ceiling
reduce_scatter_perf,3,24,33554304,349524,float,sum,1059.68,31.66,30.35,0,1059.37,31.67,30.35,0,RING,LL,16,RING,LL,16,0,RING,A_flag_ceiling
reduce_scatter_perf,3,24,67108608,699048,float,sum,2034.36,32.99,31.61,0,2029.25,33.07,31.69,0,RING,LL,16,RING,LL,16,0,RING,A_flag_ceiling
reduce_scatter_perf,3,24,134217600,1398100,float,sum,4015.36,33.43,32.03,0,4003.04,33.53,32.13,0,RING,LL,16,RING,LL,16,0,RING,A_flag_ceiling
reduce_scatter_perf,3,24,268435200,2796200,float,sum,7959.63,33.72,32.32,0,7942.22,33.8,32.39,0,RING,LL,16,RING,LL,16,0,RING,A_flag_ceiling
reduce_scatter_perf,3,24,536870784,5592404,float,sum,15888.7,33.79,32.38,0,15902.9,33.76,32.35,0,RING,LL,16,RING,LL,16,0,RING,A_flag_ceiling
reduce_scatter_perf,3,24,3840,40,float,sum,87.27,0.04,0.04,0,85.91,0.04,0.04,0,RING,LL128,16,RING,LL128,16,0,RING,A_flag_ceiling
reduce_scatter_perf,3,24,8064,84,float,sum,86.54,0.09,0.09,0,86.15,0.09,0.09,0,RING,LL128,16,RING,LL128,16,0,RING,A_flag_ceiling
reduce_scatter_perf,3,24,16128,168,float,sum,86.36,0.19,0.18,0,85.71,0.19,0.18,0,RING,LL128,16,RING,LL128,16,0,RING,A_flag_ceiling
reduce_scatter_perf,3,24,32640,340,float,sum,87.81,0.37,0.36,0,87.99,0.37,0.36,0,RING,LL128,16,RING,LL128,16,0,RING,A_flag_ceiling
reduce_scatter_perf,3,24,65280,680,float,sum,88.62,0.74,0.71,0,90.52,0.72,0.69,0,RING,LL128,16,RING,LL128,16,0,RING,A_flag_ceiling
reduce_scatter_perf,3,24,130944,1364,float,sum,92.97,1.41,1.35,0,93.26,1.4,1.35,0,RING,LL128,16,RING,LL128,16,0,RING,A_flag_ceiling
reduce_scatter_perf,3,24,261888,2728,float,sum,102.25,2.56,2.45,0,101.4,2.58,2.48,0,RING,LL128,16,RING,LL128,16,0,RING,A_flag_ceiling
reduce_scatter_perf,3,24,524160,5460,float,sum,102.16,5.13,4.92,0,103.35,5.07,4.86,0,RING,LL128,16,RING,LL128,16,0,RING,A_flag_ceiling
reduce_scatter_perf,3,24,1048320,10920,float,sum,101.46,10.33,9.9,0,101.95,10.28,9.85,0,RING,LL128,16,RING,LL128,16,0,RING,A_flag_ceiling
reduce_scatter_perf,3,24,2097024,21844,float,sum,104.86,20.0,19.16,0,102.95,20.37,19.52,0,RING,LL128,16,RING,LL128,16,0,RING,A_flag_ceiling
reduce_scatter_perf,3,24,4194048,43688,float,sum,103.7,40.44,38.76,0,105.77,39.65,38.0,0,RING,LL128,16,RING,LL128,16,0,RING,A_flag_ceiling
reduce_scatter_perf,3,24,8388480,87380,float,sum,124.31,67.48,64.67,0,123.18,68.1,65.26,0,RING,LL128,16,RING,LL128,16,0,RING,A_flag_ceiling
reduce_scatter_perf,3,24,16776960,174760,float,sum,161.27,104.03,99.69,0,160.82,104.32,99.98,0,RING,LL128,16,RING,LL128,16,0,RING,A_flag_ceiling
reduce_scatter_perf,3,24,33554304,349524,float,sum,262.75,127.71,122.38,0,261.79,128.17,122.83,0,RING,LL128,16,RING,LL128,16,0,RING,A_flag_ceiling
reduce_scatter_perf,3,24,67108608,699048,float,sum,481.69,139.32,133.52,0,481.68,139.32,133.52,0,RING,LL128,16,RING,LL128,16,0,RING,A_flag_ceiling
reduce_scatter_perf,3,24,134217600,1398100,float,sum,939.72,142.83,136.88,0,936.68,143.29,137.32,0,RING,LL128,16,RING,LL128,16,0,RING,A_flag_ceiling
reduce_scatter_perf,3,24,268435200,2796200,float,sum,1828.65,146.79,140.68,0,1823.08,147.24,141.11,0,RING,LL128,16,RING,LL128,16,0,RING,A_flag_ceiling
reduce_scatter_perf,3,24,536870784,5592404,float,sum,3643.15,147.36,141.22,0,3633.73,147.75,141.59,0,RING,LL128,16,RING,LL128,16,0,RING,A_flag_ceiling
reduce_scatter_perf,3,24,3840,40,float,sum,268.5,0.01,0.01,0,269.18,0.01,0.01,0,RING,SIMPLE,24,RING,SIMPLE,24,0,RING,A_flag_ceiling
reduce_scatter_perf,3,24,8064,84,float,sum,268.88,0.03,0.03,0,270.02,0.03,0.03,0,RING,SIMPLE,24,RING,SIMPLE,24,0,RING,A_flag_ceiling
reduce_scatter_perf,3,24,16128,168,float,sum,271.19,0.06,0.06,0,269.85,0.06,0.06,0,RING,SIMPLE,24,RING,SIMPLE,24,0,RING,A_flag_ceiling
reduce_scatter_perf,3,24,32640,340,float,sum,272.2,0.12,0.11,0,274.71,0.12,0.11,0,RING,SIMPLE,24,RING,SIMPLE,24,0,RING,A_flag_ceiling
reduce_scatter_perf,3,24,65280,680,float,sum,274.48,0.24,0.23,0,275.68,0.24,0.23,0,RING,SIMPLE,24,RING,SIMPLE,24,0,RING,A_flag_ceiling
reduce_scatter_perf,3,24,130944,1364,float,sum,283.57,0.46,0.44,0,284.72,0.46,0.44,0,RING,SIMPLE,24,RING,SIMPLE,24,0,RING,A_flag_ceiling
reduce_scatter_perf,3,24,261888,2728,float,sum,302.98,0.86,0.83,0,302.98,0.86,0.83,0,RING,SIMPLE,24,RING,SIMPLE,24,0,RING,A_flag_ceiling
reduce_scatter_perf,3,24,524160,5460,float,sum,303.39,1.73,1.66,0,303.18,1.73,1.66,0,RING,SIMPLE,24,RING,SIMPLE,24,0,RING,A_flag_ceiling
reduce_scatter_perf,3,24,1048320,10920,float,sum,361.8,2.9,2.78,0,324.77,3.23,3.09,0,RING,SIMPLE,24,RING,SIMPLE,24,0,RING,A_flag_ceiling
reduce_scatter_perf,3,24,2097024,21844,float,sum,331.05,6.33,6.07,0,332.29,6.31,6.05,0,RING,SIMPLE,24,RING,SIMPLE,24,0,RING,A_flag_ceiling
reduce_scatter_perf,3,24,4194048,43688,float,sum,342.77,12.24,11.73,0,341.56,12.28,11.77,0,RING,SIMPLE,24,RING,SIMPLE,24,0,RING,A_flag_ceiling
reduce_scatter_perf,3,24,8388480,87380,float,sum,347.6,24.13,23.13,0,348.28,24.09,23.08,0,RING,SIMPLE,24,RING,SIMPLE,24,0,RING,A_flag_ceiling
reduce_scatter_perf,3,24,16776960,174760,float,sum,367.17,45.69,43.79,0,365.0,45.96,44.05,0,RING,SIMPLE,24,RING,SIMPLE,24,0,RING,A_flag_ceiling
reduce_scatter_perf,3,24,33554304,349524,float,sum,369.49,90.81,87.03,0,367.18,91.38,87.58,0,RING,SIMPLE,24,RING,SIMPLE,24,0,RING,A_flag_ceiling
reduce_scatter_perf,3,24,67108608,699048,float,sum,420.19,159.71,153.06,0,414.9,161.74,155.01,0,RING,SIMPLE,24,RING,SIMPLE,24,0,RING,A_flag_ceiling
reduce_scatter_perf,3,24,134217600,1398100,float,sum,591.03,227.09,217.63,0,569.51,235.67,225.85,0,RING,SIMPLE,24,RING,SIMPLE,24,0,RING,A_flag_ceiling
reduce_scatter_perf,3,24,268435200,2796200,float,sum,952.89,281.71,269.97,0,910.53,294.81,282.53,0,RING,SIMPLE,24,RING,SIMPLE,24,0,RING,A_flag_ceiling
reduce_scatter_perf,3,24,536870784,5592404,float,sum,1706.84,314.54,301.43,0,1652.88,324.81,311.28,0,RING,SIMPLE,24,RING,SIMPLE,24,0,RING,A_flag_ceiling
reduce_scatter_perf,3,24,3840,40,float,sum,78.27,0.05,0.05,0,77.27,0.05,0.05,0,RING,LL,24,RING,LL,24,0,RING,A_flag_ceiling
reduce_scatter_perf,3,24,8064,84,float,sum,78.9,0.1,0.1,0,79.15,0.1,0.1,0,RING,LL,24,RING,LL,24,0,RING,A_flag_ceiling
reduce_scatter_perf,3,24,16128,168,float,sum,80.57,0.2,0.19,0,79.53,0.2,0.19,0,RING,LL,24,RING,LL,24,0,RING,A_flag_ceiling
reduce_scatter_perf,3,24,32640,340,float,sum,82.33,0.4,0.38,0,84.01,0.39,0.37,0,RING,LL,24,RING,LL,24,0,RING,A_flag_ceiling
reduce_scatter_perf,3,24,65280,680,float,sum,95.32,0.68,0.66,0,95.99,0.68,0.65,0,RING,LL,24,RING,LL,24,0,RING,A_flag_ceiling
reduce_scatter_perf,3,24,130944,1364,float,sum,98.85,1.32,1.27,0,99.27,1.32,1.26,0,RING,LL,24,RING,LL,24,0,RING,A_flag_ceiling
reduce_scatter_perf,3,24,261888,2728,float,sum,122.31,2.14,2.05,0,119.81,2.19,2.09,0,RING,LL,24,RING,LL,24,0,RING,A_flag_ceiling
reduce_scatter_perf,3,24,524160,5460,float,sum,125.32,4.18,4.01,0,126.42,4.15,3.97,0,RING,LL,24,RING,LL,24,0,RING,A_flag_ceiling
reduce_scatter_perf,3,24,1048320,10920,float,sum,139.04,7.54,7.23,0,143.62,7.3,7.0,0,RING,LL,24,RING,LL,24,0,RING,A_flag_ceiling
reduce_scatter_perf,3,24,2097024,21844,float,sum,161.0,13.02,12.48,0,161.0,13.03,12.48,0,RING,LL,24,RING,LL,24,0,RING,A_flag_ceiling
reduce_scatter_perf,3,24,4194048,43688,float,sum,200.71,20.9,20.02,0,202.0,20.76,19.9,0,RING,LL,24,RING,LL,24,0,RING,A_flag_ceiling
reduce_scatter_perf,3,24,8388480,87380,float,sum,278.68,30.1,28.85,0,267.88,31.31,30.01,0,RING,LL,24,RING,LL,24,0,RING,A_flag_ceiling
reduce_scatter_perf,3,24,16776960,174760,float,sum,503.51,33.32,31.93,0,515.44,32.55,31.19,0,RING,LL,24,RING,LL,24,0,RING,A_flag_ceiling
reduce_scatter_perf,3,24,33554304,349524,float,sum,963.99,34.81,33.36,0,962.89,34.85,33.4,0,RING,LL,24,RING,LL,24,0,RING,A_flag_ceiling
reduce_scatter_perf,3,24,67108608,699048,float,sum,1852.79,36.22,34.71,0,1863.65,36.01,34.51,0,RING,LL,24,RING,LL,24,0,RING,A_flag_ceiling
reduce_scatter_perf,3,24,134217600,1398100,float,sum,3644.62,36.83,35.29,0,3446.81,38.94,37.32,0,RING,LL,24,RING,LL,24,0,RING,A_flag_ceiling
reduce_scatter_perf,3,24,268435200,2796200,float,sum,6721.12,39.94,38.27,0,6695.63,40.09,38.42,0,RING,LL,24,RING,LL,24,0,RING,A_flag_ceiling
reduce_scatter_perf,3,24,536870784,5592404,float,sum,13359.0,40.19,38.51,0,13420.8,40.0,38.34,0,RING,LL,24,RING,LL,24,0,RING,A_flag_ceiling
reduce_scatter_perf,3,24,3840,40,float,sum,91.24,0.04,0.04,0,88.05,0.04,0.04,0,RING,LL128,24,RING,LL128,24,0,RING,A_flag_ceiling
reduce_scatter_perf,3,24,8064,84,float,sum,88.09,0.09,0.09,0,87.45,0.09,0.09,0,RING,LL128,24,RING,LL128,24,0,RING,A_flag_ceiling
reduce_scatter_perf,3,24,16128,168,float,sum,87.2,0.18,0.18,0,86.71,0.19,0.18,0,RING,LL128,24,RING,LL128,24,0,RING,A_flag_ceiling
reduce_scatter_perf,3,24,32640,340,float,sum,88.06,0.37,0.36,0,87.78,0.37,0.36,0,RING,LL128,24,RING,LL128,24,0,RING,A_flag_ceiling
reduce_scatter_perf,3,24,65280,680,float,sum,88.85,0.73,0.7,0,88.38,0.74,0.71,0,RING,LL128,24,RING,LL128,24,0,RING,A_flag_ceiling
reduce_scatter_perf,3,24,130944,1364,float,sum,93.33,1.4,1.34,0,93.54,1.4,1.34,0,RING,LL128,24,RING,LL128,24,0,RING,A_flag_ceiling
reduce_scatter_perf,3,24,261888,2728,float,sum,103.85,2.52,2.42,0,102.57,2.55,2.45,0,RING,LL128,24,RING,LL128,24,0,RING,A_flag_ceiling
reduce_scatter_perf,3,24,524160,5460,float,sum,102.34,5.12,4.91,0,103.65,5.06,4.85,0,RING,LL128,24,RING,LL128,24,0,RING,A_flag_ceiling
reduce_scatter_perf,3,24,1048320,10920,float,sum,122.93,8.53,8.17,0,121.09,8.66,8.3,0,RING,LL128,24,RING,LL128,24,0,RING,A_flag_ceiling
reduce_scatter_perf,3,24,2097024,21844,float,sum,123.38,17.0,16.29,0,127.7,16.42,15.74,0,RING,LL128,24,RING,LL128,24,0,RING,A_flag_ceiling
reduce_scatter_perf,3,24,4194048,43688,float,sum,126.74,33.09,31.71,0,125.99,33.29,31.9,0,RING,LL128,24,RING,LL128,24,0,RING,A_flag_ceiling
reduce_scatter_perf,3,24,8388480,87380,float,sum,132.47,63.32,60.68,0,133.52,62.83,60.21,0,RING,LL128,24,RING,LL128,24,0,RING,A_flag_ceiling
reduce_scatter_perf,3,24,16776960,174760,float,sum,147.38,113.83,109.09,0,146.21,114.75,109.97,0,RING,LL128,24,RING,LL128,24,0,RING,A_flag_ceiling
reduce_scatter_perf,3,24,33554304,349524,float,sum,211.34,158.77,152.15,0,209.66,160.05,153.38,0,RING,LL128,24,RING,LL128,24,0,RING,A_flag_ceiling
reduce_scatter_perf,3,24,67108608,699048,float,sum,390.19,171.99,164.82,0,390.47,171.87,164.71,0,RING,LL128,24,RING,LL128,24,0,RING,A_flag_ceiling
reduce_scatter_perf,3,24,134217600,1398100,float,sum,689.31,194.71,186.6,0,690.03,194.51,186.41,0,RING,LL128,24,RING,LL128,24,0,RING,A_flag_ceiling
reduce_scatter_perf,3,24,268435200,2796200,float,sum,1298.65,206.7,198.09,0,1301.8,206.2,197.61,0,RING,LL128,24,RING,LL128,24,0,RING,A_flag_ceiling
reduce_scatter_perf,3,24,536870784,5592404,float,sum,2584.07,207.76,199.11,0,2583.98,207.77,199.11,0,RING,LL128,24,RING,LL128,24,0,RING,A_flag_ceiling
reduce_scatter_perf,3,24,3840,40,float,sum,271.77,0.01,0.01,0,267.89,0.01,0.01,0,RING,SIMPLE,32,RING,SIMPLE,32,0,RING,A_flag_ceiling
reduce_scatter_perf,3,24,8064,84,float,sum,269.27,0.03,0.03,0,268.75,0.03,0.03,0,RING,SIMPLE,32,RING,SIMPLE,32,0,RING,A_flag_ceiling
reduce_scatter_perf,3,24,16128,168,float,sum,269.27,0.06,0.06,0,268.23,0.06,0.06,0,RING,SIMPLE,32,RING,SIMPLE,32,0,RING,A_flag_ceiling
reduce_scatter_perf,3,24,32640,340,float,sum,274.07,0.12,0.11,0,273.21,0.12,0.11,0,RING,SIMPLE,32,RING,SIMPLE,32,0,RING,A_flag_ceiling
reduce_scatter_perf,3,24,65280,680,float,sum,276.12,0.24,0.23,0,276.19,0.24,0.23,0,RING,SIMPLE,32,RING,SIMPLE,32,0,RING,A_flag_ceiling
reduce_scatter_perf,3,24,130944,1364,float,sum,282.96,0.46,0.44,0,282.65,0.46,0.44,0,RING,SIMPLE,32,RING,SIMPLE,32,0,RING,A_flag_ceiling
reduce_scatter_perf,3,24,261888,2728,float,sum,302.04,0.87,0.83,0,299.99,0.87,0.84,0,RING,SIMPLE,32,RING,SIMPLE,32,0,RING,A_flag_ceiling
reduce_scatter_perf,3,24,524160,5460,float,sum,371.04,1.41,1.35,0,366.28,1.43,1.37,0,RING,SIMPLE,32,RING,SIMPLE,32,0,RING,A_flag_ceiling
reduce_scatter_perf,3,24,1048320,10920,float,sum,364.76,2.87,2.75,0,364.1,2.88,2.76,0,RING,SIMPLE,32,RING,SIMPLE,32,0,RING,A_flag_ceiling
reduce_scatter_perf,3,24,2097024,21844,float,sum,365.75,5.73,5.49,0,365.18,5.74,5.5,0,RING,SIMPLE,32,RING,SIMPLE,32,0,RING,A_flag_ceiling
reduce_scatter_perf,3,24,4194048,43688,float,sum,369.87,11.34,10.87,0,369.29,11.36,10.88,0,RING,SIMPLE,32,RING,SIMPLE,32,0,RING,A_flag_ceiling
reduce_scatter_perf,3,24,8388480,87380,float,sum,378.15,22.18,21.26,0,378.35,22.17,21.25,0,RING,SIMPLE,32,RING,SIMPLE,32,0,RING,A_flag_ceiling
reduce_scatter_perf,3,24,16776960,174760,float,sum,387.35,43.31,41.51,0,388.44,43.19,41.39,0,RING,SIMPLE,32,RING,SIMPLE,32,0,RING,A_flag_ceiling
reduce_scatter_perf,3,24,33554304,349524,float,sum,398.96,84.11,80.6,0,398.22,84.26,80.75,0,RING,SIMPLE,32,RING,SIMPLE,32,0,RING,A_flag_ceiling
reduce_scatter_perf,3,24,67108608,699048,float,sum,420.96,159.42,152.78,0,417.8,160.63,153.93,0,RING,SIMPLE,32,RING,SIMPLE,32,0,RING,A_flag_ceiling
reduce_scatter_perf,3,24,134217600,1398100,float,sum,539.14,248.95,238.58,0,522.35,256.95,246.24,0,RING,SIMPLE,32,RING,SIMPLE,32,0,RING,A_flag_ceiling
reduce_scatter_perf,3,24,268435200,2796200,float,sum,817.99,328.17,314.49,0,788.57,340.41,326.23,0,RING,SIMPLE,32,RING,SIMPLE,32,0,RING,A_flag_ceiling
reduce_scatter_perf,3,24,536870784,5592404,float,sum,1462.23,367.16,351.86,0,1470.01,365.22,350.0,0,RING,SIMPLE,32,RING,SIMPLE,32,0,RING,A_flag_ceiling
reduce_scatter_perf,3,24,3840,40,float,sum,84.56,0.05,0.04,0,79.56,0.05,0.05,0,RING,LL,32,RING,LL,32,0,RING,A_flag_ceiling
reduce_scatter_perf,3,24,8064,84,float,sum,78.76,0.1,0.1,0,78.58,0.1,0.1,0,RING,LL,32,RING,LL,32,0,RING,A_flag_ceiling
reduce_scatter_perf,3,24,16128,168,float,sum,80.63,0.2,0.19,0,80.5,0.2,0.19,0,RING,LL,32,RING,LL,32,0,RING,A_flag_ceiling
reduce_scatter_perf,3,24,32640,340,float,sum,84.25,0.39,0.37,0,82.59,0.4,0.38,0,RING,LL,32,RING,LL,32,0,RING,A_flag_ceiling
reduce_scatter_perf,3,24,65280,680,float,sum,114.66,0.57,0.55,0,96.12,0.68,0.65,0,RING,LL,32,RING,LL,32,0,RING,A_flag_ceiling
reduce_scatter_perf,3,24,130944,1364,float,sum,145.74,0.9,0.86,0,148.35,0.88,0.85,0,RING,LL,32,RING,LL,32,0,RING,A_flag_ceiling
reduce_scatter_perf,3,24,261888,2728,float,sum,153.19,1.71,1.64,0,152.9,1.71,1.64,0,RING,LL,32,RING,LL,32,0,RING,A_flag_ceiling
reduce_scatter_perf,3,24,524160,5460,float,sum,156.45,3.35,3.21,0,153.88,3.41,3.26,0,RING,LL,32,RING,LL,32,0,RING,A_flag_ceiling
reduce_scatter_perf,3,24,1048320,10920,float,sum,165.21,6.35,6.08,0,166.29,6.3,6.04,0,RING,LL,32,RING,LL,32,0,RING,A_flag_ceiling
reduce_scatter_perf,3,24,2097024,21844,float,sum,193.12,10.86,10.41,0,196.21,10.69,10.24,0,RING,LL,32,RING,LL,32,0,RING,A_flag_ceiling
reduce_scatter_perf,3,24,4194048,43688,float,sum,232.23,18.06,17.31,0,230.8,18.17,17.41,0,RING,LL,32,RING,LL,32,0,RING,A_flag_ceiling
reduce_scatter_perf,3,24,8388480,87380,float,sum,356.55,23.53,22.55,0,362.75,23.12,22.16,0,RING,LL,32,RING,LL,32,0,RING,A_flag_ceiling
reduce_scatter_perf,3,24,16776960,174760,float,sum,544.96,30.79,29.5,0,530.96,31.6,30.28,0,RING,LL,32,RING,LL,32,0,RING,A_flag_ceiling
reduce_scatter_perf,3,24,33554304,349524,float,sum,886.24,37.86,36.28,0,915.57,36.65,35.12,0,RING,LL,32,RING,LL,32,0,RING,A_flag_ceiling
reduce_scatter_perf,3,24,67108608,699048,float,sum,1756.45,38.21,36.62,0,1751.11,38.32,36.73,0,RING,LL,32,RING,LL,32,0,RING,A_flag_ceiling
reduce_scatter_perf,3,24,134217600,1398100,float,sum,3338.53,40.2,38.53,0,3368.42,39.85,38.19,0,RING,LL,32,RING,LL,32,0,RING,A_flag_ceiling
reduce_scatter_perf,3,24,268435200,2796200,float,sum,6609.05,40.62,38.92,0,6504.67,41.27,39.55,0,RING,LL,32,RING,LL,32,0,RING,A_flag_ceiling
reduce_scatter_perf,3,24,536870784,5592404,float,sum,12873.8,41.7,39.96,0,12914.4,41.57,39.84,0,RING,LL,32,RING,LL,32,0,RING,A_flag_ceiling
reduce_scatter_perf,3,24,3840,40,float,sum,88.41,0.04,0.04,0,88.51,0.04,0.04,0,RING,LL128,32,RING,LL128,32,0,RING,A_flag_ceiling
reduce_scatter_perf,3,24,8064,84,float,sum,88.2,0.09,0.09,0,88.45,0.09,0.09,0,RING,LL128,32,RING,LL128,32,0,RING,A_flag_ceiling
reduce_scatter_perf,3,24,16128,168,float,sum,87.84,0.18,0.18,0,90.57,0.18,0.17,0,RING,LL128,32,RING,LL128,32,0,RING,A_flag_ceiling
reduce_scatter_perf,3,24,32640,340,float,sum,88.21,0.37,0.35,0,88.27,0.37,0.35,0,RING,LL128,32,RING,LL128,32,0,RING,A_flag_ceiling
reduce_scatter_perf,3,24,65280,680,float,sum,89.35,0.73,0.7,0,88.95,0.73,0.7,0,RING,LL128,32,RING,LL128,32,0,RING,A_flag_ceiling
reduce_scatter_perf,3,24,130944,1364,float,sum,94.88,1.38,1.32,0,93.66,1.4,1.34,0,RING,LL128,32,RING,LL128,32,0,RING,A_flag_ceiling
reduce_scatter_perf,3,24,261888,2728,float,sum,104.18,2.51,2.41,0,104.46,2.51,2.4,0,RING,LL128,32,RING,LL128,32,0,RING,A_flag_ceiling
reduce_scatter_perf,3,24,524160,5460,float,sum,147.39,3.56,3.41,0,148.34,3.53,3.39,0,RING,LL128,32,RING,LL128,32,0,RING,A_flag_ceiling
reduce_scatter_perf,3,24,1048320,10920,float,sum,146.38,7.16,6.86,0,145.96,7.18,6.88,0,RING,LL128,32,RING,LL128,32,0,RING,A_flag_ceiling
reduce_scatter_perf,3,24,2097024,21844,float,sum,145.82,14.38,13.78,0,147.71,14.2,13.6,0,RING,LL128,32,RING,LL128,32,0,RING,A_flag_ceiling
reduce_scatter_perf,3,24,4194048,43688,float,sum,145.77,28.77,27.57,0,143.87,29.15,27.94,0,RING,LL128,32,RING,LL128,32,0,RING,A_flag_ceiling
reduce_scatter_perf,3,24,8388480,87380,float,sum,147.73,56.78,54.42,0,147.85,56.74,54.37,0,RING,LL128,32,RING,LL128,32,0,RING,A_flag_ceiling
reduce_scatter_perf,3,24,16776960,174760,float,sum,157.04,106.83,102.38,0,167.95,99.89,95.73,0,RING,LL128,32,RING,LL128,32,0,RING,A_flag_ceiling
reduce_scatter_perf,3,24,33554304,349524,float,sum,183.14,183.22,175.59,0,182.5,183.86,176.2,0,RING,LL128,32,RING,LL128,32,0,RING,A_flag_ceiling
reduce_scatter_perf,3,24,67108608,699048,float,sum,294.74,227.69,218.2,0,292.94,229.08,219.54,0,RING,LL128,32,RING,LL128,32,0,RING,A_flag_ceiling
reduce_scatter_perf,3,24,134217600,1398100,float,sum,546.41,245.64,235.4,0,554.69,241.97,231.89,0,RING,LL128,32,RING,LL128,32,0,RING,A_flag_ceiling
reduce_scatter_perf,3,24,268435200,2796200,float,sum,1061.84,252.8,242.27,0,1056.2,254.15,243.56,0,RING,LL128,32,RING,LL128,32,0,RING,A_flag_ceiling
reduce_scatter_perf,3,24,536870784,5592404,float,sum,2076.24,258.58,247.8,0,2068.91,259.49,248.68,0,RING,LL128,32,RING,LL128,32,0,RING,A_flag_ceiling
reduce_scatter_perf,3,24,3840,40,float,sum,271.03,0.01,0.01,0,268.4,0.01,0.01,0,RING,SIMPLE,40,RING,SIMPLE,40,0,RING,A_flag_ceiling
reduce_scatter_perf,3,24,8064,84,float,sum,269.22,0.03,0.03,0,269.29,0.03,0.03,0,RING,SIMPLE,40,RING,SIMPLE,40,0,RING,A_flag_ceiling
reduce_scatter_perf,3,24,16128,168,float,sum,270.5,0.06,0.06,0,273.43,0.06,0.06,0,RING,SIMPLE,40,RING,SIMPLE,40,0,RING,A_flag_ceiling
reduce_scatter_perf,3,24,32640,340,float,sum,273.4,0.12,0.11,0,272.23,0.12,0.11,0,RING,SIMPLE,40,RING,SIMPLE,40,0,RING,A_flag_ceiling
reduce_scatter_perf,3,24,65280,680,float,sum,275.21,0.24,0.23,0,274.13,0.24,0.23,0,RING,SIMPLE,40,RING,SIMPLE,40,0,RING,A_flag_ceiling
reduce_scatter_perf,3,24,130944,1364,float,sum,282.52,0.46,0.44,0,283.19,0.46,0.44,0,RING,SIMPLE,40,RING,SIMPLE,40,0,RING,A_flag_ceiling
reduce_scatter_perf,3,24,261888,2728,float,sum,301.87,0.87,0.83,0,299.91,0.87,0.84,0,RING,SIMPLE,40,RING,SIMPLE,40,0,RING,A_flag_ceiling
reduce_scatter_perf,3,24,524160,5460,float,sum,371.94,1.41,1.35,0,368.28,1.42,1.36,0,RING,SIMPLE,40,RING,SIMPLE,40,0,RING,A_flag_ceiling
reduce_scatter_perf,3,24,1048320,10920,float,sum,368.14,2.85,2.73,0,367.16,2.86,2.74,0,RING,SIMPLE,40,RING,SIMPLE,40,0,RING,A_flag_ceiling
reduce_scatter_perf,3,24,2097024,21844,float,sum,369.26,5.68,5.44,0,369.69,5.67,5.44,0,RING,SIMPLE,40,RING,SIMPLE,40,0,RING,A_flag_ceiling
reduce_scatter_perf,3,24,4194048,43688,float,sum,407.51,10.29,9.86,0,408.41,10.27,9.84,0,RING,SIMPLE,40,RING,SIMPLE,40,0,RING,A_flag_ceiling
reduce_scatter_perf,3,24,8388480,87380,float,sum,440.43,19.05,18.25,0,431.74,19.43,18.62,0,RING,SIMPLE,40,RING,SIMPLE,40,0,RING,A_flag_ceiling
reduce_scatter_perf,3,24,16776960,174760,float,sum,433.53,38.7,37.09,0,433.17,38.73,37.12,0,RING,SIMPLE,40,RING,SIMPLE,40,0,RING,A_flag_ceiling
reduce_scatter_perf,3,24,33554304,349524,float,sum,446.89,75.08,71.96,0,446.99,75.07,71.94,0,RING,SIMPLE,40,RING,SIMPLE,40,0,RING,A_flag_ceiling
reduce_scatter_perf,3,24,67108608,699048,float,sum,466.72,143.79,137.8,0,466.37,143.89,137.9,0,RING,SIMPLE,40,RING,SIMPLE,40,0,RING,A_flag_ceiling
reduce_scatter_perf,3,24,134217600,1398100,float,sum,552.36,242.99,232.86,0,543.18,247.1,236.8,0,RING,SIMPLE,40,RING,SIMPLE,40,0,RING,A_flag_ceiling
reduce_scatter_perf,3,24,268435200,2796200,float,sum,785.3,341.82,327.58,0,767.84,349.6,335.03,0,RING,SIMPLE,40,RING,SIMPLE,40,0,RING,A_flag_ceiling
reduce_scatter_perf,3,24,536870784,5592404,float,sum,1423.23,377.22,361.5,0,1413.53,379.81,363.98,0,RING,SIMPLE,40,RING,SIMPLE,40,0,RING,A_flag_ceiling
reduce_scatter_perf,3,24,3840,40,float,sum,80.89,0.05,0.05,0,77.58,0.05,0.05,0,RING,LL,40,RING,LL,40,0,RING,A_flag_ceiling
reduce_scatter_perf,3,24,8064,84,float,sum,79.66,0.1,0.1,0,79.21,0.1,0.1,0,RING,LL,40,RING,LL,40,0,RING,A_flag_ceiling
reduce_scatter_perf,3,24,16128,168,float,sum,78.85,0.2,0.2,0,78.86,0.2,0.2,0,RING,LL,40,RING,LL,40,0,RING,A_flag_ceiling
reduce_scatter_perf,3,24,32640,340,float,sum,128.63,0.25,0.24,0,82.57,0.4,0.38,0,RING,LL,40,RING,LL,40,0,RING,A_flag_ceiling
reduce_scatter_perf,3,24,65280,680,float,sum,99.89,0.65,0.63,0,95.24,0.69,0.66,0,RING,LL,40,RING,LL,40,0,RING,A_flag_ceiling
reduce_scatter_perf,3,24,130944,1364,float,sum,144.31,0.91,0.87,0,143.97,0.91,0.87,0,RING,LL,40,RING,LL,40,0,RING,A_flag_ceiling
reduce_scatter_perf,3,24,261888,2728,float,sum,151.89,1.72,1.65,0,149.97,1.75,1.67,0,RING,LL,40,RING,LL,40,0,RING,A_flag_ceiling
reduce_scatter_perf,3,24,524160,5460,float,sum,201.17,2.61,2.5,0,155.31,3.37,3.23,0,RING,LL,40,RING,LL,40,0,RING,A_flag_ceiling
reduce_scatter_perf,3,24,1048320,10920,float,sum,187.34,5.6,5.36,0,188.21,5.57,5.34,0,RING,LL,40,RING,LL,40,0,RING,A_flag_ceiling
reduce_scatter_perf,3,24,2097024,21844,float,sum,224.76,9.33,8.94,0,225.24,9.31,8.92,0,RING,LL,40,RING,LL,40,0,RING,A_flag_ceiling
reduce_scatter_perf,3,24,4194048,43688,float,sum,263.79,15.9,15.24,0,262.95,15.95,15.29,0,RING,LL,40,RING,LL,40,0,RING,A_flag_ceiling
reduce_scatter_perf,3,24,8388480,87380,float,sum,324.9,25.82,24.74,0,319.09,26.29,25.19,0,RING,LL,40,RING,LL,40,0,RING,A_flag_ceiling
reduce_scatter_perf,3,24,16776960,174760,float,sum,556.69,30.14,28.88,0,555.25,30.22,28.96,0,RING,LL,40,RING,LL,40,0,RING,A_flag_ceiling
reduce_scatter_perf,3,24,33554304,349524,float,sum,946.57,35.45,33.97,0,953.79,35.18,33.71,0,RING,LL,40,RING,LL,40,0,RING,A_flag_ceiling
reduce_scatter_perf,3,24,67108608,699048,float,sum,1748.04,38.39,36.79,0,1746.16,38.43,36.83,0,RING,LL,40,RING,LL,40,0,RING,A_flag_ceiling
reduce_scatter_perf,3,24,134217600,1398100,float,sum,3310.99,40.54,38.85,0,3307.34,40.58,38.89,0,RING,LL,40,RING,LL,40,0,RING,A_flag_ceiling
reduce_scatter_perf,3,24,268435200,2796200,float,sum,6555.27,40.95,39.24,0,6574.23,40.83,39.13,0,RING,LL,40,RING,LL,40,0,RING,A_flag_ceiling
reduce_scatter_perf,3,24,536870784,5592404,float,sum,13002.5,41.29,39.57,0,13068.1,41.08,39.37,0,RING,LL,40,RING,LL,40,0,RING,A_flag_ceiling
reduce_scatter_perf,3,24,3840,40,float,sum,90.83,0.04,0.04,0,87.72,0.04,0.04,0,RING,LL128,40,RING,LL128,40,0,RING,A_flag_ceiling
reduce_scatter_perf,3,24,8064,84,float,sum,88.13,0.09,0.09,0,88.16,0.09,0.09,0,RING,LL128,40,RING,LL128,40,0,RING,A_flag_ceiling
reduce_scatter_perf,3,24,16128,168,float,sum,88.27,0.18,0.18,0,87.62,0.18,0.18,0,RING,LL128,40,RING,LL128,40,0,RING,A_flag_ceiling
reduce_scatter_perf,3,24,32640,340,float,sum,90.02,0.36,0.35,0,88.37,0.37,0.35,0,RING,LL128,40,RING,LL128,40,0,RING,A_flag_ceiling
reduce_scatter_perf,3,24,65280,680,float,sum,89.47,0.73,0.7,0,90.32,0.72,0.69,0,RING,LL128,40,RING,LL128,40,0,RING,A_flag_ceiling
reduce_scatter_perf,3,24,130944,1364,float,sum,93.0,1.41,1.35,0,92.86,1.41,1.35,0,RING,LL128,40,RING,LL128,40,0,RING,A_flag_ceiling
reduce_scatter_perf,3,24,261888,2728,float,sum,103.1,2.54,2.43,0,102.22,2.56,2.46,0,RING,LL128,40,RING,LL128,40,0,RING,A_flag_ceiling
reduce_scatter_perf,3,24,524160,5460,float,sum,150.81,3.48,3.33,0,144.44,3.63,3.48,0,RING,LL128,40,RING,LL128,40,0,RING,A_flag_ceiling
reduce_scatter_perf,3,24,1048320,10920,float,sum,142.56,7.35,7.05,0,143.3,7.32,7.01,0,RING,LL128,40,RING,LL128,40,0,RING,A_flag_ceiling
reduce_scatter_perf,3,24,2097024,21844,float,sum,142.85,14.68,14.07,0,142.8,14.69,14.07,0,RING,LL128,40,RING,LL128,40,0,RING,A_flag_ceiling
reduce_scatter_perf,3,24,4194048,43688,float,sum,164.19,25.54,24.48,0,175.05,23.96,22.96,0,RING,LL128,40,RING,LL128,40,0,RING,A_flag_ceiling
reduce_scatter_perf,3,24,8388480,87380,float,sum,170.31,49.25,47.2,0,169.27,49.56,47.49,0,RING,LL128,40,RING,LL128,40,0,RING,A_flag_ceiling
reduce_scatter_perf,3,24,16776960,174760,float,sum,173.7,96.58,92.56,0,174.24,96.28,92.27,0,RING,LL128,40,RING,LL128,40,0,RING,A_flag_ceiling
reduce_scatter_perf,3,24,33554304,349524,float,sum,191.21,175.49,168.18,0,190.18,176.43,169.08,0,RING,LL128,40,RING,LL128,40,0,RING,A_flag_ceiling
reduce_scatter_perf,3,24,67108608,699048,float,sum,268.43,250.0,239.58,0,265.33,252.92,242.39,0,RING,LL128,40,RING,LL128,40,0,RING,A_flag_ceiling
reduce_scatter_perf,3,24,134217600,1398100,float,sum,514.11,261.07,250.19,0,504.56,266.01,254.92,0,RING,LL128,40,RING,LL128,40,0,RING,A_flag_ceiling
reduce_scatter_perf,3,24,268435200,2796200,float,sum,936.27,286.71,274.76,0,929.72,288.73,276.7,0,RING,LL128,40,RING,LL128,40,0,RING,A_flag_ceiling
reduce_scatter_perf,3,24,536870784,5592404,float,sum,1837.75,292.13,279.96,0,1835.49,292.49,280.31,0,RING,LL128,40,RING,LL128,40,0,RING,A_flag_ceiling
reduce_scatter_perf,3,24,3840,40,float,sum,271.02,0.01,0.01,0,268.99,0.01,0.01,0,RING,SIMPLE,48,RING,SIMPLE,48,0,RING,A_flag_ceiling
reduce_scatter_perf,3,24,8064,84,float,sum,269.61,0.03,0.03,0,268.59,0.03,0.03,0,RING,SIMPLE,48,RING,SIMPLE,48,0,RING,A_flag_ceiling
reduce_scatter_perf,3,24,16128,168,float,sum,270.52,0.06,0.06,0,269.01,0.06,0.06,0,RING,SIMPLE,48,RING,SIMPLE,48,0,RING,A_flag_ceiling
reduce_scatter_perf,3,24,32640,340,float,sum,273.32,0.12,0.11,0,273.64,0.12,0.11,0,RING,SIMPLE,48,RING,SIMPLE,48,0,RING,A_flag_ceiling
reduce_scatter_perf,3,24,65280,680,float,sum,274.93,0.24,0.23,0,274.7,0.24,0.23,0,RING,SIMPLE,48,RING,SIMPLE,48,0,RING,A_flag_ceiling
reduce_scatter_perf,3,24,130944,1364,float,sum,284.11,0.46,0.44,0,283.53,0.46,0.44,0,RING,SIMPLE,48,RING,SIMPLE,48,0,RING,A_flag_ceiling
reduce_scatter_perf,3,24,261888,2728,float,sum,301.04,0.87,0.83,0,302.35,0.87,0.83,0,RING,SIMPLE,48,RING,SIMPLE,48,0,RING,A_flag_ceiling
reduce_scatter_perf,3,24,524160,5460,float,sum,374.43,1.4,1.34,0,370.65,1.41,1.36,0,RING,SIMPLE,48,RING,SIMPLE,48,0,RING,A_flag_ceiling
reduce_scatter_perf,3,24,1048320,10920,float,sum,369.76,2.84,2.72,0,368.67,2.84,2.73,0,RING,SIMPLE,48,RING,SIMPLE,48,0,RING,A_flag_ceiling
reduce_scatter_perf,3,24,2097024,21844,float,sum,444.8,4.71,4.52,0,440.41,4.76,4.56,0,RING,SIMPLE,48,RING,SIMPLE,48,0,RING,A_flag_ceiling
reduce_scatter_perf,3,24,4194048,43688,float,sum,448.0,9.36,8.97,0,448.36,9.35,8.96,0,RING,SIMPLE,48,RING,SIMPLE,48,0,RING,A_flag_ceiling
reduce_scatter_perf,3,24,8388480,87380,float,sum,470.95,17.81,17.07,0,468.9,17.89,17.14,0,RING,SIMPLE,48,RING,SIMPLE,48,0,RING,A_flag_ceiling
reduce_scatter_perf,3,24,16776960,174760,float,sum,473.44,35.44,33.96,0,471.86,35.56,34.07,0,RING,SIMPLE,48,RING,SIMPLE,48,0,RING,A_flag_ceiling
reduce_scatter_perf,3,24,33554304,349524,float,sum,491.73,68.24,65.39,0,492.96,68.07,65.23,0,RING,SIMPLE,48,RING,SIMPLE,48,0,RING,A_flag_ceiling
reduce_scatter_perf,3,24,67108608,699048,float,sum,510.21,131.53,126.05,0,508.5,131.97,126.47,0,RING,SIMPLE,48,RING,SIMPLE,48,0,RING,A_flag_ceiling
reduce_scatter_perf,3,24,134217600,1398100,float,sum,572.43,234.47,224.7,0,563.1,238.35,228.42,0,RING,SIMPLE,48,RING,SIMPLE,48,0,RING,A_flag_ceiling
reduce_scatter_perf,3,24,268435200,2796200,float,sum,784.73,342.07,327.82,0,766.55,350.19,335.6,0,RING,SIMPLE,48,RING,SIMPLE,48,0,RING,A_flag_ceiling
reduce_scatter_perf,3,24,536870784,5592404,float,sum,1412.39,380.12,364.28,0,1404.03,382.38,366.45,0,RING,SIMPLE,48,RING,SIMPLE,48,0,RING,A_flag_ceiling
reduce_scatter_perf,3,24,3840,40,float,sum,78.46,0.05,0.05,0,77.4,0.05,0.05,0,RING,LL,48,RING,LL,48,0,RING,A_flag_ceiling
reduce_scatter_perf,3,24,8064,84,float,sum,78.95,0.1,0.1,0,79.0,0.1,0.1,0,RING,LL,48,RING,LL,48,0,RING,A_flag_ceiling
reduce_scatter_perf,3,24,16128,168,float,sum,79.59,0.2,0.19,0,78.86,0.2,0.2,0,RING,LL,48,RING,LL,48,0,RING,A_flag_ceiling
reduce_scatter_perf,3,24,32640,340,float,sum,82.87,0.39,0.38,0,83.79,0.39,0.37,0,RING,LL,48,RING,LL,48,0,RING,A_flag_ceiling
reduce_scatter_perf,3,24,65280,680,float,sum,95.78,0.68,0.65,0,94.88,0.69,0.66,0,RING,LL,48,RING,LL,48,0,RING,A_flag_ceiling
reduce_scatter_perf,3,24,130944,1364,float,sum,145.82,0.9,0.86,0,143.11,0.91,0.88,0,RING,LL,48,RING,LL,48,0,RING,A_flag_ceiling
reduce_scatter_perf,3,24,261888,2728,float,sum,149.86,1.75,1.67,0,148.52,1.76,1.69,0,RING,LL,48,RING,LL,48,0,RING,A_flag_ceiling
reduce_scatter_perf,3,24,524160,5460,float,sum,189.42,2.77,2.65,0,190.32,2.75,2.64,0,RING,LL,48,RING,LL,48,0,RING,A_flag_ceiling
reduce_scatter_perf,3,24,1048320,10920,float,sum,202.68,5.17,4.96,0,210.55,4.98,4.77,0,RING,LL,48,RING,LL,48,0,RING,A_flag_ceiling
reduce_scatter_perf,3,24,2097024,21844,float,sum,228.45,9.18,8.8,0,341.4,6.14,5.89,0,RING,LL,48,RING,LL,48,0,RING,A_flag_ceiling
reduce_scatter_perf,3,24,4194048,43688,float,sum,276.33,15.18,14.55,0,274.18,15.3,14.66,0,RING,LL,48,RING,LL,48,0,RING,A_flag_ceiling
reduce_scatter_perf,3,24,8388480,87380,float,sum,358.35,23.41,22.43,0,359.33,23.35,22.37,0,RING,LL,48,RING,LL,48,0,RING,A_flag_ceiling
reduce_scatter_perf,3,24,16776960,174760,float,sum,485.16,34.58,33.14,0,465.01,36.08,34.58,0,RING,LL,48,RING,LL,48,0,RING,A_flag_ceiling
reduce_scatter_perf,3,24,33554304,349524,float,sum,892.84,37.58,36.02,0,882.81,38.01,36.43,0,RING,LL,48,RING,LL,48,0,RING,A_flag_ceiling
reduce_scatter_perf,3,24,67108608,699048,float,sum,1714.19,39.15,37.52,0,1719.87,39.02,37.39,0,RING,LL,48,RING,LL,48,0,RING,A_flag_ceiling
reduce_scatter_perf,3,24,134217600,1398100,float,sum,3332.54,40.27,38.6,0,3332.69,40.27,38.6,0,RING,LL,48,RING,LL,48,0,RING,A_flag_ceiling
reduce_scatter_perf,3,24,268435200,2796200,float,sum,6525.14,41.14,39.42,0,6479.42,41.43,39.7,0,RING,LL,48,RING,LL,48,0,RING,A_flag_ceiling
reduce_scatter_perf,3,24,536870784,5592404,float,sum,13110.2,40.95,39.24,0,12595.5,42.62,40.85,0,RING,LL,48,RING,LL,48,0,RING,A_flag_ceiling
reduce_scatter_perf,3,24,3840,40,float,sum,91.0,0.04,0.04,0,86.06,0.04,0.04,0,RING,LL128,48,RING,LL128,48,0,RING,A_flag_ceiling
reduce_scatter_perf,3,24,8064,84,float,sum,87.48,0.09,0.09,0,85.93,0.09,0.09,0,RING,LL128,48,RING,LL128,48,0,RING,A_flag_ceiling
reduce_scatter_perf,3,24,16128,168,float,sum,86.8,0.19,0.18,0,85.3,0.19,0.18,0,RING,LL128,48,RING,LL128,48,0,RING,A_flag_ceiling
reduce_scatter_perf,3,24,32640,340,float,sum,87.16,0.37,0.36,0,86.87,0.38,0.36,0,RING,LL128,48,RING,LL128,48,0,RING,A_flag_ceiling
reduce_scatter_perf,3,24,65280,680,float,sum,89.05,0.73,0.7,0,88.55,0.74,0.71,0,RING,LL128,48,RING,LL128,48,0,RING,A_flag_ceiling
reduce_scatter_perf,3,24,130944,1364,float,sum,93.68,1.4,1.34,0,92.71,1.41,1.35,0,RING,LL128,48,RING,LL128,48,0,RING,A_flag_ceiling
reduce_scatter_perf,3,24,261888,2728,float,sum,107.33,2.44,2.34,0,103.14,2.54,2.43,0,RING,LL128,48,RING,LL128,48,0,RING,A_flag_ceiling
reduce_scatter_perf,3,24,524160,5460,float,sum,147.5,3.55,3.41,0,147.71,3.55,3.4,0,RING,LL128,48,RING,LL128,48,0,RING,A_flag_ceiling
reduce_scatter_perf,3,24,1048320,10920,float,sum,145.88,7.19,6.89,0,144.52,7.25,6.95,0,RING,LL128,48,RING,LL128,48,0,RING,A_flag_ceiling
reduce_scatter_perf,3,24,2097024,21844,float,sum,186.96,11.22,10.75,0,181.28,11.57,11.09,0,RING,LL128,48,RING,LL128,48,0,RING,A_flag_ceiling
reduce_scatter_perf,3,24,4194048,43688,float,sum,182.31,23.01,22.05,0,182.06,23.04,22.08,0,RING,LL128,48,RING,LL128,48,0,RING,A_flag_ceiling
reduce_scatter_perf,3,24,8388480,87380,float,sum,193.89,43.26,41.46,0,193.27,43.4,41.59,0,RING,LL128,48,RING,LL128,48,0,RING,A_flag_ceiling
reduce_scatter_perf,3,24,16776960,174760,float,sum,194.94,86.06,82.48,0,195.53,85.8,82.23,0,RING,LL128,48,RING,LL128,48,0,RING,A_flag_ceiling
reduce_scatter_perf,3,24,33554304,349524,float,sum,213.67,157.04,150.49,0,213.95,156.83,150.3,0,RING,LL128,48,RING,LL128,48,0,RING,A_flag_ceiling
reduce_scatter_perf,3,24,67108608,699048,float,sum,266.66,251.66,241.17,0,286.86,233.94,224.19,0,RING,LL128,48,RING,LL128,48,0,RING,A_flag_ceiling
reduce_scatter_perf,3,24,134217600,1398100,float,sum,544.15,246.66,236.38,0,542.33,247.48,237.17,0,RING,LL128,48,RING,LL128,48,0,RING,A_flag_ceiling
reduce_scatter_perf,3,24,268435200,2796200,float,sum,902.24,297.52,285.12,0,999.31,268.62,257.43,0,RING,LL128,48,RING,LL128,48,0,RING,A_flag_ceiling
reduce_scatter_perf,3,24,536870784,5592404,float,sum,1700.87,315.64,302.49,0,1699.67,315.87,302.71,0,RING,LL128,48,RING,LL128,48,0,RING,A_flag_ceiling
reduce_scatter_perf,3,24,3840,40,float,sum,268.56,0.01,0.01,0,268.2,0.01,0.01,0,RING,SIMPLE,1,RING,SIMPLE,1,0,RING,A_flag_ceiling
reduce_scatter_perf,3,24,8064,84,float,sum,268.16,0.03,0.03,0,268.12,0.03,0.03,0,RING,SIMPLE,1,RING,SIMPLE,1,0,RING,A_flag_ceiling
reduce_scatter_perf,3,24,16128,168,float,sum,269.64,0.06,0.06,0,269.05,0.06,0.06,0,RING,SIMPLE,1,RING,SIMPLE,1,0,RING,A_flag_ceiling
reduce_scatter_perf,3,24,32640,340,float,sum,269.52,0.12,0.12,0,269.93,0.12,0.12,0,RING,SIMPLE,1,RING,SIMPLE,1,0,RING,A_flag_ceiling
reduce_scatter_perf,3,24,65280,680,float,sum,272.98,0.24,0.23,0,271.56,0.24,0.23,0,RING,SIMPLE,1,RING,SIMPLE,1,0,RING,A_flag_ceiling
reduce_scatter_perf,3,24,130944,1364,float,sum,277.02,0.47,0.45,0,276.1,0.47,0.45,0,RING,SIMPLE,1,RING,SIMPLE,1,0,RING,A_flag_ceiling
reduce_scatter_perf,3,24,261888,2728,float,sum,286.47,0.91,0.88,0,285.56,0.92,0.88,0,RING,SIMPLE,1,RING,SIMPLE,1,0,RING,A_flag_ceiling
reduce_scatter_perf,3,24,524160,5460,float,sum,301.57,1.74,1.67,0,299.59,1.75,1.68,0,RING,SIMPLE,1,RING,SIMPLE,1,0,RING,A_flag_ceiling
reduce_scatter_perf,3,24,1048320,10920,float,sum,313.15,3.35,3.21,0,311.95,3.36,3.22,0,RING,SIMPLE,1,RING,SIMPLE,1,0,RING,A_flag_ceiling
reduce_scatter_perf,3,24,2097024,21844,float,sum,376.59,5.57,5.34,0,372.88,5.62,5.39,0,RING,SIMPLE,1,RING,SIMPLE,1,0,RING,A_flag_ceiling
reduce_scatter_perf,3,24,4194048,43688,float,sum,515.94,8.13,7.79,0,505.56,8.3,7.95,0,RING,SIMPLE,1,RING,SIMPLE,1,0,RING,A_flag_ceiling
reduce_scatter_perf,3,24,8388480,87380,float,sum,847.9,9.89,9.48,0,806.73,10.4,9.96,0,RING,SIMPLE,1,RING,SIMPLE,1,0,RING,A_flag_ceiling
reduce_scatter_perf,3,24,16776960,174760,float,sum,1167.77,14.37,13.77,0,1107.64,15.15,14.52,0,RING,SIMPLE,1,RING,SIMPLE,1,0,RING,A_flag_ceiling
reduce_scatter_perf,3,24,33554304,349524,float,sum,2192.03,15.31,14.67,0,2092.7,16.03,15.37,0,RING,SIMPLE,1,RING,SIMPLE,1,0,RING,A_flag_ceiling
reduce_scatter_perf,3,24,67108608,699048,float,sum,4399.08,15.26,14.62,0,4162.14,16.12,15.45,0,RING,SIMPLE,1,RING,SIMPLE,1,0,RING,A_flag_ceiling
reduce_scatter_perf,3,24,134217600,1398100,float,sum,8583.35,15.64,14.99,0,8241.05,16.29,15.61,0,RING,SIMPLE,1,RING,SIMPLE,1,0,RING,A_flag_ceiling
reduce_scatter_perf,3,24,268435200,2796200,float,sum,17186.5,15.62,14.97,0,16508.5,16.26,15.58,0,RING,SIMPLE,1,RING,SIMPLE,1,0,RING,A_flag_ceiling
reduce_scatter_perf,3,24,536870784,5592404,float,sum,34193.8,15.7,15.05,0,33415.7,16.07,15.4,0,RING,SIMPLE,1,RING,SIMPLE,1,0,RING,A_flag_ceiling
reduce_scatter_perf,3,24,3840,40,float,sum,77.83,0.05,0.05,0,77.3,0.05,0.05,0,RING,LL,1,RING,LL,1,0,RING,A_flag_ceiling
reduce_scatter_perf,3,24,8064,84,float,sum,78.13,0.1,0.1,0,78.19,0.1,0.1,0,RING,LL,1,RING,LL,1,0,RING,A_flag_ceiling
reduce_scatter_perf,3,24,16128,168,float,sum,78.76,0.2,0.2,0,78.17,0.21,0.2,0,RING,LL,1,RING,LL,1,0,RING,A_flag_ceiling
reduce_scatter_perf,3,24,32640,340,float,sum,80.33,0.41,0.39,0,79.72,0.41,0.39,0,RING,LL,1,RING,LL,1,0,RING,A_flag_ceiling
reduce_scatter_perf,3,24,65280,680,float,sum,88.36,0.74,0.71,0,87.67,0.74,0.71,0,RING,LL,1,RING,LL,1,0,RING,A_flag_ceiling
reduce_scatter_perf,3,24,130944,1364,float,sum,99.34,1.32,1.26,0,97.71,1.34,1.28,0,RING,LL,1,RING,LL,1,0,RING,A_flag_ceiling
reduce_scatter_perf,3,24,261888,2728,float,sum,144.84,1.81,1.73,0,144.12,1.82,1.74,0,RING,LL,1,RING,LL,1,0,RING,A_flag_ceiling
reduce_scatter_perf,3,24,524160,5460,float,sum,260.8,2.01,1.93,0,257.15,2.04,1.95,0,RING,LL,1,RING,LL,1,0,RING,A_flag_ceiling
reduce_scatter_perf,3,24,1048320,10920,float,sum,477.06,2.2,2.11,0,469.73,2.23,2.14,0,RING,LL,1,RING,LL,1,0,RING,A_flag_ceiling
reduce_scatter_perf,3,24,2097024,21844,float,sum,916.94,2.29,2.19,0,919.02,2.28,2.19,0,RING,LL,1,RING,LL,1,0,RING,A_flag_ceiling
reduce_scatter_perf,3,24,4194048,43688,float,sum,1809.32,2.32,2.22,0,1811.84,2.31,2.22,0,RING,LL,1,RING,LL,1,0,RING,A_flag_ceiling
reduce_scatter_perf,3,24,8388480,87380,float,sum,3569.8,2.35,2.25,0,3558.98,2.36,2.26,0,RING,LL,1,RING,LL,1,0,RING,A_flag_ceiling
reduce_scatter_perf,3,24,16776960,174760,float,sum,7128.3,2.35,2.26,0,7095.56,2.36,2.27,0,RING,LL,1,RING,LL,1,0,RING,A_flag_ceiling
reduce_scatter_perf,3,24,33554304,349524,float,sum,14257.4,2.35,2.26,0,14176.2,2.37,2.27,0,RING,LL,1,RING,LL,1,0,RING,A_flag_ceiling
reduce_scatter_perf,3,24,67108608,699048,float,sum,28394.0,2.36,2.27,0,28361.6,2.37,2.27,0,RING,LL,1,RING,LL,1,0,RING,A_flag_ceiling
reduce_scatter_perf,3,24,134217600,1398100,float,sum,56923.4,2.36,2.26,0,56659.3,2.37,2.27,0,RING,LL,1,RING,LL,1,0,RING,A_flag_ceiling
reduce_scatter_perf,3,24,268435200,2796200,float,sum,113724.0,2.36,2.26,0,113164.0,2.37,2.27,0,RING,LL,1,RING,LL,1,0,RING,A_flag_ceiling
reduce_scatter_perf,3,24,536870784,5592404,float,sum,226801.0,2.37,2.27,0,226981.0,2.37,2.27,0,RING,LL,1,RING,LL,1,0,RING,A_flag_ceiling
reduce_scatter_perf,3,24,3840,40,float,sum,86.99,0.04,0.04,0,85.97,0.04,0.04,0,RING,LL128,1,RING,LL128,1,0,RING,A_flag_ceiling
reduce_scatter_perf,3,24,8064,84,float,sum,87.34,0.09,0.09,0,85.83,0.09,0.09,0,RING,LL128,1,RING,LL128,1,0,RING,A_flag_ceiling
reduce_scatter_perf,3,24,16128,168,float,sum,86.58,0.19,0.18,0,85.11,0.19,0.18,0,RING,LL128,1,RING,LL128,1,0,RING,A_flag_ceiling
reduce_scatter_perf,3,24,32640,340,float,sum,87.16,0.37,0.36,0,86.24,0.38,0.36,0,RING,LL128,1,RING,LL128,1,0,RING,A_flag_ceiling
reduce_scatter_perf,3,24,65280,680,float,sum,90.98,0.72,0.69,0,85.93,0.76,0.73,0,RING,LL128,1,RING,LL128,1,0,RING,A_flag_ceiling
reduce_scatter_perf,3,24,130944,1364,float,sum,91.93,1.42,1.37,0,87.59,1.5,1.43,0,RING,LL128,1,RING,LL128,1,0,RING,A_flag_ceiling
reduce_scatter_perf,3,24,261888,2728,float,sum,93.03,2.81,2.7,0,91.43,2.86,2.74,0,RING,LL128,1,RING,LL128,1,0,RING,A_flag_ceiling
reduce_scatter_perf,3,24,524160,5460,float,sum,118.24,4.43,4.25,0,114.92,4.56,4.37,0,RING,LL128,1,RING,LL128,1,0,RING,A_flag_ceiling
reduce_scatter_perf,3,24,1048320,10920,float,sum,173.01,6.06,5.81,0,168.14,6.23,5.97,0,RING,LL128,1,RING,LL128,1,0,RING,A_flag_ceiling
reduce_scatter_perf,3,24,2097024,21844,float,sum,274.98,7.63,7.31,0,272.52,7.7,7.37,0,RING,LL128,1,RING,LL128,1,0,RING,A_flag_ceiling
reduce_scatter_perf,3,24,4194048,43688,float,sum,512.93,8.18,7.84,0,509.05,8.24,7.9,0,RING,LL128,1,RING,LL128,1,0,RING,A_flag_ceiling
reduce_scatter_perf,3,24,8388480,87380,float,sum,994.47,8.44,8.08,0,1001.85,8.37,8.02,0,RING,LL128,1,RING,LL128,1,0,RING,A_flag_ceiling
reduce_scatter_perf,3,24,16776960,174760,float,sum,1744.38,9.62,9.22,0,1747.36,9.6,9.2,0,RING,LL128,1,RING,LL128,1,0,RING,A_flag_ceiling
reduce_scatter_perf,3,24,33554304,349524,float,sum,3491.01,9.61,9.21,0,3496.04,9.6,9.2,0,RING,LL128,1,RING,LL128,1,0,RING,A_flag_ceiling
reduce_scatter_perf,3,24,67108608,699048,float,sum,6930.06,9.68,9.28,0,6962.98,9.64,9.24,0,RING,LL128,1,RING,LL128,1,0,RING,A_flag_ceiling
reduce_scatter_perf,3,24,134217600,1398100,float,sum,13915.8,9.65,9.24,0,13952.5,9.62,9.22,0,RING,LL128,1,RING,LL128,1,0,RING,A_flag_ceiling
reduce_scatter_perf,3,24,268435200,2796200,float,sum,27665.1,9.7,9.3,0,27816.1,9.65,9.25,0,RING,LL128,1,RING,LL128,1,0,RING,A_flag_ceiling
reduce_scatter_perf,3,24,536870784,5592404,float,sum,55471.4,9.68,9.28,0,55782.2,9.62,9.22,0,RING,LL128,1,RING,LL128,1,0,RING,A_flag_ceiling
reduce_scatter_perf,3,24,3840,40,float,sum,268.91,0.01,0.01,0,268.35,0.01,0.01,0,RING,SIMPLE,2,RING,SIMPLE,2,0,RING,A_flag_ceiling
reduce_scatter_perf,3,24,8064,84,float,sum,268.95,0.03,0.03,0,269.39,0.03,0.03,0,RING,SIMPLE,2,RING,SIMPLE,2,0,RING,A_flag_ceiling
reduce_scatter_perf,3,24,16128,168,float,sum,269.05,0.06,0.06,0,270.29,0.06,0.06,0,RING,SIMPLE,2,RING,SIMPLE,2,0,RING,A_flag_ceiling
reduce_scatter_perf,3,24,32640,340,float,sum,274.89,0.12,0.11,0,274.97,0.12,0.11,0,RING,SIMPLE,2,RING,SIMPLE,2,0,RING,A_flag_ceiling
reduce_scatter_perf,3,24,65280,680,float,sum,274.75,0.24,0.23,0,274.65,0.24,0.23,0,RING,SIMPLE,2,RING,SIMPLE,2,0,RING,A_flag_ceiling
reduce_scatter_perf,3,24,130944,1364,float,sum,276.96,0.47,0.45,0,276.37,0.47,0.45,0,RING,SIMPLE,2,RING,SIMPLE,2,0,RING,A_flag_ceiling
reduce_scatter_perf,3,24,261888,2728,float,sum,278.84,0.94,0.9,0,278.46,0.94,0.9,0,RING,SIMPLE,2,RING,SIMPLE,2,0,RING,A_flag_ceiling
reduce_scatter_perf,3,24,524160,5460,float,sum,289.01,1.81,1.74,0,288.83,1.81,1.74,0,RING,SIMPLE,2,RING,SIMPLE,2,0,RING,A_flag_ceiling
reduce_scatter_perf,3,24,1048320,10920,float,sum,302.14,3.47,3.33,0,300.79,3.49,3.34,0,RING,SIMPLE,2,RING,SIMPLE,2,0,RING,A_flag_ceiling
reduce_scatter_perf,3,24,2097024,21844,float,sum,314.43,6.67,6.39,0,313.48,6.69,6.41,0,RING,SIMPLE,2,RING,SIMPLE,2,0,RING,A_flag_ceiling
reduce_scatter_perf,3,24,4194048,43688,float,sum,375.7,11.16,10.7,0,371.23,11.3,10.83,0,RING,SIMPLE,2,RING,SIMPLE,2,0,RING,A_flag_ceiling
reduce_scatter_perf,3,24,8388480,87380,float,sum,519.4,16.15,15.48,0,511.96,16.39,15.7,0,RING,SIMPLE,2,RING,SIMPLE,2,0,RING,A_flag_ceiling
reduce_scatter_perf,3,24,16776960,174760,float,sum,652.36,25.72,24.65,0,623.73,26.9,25.78,0,RING,SIMPLE,2,RING,SIMPLE,2,0,RING,A_flag_ceiling
reduce_scatter_perf,3,24,33554304,349524,float,sum,1182.0,28.39,27.2,0,1147.12,29.25,28.03,0,RING,SIMPLE,2,RING,SIMPLE,2,0,RING,A_flag_ceiling
reduce_scatter_perf,3,24,67108608,699048,float,sum,2184.24,30.72,29.44,0,2091.71,32.08,30.75,0,RING,SIMPLE,2,RING,SIMPLE,2,0,RING,A_flag_ceiling
reduce_scatter_perf,3,24,134217600,1398100,float,sum,4389.82,30.57,29.3,0,4182.31,32.09,30.75,0,RING,SIMPLE,2,RING,SIMPLE,2,0,RING,A_flag_ceiling
reduce_scatter_perf,3,24,268435200,2796200,float,sum,8547.12,31.41,30.1,0,8289.78,32.38,31.03,0,RING,SIMPLE,2,RING,SIMPLE,2,0,RING,A_flag_ceiling
reduce_scatter_perf,3,24,536870784,5592404,float,sum,17210.2,31.2,29.9,0,16780.0,31.99,30.66,0,RING,SIMPLE,2,RING,SIMPLE,2,0,RING,A_flag_ceiling
reduce_scatter_perf,3,24,3840,40,float,sum,78.29,0.05,0.05,0,77.08,0.05,0.05,0,RING,LL,2,RING,LL,2,0,RING,A_flag_ceiling
reduce_scatter_perf,3,24,8064,84,float,sum,79.62,0.1,0.1,0,79.16,0.1,0.1,0,RING,LL,2,RING,LL,2,0,RING,A_flag_ceiling
reduce_scatter_perf,3,24,16128,168,float,sum,79.79,0.2,0.19,0,79.01,0.2,0.2,0,RING,LL,2,RING,LL,2,0,RING,A_flag_ceiling
reduce_scatter_perf,3,24,32640,340,float,sum,79.78,0.41,0.39,0,79.53,0.41,0.39,0,RING,LL,2,RING,LL,2,0,RING,A_flag_ceiling
reduce_scatter_perf,3,24,65280,680,float,sum,81.62,0.8,0.77,0,81.21,0.8,0.77,0,RING,LL,2,RING,LL,2,0,RING,A_flag_ceiling
reduce_scatter_perf,3,24,130944,1364,float,sum,89.62,1.46,1.4,0,90.23,1.45,1.39,0,RING,LL,2,RING,LL,2,0,RING,A_flag_ceiling
reduce_scatter_perf,3,24,261888,2728,float,sum,100.52,2.61,2.5,0,99.16,2.64,2.53,0,RING,LL,2,RING,LL,2,0,RING,A_flag_ceiling
reduce_scatter_perf,3,24,524160,5460,float,sum,146.82,3.57,3.42,0,145.16,3.61,3.46,0,RING,LL,2,RING,LL,2,0,RING,A_flag_ceiling
reduce_scatter_perf,3,24,1048320,10920,float,sum,262.51,3.99,3.83,0,257.87,4.07,3.9,0,RING,LL,2,RING,LL,2,0,RING,A_flag_ceiling
reduce_scatter_perf,3,24,2097024,21844,float,sum,472.86,4.43,4.25,0,477.48,4.39,4.21,0,RING,LL,2,RING,LL,2,0,RING,A_flag_ceiling
reduce_scatter_perf,3,24,4194048,43688,float,sum,924.55,4.54,4.35,0,922.07,4.55,4.36,0,RING,LL,2,RING,LL,2,0,RING,A_flag_ceiling
reduce_scatter_perf,3,24,8388480,87380,float,sum,1812.6,4.63,4.44,0,1792.69,4.68,4.48,0,RING,LL,2,RING,LL,2,0,RING,A_flag_ceiling
reduce_scatter_perf,3,24,16776960,174760,float,sum,3605.27,4.65,4.46,0,3574.32,4.69,4.5,0,RING,LL,2,RING,LL,2,0,RING,A_flag_ceiling
reduce_scatter_perf,3,24,33554304,349524,float,sum,7185.51,4.67,4.48,0,7126.89,4.71,4.51,0,RING,LL,2,RING,LL,2,0,RING,A_flag_ceiling
reduce_scatter_perf,3,24,67108608,699048,float,sum,14329.8,4.68,4.49,0,14210.1,4.72,4.53,0,RING,LL,2,RING,LL,2,0,RING,A_flag_ceiling
reduce_scatter_perf,3,24,134217600,1398100,float,sum,28612.4,4.69,4.5,0,28415.9,4.72,4.53,0,RING,LL,2,RING,LL,2,0,RING,A_flag_ceiling
reduce_scatter_perf,3,24,268435200,2796200,float,sum,57430.2,4.67,4.48,0,56768.9,4.73,4.53,0,RING,LL,2,RING,LL,2,0,RING,A_flag_ceiling
reduce_scatter_perf,3,24,536870784,5592404,float,sum,114654.0,4.68,4.49,0,113106.0,4.75,4.55,0,RING,LL,2,RING,LL,2,0,RING,A_flag_ceiling
reduce_scatter_perf,3,24,3840,40,float,sum,90.61,0.04,0.04,0,87.53,0.04,0.04,0,RING,LL128,2,RING,LL128,2,0,RING,A_flag_ceiling
reduce_scatter_perf,3,24,8064,84,float,sum,88.13,0.09,0.09,0,87.77,0.09,0.09,0,RING,LL128,2,RING,LL128,2,0,RING,A_flag_ceiling
reduce_scatter_perf,3,24,16128,168,float,sum,88.09,0.18,0.18,0,87.46,0.18,0.18,0,RING,LL128,2,RING,LL128,2,0,RING,A_flag_ceiling
reduce_scatter_perf,3,24,32640,340,float,sum,90.38,0.36,0.35,0,88.08,0.37,0.36,0,RING,LL128,2,RING,LL128,2,0,RING,A_flag_ceiling
reduce_scatter_perf,3,24,65280,680,float,sum,88.49,0.74,0.71,0,88.64,0.74,0.71,0,RING,LL128,2,RING,LL128,2,0,RING,A_flag_ceiling
reduce_scatter_perf,3,24,130944,1364,float,sum,89.78,1.46,1.4,0,89.47,1.46,1.4,0,RING,LL128,2,RING,LL128,2,0,RING,A_flag_ceiling
reduce_scatter_perf,3,24,261888,2728,float,sum,90.52,2.89,2.77,0,90.07,2.91,2.79,0,RING,LL128,2,RING,LL128,2,0,RING,A_flag_ceiling
reduce_scatter_perf,3,24,524160,5460,float,sum,94.22,5.56,5.33,0,93.69,5.59,5.36,0,RING,LL128,2,RING,LL128,2,0,RING,A_flag_ceiling
reduce_scatter_perf,3,24,1048320,10920,float,sum,114.77,9.13,8.75,0,112.07,9.35,8.96,0,RING,LL128,2,RING,LL128,2,0,RING,A_flag_ceiling
reduce_scatter_perf,3,24,2097024,21844,float,sum,173.58,12.08,11.58,0,172.36,12.17,11.66,0,RING,LL128,2,RING,LL128,2,0,RING,A_flag_ceiling
reduce_scatter_perf,3,24,4194048,43688,float,sum,278.21,15.07,14.45,0,276.13,15.19,14.56,0,RING,LL128,2,RING,LL128,2,0,RING,A_flag_ceiling
reduce_scatter_perf,3,24,8388480,87380,float,sum,516.57,16.24,15.56,0,513.89,16.32,15.64,0,RING,LL128,2,RING,LL128,2,0,RING,A_flag_ceiling
reduce_scatter_perf,3,24,16776960,174760,float,sum,892.99,18.79,18.0,0,886.87,18.92,18.13,0,RING,LL128,2,RING,LL128,2,0,RING,A_flag_ceiling
reduce_scatter_perf,3,24,33554304,349524,float,sum,1752.38,19.15,18.35,0,1746.02,19.22,18.42,0,RING,LL128,2,RING,LL128,2,0,RING,A_flag_ceiling
reduce_scatter_perf,3,24,67108608,699048,float,sum,3475.52,19.31,18.5,0,3459.2,19.4,18.59,0,RING,LL128,2,RING,LL128,2,0,RING,A_flag_ceiling
reduce_scatter_perf,3,24,134217600,1398100,float,sum,6931.68,19.36,18.56,0,6918.18,19.4,18.59,0,RING,LL128,2,RING,LL128,2,0,RING,A_flag_ceiling
reduce_scatter_perf,3,24,268435200,2796200,float,sum,13876.0,19.35,18.54,0,13814.2,19.43,18.62,0,RING,LL128,2,RING,LL128,2,0,RING,A_flag_ceiling
reduce_scatter_perf,3,24,536870784,5592404,float,sum,27733.4,19.36,18.55,0,27632.9,19.43,18.62,0,RING,LL128,2,RING,LL128,2,0,RING,A_flag_ceiling
reduce_scatter_perf,3,24,3840,40,float,sum,269.92,0.01,0.01,0,271.46,0.01,0.01,0,RING,SIMPLE,4,RING,SIMPLE,4,0,RING,A_flag_ceiling
reduce_scatter_perf,3,24,8064,84,float,sum,270.96,0.03,0.03,0,268.28,0.03,0.03,0,RING,SIMPLE,4,RING,SIMPLE,4,0,RING,A_flag_ceiling
reduce_scatter_perf,3,24,16128,168,float,sum,270.23,0.06,0.06,0,269.38,0.06,0.06,0,RING,SIMPLE,4,RING,SIMPLE,4,0,RING,A_flag_ceiling
reduce_scatter_perf,3,24,32640,340,float,sum,275.81,0.12,0.11,0,275.51,0.12,0.11,0,RING,SIMPLE,4,RING,SIMPLE,4,0,RING,A_flag_ceiling
reduce_scatter_perf,3,24,65280,680,float,sum,275.33,0.24,0.23,0,276.17,0.24,0.23,0,RING,SIMPLE,4,RING,SIMPLE,4,0,RING,A_flag_ceiling
reduce_scatter_perf,3,24,130944,1364,float,sum,276.67,0.47,0.45,0,277.2,0.47,0.45,0,RING,SIMPLE,4,RING,SIMPLE,4,0,RING,A_flag_ceiling
reduce_scatter_perf,3,24,261888,2728,float,sum,279.65,0.94,0.9,0,278.57,0.94,0.9,0,RING,SIMPLE,4,RING,SIMPLE,4,0,RING,A_flag_ceiling
reduce_scatter_perf,3,24,524160,5460,float,sum,281.67,1.86,1.78,0,280.67,1.87,1.79,0,RING,SIMPLE,4,RING,SIMPLE,4,0,RING,A_flag_ceiling
reduce_scatter_perf,3,24,1048320,10920,float,sum,293.02,3.58,3.43,0,293.56,3.57,3.42,0,RING,SIMPLE,4,RING,SIMPLE,4,0,RING,A_flag_ceiling
reduce_scatter_perf,3,24,2097024,21844,float,sum,304.89,6.88,6.59,0,305.33,6.87,6.58,0,RING,SIMPLE,4,RING,SIMPLE,4,0,RING,A_flag_ceiling
reduce_scatter_perf,3,24,4194048,43688,float,sum,318.64,13.16,12.61,0,320.44,13.09,12.54,0,RING,SIMPLE,4,RING,SIMPLE,4,0,RING,A_flag_ceiling
reduce_scatter_perf,3,24,8388480,87380,float,sum,384.02,21.84,20.93,0,378.82,22.14,21.22,0,RING,SIMPLE,4,RING,SIMPLE,4,0,RING,A_flag_ceiling
reduce_scatter_perf,3,24,16776960,174760,float,sum,456.85,36.72,35.19,0,451.18,37.18,35.64,0,RING,SIMPLE,4,RING,SIMPLE,4,0,RING,A_flag_ceiling
reduce_scatter_perf,3,24,33554304,349524,float,sum,699.92,47.94,45.94,0,674.88,49.72,47.65,0,RING,SIMPLE,4,RING,SIMPLE,4,0,RING,A_flag_ceiling
reduce_scatter_perf,3,24,67108608,699048,float,sum,1235.8,54.3,52.04,0,1179.01,56.92,54.55,0,RING,SIMPLE,4,RING,SIMPLE,4,0,RING,A_flag_ceiling
reduce_scatter_perf,3,24,134217600,1398100,float,sum,2255.58,59.5,57.03,0,2169.35,61.87,59.29,0,RING,SIMPLE,4,RING,SIMPLE,4,0,RING,A_flag_ceiling
reduce_scatter_perf,3,24,268435200,2796200,float,sum,4474.51,59.99,57.49,0,4289.6,62.58,59.97,0,RING,SIMPLE,4,RING,SIMPLE,4,0,RING,A_flag_ceiling
reduce_scatter_perf,3,24,536870784,5592404,float,sum,8681.93,61.84,59.26,0,8572.05,62.63,60.02,0,RING,SIMPLE,4,RING,SIMPLE,4,0,RING,A_flag_ceiling
reduce_scatter_perf,3,24,3840,40,float,sum,78.38,0.05,0.05,0,77.25,0.05,0.05,0,RING,LL,4,RING,LL,4,0,RING,A_flag_ceiling
reduce_scatter_perf,3,24,8064,84,float,sum,78.88,0.1,0.1,0,78.38,0.1,0.1,0,RING,LL,4,RING,LL,4,0,RING,A_flag_ceiling
reduce_scatter_perf,3,24,16128,168,float,sum,80.33,0.2,0.19,0,79.23,0.2,0.2,0,RING,LL,4,RING,LL,4,0,RING,A_flag_ceiling
reduce_scatter_perf,3,24,32640,340,float,sum,80.23,0.41,0.39,0,80.96,0.4,0.39,0,RING,LL,4,RING,LL,4,0,RING,A_flag_ceiling
reduce_scatter_perf,3,24,65280,680,float,sum,80.91,0.81,0.77,0,80.96,0.81,0.77,0,RING,LL,4,RING,LL,4,0,RING,A_flag_ceiling
reduce_scatter_perf,3,24,130944,1364,float,sum,83.11,1.58,1.51,0,81.96,1.6,1.53,0,RING,LL,4,RING,LL,4,0,RING,A_flag_ceiling
reduce_scatter_perf,3,24,261888,2728,float,sum,90.83,2.88,2.76,0,90.9,2.88,2.76,0,RING,LL,4,RING,LL,4,0,RING,A_flag_ceiling
reduce_scatter_perf,3,24,524160,5460,float,sum,101.82,5.15,4.93,0,101.07,5.19,4.97,0,RING,LL,4,RING,LL,4,0,RING,A_flag_ceiling
reduce_scatter_perf,3,24,1048320,10920,float,sum,152.0,6.9,6.61,0,150.2,6.98,6.69,0,RING,LL,4,RING,LL,4,0,RING,A_flag_ceiling
reduce_scatter_perf,3,24,2097024,21844,float,sum,263.9,7.95,7.62,0,263.72,7.95,7.62,0,RING,LL,4,RING,LL,4,0,RING,A_flag_ceiling
reduce_scatter_perf,3,24,4194048,43688,float,sum,479.76,8.74,8.38,0,479.43,8.75,8.38,0,RING,LL,4,RING,LL,4,0,RING,A_flag_ceiling
reduce_scatter_perf,3,24,8388480,87380,float,sum,933.25,8.99,8.61,0,933.16,8.99,8.61,0,RING,LL,4,RING,LL,4,0,RING,A_flag_ceiling
reduce_scatter_perf,3,24,16776960,174760,float,sum,1871.44,8.96,8.59,0,1839.78,9.12,8.74,0,RING,LL,4,RING,LL,4,0,RING,A_flag_ceiling
reduce_scatter_perf,3,24,33554304,349524,float,sum,3616.0,9.28,8.89,0,3648.66,9.2,8.81,0,RING,LL,4,RING,LL,4,0,RING,A_flag_ceiling
reduce_scatter_perf,3,24,67108608,699048,float,sum,7230.04,9.28,8.9,0,7257.59,9.25,8.86,0,RING,LL,4,RING,LL,4,0,RING,A_flag_ceiling
reduce_scatter_perf,3,24,134217600,1398100,float,sum,14412.5,9.31,8.92,0,14494.6,9.26,8.87,0,RING,LL,4,RING,LL,4,0,RING,A_flag_ceiling
reduce_scatter_perf,3,24,268435200,2796200,float,sum,28798.4,9.32,8.93,0,28986.3,9.26,8.87,0,RING,LL,4,RING,LL,4,0,RING,A_flag_ceiling
reduce_scatter_perf,3,24,536870784,5592404,float,sum,57476.4,9.34,8.95,0,57821.0,9.29,8.9,0,RING,LL,4,RING,LL,4,0,RING,A_flag_ceiling
reduce_scatter_perf,3,24,3840,40,float,sum,90.74,0.04,0.04,0,86.16,0.04,0.04,0,RING,LL128,4,RING,LL128,4,0,RING,A_flag_ceiling
reduce_scatter_perf,3,24,8064,84,float,sum,87.6,0.09,0.09,0,86.01,0.09,0.09,0,RING,LL128,4,RING,LL128,4,0,RING,A_flag_ceiling
reduce_scatter_perf,3,24,16128,168,float,sum,87.06,0.19,0.18,0,85.96,0.19,0.18,0,RING,LL128,4,RING,LL128,4,0,RING,A_flag_ceiling
reduce_scatter_perf,3,24,32640,340,float,sum,88.24,0.37,0.35,0,137.33,0.24,0.23,0,RING,LL128,4,RING,LL128,4,0,RING,A_flag_ceiling
reduce_scatter_perf,3,24,65280,680,float,sum,89.58,0.73,0.7,0,88.3,0.74,0.71,0,RING,LL128,4,RING,LL128,4,0,RING,A_flag_ceiling
reduce_scatter_perf,3,24,130944,1364,float,sum,89.87,1.46,1.4,0,89.02,1.47,1.41,0,RING,LL128,4,RING,LL128,4,0,RING,A_flag_ceiling
reduce_scatter_perf,3,24,261888,2728,float,sum,90.66,2.89,2.77,0,90.08,2.91,2.79,0,RING,LL128,4,RING,LL128,4,0,RING,A_flag_ceiling
reduce_scatter_perf,3,24,524160,5460,float,sum,92.4,5.67,5.44,0,91.98,5.7,5.46,0,RING,LL128,4,RING,LL128,4,0,RING,A_flag_ceiling
reduce_scatter_perf,3,24,1048320,10920,float,sum,95.95,10.93,10.47,0,94.78,11.06,10.6,0,RING,LL128,4,RING,LL128,4,0,RING,A_flag_ceiling
reduce_scatter_perf,3,24,2097024,21844,float,sum,117.37,17.87,17.12,0,120.84,17.35,16.63,0,RING,LL128,4,RING,LL128,4,0,RING,A_flag_ceiling
reduce_scatter_perf,3,24,4194048,43688,float,sum,176.45,23.77,22.78,0,175.26,23.93,22.93,0,RING,LL128,4,RING,LL128,4,0,RING,A_flag_ceiling
reduce_scatter_perf,3,24,8388480,87380,float,sum,283.16,29.62,28.39,0,283.11,29.63,28.39,0,RING,LL128,4,RING,LL128,4,0,RING,A_flag_ceiling
reduce_scatter_perf,3,24,16776960,174760,float,sum,460.38,36.44,34.92,0,457.37,36.68,35.15,0,RING,LL128,4,RING,LL128,4,0,RING,A_flag_ceiling
reduce_scatter_perf,3,24,33554304,349524,float,sum,904.56,37.09,35.55,0,899.95,37.28,35.73,0,RING,LL128,4,RING,LL128,4,0,RING,A_flag_ceiling
reduce_scatter_perf,3,24,67108608,699048,float,sum,1762.17,38.08,36.5,0,1768.35,37.95,36.37,0,RING,LL128,4,RING,LL128,4,0,RING,A_flag_ceiling
reduce_scatter_perf,3,24,134217600,1398100,float,sum,3523.86,38.09,36.5,0,3532.54,37.99,36.41,0,RING,LL128,4,RING,LL128,4,0,RING,A_flag_ceiling
reduce_scatter_perf,3,24,268435200,2796200,float,sum,7030.97,38.18,36.59,0,7032.26,38.17,36.58,0,RING,LL128,4,RING,LL128,4,0,RING,A_flag_ceiling
reduce_scatter_perf,3,24,536870784,5592404,float,sum,14079.4,38.13,36.54,0,14076.4,38.14,36.55,0,RING,LL128,4,RING,LL128,4,0,RING,A_flag_ceiling
reduce_scatter_perf,3,24,3840,40,float,sum,271.78,0.01,0.01,0,272.77,0.01,0.01,0,RING,SIMPLE,8,RING,SIMPLE,8,0,RING,A_flag_ceiling
reduce_scatter_perf,3,24,8064,84,float,sum,269.36,0.03,0.03,0,269.21,0.03,0.03,0,RING,SIMPLE,8,RING,SIMPLE,8,0,RING,A_flag_ceiling
reduce_scatter_perf,3,24,16128,168,float,sum,270.05,0.06,0.06,0,270.97,0.06,0.06,0,RING,SIMPLE,8,RING,SIMPLE,8,0,RING,A_flag_ceiling
reduce_scatter_perf,3,24,32640,340,float,sum,272.96,0.12,0.11,0,271.3,0.12,0.12,0,RING,SIMPLE,8,RING,SIMPLE,8,0,RING,A_flag_ceiling
reduce_scatter_perf,3,24,65280,680,float,sum,276.84,0.24,0.23,0,274.51,0.24,0.23,0,RING,SIMPLE,8,RING,SIMPLE,8,0,RING,A_flag_ceiling
reduce_scatter_perf,3,24,130944,1364,float,sum,283.74,0.46,0.44,0,284.5,0.46,0.44,0,RING,SIMPLE,8,RING,SIMPLE,8,0,RING,A_flag_ceiling
reduce_scatter_perf,3,24,261888,2728,float,sum,283.79,0.92,0.88,0,284.81,0.92,0.88,0,RING,SIMPLE,8,RING,SIMPLE,8,0,RING,A_flag_ceiling
reduce_scatter_perf,3,24,524160,5460,float,sum,285.33,1.84,1.76,0,285.76,1.83,1.76,0,RING,SIMPLE,8,RING,SIMPLE,8,0,RING,A_flag_ceiling
reduce_scatter_perf,3,24,1048320,10920,float,sum,289.0,3.63,3.48,0,287.27,3.65,3.5,0,RING,SIMPLE,8,RING,SIMPLE,8,0,RING,A_flag_ceiling
reduce_scatter_perf,3,24,2097024,21844,float,sum,299.3,7.01,6.71,0,299.99,6.99,6.7,0,RING,SIMPLE,8,RING,SIMPLE,8,0,RING,A_flag_ceiling
reduce_scatter_perf,3,24,4194048,43688,float,sum,311.61,13.46,12.9,0,311.84,13.45,12.89,0,RING,SIMPLE,8,RING,SIMPLE,8,0,RING,A_flag_ceiling
reduce_scatter_perf,3,24,8388480,87380,float,sum,326.21,25.71,24.64,0,327.57,25.61,24.54,0,RING,SIMPLE,8,RING,SIMPLE,8,0,RING,A_flag_ceiling
reduce_scatter_perf,3,24,16776960,174760,float,sum,342.6,48.97,46.93,0,340.27,49.31,47.25,0,RING,SIMPLE,8,RING,SIMPLE,8,0,RING,A_flag_ceiling
reduce_scatter_perf,3,24,33554304,349524,float,sum,459.81,72.97,69.93,0,453.24,74.03,70.95,0,RING,SIMPLE,8,RING,SIMPLE,8,0,RING,A_flag_ceiling
reduce_scatter_perf,3,24,67108608,699048,float,sum,709.58,94.58,90.63,0,702.45,95.54,91.55,0,RING,SIMPLE,8,RING,SIMPLE,8,0,RING,A_flag_ceiling
reduce_scatter_perf,3,24,134217600,1398100,float,sum,1254.84,106.96,102.5,0,1195.61,112.26,107.58,0,RING,SIMPLE,8,RING,SIMPLE,8,0,RING,A_flag_ceiling
reduce_scatter_perf,3,24,268435200,2796200,float,sum,2264.57,118.54,113.6,0,2155.61,124.53,119.34,0,RING,SIMPLE,8,RING,SIMPLE,8,0,RING,A_flag_ceiling
reduce_scatter_perf,3,24,536870784,5592404,float,sum,4532.6,118.45,113.51,0,4380.47,122.56,117.45,0,RING,SIMPLE,8,RING,SIMPLE,8,0,RING,A_flag_ceiling
reduce_scatter_perf,3,24,3840,40,float,sum,81.43,0.05,0.05,0,77.54,0.05,0.05,0,RING,LL,8,RING,LL,8,0,RING,A_flag_ceiling
reduce_scatter_perf,3,24,8064,84,float,sum,78.46,0.1,0.1,0,78.37,0.1,0.1,0,RING,LL,8,RING,LL,8,0,RING,A_flag_ceiling
reduce_scatter_perf,3,24,16128,168,float,sum,79.38,0.2,0.19,0,79.05,0.2,0.2,0,RING,LL,8,RING,LL,8,0,RING,A_flag_ceiling
reduce_scatter_perf,3,24,32640,340,float,sum,82.7,0.39,0.38,0,82.58,0.4,0.38,0,RING,LL,8,RING,LL,8,0,RING,A_flag_ceiling
reduce_scatter_perf,3,24,65280,680,float,sum,82.34,0.79,0.76,0,82.81,0.79,0.76,0,RING,LL,8,RING,LL,8,0,RING,A_flag_ceiling
reduce_scatter_perf,3,24,130944,1364,float,sum,83.42,1.57,1.5,0,84.1,1.56,1.49,0,RING,LL,8,RING,LL,8,0,RING,A_flag_ceiling
reduce_scatter_perf,3,24,261888,2728,float,sum,85.13,3.08,2.95,0,85.16,3.08,2.95,0,RING,LL,8,RING,LL,8,0,RING,A_flag_ceiling
reduce_scatter_perf,3,24,524160,5460,float,sum,94.77,5.53,5.3,0,85.94,6.1,5.84,0,RING,LL,8,RING,LL,8,0,RING,A_flag_ceiling
reduce_scatter_perf,3,24,1048320,10920,float,sum,106.39,9.85,9.44,0,105.28,9.96,9.54,0,RING,LL,8,RING,LL,8,0,RING,A_flag_ceiling
reduce_scatter_perf,3,24,2097024,21844,float,sum,154.83,13.54,12.98,0,154.3,13.59,13.02,0,RING,LL,8,RING,LL,8,0,RING,A_flag_ceiling
reduce_scatter_perf,3,24,4194048,43688,float,sum,270.62,15.5,14.85,0,269.0,15.59,14.94,0,RING,LL,8,RING,LL,8,0,RING,A_flag_ceiling
reduce_scatter_perf,3,24,8388480,87380,float,sum,483.89,17.34,16.61,0,484.07,17.33,16.61,0,RING,LL,8,RING,LL,8,0,RING,A_flag_ceiling
reduce_scatter_perf,3,24,16776960,174760,float,sum,933.62,17.97,17.22,0,934.54,17.95,17.2,0,RING,LL,8,RING,LL,8,0,RING,A_flag_ceiling
reduce_scatter_perf,3,24,33554304,349524,float,sum,1823.29,18.4,17.64,0,1821.84,18.42,17.65,0,RING,LL,8,RING,LL,8,0,RING,A_flag_ceiling
reduce_scatter_perf,3,24,67108608,699048,float,sum,3616.4,18.56,17.78,0,3610.33,18.59,17.81,0,RING,LL,8,RING,LL,8,0,RING,A_flag_ceiling
reduce_scatter_perf,3,24,134217600,1398100,float,sum,7239.56,18.54,17.77,0,7153.76,18.76,17.98,0,RING,LL,8,RING,LL,8,0,RING,A_flag_ceiling
reduce_scatter_perf,3,24,268435200,2796200,float,sum,14448.8,18.58,17.8,0,14253.6,18.83,18.05,0,RING,LL,8,RING,LL,8,0,RING,A_flag_ceiling
reduce_scatter_perf,3,24,536870784,5592404,float,sum,28836.2,18.62,17.84,0,28373.2,18.92,18.13,0,RING,LL,8,RING,LL,8,0,RING,A_flag_ceiling
reduce_scatter_perf,3,24,3840,40,float,sum,87.55,0.04,0.04,0,87.39,0.04,0.04,0,RING,LL128,8,RING,LL128,8,0,RING,A_flag_ceiling
reduce_scatter_perf,3,24,8064,84,float,sum,87.45,0.09,0.09,0,87.46,0.09,0.09,0,RING,LL128,8,RING,LL128,8,0,RING,A_flag_ceiling
reduce_scatter_perf,3,24,16128,168,float,sum,87.44,0.18,0.18,0,87.68,0.18,0.18,0,RING,LL128,8,RING,LL128,8,0,RING,A_flag_ceiling
reduce_scatter_perf,3,24,32640,340,float,sum,88.15,0.37,0.35,0,87.8,0.37,0.36,0,RING,LL128,8,RING,LL128,8,0,RING,A_flag_ceiling
reduce_scatter_perf,3,24,65280,680,float,sum,89.57,0.73,0.7,0,89.23,0.73,0.7,0,RING,LL128,8,RING,LL128,8,0,RING,A_flag_ceiling
reduce_scatter_perf,3,24,130944,1364,float,sum,92.94,1.41,1.35,0,92.97,1.41,1.35,0,RING,LL128,8,RING,LL128,8,0,RING,A_flag_ceiling
reduce_scatter_perf,3,24,261888,2728,float,sum,93.0,2.82,2.7,0,93.02,2.82,2.7,0,RING,LL128,8,RING,LL128,8,0,RING,A_flag_ceiling
reduce_scatter_perf,3,24,524160,5460,float,sum,93.81,5.59,5.35,0,94.5,5.55,5.32,0,RING,LL128,8,RING,LL128,8,0,RING,A_flag_ceiling
reduce_scatter_perf,3,24,1048320,10920,float,sum,95.05,11.03,10.57,0,94.63,11.08,10.62,0,RING,LL128,8,RING,LL128,8,0,RING,A_flag_ceiling
reduce_scatter_perf,3,24,2097024,21844,float,sum,99.42,21.09,20.21,0,98.79,21.23,20.34,0,RING,LL128,8,RING,LL128,8,0,RING,A_flag_ceiling
reduce_scatter_perf,3,24,4194048,43688,float,sum,120.65,34.76,33.31,0,120.3,34.86,33.41,0,RING,LL128,8,RING,LL128,8,0,RING,A_flag_ceiling
reduce_scatter_perf,3,24,8388480,87380,float,sum,180.7,46.42,44.49,0,179.87,46.64,44.69,0,RING,LL128,8,RING,LL128,8,0,RING,A_flag_ceiling
reduce_scatter_perf,3,24,16776960,174760,float,sum,251.56,66.69,63.91,0,249.21,67.32,64.52,0,RING,LL128,8,RING,LL128,8,0,RING,A_flag_ceiling
reduce_scatter_perf,3,24,33554304,349524,float,sum,465.4,72.1,69.09,0,461.38,72.73,69.7,0,RING,LL128,8,RING,LL128,8,0,RING,A_flag_ceiling
reduce_scatter_perf,3,24,67108608,699048,float,sum,908.56,73.86,70.79,0,899.04,74.64,71.53,0,RING,LL128,8,RING,LL128,8,0,RING,A_flag_ceiling
reduce_scatter_perf,3,24,134217600,1398100,float,sum,1776.26,75.56,72.41,0,1754.42,76.5,73.32,0,RING,LL128,8,RING,LL128,8,0,RING,A_flag_ceiling
reduce_scatter_perf,3,24,268435200,2796200,float,sum,3520.14,76.26,73.08,0,3473.5,77.28,74.06,0,RING,LL128,8,RING,LL128,8,0,RING,A_flag_ceiling
reduce_scatter_perf,3,24,536870784,5592404,float,sum,7020.66,76.47,73.28,0,6978.87,76.93,73.72,0,RING,LL128,8,RING,LL128,8,0,RING,A_flag_ceiling
reduce_scatter_perf,3,24,3840,40,float,sum,268.89,0.01,0.01,0,268.64,0.01,0.01,0,RING,SIMPLE,16,RING,SIMPLE,16,0,RING,A_flag_ceiling
reduce_scatter_perf,3,24,8064,84,float,sum,271.11,0.03,0.03,0,269.09,0.03,0.03,0,RING,SIMPLE,16,RING,SIMPLE,16,0,RING,A_flag_ceiling
reduce_scatter_perf,3,24,16128,168,float,sum,269.24,0.06,0.06,0,269.72,0.06,0.06,0,RING,SIMPLE,16,RING,SIMPLE,16,0,RING,A_flag_ceiling
reduce_scatter_perf,3,24,32640,340,float,sum,271.07,0.12,0.12,0,271.99,0.12,0.12,0,RING,SIMPLE,16,RING,SIMPLE,16,0,RING,A_flag_ceiling
reduce_scatter_perf,3,24,65280,680,float,sum,276.06,0.24,0.23,0,275.42,0.24,0.23,0,RING,SIMPLE,16,RING,SIMPLE,16,0,RING,A_flag_ceiling
reduce_scatter_perf,3,24,130944,1364,float,sum,282.31,0.46,0.44,0,281.65,0.46,0.45,0,RING,SIMPLE,16,RING,SIMPLE,16,0,RING,A_flag_ceiling
reduce_scatter_perf,3,24,261888,2728,float,sum,299.52,0.87,0.84,0,299.94,0.87,0.84,0,RING,SIMPLE,16,RING,SIMPLE,16,0,RING,A_flag_ceiling
reduce_scatter_perf,3,24,524160,5460,float,sum,301.86,1.74,1.66,0,301.5,1.74,1.67,0,RING,SIMPLE,16,RING,SIMPLE,16,0,RING,A_flag_ceiling
reduce_scatter_perf,3,24,1048320,10920,float,sum,356.78,2.94,2.82,0,302.59,3.46,3.32,0,RING,SIMPLE,16,RING,SIMPLE,16,0,RING,A_flag_ceiling
reduce_scatter_perf,3,24,2097024,21844,float,sum,308.11,6.81,6.52,0,305.95,6.85,6.57,0,RING,SIMPLE,16,RING,SIMPLE,16,0,RING,A_flag_ceiling
reduce_scatter_perf,3,24,4194048,43688,float,sum,318.22,13.18,12.63,0,318.56,13.17,12.62,0,RING,SIMPLE,16,RING,SIMPLE,16,0,RING,A_flag_ceiling
reduce_scatter_perf,3,24,8388480,87380,float,sum,404.44,20.74,19.88,0,332.59,25.22,24.17,0,RING,SIMPLE,16,RING,SIMPLE,16,0,RING,A_flag_ceiling
reduce_scatter_perf,3,24,16776960,174760,float,sum,349.87,47.95,45.95,0,337.0,49.78,47.71,0,RING,SIMPLE,16,RING,SIMPLE,16,0,RING,A_flag_ceiling
reduce_scatter_perf,3,24,33554304,349524,float,sum,360.07,93.19,89.31,0,357.96,93.74,89.83,0,RING,SIMPLE,16,RING,SIMPLE,16,0,RING,A_flag_ceiling
reduce_scatter_perf,3,24,67108608,699048,float,sum,470.56,142.61,136.67,0,460.17,145.83,139.76,0,RING,SIMPLE,16,RING,SIMPLE,16,0,RING,A_flag_ceiling
reduce_scatter_perf,3,24,134217600,1398100,float,sum,738.56,181.73,174.16,0,700.19,191.69,183.7,0,RING,SIMPLE,16,RING,SIMPLE,16,0,RING,A_flag_ceiling
reduce_scatter_perf,3,24,268435200,2796200,float,sum,1334.99,201.08,192.7,0,1205.5,222.68,213.4,0,RING,SIMPLE,16,RING,SIMPLE,16,0,RING,A_flag_ceiling
reduce_scatter_perf,3,24,536870784,5592404,float,sum,2363.18,227.18,217.72,0,2268.11,236.7,226.84,0,RING,SIMPLE,16,RING,SIMPLE,16,0,RING,A_flag_ceiling
reduce_scatter_perf,3,24,3840,40,float,sum,77.71,0.05,0.05,0,76.42,0.05,0.05,0,RING,LL,16,RING,LL,16,0,RING,A_flag_ceiling
reduce_scatter_perf,3,24,8064,84,float,sum,82.61,0.1,0.09,0,82.76,0.1,0.09,0,RING,LL,16,RING,LL,16,0,RING,A_flag_ceiling
reduce_scatter_perf,3,24,16128,168,float,sum,79.48,0.2,0.19,0,82.55,0.2,0.19,0,RING,LL,16,RING,LL,16,0,RING,A_flag_ceiling
reduce_scatter_perf,3,24,32640,340,float,sum,86.7,0.38,0.36,0,83.05,0.39,0.38,0,RING,LL,16,RING,LL,16,0,RING,A_flag_ceiling
reduce_scatter_perf,3,24,65280,680,float,sum,95.57,0.68,0.65,0,95.16,0.69,0.66,0,RING,LL,16,RING,LL,16,0,RING,A_flag_ceiling
reduce_scatter_perf,3,24,130944,1364,float,sum,98.22,1.33,1.28,0,98.94,1.32,1.27,0,RING,LL,16,RING,LL,16,0,RING,A_flag_ceiling
reduce_scatter_perf,3,24,261888,2728,float,sum,100.85,2.6,2.49,0,100.47,2.61,2.5,0,RING,LL,16,RING,LL,16,0,RING,A_flag_ceiling
reduce_scatter_perf,3,24,524160,5460,float,sum,105.76,4.96,4.75,0,105.88,4.95,4.74,0,RING,LL,16,RING,LL,16,0,RING,A_flag_ceiling
reduce_scatter_perf,3,24,1048320,10920,float,sum,121.79,8.61,8.25,0,120.8,8.68,8.32,0,RING,LL,16,RING,LL,16,0,RING,A_flag_ceiling
reduce_scatter_perf,3,24,2097024,21844,float,sum,140.81,14.89,14.27,0,142.62,14.7,14.09,0,RING,LL,16,RING,LL,16,0,RING,A_flag_ceiling
reduce_scatter_perf,3,24,4194048,43688,float,sum,183.58,22.85,21.89,0,183.48,22.86,21.91,0,RING,LL,16,RING,LL,16,0,RING,A_flag_ceiling
reduce_scatter_perf,3,24,8388480,87380,float,sum,325.78,25.75,24.68,0,346.71,24.19,23.19,0,RING,LL,16,RING,LL,16,0,RING,A_flag_ceiling
reduce_scatter_perf,3,24,16776960,174760,float,sum,556.32,30.16,28.9,0,559.09,30.01,28.76,0,RING,LL,16,RING,LL,16,0,RING,A_flag_ceiling
reduce_scatter_perf,3,24,33554304,349524,float,sum,1071.36,31.32,30.01,0,1064.16,31.53,30.22,0,RING,LL,16,RING,LL,16,0,RING,A_flag_ceiling
reduce_scatter_perf,3,24,67108608,699048,float,sum,2084.81,32.19,30.85,0,2075.66,32.33,30.98,0,RING,LL,16,RING,LL,16,0,RING,A_flag_ceiling
reduce_scatter_perf,3,24,134217600,1398100,float,sum,4152.92,32.32,30.97,0,4100.56,32.73,31.37,0,RING,LL,16,RING,LL,16,0,RING,A_flag_ceiling
reduce_scatter_perf,3,24,268435200,2796200,float,sum,8095.38,33.16,31.78,0,8056.8,33.32,31.93,0,RING,LL,16,RING,LL,16,0,RING,A_flag_ceiling
reduce_scatter_perf,3,24,536870784,5592404,float,sum,16147.7,33.25,31.86,0,16037.0,33.48,32.08,0,RING,LL,16,RING,LL,16,0,RING,A_flag_ceiling
reduce_scatter_perf,3,24,3840,40,float,sum,87.4,0.04,0.04,0,86.56,0.04,0.04,0,RING,LL128,16,RING,LL128,16,0,RING,A_flag_ceiling
reduce_scatter_perf,3,24,8064,84,float,sum,86.69,0.09,0.09,0,86.32,0.09,0.09,0,RING,LL128,16,RING,LL128,16,0,RING,A_flag_ceiling
reduce_scatter_perf,3,24,16128,168,float,sum,87.17,0.19,0.18,0,86.54,0.19,0.18,0,RING,LL128,16,RING,LL128,16,0,RING,A_flag_ceiling
reduce_scatter_perf,3,24,32640,340,float,sum,87.58,0.37,0.36,0,87.77,0.37,0.36,0,RING,LL128,16,RING,LL128,16,0,RING,A_flag_ceiling
reduce_scatter_perf,3,24,65280,680,float,sum,95.8,0.68,0.65,0,89.69,0.73,0.7,0,RING,LL128,16,RING,LL128,16,0,RING,A_flag_ceiling
reduce_scatter_perf,3,24,130944,1364,float,sum,96.78,1.35,1.3,0,93.28,1.4,1.35,0,RING,LL128,16,RING,LL128,16,0,RING,A_flag_ceiling
reduce_scatter_perf,3,24,261888,2728,float,sum,101.84,2.57,2.46,0,102.02,2.57,2.46,0,RING,LL128,16,RING,LL128,16,0,RING,A_flag_ceiling
reduce_scatter_perf,3,24,524160,5460,float,sum,102.92,5.09,4.88,0,102.18,5.13,4.92,0,RING,LL128,16,RING,LL128,16,0,RING,A_flag_ceiling
reduce_scatter_perf,3,24,1048320,10920,float,sum,103.26,10.15,9.73,0,102.66,10.21,9.79,0,RING,LL128,16,RING,LL128,16,0,RING,A_flag_ceiling
reduce_scatter_perf,3,24,2097024,21844,float,sum,104.02,20.16,19.32,0,102.89,20.38,19.53,0,RING,LL128,16,RING,LL128,16,0,RING,A_flag_ceiling
reduce_scatter_perf,3,24,4194048,43688,float,sum,103.69,40.45,38.76,0,105.55,39.74,38.08,0,RING,LL128,16,RING,LL128,16,0,RING,A_flag_ceiling
reduce_scatter_perf,3,24,8388480,87380,float,sum,123.74,67.79,64.97,0,123.25,68.06,65.22,0,RING,LL128,16,RING,LL128,16,0,RING,A_flag_ceiling
reduce_scatter_perf,3,24,16776960,174760,float,sum,161.23,104.06,99.72,0,160.35,104.63,100.27,0,RING,LL128,16,RING,LL128,16,0,RING,A_flag_ceiling
reduce_scatter_perf,3,24,33554304,349524,float,sum,262.66,127.75,122.43,0,261.38,128.38,123.03,0,RING,LL128,16,RING,LL128,16,0,RING,A_flag_ceiling
reduce_scatter_perf,3,24,67108608,699048,float,sum,484.67,138.46,132.69,0,482.84,138.99,133.2,0,RING,LL128,16,RING,LL128,16,0,RING,A_flag_ceiling
reduce_scatter_perf,3,24,134217600,1398100,float,sum,943.01,142.33,136.4,0,940.19,142.76,136.81,0,RING,LL128,16,RING,LL128,16,0,RING,A_flag_ceiling
reduce_scatter_perf,3,24,268435200,2796200,float,sum,1837.01,146.13,140.04,0,1829.59,146.72,140.61,0,RING,LL128,16,RING,LL128,16,0,RING,A_flag_ceiling
reduce_scatter_perf,3,24,536870784,5592404,float,sum,3717.85,144.4,138.39,0,3648.38,147.15,141.02,0,RING,LL128,16,RING,LL128,16,0,RING,A_flag_ceiling
reduce_scatter_perf,3,24,3840,40,float,sum,272.6,0.01,0.01,0,269.57,0.01,0.01,0,RING,SIMPLE,24,RING,SIMPLE,24,0,RING,A_flag_ceiling
reduce_scatter_perf,3,24,8064,84,float,sum,269.84,0.03,0.03,0,268.4,0.03,0.03,0,RING,SIMPLE,24,RING,SIMPLE,24,0,RING,A_flag_ceiling
reduce_scatter_perf,3,24,16128,168,float,sum,270.59,0.06,0.06,0,269.32,0.06,0.06,0,RING,SIMPLE,24,RING,SIMPLE,24,0,RING,A_flag_ceiling
reduce_scatter_perf,3,24,32640,340,float,sum,271.98,0.12,0.12,0,272.32,0.12,0.11,0,RING,SIMPLE,24,RING,SIMPLE,24,0,RING,A_flag_ceiling
reduce_scatter_perf,3,24,65280,680,float,sum,275.05,0.24,0.23,0,275.17,0.24,0.23,0,RING,SIMPLE,24,RING,SIMPLE,24,0,RING,A_flag_ceiling
reduce_scatter_perf,3,24,130944,1364,float,sum,282.62,0.46,0.44,0,281.62,0.46,0.45,0,RING,SIMPLE,24,RING,SIMPLE,24,0,RING,A_flag_ceiling
reduce_scatter_perf,3,24,261888,2728,float,sum,301.06,0.87,0.83,0,302.15,0.87,0.83,0,RING,SIMPLE,24,RING,SIMPLE,24,0,RING,A_flag_ceiling
reduce_scatter_perf,3,24,524160,5460,float,sum,304.18,1.72,1.65,0,301.68,1.74,1.67,0,RING,SIMPLE,24,RING,SIMPLE,24,0,RING,A_flag_ceiling
reduce_scatter_perf,3,24,1048320,10920,float,sum,324.46,3.23,3.1,0,325.39,3.22,3.09,0,RING,SIMPLE,24,RING,SIMPLE,24,0,RING,A_flag_ceiling
reduce_scatter_perf,3,24,2097024,21844,float,sum,328.96,6.37,6.11,0,329.09,6.37,6.11,0,RING,SIMPLE,24,RING,SIMPLE,24,0,RING,A_flag_ceiling
reduce_scatter_perf,3,24,4194048,43688,float,sum,338.76,12.38,11.86,0,341.05,12.3,11.78,0,RING,SIMPLE,24,RING,SIMPLE,24,0,RING,A_flag_ceiling
reduce_scatter_perf,3,24,8388480,87380,float,sum,348.65,24.06,23.06,0,345.75,24.26,23.25,0,RING,SIMPLE,24,RING,SIMPLE,24,0,RING,A_flag_ceiling
reduce_scatter_perf,3,24,16776960,174760,float,sum,363.0,46.22,44.29,0,361.49,46.41,44.48,0,RING,SIMPLE,24,RING,SIMPLE,24,0,RING,A_flag_ceiling
reduce_scatter_perf,3,24,33554304,349524,float,sum,364.16,92.14,88.3,0,363.27,92.37,88.52,0,RING,SIMPLE,24,RING,SIMPLE,24,0,RING,A_flag_ceiling
reduce_scatter_perf,3,24,67108608,699048,float,sum,417.22,160.85,154.15,0,410.9,163.32,156.52,0,RING,SIMPLE,24,RING,SIMPLE,24,0,RING,A_flag_ceiling
reduce_scatter_perf,3,24,134217600,1398100,float,sum,589.21,227.79,218.3,0,567.4,236.55,226.69,0,RING,SIMPLE,24,RING,SIMPLE,24,0,RING,A_flag_ceiling
reduce_scatter_perf,3,24,268435200,2796200,float,sum,958.69,280.0,268.33,0,909.82,295.04,282.75,0,RING,SIMPLE,24,RING,SIMPLE,24,0,RING,A_flag_ceiling
reduce_scatter_perf,3,24,536870784,5592404,float,sum,1710.35,313.89,300.82,0,1645.67,326.23,312.64,0,RING,SIMPLE,24,RING,SIMPLE,24,0,RING,A_flag_ceiling
reduce_scatter_perf,3,24,3840,40,float,sum,81.05,0.05,0.05,0,77.44,0.05,0.05,0,RING,LL,24,RING,LL,24,0,RING,A_flag_ceiling
reduce_scatter_perf,3,24,8064,84,float,sum,78.22,0.1,0.1,0,78.62,0.1,0.1,0,RING,LL,24,RING,LL,24,0,RING,A_flag_ceiling
reduce_scatter_perf,3,24,16128,168,float,sum,79.66,0.2,0.19,0,79.22,0.2,0.2,0,RING,LL,24,RING,LL,24,0,RING,A_flag_ceiling
reduce_scatter_perf,3,24,32640,340,float,sum,82.46,0.4,0.38,0,81.98,0.4,0.38,0,RING,LL,24,RING,LL,24,0,RING,A_flag_ceiling
reduce_scatter_perf,3,24,65280,680,float,sum,96.99,0.67,0.65,0,94.82,0.69,0.66,0,RING,LL,24,RING,LL,24,0,RING,A_flag_ceiling
reduce_scatter_perf,3,24,130944,1364,float,sum,98.96,1.32,1.27,0,99.09,1.32,1.27,0,RING,LL,24,RING,LL,24,0,RING,A_flag_ceiling
reduce_scatter_perf,3,24,261888,2728,float,sum,121.79,2.15,2.06,0,122.07,2.15,2.06,0,RING,LL,24,RING,LL,24,0,RING,A_flag_ceiling
reduce_scatter_perf,3,24,524160,5460,float,sum,128.11,4.09,3.92,0,128.34,4.08,3.91,0,RING,LL,24,RING,LL,24,0,RING,A_flag_ceiling
reduce_scatter_perf,3,24,1048320,10920,float,sum,138.29,7.58,7.26,0,137.87,7.6,7.29,0,RING,LL,24,RING,LL,24,0,RING,A_flag_ceiling
reduce_scatter_perf,3,24,2097024,21844,float,sum,161.48,12.99,12.44,0,161.5,12.98,12.44,0,RING,LL,24,RING,LL,24,0,RING,A_flag_ceiling
reduce_scatter_perf,3,24,4194048,43688,float,sum,204.9,20.47,19.62,0,203.71,20.59,19.73,0,RING,LL,24,RING,LL,24,0,RING,A_flag_ceiling
reduce_scatter_perf,3,24,8388480,87380,float,sum,258.2,32.49,31.13,0,259.54,32.32,30.97,0,RING,LL,24,RING,LL,24,0,RING,A_flag_ceiling
reduce_scatter_perf,3,24,16776960,174760,float,sum,486.8,34.46,33.03,0,486.41,34.49,33.05,0,RING,LL,24,RING,LL,24,0,RING,A_flag_ceiling
reduce_scatter_perf,3,24,33554304,349524,float,sum,924.7,36.29,34.77,0,914.36,36.7,35.17,0,RING,LL,24,RING,LL,24,0,RING,A_flag_ceiling
reduce_scatter_perf,3,24,67108608,699048,float,sum,1758.43,38.16,36.57,0,1764.0,38.04,36.46,0,RING,LL,24,RING,LL,24,0,RING,A_flag_ceiling
reduce_scatter_perf,3,24,134217600,1398100,float,sum,3449.01,38.91,37.29,0,3443.9,38.97,37.35,0,RING,LL,24,RING,LL,24,0,RING,A_flag_ceiling
reduce_scatter_perf,3,24,268435200,2796200,float,sum,6897.56,38.92,37.3,0,6958.58,38.58,36.97,0,RING,LL,24,RING,LL,24,0,RING,A_flag_ceiling
reduce_scatter_perf,3,24,536870784,5592404,float,sum,14034.1,38.25,36.66,0,13977.0,38.41,36.81,0,RING,LL,24,RING,LL,24,0,RING,A_flag_ceiling
reduce_scatter_perf,3,24,3840,40,float,sum,87.81,0.04,0.04,0,86.65,0.04,0.04,0,RING,LL128,24,RING,LL128,24,0,RING,A_flag_ceiling
reduce_scatter_perf,3,24,8064,84,float,sum,86.69,0.09,0.09,0,86.25,0.09,0.09,0,RING,LL128,24,RING,LL128,24,0,RING,A_flag_ceiling
reduce_scatter_perf,3,24,16128,168,float,sum,87.35,0.18,0.18,0,86.05,0.19,0.18,0,RING,LL128,24,RING,LL128,24,0,RING,A_flag_ceiling
reduce_scatter_perf,3,24,32640,340,float,sum,87.22,0.37,0.36,0,86.79,0.38,0.36,0,RING,LL128,24,RING,LL128,24,0,RING,A_flag_ceiling
reduce_scatter_perf,3,24,65280,680,float,sum,89.36,0.73,0.7,0,88.83,0.73,0.7,0,RING,LL128,24,RING,LL128,24,0,RING,A_flag_ceiling
reduce_scatter_perf,3,24,130944,1364,float,sum,93.29,1.4,1.35,0,93.25,1.4,1.35,0,RING,LL128,24,RING,LL128,24,0,RING,A_flag_ceiling
reduce_scatter_perf,3,24,261888,2728,float,sum,105.67,2.48,2.38,0,102.5,2.56,2.45,0,RING,LL128,24,RING,LL128,24,0,RING,A_flag_ceiling
reduce_scatter_perf,3,24,524160,5460,float,sum,103.11,5.08,4.87,0,103.04,5.09,4.88,0,RING,LL128,24,RING,LL128,24,0,RING,A_flag_ceiling
reduce_scatter_perf,3,24,1048320,10920,float,sum,121.44,8.63,8.27,0,120.15,8.73,8.36,0,RING,LL128,24,RING,LL128,24,0,RING,A_flag_ceiling
reduce_scatter_perf,3,24,2097024,21844,float,sum,123.13,17.03,16.32,0,123.78,16.94,16.24,0,RING,LL128,24,RING,LL128,24,0,RING,A_flag_ceiling
reduce_scatter_perf,3,24,4194048,43688,float,sum,125.16,33.51,32.11,0,126.65,33.12,31.74,0,RING,LL128,24,RING,LL128,24,0,RING,A_flag_ceiling
reduce_scatter_perf,3,24,8388480,87380,float,sum,134.7,62.27,59.68,0,132.67,63.23,60.59,0,RING,LL128,24,RING,LL128,24,0,RING,A_flag_ceiling
reduce_scatter_perf,3,24,16776960,174760,float,sum,147.78,113.52,108.79,0,146.13,114.81,110.02,0,RING,LL128,24,RING,LL128,24,0,RING,A_flag_ceiling
reduce_scatter_perf,3,24,33554304,349524,float,sum,210.85,159.14,152.51,0,210.16,159.66,153.01,0,RING,LL128,24,RING,LL128,24,0,RING,A_flag_ceiling
reduce_scatter_perf,3,24,67108608,699048,float,sum,390.42,171.89,164.73,0,388.22,172.86,165.66,0,RING,LL128,24,RING,LL128,24,0,RING,A_flag_ceiling
reduce_scatter_perf,3,24,134217600,1398100,float,sum,690.52,194.37,186.27,0,690.14,194.48,186.38,0,RING,LL128,24,RING,LL128,24,0,RING,A_flag_ceiling
reduce_scatter_perf,3,24,268435200,2796200,float,sum,1302.91,206.03,197.44,0,1303.05,206.0,197.42,0,RING,LL128,24,RING,LL128,24,0,RING,A_flag_ceiling
reduce_scatter_perf,3,24,536870784,5592404,float,sum,2593.47,207.01,198.38,0,2590.54,207.24,198.61,0,RING,LL128,24,RING,LL128,24,0,RING,A_flag_ceiling
reduce_scatter_perf,3,24,3840,40,float,sum,272.19,0.01,0.01,0,268.92,0.01,0.01,0,RING,SIMPLE,32,RING,SIMPLE,32,0,RING,A_flag_ceiling
reduce_scatter_perf,3,24,8064,84,float,sum,269.93,0.03,0.03,0,268.59,0.03,0.03,0,RING,SIMPLE,32,RING,SIMPLE,32,0,RING,A_flag_ceiling
reduce_scatter_perf,3,24,16128,168,float,sum,271.22,0.06,0.06,0,270.22,0.06,0.06,0,RING,SIMPLE,32,RING,SIMPLE,32,0,RING,A_flag_ceiling
reduce_scatter_perf,3,24,32640,340,float,sum,273.85,0.12,0.11,0,273.49,0.12,0.11,0,RING,SIMPLE,32,RING,SIMPLE,32,0,RING,A_flag_ceiling
reduce_scatter_perf,3,24,65280,680,float,sum,275.92,0.24,0.23,0,276.04,0.24,0.23,0,RING,SIMPLE,32,RING,SIMPLE,32,0,RING,A_flag_ceiling
reduce_scatter_perf,3,24,130944,1364,float,sum,282.26,0.46,0.44,0,282.52,0.46,0.44,0,RING,SIMPLE,32,RING,SIMPLE,32,0,RING,A_flag_ceiling
reduce_scatter_perf,3,24,261888,2728,float,sum,300.72,0.87,0.83,0,300.98,0.87,0.83,0,RING,SIMPLE,32,RING,SIMPLE,32,0,RING,A_flag_ceiling
reduce_scatter_perf,3,24,524160,5460,float,sum,367.56,1.43,1.37,0,365.47,1.43,1.37,0,RING,SIMPLE,32,RING,SIMPLE,32,0,RING,A_flag_ceiling
reduce_scatter_perf,3,24,1048320,10920,float,sum,364.86,2.87,2.75,0,363.81,2.88,2.76,0,RING,SIMPLE,32,RING,SIMPLE,32,0,RING,A_flag_ceiling
reduce_scatter_perf,3,24,2097024,21844,float,sum,365.95,5.73,5.49,0,365.74,5.73,5.49,0,RING,SIMPLE,32,RING,SIMPLE,32,0,RING,A_flag_ceiling
reduce_scatter_perf,3,24,4194048,43688,float,sum,370.85,11.31,10.84,0,370.94,11.31,10.84,0,RING,SIMPLE,32,RING,SIMPLE,32,0,RING,A_flag_ceiling
reduce_scatter_perf,3,24,8388480,87380,float,sum,377.59,22.22,21.29,0,376.46,22.28,21.35,0,RING,SIMPLE,32,RING,SIMPLE,32,0,RING,A_flag_ceiling
reduce_scatter_perf,3,24,16776960,174760,float,sum,387.96,43.24,41.44,0,387.83,43.26,41.46,0,RING,SIMPLE,32,RING,SIMPLE,32,0,RING,A_flag_ceiling
reduce_scatter_perf,3,24,33554304,349524,float,sum,399.52,83.99,80.49,0,399.13,84.07,80.57,0,RING,SIMPLE,32,RING,SIMPLE,32,0,RING,A_flag_ceiling
reduce_scatter_perf,3,24,67108608,699048,float,sum,420.62,159.55,152.9,0,418.57,160.33,153.65,0,RING,SIMPLE,32,RING,SIMPLE,32,0,RING,A_flag_ceiling
reduce_scatter_perf,3,24,134217600,1398100,float,sum,538.9,249.06,238.68,0,531.81,252.38,241.86,0,RING,SIMPLE,32,RING,SIMPLE,32,0,RING,A_flag_ceiling
reduce_scatter_perf,3,24,268435200,2796200,float,sum,817.66,328.3,314.62,0,790.34,339.64,325.49,0,RING,SIMPLE,32,RING,SIMPLE,32,0,RING,A_flag_ceiling
reduce_scatter_perf,3,24,536870784,5592404,float,sum,1462.13,367.19,351.89,0,1434.12,374.35,358.76,0,RING,SIMPLE,32,RING,SIMPLE,32,0,RING,A_flag_ceiling
reduce_scatter_perf,3,24,3840,40,float,sum,78.81,0.05,0.05,0,77.39,0.05,0.05,0,RING,LL,32,RING,LL,32,0,RING,A_flag_ceiling
reduce_scatter_perf,3,24,8064,84,float,sum,79.13,0.1,0.1,0,78.54,0.1,0.1,0,RING,LL,32,RING,LL,32,0,RING,A_flag_ceiling
reduce_scatter_perf,3,24,16128,168,float,sum,79.82,0.2,0.19,0,79.65,0.2,0.19,0,RING,LL,32,RING,LL,32,0,RING,A_flag_ceiling
reduce_scatter_perf,3,24,32640,340,float,sum,83.19,0.39,0.38,0,82.43,0.4,0.38,0,RING,LL,32,RING,LL,32,0,RING,A_flag_ceiling
reduce_scatter_perf,3,24,65280,680,float,sum,95.63,0.68,0.65,0,96.13,0.68,0.65,0,RING,LL,32,RING,LL,32,0,RING,A_flag_ceiling
reduce_scatter_perf,3,24,130944,1364,float,sum,150.12,0.87,0.84,0,142.64,0.92,0.88,0,RING,LL,32,RING,LL,32,0,RING,A_flag_ceiling
reduce_scatter_perf,3,24,261888,2728,float,sum,152.04,1.72,1.65,0,150.96,1.73,1.66,0,RING,LL,32,RING,LL,32,0,RING,A_flag_ceiling
reduce_scatter_perf,3,24,524160,5460,float,sum,156.02,3.36,3.22,0,156.18,3.36,3.22,0,RING,LL,32,RING,LL,32,0,RING,A_flag_ceiling
reduce_scatter_perf,3,24,1048320,10920,float,sum,165.59,6.33,6.07,0,166.12,6.31,6.05,0,RING,LL,32,RING,LL,32,0,RING,A_flag_ceiling
reduce_scatter_perf,3,24,2097024,21844,float,sum,193.62,10.83,10.38,0,193.84,10.82,10.37,0,RING,LL,32,RING,LL,32,0,RING,A_flag_ceiling
reduce_scatter_perf,3,24,4194048,43688,float,sum,231.27,18.13,17.38,0,240.96,17.41,16.68,0,RING,LL,32,RING,LL,32,0,RING,A_flag_ceiling
reduce_scatter_perf,3,24,8388480,87380,float,sum,308.5,27.19,26.06,0,307.73,27.26,26.12,0,RING,LL,32,RING,LL,32,0,RING,A_flag_ceiling
reduce_scatter_perf,3,24,16776960,174760,float,sum,545.52,30.75,29.47,0,549.5,30.53,29.26,0,RING,LL,32,RING,LL,32,0,RING,A_flag_ceiling
reduce_scatter_perf,3,24,33554304,349524,float,sum,927.96,36.16,34.65,0,920.04,36.47,34.95,0,RING,LL,32,RING,LL,32,0,RING,A_flag_ceiling
reduce_scatter_perf,3,24,67108608,699048,float,sum,1793.48,37.42,35.86,0,1793.58,37.42,35.86,0,RING,LL,32,RING,LL,32,0,RING,A_flag_ceiling
reduce_scatter_perf,3,24,134217600,1398100,float,sum,3435.61,39.07,37.44,0,3418.79,39.26,37.62,0,RING,LL,32,RING,LL,32,0,RING,A_flag_ceiling
reduce_scatter_perf,3,24,268435200,2796200,float,sum,6768.71,39.66,38.01,0,6768.49,39.66,38.01,0,RING,LL,32,RING,LL,32,0,RING,A_flag_ceiling
reduce_scatter_perf,3,24,536870784,5592404,float,sum,13434.7,39.96,38.3,0,13392.4,40.09,38.42,0,RING,LL,32,RING,LL,32,0,RING,A_flag_ceiling
reduce_scatter_perf,3,24,3840,40,float,sum,90.79,0.04,0.04,0,87.81,0.04,0.04,0,RING,LL128,32,RING,LL128,32,0,RING,A_flag_ceiling
reduce_scatter_perf,3,24,8064,84,float,sum,96.07,0.08,0.08,0,87.11,0.09,0.09,0,RING,LL128,32,RING,LL128,32,0,RING,A_flag_ceiling
reduce_scatter_perf,3,24,16128,168,float,sum,88.85,0.18,0.17,0,87.12,0.19,0.18,0,RING,LL128,32,RING,LL128,32,0,RING,A_flag_ceiling
reduce_scatter_perf,3,24,32640,340,float,sum,88.58,0.37,0.35,0,87.81,0.37,0.36,0,RING,LL128,32,RING,LL128,32,0,RING,A_flag_ceiling
reduce_scatter_perf,3,24,65280,680,float,sum,89.33,0.73,0.7,0,88.92,0.73,0.7,0,RING,LL128,32,RING,LL128,32,0,RING,A_flag_ceiling
reduce_scatter_perf,3,24,130944,1364,float,sum,92.6,1.41,1.36,0,93.1,1.41,1.35,0,RING,LL128,32,RING,LL128,32,0,RING,A_flag_ceiling
reduce_scatter_perf,3,24,261888,2728,float,sum,104.34,2.51,2.41,0,104.74,2.5,2.4,0,RING,LL128,32,RING,LL128,32,0,RING,A_flag_ceiling
reduce_scatter_perf,3,24,524160,5460,float,sum,148.91,3.52,3.37,0,146.93,3.57,3.42,0,RING,LL128,32,RING,LL128,32,0,RING,A_flag_ceiling
reduce_scatter_perf,3,24,1048320,10920,float,sum,144.39,7.26,6.96,0,149.5,7.01,6.72,0,RING,LL128,32,RING,LL128,32,0,RING,A_flag_ceiling
reduce_scatter_perf,3,24,2097024,21844,float,sum,147.91,14.18,13.59,0,144.28,14.53,13.93,0,RING,LL128,32,RING,LL128,32,0,RING,A_flag_ceiling
reduce_scatter_perf,3,24,4194048,43688,float,sum,145.73,28.78,27.58,0,144.65,28.99,27.79,0,RING,LL128,32,RING,LL128,32,0,RING,A_flag_ceiling
reduce_scatter_perf,3,24,8388480,87380,float,sum,149.89,55.97,53.63,0,151.45,55.39,53.08,0,RING,LL128,32,RING,LL128,32,0,RING,A_flag_ceiling
reduce_scatter_perf,3,24,16776960,174760,float,sum,161.49,103.89,99.56,0,161.88,103.64,99.32,0,RING,LL128,32,RING,LL128,32,0,RING,A_flag_ceiling
reduce_scatter_perf,3,24,33554304,349524,float,sum,256.06,131.04,125.58,0,181.93,184.44,176.75,0,RING,LL128,32,RING,LL128,32,0,RING,A_flag_ceiling
reduce_scatter_perf,3,24,67108608,699048,float,sum,295.4,227.18,217.71,0,294.23,228.08,218.58,0,RING,LL128,32,RING,LL128,32,0,RING,A_flag_ceiling
reduce_scatter_perf,3,24,134217600,1398100,float,sum,565.62,237.29,227.4,0,544.29,246.59,236.32,0,RING,LL128,32,RING,LL128,32,0,RING,A_flag_ceiling
reduce_scatter_perf,3,24,268435200,2796200,float,sum,1055.12,254.41,243.81,0,1053.6,254.78,244.16,0,RING,LL128,32,RING,LL128,32,0,RING,A_flag_ceiling
reduce_scatter_perf,3,24,536870784,5592404,float,sum,2068.39,259.56,248.75,0,2057.83,260.89,250.02,0,RING,LL128,32,RING,LL128,32,0,RING,A_flag_ceiling
reduce_scatter_perf,3,24,3840,40,float,sum,272.43,0.01,0.01,0,267.41,0.01,0.01,0,RING,SIMPLE,40,RING,SIMPLE,40,0,RING,A_flag_ceiling
reduce_scatter_perf,3,24,8064,84,float,sum,268.47,0.03,0.03,0,267.99,0.03,0.03,0,RING,SIMPLE,40,RING,SIMPLE,40,0,RING,A_flag_ceiling
reduce_scatter_perf,3,24,16128,168,float,sum,268.93,0.06,0.06,0,268.62,0.06,0.06,0,RING,SIMPLE,40,RING,SIMPLE,40,0,RING,A_flag_ceiling
reduce_scatter_perf,3,24,32640,340,float,sum,272.4,0.12,0.11,0,272.29,0.12,0.11,0,RING,SIMPLE,40,RING,SIMPLE,40,0,RING,A_flag_ceiling
reduce_scatter_perf,3,24,65280,680,float,sum,277.08,0.24,0.23,0,278.45,0.23,0.22,0,RING,SIMPLE,40,RING,SIMPLE,40,0,RING,A_flag_ceiling
reduce_scatter_perf,3,24,130944,1364,float,sum,281.92,0.46,0.45,0,282.63,0.46,0.44,0,RING,SIMPLE,40,RING,SIMPLE,40,0,RING,A_flag_ceiling
reduce_scatter_perf,3,24,261888,2728,float,sum,306.5,0.85,0.82,0,300.53,0.87,0.84,0,RING,SIMPLE,40,RING,SIMPLE,40,0,RING,A_flag_ceiling
reduce_scatter_perf,3,24,524160,5460,float,sum,376.52,1.39,1.33,0,374.95,1.4,1.34,0,RING,SIMPLE,40,RING,SIMPLE,40,0,RING,A_flag_ceiling
reduce_scatter_perf,3,24,1048320,10920,float,sum,373.04,2.81,2.69,0,387.09,2.71,2.6,0,RING,SIMPLE,40,RING,SIMPLE,40,0,RING,A_flag_ceiling
reduce_scatter_perf,3,24,2097024,21844,float,sum,371.51,5.64,5.41,0,371.64,5.64,5.41,0,RING,SIMPLE,40,RING,SIMPLE,40,0,RING,A_flag_ceiling
reduce_scatter_perf,3,24,4194048,43688,float,sum,408.57,10.27,9.84,0,408.51,10.27,9.84,0,RING,SIMPLE,40,RING,SIMPLE,40,0,RING,A_flag_ceiling
reduce_scatter_perf,3,24,8388480,87380,float,sum,435.64,19.26,18.45,0,433.66,19.34,18.54,0,RING,SIMPLE,40,RING,SIMPLE,40,0,RING,A_flag_ceiling
reduce_scatter_perf,3,24,16776960,174760,float,sum,437.33,38.36,36.76,0,436.57,38.43,36.83,0,RING,SIMPLE,40,RING,SIMPLE,40,0,RING,A_flag_ceiling
reduce_scatter_perf,3,24,33554304,349524,float,sum,452.25,74.19,71.1,0,452.51,74.15,71.06,0,RING,SIMPLE,40,RING,SIMPLE,40,0,RING,A_flag_ceiling
reduce_scatter_perf,3,24,67108608,699048,float,sum,468.64,143.2,137.23,0,468.23,143.33,137.35,0,RING,SIMPLE,40,RING,SIMPLE,40,0,RING,A_flag_ceiling
reduce_scatter_perf,3,24,134217600,1398100,float,sum,542.04,247.62,237.3,0,539.43,248.81,238.44,0,RING,SIMPLE,40,RING,SIMPLE,40,0,RING,A_flag_ceiling
reduce_scatter_perf,3,24,268435200,2796200,float,sum,791.68,339.07,324.94,0,768.42,349.33,334.78,0,RING,SIMPLE,40,RING,SIMPLE,40,0,RING,A_flag_ceiling
reduce_scatter_perf,3,24,536870784,5592404,float,sum,1423.26,377.21,361.5,0,1413.87,379.72,363.89,0,RING,SIMPLE,40,RING,SIMPLE,40,0,RING,A_flag_ceiling
reduce_scatter_perf,3,24,3840,40,float,sum,81.39,0.05,0.05,0,76.52,0.05,0.05,0,RING,LL,40,RING,LL,40,0,RING,A_flag_ceiling
reduce_scatter_perf,3,24,8064,84,float,sum,78.66,0.1,0.1,0,78.2,0.1,0.1,0,RING,LL,40,RING,LL,40,0,RING,A_flag_ceiling
reduce_scatter_perf,3,24,16128,168,float,sum,78.91,0.2,0.2,0,79.16,0.2,0.2,0,RING,LL,40,RING,LL,40,0,RING,A_flag_ceiling
reduce_scatter_perf,3,24,32640,340,float,sum,82.73,0.39,0.38,0,81.84,0.4,0.38,0,RING,LL,40,RING,LL,40,0,RING,A_flag_ceiling
reduce_scatter_perf,3,24,65280,680,float,sum,98.05,0.67,0.64,0,98.02,0.67,0.64,0,RING,LL,40,RING,LL,40,0,RING,A_flag_ceiling
reduce_scatter_perf,3,24,130944,1364,float,sum,148.21,0.88,0.85,0,146.83,0.89,0.85,0,RING,LL,40,RING,LL,40,0,RING,A_flag_ceiling
reduce_scatter_perf,3,24,261888,2728,float,sum,154.28,1.7,1.63,0,164.34,1.59,1.53,0,RING,LL,40,RING,LL,40,0,RING,A_flag_ceiling
reduce_scatter_perf,3,24,524160,5460,float,sum,158.22,3.31,3.17,0,158.16,3.31,3.18,0,RING,LL,40,RING,LL,40,0,RING,A_flag_ceiling
reduce_scatter_perf,3,24,1048320,10920,float,sum,188.1,5.57,5.34,0,186.93,5.61,5.37,0,RING,LL,40,RING,LL,40,0,RING,A_flag_ceiling
reduce_scatter_perf,3,24,2097024,21844,float,sum,225.96,9.28,8.89,0,225.14,9.31,8.93,0,RING,LL,40,RING,LL,40,0,RING,A_flag_ceiling
reduce_scatter_perf,3,24,4194048,43688,float,sum,264.55,15.85,15.19,0,266.54,15.74,15.08,0,RING,LL,40,RING,LL,40,0,RING,A_flag_ceiling
reduce_scatter_perf,3,24,8388480,87380,float,sum,335.69,24.99,23.95,0,328.98,25.5,24.44,0,RING,LL,40,RING,LL,40,0,RING,A_flag_ceiling
reduce_scatter_perf,3,24,16776960,174760,float,sum,582.05,28.82,27.62,0,587.75,28.54,27.35,0,RING,LL,40,RING,LL,40,0,RING,A_flag_ceiling
reduce_scatter_perf,3,24,33554304,349524,float,sum,1003.37,33.44,32.05,0,1001.49,33.5,32.11,0,RING,LL,40,RING,LL,40,0,RING,A_flag_ceiling
reduce_scatter_perf,3,24,67108608,699048,float,sum,1822.24,36.83,35.29,0,1825.6,36.76,35.23,0,RING,LL,40,RING,LL,40,0,RING,A_flag_ceiling
reduce_scatter_perf,3,24,134217600,1398100,float,sum,3448.3,38.92,37.3,0,3438.97,39.03,37.4,0,RING,LL,40,RING,LL,40,0,RING,A_flag_ceiling
reduce_scatter_perf,3,24,268435200,2796200,float,sum,6795.93,39.5,37.85,0,6778.32,39.6,37.95,0,RING,LL,40,RING,LL,40,0,RING,A_flag_ceiling
reduce_scatter_perf,3,24,536870784,5592404,float,sum,13497.6,39.78,38.12,0,13446.7,39.93,38.26,0,RING,LL,40,RING,LL,40,0,RING,A_flag_ceiling
reduce_scatter_perf,3,24,3840,40,float,sum,89.44,0.04,0.04,0,86.52,0.04,0.04,0,RING,LL128,40,RING,LL128,40,0,RING,A_flag_ceiling
reduce_scatter_perf,3,24,8064,84,float,sum,86.63,0.09,0.09,0,86.32,0.09,0.09,0,RING,LL128,40,RING,LL128,40,0,RING,A_flag_ceiling
reduce_scatter_perf,3,24,16128,168,float,sum,86.63,0.19,0.18,0,89.05,0.18,0.17,0,RING,LL128,40,RING,LL128,40,0,RING,A_flag_ceiling
reduce_scatter_perf,3,24,32640,340,float,sum,87.44,0.37,0.36,0,87.1,0.37,0.36,0,RING,LL128,40,RING,LL128,40,0,RING,A_flag_ceiling
reduce_scatter_perf,3,24,65280,680,float,sum,88.93,0.73,0.7,0,88.47,0.74,0.71,0,RING,LL128,40,RING,LL128,40,0,RING,A_flag_ceiling
reduce_scatter_perf,3,24,130944,1364,float,sum,92.52,1.42,1.36,0,93.21,1.4,1.35,0,RING,LL128,40,RING,LL128,40,0,RING,A_flag_ceiling
reduce_scatter_perf,3,24,261888,2728,float,sum,106.07,2.47,2.37,0,103.58,2.53,2.42,0,RING,LL128,40,RING,LL128,40,0,RING,A_flag_ceiling
reduce_scatter_perf,3,24,524160,5460,float,sum,149.54,3.51,3.36,0,149.43,3.51,3.36,0,RING,LL128,40,RING,LL128,40,0,RING,A_flag_ceiling
reduce_scatter_perf,3,24,1048320,10920,float,sum,145.77,7.19,6.89,0,144.17,7.27,6.97,0,RING,LL128,40,RING,LL128,40,0,RING,A_flag_ceiling
reduce_scatter_perf,3,24,2097024,21844,float,sum,145.33,14.43,13.83,0,143.78,14.58,13.98,0,RING,LL128,40,RING,LL128,40,0,RING,A_flag_ceiling
reduce_scatter_perf,3,24,4194048,43688,float,sum,163.82,25.6,24.54,0,170.75,24.56,23.54,0,RING,LL128,40,RING,LL128,40,0,RING,A_flag_ceiling
reduce_scatter_perf,3,24,8388480,87380,float,sum,176.27,47.59,45.61,0,175.85,47.7,45.71,0,RING,LL128,40,RING,LL128,40,0,RING,A_flag_ceiling
reduce_scatter_perf,3,24,16776960,174760,float,sum,179.65,93.39,89.5,0,178.04,94.23,90.31,0,RING,LL128,40,RING,LL128,40,0,RING,A_flag_ceiling
reduce_scatter_perf,3,24,33554304,349524,float,sum,194.73,172.31,165.13,0,197.13,170.22,163.12,0,RING,LL128,40,RING,LL128,40,0,RING,A_flag_ceiling
reduce_scatter_perf,3,24,67108608,699048,float,sum,266.69,251.63,241.15,0,265.31,252.94,242.4,0,RING,LL128,40,RING,LL128,40,0,RING,A_flag_ceiling
reduce_scatter_perf,3,24,134217600,1398100,float,sum,515.25,260.49,249.64,0,504.63,265.97,254.89,0,RING,LL128,40,RING,LL128,40,0,RING,A_flag_ceiling
reduce_scatter_perf,3,24,268435200,2796200,float,sum,6366.26,42.17,40.41,0,928.5,289.11,277.06,0,RING,LL128,40,RING,LL128,40,0,RING,A_flag_ceiling
reduce_scatter_perf,3,24,536870784,5592404,float,sum,1838.59,292.0,279.83,0,1826.52,293.93,281.68,0,RING,LL128,40,RING,LL128,40,0,RING,A_flag_ceiling
reduce_scatter_perf,3,24,3840,40,float,sum,269.36,0.01,0.01,0,269.7,0.01,0.01,0,RING,SIMPLE,48,RING,SIMPLE,48,0,RING,A_flag_ceiling
reduce_scatter_perf,3,24,8064,84,float,sum,269.3,0.03,0.03,0,270.03,0.03,0.03,0,RING,SIMPLE,48,RING,SIMPLE,48,0,RING,A_flag_ceiling
reduce_scatter_perf,3,24,16128,168,float,sum,270.71,0.06,0.06,0,269.94,0.06,0.06,0,RING,SIMPLE,48,RING,SIMPLE,48,0,RING,A_flag_ceiling
reduce_scatter_perf,3,24,32640,340,float,sum,273.61,0.12,0.11,0,274.21,0.12,0.11,0,RING,SIMPLE,48,RING,SIMPLE,48,0,RING,A_flag_ceiling
reduce_scatter_perf,3,24,65280,680,float,sum,275.92,0.24,0.23,0,274.43,0.24,0.23,0,RING,SIMPLE,48,RING,SIMPLE,48,0,RING,A_flag_ceiling
reduce_scatter_perf,3,24,130944,1364,float,sum,283.44,0.46,0.44,0,283.09,0.46,0.44,0,RING,SIMPLE,48,RING,SIMPLE,48,0,RING,A_flag_ceiling
reduce_scatter_perf,3,24,261888,2728,float,sum,302.17,0.87,0.83,0,300.44,0.87,0.84,0,RING,SIMPLE,48,RING,SIMPLE,48,0,RING,A_flag_ceiling
reduce_scatter_perf,3,24,524160,5460,float,sum,372.11,1.41,1.35,0,368.81,1.42,1.36,0,RING,SIMPLE,48,RING,SIMPLE,48,0,RING,A_flag_ceiling
reduce_scatter_perf,3,24,1048320,10920,float,sum,371.36,2.82,2.71,0,367.47,2.85,2.73,0,RING,SIMPLE,48,RING,SIMPLE,48,0,RING,A_flag_ceiling
reduce_scatter_perf,3,24,2097024,21844,float,sum,446.94,4.69,4.5,0,443.16,4.73,4.53,0,RING,SIMPLE,48,RING,SIMPLE,48,0,RING,A_flag_ceiling
reduce_scatter_perf,3,24,4194048,43688,float,sum,447.4,9.37,8.98,0,448.09,9.36,8.97,0,RING,SIMPLE,48,RING,SIMPLE,48,0,RING,A_flag_ceiling
reduce_scatter_perf,3,24,8388480,87380,float,sum,469.0,17.89,17.14,0,484.22,17.32,16.6,0,RING,SIMPLE,48,RING,SIMPLE,48,0,RING,A_flag_ceiling
reduce_scatter_perf,3,24,16776960,174760,float,sum,479.84,34.96,33.51,0,470.63,35.65,34.16,0,RING,SIMPLE,48,RING,SIMPLE,48,0,RING,A_flag_ceiling
reduce_scatter_perf,3,24,33554304,349524,float,sum,491.27,68.3,65.45,0,489.74,68.51,65.66,0,RING,SIMPLE,48,RING,SIMPLE,48,0,RING,A_flag_ceiling
reduce_scatter_perf,3,24,67108608,699048,float,sum,508.99,131.85,126.35,0,507.28,132.29,126.78,0,RING,SIMPLE,48,RING,SIMPLE,48,0,RING,A_flag_ceiling
reduce_scatter_perf,3,24,134217600,1398100,float,sum,574.15,233.77,224.03,0,566.72,236.83,226.96,0,RING,SIMPLE,48,RING,SIMPLE,48,0,RING,A_flag_ceiling
reduce_scatter_perf,3,24,268435200,2796200,float,sum,783.53,342.6,328.32,0,771.37,348.0,333.5,0,RING,SIMPLE,48,RING,SIMPLE,48,0,RING,A_flag_ceiling
reduce_scatter_perf,3,24,536870784,5592404,float,sum,1421.75,377.61,361.88,0,1406.3,381.76,365.85,0,RING,SIMPLE,48,RING,SIMPLE,48,0,RING,A_flag_ceiling
reduce_scatter_perf,3,24,3840,40,float,sum,78.05,0.05,0.05,0,77.24,0.05,0.05,0,RING,LL,48,RING,LL,48,0,RING,A_flag_ceiling
reduce_scatter_perf,3,24,8064,84,float,sum,78.66,0.1,0.1,0,78.13,0.1,0.1,0,RING,LL,48,RING,LL,48,0,RING,A_flag_ceiling
reduce_scatter_perf,3,24,16128,168,float,sum,79.53,0.2,0.19,0,79.9,0.2,0.19,0,RING,LL,48,RING,LL,48,0,RING,A_flag_ceiling
reduce_scatter_perf,3,24,32640,340,float,sum,128.88,0.25,0.24,0,82.51,0.4,0.38,0,RING,LL,48,RING,LL,48,0,RING,A_flag_ceiling
reduce_scatter_perf,3,24,65280,680,float,sum,96.91,0.67,0.65,0,95.98,0.68,0.65,0,RING,LL,48,RING,LL,48,0,RING,A_flag_ceiling
reduce_scatter_perf,3,24,130944,1364,float,sum,158.6,0.83,0.79,0,144.84,0.9,0.87,0,RING,LL,48,RING,LL,48,0,RING,A_flag_ceiling
reduce_scatter_perf,3,24,261888,2728,float,sum,153.34,1.71,1.64,0,231.75,1.13,1.08,0,RING,LL,48,RING,LL,48,0,RING,A_flag_ceiling
reduce_scatter_perf,3,24,524160,5460,float,sum,198.85,2.64,2.53,0,195.55,2.68,2.57,0,RING,LL,48,RING,LL,48,0,RING,A_flag_ceiling
reduce_scatter_perf,3,24,1048320,10920,float,sum,252.8,4.15,3.97,0,207.17,5.06,4.85,0,RING,LL,48,RING,LL,48,0,RING,A_flag_ceiling
reduce_scatter_perf,3,24,2097024,21844,float,sum,241.96,8.67,8.31,0,243.19,8.62,8.26,0,RING,LL,48,RING,LL,48,0,RING,A_flag_ceiling
reduce_scatter_perf,3,24,4194048,43688,float,sum,276.69,15.16,14.53,0,286.15,14.66,14.05,0,RING,LL,48,RING,LL,48,0,RING,A_flag_ceiling
reduce_scatter_perf,3,24,8388480,87380,float,sum,353.04,23.76,22.77,0,356.58,23.52,22.54,0,RING,LL,48,RING,LL,48,0,RING,A_flag_ceiling
reduce_scatter_perf,3,24,16776960,174760,float,sum,444.0,37.79,36.21,0,450.79,37.22,35.67,0,RING,LL,48,RING,LL,48,0,RING,A_flag_ceiling
reduce_scatter_perf,3,24,33554304,349524,float,sum,904.54,37.1,35.55,0,896.98,37.41,35.85,0,RING,LL,48,RING,LL,48,0,RING,A_flag_ceiling
reduce_scatter_perf,3,24,67108608,699048,float,sum,1714.35,39.15,37.51,0,1720.2,39.01,37.39,0,RING,LL,48,RING,LL,48,0,RING,A_flag_ceiling
reduce_scatter_perf,3,24,134217600,1398100,float,sum,3312.3,40.52,38.83,0,3317.63,40.46,38.77,0,RING,LL,48,RING,LL,48,0,RING,A_flag_ceiling
reduce_scatter_perf,3,24,268435200,2796200,float,sum,6480.88,41.42,39.69,0,6469.06,41.5,39.77,0,RING,LL,48,RING,LL,48,0,RING,A_flag_ceiling
reduce_scatter_perf,3,24,536870784,5592404,float,sum,13208.5,40.65,38.95,0,12629.2,42.51,40.74,0,RING,LL,48,RING,LL,48,0,RING,A_flag_ceiling
reduce_scatter_perf,3,24,3840,40,float,sum,87.51,0.04,0.04,0,87.11,0.04,0.04,0,RING,LL128,48,RING,LL128,48,0,RING,A_flag_ceiling
reduce_scatter_perf,3,24,8064,84,float,sum,87.41,0.09,0.09,0,86.94,0.09,0.09,0,RING,LL128,48,RING,LL128,48,0,RING,A_flag_ceiling
reduce_scatter_perf,3,24,16128,168,float,sum,88.06,0.18,0.18,0,86.67,0.19,0.18,0,RING,LL128,48,RING,LL128,48,0,RING,A_flag_ceiling
reduce_scatter_perf,3,24,32640,340,float,sum,87.93,0.37,0.36,0,87.64,0.37,0.36,0,RING,LL128,48,RING,LL128,48,0,RING,A_flag_ceiling
reduce_scatter_perf,3,24,65280,680,float,sum,89.26,0.73,0.7,0,88.56,0.74,0.71,0,RING,LL128,48,RING,LL128,48,0,RING,A_flag_ceiling
reduce_scatter_perf,3,24,130944,1364,float,sum,93.43,1.4,1.34,0,92.69,1.41,1.35,0,RING,LL128,48,RING,LL128,48,0,RING,A_flag_ceiling
reduce_scatter_perf,3,24,261888,2728,float,sum,104.61,2.5,2.4,0,104.23,2.51,2.41,0,RING,LL128,48,RING,LL128,48,0,RING,A_flag_ceiling
reduce_scatter_perf,3,24,524160,5460,float,sum,149.07,3.52,3.37,0,147.71,3.55,3.4,0,RING,LL128,48,RING,LL128,48,0,RING,A_flag_ceiling
reduce_scatter_perf,3,24,1048320,10920,float,sum,145.41,7.21,6.91,0,150.32,6.97,6.68,0,RING,LL128,48,RING,LL128,48,0,RING,A_flag_ceiling
reduce_scatter_perf,3,24,2097024,21844,float,sum,184.69,11.35,10.88,0,184.01,11.4,10.92,0,RING,LL128,48,RING,LL128,48,0,RING,A_flag_ceiling
reduce_scatter_perf,3,24,4194048,43688,float,sum,181.18,23.15,22.18,0,182.25,23.01,22.05,0,RING,LL128,48,RING,LL128,48,0,RING,A_flag_ceiling
reduce_scatter_perf,3,24,8388480,87380,float,sum,194.76,43.07,41.28,0,191.69,43.76,41.94,0,RING,LL128,48,RING,LL128,48,0,RING,A_flag_ceiling
reduce_scatter_perf,3,24,16776960,174760,float,sum,197.34,85.02,81.47,0,197.85,84.8,81.26,0,RING,LL128,48,RING,LL128,48,0,RING,A_flag_ceiling
reduce_scatter_perf,3,24,33554304,349524,float,sum,218.05,153.88,147.47,0,216.73,154.82,148.37,0,RING,LL128,48,RING,LL128,48,0,RING,A_flag_ceiling
reduce_scatter_perf,3,24,67108608,699048,float,sum,280.85,238.95,228.99,0,268.32,250.11,239.69,0,RING,LL128,48,RING,LL128,48,0,RING,A_flag_ceiling
reduce_scatter_perf,3,24,134217600,1398100,float,sum,547.1,245.32,235.1,0,545.66,245.97,235.72,0,RING,LL128,48,RING,LL128,48,0,RING,A_flag_ceiling
reduce_scatter_perf,3,24,268435200,2796200,float,sum,909.06,295.29,282.98,0,906.38,296.16,283.82,0,RING,LL128,48,RING,LL128,48,0,RING,A_flag_ceiling
reduce_scatter_perf,3,24,536870784,5592404,float,sum,1705.83,314.73,301.61,0,1696.6,316.44,303.25,0,RING,LL128,48,RING,LL128,48,0,RING,A_flag_ceiling
reduce_scatter_perf,3,24,3840,40,float,sum,269.16,0.01,0.01,0,268.52,0.01,0.01,0,RING,SIMPLE,1,RING,SIMPLE,1,0,RING,A_flag_ceiling
reduce_scatter_perf,3,24,8064,84,float,sum,268.75,0.03,0.03,0,268.68,0.03,0.03,0,RING,SIMPLE,1,RING,SIMPLE,1,0,RING,A_flag_ceiling
reduce_scatter_perf,3,24,16128,168,float,sum,268.92,0.06,0.06,0,269.26,0.06,0.06,0,RING,SIMPLE,1,RING,SIMPLE,1,0,RING,A_flag_ceiling
reduce_scatter_perf,3,24,32640,340,float,sum,270.07,0.12,0.12,0,269.1,0.12,0.12,0,RING,SIMPLE,1,RING,SIMPLE,1,0,RING,A_flag_ceiling
reduce_scatter_perf,3,24,65280,680,float,sum,273.13,0.24,0.23,0,272.65,0.24,0.23,0,RING,SIMPLE,1,RING,SIMPLE,1,0,RING,A_flag_ceiling
reduce_scatter_perf,3,24,130944,1364,float,sum,276.44,0.47,0.45,0,276.17,0.47,0.45,0,RING,SIMPLE,1,RING,SIMPLE,1,0,RING,A_flag_ceiling
reduce_scatter_perf,3,24,261888,2728,float,sum,285.93,0.92,0.88,0,287.47,0.91,0.87,0,RING,SIMPLE,1,RING,SIMPLE,1,0,RING,A_flag_ceiling
reduce_scatter_perf,3,24,524160,5460,float,sum,302.24,1.73,1.66,0,300.06,1.75,1.67,0,RING,SIMPLE,1,RING,SIMPLE,1,0,RING,A_flag_ceiling
reduce_scatter_perf,3,24,1048320,10920,float,sum,312.92,3.35,3.21,0,311.92,3.36,3.22,0,RING,SIMPLE,1,RING,SIMPLE,1,0,RING,A_flag_ceiling
reduce_scatter_perf,3,24,2097024,21844,float,sum,378.68,5.54,5.31,0,373.28,5.62,5.38,0,RING,SIMPLE,1,RING,SIMPLE,1,0,RING,A_flag_ceiling
reduce_scatter_perf,3,24,4194048,43688,float,sum,516.73,8.12,7.78,0,508.0,8.26,7.91,0,RING,SIMPLE,1,RING,SIMPLE,1,0,RING,A_flag_ceiling
reduce_scatter_perf,3,24,8388480,87380,float,sum,844.65,9.93,9.52,0,812.08,10.33,9.9,0,RING,SIMPLE,1,RING,SIMPLE,1,0,RING,A_flag_ceiling
reduce_scatter_perf,3,24,16776960,174760,float,sum,1165.16,14.4,13.8,0,1112.55,15.08,14.45,0,RING,SIMPLE,1,RING,SIMPLE,1,0,RING,A_flag_ceiling
reduce_scatter_perf,3,24,33554304,349524,float,sum,2187.77,15.34,14.7,0,2099.89,15.98,15.31,0,RING,SIMPLE,1,RING,SIMPLE,1,0,RING,A_flag_ceiling
reduce_scatter_perf,3,24,67108608,699048,float,sum,4365.75,15.37,14.73,0,4170.82,16.09,15.42,0,RING,SIMPLE,1,RING,SIMPLE,1,0,RING,A_flag_ceiling
reduce_scatter_perf,3,24,134217600,1398100,float,sum,8565.16,15.67,15.02,0,8277.74,16.21,15.54,0,RING,SIMPLE,1,RING,SIMPLE,1,0,RING,A_flag_ceiling
reduce_scatter_perf,3,24,268435200,2796200,float,sum,17134.0,15.67,15.01,0,16577.2,16.19,15.52,0,RING,SIMPLE,1,RING,SIMPLE,1,0,RING,A_flag_ceiling
reduce_scatter_perf,3,24,536870784,5592404,float,sum,34138.6,15.73,15.07,0,33491.0,16.03,15.36,0,RING,SIMPLE,1,RING,SIMPLE,1,0,RING,A_flag_ceiling
reduce_scatter_perf,3,24,3840,40,float,sum,80.22,0.05,0.05,0,77.83,0.05,0.05,0,RING,LL,1,RING,LL,1,0,RING,A_flag_ceiling
reduce_scatter_perf,3,24,8064,84,float,sum,78.85,0.1,0.1,0,77.62,0.1,0.1,0,RING,LL,1,RING,LL,1,0,RING,A_flag_ceiling
reduce_scatter_perf,3,24,16128,168,float,sum,79.5,0.2,0.19,0,78.62,0.21,0.2,0,RING,LL,1,RING,LL,1,0,RING,A_flag_ceiling
reduce_scatter_perf,3,24,32640,340,float,sum,80.3,0.41,0.39,0,79.14,0.41,0.4,0,RING,LL,1,RING,LL,1,0,RING,A_flag_ceiling
reduce_scatter_perf,3,24,65280,680,float,sum,89.24,0.73,0.7,0,87.78,0.74,0.71,0,RING,LL,1,RING,LL,1,0,RING,A_flag_ceiling
reduce_scatter_perf,3,24,130944,1364,float,sum,98.18,1.33,1.28,0,97.67,1.34,1.28,0,RING,LL,1,RING,LL,1,0,RING,A_flag_ceiling
reduce_scatter_perf,3,24,261888,2728,float,sum,145.29,1.8,1.73,0,144.21,1.82,1.74,0,RING,LL,1,RING,LL,1,0,RING,A_flag_ceiling
reduce_scatter_perf,3,24,524160,5460,float,sum,260.75,2.01,1.93,0,257.11,2.04,1.95,0,RING,LL,1,RING,LL,1,0,RING,A_flag_ceiling
reduce_scatter_perf,3,24,1048320,10920,float,sum,474.7,2.21,2.12,0,468.88,2.24,2.14,0,RING,LL,1,RING,LL,1,0,RING,A_flag_ceiling
reduce_scatter_perf,3,24,2097024,21844,float,sum,917.35,2.29,2.19,0,919.51,2.28,2.19,0,RING,LL,1,RING,LL,1,0,RING,A_flag_ceiling
reduce_scatter_perf,3,24,4194048,43688,float,sum,1806.15,2.32,2.23,0,1807.99,2.32,2.22,0,RING,LL,1,RING,LL,1,0,RING,A_flag_ceiling
reduce_scatter_perf,3,24,8388480,87380,float,sum,3582.04,2.34,2.24,0,3582.86,2.34,2.24,0,RING,LL,1,RING,LL,1,0,RING,A_flag_ceiling
reduce_scatter_perf,3,24,16776960,174760,float,sum,7129.69,2.35,2.26,0,7160.45,2.34,2.25,0,RING,LL,1,RING,LL,1,0,RING,A_flag_ceiling
reduce_scatter_perf,3,24,33554304,349524,float,sum,14273.3,2.35,2.25,0,14268.9,2.35,2.25,0,RING,LL,1,RING,LL,1,0,RING,A_flag_ceiling
reduce_scatter_perf,3,24,67108608,699048,float,sum,28445.2,2.36,2.26,0,28586.5,2.35,2.25,0,RING,LL,1,RING,LL,1,0,RING,A_flag_ceiling
reduce_scatter_perf,3,24,134217600,1398100,float,sum,56914.9,2.36,2.26,0,57283.1,2.34,2.25,0,RING,LL,1,RING,LL,1,0,RING,A_flag_ceiling
reduce_scatter_perf,3,24,268435200,2796200,float,sum,113365.0,2.37,2.27,0,114483.0,2.34,2.25,0,RING,LL,1,RING,LL,1,0,RING,A_flag_ceiling
reduce_scatter_perf,3,24,536870784,5592404,float,sum,226561.0,2.37,2.27,0,228561.0,2.35,2.25,0,RING,LL,1,RING,LL,1,0,RING,A_flag_ceiling
reduce_scatter_perf,3,24,3840,40,float,sum,90.0,0.04,0.04,0,89.19,0.04,0.04,0,RING,LL128,1,RING,LL128,1,0,RING,A_flag_ceiling
reduce_scatter_perf,3,24,8064,84,float,sum,90.15,0.09,0.09,0,86.07,0.09,0.09,0,RING,LL128,1,RING,LL128,1,0,RING,A_flag_ceiling
reduce_scatter_perf,3,24,16128,168,float,sum,86.42,0.19,0.18,0,85.11,0.19,0.18,0,RING,LL128,1,RING,LL128,1,0,RING,A_flag_ceiling
reduce_scatter_perf,3,24,32640,340,float,sum,86.84,0.38,0.36,0,85.91,0.38,0.36,0,RING,LL128,1,RING,LL128,1,0,RING,A_flag_ceiling
reduce_scatter_perf,3,24,65280,680,float,sum,87.25,0.75,0.72,0,85.94,0.76,0.73,0,RING,LL128,1,RING,LL128,1,0,RING,A_flag_ceiling
reduce_scatter_perf,3,24,130944,1364,float,sum,88.6,1.48,1.42,0,88.07,1.49,1.42,0,RING,LL128,1,RING,LL128,1,0,RING,A_flag_ceiling
reduce_scatter_perf,3,24,261888,2728,float,sum,93.39,2.8,2.69,0,91.42,2.86,2.75,0,RING,LL128,1,RING,LL128,1,0,RING,A_flag_ceiling
reduce_scatter_perf,3,24,524160,5460,float,sum,109.45,4.79,4.59,0,111.02,4.72,4.52,0,RING,LL128,1,RING,LL128,1,0,RING,A_flag_ceiling
reduce_scatter_perf,3,24,1048320,10920,float,sum,173.03,6.06,5.81,0,166.94,6.28,6.02,0,RING,LL128,1,RING,LL128,1,0,RING,A_flag_ceiling
reduce_scatter_perf,3,24,2097024,21844,float,sum,274.31,7.64,7.33,0,274.51,7.64,7.32,0,RING,LL128,1,RING,LL128,1,0,RING,A_flag_ceiling
reduce_scatter_perf,3,24,4194048,43688,float,sum,519.7,8.07,7.73,0,515.52,8.14,7.8,0,RING,LL128,1,RING,LL128,1,0,RING,A_flag_ceiling
reduce_scatter_perf,3,24,8388480,87380,float,sum,1004.36,8.35,8.0,0,984.19,8.52,8.17,0,RING,LL128,1,RING,LL128,1,0,RING,A_flag_ceiling
reduce_scatter_perf,3,24,16776960,174760,float,sum,1754.96,9.56,9.16,0,1728.52,9.71,9.3,0,RING,LL128,1,RING,LL128,1,0,RING,A_flag_ceiling
reduce_scatter_perf,3,24,33554304,349524,float,sum,3511.78,9.55,9.16,0,3460.86,9.7,9.29,0,RING,LL128,1,RING,LL128,1,0,RING,A_flag_ceiling
reduce_scatter_perf,3,24,67108608,699048,float,sum,6999.38,9.59,9.19,0,6853.28,9.79,9.38,0,RING,LL128,1,RING,LL128,1,0,RING,A_flag_ceiling
reduce_scatter_perf,3,24,134217600,1398100,float,sum,13855.1,9.69,9.28,0,13753.6,9.76,9.35,0,RING,LL128,1,RING,LL128,1,0,RING,A_flag_ceiling
reduce_scatter_perf,3,24,268435200,2796200,float,sum,27579.7,9.73,9.33,0,27361.8,9.81,9.4,0,RING,LL128,1,RING,LL128,1,0,RING,A_flag_ceiling
reduce_scatter_perf,3,24,536870784,5592404,float,sum,55303.7,9.71,9.3,0,54823.7,9.79,9.38,0,RING,LL128,1,RING,LL128,1,0,RING,A_flag_ceiling
reduce_scatter_perf,3,24,3840,40,float,sum,273.43,0.01,0.01,0,269.22,0.01,0.01,0,RING,SIMPLE,2,RING,SIMPLE,2,0,RING,A_flag_ceiling
reduce_scatter_perf,3,24,8064,84,float,sum,269.44,0.03,0.03,0,269.27,0.03,0.03,0,RING,SIMPLE,2,RING,SIMPLE,2,0,RING,A_flag_ceiling
reduce_scatter_perf,3,24,16128,168,float,sum,269.37,0.06,0.06,0,269.79,0.06,0.06,0,RING,SIMPLE,2,RING,SIMPLE,2,0,RING,A_flag_ceiling
reduce_scatter_perf,3,24,32640,340,float,sum,271.65,0.12,0.12,0,273.63,0.12,0.11,0,RING,SIMPLE,2,RING,SIMPLE,2,0,RING,A_flag_ceiling
reduce_scatter_perf,3,24,65280,680,float,sum,274.44,0.24,0.23,0,274.11,0.24,0.23,0,RING,SIMPLE,2,RING,SIMPLE,2,0,RING,A_flag_ceiling
reduce_scatter_perf,3,24,130944,1364,float,sum,276.53,0.47,0.45,0,277.13,0.47,0.45,0,RING,SIMPLE,2,RING,SIMPLE,2,0,RING,A_flag_ceiling
reduce_scatter_perf,3,24,261888,2728,float,sum,280.72,0.93,0.89,0,278.86,0.94,0.9,0,RING,SIMPLE,2,RING,SIMPLE,2,0,RING,A_flag_ceiling
reduce_scatter_perf,3,24,524160,5460,float,sum,289.64,1.81,1.73,0,289.83,1.81,1.73,0,RING,SIMPLE,2,RING,SIMPLE,2,0,RING,A_flag_ceiling
reduce_scatter_perf,3,24,1048320,10920,float,sum,303.3,3.46,3.31,0,301.85,3.47,3.33,0,RING,SIMPLE,2,RING,SIMPLE,2,0,RING,A_flag_ceiling
reduce_scatter_perf,3,24,2097024,21844,float,sum,315.48,6.65,6.37,0,314.63,6.66,6.39,0,RING,SIMPLE,2,RING,SIMPLE,2,0,RING,A_flag_ceiling
reduce_scatter_perf,3,24,4194048,43688,float,sum,377.06,11.12,10.66,0,373.61,11.23,10.76,0,RING,SIMPLE,2,RING,SIMPLE,2,0,RING,A_flag_ceiling
reduce_scatter_perf,3,24,8388480,87380,float,sum,518.75,16.17,15.5,0,510.9,16.42,15.73,0,RING,SIMPLE,2,RING,SIMPLE,2,0,RING,A_flag_ceiling
reduce_scatter_perf,3,24,16776960,174760,float,sum,660.52,25.4,24.34,0,625.42,26.82,25.71,0,RING,SIMPLE,2,RING,SIMPLE,2,0,RING,A_flag_ceiling
reduce_scatter_perf,3,24,33554304,349524,float,sum,1183.93,28.34,27.16,0,1127.41,29.76,28.52,0,RING,SIMPLE,2,RING,SIMPLE,2,0,RING,A_flag_ceiling
reduce_scatter_perf,3,24,67108608,699048,float,sum,2186.59,30.69,29.41,0,2093.93,32.05,30.71,0,RING,SIMPLE,2,RING,SIMPLE,2,0,RING,A_flag_ceiling
reduce_scatter_perf,3,24,134217600,1398100,float,sum,4381.71,30.63,29.36,0,4189.41,32.04,30.7,0,RING,SIMPLE,2,RING,SIMPLE,2,0,RING,A_flag_ceiling
reduce_scatter_perf,3,24,268435200,2796200,float,sum,8531.34,31.46,30.15,0,8331.17,32.22,30.88,0,RING,SIMPLE,2,RING,SIMPLE,2,0,RING,A_flag_ceiling
reduce_scatter_perf,3,24,536870784,5592404,float,sum,22285.4,24.09,23.09,0,16800.8,31.95,30.62,0,RING,SIMPLE,2,RING,SIMPLE,2,0,RING,A_flag_ceiling
reduce_scatter_perf,3,24,3840,40,float,sum,81.14,0.05,0.05,0,77.77,0.05,0.05,0,RING,LL,2,RING,LL,2,0,RING,A_flag_ceiling
reduce_scatter_perf,3,24,8064,84,float,sum,78.74,0.1,0.1,0,78.59,0.1,0.1,0,RING,LL,2,RING,LL,2,0,RING,A_flag_ceiling
reduce_scatter_perf,3,24,16128,168,float,sum,78.74,0.2,0.2,0,79.59,0.2,0.19,0,RING,LL,2,RING,LL,2,0,RING,A_flag_ceiling
reduce_scatter_perf,3,24,32640,340,float,sum,80.11,0.41,0.39,0,79.89,0.41,0.39,0,RING,LL,2,RING,LL,2,0,RING,A_flag_ceiling
reduce_scatter_perf,3,24,65280,680,float,sum,82.37,0.79,0.76,0,81.15,0.8,0.77,0,RING,LL,2,RING,LL,2,0,RING,A_flag_ceiling
reduce_scatter_perf,3,24,130944,1364,float,sum,91.05,1.44,1.38,0,89.82,1.46,1.4,0,RING,LL,2,RING,LL,2,0,RING,A_flag_ceiling
reduce_scatter_perf,3,24,261888,2728,float,sum,100.97,2.59,2.49,0,158.63,1.65,1.58,0,RING,LL,2,RING,LL,2,0,RING,A_flag_ceiling
reduce_scatter_perf,3,24,524160,5460,float,sum,147.07,3.56,3.42,0,145.87,3.59,3.44,0,RING,LL,2,RING,LL,2,0,RING,A_flag_ceiling
reduce_scatter_perf,3,24,1048320,10920,float,sum,262.9,3.99,3.82,0,259.67,4.04,3.87,0,RING,LL,2,RING,LL,2,0,RING,A_flag_ceiling
reduce_scatter_perf,3,24,2097024,21844,float,sum,478.22,4.39,4.2,0,475.29,4.41,4.23,0,RING,LL,2,RING,LL,2,0,RING,A_flag_ceiling
reduce_scatter_perf,3,24,4194048,43688,float,sum,918.87,4.56,4.37,0,923.43,4.54,4.35,0,RING,LL,2,RING,LL,2,0,RING,A_flag_ceiling
reduce_scatter_perf,3,24,8388480,87380,float,sum,1799.04,4.66,4.47,0,1820.78,4.61,4.42,0,RING,LL,2,RING,LL,2,0,RING,A_flag_ceiling
reduce_scatter_perf,3,24,16776960,174760,float,sum,3566.32,4.7,4.51,0,3656.91,4.59,4.4,0,RING,LL,2,RING,LL,2,0,RING,A_flag_ceiling
reduce_scatter_perf,3,24,33554304,349524,float,sum,7115.7,4.72,4.52,0,7205.74,4.66,4.46,0,RING,LL,2,RING,LL,2,0,RING,A_flag_ceiling
reduce_scatter_perf,3,24,67108608,699048,float,sum,14234.8,4.71,4.52,0,14336.2,4.68,4.49,0,RING,LL,2,RING,LL,2,0,RING,A_flag_ceiling
reduce_scatter_perf,3,24,134217600,1398100,float,sum,28321.7,4.74,4.54,0,28671.6,4.68,4.49,0,RING,LL,2,RING,LL,2,0,RING,A_flag_ceiling
reduce_scatter_perf,3,24,268435200,2796200,float,sum,56770.6,4.73,4.53,0,57387.8,4.68,4.48,0,RING,LL,2,RING,LL,2,0,RING,A_flag_ceiling
reduce_scatter_perf,3,24,536870784,5592404,float,sum,113401.0,4.73,4.54,0,114532.0,4.69,4.49,0,RING,LL,2,RING,LL,2,0,RING,A_flag_ceiling
reduce_scatter_perf,3,24,3840,40,float,sum,86.53,0.04,0.04,0,85.19,0.05,0.04,0,RING,LL128,2,RING,LL128,2,0,RING,A_flag_ceiling
reduce_scatter_perf,3,24,8064,84,float,sum,86.39,0.09,0.09,0,85.09,0.09,0.09,0,RING,LL128,2,RING,LL128,2,0,RING,A_flag_ceiling
reduce_scatter_perf,3,24,16128,168,float,sum,86.03,0.19,0.18,0,85.07,0.19,0.18,0,RING,LL128,2,RING,LL128,2,0,RING,A_flag_ceiling
reduce_scatter_perf,3,24,32640,340,float,sum,87.88,0.37,0.36,0,87.45,0.37,0.36,0,RING,LL128,2,RING,LL128,2,0,RING,A_flag_ceiling
reduce_scatter_perf,3,24,65280,680,float,sum,87.52,0.75,0.71,0,87.81,0.74,0.71,0,RING,LL128,2,RING,LL128,2,0,RING,A_flag_ceiling
reduce_scatter_perf,3,24,130944,1364,float,sum,89.16,1.47,1.41,0,88.46,1.48,1.42,0,RING,LL128,2,RING,LL128,2,0,RING,A_flag_ceiling
reduce_scatter_perf,3,24,261888,2728,float,sum,90.36,2.9,2.78,0,90.29,2.9,2.78,0,RING,LL128,2,RING,LL128,2,0,RING,A_flag_ceiling
reduce_scatter_perf,3,24,524160,5460,float,sum,95.48,5.49,5.26,0,93.61,5.6,5.37,0,RING,LL128,2,RING,LL128,2,0,RING,A_flag_ceiling
reduce_scatter_perf,3,24,1048320,10920,float,sum,114.62,9.15,8.77,0,111.9,9.37,8.98,0,RING,LL128,2,RING,LL128,2,0,RING,A_flag_ceiling
reduce_scatter_perf,3,24,2097024,21844,float,sum,175.06,11.98,11.48,0,173.07,12.12,11.61,0,RING,LL128,2,RING,LL128,2,0,RING,A_flag_ceiling
reduce_scatter_perf,3,24,4194048,43688,float,sum,276.29,15.18,14.55,0,275.31,15.23,14.6,0,RING,LL128,2,RING,LL128,2,0,RING,A_flag_ceiling
reduce_scatter_perf,3,24,8388480,87380,float,sum,516.57,16.24,15.56,0,517.05,16.22,15.55,0,RING,LL128,2,RING,LL128,2,0,RING,A_flag_ceiling
reduce_scatter_perf,3,24,16776960,174760,float,sum,889.73,18.86,18.07,0,888.47,18.88,18.1,0,RING,LL128,2,RING,LL128,2,0,RING,A_flag_ceiling
reduce_scatter_perf,3,24,33554304,349524,float,sum,1749.93,19.17,18.38,0,1735.54,19.33,18.53,0,RING,LL128,2,RING,LL128,2,0,RING,A_flag_ceiling
reduce_scatter_perf,3,24,67108608,699048,float,sum,3473.69,19.32,18.51,0,3439.56,19.51,18.7,0,RING,LL128,2,RING,LL128,2,0,RING,A_flag_ceiling
reduce_scatter_perf,3,24,134217600,1398100,float,sum,6904.47,19.44,18.63,0,6861.21,19.56,18.75,0,RING,LL128,2,RING,LL128,2,0,RING,A_flag_ceiling
reduce_scatter_perf,3,24,268435200,2796200,float,sum,13576.6,19.77,18.95,0,13621.7,19.71,18.89,0,RING,LL128,2,RING,LL128,2,0,RING,A_flag_ceiling
reduce_scatter_perf,3,24,536870784,5592404,float,sum,27133.2,19.79,18.96,0,27339.4,19.64,18.82,0,RING,LL128,2,RING,LL128,2,0,RING,A_flag_ceiling
reduce_scatter_perf,3,24,3840,40,float,sum,270.68,0.01,0.01,0,269.62,0.01,0.01,0,RING,SIMPLE,4,RING,SIMPLE,4,0,RING,A_flag_ceiling
reduce_scatter_perf,3,24,8064,84,float,sum,269.75,0.03,0.03,0,270.02,0.03,0.03,0,RING,SIMPLE,4,RING,SIMPLE,4,0,RING,A_flag_ceiling
reduce_scatter_perf,3,24,16128,168,float,sum,270.15,0.06,0.06,0,270.4,0.06,0.06,0,RING,SIMPLE,4,RING,SIMPLE,4,0,RING,A_flag_ceiling
reduce_scatter_perf,3,24,32640,340,float,sum,272.82,0.12,0.11,0,274.21,0.12,0.11,0,RING,SIMPLE,4,RING,SIMPLE,4,0,RING,A_flag_ceiling
reduce_scatter_perf,3,24,65280,680,float,sum,275.82,0.24,0.23,0,276.16,0.24,0.23,0,RING,SIMPLE,4,RING,SIMPLE,4,0,RING,A_flag_ceiling
reduce_scatter_perf,3,24,130944,1364,float,sum,276.51,0.47,0.45,0,277.19,0.47,0.45,0,RING,SIMPLE,4,RING,SIMPLE,4,0,RING,A_flag_ceiling
reduce_scatter_perf,3,24,261888,2728,float,sum,278.46,0.94,0.9,0,278.88,0.94,0.9,0,RING,SIMPLE,4,RING,SIMPLE,4,0,RING,A_flag_ceiling
reduce_scatter_perf,3,24,524160,5460,float,sum,281.51,1.86,1.78,0,280.7,1.87,1.79,0,RING,SIMPLE,4,RING,SIMPLE,4,0,RING,A_flag_ceiling
reduce_scatter_perf,3,24,1048320,10920,float,sum,292.38,3.59,3.44,0,291.34,3.6,3.45,0,RING,SIMPLE,4,RING,SIMPLE,4,0,RING,A_flag_ceiling
reduce_scatter_perf,3,24,2097024,21844,float,sum,305.16,6.87,6.59,0,305.78,6.86,6.57,0,RING,SIMPLE,4,RING,SIMPLE,4,0,RING,A_flag_ceiling
reduce_scatter_perf,3,24,4194048,43688,float,sum,319.59,13.12,12.58,0,320.18,13.1,12.55,0,RING,SIMPLE,4,RING,SIMPLE,4,0,RING,A_flag_ceiling
reduce_scatter_perf,3,24,8388480,87380,float,sum,387.75,21.63,20.73,0,379.81,22.09,21.17,0,RING,SIMPLE,4,RING,SIMPLE,4,0,RING,A_flag_ceiling
reduce_scatter_perf,3,24,16776960,174760,float,sum,459.9,36.48,34.96,0,447.66,37.48,35.92,0,RING,SIMPLE,4,RING,SIMPLE,4,0,RING,A_flag_ceiling
reduce_scatter_perf,3,24,33554304,349524,float,sum,706.33,47.5,45.53,0,680.16,49.33,47.28,0,RING,SIMPLE,4,RING,SIMPLE,4,0,RING,A_flag_ceiling
reduce_scatter_perf,3,24,67108608,699048,float,sum,1227.87,54.65,52.38,0,1175.48,57.09,54.71,0,RING,SIMPLE,4,RING,SIMPLE,4,0,RING,A_flag_ceiling
reduce_scatter_perf,3,24,134217600,1398100,float,sum,2256.86,59.47,56.99,0,2161.5,62.09,59.51,0,RING,SIMPLE,4,RING,SIMPLE,4,0,RING,A_flag_ceiling
reduce_scatter_perf,3,24,268435200,2796200,float,sum,4462.39,60.15,57.65,0,4279.12,62.73,60.12,0,RING,SIMPLE,4,RING,SIMPLE,4,0,RING,A_flag_ceiling
reduce_scatter_perf,3,24,536870784,5592404,float,sum,8716.91,61.59,59.02,0,8522.15,63.0,60.37,0,RING,SIMPLE,4,RING,SIMPLE,4,0,RING,A_flag_ceiling
reduce_scatter_perf,3,24,3840,40,float,sum,78.67,0.05,0.05,0,76.92,0.05,0.05,0,RING,LL,4,RING,LL,4,0,RING,A_flag_ceiling
reduce_scatter_perf,3,24,8064,84,float,sum,78.76,0.1,0.1,0,78.63,0.1,0.1,0,RING,LL,4,RING,LL,4,0,RING,A_flag_ceiling
reduce_scatter_perf,3,24,16128,168,float,sum,80.17,0.2,0.19,0,79.92,0.2,0.19,0,RING,LL,4,RING,LL,4,0,RING,A_flag_ceiling
reduce_scatter_perf,3,24,32640,340,float,sum,80.41,0.41,0.39,0,80.69,0.4,0.39,0,RING,LL,4,RING,LL,4,0,RING,A_flag_ceiling
reduce_scatter_perf,3,24,65280,680,float,sum,81.68,0.8,0.77,0,81.83,0.8,0.76,0,RING,LL,4,RING,LL,4,0,RING,A_flag_ceiling
reduce_scatter_perf,3,24,130944,1364,float,sum,83.24,1.57,1.51,0,82.61,1.59,1.52,0,RING,LL,4,RING,LL,4,0,RING,A_flag_ceiling
reduce_scatter_perf,3,24,261888,2728,float,sum,91.46,2.86,2.74,0,90.87,2.88,2.76,0,RING,LL,4,RING,LL,4,0,RING,A_flag_ceiling
reduce_scatter_perf,3,24,524160,5460,float,sum,102.26,5.13,4.91,0,101.31,5.17,4.96,0,RING,LL,4,RING,LL,4,0,RING,A_flag_ceiling
reduce_scatter_perf,3,24,1048320,10920,float,sum,151.58,6.92,6.63,0,149.08,7.03,6.74,0,RING,LL,4,RING,LL,4,0,RING,A_flag_ceiling
reduce_scatter_perf,3,24,2097024,21844,float,sum,263.91,7.95,7.62,0,262.53,7.99,7.65,0,RING,LL,4,RING,LL,4,0,RING,A_flag_ceiling
reduce_scatter_perf,3,24,4194048,43688,float,sum,482.09,8.7,8.34,0,481.73,8.71,8.34,0,RING,LL,4,RING,LL,4,0,RING,A_flag_ceiling
reduce_scatter_perf,3,24,8388480,87380,float,sum,929.68,9.02,8.65,0,932.65,8.99,8.62,0,RING,LL,4,RING,LL,4,0,RING,A_flag_ceiling
reduce_scatter_perf,3,24,16776960,174760,float,sum,1824.65,9.19,8.81,0,1822.74,9.2,8.82,0,RING,LL,4,RING,LL,4,0,RING,A_flag_ceiling
reduce_scatter_perf,3,24,33554304,349524,float,sum,3624.52,9.26,8.87,0,3622.19,9.26,8.88,0,RING,LL,4,RING,LL,4,0,RING,A_flag_ceiling
reduce_scatter_perf,3,24,67108608,699048,float,sum,7203.87,9.32,8.93,0,7193.12,9.33,8.94,0,RING,LL,4,RING,LL,4,0,RING,A_flag_ceiling
reduce_scatter_perf,3,24,134217600,1398100,float,sum,14424.1,9.31,8.92,0,14361.4,9.35,8.96,0,RING,LL,4,RING,LL,4,0,RING,A_flag_ceiling
reduce_scatter_perf,3,24,268435200,2796200,float,sum,28885.6,9.29,8.91,0,28702.3,9.35,8.96,0,RING,LL,4,RING,LL,4,0,RING,A_flag_ceiling
reduce_scatter_perf,3,24,536870784,5592404,float,sum,57617.0,9.32,8.93,0,57075.1,9.41,9.01,0,RING,LL,4,RING,LL,4,0,RING,A_flag_ceiling
reduce_scatter_perf,3,24,3840,40,float,sum,86.74,0.04,0.04,0,89.19,0.04,0.04,0,RING,LL128,4,RING,LL128,4,0,RING,A_flag_ceiling
reduce_scatter_perf,3,24,8064,84,float,sum,86.19,0.09,0.09,0,85.97,0.09,0.09,0,RING,LL128,4,RING,LL128,4,0,RING,A_flag_ceiling
reduce_scatter_perf,3,24,16128,168,float,sum,86.69,0.19,0.18,0,86.29,0.19,0.18,0,RING,LL128,4,RING,LL128,4,0,RING,A_flag_ceiling
reduce_scatter_perf,3,24,32640,340,float,sum,87.66,0.37,0.36,0,87.29,0.37,0.36,0,RING,LL128,4,RING,LL128,4,0,RING,A_flag_ceiling
reduce_scatter_perf,3,24,65280,680,float,sum,89.45,0.73,0.7,0,88.82,0.73,0.7,0,RING,LL128,4,RING,LL128,4,0,RING,A_flag_ceiling
reduce_scatter_perf,3,24,130944,1364,float,sum,89.47,1.46,1.4,0,89.41,1.46,1.4,0,RING,LL128,4,RING,LL128,4,0,RING,A_flag_ceiling
reduce_scatter_perf,3,24,261888,2728,float,sum,92.62,2.83,2.71,0,90.28,2.9,2.78,0,RING,LL128,4,RING,LL128,4,0,RING,A_flag_ceiling
reduce_scatter_perf,3,24,524160,5460,float,sum,91.58,5.72,5.48,0,91.12,5.75,5.51,0,RING,LL128,4,RING,LL128,4,0,RING,A_flag_ceiling
reduce_scatter_perf,3,24,1048320,10920,float,sum,96.24,10.89,10.44,0,94.84,11.05,10.59,0,RING,LL128,4,RING,LL128,4,0,RING,A_flag_ceiling
reduce_scatter_perf,3,24,2097024,21844,float,sum,117.58,17.83,17.09,0,117.84,17.8,17.05,0,RING,LL128,4,RING,LL128,4,0,RING,A_flag_ceiling
reduce_scatter_perf,3,24,4194048,43688,float,sum,177.55,23.62,22.64,0,178.62,23.48,22.5,0,RING,LL128,4,RING,LL128,4,0,RING,A_flag_ceiling
reduce_scatter_perf,3,24,8388480,87380,float,sum,282.27,29.72,28.48,0,280.16,29.94,28.69,0,RING,LL128,4,RING,LL128,4,0,RING,A_flag_ceiling
reduce_scatter_perf,3,24,16776960,174760,float,sum,463.36,36.21,34.7,0,457.3,36.69,35.16,0,RING,LL128,4,RING,LL128,4,0,RING,A_flag_ceiling
reduce_scatter_perf,3,24,33554304,349524,float,sum,907.75,36.96,35.42,0,897.13,37.4,35.84,0,RING,LL128,4,RING,LL128,4,0,RING,A_flag_ceiling
reduce_scatter_perf,3,24,67108608,699048,float,sum,1766.79,37.98,36.4,0,1745.99,38.44,36.83,0,RING,LL128,4,RING,LL128,4,0,RING,A_flag_ceiling
reduce_scatter_perf,3,24,134217600,1398100,float,sum,3531.2,38.01,36.43,0,3501.61,38.33,36.73,0,RING,LL128,4,RING,LL128,4,0,RING,A_flag_ceiling
reduce_scatter_perf,3,24,268435200,2796200,float,sum,6991.8,38.39,36.79,0,6913.94,38.83,37.21,0,RING,LL128,4,RING,LL128,4,0,RING,A_flag_ceiling
reduce_scatter_perf,3,24,536870784,5592404,float,sum,13861.5,38.73,37.12,0,13994.5,38.36,36.76,0,RING,LL128,4,RING,LL128,4,0,RING,A_flag_ceiling
reduce_scatter_perf,3,24,3840,40,float,sum,268.73,0.01,0.01,0,268.54,0.01,0.01,0,RING,SIMPLE,8,RING,SIMPLE,8,0,RING,A_flag_ceiling
reduce_scatter_perf,3,24,8064,84,float,sum,268.92,0.03,0.03,0,268.2,0.03,0.03,0,RING,SIMPLE,8,RING,SIMPLE,8,0,RING,A_flag_ceiling
reduce_scatter_perf,3,24,16128,168,float,sum,269.21,0.06,0.06,0,269.68,0.06,0.06,0,RING,SIMPLE,8,RING,SIMPLE,8,0,RING,A_flag_ceiling
reduce_scatter_perf,3,24,32640,340,float,sum,272.89,0.12,0.11,0,274.77,0.12,0.11,0,RING,SIMPLE,8,RING,SIMPLE,8,0,RING,A_flag_ceiling
reduce_scatter_perf,3,24,65280,680,float,sum,276.16,0.24,0.23,0,275.84,0.24,0.23,0,RING,SIMPLE,8,RING,SIMPLE,8,0,RING,A_flag_ceiling
reduce_scatter_perf,3,24,130944,1364,float,sum,282.37,0.46,0.44,0,282.55,0.46,0.44,0,RING,SIMPLE,8,RING,SIMPLE,8,0,RING,A_flag_ceiling
reduce_scatter_perf,3,24,261888,2728,float,sum,284.59,0.92,0.88,0,283.9,0.92,0.88,0,RING,SIMPLE,8,RING,SIMPLE,8,0,RING,A_flag_ceiling
reduce_scatter_perf,3,24,524160,5460,float,sum,285.36,1.84,1.76,0,285.84,1.83,1.76,0,RING,SIMPLE,8,RING,SIMPLE,8,0,RING,A_flag_ceiling
reduce_scatter_perf,3,24,1048320,10920,float,sum,288.24,3.64,3.49,0,288.27,3.64,3.49,0,RING,SIMPLE,8,RING,SIMPLE,8,0,RING,A_flag_ceiling
reduce_scatter_perf,3,24,2097024,21844,float,sum,298.94,7.01,6.72,0,298.82,7.02,6.73,0,RING,SIMPLE,8,RING,SIMPLE,8,0,RING,A_flag_ceiling
reduce_scatter_perf,3,24,4194048,43688,float,sum,312.5,13.42,12.86,0,311.65,13.46,12.9,0,RING,SIMPLE,8,RING,SIMPLE,8,0,RING,A_flag_ceiling
reduce_scatter_perf,3,24,8388480,87380,float,sum,329.13,25.49,24.42,0,327.34,25.63,24.56,0,RING,SIMPLE,8,RING,SIMPLE,8,0,RING,A_flag_ceiling
reduce_scatter_perf,3,24,16776960,174760,float,sum,341.06,49.19,47.14,0,341.14,49.18,47.13,0,RING,SIMPLE,8,RING,SIMPLE,8,0,RING,A_flag_ceiling
reduce_scatter_perf,3,24,33554304,349524,float,sum,460.9,72.8,69.77,0,451.47,74.32,71.23,0,RING,SIMPLE,8,RING,SIMPLE,8,0,RING,A_flag_ceiling
reduce_scatter_perf,3,24,67108608,699048,float,sum,712.35,94.21,90.28,0,687.45,97.62,93.55,0,RING,SIMPLE,8,RING,SIMPLE,8,0,RING,A_flag_ceiling
reduce_scatter_perf,3,24,134217600,1398100,float,sum,1261.13,106.43,101.99,0,1194.97,112.32,107.64,0,RING,SIMPLE,8,RING,SIMPLE,8,0,RING,A_flag_ceiling
reduce_scatter_perf,3,24,268435200,2796200,float,sum,2279.2,117.78,112.87,0,2153.56,124.65,119.45,0,RING,SIMPLE,8,RING,SIMPLE,8,0,RING,A_flag_ceiling
reduce_scatter_perf,3,24,536870784,5592404,float,sum,4534.34,118.4,113.47,0,4381.36,122.54,117.43,0,RING,SIMPLE,8,RING,SIMPLE,8,0,RING,A_flag_ceiling
reduce_scatter_perf,3,24,3840,40,float,sum,77.77,0.05,0.05,0,77.48,0.05,0.05,0,RING,LL,8,RING,LL,8,0,RING,A_flag_ceiling
reduce_scatter_perf,3,24,8064,84,float,sum,78.58,0.1,0.1,0,78.55,0.1,0.1,0,RING,LL,8,RING,LL,8,0,RING,A_flag_ceiling
reduce_scatter_perf,3,24,16128,168,float,sum,79.64,0.2,0.19,0,79.01,0.2,0.2,0,RING,LL,8,RING,LL,8,0,RING,A_flag_ceiling
reduce_scatter_perf,3,24,32640,340,float,sum,83.0,0.39,0.38,0,82.03,0.4,0.38,0,RING,LL,8,RING,LL,8,0,RING,A_flag_ceiling
reduce_scatter_perf,3,24,65280,680,float,sum,83.17,0.78,0.75,0,83.31,0.78,0.75,0,RING,LL,8,RING,LL,8,0,RING,A_flag_ceiling
reduce_scatter_perf,3,24,130944,1364,float,sum,83.85,1.56,1.5,0,83.58,1.57,1.5,0,RING,LL,8,RING,LL,8,0,RING,A_flag_ceiling
reduce_scatter_perf,3,24,261888,2728,float,sum,85.31,3.07,2.94,0,85.01,3.08,2.95,0,RING,LL,8,RING,LL,8,0,RING,A_flag_ceiling
reduce_scatter_perf,3,24,524160,5460,float,sum,94.73,5.53,5.3,0,93.89,5.58,5.35,0,RING,LL,8,RING,LL,8,0,RING,A_flag_ceiling
reduce_scatter_perf,3,24,1048320,10920,float,sum,107.03,9.79,9.39,0,105.08,9.98,9.56,0,RING,LL,8,RING,LL,8,0,RING,A_flag_ceiling
reduce_scatter_perf,3,24,2097024,21844,float,sum,154.78,13.55,12.98,0,154.94,13.53,12.97,0,RING,LL,8,RING,LL,8,0,RING,A_flag_ceiling
reduce_scatter_perf,3,24,4194048,43688,float,sum,268.62,15.61,14.96,0,269.33,15.57,14.92,0,RING,LL,8,RING,LL,8,0,RING,A_flag_ceiling
reduce_scatter_perf,3,24,8388480,87380,float,sum,484.48,17.31,16.59,0,481.88,17.41,16.68,0,RING,LL,8,RING,LL,8,0,RING,A_flag_ceiling
reduce_scatter_perf,3,24,16776960,174760,float,sum,933.73,17.97,17.22,0,929.73,18.04,17.29,0,RING,LL,8,RING,LL,8,0,RING,A_flag_ceiling
reduce_scatter_perf,3,24,33554304,349524,float,sum,1819.21,18.44,17.68,0,1818.3,18.45,17.68,0,RING,LL,8,RING,LL,8,0,RING,A_flag_ceiling
reduce_scatter_perf,3,24,67108608,699048,float,sum,3613.64,18.57,17.8,0,3608.19,18.6,17.82,0,RING,LL,8,RING,LL,8,0,RING,A_flag_ceiling
reduce_scatter_perf,3,24,134217600,1398100,float,sum,7197.88,18.65,17.87,0,7150.12,18.77,17.99,0,RING,LL,8,RING,LL,8,0,RING,A_flag_ceiling
reduce_scatter_perf,3,24,268435200,2796200,float,sum,14373.3,18.68,17.9,0,14214.4,18.88,18.1,0,RING,LL,8,RING,LL,8,0,RING,A_flag_ceiling
reduce_scatter_perf,3,24,536870784,5592404,float,sum,28717.2,18.7,17.92,0,28303.9,18.97,18.18,0,RING,LL,8,RING,LL,8,0,RING,A_flag_ceiling
reduce_scatter_perf,3,24,3840,40,float,sum,89.89,0.04,0.04,0,88.65,0.04,0.04,0,RING,LL128,8,RING,LL128,8,0,RING,A_flag_ceiling
reduce_scatter_perf,3,24,8064,84,float,sum,89.62,0.09,0.09,0,85.02,0.09,0.09,0,RING,LL128,8,RING,LL128,8,0,RING,A_flag_ceiling
reduce_scatter_perf,3,24,16128,168,float,sum,85.98,0.19,0.18,0,84.74,0.19,0.18,0,RING,LL128,8,RING,LL128,8,0,RING,A_flag_ceiling
reduce_scatter_perf,3,24,32640,340,float,sum,99.23,0.33,0.32,0,87.41,0.37,0.36,0,RING,LL128,8,RING,LL128,8,0,RING,A_flag_ceiling
reduce_scatter_perf,3,24,65280,680,float,sum,88.91,0.73,0.7,0,88.42,0.74,0.71,0,RING,LL128,8,RING,LL128,8,0,RING,A_flag_ceiling
reduce_scatter_perf,3,24,130944,1364,float,sum,92.9,1.41,1.35,0,93.04,1.41,1.35,0,RING,LL128,8,RING,LL128,8,0,RING,A_flag_ceiling
reduce_scatter_perf,3,24,261888,2728,float,sum,92.8,2.82,2.7,0,93.53,2.8,2.68,0,RING,LL128,8,RING,LL128,8,0,RING,A_flag_ceiling
reduce_scatter_perf,3,24,524160,5460,float,sum,94.07,5.57,5.34,0,93.7,5.59,5.36,0,RING,LL128,8,RING,LL128,8,0,RING,A_flag_ceiling
reduce_scatter_perf,3,24,1048320,10920,float,sum,95.45,10.98,10.53,0,94.84,11.05,10.59,0,RING,LL128,8,RING,LL128,8,0,RING,A_flag_ceiling
reduce_scatter_perf,3,24,2097024,21844,float,sum,99.24,21.13,20.25,0,98.42,21.31,20.42,0,RING,LL128,8,RING,LL128,8,0,RING,A_flag_ceiling
reduce_scatter_perf,3,24,4194048,43688,float,sum,120.99,34.66,33.22,0,121.47,34.53,33.09,0,RING,LL128,8,RING,LL128,8,0,RING,A_flag_ceiling
reduce_scatter_perf,3,24,8388480,87380,float,sum,180.09,46.58,44.64,0,177.76,47.19,45.22,0,RING,LL128,8,RING,LL128,8,0,RING,A_flag_ceiling
reduce_scatter_perf,3,24,16776960,174760,float,sum,249.63,67.21,64.41,0,250.05,67.1,64.3,0,RING,LL128,8,RING,LL128,8,0,RING,A_flag_ceiling
reduce_scatter_perf,3,24,33554304,349524,float,sum,461.06,72.78,69.74,0,462.16,72.6,69.58,0,RING,LL128,8,RING,LL128,8,0,RING,A_flag_ceiling
reduce_scatter_perf,3,24,67108608,699048,float,sum,897.49,74.77,71.66,0,898.95,74.65,71.54,0,RING,LL128,8,RING,LL128,8,0,RING,A_flag_ceiling
reduce_scatter_perf,3,24,134217600,1398100,float,sum,1752.8,76.57,73.38,0,1750.56,76.67,73.48,0,RING,LL128,8,RING,LL128,8,0,RING,A_flag_ceiling
reduce_scatter_perf,3,24,268435200,2796200,float,sum,3491.92,76.87,73.67,0,3476.89,77.21,73.99,0,RING,LL128,8,RING,LL128,8,0,RING,A_flag_ceiling
reduce_scatter_perf,3,24,536870784,5592404,float,sum,7006.38,76.63,73.43,0,7045.79,76.2,73.02,0,RING,LL128,8,RING,LL128,8,0,RING,A_flag_ceiling
reduce_scatter_perf,3,24,3840,40,float,sum,270.79,0.01,0.01,0,269.5,0.01,0.01,0,RING,SIMPLE,16,RING,SIMPLE,16,0,RING,A_flag_ceiling
reduce_scatter_perf,3,24,8064,84,float,sum,270.73,0.03,0.03,0,269.42,0.03,0.03,0,RING,SIMPLE,16,RING,SIMPLE,16,0,RING,A_flag_ceiling
reduce_scatter_perf,3,24,16128,168,float,sum,269.78,0.06,0.06,0,269.35,0.06,0.06,0,RING,SIMPLE,16,RING,SIMPLE,16,0,RING,A_flag_ceiling
reduce_scatter_perf,3,24,32640,340,float,sum,273.46,0.12,0.11,0,273.9,0.12,0.11,0,RING,SIMPLE,16,RING,SIMPLE,16,0,RING,A_flag_ceiling
reduce_scatter_perf,3,24,65280,680,float,sum,281.96,0.23,0.22,0,275.8,0.24,0.23,0,RING,SIMPLE,16,RING,SIMPLE,16,0,RING,A_flag_ceiling
reduce_scatter_perf,3,24,130944,1364,float,sum,283.95,0.46,0.44,0,284.17,0.46,0.44,0,RING,SIMPLE,16,RING,SIMPLE,16,0,RING,A_flag_ceiling
reduce_scatter_perf,3,24,261888,2728,float,sum,302.15,0.87,0.83,0,302.4,0.87,0.83,0,RING,SIMPLE,16,RING,SIMPLE,16,0,RING,A_flag_ceiling
reduce_scatter_perf,3,24,524160,5460,float,sum,303.03,1.73,1.66,0,302.92,1.73,1.66,0,RING,SIMPLE,16,RING,SIMPLE,16,0,RING,A_flag_ceiling
reduce_scatter_perf,3,24,1048320,10920,float,sum,303.13,3.46,3.31,0,303.46,3.45,3.31,0,RING,SIMPLE,16,RING,SIMPLE,16,0,RING,A_flag_ceiling
reduce_scatter_perf,3,24,2097024,21844,float,sum,307.73,6.81,6.53,0,307.84,6.81,6.53,0,RING,SIMPLE,16,RING,SIMPLE,16,0,RING,A_flag_ceiling
reduce_scatter_perf,3,24,4194048,43688,float,sum,320.73,13.08,12.53,0,319.38,13.13,12.58,0,RING,SIMPLE,16,RING,SIMPLE,16,0,RING,A_flag_ceiling
reduce_scatter_perf,3,24,8388480,87380,float,sum,332.57,25.22,24.17,0,332.95,25.19,24.14,0,RING,SIMPLE,16,RING,SIMPLE,16,0,RING,A_flag_ceiling
reduce_scatter_perf,3,24,16776960,174760,float,sum,337.32,49.74,47.66,0,336.64,49.84,47.76,0,RING,SIMPLE,16,RING,SIMPLE,16,0,RING,A_flag_ceiling
reduce_scatter_perf,3,24,33554304,349524,float,sum,362.38,92.59,88.74,0,370.53,90.56,86.78,0,RING,SIMPLE,16,RING,SIMPLE,16,0,RING,A_flag_ceiling
reduce_scatter_perf,3,24,67108608,699048,float,sum,470.52,142.63,136.68,0,463.76,144.71,138.68,0,RING,SIMPLE,16,RING,SIMPLE,16,0,RING,A_flag_ceiling
reduce_scatter_perf,3,24,134217600,1398100,float,sum,732.61,183.2,175.57,0,696.27,192.77,184.73,0,RING,SIMPLE,16,RING,SIMPLE,16,0,RING,A_flag_ceiling
reduce_scatter_perf,3,24,268435200,2796200,float,sum,1272.2,211.0,202.21,0,1248.45,215.01,206.06,0,RING,SIMPLE,16,RING,SIMPLE,16,0,RING,A_flag_ceiling
reduce_scatter_perf,3,24,536870784,5592404,float,sum,2355.69,227.9,218.41,0,2283.65,235.09,225.3,0,RING,SIMPLE,16,RING,SIMPLE,16,0,RING,A_flag_ceiling
reduce_scatter_perf,3,24,3840,40,float,sum,77.94,0.05,0.05,0,80.4,0.05,0.05,0,RING,LL,16,RING,LL,16,0,RING,A_flag_ceiling
reduce_scatter_perf,3,24,8064,84,float,sum,78.76,0.1,0.1,0,77.84,0.1,0.1,0,RING,LL,16,RING,LL,16,0,RING,A_flag_ceiling
reduce_scatter_perf,3,24,16128,168,float,sum,79.77,0.2,0.19,0,79.81,0.2,0.19,0,RING,LL,16,RING,LL,16,0,RING,A_flag_ceiling
reduce_scatter_perf,3,24,32640,340,float,sum,82.25,0.4,0.38,0,82.4,0.4,0.38,0,RING,LL,16,RING,LL,16,0,RING,A_flag_ceiling
reduce_scatter_perf,3,24,65280,680,float,sum,95.48,0.68,0.66,0,94.9,0.69,0.66,0,RING,LL,16,RING,LL,16,0,RING,A_flag_ceiling
reduce_scatter_perf,3,24,130944,1364,float,sum,97.71,1.34,1.28,0,98.49,1.33,1.27,0,RING,LL,16,RING,LL,16,0,RING,A_flag_ceiling
reduce_scatter_perf,3,24,261888,2728,float,sum,100.67,2.6,2.49,0,99.52,2.63,2.52,0,RING,LL,16,RING,LL,16,0,RING,A_flag_ceiling
reduce_scatter_perf,3,24,524160,5460,float,sum,105.22,4.98,4.77,0,106.22,4.93,4.73,0,RING,LL,16,RING,LL,16,0,RING,A_flag_ceiling
reduce_scatter_perf,3,24,1048320,10920,float,sum,121.4,8.64,8.28,0,121.37,8.64,8.28,0,RING,LL,16,RING,LL,16,0,RING,A_flag_ceiling
reduce_scatter_perf,3,24,2097024,21844,float,sum,141.18,14.85,14.23,0,141.68,14.8,14.18,0,RING,LL,16,RING,LL,16,0,RING,A_flag_ceiling
reduce_scatter_perf,3,24,4194048,43688,float,sum,181.22,23.14,22.18,0,179.57,23.36,22.38,0,RING,LL,16,RING,LL,16,0,RING,A_flag_ceiling
reduce_scatter_perf,3,24,8388480,87380,float,sum,317.86,26.39,25.29,0,316.39,26.51,25.41,0,RING,LL,16,RING,LL,16,0,RING,A_flag_ceiling
reduce_scatter_perf,3,24,16776960,174760,float,sum,528.52,31.74,30.42,0,531.47,31.57,30.25,0,RING,LL,16,RING,LL,16,0,RING,A_flag_ceiling
reduce_scatter_perf,3,24,33554304,349524,float,sum,1008.82,33.26,31.87,0,1010.59,33.2,31.82,0,RING,LL,16,RING,LL,16,0,RING,A_flag_ceiling
reduce_scatter_perf,3,24,67108608,699048,float,sum,1916.58,35.01,33.56,0,1912.25,35.09,33.63,0,RING,LL,16,RING,LL,16,0,RING,A_flag_ceiling
reduce_scatter_perf,3,24,134217600,1398100,float,sum,3821.19,35.12,33.66,0,3806.76,35.26,33.79,0,RING,LL,16,RING,LL,16,0,RING,A_flag_ceiling
reduce_scatter_perf,3,24,268435200,2796200,float,sum,7508.08,35.75,34.26,0,7505.55,35.76,34.27,0,RING,LL,16,RING,LL,16,0,RING,A_flag_ceiling
reduce_scatter_perf,3,24,536870784,5592404,float,sum,14964.8,35.88,34.38,0,15060.3,35.65,34.16,0,RING,LL,16,RING,LL,16,0,RING,A_flag_ceiling
reduce_scatter_perf,3,24,3840,40,float,sum,89.86,0.04,0.04,0,86.91,0.04,0.04,0,RING,LL128,16,RING,LL128,16,0,RING,A_flag_ceiling
reduce_scatter_perf,3,24,8064,84,float,sum,87.48,0.09,0.09,0,87.11,0.09,0.09,0,RING,LL128,16,RING,LL128,16,0,RING,A_flag_ceiling
reduce_scatter_perf,3,24,16128,168,float,sum,86.94,0.19,0.18,0,86.69,0.19,0.18,0,RING,LL128,16,RING,LL128,16,0,RING,A_flag_ceiling
reduce_scatter_perf,3,24,32640,340,float,sum,88.1,0.37,0.36,0,87.32,0.37,0.36,0,RING,LL128,16,RING,LL128,16,0,RING,A_flag_ceiling
reduce_scatter_perf,3,24,65280,680,float,sum,88.22,0.74,0.71,0,88.51,0.74,0.71,0,RING,LL128,16,RING,LL128,16,0,RING,A_flag_ceiling
reduce_scatter_perf,3,24,130944,1364,float,sum,92.7,1.41,1.35,0,92.72,1.41,1.35,0,RING,LL128,16,RING,LL128,16,0,RING,A_flag_ceiling
reduce_scatter_perf,3,24,261888,2728,float,sum,101.59,2.58,2.47,0,102.24,2.56,2.45,0,RING,LL128,16,RING,LL128,16,0,RING,A_flag_ceiling
reduce_scatter_perf,3,24,524160,5460,float,sum,101.29,5.18,4.96,0,101.84,5.15,4.93,0,RING,LL128,16,RING,LL128,16,0,RING,A_flag_ceiling
reduce_scatter_perf,3,24,1048320,10920,float,sum,101.97,10.28,9.85,0,102.04,10.27,9.85,0,RING,LL128,16,RING,LL128,16,0,RING,A_flag_ceiling
reduce_scatter_perf,3,24,2097024,21844,float,sum,103.18,20.32,19.48,0,103.51,20.26,19.42,0,RING,LL128,16,RING,LL128,16,0,RING,A_flag_ceiling
reduce_scatter_perf,3,24,4194048,43688,float,sum,105.06,39.92,38.26,0,105.53,39.74,38.09,0,RING,LL128,16,RING,LL128,16,0,RING,A_flag_ceiling
reduce_scatter_perf,3,24,8388480,87380,float,sum,123.58,67.88,65.05,0,122.74,68.34,65.5,0,RING,LL128,16,RING,LL128,16,0,RING,A_flag_ceiling
reduce_scatter_perf,3,24,16776960,174760,float,sum,161.61,103.81,99.49,0,160.61,104.46,100.1,0,RING,LL128,16,RING,LL128,16,0,RING,A_flag_ceiling
reduce_scatter_perf,3,24,33554304,349524,float,sum,261.75,128.19,122.85,0,261.22,128.45,123.1,0,RING,LL128,16,RING,LL128,16,0,RING,A_flag_ceiling
reduce_scatter_perf,3,24,67108608,699048,float,sum,480.57,139.64,133.83,0,482.12,139.19,133.39,0,RING,LL128,16,RING,LL128,16,0,RING,A_flag_ceiling
reduce_scatter_perf,3,24,134217600,1398100,float,sum,938.03,143.09,137.12,0,937.7,143.14,137.17,0,RING,LL128,16,RING,LL128,16,0,RING,A_flag_ceiling
reduce_scatter_perf,3,24,268435200,2796200,float,sum,1829.99,146.69,140.57,0,1826.67,146.95,140.83,0,RING,LL128,16,RING,LL128,16,0,RING,A_flag_ceiling
reduce_scatter_perf,3,24,536870784,5592404,float,sum,3671.09,146.24,140.15,0,3641.2,147.44,141.3,0,RING,LL128,16,RING,LL128,16,0,RING,A_flag_ceiling
reduce_scatter_perf,3,24,3840,40,float,sum,270.5,0.01,0.01,0,269.9,0.01,0.01,0,RING,SIMPLE,24,RING,SIMPLE,24,0,RING,A_flag_ceiling
reduce_scatter_perf,3,24,8064,84,float,sum,269.91,0.03,0.03,0,268.83,0.03,0.03,0,RING,SIMPLE,24,RING,SIMPLE,24,0,RING,A_flag_ceiling
reduce_scatter_perf,3,24,16128,168,float,sum,270.19,0.06,0.06,0,270.63,0.06,0.06,0,RING,SIMPLE,24,RING,SIMPLE,24,0,RING,A_flag_ceiling
reduce_scatter_perf,3,24,32640,340,float,sum,275.73,0.12,0.11,0,274.29,0.12,0.11,0,RING,SIMPLE,24,RING,SIMPLE,24,0,RING,A_flag_ceiling
reduce_scatter_perf,3,24,65280,680,float,sum,275.27,0.24,0.23,0,275.37,0.24,0.23,0,RING,SIMPLE,24,RING,SIMPLE,24,0,RING,A_flag_ceiling
reduce_scatter_perf,3,24,130944,1364,float,sum,283.13,0.46,0.44,0,282.82,0.46,0.44,0,RING,SIMPLE,24,RING,SIMPLE,24,0,RING,A_flag_ceiling
reduce_scatter_perf,3,24,261888,2728,float,sum,301.84,0.87,0.83,0,301.11,0.87,0.83,0,RING,SIMPLE,24,RING,SIMPLE,24,0,RING,A_flag_ceiling
reduce_scatter_perf,3,24,524160,5460,float,sum,303.45,1.73,1.66,0,301.31,1.74,1.67,0,RING,SIMPLE,24,RING,SIMPLE,24,0,RING,A_flag_ceiling
reduce_scatter_perf,3,24,1048320,10920,float,sum,324.04,3.24,3.1,0,324.53,3.23,3.1,0,RING,SIMPLE,24,RING,SIMPLE,24,0,RING,A_flag_ceiling
reduce_scatter_perf,3,24,2097024,21844,float,sum,329.32,6.37,6.1,0,328.7,6.38,6.11,0,RING,SIMPLE,24,RING,SIMPLE,24,0,RING,A_flag_ceiling
reduce_scatter_perf,3,24,4194048,43688,float,sum,344.93,12.16,11.65,0,339.94,12.34,11.82,0,RING,SIMPLE,24,RING,SIMPLE,24,0,RING,A_flag_ceiling
reduce_scatter_perf,3,24,8388480,87380,float,sum,346.83,24.19,23.18,0,347.09,24.17,23.16,0,RING,SIMPLE,24,RING,SIMPLE,24,0,RING,A_flag_ceiling
reduce_scatter_perf,3,24,16776960,174760,float,sum,363.48,46.16,44.23,0,361.65,46.39,44.46,0,RING,SIMPLE,24,RING,SIMPLE,24,0,RING,A_flag_ceiling
reduce_scatter_perf,3,24,33554304,349524,float,sum,363.5,92.31,88.46,0,362.34,92.6,88.75,0,RING,SIMPLE,24,RING,SIMPLE,24,0,RING,A_flag_ceiling
reduce_scatter_perf,3,24,67108608,699048,float,sum,415.97,161.33,154.61,0,413.77,162.19,155.43,0,RING,SIMPLE,24,RING,SIMPLE,24,0,RING,A_flag_ceiling
reduce_scatter_perf,3,24,134217600,1398100,float,sum,588.72,227.98,218.48,0,568.55,236.07,226.23,0,RING,SIMPLE,24,RING,SIMPLE,24,0,RING,A_flag_ceiling
reduce_scatter_perf,3,24,268435200,2796200,float,sum,953.55,281.51,269.78,0,908.91,295.34,283.03,0,RING,SIMPLE,24,RING,SIMPLE,24,0,RING,A_flag_ceiling
reduce_scatter_perf,3,24,536870784,5592404,float,sum,1715.0,313.04,300.0,0,1651.35,325.11,311.56,0,RING,SIMPLE,24,RING,SIMPLE,24,0,RING,A_flag_ceiling
reduce_scatter_perf,3,24,3840,40,float,sum,80.93,0.05,0.05,0,76.71,0.05,0.05,0,RING,LL,24,RING,LL,24,0,RING,A_flag_ceiling
reduce_scatter_perf,3,24,8064,84,float,sum,78.68,0.1,0.1,0,78.79,0.1,0.1,0,RING,LL,24,RING,LL,24,0,RING,A_flag_ceiling
reduce_scatter_perf,3,24,16128,168,float,sum,79.03,0.2,0.2,0,80.15,0.2,0.19,0,RING,LL,24,RING,LL,24,0,RING,A_flag_ceiling
reduce_scatter_perf,3,24,32640,340,float,sum,83.21,0.39,0.38,0,83.04,0.39,0.38,0,RING,LL,24,RING,LL,24,0,RING,A_flag_ceiling
reduce_scatter_perf,3,24,65280,680,float,sum,95.83,0.68,0.65,0,96.08,0.68,0.65,0,RING,LL,24,RING,LL,24,0,RING,A_flag_ceiling
reduce_scatter_perf,3,24,130944,1364,float,sum,98.65,1.33,1.27,0,98.14,1.33,1.28,0,RING,LL,24,RING,LL,24,0,RING,A_flag_ceiling
reduce_scatter_perf,3,24,261888,2728,float,sum,119.82,2.19,2.09,0,117.05,2.24,2.14,0,RING,LL,24,RING,LL,24,0,RING,A_flag_ceiling
reduce_scatter_perf,3,24,524160,5460,float,sum,122.95,4.26,4.09,0,124.05,4.23,4.05,0,RING,LL,24,RING,LL,24,0,RING,A_flag_ceiling
reduce_scatter_perf,3,24,1048320,10920,float,sum,136.02,7.71,7.39,0,136.48,7.68,7.36,0,RING,LL,24,RING,LL,24,0,RING,A_flag_ceiling
reduce_scatter_perf,3,24,2097024,21844,float,sum,161.11,13.02,12.47,0,160.11,13.1,12.55,0,RING,LL,24,RING,LL,24,0,RING,A_flag_ceiling
reduce_scatter_perf,3,24,4194048,43688,float,sum,201.5,20.81,19.95,0,209.99,19.97,19.14,0,RING,LL,24,RING,LL,24,0,RING,A_flag_ceiling
reduce_scatter_perf,3,24,8388480,87380,float,sum,273.13,30.71,29.43,0,271.09,30.94,29.65,0,RING,LL,24,RING,LL,24,0,RING,A_flag_ceiling
reduce_scatter_perf,3,24,16776960,174760,float,sum,510.95,32.83,31.47,0,512.57,32.73,31.37,0,RING,LL,24,RING,LL,24,0,RING,A_flag_ceiling
reduce_scatter_perf,3,24,33554304,349524,float,sum,961.68,34.89,33.44,0,966.45,34.72,33.27,0,RING,LL,24,RING,LL,24,0,RING,A_flag_ceiling
reduce_scatter_perf,3,24,67108608,699048,float,sum,1860.16,36.08,34.57,0,1854.88,36.18,34.67,0,RING,LL,24,RING,LL,24,0,RING,A_flag_ceiling
reduce_scatter_perf,3,24,134217600,1398100,float,sum,3638.01,36.89,35.36,0,3647.43,36.8,35.26,0,RING,LL,24,RING,LL,24,0,RING,A_flag_ceiling
reduce_scatter_perf,3,24,268435200,2796200,float,sum,7333.56,36.6,35.08,0,7323.39,36.65,35.13,0,RING,LL,24,RING,LL,24,0,RING,A_flag_ceiling
reduce_scatter_perf,3,24,536870784,5592404,float,sum,14717.3,36.48,34.96,0,14740.2,36.42,34.9,0,RING,LL,24,RING,LL,24,0,RING,A_flag_ceiling
reduce_scatter_perf,3,24,3840,40,float,sum,86.35,0.04,0.04,0,85.04,0.05,0.04,0,RING,LL128,24,RING,LL128,24,0,RING,A_flag_ceiling
reduce_scatter_perf,3,24,8064,84,float,sum,85.25,0.09,0.09,0,84.99,0.09,0.09,0,RING,LL128,24,RING,LL128,24,0,RING,A_flag_ceiling
reduce_scatter_perf,3,24,16128,168,float,sum,85.25,0.19,0.18,0,84.84,0.19,0.18,0,RING,LL128,24,RING,LL128,24,0,RING,A_flag_ceiling
reduce_scatter_perf,3,24,32640,340,float,sum,87.64,0.37,0.36,0,87.75,0.37,0.36,0,RING,LL128,24,RING,LL128,24,0,RING,A_flag_ceiling
reduce_scatter_perf,3,24,65280,680,float,sum,89.2,0.73,0.7,0,88.43,0.74,0.71,0,RING,LL128,24,RING,LL128,24,0,RING,A_flag_ceiling
reduce_scatter_perf,3,24,130944,1364,float,sum,93.3,1.4,1.34,0,93.06,1.41,1.35,0,RING,LL128,24,RING,LL128,24,0,RING,A_flag_ceiling
reduce_scatter_perf,3,24,261888,2728,float,sum,113.41,2.31,2.21,0,103.26,2.54,2.43,0,RING,LL128,24,RING,LL128,24,0,RING,A_flag_ceiling
reduce_scatter_perf,3,24,524160,5460,float,sum,102.79,5.1,4.89,0,101.93,5.14,4.93,0,RING,LL128,24,RING,LL128,24,0,RING,A_flag_ceiling
reduce_scatter_perf,3,24,1048320,10920,float,sum,122.42,8.56,8.21,0,122.12,8.58,8.23,0,RING,LL128,24,RING,LL128,24,0,RING,A_flag_ceiling
reduce_scatter_perf,3,24,2097024,21844,float,sum,122.73,17.09,16.37,0,126.56,16.57,15.88,0,RING,LL128,24,RING,LL128,24,0,RING,A_flag_ceiling
reduce_scatter_perf,3,24,4194048,43688,float,sum,124.98,33.56,32.16,0,125.95,33.3,31.91,0,RING,LL128,24,RING,LL128,24,0,RING,A_flag_ceiling
reduce_scatter_perf,3,24,8388480,87380,float,sum,133.86,62.67,60.06,0,137.38,61.06,58.52,0,RING,LL128,24,RING,LL128,24,0,RING,A_flag_ceiling
reduce_scatter_perf,3,24,16776960,174760,float,sum,146.81,114.28,109.52,0,148.21,113.2,108.48,0,RING,LL128,24,RING,LL128,24,0,RING,A_flag_ceiling
reduce_scatter_perf,3,24,33554304,349524,float,sum,209.73,159.99,153.32,0,209.94,159.83,153.17,0,RING,LL128,24,RING,LL128,24,0,RING,A_flag_ceiling
reduce_scatter_perf,3,24,67108608,699048,float,sum,390.0,172.07,164.9,0,389.93,172.11,164.93,0,RING,LL128,24,RING,LL128,24,0,RING,A_flag_ceiling
reduce_scatter_perf,3,24,134217600,1398100,float,sum,691.42,194.12,186.03,0,693.34,193.58,185.51,0,RING,LL128,24,RING,LL128,24,0,RING,A_flag_ceiling
reduce_scatter_perf,3,24,268435200,2796200,float,sum,1303.61,205.92,197.34,0,1308.56,205.14,196.59,0,RING,LL128,24,RING,LL128,24,0,RING,A_flag_ceiling
reduce_scatter_perf,3,24,536870784,5592404,float,sum,2592.11,207.12,198.49,0,2596.9,206.74,198.12,0,RING,LL128,24,RING,LL128,24,0,RING,A_flag_ceiling
reduce_scatter_perf,3,24,3840,40,float,sum,269.08,0.01,0.01,0,269.29,0.01,0.01,0,RING,SIMPLE,32,RING,SIMPLE,32,0,RING,A_flag_ceiling
reduce_scatter_perf,3,24,8064,84,float,sum,269.57,0.03,0.03,0,270.58,0.03,0.03,0,RING,SIMPLE,32,RING,SIMPLE,32,0,RING,A_flag_ceiling
reduce_scatter_perf,3,24,16128,168,float,sum,270.61,0.06,0.06,0,272.45,0.06,0.06,0,RING,SIMPLE,32,RING,SIMPLE,32,0,RING,A_flag_ceiling
reduce_scatter_perf,3,24,32640,340,float,sum,274.46,0.12,0.11,0,277.83,0.12,0.11,0,RING,SIMPLE,32,RING,SIMPLE,32,0,RING,A_flag_ceiling
reduce_scatter_perf,3,24,65280,680,float,sum,277.96,0.23,0.23,0,274.32,0.24,0.23,0,RING,SIMPLE,32,RING,SIMPLE,32,0,RING,A_flag_ceiling
reduce_scatter_perf,3,24,130944,1364,float,sum,286.39,0.46,0.44,0,281.61,0.46,0.45,0,RING,SIMPLE,32,RING,SIMPLE,32,0,RING,A_flag_ceiling
reduce_scatter_perf,3,24,261888,2728,float,sum,355.75,0.74,0.71,0,299.88,0.87,0.84,0,RING,SIMPLE,32,RING,SIMPLE,32,0,RING,A_flag_ceiling
reduce_scatter_perf,3,24,524160,5460,float,sum,373.55,1.4,1.34,0,368.12,1.42,1.36,0,RING,SIMPLE,32,RING,SIMPLE,32,0,RING,A_flag_ceiling
reduce_scatter_perf,3,24,1048320,10920,float,sum,365.29,2.87,2.75,0,365.51,2.87,2.75,0,RING,SIMPLE,32,RING,SIMPLE,32,0,RING,A_flag_ceiling
reduce_scatter_perf,3,24,2097024,21844,float,sum,418.14,5.02,4.81,0,368.13,5.7,5.46,0,RING,SIMPLE,32,RING,SIMPLE,32,0,RING,A_flag_ceiling
reduce_scatter_perf,3,24,4194048,43688,float,sum,372.14,11.27,10.8,0,372.39,11.26,10.79,0,RING,SIMPLE,32,RING,SIMPLE,32,0,RING,A_flag_ceiling
reduce_scatter_perf,3,24,8388480,87380,float,sum,379.11,22.13,21.21,0,379.16,22.12,21.2,0,RING,SIMPLE,32,RING,SIMPLE,32,0,RING,A_flag_ceiling
reduce_scatter_perf,3,24,16776960,174760,float,sum,389.26,43.1,41.3,0,388.37,43.2,41.4,0,RING,SIMPLE,32,RING,SIMPLE,32,0,RING,A_flag_ceiling
reduce_scatter_perf,3,24,33554304,349524,float,sum,400.26,83.83,80.34,0,402.07,83.45,79.98,0,RING,SIMPLE,32,RING,SIMPLE,32,0,RING,A_flag_ceiling
reduce_scatter_perf,3,24,67108608,699048,float,sum,421.31,159.29,152.65,0,419.52,159.97,153.3,0,RING,SIMPLE,32,RING,SIMPLE,32,0,RING,A_flag_ceiling
reduce_scatter_perf,3,24,134217600,1398100,float,sum,532.73,251.94,241.45,0,530.2,253.14,242.6,0,RING,SIMPLE,32,RING,SIMPLE,32,0,RING,A_flag_ceiling
reduce_scatter_perf,3,24,268435200,2796200,float,sum,818.81,327.83,314.17,0,797.65,336.53,322.51,0,RING,SIMPLE,32,RING,SIMPLE,32,0,RING,A_flag_ceiling
reduce_scatter_perf,3,24,536870784,5592404,float,sum,1461.0,367.47,352.16,0,1434.72,374.2,358.61,0,RING,SIMPLE,32,RING,SIMPLE,32,0,RING,A_flag_ceiling
reduce_scatter_perf,3,24,3840,40,float,sum,92.53,0.04,0.04,0,77.46,0.05,0.05,0,RING,LL,32,RING,LL,32,0,RING,A_flag_ceiling
reduce_scatter_perf,3,24,8064,84,float,sum,78.94,0.1,0.1,0,78.71,0.1,0.1,0,RING,LL,32,RING,LL,32,0,RING,A_flag_ceiling
reduce_scatter_perf,3,24,16128,168,float,sum,79.68,0.2,0.19,0,80.34,0.2,0.19,0,RING,LL,32,RING,LL,32,0,RING,A_flag_ceiling
reduce_scatter_perf,3,24,32640,340,float,sum,83.04,0.39,0.38,0,83.17,0.39,0.38,0,RING,LL,32,RING,LL,32,0,RING,A_flag_ceiling
reduce_scatter_perf,3,24,65280,680,float,sum,95.65,0.68,0.65,0,95.52,0.68,0.65,0,RING,LL,32,RING,LL,32,0,RING,A_flag_ceiling
reduce_scatter_perf,3,24,130944,1364,float,sum,143.22,0.91,0.88,0,144.6,0.91,0.87,0,RING,LL,32,RING,LL,32,0,RING,A_flag_ceiling
reduce_scatter_perf,3,24,261888,2728,float,sum,152.47,1.72,1.65,0,152.0,1.72,1.65,0,RING,LL,32,RING,LL,32,0,RING,A_flag_ceiling
reduce_scatter_perf,3,24,524160,5460,float,sum,154.63,3.39,3.25,0,153.43,3.42,3.27,0,RING,LL,32,RING,LL,32,0,RING,A_flag_ceiling
reduce_scatter_perf,3,24,1048320,10920,float,sum,164.94,6.36,6.09,0,165.93,6.32,6.05,0,RING,LL,32,RING,LL,32,0,RING,A_flag_ceiling
reduce_scatter_perf,3,24,2097024,21844,float,sum,195.82,10.71,10.26,0,197.54,10.62,10.17,0,RING,LL,32,RING,LL,32,0,RING,A_flag_ceiling
reduce_scatter_perf,3,24,4194048,43688,float,sum,237.79,17.64,16.9,0,230.99,18.16,17.4,0,RING,LL,32,RING,LL,32,0,RING,A_flag_ceiling
reduce_scatter_perf,3,24,8388480,87380,float,sum,292.92,28.64,27.44,0,296.45,28.3,27.12,0,RING,LL,32,RING,LL,32,0,RING,A_flag_ceiling
reduce_scatter_perf,3,24,16776960,174760,float,sum,555.87,30.18,28.92,0,550.89,30.45,29.19,0,RING,LL,32,RING,LL,32,0,RING,A_flag_ceiling
reduce_scatter_perf,3,24,33554304,349524,float,sum,935.38,35.87,34.38,0,933.08,35.96,34.46,0,RING,LL,32,RING,LL,32,0,RING,A_flag_ceiling
reduce_scatter_perf,3,24,67108608,699048,float,sum,1812.05,37.03,35.49,0,1800.5,37.27,35.72,0,RING,LL,32,RING,LL,32,0,RING,A_flag_ceiling
reduce_scatter_perf,3,24,134217600,1398100,float,sum,3456.31,38.83,37.21,0,3479.75,38.57,36.96,0,RING,LL,32,RING,LL,32,0,RING,A_flag_ceiling
reduce_scatter_perf,3,24,268435200,2796200,float,sum,6870.12,39.07,37.44,0,6722.25,39.93,38.27,0,RING,LL,32,RING,LL,32,0,RING,A_flag_ceiling
reduce_scatter_perf,3,24,536870784,5592404,float,sum,13275.5,40.44,38.76,0,13352.6,40.21,38.53,0,RING,LL,32,RING,LL,32,0,RING,A_flag_ceiling
reduce_scatter_perf,3,24,3840,40,float,sum,87.53,0.04,0.04,0,86.52,0.04,0.04,0,RING,LL128,32,RING,LL128,32,0,RING,A_flag_ceiling
reduce_scatter_perf,3,24,8064,84,float,sum,90.38,0.09,0.09,0,86.76,0.09,0.09,0,RING,LL128,32,RING,LL128,32,0,RING,A_flag_ceiling
reduce_scatter_perf,3,24,16128,168,float,sum,86.63,0.19,0.18,0,86.38,0.19,0.18,0,RING,LL128,32,RING,LL128,32,0,RING,A_flag_ceiling
reduce_scatter_perf,3,24,32640,340,float,sum,88.03,0.37,0.36,0,89.21,0.37,0.35,0,RING,LL128,32,RING,LL128,32,0,RING,A_flag_ceiling
reduce_scatter_perf,3,24,65280,680,float,sum,89.17,0.73,0.7,0,88.49,0.74,0.71,0,RING,LL128,32,RING,LL128,32,0,RING,A_flag_ceiling
reduce_scatter_perf,3,24,130944,1364,float,sum,93.09,1.41,1.35,0,93.44,1.4,1.34,0,RING,LL128,32,RING,LL128,32,0,RING,A_flag_ceiling
reduce_scatter_perf,3,24,261888,2728,float,sum,102.16,2.56,2.46,0,102.16,2.56,2.46,0,RING,LL128,32,RING,LL128,32,0,RING,A_flag_ceiling
reduce_scatter_perf,3,24,524160,5460,float,sum,144.12,3.64,3.49,0,143.27,3.66,3.51,0,RING,LL128,32,RING,LL128,32,0,RING,A_flag_ceiling
reduce_scatter_perf,3,24,1048320,10920,float,sum,144.03,7.28,6.98,0,143.11,7.33,7.02,0,RING,LL128,32,RING,LL128,32,0,RING,A_flag_ceiling
reduce_scatter_perf,3,24,2097024,21844,float,sum,143.75,14.59,13.98,0,144.43,14.52,13.91,0,RING,LL128,32,RING,LL128,32,0,RING,A_flag_ceiling
reduce_scatter_perf,3,24,4194048,43688,float,sum,143.76,29.17,27.96,0,143.81,29.16,27.95,0,RING,LL128,32,RING,LL128,32,0,RING,A_flag_ceiling
reduce_scatter_perf,3,24,8388480,87380,float,sum,147.57,56.84,54.47,0,146.75,57.16,54.78,0,RING,LL128,32,RING,LL128,32,0,RING,A_flag_ceiling
reduce_scatter_perf,3,24,16776960,174760,float,sum,156.42,107.26,102.79,0,156.1,107.48,103.0,0,RING,LL128,32,RING,LL128,32,0,RING,A_flag_ceiling
reduce_scatter_perf,3,24,33554304,349524,float,sum,182.49,183.87,176.21,0,197.02,170.31,163.21,0,RING,LL128,32,RING,LL128,32,0,RING,A_flag_ceiling
reduce_scatter_perf,3,24,67108608,699048,float,sum,293.82,228.4,218.88,0,303.46,221.14,211.93,0,RING,LL128,32,RING,LL128,32,0,RING,A_flag_ceiling
reduce_scatter_perf,3,24,134217600,1398100,float,sum,546.78,245.47,235.24,0,544.24,246.61,236.34,0,RING,LL128,32,RING,LL128,32,0,RING,A_flag_ceiling
reduce_scatter_perf,3,24,268435200,2796200,float,sum,1060.21,253.19,242.64,0,1057.33,253.88,243.3,0,RING,LL128,32,RING,LL128,32,0,RING,A_flag_ceiling
reduce_scatter_perf,3,24,536870784,5592404,float,sum,2068.86,259.5,248.69,0,2079.5,258.17,247.42,0,RING,LL128,32,RING,LL128,32,0,RING,A_flag_ceiling
reduce_scatter_perf,3,24,3840,40,float,sum,272.54,0.01,0.01,0,269.65,0.01,0.01,0,RING,SIMPLE,40,RING,SIMPLE,40,0,RING,A_flag_ceiling
reduce_scatter_perf,3,24,8064,84,float,sum,269.87,0.03,0.03,0,268.52,0.03,0.03,0,RING,SIMPLE,40,RING,SIMPLE,40,0,RING,A_flag_ceiling
reduce_scatter_perf,3,24,16128,168,float,sum,270.27,0.06,0.06,0,269.6,0.06,0.06,0,RING,SIMPLE,40,RING,SIMPLE,40,0,RING,A_flag_ceiling
reduce_scatter_perf,3,24,32640,340,float,sum,273.77,0.12,0.11,0,274.77,0.12,0.11,0,RING,SIMPLE,40,RING,SIMPLE,40,0,RING,A_flag_ceiling
reduce_scatter_perf,3,24,65280,680,float,sum,274.26,0.24,0.23,0,274.35,0.24,0.23,0,RING,SIMPLE,40,RING,SIMPLE,40,0,RING,A_flag_ceiling
reduce_scatter_perf,3,24,130944,1364,float,sum,283.09,0.46,0.44,0,282.58,0.46,0.44,0,RING,SIMPLE,40,RING,SIMPLE,40,0,RING,A_flag_ceiling
reduce_scatter_perf,3,24,261888,2728,float,sum,302.12,0.87,0.83,0,300.2,0.87,0.84,0,RING,SIMPLE,40,RING,SIMPLE,40,0,RING,A_flag_ceiling
reduce_scatter_perf,3,24,524160,5460,float,sum,376.04,1.39,1.34,0,367.27,1.43,1.37,0,RING,SIMPLE,40,RING,SIMPLE,40,0,RING,A_flag_ceiling
reduce_scatter_perf,3,24,1048320,10920,float,sum,366.54,2.86,2.74,0,366.4,2.86,2.74,0,RING,SIMPLE,40,RING,SIMPLE,40,0,RING,A_flag_ceiling
reduce_scatter_perf,3,24,2097024,21844,float,sum,389.83,5.38,5.16,0,366.94,5.71,5.48,0,RING,SIMPLE,40,RING,SIMPLE,40,0,RING,A_flag_ceiling
reduce_scatter_perf,3,24,4194048,43688,float,sum,413.59,10.14,9.72,0,411.33,10.2,9.77,0,RING,SIMPLE,40,RING,SIMPLE,40,0,RING,A_flag_ceiling
reduce_scatter_perf,3,24,8388480,87380,float,sum,428.16,19.59,18.78,0,427.75,19.61,18.79,0,RING,SIMPLE,40,RING,SIMPLE,40,0,RING,A_flag_ceiling
reduce_scatter_perf,3,24,16776960,174760,float,sum,464.24,36.14,34.63,0,433.26,38.72,37.11,0,RING,SIMPLE,40,RING,SIMPLE,40,0,RING,A_flag_ceiling
reduce_scatter_perf,3,24,33554304,349524,float,sum,447.22,75.03,71.9,0,495.61,67.7,64.88,0,RING,SIMPLE,40,RING,SIMPLE,40,0,RING,A_flag_ceiling
reduce_scatter_perf,3,24,67108608,699048,float,sum,469.97,142.79,136.84,0,462.82,145.0,138.96,0,RING,SIMPLE,40,RING,SIMPLE,40,0,RING,A_flag_ceiling
reduce_scatter_perf,3,24,134217600,1398100,float,sum,543.54,246.93,236.64,0,539.4,248.83,238.46,0,RING,SIMPLE,40,RING,SIMPLE,40,0,RING,A_flag_ceiling
reduce_scatter_perf,3,24,268435200,2796200,float,sum,780.75,343.82,329.49,0,799.82,335.62,321.63,0,RING,SIMPLE,40,RING,SIMPLE,40,0,RING,A_flag_ceiling
reduce_scatter_perf,3,24,536870784,5592404,float,sum,1421.74,377.62,361.88,0,1433.06,374.63,359.02,0,RING,SIMPLE,40,RING,SIMPLE,40,0,RING,A_flag_ceiling
reduce_scatter_perf,3,24,3840,40,float,sum,83.67,0.05,0.04,0,77.9,0.05,0.05,0,RING,LL,40,RING,LL,40,0,RING,A_flag_ceiling
reduce_scatter_perf,3,24,8064,84,float,sum,78.56,0.1,0.1,0,78.67,0.1,0.1,0,RING,LL,40,RING,LL,40,0,RING,A_flag_ceiling
reduce_scatter_perf,3,24,16128,168,float,sum,80.64,0.2,0.19,0,79.8,0.2,0.19,0,RING,LL,40,RING,LL,40,0,RING,A_flag_ceiling
reduce_scatter_perf,3,24,32640,340,float,sum,82.27,0.4,0.38,0,82.8,0.39,0.38,0,RING,LL,40,RING,LL,40,0,RING,A_flag_ceiling
reduce_scatter_perf,3,24,65280,680,float,sum,160.15,0.41,0.39,0,96.03,0.68,0.65,0,RING,LL,40,RING,LL,40,0,RING,A_flag_ceiling
reduce_scatter_perf,3,24,130944,1364,float,sum,149.3,0.88,0.84,0,146.7,0.89,0.86,0,RING,LL,40,RING,LL,40,0,RING,A_flag_ceiling
reduce_scatter_perf,3,24,261888,2728,float,sum,153.69,1.7,1.63,0,154.07,1.7,1.63,0,RING,LL,40,RING,LL,40,0,RING,A_flag_ceiling
reduce_scatter_perf,3,24,524160,5460,float,sum,156.16,3.36,3.22,0,211.6,2.48,2.37,0,RING,LL,40,RING,LL,40,0,RING,A_flag_ceiling
reduce_scatter_perf,3,24,1048320,10920,float,sum,185.1,5.66,5.43,0,184.8,5.67,5.44,0,RING,LL,40,RING,LL,40,0,RING,A_flag_ceiling
reduce_scatter_perf,3,24,2097024,21844,float,sum,224.94,9.32,8.93,0,226.81,9.25,8.86,0,RING,LL,40,RING,LL,40,0,RING,A_flag_ceiling
reduce_scatter_perf,3,24,4194048,43688,float,sum,265.08,15.82,15.16,0,266.54,15.74,15.08,0,RING,LL,40,RING,LL,40,0,RING,A_flag_ceiling
reduce_scatter_perf,3,24,8388480,87380,float,sum,389.82,21.52,20.62,0,325.89,25.74,24.67,0,RING,LL,40,RING,LL,40,0,RING,A_flag_ceiling
reduce_scatter_perf,3,24,16776960,174760,float,sum,585.33,28.66,27.47,0,586.07,28.63,27.43,0,RING,LL,40,RING,LL,40,0,RING,A_flag_ceiling
reduce_scatter_perf,3,24,33554304,349524,float,sum,1001.9,33.49,32.1,0,999.53,33.57,32.17,0,RING,LL,40,RING,LL,40,0,RING,A_flag_ceiling
reduce_scatter_perf,3,24,67108608,699048,float,sum,1848.05,36.31,34.8,0,6350.3,10.57,10.13,0,RING,LL,40,RING,LL,40,0,RING,A_flag_ceiling
reduce_scatter_perf,3,24,134217600,1398100,float,sum,3541.08,37.9,36.32,0,3526.88,38.06,36.47,0,RING,LL,40,RING,LL,40,0,RING,A_flag_ceiling
reduce_scatter_perf,3,24,268435200,2796200,float,sum,6910.27,38.85,37.23,0,6966.81,38.53,36.93,0,RING,LL,40,RING,LL,40,0,RING,A_flag_ceiling
reduce_scatter_perf,3,24,536870784,5592404,float,sum,13788.5,38.94,37.31,0,12994.3,41.32,39.59,0,RING,LL,40,RING,LL,40,0,RING,A_flag_ceiling
reduce_scatter_perf,3,24,3840,40,float,sum,87.36,0.04,0.04,0,86.2,0.04,0.04,0,RING,LL128,40,RING,LL128,40,0,RING,A_flag_ceiling
reduce_scatter_perf,3,24,8064,84,float,sum,86.34,0.09,0.09,0,86.0,0.09,0.09,0,RING,LL128,40,RING,LL128,40,0,RING,A_flag_ceiling
reduce_scatter_perf,3,24,16128,168,float,sum,86.62,0.19,0.18,0,85.89,0.19,0.18,0,RING,LL128,40,RING,LL128,40,0,RING,A_flag_ceiling
reduce_scatter_perf,3,24,32640,340,float,sum,87.88,0.37,0.36,0,88.06,0.37,0.36,0,RING,LL128,40,RING,LL128,40,0,RING,A_flag_ceiling
reduce_scatter_perf,3,24,65280,680,float,sum,89.66,0.73,0.7,0,89.97,0.73,0.7,0,RING,LL128,40,RING,LL128,40,0,RING,A_flag_ceiling
reduce_scatter_perf,3,24,130944,1364,float,sum,93.24,1.4,1.35,0,92.8,1.41,1.35,0,RING,LL128,40,RING,LL128,40,0,RING,A_flag_ceiling
reduce_scatter_perf,3,24,261888,2728,float,sum,101.78,2.57,2.47,0,102.58,2.55,2.45,0,RING,LL128,40,RING,LL128,40,0,RING,A_flag_ceiling
reduce_scatter_perf,3,24,524160,5460,float,sum,145.28,3.61,3.46,0,144.61,3.62,3.47,0,RING,LL128,40,RING,LL128,40,0,RING,A_flag_ceiling
reduce_scatter_perf,3,24,1048320,10920,float,sum,142.86,7.34,7.03,0,141.94,7.39,7.08,0,RING,LL128,40,RING,LL128,40,0,RING,A_flag_ceiling
reduce_scatter_perf,3,24,2097024,21844,float,sum,141.89,14.78,14.16,0,142.25,14.74,14.13,0,RING,LL128,40,RING,LL128,40,0,RING,A_flag_ceiling
reduce_scatter_perf,3,24,4194048,43688,float,sum,164.77,25.45,24.39,0,164.62,25.48,24.41,0,RING,LL128,40,RING,LL128,40,0,RING,A_flag_ceiling
reduce_scatter_perf,3,24,8388480,87380,float,sum,171.26,48.98,46.94,0,171.25,48.98,46.94,0,RING,LL128,40,RING,LL128,40,0,RING,A_flag_ceiling
reduce_scatter_perf,3,24,16776960,174760,float,sum,174.06,96.38,92.37,0,172.98,96.99,92.95,0,RING,LL128,40,RING,LL128,40,0,RING,A_flag_ceiling
reduce_scatter_perf,3,24,33554304,349524,float,sum,189.68,176.9,169.53,0,206.31,162.64,155.86,0,RING,LL128,40,RING,LL128,40,0,RING,A_flag_ceiling
reduce_scatter_perf,3,24,67108608,699048,float,sum,354.01,189.57,181.67,0,276.82,242.43,232.33,0,RING,LL128,40,RING,LL128,40,0,RING,A_flag_ceiling
reduce_scatter_perf,3,24,134217600,1398100,float,sum,504.68,265.94,254.86,0,504.16,266.22,255.13,0,RING,LL128,40,RING,LL128,40,0,RING,A_flag_ceiling
reduce_scatter_perf,3,24,268435200,2796200,float,sum,938.42,286.05,274.13,0,937.53,286.32,274.39,0,RING,LL128,40,RING,LL128,40,0,RING,A_flag_ceiling
reduce_scatter_perf,3,24,536870784,5592404,float,sum,1840.16,291.75,279.6,0,1835.52,292.49,280.3,0,RING,LL128,40,RING,LL128,40,0,RING,A_flag_ceiling
reduce_scatter_perf,3,24,3840,40,float,sum,270.16,0.01,0.01,0,269.07,0.01,0.01,0,RING,SIMPLE,48,RING,SIMPLE,48,0,RING,A_flag_ceiling
reduce_scatter_perf,3,24,8064,84,float,sum,269.75,0.03,0.03,0,269.04,0.03,0.03,0,RING,SIMPLE,48,RING,SIMPLE,48,0,RING,A_flag_ceiling
reduce_scatter_perf,3,24,16128,168,float,sum,269.81,0.06,0.06,0,323.61,0.05,0.05,0,RING,SIMPLE,48,RING,SIMPLE,48,0,RING,A_flag_ceiling
reduce_scatter_perf,3,24,32640,340,float,sum,276.22,0.12,0.11,0,274.61,0.12,0.11,0,RING,SIMPLE,48,RING,SIMPLE,48,0,RING,A_flag_ceiling
reduce_scatter_perf,3,24,65280,680,float,sum,275.39,0.24,0.23,0,321.75,0.2,0.19,0,RING,SIMPLE,48,RING,SIMPLE,48,0,RING,A_flag_ceiling
reduce_scatter_perf,3,24,130944,1364,float,sum,282.71,0.46,0.44,0,281.6,0.47,0.45,0,RING,SIMPLE,48,RING,SIMPLE,48,0,RING,A_flag_ceiling
reduce_scatter_perf,3,24,261888,2728,float,sum,303.37,0.86,0.83,0,301.37,0.87,0.83,0,RING,SIMPLE,48,RING,SIMPLE,48,0,RING,A_flag_ceiling
reduce_scatter_perf,3,24,524160,5460,float,sum,374.58,1.4,1.34,0,373.0,1.41,1.35,0,RING,SIMPLE,48,RING,SIMPLE,48,0,RING,A_flag_ceiling
reduce_scatter_perf,3,24,1048320,10920,float,sum,395.55,2.65,2.54,0,365.95,2.86,2.75,0,RING,SIMPLE,48,RING,SIMPLE,48,0,RING,A_flag_ceiling
reduce_scatter_perf,3,24,2097024,21844,float,sum,449.76,4.66,4.47,0,444.46,4.72,4.52,0,RING,SIMPLE,48,RING,SIMPLE,48,0,RING,A_flag_ceiling
reduce_scatter_perf,3,24,4194048,43688,float,sum,448.81,9.34,8.96,0,449.0,9.34,8.95,0,RING,SIMPLE,48,RING,SIMPLE,48,0,RING,A_flag_ceiling
reduce_scatter_perf,3,24,8388480,87380,float,sum,471.95,17.77,17.03,0,472.14,17.77,17.03,0,RING,SIMPLE,48,RING,SIMPLE,48,0,RING,A_flag_ceiling
reduce_scatter_perf,3,24,16776960,174760,float,sum,472.27,35.52,34.04,0,470.86,35.63,34.15,0,RING,SIMPLE,48,RING,SIMPLE,48,0,RING,A_flag_ceiling
reduce_scatter_perf,3,24,33554304,349524,float,sum,540.22,62.11,59.52,0,492.95,68.07,65.23,0,RING,SIMPLE,48,RING,SIMPLE,48,0,RING,A_flag_ceiling
reduce_scatter_perf,3,24,67108608,699048,float,sum,509.54,131.71,126.22,0,508.44,131.99,126.49,0,RING,SIMPLE,48,RING,SIMPLE,48,0,RING,A_flag_ceiling
reduce_scatter_perf,3,24,134217600,1398100,float,sum,573.63,233.98,224.23,0,575.91,233.05,223.34,0,RING,SIMPLE,48,RING,SIMPLE,48,0,RING,A_flag_ceiling
reduce_scatter_perf,3,24,268435200,2796200,float,sum,782.78,342.92,328.64,0,770.4,348.44,333.92,0,RING,SIMPLE,48,RING,SIMPLE,48,0,RING,A_flag_ceiling
reduce_scatter_perf,3,24,536870784,5592404,float,sum,1413.64,379.78,363.96,0,1410.97,380.5,364.64,0,RING,SIMPLE,48,RING,SIMPLE,48,0,RING,A_flag_ceiling
reduce_scatter_perf,3,24,3840,40,float,sum,78.47,0.05,0.05,0,76.63,0.05,0.05,0,RING,LL,48,RING,LL,48,0,RING,A_flag_ceiling
reduce_scatter_perf,3,24,8064,84,float,sum,78.44,0.1,0.1,0,77.62,0.1,0.1,0,RING,LL,48,RING,LL,48,0,RING,A_flag_ceiling
reduce_scatter_perf,3,24,16128,168,float,sum,79.44,0.2,0.19,0,79.31,0.2,0.19,0,RING,LL,48,RING,LL,48,0,RING,A_flag_ceiling
reduce_scatter_perf,3,24,32640,340,float,sum,85.01,0.38,0.37,0,83.18,0.39,0.38,0,RING,LL,48,RING,LL,48,0,RING,A_flag_ceiling
reduce_scatter_perf,3,24,65280,680,float,sum,95.54,0.68,0.65,0,94.68,0.69,0.66,0,RING,LL,48,RING,LL,48,0,RING,A_flag_ceiling
reduce_scatter_perf,3,24,130944,1364,float,sum,143.1,0.92,0.88,0,141.92,0.92,0.88,0,RING,LL,48,RING,LL,48,0,RING,A_flag_ceiling
reduce_scatter_perf,3,24,261888,2728,float,sum,152.24,1.72,1.65,0,151.28,1.73,1.66,0,RING,LL,48,RING,LL,48,0,RING,A_flag_ceiling
reduce_scatter_perf,3,24,524160,5460,float,sum,192.77,2.72,2.61,0,194.86,2.69,2.58,0,RING,LL,48,RING,LL,48,0,RING,A_flag_ceiling
reduce_scatter_perf,3,24,1048320,10920,float,sum,200.94,5.22,5.0,0,199.02,5.27,5.05,0,RING,LL,48,RING,LL,48,0,RING,A_flag_ceiling
reduce_scatter_perf,3,24,2097024,21844,float,sum,224.81,9.33,8.94,0,224.94,9.32,8.93,0,RING,LL,48,RING,LL,48,0,RING,A_flag_ceiling
reduce_scatter_perf,3,24,4194048,43688,float,sum,273.75,15.32,14.68,0,274.65,15.27,14.63,0,RING,LL,48,RING,LL,48,0,RING,A_flag_ceiling
reduce_scatter_perf,3,24,8388480,87380,float,sum,355.7,23.58,22.6,0,355.67,23.58,22.6,0,RING,LL,48,RING,LL,48,0,RING,A_flag_ceiling
reduce_scatter_perf,3,24,16776960,174760,float,sum,462.5,36.27,34.76,0,463.98,36.16,34.65,0,RING,LL,48,RING,LL,48,0,RING,A_flag_ceiling
reduce_scatter_perf,3,24,33554304,349524,float,sum,919.81,36.48,34.96,0,923.53,36.33,34.82,0,RING,LL,48,RING,LL,48,0,RING,A_flag_ceiling
reduce_scatter_perf,3,24,67108608,699048,float,sum,1759.68,38.14,36.55,0,1765.61,38.01,36.43,0,RING,LL,48,RING,LL,48,0,RING,A_flag_ceiling
reduce_scatter_perf,3,24,134217600,1398100,float,sum,3399.76,39.48,37.83,0,3400.21,39.47,37.83,0,RING,LL,48,RING,LL,48,0,RING,A_flag_ceiling
reduce_scatter_perf,3,24,268435200,2796200,float,sum,6597.94,40.68,38.99,0,6595.61,40.7,39.0,0,RING,LL,48,RING,LL,48,0,RING,A_flag_ceiling
reduce_scatter_perf,3,24,536870784,5592404,float,sum,12971.3,41.39,39.66,0,12993.4,41.32,39.6,0,RING,LL,48,RING,LL,48,0,RING,A_flag_ceiling
reduce_scatter_perf,3,24,3840,40,float,sum,86.83,0.04,0.04,0,85.99,0.04,0.04,0,RING,LL128,48,RING,LL128,48,0,RING,A_flag_ceiling
reduce_scatter_perf,3,24,8064,84,float,sum,86.34,0.09,0.09,0,85.75,0.09,0.09,0,RING,LL128,48,RING,LL128,48,0,RING,A_flag_ceiling
reduce_scatter_perf,3,24,16128,168,float,sum,86.56,0.19,0.18,0,85.24,0.19,0.18,0,RING,LL128,48,RING,LL128,48,0,RING,A_flag_ceiling
reduce_scatter_perf,3,24,32640,340,float,sum,87.54,0.37,0.36,0,87.63,0.37,0.36,0,RING,LL128,48,RING,LL128,48,0,RING,A_flag_ceiling
reduce_scatter_perf,3,24,65280,680,float,sum,89.62,0.73,0.7,0,89.26,0.73,0.7,0,RING,LL128,48,RING,LL128,48,0,RING,A_flag_ceiling
reduce_scatter_perf,3,24,130944,1364,float,sum,92.86,1.41,1.35,0,92.39,1.42,1.36,0,RING,LL128,48,RING,LL128,48,0,RING,A_flag_ceiling
reduce_scatter_perf,3,24,261888,2728,float,sum,104.54,2.51,2.4,0,106.03,2.47,2.37,0,RING,LL128,48,RING,LL128,48,0,RING,A_flag_ceiling
reduce_scatter_perf,3,24,524160,5460,float,sum,144.3,3.63,3.48,0,144.5,3.63,3.48,0,RING,LL128,48,RING,LL128,48,0,RING,A_flag_ceiling
reduce_scatter_perf,3,24,1048320,10920,float,sum,142.18,7.37,7.07,0,143.12,7.32,7.02,0,RING,LL128,48,RING,LL128,48,0,RING,A_flag_ceiling
reduce_scatter_perf,3,24,2097024,21844,float,sum,177.21,11.83,11.34,0,177.91,11.79,11.3,0,RING,LL128,48,RING,LL128,48,0,RING,A_flag_ceiling
reduce_scatter_perf,3,24,4194048,43688,float,sum,177.71,23.6,22.62,0,177.33,23.65,22.67,0,RING,LL128,48,RING,LL128,48,0,RING,A_flag_ceiling
reduce_scatter_perf,3,24,8388480,87380,float,sum,192.74,43.52,41.71,0,191.81,43.73,41.91,0,RING,LL128,48,RING,LL128,48,0,RING,A_flag_ceiling
reduce_scatter_perf,3,24,16776960,174760,float,sum,194.57,86.23,82.63,0,194.8,86.13,82.54,0,RING,LL128,48,RING,LL128,48,0,RING,A_flag_ceiling
reduce_scatter_perf,3,24,33554304,349524,float,sum,212.34,158.02,151.43,0,212.29,158.06,151.48,0,RING,LL128,48,RING,LL128,48,0,RING,A_flag_ceiling
reduce_scatter_perf,3,24,67108608,699048,float,sum,266.32,251.99,241.49,0,265.16,253.08,242.54,0,RING,LL128,48,RING,LL128,48,0,RING,A_flag_ceiling
reduce_scatter_perf,3,24,134217600,1398100,float,sum,542.99,247.18,236.88,0,550.53,243.8,233.64,0,RING,LL128,48,RING,LL128,48,0,RING,A_flag_ceiling
reduce_scatter_perf,3,24,268435200,2796200,float,sum,901.54,297.75,285.35,0,904.31,296.84,284.47,0,RING,LL128,48,RING,LL128,48,0,RING,A_flag_ceiling
reduce_scatter_perf,3,24,536870784,5592404,float,sum,1706.16,314.67,301.56,0,1696.79,316.4,303.22,0,RING,LL128,48,RING,LL128,48,0,RING,A_flag_ceiling
