collective,num_nodes,num_gpus,size_bytes,algo,proto,nchannels,requested_algo,requested_proto,substituted,busbw_ip,time_ip_us,busbw_oop,time_oop_us,n_repeats,spread_pct,count,data_type,redop,algbw_ip,algbw_oop,errors_ip,errors_oop
all_reduce_perf,2,16,4096,RING,LL,1,RING,LL,0,0.1,74.53,0.1,74.29,3,9.999999999999995,1024,float,sum,0.02,0.02,0,0
all_reduce_perf,2,16,4096,RING,LL,2,RING,LL,0,0.11,72.18,0.1,75.63,3,9.090909090909086,1024,float,sum,0.02,0.02,0,0
all_reduce_perf,2,16,4096,RING,LL,4,RING,LL,0,0.11,73.11,0.1,75.38,3,9.090909090909086,1024,float,sum,0.02,0.02,0,0
all_reduce_perf,2,16,4096,RING,LL,8,RING,LL,0,0.11,72.96,0.1,73.91,3,9.090909090909086,1024,float,sum,0.02,0.02,0,0
all_reduce_perf,2,16,4096,RING,LL,16,RING,LL,0,0.1,75.57,0.1,74.14,3,9.999999999999995,1024,float,sum,0.02,0.02,0,0
all_reduce_perf,2,16,4096,RING,LL,24,RING,LL,0,0.11,72.29,0.1,74.32,3,0.0,1024,float,sum,0.02,0.02,0,0
all_reduce_perf,2,16,4096,RING,LL,32,RING,LL,0,0.11,72.03,0.1,75.03,3,9.090909090909086,1024,float,sum,0.02,0.02,0,0
all_reduce_perf,2,16,4096,RING,LL,40,RING,LL,0,0.11,72.26,0.1,73.51,3,9.090909090909086,1024,float,sum,0.02,0.02,0,0
all_reduce_perf,2,16,4096,RING,LL,48,RING,LL,0,0.1,73.15,0.1,74.58,3,9.999999999999995,1024,float,sum,0.02,0.02,0,0
all_reduce_perf,2,16,4096,RING,LL128,1,RING,LL128,0,0.09,90.12,0.08,90.68,3,11.111111111111107,1024,float,sum,0.02,0.02,0,0
all_reduce_perf,2,16,4096,RING,LL128,2,RING,LL128,0,0.08,90.51,0.08,91.44,3,12.499999999999993,1024,float,sum,0.02,0.02,0,0
all_reduce_perf,2,16,4096,RING,LL128,4,RING,LL128,0,0.09,90.08,0.08,91.89,3,11.111111111111107,1024,float,sum,0.02,0.02,0,0
all_reduce_perf,2,16,4096,RING,LL128,8,RING,LL128,0,0.08,91.65,0.08,91.88,3,0.0,1024,float,sum,0.02,0.02,0,0
all_reduce_perf,2,16,4096,RING,LL128,16,RING,LL128,0,0.08,90.49,0.08,91.96,3,12.499999999999993,1024,float,sum,0.02,0.02,0,0
all_reduce_perf,2,16,4096,RING,LL128,24,RING,LL128,0,0.08,90.85,0.08,92.1,3,0.0,1024,float,sum,0.02,0.02,0,0
all_reduce_perf,2,16,4096,RING,LL128,32,RING,LL128,0,0.08,94.88,0.08,91.43,3,12.499999999999993,1024,float,sum,0.02,0.02,0,0
all_reduce_perf,2,16,4096,RING,LL128,40,RING,LL128,0,0.09,89.59,0.08,91.33,3,0.0,1024,float,sum,0.02,0.02,0,0
all_reduce_perf,2,16,4096,RING,LL128,48,RING,LL128,0,0.08,91.15,0.08,92.19,3,12.499999999999993,1024,float,sum,0.02,0.02,0,0
all_reduce_perf,2,16,4096,RING,SIMPLE,1,RING,SIMPLE,0,0.03,270.75,0.03,272.39,3,0.0,1024,float,sum,0.02,0.02,0,0
all_reduce_perf,2,16,4096,RING,SIMPLE,2,RING,SIMPLE,0,0.03,272.43,0.03,271.44,3,0.0,1024,float,sum,0.02,0.02,0,0
all_reduce_perf,2,16,4096,RING,SIMPLE,4,RING,SIMPLE,0,0.03,269.37,0.03,273.13,3,0.0,1024,float,sum,0.02,0.02,0,0
all_reduce_perf,2,16,4096,RING,SIMPLE,8,RING,SIMPLE,0,0.03,269.37,0.03,271.95,3,0.0,1024,float,sum,0.02,0.02,0,0
all_reduce_perf,2,16,4096,RING,SIMPLE,16,RING,SIMPLE,0,0.03,270.36,0.03,271.35,3,0.0,1024,float,sum,0.02,0.02,0,0
all_reduce_perf,2,16,4096,RING,SIMPLE,24,RING,SIMPLE,0,0.03,269.31,0.03,271.64,3,0.0,1024,float,sum,0.02,0.02,0,0
all_reduce_perf,2,16,4096,RING,SIMPLE,32,RING,SIMPLE,0,0.03,269.54,0.03,272.11,3,0.0,1024,float,sum,0.02,0.02,0,0
all_reduce_perf,2,16,4096,RING,SIMPLE,40,RING,SIMPLE,0,0.03,270.24,0.03,273.64,3,0.0,1024,float,sum,0.02,0.02,0,0
all_reduce_perf,2,16,4096,RING,SIMPLE,48,RING,SIMPLE,0,0.03,272.18,0.03,272.42,3,0.0,1024,float,sum,0.02,0.02,0,0
all_reduce_perf,2,16,4096,TREE,LL,1,TREE,LL,0,0.18,43.05,0.17,44.65,3,0.0,1024,float,sum,0.02,0.02,0,0
all_reduce_perf,2,16,4096,TREE,LL,2,TREE,LL,0,0.2,38.8,0.19,40.22,3,70.0,1024,float,sum,0.02,0.02,0,0
all_reduce_perf,2,16,4096,TREE,LL,2,,,0,0.2,38.37,0.2,39.35,3,0.0,1024,float,sum,0.02,0.02,0,0
all_reduce_perf,2,16,4096,TREE,LL,4,TREE,LL,0,0.19,39.56,0.19,40.25,3,5.263157894736847,1024,float,sum,0.02,0.02,0,0
all_reduce_perf,2,16,4096,TREE,LL,8,TREE,LL,0,0.2,38.95,0.19,39.77,3,0.0,1024,float,sum,0.02,0.02,0,0
all_reduce_perf,2,16,4096,TREE,LL,16,TREE,LL,0,0.19,39.56,0.19,39.81,3,5.263157894736847,1024,float,sum,0.02,0.02,0,0
all_reduce_perf,2,16,4096,TREE,LL,24,TREE,LL,0,0.2,38.54,0.19,40.09,3,0.0,1024,float,sum,0.02,0.02,0,0
all_reduce_perf,2,16,4096,TREE,LL,32,TREE,LL,0,0.2,39.02,0.2,38.74,3,5.000000000000004,1024,float,sum,0.02,0.02,0,0
all_reduce_perf,2,16,4096,TREE,LL,40,TREE,LL,0,0.2,39.26,0.19,39.48,3,5.000000000000004,1024,float,sum,0.02,0.02,0,0
all_reduce_perf,2,16,4096,TREE,LL,48,TREE,LL,0,0.2,38.29,0.2,39.28,3,0.0,1024,float,sum,0.02,0.02,0,0
all_reduce_perf,2,16,4096,TREE,LL128,1,TREE,LL128,0,0.17,45.74,0.16,47.24,3,0.0,1024,float,sum,0.02,0.02,0,0
all_reduce_perf,2,16,4096,TREE,LL128,2,TREE,LL128,0,0.16,49.26,0.16,46.59,3,12.50000000000001,1024,float,sum,0.02,0.02,0,0
all_reduce_perf,2,16,4096,TREE,LL128,4,TREE,LL128,0,0.17,45.49,0.16,46.61,3,0.0,1024,float,sum,0.02,0.02,0,0
all_reduce_perf,2,16,4096,TREE,LL128,8,TREE,LL128,0,0.17,45.25,0.17,46.37,3,0.0,1024,float,sum,0.02,0.02,0,0
all_reduce_perf,2,16,4096,TREE,LL128,16,TREE,LL128,0,0.17,45.5,0.16,47.18,3,0.0,1024,float,sum,0.02,0.02,0,0
all_reduce_perf,2,16,4096,TREE,LL128,24,TREE,LL128,0,0.17,46.16,0.16,47.23,3,0.0,1024,float,sum,0.02,0.02,0,0
all_reduce_perf,2,16,4096,TREE,LL128,32,TREE,LL128,0,0.17,45.59,0.17,46.38,3,0.0,1024,float,sum,0.02,0.02,0,0
all_reduce_perf,2,16,4096,TREE,LL128,40,TREE,LL128,0,0.17,45.77,0.16,46.62,3,0.0,1024,float,sum,0.02,0.02,0,0
all_reduce_perf,2,16,4096,TREE,LL128,48,TREE,LL128,0,0.17,45.79,0.16,46.64,3,5.8823529411764754,1024,float,sum,0.02,0.02,0,0
all_reduce_perf,2,16,4096,TREE,SIMPLE,1,TREE,SIMPLE,0,0.11,68.1,0.11,71.7,3,0.0,1024,float,sum,0.02,0.02,0,0
all_reduce_perf,2,16,4096,TREE,SIMPLE,2,TREE,SIMPLE,0,0.11,68.7,0.11,71.35,3,0.0,1024,float,sum,0.02,0.02,0,0
all_reduce_perf,2,16,4096,TREE,SIMPLE,4,TREE,SIMPLE,0,0.11,68.33,0.11,70.84,3,0.0,1024,float,sum,0.02,0.02,0,0
all_reduce_perf,2,16,4096,TREE,SIMPLE,8,TREE,SIMPLE,0,0.11,69.06,0.11,71.62,3,0.0,1024,float,sum,0.02,0.02,0,0
all_reduce_perf,2,16,4096,TREE,SIMPLE,16,TREE,SIMPLE,0,0.11,73.02,0.11,72.39,3,45.45454545454546,1024,float,sum,0.02,0.02,0,0
all_reduce_perf,2,16,4096,TREE,SIMPLE,24,TREE,SIMPLE,0,0.11,68.7,0.11,71.37,3,0.0,1024,float,sum,0.02,0.02,0,0
all_reduce_perf,2,16,4096,TREE,SIMPLE,32,TREE,SIMPLE,0,0.11,68.59,0.11,69.89,3,0.0,1024,float,sum,0.02,0.02,0,0
all_reduce_perf,2,16,4096,TREE,SIMPLE,40,TREE,SIMPLE,0,0.11,68.32,0.11,71.82,3,0.0,1024,float,sum,0.02,0.02,0,0
all_reduce_perf,2,16,4096,TREE,SIMPLE,48,TREE,SIMPLE,0,0.11,69.01,0.11,71.34,3,0.0,1024,float,sum,0.02,0.02,0,0
all_reduce_perf,2,16,8192,RING,LL,1,RING,LL,0,0.21,73.07,0.2,74.98,3,9.523809523809518,1024,float,sum,0.02,0.02,0,0
all_reduce_perf,2,16,8192,RING,LL,2,RING,LL,0,0.21,72.95,0.21,73.96,3,4.761904761904753,1024,float,sum,0.02,0.02,0,0
all_reduce_perf,2,16,8192,RING,LL,4,RING,LL,0,0.21,74.42,0.2,77.05,3,4.761904761904753,1024,float,sum,0.02,0.02,0,0
all_reduce_perf,2,16,8192,RING,LL,8,RING,LL,0,0.21,74.21,0.2,76.45,3,0.0,1024,float,sum,0.02,0.02,0,0
all_reduce_perf,2,16,8192,RING,LL,16,RING,LL,0,0.2,75.95,0.2,77.13,3,4.99999999999999,1024,float,sum,0.02,0.02,0,0
all_reduce_perf,2,16,8192,RING,LL,24,RING,LL,0,0.21,73.34,0.2,75.59,3,0.0,1024,float,sum,0.02,0.02,0,0
all_reduce_perf,2,16,8192,RING,LL,32,RING,LL,0,0.21,73.41,0.21,74.79,3,0.0,1024,float,sum,0.02,0.02,0,0
all_reduce_perf,2,16,8192,RING,LL,40,RING,LL,0,0.21,73.71,0.2,77.72,3,0.0,1024,float,sum,0.02,0.02,0,0
all_reduce_perf,2,16,8192,RING,LL,48,RING,LL,0,0.2,76.22,0.2,76.38,3,4.99999999999999,1024,float,sum,0.02,0.02,0,0
all_reduce_perf,2,16,8192,RING,LL128,1,RING,LL128,0,0.17,89.9,0.17,90.88,3,0.0,1024,float,sum,0.02,0.02,0,0
all_reduce_perf,2,16,8192,RING,LL128,2,RING,LL128,0,0.17,89.92,0.17,92.1,3,5.8823529411764754,1024,float,sum,0.02,0.02,0,0
all_reduce_perf,2,16,8192,RING,LL128,4,RING,LL128,0,0.17,89.59,0.17,91.81,3,0.0,1024,float,sum,0.02,0.02,0,0
all_reduce_perf,2,16,8192,RING,LL128,8,RING,LL128,0,0.17,90.59,0.17,92.65,3,0.0,1024,float,sum,0.02,0.02,0,0
all_reduce_perf,2,16,8192,RING,LL128,16,RING,LL128,0,0.17,93.01,0.16,93.42,3,5.8823529411764754,1024,float,sum,0.02,0.02,0,0
all_reduce_perf,2,16,8192,RING,LL128,24,RING,LL128,0,0.17,90.82,0.17,92.31,3,0.0,1024,float,sum,0.02,0.02,0,0
all_reduce_perf,2,16,8192,RING,LL128,32,RING,LL128,0,0.17,91.23,0.16,94.97,3,5.8823529411764754,1024,float,sum,0.02,0.02,0,0
all_reduce_perf,2,16,8192,RING,LL128,40,RING,LL128,0,0.17,88.96,0.17,91.4,3,5.8823529411764595,1024,float,sum,0.02,0.02,0,0
all_reduce_perf,2,16,8192,RING,LL128,48,RING,LL128,0,0.17,90.77,0.17,91.98,3,11.764705882352935,1024,float,sum,0.02,0.02,0,0
all_reduce_perf,2,16,8192,RING,SIMPLE,1,RING,SIMPLE,0,0.06,271.48,0.06,271.18,3,0.0,1024,float,sum,0.02,0.02,0,0
all_reduce_perf,2,16,8192,RING,SIMPLE,2,RING,SIMPLE,0,0.06,269.93,0.06,273.83,3,0.0,1024,float,sum,0.02,0.02,0,0
all_reduce_perf,2,16,8192,RING,SIMPLE,4,RING,SIMPLE,0,0.06,269.88,0.06,272.59,3,0.0,1024,float,sum,0.02,0.02,0,0
all_reduce_perf,2,16,8192,RING,SIMPLE,8,RING,SIMPLE,0,0.06,270.41,0.06,275.34,3,0.0,1024,float,sum,0.02,0.02,0,0
all_reduce_perf,2,16,8192,RING,SIMPLE,16,RING,SIMPLE,0,0.06,272.2,0.06,275.93,3,0.0,1024,float,sum,0.02,0.02,0,0
all_reduce_perf,2,16,8192,RING,SIMPLE,24,RING,SIMPLE,0,0.06,273.41,0.06,271.02,3,16.66666666666666,1024,float,sum,0.02,0.02,0,0
all_reduce_perf,2,16,8192,RING,SIMPLE,32,RING,SIMPLE,0,0.06,270.54,0.06,276.43,3,0.0,1024,float,sum,0.02,0.02,0,0
all_reduce_perf,2,16,8192,RING,SIMPLE,40,RING,SIMPLE,0,0.06,273.06,0.06,277.74,3,0.0,1024,float,sum,0.02,0.02,0,0
all_reduce_perf,2,16,8192,RING,SIMPLE,48,RING,SIMPLE,0,0.06,271.17,0.06,274.33,3,0.0,1024,float,sum,0.02,0.02,0,0
all_reduce_perf,2,16,8192,TREE,LL,1,TREE,LL,0,0.29,52.99,0.29,53.6,3,0.0,1024,float,sum,0.02,0.02,0,0
all_reduce_perf,2,16,8192,TREE,LL,2,TREE,LL,0,0.36,42.91,0.35,43.29,3,0.0,1024,float,sum,0.02,0.02,0,0
all_reduce_perf,2,16,8192,TREE,LL,4,TREE,LL,0,0.39,39.21,0.38,40.42,3,15.384615384615383,1024,float,sum,0.02,0.02,0,0
all_reduce_perf,2,16,8192,TREE,LL,4,,,0,0.39,39.06,0.38,39.93,3,0.0,1024,float,sum,0.02,0.02,0,0
all_reduce_perf,2,16,8192,TREE,LL,8,TREE,LL,0,0.39,38.97,0.39,39.62,3,2.5641025641025665,1024,float,sum,0.02,0.02,0,0
all_reduce_perf,2,16,8192,TREE,LL,16,TREE,LL,0,0.39,39.37,0.37,41.64,3,10.256410256410266,1024,float,sum,0.02,0.02,0,0
all_reduce_perf,2,16,8192,TREE,LL,24,TREE,LL,0,0.39,39.29,0.39,39.82,3,0.0,1024,float,sum,0.02,0.02,0,0
all_reduce_perf,2,16,8192,TREE,LL,32,TREE,LL,0,0.39,39.1,0.38,40.13,3,0.0,1024,float,sum,0.02,0.02,0,0
all_reduce_perf,2,16,8192,TREE,LL,40,TREE,LL,0,0.39,39.28,0.38,40.19,3,0.0,1024,float,sum,0.02,0.02,0,0
all_reduce_perf,2,16,8192,TREE,LL,48,TREE,LL,0,0.39,39.39,0.37,40.99,3,0.0,1024,float,sum,0.02,0.02,0,0
all_reduce_perf,2,16,8192,TREE,LL128,1,TREE,LL128,0,0.32,48.26,0.32,48.68,3,6.250000000000005,1024,float,sum,0.02,0.02,0,0
all_reduce_perf,2,16,8192,TREE,LL128,2,TREE,LL128,0,0.32,48.07,0.32,48.57,3,6.250000000000005,1024,float,sum,0.02,0.02,0,0
all_reduce_perf,2,16,8192,TREE,LL128,4,TREE,LL128,0,0.32,48.08,0.32,48.42,3,6.250000000000005,1024,float,sum,0.02,0.02,0,0
all_reduce_perf,2,16,8192,TREE,LL128,8,TREE,LL128,0,0.32,47.26,0.32,47.83,3,3.1250000000000027,1024,float,sum,0.02,0.02,0,0
all_reduce_perf,2,16,8192,TREE,LL128,16,TREE,LL128,0,0.32,47.76,0.31,48.8,3,3.1250000000000027,1024,float,sum,0.02,0.02,0,0
all_reduce_perf,2,16,8192,TREE,LL128,24,TREE,LL128,0,0.32,47.71,0.32,48.66,3,0.0,1024,float,sum,0.02,0.02,0,0
all_reduce_perf,2,16,8192,TREE,LL128,32,TREE,LL128,0,0.32,48.03,0.31,49.65,3,0.0,1024,float,sum,0.02,0.02,0,0
all_reduce_perf,2,16,8192,TREE,LL128,40,TREE,LL128,0,0.32,47.43,0.31,48.76,3,3.1250000000000027,1024,float,sum,0.02,0.02,0,0
all_reduce_perf,2,16,8192,TREE,LL128,48,TREE,LL128,0,0.32,47.95,0.31,49.71,3,0.0,1024,float,sum,0.02,0.02,0,0
all_reduce_perf,2,16,8192,TREE,SIMPLE,1,TREE,SIMPLE,0,0.22,70.9,0.22,71.4,3,4.545454545454549,1024,float,sum,0.02,0.02,0,0
all_reduce_perf,2,16,8192,TREE,SIMPLE,2,TREE,SIMPLE,0,0.22,71.18,0.21,71.9,3,0.0,1024,float,sum,0.02,0.02,0,0
all_reduce_perf,2,16,8192,TREE,SIMPLE,4,TREE,SIMPLE,0,0.22,70.96,0.2,75.19,3,4.545454545454549,1024,float,sum,0.02,0.02,0,0
all_reduce_perf,2,16,8192,TREE,SIMPLE,8,TREE,SIMPLE,0,0.22,70.92,0.21,74.28,3,4.545454545454549,1024,float,sum,0.02,0.02,0,0
all_reduce_perf,2,16,8192,TREE,SIMPLE,16,TREE,SIMPLE,0,0.22,70.74,0.21,74.27,3,4.545454545454549,1024,float,sum,0.02,0.02,0,0
all_reduce_perf,2,16,8192,TREE,SIMPLE,24,TREE,SIMPLE,0,0.22,71.12,0.21,73.05,3,4.545454545454549,1024,float,sum,0.02,0.02,0,0
all_reduce_perf,2,16,8192,TREE,SIMPLE,32,TREE,SIMPLE,0,0.22,71.0,0.21,73.28,3,4.545454545454549,1024,float,sum,0.02,0.02,0,0
all_reduce_perf,2,16,8192,TREE,SIMPLE,40,TREE,SIMPLE,0,0.22,70.77,0.21,72.46,3,4.545454545454549,1024,float,sum,0.02,0.02,0,0
all_reduce_perf,2,16,8192,TREE,SIMPLE,48,TREE,SIMPLE,0,0.22,71.18,0.21,73.5,3,4.545454545454549,1024,float,sum,0.02,0.02,0,0
all_reduce_perf,2,16,16384,RING,LL,1,RING,LL,0,0.42,73.65,0.41,74.53,3,0.0,1024,float,sum,0.02,0.02,0,0
all_reduce_perf,2,16,16384,RING,LL,2,RING,LL,0,0.42,73.19,0.4,76.13,3,0.0,1024,float,sum,0.02,0.02,0,0
all_reduce_perf,2,16,16384,RING,LL,4,RING,LL,0,0.41,74.93,0.4,77.5,3,0.0,1024,float,sum,0.02,0.02,0,0
all_reduce_perf,2,16,16384,RING,LL,8,RING,LL,0,0.39,78.71,0.37,82.27,3,0.0,1024,float,sum,0.02,0.02,0,0
all_reduce_perf,2,16,16384,RING,LL,16,RING,LL,0,0.39,79.61,0.36,84.18,3,2.5641025641025665,1024,float,sum,0.02,0.02,0,0
all_reduce_perf,2,16,16384,RING,LL,24,RING,LL,0,0.39,79.6,0.37,83.59,3,0.0,1024,float,sum,0.02,0.02,0,0
all_reduce_perf,2,16,16384,RING,LL,32,RING,LL,0,0.39,79.37,0.37,83.79,3,2.5641025641025665,1024,float,sum,0.02,0.02,0,0
all_reduce_perf,2,16,16384,RING,LL,40,RING,LL,0,0.39,78.83,0.38,80.52,3,0.0,1024,float,sum,0.02,0.02,0,0
all_reduce_perf,2,16,16384,RING,LL,48,RING,LL,0,0.38,79.8,0.36,84.49,3,2.6315789473684235,1024,float,sum,0.02,0.02,0,0
all_reduce_perf,2,16,16384,RING,LL128,1,RING,LL128,0,0.34,89.17,0.33,93.13,3,2.9411764705882213,1024,float,sum,0.02,0.02,0,0
all_reduce_perf,2,16,16384,RING,LL128,2,RING,LL128,0,0.34,90.71,0.33,92.17,3,2.9411764705882377,1024,float,sum,0.02,0.02,0,0
all_reduce_perf,2,16,16384,RING,LL128,4,RING,LL128,0,0.34,90.16,0.33,93.0,3,2.9411764705882213,1024,float,sum,0.02,0.02,0,0
all_reduce_perf,2,16,16384,RING,LL128,8,RING,LL128,0,0.34,89.82,0.33,93.51,3,0.0,1024,float,sum,0.02,0.02,0,0
all_reduce_perf,2,16,16384,RING,LL128,16,RING,LL128,0,0.34,90.4,0.32,95.58,3,0.0,1024,float,sum,0.02,0.02,0,0
all_reduce_perf,2,16,16384,RING,LL128,24,RING,LL128,0,0.34,90.69,0.33,94.24,3,0.0,1024,float,sum,0.02,0.02,0,0
all_reduce_perf,2,16,16384,RING,LL128,32,RING,LL128,0,0.2,151.53,0.34,91.11,3,80.00000000000001,1024,float,sum,0.02,0.02,0,0
all_reduce_perf,2,16,16384,RING,LL128,40,RING,LL128,0,0.34,90.09,0.33,93.53,3,0.0,1024,float,sum,0.02,0.02,0,0
all_reduce_perf,2,16,16384,RING,LL128,48,RING,LL128,0,0.34,90.11,0.34,90.69,3,2.9411764705882213,1024,float,sum,0.02,0.02,0,0
all_reduce_perf,2,16,16384,RING,SIMPLE,1,RING,SIMPLE,0,0.11,271.42,0.11,274.22,3,0.0,1024,float,sum,0.02,0.02,0,0
all_reduce_perf,2,16,16384,RING,SIMPLE,2,RING,SIMPLE,0,0.11,272.66,0.11,273.26,3,0.0,1024,float,sum,0.02,0.02,0,0
all_reduce_perf,2,16,16384,RING,SIMPLE,4,RING,SIMPLE,0,0.11,271.98,0.11,273.79,3,0.0,1024,float,sum,0.02,0.02,0,0
all_reduce_perf,2,16,16384,RING,SIMPLE,8,RING,SIMPLE,0,0.11,273.85,0.11,276.23,3,0.0,1024,float,sum,0.02,0.02,0,0
all_reduce_perf,2,16,16384,RING,SIMPLE,16,RING,SIMPLE,0,0.11,272.89,0.11,275.0,3,0.0,1024,float,sum,0.02,0.02,0,0
all_reduce_perf,2,16,16384,RING,SIMPLE,24,RING,SIMPLE,0,0.11,271.16,0.11,274.74,3,0.0,1024,float,sum,0.02,0.02,0,0
all_reduce_perf,2,16,16384,RING,SIMPLE,32,RING,SIMPLE,0,0.11,272.24,0.11,273.44,3,0.0,1024,float,sum,0.02,0.02,0,0
all_reduce_perf,2,16,16384,RING,SIMPLE,40,RING,SIMPLE,0,0.11,271.56,0.11,275.07,3,0.0,1024,float,sum,0.02,0.02,0,0
all_reduce_perf,2,16,16384,RING,SIMPLE,48,RING,SIMPLE,0,0.11,271.98,0.11,273.01,3,0.0,1024,float,sum,0.02,0.02,0,0
all_reduce_perf,2,16,16384,TREE,LL,1,TREE,LL,0,0.44,69.37,0.43,71.44,3,0.0,1024,float,sum,0.02,0.02,0,0
all_reduce_perf,2,16,16384,TREE,LL,2,TREE,LL,0,0.58,52.57,0.58,53.01,3,1.7241379310344844,1024,float,sum,0.02,0.02,0,0
all_reduce_perf,2,16,16384,TREE,LL,4,TREE,LL,0,0.7,43.91,0.66,46.72,3,0.0,1024,float,sum,0.02,0.02,0,0
all_reduce_perf,2,16,16384,TREE,LL,8,TREE,LL,0,0.78,39.37,0.73,42.26,3,0.0,1024,float,sum,0.02,0.02,0,0
all_reduce_perf,2,16,16384,TREE,LL,8,,,0,0.78,39.41,0.72,42.66,3,1.2820512820512833,1024,float,sum,0.02,0.02,0,0
all_reduce_perf,2,16,16384,TREE,LL,16,TREE,LL,0,0.78,39.56,0.73,42.33,3,7.692307692307699,1024,float,sum,0.02,0.02,0,0
all_reduce_perf,2,16,16384,TREE,LL,24,TREE,LL,0,0.77,39.88,0.76,40.54,3,3.8961038961038996,1024,float,sum,0.02,0.02,0,0
all_reduce_perf,2,16,16384,TREE,LL,32,TREE,LL,0,0.77,39.77,0.75,40.69,3,1.2987012987012998,1024,float,sum,0.02,0.02,0,0
all_reduce_perf,2,16,16384,TREE,LL,40,TREE,LL,0,0.77,39.72,0.73,41.9,3,2.5974025974025996,1024,float,sum,0.02,0.02,0,0
all_reduce_perf,2,16,16384,TREE,LL,48,TREE,LL,0,0.77,39.79,0.72,42.88,3,1.2987012987012998,1024,float,sum,0.02,0.02,0,0
all_reduce_perf,2,16,16384,TREE,LL128,1,TREE,LL128,0,0.6,51.33,0.57,53.86,3,0.0,1024,float,sum,0.02,0.02,0,0
all_reduce_perf,2,16,16384,TREE,LL128,2,TREE,LL128,0,0.64,47.92,0.62,49.7,3,0.0,1024,float,sum,0.02,0.02,0,0
all_reduce_perf,2,16,16384,TREE,LL128,4,TREE,LL128,0,0.64,47.72,0.6,51.27,3,1.5625000000000013,1024,float,sum,0.02,0.02,0,0
all_reduce_perf,2,16,16384,TREE,LL128,8,TREE,LL128,0,0.64,48.28,0.61,50.34,3,1.5625000000000013,1024,float,sum,0.02,0.02,0,0
all_reduce_perf,2,16,16384,TREE,LL128,16,TREE,LL128,0,0.65,47.58,0.62,49.44,3,1.5384615384615397,1024,float,sum,0.02,0.02,0,0
all_reduce_perf,2,16,16384,TREE,LL128,24,TREE,LL128,0,0.64,47.74,0.6,50.79,3,0.0,1024,float,sum,0.02,0.02,0,0
all_reduce_perf,2,16,16384,TREE,LL128,32,TREE,LL128,0,0.64,48.07,0.6,50.94,3,0.0,1024,float,sum,0.02,0.02,0,0
all_reduce_perf,2,16,16384,TREE,LL128,40,TREE,LL128,0,0.64,48.23,0.63,48.95,3,3.1250000000000027,1024,float,sum,0.02,0.02,0,0
all_reduce_perf,2,16,16384,TREE,LL128,48,TREE,LL128,0,0.64,47.74,0.6,51.25,3,1.5625000000000013,1024,float,sum,0.02,0.02,0,0
all_reduce_perf,2,16,16384,TREE,SIMPLE,1,TREE,SIMPLE,0,0.41,74.83,0.4,76.79,3,0.0,1024,float,sum,0.02,0.02,0,0
all_reduce_perf,2,16,16384,TREE,SIMPLE,2,TREE,SIMPLE,0,0.43,70.78,0.41,75.44,3,0.0,1024,float,sum,0.02,0.02,0,0
all_reduce_perf,2,16,16384,TREE,SIMPLE,4,TREE,SIMPLE,0,0.43,70.87,0.41,75.68,3,0.0,1024,float,sum,0.02,0.02,0,0
all_reduce_perf,2,16,16384,TREE,SIMPLE,8,TREE,SIMPLE,0,0.43,71.53,0.4,76.21,3,0.0,1024,float,sum,0.02,0.02,0,0
all_reduce_perf,2,16,16384,TREE,SIMPLE,16,TREE,SIMPLE,0,0.43,71.98,0.42,73.83,3,48.837209302325576,1024,float,sum,0.02,0.02,0,0
all_reduce_perf,2,16,16384,TREE,SIMPLE,24,TREE,SIMPLE,0,0.43,70.68,0.41,75.85,3,2.325581395348839,1024,float,sum,0.02,0.02,0,0
all_reduce_perf,2,16,16384,TREE,SIMPLE,32,TREE,SIMPLE,0,0.43,71.48,0.42,73.52,3,0.0,1024,float,sum,0.02,0.02,0,0
all_reduce_perf,2,16,16384,TREE,SIMPLE,40,TREE,SIMPLE,0,0.43,71.49,0.4,76.31,3,2.325581395348839,1024,float,sum,0.02,0.02,0,0
all_reduce_perf,2,16,16384,TREE,SIMPLE,48,TREE,SIMPLE,0,0.43,71.3,0.42,73.95,3,0.0,1024,float,sum,0.02,0.02,0,0
all_reduce_perf,2,16,32768,RING,LL,1,RING,LL,0,0.82,75.01,0.79,77.41,3,1.2195121951219388,1024,float,sum,0.02,0.02,0,0
all_reduce_perf,2,16,32768,RING,LL,2,RING,LL,0,0.83,74.27,0.8,76.35,3,0.0,1024,float,sum,0.02,0.02,0,0
all_reduce_perf,2,16,32768,RING,LL,4,RING,LL,0,0.82,74.71,0.78,78.46,3,1.2195121951219523,1024,float,sum,0.02,0.02,0,0
all_reduce_perf,2,16,32768,RING,LL,8,RING,LL,0,0.78,79.24,0.74,83.04,3,1.2820512820512833,1024,float,sum,0.02,0.02,0,0
all_reduce_perf,2,16,32768,RING,LL,16,RING,LL,0,0.62,98.65,0.6,101.57,3,1.6129032258064528,1024,float,sum,0.02,0.02,0,0
all_reduce_perf,2,16,32768,RING,LL,24,RING,LL,0,0.62,99.32,0.6,102.82,3,1.6129032258064528,1024,float,sum,0.02,0.02,0,0
all_reduce_perf,2,16,32768,RING,LL,32,RING,LL,0,0.62,98.69,0.59,103.59,3,1.6129032258064528,1024,float,sum,0.02,0.02,0,0
all_reduce_perf,2,16,32768,RING,LL,40,RING,LL,0,0.61,100.58,0.6,102.18,3,4.9180327868852505,1024,float,sum,0.02,0.02,0,0
all_reduce_perf,2,16,32768,RING,LL,48,RING,LL,0,0.62,98.36,0.59,103.41,3,1.6129032258064528,1024,float,sum,0.02,0.02,0,0
all_reduce_perf,2,16,32768,RING,LL128,1,RING,LL128,0,0.69,89.54,0.67,91.66,3,2.898550724637668,1024,float,sum,0.02,0.02,0,0
all_reduce_perf,2,16,32768,RING,LL128,2,RING,LL128,0,0.68,90.14,0.65,94.1,3,0.0,1024,float,sum,0.02,0.02,0,0
all_reduce_perf,2,16,32768,RING,LL128,4,RING,LL128,0,0.66,93.05,0.63,97.48,3,1.5151515151515165,1024,float,sum,0.02,0.02,0,0
all_reduce_perf,2,16,32768,RING,LL128,8,RING,LL128,0,0.66,93.37,0.63,97.58,3,1.5151515151515165,1024,float,sum,0.02,0.02,0,0
all_reduce_perf,2,16,32768,RING,LL128,16,RING,LL128,0,0.66,92.39,0.62,98.62,3,1.5151515151515165,1024,float,sum,0.02,0.02,0,0
all_reduce_perf,2,16,32768,RING,LL128,24,RING,LL128,0,0.66,93.75,0.63,97.46,3,3.030303030303033,1024,float,sum,0.02,0.02,0,0
all_reduce_perf,2,16,32768,RING,LL128,32,RING,LL128,0,0.66,93.15,0.63,98.21,3,3.030303030303033,1024,float,sum,0.02,0.02,0,0
all_reduce_perf,2,16,32768,RING,LL128,40,RING,LL128,0,0.67,92.31,0.64,96.47,3,1.492537313432837,1024,float,sum,0.02,0.02,0,0
all_reduce_perf,2,16,32768,RING,LL128,48,RING,LL128,0,0.66,92.55,0.64,96.7,3,1.5151515151515165,1024,float,sum,0.02,0.02,0,0
all_reduce_perf,2,16,32768,RING,SIMPLE,1,RING,SIMPLE,0,0.23,270.82,0.22,275.49,3,4.347826086956525,1024,float,sum,0.02,0.02,0,0
all_reduce_perf,2,16,32768,RING,SIMPLE,2,RING,SIMPLE,0,0.22,274.96,0.22,275.87,3,4.545454545454549,1024,float,sum,0.02,0.02,0,0
all_reduce_perf,2,16,32768,RING,SIMPLE,4,RING,SIMPLE,0,0.23,271.88,0.22,274.52,3,4.347826086956525,1024,float,sum,0.02,0.02,0,0
all_reduce_perf,2,16,32768,RING,SIMPLE,8,RING,SIMPLE,0,0.22,274.42,0.22,275.73,3,4.545454545454549,1024,float,sum,0.02,0.02,0,0
all_reduce_perf,2,16,32768,RING,SIMPLE,16,RING,SIMPLE,0,0.22,273.69,0.22,274.45,3,4.545454545454549,1024,float,sum,0.02,0.02,0,0
all_reduce_perf,2,16,32768,RING,SIMPLE,24,RING,SIMPLE,0,0.23,272.61,0.22,273.41,3,0.0,1024,float,sum,0.02,0.02,0,0
all_reduce_perf,2,16,32768,RING,SIMPLE,32,RING,SIMPLE,0,0.23,272.12,0.22,273.73,3,4.347826086956525,1024,float,sum,0.02,0.02,0,0
all_reduce_perf,2,16,32768,RING,SIMPLE,40,RING,SIMPLE,0,0.23,272.73,0.22,273.85,3,4.347826086956525,1024,float,sum,0.02,0.02,0,0
all_reduce_perf,2,16,32768,RING,SIMPLE,48,RING,SIMPLE,0,0.23,271.95,0.22,273.31,3,0.0,1024,float,sum,0.02,0.02,0,0
all_reduce_perf,2,16,32768,TREE,LL,1,TREE,LL,0,0.75,82.41,0.74,82.58,3,5.3333333333333375,1024,float,sum,0.02,0.02,0,0
all_reduce_perf,2,16,32768,TREE,LL,2,TREE,LL,0,0.88,69.46,0.87,70.77,3,1.1363636363636374,1024,float,sum,0.02,0.02,0,0
all_reduce_perf,2,16,32768,TREE,LL,4,TREE,LL,0,1.15,53.44,1.13,54.3,3,1.7391304347826104,1024,float,sum,0.02,0.02,0,0
all_reduce_perf,2,16,32768,TREE,LL,8,TREE,LL,0,1.39,44.35,1.38,44.68,3,2.158273381294966,1024,float,sum,0.02,0.02,0,0
all_reduce_perf,2,16,32768,TREE,LL,16,TREE,LL,0,1.37,44.82,1.4,43.89,3,9.489051094890502,1024,float,sum,0.02,0.02,0,0
all_reduce_perf,2,16,32768,TREE,LL,16,,,0,1.51,40.78,1.42,43.21,3,1.3245033112582794,1024,float,sum,0.02,0.02,0,0
all_reduce_perf,2,16,32768,TREE,LL,24,TREE,LL,0,1.5,41.07,1.43,42.95,3,0.0,1024,float,sum,0.02,0.02,0,0
all_reduce_perf,2,16,32768,TREE,LL,32,TREE,LL,0,1.5,40.97,1.48,41.61,3,1.3333333333333344,1024,float,sum,0.02,0.02,0,0
all_reduce_perf,2,16,32768,TREE,LL,40,TREE,LL,0,1.51,40.78,1.45,42.36,3,1.3245033112582794,1024,float,sum,0.02,0.02,0,0
all_reduce_perf,2,16,32768,TREE,LL,48,TREE,LL,0,1.49,41.16,1.34,45.79,3,2.684563758389264,1024,float,sum,0.02,0.02,0,0
all_reduce_perf,2,16,32768,TREE,LL128,1,TREE,LL128,0,1.08,56.99,1.03,59.42,3,0.9259259259259267,1024,float,sum,0.02,0.02,0,0
all_reduce_perf,2,16,32768,TREE,LL128,2,TREE,LL128,0,1.18,52.12,1.14,54.13,3,0.0,1024,float,sum,0.02,0.02,0,0
all_reduce_perf,2,16,32768,TREE,LL128,4,TREE,LL128,0,1.26,48.78,1.23,49.83,3,0.0,1024,float,sum,0.02,0.02,0,0
all_reduce_perf,2,16,32768,TREE,LL128,8,TREE,LL128,0,1.25,49.14,1.18,51.96,3,0.8000000000000007,1024,float,sum,0.02,0.02,0,0
all_reduce_perf,2,16,32768,TREE,LL128,16,TREE,LL128,0,1.25,48.96,1.23,50.06,3,0.8000000000000007,1024,float,sum,0.02,0.02,0,0
all_reduce_perf,2,16,32768,TREE,LL128,24,TREE,LL128,0,1.26,48.8,1.24,49.52,3,0.0,1024,float,sum,0.02,0.02,0,0
all_reduce_perf,2,16,32768,TREE,LL128,32,TREE,LL128,0,1.25,49.09,1.23,49.75,3,1.6000000000000014,1024,float,sum,0.02,0.02,0,0
all_reduce_perf,2,16,32768,TREE,LL128,40,TREE,LL128,0,1.26,48.91,1.2,51.08,3,1.5873015873015885,1024,float,sum,0.02,0.02,0,0
all_reduce_perf,2,16,32768,TREE,LL128,48,TREE,LL128,0,1.26,48.94,1.2,51.19,3,0.7936507936507943,1024,float,sum,0.02,0.02,0,0
all_reduce_perf,2,16,32768,TREE,SIMPLE,1,TREE,SIMPLE,0,0.66,92.74,0.64,96.75,3,1.5151515151515165,1024,float,sum,0.02,0.02,0,0
all_reduce_perf,2,16,32768,TREE,SIMPLE,2,TREE,SIMPLE,0,0.81,75.93,0.76,80.39,3,0.0,1024,float,sum,0.02,0.02,0,0
all_reduce_perf,2,16,32768,TREE,SIMPLE,4,TREE,SIMPLE,0,0.86,71.43,0.81,75.66,3,0.0,1024,float,sum,0.02,0.02,0,0
all_reduce_perf,2,16,32768,TREE,SIMPLE,8,TREE,SIMPLE,0,0.86,71.27,0.81,76.01,3,1.1627906976744196,1024,float,sum,0.02,0.02,0,0
all_reduce_perf,2,16,32768,TREE,SIMPLE,16,TREE,SIMPLE,0,0.85,71.91,0.84,73.23,3,3.529411764705886,1024,float,sum,0.02,0.02,0,0
all_reduce_perf,2,16,32768,TREE,SIMPLE,24,TREE,SIMPLE,0,0.86,71.09,0.83,74.04,3,2.325581395348839,1024,float,sum,0.02,0.02,0,0
all_reduce_perf,2,16,32768,TREE,SIMPLE,32,TREE,SIMPLE,0,0.87,70.96,0.83,74.36,3,1.1494252873563229,1024,float,sum,0.02,0.02,0,0
all_reduce_perf,2,16,32768,TREE,SIMPLE,40,TREE,SIMPLE,0,0.86,71.55,0.83,74.04,3,1.1627906976744196,1024,float,sum,0.02,0.02,0,0
all_reduce_perf,2,16,32768,TREE,SIMPLE,48,TREE,SIMPLE,0,0.86,71.84,0.8,77.09,3,0.0,1024,float,sum,0.02,0.02,0,0
all_reduce_perf,2,16,65536,RING,LL,1,RING,LL,0,1.41,87.42,1.34,91.99,3,0.7092198581560291,1024,float,sum,0.02,0.02,0,0
all_reduce_perf,2,16,65536,RING,LL,2,RING,LL,0,1.63,75.48,1.55,79.13,3,1.2269938650306624,1024,float,sum,0.02,0.02,0,0
all_reduce_perf,2,16,65536,RING,LL,4,RING,LL,0,1.62,75.68,1.59,77.42,3,1.8518518518518396,1024,float,sum,0.02,0.02,0,0
all_reduce_perf,2,16,65536,RING,LL,8,RING,LL,0,1.54,79.64,1.46,84.12,3,0.6493506493506499,1024,float,sum,0.02,0.02,0,0
all_reduce_perf,2,16,65536,RING,LL,16,RING,LL,0,1.21,101.88,1.19,103.05,3,2.4793388429752086,1024,float,sum,0.02,0.02,0,0
all_reduce_perf,2,16,65536,RING,LL,24,RING,LL,0,1.21,101.56,1.18,104.46,3,3.305785123966945,1024,float,sum,0.02,0.02,0,0
all_reduce_perf,2,16,65536,RING,LL,32,RING,LL,0,0.76,162.44,0.76,161.36,3,3.947368421052635,1024,float,sum,0.02,0.02,0,0
all_reduce_perf,2,16,65536,RING,LL,40,RING,LL,0,0.76,161.05,0.75,164.32,3,2.6315789473684235,1024,float,sum,0.02,0.02,0,0
all_reduce_perf,2,16,65536,RING,LL,48,RING,LL,0,0.76,161.64,0.75,164.01,3,2.6315789473684235,1024,float,sum,0.02,0.02,0,0
all_reduce_perf,2,16,65536,RING,LL128,1,RING,LL128,0,1.33,92.23,1.28,96.15,3,1.5037593984962419,1024,float,sum,0.02,0.02,0,0
all_reduce_perf,2,16,65536,RING,LL128,2,RING,LL128,0,1.35,90.74,1.3,94.48,3,0.7407407407407414,1024,float,sum,0.02,0.02,0,0
all_reduce_perf,2,16,65536,RING,LL128,4,RING,LL128,0,1.32,93.4,1.27,96.83,3,0.7575757575757582,1024,float,sum,0.02,0.02,0,0
all_reduce_perf,2,16,65536,RING,LL128,8,RING,LL128,0,1.25,97.99,1.2,102.53,3,1.6000000000000014,1024,float,sum,0.02,0.02,0,0
all_reduce_perf,2,16,65536,RING,LL128,16,RING,LL128,0,1.24,99.43,1.2,102.37,3,3.2258064516129057,1024,float,sum,0.02,0.02,0,0
all_reduce_perf,2,16,65536,RING,LL128,24,RING,LL128,0,1.25,98.41,1.2,102.44,3,0.8000000000000007,1024,float,sum,0.02,0.02,0,0
all_reduce_perf,2,16,65536,RING,LL128,32,RING,LL128,0,1.25,98.39,1.2,102.26,3,2.400000000000002,1024,float,sum,0.02,0.02,0,0
all_reduce_perf,2,16,65536,RING,LL128,40,RING,LL128,0,1.24,98.79,1.21,101.71,3,0.8064516129032264,1024,float,sum,0.02,0.02,0,0
all_reduce_perf,2,16,65536,RING,LL128,48,RING,LL128,0,1.25,98.52,1.2,102.0,3,2.400000000000002,1024,float,sum,0.02,0.02,0,0
all_reduce_perf,2,16,65536,RING,SIMPLE,1,RING,SIMPLE,0,0.44,277.15,0.44,277.99,3,2.2727272727272747,1024,float,sum,0.02,0.02,0,0
all_reduce_perf,2,16,65536,RING,SIMPLE,2,RING,SIMPLE,0,0.44,278.66,0.44,278.17,3,0.0,1024,float,sum,0.02,0.02,0,0
all_reduce_perf,2,16,65536,RING,SIMPLE,4,RING,SIMPLE,0,0.45,274.66,0.45,275.76,3,2.222222222222224,1024,float,sum,0.02,0.02,0,0
all_reduce_perf,2,16,65536,RING,SIMPLE,8,RING,SIMPLE,0,0.42,290.26,0.42,291.52,3,0.0,1024,float,sum,0.02,0.02,0,0
all_reduce_perf,2,16,65536,RING,SIMPLE,16,RING,SIMPLE,0,0.42,289.68,0.42,291.78,3,2.380952380952383,1024,float,sum,0.02,0.02,0,0
all_reduce_perf,2,16,65536,RING,SIMPLE,24,RING,SIMPLE,0,0.42,290.47,0.42,291.17,3,35.71428571428571,1024,float,sum,0.02,0.02,0,0
all_reduce_perf,2,16,65536,RING,SIMPLE,32,RING,SIMPLE,0,0.42,290.14,0.42,291.19,3,0.0,1024,float,sum,0.02,0.02,0,0
all_reduce_perf,2,16,65536,RING,SIMPLE,40,RING,SIMPLE,0,0.42,291.26,0.42,292.09,3,2.380952380952383,1024,float,sum,0.02,0.02,0,0
all_reduce_perf,2,16,65536,RING,SIMPLE,48,RING,SIMPLE,0,0.42,289.72,0.42,291.18,3,0.0,1024,float,sum,0.02,0.02,0,0
all_reduce_perf,2,16,65536,TREE,LL,1,TREE,LL,0,1.13,108.46,1.11,110.68,3,0.8849557522123902,1024,float,sum,0.02,0.02,0,0
all_reduce_perf,2,16,65536,TREE,LL,2,TREE,LL,0,1.5,82.11,1.49,82.57,3,40.666666666666664,1024,float,sum,0.02,0.02,0,0
all_reduce_perf,2,16,65536,TREE,LL,4,TREE,LL,0,1.73,71.08,1.68,73.18,3,1.1560693641618507,1024,float,sum,0.02,0.02,0,0
all_reduce_perf,2,16,65536,TREE,LL,8,TREE,LL,0,2.27,54.03,2.2,55.89,3,0.4405286343612241,1024,float,sum,0.02,0.02,0,0
all_reduce_perf,2,16,65536,TREE,LL,16,TREE,LL,0,2.64,46.58,2.63,46.77,3,1.5151515151515165,1024,float,sum,0.02,0.02,0,0
all_reduce_perf,2,16,65536,TREE,LL,24,TREE,LL,0,2.66,46.22,2.54,48.46,3,1.1278195488721898,1024,float,sum,0.02,0.02,0,0
all_reduce_perf,2,16,65536,TREE,LL,32,TREE,LL,0,2.8,43.93,2.73,45.09,3,2.142857142857145,1024,float,sum,0.02,0.02,0,0
all_reduce_perf,2,16,65536,TREE,LL,32,,,0,2.8,43.86,2.77,44.31,3,4.28571428571429,1024,float,sum,0.02,0.02,0,0
all_reduce_perf,2,16,65536,TREE,LL,40,TREE,LL,0,2.81,43.66,2.68,45.91,3,3.5587188612099676,1024,float,sum,0.02,0.02,0,0
all_reduce_perf,2,16,65536,TREE,LL,48,TREE,LL,0,2.83,43.41,2.66,46.15,3,0.3533568904593564,1024,float,sum,0.02,0.02,0,0
all_reduce_perf,2,16,65536,TREE,LL128,1,TREE,LL128,0,1.93,63.65,1.88,65.49,3,0.5181347150259072,1024,float,sum,0.02,0.02,0,0
all_reduce_perf,2,16,65536,TREE,LL128,2,TREE,LL128,0,2.14,57.55,2.07,59.5,3,1.4018691588784955,1024,float,sum,0.02,0.02,0,0
all_reduce_perf,2,16,65536,TREE,LL128,4,TREE,LL128,0,2.32,52.99,2.22,55.32,3,0.8620689655172422,1024,float,sum,0.02,0.02,0,0
all_reduce_perf,2,16,65536,TREE,LL128,8,TREE,LL128,0,2.51,49.03,2.47,49.82,3,0.7968127490039673,1024,float,sum,0.02,0.02,0,0
all_reduce_perf,2,16,65536,TREE,LL128,16,TREE,LL128,0,2.51,49.01,2.46,50.03,3,0.7968127490039849,1024,float,sum,0.02,0.02,0,0
all_reduce_perf,2,16,65536,TREE,LL128,24,TREE,LL128,0,2.52,48.7,2.38,51.7,3,1.1904761904761827,1024,float,sum,0.02,0.02,0,0
all_reduce_perf,2,16,65536,TREE,LL128,32,TREE,LL128,0,2.49,49.44,2.36,52.07,3,0.8032128514056232,1024,float,sum,0.02,0.02,0,0
all_reduce_perf,2,16,65536,TREE,LL128,40,TREE,LL128,0,2.49,49.36,2.46,50.03,3,1.2048192771084258,1024,float,sum,0.02,0.02,0,0
all_reduce_perf,2,16,65536,TREE,LL128,48,TREE,LL128,0,2.5,49.09,2.36,52.01,3,1.9999999999999927,1024,float,sum,0.02,0.02,0,0
all_reduce_perf,2,16,65536,TREE,SIMPLE,1,TREE,SIMPLE,0,1.19,102.84,1.18,103.98,3,0.8403361344537823,1024,float,sum,0.02,0.02,0,0
all_reduce_perf,2,16,65536,TREE,SIMPLE,2,TREE,SIMPLE,0,1.32,93.41,1.25,98.22,3,0.7575757575757582,1024,float,sum,0.02,0.02,0,0
all_reduce_perf,2,16,65536,TREE,SIMPLE,4,TREE,SIMPLE,0,1.6,76.66,1.55,79.18,3,0.6250000000000006,1024,float,sum,0.02,0.02,0,0
all_reduce_perf,2,16,65536,TREE,SIMPLE,8,TREE,SIMPLE,0,1.7,72.11,1.66,73.94,3,0.5882352941176475,1024,float,sum,0.02,0.02,0,0
all_reduce_perf,2,16,65536,TREE,SIMPLE,16,TREE,SIMPLE,0,1.7,72.4,1.6,76.75,3,1.176470588235295,1024,float,sum,0.02,0.02,0,0
all_reduce_perf,2,16,65536,TREE,SIMPLE,24,TREE,SIMPLE,0,1.7,72.22,1.66,74.15,3,1.764705882352943,1024,float,sum,0.02,0.02,0,0
all_reduce_perf,2,16,65536,TREE,SIMPLE,32,TREE,SIMPLE,0,1.71,72.02,1.6,76.89,3,1.1695906432748548,1024,float,sum,0.02,0.02,0,0
all_reduce_perf,2,16,65536,TREE,SIMPLE,40,TREE,SIMPLE,0,1.7,72.26,1.61,76.35,3,0.5882352941176475,1024,float,sum,0.02,0.02,0,0
all_reduce_perf,2,16,65536,TREE,SIMPLE,48,TREE,SIMPLE,0,1.71,71.85,1.59,77.08,3,1.7543859649122824,1024,float,sum,0.02,0.02,0,0
all_reduce_perf,2,16,131072,RING,LL,1,RING,LL,0,1.94,126.36,1.85,132.58,3,2.061855670103095,1024,float,sum,0.02,0.02,0,0
all_reduce_perf,2,16,131072,RING,LL,2,RING,LL,0,2.79,88.2,2.66,92.3,3,1.4336917562724028,1024,float,sum,0.02,0.02,0,0
all_reduce_perf,2,16,131072,RING,LL,4,RING,LL,0,3.17,77.48,3.17,77.47,3,2.2082018927444746,1024,float,sum,0.02,0.02,0,0
all_reduce_perf,2,16,131072,RING,LL,8,RING,LL,0,3.03,81.01,3.03,81.23,3,0.9900990099009837,1024,float,sum,0.02,0.02,0,0
all_reduce_perf,2,16,131072,RING,LL,16,RING,LL,0,2.34,105.22,2.26,108.64,3,2.136752136752129,1024,float,sum,0.02,0.02,0,0
all_reduce_perf,2,16,131072,RING,LL,24,RING,LL,0,1.78,137.78,1.74,141.01,3,2.247191011235957,1024,float,sum,0.02,0.02,0,0
all_reduce_perf,2,16,131072,RING,LL,32,RING,LL,0,1.43,171.35,1.39,177.38,3,1.3986013986014,1024,float,sum,0.02,0.02,0,0
all_reduce_perf,2,16,131072,RING,LL,40,RING,LL,0,1.44,170.97,1.42,172.74,3,0.6944444444444451,1024,float,sum,0.02,0.02,0,0
all_reduce_perf,2,16,131072,RING,LL,48,RING,LL,0,1.43,171.4,1.43,172.14,3,2.7972027972028,1024,float,sum,0.02,0.02,0,0
all_reduce_perf,2,16,131072,RING,LL128,1,RING,LL128,0,2.59,94.99,2.48,98.98,3,1.930501930501924,1024,float,sum,0.02,0.02,0,0
all_reduce_perf,2,16,131072,RING,LL128,2,RING,LL128,0,2.63,93.42,2.55,96.37,3,0.3802281368821381,1024,float,sum,0.02,0.02,0,0
all_reduce_perf,2,16,131072,RING,LL128,4,RING,LL128,0,2.62,93.93,2.52,97.63,3,0.3816793893129859,1024,float,sum,0.02,0.02,0,0
all_reduce_perf,2,16,131072,RING,LL128,8,RING,LL128,0,2.51,97.79,2.4,102.43,3,2.7888446215139377,1024,float,sum,0.02,0.02,0,0
all_reduce_perf,2,16,131072,RING,LL128,16,RING,LL128,0,2.31,106.26,2.22,110.71,3,0.8658008658008665,1024,float,sum,0.02,0.02,0,0
all_reduce_perf,2,16,131072,RING,LL128,24,RING,LL128,0,2.34,105.24,2.24,109.73,3,0.4273504273504183,1024,float,sum,0.02,0.02,0,0
all_reduce_perf,2,16,131072,RING,LL128,32,RING,LL128,0,2.23,110.45,2.31,106.35,3,41.25560538116593,1024,float,sum,0.02,0.02,0,0
all_reduce_perf,2,16,131072,RING,LL128,40,RING,LL128,0,2.32,105.9,2.25,109.28,3,0.8620689655172422,1024,float,sum,0.02,0.02,0,0
all_reduce_perf,2,16,131072,RING,LL128,48,RING,LL128,0,2.33,105.65,2.21,111.41,3,0.858369098712447,1024,float,sum,0.02,0.02,0,0
all_reduce_perf,2,16,131072,RING,SIMPLE,1,RING,SIMPLE,0,0.88,280.39,0.87,282.83,3,2.2727272727272747,1024,float,sum,0.02,0.02,0,0
all_reduce_perf,2,16,131072,RING,SIMPLE,2,RING,SIMPLE,0,0.87,282.14,0.87,283.71,3,0.0,1024,float,sum,0.02,0.02,0,0
all_reduce_perf,2,16,131072,RING,SIMPLE,4,RING,SIMPLE,0,0.89,277.36,0.88,279.08,3,1.1235955056179785,1024,float,sum,0.02,0.02,0,0
all_reduce_perf,2,16,131072,RING,SIMPLE,8,RING,SIMPLE,0,0.84,291.73,0.84,292.14,3,0.0,1024,float,sum,0.02,0.02,0,0
all_reduce_perf,2,16,131072,RING,SIMPLE,16,RING,SIMPLE,0,0.77,318.34,0.77,318.41,3,1.2987012987012998,1024,float,sum,0.02,0.02,0,0
all_reduce_perf,2,16,131072,RING,SIMPLE,24,RING,SIMPLE,0,0.78,316.46,0.77,317.68,3,1.2820512820512833,1024,float,sum,0.02,0.02,0,0
all_reduce_perf,2,16,131072,RING,SIMPLE,32,RING,SIMPLE,0,0.77,317.89,0.77,318.72,3,1.2987012987012998,1024,float,sum,0.02,0.02,0,0
all_reduce_perf,2,16,131072,RING,SIMPLE,40,RING,SIMPLE,0,0.77,318.19,0.77,319.31,3,1.2987012987012998,1024,float,sum,0.02,0.02,0,0
all_reduce_perf,2,16,131072,RING,SIMPLE,48,RING,SIMPLE,0,0.78,316.55,0.77,318.41,3,1.2820512820512833,1024,float,sum,0.02,0.02,0,0
all_reduce_perf,2,16,131072,TREE,LL,1,TREE,LL,0,1.52,162.03,1.49,165.22,3,1.9736842105263175,1024,float,sum,0.02,0.02,0,0
all_reduce_perf,2,16,131072,TREE,LL,2,TREE,LL,0,2.26,108.52,2.21,111.09,3,0.8849557522123902,1024,float,sum,0.02,0.02,0,0
all_reduce_perf,2,16,131072,TREE,LL,4,TREE,LL,0,2.89,84.93,2.8,87.64,3,0.6920415224913501,1024,float,sum,0.02,0.02,0,0
all_reduce_perf,2,16,131072,TREE,LL,8,TREE,LL,0,3.4,72.18,3.33,73.7,3,1.176470588235295,1024,float,sum,0.02,0.02,0,0
all_reduce_perf,2,16,131072,TREE,LL,16,TREE,LL,0,4.3,57.13,4.13,59.47,3,0.6976744186046363,1024,float,sum,0.02,0.02,0,0
all_reduce_perf,2,16,131072,TREE,LL,24,TREE,LL,0,4.6,53.44,4.4,55.87,3,2.391304347826094,1024,float,sum,0.02,0.02,0,0
all_reduce_perf,2,16,131072,TREE,LL,32,TREE,LL,0,4.9,50.17,4.74,51.84,3,0.8163265306122455,1024,float,sum,0.02,0.02,0,0
all_reduce_perf,2,16,131072,TREE,LL,40,TREE,LL,0,4.96,49.53,4.82,50.97,3,1.0080645161290287,1024,float,sum,0.02,0.02,0,0
all_reduce_perf,2,16,131072,TREE,LL,48,TREE,LL,0,4.93,49.82,4.7,52.33,3,0.20283975659228778,1024,float,sum,0.02,0.02,0,0
all_reduce_perf,2,16,131072,TREE,LL,48,,,0,4.88,50.39,4.79,51.31,3,2.254098360655726,1024,float,sum,0.02,0.02,0,0
all_reduce_perf,2,16,131072,TREE,LL128,1,TREE,LL128,0,3.15,78.08,3.09,79.44,3,0.31746031746031067,1024,float,sum,0.02,0.02,0,0
all_reduce_perf,2,16,131072,TREE,LL128,2,TREE,LL128,0,3.83,64.1,3.81,64.55,3,1.044386422976502,1024,float,sum,0.02,0.02,0,0
all_reduce_perf,2,16,131072,TREE,LL128,4,TREE,LL128,0,4.11,59.81,4.01,61.36,3,0.7299270072992761,1024,float,sum,0.02,0.02,0,0
all_reduce_perf,2,16,131072,TREE,LL128,8,TREE,LL128,0,4.56,53.9,4.41,55.78,3,1.5350877192982326,1024,float,sum,0.02,0.02,0,0
all_reduce_perf,2,16,131072,TREE,LL128,16,TREE,LL128,0,4.79,51.34,4.6,53.45,3,0.6263048016701328,1024,float,sum,0.02,0.02,0,0
all_reduce_perf,2,16,131072,TREE,LL128,24,TREE,LL128,0,4.83,50.9,4.49,54.68,3,0.41407867494823136,1024,float,sum,0.02,0.02,0,0
all_reduce_perf,2,16,131072,TREE,LL128,32,TREE,LL128,0,4.8,51.15,4.62,53.23,3,0.4166666666666578,1024,float,sum,0.02,0.02,0,0
all_reduce_perf,2,16,131072,TREE,LL128,40,TREE,LL128,0,4.8,51.18,4.57,53.83,3,0.0,1024,float,sum,0.02,0.02,0,0
all_reduce_perf,2,16,131072,TREE,LL128,48,TREE,LL128,0,4.8,51.2,4.68,52.55,3,0.4166666666666578,1024,float,sum,0.02,0.02,0,0
all_reduce_perf,2,16,131072,TREE,SIMPLE,1,TREE,SIMPLE,0,1.98,124.31,1.94,126.69,3,0.5050505050505055,1024,float,sum,0.02,0.02,0,0
all_reduce_perf,2,16,131072,TREE,SIMPLE,2,TREE,SIMPLE,0,2.36,104.26,2.26,108.56,3,0.8474576271186449,1024,float,sum,0.02,0.02,0,0
all_reduce_perf,2,16,131072,TREE,SIMPLE,4,TREE,SIMPLE,0,2.58,95.16,2.52,97.53,3,0.7751937984496131,1024,float,sum,0.02,0.02,0,0
all_reduce_perf,2,16,131072,TREE,SIMPLE,8,TREE,SIMPLE,0,3.17,77.41,3.01,81.57,3,0.6309148264984233,1024,float,sum,0.02,0.02,0,0
all_reduce_perf,2,16,131072,TREE,SIMPLE,16,TREE,SIMPLE,0,3.32,74.02,3.17,77.61,3,50.90361445783134,1024,float,sum,0.02,0.02,0,0
all_reduce_perf,2,16,131072,TREE,SIMPLE,24,TREE,SIMPLE,0,3.34,73.62,3.21,76.62,3,0.8982035928143655,1024,float,sum,0.02,0.02,0,0
all_reduce_perf,2,16,131072,TREE,SIMPLE,32,TREE,SIMPLE,0,3.36,73.2,3.27,75.07,3,1.4880952380952328,1024,float,sum,0.02,0.02,0,0
all_reduce_perf,2,16,131072,TREE,SIMPLE,40,TREE,SIMPLE,0,3.33,73.9,3.21,76.56,3,0.900900900900895,1024,float,sum,0.02,0.02,0,0
all_reduce_perf,2,16,131072,TREE,SIMPLE,48,TREE,SIMPLE,0,3.28,74.83,3.18,77.25,3,0.914634146341471,1024,float,sum,0.02,0.02,0,0
all_reduce_perf,2,16,262144,RING,LL,1,RING,LL,0,2.37,207.79,2.3,213.96,3,0.8438818565400852,1024,float,sum,0.02,0.02,0,0
all_reduce_perf,2,16,262144,RING,LL,2,RING,LL,0,3.86,127.35,3.69,133.33,3,1.2953367875647623,1024,float,sum,0.02,0.02,0,0
all_reduce_perf,2,16,262144,RING,LL,4,RING,LL,0,5.48,89.64,5.23,94.05,3,0.9124087591240843,1024,float,sum,0.02,0.02,0,0
all_reduce_perf,2,16,262144,RING,LL,8,RING,LL,0,5.96,82.48,5.88,83.66,3,1.0067114093959817,1024,float,sum,0.02,0.02,0,0
all_reduce_perf,2,16,262144,RING,LL,16,RING,LL,0,4.52,108.7,4.36,112.74,3,1.5486725663716683,1024,float,sum,0.02,0.02,0,0
all_reduce_perf,2,16,262144,RING,LL,24,RING,LL,0,3.47,141.6,3.4,144.51,3,4.899135446685889,1024,float,sum,0.02,0.02,0,0
all_reduce_perf,2,16,262144,RING,LL,32,RING,LL,0,2.75,179.01,2.72,180.65,3,1.4545454545454557,1024,float,sum,0.02,0.02,0,0
all_reduce_perf,2,16,262144,RING,LL,40,RING,LL,0,2.77,177.44,2.73,180.05,3,3.2490974729241984,1024,float,sum,0.02,0.02,0,0
all_reduce_perf,2,16,262144,RING,LL,48,RING,LL,0,2.13,230.94,2.05,239.46,3,2.8169014084507067,1024,float,sum,0.02,0.02,0,0
all_reduce_perf,2,16,262144,RING,LL128,1,RING,LL128,0,4.83,101.74,4.79,102.53,3,0.621118012422347,1024,float,sum,0.02,0.02,0,0
all_reduce_perf,2,16,262144,RING,LL128,2,RING,LL128,0,5.19,94.74,4.96,99.02,3,0.9633911368015379,1024,float,sum,0.02,0.02,0,0
all_reduce_perf,2,16,262144,RING,LL128,4,RING,LL128,0,5.12,95.96,4.91,100.2,3,1.5625000000000013,1024,float,sum,0.02,0.02,0,0
all_reduce_perf,2,16,262144,RING,LL128,8,RING,LL128,0,4.95,99.26,4.8,102.49,3,1.0101010101010244,1024,float,sum,0.02,0.02,0,0
all_reduce_perf,2,16,262144,RING,LL128,16,RING,LL128,0,4.61,106.53,4.52,108.85,3,41.431670281995665,1024,float,sum,0.02,0.02,0,0
all_reduce_perf,2,16,262144,RING,LL128,24,RING,LL128,0,4.66,105.37,4.53,108.62,3,1.5021459227467682,1024,float,sum,0.02,0.02,0,0
all_reduce_perf,2,16,262144,RING,LL128,32,RING,LL128,0,3.0,163.79,2.98,164.77,3,2.6666666666666687,1024,float,sum,0.02,0.02,0,0
all_reduce_perf,2,16,262144,RING,LL128,40,RING,LL128,0,3.01,163.22,2.85,172.23,3,0.9966777408637809,1024,float,sum,0.02,0.02,0,0
all_reduce_perf,2,16,262144,RING,LL128,48,RING,LL128,0,2.96,165.92,2.83,173.53,3,2.3648648648648596,1024,float,sum,0.02,0.02,0,0
all_reduce_perf,2,16,262144,RING,SIMPLE,1,RING,SIMPLE,0,1.7,289.61,1.69,290.56,3,0.5882352941176475,1024,float,sum,0.02,0.02,0,0
all_reduce_perf,2,16,262144,RING,SIMPLE,2,RING,SIMPLE,0,1.73,284.43,1.72,285.12,3,1.1560693641618507,1024,float,sum,0.02,0.02,0,0
all_reduce_perf,2,16,262144,RING,SIMPLE,4,RING,SIMPLE,0,1.74,283.06,1.73,283.86,3,0.0,1024,float,sum,0.02,0.02,0,0
all_reduce_perf,2,16,262144,RING,SIMPLE,8,RING,SIMPLE,0,1.69,291.69,1.68,293.33,3,0.5917159763313614,1024,float,sum,0.02,0.02,0,0
all_reduce_perf,2,16,262144,RING,SIMPLE,16,RING,SIMPLE,0,1.54,318.26,1.54,318.2,3,0.6493506493506499,1024,float,sum,0.02,0.02,0,0
all_reduce_perf,2,16,262144,RING,SIMPLE,24,RING,SIMPLE,0,1.54,318.79,1.54,318.95,3,1.9480519480519498,1024,float,sum,0.02,0.02,0,0
all_reduce_perf,2,16,262144,RING,SIMPLE,32,RING,SIMPLE,0,1.2,409.82,1.17,419.56,3,0.0,1024,float,sum,0.02,0.02,0,0
all_reduce_perf,2,16,262144,RING,SIMPLE,40,RING,SIMPLE,0,1.2,408.6,1.19,414.09,3,0.8333333333333341,1024,float,sum,0.02,0.02,0,0
all_reduce_perf,2,16,262144,RING,SIMPLE,48,RING,SIMPLE,0,1.19,411.97,1.18,415.76,3,1.6806722689075646,1024,float,sum,0.02,0.02,0,0
all_reduce_perf,2,16,262144,TREE,LL,1,TREE,LL,0,1.82,269.42,1.79,274.35,3,1.0989010989010999,1024,float,sum,0.02,0.02,0,0
all_reduce_perf,2,16,262144,TREE,LL,2,TREE,LL,0,3.02,162.61,3.03,162.05,3,0.33112582781456246,1024,float,sum,0.02,0.02,0,0
all_reduce_perf,2,16,262144,TREE,LL,4,TREE,LL,0,4.43,111.05,4.3,114.36,3,0.4514672686230152,1024,float,sum,0.02,0.02,0,0
all_reduce_perf,2,16,262144,TREE,LL,8,TREE,LL,0,5.77,85.15,5.59,87.89,3,1.386481802426329,1024,float,sum,0.02,0.02,0,0
all_reduce_perf,2,16,262144,TREE,LL,16,TREE,LL,0,6.55,75.06,6.33,77.64,3,0.7633587786259515,1024,float,sum,0.02,0.02,0,0
all_reduce_perf,2,16,262144,TREE,LL,24,TREE,LL,0,7.21,68.19,6.97,70.57,3,1.386962552011103,1024,float,sum,0.02,0.02,0,0
all_reduce_perf,2,16,262144,TREE,LL,32,TREE,LL,0,8.05,61.09,8.0,61.42,3,1.3664596273291854,1024,float,sum,0.02,0.02,0,0
all_reduce_perf,2,16,262144,TREE,LL,40,TREE,LL,0,8.05,61.03,7.8,62.98,3,2.111801242236024,1024,float,sum,0.02,0.02,0,0
all_reduce_perf,2,16,262144,TREE,LL,48,TREE,LL,0,8.56,57.43,8.43,58.33,3,0.23364485981307911,1024,float,sum,0.02,0.02,0,0
all_reduce_perf,2,16,262144,TREE,LL,48,,,0,8.48,57.95,8.3,59.21,3,1.6509433962264217,1024,float,sum,0.02,0.02,0,0
all_reduce_perf,2,16,262144,TREE,LL128,1,TREE,LL128,0,4.6,106.82,4.54,108.32,3,0.6521739130434837,1024,float,sum,0.02,0.02,0,0
all_reduce_perf,2,16,262144,TREE,LL128,2,TREE,LL128,0,6.28,78.23,6.17,79.62,3,0.4777070063694307,1024,float,sum,0.02,0.02,0,0
all_reduce_perf,2,16,262144,TREE,LL128,4,TREE,LL128,0,7.39,66.52,7.36,66.76,3,0.4059539918809235,1024,float,sum,0.02,0.02,0,0
all_reduce_perf,2,16,262144,TREE,LL128,8,TREE,LL128,0,8.24,59.68,7.87,62.44,3,1.3349514563106943,1024,float,sum,0.02,0.02,0,0
all_reduce_perf,2,16,262144,TREE,LL128,16,TREE,LL128,0,8.88,55.35,8.78,56.0,3,0.45045045045046084,1024,float,sum,0.02,0.02,0,0
all_reduce_perf,2,16,262144,TREE,LL128,24,TREE,LL128,0,8.85,55.53,8.84,55.61,3,0.5649717514124173,1024,float,sum,0.02,0.02,0,0
all_reduce_perf,2,16,262144,TREE,LL128,32,TREE,LL128,0,9.15,53.75,9.2,53.43,3,2.0765027322404315,1024,float,sum,0.02,0.02,0,0
all_reduce_perf,2,16,262144,TREE,LL128,40,TREE,LL128,0,9.13,53.85,8.72,56.39,3,5.366922234392116,1024,float,sum,0.02,0.02,0,0
all_reduce_perf,2,16,262144,TREE,LL128,48,TREE,LL128,0,9.18,53.56,8.77,56.06,3,11.873638344226578,1024,float,sum,0.02,0.02,0,0
all_reduce_perf,2,16,262144,TREE,SIMPLE,1,TREE,SIMPLE,0,3.08,159.49,2.85,172.43,3,0.32467532467531773,1024,float,sum,0.02,0.02,0,0
all_reduce_perf,2,16,262144,TREE,SIMPLE,2,TREE,SIMPLE,0,3.95,124.53,3.75,131.0,3,0.7594936708860822,1024,float,sum,0.02,0.02,0,0
all_reduce_perf,2,16,262144,TREE,SIMPLE,4,TREE,SIMPLE,0,4.68,104.95,4.55,107.93,3,5.982905982905988,1024,float,sum,0.02,0.02,0,0
all_reduce_perf,2,16,262144,TREE,SIMPLE,8,TREE,SIMPLE,0,5.16,95.3,4.91,100.04,3,0.3875968992248151,1024,float,sum,0.02,0.02,0,0
all_reduce_perf,2,16,262144,TREE,SIMPLE,16,TREE,SIMPLE,0,6.11,80.39,5.82,84.47,3,2.45499181669395,1024,float,sum,0.02,0.02,0,0
all_reduce_perf,2,16,262144,TREE,SIMPLE,24,TREE,SIMPLE,0,6.15,79.91,5.83,84.35,3,0.9756097560975545,1024,float,sum,0.02,0.02,0,0
all_reduce_perf,2,16,262144,TREE,SIMPLE,32,TREE,SIMPLE,0,6.4,76.79,6.1,80.64,3,1.0937500000000044,1024,float,sum,0.02,0.02,0,0
all_reduce_perf,2,16,262144,TREE,SIMPLE,40,TREE,SIMPLE,0,6.39,76.9,5.96,82.48,3,0.15649452269171635,1024,float,sum,0.02,0.02,0,0
all_reduce_perf,2,16,262144,TREE,SIMPLE,48,TREE,SIMPLE,0,6.37,77.17,6.29,78.1,3,1.7268445839874462,1024,float,sum,0.02,0.02,0,0
all_reduce_perf,2,16,524288,RING,LL,1,RING,LL,0,2.41,407.87,2.39,412.06,3,0.8298755186721999,1024,float,sum,0.02,0.02,0,0
all_reduce_perf,2,16,524288,RING,LL,2,RING,LL,0,4.74,207.32,4.61,213.47,3,0.8438818565400663,1024,float,sum,0.02,0.02,0,0
all_reduce_perf,2,16,524288,RING,LL,4,RING,LL,0,7.7,127.6,7.35,133.8,3,2.207792207792207,1024,float,sum,0.02,0.02,0,0
all_reduce_perf,2,16,524288,RING,LL,8,RING,LL,0,10.27,95.75,9.83,99.96,3,1.4605647517039957,1024,float,sum,0.02,0.02,0,0
all_reduce_perf,2,16,524288,RING,LL,16,RING,LL,0,8.54,115.07,8.16,120.51,3,1.9906323185011705,1024,float,sum,0.02,0.02,0,0
all_reduce_perf,2,16,524288,RING,LL,24,RING,LL,0,6.36,154.55,6.15,159.89,3,2.3584905660377276,1024,float,sum,0.02,0.02,0,0
all_reduce_perf,2,16,524288,RING,LL,32,RING,LL,0,5.3,185.31,5.12,191.87,3,1.1320754716981059,1024,float,sum,0.02,0.02,0,0
all_reduce_perf,2,16,524288,RING,LL,40,RING,LL,0,4.84,203.0,4.69,209.69,3,1.2396694214876136,1024,float,sum,0.02,0.02,0,0
all_reduce_perf,2,16,524288,RING,LL,48,RING,LL,0,4.14,237.21,4.05,242.85,3,2.1739130434782576,1024,float,sum,0.02,0.02,0,0
all_reduce_perf,2,16,524288,RING,LL128,1,RING,LL128,0,7.7,127.59,7.13,137.93,3,37.4025974025974,1024,float,sum,0.02,0.02,0,0
all_reduce_perf,2,16,524288,RING,LL128,2,RING,LL128,0,9.71,101.25,9.19,106.98,3,1.2358393408856951,1024,float,sum,0.02,0.02,0,0
all_reduce_perf,2,16,524288,RING,LL128,4,RING,LL128,0,10.01,98.17,9.52,103.25,3,0.6993006993007022,1024,float,sum,0.02,0.02,0,0
all_reduce_perf,2,16,524288,RING,LL128,8,RING,LL128,0,9.69,101.43,9.56,102.85,3,1.3415892672858698,1024,float,sum,0.02,0.02,0,0
all_reduce_perf,2,16,524288,RING,LL128,16,RING,LL128,0,9.28,105.9,9.03,108.83,3,42.133620689655174,1024,float,sum,0.02,0.02,0,0
all_reduce_perf,2,16,524288,RING,LL128,24,RING,LL128,0,7.28,135.0,7.23,135.96,3,2.3351648351648464,1024,float,sum,0.02,0.02,0,0
all_reduce_perf,2,16,524288,RING,LL128,32,RING,LL128,0,6.03,163.0,5.96,164.99,3,3.1509121061359786,1024,float,sum,0.02,0.02,0,0
all_reduce_perf,2,16,524288,RING,LL128,40,RING,LL128,0,5.94,165.47,5.77,170.29,3,7.239057239057249,1024,float,sum,0.02,0.02,0,0
all_reduce_perf,2,16,524288,RING,LL128,48,RING,LL128,0,5.94,165.49,5.67,173.24,3,0.673400673400674,1024,float,sum,0.02,0.02,0,0
all_reduce_perf,2,16,524288,RING,SIMPLE,1,RING,SIMPLE,0,3.19,308.17,3.18,309.22,3,0.940438871473348,1024,float,sum,0.02,0.02,0,0
all_reduce_perf,2,16,524288,RING,SIMPLE,2,RING,SIMPLE,0,3.41,288.65,3.37,291.43,3,0.8797653958944354,1024,float,sum,0.02,0.02,0,0
all_reduce_perf,2,16,524288,RING,SIMPLE,4,RING,SIMPLE,0,3.45,284.95,3.44,285.57,3,0.8695652173913114,1024,float,sum,0.02,0.02,0,0
all_reduce_perf,2,16,524288,RING,SIMPLE,8,RING,SIMPLE,0,3.32,295.83,3.32,296.38,3,0.6024096385542175,1024,float,sum,0.02,0.02,0,0
all_reduce_perf,2,16,524288,RING,SIMPLE,16,RING,SIMPLE,0,3.08,319.13,3.07,319.76,3,0.32467532467533217,1024,float,sum,0.02,0.02,0,0
all_reduce_perf,2,16,524288,RING,SIMPLE,24,RING,SIMPLE,0,2.73,360.45,2.74,358.75,3,32.234432234432234,1024,float,sum,0.02,0.02,0,0
all_reduce_perf,2,16,524288,RING,SIMPLE,32,RING,SIMPLE,0,2.37,414.22,2.4,408.98,3,1.6877637130801704,1024,float,sum,0.02,0.02,0,0
all_reduce_perf,2,16,524288,RING,SIMPLE,40,RING,SIMPLE,0,2.41,408.26,2.4,409.64,3,3.3195020746887995,1024,float,sum,0.02,0.02,0,0
all_reduce_perf,2,16,524288,RING,SIMPLE,48,RING,SIMPLE,0,2.38,412.31,2.39,410.58,3,2.1008403361344463,1024,float,sum,0.02,0.02,0,0
all_reduce_perf,2,16,524288,TREE,LL,1,TREE,LL,0,2.04,482.55,2.04,481.03,3,0.4901960784313838,1024,float,sum,0.02,0.02,0,0
all_reduce_perf,2,16,524288,TREE,LL,2,TREE,LL,0,3.65,269.46,3.64,270.17,3,0.8219178082191849,1024,float,sum,0.02,0.02,0,0
all_reduce_perf,2,16,524288,TREE,LL,4,TREE,LL,0,5.94,165.45,5.76,170.63,3,0.0,1024,float,sum,0.02,0.02,0,0
all_reduce_perf,2,16,524288,TREE,LL,8,TREE,LL,0,8.78,112.01,8.77,112.03,3,0.6833712984054525,1024,float,sum,0.02,0.02,0,0
all_reduce_perf,2,16,524288,TREE,LL,16,TREE,LL,0,11.1,88.6,10.86,90.49,3,4.054054054054064,1024,float,sum,0.02,0.02,0,0
all_reduce_perf,2,16,524288,TREE,LL,24,TREE,LL,0,11.55,85.11,11.09,88.64,3,0.6060606060606085,1024,float,sum,0.02,0.02,0,0
all_reduce_perf,2,16,524288,TREE,LL,32,TREE,LL,0,12.14,80.94,11.95,82.27,3,0.4118616144975346,1024,float,sum,0.02,0.02,0,0
all_reduce_perf,2,16,524288,TREE,LL,40,TREE,LL,0,12.64,77.75,12.45,78.99,3,2.452531645569624,1024,float,sum,0.02,0.02,0,0
all_reduce_perf,2,16,524288,TREE,LL,48,TREE,LL,0,13.38,73.48,13.02,75.52,3,1.6442451420029942,1024,float,sum,0.02,0.02,0,0
all_reduce_perf,2,16,524288,TREE,LL128,1,TREE,LL128,0,6.25,157.29,6.02,163.24,3,0.7999999999999973,1024,float,sum,0.02,0.02,0,0
all_reduce_perf,2,16,524288,TREE,LL128,2,TREE,LL128,0,9.18,107.1,8.84,111.16,3,0.8714596949891076,1024,float,sum,0.02,0.02,0,0
all_reduce_perf,2,16,524288,TREE,LL128,4,TREE,LL128,0,12.19,80.67,11.71,83.95,3,1.72272354388844,1024,float,sum,0.02,0.02,0,0
all_reduce_perf,2,16,524288,TREE,LL128,8,TREE,LL128,0,14.83,66.28,14.62,67.26,3,0.06743088334457037,1024,float,sum,0.02,0.02,0,0
all_reduce_perf,2,16,524288,TREE,LL128,16,TREE,LL128,0,15.83,62.09,15.32,64.19,3,2.4636765634870423,1024,float,sum,0.02,0.02,0,0
all_reduce_perf,2,16,524288,TREE,LL128,24,TREE,LL128,0,16.24,60.53,15.74,62.44,3,0.6773399014778291,1024,float,sum,0.02,0.02,0,0
all_reduce_perf,2,16,524288,TREE,LL128,32,TREE,LL128,0,16.76,58.65,16.76,58.65,3,0.41766109785203026,1024,float,sum,0.02,0.02,0,0
all_reduce_perf,2,16,524288,TREE,LL128,40,TREE,LL128,0,16.75,58.71,15.86,61.98,3,4.955223880597027,1024,float,sum,0.02,0.02,0,0
all_reduce_perf,2,16,524288,TREE,LL128,48,TREE,LL128,0,16.82,58.44,16.23,60.56,3,1.0107015457788449,1024,float,sum,0.02,0.02,0,0
all_reduce_perf,2,16,524288,TREE,LL128,48,,,0,16.81,58.49,16.03,61.34,3,1.6656751933372849,1024,float,sum,0.02,0.02,0,0
all_reduce_perf,2,16,524288,TREE,SIMPLE,1,TREE,SIMPLE,0,4.6,213.54,4.3,228.41,3,0.2173913043478408,1024,float,sum,0.02,0.02,0,0
all_reduce_perf,2,16,524288,TREE,SIMPLE,2,TREE,SIMPLE,0,6.14,160.19,5.67,173.36,3,0.48859934853419157,1024,float,sum,0.02,0.02,0,0
all_reduce_perf,2,16,524288,TREE,SIMPLE,4,TREE,SIMPLE,0,7.86,125.1,7.59,129.49,3,1.1450381679389294,1024,float,sum,0.02,0.02,0,0
all_reduce_perf,2,16,524288,TREE,SIMPLE,8,TREE,SIMPLE,0,9.33,105.4,8.82,111.44,3,0.7502679528403031,1024,float,sum,0.02,0.02,0,0
all_reduce_perf,2,16,524288,TREE,SIMPLE,16,TREE,SIMPLE,0,10.0,98.32,9.58,102.64,3,2.599999999999998,1024,float,sum,0.02,0.02,0,0
all_reduce_perf,2,16,524288,TREE,SIMPLE,24,TREE,SIMPLE,0,10.64,92.37,10.18,96.59,3,0.2819548872180558,1024,float,sum,0.02,0.02,0,0
all_reduce_perf,2,16,524288,TREE,SIMPLE,32,TREE,SIMPLE,0,11.68,84.14,11.06,88.88,3,1.455479452054794,1024,float,sum,0.02,0.02,0,0
all_reduce_perf,2,16,524288,TREE,SIMPLE,40,TREE,SIMPLE,0,11.8,83.34,11.05,89.0,3,0.9322033898305037,1024,float,sum,0.02,0.02,0,0
all_reduce_perf,2,16,524288,TREE,SIMPLE,48,TREE,SIMPLE,0,11.6,84.75,11.19,87.87,3,2.8448275862068972,1024,float,sum,0.02,0.02,0,0
all_reduce_perf,2,16,1048576,RING,LL,1,RING,LL,0,2.43,807.66,2.41,815.55,3,0.8230452674897125,1024,float,sum,0.02,0.02,0,0
all_reduce_perf,2,16,1048576,RING,LL,2,RING,LL,0,4.83,407.09,4.78,410.97,3,0.6211180124223654,1024,float,sum,0.02,0.02,0,0
all_reduce_perf,2,16,1048576,RING,LL,4,RING,LL,0,9.25,212.62,8.89,221.28,3,0.3243243243243174,1024,float,sum,0.02,0.02,0,0
all_reduce_perf,2,16,1048576,RING,LL,8,RING,LL,0,14.63,134.41,13.96,140.88,3,0.20505809979494966,1024,float,sum,0.02,0.02,0,0
all_reduce_perf,2,16,1048576,RING,LL,16,RING,LL,0,14.54,135.2,14.04,139.99,3,1.3067400275103132,1024,float,sum,0.02,0.02,0,0
all_reduce_perf,2,16,1048576,RING,LL,24,RING,LL,0,10.78,182.37,10.61,185.38,3,15.677179962894245,1024,float,sum,0.02,0.02,0,0
all_reduce_perf,2,16,1048576,RING,LL,32,RING,LL,0,9.77,201.14,9.53,206.21,3,1.1258955987717445,1024,float,sum,0.02,0.02,0,0
all_reduce_perf,2,16,1048576,RING,LL,40,RING,LL,0,8.27,237.67,8.14,241.39,3,2.4183796856106325,1024,float,sum,0.02,0.02,0,0
all_reduce_perf,2,16,1048576,RING,LL,48,RING,LL,0,7.08,277.65,7.06,278.3,3,0.9887005649717555,1024,float,sum,0.02,0.02,0,0
all_reduce_perf,2,16,1048576,RING,LL128,1,RING,LL128,0,9.96,197.38,9.28,211.91,3,1.0040160642570244,1024,float,sum,0.02,0.02,0,0
all_reduce_perf,2,16,1048576,RING,LL128,2,RING,LL128,0,15.05,130.68,13.86,141.83,3,0.8637873754152875,1024,float,sum,0.02,0.02,0,0
all_reduce_perf,2,16,1048576,RING,LL128,4,RING,LL128,0,18.96,103.69,18.55,105.97,3,0.1582278481012718,1024,float,sum,0.02,0.02,0,0
all_reduce_perf,2,16,1048576,RING,LL128,8,RING,LL128,0,19.05,103.22,18.69,105.18,3,0.472440944881889,1024,float,sum,0.02,0.02,0,0
all_reduce_perf,2,16,1048576,RING,LL128,16,RING,LL128,0,18.35,107.15,17.71,110.99,3,0.5994550408719508,1024,float,sum,0.02,0.02,0,0
all_reduce_perf,2,16,1048576,RING,LL128,24,RING,LL128,0,14.53,135.31,14.34,137.13,3,5.643496214728138,1024,float,sum,0.02,0.02,0,0
all_reduce_perf,2,16,1048576,RING,LL128,32,RING,LL128,0,11.93,164.76,11.65,168.79,3,1.5088013411567454,1024,float,sum,0.02,0.02,0,0
all_reduce_perf,2,16,1048576,RING,LL128,40,RING,LL128,0,11.71,167.88,11.44,171.9,3,2.7327070879589965,1024,float,sum,0.02,0.02,0,0
all_reduce_perf,2,16,1048576,RING,LL128,48,RING,LL128,0,9.17,214.39,8.98,218.85,3,3.2715376226826685,1024,float,sum,0.02,0.02,0,0
all_reduce_perf,2,16,1048576,RING,SIMPLE,1,RING,SIMPLE,0,5.67,346.77,5.56,353.3,3,0.8818342151675611,1024,float,sum,0.02,0.02,0,0
all_reduce_perf,2,16,1048576,RING,SIMPLE,2,RING,SIMPLE,0,6.27,313.48,6.26,314.24,3,0.6379585326953754,1024,float,sum,0.02,0.02,0,0
all_reduce_perf,2,16,1048576,RING,SIMPLE,4,RING,SIMPLE,0,6.78,290.16,6.72,292.39,3,1.1799410029498536,1024,float,sum,0.02,0.02,0,0
all_reduce_perf,2,16,1048576,RING,SIMPLE,8,RING,SIMPLE,0,6.58,298.82,6.55,300.34,3,0.6079027355623106,1024,float,sum,0.02,0.02,0,0
all_reduce_perf,2,16,1048576,RING,SIMPLE,16,RING,SIMPLE,0,6.09,322.89,6.08,323.6,3,0.49261083743841316,1024,float,sum,0.02,0.02,0,0
all_reduce_perf,2,16,1048576,RING,SIMPLE,24,RING,SIMPLE,0,5.47,359.63,5.46,360.11,3,1.4625228519195625,1024,float,sum,0.02,0.02,0,0
all_reduce_perf,2,16,1048576,RING,SIMPLE,32,RING,SIMPLE,0,4.74,414.73,4.74,414.84,3,0.6329113924050684,1024,float,sum,0.02,0.02,0,0
all_reduce_perf,2,16,1048576,RING,SIMPLE,40,RING,SIMPLE,0,4.75,413.69,4.27,460.24,3,7.789473684210528,1024,float,sum,0.02,0.02,0,0
all_reduce_perf,2,16,1048576,RING,SIMPLE,48,RING,SIMPLE,0,3.78,519.83,3.73,526.94,3,2.3809523809523774,1024,float,sum,0.02,0.02,0,0
all_reduce_perf,2,16,1048576,TREE,LL,1,TREE,LL,0,2.16,908.77,2.17,906.08,3,0.46296296296295303,1024,float,sum,0.02,0.02,0,0
all_reduce_perf,2,16,1048576,TREE,LL,2,TREE,LL,0,4.08,481.99,4.08,482.4,3,0.24509803921568107,1024,float,sum,0.02,0.02,0,0
all_reduce_perf,2,16,1048576,TREE,LL,4,TREE,LL,0,7.15,275.1,7.14,275.29,3,4.895104895104902,1024,float,sum,0.02,0.02,0,0
all_reduce_perf,2,16,1048576,TREE,LL,8,TREE,LL,0,11.79,166.69,11.52,170.72,3,0.5937234944868557,1024,float,sum,0.02,0.02,0,0
all_reduce_perf,2,16,1048576,TREE,LL,16,TREE,LL,0,17.02,115.5,16.61,118.39,3,0.29377203290247184,1024,float,sum,0.02,0.02,0,0
all_reduce_perf,2,16,1048576,TREE,LL,24,TREE,LL,0,18.79,104.62,18.77,104.76,3,2.607770090473667,1024,float,sum,0.02,0.02,0,0
all_reduce_perf,2,16,1048576,TREE,LL,32,TREE,LL,0,20.24,97.12,19.88,98.88,3,1.1363636363636385,1024,float,sum,0.02,0.02,0,0
all_reduce_perf,2,16,1048576,TREE,LL,40,TREE,LL,0,21.05,93.4,20.38,96.48,3,2.850356294536824,1024,float,sum,0.02,0.02,0,0
all_reduce_perf,2,16,1048576,TREE,LL,48,TREE,LL,0,21.37,92.02,21.33,92.16,3,1.6846045858680367,1024,float,sum,0.02,0.02,0,0
all_reduce_perf,2,16,1048576,TREE,LL128,1,TREE,LL128,0,7.21,272.82,7.05,278.7,3,0.27739251040221324,1024,float,sum,0.02,0.02,0,0
all_reduce_perf,2,16,1048576,TREE,LL128,2,TREE,LL128,0,12.47,157.68,11.93,164.82,3,0.8019246190858174,1024,float,sum,0.02,0.02,0,0
all_reduce_perf,2,16,1048576,TREE,LL128,4,TREE,LL128,0,18.11,108.57,17.46,112.59,3,1.4356709000552268,1024,float,sum,0.02,0.02,0,0
all_reduce_perf,2,16,1048576,TREE,LL128,8,TREE,LL128,0,24.24,81.11,22.94,85.7,3,1.15511551155116,1024,float,sum,0.02,0.02,0,0
all_reduce_perf,2,16,1048576,TREE,LL128,16,TREE,LL128,0,28.27,69.54,27.2,72.29,3,0.38910505836575676,1024,float,sum,0.02,0.02,0,0
all_reduce_perf,2,16,1048576,TREE,LL128,24,TREE,LL128,0,29.44,66.79,28.24,69.62,3,1.936141304347827,1024,float,sum,0.02,0.02,0,0
all_reduce_perf,2,16,1048576,TREE,LL128,32,TREE,LL128,0,30.0,65.53,30.03,65.46,3,0.6666666666666762,1024,float,sum,0.02,0.02,0,0
all_reduce_perf,2,16,1048576,TREE,LL128,40,TREE,LL128,0,29.79,66.0,28.72,68.45,3,0.6377979187646905,1024,float,sum,0.02,0.02,0,0
all_reduce_perf,2,16,1048576,TREE,LL128,48,TREE,LL128,0,30.31,64.86,29.21,67.31,3,2.1115143516991113,1024,float,sum,0.02,0.02,0,0
all_reduce_perf,2,16,1048576,TREE,LL128,48,,,0,30.11,65.29,29.59,66.43,3,0.9963467286615766,1024,float,sum,0.02,0.02,0,0
all_reduce_perf,2,16,1048576,TREE,SIMPLE,1,TREE,SIMPLE,0,6.2,317.09,5.72,343.96,3,0.4838709677419252,1024,float,sum,0.02,0.02,0,0
all_reduce_perf,2,16,1048576,TREE,SIMPLE,2,TREE,SIMPLE,0,9.12,215.5,8.39,234.46,3,0.32894736842106514,1024,float,sum,0.02,0.02,0,0
all_reduce_perf,2,16,1048576,TREE,SIMPLE,4,TREE,SIMPLE,0,12.15,161.83,11.56,170.13,3,1.1522633744856012,1024,float,sum,0.02,0.02,0,0
all_reduce_perf,2,16,1048576,TREE,SIMPLE,8,TREE,SIMPLE,0,15.54,126.54,15.03,130.81,3,1.287001287001294,1024,float,sum,0.02,0.02,0,0
all_reduce_perf,2,16,1048576,TREE,SIMPLE,16,TREE,SIMPLE,0,18.24,107.81,17.23,114.12,3,4.934210526315782,1024,float,sum,0.02,0.02,0,0
all_reduce_perf,2,16,1048576,TREE,SIMPLE,24,TREE,SIMPLE,0,18.44,106.6,17.98,109.34,3,0.3796095444685481,1024,float,sum,0.02,0.02,0,0
all_reduce_perf,2,16,1048576,TREE,SIMPLE,32,TREE,SIMPLE,0,19.07,103.08,18.24,107.8,3,0.3146303093864642,1024,float,sum,0.02,0.02,0,0
all_reduce_perf,2,16,1048576,TREE,SIMPLE,40,TREE,SIMPLE,0,19.15,102.65,18.19,108.11,3,0.10443864229766646,1024,float,sum,0.02,0.02,0,0
all_reduce_perf,2,16,1048576,TREE,SIMPLE,48,TREE,SIMPLE,0,19.89,98.83,18.98,103.58,3,0.8547008547008633,1024,float,sum,0.02,0.02,0,0
all_reduce_perf,2,16,2097152,RING,LL,1,RING,LL,0,2.44,1609.73,2.42,1628.19,3,0.8196721311475417,1024,float,sum,0.02,0.02,0,0
all_reduce_perf,2,16,2097152,RING,LL,2,RING,LL,0,4.86,809.64,4.81,817.89,3,0.6172839506172707,1024,float,sum,0.02,0.02,0,0
all_reduce_perf,2,16,2097152,RING,LL,4,RING,LL,0,9.42,417.43,9.32,421.69,3,7.43099787685776,1024,float,sum,0.02,0.02,0,0
all_reduce_perf,2,16,2097152,RING,LL,8,RING,LL,0,18.2,216.02,17.39,226.1,3,0.4945054945054937,1024,float,sum,0.02,0.02,0,0
all_reduce_perf,2,16,2097152,RING,LL,16,RING,LL,0,22.59,174.1,22.02,178.55,3,0.5312084993359938,1024,float,sum,0.02,0.02,0,0
all_reduce_perf,2,16,2097152,RING,LL,24,RING,LL,0,18.31,214.72,18.25,215.46,3,4.314582195521588,1024,float,sum,0.02,0.02,0,0
all_reduce_perf,2,16,2097152,RING,LL,32,RING,LL,0,16.65,236.22,16.59,236.96,3,2.0420420420420413,1024,float,sum,0.02,0.02,0,0
all_reduce_perf,2,16,2097152,RING,LL,40,RING,LL,0,14.17,277.5,14.28,275.42,3,3.8814396612561675,1024,float,sum,0.02,0.02,0,0
all_reduce_perf,2,16,2097152,RING,LL,48,RING,LL,0,12.31,319.34,12.24,321.19,3,1.9496344435418378,1024,float,sum,0.02,0.02,0,0
all_reduce_perf,2,16,2097152,RING,LL128,1,RING,LL128,0,10.28,382.63,9.84,399.73,3,0.09727626459143762,1024,float,sum,0.02,0.02,0,0
all_reduce_perf,2,16,2097152,RING,LL128,2,RING,LL128,0,18.98,207.15,18.31,214.77,3,1.3171759747102214,1024,float,sum,0.02,0.02,0,0
all_reduce_perf,2,16,2097152,RING,LL128,4,RING,LL128,0,28.45,138.19,26.21,150.04,3,0.63268892794376,1024,float,sum,0.02,0.02,0,0
all_reduce_perf,2,16,2097152,RING,LL128,8,RING,LL128,0,36.04,109.12,34.16,115.11,3,0.0554938956714651,1024,float,sum,0.02,0.02,0,0
all_reduce_perf,2,16,2097152,RING,LL128,16,RING,LL128,0,36.12,108.86,34.46,114.1,3,0.7751937984496156,1024,float,sum,0.02,0.02,0,0
all_reduce_perf,2,16,2097152,RING,LL128,24,RING,LL128,0,28.8,136.55,27.66,142.15,3,1.8750000000000093,1024,float,sum,0.02,0.02,0,0
all_reduce_perf,2,16,2097152,RING,LL128,32,RING,LL128,0,23.4,168.01,22.95,171.35,3,2.649572649572639,1024,float,sum,0.02,0.02,0,0
all_reduce_perf,2,16,2097152,RING,LL128,40,RING,LL128,0,21.67,181.44,20.86,188.53,3,1.2921089063221096,1024,float,sum,0.02,0.02,0,0
all_reduce_perf,2,16,2097152,RING,LL128,48,RING,LL128,0,18.48,212.74,17.85,220.28,3,3.7878787878787836,1024,float,sum,0.02,0.02,0,0
all_reduce_perf,2,16,2097152,RING,SIMPLE,1,RING,SIMPLE,0,8.84,445.0,8.68,452.94,3,0.3393665158370968,1024,float,sum,0.02,0.02,0,0
all_reduce_perf,2,16,2097152,RING,SIMPLE,2,RING,SIMPLE,0,11.37,345.96,11.17,351.96,3,0.5277044854881311,1024,float,sum,0.02,0.02,0,0
all_reduce_perf,2,16,2097152,RING,SIMPLE,4,RING,SIMPLE,0,12.52,314.11,12.51,314.37,3,0.9584664536741293,1024,float,sum,0.02,0.02,0,0
all_reduce_perf,2,16,2097152,RING,SIMPLE,8,RING,SIMPLE,0,12.56,313.16,12.5,314.47,3,0.6369426751592362,1024,float,sum,0.02,0.02,0,0
all_reduce_perf,2,16,2097152,RING,SIMPLE,16,RING,SIMPLE,0,12.04,326.51,11.99,328.04,3,0.6644518272425255,1024,float,sum,0.02,0.02,0,0
all_reduce_perf,2,16,2097152,RING,SIMPLE,24,RING,SIMPLE,0,10.76,365.6,10.68,368.15,3,0.6505576208178465,1024,float,sum,0.02,0.02,0,0
all_reduce_perf,2,16,2097152,RING,SIMPLE,32,RING,SIMPLE,0,9.52,413.05,9.49,414.52,3,0.8403361344537823,1024,float,sum,0.02,0.02,0,0
all_reduce_perf,2,16,2097152,RING,SIMPLE,40,RING,SIMPLE,0,8.45,465.56,8.37,469.73,3,0.9467455621301784,1024,float,sum,0.02,0.02,0,0
all_reduce_perf,2,16,2097152,RING,SIMPLE,48,RING,SIMPLE,0,7.58,519.02,7.6,517.19,3,1.3192612137203237,1024,float,sum,0.02,0.02,0,0
all_reduce_perf,2,16,2097152,TREE,LL,1,TREE,LL,0,2.24,1752.32,2.24,1753.18,3,0.44642857142856185,1024,float,sum,0.02,0.02,0,0
all_reduce_perf,2,16,2097152,TREE,LL,2,TREE,LL,0,4.34,906.53,4.34,905.97,3,0.0,1024,float,sum,0.02,0.02,0,0
all_reduce_perf,2,16,2097152,TREE,LL,4,TREE,LL,0,8.02,490.53,8.0,491.72,3,0.24937655860348598,1024,float,sum,0.02,0.02,0,0
all_reduce_perf,2,16,2097152,TREE,LL,8,TREE,LL,0,14.26,275.66,14.22,276.49,3,0.07012622720897466,1024,float,sum,0.02,0.02,0,0
all_reduce_perf,2,16,2097152,TREE,LL,16,TREE,LL,0,23.12,170.1,22.5,174.79,3,0.38927335640138344,1024,float,sum,0.02,0.02,0,0
all_reduce_perf,2,16,2097152,TREE,LL,24,TREE,LL,0,28.14,139.73,27.24,144.37,3,0.746268656716421,1024,float,sum,0.02,0.02,0,0
all_reduce_perf,2,16,2097152,TREE,LL,32,TREE,LL,0,31.4,125.23,30.51,128.87,3,0.8917197452229223,1024,float,sum,0.02,0.02,0,0
all_reduce_perf,2,16,2097152,TREE,LL,40,TREE,LL,0,33.4,117.74,30.8,127.67,3,5.20958083832336,1024,float,sum,0.02,0.02,0,0
all_reduce_perf,2,16,2097152,TREE,LL,48,TREE,LL,0,34.69,113.35,33.68,116.74,3,0.6341885269530091,1024,float,sum,0.02,0.02,0,0
all_reduce_perf,2,16,2097152,TREE,LL128,1,TREE,LL128,0,8.0,491.45,7.89,498.44,3,0.374999999999992,1024,float,sum,0.02,0.02,0,0
all_reduce_perf,2,16,2097152,TREE,LL128,2,TREE,LL128,0,14.35,273.93,14.08,279.26,3,0.4878048780487701,1024,float,sum,0.02,0.02,0,0
all_reduce_perf,2,16,2097152,TREE,LL128,4,TREE,LL128,0,24.15,162.79,23.53,167.13,3,1.200828157349893,1024,float,sum,0.02,0.02,0,0
all_reduce_perf,2,16,2097152,TREE,LL128,8,TREE,LL128,0,35.92,109.45,34.89,112.7,3,1.9209354120267197,1024,float,sum,0.02,0.02,0,0
all_reduce_perf,2,16,2097152,TREE,LL128,16,TREE,LL128,0,47.0,83.66,44.58,88.21,3,0.8510638297872309,1024,float,sum,0.02,0.02,0,0
all_reduce_perf,2,16,2097152,TREE,LL128,24,TREE,LL128,0,50.83,77.36,49.16,79.99,3,1.2984457997245653,1024,float,sum,0.02,0.02,0,0
all_reduce_perf,2,16,2097152,TREE,LL128,32,TREE,LL128,0,53.07,74.1,52.9,74.33,3,0.716035424910487,1024,float,sum,0.02,0.02,0,0
all_reduce_perf,2,16,2097152,TREE,LL128,40,TREE,LL128,0,52.97,74.24,43.19,91.04,3,0.4530866528223427,1024,float,sum,0.02,0.02,0,0
all_reduce_perf,2,16,2097152,TREE,LL128,48,TREE,LL128,0,54.57,72.05,55.04,71.44,3,1.09950522264981,1024,float,sum,0.02,0.02,0,0
all_reduce_perf,2,16,2097152,TREE,LL128,48,,,0,54.33,72.37,54.39,72.3,3,1.7301674949383357,1024,float,sum,0.02,0.02,0,0
all_reduce_perf,2,16,2097152,TREE,SIMPLE,1,TREE,SIMPLE,0,7.62,516.26,6.98,563.74,3,0.9186351706036665,1024,float,sum,0.02,0.02,0,0
all_reduce_perf,2,16,2097152,TREE,SIMPLE,2,TREE,SIMPLE,0,12.31,319.47,11.43,343.96,3,0.2437043054427387,1024,float,sum,0.02,0.02,0,0
all_reduce_perf,2,16,2097152,TREE,SIMPLE,4,TREE,SIMPLE,0,17.68,222.41,16.26,241.88,3,0.3959276018099564,1024,float,sum,0.02,0.02,0,0
all_reduce_perf,2,16,2097152,TREE,SIMPLE,8,TREE,SIMPLE,0,23.99,163.94,22.91,171.63,3,0.5418924551896582,1024,float,sum,0.02,0.02,0,0
all_reduce_perf,2,16,2097152,TREE,SIMPLE,16,TREE,SIMPLE,0,30.71,128.06,29.51,133.24,3,0.3907521979811169,1024,float,sum,0.02,0.02,0,0
all_reduce_perf,2,16,2097152,TREE,SIMPLE,24,TREE,SIMPLE,0,33.08,118.88,32.19,122.14,3,1.3301088270858457,1024,float,sum,0.02,0.02,0,0
all_reduce_perf,2,16,2097152,TREE,SIMPLE,32,TREE,SIMPLE,0,34.1,115.33,33.45,117.56,3,0.527859237536656,1024,float,sum,0.02,0.02,0,0
all_reduce_perf,2,16,2097152,TREE,SIMPLE,40,TREE,SIMPLE,0,34.55,113.8,33.47,117.49,3,0.9261939218523887,1024,float,sum,0.02,0.02,0,0
all_reduce_perf,2,16,2097152,TREE,SIMPLE,48,TREE,SIMPLE,0,33.9,116.01,32.26,121.89,3,0.7374631268436578,1024,float,sum,0.02,0.02,0,0
all_reduce_perf,2,16,4194304,RING,LL,1,RING,LL,0,2.45,3215.81,2.42,3254.55,3,1.2244897959183774,1024,float,sum,0.02,0.02,0,0
all_reduce_perf,2,16,4194304,RING,LL,2,RING,LL,0,4.88,1611.84,4.81,1634.07,3,0.40983606557377994,1024,float,sum,0.02,0.02,0,0
all_reduce_perf,2,16,4194304,RING,LL,4,RING,LL,0,9.52,825.94,9.39,837.34,3,3.2563025210084087,1024,float,sum,0.02,0.02,0,0
all_reduce_perf,2,16,4194304,RING,LL,8,RING,LL,0,18.74,419.56,18.58,423.31,3,0.37353255069370483,1024,float,sum,0.02,0.02,0,0
all_reduce_perf,2,16,4194304,RING,LL,16,RING,LL,0,33.25,236.5,33.04,238.01,3,1.9248120300751896,1024,float,sum,0.02,0.02,0,0
all_reduce_perf,2,16,4194304,RING,LL,24,RING,LL,0,29.32,268.19,29.81,263.84,3,3.5811732605729905,1024,float,sum,0.02,0.02,0,0
all_reduce_perf,2,16,4194304,RING,LL,32,RING,LL,0,25.72,305.78,25.7,306.02,3,0.4665629860031005,1024,float,sum,0.02,0.02,0,0
all_reduce_perf,2,16,4194304,RING,LL,40,RING,LL,0,22.2,354.29,22.23,353.84,3,1.3963963963963906,1024,float,sum,0.02,0.02,0,0
all_reduce_perf,2,16,4194304,RING,LL,48,RING,LL,0,19.79,397.49,19.8,397.12,3,2.172814552804445,1024,float,sum,0.02,0.02,0,0
all_reduce_perf,2,16,4194304,RING,LL128,1,RING,LL128,0,11.08,710.09,10.7,735.11,3,0.9025270758122712,1024,float,sum,0.02,0.02,0,0
all_reduce_perf,2,16,4194304,RING,LL128,2,RING,LL128,0,19.52,402.82,18.83,417.59,3,1.7930327868852352,1024,float,sum,0.02,0.02,0,0
all_reduce_perf,2,16,4194304,RING,LL128,4,RING,LL128,0,36.62,214.77,35.43,221.99,3,1.1196067722555887,1024,float,sum,0.02,0.02,0,0
all_reduce_perf,2,16,4194304,RING,LL128,8,RING,LL128,0,55.97,140.5,51.37,153.1,3,0.6968018581382894,1024,float,sum,0.02,0.02,0,0
all_reduce_perf,2,16,4194304,RING,LL128,16,RING,LL128,0,69.2,113.65,67.26,116.93,3,1.4450867052023122,1024,float,sum,0.02,0.02,0,0
all_reduce_perf,2,16,4194304,RING,LL128,24,RING,LL128,0,56.52,139.15,53.93,145.84,3,1.6631280962491113,1024,float,sum,0.02,0.02,0,0
all_reduce_perf,2,16,4194304,RING,LL128,32,RING,LL128,0,46.72,168.32,44.54,176.56,3,1.369863013698616,1024,float,sum,0.02,0.02,0,0
all_reduce_perf,2,16,4194304,RING,LL128,40,RING,LL128,0,40.18,195.75,39.89,197.17,3,2.0657043305126885,1024,float,sum,0.02,0.02,0,0
all_reduce_perf,2,16,4194304,RING,LL128,48,RING,LL128,0,33.8,232.67,33.9,231.99,3,1.390532544378695,1024,float,sum,0.02,0.02,0,0
all_reduce_perf,2,16,4194304,RING,SIMPLE,1,RING,SIMPLE,0,11.94,658.7,11.7,671.97,3,0.16750418760468655,1024,float,sum,0.02,0.02,0,0
all_reduce_perf,2,16,4194304,RING,SIMPLE,2,RING,SIMPLE,0,17.74,443.33,17.4,451.96,3,0.5073280721533251,1024,float,sum,0.02,0.02,0,0
all_reduce_perf,2,16,4194304,RING,SIMPLE,4,RING,SIMPLE,0,22.71,346.35,22.25,353.45,3,0.6164685160722174,1024,float,sum,0.02,0.02,0,0
all_reduce_perf,2,16,4194304,RING,SIMPLE,8,RING,SIMPLE,0,23.4,336.04,23.34,336.92,3,1.1538461538461522,1024,float,sum,0.02,0.02,0,0
all_reduce_perf,2,16,4194304,RING,SIMPLE,16,RING,SIMPLE,0,23.05,341.16,22.93,342.98,3,1.214750542299354,1024,float,sum,0.02,0.02,0,0
all_reduce_perf,2,16,4194304,RING,SIMPLE,24,RING,SIMPLE,0,21.21,370.83,21.11,372.5,3,0.8958038661009018,1024,float,sum,0.02,0.02,0,0
all_reduce_perf,2,16,4194304,RING,SIMPLE,32,RING,SIMPLE,0,18.77,418.89,18.84,417.52,3,0.7991475759190122,1024,float,sum,0.02,0.02,0,0
all_reduce_perf,2,16,4194304,RING,SIMPLE,40,RING,SIMPLE,0,16.24,484.29,16.15,487.03,3,0.7389162561576417,1024,float,sum,0.02,0.02,0,0
all_reduce_perf,2,16,4194304,RING,SIMPLE,48,RING,SIMPLE,0,14.16,555.39,14.14,556.0,3,5.861581920903955,1024,float,sum,0.02,0.02,0,0
all_reduce_perf,2,16,4194304,TREE,LL,1,TREE,LL,0,2.29,3438.06,2.29,3435.36,3,0.4366812227074336,1024,float,sum,0.02,0.02,0,0
all_reduce_perf,2,16,4194304,TREE,LL,2,TREE,LL,0,4.5,1747.92,4.49,1753.06,3,0.2222222222222175,1024,float,sum,0.02,0.02,0,0
all_reduce_perf,2,16,4194304,TREE,LL,4,TREE,LL,0,8.54,920.77,8.53,922.31,3,0.1170960187353605,1024,float,sum,0.02,0.02,0,0
all_reduce_perf,2,16,4194304,TREE,LL,8,TREE,LL,0,15.99,491.68,15.94,493.39,3,0.1876172607879885,1024,float,sum,0.02,0.02,0,0
all_reduce_perf,2,16,4194304,TREE,LL,16,TREE,LL,0,28.11,279.78,28.05,280.32,3,0.17787264318746768,1024,float,sum,0.02,0.02,0,0
all_reduce_perf,2,16,4194304,TREE,LL,24,TREE,LL,0,36.82,213.57,36.93,212.98,3,1.2221618685497089,1024,float,sum,0.02,0.02,0,0
all_reduce_perf,2,16,4194304,TREE,LL,32,TREE,LL,0,43.78,179.63,43.72,179.9,3,0.7080858839652698,1024,float,sum,0.02,0.02,0,0
all_reduce_perf,2,16,4194304,TREE,LL,40,TREE,LL,0,48.01,163.79,45.89,171.37,3,8.810664444907305,1024,float,sum,0.02,0.02,0,0
all_reduce_perf,2,16,4194304,TREE,LL,48,TREE,LL,0,51.63,152.33,51.45,152.85,3,0.6972690296339327,1024,float,sum,0.02,0.02,0,0
all_reduce_perf,2,16,4194304,TREE,LL128,1,TREE,LL128,0,8.55,919.44,8.41,934.86,3,0.23391812865496572,1024,float,sum,0.02,0.02,0,0
all_reduce_perf,2,16,4194304,TREE,LL128,2,TREE,LL128,0,15.97,492.37,15.64,502.95,3,0.3757044458359455,1024,float,sum,0.02,0.02,0,0
all_reduce_perf,2,16,4194304,TREE,LL128,4,TREE,LL128,0,27.58,285.12,27.05,290.75,3,1.595358955765052,1024,float,sum,0.02,0.02,0,0
all_reduce_perf,2,16,4194304,TREE,LL128,8,TREE,LL128,0,48.1,163.49,45.73,171.98,3,3.180873180873183,1024,float,sum,0.02,0.02,0,0
all_reduce_perf,2,16,4194304,TREE,LL128,16,TREE,LL128,0,70.29,111.89,68.32,115.11,3,1.0670081092616304,1024,float,sum,0.02,0.02,0,0
all_reduce_perf,2,16,4194304,TREE,LL128,24,TREE,LL128,0,81.64,96.33,79.47,98.96,3,3.576678098971095,1024,float,sum,0.02,0.02,0,0
all_reduce_perf,2,16,4194304,TREE,LL128,32,TREE,LL128,0,88.39,88.97,82.88,94.88,3,0.8598257721461762,1024,float,sum,0.02,0.02,0,0
all_reduce_perf,2,16,4194304,TREE,LL128,40,TREE,LL128,0,90.93,86.49,86.13,91.31,3,0.3409215880347545,1024,float,sum,0.02,0.02,0,0
all_reduce_perf,2,16,4194304,TREE,LL128,48,TREE,LL128,0,92.8,84.74,92.49,85.02,3,1.659482758620681,1024,float,sum,0.02,0.02,0,0
all_reduce_perf,2,16,4194304,TREE,LL128,48,,,0,93.37,84.23,92.74,84.8,3,1.2852093820284918,1024,float,sum,0.02,0.02,0,0
all_reduce_perf,2,16,4194304,TREE,SIMPLE,1,TREE,SIMPLE,0,9.58,820.7,8.97,876.97,3,0.6263048016701328,1024,float,sum,0.02,0.02,0,0
all_reduce_perf,2,16,4194304,TREE,SIMPLE,2,TREE,SIMPLE,0,15.23,516.26,13.88,566.61,3,0.2626395272488453,1024,float,sum,0.02,0.02,0,0
all_reduce_perf,2,16,4194304,TREE,SIMPLE,4,TREE,SIMPLE,0,23.86,329.61,22.47,350.0,3,0.3772003352892012,1024,float,sum,0.02,0.02,0,0
all_reduce_perf,2,16,4194304,TREE,SIMPLE,8,TREE,SIMPLE,0,35.11,223.97,33.2,236.86,3,0.512674451723155,1024,float,sum,0.02,0.02,0,0
all_reduce_perf,2,16,4194304,TREE,SIMPLE,16,TREE,SIMPLE,0,47.74,164.72,45.3,173.62,3,0.8588186007540775,1024,float,sum,0.02,0.02,0,0
all_reduce_perf,2,16,4194304,TREE,SIMPLE,24,TREE,SIMPLE,0,53.62,146.66,49.87,157.68,3,0.5035434539350915,1024,float,sum,0.02,0.02,0,0
all_reduce_perf,2,16,4194304,TREE,SIMPLE,32,TREE,SIMPLE,0,57.9,135.83,53.87,145.99,3,1.1226252158894623,1024,float,sum,0.02,0.02,0,0
all_reduce_perf,2,16,4194304,TREE,SIMPLE,40,TREE,SIMPLE,0,58.07,135.42,54.94,143.13,3,0.5510590666437064,1024,float,sum,0.02,0.02,0,0
all_reduce_perf,2,16,4194304,TREE,SIMPLE,48,TREE,SIMPLE,0,60.39,130.22,56.88,138.26,3,0.14903129657227407,1024,float,sum,0.02,0.02,0,0
all_reduce_perf,2,16,8388608,RING,LL,1,RING,LL,0,2.45,6424.31,2.42,6500.82,3,1.2244897959183774,1024,float,sum,0.02,0.02,0,0
all_reduce_perf,2,16,8388608,RING,LL,2,RING,LL,0,4.88,3224.06,4.84,3252.7,3,0.6147540983606609,1024,float,sum,0.02,0.02,0,0
all_reduce_perf,2,16,8388608,RING,LL,4,RING,LL,0,9.59,1640.94,9.44,1665.78,3,0.9384775808133458,1024,float,sum,0.02,0.02,0,0
all_reduce_perf,2,16,8388608,RING,LL,8,RING,LL,0,18.92,831.34,18.79,837.05,3,0.634249471458779,1024,float,sum,0.02,0.02,0,0
all_reduce_perf,2,16,8388608,RING,LL,16,RING,LL,0,34.82,451.7,34.56,455.05,3,1.952900631820792,1024,float,sum,0.02,0.02,0,0
all_reduce_perf,2,16,8388608,RING,LL,24,RING,LL,0,31.59,497.92,31.12,505.34,3,1.4878125989237065,1024,float,sum,0.02,0.02,0,0
all_reduce_perf,2,16,8388608,RING,LL,32,RING,LL,0,41.23,381.5,40.9,384.58,3,3.613873393160325,1024,float,sum,0.02,0.02,0,0
all_reduce_perf,2,16,8388608,RING,LL,40,RING,LL,0,35.2,446.87,35.16,447.38,3,8.72159090909091,1024,float,sum,0.02,0.02,0,0
all_reduce_perf,2,16,8388608,RING,LL,48,RING,LL,0,31.54,498.65,31.46,500.0,3,1.6487000634115396,1024,float,sum,0.02,0.02,0,0
all_reduce_perf,2,16,8388608,RING,LL128,1,RING,LL128,0,11.37,1382.89,11.04,1425.17,3,0.7036059806508361,1024,float,sum,0.02,0.02,0,0
all_reduce_perf,2,16,8388608,RING,LL128,2,RING,LL128,0,20.95,750.7,20.18,779.52,3,1.7661097852028518,1024,float,sum,0.02,0.02,0,0
all_reduce_perf,2,16,8388608,RING,LL128,4,RING,LL128,0,37.81,416.0,36.28,433.48,3,1.5604337476858063,1024,float,sum,0.02,0.02,0,0
all_reduce_perf,2,16,8388608,RING,LL128,8,RING,LL128,0,72.36,217.36,70.08,224.43,3,0.1381978993919214,1024,float,sum,0.02,0.02,0,0
all_reduce_perf,2,16,8388608,RING,LL128,16,RING,LL128,0,107.17,146.76,101.95,154.27,3,0.4012316879723734,1024,float,sum,0.02,0.02,0,0
all_reduce_perf,2,16,8388608,RING,LL128,24,RING,LL128,0,107.89,145.79,107.7,146.04,3,0.6488089721012168,1024,float,sum,0.02,0.02,0,0
all_reduce_perf,2,16,8388608,RING,LL128,32,RING,LL128,0,91.21,172.44,90.24,174.29,3,0.8880605196798466,1024,float,sum,0.02,0.02,0,0
all_reduce_perf,2,16,8388608,RING,LL128,40,RING,LL128,0,79.0,199.11,78.6,200.1,3,2.746835443037977,1024,float,sum,0.02,0.02,0,0
all_reduce_perf,2,16,8388608,RING,LL128,48,RING,LL128,0,67.47,233.11,67.1,234.41,3,0.8596413220690652,1024,float,sum,0.02,0.02,0,0
all_reduce_perf,2,16,8388608,RING,SIMPLE,1,RING,SIMPLE,0,14.32,1098.44,14.15,1111.2,3,0.4888268156424601,1024,float,sum,0.02,0.02,0,0
all_reduce_perf,2,16,8388608,RING,SIMPLE,2,RING,SIMPLE,0,23.91,657.83,23.48,670.01,3,0.5437055625261356,1024,float,sum,0.02,0.02,0,0
all_reduce_perf,2,16,8388608,RING,SIMPLE,4,RING,SIMPLE,0,34.2,459.89,33.89,464.17,3,0.438596491228066,1024,float,sum,0.02,0.02,0,0
all_reduce_perf,2,16,8388608,RING,SIMPLE,8,RING,SIMPLE,0,44.27,355.31,43.33,362.97,3,0.6776598147729774,1024,float,sum,0.02,0.02,0,0
all_reduce_perf,2,16,8388608,RING,SIMPLE,16,RING,SIMPLE,0,42.75,367.88,42.54,369.76,3,0.9122807017543872,1024,float,sum,0.02,0.02,0,0
all_reduce_perf,2,16,8388608,RING,SIMPLE,24,RING,SIMPLE,0,40.2,391.26,40.04,392.78,3,0.3482587064676631,1024,float,sum,0.02,0.02,0,0
all_reduce_perf,2,16,8388608,RING,SIMPLE,32,RING,SIMPLE,0,36.25,433.84,36.23,434.17,3,0.11034482758620454,1024,float,sum,0.02,0.02,0,0
all_reduce_perf,2,16,8388608,RING,SIMPLE,40,RING,SIMPLE,0,31.86,493.64,30.97,507.91,3,0.8788449466415604,1024,float,sum,0.02,0.02,0,0
all_reduce_perf,2,16,8388608,RING,SIMPLE,48,RING,SIMPLE,0,28.4,553.78,28.29,556.04,3,0.8802816901408451,1024,float,sum,0.02,0.02,0,0
all_reduce_perf,2,16,8388608,TREE,LL,1,TREE,LL,0,2.29,6863.76,2.3,6837.89,3,0.0,1024,float,sum,0.02,0.02,0,0
all_reduce_perf,2,16,8388608,TREE,LL,2,TREE,LL,0,4.58,3437.44,4.56,3447.65,3,0.21834061135370714,1024,float,sum,0.02,0.02,0,0
all_reduce_perf,2,16,8388608,TREE,LL,4,TREE,LL,0,8.83,1781.11,8.8,1787.9,3,0.4530011325028216,1024,float,sum,0.02,0.02,0,0
all_reduce_perf,2,16,8388608,TREE,LL,8,TREE,LL,0,17.0,925.01,16.98,926.2,3,0.3529411764705807,1024,float,sum,0.02,0.02,0,0
all_reduce_perf,2,16,8388608,TREE,LL,16,TREE,LL,0,31.55,498.46,31.48,499.68,3,0.15847860538827482,1024,float,sum,0.02,0.02,0,0
all_reduce_perf,2,16,8388608,TREE,LL,24,TREE,LL,0,43.64,360.46,43.56,361.1,3,0.25206232813932045,1024,float,sum,0.02,0.02,0,0
all_reduce_perf,2,16,8388608,TREE,LL,32,TREE,LL,0,51.05,308.12,50.72,310.1,3,0.39177277179236597,1024,float,sum,0.02,0.02,0,0
all_reduce_perf,2,16,8388608,TREE,LL,40,TREE,LL,0,56.06,280.57,55.46,283.58,3,13.093114520156968,1024,float,sum,0.02,0.02,0,0
all_reduce_perf,2,16,8388608,TREE,LL,48,TREE,LL,0,59.22,265.61,59.02,266.51,3,0.15197568389057126,1024,float,sum,0.02,0.02,0,0
all_reduce_perf,2,16,8388608,TREE,LL128,1,TREE,LL128,0,8.84,1778.29,8.74,1798.75,3,0.2262443438913979,1024,float,sum,0.02,0.02,0,0
all_reduce_perf,2,16,8388608,TREE,LL128,2,TREE,LL128,0,17.07,921.32,16.68,942.82,3,0.23432923257175833,1024,float,sum,0.02,0.02,0,0
all_reduce_perf,2,16,8388608,TREE,LL128,4,TREE,LL128,0,30.7,512.3,30.06,523.31,3,1.6612377850162803,1024,float,sum,0.02,0.02,0,0
all_reduce_perf,2,16,8388608,TREE,LL128,8,TREE,LL128,0,55.21,284.86,54.06,290.95,3,1.8474913964861366,1024,float,sum,0.02,0.02,0,0
all_reduce_perf,2,16,8388608,TREE,LL128,16,TREE,LL128,0,93.65,167.95,91.45,171.99,3,0.8969567538707991,1024,float,sum,0.02,0.02,0,0
all_reduce_perf,2,16,8388608,TREE,LL128,24,TREE,LL128,0,116.62,134.87,113.8,138.22,3,0.9089350025724594,1024,float,sum,0.02,0.02,0,0
all_reduce_perf,2,16,8388608,TREE,LL128,32,TREE,LL128,0,130.82,120.23,127.16,123.7,3,0.23696682464455152,1024,float,sum,0.02,0.02,0,0
all_reduce_perf,2,16,8388608,TREE,LL128,40,TREE,LL128,0,140.24,112.16,135.82,115.8,3,0.21391899600683323,1024,float,sum,0.02,0.02,0,0
all_reduce_perf,2,16,8388608,TREE,LL128,48,TREE,LL128,0,144.72,108.68,141.84,110.89,3,1.243781094527371,1024,float,sum,0.02,0.02,0,0
all_reduce_perf,2,16,8388608,TREE,LL128,48,,,0,144.64,108.75,141.52,111.14,3,0.8158185840708012,1024,float,sum,0.02,0.02,0,0
all_reduce_perf,2,16,8388608,TREE,SIMPLE,1,TREE,SIMPLE,0,10.39,1513.6,10.1,1557.62,3,0.9624639076034786,1024,float,sum,0.02,0.02,0,0
all_reduce_perf,2,16,8388608,TREE,SIMPLE,2,TREE,SIMPLE,0,19.13,822.37,17.9,878.89,3,0.3659174072138018,1024,float,sum,0.02,0.02,0,0
all_reduce_perf,2,16,8388608,TREE,SIMPLE,4,TREE,SIMPLE,0,29.27,537.31,27.48,572.31,3,0.6832934745473157,1024,float,sum,0.02,0.02,0,0
all_reduce_perf,2,16,8388608,TREE,SIMPLE,8,TREE,SIMPLE,0,47.71,329.65,44.84,350.75,3,0.33535946342485135,1024,float,sum,0.02,0.02,0,0
all_reduce_perf,2,16,8388608,TREE,SIMPLE,16,TREE,SIMPLE,0,69.04,227.82,65.52,240.07,3,0.6228273464658267,1024,float,sum,0.02,0.02,0,0
all_reduce_perf,2,16,8388608,TREE,SIMPLE,24,TREE,SIMPLE,0,80.25,195.99,76.28,206.21,3,0.2616822429906464,1024,float,sum,0.02,0.02,0,0
all_reduce_perf,2,16,8388608,TREE,SIMPLE,32,TREE,SIMPLE,0,90.19,174.4,86.5,181.84,3,0.6209114092471475,1024,float,sum,0.02,0.02,0,0
all_reduce_perf,2,16,8388608,TREE,SIMPLE,40,TREE,SIMPLE,0,94.51,166.42,91.55,171.8,3,0.6877579092159619,1024,float,sum,0.02,0.02,0,0
all_reduce_perf,2,16,8388608,TREE,SIMPLE,48,TREE,SIMPLE,0,97.28,161.68,94.74,166.02,3,0.6373355263157942,1024,float,sum,0.02,0.02,0,0
all_reduce_perf,2,16,16777216,RING,LL,1,RING,LL,0,2.43,12923.7,2.42,13013.5,3,0.8230452674897125,1024,float,sum,0.02,0.02,0,0
all_reduce_perf,2,16,16777216,RING,LL,2,RING,LL,0,4.86,6467.06,4.84,6500.42,3,0.8230452674897125,1024,float,sum,0.02,0.02,0,0
all_reduce_perf,2,16,16777216,RING,LL,4,RING,LL,0,9.54,3296.29,9.4,3345.04,3,1.0482180293501013,1024,float,sum,0.02,0.02,0,0
all_reduce_perf,2,16,16777216,RING,LL,8,RING,LL,0,18.87,1666.75,18.87,1667.16,3,0.7419183889772154,1024,float,sum,0.02,0.02,0,0
all_reduce_perf,2,16,16777216,RING,LL,16,RING,LL,0,35.64,882.6,34.92,900.82,3,2.1324354657687934,1024,float,sum,0.02,0.02,0,0
all_reduce_perf,2,16,16777216,RING,LL,24,RING,LL,0,37.33,842.58,37.26,844.16,3,1.4465577283686022,1024,float,sum,0.02,0.02,0,0
all_reduce_perf,2,16,16777216,RING,LL,32,RING,LL,0,41.34,760.87,41.57,756.75,3,3.0478955007256845,1024,float,sum,0.02,0.02,0,0
all_reduce_perf,2,16,16777216,RING,LL,40,RING,LL,0,35.66,882.21,35.33,890.38,3,9.534492428491303,1024,float,sum,0.02,0.02,0,0
all_reduce_perf,2,16,16777216,RING,LL,48,RING,LL,0,33.06,951.48,33.11,950.13,3,3.055051421657586,1024,float,sum,0.02,0.02,0,0
all_reduce_perf,2,16,16777216,RING,LL128,1,RING,LL128,0,11.44,2748.6,11.44,2749.34,3,0.8741258741258711,1024,float,sum,0.02,0.02,0,0
all_reduce_perf,2,16,16777216,RING,LL128,2,RING,LL128,0,20.88,1506.87,20.53,1531.92,3,1.1973180076628354,1024,float,sum,0.02,0.02,0,0
all_reduce_perf,2,16,16777216,RING,LL128,4,RING,LL128,0,39.73,791.82,38.9,808.67,3,0.729927007299268,1024,float,sum,0.02,0.02,0,0
all_reduce_perf,2,16,16777216,RING,LL128,8,RING,LL128,0,73.0,430.93,72.05,436.59,3,0.15068493150684853,1024,float,sum,0.02,0.02,0,0
all_reduce_perf,2,16,16777216,RING,LL128,16,RING,LL128,0,135.5,232.16,133.07,236.4,3,0.36900369003690037,1024,float,sum,0.02,0.02,0,0
all_reduce_perf,2,16,16777216,RING,LL128,24,RING,LL128,0,167.93,187.33,164.87,190.8,3,0.22032989936283243,1024,float,sum,0.02,0.02,0,0
all_reduce_perf,2,16,16777216,RING,LL128,32,RING,LL128,0,166.45,188.99,165.96,189.55,3,1.387804145389007,1024,float,sum,0.02,0.02,0,0
all_reduce_perf,2,16,16777216,RING,LL128,40,RING,LL128,0,146.68,214.46,146.56,214.64,3,1.7657485683119545,1024,float,sum,0.02,0.02,0,0
all_reduce_perf,2,16,16777216,RING,LL128,48,RING,LL128,0,130.85,240.4,130.3,241.43,3,2.0940007642338627,1024,float,sum,0.02,0.02,0,0
all_reduce_perf,2,16,16777216,RING,SIMPLE,1,RING,SIMPLE,0,15.95,1972.63,15.89,1979.67,3,0.3134796238244559,1024,float,sum,0.02,0.02,0,0
all_reduce_perf,2,16,16777216,RING,SIMPLE,2,RING,SIMPLE,0,28.4,1107.5,28.23,1114.38,3,0.24647887323943762,1024,float,sum,0.02,0.02,0,0
all_reduce_perf,2,16,16777216,RING,SIMPLE,4,RING,SIMPLE,0,44.03,714.45,43.98,715.25,3,0.24982966159436618,1024,float,sum,0.02,0.02,0,0
all_reduce_perf,2,16,16777216,RING,SIMPLE,8,RING,SIMPLE,0,66.82,470.75,66.26,474.72,3,0.374139479197845,1024,float,sum,0.02,0.02,0,0
all_reduce_perf,2,16,16777216,RING,SIMPLE,16,RING,SIMPLE,0,83.27,377.78,82.52,381.21,3,1.2249309475201275,1024,float,sum,0.02,0.02,0,0
all_reduce_perf,2,16,16777216,RING,SIMPLE,24,RING,SIMPLE,0,77.01,408.5,77.0,408.55,3,0.7141929619529893,1024,float,sum,0.02,0.02,0,0
all_reduce_perf,2,16,16777216,RING,SIMPLE,32,RING,SIMPLE,0,69.3,453.91,69.12,455.13,3,0.2741702741702709,1024,float,sum,0.02,0.02,0,0
all_reduce_perf,2,16,16777216,RING,SIMPLE,40,RING,SIMPLE,0,61.8,508.98,61.65,510.28,3,0.8252427184465987,1024,float,sum,0.02,0.02,0,0
all_reduce_perf,2,16,16777216,RING,SIMPLE,48,RING,SIMPLE,0,55.29,568.99,54.95,572.51,3,15.988424669922235,1024,float,sum,0.02,0.02,0,0
all_reduce_perf,2,16,16777216,TREE,LL,1,TREE,LL,0,2.31,13608.1,2.32,13573.7,3,0.4329004329004429,1024,float,sum,0.02,0.02,0,0
all_reduce_perf,2,16,16777216,TREE,LL,2,TREE,LL,0,4.58,6871.74,4.59,6846.52,3,0.21834061135370714,1024,float,sum,0.02,0.02,0,0
all_reduce_perf,2,16,16777216,TREE,LL,4,TREE,LL,0,8.99,3498.85,9.0,3497.03,3,0.11123470522802878,1024,float,sum,0.02,0.02,0,0
all_reduce_perf,2,16,16777216,TREE,LL,8,TREE,LL,0,17.62,1784.9,17.57,1790.35,3,0.34052213393869873,1024,float,sum,0.02,0.02,0,0
all_reduce_perf,2,16,16777216,TREE,LL,16,TREE,LL,0,33.65,934.95,33.45,940.46,3,0.14858841010402457,1024,float,sum,0.02,0.02,0,0
all_reduce_perf,2,16,16777216,TREE,LL,24,TREE,LL,0,48.19,652.82,47.86,657.25,3,0.24901431832331303,1024,float,sum,0.02,0.02,0,0
all_reduce_perf,2,16,16777216,TREE,LL,32,TREE,LL,0,58.42,538.5,57.82,544.05,3,0.5477576172543654,1024,float,sum,0.02,0.02,0,0
all_reduce_perf,2,16,16777216,TREE,LL,40,TREE,LL,0,63.67,494.08,62.78,501.09,3,6.643631223496146,1024,float,sum,0.02,0.02,0,0
all_reduce_perf,2,16,16777216,TREE,LL,48,TREE,LL,0,68.23,461.05,67.86,463.55,3,0.6595339293565922,1024,float,sum,0.02,0.02,0,0
all_reduce_perf,2,16,16777216,TREE,LL128,1,TREE,LL128,0,9.0,3494.42,9.0,3496.1,3,1.3333333333333444,1024,float,sum,0.02,0.02,0,0
all_reduce_perf,2,16,16777216,TREE,LL128,2,TREE,LL128,0,17.51,1796.3,17.38,1810.3,3,0.45688178183893935,1024,float,sum,0.02,0.02,0,0
all_reduce_perf,2,16,16777216,TREE,LL128,4,TREE,LL128,0,32.39,971.11,32.15,978.57,3,1.9759184933621288,1024,float,sum,0.02,0.02,0,0
all_reduce_perf,2,16,16777216,TREE,LL128,8,TREE,LL128,0,60.66,518.56,60.53,519.7,3,2.11012199142762,1024,float,sum,0.02,0.02,0,0
all_reduce_perf,2,16,16777216,TREE,LL128,16,TREE,LL128,0,106.94,294.16,105.78,297.39,3,0.6452216195997734,1024,float,sum,0.02,0.02,0,0
all_reduce_perf,2,16,16777216,TREE,LL128,24,TREE,LL128,0,138.21,227.61,137.23,229.23,3,0.5209463859344468,1024,float,sum,0.02,0.02,0,0
all_reduce_perf,2,16,16777216,TREE,LL128,32,TREE,LL128,0,168.54,186.65,166.79,188.61,3,0.2729322416043717,1024,float,sum,0.02,0.02,0,0
all_reduce_perf,2,16,16777216,TREE,LL128,40,TREE,LL128,0,184.84,170.18,184.26,170.72,3,0.37870590781215574,1024,float,sum,0.02,0.02,0,0
all_reduce_perf,2,16,16777216,TREE,LL128,48,TREE,LL128,0,195.27,161.09,194.03,162.13,3,1.1112818149229353,1024,float,sum,0.02,0.02,0,0
all_reduce_perf,2,16,16777216,TREE,LL128,48,,,0,193.45,162.61,193.92,162.22,3,1.493926079090212,1024,float,sum,0.02,0.02,0,0
all_reduce_perf,2,16,16777216,TREE,SIMPLE,1,TREE,SIMPLE,0,11.67,2695.86,11.5,2736.12,3,0.2570694087403544,1024,float,sum,0.02,0.02,0,0
all_reduce_perf,2,16,16777216,TREE,SIMPLE,2,TREE,SIMPLE,0,20.67,1521.62,20.2,1557.61,3,0.43541364296081203,1024,float,sum,0.02,0.02,0,0
all_reduce_perf,2,16,16777216,TREE,SIMPLE,4,TREE,SIMPLE,0,35.48,886.66,34.47,912.72,3,0.19729425028184974,1024,float,sum,0.02,0.02,0,0
all_reduce_perf,2,16,16777216,TREE,SIMPLE,8,TREE,SIMPLE,0,56.72,554.58,54.73,574.74,3,0.4231311706628965,1024,float,sum,0.02,0.02,0,0
all_reduce_perf,2,16,16777216,TREE,SIMPLE,16,TREE,SIMPLE,0,91.04,345.55,78.71,399.64,3,0.5162565905096648,1024,float,sum,0.02,0.02,0,0
all_reduce_perf,2,16,16777216,TREE,SIMPLE,24,TREE,SIMPLE,0,112.82,278.82,109.41,287.51,3,0.31909235951072457,1024,float,sum,0.02,0.02,0,0
all_reduce_perf,2,16,16777216,TREE,SIMPLE,32,TREE,SIMPLE,0,127.03,247.63,123.72,254.26,3,0.11021018657010201,1024,float,sum,0.02,0.02,0,0
all_reduce_perf,2,16,16777216,TREE,SIMPLE,40,TREE,SIMPLE,0,133.29,236.01,129.94,242.09,3,0.42763898266938377,1024,float,sum,0.02,0.02,0,0
all_reduce_perf,2,16,16777216,TREE,SIMPLE,48,TREE,SIMPLE,0,140.65,223.66,137.4,228.95,3,0.39815143974404715,1024,float,sum,0.02,0.02,0,0
all_reduce_perf,2,16,33554432,RING,LL,1,RING,LL,0,2.42,25997.4,2.42,26026.5,3,0.8264462809917362,1024,float,sum,0.02,0.02,0,0
all_reduce_perf,2,16,33554432,RING,LL,2,RING,LL,0,4.83,13024.2,4.85,12983.9,3,0.41407867494823136,1024,float,sum,0.02,0.02,0,0
all_reduce_perf,2,16,33554432,RING,LL,4,RING,LL,0,9.49,6632.25,9.34,6732.87,3,1.0537407797681733,1024,float,sum,0.02,0.02,0,0
all_reduce_perf,2,16,33554432,RING,LL,8,RING,LL,0,18.83,3342.02,18.81,3345.48,3,0.7966011683483728,1024,float,sum,0.02,0.02,0,0
all_reduce_perf,2,16,33554432,RING,LL,16,RING,LL,0,36.14,1740.94,35.37,1778.8,3,2.40730492529053,1024,float,sum,0.02,0.02,0,0
all_reduce_perf,2,16,33554432,RING,LL,24,RING,LL,0,38.15,1648.94,38.16,1648.61,3,2.33289646133683,1024,float,sum,0.02,0.02,0,0
all_reduce_perf,2,16,33554432,RING,LL,32,RING,LL,0,41.73,1507.53,41.65,1510.43,3,3.1631919482386786,1024,float,sum,0.02,0.02,0,0
all_reduce_perf,2,16,33554432,RING,LL,40,RING,LL,0,37.34,1684.86,37.38,1683.02,3,9.58757364756293,1024,float,sum,0.02,0.02,0,0
all_reduce_perf,2,16,33554432,RING,LL,48,RING,LL,0,38.4,1638.33,38.34,1641.01,3,3.229166666666672,1024,float,sum,0.02,0.02,0,0
all_reduce_perf,2,16,33554432,RING,LL128,1,RING,LL128,0,11.51,5463.79,11.59,5429.22,3,2.172024326672459,1024,float,sum,0.02,0.02,0,0
all_reduce_perf,2,16,33554432,RING,LL128,2,RING,LL128,0,21.0,2996.1,20.8,3024.52,3,1.5714285714285803,1024,float,sum,0.02,0.02,0,0
all_reduce_perf,2,16,33554432,RING,LL128,4,RING,LL128,0,39.9,1576.69,39.59,1589.13,3,0.6015037593985012,1024,float,sum,0.02,0.02,0,0
all_reduce_perf,2,16,33554432,RING,LL128,8,RING,LL128,0,77.99,806.75,77.4,812.86,3,0.39748685728939903,1024,float,sum,0.02,0.02,0,0
all_reduce_perf,2,16,33554432,RING,LL128,16,RING,LL128,0,139.36,451.46,138.04,455.79,3,0.09328358208954897,1024,float,sum,0.02,0.02,0,0
all_reduce_perf,2,16,33554432,RING,LL128,24,RING,LL128,0,196.95,319.44,195.48,321.85,3,0.1370906321401423,1024,float,sum,0.02,0.02,0,0
all_reduce_perf,2,16,33554432,RING,LL128,32,RING,LL128,0,230.62,272.81,228.27,275.62,3,0.7414794900702489,1024,float,sum,0.02,0.02,0,0
all_reduce_perf,2,16,33554432,RING,LL128,40,RING,LL128,0,250.89,250.77,249.26,252.4,3,0.6138148192435013,1024,float,sum,0.02,0.02,0,0
all_reduce_perf,2,16,33554432,RING,LL128,48,RING,LL128,0,232.72,270.34,233.13,269.87,3,1.03557923685115,1024,float,sum,0.02,0.02,0,0
all_reduce_perf,2,16,33554432,RING,SIMPLE,1,RING,SIMPLE,0,17.55,3585.43,17.49,3597.56,3,0.22792022792022304,1024,float,sum,0.02,0.02,0,0
all_reduce_perf,2,16,33554432,RING,SIMPLE,2,RING,SIMPLE,0,30.04,2094.69,30.0,2097.22,3,0.099866844207715,1024,float,sum,0.02,0.02,0,0
all_reduce_perf,2,16,33554432,RING,SIMPLE,4,RING,SIMPLE,0,51.26,1227.43,51.52,1221.21,3,0.2536090518923187,1024,float,sum,0.02,0.02,0,0
all_reduce_perf,2,16,33554432,RING,SIMPLE,8,RING,SIMPLE,0,87.61,718.08,88.25,712.92,3,0.21687022029448436,1024,float,sum,0.02,0.02,0,0
all_reduce_perf,2,16,33554432,RING,SIMPLE,16,RING,SIMPLE,0,128.64,489.08,127.95,491.71,3,0.2565298507462563,1024,float,sum,0.02,0.02,0,0
all_reduce_perf,2,16,33554432,RING,SIMPLE,24,RING,SIMPLE,0,142.24,442.33,142.07,442.84,3,0.46400449943756783,1024,float,sum,0.02,0.02,0,0
all_reduce_perf,2,16,33554432,RING,SIMPLE,32,RING,SIMPLE,0,133.81,470.2,133.49,471.32,3,0.37366415066138553,1024,float,sum,0.02,0.02,0,0
all_reduce_perf,2,16,33554432,RING,SIMPLE,40,RING,SIMPLE,0,118.07,532.85,117.54,535.26,3,10.841026509697635,1024,float,sum,0.02,0.02,0,0
all_reduce_perf,2,16,33554432,RING,SIMPLE,48,RING,SIMPLE,0,105.84,594.44,105.5,596.34,3,1.625094482237338,1024,float,sum,0.02,0.02,0,0
all_reduce_perf,2,16,33554432,TREE,LL,1,TREE,LL,0,2.32,27107.7,2.32,27069.5,3,0.4310344827586115,1024,float,sum,0.02,0.02,0,0
all_reduce_perf,2,16,33554432,TREE,LL,2,TREE,LL,0,4.62,13610.7,4.63,13582.1,3,0.2164502164502118,1024,float,sum,0.02,0.02,0,0
all_reduce_perf,2,16,33554432,TREE,LL,4,TREE,LL,0,9.12,6894.77,9.13,6890.23,3,0.32894736842106514,1024,float,sum,0.02,0.02,0,0
all_reduce_perf,2,16,33554432,TREE,LL,8,TREE,LL,0,17.93,3508.46,17.9,3514.25,3,0.167317345231462,1024,float,sum,0.02,0.02,0,0
all_reduce_perf,2,16,33554432,TREE,LL,16,TREE,LL,0,34.82,1806.61,34.81,1807.55,3,0.05743825387707071,1024,float,sum,0.02,0.02,0,0
all_reduce_perf,2,16,33554432,TREE,LL,24,TREE,LL,0,50.89,1236.34,50.79,1238.62,3,0.11790135586559691,1024,float,sum,0.02,0.02,0,0
all_reduce_perf,2,16,33554432,TREE,LL,32,TREE,LL,0,63.39,992.52,63.14,996.37,3,0.9780722511437094,1024,float,sum,0.02,0.02,0,0
all_reduce_perf,2,16,33554432,TREE,LL,40,TREE,LL,0,68.26,921.72,67.99,925.34,3,6.607090536185181,1024,float,sum,0.02,0.02,0,0
all_reduce_perf,2,16,33554432,TREE,LL,48,TREE,LL,0,72.26,870.61,71.84,875.77,3,0.4705231109880835,1024,float,sum,0.02,0.02,0,0
all_reduce_perf,2,16,33554432,TREE,LL128,1,TREE,LL128,0,9.07,6938.8,9.04,6960.93,3,0.5512679162072845,1024,float,sum,0.02,0.02,0,0
all_reduce_perf,2,16,33554432,TREE,LL128,2,TREE,LL128,0,17.92,3511.15,17.92,3510.83,3,0.11160714285714046,1024,float,sum,0.02,0.02,0,0
all_reduce_perf,2,16,33554432,TREE,LL128,4,TREE,LL128,0,33.44,1881.2,33.48,1878.93,3,1.6746411483253658,1024,float,sum,0.02,0.02,0,0
all_reduce_perf,2,16,33554432,TREE,LL128,8,TREE,LL128,0,64.88,969.64,64.75,971.63,3,1.8495684340320637,1024,float,sum,0.02,0.02,0,0
all_reduce_perf,2,16,33554432,TREE,LL128,16,TREE,LL128,0,118.98,528.8,117.95,533.4,3,0.6471675911918056,1024,float,sum,0.02,0.02,0,0
all_reduce_perf,2,16,33554432,TREE,LL128,24,TREE,LL128,0,159.98,393.28,159.37,394.78,3,0.6938367295911897,1024,float,sum,0.02,0.02,0,0
all_reduce_perf,2,16,33554432,TREE,LL128,32,TREE,LL128,0,191.27,328.93,191.13,329.17,3,1.050870497202917,1024,float,sum,0.02,0.02,0,0
all_reduce_perf,2,16,33554432,TREE,LL128,40,TREE,LL128,0,212.57,295.97,210.42,299.0,3,0.23992096721081024,1024,float,sum,0.02,0.02,0,0
all_reduce_perf,2,16,33554432,TREE,LL128,48,TREE,LL128,0,225.26,279.3,221.57,283.95,3,0.9544526325135425,1024,float,sum,0.02,0.02,0,0
all_reduce_perf,2,16,33554432,TREE,LL128,48,,,0,225.25,279.3,220.77,284.98,3,2.068812430632629,1024,float,sum,0.02,0.02,0,0
all_reduce_perf,2,16,33554432,TREE,SIMPLE,1,TREE,SIMPLE,0,12.28,5121.95,12.18,5165.42,3,0.3257328990228089,1024,float,sum,0.02,0.02,0,0
all_reduce_perf,2,16,33554432,TREE,SIMPLE,2,TREE,SIMPLE,0,23.03,2731.38,22.87,2751.32,3,0.3039513677811562,1024,float,sum,0.02,0.02,0,0
all_reduce_perf,2,16,33554432,TREE,SIMPLE,4,TREE,SIMPLE,0,39.07,1610.17,38.86,1619.2,3,0.6142820578448989,1024,float,sum,0.02,0.02,0,0
all_reduce_perf,2,16,33554432,TREE,SIMPLE,8,TREE,SIMPLE,0,70.07,897.82,68.98,912.1,3,0.4138718424432597,1024,float,sum,0.02,0.02,0,0
all_reduce_perf,2,16,33554432,TREE,SIMPLE,16,TREE,SIMPLE,0,110.23,570.75,107.71,584.11,3,0.2177265717136849,1024,float,sum,0.02,0.02,0,0
all_reduce_perf,2,16,33554432,TREE,SIMPLE,24,TREE,SIMPLE,0,144.96,434.01,141.91,443.33,3,0.5035871964679841,1024,float,sum,0.02,0.02,0,0
all_reduce_perf,2,16,33554432,TREE,SIMPLE,32,TREE,SIMPLE,0,169.33,371.55,166.77,377.26,3,0.30118703124076707,1024,float,sum,0.02,0.02,0,0
all_reduce_perf,2,16,33554432,TREE,SIMPLE,40,TREE,SIMPLE,0,185.13,339.85,183.23,343.36,3,0.31869497110139006,1024,float,sum,0.02,0.02,0,0
all_reduce_perf,2,16,33554432,TREE,SIMPLE,48,TREE,SIMPLE,0,193.24,325.57,192.06,327.58,3,0.7400124197888671,1024,float,sum,0.02,0.02,0,0
all_reduce_perf,2,16,67108864,RING,LL,1,RING,LL,0,2.42,52014.0,2.42,52030.5,3,0.8264462809917362,1024,float,sum,0.02,0.02,0,0
all_reduce_perf,2,16,67108864,RING,LL,2,RING,LL,0,4.82,26124.1,4.84,25994.7,3,0.6224066390041545,1024,float,sum,0.02,0.02,0,0
all_reduce_perf,2,16,67108864,RING,LL,4,RING,LL,0,9.44,13331.5,9.34,13473.7,3,1.4830508474576332,1024,float,sum,0.02,0.02,0,0
all_reduce_perf,2,16,67108864,RING,LL,8,RING,LL,0,18.75,6710.94,18.71,6725.2,3,0.7999999999999924,1024,float,sum,0.02,0.02,0,0
all_reduce_perf,2,16,67108864,RING,LL,16,RING,LL,0,36.22,3474.48,36.09,3486.06,3,1.4356709000552268,1024,float,sum,0.02,0.02,0,0
all_reduce_perf,2,16,67108864,RING,LL,24,RING,LL,0,40.0,3145.56,39.76,3164.9,3,2.9249999999999865,1024,float,sum,0.02,0.02,0,0
all_reduce_perf,2,16,67108864,RING,LL,32,RING,LL,0,41.6,3024.44,41.61,3024.15,3,3.004807692307692,1024,float,sum,0.02,0.02,0,0
all_reduce_perf,2,16,67108864,RING,LL,40,RING,LL,0,39.46,3188.49,39.46,3188.46,3,10.086163203243801,1024,float,sum,0.02,0.02,0,0
all_reduce_perf,2,16,67108864,RING,LL,48,RING,LL,0,39.37,3196.02,39.45,3189.41,3,3.505207010414028,1024,float,sum,0.02,0.02,0,0
all_reduce_perf,2,16,67108864,RING,LL128,1,RING,LL128,0,11.6,10845.7,11.63,10817.3,3,1.8103448275862144,1024,float,sum,0.02,0.02,0,0
all_reduce_perf,2,16,67108864,RING,LL128,2,RING,LL128,0,21.03,5984.53,20.94,6010.25,3,1.141226818830252,1024,float,sum,0.02,0.02,0,0
all_reduce_perf,2,16,67108864,RING,LL128,4,RING,LL128,0,40.3,3122.59,40.13,3135.67,3,0.8933002481389565,1024,float,sum,0.02,0.02,0,0
all_reduce_perf,2,16,67108864,RING,LL128,8,RING,LL128,0,78.77,1597.46,78.56,1601.73,3,0.30468452456520134,1024,float,sum,0.02,0.02,0,0
all_reduce_perf,2,16,67108864,RING,LL128,16,RING,LL128,0,147.89,850.81,147.19,854.88,3,0.17580634255189054,1024,float,sum,0.02,0.02,0,0
all_reduce_perf,2,16,67108864,RING,LL128,24,RING,LL128,0,208.16,604.48,207.67,605.9,3,0.12970791698693807,1024,float,sum,0.02,0.02,0,0
all_reduce_perf,2,16,67108864,RING,LL128,32,RING,LL128,0,234.99,535.46,234.28,537.1,3,0.5404485297246614,1024,float,sum,0.02,0.02,0,0
all_reduce_perf,2,16,67108864,RING,LL128,40,RING,LL128,0,214.71,586.04,214.25,587.3,3,0.9221740952913317,1024,float,sum,0.02,0.02,0,0
all_reduce_perf,2,16,67108864,RING,LL128,48,RING,LL128,0,291.16,432.16,292.08,430.81,3,0.5907404863305492,1024,float,sum,0.02,0.02,0,0
all_reduce_perf,2,16,67108864,RING,LL128,48,,,0,292.21,430.61,291.42,431.78,3,0.46541870572531974,1024,float,sum,0.02,0.02,0,0
all_reduce_perf,2,16,67108864,RING,SIMPLE,1,RING,SIMPLE,0,17.65,7128.52,17.63,7135.49,3,0.2266288951841513,1024,float,sum,0.02,0.02,0,0
all_reduce_perf,2,16,67108864,RING,SIMPLE,2,RING,SIMPLE,0,31.59,3982.86,31.59,3983.69,3,0.0949667616334319,1024,float,sum,0.02,0.02,0,0
all_reduce_perf,2,16,67108864,RING,SIMPLE,4,RING,SIMPLE,0,55.99,2247.37,56.05,2244.94,3,0.44650830505447403,1024,float,sum,0.02,0.02,0,0
all_reduce_perf,2,16,67108864,RING,SIMPLE,8,RING,SIMPLE,0,102.36,1229.33,102.78,1224.26,3,0.6154747948417306,1024,float,sum,0.02,0.02,0,0
all_reduce_perf,2,16,67108864,RING,SIMPLE,16,RING,SIMPLE,0,172.46,729.61,172.11,731.1,3,0.20874405659284104,1024,float,sum,0.02,0.02,0,0
all_reduce_perf,2,16,67108864,RING,SIMPLE,24,RING,SIMPLE,0,211.68,594.43,211.31,595.47,3,0.15589569160998323,1024,float,sum,0.02,0.02,0,0
all_reduce_perf,2,16,67108864,RING,SIMPLE,32,RING,SIMPLE,0,230.42,546.08,230.33,546.3,3,0.5077684228799529,1024,float,sum,0.02,0.02,0,0
all_reduce_perf,2,16,67108864,RING,SIMPLE,40,RING,SIMPLE,0,215.02,585.19,215.45,584.02,3,1.8230862245372599,1024,float,sum,0.02,0.02,0,0
all_reduce_perf,2,16,67108864,RING,SIMPLE,48,RING,SIMPLE,0,198.92,632.55,198.41,634.18,3,4.936657952945919,1024,float,sum,0.02,0.02,0,0
all_reduce_perf,2,16,67108864,TREE,LL,1,TREE,LL,0,2.32,54134.2,2.32,54120.5,3,0.43103448275863065,1024,float,sum,0.02,0.02,0,0
all_reduce_perf,2,16,67108864,TREE,LL,2,TREE,LL,0,4.64,27136.1,4.64,27145.5,3,0.21551724137930575,1024,float,sum,0.02,0.02,0,0
all_reduce_perf,2,16,67108864,TREE,LL,4,TREE,LL,0,9.17,13722.0,9.19,13686.6,3,0.3271537622682591,1024,float,sum,0.02,0.02,0,0
all_reduce_perf,2,16,67108864,TREE,LL,8,TREE,LL,0,18.11,6947.22,18.1,6953.39,3,0.49696300386526704,1024,float,sum,0.02,0.02,0,0
all_reduce_perf,2,16,67108864,TREE,LL,16,TREE,LL,0,35.38,3556.35,35.39,3555.49,3,0.1130582249858653,1024,float,sum,0.02,0.02,0,0
all_reduce_perf,2,16,67108864,TREE,LL,24,TREE,LL,0,52.1,2414.98,52.06,2416.93,3,0.729366602687145,1024,float,sum,0.02,0.02,0,0
all_reduce_perf,2,16,67108864,TREE,LL,32,TREE,LL,0,66.75,1885.0,66.7,1886.43,3,0.37453183520599254,1024,float,sum,0.02,0.02,0,0
all_reduce_perf,2,16,67108864,TREE,LL,40,TREE,LL,0,72.05,1746.36,71.21,1767.1,3,2.248438584316453,1024,float,sum,0.02,0.02,0,0
all_reduce_perf,2,16,67108864,TREE,LL,48,TREE,LL,0,75.03,1676.95,75.11,1675.2,3,0.3865120618419382,1024,float,sum,0.02,0.02,0,0
all_reduce_perf,2,16,67108864,TREE,LL128,1,TREE,LL128,0,8.85,14218.5,8.87,14192.5,3,0.9039548022598879,1024,float,sum,0.02,0.02,0,0
all_reduce_perf,2,16,67108864,TREE,LL128,2,TREE,LL128,0,18.0,6990.04,18.01,6987.04,3,0.4444444444444547,1024,float,sum,0.02,0.02,0,0
all_reduce_perf,2,16,67108864,TREE,LL128,4,TREE,LL128,0,34.25,3673.39,34.45,3652.58,3,1.4598540145985401,1024,float,sum,0.02,0.02,0,0
all_reduce_perf,2,16,67108864,TREE,LL128,8,TREE,LL128,0,67.5,1864.13,67.44,1865.83,3,1.7037037037037122,1024,float,sum,0.02,0.02,0,0
all_reduce_perf,2,16,67108864,TREE,LL128,16,TREE,LL128,0,125.83,1000.01,125.44,1003.11,3,0.8980370340936147,1024,float,sum,0.02,0.02,0,0
all_reduce_perf,2,16,67108864,TREE,LL128,24,TREE,LL128,0,173.38,725.75,173.37,725.78,3,0.5536970815549705,1024,float,sum,0.02,0.02,0,0
all_reduce_perf,2,16,67108864,TREE,LL128,32,TREE,LL128,0,210.5,597.75,211.19,595.81,3,0.9501187648456058,1024,float,sum,0.02,0.02,0,0
all_reduce_perf,2,16,67108864,TREE,LL128,40,TREE,LL128,0,232.94,540.19,231.89,542.63,3,0.21035459775049759,1024,float,sum,0.02,0.02,0,0
all_reduce_perf,2,16,67108864,TREE,LL128,48,TREE,LL128,0,248.95,505.43,249.14,505.06,3,0.37356898975698205,1024,float,sum,0.02,0.02,0,0
all_reduce_perf,2,16,67108864,TREE,SIMPLE,1,TREE,SIMPLE,0,12.84,9798.14,12.83,9810.22,3,0.23364485981307914,1024,float,sum,0.02,0.02,0,0
all_reduce_perf,2,16,67108864,TREE,SIMPLE,2,TREE,SIMPLE,0,24.32,5174.38,24.33,5172.45,3,0.1644736842105228,1024,float,sum,0.02,0.02,0,0
all_reduce_perf,2,16,67108864,TREE,SIMPLE,4,TREE,SIMPLE,0,44.15,2850.1,44.23,2844.75,3,0.29445073612683004,1024,float,sum,0.02,0.02,0,0
all_reduce_perf,2,16,67108864,TREE,SIMPLE,8,TREE,SIMPLE,0,77.8,1617.24,77.45,1624.67,3,0.28277634961439446,1024,float,sum,0.02,0.02,0,0
all_reduce_perf,2,16,67108864,TREE,SIMPLE,16,TREE,SIMPLE,0,136.28,923.3,135.91,925.86,3,0.35955385970062304,1024,float,sum,0.02,0.02,0,0
all_reduce_perf,2,16,67108864,TREE,SIMPLE,24,TREE,SIMPLE,0,170.14,739.54,169.66,741.65,3,0.15869284118959787,1024,float,sum,0.02,0.02,0,0
all_reduce_perf,2,16,67108864,TREE,SIMPLE,32,TREE,SIMPLE,0,206.81,608.43,206.27,610.02,3,0.11121319085150128,1024,float,sum,0.02,0.02,0,0
all_reduce_perf,2,16,67108864,TREE,SIMPLE,40,TREE,SIMPLE,0,231.11,544.46,230.1,546.85,3,0.24663580113365632,1024,float,sum,0.02,0.02,0,0
all_reduce_perf,2,16,67108864,TREE,SIMPLE,48,TREE,SIMPLE,0,244.6,514.43,243.35,517.06,3,0.2739165985282042,1024,float,sum,0.02,0.02,0,0
all_reduce_perf,2,16,134217728,RING,LL,1,RING,LL,0,2.42,104183.0,2.42,104186.0,3,1.2396694214875952,1024,float,sum,0.02,0.02,0,0
all_reduce_perf,2,16,134217728,RING,LL,2,RING,LL,0,4.82,52243.4,4.84,51953.0,3,0.6224066390041361,1024,float,sum,0.02,0.02,0,0
all_reduce_perf,2,16,134217728,RING,LL,4,RING,LL,0,9.41,26731.9,9.31,27024.7,3,1.5940488841657847,1024,float,sum,0.02,0.02,0,0
all_reduce_perf,2,16,134217728,RING,LL,8,RING,LL,0,18.59,13538.4,18.67,13479.8,3,0.8068854222700492,1024,float,sum,0.02,0.02,0,0
all_reduce_perf,2,16,134217728,RING,LL,16,RING,LL,0,35.68,7053.38,35.72,7044.76,3,4.3721973094170465,1024,float,sum,0.02,0.02,0,0
all_reduce_perf,2,16,134217728,RING,LL,24,RING,LL,0,40.16,6266.7,40.11,6274.0,3,2.6145418326693157,1024,float,sum,0.02,0.02,0,0
all_reduce_perf,2,16,134217728,RING,LL,32,RING,LL,0,41.06,6128.56,41.52,6061.13,3,1.972722844617638,1024,float,sum,0.02,0.02,0,0
all_reduce_perf,2,16,134217728,RING,LL,40,RING,LL,0,40.58,6201.04,40.67,6188.22,3,9.216362740266145,1024,float,sum,0.02,0.02,0,0
all_reduce_perf,2,16,134217728,RING,LL,48,RING,LL,0,41.31,6091.77,41.01,6136.56,3,4.091019123698857,1024,float,sum,0.02,0.02,0,0
all_reduce_perf,2,16,134217728,RING,LL128,1,RING,LL128,0,11.6,21689.8,11.68,21544.7,3,2.2413793103448256,1024,float,sum,0.02,0.02,0,0
all_reduce_perf,2,16,134217728,RING,LL128,2,RING,LL128,0,21.0,11983.8,20.98,11996.9,3,1.1904761904761905,1024,float,sum,0.02,0.02,0,0
all_reduce_perf,2,16,134217728,RING,LL128,4,RING,LL128,0,40.41,6227.33,40.17,6264.32,3,0.8908685968819586,1024,float,sum,0.02,0.02,0,0
all_reduce_perf,2,16,134217728,RING,LL128,8,RING,LL128,0,79.46,3167.02,79.43,3168.14,3,0.27686886483767065,1024,float,sum,0.02,0.02,0,0
all_reduce_perf,2,16,134217728,RING,LL128,16,RING,LL128,0,150.0,1677.77,149.44,1684.0,3,0.2666666666666705,1024,float,sum,0.02,0.02,0,0
all_reduce_perf,2,16,134217728,RING,LL128,24,RING,LL128,0,212.31,1185.32,211.45,1190.15,3,0.0847816871555776,1024,float,sum,0.02,0.02,0,0
all_reduce_perf,2,16,134217728,RING,LL128,32,RING,LL128,0,256.97,979.32,256.63,980.63,3,0.1673347083317145,1024,float,sum,0.02,0.02,0,0
all_reduce_perf,2,16,134217728,RING,LL128,40,RING,LL128,0,258.53,973.41,257.78,976.26,3,0.7078482187753778,1024,float,sum,0.02,0.02,0,0
all_reduce_perf,2,16,134217728,RING,LL128,48,RING,LL128,0,310.2,811.27,309.91,812.04,3,0.3642811089619586,1024,float,sum,0.02,0.02,0,0
all_reduce_perf,2,16,134217728,RING,SIMPLE,1,RING,SIMPLE,0,17.72,14204.6,17.72,14205.9,3,0.05643340857786688,1024,float,sum,0.02,0.02,0,0
all_reduce_perf,2,16,134217728,RING,SIMPLE,2,RING,SIMPLE,0,31.74,7929.97,31.76,7924.85,3,0.12602394454946172,1024,float,sum,0.02,0.02,0,0
all_reduce_perf,2,16,134217728,RING,SIMPLE,4,RING,SIMPLE,0,59.87,4203.08,59.94,4198.55,3,0.18373141807248944,1024,float,sum,0.02,0.02,0,0
all_reduce_perf,2,16,134217728,RING,SIMPLE,8,RING,SIMPLE,0,111.61,2254.73,111.93,2248.27,3,0.2508735776364135,1024,float,sum,0.02,0.02,0,0
all_reduce_perf,2,16,134217728,RING,SIMPLE,16,RING,SIMPLE,0,202.64,1241.91,202.79,1240.97,3,0.3306356099486713,1024,float,sum,0.02,0.02,0,0
all_reduce_perf,2,16,134217728,RING,SIMPLE,24,RING,SIMPLE,0,269.97,932.16,270.64,929.85,3,0.47042263955255714,1024,float,sum,0.02,0.02,0,0
all_reduce_perf,2,16,134217728,RING,SIMPLE,32,RING,SIMPLE,0,313.66,802.34,314.81,799.41,3,0.7141490786201649,1024,float,sum,0.02,0.02,0,0
all_reduce_perf,2,16,134217728,RING,SIMPLE,40,RING,SIMPLE,0,323.03,779.06,325.11,774.08,3,5.61248181283472,1024,float,sum,0.02,0.02,0,0
all_reduce_perf,2,16,134217728,RING,SIMPLE,48,RING,SIMPLE,0,319.52,787.63,321.49,782.78,3,0.9044817225838716,1024,float,sum,0.02,0.02,0,0
all_reduce_perf,2,16,134217728,RING,SIMPLE,48,,,0,320.38,785.5,318.29,790.66,3,0.6367438666583496,1024,float,sum,0.02,0.02,0,0
all_reduce_perf,2,16,134217728,TREE,LL,1,TREE,LL,0,2.33,107851.0,2.33,108119.0,3,0.858369098712447,1024,float,sum,0.02,0.02,0,0
all_reduce_perf,2,16,134217728,TREE,LL,2,TREE,LL,0,4.65,54077.4,4.64,54185.2,3,0.4301075268817303,1024,float,sum,0.02,0.02,0,0
all_reduce_perf,2,16,134217728,TREE,LL,4,TREE,LL,0,9.21,27337.7,9.18,27405.6,3,0.32573289902281366,1024,float,sum,0.02,0.02,0,0
all_reduce_perf,2,16,134217728,TREE,LL,8,TREE,LL,0,18.2,13827.9,18.17,13852.8,3,0.0,1024,float,sum,0.02,0.02,0,0
all_reduce_perf,2,16,134217728,TREE,LL,16,TREE,LL,0,35.67,7055.58,35.7,7050.17,3,0.6447995514437815,1024,float,sum,0.02,0.02,0,0
all_reduce_perf,2,16,134217728,TREE,LL,24,TREE,LL,0,52.72,4773.17,52.67,4777.84,3,0.24658573596358602,1024,float,sum,0.02,0.02,0,0
all_reduce_perf,2,16,134217728,TREE,LL,32,TREE,LL,0,68.53,3672.23,68.46,3675.81,3,4.6403035167080215,1024,float,sum,0.02,0.02,0,0
all_reduce_perf,2,16,134217728,TREE,LL,40,TREE,LL,0,75.32,3340.97,74.68,3369.86,3,2.031332979288371,1024,float,sum,0.02,0.02,0,0
all_reduce_perf,2,16,134217728,TREE,LL,48,TREE,LL,0,76.58,3286.31,75.85,3317.89,3,1.2797074954296213,1024,float,sum,0.02,0.02,0,0
all_reduce_perf,2,16,134217728,TREE,LL128,1,TREE,LL128,0,8.77,28709.7,8.77,28689.4,3,0.912200684150514,1024,float,sum,0.02,0.02,0,0
all_reduce_perf,2,16,134217728,TREE,LL128,2,TREE,LL128,0,17.69,14225.4,17.65,14259.1,3,0.2261164499717306,1024,float,sum,0.02,0.02,0,0
all_reduce_perf,2,16,134217728,TREE,LL128,4,TREE,LL128,0,35.0,7190.97,35.16,7158.07,3,0.5142857142857135,1024,float,sum,0.02,0.02,0,0
all_reduce_perf,2,16,134217728,TREE,LL128,8,TREE,LL128,0,69.34,3629.15,69.75,3608.12,3,1.398903951543119,1024,float,sum,0.02,0.02,0,0
all_reduce_perf,2,16,134217728,TREE,LL128,16,TREE,LL128,0,130.67,1925.87,130.59,1927.07,3,0.8953853218030275,1024,float,sum,0.02,0.02,0,0
all_reduce_perf,2,16,134217728,TREE,LL128,24,TREE,LL128,0,181.85,1383.89,181.7,1385.01,3,1.1767940610393264,1024,float,sum,0.02,0.02,0,0
all_reduce_perf,2,16,134217728,TREE,LL128,32,TREE,LL128,0,223.41,1126.44,222.69,1130.06,3,0.7161720603374936,1024,float,sum,0.02,0.02,0,0
all_reduce_perf,2,16,134217728,TREE,LL128,40,TREE,LL128,0,247.6,1016.38,247.43,1017.1,3,0.3796445880452333,1024,float,sum,0.02,0.02,0,0
all_reduce_perf,2,16,134217728,TREE,LL128,48,TREE,LL128,0,261.83,961.15,261.65,961.81,3,0.45831264560974244,1024,float,sum,0.02,0.02,0,0
all_reduce_perf,2,16,134217728,TREE,SIMPLE,1,TREE,SIMPLE,0,13.16,19118.6,13.18,19090.3,3,0.07598784194528714,1024,float,sum,0.02,0.02,0,0
all_reduce_perf,2,16,134217728,TREE,SIMPLE,2,TREE,SIMPLE,0,25.59,9835.0,25.51,9865.89,3,0.2735443532629945,1024,float,sum,0.02,0.02,0,0
all_reduce_perf,2,16,134217728,TREE,SIMPLE,4,TREE,SIMPLE,0,47.35,5314.96,47.33,5317.53,3,0.44350580781413673,1024,float,sum,0.02,0.02,0,0
all_reduce_perf,2,16,134217728,TREE,SIMPLE,8,TREE,SIMPLE,0,87.99,2860.04,88.05,2858.16,3,0.38640754631208485,1024,float,sum,0.02,0.02,0,0
all_reduce_perf,2,16,134217728,TREE,SIMPLE,16,TREE,SIMPLE,0,151.07,1665.87,152.37,1651.58,3,0.297875157211881,1024,float,sum,0.02,0.02,0,0
all_reduce_perf,2,16,134217728,TREE,SIMPLE,24,TREE,SIMPLE,0,208.02,1209.78,209.6,1200.66,3,0.0769156811845135,1024,float,sum,0.02,0.02,0,0
all_reduce_perf,2,16,134217728,TREE,SIMPLE,32,TREE,SIMPLE,0,251.16,1001.97,252.33,997.34,3,0.4021340977862681,1024,float,sum,0.02,0.02,0,0
all_reduce_perf,2,16,134217728,TREE,SIMPLE,40,TREE,SIMPLE,0,264.58,951.17,265.93,946.34,3,0.09448937939375615,1024,float,sum,0.02,0.02,0,0
all_reduce_perf,2,16,134217728,TREE,SIMPLE,48,TREE,SIMPLE,0,282.58,890.57,284.76,883.77,3,0.40342557859720657,1024,float,sum,0.02,0.02,0,0
all_reduce_perf,2,16,268435456,RING,LL,1,RING,LL,0,2.42,208303.0,2.42,208202.0,3,0.8264462809917362,1024,float,sum,0.02,0.02,0,0
all_reduce_perf,2,16,268435456,RING,LL,2,RING,LL,0,4.82,104461.0,4.84,103914.0,3,0.6224066390041545,1024,float,sum,0.02,0.02,0,0
all_reduce_perf,2,16,268435456,RING,LL,4,RING,LL,0,9.41,53465.0,9.31,54036.7,3,1.5940488841657847,1024,float,sum,0.02,0.02,0,0
all_reduce_perf,2,16,268435456,RING,LL,8,RING,LL,0,18.51,27193.7,18.64,27003.7,3,0.6482982171799081,1024,float,sum,0.02,0.02,0,0
all_reduce_perf,2,16,268435456,RING,LL,16,RING,LL,0,35.81,14057.1,35.79,14061.3,3,1.3124825467746408,1024,float,sum,0.02,0.02,0,0
all_reduce_perf,2,16,268435456,RING,LL,24,RING,LL,0,40.46,12439.0,40.38,12464.4,3,3.5343549184379626,1024,float,sum,0.02,0.02,0,0
all_reduce_perf,2,16,268435456,RING,LL,32,RING,LL,0,41.69,12074.2,41.7,12070.5,3,2.06284480690813,1024,float,sum,0.02,0.02,0,0
all_reduce_perf,2,16,268435456,RING,LL,40,RING,LL,0,40.67,12376.6,40.68,12372.1,3,9.343496434718476,1024,float,sum,0.02,0.02,0,0
all_reduce_perf,2,16,268435456,RING,LL,48,RING,LL,0,41.48,12133.5,41.48,12132.6,3,4.4599807135969005,1024,float,sum,0.02,0.02,0,0
all_reduce_perf,2,16,268435456,RING,LL128,1,RING,LL128,0,11.59,43412.0,11.67,43130.5,3,2.243313201035374,1024,float,sum,0.02,0.02,0,0
all_reduce_perf,2,16,268435456,RING,LL128,2,RING,LL128,0,21.02,23943.3,20.95,24023.1,3,1.2369172216936155,1024,float,sum,0.02,0.02,0,0
all_reduce_perf,2,16,268435456,RING,LL128,4,RING,LL128,0,40.53,12418.4,40.27,12497.5,3,0.9622501850481139,1024,float,sum,0.02,0.02,0,0
all_reduce_perf,2,16,268435456,RING,LL128,8,RING,LL128,0,79.79,6308.12,79.82,6305.45,3,0.35092116806617507,1024,float,sum,0.02,0.02,0,0
all_reduce_perf,2,16,268435456,RING,LL128,16,RING,LL128,0,151.67,3318.54,151.58,3320.45,3,0.46152831805895506,1024,float,sum,0.02,0.02,0,0
all_reduce_perf,2,16,268435456,RING,LL128,24,RING,LL128,0,215.53,2335.29,215.7,2333.46,3,0.19022873845868168,1024,float,sum,0.02,0.02,0,0
all_reduce_perf,2,16,268435456,RING,LL128,32,RING,LL128,0,259.89,1936.68,260.07,1935.28,3,2.8050328985339923,1024,float,sum,0.02,0.02,0,0
all_reduce_perf,2,16,268435456,RING,LL128,40,RING,LL128,0,286.19,1758.7,285.77,1761.25,3,0.37387749397253334,1024,float,sum,0.02,0.02,0,0
all_reduce_perf,2,16,268435456,RING,LL128,48,RING,LL128,0,315.22,1596.73,314.76,1599.03,3,0.12055072647674495,1024,float,sum,0.02,0.02,0,0
all_reduce_perf,2,16,268435456,RING,SIMPLE,1,RING,SIMPLE,0,17.75,28351.4,17.74,28370.5,3,0.16901408450704866,1024,float,sum,0.02,0.02,0,0
all_reduce_perf,2,16,268435456,RING,SIMPLE,2,RING,SIMPLE,0,31.79,15834.5,31.8,15827.3,3,0.22019502988361211,1024,float,sum,0.02,0.02,0,0
all_reduce_perf,2,16,268435456,RING,SIMPLE,4,RING,SIMPLE,0,60.18,8364.12,60.27,8351.3,3,0.033233632436018644,1024,float,sum,0.02,0.02,0,0
all_reduce_perf,2,16,268435456,RING,SIMPLE,8,RING,SIMPLE,0,119.28,4219.67,119.27,4220.1,3,0.16767270288397285,1024,float,sum,0.02,0.02,0,0
all_reduce_perf,2,16,268435456,RING,SIMPLE,16,RING,SIMPLE,0,225.56,2231.45,225.22,2234.74,3,0.19507004788082893,1024,float,sum,0.02,0.02,0,0
all_reduce_perf,2,16,268435456,RING,SIMPLE,24,RING,SIMPLE,0,309.78,1624.75,311.06,1618.05,3,1.5236619536445308,1024,float,sum,0.02,0.02,0,0
all_reduce_perf,2,16,268435456,RING,SIMPLE,32,RING,SIMPLE,0,360.14,1397.57,361.72,1391.45,3,1.9131448880990845,1024,float,sum,0.02,0.02,0,0
all_reduce_perf,2,16,268435456,RING,SIMPLE,40,RING,SIMPLE,0,368.14,1367.17,368.02,1367.64,3,0.12766882164394722,1024,float,sum,0.02,0.02,0,0
all_reduce_perf,2,16,268435456,RING,SIMPLE,48,RING,SIMPLE,0,369.64,1361.64,356.74,1410.88,3,0.09739205713666184,1024,float,sum,0.02,0.02,0,0
all_reduce_perf,2,16,268435456,RING,SIMPLE,48,,,0,370.15,1359.76,369.9,1360.68,3,0.41604754829123886,1024,float,sum,0.02,0.02,0,0
all_reduce_perf,2,16,268435456,TREE,LL,1,TREE,LL,0,2.34,215496.0,2.34,214756.0,3,0.8547008547008554,1024,float,sum,0.02,0.02,0,0
all_reduce_perf,2,16,268435456,TREE,LL,2,TREE,LL,0,4.66,107907.0,4.67,107786.0,3,0.214592274678107,1024,float,sum,0.02,0.02,0,0
all_reduce_perf,2,16,268435456,TREE,LL,4,TREE,LL,0,9.21,54631.7,9.2,54705.9,3,0.43431053203041176,1024,float,sum,0.02,0.02,0,0
all_reduce_perf,2,16,268435456,TREE,LL,8,TREE,LL,0,18.23,27614.8,18.15,27729.0,3,0.5485463521667464,1024,float,sum,0.02,0.02,0,0
all_reduce_perf,2,16,268435456,TREE,LL,16,TREE,LL,0,35.79,14062.6,35.8,14058.4,3,0.4749930148085907,1024,float,sum,0.02,0.02,0,0
all_reduce_perf,2,16,268435456,TREE,LL,24,TREE,LL,0,52.84,9525.91,52.97,9501.89,3,0.5866767600302843,1024,float,sum,0.02,0.02,0,0
all_reduce_perf,2,16,268435456,TREE,LL,32,TREE,LL,0,69.74,7217.42,69.66,7225.14,3,0.21508459994265228,1024,float,sum,0.02,0.02,0,0
all_reduce_perf,2,16,268435456,TREE,LL,40,TREE,LL,0,76.42,6586.32,76.33,6593.74,3,2.0675215912064884,1024,float,sum,0.02,0.02,0,0
all_reduce_perf,2,16,268435456,TREE,LL,48,TREE,LL,0,78.14,6441.56,78.21,6435.4,3,2.4955208599948846,1024,float,sum,0.02,0.02,0,0
all_reduce_perf,2,16,268435456,TREE,LL128,1,TREE,LL128,0,8.72,57747.2,8.75,57544.3,3,1.0321100917431176,1024,float,sum,0.02,0.02,0,0
all_reduce_perf,2,16,268435456,TREE,LL128,2,TREE,LL128,0,17.51,28742.9,17.47,28810.4,3,0.34266133637920454,1024,float,sum,0.02,0.02,0,0
all_reduce_perf,2,16,268435456,TREE,LL128,4,TREE,LL128,0,34.94,14406.4,35.05,14360.2,3,0.3720663995420591,1024,float,sum,0.02,0.02,0,0
all_reduce_perf,2,16,268435456,TREE,LL128,8,TREE,LL128,0,69.55,7236.58,69.42,7250.38,3,0.6326383896477322,1024,float,sum,0.02,0.02,0,0
all_reduce_perf,2,16,268435456,TREE,LL128,16,TREE,LL128,0,134.47,3743.06,134.41,3744.64,3,1.5021937978731392,1024,float,sum,0.02,0.02,0,0
all_reduce_perf,2,16,268435456,TREE,LL128,24,TREE,LL128,0,188.65,2667.92,189.16,2660.76,3,0.5989928438908158,1024,float,sum,0.02,0.02,0,0
all_reduce_perf,2,16,268435456,TREE,LL128,32,TREE,LL128,0,231.95,2169.91,232.51,2164.73,3,0.8708773442552196,1024,float,sum,0.02,0.02,0,0
all_reduce_perf,2,16,268435456,TREE,LL128,40,TREE,LL128,0,260.12,1934.97,259.61,1938.74,3,0.2537290481316412,1024,float,sum,0.02,0.02,0,0
all_reduce_perf,2,16,268435456,TREE,LL128,48,TREE,LL128,0,277.78,1811.95,277.87,1811.33,3,0.3023975808193445,1024,float,sum,0.02,0.02,0,0
all_reduce_perf,2,16,268435456,TREE,SIMPLE,1,TREE,SIMPLE,0,13.33,37762.5,13.34,37736.0,3,0.0,1024,float,sum,0.02,0.02,0,0
all_reduce_perf,2,16,268435456,TREE,SIMPLE,2,TREE,SIMPLE,0,26.26,19170.1,26.24,19182.5,3,0.30464584920029814,1024,float,sum,0.02,0.02,0,0
all_reduce_perf,2,16,268435456,TREE,SIMPLE,4,TREE,SIMPLE,0,50.1,10046.7,50.03,10059.7,3,0.29940119760478756,1024,float,sum,0.02,0.02,0,0
all_reduce_perf,2,16,268435456,TREE,SIMPLE,8,TREE,SIMPLE,0,94.32,5336.06,94.2,5342.84,3,0.25445292620866106,1024,float,sum,0.02,0.02,0,0
all_reduce_perf,2,16,268435456,TREE,SIMPLE,16,TREE,SIMPLE,0,171.46,2935.44,172.13,2924.07,3,0.3907616936894996,1024,float,sum,0.02,0.02,0,0
all_reduce_perf,2,16,268435456,TREE,SIMPLE,24,TREE,SIMPLE,0,226.22,2224.92,228.81,2199.72,3,6.140040668375911,1024,float,sum,0.02,0.02,0,0
all_reduce_perf,2,16,268435456,TREE,SIMPLE,32,TREE,SIMPLE,0,280.26,1795.88,283.01,1778.47,3,0.18911011203881137,1024,float,sum,0.02,0.02,0,0
all_reduce_perf,2,16,268435456,TREE,SIMPLE,40,TREE,SIMPLE,0,303.62,1657.74,302.18,1665.63,3,0.263487253804101,1024,float,sum,0.02,0.02,0,0
all_reduce_perf,2,16,268435456,TREE,SIMPLE,48,TREE,SIMPLE,0,311.15,1617.61,310.28,1622.14,3,0.311746745942462,1024,float,sum,0.02,0.02,0,0
all_reduce_perf,2,16,536870912,RING,LL,1,RING,LL,0,2.42,416295.0,2.42,416478.0,3,0.8264462809917362,1024,float,sum,0.02,0.02,0,0
all_reduce_perf,2,16,536870912,RING,LL,2,RING,LL,0,4.81,209203.0,4.84,207943.0,3,0.4158004158004254,1024,float,sum,0.02,0.02,0,0
all_reduce_perf,2,16,536870912,RING,LL,4,RING,LL,0,9.41,106965.0,9.31,108086.0,3,1.5940488841657847,1024,float,sum,0.02,0.02,0,0
all_reduce_perf,2,16,536870912,RING,LL,8,RING,LL,0,18.49,54451.1,18.62,54061.0,3,0.6489994591671036,1024,float,sum,0.02,0.02,0,0
all_reduce_perf,2,16,536870912,RING,LL,16,RING,LL,0,36.02,27946.1,35.81,28106.7,3,0.6662965019433703,1024,float,sum,0.02,0.02,0,0
all_reduce_perf,2,16,536870912,RING,LL,24,RING,LL,0,41.04,24529.2,40.94,24590.3,3,1.827485380116959,1024,float,sum,0.02,0.02,0,0
all_reduce_perf,2,16,536870912,RING,LL,32,RING,LL,0,41.46,24278.2,41.41,24306.3,3,1.5918958031837835,1024,float,sum,0.02,0.02,0,0
all_reduce_perf,2,16,536870912,RING,LL,40,RING,LL,0,42.11,23902.7,40.79,24675.9,3,4.678223699833783,1024,float,sum,0.02,0.02,0,0
all_reduce_perf,2,16,536870912,RING,LL,48,RING,LL,0,41.8,24084.7,41.82,24071.5,3,4.30622009569379,1024,float,sum,0.02,0.02,0,0
all_reduce_perf,2,16,536870912,RING,LL128,1,RING,LL128,0,11.62,86641.3,11.67,86250.5,3,1.8932874354561158,1024,float,sum,0.02,0.02,0,0
all_reduce_perf,2,16,536870912,RING,LL128,2,RING,LL128,0,20.98,47970.9,20.99,47966.4,3,1.0962821734985722,1024,float,sum,0.02,0.02,0,0
all_reduce_perf,2,16,536870912,RING,LL128,4,RING,LL128,0,40.48,24867.8,40.29,24984.1,3,1.0869565217391248,1024,float,sum,0.02,0.02,0,0
all_reduce_perf,2,16,536870912,RING,LL128,8,RING,LL128,0,79.9,12599.4,80.0,12582.5,3,0.4255319148936213,1024,float,sum,0.02,0.02,0,0
all_reduce_perf,2,16,536870912,RING,LL128,16,RING,LL128,0,152.7,6592.2,152.81,6587.4,3,0.39947609692205976,1024,float,sum,0.02,0.02,0,0
all_reduce_perf,2,16,536870912,RING,LL128,24,RING,LL128,0,216.94,4640.19,217.43,4629.62,3,0.1290679450539325,1024,float,sum,0.02,0.02,0,0
all_reduce_perf,2,16,536870912,RING,LL128,32,RING,LL128,0,267.09,3768.92,266.44,3778.14,3,0.23961960387883724,1024,float,sum,0.02,0.02,0,0
all_reduce_perf,2,16,536870912,RING,LL128,40,RING,LL128,0,299.57,3360.21,299.39,3362.34,3,0.4239409820743004,1024,float,sum,0.02,0.02,0,0
all_reduce_perf,2,16,536870912,RING,LL128,48,RING,LL128,0,322.36,3122.68,322.27,3123.57,3,0.30711006328328855,1024,float,sum,0.02,0.02,0,0
all_reduce_perf,2,16,536870912,RING,SIMPLE,1,RING,SIMPLE,0,17.74,56727.9,17.72,56806.0,3,0.33821871476889676,1024,float,sum,0.02,0.02,0,0
all_reduce_perf,2,16,536870912,RING,SIMPLE,2,RING,SIMPLE,0,31.78,31676.7,31.82,31633.8,3,0.22026431718061762,1024,float,sum,0.02,0.02,0,0
all_reduce_perf,2,16,536870912,RING,SIMPLE,4,RING,SIMPLE,0,60.29,16697.7,60.41,16662.1,3,0.11610549013103381,1024,float,sum,0.02,0.02,0,0
all_reduce_perf,2,16,536870912,RING,SIMPLE,8,RING,SIMPLE,0,120.0,8388.37,119.85,8399.11,3,0.15833333333333144,1024,float,sum,0.02,0.02,0,0
all_reduce_perf,2,16,536870912,RING,SIMPLE,16,RING,SIMPLE,0,243.39,4135.91,242.26,4155.23,3,0.16023665721681862,1024,float,sum,0.02,0.02,0,0
all_reduce_perf,2,16,536870912,RING,SIMPLE,24,RING,SIMPLE,0,339.24,2967.32,339.05,2969.01,3,0.3684706992099988,1024,float,sum,0.02,0.02,0,0
all_reduce_perf,2,16,536870912,RING,SIMPLE,32,RING,SIMPLE,0,372.18,2704.71,371.84,2707.18,3,0.3331721210167148,1024,float,sum,0.02,0.02,0,0
all_reduce_perf,2,16,536870912,RING,SIMPLE,40,RING,SIMPLE,0,373.54,2694.82,374.11,2690.72,3,0.24093805214969677,1024,float,sum,0.02,0.02,0,0
all_reduce_perf,2,16,536870912,RING,SIMPLE,48,RING,SIMPLE,0,374.24,2689.83,375.0,2684.34,3,1.5257588713125212,1024,float,sum,0.02,0.02,0,0
all_reduce_perf,2,16,536870912,RING,SIMPLE,48,,,0,374.83,2685.54,374.79,2685.87,3,0.10938292025718993,1024,float,sum,0.02,0.02,0,0
all_reduce_perf,2,16,536870912,TREE,LL,1,TREE,LL,0,2.34,430562.0,2.35,428692.0,3,0.42735042735043727,1024,float,sum,0.02,0.02,0,0
all_reduce_perf,2,16,536870912,TREE,LL,2,TREE,LL,0,4.68,214894.0,4.69,214412.0,3,0.42735042735043727,1024,float,sum,0.02,0.02,0,0
all_reduce_perf,2,16,536870912,TREE,LL,4,TREE,LL,0,9.21,109350.0,9.24,108974.0,3,0.43431053203041176,1024,float,sum,0.02,0.02,0,0
all_reduce_perf,2,16,536870912,TREE,LL,8,TREE,LL,0,18.27,55093.4,18.23,55230.9,3,1.3136288998358072,1024,float,sum,0.02,0.02,0,0
all_reduce_perf,2,16,536870912,TREE,LL,16,TREE,LL,0,35.85,28081.8,35.85,28077.0,3,0.4463040446304148,1024,float,sum,0.02,0.02,0,0
all_reduce_perf,2,16,536870912,TREE,LL,24,TREE,LL,0,52.98,19001.8,52.94,19016.2,3,0.6606266515666317,1024,float,sum,0.02,0.02,0,0
all_reduce_perf,2,16,536870912,TREE,LL,32,TREE,LL,0,70.39,14300.9,70.32,14315.8,3,0.32675095894303735,1024,float,sum,0.02,0.02,0,0
all_reduce_perf,2,16,536870912,TREE,LL,40,TREE,LL,0,76.84,13099.7,77.11,13053.7,3,2.2384174908901597,1024,float,sum,0.02,0.02,0,0
all_reduce_perf,2,16,536870912,TREE,LL,48,TREE,LL,0,78.84,12767.5,78.8,12775.2,3,3.285134449518015,1024,float,sum,0.02,0.02,0,0
all_reduce_perf,2,16,536870912,TREE,LL128,1,TREE,LL128,0,8.66,116184.0,8.7,115754.0,3,0.9237875288683611,1024,float,sum,0.02,0.02,0,0
all_reduce_perf,2,16,536870912,TREE,LL128,2,TREE,LL128,0,17.4,57844.9,17.39,57884.4,3,0.4597701149425394,1024,float,sum,0.02,0.02,0,0
all_reduce_perf,2,16,536870912,TREE,LL128,4,TREE,LL128,0,34.75,28970.9,34.89,28852.7,3,0.4604316546762492,1024,float,sum,0.02,0.02,0,0
all_reduce_perf,2,16,536870912,TREE,LL128,8,TREE,LL128,0,68.98,14592.2,69.13,14561.7,3,0.7248477819657871,1024,float,sum,0.02,0.02,0,0
all_reduce_perf,2,16,536870912,TREE,LL128,16,TREE,LL128,0,135.4,7434.51,135.66,7420.37,3,0.21418020679467653,1024,float,sum,0.02,0.02,0,0
all_reduce_perf,2,16,536870912,TREE,LL128,24,TREE,LL128,0,193.22,5209.74,194.11,5185.92,3,0.4088603664216914,1024,float,sum,0.02,0.02,0,0
all_reduce_perf,2,16,536870912,TREE,LL128,32,TREE,LL128,0,238.54,4219.99,238.65,4218.0,3,0.5827114949274698,1024,float,sum,0.02,0.02,0,0
all_reduce_perf,2,16,536870912,TREE,LL128,40,TREE,LL128,0,267.09,3768.9,267.89,3757.6,3,8.600097345464086,1024,float,sum,0.02,0.02,0,0
all_reduce_perf,2,16,536870912,TREE,LL128,48,TREE,LL128,0,286.44,3514.34,286.32,3515.77,3,0.3630777824326283,1024,float,sum,0.02,0.02,0,0
all_reduce_perf,2,16,536870912,TREE,SIMPLE,1,TREE,SIMPLE,0,13.42,75025.6,13.42,75026.3,3,0.2235469448584155,1024,float,sum,0.02,0.02,0,0
all_reduce_perf,2,16,536870912,TREE,SIMPLE,2,TREE,SIMPLE,0,26.6,37843.7,26.58,37865.1,3,0.45112781954887593,1024,float,sum,0.02,0.02,0,0
all_reduce_perf,2,16,536870912,TREE,SIMPLE,4,TREE,SIMPLE,0,51.7,19471.5,51.54,19532.0,3,0.2901353965183725,1024,float,sum,0.02,0.02,0,0
all_reduce_perf,2,16,536870912,TREE,SIMPLE,8,TREE,SIMPLE,0,99.62,10104.4,99.53,10113.7,3,0.1806866091146282,1024,float,sum,0.02,0.02,0,0
all_reduce_perf,2,16,536870912,TREE,SIMPLE,16,TREE,SIMPLE,0,188.29,5346.06,189.01,5325.84,3,0.058420521535920776,1024,float,sum,0.02,0.02,0,0
all_reduce_perf,2,16,536870912,TREE,SIMPLE,24,TREE,SIMPLE,0,258.54,3893.6,260.29,3867.35,3,0.5182950413862362,1024,float,sum,0.02,0.02,0,0
all_reduce_perf,2,16,536870912,TREE,SIMPLE,32,TREE,SIMPLE,0,310.07,3246.51,311.48,3231.78,3,0.37410907214500755,1024,float,sum,0.02,0.02,0,0
all_reduce_perf,2,16,536870912,TREE,SIMPLE,40,TREE,SIMPLE,0,325.98,3088.06,323.76,3109.16,3,0.21780477329896908,1024,float,sum,0.02,0.02,0,0
all_reduce_perf,2,16,536870912,TREE,SIMPLE,48,TREE,SIMPLE,0,332.76,3025.09,332.16,3030.59,3,0.22839283567737942,1024,float,sum,0.02,0.02,0,0
