collective,num_nodes,num_gpus,size_bytes,count,data_type,redop,time_oop_us,algbw_oop,busbw_oop,errors_oop,time_ip_us,algbw_ip,busbw_ip,errors_ip,algo,proto,nchannels,requested_algo,requested_proto,requested_nchannels,substituted,measured_algo_raw,nchannels_source
all_reduce_perf,2,16,4096,1024,float,sum,271.4,0.02,0.03,0,271.08,0.02,0.03,0,RING,SIMPLE,1,RING,SIMPLE,1,0,RING,A_flag_ceiling
all_reduce_perf,2,16,8192,2048,float,sum,278.83,0.03,0.06,0,271.48,0.03,0.06,0,RING,SIMPLE,1,RING,SIMPLE,1,0,RING,A_flag_ceiling
all_reduce_perf,2,16,16384,4096,float,sum,274.22,0.06,0.11,0,272.09,0.06,0.11,0,RING,SIMPLE,1,RING,SIMPLE,1,0,RING,A_flag_ceiling
all_reduce_perf,2,16,32768,8192,float,sum,280.21,0.12,0.22,0,276.71,0.12,0.22,0,RING,SIMPLE,1,RING,SIMPLE,1,0,RING,A_flag_ceiling
all_reduce_perf,2,16,65536,16384,float,sum,282.66,0.23,0.43,0,284.37,0.23,0.43,0,RING,SIMPLE,1,RING,SIMPLE,1,0,RING,A_flag_ceiling
all_reduce_perf,2,16,131072,32768,float,sum,281.73,0.47,0.87,0,283.02,0.46,0.87,0,RING,SIMPLE,1,RING,SIMPLE,1,0,RING,A_flag_ceiling
all_reduce_perf,2,16,262144,65536,float,sum,290.56,0.9,1.69,0,290.25,0.9,1.69,0,RING,SIMPLE,1,RING,SIMPLE,1,0,RING,A_flag_ceiling
all_reduce_perf,2,16,524288,131072,float,sum,310.49,1.69,3.17,0,309.25,1.7,3.18,0,RING,SIMPLE,1,RING,SIMPLE,1,0,RING,A_flag_ceiling
all_reduce_perf,2,16,1048576,262144,float,sum,350.83,2.99,5.6,0,346.77,3.02,5.67,0,RING,SIMPLE,1,RING,SIMPLE,1,0,RING,A_flag_ceiling
all_reduce_perf,2,16,2097152,524288,float,sum,450.9,4.65,8.72,0,445.0,4.71,8.84,0,RING,SIMPLE,1,RING,SIMPLE,1,0,RING,A_flag_ceiling
all_reduce_perf,2,16,4194304,1048576,float,sum,668.11,6.28,11.77,0,658.62,6.37,11.94,0,RING,SIMPLE,1,RING,SIMPLE,1,0,RING,A_flag_ceiling
all_reduce_perf,2,16,8388608,2097152,float,sum,1105.93,7.59,14.22,0,1098.44,7.64,14.32,0,RING,SIMPLE,1,RING,SIMPLE,1,0,RING,A_flag_ceiling
all_reduce_perf,2,16,16777216,4194304,float,sum,1979.67,8.47,15.89,0,1972.63,8.51,15.95,0,RING,SIMPLE,1,RING,SIMPLE,1,0,RING,A_flag_ceiling
all_reduce_perf,2,16,33554432,8388608,float,sum,3593.72,9.34,17.51,0,3585.43,9.36,17.55,0,RING,SIMPLE,1,RING,SIMPLE,1,0,RING,A_flag_ceiling
all_reduce_perf,2,16,67108864,16777216,float,sum,7135.49,9.4,17.63,0,7135.44,9.41,17.63,0,RING,SIMPLE,1,RING,SIMPLE,1,0,RING,A_flag_ceiling
all_reduce_perf,2,16,134217728,33554432,float,sum,14205.9,9.45,17.72,0,14211.6,9.44,17.71,0,RING,SIMPLE,1,RING,SIMPLE,1,0,RING,A_flag_ceiling
all_reduce_perf,2,16,268435456,67108864,float,sum,28357.0,9.47,17.75,0,28351.4,9.47,17.75,0,RING,SIMPLE,1,RING,SIMPLE,1,0,RING,A_flag_ceiling
all_reduce_perf,2,16,536870912,134217728,float,sum,56694.3,9.47,17.76,0,56871.1,9.44,17.7,0,RING,SIMPLE,1,RING,SIMPLE,1,0,RING,A_flag_ceiling
all_reduce_perf,2,16,4096,1024,float,sum,74.29,0.06,0.1,0,74.65,0.05,0.1,0,RING,LL,1,RING,LL,1,0,RING,A_flag_ceiling
all_reduce_perf,2,16,8192,2048,float,sum,76.02,0.11,0.2,0,75.9,0.11,0.2,0,RING,LL,1,RING,LL,1,0,RING,A_flag_ceiling
all_reduce_perf,2,16,16384,4096,float,sum,77.26,0.21,0.4,0,73.72,0.22,0.42,0,RING,LL,1,RING,LL,1,0,RING,A_flag_ceiling
all_reduce_perf,2,16,32768,8192,float,sum,78.72,0.42,0.78,0,75.01,0.44,0.82,0,RING,LL,1,RING,LL,1,0,RING,A_flag_ceiling
all_reduce_perf,2,16,65536,16384,float,sum,91.99,0.71,1.34,0,87.42,0.75,1.41,0,RING,LL,1,RING,LL,1,0,RING,A_flag_ceiling
all_reduce_perf,2,16,131072,32768,float,sum,133.02,0.99,1.85,0,126.38,1.04,1.94,0,RING,LL,1,RING,LL,1,0,RING,A_flag_ceiling
all_reduce_perf,2,16,262144,65536,float,sum,214.13,1.22,2.3,0,207.83,1.26,2.36,0,RING,LL,1,RING,LL,1,0,RING,A_flag_ceiling
all_reduce_perf,2,16,524288,131072,float,sum,412.35,1.27,2.38,0,407.87,1.29,2.41,0,RING,LL,1,RING,LL,1,0,RING,A_flag_ceiling
all_reduce_perf,2,16,1048576,262144,float,sum,817.69,1.28,2.4,0,807.66,1.3,2.43,0,RING,LL,1,RING,LL,1,0,RING,A_flag_ceiling
all_reduce_perf,2,16,2097152,524288,float,sum,1628.54,1.29,2.41,0,1613.18,1.3,2.44,0,RING,LL,1,RING,LL,1,0,RING,A_flag_ceiling
all_reduce_perf,2,16,4194304,1048576,float,sum,3257.46,1.29,2.41,0,3215.81,1.3,2.45,0,RING,LL,1,RING,LL,1,0,RING,A_flag_ceiling
all_reduce_perf,2,16,8388608,2097152,float,sum,6500.82,1.29,2.42,0,6440.0,1.3,2.44,0,RING,LL,1,RING,LL,1,0,RING,A_flag_ceiling
all_reduce_perf,2,16,16777216,4194304,float,sum,13013.5,1.29,2.42,0,12957.2,1.29,2.43,0,RING,LL,1,RING,LL,1,0,RING,A_flag_ceiling
all_reduce_perf,2,16,33554432,8388608,float,sum,26049.5,1.29,2.42,0,26019.6,1.29,2.42,0,RING,LL,1,RING,LL,1,0,RING,A_flag_ceiling
all_reduce_perf,2,16,67108864,16777216,float,sum,52030.5,1.29,2.42,0,52220.7,1.29,2.41,0,RING,LL,1,RING,LL,1,0,RING,A_flag_ceiling
all_reduce_perf,2,16,134217728,33554432,float,sum,104241.0,1.29,2.41,0,104314.0,1.29,2.41,0,RING,LL,1,RING,LL,1,0,RING,A_flag_ceiling
all_reduce_perf,2,16,268435456,67108864,float,sum,208223.0,1.29,2.42,0,208796.0,1.29,2.41,0,RING,LL,1,RING,LL,1,0,RING,A_flag_ceiling
all_reduce_perf,2,16,536870912,134217728,float,sum,416478.0,1.29,2.42,0,418024.0,1.28,2.41,0,RING,LL,1,RING,LL,1,0,RING,A_flag_ceiling
all_reduce_perf,2,16,4096,1024,float,sum,92.89,0.04,0.08,0,93.34,0.04,0.08,0,RING,LL128,1,RING,LL128,1,0,RING,A_flag_ceiling
all_reduce_perf,2,16,8192,2048,float,sum,90.88,0.09,0.17,0,89.9,0.09,0.17,0,RING,LL128,1,RING,LL128,1,0,RING,A_flag_ceiling
all_reduce_perf,2,16,16384,4096,float,sum,93.5,0.18,0.33,0,90.39,0.18,0.34,0,RING,LL128,1,RING,LL128,1,0,RING,A_flag_ceiling
all_reduce_perf,2,16,32768,8192,float,sum,90.74,0.36,0.68,0,90.4,0.36,0.68,0,RING,LL128,1,RING,LL128,1,0,RING,A_flag_ceiling
all_reduce_perf,2,16,65536,16384,float,sum,96.95,0.68,1.27,0,92.73,0.71,1.33,0,RING,LL128,1,RING,LL128,1,0,RING,A_flag_ceiling
all_reduce_perf,2,16,131072,32768,float,sum,98.98,1.32,2.48,0,94.99,1.38,2.59,0,RING,LL128,1,RING,LL128,1,0,RING,A_flag_ceiling
all_reduce_perf,2,16,262144,65536,float,sum,103.41,2.54,4.75,0,101.44,2.58,4.85,0,RING,LL128,1,RING,LL128,1,0,RING,A_flag_ceiling
all_reduce_perf,2,16,524288,131072,float,sum,139.7,3.75,7.04,0,127.5,4.11,7.71,0,RING,LL128,1,RING,LL128,1,0,RING,A_flag_ceiling
all_reduce_perf,2,16,1048576,262144,float,sum,211.91,4.95,9.28,0,197.38,5.31,9.96,0,RING,LL128,1,RING,LL128,1,0,RING,A_flag_ceiling
all_reduce_perf,2,16,2097152,524288,float,sum,399.73,5.25,9.84,0,382.63,5.48,10.28,0,RING,LL128,1,RING,LL128,1,0,RING,A_flag_ceiling
all_reduce_perf,2,16,4194304,1048576,float,sum,735.11,5.71,10.7,0,710.09,5.91,11.08,0,RING,LL128,1,RING,LL128,1,0,RING,A_flag_ceiling
all_reduce_perf,2,16,8388608,2097152,float,sum,1425.17,5.89,11.04,0,1385.18,6.06,11.35,0,RING,LL128,1,RING,LL128,1,0,RING,A_flag_ceiling
all_reduce_perf,2,16,16777216,4194304,float,sum,2749.34,6.1,11.44,0,2748.6,6.1,11.44,0,RING,LL128,1,RING,LL128,1,0,RING,A_flag_ceiling
all_reduce_perf,2,16,33554432,8388608,float,sum,5442.85,6.16,11.56,0,5493.8,6.11,11.45,0,RING,LL128,1,RING,LL128,1,0,RING,A_flag_ceiling
all_reduce_perf,2,16,67108864,16777216,float,sum,10817.3,6.2,11.63,0,10927.3,6.14,11.52,0,RING,LL128,1,RING,LL128,1,0,RING,A_flag_ceiling
all_reduce_perf,2,16,134217728,33554432,float,sum,21598.5,6.21,11.65,0,21899.8,6.13,11.49,0,RING,LL128,1,RING,LL128,1,0,RING,A_flag_ceiling
all_reduce_perf,2,16,268435456,67108864,float,sum,43157.7,6.22,11.66,0,43754.8,6.13,11.5,0,RING,LL128,1,RING,LL128,1,0,RING,A_flag_ceiling
all_reduce_perf,2,16,536870912,134217728,float,sum,86287.3,6.22,11.67,0,87336.3,6.15,11.53,0,RING,LL128,1,RING,LL128,1,0,RING,A_flag_ceiling
all_reduce_perf,2,16,4096,1024,float,sum,271.44,0.02,0.03,0,272.43,0.02,0.03,0,RING,SIMPLE,2,RING,SIMPLE,2,0,RING,A_flag_ceiling
all_reduce_perf,2,16,8192,2048,float,sum,271.95,0.03,0.06,0,269.93,0.03,0.06,0,RING,SIMPLE,2,RING,SIMPLE,2,0,RING,A_flag_ceiling
all_reduce_perf,2,16,16384,4096,float,sum,273.26,0.06,0.11,0,273.89,0.06,0.11,0,RING,SIMPLE,2,RING,SIMPLE,2,0,RING,A_flag_ceiling
all_reduce_perf,2,16,32768,8192,float,sum,279.7,0.12,0.22,0,274.96,0.12,0.22,0,RING,SIMPLE,2,RING,SIMPLE,2,0,RING,A_flag_ceiling
all_reduce_perf,2,16,65536,16384,float,sum,278.17,0.24,0.44,0,278.69,0.24,0.44,0,RING,SIMPLE,2,RING,SIMPLE,2,0,RING,A_flag_ceiling
all_reduce_perf,2,16,131072,32768,float,sum,288.7,0.45,0.85,0,282.14,0.46,0.87,0,RING,SIMPLE,2,RING,SIMPLE,2,0,RING,A_flag_ceiling
all_reduce_perf,2,16,262144,65536,float,sum,285.14,0.92,1.72,0,284.43,0.92,1.73,0,RING,SIMPLE,2,RING,SIMPLE,2,0,RING,A_flag_ceiling
all_reduce_perf,2,16,524288,131072,float,sum,290.87,1.8,3.38,0,288.65,1.82,3.41,0,RING,SIMPLE,2,RING,SIMPLE,2,0,RING,A_flag_ceiling
all_reduce_perf,2,16,1048576,262144,float,sum,314.64,3.33,6.25,0,313.48,3.34,6.27,0,RING,SIMPLE,2,RING,SIMPLE,2,0,RING,A_flag_ceiling
all_reduce_perf,2,16,2097152,524288,float,sum,353.72,5.93,11.12,0,345.96,6.06,11.37,0,RING,SIMPLE,2,RING,SIMPLE,2,0,RING,A_flag_ceiling
all_reduce_perf,2,16,4194304,1048576,float,sum,454.12,9.24,17.32,0,445.67,9.41,17.65,0,RING,SIMPLE,2,RING,SIMPLE,2,0,RING,A_flag_ceiling
all_reduce_perf,2,16,8388608,2097152,float,sum,670.01,12.52,23.48,0,655.62,12.79,23.99,0,RING,SIMPLE,2,RING,SIMPLE,2,0,RING,A_flag_ceiling
all_reduce_perf,2,16,16777216,4194304,float,sum,1114.38,15.06,28.23,0,1106.44,15.16,28.43,0,RING,SIMPLE,2,RING,SIMPLE,2,0,RING,A_flag_ceiling
all_reduce_perf,2,16,33554432,8388608,float,sum,2097.22,16.0,30.0,0,2092.78,16.03,30.06,0,RING,SIMPLE,2,RING,SIMPLE,2,0,RING,A_flag_ceiling
all_reduce_perf,2,16,67108864,16777216,float,sum,3983.99,16.84,31.58,0,3982.32,16.85,31.6,0,RING,SIMPLE,2,RING,SIMPLE,2,0,RING,A_flag_ceiling
all_reduce_perf,2,16,134217728,33554432,float,sum,7933.1,16.92,31.72,0,7929.97,16.93,31.74,0,RING,SIMPLE,2,RING,SIMPLE,2,0,RING,A_flag_ceiling
all_reduce_perf,2,16,268435456,67108864,float,sum,15846.9,16.94,31.76,0,15804.9,16.98,31.85,0,RING,SIMPLE,2,RING,SIMPLE,2,0,RING,A_flag_ceiling
all_reduce_perf,2,16,536870912,134217728,float,sum,31645.9,16.96,31.81,0,31617.8,16.98,31.84,0,RING,SIMPLE,2,RING,SIMPLE,2,0,RING,A_flag_ceiling
all_reduce_perf,2,16,4096,1024,float,sum,75.63,0.05,0.1,0,73.49,0.06,0.1,0,RING,LL,2,RING,LL,2,0,RING,A_flag_ceiling
all_reduce_perf,2,16,8192,2048,float,sum,73.96,0.11,0.21,0,72.95,0.11,0.21,0,RING,LL,2,RING,LL,2,0,RING,A_flag_ceiling
all_reduce_perf,2,16,16384,4096,float,sum,81.14,0.2,0.38,0,73.58,0.22,0.42,0,RING,LL,2,RING,LL,2,0,RING,A_flag_ceiling
all_reduce_perf,2,16,32768,8192,float,sum,76.35,0.43,0.8,0,73.95,0.44,0.83,0,RING,LL,2,RING,LL,2,0,RING,A_flag_ceiling
all_reduce_perf,2,16,65536,16384,float,sum,76.51,0.86,1.61,0,75.48,0.87,1.63,0,RING,LL,2,RING,LL,2,0,RING,A_flag_ceiling
all_reduce_perf,2,16,131072,32768,float,sum,92.74,1.41,2.65,0,88.2,1.49,2.79,0,RING,LL,2,RING,LL,2,0,RING,A_flag_ceiling
all_reduce_perf,2,16,262144,65536,float,sum,133.33,1.97,3.69,0,127.35,2.06,3.86,0,RING,LL,2,RING,LL,2,0,RING,A_flag_ceiling
all_reduce_perf,2,16,524288,131072,float,sum,208.7,2.51,4.71,0,207.32,2.53,4.74,0,RING,LL,2,RING,LL,2,0,RING,A_flag_ceiling
all_reduce_perf,2,16,1048576,262144,float,sum,410.97,2.55,4.78,0,408.54,2.57,4.81,0,RING,LL,2,RING,LL,2,0,RING,A_flag_ceiling
all_reduce_perf,2,16,2097152,524288,float,sum,817.89,2.56,4.81,0,809.64,2.59,4.86,0,RING,LL,2,RING,LL,2,0,RING,A_flag_ceiling
all_reduce_perf,2,16,4194304,1048576,float,sum,1634.07,2.57,4.81,0,1612.44,2.6,4.88,0,RING,LL,2,RING,LL,2,0,RING,A_flag_ceiling
all_reduce_perf,2,16,8388608,2097152,float,sum,3252.7,2.58,4.84,0,3225.66,2.6,4.88,0,RING,LL,2,RING,LL,2,0,RING,A_flag_ceiling
all_reduce_perf,2,16,16777216,4194304,float,sum,6500.42,2.58,4.84,0,6467.06,2.59,4.86,0,RING,LL,2,RING,LL,2,0,RING,A_flag_ceiling
all_reduce_perf,2,16,33554432,8388608,float,sum,12978.0,2.59,4.85,0,13024.2,2.58,4.83,0,RING,LL,2,RING,LL,2,0,RING,A_flag_ceiling
all_reduce_perf,2,16,67108864,16777216,float,sum,25994.7,2.58,4.84,0,26124.1,2.57,4.82,0,RING,LL,2,RING,LL,2,0,RING,A_flag_ceiling
all_reduce_perf,2,16,134217728,33554432,float,sum,51953.0,2.58,4.84,0,52243.4,2.57,4.82,0,RING,LL,2,RING,LL,2,0,RING,A_flag_ceiling
all_reduce_perf,2,16,268435456,67108864,float,sum,103864.0,2.58,4.85,0,104626.0,2.57,4.81,0,RING,LL,2,RING,LL,2,0,RING,A_flag_ceiling
all_reduce_perf,2,16,536870912,134217728,float,sum,207943.0,2.58,4.84,0,209258.0,2.57,4.81,0,RING,LL,2,RING,LL,2,0,RING,A_flag_ceiling
all_reduce_perf,2,16,4096,1024,float,sum,92.62,0.04,0.08,0,90.05,0.05,0.09,0,RING,LL128,2,RING,LL128,2,0,RING,A_flag_ceiling
all_reduce_perf,2,16,8192,2048,float,sum,90.85,0.09,0.17,0,89.92,0.09,0.17,0,RING,LL128,2,RING,LL128,2,0,RING,A_flag_ceiling
all_reduce_perf,2,16,16384,4096,float,sum,91.01,0.18,0.34,0,90.51,0.18,0.34,0,RING,LL128,2,RING,LL128,2,0,RING,A_flag_ceiling
all_reduce_perf,2,16,32768,8192,float,sum,93.74,0.35,0.66,0,90.14,0.36,0.68,0,RING,LL128,2,RING,LL128,2,0,RING,A_flag_ceiling
all_reduce_perf,2,16,65536,16384,float,sum,91.35,0.72,1.35,0,90.57,0.72,1.36,0,RING,LL128,2,RING,LL128,2,0,RING,A_flag_ceiling
all_reduce_perf,2,16,131072,32768,float,sum,94.74,1.38,2.59,0,93.57,1.4,2.63,0,RING,LL128,2,RING,LL128,2,0,RING,A_flag_ceiling
all_reduce_perf,2,16,262144,65536,float,sum,96.51,2.72,5.09,0,94.74,2.77,5.19,0,RING,LL128,2,RING,LL128,2,0,RING,A_flag_ceiling
all_reduce_perf,2,16,524288,131072,float,sum,106.98,4.9,9.19,0,101.25,5.18,9.71,0,RING,LL128,2,RING,LL128,2,0,RING,A_flag_ceiling
all_reduce_perf,2,16,1048576,262144,float,sum,141.83,7.39,13.86,0,130.68,8.02,15.05,0,RING,LL128,2,RING,LL128,2,0,RING,A_flag_ceiling
all_reduce_perf,2,16,2097152,524288,float,sum,219.38,9.56,17.92,0,207.15,10.12,18.98,0,RING,LL128,2,RING,LL128,2,0,RING,A_flag_ceiling
all_reduce_perf,2,16,4194304,1048576,float,sum,417.85,10.04,18.82,0,402.82,10.41,19.52,0,RING,LL128,2,RING,LL128,2,0,RING,A_flag_ceiling
all_reduce_perf,2,16,8388608,2097152,float,sum,779.52,10.76,20.18,0,750.7,11.17,20.95,0,RING,LL128,2,RING,LL128,2,0,RING,A_flag_ceiling
all_reduce_perf,2,16,16777216,4194304,float,sum,1531.92,10.95,20.53,0,1506.87,11.13,20.88,0,RING,LL128,2,RING,LL128,2,0,RING,A_flag_ceiling
all_reduce_perf,2,16,33554432,8388608,float,sum,3014.89,11.13,20.87,0,2996.1,11.2,21.0,0,RING,LL128,2,RING,LL128,2,0,RING,A_flag_ceiling
all_reduce_perf,2,16,67108864,16777216,float,sum,5998.44,11.19,20.98,0,5984.53,11.21,21.03,0,RING,LL128,2,RING,LL128,2,0,RING,A_flag_ceiling
all_reduce_perf,2,16,134217728,33554432,float,sum,11981.1,11.2,21.0,0,11983.8,11.2,21.0,0,RING,LL128,2,RING,LL128,2,0,RING,A_flag_ceiling
all_reduce_perf,2,16,268435456,67108864,float,sum,23962.0,11.2,21.0,0,23943.3,11.21,21.02,0,RING,LL128,2,RING,LL128,2,0,RING,A_flag_ceiling
all_reduce_perf,2,16,536870912,134217728,float,sum,47931.1,11.2,21.0,0,47970.9,11.19,20.98,0,RING,LL128,2,RING,LL128,2,0,RING,A_flag_ceiling
all_reduce_perf,2,16,4096,1024,float,sum,273.13,0.01,0.03,0,267.81,0.02,0.03,0,RING,SIMPLE,4,RING,SIMPLE,4,0,RING,A_flag_ceiling
all_reduce_perf,2,16,8192,2048,float,sum,271.0,0.03,0.06,0,268.19,0.03,0.06,0,RING,SIMPLE,4,RING,SIMPLE,4,0,RING,A_flag_ceiling
all_reduce_perf,2,16,16384,4096,float,sum,278.48,0.06,0.11,0,273.21,0.06,0.11,0,RING,SIMPLE,4,RING,SIMPLE,4,0,RING,A_flag_ceiling
all_reduce_perf,2,16,32768,8192,float,sum,273.64,0.12,0.22,0,271.88,0.12,0.23,0,RING,SIMPLE,4,RING,SIMPLE,4,0,RING,A_flag_ceiling
all_reduce_perf,2,16,65536,16384,float,sum,276.21,0.24,0.44,0,278.97,0.23,0.44,0,RING,SIMPLE,4,RING,SIMPLE,4,0,RING,A_flag_ceiling
all_reduce_perf,2,16,131072,32768,float,sum,281.09,0.47,0.87,0,280.83,0.47,0.88,0,RING,SIMPLE,4,RING,SIMPLE,4,0,RING,A_flag_ceiling
all_reduce_perf,2,16,262144,65536,float,sum,283.86,0.92,1.73,0,283.15,0.93,1.74,0,RING,SIMPLE,4,RING,SIMPLE,4,0,RING,A_flag_ceiling
all_reduce_perf,2,16,524288,131072,float,sum,286.11,1.83,3.44,0,286.02,1.83,3.44,0,RING,SIMPLE,4,RING,SIMPLE,4,0,RING,A_flag_ceiling
all_reduce_perf,2,16,1048576,262144,float,sum,292.37,3.59,6.72,0,290.16,3.61,6.78,0,RING,SIMPLE,4,RING,SIMPLE,4,0,RING,A_flag_ceiling
all_reduce_perf,2,16,2097152,524288,float,sum,315.75,6.64,12.45,0,316.12,6.63,12.44,0,RING,SIMPLE,4,RING,SIMPLE,4,0,RING,A_flag_ceiling
all_reduce_perf,2,16,4194304,1048576,float,sum,354.55,11.83,22.18,0,346.72,12.1,22.68,0,RING,SIMPLE,4,RING,SIMPLE,4,0,RING,A_flag_ceiling
all_reduce_perf,2,16,8388608,2097152,float,sum,464.17,18.07,33.89,0,460.35,18.22,34.17,0,RING,SIMPLE,4,RING,SIMPLE,4,0,RING,A_flag_ceiling
all_reduce_perf,2,16,16777216,4194304,float,sum,714.88,23.47,44.0,0,716.0,23.43,43.93,0,RING,SIMPLE,4,RING,SIMPLE,4,0,RING,A_flag_ceiling
all_reduce_perf,2,16,33554432,8388608,float,sum,1221.03,27.48,51.53,0,1227.43,27.34,51.26,0,RING,SIMPLE,4,RING,SIMPLE,4,0,RING,A_flag_ceiling
all_reduce_perf,2,16,67108864,16777216,float,sum,2244.94,29.89,56.05,0,2247.37,29.86,55.99,0,RING,SIMPLE,4,RING,SIMPLE,4,0,RING,A_flag_ceiling
all_reduce_perf,2,16,134217728,33554432,float,sum,4206.89,31.9,59.82,0,4203.08,31.93,59.87,0,RING,SIMPLE,4,RING,SIMPLE,4,0,RING,A_flag_ceiling
all_reduce_perf,2,16,268435456,67108864,float,sum,8357.69,32.12,60.22,0,8365.41,32.09,60.17,0,RING,SIMPLE,4,RING,SIMPLE,4,0,RING,A_flag_ceiling
all_reduce_perf,2,16,536870912,134217728,float,sum,16688.7,32.17,60.32,0,16697.7,32.15,60.29,0,RING,SIMPLE,4,RING,SIMPLE,4,0,RING,A_flag_ceiling
all_reduce_perf,2,16,4096,1024,float,sum,75.38,0.05,0.1,0,72.21,0.06,0.11,0,RING,LL,4,RING,LL,4,0,RING,A_flag_ceiling
all_reduce_perf,2,16,8192,2048,float,sum,77.65,0.11,0.2,0,75.46,0.11,0.2,0,RING,LL,4,RING,LL,4,0,RING,A_flag_ceiling
all_reduce_perf,2,16,16384,4096,float,sum,75.62,0.22,0.41,0,75.04,0.22,0.41,0,RING,LL,4,RING,LL,4,0,RING,A_flag_ceiling
all_reduce_perf,2,16,32768,8192,float,sum,78.46,0.42,0.78,0,75.17,0.44,0.82,0,RING,LL,4,RING,LL,4,0,RING,A_flag_ceiling
all_reduce_perf,2,16,65536,16384,float,sum,76.55,0.86,1.61,0,76.34,0.86,1.61,0,RING,LL,4,RING,LL,4,0,RING,A_flag_ceiling
all_reduce_perf,2,16,131072,32768,float,sum,77.29,1.7,3.18,0,77.48,1.69,3.17,0,RING,LL,4,RING,LL,4,0,RING,A_flag_ceiling
all_reduce_perf,2,16,262144,65536,float,sum,94.69,2.77,5.19,0,89.64,2.92,5.48,0,RING,LL,4,RING,LL,4,0,RING,A_flag_ceiling
all_reduce_perf,2,16,524288,131072,float,sum,134.44,3.9,7.31,0,127.6,4.11,7.7,0,RING,LL,4,RING,LL,4,0,RING,A_flag_ceiling
all_reduce_perf,2,16,1048576,262144,float,sum,215.5,4.87,9.12,0,212.62,4.93,9.25,0,RING,LL,4,RING,LL,4,0,RING,A_flag_ceiling
all_reduce_perf,2,16,2097152,524288,float,sum,443.41,4.73,8.87,0,448.16,4.68,8.77,0,RING,LL,4,RING,LL,4,0,RING,A_flag_ceiling
all_reduce_perf,2,16,4194304,1048576,float,sum,840.08,4.99,9.36,0,848.34,4.94,9.27,0,RING,LL,4,RING,LL,4,0,RING,A_flag_ceiling
all_reduce_perf,2,16,8388608,2097152,float,sum,1670.68,5.02,9.41,0,1640.94,5.11,9.59,0,RING,LL,4,RING,LL,4,0,RING,A_flag_ceiling
all_reduce_perf,2,16,16777216,4194304,float,sum,3356.41,5.0,9.37,0,3289.79,5.1,9.56,0,RING,LL,4,RING,LL,4,0,RING,A_flag_ceiling
all_reduce_perf,2,16,33554432,8388608,float,sum,6749.19,4.97,9.32,0,6632.25,5.06,9.49,0,RING,LL,4,RING,LL,4,0,RING,A_flag_ceiling
all_reduce_perf,2,16,67108864,16777216,float,sum,13504.4,4.97,9.32,0,13331.5,5.03,9.44,0,RING,LL,4,RING,LL,4,0,RING,A_flag_ceiling
all_reduce_perf,2,16,134217728,33554432,float,sum,27063.3,4.96,9.3,0,26731.9,5.02,9.41,0,RING,LL,4,RING,LL,4,0,RING,A_flag_ceiling
all_reduce_perf,2,16,268435456,67108864,float,sum,54141.3,4.96,9.3,0,53465.0,5.02,9.41,0,RING,LL,4,RING,LL,4,0,RING,A_flag_ceiling
all_reduce_perf,2,16,536870912,134217728,float,sum,108341.0,4.96,9.29,0,106965.0,5.02,9.41,0,RING,LL,4,RING,LL,4,0,RING,A_flag_ceiling
all_reduce_perf,2,16,4096,1024,float,sum,94.33,0.04,0.08,0,90.45,0.05,0.08,0,RING,LL128,4,RING,LL128,4,0,RING,A_flag_ceiling
all_reduce_perf,2,16,8192,2048,float,sum,92.36,0.09,0.17,0,89.59,0.09,0.17,0,RING,LL128,4,RING,LL128,4,0,RING,A_flag_ceiling
all_reduce_perf,2,16,16384,4096,float,sum,90.61,0.18,0.34,0,90.16,0.18,0.34,0,RING,LL128,4,RING,LL128,4,0,RING,A_flag_ceiling
all_reduce_perf,2,16,32768,8192,float,sum,97.48,0.34,0.63,0,93.05,0.35,0.66,0,RING,LL128,4,RING,LL128,4,0,RING,A_flag_ceiling
all_reduce_perf,2,16,65536,16384,float,sum,97.53,0.67,1.26,0,93.48,0.7,1.31,0,RING,LL128,4,RING,LL128,4,0,RING,A_flag_ceiling
all_reduce_perf,2,16,131072,32768,float,sum,96.8,1.35,2.54,0,93.93,1.4,2.62,0,RING,LL128,4,RING,LL128,4,0,RING,A_flag_ceiling
all_reduce_perf,2,16,262144,65536,float,sum,100.2,2.62,4.91,0,95.07,2.76,5.17,0,RING,LL128,4,RING,LL128,4,0,RING,A_flag_ceiling
all_reduce_perf,2,16,524288,131072,float,sum,103.25,5.08,9.52,0,97.67,5.37,10.07,0,RING,LL128,4,RING,LL128,4,0,RING,A_flag_ceiling
all_reduce_perf,2,16,1048576,262144,float,sum,105.89,9.9,18.57,0,103.59,10.12,18.98,0,RING,LL128,4,RING,LL128,4,0,RING,A_flag_ceiling
all_reduce_perf,2,16,2097152,524288,float,sum,149.42,14.04,26.32,0,138.19,15.18,28.45,0,RING,LL128,4,RING,LL128,4,0,RING,A_flag_ceiling
all_reduce_perf,2,16,4194304,1048576,float,sum,222.83,18.82,35.29,0,214.77,19.53,36.62,0,RING,LL128,4,RING,LL128,4,0,RING,A_flag_ceiling
all_reduce_perf,2,16,8388608,2097152,float,sum,434.07,19.33,36.23,0,416.0,20.16,37.81,0,RING,LL128,4,RING,LL128,4,0,RING,A_flag_ceiling
all_reduce_perf,2,16,16777216,4194304,float,sum,807.75,20.77,38.94,0,791.82,21.19,39.73,0,RING,LL128,4,RING,LL128,4,0,RING,A_flag_ceiling
all_reduce_perf,2,16,33554432,8388608,float,sum,1585.61,21.16,39.68,0,1576.69,21.28,39.9,0,RING,LL128,4,RING,LL128,4,0,RING,A_flag_ceiling
all_reduce_perf,2,16,67108864,16777216,float,sum,3124.97,21.48,40.27,0,3138.2,21.38,40.1,0,RING,LL128,4,RING,LL128,4,0,RING,A_flag_ceiling
all_reduce_perf,2,16,134217728,33554432,float,sum,6221.31,21.57,40.45,0,6268.75,21.41,40.14,0,RING,LL128,4,RING,LL128,4,0,RING,A_flag_ceiling
all_reduce_perf,2,16,268435456,67108864,float,sum,12422.0,21.61,40.52,0,12511.2,21.46,40.23,0,RING,LL128,4,RING,LL128,4,0,RING,A_flag_ceiling
all_reduce_perf,2,16,536870912,134217728,float,sum,24855.2,21.6,40.5,0,25076.5,21.41,40.14,0,RING,LL128,4,RING,LL128,4,0,RING,A_flag_ceiling
all_reduce_perf,2,16,4096,1024,float,sum,271.95,0.02,0.03,0,268.36,0.02,0.03,0,RING,SIMPLE,8,RING,SIMPLE,8,0,RING,A_flag_ceiling
all_reduce_perf,2,16,8192,2048,float,sum,271.98,0.03,0.06,0,269.39,0.03,0.06,0,RING,SIMPLE,8,RING,SIMPLE,8,0,RING,A_flag_ceiling
all_reduce_perf,2,16,16384,4096,float,sum,276.23,0.06,0.11,0,273.85,0.06,0.11,0,RING,SIMPLE,8,RING,SIMPLE,8,0,RING,A_flag_ceiling
all_reduce_perf,2,16,32768,8192,float,sum,275.73,0.12,0.22,0,274.42,0.12,0.22,0,RING,SIMPLE,8,RING,SIMPLE,8,0,RING,A_flag_ceiling
all_reduce_perf,2,16,65536,16384,float,sum,291.52,0.22,0.42,0,290.26,0.23,0.42,0,RING,SIMPLE,8,RING,SIMPLE,8,0,RING,A_flag_ceiling
all_reduce_perf,2,16,131072,32768,float,sum,291.53,0.45,0.84,0,291.73,0.45,0.84,0,RING,SIMPLE,8,RING,SIMPLE,8,0,RING,A_flag_ceiling
all_reduce_perf,2,16,262144,65536,float,sum,292.26,0.9,1.68,0,291.46,0.9,1.69,0,RING,SIMPLE,8,RING,SIMPLE,8,0,RING,A_flag_ceiling
all_reduce_perf,2,16,524288,131072,float,sum,296.01,1.77,3.32,0,295.39,1.77,3.33,0,RING,SIMPLE,8,RING,SIMPLE,8,0,RING,A_flag_ceiling
all_reduce_perf,2,16,1048576,262144,float,sum,300.34,3.49,6.55,0,298.82,3.51,6.58,0,RING,SIMPLE,8,RING,SIMPLE,8,0,RING,A_flag_ceiling
all_reduce_perf,2,16,2097152,524288,float,sum,314.71,6.66,12.49,0,314.46,6.67,12.5,0,RING,SIMPLE,8,RING,SIMPLE,8,0,RING,A_flag_ceiling
all_reduce_perf,2,16,4194304,1048576,float,sum,340.29,12.33,23.11,0,336.04,12.48,23.4,0,RING,SIMPLE,8,RING,SIMPLE,8,0,RING,A_flag_ceiling
all_reduce_perf,2,16,8388608,2097152,float,sum,362.97,23.11,43.33,0,355.31,23.61,44.27,0,RING,SIMPLE,8,RING,SIMPLE,8,0,RING,A_flag_ceiling
all_reduce_perf,2,16,16777216,4194304,float,sum,473.85,35.41,66.39,0,469.66,35.72,66.98,0,RING,SIMPLE,8,RING,SIMPLE,8,0,RING,A_flag_ceiling
all_reduce_perf,2,16,33554432,8388608,float,sum,712.92,47.07,88.25,0,718.49,46.7,87.56,0,RING,SIMPLE,8,RING,SIMPLE,8,0,RING,A_flag_ceiling
all_reduce_perf,2,16,67108864,16777216,float,sum,1223.94,54.83,102.81,0,1229.33,54.59,102.36,0,RING,SIMPLE,8,RING,SIMPLE,8,0,RING,A_flag_ceiling
all_reduce_perf,2,16,134217728,33554432,float,sum,2251.76,59.61,111.76,0,2256.41,59.48,111.53,0,RING,SIMPLE,8,RING,SIMPLE,8,0,RING,A_flag_ceiling
all_reduce_perf,2,16,268435456,67108864,float,sum,4220.1,63.61,119.27,0,4222.66,63.57,119.19,0,RING,SIMPLE,8,RING,SIMPLE,8,0,RING,A_flag_ceiling
all_reduce_perf,2,16,536870912,134217728,float,sum,8428.87,63.69,119.43,0,8400.49,63.91,119.83,0,RING,SIMPLE,8,RING,SIMPLE,8,0,RING,A_flag_ceiling
all_reduce_perf,2,16,4096,1024,float,sum,73.91,0.06,0.1,0,71.93,0.06,0.11,0,RING,LL,8,RING,LL,8,0,RING,A_flag_ceiling
all_reduce_perf,2,16,8192,2048,float,sum,77.24,0.11,0.2,0,74.12,0.11,0.21,0,RING,LL,8,RING,LL,8,0,RING,A_flag_ceiling
all_reduce_perf,2,16,16384,4096,float,sum,80.66,0.2,0.38,0,78.39,0.21,0.39,0,RING,LL,8,RING,LL,8,0,RING,A_flag_ceiling
all_reduce_perf,2,16,32768,8192,float,sum,82.43,0.4,0.75,0,78.63,0.42,0.78,0,RING,LL,8,RING,LL,8,0,RING,A_flag_ceiling
all_reduce_perf,2,16,65536,16384,float,sum,80.51,0.81,1.53,0,79.33,0.83,1.55,0,RING,LL,8,RING,LL,8,0,RING,A_flag_ceiling
all_reduce_perf,2,16,131072,32768,float,sum,83.93,1.56,2.93,0,80.46,1.63,3.05,0,RING,LL,8,RING,LL,8,0,RING,A_flag_ceiling
all_reduce_perf,2,16,262144,65536,float,sum,83.66,3.13,5.88,0,82.13,3.19,5.98,0,RING,LL,8,RING,LL,8,0,RING,A_flag_ceiling
all_reduce_perf,2,16,524288,131072,float,sum,97.45,5.38,10.09,0,95.03,5.52,10.35,0,RING,LL,8,RING,LL,8,0,RING,A_flag_ceiling
all_reduce_perf,2,16,1048576,262144,float,sum,141.14,7.43,13.93,0,134.35,7.8,14.63,0,RING,LL,8,RING,LL,8,0,RING,A_flag_ceiling
all_reduce_perf,2,16,2097152,524288,float,sum,224.39,9.35,17.52,0,216.45,9.69,18.17,0,RING,LL,8,RING,LL,8,0,RING,A_flag_ceiling
all_reduce_perf,2,16,4194304,1048576,float,sum,423.31,9.91,18.58,0,420.13,9.98,18.72,0,RING,LL,8,RING,LL,8,0,RING,A_flag_ceiling
all_reduce_perf,2,16,8388608,2097152,float,sum,837.05,10.02,18.79,0,835.84,10.04,18.82,0,RING,LL,8,RING,LL,8,0,RING,A_flag_ceiling
all_reduce_perf,2,16,16777216,4194304,float,sum,1667.16,10.06,18.87,0,1675.05,10.02,18.78,0,RING,LL,8,RING,LL,8,0,RING,A_flag_ceiling
all_reduce_perf,2,16,33554432,8388608,float,sum,3351.22,10.01,18.77,0,3359.24,9.99,18.73,0,RING,LL,8,RING,LL,8,0,RING,A_flag_ceiling
all_reduce_perf,2,16,67108864,16777216,float,sum,6730.6,9.97,18.7,0,6733.62,9.97,18.69,0,RING,LL,8,RING,LL,8,0,RING,A_flag_ceiling
all_reduce_perf,2,16,134217728,33554432,float,sum,13491.1,9.95,18.65,0,13570.9,9.89,18.54,0,RING,LL,8,RING,LL,8,0,RING,A_flag_ceiling
all_reduce_perf,2,16,268435456,67108864,float,sum,27028.9,9.93,18.62,0,27193.7,9.87,18.51,0,RING,LL,8,RING,LL,8,0,RING,A_flag_ceiling
all_reduce_perf,2,16,536870912,134217728,float,sum,54309.7,9.89,18.54,0,54451.1,9.86,18.49,0,RING,LL,8,RING,LL,8,0,RING,A_flag_ceiling
all_reduce_perf,2,16,4096,1024,float,sum,90.66,0.05,0.08,0,91.65,0.04,0.08,0,RING,LL128,8,RING,LL128,8,0,RING,A_flag_ceiling
all_reduce_perf,2,16,8192,2048,float,sum,92.17,0.09,0.17,0,90.41,0.09,0.17,0,RING,LL128,8,RING,LL128,8,0,RING,A_flag_ceiling
all_reduce_perf,2,16,16384,4096,float,sum,90.58,0.18,0.34,0,89.54,0.18,0.34,0,RING,LL128,8,RING,LL128,8,0,RING,A_flag_ceiling
all_reduce_perf,2,16,32768,8192,float,sum,98.64,0.33,0.62,0,94.16,0.35,0.65,0,RING,LL128,8,RING,LL128,8,0,RING,A_flag_ceiling
all_reduce_perf,2,16,65536,16384,float,sum,102.53,0.64,1.2,0,97.29,0.67,1.26,0,RING,LL128,8,RING,LL128,8,0,RING,A_flag_ceiling
all_reduce_perf,2,16,131072,32768,float,sum,102.66,1.28,2.39,0,97.25,1.35,2.53,0,RING,LL128,8,RING,LL128,8,0,RING,A_flag_ceiling
all_reduce_perf,2,16,262144,65536,float,sum,102.49,2.56,4.8,0,98.62,2.66,4.98,0,RING,LL128,8,RING,LL128,8,0,RING,A_flag_ceiling
all_reduce_perf,2,16,524288,131072,float,sum,102.64,5.11,9.58,0,101.19,5.18,9.71,0,RING,LL128,8,RING,LL128,8,0,RING,A_flag_ceiling
all_reduce_perf,2,16,1048576,262144,float,sum,109.55,9.57,17.95,0,103.22,10.16,19.05,0,RING,LL128,8,RING,LL128,8,0,RING,A_flag_ceiling
all_reduce_perf,2,16,2097152,524288,float,sum,114.15,18.37,34.45,0,109.12,19.22,36.04,0,RING,LL128,8,RING,LL128,8,0,RING,A_flag_ceiling
all_reduce_perf,2,16,4194304,1048576,float,sum,153.1,27.4,51.37,0,140.5,29.85,55.97,0,RING,LL128,8,RING,LL128,8,0,RING,A_flag_ceiling
all_reduce_perf,2,16,8388608,2097152,float,sum,224.14,37.43,70.17,0,217.61,38.55,72.28,0,RING,LL128,8,RING,LL128,8,0,RING,A_flag_ceiling
all_reduce_perf,2,16,16777216,4194304,float,sum,436.59,38.43,72.05,0,430.41,38.98,73.09,0,RING,LL128,8,RING,LL128,8,0,RING,A_flag_ceiling
all_reduce_perf,2,16,33554432,8388608,float,sum,810.99,41.37,77.58,0,806.75,41.59,77.99,0,RING,LL128,8,RING,LL128,8,0,RING,A_flag_ceiling
all_reduce_perf,2,16,67108864,16777216,float,sum,1601.73,41.9,78.56,0,1597.11,42.02,78.79,0,RING,LL128,8,RING,LL128,8,0,RING,A_flag_ceiling
all_reduce_perf,2,16,134217728,33554432,float,sum,3162.22,42.44,79.58,0,3167.02,42.38,79.46,0,RING,LL128,8,RING,LL128,8,0,RING,A_flag_ceiling
all_reduce_perf,2,16,268435456,67108864,float,sum,6301.04,42.6,79.88,0,6307.76,42.56,79.79,0,RING,LL128,8,RING,LL128,8,0,RING,A_flag_ceiling
all_reduce_perf,2,16,536870912,134217728,float,sum,12564.2,42.73,80.12,0,12595.3,42.62,79.92,0,RING,LL128,8,RING,LL128,8,0,RING,A_flag_ceiling
all_reduce_perf,2,16,4096,1024,float,sum,271.14,0.02,0.03,0,269.65,0.02,0.03,0,RING,SIMPLE,16,RING,SIMPLE,16,0,RING,A_flag_ceiling
all_reduce_perf,2,16,8192,2048,float,sum,275.93,0.03,0.06,0,274.47,0.03,0.06,0,RING,SIMPLE,16,RING,SIMPLE,16,0,RING,A_flag_ceiling
all_reduce_perf,2,16,16384,4096,float,sum,281.06,0.06,0.11,0,272.89,0.06,0.11,0,RING,SIMPLE,16,RING,SIMPLE,16,0,RING,A_flag_ceiling
all_reduce_perf,2,16,32768,8192,float,sum,276.39,0.12,0.22,0,274.01,0.12,0.22,0,RING,SIMPLE,16,RING,SIMPLE,16,0,RING,A_flag_ceiling
all_reduce_perf,2,16,65536,16384,float,sum,289.88,0.23,0.42,0,288.76,0.23,0.43,0,RING,SIMPLE,16,RING,SIMPLE,16,0,RING,A_flag_ceiling
all_reduce_perf,2,16,131072,32768,float,sum,318.41,0.41,0.77,0,316.42,0.41,0.78,0,RING,SIMPLE,16,RING,SIMPLE,16,0,RING,A_flag_ceiling
all_reduce_perf,2,16,262144,65536,float,sum,317.21,0.83,1.55,0,316.68,0.83,1.55,0,RING,SIMPLE,16,RING,SIMPLE,16,0,RING,A_flag_ceiling
all_reduce_perf,2,16,524288,131072,float,sum,318.35,1.65,3.09,0,319.04,1.64,3.08,0,RING,SIMPLE,16,RING,SIMPLE,16,0,RING,A_flag_ceiling
all_reduce_perf,2,16,1048576,262144,float,sum,323.5,3.24,6.08,0,322.39,3.25,6.1,0,RING,SIMPLE,16,RING,SIMPLE,16,0,RING,A_flag_ceiling
all_reduce_perf,2,16,2097152,524288,float,sum,327.94,6.39,11.99,0,325.93,6.43,12.06,0,RING,SIMPLE,16,RING,SIMPLE,16,0,RING,A_flag_ceiling
all_reduce_perf,2,16,4194304,1048576,float,sum,341.79,12.27,23.01,0,339.34,12.36,23.18,0,RING,SIMPLE,16,RING,SIMPLE,16,0,RING,A_flag_ceiling
all_reduce_perf,2,16,8388608,2097152,float,sum,368.36,22.77,42.7,0,364.7,23.0,43.13,0,RING,SIMPLE,16,RING,SIMPLE,16,0,RING,A_flag_ceiling
all_reduce_perf,2,16,16777216,4194304,float,sum,381.21,44.01,82.52,0,377.19,44.48,83.4,0,RING,SIMPLE,16,RING,SIMPLE,16,0,RING,A_flag_ceiling
all_reduce_perf,2,16,33554432,8388608,float,sum,494.03,67.92,127.35,0,489.77,68.51,128.46,0,RING,SIMPLE,16,RING,SIMPLE,16,0,RING,A_flag_ceiling
all_reduce_perf,2,16,67108864,16777216,float,sum,733.06,91.55,171.65,0,729.61,91.98,172.46,0,RING,SIMPLE,16,RING,SIMPLE,16,0,RING,A_flag_ceiling
all_reduce_perf,2,16,134217728,33554432,float,sum,1241.33,108.12,202.73,0,1244.48,107.85,202.22,0,RING,SIMPLE,16,RING,SIMPLE,16,0,RING,A_flag_ceiling
all_reduce_perf,2,16,268435456,67108864,float,sum,2233.75,120.17,225.32,0,2228.38,120.46,225.87,0,RING,SIMPLE,16,RING,SIMPLE,16,0,RING,A_flag_ceiling
all_reduce_perf,2,16,536870912,134217728,float,sum,4146.83,129.47,242.75,0,4132.08,129.93,243.61,0,RING,SIMPLE,16,RING,SIMPLE,16,0,RING,A_flag_ceiling
all_reduce_perf,2,16,4096,1024,float,sum,74.51,0.05,0.1,0,72.83,0.06,0.11,0,RING,LL,16,RING,LL,16,0,RING,A_flag_ceiling
all_reduce_perf,2,16,8192,2048,float,sum,160.5,0.05,0.1,0,74.51,0.11,0.21,0,RING,LL,16,RING,LL,16,0,RING,A_flag_ceiling
all_reduce_perf,2,16,16384,4096,float,sum,84.76,0.19,0.36,0,79.88,0.21,0.38,0,RING,LL,16,RING,LL,16,0,RING,A_flag_ceiling
all_reduce_perf,2,16,32768,8192,float,sum,103.76,0.32,0.59,0,98.65,0.33,0.62,0,RING,LL,16,RING,LL,16,0,RING,A_flag_ceiling
all_reduce_perf,2,16,65536,16384,float,sum,107.45,0.61,1.14,0,102.88,0.64,1.19,0,RING,LL,16,RING,LL,16,0,RING,A_flag_ceiling
all_reduce_perf,2,16,131072,32768,float,sum,111.43,1.18,2.21,0,105.16,1.25,2.34,0,RING,LL,16,RING,LL,16,0,RING,A_flag_ceiling
all_reduce_perf,2,16,262144,65536,float,sum,110.41,2.37,4.45,0,109.58,2.39,4.49,0,RING,LL,16,RING,LL,16,0,RING,A_flag_ceiling
all_reduce_perf,2,16,524288,131072,float,sum,121.2,4.33,8.11,0,116.72,4.49,8.42,0,RING,LL,16,RING,LL,16,0,RING,A_flag_ceiling
all_reduce_perf,2,16,1048576,262144,float,sum,141.87,7.39,13.86,0,135.2,7.76,14.54,0,RING,LL,16,RING,LL,16,0,RING,A_flag_ceiling
all_reduce_perf,2,16,2097152,524288,float,sum,180.15,11.64,21.83,0,174.1,12.05,22.59,0,RING,LL,16,RING,LL,16,0,RING,A_flag_ceiling
all_reduce_perf,2,16,4194304,1048576,float,sum,238.01,17.62,33.04,0,236.5,17.74,33.25,0,RING,LL,16,RING,LL,16,0,RING,A_flag_ceiling
all_reduce_perf,2,16,8388608,2097152,float,sum,455.05,18.43,34.56,0,451.7,18.57,34.82,0,RING,LL,16,RING,LL,16,0,RING,A_flag_ceiling
all_reduce_perf,2,16,16777216,4194304,float,sum,886.78,18.92,35.47,0,882.6,19.01,35.64,0,RING,LL,16,RING,LL,16,0,RING,A_flag_ceiling
all_reduce_perf,2,16,33554432,8388608,float,sum,1748.85,19.19,35.97,0,1740.94,19.27,36.14,0,RING,LL,16,RING,LL,16,0,RING,A_flag_ceiling
all_reduce_perf,2,16,67108864,16777216,float,sum,3486.06,19.25,36.09,0,3474.48,19.31,36.22,0,RING,LL,16,RING,LL,16,0,RING,A_flag_ceiling
all_reduce_perf,2,16,134217728,33554432,float,sum,6973.85,19.25,36.09,0,6963.16,19.28,36.14,0,RING,LL,16,RING,LL,16,0,RING,A_flag_ceiling
all_reduce_perf,2,16,268435456,67108864,float,sum,13984.2,19.2,35.99,0,13948.8,19.24,36.08,0,RING,LL,16,RING,LL,16,0,RING,A_flag_ceiling
all_reduce_perf,2,16,536870912,134217728,float,sum,27941.9,19.21,36.03,0,27946.1,19.21,36.02,0,RING,LL,16,RING,LL,16,0,RING,A_flag_ceiling
all_reduce_perf,2,16,4096,1024,float,sum,93.16,0.04,0.08,0,90.49,0.05,0.08,0,RING,LL128,16,RING,LL128,16,0,RING,A_flag_ceiling
all_reduce_perf,2,16,8192,2048,float,sum,94.62,0.09,0.16,0,93.33,0.09,0.16,0,RING,LL128,16,RING,LL128,16,0,RING,A_flag_ceiling
all_reduce_perf,2,16,16384,4096,float,sum,95.64,0.17,0.32,0,91.02,0.18,0.34,0,RING,LL128,16,RING,LL128,16,0,RING,A_flag_ceiling
all_reduce_perf,2,16,32768,8192,float,sum,100.63,0.33,0.61,0,93.69,0.35,0.66,0,RING,LL128,16,RING,LL128,16,0,RING,A_flag_ceiling
all_reduce_perf,2,16,65536,16384,float,sum,101.74,0.64,1.21,0,99.43,0.66,1.24,0,RING,LL128,16,RING,LL128,16,0,RING,A_flag_ceiling
all_reduce_perf,2,16,131072,32768,float,sum,109.06,1.2,2.25,0,106.04,1.24,2.32,0,RING,LL128,16,RING,LL128,16,0,RING,A_flag_ceiling
all_reduce_perf,2,16,262144,65536,float,sum,106.04,2.47,4.64,0,179.0,1.46,2.75,0,RING,LL128,16,RING,LL128,16,0,RING,A_flag_ceiling
all_reduce_perf,2,16,524288,131072,float,sum,108.53,4.83,9.06,0,182.13,2.88,5.4,0,RING,LL128,16,RING,LL128,16,0,RING,A_flag_ceiling
all_reduce_perf,2,16,1048576,262144,float,sum,113.16,9.27,17.38,0,106.62,9.83,18.44,0,RING,LL128,16,RING,LL128,16,0,RING,A_flag_ceiling
all_reduce_perf,2,16,2097152,524288,float,sum,114.1,18.38,34.46,0,108.38,19.35,36.28,0,RING,LL128,16,RING,LL128,16,0,RING,A_flag_ceiling
all_reduce_perf,2,16,4194304,1048576,float,sum,121.31,34.57,64.83,0,112.14,37.4,70.13,0,RING,LL128,16,RING,LL128,16,0,RING,A_flag_ceiling
all_reduce_perf,2,16,8388608,2097152,float,sum,154.27,54.38,101.95,0,146.76,57.16,107.17,0,RING,LL128,16,RING,LL128,16,0,RING,A_flag_ceiling
all_reduce_perf,2,16,16777216,4194304,float,sum,235.9,71.12,133.35,0,232.16,72.26,135.5,0,RING,LL128,16,RING,LL128,16,0,RING,A_flag_ceiling
all_reduce_perf,2,16,33554432,8388608,float,sum,455.67,73.64,138.07,0,451.46,74.32,139.36,0,RING,LL128,16,RING,LL128,16,0,RING,A_flag_ceiling
all_reduce_perf,2,16,67108864,16777216,float,sum,855.51,78.44,147.08,0,850.81,78.88,147.89,0,RING,LL128,16,RING,LL128,16,0,RING,A_flag_ceiling
all_reduce_perf,2,16,134217728,33554432,float,sum,1684.0,79.7,149.44,0,1678.37,79.97,149.94,0,RING,LL128,16,RING,LL128,16,0,RING,A_flag_ceiling
all_reduce_perf,2,16,268435456,67108864,float,sum,3320.45,80.84,151.58,0,3319.96,80.86,151.6,0,RING,LL128,16,RING,LL128,16,0,RING,A_flag_ceiling
all_reduce_perf,2,16,536870912,134217728,float,sum,6587.4,81.5,152.81,0,6592.2,81.44,152.7,0,RING,LL128,16,RING,LL128,16,0,RING,A_flag_ceiling
all_reduce_perf,2,16,4096,1024,float,sum,271.64,0.02,0.03,0,269.31,0.02,0.03,0,RING,SIMPLE,24,RING,SIMPLE,24,0,RING,A_flag_ceiling
all_reduce_perf,2,16,8192,2048,float,sum,271.02,0.03,0.06,0,273.41,0.03,0.06,0,RING,SIMPLE,24,RING,SIMPLE,24,0,RING,A_flag_ceiling
all_reduce_perf,2,16,16384,4096,float,sum,274.74,0.06,0.11,0,272.93,0.06,0.11,0,RING,SIMPLE,24,RING,SIMPLE,24,0,RING,A_flag_ceiling
all_reduce_perf,2,16,32768,8192,float,sum,273.41,0.12,0.22,0,272.63,0.12,0.23,0,RING,SIMPLE,24,RING,SIMPLE,24,0,RING,A_flag_ceiling
all_reduce_perf,2,16,65536,16384,float,sum,292.25,0.22,0.42,0,290.47,0.23,0.42,0,RING,SIMPLE,24,RING,SIMPLE,24,0,RING,A_flag_ceiling
all_reduce_perf,2,16,131072,32768,float,sum,317.64,0.41,0.77,0,316.46,0.41,0.78,0,RING,SIMPLE,24,RING,SIMPLE,24,0,RING,A_flag_ceiling
all_reduce_perf,2,16,262144,65536,float,sum,320.36,0.82,1.53,0,318.79,0.82,1.54,0,RING,SIMPLE,24,RING,SIMPLE,24,0,RING,A_flag_ceiling
all_reduce_perf,2,16,524288,131072,float,sum,361.65,1.45,2.72,0,360.45,1.45,2.73,0,RING,SIMPLE,24,RING,SIMPLE,24,0,RING,A_flag_ceiling
all_reduce_perf,2,16,1048576,262144,float,sum,362.77,2.89,5.42,0,363.31,2.89,5.41,0,RING,SIMPLE,24,RING,SIMPLE,24,0,RING,A_flag_ceiling
all_reduce_perf,2,16,2097152,524288,float,sum,368.15,5.7,10.68,0,366.06,5.73,10.74,0,RING,SIMPLE,24,RING,SIMPLE,24,0,RING,A_flag_ceiling
all_reduce_perf,2,16,4194304,1048576,float,sum,373.45,11.23,21.06,0,373.38,11.23,21.06,0,RING,SIMPLE,24,RING,SIMPLE,24,0,RING,A_flag_ceiling
all_reduce_perf,2,16,8388608,2097152,float,sum,394.83,21.25,39.84,0,392.46,21.37,40.08,0,RING,SIMPLE,24,RING,SIMPLE,24,0,RING,A_flag_ceiling
all_reduce_perf,2,16,16777216,4194304,float,sum,411.51,40.77,76.44,0,410.12,40.91,76.7,0,RING,SIMPLE,24,RING,SIMPLE,24,0,RING,A_flag_ceiling
all_reduce_perf,2,16,33554432,8388608,float,sum,443.68,75.63,141.8,0,442.95,75.75,142.04,0,RING,SIMPLE,24,RING,SIMPLE,24,0,RING,A_flag_ceiling
all_reduce_perf,2,16,67108864,16777216,float,sum,595.47,112.7,211.31,0,594.43,112.9,211.68,0,RING,SIMPLE,24,RING,SIMPLE,24,0,RING,A_flag_ceiling
all_reduce_perf,2,16,134217728,33554432,float,sum,929.57,144.39,270.72,0,928.04,144.63,271.17,0,RING,SIMPLE,24,RING,SIMPLE,24,0,RING,A_flag_ceiling
all_reduce_perf,2,16,268435456,67108864,float,sum,1618.05,165.9,311.06,0,1624.75,165.22,309.78,0,RING,SIMPLE,24,RING,SIMPLE,24,0,RING,A_flag_ceiling
all_reduce_perf,2,16,536870912,134217728,float,sum,2964.22,181.12,339.59,0,2969.97,180.77,338.94,0,RING,SIMPLE,24,RING,SIMPLE,24,0,RING,A_flag_ceiling
all_reduce_perf,2,16,4096,1024,float,sum,74.32,0.06,0.1,0,72.29,0.06,0.11,0,RING,LL,24,RING,LL,24,0,RING,A_flag_ceiling
all_reduce_perf,2,16,8192,2048,float,sum,74.5,0.11,0.21,0,73.34,0.11,0.21,0,RING,LL,24,RING,LL,24,0,RING,A_flag_ceiling
all_reduce_perf,2,16,16384,4096,float,sum,83.56,0.2,0.37,0,79.6,0.21,0.39,0,RING,LL,24,RING,LL,24,0,RING,A_flag_ceiling
all_reduce_perf,2,16,32768,8192,float,sum,98.93,0.33,0.62,0,99.32,0.33,0.62,0,RING,LL,24,RING,LL,24,0,RING,A_flag_ceiling
all_reduce_perf,2,16,65536,16384,float,sum,102.11,0.64,1.2,0,100.26,0.65,1.23,0,RING,LL,24,RING,LL,24,0,RING,A_flag_ceiling
all_reduce_perf,2,16,131072,32768,float,sum,141.01,0.93,1.74,0,137.42,0.95,1.79,0,RING,LL,24,RING,LL,24,0,RING,A_flag_ceiling
all_reduce_perf,2,16,262144,65536,float,sum,141.03,1.86,3.49,0,141.49,1.85,3.47,0,RING,LL,24,RING,LL,24,0,RING,A_flag_ceiling
all_reduce_perf,2,16,524288,131072,float,sum,153.04,3.43,6.42,0,153.82,3.41,6.39,0,RING,LL,24,RING,LL,24,0,RING,A_flag_ceiling
all_reduce_perf,2,16,1048576,262144,float,sum,180.11,5.82,10.92,0,176.07,5.96,11.17,0,RING,LL,24,RING,LL,24,0,RING,A_flag_ceiling
all_reduce_perf,2,16,2097152,524288,float,sum,215.46,9.73,18.25,0,209.57,10.01,18.76,0,RING,LL,24,RING,LL,24,0,RING,A_flag_ceiling
all_reduce_perf,2,16,4194304,1048576,float,sum,263.84,15.9,29.81,0,271.3,15.46,28.99,0,RING,LL,24,RING,LL,24,0,RING,A_flag_ceiling
all_reduce_perf,2,16,8388608,2097152,float,sum,511.92,16.39,30.72,0,493.7,16.99,31.86,0,RING,LL,24,RING,LL,24,0,RING,A_flag_ceiling
all_reduce_perf,2,16,16777216,4194304,float,sum,844.16,19.87,37.26,0,842.58,19.91,37.33,0,RING,LL,24,RING,LL,24,0,RING,A_flag_ceiling
all_reduce_perf,2,16,33554432,8388608,float,sum,1648.61,20.35,38.16,0,1648.94,20.35,38.15,0,RING,LL,24,RING,LL,24,0,RING,A_flag_ceiling
all_reduce_perf,2,16,67108864,16777216,float,sum,3164.9,21.2,39.76,0,3155.5,21.27,39.88,0,RING,LL,24,RING,LL,24,0,RING,A_flag_ceiling
all_reduce_perf,2,16,134217728,33554432,float,sum,6283.54,21.36,40.05,0,6266.7,21.42,40.16,0,RING,LL,24,RING,LL,24,0,RING,A_flag_ceiling
all_reduce_perf,2,16,268435456,67108864,float,sum,12464.4,21.54,40.38,0,12439.0,21.58,40.46,0,RING,LL,24,RING,LL,24,0,RING,A_flag_ceiling
all_reduce_perf,2,16,536870912,134217728,float,sum,24901.0,21.56,40.43,0,24874.1,21.58,40.47,0,RING,LL,24,RING,LL,24,0,RING,A_flag_ceiling
all_reduce_perf,2,16,4096,1024,float,sum,93.44,0.04,0.08,0,90.85,0.05,0.08,0,RING,LL128,24,RING,LL128,24,0,RING,A_flag_ceiling
all_reduce_perf,2,16,8192,2048,float,sum,92.31,0.09,0.17,0,90.82,0.09,0.17,0,RING,LL128,24,RING,LL128,24,0,RING,A_flag_ceiling
all_reduce_perf,2,16,16384,4096,float,sum,95.2,0.17,0.32,0,91.16,0.18,0.34,0,RING,LL128,24,RING,LL128,24,0,RING,A_flag_ceiling
all_reduce_perf,2,16,32768,8192,float,sum,93.31,0.35,0.66,0,91.78,0.36,0.67,0,RING,LL128,24,RING,LL128,24,0,RING,A_flag_ceiling
all_reduce_perf,2,16,65536,16384,float,sum,98.82,0.66,1.24,0,98.41,0.67,1.25,0,RING,LL128,24,RING,LL128,24,0,RING,A_flag_ceiling
all_reduce_perf,2,16,131072,32768,float,sum,109.73,1.19,2.24,0,105.24,1.25,2.34,0,RING,LL128,24,RING,LL128,24,0,RING,A_flag_ceiling
all_reduce_perf,2,16,262144,65536,float,sum,108.93,2.41,4.51,0,105.12,2.49,4.68,0,RING,LL128,24,RING,LL128,24,0,RING,A_flag_ceiling
all_reduce_perf,2,16,524288,131072,float,sum,136.75,3.83,7.19,0,132.2,3.97,7.44,0,RING,LL128,24,RING,LL128,24,0,RING,A_flag_ceiling
all_reduce_perf,2,16,1048576,262144,float,sum,143.55,7.3,13.7,0,139.91,7.49,14.05,0,RING,LL128,24,RING,LL128,24,0,RING,A_flag_ceiling
all_reduce_perf,2,16,2097152,524288,float,sum,147.4,14.23,26.68,0,138.91,15.1,28.31,0,RING,LL128,24,RING,LL128,24,0,RING,A_flag_ceiling
all_reduce_perf,2,16,4194304,1048576,float,sum,142.46,29.44,55.2,0,139.15,30.14,56.52,0,RING,LL128,24,RING,LL128,24,0,RING,A_flag_ceiling
all_reduce_perf,2,16,8388608,2097152,float,sum,146.04,57.44,107.7,0,145.43,57.68,108.15,0,RING,LL128,24,RING,LL128,24,0,RING,A_flag_ceiling
all_reduce_perf,2,16,16777216,4194304,float,sum,190.25,88.19,165.35,0,187.2,89.62,168.04,0,RING,LL128,24,RING,LL128,24,0,RING,A_flag_ceiling
all_reduce_perf,2,16,33554432,8388608,float,sum,323.5,103.72,194.48,0,319.55,105.01,196.89,0,RING,LL128,24,RING,LL128,24,0,RING,A_flag_ceiling
all_reduce_perf,2,16,67108864,16777216,float,sum,605.9,110.76,207.67,0,604.48,111.02,208.16,0,RING,LL128,24,RING,LL128,24,0,RING,A_flag_ceiling
all_reduce_perf,2,16,134217728,33554432,float,sum,1190.15,112.77,211.45,0,1185.32,113.23,212.31,0,RING,LL128,24,RING,LL128,24,0,RING,A_flag_ceiling
all_reduce_perf,2,16,268435456,67108864,float,sum,2333.77,115.02,215.67,0,2335.29,114.95,215.53,0,RING,LL128,24,RING,LL128,24,0,RING,A_flag_ceiling
all_reduce_perf,2,16,536870912,134217728,float,sum,4640.09,115.7,216.94,0,4644.38,115.6,216.74,0,RING,LL128,24,RING,LL128,24,0,RING,A_flag_ceiling
all_reduce_perf,2,16,4096,1024,float,sum,270.32,0.02,0.03,0,268.86,0.02,0.03,0,RING,SIMPLE,32,RING,SIMPLE,32,0,RING,A_flag_ceiling
all_reduce_perf,2,16,8192,2048,float,sum,276.43,0.03,0.06,0,270.54,0.03,0.06,0,RING,SIMPLE,32,RING,SIMPLE,32,0,RING,A_flag_ceiling
all_reduce_perf,2,16,16384,4096,float,sum,272.34,0.06,0.11,0,270.58,0.06,0.11,0,RING,SIMPLE,32,RING,SIMPLE,32,0,RING,A_flag_ceiling
all_reduce_perf,2,16,32768,8192,float,sum,273.73,0.12,0.22,0,272.12,0.12,0.23,0,RING,SIMPLE,32,RING,SIMPLE,32,0,RING,A_flag_ceiling
all_reduce_perf,2,16,65536,16384,float,sum,291.19,0.23,0.42,0,290.57,0.23,0.42,0,RING,SIMPLE,32,RING,SIMPLE,32,0,RING,A_flag_ceiling
all_reduce_perf,2,16,131072,32768,float,sum,317.32,0.41,0.77,0,316.93,0.41,0.78,0,RING,SIMPLE,32,RING,SIMPLE,32,0,RING,A_flag_ceiling
all_reduce_perf,2,16,262144,65536,float,sum,417.17,0.63,1.18,0,409.82,0.64,1.2,0,RING,SIMPLE,32,RING,SIMPLE,32,0,RING,A_flag_ceiling
all_reduce_perf,2,16,524288,131072,float,sum,408.98,1.28,2.4,0,411.26,1.27,2.39,0,RING,SIMPLE,32,RING,SIMPLE,32,0,RING,A_flag_ceiling
all_reduce_perf,2,16,1048576,262144,float,sum,414.84,2.53,4.74,0,414.73,2.53,4.74,0,RING,SIMPLE,32,RING,SIMPLE,32,0,RING,A_flag_ceiling
all_reduce_perf,2,16,2097152,524288,float,sum,414.52,5.06,9.49,0,413.05,5.08,9.52,0,RING,SIMPLE,32,RING,SIMPLE,32,0,RING,A_flag_ceiling
all_reduce_perf,2,16,4194304,1048576,float,sum,417.52,10.05,18.84,0,418.89,10.01,18.77,0,RING,SIMPLE,32,RING,SIMPLE,32,0,RING,A_flag_ceiling
all_reduce_perf,2,16,8388608,2097152,float,sum,434.17,19.32,36.23,0,434.28,19.32,36.22,0,RING,SIMPLE,32,RING,SIMPLE,32,0,RING,A_flag_ceiling
all_reduce_perf,2,16,16777216,4194304,float,sum,455.13,36.86,69.12,0,453.91,36.96,69.3,0,RING,SIMPLE,32,RING,SIMPLE,32,0,RING,A_flag_ceiling
all_reduce_perf,2,16,33554432,8388608,float,sum,471.32,71.19,133.49,0,470.2,71.36,133.81,0,RING,SIMPLE,32,RING,SIMPLE,32,0,RING,A_flag_ceiling
all_reduce_perf,2,16,67108864,16777216,float,sum,546.3,122.84,230.33,0,546.08,122.89,230.42,0,RING,SIMPLE,32,RING,SIMPLE,32,0,RING,A_flag_ceiling
all_reduce_perf,2,16,134217728,33554432,float,sum,799.41,167.9,314.81,0,802.34,167.28,313.66,0,RING,SIMPLE,32,RING,SIMPLE,32,0,RING,A_flag_ceiling
all_reduce_perf,2,16,268435456,67108864,float,sum,1391.45,192.92,361.72,0,1415.68,189.62,355.53,0,RING,SIMPLE,32,RING,SIMPLE,32,0,RING,A_flag_ceiling
all_reduce_perf,2,16,536870912,134217728,float,sum,2707.18,198.31,371.84,0,2704.71,198.49,372.18,0,RING,SIMPLE,32,RING,SIMPLE,32,0,RING,A_flag_ceiling
all_reduce_perf,2,16,4096,1024,float,sum,75.45,0.05,0.1,0,72.03,0.06,0.11,0,RING,LL,32,RING,LL,32,0,RING,A_flag_ceiling
all_reduce_perf,2,16,8192,2048,float,sum,75.45,0.11,0.2,0,73.52,0.11,0.21,0,RING,LL,32,RING,LL,32,0,RING,A_flag_ceiling
all_reduce_perf,2,16,16384,4096,float,sum,80.36,0.2,0.38,0,79.18,0.21,0.39,0,RING,LL,32,RING,LL,32,0,RING,A_flag_ceiling
all_reduce_perf,2,16,32768,8192,float,sum,102.14,0.32,0.6,0,97.78,0.34,0.63,0,RING,LL,32,RING,LL,32,0,RING,A_flag_ceiling
all_reduce_perf,2,16,65536,16384,float,sum,160.1,0.41,0.77,0,159.38,0.41,0.77,0,RING,LL,32,RING,LL,32,0,RING,A_flag_ceiling
all_reduce_perf,2,16,131072,32768,float,sum,174.54,0.75,1.41,0,169.5,0.77,1.45,0,RING,LL,32,RING,LL,32,0,RING,A_flag_ceiling
all_reduce_perf,2,16,262144,65536,float,sum,180.65,1.45,2.72,0,179.01,1.46,2.75,0,RING,LL,32,RING,LL,32,0,RING,A_flag_ceiling
all_reduce_perf,2,16,524288,131072,float,sum,192.35,2.73,5.11,0,185.29,2.83,5.31,0,RING,LL,32,RING,LL,32,0,RING,A_flag_ceiling
all_reduce_perf,2,16,1048576,262144,float,sum,200.39,5.23,9.81,0,200.28,5.24,9.82,0,RING,LL,32,RING,LL,32,0,RING,A_flag_ceiling
all_reduce_perf,2,16,2097152,524288,float,sum,246.85,8.5,15.93,0,232.26,9.03,16.93,0,RING,LL,32,RING,LL,32,0,RING,A_flag_ceiling
all_reduce_perf,2,16,4194304,1048576,float,sum,304.81,13.76,25.8,0,305.78,13.72,25.72,0,RING,LL,32,RING,LL,32,0,RING,A_flag_ceiling
all_reduce_perf,2,16,8388608,2097152,float,sum,368.99,22.73,42.63,0,368.82,22.74,42.65,0,RING,LL,32,RING,LL,32,0,RING,A_flag_ceiling
all_reduce_perf,2,16,16777216,4194304,float,sum,745.96,22.49,42.17,0,744.37,22.54,42.26,0,RING,LL,32,RING,LL,32,0,RING,A_flag_ceiling
all_reduce_perf,2,16,33554432,8388608,float,sum,1471.21,22.81,42.76,0,1465.35,22.9,42.93,0,RING,LL,32,RING,LL,32,0,RING,A_flag_ceiling
all_reduce_perf,2,16,67108864,16777216,float,sum,2963.12,22.65,42.47,0,2940.12,22.83,42.8,0,RING,LL,32,RING,LL,32,0,RING,A_flag_ceiling
all_reduce_perf,2,16,134217728,33554432,float,sum,5891.39,22.78,42.72,0,6128.56,21.9,41.06,0,RING,LL,32,RING,LL,32,0,RING,A_flag_ceiling
all_reduce_perf,2,16,268435456,67108864,float,sum,11995.0,22.38,41.96,0,11941.0,22.48,42.15,0,RING,LL,32,RING,LL,32,0,RING,A_flag_ceiling
all_reduce_perf,2,16,536870912,134217728,float,sum,23919.5,22.44,42.08,0,23922.0,22.44,42.08,0,RING,LL,32,RING,LL,32,0,RING,A_flag_ceiling
all_reduce_perf,2,16,4096,1024,float,sum,92.35,0.04,0.08,0,94.88,0.04,0.08,0,RING,LL128,32,RING,LL128,32,0,RING,A_flag_ceiling
all_reduce_perf,2,16,8192,2048,float,sum,94.97,0.09,0.16,0,91.23,0.09,0.17,0,RING,LL128,32,RING,LL128,32,0,RING,A_flag_ceiling
all_reduce_perf,2,16,16384,4096,float,sum,91.11,0.18,0.34,0,171.45,0.1,0.18,0,RING,LL128,32,RING,LL128,32,0,RING,A_flag_ceiling
all_reduce_perf,2,16,32768,8192,float,sum,181.17,0.18,0.34,0,93.15,0.35,0.66,0,RING,LL128,32,RING,LL128,32,0,RING,A_flag_ceiling
all_reduce_perf,2,16,65536,16384,float,sum,102.01,0.64,1.2,0,98.39,0.67,1.25,0,RING,LL128,32,RING,LL128,32,0,RING,A_flag_ceiling
all_reduce_perf,2,16,131072,32768,float,sum,105.83,1.24,2.32,0,110.45,1.19,2.23,0,RING,LL128,32,RING,LL128,32,0,RING,A_flag_ceiling
all_reduce_perf,2,16,262144,65536,float,sum,164.71,1.59,2.98,0,161.82,1.62,3.04,0,RING,LL128,32,RING,LL128,32,0,RING,A_flag_ceiling
all_reduce_perf,2,16,524288,131072,float,sum,164.33,3.19,5.98,0,160.49,3.27,6.13,0,RING,LL128,32,RING,LL128,32,0,RING,A_flag_ceiling
all_reduce_perf,2,16,1048576,262144,float,sum,168.79,6.21,11.65,0,163.23,6.42,12.04,0,RING,LL128,32,RING,LL128,32,0,RING,A_flag_ceiling
all_reduce_perf,2,16,2097152,524288,float,sum,171.35,12.24,22.95,0,164.67,12.74,23.88,0,RING,LL128,32,RING,LL128,32,0,RING,A_flag_ceiling
all_reduce_perf,2,16,4194304,1048576,float,sum,242.18,17.32,32.47,0,166.52,25.19,47.23,0,RING,LL128,32,RING,LL128,32,0,RING,A_flag_ceiling
all_reduce_perf,2,16,8388608,2097152,float,sum,172.6,48.6,91.13,0,171.71,48.85,91.6,0,RING,LL128,32,RING,LL128,32,0,RING,A_flag_ceiling
all_reduce_perf,2,16,16777216,4194304,float,sum,188.21,89.14,167.14,0,186.74,89.84,168.46,0,RING,LL128,32,RING,LL128,32,0,RING,A_flag_ceiling
all_reduce_perf,2,16,33554432,8388608,float,sum,275.62,121.74,228.27,0,272.72,123.03,230.69,0,RING,LL128,32,RING,LL128,32,0,RING,A_flag_ceiling
all_reduce_perf,2,16,67108864,16777216,float,sum,535.37,125.35,235.03,0,535.46,125.33,234.99,0,RING,LL128,32,RING,LL128,32,0,RING,A_flag_ceiling
all_reduce_perf,2,16,134217728,33554432,float,sum,978.93,137.11,257.07,0,980.19,136.93,256.74,0,RING,LL128,32,RING,LL128,32,0,RING,A_flag_ceiling
all_reduce_perf,2,16,268435456,67108864,float,sum,1933.68,138.82,260.29,0,1933.95,138.8,260.25,0,RING,LL128,32,RING,LL128,32,0,RING,A_flag_ceiling
all_reduce_perf,2,16,536870912,134217728,float,sum,3778.14,142.1,266.44,0,3776.23,142.17,266.57,0,RING,LL128,32,RING,LL128,32,0,RING,A_flag_ceiling
all_reduce_perf,2,16,4096,1024,float,sum,273.64,0.01,0.03,0,271.68,0.02,0.03,0,RING,SIMPLE,40,RING,SIMPLE,40,0,RING,A_flag_ceiling
all_reduce_perf,2,16,8192,2048,float,sum,277.83,0.03,0.06,0,270.79,0.03,0.06,0,RING,SIMPLE,40,RING,SIMPLE,40,0,RING,A_flag_ceiling
all_reduce_perf,2,16,16384,4096,float,sum,321.98,0.05,0.1,0,271.56,0.06,0.11,0,RING,SIMPLE,40,RING,SIMPLE,40,0,RING,A_flag_ceiling
all_reduce_perf,2,16,32768,8192,float,sum,274.14,0.12,0.22,0,273.15,0.12,0.22,0,RING,SIMPLE,40,RING,SIMPLE,40,0,RING,A_flag_ceiling
all_reduce_perf,2,16,65536,16384,float,sum,292.09,0.22,0.42,0,291.26,0.23,0.42,0,RING,SIMPLE,40,RING,SIMPLE,40,0,RING,A_flag_ceiling
all_reduce_perf,2,16,131072,32768,float,sum,318.68,0.41,0.77,0,318.19,0.41,0.77,0,RING,SIMPLE,40,RING,SIMPLE,40,0,RING,A_flag_ceiling
all_reduce_perf,2,16,262144,65536,float,sum,414.09,0.63,1.19,0,413.08,0.63,1.19,0,RING,SIMPLE,40,RING,SIMPLE,40,0,RING,A_flag_ceiling
all_reduce_perf,2,16,524288,131072,float,sum,413.21,1.27,2.38,0,421.68,1.24,2.33,0,RING,SIMPLE,40,RING,SIMPLE,40,0,RING,A_flag_ceiling
all_reduce_perf,2,16,1048576,262144,float,sum,484.02,2.17,4.06,0,447.7,2.34,4.39,0,RING,SIMPLE,40,RING,SIMPLE,40,0,RING,A_flag_ceiling
all_reduce_perf,2,16,2097152,524288,float,sum,470.7,4.46,8.35,0,464.71,4.51,8.46,0,RING,SIMPLE,40,RING,SIMPLE,40,0,RING,A_flag_ceiling
all_reduce_perf,2,16,4194304,1048576,float,sum,487.03,8.61,16.15,0,484.78,8.65,16.22,0,RING,SIMPLE,40,RING,SIMPLE,40,0,RING,A_flag_ceiling
all_reduce_perf,2,16,8388608,2097152,float,sum,522.93,16.04,30.08,0,493.64,16.99,31.86,0,RING,SIMPLE,40,RING,SIMPLE,40,0,RING,A_flag_ceiling
all_reduce_perf,2,16,16777216,4194304,float,sum,510.28,32.88,61.65,0,508.98,32.96,61.8,0,RING,SIMPLE,40,RING,SIMPLE,40,0,RING,A_flag_ceiling
all_reduce_perf,2,16,33554432,8388608,float,sum,538.74,62.28,116.78,0,594.76,56.42,105.78,0,RING,SIMPLE,40,RING,SIMPLE,40,0,RING,A_flag_ceiling
all_reduce_perf,2,16,67108864,16777216,float,sum,586.13,114.49,214.68,0,585.19,114.68,215.02,0,RING,SIMPLE,40,RING,SIMPLE,40,0,RING,A_flag_ceiling
all_reduce_perf,2,16,134217728,33554432,float,sum,773.59,173.5,325.31,0,779.06,172.28,323.03,0,RING,SIMPLE,40,RING,SIMPLE,40,0,RING,A_flag_ceiling
all_reduce_perf,2,16,268435456,67108864,float,sum,1366.94,196.38,368.21,0,1366.38,196.46,368.36,0,RING,SIMPLE,40,RING,SIMPLE,40,0,RING,A_flag_ceiling
all_reduce_perf,2,16,536870912,134217728,float,sum,2692.66,199.38,373.84,0,2700.55,198.8,372.75,0,RING,SIMPLE,40,RING,SIMPLE,40,0,RING,A_flag_ceiling
all_reduce_perf,2,16,4096,1024,float,sum,74.96,0.05,0.1,0,72.26,0.06,0.11,0,RING,LL,40,RING,LL,40,0,RING,A_flag_ceiling
all_reduce_perf,2,16,8192,2048,float,sum,77.72,0.11,0.2,0,74.64,0.11,0.21,0,RING,LL,40,RING,LL,40,0,RING,A_flag_ceiling
all_reduce_perf,2,16,16384,4096,float,sum,83.0,0.2,0.37,0,79.27,0.21,0.39,0,RING,LL,40,RING,LL,40,0,RING,A_flag_ceiling
all_reduce_perf,2,16,32768,8192,float,sum,107.7,0.3,0.57,0,102.11,0.32,0.6,0,RING,LL,40,RING,LL,40,0,RING,A_flag_ceiling
all_reduce_perf,2,16,65536,16384,float,sum,173.18,0.38,0.71,0,164.33,0.4,0.75,0,RING,LL,40,RING,LL,40,0,RING,A_flag_ceiling
all_reduce_perf,2,16,131072,32768,float,sum,172.74,0.76,1.42,0,171.16,0.77,1.44,0,RING,LL,40,RING,LL,40,0,RING,A_flag_ceiling
all_reduce_perf,2,16,262144,65536,float,sum,178.29,1.47,2.76,0,177.86,1.47,2.76,0,RING,LL,40,RING,LL,40,0,RING,A_flag_ceiling
all_reduce_perf,2,16,524288,131072,float,sum,209.69,2.5,4.69,0,204.82,2.56,4.8,0,RING,LL,40,RING,LL,40,0,RING,A_flag_ceiling
all_reduce_perf,2,16,1048576,262144,float,sum,241.39,4.34,8.14,0,241.14,4.35,8.15,0,RING,LL,40,RING,LL,40,0,RING,A_flag_ceiling
all_reduce_perf,2,16,2097152,524288,float,sum,285.91,7.34,13.75,0,283.2,7.41,13.88,0,RING,LL,40,RING,LL,40,0,RING,A_flag_ceiling
all_reduce_perf,2,16,4194304,1048576,float,sum,353.84,11.85,22.23,0,354.8,11.82,22.17,0,RING,LL,40,RING,LL,40,0,RING,A_flag_ceiling
all_reduce_perf,2,16,8388608,2097152,float,sum,447.38,18.75,35.16,0,446.87,18.77,35.2,0,RING,LL,40,RING,LL,40,0,RING,A_flag_ceiling
all_reduce_perf,2,16,16777216,4194304,float,sum,890.38,18.84,35.33,0,882.21,19.02,35.66,0,RING,LL,40,RING,LL,40,0,RING,A_flag_ceiling
all_reduce_perf,2,16,33554432,8388608,float,sum,1683.02,19.94,37.38,0,1684.86,19.92,37.34,0,RING,LL,40,RING,LL,40,0,RING,A_flag_ceiling
all_reduce_perf,2,16,67108864,16777216,float,sum,3188.46,21.05,39.46,0,3188.49,21.05,39.46,0,RING,LL,40,RING,LL,40,0,RING,A_flag_ceiling
all_reduce_perf,2,16,134217728,33554432,float,sum,6188.22,21.69,40.67,0,6201.04,21.64,40.58,0,RING,LL,40,RING,LL,40,0,RING,A_flag_ceiling
all_reduce_perf,2,16,268435456,67108864,float,sum,12372.1,21.7,40.68,0,12376.6,21.69,40.67,0,RING,LL,40,RING,LL,40,0,RING,A_flag_ceiling
all_reduce_perf,2,16,536870912,134217728,float,sum,24675.9,21.76,40.79,0,24607.8,21.82,40.91,0,RING,LL,40,RING,LL,40,0,RING,A_flag_ceiling
all_reduce_perf,2,16,4096,1024,float,sum,91.33,0.04,0.08,0,89.59,0.05,0.09,0,RING,LL128,40,RING,LL128,40,0,RING,A_flag_ceiling
all_reduce_perf,2,16,8192,2048,float,sum,91.4,0.09,0.17,0,88.96,0.09,0.17,0,RING,LL128,40,RING,LL128,40,0,RING,A_flag_ceiling
all_reduce_perf,2,16,16384,4096,float,sum,93.95,0.17,0.33,0,90.29,0.18,0.34,0,RING,LL128,40,RING,LL128,40,0,RING,A_flag_ceiling
all_reduce_perf,2,16,32768,8192,float,sum,97.28,0.34,0.63,0,92.31,0.35,0.67,0,RING,LL128,40,RING,LL128,40,0,RING,A_flag_ceiling
all_reduce_perf,2,16,65536,16384,float,sum,102.36,0.64,1.2,0,99.0,0.66,1.24,0,RING,LL128,40,RING,LL128,40,0,RING,A_flag_ceiling
all_reduce_perf,2,16,131072,32768,float,sum,124.05,1.06,1.98,0,105.9,1.24,2.32,0,RING,LL128,40,RING,LL128,40,0,RING,A_flag_ceiling
all_reduce_perf,2,16,262144,65536,float,sum,171.8,1.53,2.86,0,164.38,1.59,2.99,0,RING,LL128,40,RING,LL128,40,0,RING,A_flag_ceiling
all_reduce_perf,2,16,524288,131072,float,sum,174.65,3.0,5.63,0,165.47,3.17,5.94,0,RING,LL128,40,RING,LL128,40,0,RING,A_flag_ceiling
all_reduce_perf,2,16,1048576,262144,float,sum,167.44,6.26,11.74,0,167.88,6.25,11.71,0,RING,LL128,40,RING,LL128,40,0,RING,A_flag_ceiling
all_reduce_perf,2,16,2097152,524288,float,sum,188.53,11.12,20.86,0,182.87,11.47,21.5,0,RING,LL128,40,RING,LL128,40,0,RING,A_flag_ceiling
all_reduce_perf,2,16,4194304,1048576,float,sum,197.43,21.24,39.83,0,197.53,21.23,39.81,0,RING,LL128,40,RING,LL128,40,0,RING,A_flag_ceiling
all_reduce_perf,2,16,8388608,2097152,float,sum,200.1,41.92,78.6,0,199.11,42.13,79.0,0,RING,LL128,40,RING,LL128,40,0,RING,A_flag_ceiling
all_reduce_perf,2,16,16777216,4194304,float,sum,215.86,77.72,145.73,0,215.34,77.91,146.08,0,RING,LL128,40,RING,LL128,40,0,RING,A_flag_ceiling
all_reduce_perf,2,16,33554432,8388608,float,sum,252.09,133.11,249.57,0,252.09,133.1,249.57,0,RING,LL128,40,RING,LL128,40,0,RING,A_flag_ceiling
all_reduce_perf,2,16,67108864,16777216,float,sum,588.59,114.02,213.78,0,588.99,113.94,213.63,0,RING,LL128,40,RING,LL128,40,0,RING,A_flag_ceiling
all_reduce_perf,2,16,134217728,33554432,float,sum,978.88,137.11,257.09,0,977.43,137.32,257.47,0,RING,LL128,40,RING,LL128,40,0,RING,A_flag_ceiling
all_reduce_perf,2,16,268435456,67108864,float,sum,1762.21,152.33,285.62,0,1762.16,152.33,285.62,0,RING,LL128,40,RING,LL128,40,0,RING,A_flag_ceiling
all_reduce_perf,2,16,536870912,134217728,float,sum,3362.34,159.67,299.39,0,3360.21,159.77,299.57,0,RING,LL128,40,RING,LL128,40,0,RING,A_flag_ceiling
all_reduce_perf,2,16,4096,1024,float,sum,272.13,0.02,0.03,0,270.73,0.02,0.03,0,RING,SIMPLE,48,RING,SIMPLE,48,0,RING,A_flag_ceiling
all_reduce_perf,2,16,8192,2048,float,sum,273.04,0.03,0.06,0,271.17,0.03,0.06,0,RING,SIMPLE,48,RING,SIMPLE,48,0,RING,A_flag_ceiling
all_reduce_perf,2,16,16384,4096,float,sum,273.01,0.06,0.11,0,271.19,0.06,0.11,0,RING,SIMPLE,48,RING,SIMPLE,48,0,RING,A_flag_ceiling
all_reduce_perf,2,16,32768,8192,float,sum,273.31,0.12,0.22,0,271.95,0.12,0.23,0,RING,SIMPLE,48,RING,SIMPLE,48,0,RING,A_flag_ceiling
all_reduce_perf,2,16,65536,16384,float,sum,336.74,0.19,0.36,0,289.17,0.23,0.42,0,RING,SIMPLE,48,RING,SIMPLE,48,0,RING,A_flag_ceiling
all_reduce_perf,2,16,131072,32768,float,sum,317.52,0.41,0.77,0,315.33,0.42,0.78,0,RING,SIMPLE,48,RING,SIMPLE,48,0,RING,A_flag_ceiling
all_reduce_perf,2,16,262144,65536,float,sum,412.97,0.63,1.19,0,409.44,0.64,1.2,0,RING,SIMPLE,48,RING,SIMPLE,48,0,RING,A_flag_ceiling
all_reduce_perf,2,16,524288,131072,float,sum,410.58,1.28,2.39,0,412.29,1.27,2.38,0,RING,SIMPLE,48,RING,SIMPLE,48,0,RING,A_flag_ceiling
all_reduce_perf,2,16,1048576,262144,float,sum,526.94,1.99,3.73,0,509.3,2.06,3.86,0,RING,SIMPLE,48,RING,SIMPLE,48,0,RING,A_flag_ceiling
all_reduce_perf,2,16,2097152,524288,float,sum,510.33,4.11,7.71,0,513.52,4.08,7.66,0,RING,SIMPLE,48,RING,SIMPLE,48,0,RING,A_flag_ceiling
all_reduce_perf,2,16,4194304,1048576,float,sum,556.0,7.54,14.14,0,551.24,7.61,14.27,0,RING,SIMPLE,48,RING,SIMPLE,48,0,RING,A_flag_ceiling
all_reduce_perf,2,16,8388608,2097152,float,sum,552.22,15.19,28.48,0,550.43,15.24,28.58,0,RING,SIMPLE,48,RING,SIMPLE,48,0,RING,A_flag_ceiling
all_reduce_perf,2,16,16777216,4194304,float,sum,570.78,29.39,55.11,0,568.04,29.54,55.38,0,RING,SIMPLE,48,RING,SIMPLE,48,0,RING,A_flag_ceiling
all_reduce_perf,2,16,33554432,8388608,float,sum,590.31,56.84,106.58,0,588.7,57.0,106.87,0,RING,SIMPLE,48,RING,SIMPLE,48,0,RING,A_flag_ceiling
all_reduce_perf,2,16,67108864,16777216,float,sum,626.65,107.09,200.8,0,628.21,106.83,200.3,0,RING,SIMPLE,48,RING,SIMPLE,48,0,RING,A_flag_ceiling
all_reduce_perf,2,16,134217728,33554432,float,sum,782.03,171.63,321.8,0,785.64,170.84,320.32,0,RING,SIMPLE,48,RING,SIMPLE,48,0,RING,A_flag_ceiling
all_reduce_perf,2,16,268435456,67108864,float,sum,1363.96,196.81,369.01,0,1360.68,197.28,369.9,0,RING,SIMPLE,48,RING,SIMPLE,48,0,RING,A_flag_ceiling
all_reduce_perf,2,16,536870912,134217728,float,sum,2682.22,200.16,375.3,0,2728.22,196.78,368.97,0,RING,SIMPLE,48,RING,SIMPLE,48,0,RING,A_flag_ceiling
all_reduce_perf,2,16,4096,1024,float,sum,76.01,0.05,0.1,0,73.33,0.06,0.1,0,RING,LL,48,RING,LL,48,0,RING,A_flag_ceiling
all_reduce_perf,2,16,8192,2048,float,sum,77.14,0.11,0.2,0,73.37,0.11,0.21,0,RING,LL,48,RING,LL,48,0,RING,A_flag_ceiling
all_reduce_perf,2,16,16384,4096,float,sum,83.82,0.2,0.37,0,79.8,0.21,0.38,0,RING,LL,48,RING,LL,48,0,RING,A_flag_ceiling
all_reduce_perf,2,16,32768,8192,float,sum,103.41,0.32,0.59,0,99.5,0.33,0.62,0,RING,LL,48,RING,LL,48,0,RING,A_flag_ceiling
all_reduce_perf,2,16,65536,16384,float,sum,161.84,0.4,0.76,0,161.84,0.4,0.76,0,RING,LL,48,RING,LL,48,0,RING,A_flag_ceiling
all_reduce_perf,2,16,131072,32768,float,sum,169.79,0.77,1.45,0,171.4,0.76,1.43,0,RING,LL,48,RING,LL,48,0,RING,A_flag_ceiling
all_reduce_perf,2,16,262144,65536,float,sum,239.46,1.09,2.05,0,233.19,1.12,2.11,0,RING,LL,48,RING,LL,48,0,RING,A_flag_ceiling
all_reduce_perf,2,16,524288,131072,float,sum,243.69,2.15,4.03,0,237.96,2.2,4.13,0,RING,LL,48,RING,LL,48,0,RING,A_flag_ceiling
all_reduce_perf,2,16,1048576,262144,float,sum,284.73,3.68,6.91,0,278.41,3.77,7.06,0,RING,LL,48,RING,LL,48,0,RING,A_flag_ceiling
all_reduce_perf,2,16,2097152,524288,float,sum,323.01,6.49,12.17,0,322.36,6.51,12.2,0,RING,LL,48,RING,LL,48,0,RING,A_flag_ceiling
all_reduce_perf,2,16,4194304,1048576,float,sum,400.88,10.46,19.62,0,400.34,10.48,19.64,0,RING,LL,48,RING,LL,48,0,RING,A_flag_ceiling
all_reduce_perf,2,16,8388608,2097152,float,sum,500.9,16.75,31.4,0,498.65,16.82,31.54,0,RING,LL,48,RING,LL,48,0,RING,A_flag_ceiling
all_reduce_perf,2,16,16777216,4194304,float,sum,955.9,17.55,32.91,0,957.2,17.53,32.86,0,RING,LL,48,RING,LL,48,0,RING,A_flag_ceiling
all_reduce_perf,2,16,33554432,8388608,float,sum,1642.46,20.43,38.31,0,1644.84,20.4,38.25,0,RING,LL,48,RING,LL,48,0,RING,A_flag_ceiling
all_reduce_perf,2,16,67108864,16777216,float,sum,3207.39,20.92,39.23,0,3211.89,20.89,39.18,0,RING,LL,48,RING,LL,48,0,RING,A_flag_ceiling
all_reduce_perf,2,16,134217728,33554432,float,sum,6149.5,21.83,40.92,0,6160.32,21.79,40.85,0,RING,LL,48,RING,LL,48,0,RING,A_flag_ceiling
all_reduce_perf,2,16,268435456,67108864,float,sum,12341.0,21.75,40.78,0,12332.9,21.77,40.81,0,RING,LL,48,RING,LL,48,0,RING,A_flag_ceiling
all_reduce_perf,2,16,536870912,134217728,float,sum,24367.8,22.03,41.31,0,24382.0,22.02,41.29,0,RING,LL,48,RING,LL,48,0,RING,A_flag_ceiling
all_reduce_perf,2,16,4096,1024,float,sum,92.19,0.04,0.08,0,91.15,0.04,0.08,0,RING,LL128,48,RING,LL128,48,0,RING,A_flag_ceiling
all_reduce_perf,2,16,8192,2048,float,sum,153.0,0.05,0.1,0,90.77,0.09,0.17,0,RING,LL128,48,RING,LL128,48,0,RING,A_flag_ceiling
all_reduce_perf,2,16,16384,4096,float,sum,93.19,0.18,0.33,0,91.09,0.18,0.34,0,RING,LL128,48,RING,LL128,48,0,RING,A_flag_ceiling
all_reduce_perf,2,16,32768,8192,float,sum,98.09,0.33,0.63,0,93.31,0.35,0.66,0,RING,LL128,48,RING,LL128,48,0,RING,A_flag_ceiling
all_reduce_perf,2,16,65536,16384,float,sum,102.09,0.64,1.2,0,97.84,0.67,1.26,0,RING,LL128,48,RING,LL128,48,0,RING,A_flag_ceiling
all_reduce_perf,2,16,131072,32768,float,sum,111.41,1.18,2.21,0,106.17,1.23,2.31,0,RING,LL128,48,RING,LL128,48,0,RING,A_flag_ceiling
all_reduce_perf,2,16,262144,65536,float,sum,172.8,1.52,2.84,0,163.44,1.6,3.01,0,RING,LL128,48,RING,LL128,48,0,RING,A_flag_ceiling
all_reduce_perf,2,16,524288,131072,float,sum,165.89,3.16,5.93,0,164.75,3.18,5.97,0,RING,LL128,48,RING,LL128,48,0,RING,A_flag_ceiling
all_reduce_perf,2,16,1048576,262144,float,sum,221.86,4.73,8.86,0,218.39,4.8,9.0,0,RING,LL128,48,RING,LL128,48,0,RING,A_flag_ceiling
all_reduce_perf,2,16,2097152,524288,float,sum,220.34,9.52,17.85,0,211.61,9.91,18.58,0,RING,LL128,48,RING,LL128,48,0,RING,A_flag_ceiling
all_reduce_perf,2,16,4194304,1048576,float,sum,230.6,18.19,34.1,0,231.07,18.15,34.03,0,RING,LL128,48,RING,LL128,48,0,RING,A_flag_ceiling
all_reduce_perf,2,16,8388608,2097152,float,sum,234.41,35.79,67.1,0,233.3,35.96,67.42,0,RING,LL128,48,RING,LL128,48,0,RING,A_flag_ceiling
all_reduce_perf,2,16,16777216,4194304,float,sum,241.43,69.49,130.3,0,242.12,69.29,129.92,0,RING,LL128,48,RING,LL128,48,0,RING,A_flag_ceiling
all_reduce_perf,2,16,33554432,8388608,float,sum,269.87,124.34,233.13,0,268.79,124.84,234.07,0,RING,LL128,48,RING,LL128,48,0,RING,A_flag_ceiling
all_reduce_perf,2,16,67108864,16777216,float,sum,430.81,155.77,292.08,0,429.76,156.16,292.79,0,RING,LL128,48,RING,LL128,48,0,RING,A_flag_ceiling
all_reduce_perf,2,16,134217728,33554432,float,sum,812.04,165.29,309.91,0,812.77,165.14,309.63,0,RING,LL128,48,RING,LL128,48,0,RING,A_flag_ceiling
all_reduce_perf,2,16,268435456,67108864,float,sum,1596.89,168.1,315.19,0,1597.44,168.04,315.08,0,RING,LL128,48,RING,LL128,48,0,RING,A_flag_ceiling
all_reduce_perf,2,16,536870912,134217728,float,sum,3122.8,171.92,322.35,0,3120.84,172.03,322.55,0,RING,LL128,48,RING,LL128,48,0,RING,A_flag_ceiling
all_reduce_perf,2,16,4096,1024,float,sum,71.9,0.06,0.11,0,68.1,0.06,0.11,0,TREE,SIMPLE,1,TREE,SIMPLE,1,0,TREE,A_flag_ceiling
all_reduce_perf,2,16,8192,2048,float,sum,71.4,0.11,0.22,0,70.9,0.12,0.22,0,TREE,SIMPLE,1,TREE,SIMPLE,1,0,TREE,A_flag_ceiling
all_reduce_perf,2,16,16384,4096,float,sum,76.79,0.21,0.4,0,74.91,0.22,0.41,0,TREE,SIMPLE,1,TREE,SIMPLE,1,0,TREE,A_flag_ceiling
all_reduce_perf,2,16,32768,8192,float,sum,97.12,0.34,0.63,0,92.74,0.35,0.66,0,TREE,SIMPLE,1,TREE,SIMPLE,1,0,TREE,A_flag_ceiling
all_reduce_perf,2,16,65536,16384,float,sum,108.51,0.6,1.13,0,103.63,0.63,1.19,0,TREE,SIMPLE,1,TREE,SIMPLE,1,0,TREE,A_flag_ceiling
all_reduce_perf,2,16,131072,32768,float,sum,130.44,1.0,1.88,0,124.36,1.05,1.98,0,TREE,SIMPLE,1,TREE,SIMPLE,1,0,TREE,A_flag_ceiling
all_reduce_perf,2,16,262144,65536,float,sum,172.79,1.52,2.84,0,159.69,1.64,3.08,0,TREE,SIMPLE,1,TREE,SIMPLE,1,0,TREE,A_flag_ceiling
all_reduce_perf,2,16,524288,131072,float,sum,228.41,2.3,4.3,0,213.54,2.46,4.6,0,TREE,SIMPLE,1,TREE,SIMPLE,1,0,TREE,A_flag_ceiling
all_reduce_perf,2,16,1048576,262144,float,sum,343.96,3.05,5.72,0,317.59,3.3,6.19,0,TREE,SIMPLE,1,TREE,SIMPLE,1,0,TREE,A_flag_ceiling
all_reduce_perf,2,16,2097152,524288,float,sum,563.74,3.72,6.98,0,516.41,4.06,7.61,0,TREE,SIMPLE,1,TREE,SIMPLE,1,0,TREE,A_flag_ceiling
all_reduce_perf,2,16,4194304,1048576,float,sum,876.97,4.78,8.97,0,820.7,5.11,9.58,0,TREE,SIMPLE,1,TREE,SIMPLE,1,0,TREE,A_flag_ceiling
all_reduce_perf,2,16,8388608,2097152,float,sum,1568.34,5.35,10.03,0,1517.71,5.53,10.36,0,TREE,SIMPLE,1,TREE,SIMPLE,1,0,TREE,A_flag_ceiling
all_reduce_perf,2,16,16777216,4194304,float,sum,2763.31,6.07,11.38,0,2696.39,6.22,11.67,0,TREE,SIMPLE,1,TREE,SIMPLE,1,0,TREE,A_flag_ceiling
all_reduce_perf,2,16,33554432,8388608,float,sum,5215.41,6.43,12.06,0,5121.95,6.55,12.28,0,TREE,SIMPLE,1,TREE,SIMPLE,1,0,TREE,A_flag_ceiling
all_reduce_perf,2,16,67108864,16777216,float,sum,9924.09,6.76,12.68,0,9806.54,6.84,12.83,0,TREE,SIMPLE,1,TREE,SIMPLE,1,0,TREE,A_flag_ceiling
all_reduce_perf,2,16,134217728,33554432,float,sum,19344.7,6.94,13.01,0,19118.6,7.02,13.16,0,TREE,SIMPLE,1,TREE,SIMPLE,1,0,TREE,A_flag_ceiling
all_reduce_perf,2,16,268435456,67108864,float,sum,38119.8,7.04,13.2,0,37753.1,7.11,13.33,0,TREE,SIMPLE,1,TREE,SIMPLE,1,0,TREE,A_flag_ceiling
all_reduce_perf,2,16,536870912,134217728,float,sum,75777.1,7.08,13.28,0,75103.7,7.15,13.4,0,TREE,SIMPLE,1,TREE,SIMPLE,1,0,TREE,A_flag_ceiling
all_reduce_perf,2,16,4096,1024,float,sum,44.65,0.09,0.17,0,43.05,0.1,0.18,0,TREE,LL,1,TREE,LL,1,0,TREE,A_flag_ceiling
all_reduce_perf,2,16,8192,2048,float,sum,53.22,0.15,0.29,0,52.99,0.15,0.29,0,TREE,LL,1,TREE,LL,1,0,TREE,A_flag_ceiling
all_reduce_perf,2,16,16384,4096,float,sum,70.17,0.23,0.44,0,69.9,0.23,0.44,0,TREE,LL,1,TREE,LL,1,0,TREE,A_flag_ceiling
all_reduce_perf,2,16,32768,8192,float,sum,84.6,0.39,0.73,0,86.35,0.38,0.71,0,TREE,LL,1,TREE,LL,1,0,TREE,A_flag_ceiling
all_reduce_perf,2,16,65536,16384,float,sum,109.25,0.6,1.12,0,108.9,0.6,1.13,0,TREE,LL,1,TREE,LL,1,0,TREE,A_flag_ceiling
all_reduce_perf,2,16,131072,32768,float,sum,166.07,0.79,1.48,0,165.15,0.79,1.49,0,TREE,LL,1,TREE,LL,1,0,TREE,A_flag_ceiling
all_reduce_perf,2,16,262144,65536,float,sum,274.88,0.95,1.79,0,270.86,0.97,1.81,0,TREE,LL,1,TREE,LL,1,0,TREE,A_flag_ceiling
all_reduce_perf,2,16,524288,131072,float,sum,481.03,1.09,2.04,0,485.12,1.08,2.03,0,TREE,LL,1,TREE,LL,1,0,TREE,A_flag_ceiling
all_reduce_perf,2,16,1048576,262144,float,sum,910.62,1.15,2.16,0,910.93,1.15,2.16,0,TREE,LL,1,TREE,LL,1,0,TREE,A_flag_ceiling
all_reduce_perf,2,16,2097152,524288,float,sum,1753.18,1.2,2.24,0,1752.32,1.2,2.24,0,TREE,LL,1,TREE,LL,1,0,TREE,A_flag_ceiling
all_reduce_perf,2,16,4194304,1048576,float,sum,3435.36,1.22,2.29,0,3438.06,1.22,2.29,0,TREE,LL,1,TREE,LL,1,0,TREE,A_flag_ceiling
all_reduce_perf,2,16,8388608,2097152,float,sum,6837.89,1.23,2.3,0,6859.3,1.22,2.29,0,TREE,LL,1,TREE,LL,1,0,TREE,A_flag_ceiling
all_reduce_perf,2,16,16777216,4194304,float,sum,13540.9,1.24,2.32,0,13591.1,1.23,2.31,0,TREE,LL,1,TREE,LL,1,0,TREE,A_flag_ceiling
all_reduce_perf,2,16,33554432,8388608,float,sum,27055.4,1.24,2.33,0,27061.2,1.24,2.32,0,TREE,LL,1,TREE,LL,1,0,TREE,A_flag_ceiling
all_reduce_perf,2,16,67108864,16777216,float,sum,54072.5,1.24,2.33,0,54086.9,1.24,2.33,0,TREE,LL,1,TREE,LL,1,0,TREE,A_flag_ceiling
all_reduce_perf,2,16,134217728,33554432,float,sum,107703.0,1.25,2.34,0,107851.0,1.24,2.33,0,TREE,LL,1,TREE,LL,1,0,TREE,A_flag_ceiling
all_reduce_perf,2,16,268435456,67108864,float,sum,214756.0,1.25,2.34,0,215496.0,1.25,2.34,0,TREE,LL,1,TREE,LL,1,0,TREE,A_flag_ceiling
all_reduce_perf,2,16,536870912,134217728,float,sum,429312.0,1.25,2.34,0,430562.0,1.25,2.34,0,TREE,LL,1,TREE,LL,1,0,TREE,A_flag_ceiling
all_reduce_perf,2,16,4096,1024,float,sum,47.18,0.09,0.16,0,45.74,0.09,0.17,0,TREE,LL128,1,TREE,LL128,1,0,TREE,A_flag_ceiling
all_reduce_perf,2,16,8192,2048,float,sum,48.07,0.17,0.32,0,50.79,0.16,0.3,0,TREE,LL128,1,TREE,LL128,1,0,TREE,A_flag_ceiling
all_reduce_perf,2,16,16384,4096,float,sum,55.1,0.3,0.56,0,51.33,0.32,0.6,0,TREE,LL128,1,TREE,LL128,1,0,TREE,A_flag_ceiling
all_reduce_perf,2,16,32768,8192,float,sum,59.86,0.55,1.03,0,56.83,0.58,1.08,0,TREE,LL128,1,TREE,LL128,1,0,TREE,A_flag_ceiling
all_reduce_perf,2,16,65536,16384,float,sum,63.77,1.03,1.93,0,63.54,1.03,1.93,0,TREE,LL128,1,TREE,LL128,1,0,TREE,A_flag_ceiling
all_reduce_perf,2,16,131072,32768,float,sum,79.44,1.65,3.09,0,77.94,1.68,3.15,0,TREE,LL128,1,TREE,LL128,1,0,TREE,A_flag_ceiling
all_reduce_perf,2,16,262144,65536,float,sum,108.15,2.42,4.54,0,106.53,2.46,4.61,0,TREE,LL128,1,TREE,LL128,1,0,TREE,A_flag_ceiling
all_reduce_perf,2,16,524288,131072,float,sum,163.24,3.21,6.02,0,157.29,3.33,6.25,0,TREE,LL128,1,TREE,LL128,1,0,TREE,A_flag_ceiling
all_reduce_perf,2,16,1048576,262144,float,sum,280.18,3.74,7.02,0,272.82,3.84,7.21,0,TREE,LL128,1,TREE,LL128,1,0,TREE,A_flag_ceiling
all_reduce_perf,2,16,2097152,524288,float,sum,498.44,4.21,7.89,0,491.45,4.27,8.0,0,TREE,LL128,1,TREE,LL128,1,0,TREE,A_flag_ceiling
all_reduce_perf,2,16,4194304,1048576,float,sum,934.86,4.49,8.41,0,919.44,4.56,8.55,0,TREE,LL128,1,TREE,LL128,1,0,TREE,A_flag_ceiling
all_reduce_perf,2,16,8388608,2097152,float,sum,1798.75,4.66,8.74,0,1775.66,4.72,8.86,0,TREE,LL128,1,TREE,LL128,1,0,TREE,A_flag_ceiling
all_reduce_perf,2,16,16777216,4194304,float,sum,3476.61,4.83,9.05,0,3476.35,4.83,9.05,0,TREE,LL128,1,TREE,LL128,1,0,TREE,A_flag_ceiling
all_reduce_perf,2,16,33554432,8388608,float,sum,6944.39,4.83,9.06,0,6929.62,4.84,9.08,0,TREE,LL128,1,TREE,LL128,1,0,TREE,A_flag_ceiling
all_reduce_perf,2,16,67108864,16777216,float,sum,14192.5,4.73,8.87,0,14218.5,4.72,8.85,0,TREE,LL128,1,TREE,LL128,1,0,TREE,A_flag_ceiling
all_reduce_perf,2,16,134217728,33554432,float,sum,28689.4,4.68,8.77,0,28709.7,4.67,8.77,0,TREE,LL128,1,TREE,LL128,1,0,TREE,A_flag_ceiling
all_reduce_perf,2,16,268435456,67108864,float,sum,57544.3,4.66,8.75,0,57747.2,4.65,8.72,0,TREE,LL128,1,TREE,LL128,1,0,TREE,A_flag_ceiling
all_reduce_perf,2,16,536870912,134217728,float,sum,115754.0,4.64,8.7,0,116184.0,4.62,8.66,0,TREE,LL128,1,TREE,LL128,1,0,TREE,A_flag_ceiling
all_reduce_perf,2,16,4096,1024,float,sum,70.95,0.06,0.11,0,68.35,0.06,0.11,0,TREE,SIMPLE,2,TREE,SIMPLE,2,0,TREE,A_flag_ceiling
all_reduce_perf,2,16,8192,2048,float,sum,73.87,0.11,0.21,0,71.18,0.12,0.22,0,TREE,SIMPLE,2,TREE,SIMPLE,2,0,TREE,A_flag_ceiling
all_reduce_perf,2,16,16384,4096,float,sum,75.85,0.22,0.41,0,70.78,0.23,0.43,0,TREE,SIMPLE,2,TREE,SIMPLE,2,0,TREE,A_flag_ceiling
all_reduce_perf,2,16,32768,8192,float,sum,80.45,0.41,0.76,0,75.73,0.43,0.81,0,TREE,SIMPLE,2,TREE,SIMPLE,2,0,TREE,A_flag_ceiling
all_reduce_perf,2,16,65536,16384,float,sum,98.22,0.67,1.25,0,93.02,0.7,1.32,0,TREE,SIMPLE,2,TREE,SIMPLE,2,0,TREE,A_flag_ceiling
all_reduce_perf,2,16,131072,32768,float,sum,108.56,1.21,2.26,0,103.77,1.26,2.37,0,TREE,SIMPLE,2,TREE,SIMPLE,2,0,TREE,A_flag_ceiling
all_reduce_perf,2,16,262144,65536,float,sum,131.0,2.0,3.75,0,124.73,2.1,3.94,0,TREE,SIMPLE,2,TREE,SIMPLE,2,0,TREE,A_flag_ceiling
all_reduce_perf,2,16,524288,131072,float,sum,174.17,3.01,5.64,0,160.19,3.27,6.14,0,TREE,SIMPLE,2,TREE,SIMPLE,2,0,TREE,A_flag_ceiling
all_reduce_perf,2,16,1048576,262144,float,sum,234.46,4.47,8.39,0,215.5,4.87,9.12,0,TREE,SIMPLE,2,TREE,SIMPLE,2,0,TREE,A_flag_ceiling
all_reduce_perf,2,16,2097152,524288,float,sum,344.88,6.08,11.4,0,319.93,6.56,12.29,0,TREE,SIMPLE,2,TREE,SIMPLE,2,0,TREE,A_flag_ceiling
all_reduce_perf,2,16,4194304,1048576,float,sum,567.37,7.39,13.86,0,517.14,8.11,15.21,0,TREE,SIMPLE,2,TREE,SIMPLE,2,0,TREE,A_flag_ceiling
all_reduce_perf,2,16,8388608,2097152,float,sum,879.23,9.54,17.89,0,822.37,10.2,19.13,0,TREE,SIMPLE,2,TREE,SIMPLE,2,0,TREE,A_flag_ceiling
all_reduce_perf,2,16,16777216,4194304,float,sum,1572.44,10.67,20.01,0,1517.37,11.06,20.73,0,TREE,SIMPLE,2,TREE,SIMPLE,2,0,TREE,A_flag_ceiling
all_reduce_perf,2,16,33554432,8388608,float,sum,2762.28,12.15,22.78,0,2731.38,12.28,23.03,0,TREE,SIMPLE,2,TREE,SIMPLE,2,0,TREE,A_flag_ceiling
all_reduce_perf,2,16,67108864,16777216,float,sum,5215.23,12.87,24.13,0,5174.63,12.97,24.32,0,TREE,SIMPLE,2,TREE,SIMPLE,2,0,TREE,A_flag_ceiling
all_reduce_perf,2,16,134217728,33554432,float,sum,9917.11,13.53,25.38,0,9856.43,13.62,25.53,0,TREE,SIMPLE,2,TREE,SIMPLE,2,0,TREE,A_flag_ceiling
all_reduce_perf,2,16,268435456,67108864,float,sum,19346.5,13.88,26.02,0,19186.7,13.99,26.23,0,TREE,SIMPLE,2,TREE,SIMPLE,2,0,TREE,A_flag_ceiling
all_reduce_perf,2,16,536870912,134217728,float,sum,38084.8,14.1,26.43,0,37894.1,14.17,26.56,0,TREE,SIMPLE,2,TREE,SIMPLE,2,0,TREE,A_flag_ceiling
all_reduce_perf,2,16,4096,1024,float,sum,40.22,0.1,0.19,0,38.8,0.11,0.2,0,TREE,LL,2,TREE,LL,2,0,TREE,A_flag_ceiling
all_reduce_perf,2,16,8192,2048,float,sum,43.26,0.19,0.36,0,42.32,0.19,0.36,0,TREE,LL,2,TREE,LL,2,0,TREE,A_flag_ceiling
all_reduce_perf,2,16,16384,4096,float,sum,53.92,0.3,0.57,0,52.57,0.31,0.58,0,TREE,LL,2,TREE,LL,2,0,TREE,A_flag_ceiling
all_reduce_perf,2,16,32768,8192,float,sum,70.0,0.47,0.88,0,69.51,0.47,0.88,0,TREE,LL,2,TREE,LL,2,0,TREE,A_flag_ceiling
all_reduce_perf,2,16,65536,16384,float,sum,82.57,0.79,1.49,0,82.11,0.8,1.5,0,TREE,LL,2,TREE,LL,2,0,TREE,A_flag_ceiling
all_reduce_perf,2,16,131072,32768,float,sum,108.62,1.21,2.26,0,109.27,1.2,2.25,0,TREE,LL,2,TREE,LL,2,0,TREE,A_flag_ceiling
all_reduce_perf,2,16,262144,65536,float,sum,162.05,1.62,3.03,0,162.09,1.62,3.03,0,TREE,LL,2,TREE,LL,2,0,TREE,A_flag_ceiling
all_reduce_perf,2,16,524288,131072,float,sum,268.59,1.95,3.66,0,269.46,1.95,3.65,0,TREE,LL,2,TREE,LL,2,0,TREE,A_flag_ceiling
all_reduce_perf,2,16,1048576,262144,float,sum,481.05,2.18,4.09,0,481.99,2.18,4.08,0,TREE,LL,2,TREE,LL,2,0,TREE,A_flag_ceiling
all_reduce_perf,2,16,2097152,524288,float,sum,906.52,2.31,4.34,0,906.53,2.31,4.34,0,TREE,LL,2,TREE,LL,2,0,TREE,A_flag_ceiling
all_reduce_perf,2,16,4194304,1048576,float,sum,1753.06,2.39,4.49,0,1747.92,2.4,4.5,0,TREE,LL,2,TREE,LL,2,0,TREE,A_flag_ceiling
all_reduce_perf,2,16,8388608,2097152,float,sum,3447.65,2.43,4.56,0,3437.16,2.44,4.58,0,TREE,LL,2,TREE,LL,2,0,TREE,A_flag_ceiling
all_reduce_perf,2,16,16777216,4194304,float,sum,6852.76,2.45,4.59,0,6871.74,2.44,4.58,0,TREE,LL,2,TREE,LL,2,0,TREE,A_flag_ceiling
all_reduce_perf,2,16,33554432,8388608,float,sum,13611.1,2.47,4.62,0,13628.3,2.46,4.62,0,TREE,LL,2,TREE,LL,2,0,TREE,A_flag_ceiling
all_reduce_perf,2,16,67108864,16777216,float,sum,27175.7,2.47,4.63,0,27179.0,2.47,4.63,0,TREE,LL,2,TREE,LL,2,0,TREE,A_flag_ceiling
all_reduce_perf,2,16,134217728,33554432,float,sum,54185.2,2.48,4.64,0,54196.0,2.48,4.64,0,TREE,LL,2,TREE,LL,2,0,TREE,A_flag_ceiling
all_reduce_perf,2,16,268435456,67108864,float,sum,107813.0,2.49,4.67,0,108088.0,2.48,4.66,0,TREE,LL,2,TREE,LL,2,0,TREE,A_flag_ceiling
all_reduce_perf,2,16,536870912,134217728,float,sum,214404.0,2.5,4.7,0,215709.0,2.49,4.67,0,TREE,LL,2,TREE,LL,2,0,TREE,A_flag_ceiling
all_reduce_perf,2,16,4096,1024,float,sum,46.2,0.09,0.17,0,49.26,0.08,0.16,0,TREE,LL128,2,TREE,LL128,2,0,TREE,A_flag_ceiling
all_reduce_perf,2,16,8192,2048,float,sum,49.05,0.17,0.31,0,51.24,0.16,0.3,0,TREE,LL128,2,TREE,LL128,2,0,TREE,A_flag_ceiling
all_reduce_perf,2,16,16384,4096,float,sum,49.7,0.33,0.62,0,47.92,0.34,0.64,0,TREE,LL128,2,TREE,LL128,2,0,TREE,A_flag_ceiling
all_reduce_perf,2,16,32768,8192,float,sum,54.13,0.61,1.14,0,52.04,0.63,1.18,0,TREE,LL128,2,TREE,LL128,2,0,TREE,A_flag_ceiling
all_reduce_perf,2,16,65536,16384,float,sum,59.5,1.1,2.07,0,57.16,1.15,2.15,0,TREE,LL128,2,TREE,LL128,2,0,TREE,A_flag_ceiling
all_reduce_perf,2,16,131072,32768,float,sum,64.45,2.03,3.81,0,64.07,2.05,3.84,0,TREE,LL128,2,TREE,LL128,2,0,TREE,A_flag_ceiling
all_reduce_perf,2,16,262144,65536,float,sum,82.11,3.19,5.99,0,78.64,3.33,6.25,0,TREE,LL128,2,TREE,LL128,2,0,TREE,A_flag_ceiling
all_reduce_perf,2,16,524288,131072,float,sum,111.74,4.69,8.8,0,107.1,4.9,9.18,0,TREE,LL128,2,TREE,LL128,2,0,TREE,A_flag_ceiling
all_reduce_perf,2,16,1048576,262144,float,sum,165.51,6.34,11.88,0,157.63,6.65,12.47,0,TREE,LL128,2,TREE,LL128,2,0,TREE,A_flag_ceiling
all_reduce_perf,2,16,2097152,524288,float,sum,279.26,7.51,14.08,0,273.65,7.66,14.37,0,TREE,LL128,2,TREE,LL128,2,0,TREE,A_flag_ceiling
all_reduce_perf,2,16,4194304,1048576,float,sum,502.95,8.34,15.64,0,492.37,8.52,15.97,0,TREE,LL128,2,TREE,LL128,2,0,TREE,A_flag_ceiling
all_reduce_perf,2,16,8388608,2097152,float,sum,943.59,8.89,16.67,0,920.97,9.11,17.08,0,TREE,LL128,2,TREE,LL128,2,0,TREE,A_flag_ceiling
all_reduce_perf,2,16,16777216,4194304,float,sum,1810.3,9.27,17.38,0,1793.16,9.36,17.54,0,TREE,LL128,2,TREE,LL128,2,0,TREE,A_flag_ceiling
all_reduce_perf,2,16,33554432,8388608,float,sum,3510.83,9.56,17.92,0,3508.52,9.56,17.93,0,TREE,LL128,2,TREE,LL128,2,0,TREE,A_flag_ceiling
all_reduce_perf,2,16,67108864,16777216,float,sum,6998.65,9.59,17.98,0,6990.04,9.6,18.0,0,TREE,LL128,2,TREE,LL128,2,0,TREE,A_flag_ceiling
all_reduce_perf,2,16,134217728,33554432,float,sum,14285.4,9.4,17.62,0,14225.4,9.44,17.69,0,TREE,LL128,2,TREE,LL128,2,0,TREE,A_flag_ceiling
all_reduce_perf,2,16,268435456,67108864,float,sum,28810.4,9.32,17.47,0,28722.4,9.35,17.52,0,TREE,LL128,2,TREE,LL128,2,0,TREE,A_flag_ceiling
all_reduce_perf,2,16,536870912,134217728,float,sum,57945.2,9.27,17.37,0,57797.6,9.29,17.42,0,TREE,LL128,2,TREE,LL128,2,0,TREE,A_flag_ceiling
all_reduce_perf,2,16,4096,1024,float,sum,74.18,0.06,0.1,0,68.33,0.06,0.11,0,TREE,SIMPLE,4,TREE,SIMPLE,4,0,TREE,A_flag_ceiling
all_reduce_perf,2,16,8192,2048,float,sum,75.19,0.11,0.2,0,70.64,0.12,0.22,0,TREE,SIMPLE,4,TREE,SIMPLE,4,0,TREE,A_flag_ceiling
all_reduce_perf,2,16,16384,4096,float,sum,73.28,0.22,0.42,0,70.87,0.23,0.43,0,TREE,SIMPLE,4,TREE,SIMPLE,4,0,TREE,A_flag_ceiling
all_reduce_perf,2,16,32768,8192,float,sum,76.5,0.43,0.8,0,71.62,0.46,0.86,0,TREE,SIMPLE,4,TREE,SIMPLE,4,0,TREE,A_flag_ceiling
all_reduce_perf,2,16,65536,16384,float,sum,79.4,0.83,1.55,0,76.66,0.85,1.6,0,TREE,SIMPLE,4,TREE,SIMPLE,4,0,TREE,A_flag_ceiling
all_reduce_perf,2,16,131072,32768,float,sum,96.78,1.35,2.54,0,95.16,1.38,2.58,0,TREE,SIMPLE,4,TREE,SIMPLE,4,0,TREE,A_flag_ceiling
all_reduce_perf,2,16,262144,65536,float,sum,107.9,2.43,4.56,0,104.69,2.5,4.7,0,TREE,SIMPLE,4,TREE,SIMPLE,4,0,TREE,A_flag_ceiling
all_reduce_perf,2,16,524288,131072,float,sum,129.37,4.05,7.6,0,124.78,4.2,7.88,0,TREE,SIMPLE,4,TREE,SIMPLE,4,0,TREE,A_flag_ceiling
all_reduce_perf,2,16,1048576,262144,float,sum,170.25,6.16,11.55,0,160.79,6.52,12.23,0,TREE,SIMPLE,4,TREE,SIMPLE,4,0,TREE,A_flag_ceiling
all_reduce_perf,2,16,2097152,524288,float,sum,242.62,8.64,16.21,0,222.41,9.43,17.68,0,TREE,SIMPLE,4,TREE,SIMPLE,4,0,TREE,A_flag_ceiling
all_reduce_perf,2,16,4194304,1048576,float,sum,350.24,11.98,22.45,0,330.03,12.71,23.83,0,TREE,SIMPLE,4,TREE,SIMPLE,4,0,TREE,A_flag_ceiling
all_reduce_perf,2,16,8388608,2097152,float,sum,572.31,14.66,27.48,0,536.7,15.63,29.31,0,TREE,SIMPLE,4,TREE,SIMPLE,4,0,TREE,A_flag_ceiling
all_reduce_perf,2,16,16777216,4194304,float,sum,912.72,18.38,34.47,0,886.66,18.92,35.48,0,TREE,SIMPLE,4,TREE,SIMPLE,4,0,TREE,A_flag_ceiling
all_reduce_perf,2,16,33554432,8388608,float,sum,1619.2,20.72,38.86,0,1610.17,20.84,39.07,0,TREE,SIMPLE,4,TREE,SIMPLE,4,0,TREE,A_flag_ceiling
all_reduce_perf,2,16,67108864,16777216,float,sum,2842.89,23.61,44.26,0,2845.73,23.58,44.22,0,TREE,SIMPLE,4,TREE,SIMPLE,4,0,TREE,A_flag_ceiling
all_reduce_perf,2,16,134217728,33554432,float,sum,5308.64,25.28,47.41,0,5300.69,25.32,47.48,0,TREE,SIMPLE,4,TREE,SIMPLE,4,0,TREE,A_flag_ceiling
all_reduce_perf,2,16,268435456,67108864,float,sum,10059.7,26.68,50.03,0,10038.0,26.74,50.14,0,TREE,SIMPLE,4,TREE,SIMPLE,4,0,TREE,A_flag_ceiling
all_reduce_perf,2,16,536870912,134217728,float,sum,19485.6,27.55,51.66,0,19471.5,27.57,51.7,0,TREE,SIMPLE,4,TREE,SIMPLE,4,0,TREE,A_flag_ceiling
all_reduce_perf,2,16,4096,1024,float,sum,40.15,0.1,0.19,0,40.81,0.1,0.19,0,TREE,LL,4,TREE,LL,4,0,TREE,A_flag_ceiling
all_reduce_perf,2,16,8192,2048,float,sum,39.73,0.21,0.39,0,39.21,0.21,0.39,0,TREE,LL,4,TREE,LL,4,0,TREE,A_flag_ceiling
all_reduce_perf,2,16,16384,4096,float,sum,47.51,0.34,0.65,0,43.91,0.37,0.7,0,TREE,LL,4,TREE,LL,4,0,TREE,A_flag_ceiling
all_reduce_perf,2,16,32768,8192,float,sum,56.53,0.58,1.09,0,53.44,0.61,1.15,0,TREE,LL,4,TREE,LL,4,0,TREE,A_flag_ceiling
all_reduce_perf,2,16,65536,16384,float,sum,71.56,0.92,1.72,0,71.24,0.92,1.72,0,TREE,LL,4,TREE,LL,4,0,TREE,A_flag_ceiling
all_reduce_perf,2,16,131072,32768,float,sum,88.08,1.49,2.79,0,85.0,1.54,2.89,0,TREE,LL,4,TREE,LL,4,0,TREE,A_flag_ceiling
all_reduce_perf,2,16,262144,65536,float,sum,111.39,2.35,4.41,0,111.05,2.36,4.43,0,TREE,LL,4,TREE,LL,4,0,TREE,A_flag_ceiling
all_reduce_perf,2,16,524288,131072,float,sum,170.63,3.07,5.76,0,165.38,3.17,5.94,0,TREE,LL,4,TREE,LL,4,0,TREE,A_flag_ceiling
all_reduce_perf,2,16,1048576,262144,float,sum,276.09,3.8,7.12,0,289.05,3.63,6.8,0,TREE,LL,4,TREE,LL,4,0,TREE,A_flag_ceiling
all_reduce_perf,2,16,2097152,524288,float,sum,491.94,4.26,7.99,0,490.48,4.28,8.02,0,TREE,LL,4,TREE,LL,4,0,TREE,A_flag_ceiling
all_reduce_perf,2,16,4194304,1048576,float,sum,922.31,4.55,8.53,0,920.45,4.56,8.54,0,TREE,LL,4,TREE,LL,4,0,TREE,A_flag_ceiling
all_reduce_perf,2,16,8388608,2097152,float,sum,1786.47,4.7,8.8,0,1781.11,4.71,8.83,0,TREE,LL,4,TREE,LL,4,0,TREE,A_flag_ceiling
all_reduce_perf,2,16,16777216,4194304,float,sum,3497.03,4.8,9.0,0,3500.62,4.79,8.99,0,TREE,LL,4,TREE,LL,4,0,TREE,A_flag_ceiling
all_reduce_perf,2,16,33554432,8388608,float,sum,6890.23,4.87,9.13,0,6903.2,4.86,9.11,0,TREE,LL,4,TREE,LL,4,0,TREE,A_flag_ceiling
all_reduce_perf,2,16,67108864,16777216,float,sum,13702.0,4.9,9.18,0,13722.0,4.89,9.17,0,TREE,LL,4,TREE,LL,4,0,TREE,A_flag_ceiling
all_reduce_perf,2,16,134217728,33554432,float,sum,27405.6,4.9,9.18,0,27337.7,4.91,9.21,0,TREE,LL,4,TREE,LL,4,0,TREE,A_flag_ceiling
all_reduce_perf,2,16,268435456,67108864,float,sum,54634.5,4.91,9.21,0,54631.7,4.91,9.21,0,TREE,LL,4,TREE,LL,4,0,TREE,A_flag_ceiling
all_reduce_perf,2,16,536870912,134217728,float,sum,109100.0,4.92,9.23,0,109443.0,4.91,9.2,0,TREE,LL,4,TREE,LL,4,0,TREE,A_flag_ceiling
all_reduce_perf,2,16,4096,1024,float,sum,46.61,0.09,0.16,0,45.49,0.09,0.17,0,TREE,LL128,4,TREE,LL128,4,0,TREE,A_flag_ceiling
all_reduce_perf,2,16,8192,2048,float,sum,48.25,0.17,0.32,0,47.95,0.17,0.32,0,TREE,LL128,4,TREE,LL128,4,0,TREE,A_flag_ceiling
all_reduce_perf,2,16,16384,4096,float,sum,52.53,0.31,0.58,0,47.91,0.34,0.64,0,TREE,LL128,4,TREE,LL128,4,0,TREE,A_flag_ceiling
all_reduce_perf,2,16,32768,8192,float,sum,49.16,0.67,1.25,0,48.81,0.67,1.26,0,TREE,LL128,4,TREE,LL128,4,0,TREE,A_flag_ceiling
all_reduce_perf,2,16,65536,16384,float,sum,56.0,1.17,2.19,0,52.99,1.24,2.32,0,TREE,LL128,4,TREE,LL128,4,0,TREE,A_flag_ceiling
all_reduce_perf,2,16,131072,32768,float,sum,60.0,2.18,4.1,0,59.55,2.2,4.13,0,TREE,LL128,4,TREE,LL128,4,0,TREE,A_flag_ceiling
all_reduce_perf,2,16,262144,65536,float,sum,66.45,3.94,7.4,0,66.61,3.94,7.38,0,TREE,LL128,4,TREE,LL128,4,0,TREE,A_flag_ceiling
all_reduce_perf,2,16,524288,131072,float,sum,81.67,6.42,12.04,0,80.74,6.49,12.18,0,TREE,LL128,4,TREE,LL128,4,0,TREE,A_flag_ceiling
all_reduce_perf,2,16,1048576,262144,float,sum,111.26,9.42,17.67,0,108.69,9.65,18.09,0,TREE,LL128,4,TREE,LL128,4,0,TREE,A_flag_ceiling
all_reduce_perf,2,16,2097152,524288,float,sum,171.33,12.24,22.95,0,162.88,12.88,24.14,0,TREE,LL128,4,TREE,LL128,4,0,TREE,A_flag_ceiling
all_reduce_perf,2,16,4194304,1048576,float,sum,290.75,14.43,27.05,0,286.09,14.66,27.49,0,TREE,LL128,4,TREE,LL128,4,0,TREE,A_flag_ceiling
all_reduce_perf,2,16,8388608,2097152,float,sum,523.31,16.03,30.06,0,512.3,16.37,30.7,0,TREE,LL128,4,TREE,LL128,4,0,TREE,A_flag_ceiling
all_reduce_perf,2,16,16777216,4194304,float,sum,982.65,17.07,32.01,0,972.8,17.25,32.34,0,TREE,LL128,4,TREE,LL128,4,0,TREE,A_flag_ceiling
all_reduce_perf,2,16,33554432,8388608,float,sum,1884.45,17.81,33.39,0,1881.2,17.84,33.44,0,TREE,LL128,4,TREE,LL128,4,0,TREE,A_flag_ceiling
all_reduce_perf,2,16,67108864,16777216,float,sum,3652.58,18.37,34.45,0,3673.85,18.27,34.25,0,TREE,LL128,4,TREE,LL128,4,0,TREE,A_flag_ceiling
all_reduce_perf,2,16,134217728,33554432,float,sum,7158.07,18.75,35.16,0,7190.97,18.66,35.0,0,TREE,LL128,4,TREE,LL128,4,0,TREE,A_flag_ceiling
all_reduce_perf,2,16,268435456,67108864,float,sum,14336.6,18.72,35.11,0,14390.1,18.65,34.98,0,TREE,LL128,4,TREE,LL128,4,0,TREE,A_flag_ceiling
all_reduce_perf,2,16,536870912,134217728,float,sum,28852.7,18.61,34.89,0,28929.9,18.56,34.8,0,TREE,LL128,4,TREE,LL128,4,0,TREE,A_flag_ceiling
all_reduce_perf,2,16,4096,1024,float,sum,71.88,0.06,0.11,0,70.99,0.06,0.11,0,TREE,SIMPLE,8,TREE,SIMPLE,8,0,TREE,A_flag_ceiling
all_reduce_perf,2,16,8192,2048,float,sum,75.5,0.11,0.2,0,71.45,0.11,0.21,0,TREE,SIMPLE,8,TREE,SIMPLE,8,0,TREE,A_flag_ceiling
all_reduce_perf,2,16,16384,4096,float,sum,75.9,0.22,0.4,0,71.31,0.23,0.43,0,TREE,SIMPLE,8,TREE,SIMPLE,8,0,TREE,A_flag_ceiling
all_reduce_perf,2,16,32768,8192,float,sum,76.01,0.43,0.81,0,71.67,0.46,0.86,0,TREE,SIMPLE,8,TREE,SIMPLE,8,0,TREE,A_flag_ceiling
all_reduce_perf,2,16,65536,16384,float,sum,73.94,0.89,1.66,0,72.24,0.91,1.7,0,TREE,SIMPLE,8,TREE,SIMPLE,8,0,TREE,A_flag_ceiling
all_reduce_perf,2,16,131072,32768,float,sum,80.1,1.64,3.07,0,77.41,1.69,3.17,0,TREE,SIMPLE,8,TREE,SIMPLE,8,0,TREE,A_flag_ceiling
all_reduce_perf,2,16,262144,65536,float,sum,101.4,2.59,4.85,0,95.56,2.74,5.14,0,TREE,SIMPLE,8,TREE,SIMPLE,8,0,TREE,A_flag_ceiling
all_reduce_perf,2,16,524288,131072,float,sum,111.98,4.68,8.78,0,105.99,4.95,9.27,0,TREE,SIMPLE,8,TREE,SIMPLE,8,0,TREE,A_flag_ceiling
all_reduce_perf,2,16,1048576,262144,float,sum,130.81,8.02,15.03,0,127.25,8.24,15.45,0,TREE,SIMPLE,8,TREE,SIMPLE,8,0,TREE,A_flag_ceiling
all_reduce_perf,2,16,2097152,524288,float,sum,177.4,11.82,22.17,0,164.33,12.76,23.93,0,TREE,SIMPLE,8,TREE,SIMPLE,8,0,TREE,A_flag_ceiling
all_reduce_perf,2,16,4194304,1048576,float,sum,236.21,17.76,33.29,0,223.97,18.73,35.11,0,TREE,SIMPLE,8,TREE,SIMPLE,8,0,TREE,A_flag_ceiling
all_reduce_perf,2,16,8388608,2097152,float,sum,350.46,23.94,44.88,0,330.67,25.37,47.57,0,TREE,SIMPLE,8,TREE,SIMPLE,8,0,TREE,A_flag_ceiling
all_reduce_perf,2,16,16777216,4194304,float,sum,575.95,29.13,54.62,0,555.1,30.22,56.67,0,TREE,SIMPLE,8,TREE,SIMPLE,8,0,TREE,A_flag_ceiling
all_reduce_perf,2,16,33554432,8388608,float,sum,913.67,36.72,68.86,0,899.45,37.31,69.95,0,TREE,SIMPLE,8,TREE,SIMPLE,8,0,TREE,A_flag_ceiling
all_reduce_perf,2,16,67108864,16777216,float,sum,1628.69,41.2,77.26,0,1616.9,41.5,77.82,0,TREE,SIMPLE,8,TREE,SIMPLE,8,0,TREE,A_flag_ceiling
all_reduce_perf,2,16,134217728,33554432,float,sum,2863.92,46.87,87.87,0,2861.48,46.91,87.95,0,TREE,SIMPLE,8,TREE,SIMPLE,8,0,TREE,A_flag_ceiling
all_reduce_perf,2,16,268435456,67108864,float,sum,5342.84,50.24,94.2,0,5338.89,50.28,94.27,0,TREE,SIMPLE,8,TREE,SIMPLE,8,0,TREE,A_flag_ceiling
all_reduce_perf,2,16,536870912,134217728,float,sum,10113.7,53.08,99.53,0,10104.4,53.13,99.62,0,TREE,SIMPLE,8,TREE,SIMPLE,8,0,TREE,A_flag_ceiling
all_reduce_perf,2,16,4096,1024,float,sum,39.77,0.1,0.19,0,38.64,0.11,0.2,0,TREE,LL,8,TREE,LL,8,0,TREE,A_flag_ceiling
all_reduce_perf,2,16,8192,2048,float,sum,39.62,0.21,0.39,0,38.97,0.21,0.39,0,TREE,LL,8,TREE,LL,8,0,TREE,A_flag_ceiling
all_reduce_perf,2,16,16384,4096,float,sum,42.78,0.38,0.72,0,39.37,0.42,0.78,0,TREE,LL,8,TREE,LL,8,0,TREE,A_flag_ceiling
all_reduce_perf,2,16,32768,8192,float,sum,44.68,0.73,1.38,0,43.62,0.75,1.41,0,TREE,LL,8,TREE,LL,8,0,TREE,A_flag_ceiling
all_reduce_perf,2,16,65536,16384,float,sum,55.89,1.17,2.2,0,54.03,1.21,2.27,0,TREE,LL,8,TREE,LL,8,0,TREE,A_flag_ceiling
all_reduce_perf,2,16,131072,32768,float,sum,73.67,1.78,3.34,0,71.84,1.82,3.42,0,TREE,LL,8,TREE,LL,8,0,TREE,A_flag_ceiling
all_reduce_perf,2,16,262144,65536,float,sum,88.32,2.97,5.57,0,85.15,3.08,5.77,0,TREE,LL,8,TREE,LL,8,0,TREE,A_flag_ceiling
all_reduce_perf,2,16,524288,131072,float,sum,111.73,4.69,8.8,0,111.81,4.69,8.79,0,TREE,LL,8,TREE,LL,8,0,TREE,A_flag_ceiling
all_reduce_perf,2,16,1048576,262144,float,sum,170.72,6.14,11.52,0,166.69,6.29,11.79,0,TREE,LL,8,TREE,LL,8,0,TREE,A_flag_ceiling
all_reduce_perf,2,16,2097152,524288,float,sum,276.49,7.58,14.22,0,275.72,7.61,14.26,0,TREE,LL,8,TREE,LL,8,0,TREE,A_flag_ceiling
all_reduce_perf,2,16,4194304,1048576,float,sum,491.65,8.53,16.0,0,491.51,8.53,16.0,0,TREE,LL,8,TREE,LL,8,0,TREE,A_flag_ceiling
all_reduce_perf,2,16,8388608,2097152,float,sum,924.43,9.07,17.01,0,926.08,9.06,16.98,0,TREE,LL,8,TREE,LL,8,0,TREE,A_flag_ceiling
all_reduce_perf,2,16,16777216,4194304,float,sum,1790.35,9.37,17.57,0,1790.14,9.37,17.57,0,TREE,LL,8,TREE,LL,8,0,TREE,A_flag_ceiling
all_reduce_perf,2,16,33554432,8388608,float,sum,3514.25,9.55,17.9,0,3512.2,9.55,17.91,0,TREE,LL,8,TREE,LL,8,0,TREE,A_flag_ceiling
all_reduce_perf,2,16,67108864,16777216,float,sum,6953.39,9.65,18.1,0,6947.22,9.66,18.11,0,TREE,LL,8,TREE,LL,8,0,TREE,A_flag_ceiling
all_reduce_perf,2,16,134217728,33554432,float,sum,13852.8,9.69,18.17,0,13829.6,9.71,18.2,0,TREE,LL,8,TREE,LL,8,0,TREE,A_flag_ceiling
all_reduce_perf,2,16,268435456,67108864,float,sum,27875.3,9.63,18.06,0,27642.4,9.71,18.21,0,TREE,LL,8,TREE,LL,8,0,TREE,A_flag_ceiling
all_reduce_perf,2,16,536870912,134217728,float,sum,55238.2,9.72,18.22,0,55743.0,9.63,18.06,0,TREE,LL,8,TREE,LL,8,0,TREE,A_flag_ceiling
all_reduce_perf,2,16,4096,1024,float,sum,46.62,0.09,0.16,0,45.25,0.09,0.17,0,TREE,LL128,8,TREE,LL128,8,0,TREE,A_flag_ceiling
all_reduce_perf,2,16,8192,2048,float,sum,48.12,0.17,0.32,0,47.19,0.17,0.33,0,TREE,LL128,8,TREE,LL128,8,0,TREE,A_flag_ceiling
all_reduce_perf,2,16,16384,4096,float,sum,50.34,0.33,0.61,0,48.28,0.34,0.64,0,TREE,LL128,8,TREE,LL128,8,0,TREE,A_flag_ceiling
all_reduce_perf,2,16,32768,8192,float,sum,49.23,0.67,1.25,0,49.14,0.67,1.25,0,TREE,LL128,8,TREE,LL128,8,0,TREE,A_flag_ceiling
all_reduce_perf,2,16,65536,16384,float,sum,51.56,1.27,2.38,0,49.03,1.34,2.51,0,TREE,LL128,8,TREE,LL128,8,0,TREE,A_flag_ceiling
all_reduce_perf,2,16,131072,32768,float,sum,55.78,2.35,4.41,0,54.25,2.42,4.53,0,TREE,LL128,8,TREE,LL128,8,0,TREE,A_flag_ceiling
all_reduce_perf,2,16,262144,65536,float,sum,62.11,4.22,7.91,0,59.68,4.39,8.24,0,TREE,LL128,8,TREE,LL128,8,0,TREE,A_flag_ceiling
all_reduce_perf,2,16,524288,131072,float,sum,67.12,7.81,14.65,0,66.25,7.91,14.84,0,TREE,LL128,8,TREE,LL128,8,0,TREE,A_flag_ceiling
all_reduce_perf,2,16,1048576,262144,float,sum,82.28,12.74,23.89,0,80.25,13.07,24.5,0,TREE,LL128,8,TREE,LL128,8,0,TREE,A_flag_ceiling
all_reduce_perf,2,16,2097152,524288,float,sum,116.97,17.93,33.62,0,108.26,19.37,36.32,0,TREE,LL128,8,TREE,LL128,8,0,TREE,A_flag_ceiling
all_reduce_perf,2,16,4194304,1048576,float,sum,171.69,24.43,45.81,0,162.76,25.77,48.32,0,TREE,LL128,8,TREE,LL128,8,0,TREE,A_flag_ceiling
all_reduce_perf,2,16,8388608,2097152,float,sum,289.54,28.97,54.32,0,283.21,29.62,55.54,0,TREE,LL128,8,TREE,LL128,8,0,TREE,A_flag_ceiling
all_reduce_perf,2,16,16777216,4194304,float,sum,517.91,32.39,60.74,0,514.65,32.6,61.12,0,TREE,LL128,8,TREE,LL128,8,0,TREE,A_flag_ceiling
all_reduce_perf,2,16,33554432,8388608,float,sum,971.63,34.53,64.75,0,964.52,34.79,65.23,0,TREE,LL128,8,TREE,LL128,8,0,TREE,A_flag_ceiling
all_reduce_perf,2,16,67108864,16777216,float,sum,1859.32,36.09,67.67,0,1864.13,36.0,67.5,0,TREE,LL128,8,TREE,LL128,8,0,TREE,A_flag_ceiling
all_reduce_perf,2,16,134217728,33554432,float,sum,3608.09,37.2,69.75,0,3629.15,36.98,69.34,0,TREE,LL128,8,TREE,LL128,8,0,TREE,A_flag_ceiling
all_reduce_perf,2,16,268435456,67108864,float,sum,7221.65,37.17,69.7,0,7224.86,37.15,69.66,0,TREE,LL128,8,TREE,LL128,8,0,TREE,A_flag_ceiling
all_reduce_perf,2,16,536870912,134217728,float,sum,14561.7,36.87,69.13,0,14592.2,36.79,68.98,0,TREE,LL128,8,TREE,LL128,8,0,TREE,A_flag_ceiling
all_reduce_perf,2,16,4096,1024,float,sum,71.56,0.06,0.11,0,73.02,0.06,0.11,0,TREE,SIMPLE,16,TREE,SIMPLE,16,0,TREE,A_flag_ceiling
all_reduce_perf,2,16,8192,2048,float,sum,74.27,0.11,0.21,0,70.71,0.12,0.22,0,TREE,SIMPLE,16,TREE,SIMPLE,16,0,TREE,A_flag_ceiling
all_reduce_perf,2,16,16384,4096,float,sum,73.83,0.22,0.42,0,137.55,0.12,0.22,0,TREE,SIMPLE,16,TREE,SIMPLE,16,0,TREE,A_flag_ceiling
all_reduce_perf,2,16,32768,8192,float,sum,75.22,0.44,0.82,0,73.85,0.44,0.83,0,TREE,SIMPLE,16,TREE,SIMPLE,16,0,TREE,A_flag_ceiling
all_reduce_perf,2,16,65536,16384,float,sum,80.78,0.81,1.52,0,72.06,0.91,1.71,0,TREE,SIMPLE,16,TREE,SIMPLE,16,0,TREE,A_flag_ceiling
all_reduce_perf,2,16,131072,32768,float,sum,77.61,1.69,3.17,0,74.02,1.77,3.32,0,TREE,SIMPLE,16,TREE,SIMPLE,16,0,TREE,A_flag_ceiling
all_reduce_perf,2,16,262144,65536,float,sum,84.47,3.1,5.82,0,80.39,3.26,6.11,0,TREE,SIMPLE,16,TREE,SIMPLE,16,0,TREE,A_flag_ceiling
all_reduce_perf,2,16,524288,131072,float,sum,102.52,5.11,9.59,0,100.35,5.22,9.8,0,TREE,SIMPLE,16,TREE,SIMPLE,16,0,TREE,A_flag_ceiling
all_reduce_perf,2,16,1048576,262144,float,sum,112.32,9.34,17.5,0,112.74,9.3,17.44,0,TREE,SIMPLE,16,TREE,SIMPLE,16,0,TREE,A_flag_ceiling
all_reduce_perf,2,16,2097152,524288,float,sum,133.24,15.74,29.51,0,128.53,16.32,30.59,0,TREE,SIMPLE,16,TREE,SIMPLE,16,0,TREE,A_flag_ceiling
all_reduce_perf,2,16,4194304,1048576,float,sum,172.44,24.32,45.61,0,164.72,25.46,47.74,0,TREE,SIMPLE,16,TREE,SIMPLE,16,0,TREE,A_flag_ceiling
all_reduce_perf,2,16,8388608,2097152,float,sum,239.61,35.01,65.64,0,228.62,36.69,68.8,0,TREE,SIMPLE,16,TREE,SIMPLE,16,0,TREE,A_flag_ceiling
all_reduce_perf,2,16,16777216,4194304,float,sum,399.64,41.98,78.71,0,345.55,48.55,91.04,0,TREE,SIMPLE,16,TREE,SIMPLE,16,0,TREE,A_flag_ceiling
all_reduce_perf,2,16,33554432,8388608,float,sum,584.46,57.41,107.65,0,570.75,58.79,110.23,0,TREE,SIMPLE,16,TREE,SIMPLE,16,0,TREE,A_flag_ceiling
all_reduce_perf,2,16,67108864,16777216,float,sum,923.14,72.7,136.3,0,920.73,72.89,136.66,0,TREE,SIMPLE,16,TREE,SIMPLE,16,0,TREE,A_flag_ceiling
all_reduce_perf,2,16,134217728,33554432,float,sum,1651.53,81.27,152.38,0,1668.78,80.43,150.8,0,TREE,SIMPLE,16,TREE,SIMPLE,16,0,TREE,A_flag_ceiling
all_reduce_perf,2,16,268435456,67108864,float,sum,2913.22,92.14,172.77,0,2935.02,91.46,171.49,0,TREE,SIMPLE,16,TREE,SIMPLE,16,0,TREE,A_flag_ceiling
all_reduce_perf,2,16,536870912,134217728,float,sum,5325.84,100.8,189.01,0,5346.06,100.42,188.29,0,TREE,SIMPLE,16,TREE,SIMPLE,16,0,TREE,A_flag_ceiling
all_reduce_perf,2,16,4096,1024,float,sum,41.65,0.1,0.18,0,39.56,0.1,0.19,0,TREE,LL,16,TREE,LL,16,0,TREE,A_flag_ceiling
all_reduce_perf,2,16,8192,2048,float,sum,41.64,0.2,0.37,0,43.78,0.19,0.35,0,TREE,LL,16,TREE,LL,16,0,TREE,A_flag_ceiling
all_reduce_perf,2,16,16384,4096,float,sum,41.22,0.4,0.75,0,39.56,0.41,0.78,0,TREE,LL,16,TREE,LL,16,0,TREE,A_flag_ceiling
all_reduce_perf,2,16,32768,8192,float,sum,43.88,0.75,1.4,0,41.01,0.8,1.5,0,TREE,LL,16,TREE,LL,16,0,TREE,A_flag_ceiling
all_reduce_perf,2,16,65536,16384,float,sum,48.52,1.35,2.53,0,46.58,1.41,2.64,0,TREE,LL,16,TREE,LL,16,0,TREE,A_flag_ceiling
all_reduce_perf,2,16,131072,32768,float,sum,59.47,2.2,4.13,0,57.13,2.29,4.3,0,TREE,LL,16,TREE,LL,16,0,TREE,A_flag_ceiling
all_reduce_perf,2,16,262144,65536,float,sum,75.0,3.5,6.55,0,75.51,3.47,6.51,0,TREE,LL,16,TREE,LL,16,0,TREE,A_flag_ceiling
all_reduce_perf,2,16,524288,131072,float,sum,88.58,5.92,11.1,0,88.33,5.94,11.13,0,TREE,LL,16,TREE,LL,16,0,TREE,A_flag_ceiling
all_reduce_perf,2,16,1048576,262144,float,sum,119.33,8.79,16.48,0,115.3,9.09,17.05,0,TREE,LL,16,TREE,LL,16,0,TREE,A_flag_ceiling
all_reduce_perf,2,16,2097152,524288,float,sum,175.64,11.94,22.39,0,170.47,12.3,23.07,0,TREE,LL,16,TREE,LL,16,0,TREE,A_flag_ceiling
all_reduce_perf,2,16,4194304,1048576,float,sum,280.32,14.96,28.05,0,279.85,14.99,28.1,0,TREE,LL,16,TREE,LL,16,0,TREE,A_flag_ceiling
all_reduce_perf,2,16,8388608,2097152,float,sum,499.02,16.81,31.52,0,498.46,16.83,31.55,0,TREE,LL,16,TREE,LL,16,0,TREE,A_flag_ceiling
all_reduce_perf,2,16,16777216,4194304,float,sum,940.22,17.84,33.46,0,935.54,17.93,33.62,0,TREE,LL,16,TREE,LL,16,0,TREE,A_flag_ceiling
all_reduce_perf,2,16,33554432,8388608,float,sum,1807.55,18.56,34.81,0,1806.61,18.57,34.82,0,TREE,LL,16,TREE,LL,16,0,TREE,A_flag_ceiling
all_reduce_perf,2,16,67108864,16777216,float,sum,3555.49,18.87,35.39,0,3558.1,18.86,35.36,0,TREE,LL,16,TREE,LL,16,0,TREE,A_flag_ceiling
all_reduce_perf,2,16,134217728,33554432,float,sum,7059.75,19.01,35.65,0,7055.58,19.02,35.67,0,TREE,LL,16,TREE,LL,16,0,TREE,A_flag_ceiling
all_reduce_perf,2,16,268435456,67108864,float,sum,14058.4,19.09,35.8,0,14062.6,19.09,35.79,0,TREE,LL,16,TREE,LL,16,0,TREE,A_flag_ceiling
all_reduce_perf,2,16,536870912,134217728,float,sum,28077.0,19.12,35.85,0,28081.8,19.12,35.85,0,TREE,LL,16,TREE,LL,16,0,TREE,A_flag_ceiling
all_reduce_perf,2,16,4096,1024,float,sum,47.09,0.09,0.16,0,45.14,0.09,0.17,0,TREE,LL128,16,TREE,LL128,16,0,TREE,A_flag_ceiling
all_reduce_perf,2,16,8192,2048,float,sum,47.75,0.17,0.32,0,47.18,0.17,0.33,0,TREE,LL128,16,TREE,LL128,16,0,TREE,A_flag_ceiling
all_reduce_perf,2,16,16384,4096,float,sum,49.44,0.33,0.62,0,47.58,0.34,0.65,0,TREE,LL128,16,TREE,LL128,16,0,TREE,A_flag_ceiling
all_reduce_perf,2,16,32768,8192,float,sum,50.06,0.65,1.23,0,48.96,0.67,1.25,0,TREE,LL128,16,TREE,LL128,16,0,TREE,A_flag_ceiling
all_reduce_perf,2,16,65536,16384,float,sum,51.49,1.27,2.39,0,48.84,1.34,2.52,0,TREE,LL128,16,TREE,LL128,16,0,TREE,A_flag_ceiling
all_reduce_perf,2,16,131072,32768,float,sum,51.61,2.54,4.76,0,51.34,2.55,4.79,0,TREE,LL128,16,TREE,LL128,16,0,TREE,A_flag_ceiling
all_reduce_perf,2,16,262144,65536,float,sum,57.7,4.54,8.52,0,55.56,4.72,8.85,0,TREE,LL128,16,TREE,LL128,16,0,TREE,A_flag_ceiling
all_reduce_perf,2,16,524288,131072,float,sum,64.19,8.17,15.32,0,62.09,8.44,15.83,0,TREE,LL128,16,TREE,LL128,16,0,TREE,A_flag_ceiling
all_reduce_perf,2,16,1048576,262144,float,sum,69.39,15.11,28.34,0,69.54,15.08,28.27,0,TREE,LL128,16,TREE,LL128,16,0,TREE,A_flag_ceiling
all_reduce_perf,2,16,2097152,524288,float,sum,85.0,24.67,46.26,0,83.72,25.05,46.97,0,TREE,LL128,16,TREE,LL128,16,0,TREE,A_flag_ceiling
all_reduce_perf,2,16,4194304,1048576,float,sum,115.11,36.44,68.32,0,111.89,37.49,70.29,0,TREE,LL128,16,TREE,LL128,16,0,TREE,A_flag_ceiling
all_reduce_perf,2,16,8388608,2097152,float,sum,172.75,48.56,91.05,0,168.79,49.7,93.19,0,TREE,LL128,16,TREE,LL128,16,0,TREE,A_flag_ceiling
all_reduce_perf,2,16,16777216,4194304,float,sum,298.01,56.3,105.56,0,295.56,56.76,106.43,0,TREE,LL128,16,TREE,LL128,16,0,TREE,A_flag_ceiling
all_reduce_perf,2,16,33554432,8388608,float,sum,534.48,62.78,117.71,0,530.83,63.21,118.52,0,TREE,LL128,16,TREE,LL128,16,0,TREE,A_flag_ceiling
all_reduce_perf,2,16,67108864,16777216,float,sum,1007.76,66.59,124.86,0,1002.17,66.96,125.56,0,TREE,LL128,16,TREE,LL128,16,0,TREE,A_flag_ceiling
all_reduce_perf,2,16,134217728,33554432,float,sum,1940.87,69.15,129.66,0,1934.4,69.38,130.1,0,TREE,LL128,16,TREE,LL128,16,0,TREE,A_flag_ceiling
all_reduce_perf,2,16,268435456,67108864,float,sum,3792.78,70.78,132.7,0,3787.86,70.87,132.88,0,TREE,LL128,16,TREE,LL128,16,0,TREE,A_flag_ceiling
all_reduce_perf,2,16,536870912,134217728,float,sum,7405.8,72.49,135.92,0,7434.51,72.21,135.4,0,TREE,LL128,16,TREE,LL128,16,0,TREE,A_flag_ceiling
all_reduce_perf,2,16,4096,1024,float,sum,70.52,0.06,0.11,0,67.98,0.06,0.11,0,TREE,SIMPLE,24,TREE,SIMPLE,24,0,TREE,A_flag_ceiling
all_reduce_perf,2,16,8192,2048,float,sum,73.34,0.11,0.21,0,70.41,0.12,0.22,0,TREE,SIMPLE,24,TREE,SIMPLE,24,0,TREE,A_flag_ceiling
all_reduce_perf,2,16,16384,4096,float,sum,75.85,0.22,0.41,0,70.42,0.23,0.44,0,TREE,SIMPLE,24,TREE,SIMPLE,24,0,TREE,A_flag_ceiling
all_reduce_perf,2,16,32768,8192,float,sum,74.04,0.44,0.83,0,70.98,0.46,0.87,0,TREE,SIMPLE,24,TREE,SIMPLE,24,0,TREE,A_flag_ceiling
all_reduce_perf,2,16,65536,16384,float,sum,77.45,0.85,1.59,0,73.21,0.9,1.68,0,TREE,SIMPLE,24,TREE,SIMPLE,24,0,TREE,A_flag_ceiling
all_reduce_perf,2,16,131072,32768,float,sum,76.62,1.71,3.21,0,73.62,1.78,3.34,0,TREE,SIMPLE,24,TREE,SIMPLE,24,0,TREE,A_flag_ceiling
all_reduce_perf,2,16,262144,65536,float,sum,81.22,3.23,6.05,0,79.73,3.29,6.17,0,TREE,SIMPLE,24,TREE,SIMPLE,24,0,TREE,A_flag_ceiling
all_reduce_perf,2,16,524288,131072,float,sum,111.75,4.69,8.8,0,92.37,5.68,10.64,0,TREE,SIMPLE,24,TREE,SIMPLE,24,0,TREE,A_flag_ceiling
all_reduce_perf,2,16,1048576,262144,float,sum,108.57,9.66,18.11,0,106.6,9.84,18.44,0,TREE,SIMPLE,24,TREE,SIMPLE,24,0,TREE,A_flag_ceiling
all_reduce_perf,2,16,2097152,524288,float,sum,122.14,17.17,32.19,0,118.88,17.64,33.08,0,TREE,SIMPLE,24,TREE,SIMPLE,24,0,TREE,A_flag_ceiling
all_reduce_perf,2,16,4194304,1048576,float,sum,157.47,26.63,49.94,0,146.36,28.66,53.73,0,TREE,SIMPLE,24,TREE,SIMPLE,24,0,TREE,A_flag_ceiling
all_reduce_perf,2,16,8388608,2097152,float,sum,206.54,40.62,76.15,0,195.87,42.83,80.3,0,TREE,SIMPLE,24,TREE,SIMPLE,24,0,TREE,A_flag_ceiling
all_reduce_perf,2,16,16777216,4194304,float,sum,287.52,58.35,109.41,0,279.31,60.07,112.63,0,TREE,SIMPLE,24,TREE,SIMPLE,24,0,TREE,A_flag_ceiling
all_reduce_perf,2,16,33554432,8388608,float,sum,443.76,75.61,141.78,0,435.96,76.97,144.31,0,TREE,SIMPLE,24,TREE,SIMPLE,24,0,TREE,A_flag_ceiling
all_reduce_perf,2,16,67108864,16777216,float,sum,743.59,90.25,169.22,0,739.54,90.74,170.14,0,TREE,SIMPLE,24,TREE,SIMPLE,24,0,TREE,A_flag_ceiling
all_reduce_perf,2,16,134217728,33554432,float,sum,1204.43,111.44,208.94,0,1210.16,110.91,207.95,0,TREE,SIMPLE,24,TREE,SIMPLE,24,0,TREE,A_flag_ceiling
all_reduce_perf,2,16,268435456,67108864,float,sum,2199.72,122.03,228.81,0,2224.92,120.65,226.22,0,TREE,SIMPLE,24,TREE,SIMPLE,24,0,TREE,A_flag_ceiling
all_reduce_perf,2,16,536870912,134217728,float,sum,3867.35,138.82,260.29,0,3912.17,137.23,257.31,0,TREE,SIMPLE,24,TREE,SIMPLE,24,0,TREE,A_flag_ceiling
all_reduce_perf,2,16,4096,1024,float,sum,40.09,0.1,0.19,0,38.52,0.11,0.2,0,TREE,LL,24,TREE,LL,24,0,TREE,A_flag_ceiling
all_reduce_perf,2,16,8192,2048,float,sum,39.55,0.21,0.39,0,39.46,0.21,0.39,0,TREE,LL,24,TREE,LL,24,0,TREE,A_flag_ceiling
all_reduce_perf,2,16,16384,4096,float,sum,40.44,0.41,0.76,0,39.34,0.42,0.78,0,TREE,LL,24,TREE,LL,24,0,TREE,A_flag_ceiling
all_reduce_perf,2,16,32768,8192,float,sum,42.95,0.76,1.43,0,41.09,0.8,1.5,0,TREE,LL,24,TREE,LL,24,0,TREE,A_flag_ceiling
all_reduce_perf,2,16,65536,16384,float,sum,48.49,1.35,2.53,0,46.22,1.42,2.66,0,TREE,LL,24,TREE,LL,24,0,TREE,A_flag_ceiling
all_reduce_perf,2,16,131072,32768,float,sum,55.87,2.35,4.4,0,52.85,2.48,4.65,0,TREE,LL,24,TREE,LL,24,0,TREE,A_flag_ceiling
all_reduce_perf,2,16,262144,65536,float,sum,70.0,3.75,7.02,0,68.19,3.84,7.21,0,TREE,LL,24,TREE,LL,24,0,TREE,A_flag_ceiling
all_reduce_perf,2,16,524288,131072,float,sum,86.81,6.04,11.32,0,84.76,6.19,11.6,0,TREE,LL,24,TREE,LL,24,0,TREE,A_flag_ceiling
all_reduce_perf,2,16,1048576,262144,float,sum,103.44,10.14,19.01,0,104.62,10.02,18.79,0,TREE,LL,24,TREE,LL,24,0,TREE,A_flag_ceiling
all_reduce_perf,2,16,2097152,524288,float,sum,144.37,14.53,27.24,0,139.73,15.01,28.14,0,TREE,LL,24,TREE,LL,24,0,TREE,A_flag_ceiling
all_reduce_perf,2,16,4194304,1048576,float,sum,212.98,19.69,36.93,0,213.57,19.64,36.82,0,TREE,LL,24,TREE,LL,24,0,TREE,A_flag_ceiling
all_reduce_perf,2,16,8388608,2097152,float,sum,361.1,23.23,43.56,0,360.44,23.27,43.64,0,TREE,LL,24,TREE,LL,24,0,TREE,A_flag_ceiling
all_reduce_perf,2,16,16777216,4194304,float,sum,657.25,25.53,47.86,0,653.69,25.67,48.12,0,TREE,LL,24,TREE,LL,24,0,TREE,A_flag_ceiling
all_reduce_perf,2,16,33554432,8388608,float,sum,1238.62,27.09,50.79,0,1236.34,27.14,50.89,0,TREE,LL,24,TREE,LL,24,0,TREE,A_flag_ceiling
all_reduce_perf,2,16,67108864,16777216,float,sum,2418.15,27.75,52.04,0,2406.57,27.89,52.29,0,TREE,LL,24,TREE,LL,24,0,TREE,A_flag_ceiling
all_reduce_perf,2,16,134217728,33554432,float,sum,4777.84,28.09,52.67,0,4767.87,28.15,52.78,0,TREE,LL,24,TREE,LL,24,0,TREE,A_flag_ceiling
all_reduce_perf,2,16,268435456,67108864,float,sum,9530.32,28.17,52.81,0,9525.91,28.18,52.84,0,TREE,LL,24,TREE,LL,24,0,TREE,A_flag_ceiling
all_reduce_perf,2,16,536870912,134217728,float,sum,18989.5,28.27,53.01,0,19001.8,28.25,52.98,0,TREE,LL,24,TREE,LL,24,0,TREE,A_flag_ceiling
all_reduce_perf,2,16,4096,1024,float,sum,47.61,0.09,0.16,0,46.31,0.09,0.17,0,TREE,LL128,24,TREE,LL128,24,0,TREE,A_flag_ceiling
all_reduce_perf,2,16,8192,2048,float,sum,47.57,0.17,0.32,0,47.71,0.17,0.32,0,TREE,LL128,24,TREE,LL128,24,0,TREE,A_flag_ceiling
all_reduce_perf,2,16,16384,4096,float,sum,51.19,0.32,0.6,0,47.64,0.34,0.64,0,TREE,LL128,24,TREE,LL128,24,0,TREE,A_flag_ceiling
all_reduce_perf,2,16,32768,8192,float,sum,49.65,0.66,1.24,0,48.58,0.67,1.26,0,TREE,LL128,24,TREE,LL128,24,0,TREE,A_flag_ceiling
all_reduce_perf,2,16,65536,16384,float,sum,51.7,1.27,2.38,0,48.61,1.35,2.53,0,TREE,LL128,24,TREE,LL128,24,0,TREE,A_flag_ceiling
all_reduce_perf,2,16,131072,32768,float,sum,52.18,2.51,4.71,0,50.99,2.57,4.82,0,TREE,LL128,24,TREE,LL128,24,0,TREE,A_flag_ceiling
all_reduce_perf,2,16,262144,65536,float,sum,55.02,4.76,8.93,0,55.41,4.73,8.87,0,TREE,LL128,24,TREE,LL128,24,0,TREE,A_flag_ceiling
all_reduce_perf,2,16,524288,131072,float,sum,75.15,6.98,13.08,0,60.53,8.66,16.24,0,TREE,LL128,24,TREE,LL128,24,0,TREE,A_flag_ceiling
all_reduce_perf,2,16,1048576,262144,float,sum,69.62,15.06,28.24,0,67.71,15.49,29.04,0,TREE,LL128,24,TREE,LL128,24,0,TREE,A_flag_ceiling
all_reduce_perf,2,16,2097152,524288,float,sum,77.03,27.22,51.05,0,77.36,27.11,50.83,0,TREE,LL128,24,TREE,LL128,24,0,TREE,A_flag_ceiling
all_reduce_perf,2,16,4194304,1048576,float,sum,98.74,42.48,79.65,0,99.12,42.31,79.34,0,TREE,LL128,24,TREE,LL128,24,0,TREE,A_flag_ceiling
all_reduce_perf,2,16,8388608,2097152,float,sum,137.94,60.81,114.03,0,135.53,61.9,116.06,0,TREE,LL128,24,TREE,LL128,24,0,TREE,A_flag_ceiling
all_reduce_perf,2,16,16777216,4194304,float,sum,229.23,73.19,137.23,0,227.61,73.71,138.21,0,TREE,LL128,24,TREE,LL128,24,0,TREE,A_flag_ceiling
all_reduce_perf,2,16,33554432,8388608,float,sum,395.45,84.85,159.1,0,392.28,85.54,160.38,0,TREE,LL128,24,TREE,LL128,24,0,TREE,A_flag_ceiling
all_reduce_perf,2,16,67108864,16777216,float,sum,725.78,92.46,173.37,0,724.75,92.6,173.62,0,TREE,LL128,24,TREE,LL128,24,0,TREE,A_flag_ceiling
all_reduce_perf,2,16,134217728,33554432,float,sum,1387.45,96.74,181.38,0,1383.89,96.99,181.85,0,TREE,LL128,24,TREE,LL128,24,0,TREE,A_flag_ceiling
all_reduce_perf,2,16,268435456,67108864,float,sum,2660.76,100.89,189.16,0,2667.92,100.62,188.65,0,TREE,LL128,24,TREE,LL128,24,0,TREE,A_flag_ceiling
all_reduce_perf,2,16,536870912,134217728,float,sum,5185.92,103.52,194.11,0,5192.8,103.39,193.85,0,TREE,LL128,24,TREE,LL128,24,0,TREE,A_flag_ceiling
all_reduce_perf,2,16,4096,1024,float,sum,69.89,0.06,0.11,0,68.35,0.06,0.11,0,TREE,SIMPLE,32,TREE,SIMPLE,32,0,TREE,A_flag_ceiling
all_reduce_perf,2,16,8192,2048,float,sum,73.28,0.11,0.21,0,70.89,0.12,0.22,0,TREE,SIMPLE,32,TREE,SIMPLE,32,0,TREE,A_flag_ceiling
all_reduce_perf,2,16,16384,4096,float,sum,76.89,0.21,0.4,0,71.5,0.23,0.43,0,TREE,SIMPLE,32,TREE,SIMPLE,32,0,TREE,A_flag_ceiling
all_reduce_perf,2,16,32768,8192,float,sum,74.36,0.44,0.83,0,71.62,0.46,0.86,0,TREE,SIMPLE,32,TREE,SIMPLE,32,0,TREE,A_flag_ceiling
all_reduce_perf,2,16,65536,16384,float,sum,76.89,0.85,1.6,0,72.02,0.91,1.71,0,TREE,SIMPLE,32,TREE,SIMPLE,32,0,TREE,A_flag_ceiling
all_reduce_perf,2,16,131072,32768,float,sum,75.07,1.75,3.27,0,74.22,1.77,3.31,0,TREE,SIMPLE,32,TREE,SIMPLE,32,0,TREE,A_flag_ceiling
all_reduce_perf,2,16,262144,65536,float,sum,81.08,3.23,6.06,0,77.15,3.4,6.37,0,TREE,SIMPLE,32,TREE,SIMPLE,32,0,TREE,A_flag_ceiling
all_reduce_perf,2,16,524288,131072,float,sum,91.03,5.76,10.8,0,84.14,6.23,11.68,0,TREE,SIMPLE,32,TREE,SIMPLE,32,0,TREE,A_flag_ceiling
all_reduce_perf,2,16,1048576,262144,float,sum,108.49,9.67,18.12,0,103.08,10.17,19.07,0,TREE,SIMPLE,32,TREE,SIMPLE,32,0,TREE,A_flag_ceiling
all_reduce_perf,2,16,2097152,524288,float,sum,117.56,17.84,33.45,0,115.33,18.18,34.1,0,TREE,SIMPLE,32,TREE,SIMPLE,32,0,TREE,A_flag_ceiling
all_reduce_perf,2,16,4194304,1048576,float,sum,146.19,28.69,53.79,0,135.83,30.88,57.9,0,TREE,SIMPLE,32,TREE,SIMPLE,32,0,TREE,A_flag_ceiling
all_reduce_perf,2,16,8388608,2097152,float,sum,181.84,46.13,86.5,0,174.4,48.1,90.19,0,TREE,SIMPLE,32,TREE,SIMPLE,32,0,TREE,A_flag_ceiling
all_reduce_perf,2,16,16777216,4194304,float,sum,254.4,65.95,123.65,0,247.43,67.81,127.14,0,TREE,SIMPLE,32,TREE,SIMPLE,32,0,TREE,A_flag_ceiling
all_reduce_perf,2,16,33554432,8388608,float,sum,377.18,88.96,166.8,0,371.15,90.41,169.51,0,TREE,SIMPLE,32,TREE,SIMPLE,32,0,TREE,A_flag_ceiling
all_reduce_perf,2,16,67108864,16777216,float,sum,609.83,110.04,206.33,0,608.43,110.3,206.81,0,TREE,SIMPLE,32,TREE,SIMPLE,32,0,TREE,A_flag_ceiling
all_reduce_perf,2,16,134217728,33554432,float,sum,996.7,134.66,252.49,0,1000.74,134.12,251.47,0,TREE,SIMPLE,32,TREE,SIMPLE,32,0,TREE,A_flag_ceiling
all_reduce_perf,2,16,268435456,67108864,float,sum,1776.19,151.13,283.37,0,1795.88,149.47,280.26,0,TREE,SIMPLE,32,TREE,SIMPLE,32,0,TREE,A_flag_ceiling
all_reduce_perf,2,16,536870912,134217728,float,sum,3231.29,166.15,311.53,0,3251.09,165.14,309.63,0,TREE,SIMPLE,32,TREE,SIMPLE,32,0,TREE,A_flag_ceiling
all_reduce_perf,2,16,4096,1024,float,sum,38.62,0.11,0.2,0,41.44,0.1,0.19,0,TREE,LL,32,TREE,LL,32,0,TREE,A_flag_ceiling
all_reduce_perf,2,16,8192,2048,float,sum,39.76,0.21,0.39,0,39.1,0.21,0.39,0,TREE,LL,32,TREE,LL,32,0,TREE,A_flag_ceiling
all_reduce_perf,2,16,16384,4096,float,sum,40.55,0.4,0.76,0,39.77,0.41,0.77,0,TREE,LL,32,TREE,LL,32,0,TREE,A_flag_ceiling
all_reduce_perf,2,16,32768,8192,float,sum,40.85,0.8,1.5,0,40.97,0.8,1.5,0,TREE,LL,32,TREE,LL,32,0,TREE,A_flag_ceiling
all_reduce_perf,2,16,65536,16384,float,sum,45.77,1.43,2.68,0,44.05,1.49,2.79,0,TREE,LL,32,TREE,LL,32,0,TREE,A_flag_ceiling
all_reduce_perf,2,16,131072,32768,float,sum,52.66,2.49,4.67,0,50.21,2.61,4.89,0,TREE,LL,32,TREE,LL,32,0,TREE,A_flag_ceiling
all_reduce_perf,2,16,262144,65536,float,sum,63.42,4.13,7.75,0,61.57,4.26,7.98,0,TREE,LL,32,TREE,LL,32,0,TREE,A_flag_ceiling
all_reduce_perf,2,16,524288,131072,float,sum,82.27,6.37,11.95,0,81.26,6.45,12.1,0,TREE,LL,32,TREE,LL,32,0,TREE,A_flag_ceiling
all_reduce_perf,2,16,1048576,262144,float,sum,97.03,10.81,20.26,0,97.7,10.73,20.12,0,TREE,LL,32,TREE,LL,32,0,TREE,A_flag_ceiling
all_reduce_perf,2,16,2097152,524288,float,sum,129.79,16.16,30.3,0,125.43,16.72,31.35,0,TREE,LL,32,TREE,LL,32,0,TREE,A_flag_ceiling
all_reduce_perf,2,16,4194304,1048576,float,sum,179.9,23.32,43.72,0,180.83,23.19,43.49,0,TREE,LL,32,TREE,LL,32,0,TREE,A_flag_ceiling
all_reduce_perf,2,16,8388608,2097152,float,sum,310.1,27.05,50.72,0,308.12,27.23,51.05,0,TREE,LL,32,TREE,LL,32,0,TREE,A_flag_ceiling
all_reduce_perf,2,16,16777216,4194304,float,sum,544.06,30.84,57.82,0,539.95,31.07,58.26,0,TREE,LL,32,TREE,LL,32,0,TREE,A_flag_ceiling
all_reduce_perf,2,16,33554432,8388608,float,sum,1002.1,33.48,62.78,0,992.52,33.81,63.39,0,TREE,LL,32,TREE,LL,32,0,TREE,A_flag_ceiling
all_reduce_perf,2,16,67108864,16777216,float,sum,1886.43,35.57,66.7,0,1882.77,35.64,66.83,0,TREE,LL,32,TREE,LL,32,0,TREE,A_flag_ceiling
all_reduce_perf,2,16,134217728,33554432,float,sum,3800.11,35.32,66.22,0,3840.95,34.94,65.52,0,TREE,LL,32,TREE,LL,32,0,TREE,A_flag_ceiling
all_reduce_perf,2,16,268435456,67108864,float,sum,7225.14,37.15,69.66,0,7226.96,37.14,69.64,0,TREE,LL,32,TREE,LL,32,0,TREE,A_flag_ceiling
all_reduce_perf,2,16,536870912,134217728,float,sum,14315.8,37.5,70.32,0,14300.9,37.54,70.39,0,TREE,LL,32,TREE,LL,32,0,TREE,A_flag_ceiling
all_reduce_perf,2,16,4096,1024,float,sum,46.28,0.09,0.17,0,45.59,0.09,0.17,0,TREE,LL128,32,TREE,LL128,32,0,TREE,A_flag_ceiling
all_reduce_perf,2,16,8192,2048,float,sum,50.35,0.16,0.31,0,48.2,0.17,0.32,0,TREE,LL128,32,TREE,LL128,32,0,TREE,A_flag_ceiling
all_reduce_perf,2,16,16384,4096,float,sum,50.94,0.32,0.6,0,47.64,0.34,0.64,0,TREE,LL128,32,TREE,LL128,32,0,TREE,A_flag_ceiling
all_reduce_perf,2,16,32768,8192,float,sum,49.75,0.66,1.23,0,49.09,0.67,1.25,0,TREE,LL128,32,TREE,LL128,32,0,TREE,A_flag_ceiling
all_reduce_perf,2,16,65536,16384,float,sum,53.04,1.24,2.32,0,49.32,1.33,2.49,0,TREE,LL128,32,TREE,LL128,32,0,TREE,A_flag_ceiling
all_reduce_perf,2,16,131072,32768,float,sum,51.42,2.55,4.78,0,51.32,2.55,4.79,0,TREE,LL128,32,TREE,LL128,32,0,TREE,A_flag_ceiling
all_reduce_perf,2,16,262144,65536,float,sum,53.42,4.91,9.2,0,53.75,4.88,9.15,0,TREE,LL128,32,TREE,LL128,32,0,TREE,A_flag_ceiling
all_reduce_perf,2,16,524288,131072,float,sum,58.6,8.95,16.78,0,58.59,8.95,16.78,0,TREE,LL128,32,TREE,LL128,32,0,TREE,A_flag_ceiling
all_reduce_perf,2,16,1048576,262144,float,sum,65.27,16.07,30.12,0,65.12,16.1,30.19,0,TREE,LL128,32,TREE,LL128,32,0,TREE,A_flag_ceiling
all_reduce_perf,2,16,2097152,524288,float,sum,74.58,28.12,52.72,0,74.1,28.3,53.07,0,TREE,LL128,32,TREE,LL128,32,0,TREE,A_flag_ceiling
all_reduce_perf,2,16,4194304,1048576,float,sum,94.68,44.3,83.06,0,88.58,47.35,88.78,0,TREE,LL128,32,TREE,LL128,32,0,TREE,A_flag_ceiling
all_reduce_perf,2,16,8388608,2097152,float,sum,123.13,68.13,127.74,0,120.27,69.75,130.78,0,TREE,LL128,32,TREE,LL128,32,0,TREE,A_flag_ceiling
all_reduce_perf,2,16,16777216,4194304,float,sum,187.25,89.6,167.99,0,186.62,89.9,168.56,0,TREE,LL128,32,TREE,LL128,32,0,TREE,A_flag_ceiling
all_reduce_perf,2,16,33554432,8388608,float,sum,329.17,101.94,191.13,0,328.93,102.01,191.27,0,TREE,LL128,32,TREE,LL128,32,0,TREE,A_flag_ceiling
all_reduce_perf,2,16,67108864,16777216,float,sum,595.81,112.63,211.19,0,596.77,112.45,210.85,0,TREE,LL128,32,TREE,LL128,32,0,TREE,A_flag_ceiling
all_reduce_perf,2,16,134217728,33554432,float,sum,1128.19,118.97,223.06,0,1123.79,119.43,223.94,0,TREE,LL128,32,TREE,LL128,32,0,TREE,A_flag_ceiling
all_reduce_perf,2,16,268435456,67108864,float,sum,2162.86,124.11,232.71,0,2158.28,124.37,233.2,0,TREE,LL128,32,TREE,LL128,32,0,TREE,A_flag_ceiling
all_reduce_perf,2,16,536870912,134217728,float,sum,4218.0,127.28,238.65,0,4219.99,127.22,238.54,0,TREE,LL128,32,TREE,LL128,32,0,TREE,A_flag_ceiling
all_reduce_perf,2,16,4096,1024,float,sum,71.82,0.06,0.11,0,68.32,0.06,0.11,0,TREE,SIMPLE,40,TREE,SIMPLE,40,0,TREE,A_flag_ceiling
all_reduce_perf,2,16,8192,2048,float,sum,72.17,0.11,0.21,0,70.77,0.12,0.22,0,TREE,SIMPLE,40,TREE,SIMPLE,40,0,TREE,A_flag_ceiling
all_reduce_perf,2,16,16384,4096,float,sum,76.66,0.21,0.4,0,71.49,0.23,0.43,0,TREE,SIMPLE,40,TREE,SIMPLE,40,0,TREE,A_flag_ceiling
all_reduce_perf,2,16,32768,8192,float,sum,74.11,0.44,0.83,0,70.9,0.46,0.87,0,TREE,SIMPLE,40,TREE,SIMPLE,40,0,TREE,A_flag_ceiling
all_reduce_perf,2,16,65536,16384,float,sum,76.86,0.85,1.6,0,72.26,0.91,1.7,0,TREE,SIMPLE,40,TREE,SIMPLE,40,0,TREE,A_flag_ceiling
all_reduce_perf,2,16,131072,32768,float,sum,78.16,1.68,3.14,0,73.6,1.78,3.34,0,TREE,SIMPLE,40,TREE,SIMPLE,40,0,TREE,A_flag_ceiling
all_reduce_perf,2,16,262144,65536,float,sum,82.48,3.18,5.96,0,76.81,3.41,6.4,0,TREE,SIMPLE,40,TREE,SIMPLE,40,0,TREE,A_flag_ceiling
all_reduce_perf,2,16,524288,131072,float,sum,89.0,5.89,11.05,0,83.34,6.29,11.8,0,TREE,SIMPLE,40,TREE,SIMPLE,40,0,TREE,A_flag_ceiling
all_reduce_perf,2,16,1048576,262144,float,sum,108.9,9.63,18.05,0,102.68,10.21,19.15,0,TREE,SIMPLE,40,TREE,SIMPLE,40,0,TREE,A_flag_ceiling
all_reduce_perf,2,16,2097152,524288,float,sum,121.46,17.27,32.37,0,113.59,18.46,34.62,0,TREE,SIMPLE,40,TREE,SIMPLE,40,0,TREE,A_flag_ceiling
all_reduce_perf,2,16,4194304,1048576,float,sum,143.91,29.14,54.65,0,135.46,30.96,58.06,0,TREE,SIMPLE,40,TREE,SIMPLE,40,0,TREE,A_flag_ceiling
all_reduce_perf,2,16,8388608,2097152,float,sum,171.55,48.9,91.68,0,166.42,50.41,94.51,0,TREE,SIMPLE,40,TREE,SIMPLE,40,0,TREE,A_flag_ceiling
all_reduce_perf,2,16,16777216,4194304,float,sum,242.09,69.3,129.94,0,235.93,71.11,133.33,0,TREE,SIMPLE,40,TREE,SIMPLE,40,0,TREE,A_flag_ceiling
all_reduce_perf,2,16,33554432,8388608,float,sum,343.17,97.78,183.33,0,339.85,98.73,185.13,0,TREE,SIMPLE,40,TREE,SIMPLE,40,0,TREE,A_flag_ceiling
all_reduce_perf,2,16,67108864,16777216,float,sum,546.51,122.8,230.24,0,545.45,123.03,230.69,0,TREE,SIMPLE,40,TREE,SIMPLE,40,0,TREE,A_flag_ceiling
all_reduce_perf,2,16,134217728,33554432,float,sum,945.1,142.01,266.28,0,950.91,141.15,264.65,0,TREE,SIMPLE,40,TREE,SIMPLE,40,0,TREE,A_flag_ceiling
all_reduce_perf,2,16,268435456,67108864,float,sum,1663.57,161.36,302.55,0,1655.02,162.2,304.12,0,TREE,SIMPLE,40,TREE,SIMPLE,40,0,TREE,A_flag_ceiling
all_reduce_perf,2,16,536870912,134217728,float,sum,3105.04,172.9,324.19,0,3086.14,173.96,326.18,0,TREE,SIMPLE,40,TREE,SIMPLE,40,0,TREE,A_flag_ceiling
all_reduce_perf,2,16,4096,1024,float,sum,40.37,0.1,0.19,0,39.26,0.1,0.2,0,TREE,LL,40,TREE,LL,40,0,TREE,A_flag_ceiling
all_reduce_perf,2,16,8192,2048,float,sum,39.47,0.21,0.39,0,39.72,0.21,0.39,0,TREE,LL,40,TREE,LL,40,0,TREE,A_flag_ceiling
all_reduce_perf,2,16,16384,4096,float,sum,41.9,0.39,0.73,0,38.77,0.42,0.79,0,TREE,LL,40,TREE,LL,40,0,TREE,A_flag_ceiling
all_reduce_perf,2,16,32768,8192,float,sum,41.1,0.8,1.5,0,40.96,0.8,1.5,0,TREE,LL,40,TREE,LL,40,0,TREE,A_flag_ceiling
all_reduce_perf,2,16,65536,16384,float,sum,48.37,1.35,2.54,0,43.08,1.52,2.85,0,TREE,LL,40,TREE,LL,40,0,TREE,A_flag_ceiling
all_reduce_perf,2,16,131072,32768,float,sum,50.14,2.61,4.9,0,49.2,2.66,4.99,0,TREE,LL,40,TREE,LL,40,0,TREE,A_flag_ceiling
all_reduce_perf,2,16,262144,65536,float,sum,64.1,4.09,7.67,0,62.17,4.22,7.91,0,TREE,LL,40,TREE,LL,40,0,TREE,A_flag_ceiling
all_reduce_perf,2,16,524288,131072,float,sum,79.3,6.61,12.4,0,79.48,6.6,12.37,0,TREE,LL,40,TREE,LL,40,0,TREE,A_flag_ceiling
all_reduce_perf,2,16,1048576,262144,float,sum,98.97,10.59,19.87,0,95.48,10.98,20.59,0,TREE,LL,40,TREE,LL,40,0,TREE,A_flag_ceiling
all_reduce_perf,2,16,2097152,524288,float,sum,127.67,16.43,30.8,0,122.78,17.08,32.03,0,TREE,LL,40,TREE,LL,40,0,TREE,A_flag_ceiling
all_reduce_perf,2,16,4194304,1048576,float,sum,181.43,23.12,43.35,0,178.79,23.46,43.99,0,TREE,LL,40,TREE,LL,40,0,TREE,A_flag_ceiling
all_reduce_perf,2,16,8388608,2097152,float,sum,325.89,25.74,48.26,0,322.68,26.0,48.74,0,TREE,LL,40,TREE,LL,40,0,TREE,A_flag_ceiling
all_reduce_perf,2,16,16777216,4194304,float,sum,588.93,28.49,53.41,0,524.46,31.99,59.98,0,TREE,LL,40,TREE,LL,40,0,TREE,A_flag_ceiling
all_reduce_perf,2,16,33554432,8388608,float,sum,974.48,34.43,64.56,0,967.66,34.68,65.02,0,TREE,LL,40,TREE,LL,40,0,TREE,A_flag_ceiling
all_reduce_perf,2,16,67108864,16777216,float,sum,1781.65,37.67,70.63,0,1746.36,38.43,72.05,0,TREE,LL,40,TREE,LL,40,0,TREE,A_flag_ceiling
all_reduce_perf,2,16,134217728,33554432,float,sum,3408.68,39.38,73.83,0,3408.04,39.38,73.84,0,TREE,LL,40,TREE,LL,40,0,TREE,A_flag_ceiling
all_reduce_perf,2,16,268435456,67108864,float,sum,6714.9,39.98,74.96,0,6711.59,40.0,74.99,0,TREE,LL,40,TREE,LL,40,0,TREE,A_flag_ceiling
all_reduce_perf,2,16,536870912,134217728,float,sum,13347.3,40.22,75.42,0,13343.4,40.23,75.44,0,TREE,LL,40,TREE,LL,40,0,TREE,A_flag_ceiling
all_reduce_perf,2,16,4096,1024,float,sum,46.62,0.09,0.16,0,45.77,0.09,0.17,0,TREE,LL128,40,TREE,LL128,40,0,TREE,A_flag_ceiling
all_reduce_perf,2,16,8192,2048,float,sum,48.76,0.17,0.31,0,47.21,0.17,0.33,0,TREE,LL128,40,TREE,LL128,40,0,TREE,A_flag_ceiling
all_reduce_perf,2,16,16384,4096,float,sum,48.85,0.34,0.63,0,49.25,0.33,0.62,0,TREE,LL128,40,TREE,LL128,40,0,TREE,A_flag_ceiling
all_reduce_perf,2,16,32768,8192,float,sum,49.82,0.66,1.23,0,48.91,0.67,1.26,0,TREE,LL128,40,TREE,LL128,40,0,TREE,A_flag_ceiling
all_reduce_perf,2,16,65536,16384,float,sum,50.29,1.3,2.44,0,48.77,1.34,2.52,0,TREE,LL128,40,TREE,LL128,40,0,TREE,A_flag_ceiling
all_reduce_perf,2,16,131072,32768,float,sum,53.29,2.46,4.61,0,51.16,2.56,4.8,0,TREE,LL128,40,TREE,LL128,40,0,TREE,A_flag_ceiling
all_reduce_perf,2,16,262144,65536,float,sum,53.91,4.86,9.12,0,53.61,4.89,9.17,0,TREE,LL128,40,TREE,LL128,40,0,TREE,A_flag_ceiling
all_reduce_perf,2,16,524288,131072,float,sum,61.98,8.46,15.86,0,61.7,8.5,15.93,0,TREE,LL128,40,TREE,LL128,40,0,TREE,A_flag_ceiling
all_reduce_perf,2,16,1048576,262144,float,sum,65.77,15.94,29.9,0,66.0,15.89,29.79,0,TREE,LL128,40,TREE,LL128,40,0,TREE,A_flag_ceiling
all_reduce_perf,2,16,2097152,524288,float,sum,74.67,28.09,52.66,0,74.26,28.24,52.95,0,TREE,LL128,40,TREE,LL128,40,0,TREE,A_flag_ceiling
all_reduce_perf,2,16,4194304,1048576,float,sum,87.26,48.07,90.12,0,86.76,48.34,90.64,0,TREE,LL128,40,TREE,LL128,40,0,TREE,A_flag_ceiling
all_reduce_perf,2,16,8388608,2097152,float,sum,114.65,73.17,137.19,0,112.25,74.73,140.12,0,TREE,LL128,40,TREE,LL128,40,0,TREE,A_flag_ceiling
all_reduce_perf,2,16,16777216,4194304,float,sum,170.45,98.43,184.56,0,169.8,98.8,185.26,0,TREE,LL128,40,TREE,LL128,40,0,TREE,A_flag_ceiling
all_reduce_perf,2,16,33554432,8388608,float,sum,299.0,112.22,210.42,0,295.73,113.46,212.74,0,TREE,LL128,40,TREE,LL128,40,0,TREE,A_flag_ceiling
all_reduce_perf,2,16,67108864,16777216,float,sum,542.63,123.67,231.89,0,540.52,124.16,232.79,0,TREE,LL128,40,TREE,LL128,40,0,TREE,A_flag_ceiling
all_reduce_perf,2,16,134217728,33554432,float,sum,1015.49,132.17,247.82,0,1017.01,131.97,247.45,0,TREE,LL128,40,TREE,LL128,40,0,TREE,A_flag_ceiling
all_reduce_perf,2,16,268435456,67108864,float,sum,1939.2,138.43,259.55,0,1934.97,138.73,260.12,0,TREE,LL128,40,TREE,LL128,40,0,TREE,A_flag_ceiling
all_reduce_perf,2,16,536870912,134217728,float,sum,3750.12,143.16,268.43,0,4105.28,130.78,245.2,0,TREE,LL128,40,TREE,LL128,40,0,TREE,A_flag_ceiling
all_reduce_perf,2,16,4096,1024,float,sum,71.34,0.06,0.11,0,69.01,0.06,0.11,0,TREE,SIMPLE,48,TREE,SIMPLE,48,0,TREE,A_flag_ceiling
all_reduce_perf,2,16,8192,2048,float,sum,75.06,0.11,0.2,0,71.18,0.12,0.22,0,TREE,SIMPLE,48,TREE,SIMPLE,48,0,TREE,A_flag_ceiling
all_reduce_perf,2,16,16384,4096,float,sum,76.4,0.21,0.4,0,71.28,0.23,0.43,0,TREE,SIMPLE,48,TREE,SIMPLE,48,0,TREE,A_flag_ceiling
all_reduce_perf,2,16,32768,8192,float,sum,77.13,0.42,0.8,0,71.84,0.46,0.86,0,TREE,SIMPLE,48,TREE,SIMPLE,48,0,TREE,A_flag_ceiling
all_reduce_perf,2,16,65536,16384,float,sum,77.25,0.85,1.59,0,72.65,0.9,1.69,0,TREE,SIMPLE,48,TREE,SIMPLE,48,0,TREE,A_flag_ceiling
all_reduce_perf,2,16,131072,32768,float,sum,77.25,1.7,3.18,0,74.83,1.75,3.28,0,TREE,SIMPLE,48,TREE,SIMPLE,48,0,TREE,A_flag_ceiling
all_reduce_perf,2,16,262144,65536,float,sum,78.1,3.36,6.29,0,77.84,3.37,6.31,0,TREE,SIMPLE,48,TREE,SIMPLE,48,0,TREE,A_flag_ceiling
all_reduce_perf,2,16,524288,131072,float,sum,87.72,5.98,11.21,0,86.09,6.09,11.42,0,TREE,SIMPLE,48,TREE,SIMPLE,48,0,TREE,A_flag_ceiling
all_reduce_perf,2,16,1048576,262144,float,sum,103.83,10.1,18.94,0,98.14,10.68,20.03,0,TREE,SIMPLE,48,TREE,SIMPLE,48,0,TREE,A_flag_ceiling
all_reduce_perf,2,16,2097152,524288,float,sum,121.89,17.21,32.26,0,116.16,18.05,33.85,0,TREE,SIMPLE,48,TREE,SIMPLE,48,0,TREE,A_flag_ceiling
all_reduce_perf,2,16,4194304,1048576,float,sum,138.65,30.25,56.72,0,130.06,32.25,60.47,0,TREE,SIMPLE,48,TREE,SIMPLE,48,0,TREE,A_flag_ceiling
all_reduce_perf,2,16,8388608,2097152,float,sum,166.02,50.53,94.74,0,162.2,51.72,96.97,0,TREE,SIMPLE,48,TREE,SIMPLE,48,0,TREE,A_flag_ceiling
all_reduce_perf,2,16,16777216,4194304,float,sum,227.83,73.64,138.08,0,223.36,75.11,140.84,0,TREE,SIMPLE,48,TREE,SIMPLE,48,0,TREE,A_flag_ceiling
all_reduce_perf,2,16,33554432,8388608,float,sum,327.36,102.5,192.19,0,325.57,103.06,193.24,0,TREE,SIMPLE,48,TREE,SIMPLE,48,0,TREE,A_flag_ceiling
all_reduce_perf,2,16,67108864,16777216,float,sum,516.03,130.05,243.84,0,514.37,130.47,244.63,0,TREE,SIMPLE,48,TREE,SIMPLE,48,0,TREE,A_flag_ceiling
all_reduce_perf,2,16,134217728,33554432,float,sum,883.29,151.95,284.91,0,887.45,151.24,283.58,0,TREE,SIMPLE,48,TREE,SIMPLE,48,0,TREE,A_flag_ceiling
all_reduce_perf,2,16,268435456,67108864,float,sum,1622.44,165.45,310.22,0,1617.61,165.95,311.15,0,TREE,SIMPLE,48,TREE,SIMPLE,48,0,TREE,A_flag_ceiling
all_reduce_perf,2,16,536870912,134217728,float,sum,3031.94,177.07,332.01,0,3025.09,177.47,332.76,0,TREE,SIMPLE,48,TREE,SIMPLE,48,0,TREE,A_flag_ceiling
all_reduce_perf,2,16,4096,1024,float,sum,39.62,0.1,0.19,0,38.56,0.11,0.2,0,TREE,LL,48,TREE,LL,48,0,TREE,A_flag_ceiling
all_reduce_perf,2,16,8192,2048,float,sum,42.43,0.19,0.36,0,39.33,0.21,0.39,0,TREE,LL,48,TREE,LL,48,0,TREE,A_flag_ceiling
all_reduce_perf,2,16,16384,4096,float,sum,41.31,0.4,0.74,0,39.52,0.41,0.78,0,TREE,LL,48,TREE,LL,48,0,TREE,A_flag_ceiling
all_reduce_perf,2,16,32768,8192,float,sum,45.79,0.72,1.34,0,41.17,0.8,1.49,0,TREE,LL,48,TREE,LL,48,0,TREE,A_flag_ceiling
all_reduce_perf,2,16,65536,16384,float,sum,45.64,1.44,2.69,0,43.19,1.52,2.84,0,TREE,LL,48,TREE,LL,48,0,TREE,A_flag_ceiling
all_reduce_perf,2,16,131072,32768,float,sum,50.45,2.6,4.87,0,49.99,2.62,4.92,0,TREE,LL,48,TREE,LL,48,0,TREE,A_flag_ceiling
all_reduce_perf,2,16,262144,65536,float,sum,59.7,4.39,8.23,0,57.43,4.56,8.56,0,TREE,LL,48,TREE,LL,48,0,TREE,A_flag_ceiling
all_reduce_perf,2,16,524288,131072,float,sum,73.21,7.16,13.43,0,72.88,7.19,13.49,0,TREE,LL,48,TREE,LL,48,0,TREE,A_flag_ceiling
all_reduce_perf,2,16,1048576,262144,float,sum,90.38,11.6,21.75,0,93.06,11.27,21.13,0,TREE,LL,48,TREE,LL,48,0,TREE,A_flag_ceiling
all_reduce_perf,2,16,2097152,524288,float,sum,113.69,18.45,34.59,0,113.35,18.5,34.69,0,TREE,LL,48,TREE,LL,48,0,TREE,A_flag_ceiling
all_reduce_perf,2,16,4194304,1048576,float,sum,152.85,27.44,51.45,0,152.33,27.53,51.63,0,TREE,LL,48,TREE,LL,48,0,TREE,A_flag_ceiling
all_reduce_perf,2,16,8388608,2097152,float,sum,265.81,31.56,59.17,0,265.61,31.58,59.22,0,TREE,LL,48,TREE,LL,48,0,TREE,A_flag_ceiling
all_reduce_perf,2,16,16777216,4194304,float,sum,463.55,36.19,67.86,0,461.92,36.32,68.1,0,TREE,LL,48,TREE,LL,48,0,TREE,A_flag_ceiling
all_reduce_perf,2,16,33554432,8388608,float,sum,875.77,38.31,71.84,0,870.57,38.54,72.27,0,TREE,LL,48,TREE,LL,48,0,TREE,A_flag_ceiling
all_reduce_perf,2,16,67108864,16777216,float,sum,1679.84,39.95,74.91,0,1681.8,39.9,74.82,0,TREE,LL,48,TREE,LL,48,0,TREE,A_flag_ceiling
all_reduce_perf,2,16,134217728,33554432,float,sum,3317.89,40.45,75.85,0,3317.87,40.45,75.85,0,TREE,LL,48,TREE,LL,48,0,TREE,A_flag_ceiling
all_reduce_perf,2,16,268435456,67108864,float,sum,6574.8,40.83,76.55,0,6570.2,40.86,76.61,0,TREE,LL,48,TREE,LL,48,0,TREE,A_flag_ceiling
all_reduce_perf,2,16,536870912,134217728,float,sum,13092.8,41.0,76.88,0,13096.9,40.99,76.86,0,TREE,LL,48,TREE,LL,48,0,TREE,A_flag_ceiling
all_reduce_perf,2,16,4096,1024,float,sum,46.64,0.09,0.16,0,45.79,0.09,0.17,0,TREE,LL128,48,TREE,LL128,48,0,TREE,A_flag_ceiling
all_reduce_perf,2,16,8192,2048,float,sum,49.71,0.16,0.31,0,47.95,0.17,0.32,0,TREE,LL128,48,TREE,LL128,48,0,TREE,A_flag_ceiling
all_reduce_perf,2,16,16384,4096,float,sum,57.23,0.29,0.54,0,47.5,0.34,0.65,0,TREE,LL128,48,TREE,LL128,48,0,TREE,A_flag_ceiling
all_reduce_perf,2,16,32768,8192,float,sum,48.7,0.67,1.26,0,48.55,0.67,1.27,0,TREE,LL128,48,TREE,LL128,48,0,TREE,A_flag_ceiling
all_reduce_perf,2,16,65536,16384,float,sum,52.7,1.24,2.33,0,49.09,1.33,2.5,0,TREE,LL128,48,TREE,LL128,48,0,TREE,A_flag_ceiling
all_reduce_perf,2,16,131072,32768,float,sum,52.91,2.48,4.65,0,51.2,2.56,4.8,0,TREE,LL128,48,TREE,LL128,48,0,TREE,A_flag_ceiling
all_reduce_perf,2,16,262144,65536,float,sum,54.59,4.8,9.0,0,53.52,4.9,9.18,0,TREE,LL128,48,TREE,LL128,48,0,TREE,A_flag_ceiling
all_reduce_perf,2,16,524288,131072,float,sum,60.37,8.68,16.28,0,58.19,9.01,16.89,0,TREE,LL128,48,TREE,LL128,48,0,TREE,A_flag_ceiling
all_reduce_perf,2,16,1048576,262144,float,sum,64.2,16.33,30.62,0,64.86,16.17,30.31,0,TREE,LL128,48,TREE,LL128,48,0,TREE,A_flag_ceiling
all_reduce_perf,2,16,2097152,524288,float,sum,71.34,29.4,55.12,0,71.72,29.24,54.82,0,TREE,LL128,48,TREE,LL128,48,0,TREE,A_flag_ceiling
all_reduce_perf,2,16,4194304,1048576,float,sum,88.76,47.26,88.61,0,85.76,48.91,91.7,0,TREE,LL128,48,TREE,LL128,48,0,TREE,A_flag_ceiling
all_reduce_perf,2,16,8388608,2097152,float,sum,110.7,75.78,142.09,0,108.64,77.21,144.77,0,TREE,LL128,48,TREE,LL128,48,0,TREE,A_flag_ceiling
all_reduce_perf,2,16,16777216,4194304,float,sum,162.13,103.48,194.03,0,162.22,103.42,193.92,0,TREE,LL128,48,TREE,LL128,48,0,TREE,A_flag_ceiling
all_reduce_perf,2,16,33554432,8388608,float,sum,283.98,118.16,221.55,0,279.3,120.14,225.26,0,TREE,LL128,48,TREE,LL128,48,0,TREE,A_flag_ceiling
all_reduce_perf,2,16,67108864,16777216,float,sum,505.03,132.88,249.15,0,506.22,132.57,248.57,0,TREE,LL128,48,TREE,LL128,48,0,TREE,A_flag_ceiling
all_reduce_perf,2,16,134217728,33554432,float,sum,959.39,139.9,262.31,0,961.15,139.64,261.83,0,TREE,LL128,48,TREE,LL128,48,0,TREE,A_flag_ceiling
all_reduce_perf,2,16,268435456,67108864,float,sum,1811.33,148.2,277.87,0,1811.95,148.15,277.78,0,TREE,LL128,48,TREE,LL128,48,0,TREE,A_flag_ceiling
all_reduce_perf,2,16,536870912,134217728,float,sum,3521.42,152.46,285.86,0,3525.55,152.28,285.53,0,TREE,LL128,48,TREE,LL128,48,0,TREE,A_flag_ceiling
all_reduce_perf,2,16,4096,1024,float,sum,40.12,0.1,0.19,0,38.37,0.11,0.2,0,TREE,LL,2,,,,0,TREE,A_flag_ceiling
all_reduce_perf,2,16,8192,2048,float,sum,40.05,0.2,0.38,0,39.06,0.21,0.39,0,TREE,LL,4,,,,0,TREE,A_flag_ceiling
all_reduce_perf,2,16,16384,4096,float,sum,41.16,0.4,0.75,0,39.41,0.42,0.78,0,TREE,LL,8,,,,0,TREE,A_flag_ceiling
all_reduce_perf,2,16,32768,8192,float,sum,43.5,0.75,1.41,0,40.78,0.8,1.51,0,TREE,LL,16,,,,0,TREE,A_flag_ceiling
all_reduce_perf,2,16,65536,16384,float,sum,45.41,1.44,2.71,0,43.74,1.5,2.81,0,TREE,LL,32,,,,0,TREE,A_flag_ceiling
all_reduce_perf,2,16,131072,32768,float,sum,50.66,2.59,4.85,0,49.43,2.65,4.97,0,TREE,LL,48,,,,0,TREE,A_flag_ceiling
all_reduce_perf,2,16,262144,65536,float,sum,57.58,4.55,8.54,0,58.8,4.46,8.36,0,TREE,LL,48,,,,0,TREE,A_flag_ceiling
all_reduce_perf,2,16,524288,131072,float,sum,61.34,8.55,16.03,0,58.01,9.04,16.95,0,TREE,LL128,48,,,,0,TREE,A_flag_ceiling
all_reduce_perf,2,16,1048576,262144,float,sum,127.0,8.26,15.48,0,65.44,16.02,30.04,0,TREE,LL128,48,,,,0,TREE,A_flag_ceiling
all_reduce_perf,2,16,2097152,524288,float,sum,74.86,28.01,52.53,0,73.51,28.53,53.49,0,TREE,LL128,48,,,,0,TREE,A_flag_ceiling
all_reduce_perf,2,16,4194304,1048576,float,sum,90.27,46.46,87.12,0,85.15,49.26,92.36,0,TREE,LL128,48,,,,0,TREE,A_flag_ceiling
all_reduce_perf,2,16,8388608,2097152,float,sum,111.14,75.48,141.52,0,108.53,77.29,144.93,0,TREE,LL128,48,,,,0,TREE,A_flag_ceiling
all_reduce_perf,2,16,16777216,4194304,float,sum,162.25,103.4,193.88,0,160.89,104.28,195.52,0,TREE,LL128,48,,,,0,TREE,A_flag_ceiling
all_reduce_perf,2,16,33554432,8388608,float,sum,279.04,120.25,225.46,0,279.3,120.14,225.25,0,TREE,LL128,48,,,,0,TREE,A_flag_ceiling
all_reduce_perf,2,16,67108864,16777216,float,sum,432.61,155.12,290.86,0,430.61,155.85,292.21,0,RING,LL128,48,,,,0,RING,A_flag_ceiling
all_reduce_perf,2,16,134217728,33554432,float,sum,789.02,170.11,318.95,0,785.5,170.87,320.38,0,RING,SIMPLE,48,,,,0,RING,A_flag_ceiling
all_reduce_perf,2,16,268435456,67108864,float,sum,1360.99,197.24,369.82,0,1362.33,197.04,369.45,0,RING,SIMPLE,48,,,,0,RING,A_flag_ceiling
all_reduce_perf,2,16,536870912,134217728,float,sum,2685.87,199.89,374.79,0,2684.09,200.02,375.04,0,RING,SIMPLE,48,,,,0,RING,A_flag_ceiling
all_reduce_perf,2,16,4096,1024,float,sum,272.39,0.02,0.03,0,269.39,0.02,0.03,0,RING,SIMPLE,1,RING,SIMPLE,1,0,RING,A_flag_ceiling
all_reduce_perf,2,16,8192,2048,float,sum,270.77,0.03,0.06,0,272.95,0.03,0.06,0,RING,SIMPLE,1,RING,SIMPLE,1,0,RING,A_flag_ceiling
all_reduce_perf,2,16,16384,4096,float,sum,276.79,0.06,0.11,0,270.13,0.06,0.11,0,RING,SIMPLE,1,RING,SIMPLE,1,0,RING,A_flag_ceiling
all_reduce_perf,2,16,32768,8192,float,sum,275.49,0.12,0.22,0,269.66,0.12,0.23,0,RING,SIMPLE,1,RING,SIMPLE,1,0,RING,A_flag_ceiling
all_reduce_perf,2,16,65536,16384,float,sum,276.97,0.24,0.44,0,276.21,0.24,0.44,0,RING,SIMPLE,1,RING,SIMPLE,1,0,RING,A_flag_ceiling
all_reduce_perf,2,16,131072,32768,float,sum,285.48,0.46,0.86,0,280.39,0.47,0.88,0,RING,SIMPLE,1,RING,SIMPLE,1,0,RING,A_flag_ceiling
all_reduce_perf,2,16,262144,65536,float,sum,292.57,0.9,1.68,0,289.26,0.91,1.7,0,RING,SIMPLE,1,RING,SIMPLE,1,0,RING,A_flag_ceiling
all_reduce_perf,2,16,524288,131072,float,sum,308.38,1.7,3.19,0,305.9,1.71,3.21,0,RING,SIMPLE,1,RING,SIMPLE,1,0,RING,A_flag_ceiling
all_reduce_perf,2,16,1048576,262144,float,sum,353.3,2.97,5.56,0,345.76,3.03,5.69,0,RING,SIMPLE,1,RING,SIMPLE,1,0,RING,A_flag_ceiling
all_reduce_perf,2,16,2097152,524288,float,sum,452.94,4.63,8.68,0,444.7,4.72,8.84,0,RING,SIMPLE,1,RING,SIMPLE,1,0,RING,A_flag_ceiling
all_reduce_perf,2,16,4194304,1048576,float,sum,671.97,6.24,11.7,0,658.7,6.37,11.94,0,RING,SIMPLE,1,RING,SIMPLE,1,0,RING,A_flag_ceiling
all_reduce_perf,2,16,8388608,2097152,float,sum,1114.27,7.53,14.12,0,1095.09,7.66,14.36,0,RING,SIMPLE,1,RING,SIMPLE,1,0,RING,A_flag_ceiling
all_reduce_perf,2,16,16777216,4194304,float,sum,1985.61,8.45,15.84,0,1972.92,8.5,15.94,0,RING,SIMPLE,1,RING,SIMPLE,1,0,RING,A_flag_ceiling
all_reduce_perf,2,16,33554432,8388608,float,sum,3613.22,9.29,17.41,0,3582.9,9.37,17.56,0,RING,SIMPLE,1,RING,SIMPLE,1,0,RING,A_flag_ceiling
all_reduce_perf,2,16,67108864,16777216,float,sum,7167.92,9.36,17.55,0,7122.48,9.42,17.67,0,RING,SIMPLE,1,RING,SIMPLE,1,0,RING,A_flag_ceiling
all_reduce_perf,2,16,134217728,33554432,float,sum,14266.2,9.41,17.64,0,14198.0,9.45,17.72,0,RING,SIMPLE,1,RING,SIMPLE,1,0,RING,A_flag_ceiling
all_reduce_perf,2,16,268435456,67108864,float,sum,28483.8,9.42,17.67,0,28340.8,9.47,17.76,0,RING,SIMPLE,1,RING,SIMPLE,1,0,RING,A_flag_ceiling
all_reduce_perf,2,16,536870912,134217728,float,sum,56930.5,9.43,17.68,0,56685.0,9.47,17.76,0,RING,SIMPLE,1,RING,SIMPLE,1,0,RING,A_flag_ceiling
all_reduce_perf,2,16,4096,1024,float,sum,75.24,0.05,0.1,0,74.53,0.05,0.1,0,RING,LL,1,RING,LL,1,0,RING,A_flag_ceiling
all_reduce_perf,2,16,8192,2048,float,sum,74.98,0.11,0.2,0,73.07,0.11,0.21,0,RING,LL,1,RING,LL,1,0,RING,A_flag_ceiling
all_reduce_perf,2,16,16384,4096,float,sum,74.53,0.22,0.41,0,73.56,0.22,0.42,0,RING,LL,1,RING,LL,1,0,RING,A_flag_ceiling
all_reduce_perf,2,16,32768,8192,float,sum,76.08,0.43,0.81,0,75.62,0.43,0.81,0,RING,LL,1,RING,LL,1,0,RING,A_flag_ceiling
all_reduce_perf,2,16,65536,16384,float,sum,92.16,0.71,1.33,0,87.93,0.75,1.4,0,RING,LL,1,RING,LL,1,0,RING,A_flag_ceiling
all_reduce_perf,2,16,131072,32768,float,sum,132.58,0.99,1.85,0,126.36,1.04,1.94,0,RING,LL,1,RING,LL,1,0,RING,A_flag_ceiling
all_reduce_perf,2,16,262144,65536,float,sum,213.96,1.23,2.3,0,207.79,1.26,2.37,0,RING,LL,1,RING,LL,1,0,RING,A_flag_ceiling
all_reduce_perf,2,16,524288,131072,float,sum,411.02,1.28,2.39,0,408.16,1.28,2.41,0,RING,LL,1,RING,LL,1,0,RING,A_flag_ceiling
all_reduce_perf,2,16,1048576,262144,float,sum,815.55,1.29,2.41,0,809.47,1.3,2.43,0,RING,LL,1,RING,LL,1,0,RING,A_flag_ceiling
all_reduce_perf,2,16,2097152,524288,float,sum,1628.19,1.29,2.42,0,1609.73,1.3,2.44,0,RING,LL,1,RING,LL,1,0,RING,A_flag_ceiling
all_reduce_perf,2,16,4194304,1048576,float,sum,3254.55,1.29,2.42,0,3218.77,1.3,2.44,0,RING,LL,1,RING,LL,1,0,RING,A_flag_ceiling
all_reduce_perf,2,16,8388608,2097152,float,sum,6506.53,1.29,2.42,0,6424.31,1.31,2.45,0,RING,LL,1,RING,LL,1,0,RING,A_flag_ceiling
all_reduce_perf,2,16,16777216,4194304,float,sum,13024.1,1.29,2.42,0,12923.7,1.3,2.43,0,RING,LL,1,RING,LL,1,0,RING,A_flag_ceiling
all_reduce_perf,2,16,33554432,8388608,float,sum,26026.5,1.29,2.42,0,25997.4,1.29,2.42,0,RING,LL,1,RING,LL,1,0,RING,A_flag_ceiling
all_reduce_perf,2,16,67108864,16777216,float,sum,52084.0,1.29,2.42,0,52014.0,1.29,2.42,0,RING,LL,1,RING,LL,1,0,RING,A_flag_ceiling
all_reduce_perf,2,16,134217728,33554432,float,sum,104186.0,1.29,2.42,0,104183.0,1.29,2.42,0,RING,LL,1,RING,LL,1,0,RING,A_flag_ceiling
all_reduce_perf,2,16,268435456,67108864,float,sum,208202.0,1.29,2.42,0,208303.0,1.29,2.42,0,RING,LL,1,RING,LL,1,0,RING,A_flag_ceiling
all_reduce_perf,2,16,536870912,134217728,float,sum,416612.0,1.29,2.42,0,416295.0,1.29,2.42,0,RING,LL,1,RING,LL,1,0,RING,A_flag_ceiling
all_reduce_perf,2,16,4096,1024,float,sum,89.44,0.05,0.09,0,88.0,0.05,0.09,0,RING,LL128,1,RING,LL128,1,0,RING,A_flag_ceiling
all_reduce_perf,2,16,8192,2048,float,sum,90.27,0.09,0.17,0,87.91,0.09,0.17,0,RING,LL128,1,RING,LL128,1,0,RING,A_flag_ceiling
all_reduce_perf,2,16,16384,4096,float,sum,90.92,0.18,0.34,0,87.0,0.19,0.35,0,RING,LL128,1,RING,LL128,1,0,RING,A_flag_ceiling
all_reduce_perf,2,16,32768,8192,float,sum,91.66,0.36,0.67,0,87.33,0.38,0.7,0,RING,LL128,1,RING,LL128,1,0,RING,A_flag_ceiling
all_reduce_perf,2,16,65536,16384,float,sum,94.97,0.69,1.29,0,90.88,0.72,1.35,0,RING,LL128,1,RING,LL128,1,0,RING,A_flag_ceiling
all_reduce_perf,2,16,131072,32768,float,sum,95.41,1.37,2.58,0,93.57,1.4,2.63,0,RING,LL128,1,RING,LL128,1,0,RING,A_flag_ceiling
all_reduce_perf,2,16,262144,65536,float,sum,100.98,2.6,4.87,0,101.91,2.57,4.82,0,RING,LL128,1,RING,LL128,1,0,RING,A_flag_ceiling
all_reduce_perf,2,16,524288,131072,float,sum,137.93,3.8,7.13,0,203.74,2.57,4.83,0,RING,LL128,1,RING,LL128,1,0,RING,A_flag_ceiling
all_reduce_perf,2,16,1048576,262144,float,sum,212.32,4.94,9.26,0,198.66,5.28,9.9,0,RING,LL128,1,RING,LL128,1,0,RING,A_flag_ceiling
all_reduce_perf,2,16,2097152,524288,float,sum,398.45,5.26,9.87,0,382.21,5.49,10.29,0,RING,LL128,1,RING,LL128,1,0,RING,A_flag_ceiling
all_reduce_perf,2,16,4194304,1048576,float,sum,734.39,5.71,10.71,0,710.64,5.9,11.07,0,RING,LL128,1,RING,LL128,1,0,RING,A_flag_ceiling
all_reduce_perf,2,16,8388608,2097152,float,sum,1416.11,5.92,11.11,0,1382.89,6.07,11.37,0,RING,LL128,1,RING,LL128,1,0,RING,A_flag_ceiling
all_reduce_perf,2,16,16777216,4194304,float,sum,2727.54,6.15,11.53,0,2726.14,6.15,11.54,0,RING,LL128,1,RING,LL128,1,0,RING,A_flag_ceiling
all_reduce_perf,2,16,33554432,8388608,float,sum,5382.29,6.23,11.69,0,5463.79,6.14,11.51,0,RING,LL128,1,RING,LL128,1,0,RING,A_flag_ceiling
all_reduce_perf,2,16,67108864,16777216,float,sum,11899.8,5.64,10.57,0,10845.7,6.19,11.6,0,RING,LL128,1,RING,LL128,1,0,RING,A_flag_ceiling
all_reduce_perf,2,16,134217728,33554432,float,sum,21350.4,6.29,11.79,0,21689.8,6.19,11.6,0,RING,LL128,1,RING,LL128,1,0,RING,A_flag_ceiling
all_reduce_perf,2,16,268435456,67108864,float,sum,42723.7,6.28,11.78,0,43412.0,6.18,11.59,0,RING,LL128,1,RING,LL128,1,0,RING,A_flag_ceiling
all_reduce_perf,2,16,536870912,134217728,float,sum,85258.3,6.3,11.81,0,86641.3,6.2,11.62,0,RING,LL128,1,RING,LL128,1,0,RING,A_flag_ceiling
all_reduce_perf,2,16,4096,1024,float,sum,272.25,0.02,0.03,0,270.15,0.02,0.03,0,RING,SIMPLE,2,RING,SIMPLE,2,0,RING,A_flag_ceiling
all_reduce_perf,2,16,8192,2048,float,sum,278.6,0.03,0.06,0,269.34,0.03,0.06,0,RING,SIMPLE,2,RING,SIMPLE,2,0,RING,A_flag_ceiling
all_reduce_perf,2,16,16384,4096,float,sum,273.03,0.06,0.11,0,271.27,0.06,0.11,0,RING,SIMPLE,2,RING,SIMPLE,2,0,RING,A_flag_ceiling
all_reduce_perf,2,16,32768,8192,float,sum,273.86,0.12,0.22,0,272.21,0.12,0.23,0,RING,SIMPLE,2,RING,SIMPLE,2,0,RING,A_flag_ceiling
all_reduce_perf,2,16,65536,16384,float,sum,276.14,0.24,0.44,0,276.29,0.24,0.44,0,RING,SIMPLE,2,RING,SIMPLE,2,0,RING,A_flag_ceiling
all_reduce_perf,2,16,131072,32768,float,sum,281.82,0.47,0.87,0,281.05,0.47,0.87,0,RING,SIMPLE,2,RING,SIMPLE,2,0,RING,A_flag_ceiling
all_reduce_perf,2,16,262144,65536,float,sum,283.77,0.92,1.73,0,281.77,0.93,1.74,0,RING,SIMPLE,2,RING,SIMPLE,2,0,RING,A_flag_ceiling
all_reduce_perf,2,16,524288,131072,float,sum,291.5,1.8,3.37,0,288.41,1.82,3.41,0,RING,SIMPLE,2,RING,SIMPLE,2,0,RING,A_flag_ceiling
all_reduce_perf,2,16,1048576,262144,float,sum,312.17,3.36,6.3,0,312.45,3.36,6.29,0,RING,SIMPLE,2,RING,SIMPLE,2,0,RING,A_flag_ceiling
all_reduce_perf,2,16,2097152,524288,float,sum,351.96,5.96,11.17,0,345.2,6.08,11.39,0,RING,SIMPLE,2,RING,SIMPLE,2,0,RING,A_flag_ceiling
all_reduce_perf,2,16,4194304,1048576,float,sum,451.96,9.28,17.4,0,443.3,9.46,17.74,0,RING,SIMPLE,2,RING,SIMPLE,2,0,RING,A_flag_ceiling
all_reduce_perf,2,16,8388608,2097152,float,sum,668.52,12.55,23.53,0,657.83,12.75,23.91,0,RING,SIMPLE,2,RING,SIMPLE,2,0,RING,A_flag_ceiling
all_reduce_perf,2,16,16777216,4194304,float,sum,1113.34,15.07,28.25,0,1109.05,15.13,28.36,0,RING,SIMPLE,2,RING,SIMPLE,2,0,RING,A_flag_ceiling
all_reduce_perf,2,16,33554432,8388608,float,sum,2097.26,16.0,30.0,0,2095.07,16.02,30.03,0,RING,SIMPLE,2,RING,SIMPLE,2,0,RING,A_flag_ceiling
all_reduce_perf,2,16,67108864,16777216,float,sum,3980.19,16.86,31.61,0,3982.86,16.85,31.59,0,RING,SIMPLE,2,RING,SIMPLE,2,0,RING,A_flag_ceiling
all_reduce_perf,2,16,134217728,33554432,float,sum,7923.02,16.94,31.76,0,7927.76,16.93,31.74,0,RING,SIMPLE,2,RING,SIMPLE,2,0,RING,A_flag_ceiling
all_reduce_perf,2,16,268435456,67108864,float,sum,15827.3,16.96,31.8,0,15834.5,16.95,31.79,0,RING,SIMPLE,2,RING,SIMPLE,2,0,RING,A_flag_ceiling
all_reduce_perf,2,16,536870912,134217728,float,sum,31633.8,16.97,31.82,0,31676.7,16.95,31.78,0,RING,SIMPLE,2,RING,SIMPLE,2,0,RING,A_flag_ceiling
all_reduce_perf,2,16,4096,1024,float,sum,75.77,0.05,0.1,0,72.18,0.06,0.11,0,RING,LL,2,RING,LL,2,0,RING,A_flag_ceiling
all_reduce_perf,2,16,8192,2048,float,sum,73.76,0.11,0.21,0,75.4,0.11,0.2,0,RING,LL,2,RING,LL,2,0,RING,A_flag_ceiling
all_reduce_perf,2,16,16384,4096,float,sum,75.91,0.22,0.4,0,73.19,0.22,0.42,0,RING,LL,2,RING,LL,2,0,RING,A_flag_ceiling
all_reduce_perf,2,16,32768,8192,float,sum,74.79,0.44,0.82,0,74.39,0.44,0.83,0,RING,LL,2,RING,LL,2,0,RING,A_flag_ceiling
all_reduce_perf,2,16,65536,16384,float,sum,79.28,0.83,1.55,0,75.42,0.87,1.63,0,RING,LL,2,RING,LL,2,0,RING,A_flag_ceiling
all_reduce_perf,2,16,131072,32768,float,sum,92.3,1.42,2.66,0,88.95,1.47,2.76,0,RING,LL,2,RING,LL,2,0,RING,A_flag_ceiling
all_reduce_perf,2,16,262144,65536,float,sum,133.93,1.96,3.67,0,127.52,2.06,3.85,0,RING,LL,2,RING,LL,2,0,RING,A_flag_ceiling
all_reduce_perf,2,16,524288,131072,float,sum,216.26,2.42,4.55,0,207.68,2.52,4.73,0,RING,LL,2,RING,LL,2,0,RING,A_flag_ceiling
all_reduce_perf,2,16,1048576,262144,float,sum,413.71,2.53,4.75,0,407.09,2.58,4.83,0,RING,LL,2,RING,LL,2,0,RING,A_flag_ceiling
all_reduce_perf,2,16,2097152,524288,float,sum,821.29,2.55,4.79,0,809.74,2.59,4.86,0,RING,LL,2,RING,LL,2,0,RING,A_flag_ceiling
all_reduce_perf,2,16,4194304,1048576,float,sum,1644.44,2.55,4.78,0,1611.84,2.6,4.88,0,RING,LL,2,RING,LL,2,0,RING,A_flag_ceiling
all_reduce_perf,2,16,8388608,2097152,float,sum,3267.7,2.57,4.81,0,3224.06,2.6,4.88,0,RING,LL,2,RING,LL,2,0,RING,A_flag_ceiling
all_reduce_perf,2,16,16777216,4194304,float,sum,6530.82,2.57,4.82,0,6493.02,2.58,4.84,0,RING,LL,2,RING,LL,2,0,RING,A_flag_ceiling
all_reduce_perf,2,16,33554432,8388608,float,sum,13071.9,2.57,4.81,0,13029.7,2.58,4.83,0,RING,LL,2,RING,LL,2,0,RING,A_flag_ceiling
all_reduce_perf,2,16,67108864,16777216,float,sum,26102.8,2.57,4.82,0,26147.5,2.57,4.81,0,RING,LL,2,RING,LL,2,0,RING,A_flag_ceiling
all_reduce_perf,2,16,134217728,33554432,float,sum,52253.8,2.57,4.82,0,52250.3,2.57,4.82,0,RING,LL,2,RING,LL,2,0,RING,A_flag_ceiling
all_reduce_perf,2,16,268435456,67108864,float,sum,104507.0,2.57,4.82,0,104461.0,2.57,4.82,0,RING,LL,2,RING,LL,2,0,RING,A_flag_ceiling
all_reduce_perf,2,16,536870912,134217728,float,sum,208914.0,2.57,4.82,0,209203.0,2.57,4.81,0,RING,LL,2,RING,LL,2,0,RING,A_flag_ceiling
all_reduce_perf,2,16,4096,1024,float,sum,91.44,0.04,0.08,0,90.51,0.05,0.08,0,RING,LL128,2,RING,LL128,2,0,RING,A_flag_ceiling
all_reduce_perf,2,16,8192,2048,float,sum,93.31,0.09,0.16,0,94.12,0.09,0.16,0,RING,LL128,2,RING,LL128,2,0,RING,A_flag_ceiling
all_reduce_perf,2,16,16384,4096,float,sum,92.17,0.18,0.33,0,90.71,0.18,0.34,0,RING,LL128,2,RING,LL128,2,0,RING,A_flag_ceiling
all_reduce_perf,2,16,32768,8192,float,sum,94.71,0.35,0.65,0,90.89,0.36,0.68,0,RING,LL128,2,RING,LL128,2,0,RING,A_flag_ceiling
all_reduce_perf,2,16,65536,16384,float,sum,94.59,0.69,1.3,0,91.21,0.72,1.35,0,RING,LL128,2,RING,LL128,2,0,RING,A_flag_ceiling
all_reduce_perf,2,16,131072,32768,float,sum,97.84,1.34,2.51,0,93.42,1.4,2.63,0,RING,LL128,2,RING,LL128,2,0,RING,A_flag_ceiling
all_reduce_perf,2,16,262144,65536,float,sum,99.02,2.65,4.96,0,95.29,2.75,5.16,0,RING,LL128,2,RING,LL128,2,0,RING,A_flag_ceiling
all_reduce_perf,2,16,524288,131072,float,sum,106.52,4.92,9.23,0,101.41,5.17,9.69,0,RING,LL128,2,RING,LL128,2,0,RING,A_flag_ceiling
all_reduce_perf,2,16,1048576,262144,float,sum,142.71,7.35,13.78,0,130.45,8.04,15.07,0,RING,LL128,2,RING,LL128,2,0,RING,A_flag_ceiling
all_reduce_perf,2,16,2097152,524288,float,sum,214.77,9.76,18.31,0,205.42,10.21,19.14,0,RING,LL128,2,RING,LL128,2,0,RING,A_flag_ceiling
all_reduce_perf,2,16,4194304,1048576,float,sum,417.01,10.06,18.86,0,397.4,10.55,19.79,0,RING,LL128,2,RING,LL128,2,0,RING,A_flag_ceiling
all_reduce_perf,2,16,8388608,2097152,float,sum,780.93,10.74,20.14,0,744.45,11.27,21.13,0,RING,LL128,2,RING,LL128,2,0,RING,A_flag_ceiling
all_reduce_perf,2,16,16777216,4194304,float,sum,1536.94,10.92,20.47,0,1490.86,11.25,21.1,0,RING,LL128,2,RING,LL128,2,0,RING,A_flag_ceiling
all_reduce_perf,2,16,33554432,8388608,float,sum,3034.46,11.06,20.73,0,2968.55,11.3,21.19,0,RING,LL128,2,RING,LL128,2,0,RING,A_flag_ceiling
all_reduce_perf,2,16,67108864,16777216,float,sum,6033.83,11.12,20.85,0,5958.7,11.26,21.12,0,RING,LL128,2,RING,LL128,2,0,RING,A_flag_ceiling
all_reduce_perf,2,16,134217728,33554432,float,sum,12055.7,11.13,20.87,0,11893.6,11.28,21.16,0,RING,LL128,2,RING,LL128,2,0,RING,A_flag_ceiling
all_reduce_perf,2,16,268435456,67108864,float,sum,24136.4,11.12,20.85,0,23765.4,11.3,21.18,0,RING,LL128,2,RING,LL128,2,0,RING,A_flag_ceiling
all_reduce_perf,2,16,536870912,134217728,float,sum,48216.7,11.13,20.88,0,47646.9,11.27,21.13,0,RING,LL128,2,RING,LL128,2,0,RING,A_flag_ceiling
all_reduce_perf,2,16,4096,1024,float,sum,270.36,0.02,0.03,0,273.92,0.01,0.03,0,RING,SIMPLE,4,RING,SIMPLE,4,0,RING,A_flag_ceiling
all_reduce_perf,2,16,8192,2048,float,sum,272.74,0.03,0.06,0,272.77,0.03,0.06,0,RING,SIMPLE,4,RING,SIMPLE,4,0,RING,A_flag_ceiling
all_reduce_perf,2,16,16384,4096,float,sum,273.69,0.06,0.11,0,271.67,0.06,0.11,0,RING,SIMPLE,4,RING,SIMPLE,4,0,RING,A_flag_ceiling
all_reduce_perf,2,16,32768,8192,float,sum,274.85,0.12,0.22,0,271.43,0.12,0.23,0,RING,SIMPLE,4,RING,SIMPLE,4,0,RING,A_flag_ceiling
all_reduce_perf,2,16,65536,16384,float,sum,275.76,0.24,0.45,0,274.66,0.24,0.45,0,RING,SIMPLE,4,RING,SIMPLE,4,0,RING,A_flag_ceiling
all_reduce_perf,2,16,131072,32768,float,sum,279.08,0.47,0.88,0,277.36,0.47,0.89,0,RING,SIMPLE,4,RING,SIMPLE,4,0,RING,A_flag_ceiling
all_reduce_perf,2,16,262144,65536,float,sum,284.36,0.92,1.73,0,283.06,0.93,1.74,0,RING,SIMPLE,4,RING,SIMPLE,4,0,RING,A_flag_ceiling
all_reduce_perf,2,16,524288,131072,float,sum,285.57,1.84,3.44,0,284.95,1.84,3.45,0,RING,SIMPLE,4,RING,SIMPLE,4,0,RING,A_flag_ceiling
all_reduce_perf,2,16,1048576,262144,float,sum,293.41,3.57,6.7,0,293.37,3.57,6.7,0,RING,SIMPLE,4,RING,SIMPLE,4,0,RING,A_flag_ceiling
all_reduce_perf,2,16,2097152,524288,float,sum,314.37,6.67,12.51,0,314.11,6.68,12.52,0,RING,SIMPLE,4,RING,SIMPLE,4,0,RING,A_flag_ceiling
all_reduce_perf,2,16,4194304,1048576,float,sum,351.21,11.94,22.39,0,344.57,12.17,22.82,0,RING,SIMPLE,4,RING,SIMPLE,4,0,RING,A_flag_ceiling
all_reduce_perf,2,16,8388608,2097152,float,sum,463.7,18.09,33.92,0,459.89,18.24,34.2,0,RING,SIMPLE,4,RING,SIMPLE,4,0,RING,A_flag_ceiling
all_reduce_perf,2,16,16777216,4194304,float,sum,715.25,23.46,43.98,0,714.31,23.49,44.04,0,RING,SIMPLE,4,RING,SIMPLE,4,0,RING,A_flag_ceiling
all_reduce_perf,2,16,33554432,8388608,float,sum,1221.21,27.48,51.52,0,1226.53,27.36,51.29,0,RING,SIMPLE,4,RING,SIMPLE,4,0,RING,A_flag_ceiling
all_reduce_perf,2,16,67108864,16777216,float,sum,2249.09,29.84,55.95,0,2254.02,29.77,55.82,0,RING,SIMPLE,4,RING,SIMPLE,4,0,RING,A_flag_ceiling
all_reduce_perf,2,16,134217728,33554432,float,sum,4198.55,31.97,59.94,0,4205.63,31.91,59.84,0,RING,SIMPLE,4,RING,SIMPLE,4,0,RING,A_flag_ceiling
all_reduce_perf,2,16,268435456,67108864,float,sum,8351.3,32.14,60.27,0,8364.12,32.09,60.18,0,RING,SIMPLE,4,RING,SIMPLE,4,0,RING,A_flag_ceiling
all_reduce_perf,2,16,536870912,134217728,float,sum,16662.1,32.22,60.41,0,16706.2,32.14,60.25,0,RING,SIMPLE,4,RING,SIMPLE,4,0,RING,A_flag_ceiling
all_reduce_perf,2,16,4096,1024,float,sum,75.9,0.05,0.1,0,73.11,0.06,0.11,0,RING,LL,4,RING,LL,4,0,RING,A_flag_ceiling
all_reduce_perf,2,16,8192,2048,float,sum,77.05,0.11,0.2,0,74.42,0.11,0.21,0,RING,LL,4,RING,LL,4,0,RING,A_flag_ceiling
all_reduce_perf,2,16,16384,4096,float,sum,78.56,0.21,0.39,0,74.93,0.22,0.41,0,RING,LL,4,RING,LL,4,0,RING,A_flag_ceiling
all_reduce_perf,2,16,32768,8192,float,sum,78.91,0.42,0.78,0,74.71,0.44,0.82,0,RING,LL,4,RING,LL,4,0,RING,A_flag_ceiling
all_reduce_perf,2,16,65536,16384,float,sum,78.88,0.83,1.56,0,75.68,0.87,1.62,0,RING,LL,4,RING,LL,4,0,RING,A_flag_ceiling
all_reduce_perf,2,16,131072,32768,float,sum,80.25,1.63,3.06,0,77.81,1.68,3.16,0,RING,LL,4,RING,LL,4,0,RING,A_flag_ceiling
all_reduce_perf,2,16,262144,65536,float,sum,94.05,2.79,5.23,0,89.75,2.92,5.48,0,RING,LL,4,RING,LL,4,0,RING,A_flag_ceiling
all_reduce_perf,2,16,524288,131072,float,sum,133.8,3.92,7.35,0,129.12,4.06,7.61,0,RING,LL,4,RING,LL,4,0,RING,A_flag_ceiling
all_reduce_perf,2,16,1048576,262144,float,sum,221.28,4.74,8.89,0,212.83,4.93,9.24,0,RING,LL,4,RING,LL,4,0,RING,A_flag_ceiling
all_reduce_perf,2,16,2097152,524288,float,sum,420.88,4.98,9.34,0,417.43,5.02,9.42,0,RING,LL,4,RING,LL,4,0,RING,A_flag_ceiling
all_reduce_perf,2,16,4194304,1048576,float,sum,837.34,5.01,9.39,0,825.94,5.08,9.52,0,RING,LL,4,RING,LL,4,0,RING,A_flag_ceiling
all_reduce_perf,2,16,8388608,2097152,float,sum,1661.83,5.05,9.46,0,1647.15,5.09,9.55,0,RING,LL,4,RING,LL,4,0,RING,A_flag_ceiling
all_reduce_perf,2,16,16777216,4194304,float,sum,3345.04,5.02,9.4,0,3296.29,5.09,9.54,0,RING,LL,4,RING,LL,4,0,RING,A_flag_ceiling
all_reduce_perf,2,16,33554432,8388608,float,sum,6732.87,4.98,9.34,0,6662.85,5.04,9.44,0,RING,LL,4,RING,LL,4,0,RING,A_flag_ceiling
all_reduce_perf,2,16,67108864,16777216,float,sum,13473.7,4.98,9.34,0,13432.1,5.0,9.37,0,RING,LL,4,RING,LL,4,0,RING,A_flag_ceiling
all_reduce_perf,2,16,134217728,33554432,float,sum,27024.7,4.97,9.31,0,26932.4,4.98,9.34,0,RING,LL,4,RING,LL,4,0,RING,A_flag_ceiling
all_reduce_perf,2,16,268435456,67108864,float,sum,54036.7,4.97,9.31,0,53901.6,4.98,9.34,0,RING,LL,4,RING,LL,4,0,RING,A_flag_ceiling
all_reduce_perf,2,16,536870912,134217728,float,sum,108086.0,4.97,9.31,0,107946.0,4.97,9.33,0,RING,LL,4,RING,LL,4,0,RING,A_flag_ceiling
all_reduce_perf,2,16,4096,1024,float,sum,91.17,0.04,0.08,0,88.73,0.05,0.09,0,RING,LL128,4,RING,LL128,4,0,RING,A_flag_ceiling
all_reduce_perf,2,16,8192,2048,float,sum,91.81,0.09,0.17,0,88.34,0.09,0.17,0,RING,LL128,4,RING,LL128,4,0,RING,A_flag_ceiling
all_reduce_perf,2,16,16384,4096,float,sum,93.0,0.18,0.33,0,88.83,0.18,0.35,0,RING,LL128,4,RING,LL128,4,0,RING,A_flag_ceiling
all_reduce_perf,2,16,32768,8192,float,sum,97.43,0.34,0.63,0,92.75,0.35,0.66,0,RING,LL128,4,RING,LL128,4,0,RING,A_flag_ceiling
all_reduce_perf,2,16,65536,16384,float,sum,96.71,0.68,1.27,0,93.25,0.7,1.32,0,RING,LL128,4,RING,LL128,4,0,RING,A_flag_ceiling
all_reduce_perf,2,16,131072,32768,float,sum,97.63,1.34,2.52,0,93.88,1.4,2.62,0,RING,LL128,4,RING,LL128,4,0,RING,A_flag_ceiling
all_reduce_perf,2,16,262144,65536,float,sum,100.92,2.6,4.87,0,96.56,2.71,5.09,0,RING,LL128,4,RING,LL128,4,0,RING,A_flag_ceiling
all_reduce_perf,2,16,524288,131072,float,sum,103.51,5.07,9.5,0,98.17,5.34,10.01,0,RING,LL128,4,RING,LL128,4,0,RING,A_flag_ceiling
all_reduce_perf,2,16,1048576,262144,float,sum,105.97,9.9,18.55,0,103.76,10.11,18.95,0,RING,LL128,4,RING,LL128,4,0,RING,A_flag_ceiling
all_reduce_perf,2,16,2097152,524288,float,sum,150.04,13.98,26.21,0,137.65,15.23,28.57,0,RING,LL128,4,RING,LL128,4,0,RING,A_flag_ceiling
all_reduce_perf,2,16,4194304,1048576,float,sum,221.94,18.9,35.43,0,213.76,19.62,36.79,0,RING,LL128,4,RING,LL128,4,0,RING,A_flag_ceiling
all_reduce_perf,2,16,8388608,2097152,float,sum,432.28,19.41,36.39,0,414.8,20.22,37.92,0,RING,LL128,4,RING,LL128,4,0,RING,A_flag_ceiling
all_reduce_perf,2,16,16777216,4194304,float,sum,808.67,20.75,38.9,0,787.76,21.3,39.93,0,RING,LL128,4,RING,LL128,4,0,RING,A_flag_ceiling
all_reduce_perf,2,16,33554432,8388608,float,sum,1589.13,21.11,39.59,0,1571.48,21.35,40.04,0,RING,LL128,4,RING,LL128,4,0,RING,A_flag_ceiling
all_reduce_perf,2,16,67108864,16777216,float,sum,3135.67,21.4,40.13,0,3110.06,21.58,40.46,0,RING,LL128,4,RING,LL128,4,0,RING,A_flag_ceiling
all_reduce_perf,2,16,134217728,33554432,float,sum,6264.32,21.43,40.17,0,6213.65,21.6,40.5,0,RING,LL128,4,RING,LL128,4,0,RING,A_flag_ceiling
all_reduce_perf,2,16,268435456,67108864,float,sum,12503.1,21.47,40.26,0,12392.1,21.66,40.62,0,RING,LL128,4,RING,LL128,4,0,RING,A_flag_ceiling
all_reduce_perf,2,16,536870912,134217728,float,sum,24986.3,21.49,40.29,0,24807.8,21.64,40.58,0,RING,LL128,4,RING,LL128,4,0,RING,A_flag_ceiling
all_reduce_perf,2,16,4096,1024,float,sum,271.31,0.02,0.03,0,269.94,0.02,0.03,0,RING,SIMPLE,8,RING,SIMPLE,8,0,RING,A_flag_ceiling
all_reduce_perf,2,16,8192,2048,float,sum,275.34,0.03,0.06,0,270.41,0.03,0.06,0,RING,SIMPLE,8,RING,SIMPLE,8,0,RING,A_flag_ceiling
all_reduce_perf,2,16,16384,4096,float,sum,276.3,0.06,0.11,0,274.41,0.06,0.11,0,RING,SIMPLE,8,RING,SIMPLE,8,0,RING,A_flag_ceiling
all_reduce_perf,2,16,32768,8192,float,sum,278.25,0.12,0.22,0,276.99,0.12,0.22,0,RING,SIMPLE,8,RING,SIMPLE,8,0,RING,A_flag_ceiling
all_reduce_perf,2,16,65536,16384,float,sum,291.16,0.23,0.42,0,289.44,0.23,0.42,0,RING,SIMPLE,8,RING,SIMPLE,8,0,RING,A_flag_ceiling
all_reduce_perf,2,16,131072,32768,float,sum,292.14,0.45,0.84,0,291.1,0.45,0.84,0,RING,SIMPLE,8,RING,SIMPLE,8,0,RING,A_flag_ceiling
all_reduce_perf,2,16,262144,65536,float,sum,293.33,0.89,1.68,0,291.69,0.9,1.69,0,RING,SIMPLE,8,RING,SIMPLE,8,0,RING,A_flag_ceiling
all_reduce_perf,2,16,524288,131072,float,sum,296.38,1.77,3.32,0,295.83,1.77,3.32,0,RING,SIMPLE,8,RING,SIMPLE,8,0,RING,A_flag_ceiling
all_reduce_perf,2,16,1048576,262144,float,sum,299.04,3.51,6.57,0,297.86,3.52,6.6,0,RING,SIMPLE,8,RING,SIMPLE,8,0,RING,A_flag_ceiling
all_reduce_perf,2,16,2097152,524288,float,sum,314.47,6.67,12.5,0,313.16,6.7,12.56,0,RING,SIMPLE,8,RING,SIMPLE,8,0,RING,A_flag_ceiling
all_reduce_perf,2,16,4194304,1048576,float,sum,335.45,12.5,23.44,0,333.71,12.57,23.57,0,RING,SIMPLE,8,RING,SIMPLE,8,0,RING,A_flag_ceiling
all_reduce_perf,2,16,8388608,2097152,float,sum,360.61,23.26,43.62,0,354.6,23.66,44.36,0,RING,SIMPLE,8,RING,SIMPLE,8,0,RING,A_flag_ceiling
all_reduce_perf,2,16,16777216,4194304,float,sum,474.8,35.34,66.25,0,470.75,35.64,66.82,0,RING,SIMPLE,8,RING,SIMPLE,8,0,RING,A_flag_ceiling
all_reduce_perf,2,16,33554432,8388608,float,sum,716.35,46.84,87.83,0,718.08,46.73,87.61,0,RING,SIMPLE,8,RING,SIMPLE,8,0,RING,A_flag_ceiling
all_reduce_perf,2,16,67108864,16777216,float,sum,1232.33,54.46,102.11,0,1236.57,54.27,101.76,0,RING,SIMPLE,8,RING,SIMPLE,8,0,RING,A_flag_ceiling
all_reduce_perf,2,16,134217728,33554432,float,sum,2248.27,59.7,111.93,0,2250.81,59.63,111.81,0,RING,SIMPLE,8,RING,SIMPLE,8,0,RING,A_flag_ceiling
all_reduce_perf,2,16,268435456,67108864,float,sum,4224.32,63.55,119.15,0,4215.68,63.68,119.39,0,RING,SIMPLE,8,RING,SIMPLE,8,0,RING,A_flag_ceiling
all_reduce_perf,2,16,536870912,134217728,float,sum,8391.65,63.98,119.96,0,8388.37,64.0,120.0,0,RING,SIMPLE,8,RING,SIMPLE,8,0,RING,A_flag_ceiling
all_reduce_perf,2,16,4096,1024,float,sum,73.65,0.06,0.1,0,75.17,0.05,0.1,0,RING,LL,8,RING,LL,8,0,RING,A_flag_ceiling
all_reduce_perf,2,16,8192,2048,float,sum,76.45,0.11,0.2,0,74.35,0.11,0.21,0,RING,LL,8,RING,LL,8,0,RING,A_flag_ceiling
all_reduce_perf,2,16,16384,4096,float,sum,83.81,0.2,0.37,0,78.71,0.21,0.39,0,RING,LL,8,RING,LL,8,0,RING,A_flag_ceiling
all_reduce_perf,2,16,32768,8192,float,sum,83.04,0.39,0.74,0,79.24,0.41,0.78,0,RING,LL,8,RING,LL,8,0,RING,A_flag_ceiling
all_reduce_perf,2,16,65536,16384,float,sum,84.12,0.78,1.46,0,79.64,0.82,1.54,0,RING,LL,8,RING,LL,8,0,RING,A_flag_ceiling
all_reduce_perf,2,16,131072,32768,float,sum,81.23,1.61,3.03,0,81.29,1.61,3.02,0,RING,LL,8,RING,LL,8,0,RING,A_flag_ceiling
all_reduce_perf,2,16,262144,65536,float,sum,86.36,3.04,5.69,0,82.98,3.16,5.92,0,RING,LL,8,RING,LL,8,0,RING,A_flag_ceiling
all_reduce_perf,2,16,524288,131072,float,sum,101.56,5.16,9.68,0,96.37,5.44,10.2,0,RING,LL,8,RING,LL,8,0,RING,A_flag_ceiling
all_reduce_perf,2,16,1048576,262144,float,sum,140.76,7.45,13.97,0,134.7,7.78,14.6,0,RING,LL,8,RING,LL,8,0,RING,A_flag_ceiling
all_reduce_perf,2,16,2097152,524288,float,sum,226.86,9.24,17.33,0,215.29,9.74,18.26,0,RING,LL,8,RING,LL,8,0,RING,A_flag_ceiling
all_reduce_perf,2,16,4194304,1048576,float,sum,423.67,9.9,18.56,0,419.56,10.0,18.74,0,RING,LL,8,RING,LL,8,0,RING,A_flag_ceiling
all_reduce_perf,2,16,8388608,2097152,float,sum,838.24,10.01,18.76,0,831.34,10.09,18.92,0,RING,LL,8,RING,LL,8,0,RING,A_flag_ceiling
all_reduce_perf,2,16,16777216,4194304,float,sum,1664.66,10.08,18.9,0,1666.75,10.07,18.87,0,RING,LL,8,RING,LL,8,0,RING,A_flag_ceiling
all_reduce_perf,2,16,33554432,8388608,float,sum,3343.05,10.04,18.82,0,3342.02,10.04,18.83,0,RING,LL,8,RING,LL,8,0,RING,A_flag_ceiling
all_reduce_perf,2,16,67108864,16777216,float,sum,6724.8,9.98,18.71,0,6710.94,10.0,18.75,0,RING,LL,8,RING,LL,8,0,RING,A_flag_ceiling
all_reduce_perf,2,16,134217728,33554432,float,sum,13464.8,9.97,18.69,0,13538.4,9.91,18.59,0,RING,LL,8,RING,LL,8,0,RING,A_flag_ceiling
all_reduce_perf,2,16,268435456,67108864,float,sum,26985.1,9.95,18.65,0,27207.9,9.87,18.5,0,RING,LL,8,RING,LL,8,0,RING,A_flag_ceiling
all_reduce_perf,2,16,536870912,134217728,float,sum,54019.5,9.94,18.63,0,54538.7,9.84,18.46,0,RING,LL,8,RING,LL,8,0,RING,A_flag_ceiling
all_reduce_perf,2,16,4096,1024,float,sum,91.88,0.04,0.08,0,93.19,0.04,0.08,0,RING,LL128,8,RING,LL128,8,0,RING,A_flag_ceiling
all_reduce_perf,2,16,8192,2048,float,sum,92.65,0.09,0.17,0,92.06,0.09,0.17,0,RING,LL128,8,RING,LL128,8,0,RING,A_flag_ceiling
all_reduce_perf,2,16,16384,4096,float,sum,93.51,0.18,0.33,0,89.82,0.18,0.34,0,RING,LL128,8,RING,LL128,8,0,RING,A_flag_ceiling
all_reduce_perf,2,16,32768,8192,float,sum,97.58,0.34,0.63,0,93.23,0.35,0.66,0,RING,LL128,8,RING,LL128,8,0,RING,A_flag_ceiling
all_reduce_perf,2,16,65536,16384,float,sum,102.84,0.64,1.19,0,99.43,0.66,1.24,0,RING,LL128,8,RING,LL128,8,0,RING,A_flag_ceiling
all_reduce_perf,2,16,131072,32768,float,sum,102.43,1.28,2.4,0,100.03,1.31,2.46,0,RING,LL128,8,RING,LL128,8,0,RING,A_flag_ceiling
all_reduce_perf,2,16,262144,65536,float,sum,103.0,2.55,4.77,0,99.26,2.64,4.95,0,RING,LL128,8,RING,LL128,8,0,RING,A_flag_ceiling
all_reduce_perf,2,16,524288,131072,float,sum,106.48,4.92,9.23,0,101.43,5.17,9.69,0,RING,LL128,8,RING,LL128,8,0,RING,A_flag_ceiling
all_reduce_perf,2,16,1048576,262144,float,sum,105.18,9.97,18.69,0,103.52,10.13,18.99,0,RING,LL128,8,RING,LL128,8,0,RING,A_flag_ceiling
all_reduce_perf,2,16,2097152,524288,float,sum,116.18,18.05,33.84,0,109.09,19.22,36.05,0,RING,LL128,8,RING,LL128,8,0,RING,A_flag_ceiling
all_reduce_perf,2,16,4194304,1048576,float,sum,153.27,27.37,51.31,0,139.65,30.03,56.31,0,RING,LL128,8,RING,LL128,8,0,RING,A_flag_ceiling
all_reduce_perf,2,16,8388608,2097152,float,sum,224.43,37.38,70.08,0,217.36,38.59,72.36,0,RING,LL128,8,RING,LL128,8,0,RING,A_flag_ceiling
all_reduce_perf,2,16,16777216,4194304,float,sum,436.88,38.4,72.0,0,430.93,38.93,73.0,0,RING,LL128,8,RING,LL128,8,0,RING,A_flag_ceiling
all_reduce_perf,2,16,33554432,8388608,float,sum,812.86,41.28,77.4,0,805.73,41.64,78.08,0,RING,LL128,8,RING,LL128,8,0,RING,A_flag_ceiling
all_reduce_perf,2,16,67108864,16777216,float,sum,1605.8,41.79,78.36,0,1597.46,42.01,78.77,0,RING,LL128,8,RING,LL128,8,0,RING,A_flag_ceiling
all_reduce_perf,2,16,134217728,33554432,float,sum,3171.73,42.32,79.34,0,3164.06,42.42,79.54,0,RING,LL128,8,RING,LL128,8,0,RING,A_flag_ceiling
all_reduce_perf,2,16,268435456,67108864,float,sum,6321.64,42.46,79.62,0,6308.12,42.55,79.79,0,RING,LL128,8,RING,LL128,8,0,RING,A_flag_ceiling
all_reduce_perf,2,16,536870912,134217728,float,sum,12594.8,42.63,79.92,0,12599.4,42.61,79.9,0,RING,LL128,8,RING,LL128,8,0,RING,A_flag_ceiling
all_reduce_perf,2,16,4096,1024,float,sum,271.35,0.02,0.03,0,270.36,0.02,0.03,0,RING,SIMPLE,16,RING,SIMPLE,16,0,RING,A_flag_ceiling
all_reduce_perf,2,16,8192,2048,float,sum,276.28,0.03,0.06,0,270.72,0.03,0.06,0,RING,SIMPLE,16,RING,SIMPLE,16,0,RING,A_flag_ceiling
all_reduce_perf,2,16,16384,4096,float,sum,273.2,0.06,0.11,0,273.3,0.06,0.11,0,RING,SIMPLE,16,RING,SIMPLE,16,0,RING,A_flag_ceiling
all_reduce_perf,2,16,32768,8192,float,sum,274.45,0.12,0.22,0,273.69,0.12,0.22,0,RING,SIMPLE,16,RING,SIMPLE,16,0,RING,A_flag_ceiling
all_reduce_perf,2,16,65536,16384,float,sum,296.62,0.22,0.41,0,290.31,0.23,0.42,0,RING,SIMPLE,16,RING,SIMPLE,16,0,RING,A_flag_ceiling
all_reduce_perf,2,16,131072,32768,float,sum,317.52,0.41,0.77,0,318.72,0.41,0.77,0,RING,SIMPLE,16,RING,SIMPLE,16,0,RING,A_flag_ceiling
all_reduce_perf,2,16,262144,65536,float,sum,318.2,0.82,1.54,0,318.26,0.82,1.54,0,RING,SIMPLE,16,RING,SIMPLE,16,0,RING,A_flag_ceiling
all_reduce_perf,2,16,524288,131072,float,sum,319.76,1.64,3.07,0,319.13,1.64,3.08,0,RING,SIMPLE,16,RING,SIMPLE,16,0,RING,A_flag_ceiling
all_reduce_perf,2,16,1048576,262144,float,sum,323.6,3.24,6.08,0,322.89,3.25,6.09,0,RING,SIMPLE,16,RING,SIMPLE,16,0,RING,A_flag_ceiling
all_reduce_perf,2,16,2097152,524288,float,sum,328.04,6.39,11.99,0,326.51,6.42,12.04,0,RING,SIMPLE,16,RING,SIMPLE,16,0,RING,A_flag_ceiling
all_reduce_perf,2,16,4194304,1048576,float,sum,342.98,12.23,22.93,0,341.16,12.29,23.05,0,RING,SIMPLE,16,RING,SIMPLE,16,0,RING,A_flag_ceiling
all_reduce_perf,2,16,8388608,2097152,float,sum,369.76,22.69,42.54,0,367.88,22.8,42.75,0,RING,SIMPLE,16,RING,SIMPLE,16,0,RING,A_flag_ceiling
all_reduce_perf,2,16,16777216,4194304,float,sum,380.15,44.13,82.75,0,377.78,44.41,83.27,0,RING,SIMPLE,16,RING,SIMPLE,16,0,RING,A_flag_ceiling
all_reduce_perf,2,16,33554432,8388608,float,sum,491.71,68.24,127.95,0,488.5,68.69,128.79,0,RING,SIMPLE,16,RING,SIMPLE,16,0,RING,A_flag_ceiling
all_reduce_perf,2,16,67108864,16777216,float,sum,731.1,91.79,172.11,0,730.47,91.87,172.26,0,RING,SIMPLE,16,RING,SIMPLE,16,0,RING,A_flag_ceiling
all_reduce_perf,2,16,134217728,33554432,float,sum,1239.71,108.27,203.0,0,1241.91,108.07,202.64,0,RING,SIMPLE,16,RING,SIMPLE,16,0,RING,A_flag_ceiling
all_reduce_perf,2,16,268435456,67108864,float,sum,2234.74,120.12,225.22,0,2231.45,120.3,225.56,0,RING,SIMPLE,16,RING,SIMPLE,16,0,RING,A_flag_ceiling
all_reduce_perf,2,16,536870912,134217728,float,sum,4158.24,129.11,242.08,0,4138.76,129.72,243.22,0,RING,SIMPLE,16,RING,SIMPLE,16,0,RING,A_flag_ceiling
all_reduce_perf,2,16,4096,1024,float,sum,74.14,0.06,0.1,0,76.16,0.05,0.1,0,RING,LL,16,RING,LL,16,0,RING,A_flag_ceiling
all_reduce_perf,2,16,8192,2048,float,sum,75.94,0.11,0.2,0,75.95,0.11,0.2,0,RING,LL,16,RING,LL,16,0,RING,A_flag_ceiling
all_reduce_perf,2,16,16384,4096,float,sum,84.18,0.19,0.36,0,79.61,0.21,0.39,0,RING,LL,16,RING,LL,16,0,RING,A_flag_ceiling
all_reduce_perf,2,16,32768,8192,float,sum,98.92,0.33,0.62,0,98.27,0.33,0.63,0,RING,LL,16,RING,LL,16,0,RING,A_flag_ceiling
all_reduce_perf,2,16,65536,16384,float,sum,101.19,0.65,1.21,0,100.89,0.65,1.22,0,RING,LL,16,RING,LL,16,0,RING,A_flag_ceiling
all_reduce_perf,2,16,131072,32768,float,sum,108.08,1.21,2.27,0,107.12,1.22,2.29,0,RING,LL,16,RING,LL,16,0,RING,A_flag_ceiling
all_reduce_perf,2,16,262144,65536,float,sum,114.11,2.3,4.31,0,107.74,2.43,4.56,0,RING,LL,16,RING,LL,16,0,RING,A_flag_ceiling
all_reduce_perf,2,16,524288,131072,float,sum,118.52,4.42,8.29,0,114.41,4.58,8.59,0,RING,LL,16,RING,LL,16,0,RING,A_flag_ceiling
all_reduce_perf,2,16,1048576,262144,float,sum,139.99,7.49,14.04,0,134.24,7.81,14.65,0,RING,LL,16,RING,LL,16,0,RING,A_flag_ceiling
all_reduce_perf,2,16,2097152,524288,float,sum,174.36,12.03,22.55,0,173.31,12.1,22.69,0,RING,LL,16,RING,LL,16,0,RING,A_flag_ceiling
all_reduce_perf,2,16,4194304,1048576,float,sum,239.67,17.5,32.81,0,239.34,17.52,32.86,0,RING,LL,16,RING,LL,16,0,RING,A_flag_ceiling
all_reduce_perf,2,16,8388608,2097152,float,sum,458.09,18.31,34.33,0,455.81,18.4,34.51,0,RING,LL,16,RING,LL,16,0,RING,A_flag_ceiling
all_reduce_perf,2,16,16777216,4194304,float,sum,902.67,18.59,34.85,0,898.89,18.66,35.0,0,RING,LL,16,RING,LL,16,0,RING,A_flag_ceiling
all_reduce_perf,2,16,33554432,8388608,float,sum,1778.8,18.86,35.37,0,1781.48,18.84,35.32,0,RING,LL,16,RING,LL,16,0,RING,A_flag_ceiling
all_reduce_perf,2,16,67108864,16777216,float,sum,3538.85,18.96,35.56,0,3518.23,19.07,35.76,0,RING,LL,16,RING,LL,16,0,RING,A_flag_ceiling
all_reduce_perf,2,16,134217728,33554432,float,sum,7044.76,19.05,35.72,0,7053.38,19.03,35.68,0,RING,LL,16,RING,LL,16,0,RING,A_flag_ceiling
all_reduce_perf,2,16,268435456,67108864,float,sum,14061.3,19.09,35.79,0,14057.1,19.1,35.81,0,RING,LL,16,RING,LL,16,0,RING,A_flag_ceiling
all_reduce_perf,2,16,536870912,134217728,float,sum,28106.7,19.1,35.81,0,28115.3,19.1,35.8,0,RING,LL,16,RING,LL,16,0,RING,A_flag_ceiling
all_reduce_perf,2,16,4096,1024,float,sum,91.55,0.04,0.08,0,93.66,0.04,0.08,0,RING,LL128,16,RING,LL128,16,0,RING,A_flag_ceiling
all_reduce_perf,2,16,8192,2048,float,sum,89.71,0.09,0.17,0,87.81,0.09,0.17,0,RING,LL128,16,RING,LL128,16,0,RING,A_flag_ceiling
all_reduce_perf,2,16,16384,4096,float,sum,95.58,0.17,0.32,0,89.18,0.18,0.34,0,RING,LL128,16,RING,LL128,16,0,RING,A_flag_ceiling
all_reduce_perf,2,16,32768,8192,float,sum,98.62,0.33,0.62,0,92.3,0.36,0.67,0,RING,LL128,16,RING,LL128,16,0,RING,A_flag_ceiling
all_reduce_perf,2,16,65536,16384,float,sum,153.79,0.43,0.8,0,100.9,0.65,1.22,0,RING,LL128,16,RING,LL128,16,0,RING,A_flag_ceiling
all_reduce_perf,2,16,131072,32768,float,sum,111.1,1.18,2.21,0,106.26,1.23,2.31,0,RING,LL128,16,RING,LL128,16,0,RING,A_flag_ceiling
all_reduce_perf,2,16,262144,65536,float,sum,109.16,2.4,4.5,0,106.53,2.46,4.61,0,RING,LL128,16,RING,LL128,16,0,RING,A_flag_ceiling
all_reduce_perf,2,16,524288,131072,float,sum,110.05,4.76,8.93,0,105.63,4.96,9.31,0,RING,LL128,16,RING,LL128,16,0,RING,A_flag_ceiling
all_reduce_perf,2,16,1048576,262144,float,sum,107.86,9.72,18.23,0,107.28,9.77,18.33,0,RING,LL128,16,RING,LL128,16,0,RING,A_flag_ceiling
all_reduce_perf,2,16,2097152,524288,float,sum,114.68,18.29,34.29,0,108.86,19.27,36.12,0,RING,LL128,16,RING,LL128,16,0,RING,A_flag_ceiling
all_reduce_perf,2,16,4194304,1048576,float,sum,116.1,36.13,67.74,0,113.76,36.87,69.13,0,RING,LL128,16,RING,LL128,16,0,RING,A_flag_ceiling
all_reduce_perf,2,16,8388608,2097152,float,sum,154.64,54.25,101.71,0,146.91,57.1,107.06,0,RING,LL128,16,RING,LL128,16,0,RING,A_flag_ceiling
all_reduce_perf,2,16,16777216,4194304,float,sum,236.4,70.97,133.07,0,231.76,72.39,135.73,0,RING,LL128,16,RING,LL128,16,0,RING,A_flag_ceiling
all_reduce_perf,2,16,33554432,8388608,float,sum,455.79,73.62,138.04,0,451.6,74.3,139.31,0,RING,LL128,16,RING,LL128,16,0,RING,A_flag_ceiling
all_reduce_perf,2,16,67108864,16777216,float,sum,853.63,78.62,147.4,0,852.06,78.76,147.68,0,RING,LL128,16,RING,LL128,16,0,RING,A_flag_ceiling
all_reduce_perf,2,16,134217728,33554432,float,sum,1691.95,79.33,148.74,0,1673.97,80.18,150.34,0,RING,LL128,16,RING,LL128,16,0,RING,A_flag_ceiling
all_reduce_perf,2,16,268435456,67108864,float,sum,3310.84,81.08,152.02,0,3304.75,81.23,152.3,0,RING,LL128,16,RING,LL128,16,0,RING,A_flag_ceiling
all_reduce_perf,2,16,536870912,134217728,float,sum,6577.44,81.62,153.04,0,6586.9,81.51,152.82,0,RING,LL128,16,RING,LL128,16,0,RING,A_flag_ceiling
all_reduce_perf,2,16,4096,1024,float,sum,272.84,0.02,0.03,0,273.29,0.01,0.03,0,RING,SIMPLE,24,RING,SIMPLE,24,0,RING,A_flag_ceiling
all_reduce_perf,2,16,8192,2048,float,sum,279.4,0.03,0.05,0,293.73,0.03,0.05,0,RING,SIMPLE,24,RING,SIMPLE,24,0,RING,A_flag_ceiling
all_reduce_perf,2,16,16384,4096,float,sum,277.92,0.06,0.11,0,271.16,0.06,0.11,0,RING,SIMPLE,24,RING,SIMPLE,24,0,RING,A_flag_ceiling
all_reduce_perf,2,16,32768,8192,float,sum,273.2,0.12,0.22,0,272.61,0.12,0.23,0,RING,SIMPLE,24,RING,SIMPLE,24,0,RING,A_flag_ceiling
all_reduce_perf,2,16,65536,16384,float,sum,291.17,0.23,0.42,0,289.61,0.23,0.42,0,RING,SIMPLE,24,RING,SIMPLE,24,0,RING,A_flag_ceiling
all_reduce_perf,2,16,131072,32768,float,sum,319.08,0.41,0.77,0,317.53,0.41,0.77,0,RING,SIMPLE,24,RING,SIMPLE,24,0,RING,A_flag_ceiling
all_reduce_perf,2,16,262144,65536,float,sum,318.95,0.82,1.54,0,323.66,0.81,1.52,0,RING,SIMPLE,24,RING,SIMPLE,24,0,RING,A_flag_ceiling
all_reduce_perf,2,16,524288,131072,float,sum,358.75,1.46,2.74,0,355.69,1.47,2.76,0,RING,SIMPLE,24,RING,SIMPLE,24,0,RING,A_flag_ceiling
all_reduce_perf,2,16,1048576,262144,float,sum,358.82,2.92,5.48,0,358.41,2.93,5.49,0,RING,SIMPLE,24,RING,SIMPLE,24,0,RING,A_flag_ceiling
all_reduce_perf,2,16,2097152,524288,float,sum,368.25,5.69,10.68,0,365.6,5.74,10.76,0,RING,SIMPLE,24,RING,SIMPLE,24,0,RING,A_flag_ceiling
all_reduce_perf,2,16,4194304,1048576,float,sum,372.5,11.26,21.11,0,370.83,11.31,21.21,0,RING,SIMPLE,24,RING,SIMPLE,24,0,RING,A_flag_ceiling
all_reduce_perf,2,16,8388608,2097152,float,sum,392.78,21.36,40.04,0,391.07,21.45,40.22,0,RING,SIMPLE,24,RING,SIMPLE,24,0,RING,A_flag_ceiling
all_reduce_perf,2,16,16777216,4194304,float,sum,408.55,41.07,77.0,0,408.5,41.07,77.01,0,RING,SIMPLE,24,RING,SIMPLE,24,0,RING,A_flag_ceiling
all_reduce_perf,2,16,33554432,8388608,float,sum,441.45,76.01,142.52,0,442.33,75.86,142.24,0,RING,SIMPLE,24,RING,SIMPLE,24,0,RING,A_flag_ceiling
all_reduce_perf,2,16,67108864,16777216,float,sum,596.39,112.52,210.98,0,594.06,112.97,211.81,0,RING,SIMPLE,24,RING,SIMPLE,24,0,RING,A_flag_ceiling
all_reduce_perf,2,16,134217728,33554432,float,sum,929.85,144.34,270.64,0,932.42,143.95,269.9,0,RING,SIMPLE,24,RING,SIMPLE,24,0,RING,A_flag_ceiling
all_reduce_perf,2,16,268435456,67108864,float,sum,1617.56,165.95,311.16,0,1640.06,163.67,306.89,0,RING,SIMPLE,24,RING,SIMPLE,24,0,RING,A_flag_ceiling
all_reduce_perf,2,16,536870912,134217728,float,sum,2969.01,180.82,339.05,0,2967.32,180.93,339.24,0,RING,SIMPLE,24,RING,SIMPLE,24,0,RING,A_flag_ceiling
all_reduce_perf,2,16,4096,1024,float,sum,74.02,0.06,0.1,0,72.13,0.06,0.11,0,RING,LL,24,RING,LL,24,0,RING,A_flag_ceiling
all_reduce_perf,2,16,8192,2048,float,sum,76.9,0.11,0.2,0,74.24,0.11,0.21,0,RING,LL,24,RING,LL,24,0,RING,A_flag_ceiling
all_reduce_perf,2,16,16384,4096,float,sum,83.82,0.2,0.37,0,79.68,0.21,0.39,0,RING,LL,24,RING,LL,24,0,RING,A_flag_ceiling
all_reduce_perf,2,16,32768,8192,float,sum,102.82,0.32,0.6,0,98.65,0.33,0.62,0,RING,LL,24,RING,LL,24,0,RING,A_flag_ceiling
all_reduce_perf,2,16,65536,16384,float,sum,106.02,0.62,1.16,0,101.56,0.65,1.21,0,RING,LL,24,RING,LL,24,0,RING,A_flag_ceiling
all_reduce_perf,2,16,131072,32768,float,sum,137.97,0.95,1.78,0,137.78,0.95,1.78,0,RING,LL,24,RING,LL,24,0,RING,A_flag_ceiling
all_reduce_perf,2,16,262144,65536,float,sum,144.51,1.81,3.4,0,141.6,1.85,3.47,0,RING,LL,24,RING,LL,24,0,RING,A_flag_ceiling
all_reduce_perf,2,16,524288,131072,float,sum,159.89,3.28,6.15,0,154.55,3.39,6.36,0,RING,LL,24,RING,LL,24,0,RING,A_flag_ceiling
all_reduce_perf,2,16,1048576,262144,float,sum,186.55,5.62,10.54,0,207.49,5.05,9.48,0,RING,LL,24,RING,LL,24,0,RING,A_flag_ceiling
all_reduce_perf,2,16,2097152,524288,float,sum,213.8,9.81,18.39,0,218.82,9.58,17.97,0,RING,LL,24,RING,LL,24,0,RING,A_flag_ceiling
all_reduce_perf,2,16,4194304,1048576,float,sum,261.86,16.02,30.03,0,261.82,16.02,30.04,0,RING,LL,24,RING,LL,24,0,RING,A_flag_ceiling
all_reduce_perf,2,16,8388608,2097152,float,sum,494.24,16.97,31.82,0,497.92,16.85,31.59,0,RING,LL,24,RING,LL,24,0,RING,A_flag_ceiling
all_reduce_perf,2,16,16777216,4194304,float,sum,843.7,19.89,37.28,0,842.3,19.92,37.35,0,RING,LL,24,RING,LL,24,0,RING,A_flag_ceiling
all_reduce_perf,2,16,33554432,8388608,float,sum,1634.56,20.53,38.49,0,1621.15,20.7,38.81,0,RING,LL,24,RING,LL,24,0,RING,A_flag_ceiling
all_reduce_perf,2,16,67108864,16777216,float,sum,3066.32,21.89,41.04,0,3064.92,21.9,41.05,0,RING,LL,24,RING,LL,24,0,RING,A_flag_ceiling
all_reduce_perf,2,16,134217728,33554432,float,sum,6114.83,21.95,41.16,0,6116.39,21.94,41.14,0,RING,LL,24,RING,LL,24,0,RING,A_flag_ceiling
all_reduce_perf,2,16,268435456,67108864,float,sum,12151.3,22.09,41.42,0,12196.6,22.01,41.27,0,RING,LL,24,RING,LL,24,0,RING,A_flag_ceiling
all_reduce_perf,2,16,536870912,134217728,float,sum,24418.7,21.99,41.22,0,24419.5,21.99,41.22,0,RING,LL,24,RING,LL,24,0,RING,A_flag_ceiling
all_reduce_perf,2,16,4096,1024,float,sum,90.94,0.05,0.08,0,90.41,0.05,0.08,0,RING,LL128,24,RING,LL128,24,0,RING,A_flag_ceiling
all_reduce_perf,2,16,8192,2048,float,sum,90.08,0.09,0.17,0,90.17,0.09,0.17,0,RING,LL128,24,RING,LL128,24,0,RING,A_flag_ceiling
all_reduce_perf,2,16,16384,4096,float,sum,93.33,0.18,0.33,0,89.86,0.18,0.34,0,RING,LL128,24,RING,LL128,24,0,RING,A_flag_ceiling
all_reduce_perf,2,16,32768,8192,float,sum,97.46,0.34,0.63,0,93.86,0.35,0.65,0,RING,LL128,24,RING,LL128,24,0,RING,A_flag_ceiling
all_reduce_perf,2,16,65536,16384,float,sum,102.44,0.64,1.2,0,98.14,0.67,1.25,0,RING,LL128,24,RING,LL128,24,0,RING,A_flag_ceiling
all_reduce_perf,2,16,131072,32768,float,sum,106.97,1.23,2.3,0,105.62,1.24,2.33,0,RING,LL128,24,RING,LL128,24,0,RING,A_flag_ceiling
all_reduce_perf,2,16,262144,65536,float,sum,108.62,2.41,4.53,0,106.71,2.46,4.61,0,RING,LL128,24,RING,LL128,24,0,RING,A_flag_ceiling
all_reduce_perf,2,16,524288,131072,float,sum,135.73,3.86,7.24,0,135.0,3.88,7.28,0,RING,LL128,24,RING,LL128,24,0,RING,A_flag_ceiling
all_reduce_perf,2,16,1048576,262144,float,sum,137.13,7.65,14.34,0,132.24,7.93,14.87,0,RING,LL128,24,RING,LL128,24,0,RING,A_flag_ceiling
all_reduce_perf,2,16,2097152,524288,float,sum,142.15,14.75,27.66,0,136.32,15.38,28.85,0,RING,LL128,24,RING,LL128,24,0,RING,A_flag_ceiling
all_reduce_perf,2,16,4194304,1048576,float,sum,145.84,28.76,53.93,0,140.72,29.81,55.89,0,RING,LL128,24,RING,LL128,24,0,RING,A_flag_ceiling
all_reduce_perf,2,16,8388608,2097152,float,sum,146.51,57.26,107.35,0,146.38,57.31,107.45,0,RING,LL128,24,RING,LL128,24,0,RING,A_flag_ceiling
all_reduce_perf,2,16,16777216,4194304,float,sum,190.81,87.93,164.86,0,187.33,89.56,167.93,0,RING,LL128,24,RING,LL128,24,0,RING,A_flag_ceiling
all_reduce_perf,2,16,33554432,8388608,float,sum,321.85,104.25,195.48,0,319.1,105.15,197.16,0,RING,LL128,24,RING,LL128,24,0,RING,A_flag_ceiling
all_reduce_perf,2,16,67108864,16777216,float,sum,605.65,110.81,207.76,0,604.78,110.96,208.06,0,RING,LL128,24,RING,LL128,24,0,RING,A_flag_ceiling
all_reduce_perf,2,16,134217728,33554432,float,sum,1189.79,112.81,211.51,0,1186.23,113.15,212.15,0,RING,LL128,24,RING,LL128,24,0,RING,A_flag_ceiling
all_reduce_perf,2,16,268435456,67108864,float,sum,2333.46,115.04,215.7,0,2335.71,114.93,215.49,0,RING,LL128,24,RING,LL128,24,0,RING,A_flag_ceiling
all_reduce_perf,2,16,536870912,134217728,float,sum,4629.13,115.98,217.46,0,4640.19,115.7,216.94,0,RING,LL128,24,RING,LL128,24,0,RING,A_flag_ceiling
all_reduce_perf,2,16,4096,1024,float,sum,272.11,0.02,0.03,0,272.62,0.02,0.03,0,RING,SIMPLE,32,RING,SIMPLE,32,0,RING,A_flag_ceiling
all_reduce_perf,2,16,8192,2048,float,sum,277.67,0.03,0.06,0,271.02,0.03,0.06,0,RING,SIMPLE,32,RING,SIMPLE,32,0,RING,A_flag_ceiling
all_reduce_perf,2,16,16384,4096,float,sum,273.44,0.06,0.11,0,272.24,0.06,0.11,0,RING,SIMPLE,32,RING,SIMPLE,32,0,RING,A_flag_ceiling
all_reduce_perf,2,16,32768,8192,float,sum,273.52,0.12,0.22,0,271.74,0.12,0.23,0,RING,SIMPLE,32,RING,SIMPLE,32,0,RING,A_flag_ceiling
all_reduce_perf,2,16,65536,16384,float,sum,290.65,0.23,0.42,0,289.55,0.23,0.42,0,RING,SIMPLE,32,RING,SIMPLE,32,0,RING,A_flag_ceiling
all_reduce_perf,2,16,131072,32768,float,sum,318.72,0.41,0.77,0,317.89,0.41,0.77,0,RING,SIMPLE,32,RING,SIMPLE,32,0,RING,A_flag_ceiling
all_reduce_perf,2,16,262144,65536,float,sum,419.56,0.62,1.17,0,410.57,0.64,1.2,0,RING,SIMPLE,32,RING,SIMPLE,32,0,RING,A_flag_ceiling
all_reduce_perf,2,16,524288,131072,float,sum,409.65,1.28,2.4,0,414.22,1.27,2.37,0,RING,SIMPLE,32,RING,SIMPLE,32,0,RING,A_flag_ceiling
all_reduce_perf,2,16,1048576,262144,float,sum,414.64,2.53,4.74,0,414.22,2.53,4.75,0,RING,SIMPLE,32,RING,SIMPLE,32,0,RING,A_flag_ceiling
all_reduce_perf,2,16,2097152,524288,float,sum,415.17,5.05,9.47,0,414.77,5.06,9.48,0,RING,SIMPLE,32,RING,SIMPLE,32,0,RING,A_flag_ceiling
all_reduce_perf,2,16,4194304,1048576,float,sum,419.21,10.01,18.76,0,421.83,9.94,18.64,0,RING,SIMPLE,32,RING,SIMPLE,32,0,RING,A_flag_ceiling
all_reduce_perf,2,16,8388608,2097152,float,sum,436.46,19.22,36.04,0,433.76,19.34,36.26,0,RING,SIMPLE,32,RING,SIMPLE,32,0,RING,A_flag_ceiling
all_reduce_perf,2,16,16777216,4194304,float,sum,456.38,36.76,68.93,0,454.64,36.9,69.19,0,RING,SIMPLE,32,RING,SIMPLE,32,0,RING,A_flag_ceiling
all_reduce_perf,2,16,33554432,8388608,float,sum,472.29,71.05,133.21,0,471.92,71.1,133.32,0,RING,SIMPLE,32,RING,SIMPLE,32,0,RING,A_flag_ceiling
all_reduce_perf,2,16,67108864,16777216,float,sum,546.81,122.73,230.11,0,544.39,123.27,231.14,0,RING,SIMPLE,32,RING,SIMPLE,32,0,RING,A_flag_ceiling
all_reduce_perf,2,16,134217728,33554432,float,sum,804.65,166.8,312.75,0,803.79,166.98,313.09,0,RING,SIMPLE,32,RING,SIMPLE,32,0,RING,A_flag_ceiling
all_reduce_perf,2,16,268435456,67108864,float,sum,1395.16,192.4,360.76,0,1397.57,192.07,360.14,0,RING,SIMPLE,32,RING,SIMPLE,32,0,RING,A_flag_ceiling
all_reduce_perf,2,16,536870912,134217728,float,sum,2715.66,197.69,370.68,0,2711.91,197.97,371.19,0,RING,SIMPLE,32,RING,SIMPLE,32,0,RING,A_flag_ceiling
all_reduce_perf,2,16,4096,1024,float,sum,74.86,0.05,0.1,0,71.81,0.06,0.11,0,RING,LL,32,RING,LL,32,0,RING,A_flag_ceiling
all_reduce_perf,2,16,8192,2048,float,sum,74.79,0.11,0.21,0,73.41,0.11,0.21,0,RING,LL,32,RING,LL,32,0,RING,A_flag_ceiling
all_reduce_perf,2,16,16384,4096,float,sum,83.95,0.2,0.37,0,79.82,0.21,0.38,0,RING,LL,32,RING,LL,32,0,RING,A_flag_ceiling
all_reduce_perf,2,16,32768,8192,float,sum,103.59,0.32,0.59,0,99.87,0.33,0.62,0,RING,LL,32,RING,LL,32,0,RING,A_flag_ceiling
all_reduce_perf,2,16,65536,16384,float,sum,167.3,0.39,0.73,0,165.17,0.4,0.74,0,RING,LL,32,RING,LL,32,0,RING,A_flag_ceiling
all_reduce_perf,2,16,131072,32768,float,sum,177.67,0.74,1.38,0,171.56,0.76,1.43,0,RING,LL,32,RING,LL,32,0,RING,A_flag_ceiling
all_reduce_perf,2,16,262144,65536,float,sum,183.57,1.43,2.68,0,177.55,1.48,2.77,0,RING,LL,32,RING,LL,32,0,RING,A_flag_ceiling
all_reduce_perf,2,16,524288,131072,float,sum,191.87,2.73,5.12,0,187.14,2.8,5.25,0,RING,LL,32,RING,LL,32,0,RING,A_flag_ceiling
all_reduce_perf,2,16,1048576,262144,float,sum,206.21,5.08,9.53,0,202.43,5.18,9.71,0,RING,LL,32,RING,LL,32,0,RING,A_flag_ceiling
all_reduce_perf,2,16,2097152,524288,float,sum,236.62,8.86,16.62,0,236.22,8.88,16.65,0,RING,LL,32,RING,LL,32,0,RING,A_flag_ceiling
all_reduce_perf,2,16,4194304,1048576,float,sum,306.02,13.71,25.7,0,305.75,13.72,25.72,0,RING,LL,32,RING,LL,32,0,RING,A_flag_ceiling
all_reduce_perf,2,16,8388608,2097152,float,sum,385.31,21.77,40.82,0,382.18,21.95,41.16,0,RING,LL,32,RING,LL,32,0,RING,A_flag_ceiling
all_reduce_perf,2,16,16777216,4194304,float,sum,756.75,22.17,41.57,0,760.87,22.05,41.34,0,RING,LL,32,RING,LL,32,0,RING,A_flag_ceiling
all_reduce_perf,2,16,33554432,8388608,float,sum,1515.15,22.15,41.52,0,1507.53,22.26,41.73,0,RING,LL,32,RING,LL,32,0,RING,A_flag_ceiling
all_reduce_perf,2,16,67108864,16777216,float,sum,3032.52,22.13,41.49,0,3028.39,22.16,41.55,0,RING,LL,32,RING,LL,32,0,RING,A_flag_ceiling
all_reduce_perf,2,16,134217728,33554432,float,sum,6086.66,22.05,41.35,0,6171.53,21.75,40.78,0,RING,LL,32,RING,LL,32,0,RING,A_flag_ceiling
all_reduce_perf,2,16,268435456,67108864,float,sum,12181.5,22.04,41.32,0,12190.3,22.02,41.29,0,RING,LL,32,RING,LL,32,0,RING,A_flag_ceiling
all_reduce_perf,2,16,536870912,134217728,float,sum,24408.0,22.0,41.24,0,24278.2,22.11,41.46,0,RING,LL,32,RING,LL,32,0,RING,A_flag_ceiling
all_reduce_perf,2,16,4096,1024,float,sum,91.43,0.04,0.08,0,95.26,0.04,0.08,0,RING,LL128,32,RING,LL128,32,0,RING,A_flag_ceiling
all_reduce_perf,2,16,8192,2048,float,sum,97.69,0.08,0.16,0,95.13,0.09,0.16,0,RING,LL128,32,RING,LL128,32,0,RING,A_flag_ceiling
all_reduce_perf,2,16,16384,4096,float,sum,98.06,0.17,0.31,0,151.53,0.11,0.2,0,RING,LL128,32,RING,LL128,32,0,RING,A_flag_ceiling
all_reduce_perf,2,16,32768,8192,float,sum,98.21,0.33,0.63,0,94.35,0.35,0.65,0,RING,LL128,32,RING,LL128,32,0,RING,A_flag_ceiling
all_reduce_perf,2,16,65536,16384,float,sum,104.4,0.63,1.18,0,98.84,0.66,1.24,0,RING,LL128,32,RING,LL128,32,0,RING,A_flag_ceiling
all_reduce_perf,2,16,131072,32768,float,sum,106.79,1.23,2.3,0,174.72,0.75,1.41,0,RING,LL128,32,RING,LL128,32,0,RING,A_flag_ceiling
all_reduce_perf,2,16,262144,65536,float,sum,164.77,1.59,2.98,0,163.79,1.6,3.0,0,RING,LL128,32,RING,LL128,32,0,RING,A_flag_ceiling
all_reduce_perf,2,16,524288,131072,float,sum,164.99,3.18,5.96,0,165.56,3.17,5.94,0,RING,LL128,32,RING,LL128,32,0,RING,A_flag_ceiling
all_reduce_perf,2,16,1048576,262144,float,sum,170.8,6.14,11.51,0,165.8,6.32,11.86,0,RING,LL128,32,RING,LL128,32,0,RING,A_flag_ceiling
all_reduce_perf,2,16,2097152,524288,float,sum,175.01,11.98,22.47,0,168.01,12.48,23.4,0,RING,LL128,32,RING,LL128,32,0,RING,A_flag_ceiling
all_reduce_perf,2,16,4194304,1048576,float,sum,172.0,24.38,45.72,0,168.79,24.85,46.59,0,RING,LL128,32,RING,LL128,32,0,RING,A_flag_ceiling
all_reduce_perf,2,16,8388608,2097152,float,sum,174.29,48.13,90.24,0,173.24,48.42,90.79,0,RING,LL128,32,RING,LL128,32,0,RING,A_flag_ceiling
all_reduce_perf,2,16,16777216,4194304,float,sum,189.55,88.51,165.96,0,188.99,88.77,166.45,0,RING,LL128,32,RING,LL128,32,0,RING,A_flag_ceiling
all_reduce_perf,2,16,33554432,8388608,float,sum,276.37,121.41,227.64,0,274.76,122.12,228.98,0,RING,LL128,32,RING,LL128,32,0,RING,A_flag_ceiling
all_reduce_perf,2,16,67108864,16777216,float,sum,537.1,124.95,234.28,0,534.57,125.54,235.38,0,RING,LL128,32,RING,LL128,32,0,RING,A_flag_ceiling
all_reduce_perf,2,16,134217728,33554432,float,sum,982.1,136.66,256.25,0,979.32,137.05,256.97,0,RING,LL128,32,RING,LL128,32,0,RING,A_flag_ceiling
all_reduce_perf,2,16,268435456,67108864,float,sum,1935.28,138.71,260.07,0,1936.68,138.61,259.89,0,RING,LL128,32,RING,LL128,32,0,RING,A_flag_ceiling
all_reduce_perf,2,16,536870912,134217728,float,sum,3767.89,142.49,267.16,0,3768.92,142.45,267.09,0,RING,LL128,32,RING,LL128,32,0,RING,A_flag_ceiling
all_reduce_perf,2,16,4096,1024,float,sum,270.91,0.02,0.03,0,269.17,0.02,0.03,0,RING,SIMPLE,40,RING,SIMPLE,40,0,RING,A_flag_ceiling
all_reduce_perf,2,16,8192,2048,float,sum,277.17,0.03,0.06,0,273.06,0.03,0.06,0,RING,SIMPLE,40,RING,SIMPLE,40,0,RING,A_flag_ceiling
all_reduce_perf,2,16,16384,4096,float,sum,275.07,0.06,0.11,0,270.54,0.06,0.11,0,RING,SIMPLE,40,RING,SIMPLE,40,0,RING,A_flag_ceiling
all_reduce_perf,2,16,32768,8192,float,sum,273.66,0.12,0.22,0,272.73,0.12,0.23,0,RING,SIMPLE,40,RING,SIMPLE,40,0,RING,A_flag_ceiling
all_reduce_perf,2,16,65536,16384,float,sum,290.45,0.23,0.42,0,289.11,0.23,0.43,0,RING,SIMPLE,40,RING,SIMPLE,40,0,RING,A_flag_ceiling
all_reduce_perf,2,16,131072,32768,float,sum,341.81,0.38,0.72,0,315.75,0.42,0.78,0,RING,SIMPLE,40,RING,SIMPLE,40,0,RING,A_flag_ceiling
all_reduce_perf,2,16,262144,65536,float,sum,409.17,0.64,1.2,0,408.25,0.64,1.2,0,RING,SIMPLE,40,RING,SIMPLE,40,0,RING,A_flag_ceiling
all_reduce_perf,2,16,524288,131072,float,sum,406.45,1.29,2.42,0,408.22,1.28,2.41,0,RING,SIMPLE,40,RING,SIMPLE,40,0,RING,A_flag_ceiling
all_reduce_perf,2,16,1048576,262144,float,sum,460.24,2.28,4.27,0,413.69,2.53,4.75,0,RING,SIMPLE,40,RING,SIMPLE,40,0,RING,A_flag_ceiling
all_reduce_perf,2,16,2097152,524288,float,sum,460.43,4.55,8.54,0,469.19,4.47,8.38,0,RING,SIMPLE,40,RING,SIMPLE,40,0,RING,A_flag_ceiling
all_reduce_perf,2,16,4194304,1048576,float,sum,491.84,8.53,15.99,0,481.24,8.72,16.34,0,RING,SIMPLE,40,RING,SIMPLE,40,0,RING,A_flag_ceiling
all_reduce_perf,2,16,8388608,2097152,float,sum,507.91,16.52,30.97,0,497.96,16.85,31.59,0,RING,SIMPLE,40,RING,SIMPLE,40,0,RING,A_flag_ceiling
all_reduce_perf,2,16,16777216,4194304,float,sum,507.53,33.06,61.98,0,506.95,33.09,62.05,0,RING,SIMPLE,40,RING,SIMPLE,40,0,RING,A_flag_ceiling
all_reduce_perf,2,16,33554432,8388608,float,sum,535.26,62.69,117.54,0,532.85,62.97,118.07,0,RING,SIMPLE,40,RING,SIMPLE,40,0,RING,A_flag_ceiling
all_reduce_perf,2,16,67108864,16777216,float,sum,584.02,114.91,215.45,0,574.98,116.72,218.84,0,RING,SIMPLE,40,RING,SIMPLE,40,0,RING,A_flag_ceiling
all_reduce_perf,2,16,134217728,33554432,float,sum,774.53,173.29,324.92,0,818.26,164.03,307.55,0,RING,SIMPLE,40,RING,SIMPLE,40,0,RING,A_flag_ceiling
all_reduce_perf,2,16,268435456,67108864,float,sum,1367.64,196.28,368.02,0,1367.17,196.34,368.14,0,RING,SIMPLE,40,RING,SIMPLE,40,0,RING,A_flag_ceiling
all_reduce_perf,2,16,536870912,134217728,float,sum,2690.56,199.54,374.14,0,2694.82,199.22,373.54,0,RING,SIMPLE,40,RING,SIMPLE,40,0,RING,A_flag_ceiling
all_reduce_perf,2,16,4096,1024,float,sum,73.51,0.06,0.1,0,76.69,0.05,0.1,0,RING,LL,40,RING,LL,40,0,RING,A_flag_ceiling
all_reduce_perf,2,16,8192,2048,float,sum,79.46,0.1,0.19,0,73.71,0.11,0.21,0,RING,LL,40,RING,LL,40,0,RING,A_flag_ceiling
all_reduce_perf,2,16,16384,4096,float,sum,79.86,0.21,0.38,0,78.74,0.21,0.39,0,RING,LL,40,RING,LL,40,0,RING,A_flag_ceiling
all_reduce_perf,2,16,32768,8192,float,sum,100.34,0.33,0.61,0,100.58,0.33,0.61,0,RING,LL,40,RING,LL,40,0,RING,A_flag_ceiling
all_reduce_perf,2,16,65536,16384,float,sum,162.0,0.4,0.76,0,161.05,0.41,0.76,0,RING,LL,40,RING,LL,40,0,RING,A_flag_ceiling
all_reduce_perf,2,16,131072,32768,float,sum,176.4,0.74,1.39,0,170.97,0.77,1.44,0,RING,LL,40,RING,LL,40,0,RING,A_flag_ceiling
all_reduce_perf,2,16,262144,65536,float,sum,180.05,1.46,2.73,0,177.44,1.48,2.77,0,RING,LL,40,RING,LL,40,0,RING,A_flag_ceiling
all_reduce_perf,2,16,524288,131072,float,sum,201.59,2.6,4.88,0,203.0,2.58,4.84,0,RING,LL,40,RING,LL,40,0,RING,A_flag_ceiling
all_reduce_perf,2,16,1048576,262144,float,sum,244.07,4.3,8.06,0,237.67,4.41,8.27,0,RING,LL,40,RING,LL,40,0,RING,A_flag_ceiling
all_reduce_perf,2,16,2097152,524288,float,sum,275.42,7.61,14.28,0,277.5,7.56,14.17,0,RING,LL,40,RING,LL,40,0,RING,A_flag_ceiling
all_reduce_perf,2,16,4194304,1048576,float,sum,356.25,11.77,22.08,0,354.29,11.84,22.2,0,RING,LL,40,RING,LL,40,0,RING,A_flag_ceiling
all_reduce_perf,2,16,8388608,2097152,float,sum,484.12,17.33,32.49,0,478.76,17.52,32.85,0,RING,LL,40,RING,LL,40,0,RING,A_flag_ceiling
all_reduce_perf,2,16,16777216,4194304,float,sum,941.6,17.82,33.41,0,936.75,17.91,33.58,0,RING,LL,40,RING,LL,40,0,RING,A_flag_ceiling
all_reduce_perf,2,16,33554432,8388608,float,sum,1779.5,18.86,35.36,0,1776.05,18.89,35.42,0,RING,LL,40,RING,LL,40,0,RING,A_flag_ceiling
all_reduce_perf,2,16,67108864,16777216,float,sum,3379.05,19.86,37.24,0,3367.65,19.93,37.36,0,RING,LL,40,RING,LL,40,0,RING,A_flag_ceiling
all_reduce_perf,2,16,134217728,33554432,float,sum,6497.07,20.66,38.73,0,6489.93,20.68,38.78,0,RING,LL,40,RING,LL,40,0,RING,A_flag_ceiling
all_reduce_perf,2,16,268435456,67108864,float,sum,12924.7,20.77,38.94,0,12935.6,20.75,38.91,0,RING,LL,40,RING,LL,40,0,RING,A_flag_ceiling
all_reduce_perf,2,16,536870912,134217728,float,sum,24982.6,21.49,40.29,0,23902.7,22.46,42.11,0,RING,LL,40,RING,LL,40,0,RING,A_flag_ceiling
all_reduce_perf,2,16,4096,1024,float,sum,91.84,0.04,0.08,0,90.32,0.05,0.09,0,RING,LL128,40,RING,LL128,40,0,RING,A_flag_ceiling
all_reduce_perf,2,16,8192,2048,float,sum,93.48,0.09,0.16,0,90.09,0.09,0.17,0,RING,LL128,40,RING,LL128,40,0,RING,A_flag_ceiling
all_reduce_perf,2,16,16384,4096,float,sum,90.8,0.18,0.34,0,90.09,0.18,0.34,0,RING,LL128,40,RING,LL128,40,0,RING,A_flag_ceiling
all_reduce_perf,2,16,32768,8192,float,sum,96.47,0.34,0.64,0,92.73,0.35,0.66,0,RING,LL128,40,RING,LL128,40,0,RING,A_flag_ceiling
all_reduce_perf,2,16,65536,16384,float,sum,99.04,0.66,1.24,0,98.79,0.66,1.24,0,RING,LL128,40,RING,LL128,40,0,RING,A_flag_ceiling
all_reduce_perf,2,16,131072,32768,float,sum,109.28,1.2,2.25,0,105.93,1.24,2.32,0,RING,LL128,40,RING,LL128,40,0,RING,A_flag_ceiling
all_reduce_perf,2,16,262144,65536,float,sum,172.23,1.52,2.85,0,163.22,1.61,3.01,0,RING,LL128,40,RING,LL128,40,0,RING,A_flag_ceiling
all_reduce_perf,2,16,524288,131072,float,sum,170.29,3.08,5.77,0,175.47,2.99,5.6,0,RING,LL128,40,RING,LL128,40,0,RING,A_flag_ceiling
all_reduce_perf,2,16,1048576,262144,float,sum,177.9,5.89,11.05,0,167.9,6.25,11.71,0,RING,LL128,40,RING,LL128,40,0,RING,A_flag_ceiling
all_reduce_perf,2,16,2097152,524288,float,sum,190.69,11.0,20.62,0,181.44,11.56,21.67,0,RING,LL128,40,RING,LL128,40,0,RING,A_flag_ceiling
all_reduce_perf,2,16,4194304,1048576,float,sum,197.17,21.27,39.89,0,195.75,21.43,40.18,0,RING,LL128,40,RING,LL128,40,0,RING,A_flag_ceiling
all_reduce_perf,2,16,8388608,2097152,float,sum,200.54,41.83,78.43,0,201.31,41.67,78.13,0,RING,LL128,40,RING,LL128,40,0,RING,A_flag_ceiling
all_reduce_perf,2,16,16777216,4194304,float,sum,214.64,78.16,146.56,0,214.46,78.23,146.68,0,RING,LL128,40,RING,LL128,40,0,RING,A_flag_ceiling
all_reduce_perf,2,16,33554432,8388608,float,sum,252.74,132.76,248.93,0,250.77,133.81,250.89,0,RING,LL128,40,RING,LL128,40,0,RING,A_flag_ceiling
all_reduce_perf,2,16,67108864,16777216,float,sum,587.3,114.27,214.25,0,586.04,114.51,214.71,0,RING,LL128,40,RING,LL128,40,0,RING,A_flag_ceiling
all_reduce_perf,2,16,134217728,33554432,float,sum,976.26,137.48,257.78,0,973.41,137.88,258.53,0,RING,LL128,40,RING,LL128,40,0,RING,A_flag_ceiling
all_reduce_perf,2,16,268435456,67108864,float,sum,1761.25,152.41,285.77,0,1758.7,152.63,286.19,0,RING,LL128,40,RING,LL128,40,0,RING,A_flag_ceiling
all_reduce_perf,2,16,536870912,134217728,float,sum,3353.16,160.11,300.2,0,3351.22,160.2,300.38,0,RING,LL128,40,RING,LL128,40,0,RING,A_flag_ceiling
all_reduce_perf,2,16,4096,1024,float,sum,272.42,0.02,0.03,0,272.18,0.02,0.03,0,RING,SIMPLE,48,RING,SIMPLE,48,0,RING,A_flag_ceiling
all_reduce_perf,2,16,8192,2048,float,sum,274.33,0.03,0.06,0,269.94,0.03,0.06,0,RING,SIMPLE,48,RING,SIMPLE,48,0,RING,A_flag_ceiling
all_reduce_perf,2,16,16384,4096,float,sum,272.71,0.06,0.11,0,271.98,0.06,0.11,0,RING,SIMPLE,48,RING,SIMPLE,48,0,RING,A_flag_ceiling
all_reduce_perf,2,16,32768,8192,float,sum,272.39,0.12,0.23,0,271.72,0.12,0.23,0,RING,SIMPLE,48,RING,SIMPLE,48,0,RING,A_flag_ceiling
all_reduce_perf,2,16,65536,16384,float,sum,290.79,0.23,0.42,0,290.94,0.23,0.42,0,RING,SIMPLE,48,RING,SIMPLE,48,0,RING,A_flag_ceiling
all_reduce_perf,2,16,131072,32768,float,sum,318.41,0.41,0.77,0,316.55,0.41,0.78,0,RING,SIMPLE,48,RING,SIMPLE,48,0,RING,A_flag_ceiling
all_reduce_perf,2,16,262144,65536,float,sum,415.76,0.63,1.18,0,411.97,0.64,1.19,0,RING,SIMPLE,48,RING,SIMPLE,48,0,RING,A_flag_ceiling
all_reduce_perf,2,16,524288,131072,float,sum,410.34,1.28,2.4,0,412.31,1.27,2.38,0,RING,SIMPLE,48,RING,SIMPLE,48,0,RING,A_flag_ceiling
all_reduce_perf,2,16,1048576,262144,float,sum,582.34,1.8,3.38,0,521.23,2.01,3.77,0,RING,SIMPLE,48,RING,SIMPLE,48,0,RING,A_flag_ceiling
all_reduce_perf,2,16,2097152,524288,float,sum,517.19,4.05,7.6,0,520.42,4.03,7.56,0,RING,SIMPLE,48,RING,SIMPLE,48,0,RING,A_flag_ceiling
all_reduce_perf,2,16,4194304,1048576,float,sum,587.04,7.14,13.4,0,585.2,7.17,13.44,0,RING,SIMPLE,48,RING,SIMPLE,48,0,RING,A_flag_ceiling
all_reduce_perf,2,16,8388608,2097152,float,sum,565.41,14.84,27.82,0,555.1,15.11,28.33,0,RING,SIMPLE,48,RING,SIMPLE,48,0,RING,A_flag_ceiling
all_reduce_perf,2,16,16777216,4194304,float,sum,638.11,26.29,49.3,0,675.96,24.82,46.54,0,RING,SIMPLE,48,RING,SIMPLE,48,0,RING,A_flag_ceiling
all_reduce_perf,2,16,33554432,8388608,float,sum,608.23,55.17,103.44,0,598.36,56.08,105.15,0,RING,SIMPLE,48,RING,SIMPLE,48,0,RING,A_flag_ceiling
all_reduce_perf,2,16,67108864,16777216,float,sum,713.01,94.12,176.48,0,660.6,101.59,190.48,0,RING,SIMPLE,48,RING,SIMPLE,48,0,RING,A_flag_ceiling
all_reduce_perf,2,16,134217728,33554432,float,sum,794.73,168.88,316.66,0,792.81,169.29,317.43,0,RING,SIMPLE,48,RING,SIMPLE,48,0,RING,A_flag_ceiling
all_reduce_perf,2,16,268435456,67108864,float,sum,1410.88,190.26,356.74,0,1362.01,197.09,369.54,0,RING,SIMPLE,48,RING,SIMPLE,48,0,RING,A_flag_ceiling
all_reduce_perf,2,16,536870912,134217728,float,sum,2684.41,200.0,374.99,0,2689.83,199.59,374.24,0,RING,SIMPLE,48,RING,SIMPLE,48,0,RING,A_flag_ceiling
all_reduce_perf,2,16,4096,1024,float,sum,74.58,0.05,0.1,0,73.15,0.06,0.1,0,RING,LL,48,RING,LL,48,0,RING,A_flag_ceiling
all_reduce_perf,2,16,8192,2048,float,sum,75.89,0.11,0.2,0,77.59,0.11,0.2,0,RING,LL,48,RING,LL,48,0,RING,A_flag_ceiling
all_reduce_perf,2,16,16384,4096,float,sum,84.49,0.19,0.36,0,79.59,0.21,0.39,0,RING,LL,48,RING,LL,48,0,RING,A_flag_ceiling
all_reduce_perf,2,16,32768,8192,float,sum,104.04,0.31,0.59,0,98.36,0.33,0.62,0,RING,LL,48,RING,LL,48,0,RING,A_flag_ceiling
all_reduce_perf,2,16,65536,16384,float,sum,165.85,0.4,0.74,0,161.64,0.41,0.76,0,RING,LL,48,RING,LL,48,0,RING,A_flag_ceiling
all_reduce_perf,2,16,131072,32768,float,sum,175.95,0.74,1.4,0,173.8,0.75,1.41,0,RING,LL,48,RING,LL,48,0,RING,A_flag_ceiling
all_reduce_perf,2,16,262144,65536,float,sum,240.18,1.09,2.05,0,230.94,1.14,2.13,0,RING,LL,48,RING,LL,48,0,RING,A_flag_ceiling
all_reduce_perf,2,16,524288,131072,float,sum,242.85,2.16,4.05,0,237.21,2.21,4.14,0,RING,LL,48,RING,LL,48,0,RING,A_flag_ceiling
all_reduce_perf,2,16,1048576,262144,float,sum,278.3,3.77,7.06,0,277.65,3.78,7.08,0,RING,LL,48,RING,LL,48,0,RING,A_flag_ceiling
all_reduce_perf,2,16,2097152,524288,float,sum,321.19,6.53,12.24,0,319.34,6.57,12.31,0,RING,LL,48,RING,LL,48,0,RING,A_flag_ceiling
all_reduce_perf,2,16,4194304,1048576,float,sum,397.12,10.56,19.8,0,397.49,10.55,19.79,0,RING,LL,48,RING,LL,48,0,RING,A_flag_ceiling
all_reduce_perf,2,16,8388608,2097152,float,sum,500.0,16.78,31.46,0,500.16,16.77,31.45,0,RING,LL,48,RING,LL,48,0,RING,A_flag_ceiling
all_reduce_perf,2,16,16777216,4194304,float,sum,950.13,17.66,33.11,0,951.48,17.63,33.06,0,RING,LL,48,RING,LL,48,0,RING,A_flag_ceiling
all_reduce_perf,2,16,33554432,8388608,float,sum,1641.01,20.45,38.34,0,1638.33,20.48,38.4,0,RING,LL,48,RING,LL,48,0,RING,A_flag_ceiling
all_reduce_perf,2,16,67108864,16777216,float,sum,3189.41,21.04,39.45,0,3196.02,21.0,39.37,0,RING,LL,48,RING,LL,48,0,RING,A_flag_ceiling
all_reduce_perf,2,16,134217728,33554432,float,sum,6136.56,21.87,41.01,0,6091.77,22.03,41.31,0,RING,LL,48,RING,LL,48,0,RING,A_flag_ceiling
all_reduce_perf,2,16,268435456,67108864,float,sum,12132.6,22.13,41.48,0,12133.5,22.12,41.48,0,RING,LL,48,RING,LL,48,0,RING,A_flag_ceiling
all_reduce_perf,2,16,536870912,134217728,float,sum,24071.5,22.3,41.82,0,24084.7,22.29,41.8,0,RING,LL,48,RING,LL,48,0,RING,A_flag_ceiling
all_reduce_perf,2,16,4096,1024,float,sum,135.94,0.03,0.06,0,93.66,0.04,0.08,0,RING,LL128,48,RING,LL128,48,0,RING,A_flag_ceiling
all_reduce_perf,2,16,8192,2048,float,sum,91.98,0.09,0.17,0,93.13,0.09,0.16,0,RING,LL128,48,RING,LL128,48,0,RING,A_flag_ceiling
all_reduce_perf,2,16,16384,4096,float,sum,90.69,0.18,0.34,0,90.11,0.18,0.34,0,RING,LL128,48,RING,LL128,48,0,RING,A_flag_ceiling
all_reduce_perf,2,16,32768,8192,float,sum,96.7,0.34,0.64,0,92.55,0.35,0.66,0,RING,LL128,48,RING,LL128,48,0,RING,A_flag_ceiling
all_reduce_perf,2,16,65536,16384,float,sum,102.0,0.64,1.2,0,100.13,0.65,1.23,0,RING,LL128,48,RING,LL128,48,0,RING,A_flag_ceiling
all_reduce_perf,2,16,131072,32768,float,sum,187.94,0.7,1.31,0,105.53,1.24,2.33,0,RING,LL128,48,RING,LL128,48,0,RING,A_flag_ceiling
all_reduce_perf,2,16,262144,65536,float,sum,173.53,1.51,2.83,0,165.92,1.58,2.96,0,RING,LL128,48,RING,LL128,48,0,RING,A_flag_ceiling
all_reduce_perf,2,16,524288,131072,float,sum,173.24,3.03,5.67,0,165.49,3.17,5.94,0,RING,LL128,48,RING,LL128,48,0,RING,A_flag_ceiling
all_reduce_perf,2,16,1048576,262144,float,sum,218.32,4.8,9.01,0,211.32,4.96,9.3,0,RING,LL128,48,RING,LL128,48,0,RING,A_flag_ceiling
all_reduce_perf,2,16,2097152,524288,float,sum,211.34,9.92,18.61,0,219.93,9.54,17.88,0,RING,LL128,48,RING,LL128,48,0,RING,A_flag_ceiling
all_reduce_perf,2,16,4194304,1048576,float,sum,239.74,17.5,32.8,0,234.33,17.9,33.56,0,RING,LL128,48,RING,LL128,48,0,RING,A_flag_ceiling
all_reduce_perf,2,16,8388608,2097152,float,sum,236.94,35.4,66.38,0,231.32,36.26,68.0,0,RING,LL128,48,RING,LL128,48,0,RING,A_flag_ceiling
all_reduce_perf,2,16,16777216,4194304,float,sum,237.01,70.79,132.72,0,237.12,70.75,132.66,0,RING,LL128,48,RING,LL128,48,0,RING,A_flag_ceiling
all_reduce_perf,2,16,33554432,8388608,float,sum,267.49,125.44,235.2,0,270.34,124.12,232.72,0,RING,LL128,48,RING,LL128,48,0,RING,A_flag_ceiling
all_reduce_perf,2,16,67108864,16777216,float,sum,429.61,156.21,292.89,0,432.16,155.29,291.16,0,RING,LL128,48,RING,LL128,48,0,RING,A_flag_ceiling
all_reduce_perf,2,16,134217728,33554432,float,sum,813.53,164.98,309.34,0,809.83,165.74,310.76,0,RING,LL128,48,RING,LL128,48,0,RING,A_flag_ceiling
all_reduce_perf,2,16,268435456,67108864,float,sum,1599.03,167.87,314.76,0,1595.52,168.24,315.46,0,RING,LL128,48,RING,LL128,48,0,RING,A_flag_ceiling
all_reduce_perf,2,16,536870912,134217728,float,sum,3124.47,171.83,322.18,0,3122.68,171.93,322.36,0,RING,LL128,48,RING,LL128,48,0,RING,A_flag_ceiling
all_reduce_perf,2,16,4096,1024,float,sum,71.7,0.06,0.11,0,68.04,0.06,0.11,0,TREE,SIMPLE,1,TREE,SIMPLE,1,0,TREE,A_flag_ceiling
all_reduce_perf,2,16,8192,2048,float,sum,71.16,0.12,0.22,0,69.99,0.12,0.22,0,TREE,SIMPLE,1,TREE,SIMPLE,1,0,TREE,A_flag_ceiling
all_reduce_perf,2,16,16384,4096,float,sum,78.52,0.21,0.39,0,74.83,0.22,0.41,0,TREE,SIMPLE,1,TREE,SIMPLE,1,0,TREE,A_flag_ceiling
all_reduce_perf,2,16,32768,8192,float,sum,96.62,0.34,0.64,0,92.32,0.35,0.67,0,TREE,SIMPLE,1,TREE,SIMPLE,1,0,TREE,A_flag_ceiling
all_reduce_perf,2,16,65536,16384,float,sum,103.98,0.63,1.18,0,102.42,0.64,1.2,0,TREE,SIMPLE,1,TREE,SIMPLE,1,0,TREE,A_flag_ceiling
all_reduce_perf,2,16,131072,32768,float,sum,126.49,1.04,1.94,0,124.31,1.05,1.98,0,TREE,SIMPLE,1,TREE,SIMPLE,1,0,TREE,A_flag_ceiling
all_reduce_perf,2,16,262144,65536,float,sum,172.43,1.52,2.85,0,159.05,1.65,3.09,0,TREE,SIMPLE,1,TREE,SIMPLE,1,0,TREE,A_flag_ceiling
all_reduce_perf,2,16,524288,131072,float,sum,231.87,2.26,4.24,0,213.93,2.45,4.6,0,TREE,SIMPLE,1,TREE,SIMPLE,1,0,TREE,A_flag_ceiling
all_reduce_perf,2,16,1048576,262144,float,sum,345.01,3.04,5.7,0,317.09,3.31,6.2,0,TREE,SIMPLE,1,TREE,SIMPLE,1,0,TREE,A_flag_ceiling
all_reduce_perf,2,16,2097152,524288,float,sum,566.11,3.7,6.95,0,516.26,4.06,7.62,0,TREE,SIMPLE,1,TREE,SIMPLE,1,0,TREE,A_flag_ceiling
all_reduce_perf,2,16,4194304,1048576,float,sum,878.07,4.78,8.96,0,822.3,5.1,9.56,0,TREE,SIMPLE,1,TREE,SIMPLE,1,0,TREE,A_flag_ceiling
all_reduce_perf,2,16,8388608,2097152,float,sum,1557.62,5.39,10.1,0,1513.6,5.54,10.39,0,TREE,SIMPLE,1,TREE,SIMPLE,1,0,TREE,A_flag_ceiling
all_reduce_perf,2,16,16777216,4194304,float,sum,2736.1,6.13,11.5,0,2695.86,6.22,11.67,0,TREE,SIMPLE,1,TREE,SIMPLE,1,0,TREE,A_flag_ceiling
all_reduce_perf,2,16,33554432,8388608,float,sum,5161.39,6.5,12.19,0,5131.76,6.54,12.26,0,TREE,SIMPLE,1,TREE,SIMPLE,1,0,TREE,A_flag_ceiling
all_reduce_perf,2,16,67108864,16777216,float,sum,9790.77,6.85,12.85,0,9798.14,6.85,12.84,0,TREE,SIMPLE,1,TREE,SIMPLE,1,0,TREE,A_flag_ceiling
all_reduce_perf,2,16,134217728,33554432,float,sum,19088.5,7.03,13.18,0,19125.1,7.02,13.16,0,TREE,SIMPLE,1,TREE,SIMPLE,1,0,TREE,A_flag_ceiling
all_reduce_perf,2,16,268435456,67108864,float,sum,37702.8,7.12,13.35,0,37762.5,7.11,13.33,0,TREE,SIMPLE,1,TREE,SIMPLE,1,0,TREE,A_flag_ceiling
all_reduce_perf,2,16,536870912,134217728,float,sum,74921.5,7.17,13.44,0,75025.6,7.16,13.42,0,TREE,SIMPLE,1,TREE,SIMPLE,1,0,TREE,A_flag_ceiling
all_reduce_perf,2,16,4096,1024,float,sum,43.59,0.09,0.18,0,42.56,0.1,0.18,0,TREE,LL,1,TREE,LL,1,0,TREE,A_flag_ceiling
all_reduce_perf,2,16,8192,2048,float,sum,53.6,0.15,0.29,0,53.45,0.15,0.29,0,TREE,LL,1,TREE,LL,1,0,TREE,A_flag_ceiling
all_reduce_perf,2,16,16384,4096,float,sum,71.44,0.23,0.43,0,69.32,0.24,0.44,0,TREE,LL,1,TREE,LL,1,0,TREE,A_flag_ceiling
all_reduce_perf,2,16,32768,8192,float,sum,81.97,0.4,0.75,0,81.63,0.4,0.75,0,TREE,LL,1,TREE,LL,1,0,TREE,A_flag_ceiling
all_reduce_perf,2,16,65536,16384,float,sum,110.93,0.59,1.11,0,107.95,0.61,1.14,0,TREE,LL,1,TREE,LL,1,0,TREE,A_flag_ceiling
all_reduce_perf,2,16,131072,32768,float,sum,165.17,0.79,1.49,0,162.03,0.81,1.52,0,TREE,LL,1,TREE,LL,1,0,TREE,A_flag_ceiling
all_reduce_perf,2,16,262144,65536,float,sum,274.35,0.96,1.79,0,269.24,0.97,1.83,0,TREE,LL,1,TREE,LL,1,0,TREE,A_flag_ceiling
all_reduce_perf,2,16,524288,131072,float,sum,481.28,1.09,2.04,0,482.55,1.09,2.04,0,TREE,LL,1,TREE,LL,1,0,TREE,A_flag_ceiling
all_reduce_perf,2,16,1048576,262144,float,sum,906.08,1.16,2.17,0,908.77,1.15,2.16,0,TREE,LL,1,TREE,LL,1,0,TREE,A_flag_ceiling
all_reduce_perf,2,16,2097152,524288,float,sum,1758.23,1.19,2.24,0,1753.42,1.2,2.24,0,TREE,LL,1,TREE,LL,1,0,TREE,A_flag_ceiling
all_reduce_perf,2,16,4194304,1048576,float,sum,3444.21,1.22,2.28,0,3455.49,1.21,2.28,0,TREE,LL,1,TREE,LL,1,0,TREE,A_flag_ceiling
all_reduce_perf,2,16,8388608,2097152,float,sum,6836.14,1.23,2.3,0,6876.74,1.22,2.29,0,TREE,LL,1,TREE,LL,1,0,TREE,A_flag_ceiling
all_reduce_perf,2,16,16777216,4194304,float,sum,13573.7,1.24,2.32,0,13666.0,1.23,2.3,0,TREE,LL,1,TREE,LL,1,0,TREE,A_flag_ceiling
all_reduce_perf,2,16,33554432,8388608,float,sum,27069.5,1.24,2.32,0,27230.4,1.23,2.31,0,TREE,LL,1,TREE,LL,1,0,TREE,A_flag_ceiling
all_reduce_perf,2,16,67108864,16777216,float,sum,54120.5,1.24,2.32,0,54314.1,1.24,2.32,0,TREE,LL,1,TREE,LL,1,0,TREE,A_flag_ceiling
all_reduce_perf,2,16,134217728,33554432,float,sum,108119.0,1.24,2.33,0,108665.0,1.24,2.32,0,TREE,LL,1,TREE,LL,1,0,TREE,A_flag_ceiling
all_reduce_perf,2,16,268435456,67108864,float,sum,215122.0,1.25,2.34,0,215929.0,1.24,2.33,0,TREE,LL,1,TREE,LL,1,0,TREE,A_flag_ceiling
all_reduce_perf,2,16,536870912,134217728,float,sum,428692.0,1.25,2.35,0,430702.0,1.25,2.34,0,TREE,LL,1,TREE,LL,1,0,TREE,A_flag_ceiling
all_reduce_perf,2,16,4096,1024,float,sum,47.24,0.09,0.16,0,45.61,0.09,0.17,0,TREE,LL128,1,TREE,LL128,1,0,TREE,A_flag_ceiling
all_reduce_perf,2,16,8192,2048,float,sum,50.0,0.16,0.31,0,48.26,0.17,0.32,0,TREE,LL128,1,TREE,LL128,1,0,TREE,A_flag_ceiling
all_reduce_perf,2,16,16384,4096,float,sum,53.86,0.3,0.57,0,51.55,0.32,0.6,0,TREE,LL128,1,TREE,LL128,1,0,TREE,A_flag_ceiling
all_reduce_perf,2,16,32768,8192,float,sum,59.42,0.55,1.03,0,57.32,0.57,1.07,0,TREE,LL128,1,TREE,LL128,1,0,TREE,A_flag_ceiling
all_reduce_perf,2,16,65536,16384,float,sum,65.49,1.0,1.88,0,63.65,1.03,1.93,0,TREE,LL128,1,TREE,LL128,1,0,TREE,A_flag_ceiling
all_reduce_perf,2,16,131072,32768,float,sum,80.86,1.62,3.04,0,78.08,1.68,3.15,0,TREE,LL128,1,TREE,LL128,1,0,TREE,A_flag_ceiling
all_reduce_perf,2,16,262144,65536,float,sum,108.32,2.42,4.54,0,106.82,2.45,4.6,0,TREE,LL128,1,TREE,LL128,1,0,TREE,A_flag_ceiling
all_reduce_perf,2,16,524288,131072,float,sum,163.62,3.2,6.01,0,158.14,3.32,6.22,0,TREE,LL128,1,TREE,LL128,1,0,TREE,A_flag_ceiling
all_reduce_perf,2,16,1048576,262144,float,sum,277.81,3.77,7.08,0,273.59,3.83,7.19,0,TREE,LL128,1,TREE,LL128,1,0,TREE,A_flag_ceiling
all_reduce_perf,2,16,2097152,524288,float,sum,502.71,4.17,7.82,0,492.09,4.26,7.99,0,TREE,LL128,1,TREE,LL128,1,0,TREE,A_flag_ceiling
all_reduce_perf,2,16,4194304,1048576,float,sum,945.53,4.44,8.32,0,917.89,4.57,8.57,0,TREE,LL128,1,TREE,LL128,1,0,TREE,A_flag_ceiling
all_reduce_perf,2,16,8388608,2097152,float,sum,1813.87,4.62,8.67,0,1779.94,4.71,8.84,0,TREE,LL128,1,TREE,LL128,1,0,TREE,A_flag_ceiling
all_reduce_perf,2,16,16777216,4194304,float,sum,3552.7,4.72,8.85,0,3524.38,4.76,8.93,0,TREE,LL128,1,TREE,LL128,1,0,TREE,A_flag_ceiling
all_reduce_perf,2,16,33554432,8388608,float,sum,6960.93,4.82,9.04,0,6938.8,4.84,9.07,0,TREE,LL128,1,TREE,LL128,1,0,TREE,A_flag_ceiling
all_reduce_perf,2,16,67108864,16777216,float,sum,14167.0,4.74,8.88,0,14142.4,4.75,8.9,0,TREE,LL128,1,TREE,LL128,1,0,TREE,A_flag_ceiling
all_reduce_perf,2,16,134217728,33554432,float,sum,28618.7,4.69,8.79,0,28530.2,4.7,8.82,0,TREE,LL128,1,TREE,LL128,1,0,TREE,A_flag_ceiling
all_reduce_perf,2,16,268435456,67108864,float,sum,57433.4,4.67,8.76,0,57356.8,4.68,8.78,0,TREE,LL128,1,TREE,LL128,1,0,TREE,A_flag_ceiling
all_reduce_perf,2,16,536870912,134217728,float,sum,115205.0,4.66,8.74,0,115307.0,4.66,8.73,0,TREE,LL128,1,TREE,LL128,1,0,TREE,A_flag_ceiling
all_reduce_perf,2,16,4096,1024,float,sum,77.77,0.05,0.1,0,68.74,0.06,0.11,0,TREE,SIMPLE,2,TREE,SIMPLE,2,0,TREE,A_flag_ceiling
all_reduce_perf,2,16,8192,2048,float,sum,71.9,0.11,0.21,0,71.22,0.12,0.22,0,TREE,SIMPLE,2,TREE,SIMPLE,2,0,TREE,A_flag_ceiling
all_reduce_perf,2,16,16384,4096,float,sum,73.03,0.22,0.42,0,71.12,0.23,0.43,0,TREE,SIMPLE,2,TREE,SIMPLE,2,0,TREE,A_flag_ceiling
all_reduce_perf,2,16,32768,8192,float,sum,80.39,0.41,0.76,0,76.19,0.43,0.81,0,TREE,SIMPLE,2,TREE,SIMPLE,2,0,TREE,A_flag_ceiling
all_reduce_perf,2,16,65536,16384,float,sum,99.16,0.66,1.24,0,93.74,0.7,1.31,0,TREE,SIMPLE,2,TREE,SIMPLE,2,0,TREE,A_flag_ceiling
all_reduce_perf,2,16,131072,32768,float,sum,106.78,1.23,2.3,0,104.55,1.25,2.35,0,TREE,SIMPLE,2,TREE,SIMPLE,2,0,TREE,A_flag_ceiling
all_reduce_perf,2,16,262144,65536,float,sum,131.98,1.99,3.72,0,123.83,2.12,3.97,0,TREE,SIMPLE,2,TREE,SIMPLE,2,0,TREE,A_flag_ceiling
all_reduce_perf,2,16,524288,131072,float,sum,173.28,3.03,5.67,0,160.11,3.27,6.14,0,TREE,SIMPLE,2,TREE,SIMPLE,2,0,TREE,A_flag_ceiling
all_reduce_perf,2,16,1048576,262144,float,sum,235.26,4.46,8.36,0,216.14,4.85,9.1,0,TREE,SIMPLE,2,TREE,SIMPLE,2,0,TREE,A_flag_ceiling
all_reduce_perf,2,16,2097152,524288,float,sum,342.6,6.12,11.48,0,319.47,6.56,12.31,0,TREE,SIMPLE,2,TREE,SIMPLE,2,0,TREE,A_flag_ceiling
all_reduce_perf,2,16,4194304,1048576,float,sum,565.43,7.42,13.91,0,516.26,8.12,15.23,0,TREE,SIMPLE,2,TREE,SIMPLE,2,0,TREE,A_flag_ceiling
all_reduce_perf,2,16,8388608,2097152,float,sum,878.89,9.54,17.9,0,824.42,10.18,19.08,0,TREE,SIMPLE,2,TREE,SIMPLE,2,0,TREE,A_flag_ceiling
all_reduce_perf,2,16,16777216,4194304,float,sum,1557.61,10.77,20.2,0,1524.41,11.01,20.64,0,TREE,SIMPLE,2,TREE,SIMPLE,2,0,TREE,A_flag_ceiling
all_reduce_perf,2,16,33554432,8388608,float,sum,2748.63,12.21,22.89,0,2730.35,12.29,23.04,0,TREE,SIMPLE,2,TREE,SIMPLE,2,0,TREE,A_flag_ceiling
all_reduce_perf,2,16,67108864,16777216,float,sum,5172.45,12.97,24.33,0,5164.58,12.99,24.36,0,TREE,SIMPLE,2,TREE,SIMPLE,2,0,TREE,A_flag_ceiling
all_reduce_perf,2,16,134217728,33554432,float,sum,9865.89,13.6,25.51,0,9828.78,13.66,25.6,0,TREE,SIMPLE,2,TREE,SIMPLE,2,0,TREE,A_flag_ceiling
all_reduce_perf,2,16,268435456,67108864,float,sum,19182.5,13.99,26.24,0,19170.1,14.0,26.26,0,TREE,SIMPLE,2,TREE,SIMPLE,2,0,TREE,A_flag_ceiling
all_reduce_perf,2,16,536870912,134217728,float,sum,37865.1,14.18,26.58,0,37843.7,14.19,26.6,0,TREE,SIMPLE,2,TREE,SIMPLE,2,0,TREE,A_flag_ceiling
all_reduce_perf,2,16,4096,1024,float,sum,94.12,0.04,0.08,0,128.12,0.03,0.06,0,TREE,LL,2,TREE,LL,2,0,TREE,A_flag_ceiling
all_reduce_perf,2,16,8192,2048,float,sum,43.31,0.19,0.35,0,42.91,0.19,0.36,0,TREE,LL,2,TREE,LL,2,0,TREE,A_flag_ceiling
all_reduce_perf,2,16,16384,4096,float,sum,52.95,0.31,0.58,0,52.95,0.31,0.58,0,TREE,LL,2,TREE,LL,2,0,TREE,A_flag_ceiling
all_reduce_perf,2,16,32768,8192,float,sum,72.81,0.45,0.84,0,69.46,0.47,0.88,0,TREE,LL,2,TREE,LL,2,0,TREE,A_flag_ceiling
all_reduce_perf,2,16,65536,16384,float,sum,82.29,0.8,1.49,0,138.65,0.47,0.89,0,TREE,LL,2,TREE,LL,2,0,TREE,A_flag_ceiling
all_reduce_perf,2,16,131072,32768,float,sum,112.47,1.17,2.19,0,108.52,1.21,2.26,0,TREE,LL,2,TREE,LL,2,0,TREE,A_flag_ceiling
all_reduce_perf,2,16,262144,65536,float,sum,166.52,1.57,2.95,0,162.61,1.61,3.02,0,TREE,LL,2,TREE,LL,2,0,TREE,A_flag_ceiling
all_reduce_perf,2,16,524288,131072,float,sum,270.17,1.94,3.64,0,270.76,1.94,3.63,0,TREE,LL,2,TREE,LL,2,0,TREE,A_flag_ceiling
all_reduce_perf,2,16,1048576,262144,float,sum,483.15,2.17,4.07,0,483.12,2.17,4.07,0,TREE,LL,2,TREE,LL,2,0,TREE,A_flag_ceiling
all_reduce_perf,2,16,2097152,524288,float,sum,904.64,2.32,4.35,0,906.26,2.31,4.34,0,TREE,LL,2,TREE,LL,2,0,TREE,A_flag_ceiling
all_reduce_perf,2,16,4194304,1048576,float,sum,1751.53,2.39,4.49,0,1747.7,2.4,4.5,0,TREE,LL,2,TREE,LL,2,0,TREE,A_flag_ceiling
all_reduce_perf,2,16,8388608,2097152,float,sum,3442.12,2.44,4.57,0,3437.44,2.44,4.58,0,TREE,LL,2,TREE,LL,2,0,TREE,A_flag_ceiling
all_reduce_perf,2,16,16777216,4194304,float,sum,6833.45,2.46,4.6,0,6855.49,2.45,4.59,0,TREE,LL,2,TREE,LL,2,0,TREE,A_flag_ceiling
all_reduce_perf,2,16,33554432,8388608,float,sum,13578.4,2.47,4.63,0,13610.7,2.47,4.62,0,TREE,LL,2,TREE,LL,2,0,TREE,A_flag_ceiling
all_reduce_perf,2,16,67108864,16777216,float,sum,27145.5,2.47,4.64,0,27136.1,2.47,4.64,0,TREE,LL,2,TREE,LL,2,0,TREE,A_flag_ceiling
all_reduce_perf,2,16,134217728,33554432,float,sum,54190.2,2.48,4.64,0,54077.4,2.48,4.65,0,TREE,LL,2,TREE,LL,2,0,TREE,A_flag_ceiling
all_reduce_perf,2,16,268435456,67108864,float,sum,107771.0,2.49,4.67,0,107728.0,2.49,4.67,0,TREE,LL,2,TREE,LL,2,0,TREE,A_flag_ceiling
all_reduce_perf,2,16,536870912,134217728,float,sum,214766.0,2.5,4.69,0,214894.0,2.5,4.68,0,TREE,LL,2,TREE,LL,2,0,TREE,A_flag_ceiling
all_reduce_perf,2,16,4096,1024,float,sum,46.59,0.09,0.16,0,45.81,0.09,0.17,0,TREE,LL128,2,TREE,LL128,2,0,TREE,A_flag_ceiling
all_reduce_perf,2,16,8192,2048,float,sum,48.57,0.17,0.32,0,48.07,0.17,0.32,0,TREE,LL128,2,TREE,LL128,2,0,TREE,A_flag_ceiling
all_reduce_perf,2,16,16384,4096,float,sum,49.17,0.33,0.62,0,47.77,0.34,0.64,0,TREE,LL128,2,TREE,LL128,2,0,TREE,A_flag_ceiling
all_reduce_perf,2,16,32768,8192,float,sum,52.37,0.63,1.17,0,52.12,0.63,1.18,0,TREE,LL128,2,TREE,LL128,2,0,TREE,A_flag_ceiling
all_reduce_perf,2,16,65536,16384,float,sum,59.31,1.1,2.07,0,57.86,1.13,2.12,0,TREE,LL128,2,TREE,LL128,2,0,TREE,A_flag_ceiling
all_reduce_perf,2,16,131072,32768,float,sum,64.55,2.03,3.81,0,64.1,2.04,3.83,0,TREE,LL128,2,TREE,LL128,2,0,TREE,A_flag_ceiling
all_reduce_perf,2,16,262144,65536,float,sum,79.52,3.3,6.18,0,78.23,3.35,6.28,0,TREE,LL128,2,TREE,LL128,2,0,TREE,A_flag_ceiling
all_reduce_perf,2,16,524288,131072,float,sum,111.16,4.72,8.84,0,107.02,4.9,9.19,0,TREE,LL128,2,TREE,LL128,2,0,TREE,A_flag_ceiling
all_reduce_perf,2,16,1048576,262144,float,sum,164.82,6.36,11.93,0,158.92,6.6,12.37,0,TREE,LL128,2,TREE,LL128,2,0,TREE,A_flag_ceiling
all_reduce_perf,2,16,2097152,524288,float,sum,278.94,7.52,14.1,0,275.07,7.62,14.3,0,TREE,LL128,2,TREE,LL128,2,0,TREE,A_flag_ceiling
all_reduce_perf,2,16,4194304,1048576,float,sum,502.65,8.34,15.65,0,493.7,8.5,15.93,0,TREE,LL128,2,TREE,LL128,2,0,TREE,A_flag_ceiling
all_reduce_perf,2,16,8388608,2097152,float,sum,936.01,8.96,16.8,0,921.32,9.1,17.07,0,TREE,LL128,2,TREE,LL128,2,0,TREE,A_flag_ceiling
all_reduce_perf,2,16,16777216,4194304,float,sum,1801.79,9.31,17.46,0,1801.74,9.31,17.46,0,TREE,LL128,2,TREE,LL128,2,0,TREE,A_flag_ceiling
all_reduce_perf,2,16,33554432,8388608,float,sum,3504.4,9.57,17.95,0,3511.15,9.56,17.92,0,TREE,LL128,2,TREE,LL128,2,0,TREE,A_flag_ceiling
all_reduce_perf,2,16,67108864,16777216,float,sum,6987.04,9.6,18.01,0,7001.66,9.58,17.97,0,TREE,LL128,2,TREE,LL128,2,0,TREE,A_flag_ceiling
all_reduce_perf,2,16,134217728,33554432,float,sum,14259.1,9.41,17.65,0,14252.8,9.42,17.66,0,TREE,LL128,2,TREE,LL128,2,0,TREE,A_flag_ceiling
all_reduce_perf,2,16,268435456,67108864,float,sum,28811.7,9.32,17.47,0,28823.5,9.31,17.46,0,TREE,LL128,2,TREE,LL128,2,0,TREE,A_flag_ceiling
all_reduce_perf,2,16,536870912,134217728,float,sum,57884.4,9.27,17.39,0,58041.7,9.25,17.34,0,TREE,LL128,2,TREE,LL128,2,0,TREE,A_flag_ceiling
all_reduce_perf,2,16,4096,1024,float,sum,70.84,0.06,0.11,0,72.39,0.06,0.11,0,TREE,SIMPLE,4,TREE,SIMPLE,4,0,TREE,A_flag_ceiling
all_reduce_perf,2,16,8192,2048,float,sum,75.36,0.11,0.2,0,70.96,0.12,0.22,0,TREE,SIMPLE,4,TREE,SIMPLE,4,0,TREE,A_flag_ceiling
all_reduce_perf,2,16,16384,4096,float,sum,76.29,0.21,0.4,0,71.32,0.23,0.43,0,TREE,SIMPLE,4,TREE,SIMPLE,4,0,TREE,A_flag_ceiling
all_reduce_perf,2,16,32768,8192,float,sum,73.63,0.45,0.83,0,71.07,0.46,0.86,0,TREE,SIMPLE,4,TREE,SIMPLE,4,0,TREE,A_flag_ceiling
all_reduce_perf,2,16,65536,16384,float,sum,78.86,0.83,1.56,0,76.57,0.86,1.6,0,TREE,SIMPLE,4,TREE,SIMPLE,4,0,TREE,A_flag_ceiling
all_reduce_perf,2,16,131072,32768,float,sum,97.61,1.34,2.52,0,94.91,1.38,2.59,0,TREE,SIMPLE,4,TREE,SIMPLE,4,0,TREE,A_flag_ceiling
all_reduce_perf,2,16,262144,65536,float,sum,107.93,2.43,4.55,0,104.95,2.5,4.68,0,TREE,SIMPLE,4,TREE,SIMPLE,4,0,TREE,A_flag_ceiling
all_reduce_perf,2,16,524288,131072,float,sum,131.55,3.99,7.47,0,126.13,4.16,7.79,0,TREE,SIMPLE,4,TREE,SIMPLE,4,0,TREE,A_flag_ceiling
all_reduce_perf,2,16,1048576,262144,float,sum,170.13,6.16,11.56,0,161.83,6.48,12.15,0,TREE,SIMPLE,4,TREE,SIMPLE,4,0,TREE,A_flag_ceiling
all_reduce_perf,2,16,2097152,524288,float,sum,235.55,8.9,16.69,0,222.26,9.44,17.69,0,TREE,SIMPLE,4,TREE,SIMPLE,4,0,TREE,A_flag_ceiling
all_reduce_perf,2,16,4194304,1048576,float,sum,349.89,11.99,22.48,0,328.72,12.76,23.92,0,TREE,SIMPLE,4,TREE,SIMPLE,4,0,TREE,A_flag_ceiling
all_reduce_perf,2,16,8388608,2097152,float,sum,572.49,14.65,27.47,0,537.31,15.61,29.27,0,TREE,SIMPLE,4,TREE,SIMPLE,4,0,TREE,A_flag_ceiling
all_reduce_perf,2,16,16777216,4194304,float,sum,917.6,18.28,34.28,0,885.09,18.96,35.54,0,TREE,SIMPLE,4,TREE,SIMPLE,4,0,TREE,A_flag_ceiling
all_reduce_perf,2,16,33554432,8388608,float,sum,1620.24,20.71,38.83,0,1607.89,20.87,39.13,0,TREE,SIMPLE,4,TREE,SIMPLE,4,0,TREE,A_flag_ceiling
all_reduce_perf,2,16,67108864,16777216,float,sum,2844.75,23.59,44.23,0,2850.1,23.55,44.15,0,TREE,SIMPLE,4,TREE,SIMPLE,4,0,TREE,A_flag_ceiling
all_reduce_perf,2,16,134217728,33554432,float,sum,5328.53,25.19,47.23,0,5314.96,25.25,47.35,0,TREE,SIMPLE,4,TREE,SIMPLE,4,0,TREE,A_flag_ceiling
all_reduce_perf,2,16,268435456,67108864,float,sum,10052.7,26.7,50.07,0,10046.7,26.72,50.1,0,TREE,SIMPLE,4,TREE,SIMPLE,4,0,TREE,A_flag_ceiling
all_reduce_perf,2,16,536870912,134217728,float,sum,19852.3,27.04,50.71,0,19455.4,27.59,51.74,0,TREE,SIMPLE,4,TREE,SIMPLE,4,0,TREE,A_flag_ceiling
all_reduce_perf,2,16,4096,1024,float,sum,40.25,0.1,0.19,0,39.21,0.1,0.2,0,TREE,LL,4,TREE,LL,4,0,TREE,A_flag_ceiling
all_reduce_perf,2,16,8192,2048,float,sum,40.42,0.2,0.38,0,39.17,0.21,0.39,0,TREE,LL,4,TREE,LL,4,0,TREE,A_flag_ceiling
all_reduce_perf,2,16,16384,4096,float,sum,46.47,0.35,0.66,0,44.19,0.37,0.7,0,TREE,LL,4,TREE,LL,4,0,TREE,A_flag_ceiling
all_reduce_perf,2,16,32768,8192,float,sum,54.3,0.6,1.13,0,53.14,0.62,1.16,0,TREE,LL,4,TREE,LL,4,0,TREE,A_flag_ceiling
all_reduce_perf,2,16,65536,16384,float,sum,73.31,0.89,1.68,0,70.75,0.93,1.74,0,TREE,LL,4,TREE,LL,4,0,TREE,A_flag_ceiling
all_reduce_perf,2,16,131072,32768,float,sum,86.39,1.52,2.84,0,84.93,1.54,2.89,0,TREE,LL,4,TREE,LL,4,0,TREE,A_flag_ceiling
all_reduce_perf,2,16,262144,65536,float,sum,114.36,2.29,4.3,0,110.95,2.36,4.43,0,TREE,LL,4,TREE,LL,4,0,TREE,A_flag_ceiling
all_reduce_perf,2,16,524288,131072,float,sum,169.35,3.1,5.8,0,165.45,3.17,5.94,0,TREE,LL,4,TREE,LL,4,0,TREE,A_flag_ceiling
all_reduce_perf,2,16,1048576,262144,float,sum,275.29,3.81,7.14,0,274.98,3.81,7.15,0,TREE,LL,4,TREE,LL,4,0,TREE,A_flag_ceiling
all_reduce_perf,2,16,2097152,524288,float,sum,490.16,4.28,8.02,0,490.53,4.28,8.02,0,TREE,LL,4,TREE,LL,4,0,TREE,A_flag_ceiling
all_reduce_perf,2,16,4194304,1048576,float,sum,922.05,4.55,8.53,0,920.77,4.56,8.54,0,TREE,LL,4,TREE,LL,4,0,TREE,A_flag_ceiling
all_reduce_perf,2,16,8388608,2097152,float,sum,1787.9,4.69,8.8,0,1775.45,4.72,8.86,0,TREE,LL,4,TREE,LL,4,0,TREE,A_flag_ceiling
all_reduce_perf,2,16,16777216,4194304,float,sum,3496.47,4.8,9.0,0,3493.59,4.8,9.0,0,TREE,LL,4,TREE,LL,4,0,TREE,A_flag_ceiling
all_reduce_perf,2,16,33554432,8388608,float,sum,6889.53,4.87,9.13,0,6880.34,4.88,9.14,0,TREE,LL,4,TREE,LL,4,0,TREE,A_flag_ceiling
all_reduce_perf,2,16,67108864,16777216,float,sum,13679.3,4.91,9.2,0,13730.4,4.89,9.16,0,TREE,LL,4,TREE,LL,4,0,TREE,A_flag_ceiling
all_reduce_perf,2,16,134217728,33554432,float,sum,27406.5,4.9,9.18,0,27301.5,4.92,9.22,0,TREE,LL,4,TREE,LL,4,0,TREE,A_flag_ceiling
all_reduce_perf,2,16,268435456,67108864,float,sum,54955.4,4.88,9.16,0,54758.5,4.9,9.19,0,TREE,LL,4,TREE,LL,4,0,TREE,A_flag_ceiling
all_reduce_perf,2,16,536870912,134217728,float,sum,108974.0,4.93,9.24,0,109350.0,4.91,9.21,0,TREE,LL,4,TREE,LL,4,0,TREE,A_flag_ceiling
all_reduce_perf,2,16,4096,1024,float,sum,47.52,0.09,0.16,0,46.03,0.09,0.17,0,TREE,LL128,4,TREE,LL128,4,0,TREE,A_flag_ceiling
all_reduce_perf,2,16,8192,2048,float,sum,48.42,0.17,0.32,0,48.08,0.17,0.32,0,TREE,LL128,4,TREE,LL128,4,0,TREE,A_flag_ceiling
all_reduce_perf,2,16,16384,4096,float,sum,50.44,0.32,0.61,0,47.72,0.34,0.64,0,TREE,LL128,4,TREE,LL128,4,0,TREE,A_flag_ceiling
all_reduce_perf,2,16,32768,8192,float,sum,49.83,0.66,1.23,0,48.78,0.67,1.26,0,TREE,LL128,4,TREE,LL128,4,0,TREE,A_flag_ceiling
all_reduce_perf,2,16,65536,16384,float,sum,55.32,1.18,2.22,0,53.01,1.24,2.32,0,TREE,LL128,4,TREE,LL128,4,0,TREE,A_flag_ceiling
all_reduce_perf,2,16,131072,32768,float,sum,61.36,2.14,4.01,0,59.9,2.19,4.1,0,TREE,LL128,4,TREE,LL128,4,0,TREE,A_flag_ceiling
all_reduce_perf,2,16,262144,65536,float,sum,68.79,3.81,7.15,0,66.37,3.95,7.41,0,TREE,LL128,4,TREE,LL128,4,0,TREE,A_flag_ceiling
all_reduce_perf,2,16,524288,131072,float,sum,83.95,6.25,11.71,0,79.35,6.61,12.39,0,TREE,LL128,4,TREE,LL128,4,0,TREE,A_flag_ceiling
all_reduce_perf,2,16,1048576,262144,float,sum,114.47,9.16,17.18,0,107.16,9.78,18.35,0,TREE,LL128,4,TREE,LL128,4,0,TREE,A_flag_ceiling
all_reduce_perf,2,16,2097152,524288,float,sum,162.48,12.91,24.2,0,160.96,13.03,24.43,0,TREE,LL128,4,TREE,LL128,4,0,TREE,A_flag_ceiling
all_reduce_perf,2,16,4194304,1048576,float,sum,286.95,14.62,27.41,0,281.61,14.89,27.93,0,TREE,LL128,4,TREE,LL128,4,0,TREE,A_flag_ceiling
all_reduce_perf,2,16,8388608,2097152,float,sum,516.27,16.25,30.47,0,504.95,16.61,31.15,0,TREE,LL128,4,TREE,LL128,4,0,TREE,A_flag_ceiling
all_reduce_perf,2,16,16777216,4194304,float,sum,962.2,17.44,32.69,0,953.91,17.59,32.98,0,TREE,LL128,4,TREE,LL128,4,0,TREE,A_flag_ceiling
all_reduce_perf,2,16,33554432,8388608,float,sum,1849.58,18.14,34.02,0,1850.29,18.13,34.0,0,TREE,LL128,4,TREE,LL128,4,0,TREE,A_flag_ceiling
all_reduce_perf,2,16,67108864,16777216,float,sum,3598.37,18.65,34.97,0,3621.3,18.53,34.75,0,TREE,LL128,4,TREE,LL128,4,0,TREE,A_flag_ceiling
all_reduce_perf,2,16,134217728,33554432,float,sum,7141.45,18.79,35.24,0,7178.75,18.7,35.06,0,TREE,LL128,4,TREE,LL128,4,0,TREE,A_flag_ceiling
all_reduce_perf,2,16,268435456,67108864,float,sum,14360.2,18.69,35.05,0,14406.4,18.63,34.94,0,TREE,LL128,4,TREE,LL128,4,0,TREE,A_flag_ceiling
all_reduce_perf,2,16,536870912,134217728,float,sum,28785.8,18.65,34.97,0,28970.9,18.53,34.75,0,TREE,LL128,4,TREE,LL128,4,0,TREE,A_flag_ceiling
all_reduce_perf,2,16,4096,1024,float,sum,70.94,0.06,0.11,0,68.55,0.06,0.11,0,TREE,SIMPLE,8,TREE,SIMPLE,8,0,TREE,A_flag_ceiling
all_reduce_perf,2,16,8192,2048,float,sum,73.4,0.11,0.21,0,70.92,0.12,0.22,0,TREE,SIMPLE,8,TREE,SIMPLE,8,0,TREE,A_flag_ceiling
all_reduce_perf,2,16,16384,4096,float,sum,76.21,0.21,0.4,0,71.53,0.23,0.43,0,TREE,SIMPLE,8,TREE,SIMPLE,8,0,TREE,A_flag_ceiling
all_reduce_perf,2,16,32768,8192,float,sum,73.18,0.45,0.84,0,70.87,0.46,0.87,0,TREE,SIMPLE,8,TREE,SIMPLE,8,0,TREE,A_flag_ceiling
all_reduce_perf,2,16,65536,16384,float,sum,74.46,0.88,1.65,0,72.11,0.91,1.7,0,TREE,SIMPLE,8,TREE,SIMPLE,8,0,TREE,A_flag_ceiling
all_reduce_perf,2,16,131072,32768,float,sum,83.29,1.57,2.95,0,77.8,1.68,3.16,0,TREE,SIMPLE,8,TREE,SIMPLE,8,0,TREE,A_flag_ceiling
all_reduce_perf,2,16,262144,65536,float,sum,99.58,2.63,4.94,0,95.22,2.75,5.16,0,TREE,SIMPLE,8,TREE,SIMPLE,8,0,TREE,A_flag_ceiling
all_reduce_perf,2,16,524288,131072,float,sum,111.44,4.7,8.82,0,105.4,4.97,9.33,0,TREE,SIMPLE,8,TREE,SIMPLE,8,0,TREE,A_flag_ceiling
all_reduce_perf,2,16,1048576,262144,float,sum,130.87,8.01,15.02,0,126.54,8.29,15.54,0,TREE,SIMPLE,8,TREE,SIMPLE,8,0,TREE,A_flag_ceiling
all_reduce_perf,2,16,2097152,524288,float,sum,171.63,12.22,22.91,0,163.94,12.79,23.99,0,TREE,SIMPLE,8,TREE,SIMPLE,8,0,TREE,A_flag_ceiling
all_reduce_perf,2,16,4194304,1048576,float,sum,239.94,17.48,32.78,0,223.26,18.79,35.23,0,TREE,SIMPLE,8,TREE,SIMPLE,8,0,TREE,A_flag_ceiling
all_reduce_perf,2,16,8388608,2097152,float,sum,350.75,23.92,44.84,0,329.65,25.45,47.71,0,TREE,SIMPLE,8,TREE,SIMPLE,8,0,TREE,A_flag_ceiling
all_reduce_perf,2,16,16777216,4194304,float,sum,574.33,29.21,54.77,0,554.58,30.25,56.72,0,TREE,SIMPLE,8,TREE,SIMPLE,8,0,TREE,A_flag_ceiling
all_reduce_perf,2,16,33554432,8388608,float,sum,910.86,36.84,69.07,0,897.82,37.37,70.07,0,TREE,SIMPLE,8,TREE,SIMPLE,8,0,TREE,A_flag_ceiling
all_reduce_perf,2,16,67108864,16777216,float,sum,1620.05,41.42,77.67,0,1621.56,41.39,77.6,0,TREE,SIMPLE,8,TREE,SIMPLE,8,0,TREE,A_flag_ceiling
all_reduce_perf,2,16,134217728,33554432,float,sum,2858.16,46.96,88.05,0,2860.04,46.93,87.99,0,TREE,SIMPLE,8,TREE,SIMPLE,8,0,TREE,A_flag_ceiling
all_reduce_perf,2,16,268435456,67108864,float,sum,5326.93,50.39,94.49,0,5325.76,50.4,94.51,0,TREE,SIMPLE,8,TREE,SIMPLE,8,0,TREE,A_flag_ceiling
all_reduce_perf,2,16,536870912,134217728,float,sum,10088.2,53.22,99.78,0,10092.2,53.2,99.74,0,TREE,SIMPLE,8,TREE,SIMPLE,8,0,TREE,A_flag_ceiling
all_reduce_perf,2,16,4096,1024,float,sum,41.25,0.1,0.19,0,38.95,0.11,0.2,0,TREE,LL,8,TREE,LL,8,0,TREE,A_flag_ceiling
all_reduce_perf,2,16,8192,2048,float,sum,39.82,0.21,0.39,0,38.87,0.21,0.4,0,TREE,LL,8,TREE,LL,8,0,TREE,A_flag_ceiling
all_reduce_perf,2,16,16384,4096,float,sum,42.26,0.39,0.73,0,39.16,0.42,0.78,0,TREE,LL,8,TREE,LL,8,0,TREE,A_flag_ceiling
all_reduce_perf,2,16,32768,8192,float,sum,44.74,0.73,1.37,0,44.39,0.74,1.38,0,TREE,LL,8,TREE,LL,8,0,TREE,A_flag_ceiling
all_reduce_perf,2,16,65536,16384,float,sum,54.9,1.19,2.24,0,53.93,1.22,2.28,0,TREE,LL,8,TREE,LL,8,0,TREE,A_flag_ceiling
all_reduce_perf,2,16,131072,32768,float,sum,73.7,1.78,3.33,0,72.73,1.8,3.38,0,TREE,LL,8,TREE,LL,8,0,TREE,A_flag_ceiling
all_reduce_perf,2,16,262144,65536,float,sum,87.89,2.98,5.59,0,85.79,3.06,5.73,0,TREE,LL,8,TREE,LL,8,0,TREE,A_flag_ceiling
all_reduce_perf,2,16,524288,131072,float,sum,112.03,4.68,8.77,0,112.65,4.65,8.73,0,TREE,LL,8,TREE,LL,8,0,TREE,A_flag_ceiling
all_reduce_perf,2,16,1048576,262144,float,sum,166.12,6.31,11.84,0,166.77,6.29,11.79,0,TREE,LL,8,TREE,LL,8,0,TREE,A_flag_ceiling
all_reduce_perf,2,16,2097152,524288,float,sum,276.28,7.59,14.23,0,275.66,7.61,14.26,0,TREE,LL,8,TREE,LL,8,0,TREE,A_flag_ceiling
all_reduce_perf,2,16,4194304,1048576,float,sum,494.1,8.49,15.92,0,491.68,8.53,15.99,0,TREE,LL,8,TREE,LL,8,0,TREE,A_flag_ceiling
all_reduce_perf,2,16,8388608,2097152,float,sum,927.43,9.05,16.96,0,922.84,9.09,17.04,0,TREE,LL,8,TREE,LL,8,0,TREE,A_flag_ceiling
all_reduce_perf,2,16,16777216,4194304,float,sum,1793.78,9.35,17.54,0,1784.9,9.4,17.62,0,TREE,LL,8,TREE,LL,8,0,TREE,A_flag_ceiling
all_reduce_perf,2,16,33554432,8388608,float,sum,3509.19,9.56,17.93,0,3506.05,9.57,17.94,0,TREE,LL,8,TREE,LL,8,0,TREE,A_flag_ceiling
all_reduce_perf,2,16,67108864,16777216,float,sum,6953.24,9.65,18.1,0,6978.62,9.62,18.03,0,TREE,LL,8,TREE,LL,8,0,TREE,A_flag_ceiling
all_reduce_perf,2,16,134217728,33554432,float,sum,13849.4,9.69,18.17,0,13827.9,9.71,18.2,0,TREE,LL,8,TREE,LL,8,0,TREE,A_flag_ceiling
all_reduce_perf,2,16,268435456,67108864,float,sum,27652.8,9.71,18.2,0,27614.8,9.72,18.23,0,TREE,LL,8,TREE,LL,8,0,TREE,A_flag_ceiling
all_reduce_perf,2,16,536870912,134217728,float,sum,54973.1,9.77,18.31,0,55093.4,9.74,18.27,0,TREE,LL,8,TREE,LL,8,0,TREE,A_flag_ceiling
all_reduce_perf,2,16,4096,1024,float,sum,46.37,0.09,0.17,0,45.1,0.09,0.17,0,TREE,LL128,8,TREE,LL128,8,0,TREE,A_flag_ceiling
all_reduce_perf,2,16,8192,2048,float,sum,47.28,0.17,0.32,0,47.26,0.17,0.32,0,TREE,LL128,8,TREE,LL128,8,0,TREE,A_flag_ceiling
all_reduce_perf,2,16,16384,4096,float,sum,48.58,0.34,0.63,0,47.73,0.34,0.64,0,TREE,LL128,8,TREE,LL128,8,0,TREE,A_flag_ceiling
all_reduce_perf,2,16,32768,8192,float,sum,51.96,0.63,1.18,0,49.05,0.67,1.25,0,TREE,LL128,8,TREE,LL128,8,0,TREE,A_flag_ceiling
all_reduce_perf,2,16,65536,16384,float,sum,49.82,1.32,2.47,0,49.41,1.33,2.49,0,TREE,LL128,8,TREE,LL128,8,0,TREE,A_flag_ceiling
all_reduce_perf,2,16,131072,32768,float,sum,53.68,2.44,4.58,0,53.9,2.43,4.56,0,TREE,LL128,8,TREE,LL128,8,0,TREE,A_flag_ceiling
all_reduce_perf,2,16,262144,65536,float,sum,62.65,4.18,7.85,0,59.22,4.43,8.3,0,TREE,LL128,8,TREE,LL128,8,0,TREE,A_flag_ceiling
all_reduce_perf,2,16,524288,131072,float,sum,67.26,7.8,14.62,0,66.28,7.91,14.83,0,TREE,LL128,8,TREE,LL128,8,0,TREE,A_flag_ceiling
all_reduce_perf,2,16,1048576,262144,float,sum,85.83,12.22,22.91,0,81.19,12.92,24.22,0,TREE,LL128,8,TREE,LL128,8,0,TREE,A_flag_ceiling
all_reduce_perf,2,16,2097152,524288,float,sum,112.7,18.61,34.89,0,110.35,19.0,35.63,0,TREE,LL128,8,TREE,LL128,8,0,TREE,A_flag_ceiling
all_reduce_perf,2,16,4194304,1048576,float,sum,174.6,24.02,45.04,0,168.08,24.95,46.79,0,TREE,LL128,8,TREE,LL128,8,0,TREE,A_flag_ceiling
all_reduce_perf,2,16,8388608,2097152,float,sum,302.43,27.74,52.01,0,288.47,29.08,54.52,0,TREE,LL128,8,TREE,LL128,8,0,TREE,A_flag_ceiling
all_reduce_perf,2,16,16777216,4194304,float,sum,533.17,31.47,59.0,0,525.73,31.91,59.84,0,TREE,LL128,8,TREE,LL128,8,0,TREE,A_flag_ceiling
all_reduce_perf,2,16,33554432,8388608,float,sum,993.75,33.77,63.31,0,982.51,34.15,64.03,0,TREE,LL128,8,TREE,LL128,8,0,TREE,A_flag_ceiling
all_reduce_perf,2,16,67108864,16777216,float,sum,1907.39,35.18,65.97,0,1895.32,35.41,66.39,0,TREE,LL128,8,TREE,LL128,8,0,TREE,A_flag_ceiling
all_reduce_perf,2,16,134217728,33554432,float,sum,3705.33,36.22,67.92,0,3667.76,36.59,68.61,0,TREE,LL128,8,TREE,LL128,8,0,TREE,A_flag_ceiling
all_reduce_perf,2,16,268435456,67108864,float,sum,7255.52,37.0,69.37,0,7236.58,37.09,69.55,0,TREE,LL128,8,TREE,LL128,8,0,TREE,A_flag_ceiling
all_reduce_perf,2,16,536870912,134217728,float,sum,14554.0,36.89,69.17,0,14591.1,36.79,68.99,0,TREE,LL128,8,TREE,LL128,8,0,TREE,A_flag_ceiling
all_reduce_perf,2,16,4096,1024,float,sum,101.56,0.04,0.08,0,123.65,0.03,0.06,0,TREE,SIMPLE,16,TREE,SIMPLE,16,0,TREE,A_flag_ceiling
all_reduce_perf,2,16,8192,2048,float,sum,73.79,0.11,0.21,0,70.74,0.12,0.22,0,TREE,SIMPLE,16,TREE,SIMPLE,16,0,TREE,A_flag_ceiling
all_reduce_perf,2,16,16384,4096,float,sum,76.82,0.21,0.4,0,71.98,0.23,0.43,0,TREE,SIMPLE,16,TREE,SIMPLE,16,0,TREE,A_flag_ceiling
all_reduce_perf,2,16,32768,8192,float,sum,72.99,0.45,0.84,0,71.91,0.46,0.85,0,TREE,SIMPLE,16,TREE,SIMPLE,16,0,TREE,A_flag_ceiling
all_reduce_perf,2,16,65536,16384,float,sum,74.67,0.88,1.65,0,72.4,0.91,1.7,0,TREE,SIMPLE,16,TREE,SIMPLE,16,0,TREE,A_flag_ceiling
all_reduce_perf,2,16,131072,32768,float,sum,77.61,1.69,3.17,0,73.38,1.79,3.35,0,TREE,SIMPLE,16,TREE,SIMPLE,16,0,TREE,A_flag_ceiling
all_reduce_perf,2,16,262144,65536,float,sum,84.53,3.1,5.81,0,79.43,3.3,6.19,0,TREE,SIMPLE,16,TREE,SIMPLE,16,0,TREE,A_flag_ceiling
all_reduce_perf,2,16,524288,131072,float,sum,102.9,5.1,9.55,0,97.73,5.36,10.06,0,TREE,SIMPLE,16,TREE,SIMPLE,16,0,TREE,A_flag_ceiling
all_reduce_perf,2,16,1048576,262144,float,sum,114.22,9.18,17.21,0,107.2,9.78,18.34,0,TREE,SIMPLE,16,TREE,SIMPLE,16,0,TREE,A_flag_ceiling
all_reduce_perf,2,16,2097152,524288,float,sum,136.85,15.32,28.73,0,128.06,16.38,30.71,0,TREE,SIMPLE,16,TREE,SIMPLE,16,0,TREE,A_flag_ceiling
all_reduce_perf,2,16,4194304,1048576,float,sum,178.6,23.48,44.03,0,164.54,25.49,47.8,0,TREE,SIMPLE,16,TREE,SIMPLE,16,0,TREE,A_flag_ceiling
all_reduce_perf,2,16,8388608,2097152,float,sum,240.07,34.94,65.52,0,227.2,36.92,69.23,0,TREE,SIMPLE,16,TREE,SIMPLE,16,0,TREE,A_flag_ceiling
all_reduce_perf,2,16,16777216,4194304,float,sum,411.07,40.81,76.52,0,344.88,48.65,91.21,0,TREE,SIMPLE,16,TREE,SIMPLE,16,0,TREE,A_flag_ceiling
all_reduce_perf,2,16,33554432,8388608,float,sum,583.14,57.54,107.89,0,571.0,58.76,110.18,0,TREE,SIMPLE,16,TREE,SIMPLE,16,0,TREE,A_flag_ceiling
all_reduce_perf,2,16,67108864,16777216,float,sum,925.86,72.48,135.91,0,923.3,72.68,136.28,0,TREE,SIMPLE,16,TREE,SIMPLE,16,0,TREE,A_flag_ceiling
all_reduce_perf,2,16,134217728,33554432,float,sum,1651.58,81.27,152.37,0,1665.87,80.57,151.07,0,TREE,SIMPLE,16,TREE,SIMPLE,16,0,TREE,A_flag_ceiling
all_reduce_perf,2,16,268435456,67108864,float,sum,2924.07,91.8,172.13,0,2946.43,91.11,170.82,0,TREE,SIMPLE,16,TREE,SIMPLE,16,0,TREE,A_flag_ceiling
all_reduce_perf,2,16,536870912,134217728,float,sum,5318.76,100.94,189.26,0,5344.6,100.45,188.35,0,TREE,SIMPLE,16,TREE,SIMPLE,16,0,TREE,A_flag_ceiling
all_reduce_perf,2,16,4096,1024,float,sum,38.65,0.11,0.2,0,39.58,0.1,0.19,0,TREE,LL,16,TREE,LL,16,0,TREE,A_flag_ceiling
all_reduce_perf,2,16,8192,2048,float,sum,40.63,0.2,0.38,0,39.37,0.21,0.39,0,TREE,LL,16,TREE,LL,16,0,TREE,A_flag_ceiling
all_reduce_perf,2,16,16384,4096,float,sum,42.33,0.39,0.73,0,39.56,0.41,0.78,0,TREE,LL,16,TREE,LL,16,0,TREE,A_flag_ceiling
all_reduce_perf,2,16,32768,8192,float,sum,43.89,0.75,1.4,0,44.82,0.73,1.37,0,TREE,LL,16,TREE,LL,16,0,TREE,A_flag_ceiling
all_reduce_perf,2,16,65536,16384,float,sum,46.48,1.41,2.64,0,46.67,1.4,2.63,0,TREE,LL,16,TREE,LL,16,0,TREE,A_flag_ceiling
all_reduce_perf,2,16,131072,32768,float,sum,59.57,2.2,4.13,0,56.99,2.3,4.31,0,TREE,LL,16,TREE,LL,16,0,TREE,A_flag_ceiling
all_reduce_perf,2,16,262144,65536,float,sum,77.64,3.38,6.33,0,74.88,3.5,6.56,0,TREE,LL,16,TREE,LL,16,0,TREE,A_flag_ceiling
all_reduce_perf,2,16,524288,131072,float,sum,91.06,5.76,10.8,0,88.6,5.92,11.1,0,TREE,LL,16,TREE,LL,16,0,TREE,A_flag_ceiling
all_reduce_perf,2,16,1048576,262144,float,sum,118.15,8.87,16.64,0,115.63,9.07,17.0,0,TREE,LL,16,TREE,LL,16,0,TREE,A_flag_ceiling
all_reduce_perf,2,16,2097152,524288,float,sum,174.79,12.0,22.5,0,170.1,12.33,23.12,0,TREE,LL,16,TREE,LL,16,0,TREE,A_flag_ceiling
all_reduce_perf,2,16,4194304,1048576,float,sum,280.26,14.97,28.06,0,279.78,14.99,28.11,0,TREE,LL,16,TREE,LL,16,0,TREE,A_flag_ceiling
all_reduce_perf,2,16,8388608,2097152,float,sum,500.91,16.75,31.4,0,497.92,16.85,31.59,0,TREE,LL,16,TREE,LL,16,0,TREE,A_flag_ceiling
all_reduce_perf,2,16,16777216,4194304,float,sum,940.46,17.84,33.45,0,934.28,17.96,33.67,0,TREE,LL,16,TREE,LL,16,0,TREE,A_flag_ceiling
all_reduce_perf,2,16,33554432,8388608,float,sum,1808.0,18.56,34.8,0,1807.49,18.56,34.81,0,TREE,LL,16,TREE,LL,16,0,TREE,A_flag_ceiling
all_reduce_perf,2,16,67108864,16777216,float,sum,3555.99,18.87,35.39,0,3556.35,18.87,35.38,0,TREE,LL,16,TREE,LL,16,0,TREE,A_flag_ceiling
all_reduce_perf,2,16,134217728,33554432,float,sum,7050.17,19.04,35.7,0,7061.04,19.01,35.64,0,TREE,LL,16,TREE,LL,16,0,TREE,A_flag_ceiling
all_reduce_perf,2,16,268435456,67108864,float,sum,14074.7,19.07,35.76,0,14082.9,19.06,35.74,0,TREE,LL,16,TREE,LL,16,0,TREE,A_flag_ceiling
all_reduce_perf,2,16,536870912,134217728,float,sum,28107.2,19.1,35.81,0,28182.1,19.05,35.72,0,TREE,LL,16,TREE,LL,16,0,TREE,A_flag_ceiling
all_reduce_perf,2,16,4096,1024,float,sum,47.58,0.09,0.16,0,46.16,0.09,0.17,0,TREE,LL128,16,TREE,LL128,16,0,TREE,A_flag_ceiling
all_reduce_perf,2,16,8192,2048,float,sum,51.12,0.16,0.3,0,47.76,0.17,0.32,0,TREE,LL128,16,TREE,LL128,16,0,TREE,A_flag_ceiling
all_reduce_perf,2,16,16384,4096,float,sum,49.01,0.33,0.63,0,47.45,0.35,0.65,0,TREE,LL128,16,TREE,LL128,16,0,TREE,A_flag_ceiling
all_reduce_perf,2,16,32768,8192,float,sum,49.27,0.67,1.25,0,48.83,0.67,1.26,0,TREE,LL128,16,TREE,LL128,16,0,TREE,A_flag_ceiling
all_reduce_perf,2,16,65536,16384,float,sum,50.03,1.31,2.46,0,49.01,1.34,2.51,0,TREE,LL128,16,TREE,LL128,16,0,TREE,A_flag_ceiling
all_reduce_perf,2,16,131072,32768,float,sum,58.78,2.23,4.18,0,51.14,2.56,4.81,0,TREE,LL128,16,TREE,LL128,16,0,TREE,A_flag_ceiling
all_reduce_perf,2,16,262144,65536,float,sum,56.0,4.68,8.78,0,55.35,4.74,8.88,0,TREE,LL128,16,TREE,LL128,16,0,TREE,A_flag_ceiling
all_reduce_perf,2,16,524288,131072,float,sum,64.18,8.17,15.32,0,61.62,8.51,15.95,0,TREE,LL128,16,TREE,LL128,16,0,TREE,A_flag_ceiling
all_reduce_perf,2,16,1048576,262144,float,sum,72.29,14.51,27.2,0,69.69,15.05,28.21,0,TREE,LL128,16,TREE,LL128,16,0,TREE,A_flag_ceiling
all_reduce_perf,2,16,2097152,524288,float,sum,88.21,23.77,44.58,0,83.01,25.26,47.37,0,TREE,LL128,16,TREE,LL128,16,0,TREE,A_flag_ceiling
all_reduce_perf,2,16,4194304,1048576,float,sum,115.01,36.47,68.38,0,111.22,37.71,70.71,0,TREE,LL128,16,TREE,LL128,16,0,TREE,A_flag_ceiling
all_reduce_perf,2,16,8388608,2097152,float,sum,171.99,48.77,91.45,0,167.95,49.95,93.65,0,TREE,LL128,16,TREE,LL128,16,0,TREE,A_flag_ceiling
all_reduce_perf,2,16,16777216,4194304,float,sum,297.39,56.41,105.78,0,294.16,57.03,106.94,0,TREE,LL128,16,TREE,LL128,16,0,TREE,A_flag_ceiling
all_reduce_perf,2,16,33554432,8388608,float,sum,531.39,63.14,118.4,0,528.8,63.45,118.98,0,TREE,LL128,16,TREE,LL128,16,0,TREE,A_flag_ceiling
all_reduce_perf,2,16,67108864,16777216,float,sum,996.36,67.35,126.29,0,993.2,67.57,126.69,0,TREE,LL128,16,TREE,LL128,16,0,TREE,A_flag_ceiling
all_reduce_perf,2,16,134217728,33554432,float,sum,1916.57,70.03,131.31,0,1917.07,70.01,131.27,0,TREE,LL128,16,TREE,LL128,16,0,TREE,A_flag_ceiling
all_reduce_perf,2,16,268435456,67108864,float,sum,3744.64,71.69,134.41,0,3743.06,71.72,134.47,0,TREE,LL128,16,TREE,LL128,16,0,TREE,A_flag_ceiling
all_reduce_perf,2,16,536870912,134217728,float,sum,7420.37,72.35,135.66,0,7424.25,72.31,135.59,0,TREE,LL128,16,TREE,LL128,16,0,TREE,A_flag_ceiling
all_reduce_perf,2,16,4096,1024,float,sum,71.67,0.06,0.11,0,68.7,0.06,0.11,0,TREE,SIMPLE,24,TREE,SIMPLE,24,0,TREE,A_flag_ceiling
all_reduce_perf,2,16,8192,2048,float,sum,73.05,0.11,0.21,0,71.12,0.12,0.22,0,TREE,SIMPLE,24,TREE,SIMPLE,24,0,TREE,A_flag_ceiling
all_reduce_perf,2,16,16384,4096,float,sum,73.42,0.22,0.42,0,70.68,0.23,0.43,0,TREE,SIMPLE,24,TREE,SIMPLE,24,0,TREE,A_flag_ceiling
all_reduce_perf,2,16,32768,8192,float,sum,73.48,0.45,0.84,0,71.09,0.46,0.86,0,TREE,SIMPLE,24,TREE,SIMPLE,24,0,TREE,A_flag_ceiling
all_reduce_perf,2,16,65536,16384,float,sum,73.92,0.89,1.66,0,72.03,0.91,1.71,0,TREE,SIMPLE,24,TREE,SIMPLE,24,0,TREE,A_flag_ceiling
all_reduce_perf,2,16,131072,32768,float,sum,76.6,1.71,3.21,0,73.56,1.78,3.34,0,TREE,SIMPLE,24,TREE,SIMPLE,24,0,TREE,A_flag_ceiling
all_reduce_perf,2,16,262144,65536,float,sum,84.35,3.11,5.83,0,80.49,3.26,6.11,0,TREE,SIMPLE,24,TREE,SIMPLE,24,0,TREE,A_flag_ceiling
all_reduce_perf,2,16,524288,131072,float,sum,96.59,5.43,10.18,0,92.6,5.66,10.62,0,TREE,SIMPLE,24,TREE,SIMPLE,24,0,TREE,A_flag_ceiling
all_reduce_perf,2,16,1048576,262144,float,sum,109.52,9.57,17.95,0,106.98,9.8,18.38,0,TREE,SIMPLE,24,TREE,SIMPLE,24,0,TREE,A_flag_ceiling
all_reduce_perf,2,16,2097152,524288,float,sum,127.53,16.44,30.83,0,118.72,17.66,33.12,0,TREE,SIMPLE,24,TREE,SIMPLE,24,0,TREE,A_flag_ceiling
all_reduce_perf,2,16,4194304,1048576,float,sum,158.16,26.52,49.72,0,146.66,28.6,53.62,0,TREE,SIMPLE,24,TREE,SIMPLE,24,0,TREE,A_flag_ceiling
all_reduce_perf,2,16,8388608,2097152,float,sum,205.92,40.74,76.38,0,195.99,42.8,80.25,0,TREE,SIMPLE,24,TREE,SIMPLE,24,0,TREE,A_flag_ceiling
all_reduce_perf,2,16,16777216,4194304,float,sum,287.51,58.35,109.41,0,278.82,60.17,112.82,0,TREE,SIMPLE,24,TREE,SIMPLE,24,0,TREE,A_flag_ceiling
all_reduce_perf,2,16,33554432,8388608,float,sum,442.73,75.79,142.11,0,434.01,77.31,144.96,0,TREE,SIMPLE,24,TREE,SIMPLE,24,0,TREE,A_flag_ceiling
all_reduce_perf,2,16,67108864,16777216,float,sum,741.57,90.5,169.68,0,740.22,90.66,169.99,0,TREE,SIMPLE,24,TREE,SIMPLE,24,0,TREE,A_flag_ceiling
all_reduce_perf,2,16,134217728,33554432,float,sum,1198.6,111.98,209.96,0,1209.78,110.94,208.02,0,TREE,SIMPLE,24,TREE,SIMPLE,24,0,TREE,A_flag_ceiling
all_reduce_perf,2,16,268435456,67108864,float,sum,2193.04,122.4,229.51,0,2369.04,113.31,212.46,0,TREE,SIMPLE,24,TREE,SIMPLE,24,0,TREE,A_flag_ceiling
all_reduce_perf,2,16,536870912,134217728,float,sum,3866.45,138.85,260.35,0,3891.9,137.95,258.65,0,TREE,SIMPLE,24,TREE,SIMPLE,24,0,TREE,A_flag_ceiling
all_reduce_perf,2,16,4096,1024,float,sum,110.35,0.04,0.07,0,38.61,0.11,0.2,0,TREE,LL,24,TREE,LL,24,0,TREE,A_flag_ceiling
all_reduce_perf,2,16,8192,2048,float,sum,39.82,0.21,0.39,0,39.29,0.21,0.39,0,TREE,LL,24,TREE,LL,24,0,TREE,A_flag_ceiling
all_reduce_perf,2,16,16384,4096,float,sum,41.37,0.4,0.74,0,39.88,0.41,0.77,0,TREE,LL,24,TREE,LL,24,0,TREE,A_flag_ceiling
all_reduce_perf,2,16,32768,8192,float,sum,41.26,0.79,1.49,0,41.07,0.8,1.5,0,TREE,LL,24,TREE,LL,24,0,TREE,A_flag_ceiling
all_reduce_perf,2,16,65536,16384,float,sum,48.46,1.35,2.54,0,46.31,1.42,2.65,0,TREE,LL,24,TREE,LL,24,0,TREE,A_flag_ceiling
all_reduce_perf,2,16,131072,32768,float,sum,53.39,2.45,4.6,0,54.15,2.42,4.54,0,TREE,LL,24,TREE,LL,24,0,TREE,A_flag_ceiling
all_reduce_perf,2,16,262144,65536,float,sum,72.22,3.63,6.81,0,68.86,3.81,7.14,0,TREE,LL,24,TREE,LL,24,0,TREE,A_flag_ceiling
all_reduce_perf,2,16,524288,131072,float,sum,88.64,5.91,11.09,0,85.26,6.15,11.53,0,TREE,LL,24,TREE,LL,24,0,TREE,A_flag_ceiling
all_reduce_perf,2,16,1048576,262144,float,sum,104.76,10.01,18.77,0,106.03,9.89,18.54,0,TREE,LL,24,TREE,LL,24,0,TREE,A_flag_ceiling
all_reduce_perf,2,16,2097152,524288,float,sum,146.02,14.36,26.93,0,140.33,14.94,28.02,0,TREE,LL,24,TREE,LL,24,0,TREE,A_flag_ceiling
all_reduce_perf,2,16,4194304,1048576,float,sum,214.26,19.58,36.7,0,215.59,19.45,36.48,0,TREE,LL,24,TREE,LL,24,0,TREE,A_flag_ceiling
all_reduce_perf,2,16,8388608,2097152,float,sum,362.46,23.14,43.39,0,361.32,23.22,43.53,0,TREE,LL,24,TREE,LL,24,0,TREE,A_flag_ceiling
all_reduce_perf,2,16,16777216,4194304,float,sum,656.27,25.56,47.93,0,652.82,25.7,48.19,0,TREE,LL,24,TREE,LL,24,0,TREE,A_flag_ceiling
all_reduce_perf,2,16,33554432,8388608,float,sum,1239.79,27.06,50.75,0,1236.79,27.13,50.87,0,TREE,LL,24,TREE,LL,24,0,TREE,A_flag_ceiling
all_reduce_perf,2,16,67108864,16777216,float,sum,2416.93,27.77,52.06,0,2414.98,27.79,52.1,0,TREE,LL,24,TREE,LL,24,0,TREE,A_flag_ceiling
all_reduce_perf,2,16,134217728,33554432,float,sum,4779.89,28.08,52.65,0,4779.77,28.08,52.65,0,TREE,LL,24,TREE,LL,24,0,TREE,A_flag_ceiling
all_reduce_perf,2,16,268435456,67108864,float,sum,9501.89,28.25,52.97,0,9489.93,28.29,53.04,0,TREE,LL,24,TREE,LL,24,0,TREE,A_flag_ceiling
all_reduce_perf,2,16,536870912,134217728,float,sum,19016.2,28.23,52.94,0,18913.6,28.39,53.22,0,TREE,LL,24,TREE,LL,24,0,TREE,A_flag_ceiling
all_reduce_perf,2,16,4096,1024,float,sum,47.23,0.09,0.16,0,46.16,0.09,0.17,0,TREE,LL128,24,TREE,LL128,24,0,TREE,A_flag_ceiling
all_reduce_perf,2,16,8192,2048,float,sum,48.66,0.17,0.32,0,47.55,0.17,0.32,0,TREE,LL128,24,TREE,LL128,24,0,TREE,A_flag_ceiling
all_reduce_perf,2,16,16384,4096,float,sum,50.79,0.32,0.6,0,47.74,0.34,0.64,0,TREE,LL128,24,TREE,LL128,24,0,TREE,A_flag_ceiling
all_reduce_perf,2,16,32768,8192,float,sum,49.22,0.67,1.25,0,48.95,0.67,1.26,0,TREE,LL128,24,TREE,LL128,24,0,TREE,A_flag_ceiling
all_reduce_perf,2,16,65536,16384,float,sum,49.33,1.33,2.49,0,49.1,1.33,2.5,0,TREE,LL128,24,TREE,LL128,24,0,TREE,A_flag_ceiling
all_reduce_perf,2,16,131072,32768,float,sum,56.44,2.32,4.35,0,50.9,2.57,4.83,0,TREE,LL128,24,TREE,LL128,24,0,TREE,A_flag_ceiling
all_reduce_perf,2,16,262144,65536,float,sum,55.61,4.71,8.84,0,55.7,4.71,8.82,0,TREE,LL128,24,TREE,LL128,24,0,TREE,A_flag_ceiling
all_reduce_perf,2,16,524288,131072,float,sum,62.44,8.4,15.74,0,60.66,8.64,16.21,0,TREE,LL128,24,TREE,LL128,24,0,TREE,A_flag_ceiling
all_reduce_perf,2,16,1048576,262144,float,sum,69.18,15.16,28.42,0,66.39,15.79,29.61,0,TREE,LL128,24,TREE,LL128,24,0,TREE,A_flag_ceiling
all_reduce_perf,2,16,2097152,524288,float,sum,79.99,26.22,49.16,0,76.67,27.35,51.29,0,TREE,LL128,24,TREE,LL128,24,0,TREE,A_flag_ceiling
all_reduce_perf,2,16,4194304,1048576,float,sum,103.43,40.55,76.04,0,96.33,43.54,81.64,0,TREE,LL128,24,TREE,LL128,24,0,TREE,A_flag_ceiling
all_reduce_perf,2,16,8388608,2097152,float,sum,138.22,60.69,113.8,0,134.3,62.46,117.12,0,TREE,LL128,24,TREE,LL128,24,0,TREE,A_flag_ceiling
all_reduce_perf,2,16,16777216,4194304,float,sum,228.68,73.36,137.56,0,227.37,73.79,138.35,0,TREE,LL128,24,TREE,LL128,24,0,TREE,A_flag_ceiling
all_reduce_perf,2,16,33554432,8388608,float,sum,391.17,85.78,160.84,0,393.28,85.32,159.98,0,TREE,LL128,24,TREE,LL128,24,0,TREE,A_flag_ceiling
all_reduce_perf,2,16,67108864,16777216,float,sum,725.13,92.55,173.53,0,725.75,92.47,173.38,0,TREE,LL128,24,TREE,LL128,24,0,TREE,A_flag_ceiling
all_reduce_perf,2,16,134217728,33554432,float,sum,1368.93,98.05,183.84,0,1370.11,97.96,183.68,0,TREE,LL128,24,TREE,LL128,24,0,TREE,A_flag_ceiling
all_reduce_perf,2,16,268435456,67108864,float,sum,2651.97,101.22,189.79,0,2658.8,100.96,189.3,0,TREE,LL128,24,TREE,LL128,24,0,TREE,A_flag_ceiling
all_reduce_perf,2,16,536870912,134217728,float,sum,5167.52,103.89,194.8,0,5209.74,103.05,193.22,0,TREE,LL128,24,TREE,LL128,24,0,TREE,A_flag_ceiling
all_reduce_perf,2,16,4096,1024,float,sum,69.81,0.06,0.11,0,68.59,0.06,0.11,0,TREE,SIMPLE,32,TREE,SIMPLE,32,0,TREE,A_flag_ceiling
all_reduce_perf,2,16,8192,2048,float,sum,74.74,0.11,0.21,0,74.16,0.11,0.21,0,TREE,SIMPLE,32,TREE,SIMPLE,32,0,TREE,A_flag_ceiling
all_reduce_perf,2,16,16384,4096,float,sum,73.23,0.22,0.42,0,70.89,0.23,0.43,0,TREE,SIMPLE,32,TREE,SIMPLE,32,0,TREE,A_flag_ceiling
all_reduce_perf,2,16,32768,8192,float,sum,76.59,0.43,0.8,0,70.9,0.46,0.87,0,TREE,SIMPLE,32,TREE,SIMPLE,32,0,TREE,A_flag_ceiling
all_reduce_perf,2,16,65536,16384,float,sum,76.38,0.86,1.61,0,72.0,0.91,1.71,0,TREE,SIMPLE,32,TREE,SIMPLE,32,0,TREE,A_flag_ceiling
all_reduce_perf,2,16,131072,32768,float,sum,74.5,1.76,3.3,0,73.2,1.79,3.36,0,TREE,SIMPLE,32,TREE,SIMPLE,32,0,TREE,A_flag_ceiling
all_reduce_perf,2,16,262144,65536,float,sum,80.35,3.26,6.12,0,76.33,3.43,6.44,0,TREE,SIMPLE,32,TREE,SIMPLE,32,0,TREE,A_flag_ceiling
all_reduce_perf,2,16,524288,131072,float,sum,88.88,5.9,11.06,0,83.47,6.28,11.78,0,TREE,SIMPLE,32,TREE,SIMPLE,32,0,TREE,A_flag_ceiling
all_reduce_perf,2,16,1048576,262144,float,sum,107.46,9.76,18.3,0,103.0,10.18,19.09,0,TREE,SIMPLE,32,TREE,SIMPLE,32,0,TREE,A_flag_ceiling
all_reduce_perf,2,16,2097152,524288,float,sum,121.83,17.21,32.28,0,114.96,18.24,34.21,0,TREE,SIMPLE,32,TREE,SIMPLE,32,0,TREE,A_flag_ceiling
all_reduce_perf,2,16,4194304,1048576,float,sum,145.99,28.73,53.87,0,135.07,31.05,58.23,0,TREE,SIMPLE,32,TREE,SIMPLE,32,0,TREE,A_flag_ceiling
all_reduce_perf,2,16,8388608,2097152,float,sum,181.38,46.25,86.71,0,173.83,48.26,90.48,0,TREE,SIMPLE,32,TREE,SIMPLE,32,0,TREE,A_flag_ceiling
all_reduce_perf,2,16,16777216,4194304,float,sum,253.93,66.07,123.88,0,247.7,67.73,127.0,0,TREE,SIMPLE,32,TREE,SIMPLE,32,0,TREE,A_flag_ceiling
all_reduce_perf,2,16,33554432,8388608,float,sum,377.26,88.94,166.77,0,372.27,90.13,169.0,0,TREE,SIMPLE,32,TREE,SIMPLE,32,0,TREE,A_flag_ceiling
all_reduce_perf,2,16,67108864,16777216,float,sum,610.19,109.98,206.21,0,607.94,110.39,206.98,0,TREE,SIMPLE,32,TREE,SIMPLE,32,0,TREE,A_flag_ceiling
all_reduce_perf,2,16,134217728,33554432,float,sum,997.34,134.58,252.33,0,1001.97,133.95,251.16,0,TREE,SIMPLE,32,TREE,SIMPLE,32,0,TREE,A_flag_ceiling
all_reduce_perf,2,16,268435456,67108864,float,sum,1778.47,150.94,283.01,0,1794.69,149.57,280.45,0,TREE,SIMPLE,32,TREE,SIMPLE,32,0,TREE,A_flag_ceiling
all_reduce_perf,2,16,536870912,134217728,float,sum,3231.78,166.12,311.48,0,3238.92,165.76,310.79,0,TREE,SIMPLE,32,TREE,SIMPLE,32,0,TREE,A_flag_ceiling
all_reduce_perf,2,16,4096,1024,float,sum,38.74,0.11,0.2,0,37.97,0.11,0.2,0,TREE,LL,32,TREE,LL,32,0,TREE,A_flag_ceiling
all_reduce_perf,2,16,8192,2048,float,sum,40.13,0.2,0.38,0,39.1,0.21,0.39,0,TREE,LL,32,TREE,LL,32,0,TREE,A_flag_ceiling
all_reduce_perf,2,16,16384,4096,float,sum,41.25,0.4,0.74,0,39.53,0.41,0.78,0,TREE,LL,32,TREE,LL,32,0,TREE,A_flag_ceiling
all_reduce_perf,2,16,32768,8192,float,sum,41.61,0.79,1.48,0,40.88,0.8,1.5,0,TREE,LL,32,TREE,LL,32,0,TREE,A_flag_ceiling
all_reduce_perf,2,16,65536,16384,float,sum,43.73,1.5,2.81,0,43.06,1.52,2.85,0,TREE,LL,32,TREE,LL,32,0,TREE,A_flag_ceiling
all_reduce_perf,2,16,131072,32768,float,sum,51.84,2.53,4.74,0,49.83,2.63,4.93,0,TREE,LL,32,TREE,LL,32,0,TREE,A_flag_ceiling
all_reduce_perf,2,16,262144,65536,float,sum,61.36,4.27,8.01,0,60.77,4.31,8.09,0,TREE,LL,32,TREE,LL,32,0,TREE,A_flag_ceiling
all_reduce_perf,2,16,524288,131072,float,sum,83.26,6.3,11.81,0,80.93,6.48,12.15,0,TREE,LL,32,TREE,LL,32,0,TREE,A_flag_ceiling
all_reduce_perf,2,16,1048576,262144,float,sum,98.88,10.6,19.88,0,97.12,10.8,20.24,0,TREE,LL,32,TREE,LL,32,0,TREE,A_flag_ceiling
all_reduce_perf,2,16,2097152,524288,float,sum,128.87,16.27,30.51,0,125.23,16.75,31.4,0,TREE,LL,32,TREE,LL,32,0,TREE,A_flag_ceiling
all_reduce_perf,2,16,4194304,1048576,float,sum,179.05,23.42,43.92,0,179.63,23.35,43.78,0,TREE,LL,32,TREE,LL,32,0,TREE,A_flag_ceiling
all_reduce_perf,2,16,8388608,2097152,float,sum,306.86,27.34,51.26,0,307.36,27.29,51.17,0,TREE,LL,32,TREE,LL,32,0,TREE,A_flag_ceiling
all_reduce_perf,2,16,16777216,4194304,float,sum,540.36,31.05,58.21,0,537.0,31.24,58.58,0,TREE,LL,32,TREE,LL,32,0,TREE,A_flag_ceiling
all_reduce_perf,2,16,33554432,8388608,float,sum,993.16,33.79,63.35,0,986.25,34.02,63.79,0,TREE,LL,32,TREE,LL,32,0,TREE,A_flag_ceiling
all_reduce_perf,2,16,67108864,16777216,float,sum,1890.69,35.49,66.55,0,1885.0,35.6,66.75,0,TREE,LL,32,TREE,LL,32,0,TREE,A_flag_ceiling
all_reduce_perf,2,16,134217728,33554432,float,sum,3657.27,36.7,68.81,0,3663.3,36.64,68.7,0,TREE,LL,32,TREE,LL,32,0,TREE,A_flag_ceiling
all_reduce_perf,2,16,268435456,67108864,float,sum,7209.55,37.23,69.81,0,7217.42,37.19,69.74,0,TREE,LL,32,TREE,LL,32,0,TREE,A_flag_ceiling
all_reduce_perf,2,16,536870912,134217728,float,sum,14322.5,37.48,70.28,0,14336.0,37.45,70.22,0,TREE,LL,32,TREE,LL,32,0,TREE,A_flag_ceiling
all_reduce_perf,2,16,4096,1024,float,sum,48.4,0.08,0.16,0,45.36,0.09,0.17,0,TREE,LL128,32,TREE,LL128,32,0,TREE,A_flag_ceiling
all_reduce_perf,2,16,8192,2048,float,sum,49.65,0.16,0.31,0,48.03,0.17,0.32,0,TREE,LL128,32,TREE,LL128,32,0,TREE,A_flag_ceiling
all_reduce_perf,2,16,16384,4096,float,sum,51.75,0.32,0.59,0,48.22,0.34,0.64,0,TREE,LL128,32,TREE,LL128,32,0,TREE,A_flag_ceiling
all_reduce_perf,2,16,32768,8192,float,sum,49.66,0.66,1.24,0,49.43,0.66,1.24,0,TREE,LL128,32,TREE,LL128,32,0,TREE,A_flag_ceiling
all_reduce_perf,2,16,65536,16384,float,sum,49.93,1.31,2.46,0,49.7,1.32,2.47,0,TREE,LL128,32,TREE,LL128,32,0,TREE,A_flag_ceiling
all_reduce_perf,2,16,131072,32768,float,sum,53.23,2.46,4.62,0,51.15,2.56,4.8,0,TREE,LL128,32,TREE,LL128,32,0,TREE,A_flag_ceiling
all_reduce_perf,2,16,262144,65536,float,sum,53.43,4.91,9.2,0,53.56,4.89,9.18,0,TREE,LL128,32,TREE,LL128,32,0,TREE,A_flag_ceiling
all_reduce_perf,2,16,524288,131072,float,sum,60.54,8.66,16.24,0,58.65,8.94,16.76,0,TREE,LL128,32,TREE,LL128,32,0,TREE,A_flag_ceiling
all_reduce_perf,2,16,1048576,262144,float,sum,68.59,15.29,28.66,0,65.56,15.99,29.99,0,TREE,LL128,32,TREE,LL128,32,0,TREE,A_flag_ceiling
all_reduce_perf,2,16,2097152,524288,float,sum,74.33,28.21,52.9,0,74.5,28.15,52.78,0,TREE,LL128,32,TREE,LL128,32,0,TREE,A_flag_ceiling
all_reduce_perf,2,16,4194304,1048576,float,sum,94.9,44.2,82.87,0,89.35,46.94,88.02,0,TREE,LL128,32,TREE,LL128,32,0,TREE,A_flag_ceiling
all_reduce_perf,2,16,8388608,2097152,float,sum,129.45,64.8,121.5,0,120.23,69.77,130.82,0,TREE,LL128,32,TREE,LL128,32,0,TREE,A_flag_ceiling
all_reduce_perf,2,16,16777216,4194304,float,sum,190.19,88.21,165.4,0,186.65,89.89,168.54,0,TREE,LL128,32,TREE,LL128,32,0,TREE,A_flag_ceiling
all_reduce_perf,2,16,33554432,8388608,float,sum,329.34,101.88,191.03,0,331.38,101.26,189.85,0,TREE,LL128,32,TREE,LL128,32,0,TREE,A_flag_ceiling
all_reduce_perf,2,16,67108864,16777216,float,sum,601.3,111.61,209.26,0,602.48,111.39,208.85,0,TREE,LL128,32,TREE,LL128,32,0,TREE,A_flag_ceiling
all_reduce_perf,2,16,134217728,33554432,float,sum,1130.59,118.71,222.59,0,1131.88,118.58,222.34,0,TREE,LL128,32,TREE,LL128,32,0,TREE,A_flag_ceiling
all_reduce_perf,2,16,268435456,67108864,float,sum,2170.26,123.69,231.91,0,2177.2,123.29,231.18,0,TREE,LL128,32,TREE,LL128,32,0,TREE,A_flag_ceiling
all_reduce_perf,2,16,536870912,134217728,float,sum,4235.98,126.74,237.64,0,4238.05,126.68,237.52,0,TREE,LL128,32,TREE,LL128,32,0,TREE,A_flag_ceiling
all_reduce_perf,2,16,4096,1024,float,sum,71.13,0.06,0.11,0,68.13,0.06,0.11,0,TREE,SIMPLE,40,TREE,SIMPLE,40,0,TREE,A_flag_ceiling
all_reduce_perf,2,16,8192,2048,float,sum,72.54,0.11,0.21,0,70.12,0.12,0.22,0,TREE,SIMPLE,40,TREE,SIMPLE,40,0,TREE,A_flag_ceiling
all_reduce_perf,2,16,16384,4096,float,sum,75.52,0.22,0.41,0,70.55,0.23,0.44,0,TREE,SIMPLE,40,TREE,SIMPLE,40,0,TREE,A_flag_ceiling
all_reduce_perf,2,16,32768,8192,float,sum,73.79,0.44,0.83,0,71.69,0.46,0.86,0,TREE,SIMPLE,40,TREE,SIMPLE,40,0,TREE,A_flag_ceiling
all_reduce_perf,2,16,65536,16384,float,sum,75.93,0.86,1.62,0,72.41,0.91,1.7,0,TREE,SIMPLE,40,TREE,SIMPLE,40,0,TREE,A_flag_ceiling
all_reduce_perf,2,16,131072,32768,float,sum,76.56,1.71,3.21,0,73.9,1.77,3.33,0,TREE,SIMPLE,40,TREE,SIMPLE,40,0,TREE,A_flag_ceiling
all_reduce_perf,2,16,262144,65536,float,sum,78.16,3.35,6.29,0,76.97,3.41,6.39,0,TREE,SIMPLE,40,TREE,SIMPLE,40,0,TREE,A_flag_ceiling
all_reduce_perf,2,16,524288,131072,float,sum,87.73,5.98,11.21,0,83.08,6.31,11.83,0,TREE,SIMPLE,40,TREE,SIMPLE,40,0,TREE,A_flag_ceiling
all_reduce_perf,2,16,1048576,262144,float,sum,104.77,10.01,18.77,0,102.57,10.22,19.17,0,TREE,SIMPLE,40,TREE,SIMPLE,40,0,TREE,A_flag_ceiling
all_reduce_perf,2,16,2097152,524288,float,sum,116.35,18.02,33.79,0,113.8,18.43,34.55,0,TREE,SIMPLE,40,TREE,SIMPLE,40,0,TREE,A_flag_ceiling
all_reduce_perf,2,16,4194304,1048576,float,sum,142.39,29.46,55.23,0,134.7,31.14,58.38,0,TREE,SIMPLE,40,TREE,SIMPLE,40,0,TREE,A_flag_ceiling
all_reduce_perf,2,16,8388608,2097152,float,sum,171.8,48.83,91.55,0,166.04,50.52,94.73,0,TREE,SIMPLE,40,TREE,SIMPLE,40,0,TREE,A_flag_ceiling
all_reduce_perf,2,16,16777216,4194304,float,sum,241.68,69.42,130.16,0,236.01,71.09,133.29,0,TREE,SIMPLE,40,TREE,SIMPLE,40,0,TREE,A_flag_ceiling
all_reduce_perf,2,16,33554432,8388608,float,sum,343.36,97.72,183.23,0,339.48,98.84,185.32,0,TREE,SIMPLE,40,TREE,SIMPLE,40,0,TREE,A_flag_ceiling
all_reduce_perf,2,16,67108864,16777216,float,sum,546.85,122.72,230.1,0,544.46,123.26,231.11,0,TREE,SIMPLE,40,TREE,SIMPLE,40,0,TREE,A_flag_ceiling
all_reduce_perf,2,16,134217728,33554432,float,sum,948.28,141.54,265.38,0,951.17,141.11,264.58,0,TREE,SIMPLE,40,TREE,SIMPLE,40,0,TREE,A_flag_ceiling
all_reduce_perf,2,16,268435456,67108864,float,sum,1666.64,161.06,302.0,0,1657.74,161.93,303.62,0,TREE,SIMPLE,40,TREE,SIMPLE,40,0,TREE,A_flag_ceiling
all_reduce_perf,2,16,536870912,134217728,float,sum,3113.25,172.45,323.34,0,3088.06,173.85,325.98,0,TREE,SIMPLE,40,TREE,SIMPLE,40,0,TREE,A_flag_ceiling
all_reduce_perf,2,16,4096,1024,float,sum,39.24,0.1,0.2,0,38.33,0.11,0.2,0,TREE,LL,40,TREE,LL,40,0,TREE,A_flag_ceiling
all_reduce_perf,2,16,8192,2048,float,sum,40.19,0.2,0.38,0,39.28,0.21,0.39,0,TREE,LL,40,TREE,LL,40,0,TREE,A_flag_ceiling
all_reduce_perf,2,16,16384,4096,float,sum,41.14,0.4,0.75,0,39.72,0.41,0.77,0,TREE,LL,40,TREE,LL,40,0,TREE,A_flag_ceiling
all_reduce_perf,2,16,32768,8192,float,sum,42.36,0.77,1.45,0,40.78,0.8,1.51,0,TREE,LL,40,TREE,LL,40,0,TREE,A_flag_ceiling
all_reduce_perf,2,16,65536,16384,float,sum,45.91,1.43,2.68,0,43.66,1.5,2.81,0,TREE,LL,40,TREE,LL,40,0,TREE,A_flag_ceiling
all_reduce_perf,2,16,131072,32768,float,sum,50.97,2.57,4.82,0,49.53,2.65,4.96,0,TREE,LL,40,TREE,LL,40,0,TREE,A_flag_ceiling
all_reduce_perf,2,16,262144,65536,float,sum,62.68,4.18,7.84,0,61.03,4.3,8.05,0,TREE,LL,40,TREE,LL,40,0,TREE,A_flag_ceiling
all_reduce_perf,2,16,524288,131072,float,sum,78.99,6.64,12.45,0,77.75,6.74,12.64,0,TREE,LL,40,TREE,LL,40,0,TREE,A_flag_ceiling
all_reduce_perf,2,16,1048576,262144,float,sum,92.0,11.4,21.37,0,92.78,11.3,21.19,0,TREE,LL,40,TREE,LL,40,0,TREE,A_flag_ceiling
all_reduce_perf,2,16,2097152,524288,float,sum,151.05,13.88,26.03,0,116.44,18.01,33.77,0,TREE,LL,40,TREE,LL,40,0,TREE,A_flag_ceiling
all_reduce_perf,2,16,4194304,1048576,float,sum,169.71,24.72,46.34,0,163.09,25.72,48.22,0,TREE,LL,40,TREE,LL,40,0,TREE,A_flag_ceiling
all_reduce_perf,2,16,8388608,2097152,float,sum,283.58,29.58,55.46,0,280.57,29.9,56.06,0,TREE,LL,40,TREE,LL,40,0,TREE,A_flag_ceiling
all_reduce_perf,2,16,16777216,4194304,float,sum,495.47,33.86,63.49,0,489.94,34.24,64.21,0,TREE,LL,40,TREE,LL,40,0,TREE,A_flag_ceiling
all_reduce_perf,2,16,33554432,8388608,float,sum,903.04,37.16,69.67,0,904.9,37.08,69.53,0,TREE,LL,40,TREE,LL,40,0,TREE,A_flag_ceiling
all_reduce_perf,2,16,67108864,16777216,float,sum,1723.08,38.95,73.03,0,1727.67,38.84,72.83,0,TREE,LL,40,TREE,LL,40,0,TREE,A_flag_ceiling
all_reduce_perf,2,16,134217728,33554432,float,sum,3359.01,39.96,74.92,0,3338.87,40.2,75.37,0,TREE,LL,40,TREE,LL,40,0,TREE,A_flag_ceiling
all_reduce_perf,2,16,268435456,67108864,float,sum,6593.74,40.71,76.33,0,6586.32,40.76,76.42,0,TREE,LL,40,TREE,LL,40,0,TREE,A_flag_ceiling
all_reduce_perf,2,16,536870912,134217728,float,sum,13035.1,41.19,77.22,0,13099.7,40.98,76.84,0,TREE,LL,40,TREE,LL,40,0,TREE,A_flag_ceiling
all_reduce_perf,2,16,4096,1024,float,sum,46.53,0.09,0.17,0,45.85,0.09,0.17,0,TREE,LL128,40,TREE,LL128,40,0,TREE,A_flag_ceiling
all_reduce_perf,2,16,8192,2048,float,sum,48.58,0.17,0.32,0,47.62,0.17,0.32,0,TREE,LL128,40,TREE,LL128,40,0,TREE,A_flag_ceiling
all_reduce_perf,2,16,16384,4096,float,sum,49.72,0.33,0.62,0,48.03,0.34,0.64,0,TREE,LL128,40,TREE,LL128,40,0,TREE,A_flag_ceiling
all_reduce_perf,2,16,32768,8192,float,sum,51.14,0.64,1.2,0,49.07,0.67,1.25,0,TREE,LL128,40,TREE,LL128,40,0,TREE,A_flag_ceiling
all_reduce_perf,2,16,65536,16384,float,sum,49.71,1.32,2.47,0,49.41,1.33,2.49,0,TREE,LL128,40,TREE,LL128,40,0,TREE,A_flag_ceiling
all_reduce_perf,2,16,131072,32768,float,sum,55.46,2.36,4.43,0,51.2,2.56,4.8,0,TREE,LL128,40,TREE,LL128,40,0,TREE,A_flag_ceiling
all_reduce_perf,2,16,262144,65536,float,sum,56.39,4.65,8.72,0,53.85,4.87,9.13,0,TREE,LL128,40,TREE,LL128,40,0,TREE,A_flag_ceiling
all_reduce_perf,2,16,524288,131072,float,sum,62.49,8.39,15.73,0,58.71,8.93,16.75,0,TREE,LL128,40,TREE,LL128,40,0,TREE,A_flag_ceiling
all_reduce_perf,2,16,1048576,262144,float,sum,68.45,15.32,28.72,0,65.87,15.92,29.85,0,TREE,LL128,40,TREE,LL128,40,0,TREE,A_flag_ceiling
all_reduce_perf,2,16,2097152,524288,float,sum,92.76,22.61,42.39,0,74.24,28.25,52.97,0,TREE,LL128,40,TREE,LL128,40,0,TREE,A_flag_ceiling
all_reduce_perf,2,16,4194304,1048576,float,sum,91.31,45.94,86.13,0,86.47,48.5,90.95,0,TREE,LL128,40,TREE,LL128,40,0,TREE,A_flag_ceiling
all_reduce_perf,2,16,8388608,2097152,float,sum,120.8,69.44,130.2,0,112.01,74.89,140.42,0,TREE,LL128,40,TREE,LL128,40,0,TREE,A_flag_ceiling
all_reduce_perf,2,16,16777216,4194304,float,sum,171.57,97.78,183.34,0,170.44,98.43,184.56,0,TREE,LL128,40,TREE,LL128,40,0,TREE,A_flag_ceiling
all_reduce_perf,2,16,33554432,8388608,float,sum,296.04,113.35,212.52,0,295.97,113.37,212.57,0,TREE,LL128,40,TREE,LL128,40,0,TREE,A_flag_ceiling
all_reduce_perf,2,16,67108864,16777216,float,sum,1038.27,64.64,121.19,0,540.19,124.23,232.94,0,TREE,LL128,40,TREE,LL128,40,0,TREE,A_flag_ceiling
all_reduce_perf,2,16,134217728,33554432,float,sum,1017.1,131.96,247.43,0,1016.38,132.06,247.6,0,TREE,LL128,40,TREE,LL128,40,0,TREE,A_flag_ceiling
all_reduce_perf,2,16,268435456,67108864,float,sum,1936.53,138.62,259.91,0,1937.26,138.56,259.81,0,TREE,LL128,40,TREE,LL128,40,0,TREE,A_flag_ceiling
all_reduce_perf,2,16,536870912,134217728,float,sum,3764.58,142.61,267.4,0,3768.9,142.45,267.09,0,TREE,LL128,40,TREE,LL128,40,0,TREE,A_flag_ceiling
all_reduce_perf,2,16,4096,1024,float,sum,70.64,0.06,0.11,0,68.72,0.06,0.11,0,TREE,SIMPLE,48,TREE,SIMPLE,48,0,TREE,A_flag_ceiling
all_reduce_perf,2,16,8192,2048,float,sum,73.32,0.11,0.21,0,70.54,0.12,0.22,0,TREE,SIMPLE,48,TREE,SIMPLE,48,0,TREE,A_flag_ceiling
all_reduce_perf,2,16,16384,4096,float,sum,73.95,0.22,0.42,0,71.3,0.23,0.43,0,TREE,SIMPLE,48,TREE,SIMPLE,48,0,TREE,A_flag_ceiling
all_reduce_perf,2,16,32768,8192,float,sum,77.09,0.43,0.8,0,71.31,0.46,0.86,0,TREE,SIMPLE,48,TREE,SIMPLE,48,0,TREE,A_flag_ceiling
all_reduce_perf,2,16,65536,16384,float,sum,77.08,0.85,1.59,0,71.85,0.91,1.71,0,TREE,SIMPLE,48,TREE,SIMPLE,48,0,TREE,A_flag_ceiling
all_reduce_perf,2,16,131072,32768,float,sum,77.41,1.69,3.17,0,74.18,1.77,3.31,0,TREE,SIMPLE,48,TREE,SIMPLE,48,0,TREE,A_flag_ceiling
all_reduce_perf,2,16,262144,65536,float,sum,77.8,3.37,6.32,0,76.56,3.42,6.42,0,TREE,SIMPLE,48,TREE,SIMPLE,48,0,TREE,A_flag_ceiling
all_reduce_perf,2,16,524288,131072,float,sum,88.5,5.92,11.11,0,84.75,6.19,11.6,0,TREE,SIMPLE,48,TREE,SIMPLE,48,0,TREE,A_flag_ceiling
all_reduce_perf,2,16,1048576,262144,float,sum,101.88,10.29,19.3,0,98.98,10.59,19.86,0,TREE,SIMPLE,48,TREE,SIMPLE,48,0,TREE,A_flag_ceiling
all_reduce_perf,2,16,2097152,524288,float,sum,117.75,17.81,33.39,0,116.01,18.08,33.9,0,TREE,SIMPLE,48,TREE,SIMPLE,48,0,TREE,A_flag_ceiling
all_reduce_perf,2,16,4194304,1048576,float,sum,132.87,31.57,59.19,0,130.22,32.21,60.39,0,TREE,SIMPLE,48,TREE,SIMPLE,48,0,TREE,A_flag_ceiling
all_reduce_perf,2,16,8388608,2097152,float,sum,166.0,50.53,94.75,0,161.68,51.88,97.28,0,TREE,SIMPLE,48,TREE,SIMPLE,48,0,TREE,A_flag_ceiling
all_reduce_perf,2,16,16777216,4194304,float,sum,229.0,73.26,137.37,0,223.66,75.01,140.65,0,TREE,SIMPLE,48,TREE,SIMPLE,48,0,TREE,A_flag_ceiling
all_reduce_perf,2,16,33554432,8388608,float,sum,327.74,102.38,191.96,0,327.62,102.42,192.03,0,TREE,SIMPLE,48,TREE,SIMPLE,48,0,TREE,A_flag_ceiling
all_reduce_perf,2,16,67108864,16777216,float,sum,518.33,129.47,242.76,0,515.78,130.11,243.96,0,TREE,SIMPLE,48,TREE,SIMPLE,48,0,TREE,A_flag_ceiling
all_reduce_perf,2,16,134217728,33554432,float,sum,887.93,151.16,283.42,0,891.0,150.64,282.44,0,TREE,SIMPLE,48,TREE,SIMPLE,48,0,TREE,A_flag_ceiling
all_reduce_perf,2,16,268435456,67108864,float,sum,1622.14,165.48,310.28,0,1620.41,165.66,310.61,0,TREE,SIMPLE,48,TREE,SIMPLE,48,0,TREE,A_flag_ceiling
all_reduce_perf,2,16,536870912,134217728,float,sum,3030.59,177.15,332.16,0,3026.65,177.38,332.59,0,TREE,SIMPLE,48,TREE,SIMPLE,48,0,TREE,A_flag_ceiling
all_reduce_perf,2,16,4096,1024,float,sum,39.28,0.1,0.2,0,38.29,0.11,0.2,0,TREE,LL,48,TREE,LL,48,0,TREE,A_flag_ceiling
all_reduce_perf,2,16,8192,2048,float,sum,40.99,0.2,0.37,0,39.44,0.21,0.39,0,TREE,LL,48,TREE,LL,48,0,TREE,A_flag_ceiling
all_reduce_perf,2,16,16384,4096,float,sum,43.29,0.38,0.71,0,39.92,0.41,0.77,0,TREE,LL,48,TREE,LL,48,0,TREE,A_flag_ceiling
all_reduce_perf,2,16,32768,8192,float,sum,133.02,0.25,0.46,0,41.16,0.8,1.49,0,TREE,LL,48,TREE,LL,48,0,TREE,A_flag_ceiling
all_reduce_perf,2,16,65536,16384,float,sum,52.54,1.25,2.34,0,43.41,1.51,2.83,0,TREE,LL,48,TREE,LL,48,0,TREE,A_flag_ceiling
all_reduce_perf,2,16,131072,32768,float,sum,55.63,2.36,4.42,0,49.82,2.63,4.93,0,TREE,LL,48,TREE,LL,48,0,TREE,A_flag_ceiling
all_reduce_perf,2,16,262144,65536,float,sum,57.15,4.59,8.6,0,57.38,4.57,8.57,0,TREE,LL,48,TREE,LL,48,0,TREE,A_flag_ceiling
all_reduce_perf,2,16,524288,131072,float,sum,75.52,6.94,13.02,0,74.06,7.08,13.27,0,TREE,LL,48,TREE,LL,48,0,TREE,A_flag_ceiling
all_reduce_perf,2,16,1048576,262144,float,sum,92.16,11.38,21.33,0,92.02,11.39,21.37,0,TREE,LL,48,TREE,LL,48,0,TREE,A_flag_ceiling
all_reduce_perf,2,16,2097152,524288,float,sum,117.87,17.79,33.36,0,113.36,18.5,34.69,0,TREE,LL,48,TREE,LL,48,0,TREE,A_flag_ceiling
all_reduce_perf,2,16,4194304,1048576,float,sum,152.13,27.57,51.7,0,151.74,27.64,51.83,0,TREE,LL,48,TREE,LL,48,0,TREE,A_flag_ceiling
all_reduce_perf,2,16,8388608,2097152,float,sum,268.14,31.28,58.66,0,265.8,31.56,59.17,0,TREE,LL,48,TREE,LL,48,0,TREE,A_flag_ceiling
all_reduce_perf,2,16,16777216,4194304,float,sum,464.7,36.1,67.69,0,458.91,36.56,68.55,0,TREE,LL,48,TREE,LL,48,0,TREE,A_flag_ceiling
all_reduce_perf,2,16,33554432,8388608,float,sum,874.99,38.35,71.9,0,870.61,38.54,72.26,0,TREE,LL,48,TREE,LL,48,0,TREE,A_flag_ceiling
all_reduce_perf,2,16,67108864,16777216,float,sum,1675.2,40.06,75.11,0,1676.95,40.02,75.03,0,TREE,LL,48,TREE,LL,48,0,TREE,A_flag_ceiling
all_reduce_perf,2,16,134217728,33554432,float,sum,3287.97,40.82,76.54,0,3275.7,40.97,76.83,0,TREE,LL,48,TREE,LL,48,0,TREE,A_flag_ceiling
all_reduce_perf,2,16,268435456,67108864,float,sum,6400.2,41.94,78.64,0,6406.92,41.9,78.56,0,TREE,LL,48,TREE,LL,48,0,TREE,A_flag_ceiling
all_reduce_perf,2,16,536870912,134217728,float,sum,12716.1,42.22,79.16,0,12670.7,42.37,79.45,0,TREE,LL,48,TREE,LL,48,0,TREE,A_flag_ceiling
all_reduce_perf,2,16,4096,1024,float,sum,46.45,0.09,0.17,0,45.39,0.09,0.17,0,TREE,LL128,48,TREE,LL128,48,0,TREE,A_flag_ceiling
all_reduce_perf,2,16,8192,2048,float,sum,49.29,0.17,0.31,0,47.61,0.17,0.32,0,TREE,LL128,48,TREE,LL128,48,0,TREE,A_flag_ceiling
all_reduce_perf,2,16,16384,4096,float,sum,51.25,0.32,0.6,0,47.74,0.34,0.64,0,TREE,LL128,48,TREE,LL128,48,0,TREE,A_flag_ceiling
all_reduce_perf,2,16,32768,8192,float,sum,51.19,0.64,1.2,0,48.94,0.67,1.26,0,TREE,LL128,48,TREE,LL128,48,0,TREE,A_flag_ceiling
all_reduce_perf,2,16,65536,16384,float,sum,52.01,1.26,2.36,0,48.89,1.34,2.51,0,TREE,LL128,48,TREE,LL128,48,0,TREE,A_flag_ceiling
all_reduce_perf,2,16,131072,32768,float,sum,51.67,2.54,4.76,0,51.18,2.56,4.8,0,TREE,LL128,48,TREE,LL128,48,0,TREE,A_flag_ceiling
all_reduce_perf,2,16,262144,65536,float,sum,56.06,4.68,8.77,0,60.74,4.32,8.09,0,TREE,LL128,48,TREE,LL128,48,0,TREE,A_flag_ceiling
all_reduce_perf,2,16,524288,131072,float,sum,60.56,8.66,16.23,0,58.44,8.97,16.82,0,TREE,LL128,48,TREE,LL128,48,0,TREE,A_flag_ceiling
all_reduce_perf,2,16,1048576,262144,float,sum,67.31,15.58,29.21,0,63.94,16.4,30.75,0,TREE,LL128,48,TREE,LL128,48,0,TREE,A_flag_ceiling
all_reduce_perf,2,16,2097152,524288,float,sum,71.44,29.36,55.04,0,72.05,29.11,54.57,0,TREE,LL128,48,TREE,LL128,48,0,TREE,A_flag_ceiling
all_reduce_perf,2,16,4194304,1048576,float,sum,84.69,49.52,92.85,0,84.74,49.49,92.8,0,TREE,LL128,48,TREE,LL128,48,0,TREE,A_flag_ceiling
all_reduce_perf,2,16,8388608,2097152,float,sum,110.89,75.65,141.84,0,108.68,77.18,144.72,0,TREE,LL128,48,TREE,LL128,48,0,TREE,A_flag_ceiling
all_reduce_perf,2,16,16777216,4194304,float,sum,161.74,103.73,194.49,0,160.42,104.58,196.09,0,TREE,LL128,48,TREE,LL128,48,0,TREE,A_flag_ceiling
all_reduce_perf,2,16,33554432,8388608,float,sum,282.28,118.87,222.88,0,278.47,120.49,225.93,0,TREE,LL128,48,TREE,LL128,48,0,TREE,A_flag_ceiling
all_reduce_perf,2,16,67108864,16777216,float,sum,505.57,132.74,248.89,0,505.43,132.77,248.95,0,TREE,LL128,48,TREE,LL128,48,0,TREE,A_flag_ceiling
all_reduce_perf,2,16,134217728,33554432,float,sum,961.81,139.55,261.65,0,958.66,140.01,262.51,0,TREE,LL128,48,TREE,LL128,48,0,TREE,A_flag_ceiling
all_reduce_perf,2,16,268435456,67108864,float,sum,1806.8,148.57,278.57,0,1808.68,148.42,278.28,0,TREE,LL128,48,TREE,LL128,48,0,TREE,A_flag_ceiling
all_reduce_perf,2,16,536870912,134217728,float,sum,3515.77,152.7,286.32,0,3512.64,152.84,286.57,0,TREE,LL128,48,TREE,LL128,48,0,TREE,A_flag_ceiling
all_reduce_perf,2,16,4096,1024,float,sum,39.07,0.1,0.2,0,38.54,0.11,0.2,0,TREE,LL,2,,,,0,TREE,A_flag_ceiling
all_reduce_perf,2,16,8192,2048,float,sum,39.93,0.21,0.38,0,39.13,0.21,0.39,0,TREE,LL,4,,,,0,TREE,A_flag_ceiling
all_reduce_perf,2,16,16384,4096,float,sum,43.0,0.38,0.71,0,39.33,0.42,0.78,0,TREE,LL,8,,,,0,TREE,A_flag_ceiling
all_reduce_perf,2,16,32768,8192,float,sum,43.16,0.76,1.42,0,41.14,0.8,1.49,0,TREE,LL,16,,,,0,TREE,A_flag_ceiling
all_reduce_perf,2,16,65536,16384,float,sum,44.02,1.49,2.79,0,45.69,1.43,2.69,0,TREE,LL,32,,,,0,TREE,A_flag_ceiling
all_reduce_perf,2,16,131072,32768,float,sum,51.73,2.53,4.75,0,50.53,2.59,4.86,0,TREE,LL,48,,,,0,TREE,A_flag_ceiling
all_reduce_perf,2,16,262144,65536,float,sum,59.21,4.43,8.3,0,57.84,4.53,8.5,0,TREE,LL,48,,,,0,TREE,A_flag_ceiling
all_reduce_perf,2,16,524288,131072,float,sum,61.04,8.59,16.11,0,58.97,8.89,16.67,0,TREE,LL128,48,,,,0,TREE,A_flag_ceiling
all_reduce_perf,2,16,1048576,262144,float,sum,63.98,16.39,30.73,0,64.8,16.18,30.34,0,TREE,LL128,48,,,,0,TREE,A_flag_ceiling
all_reduce_perf,2,16,2097152,524288,float,sum,72.3,29.01,54.39,0,72.37,28.98,54.33,0,TREE,LL128,48,,,,0,TREE,A_flag_ceiling
all_reduce_perf,2,16,4194304,1048576,float,sum,84.8,49.46,92.74,0,84.23,49.8,93.37,0,TREE,LL128,48,,,,0,TREE,A_flag_ceiling
all_reduce_perf,2,16,8388608,2097152,float,sum,110.89,75.65,141.85,0,109.41,76.67,143.75,0,TREE,LL128,48,,,,0,TREE,A_flag_ceiling
all_reduce_perf,2,16,16777216,4194304,float,sum,161.66,103.78,194.59,0,162.61,103.18,193.45,0,TREE,LL128,48,,,,0,TREE,A_flag_ceiling
all_reduce_perf,2,16,33554432,8388608,float,sum,284.98,117.74,220.77,0,279.08,120.23,225.43,0,TREE,LL128,48,,,,0,TREE,A_flag_ceiling
all_reduce_perf,2,16,67108864,16777216,float,sum,431.64,155.47,291.51,0,430.53,155.88,292.27,0,RING,LL128,48,,,,0,RING,A_flag_ceiling
all_reduce_perf,2,16,134217728,33554432,float,sum,792.02,169.46,317.74,0,780.82,171.89,322.3,0,RING,SIMPLE,48,,,,0,RING,A_flag_ceiling
all_reduce_perf,2,16,268435456,67108864,float,sum,1360.68,197.28,369.9,0,1356.67,197.86,370.99,0,RING,SIMPLE,48,,,,0,RING,A_flag_ceiling
all_reduce_perf,2,16,536870912,134217728,float,sum,2682.48,200.14,375.26,0,2687.03,199.8,374.63,0,RING,SIMPLE,48,,,,0,RING,A_flag_ceiling
all_reduce_perf,2,16,4096,1024,float,sum,272.39,0.02,0.03,0,270.75,0.02,0.03,0,RING,SIMPLE,1,RING,SIMPLE,1,0,RING,A_flag_ceiling
all_reduce_perf,2,16,8192,2048,float,sum,271.18,0.03,0.06,0,270.4,0.03,0.06,0,RING,SIMPLE,1,RING,SIMPLE,1,0,RING,A_flag_ceiling
all_reduce_perf,2,16,16384,4096,float,sum,271.96,0.06,0.11,0,271.42,0.06,0.11,0,RING,SIMPLE,1,RING,SIMPLE,1,0,RING,A_flag_ceiling
all_reduce_perf,2,16,32768,8192,float,sum,271.0,0.12,0.23,0,270.82,0.12,0.23,0,RING,SIMPLE,1,RING,SIMPLE,1,0,RING,A_flag_ceiling
all_reduce_perf,2,16,65536,16384,float,sum,277.99,0.24,0.44,0,277.15,0.24,0.44,0,RING,SIMPLE,1,RING,SIMPLE,1,0,RING,A_flag_ceiling
all_reduce_perf,2,16,131072,32768,float,sum,282.83,0.46,0.87,0,277.34,0.47,0.89,0,RING,SIMPLE,1,RING,SIMPLE,1,0,RING,A_flag_ceiling
all_reduce_perf,2,16,262144,65536,float,sum,290.05,0.9,1.69,0,289.61,0.91,1.7,0,RING,SIMPLE,1,RING,SIMPLE,1,0,RING,A_flag_ceiling
all_reduce_perf,2,16,524288,131072,float,sum,309.22,1.7,3.18,0,308.17,1.7,3.19,0,RING,SIMPLE,1,RING,SIMPLE,1,0,RING,A_flag_ceiling
all_reduce_perf,2,16,1048576,262144,float,sum,353.47,2.97,5.56,0,348.88,3.01,5.64,0,RING,SIMPLE,1,RING,SIMPLE,1,0,RING,A_flag_ceiling
all_reduce_perf,2,16,2097152,524288,float,sum,453.14,4.63,8.68,0,446.42,4.7,8.81,0,RING,SIMPLE,1,RING,SIMPLE,1,0,RING,A_flag_ceiling
all_reduce_perf,2,16,4194304,1048576,float,sum,756.43,5.54,10.4,0,659.83,6.36,11.92,0,RING,SIMPLE,1,RING,SIMPLE,1,0,RING,A_flag_ceiling
all_reduce_perf,2,16,8388608,2097152,float,sum,1111.2,7.55,14.15,0,1100.84,7.62,14.29,0,RING,SIMPLE,1,RING,SIMPLE,1,0,RING,A_flag_ceiling
all_reduce_perf,2,16,16777216,4194304,float,sum,1970.12,8.52,15.97,0,1967.5,8.53,15.99,0,RING,SIMPLE,1,RING,SIMPLE,1,0,RING,A_flag_ceiling
all_reduce_perf,2,16,33554432,8388608,float,sum,3597.56,9.33,17.49,0,3591.31,9.34,17.52,0,RING,SIMPLE,1,RING,SIMPLE,1,0,RING,A_flag_ceiling
all_reduce_perf,2,16,67108864,16777216,float,sum,7133.81,9.41,17.64,0,7128.52,9.41,17.65,0,RING,SIMPLE,1,RING,SIMPLE,1,0,RING,A_flag_ceiling
all_reduce_perf,2,16,134217728,33554432,float,sum,14205.1,9.45,17.72,0,14204.6,9.45,17.72,0,RING,SIMPLE,1,RING,SIMPLE,1,0,RING,A_flag_ceiling
all_reduce_perf,2,16,268435456,67108864,float,sum,28370.5,9.46,17.74,0,28391.8,9.45,17.73,0,RING,SIMPLE,1,RING,SIMPLE,1,0,RING,A_flag_ceiling
all_reduce_perf,2,16,536870912,134217728,float,sum,56806.0,9.45,17.72,0,56727.9,9.46,17.74,0,RING,SIMPLE,1,RING,SIMPLE,1,0,RING,A_flag_ceiling
all_reduce_perf,2,16,4096,1024,float,sum,73.0,0.06,0.11,0,71.31,0.06,0.11,0,RING,LL,1,RING,LL,1,0,RING,A_flag_ceiling
all_reduce_perf,2,16,8192,2048,float,sum,72.28,0.11,0.21,0,71.33,0.11,0.22,0,RING,LL,1,RING,LL,1,0,RING,A_flag_ceiling
all_reduce_perf,2,16,16384,4096,float,sum,73.92,0.22,0.42,0,73.65,0.22,0.42,0,RING,LL,1,RING,LL,1,0,RING,A_flag_ceiling
all_reduce_perf,2,16,32768,8192,float,sum,77.41,0.42,0.79,0,74.61,0.44,0.82,0,RING,LL,1,RING,LL,1,0,RING,A_flag_ceiling
all_reduce_perf,2,16,65536,16384,float,sum,90.99,0.72,1.35,0,87.01,0.75,1.41,0,RING,LL,1,RING,LL,1,0,RING,A_flag_ceiling
all_reduce_perf,2,16,131072,32768,float,sum,129.83,1.01,1.89,0,124.21,1.06,1.98,0,RING,LL,1,RING,LL,1,0,RING,A_flag_ceiling
all_reduce_perf,2,16,262144,65536,float,sum,212.73,1.23,2.31,0,206.64,1.27,2.38,0,RING,LL,1,RING,LL,1,0,RING,A_flag_ceiling
all_reduce_perf,2,16,524288,131072,float,sum,412.06,1.27,2.39,0,404.34,1.3,2.43,0,RING,LL,1,RING,LL,1,0,RING,A_flag_ceiling
all_reduce_perf,2,16,1048576,262144,float,sum,812.46,1.29,2.42,0,801.88,1.31,2.45,0,RING,LL,1,RING,LL,1,0,RING,A_flag_ceiling
all_reduce_perf,2,16,2097152,524288,float,sum,1622.54,1.29,2.42,0,1598.37,1.31,2.46,0,RING,LL,1,RING,LL,1,0,RING,A_flag_ceiling
all_reduce_perf,2,16,4194304,1048576,float,sum,3251.61,1.29,2.42,0,3184.23,1.32,2.47,0,RING,LL,1,RING,LL,1,0,RING,A_flag_ceiling
all_reduce_perf,2,16,8388608,2097152,float,sum,6483.37,1.29,2.43,0,6374.09,1.32,2.47,0,RING,LL,1,RING,LL,1,0,RING,A_flag_ceiling
all_reduce_perf,2,16,16777216,4194304,float,sum,12980.7,1.29,2.42,0,12816.7,1.31,2.45,0,RING,LL,1,RING,LL,1,0,RING,A_flag_ceiling
all_reduce_perf,2,16,33554432,8388608,float,sum,25924.6,1.29,2.43,0,25767.3,1.3,2.44,0,RING,LL,1,RING,LL,1,0,RING,A_flag_ceiling
all_reduce_perf,2,16,67108864,16777216,float,sum,51901.4,1.29,2.42,0,51747.0,1.3,2.43,0,RING,LL,1,RING,LL,1,0,RING,A_flag_ceiling
all_reduce_perf,2,16,134217728,33554432,float,sum,103856.0,1.29,2.42,0,103306.0,1.3,2.44,0,RING,LL,1,RING,LL,1,0,RING,A_flag_ceiling
all_reduce_perf,2,16,268435456,67108864,float,sum,207504.0,1.29,2.43,0,206836.0,1.3,2.43,0,RING,LL,1,RING,LL,1,0,RING,A_flag_ceiling
all_reduce_perf,2,16,536870912,134217728,float,sum,415511.0,1.29,2.42,0,413969.0,1.3,2.43,0,RING,LL,1,RING,LL,1,0,RING,A_flag_ceiling
all_reduce_perf,2,16,4096,1024,float,sum,90.68,0.05,0.08,0,90.12,0.05,0.09,0,RING,LL128,1,RING,LL128,1,0,RING,A_flag_ceiling
all_reduce_perf,2,16,8192,2048,float,sum,92.64,0.09,0.17,0,89.94,0.09,0.17,0,RING,LL128,1,RING,LL128,1,0,RING,A_flag_ceiling
all_reduce_perf,2,16,16384,4096,float,sum,93.13,0.18,0.33,0,89.17,0.18,0.34,0,RING,LL128,1,RING,LL128,1,0,RING,A_flag_ceiling
all_reduce_perf,2,16,32768,8192,float,sum,93.51,0.35,0.66,0,89.54,0.37,0.69,0,RING,LL128,1,RING,LL128,1,0,RING,A_flag_ceiling
all_reduce_perf,2,16,65536,16384,float,sum,96.15,0.68,1.28,0,92.23,0.71,1.33,0,RING,LL128,1,RING,LL128,1,0,RING,A_flag_ceiling
all_reduce_perf,2,16,131072,32768,float,sum,99.21,1.32,2.48,0,95.27,1.38,2.58,0,RING,LL128,1,RING,LL128,1,0,RING,A_flag_ceiling
all_reduce_perf,2,16,262144,65536,float,sum,102.53,2.56,4.79,0,101.74,2.58,4.83,0,RING,LL128,1,RING,LL128,1,0,RING,A_flag_ceiling
all_reduce_perf,2,16,524288,131072,float,sum,134.76,3.89,7.29,0,127.59,4.11,7.7,0,RING,LL128,1,RING,LL128,1,0,RING,A_flag_ceiling
all_reduce_perf,2,16,1048576,262144,float,sum,206.15,5.09,9.54,0,196.66,5.33,10.0,0,RING,LL128,1,RING,LL128,1,0,RING,A_flag_ceiling
all_reduce_perf,2,16,2097152,524288,float,sum,401.26,5.23,9.8,0,382.63,5.48,10.28,0,RING,LL128,1,RING,LL128,1,0,RING,A_flag_ceiling
all_reduce_perf,2,16,4194304,1048576,float,sum,736.42,5.7,10.68,0,704.18,5.96,11.17,0,RING,LL128,1,RING,LL128,1,0,RING,A_flag_ceiling
all_reduce_perf,2,16,8388608,2097152,float,sum,1425.91,5.88,11.03,0,1376.64,6.09,11.43,0,RING,LL128,1,RING,LL128,1,0,RING,A_flag_ceiling
all_reduce_perf,2,16,16777216,4194304,float,sum,2813.94,5.96,11.18,0,2749.63,6.1,11.44,0,RING,LL128,1,RING,LL128,1,0,RING,A_flag_ceiling
all_reduce_perf,2,16,33554432,8388608,float,sum,5429.22,6.18,11.59,0,5377.1,6.24,11.7,0,RING,LL128,1,RING,LL128,1,0,RING,A_flag_ceiling
all_reduce_perf,2,16,67108864,16777216,float,sum,10797.8,6.22,11.65,0,10723.6,6.26,11.73,0,RING,LL128,1,RING,LL128,1,0,RING,A_flag_ceiling
all_reduce_perf,2,16,134217728,33554432,float,sum,21544.7,6.23,11.68,0,21414.3,6.27,11.75,0,RING,LL128,1,RING,LL128,1,0,RING,A_flag_ceiling
all_reduce_perf,2,16,268435456,67108864,float,sum,43130.5,6.22,11.67,0,42806.2,6.27,11.76,0,RING,LL128,1,RING,LL128,1,0,RING,A_flag_ceiling
all_reduce_perf,2,16,536870912,134217728,float,sum,86250.5,6.22,11.67,0,85671.0,6.27,11.75,0,RING,LL128,1,RING,LL128,1,0,RING,A_flag_ceiling
all_reduce_perf,2,16,4096,1024,float,sum,271.37,0.02,0.03,0,273.25,0.01,0.03,0,RING,SIMPLE,2,RING,SIMPLE,2,0,RING,A_flag_ceiling
all_reduce_perf,2,16,8192,2048,float,sum,273.83,0.03,0.06,0,270.79,0.03,0.06,0,RING,SIMPLE,2,RING,SIMPLE,2,0,RING,A_flag_ceiling
all_reduce_perf,2,16,16384,4096,float,sum,274.43,0.06,0.11,0,272.66,0.06,0.11,0,RING,SIMPLE,2,RING,SIMPLE,2,0,RING,A_flag_ceiling
all_reduce_perf,2,16,32768,8192,float,sum,275.87,0.12,0.22,0,275.04,0.12,0.22,0,RING,SIMPLE,2,RING,SIMPLE,2,0,RING,A_flag_ceiling
all_reduce_perf,2,16,65536,16384,float,sum,279.21,0.23,0.44,0,278.66,0.24,0.44,0,RING,SIMPLE,2,RING,SIMPLE,2,0,RING,A_flag_ceiling
all_reduce_perf,2,16,131072,32768,float,sum,283.71,0.46,0.87,0,283.97,0.46,0.87,0,RING,SIMPLE,2,RING,SIMPLE,2,0,RING,A_flag_ceiling
all_reduce_perf,2,16,262144,65536,float,sum,285.12,0.92,1.72,0,285.9,0.92,1.72,0,RING,SIMPLE,2,RING,SIMPLE,2,0,RING,A_flag_ceiling
all_reduce_perf,2,16,524288,131072,float,sum,291.43,1.8,3.37,0,291.12,1.8,3.38,0,RING,SIMPLE,2,RING,SIMPLE,2,0,RING,A_flag_ceiling
all_reduce_perf,2,16,1048576,262144,float,sum,314.24,3.34,6.26,0,314.73,3.33,6.25,0,RING,SIMPLE,2,RING,SIMPLE,2,0,RING,A_flag_ceiling
all_reduce_perf,2,16,2097152,524288,float,sum,351.74,5.96,11.18,0,347.02,6.04,11.33,0,RING,SIMPLE,2,RING,SIMPLE,2,0,RING,A_flag_ceiling
all_reduce_perf,2,16,4194304,1048576,float,sum,451.8,9.28,17.41,0,443.33,9.46,17.74,0,RING,SIMPLE,2,RING,SIMPLE,2,0,RING,A_flag_ceiling
all_reduce_perf,2,16,8388608,2097152,float,sum,671.14,12.5,23.44,0,659.14,12.73,23.86,0,RING,SIMPLE,2,RING,SIMPLE,2,0,RING,A_flag_ceiling
all_reduce_perf,2,16,16777216,4194304,float,sum,1115.13,15.05,28.21,0,1107.5,15.15,28.4,0,RING,SIMPLE,2,RING,SIMPLE,2,0,RING,A_flag_ceiling
all_reduce_perf,2,16,33554432,8388608,float,sum,2095.25,16.01,30.03,0,2094.69,16.02,30.04,0,RING,SIMPLE,2,RING,SIMPLE,2,0,RING,A_flag_ceiling
all_reduce_perf,2,16,67108864,16777216,float,sum,3983.69,16.85,31.59,0,3985.63,16.84,31.57,0,RING,SIMPLE,2,RING,SIMPLE,2,0,RING,A_flag_ceiling
all_reduce_perf,2,16,134217728,33554432,float,sum,7924.85,16.94,31.76,0,7937.66,16.91,31.7,0,RING,SIMPLE,2,RING,SIMPLE,2,0,RING,A_flag_ceiling
all_reduce_perf,2,16,268435456,67108864,float,sum,15820.8,16.97,31.81,0,15836.4,16.95,31.78,0,RING,SIMPLE,2,RING,SIMPLE,2,0,RING,A_flag_ceiling
all_reduce_perf,2,16,536870912,134217728,float,sum,31605.8,16.99,31.85,0,31688.7,16.94,31.77,0,RING,SIMPLE,2,RING,SIMPLE,2,0,RING,A_flag_ceiling
all_reduce_perf,2,16,4096,1024,float,sum,74.34,0.06,0.1,0,71.78,0.06,0.11,0,RING,LL,2,RING,LL,2,0,RING,A_flag_ceiling
all_reduce_perf,2,16,8192,2048,float,sum,74.16,0.11,0.21,0,72.35,0.11,0.21,0,RING,LL,2,RING,LL,2,0,RING,A_flag_ceiling
all_reduce_perf,2,16,16384,4096,float,sum,76.13,0.22,0.4,0,72.46,0.23,0.42,0,RING,LL,2,RING,LL,2,0,RING,A_flag_ceiling
all_reduce_perf,2,16,32768,8192,float,sum,77.33,0.42,0.79,0,74.27,0.44,0.83,0,RING,LL,2,RING,LL,2,0,RING,A_flag_ceiling
all_reduce_perf,2,16,65536,16384,float,sum,79.13,0.83,1.55,0,76.45,0.86,1.61,0,RING,LL,2,RING,LL,2,0,RING,A_flag_ceiling
all_reduce_perf,2,16,131072,32768,float,sum,88.91,1.47,2.76,0,87.69,1.49,2.8,0,RING,LL,2,RING,LL,2,0,RING,A_flag_ceiling
all_reduce_perf,2,16,262144,65536,float,sum,131.16,2.0,3.75,0,126.02,2.08,3.9,0,RING,LL,2,RING,LL,2,0,RING,A_flag_ceiling
all_reduce_perf,2,16,524288,131072,float,sum,213.47,2.46,4.61,0,205.88,2.55,4.77,0,RING,LL,2,RING,LL,2,0,RING,A_flag_ceiling
all_reduce_perf,2,16,1048576,262144,float,sum,410.6,2.55,4.79,0,405.89,2.58,4.84,0,RING,LL,2,RING,LL,2,0,RING,A_flag_ceiling
all_reduce_perf,2,16,2097152,524288,float,sum,815.53,2.57,4.82,0,804.35,2.61,4.89,0,RING,LL,2,RING,LL,2,0,RING,A_flag_ceiling
all_reduce_perf,2,16,4194304,1048576,float,sum,1625.49,2.58,4.84,0,1604.17,2.61,4.9,0,RING,LL,2,RING,LL,2,0,RING,A_flag_ceiling
all_reduce_perf,2,16,8388608,2097152,float,sum,3245.99,2.58,4.85,0,3205.18,2.62,4.91,0,RING,LL,2,RING,LL,2,0,RING,A_flag_ceiling
all_reduce_perf,2,16,16777216,4194304,float,sum,6491.81,2.58,4.85,0,6445.05,2.6,4.88,0,RING,LL,2,RING,LL,2,0,RING,A_flag_ceiling
all_reduce_perf,2,16,33554432,8388608,float,sum,12983.9,2.58,4.85,0,12965.3,2.59,4.85,0,RING,LL,2,RING,LL,2,0,RING,A_flag_ceiling
all_reduce_perf,2,16,67108864,16777216,float,sum,25988.5,2.58,4.84,0,26011.6,2.58,4.84,0,RING,LL,2,RING,LL,2,0,RING,A_flag_ceiling
all_reduce_perf,2,16,134217728,33554432,float,sum,51951.7,2.58,4.84,0,51924.5,2.58,4.85,0,RING,LL,2,RING,LL,2,0,RING,A_flag_ceiling
all_reduce_perf,2,16,268435456,67108864,float,sum,103914.0,2.58,4.84,0,104054.0,2.58,4.84,0,RING,LL,2,RING,LL,2,0,RING,A_flag_ceiling
all_reduce_perf,2,16,536870912,134217728,float,sum,207923.0,2.58,4.84,0,208282.0,2.58,4.83,0,RING,LL,2,RING,LL,2,0,RING,A_flag_ceiling
all_reduce_perf,2,16,4096,1024,float,sum,90.81,0.05,0.08,0,91.58,0.04,0.08,0,RING,LL128,2,RING,LL128,2,0,RING,A_flag_ceiling
all_reduce_perf,2,16,8192,2048,float,sum,92.1,0.09,0.17,0,88.11,0.09,0.17,0,RING,LL128,2,RING,LL128,2,0,RING,A_flag_ceiling
all_reduce_perf,2,16,16384,4096,float,sum,94.6,0.17,0.32,0,93.07,0.18,0.33,0,RING,LL128,2,RING,LL128,2,0,RING,A_flag_ceiling
all_reduce_perf,2,16,32768,8192,float,sum,94.1,0.35,0.65,0,90.06,0.36,0.68,0,RING,LL128,2,RING,LL128,2,0,RING,A_flag_ceiling
all_reduce_perf,2,16,65536,16384,float,sum,94.48,0.69,1.3,0,90.74,0.72,1.35,0,RING,LL128,2,RING,LL128,2,0,RING,A_flag_ceiling
all_reduce_perf,2,16,131072,32768,float,sum,96.37,1.36,2.55,0,92.97,1.41,2.64,0,RING,LL128,2,RING,LL128,2,0,RING,A_flag_ceiling
all_reduce_perf,2,16,262144,65536,float,sum,103.45,2.53,4.75,0,94.4,2.78,5.21,0,RING,LL128,2,RING,LL128,2,0,RING,A_flag_ceiling
all_reduce_perf,2,16,524288,131072,float,sum,109.83,4.77,8.95,0,100.17,5.23,9.81,0,RING,LL128,2,RING,LL128,2,0,RING,A_flag_ceiling
all_reduce_perf,2,16,1048576,262144,float,sum,141.74,7.4,13.87,0,131.57,7.97,14.94,0,RING,LL128,2,RING,LL128,2,0,RING,A_flag_ceiling
all_reduce_perf,2,16,2097152,524288,float,sum,213.76,9.81,18.4,0,208.19,10.07,18.89,0,RING,LL128,2,RING,LL128,2,0,RING,A_flag_ceiling
all_reduce_perf,2,16,4194304,1048576,float,sum,417.59,10.04,18.83,0,404.49,10.37,19.44,0,RING,LL128,2,RING,LL128,2,0,RING,A_flag_ceiling
all_reduce_perf,2,16,8388608,2097152,float,sum,777.68,10.79,20.23,0,757.81,11.07,20.76,0,RING,LL128,2,RING,LL128,2,0,RING,A_flag_ceiling
all_reduce_perf,2,16,16777216,4194304,float,sum,1530.68,10.96,20.55,0,1508.58,11.12,20.85,0,RING,LL128,2,RING,LL128,2,0,RING,A_flag_ceiling
all_reduce_perf,2,16,33554432,8388608,float,sum,3024.52,11.09,20.8,0,3016.43,11.12,20.86,0,RING,LL128,2,RING,LL128,2,0,RING,A_flag_ceiling
all_reduce_perf,2,16,67108864,16777216,float,sum,6010.25,11.17,20.94,0,6026.61,11.14,20.88,0,RING,LL128,2,RING,LL128,2,0,RING,A_flag_ceiling
all_reduce_perf,2,16,134217728,33554432,float,sum,11996.9,11.19,20.98,0,12037.5,11.15,20.91,0,RING,LL128,2,RING,LL128,2,0,RING,A_flag_ceiling
all_reduce_perf,2,16,268435456,67108864,float,sum,24023.1,11.17,20.95,0,24057.6,11.16,20.92,0,RING,LL128,2,RING,LL128,2,0,RING,A_flag_ceiling
all_reduce_perf,2,16,536870912,134217728,float,sum,47966.4,11.19,20.99,0,48173.3,11.14,20.9,0,RING,LL128,2,RING,LL128,2,0,RING,A_flag_ceiling
all_reduce_perf,2,16,4096,1024,float,sum,274.17,0.01,0.03,0,269.37,0.02,0.03,0,RING,SIMPLE,4,RING,SIMPLE,4,0,RING,A_flag_ceiling
all_reduce_perf,2,16,8192,2048,float,sum,272.59,0.03,0.06,0,269.88,0.03,0.06,0,RING,SIMPLE,4,RING,SIMPLE,4,0,RING,A_flag_ceiling
all_reduce_perf,2,16,16384,4096,float,sum,273.79,0.06,0.11,0,271.98,0.06,0.11,0,RING,SIMPLE,4,RING,SIMPLE,4,0,RING,A_flag_ceiling
all_reduce_perf,2,16,32768,8192,float,sum,274.52,0.12,0.22,0,273.93,0.12,0.22,0,RING,SIMPLE,4,RING,SIMPLE,4,0,RING,A_flag_ceiling
all_reduce_perf,2,16,65536,16384,float,sum,274.31,0.24,0.45,0,273.26,0.24,0.45,0,RING,SIMPLE,4,RING,SIMPLE,4,0,RING,A_flag_ceiling
all_reduce_perf,2,16,131072,32768,float,sum,276.4,0.47,0.89,0,277.07,0.47,0.89,0,RING,SIMPLE,4,RING,SIMPLE,4,0,RING,A_flag_ceiling
all_reduce_perf,2,16,262144,65536,float,sum,281.93,0.93,1.74,0,282.66,0.93,1.74,0,RING,SIMPLE,4,RING,SIMPLE,4,0,RING,A_flag_ceiling
all_reduce_perf,2,16,524288,131072,float,sum,283.29,1.85,3.47,0,283.49,1.85,3.47,0,RING,SIMPLE,4,RING,SIMPLE,4,0,RING,A_flag_ceiling
all_reduce_perf,2,16,1048576,262144,float,sum,292.39,3.59,6.72,0,289.92,3.62,6.78,0,RING,SIMPLE,4,RING,SIMPLE,4,0,RING,A_flag_ceiling
all_reduce_perf,2,16,2097152,524288,float,sum,313.65,6.69,12.54,0,313.05,6.7,12.56,0,RING,SIMPLE,4,RING,SIMPLE,4,0,RING,A_flag_ceiling
all_reduce_perf,2,16,4194304,1048576,float,sum,353.45,11.87,22.25,0,346.35,12.11,22.71,0,RING,SIMPLE,4,RING,SIMPLE,4,0,RING,A_flag_ceiling
all_reduce_perf,2,16,8388608,2097152,float,sum,464.47,18.06,33.86,0,458.25,18.31,34.32,0,RING,SIMPLE,4,RING,SIMPLE,4,0,RING,A_flag_ceiling
all_reduce_perf,2,16,16777216,4194304,float,sum,717.4,23.39,43.85,0,714.45,23.48,44.03,0,RING,SIMPLE,4,RING,SIMPLE,4,0,RING,A_flag_ceiling
all_reduce_perf,2,16,33554432,8388608,float,sum,1228.9,27.3,51.2,0,1229.75,27.29,51.16,0,RING,SIMPLE,4,RING,SIMPLE,4,0,RING,A_flag_ceiling
all_reduce_perf,2,16,67108864,16777216,float,sum,2238.52,29.98,56.21,0,2244.01,29.91,56.07,0,RING,SIMPLE,4,RING,SIMPLE,4,0,RING,A_flag_ceiling
all_reduce_perf,2,16,134217728,33554432,float,sum,4197.72,31.97,59.95,0,4197.64,31.97,59.95,0,RING,SIMPLE,4,RING,SIMPLE,4,0,RING,A_flag_ceiling
all_reduce_perf,2,16,268435456,67108864,float,sum,8348.03,32.16,60.29,0,8362.17,32.1,60.19,0,RING,SIMPLE,4,RING,SIMPLE,4,0,RING,A_flag_ceiling
all_reduce_perf,2,16,536870912,134217728,float,sum,16645.9,32.25,60.47,0,16688.3,32.17,60.32,0,RING,SIMPLE,4,RING,SIMPLE,4,0,RING,A_flag_ceiling
all_reduce_perf,2,16,4096,1024,float,sum,73.67,0.06,0.1,0,74.38,0.06,0.1,0,RING,LL,4,RING,LL,4,0,RING,A_flag_ceiling
all_reduce_perf,2,16,8192,2048,float,sum,76.03,0.11,0.2,0,73.66,0.11,0.21,0,RING,LL,4,RING,LL,4,0,RING,A_flag_ceiling
all_reduce_perf,2,16,16384,4096,float,sum,77.5,0.21,0.4,0,74.28,0.22,0.41,0,RING,LL,4,RING,LL,4,0,RING,A_flag_ceiling
all_reduce_perf,2,16,32768,8192,float,sum,77.05,0.43,0.8,0,74.39,0.44,0.83,0,RING,LL,4,RING,LL,4,0,RING,A_flag_ceiling
all_reduce_perf,2,16,65536,16384,float,sum,77.42,0.85,1.59,0,74.93,0.87,1.64,0,RING,LL,4,RING,LL,4,0,RING,A_flag_ceiling
all_reduce_perf,2,16,131072,32768,float,sum,77.47,1.69,3.17,0,76.0,1.72,3.23,0,RING,LL,4,RING,LL,4,0,RING,A_flag_ceiling
all_reduce_perf,2,16,262144,65536,float,sum,92.89,2.82,5.29,0,88.86,2.95,5.53,0,RING,LL,4,RING,LL,4,0,RING,A_flag_ceiling
all_reduce_perf,2,16,524288,131072,float,sum,132.07,3.97,7.44,0,126.41,4.15,7.78,0,RING,LL,4,RING,LL,4,0,RING,A_flag_ceiling
all_reduce_perf,2,16,1048576,262144,float,sum,222.29,4.72,8.84,0,212.09,4.94,9.27,0,RING,LL,4,RING,LL,4,0,RING,A_flag_ceiling
all_reduce_perf,2,16,2097152,524288,float,sum,421.69,4.97,9.32,0,415.13,5.05,9.47,0,RING,LL,4,RING,LL,4,0,RING,A_flag_ceiling
all_reduce_perf,2,16,4194304,1048576,float,sum,836.6,5.01,9.4,0,820.79,5.11,9.58,0,RING,LL,4,RING,LL,4,0,RING,A_flag_ceiling
all_reduce_perf,2,16,8388608,2097152,float,sum,1665.78,5.04,9.44,0,1631.6,5.14,9.64,0,RING,LL,4,RING,LL,4,0,RING,A_flag_ceiling
all_reduce_perf,2,16,16777216,4194304,float,sum,3320.26,5.05,9.47,0,3326.04,5.04,9.46,0,RING,LL,4,RING,LL,4,0,RING,A_flag_ceiling
all_reduce_perf,2,16,33554432,8388608,float,sum,6641.39,5.05,9.47,0,6593.68,5.09,9.54,0,RING,LL,4,RING,LL,4,0,RING,A_flag_ceiling
all_reduce_perf,2,16,67108864,16777216,float,sum,13291.9,5.05,9.47,0,13235.3,5.07,9.51,0,RING,LL,4,RING,LL,4,0,RING,A_flag_ceiling
all_reduce_perf,2,16,134217728,33554432,float,sum,26563.8,5.05,9.47,0,26509.5,5.06,9.49,0,RING,LL,4,RING,LL,4,0,RING,A_flag_ceiling
all_reduce_perf,2,16,268435456,67108864,float,sum,53217.2,5.04,9.46,0,53041.5,5.06,9.49,0,RING,LL,4,RING,LL,4,0,RING,A_flag_ceiling
all_reduce_perf,2,16,536870912,134217728,float,sum,106273.0,5.05,9.47,0,106224.0,5.05,9.48,0,RING,LL,4,RING,LL,4,0,RING,A_flag_ceiling
all_reduce_perf,2,16,4096,1024,float,sum,91.89,0.04,0.08,0,90.08,0.05,0.09,0,RING,LL128,4,RING,LL128,4,0,RING,A_flag_ceiling
all_reduce_perf,2,16,8192,2048,float,sum,91.19,0.09,0.17,0,89.87,0.09,0.17,0,RING,LL128,4,RING,LL128,4,0,RING,A_flag_ceiling
all_reduce_perf,2,16,16384,4096,float,sum,95.11,0.17,0.32,0,90.19,0.18,0.34,0,RING,LL128,4,RING,LL128,4,0,RING,A_flag_ceiling
all_reduce_perf,2,16,32768,8192,float,sum,98.17,0.33,0.63,0,93.81,0.35,0.65,0,RING,LL128,4,RING,LL128,4,0,RING,A_flag_ceiling
all_reduce_perf,2,16,65536,16384,float,sum,96.83,0.68,1.27,0,93.4,0.7,1.32,0,RING,LL128,4,RING,LL128,4,0,RING,A_flag_ceiling
all_reduce_perf,2,16,131072,32768,float,sum,97.75,1.34,2.51,0,94.07,1.39,2.61,0,RING,LL128,4,RING,LL128,4,0,RING,A_flag_ceiling
all_reduce_perf,2,16,262144,65536,float,sum,97.11,2.7,5.06,0,95.96,2.73,5.12,0,RING,LL128,4,RING,LL128,4,0,RING,A_flag_ceiling
all_reduce_perf,2,16,524288,131072,float,sum,102.64,5.11,9.58,0,98.27,5.34,10.0,0,RING,LL128,4,RING,LL128,4,0,RING,A_flag_ceiling
all_reduce_perf,2,16,1048576,262144,float,sum,110.24,9.51,17.84,0,103.69,10.11,18.96,0,RING,LL128,4,RING,LL128,4,0,RING,A_flag_ceiling
all_reduce_perf,2,16,2097152,524288,float,sum,150.14,13.97,26.19,0,138.51,15.14,28.39,0,RING,LL128,4,RING,LL128,4,0,RING,A_flag_ceiling
all_reduce_perf,2,16,4194304,1048576,float,sum,221.99,18.89,35.43,0,216.16,19.4,36.38,0,RING,LL128,4,RING,LL128,4,0,RING,A_flag_ceiling
all_reduce_perf,2,16,8388608,2097152,float,sum,433.48,19.35,36.28,0,421.29,19.91,37.33,0,RING,LL128,4,RING,LL128,4,0,RING,A_flag_ceiling
all_reduce_perf,2,16,16777216,4194304,float,sum,809.35,20.73,38.87,0,793.58,21.14,39.64,0,RING,LL128,4,RING,LL128,4,0,RING,A_flag_ceiling
all_reduce_perf,2,16,33554432,8388608,float,sum,1593.77,21.05,39.48,0,1580.8,21.23,39.8,0,RING,LL128,4,RING,LL128,4,0,RING,A_flag_ceiling
all_reduce_perf,2,16,67108864,16777216,float,sum,3143.49,21.35,40.03,0,3122.59,21.49,40.3,0,RING,LL128,4,RING,LL128,4,0,RING,A_flag_ceiling
all_reduce_perf,2,16,134217728,33554432,float,sum,6267.98,21.41,40.15,0,6227.33,21.55,40.41,0,RING,LL128,4,RING,LL128,4,0,RING,A_flag_ceiling
all_reduce_perf,2,16,268435456,67108864,float,sum,12497.5,21.48,40.27,0,12418.4,21.62,40.53,0,RING,LL128,4,RING,LL128,4,0,RING,A_flag_ceiling
all_reduce_perf,2,16,536870912,134217728,float,sum,24984.1,21.49,40.29,0,24867.8,21.59,40.48,0,RING,LL128,4,RING,LL128,4,0,RING,A_flag_ceiling
all_reduce_perf,2,16,4096,1024,float,sum,273.12,0.01,0.03,0,269.37,0.02,0.03,0,RING,SIMPLE,8,RING,SIMPLE,8,0,RING,A_flag_ceiling
all_reduce_perf,2,16,8192,2048,float,sum,276.97,0.03,0.06,0,270.5,0.03,0.06,0,RING,SIMPLE,8,RING,SIMPLE,8,0,RING,A_flag_ceiling
all_reduce_perf,2,16,16384,4096,float,sum,273.43,0.06,0.11,0,273.02,0.06,0.11,0,RING,SIMPLE,8,RING,SIMPLE,8,0,RING,A_flag_ceiling
all_reduce_perf,2,16,32768,8192,float,sum,273.99,0.12,0.22,0,272.5,0.12,0.23,0,RING,SIMPLE,8,RING,SIMPLE,8,0,RING,A_flag_ceiling
all_reduce_perf,2,16,65536,16384,float,sum,292.14,0.22,0.42,0,291.47,0.22,0.42,0,RING,SIMPLE,8,RING,SIMPLE,8,0,RING,A_flag_ceiling
all_reduce_perf,2,16,131072,32768,float,sum,293.06,0.45,0.84,0,291.79,0.45,0.84,0,RING,SIMPLE,8,RING,SIMPLE,8,0,RING,A_flag_ceiling
all_reduce_perf,2,16,262144,65536,float,sum,294.71,0.89,1.67,0,293.18,0.89,1.68,0,RING,SIMPLE,8,RING,SIMPLE,8,0,RING,A_flag_ceiling
all_reduce_perf,2,16,524288,131072,float,sum,298.14,1.76,3.3,0,296.91,1.77,3.31,0,RING,SIMPLE,8,RING,SIMPLE,8,0,RING,A_flag_ceiling
all_reduce_perf,2,16,1048576,262144,float,sum,300.42,3.49,6.54,0,299.8,3.5,6.56,0,RING,SIMPLE,8,RING,SIMPLE,8,0,RING,A_flag_ceiling
all_reduce_perf,2,16,2097152,524288,float,sum,313.74,6.68,12.53,0,312.57,6.71,12.58,0,RING,SIMPLE,8,RING,SIMPLE,8,0,RING,A_flag_ceiling
all_reduce_perf,2,16,4194304,1048576,float,sum,336.92,12.45,23.34,0,337.56,12.43,23.3,0,RING,SIMPLE,8,RING,SIMPLE,8,0,RING,A_flag_ceiling
all_reduce_perf,2,16,8388608,2097152,float,sum,363.59,23.07,43.26,0,356.96,23.5,44.06,0,RING,SIMPLE,8,RING,SIMPLE,8,0,RING,A_flag_ceiling
all_reduce_perf,2,16,16777216,4194304,float,sum,474.72,35.34,66.26,0,471.39,35.59,66.73,0,RING,SIMPLE,8,RING,SIMPLE,8,0,RING,A_flag_ceiling
all_reduce_perf,2,16,33554432,8388608,float,sum,711.64,47.15,88.41,0,717.01,46.8,87.75,0,RING,SIMPLE,8,RING,SIMPLE,8,0,RING,A_flag_ceiling
all_reduce_perf,2,16,67108864,16777216,float,sum,1224.26,54.82,102.78,0,1228.87,54.61,102.39,0,RING,SIMPLE,8,RING,SIMPLE,8,0,RING,A_flag_ceiling
all_reduce_perf,2,16,134217728,33554432,float,sum,2247.34,59.72,111.98,0,2254.73,59.53,111.61,0,RING,SIMPLE,8,RING,SIMPLE,8,0,RING,A_flag_ceiling
all_reduce_perf,2,16,268435456,67108864,float,sum,4218.47,63.63,119.31,0,4219.67,63.62,119.28,0,RING,SIMPLE,8,RING,SIMPLE,8,0,RING,A_flag_ceiling
all_reduce_perf,2,16,536870912,134217728,float,sum,8399.11,63.92,119.85,0,8387.31,64.01,120.02,0,RING,SIMPLE,8,RING,SIMPLE,8,0,RING,A_flag_ceiling
all_reduce_perf,2,16,4096,1024,float,sum,75.25,0.05,0.1,0,72.96,0.06,0.11,0,RING,LL,8,RING,LL,8,0,RING,A_flag_ceiling
all_reduce_perf,2,16,8192,2048,float,sum,75.92,0.11,0.2,0,74.21,0.11,0.21,0,RING,LL,8,RING,LL,8,0,RING,A_flag_ceiling
all_reduce_perf,2,16,16384,4096,float,sum,82.27,0.2,0.37,0,78.91,0.21,0.39,0,RING,LL,8,RING,LL,8,0,RING,A_flag_ceiling
all_reduce_perf,2,16,32768,8192,float,sum,83.73,0.39,0.73,0,79.42,0.41,0.77,0,RING,LL,8,RING,LL,8,0,RING,A_flag_ceiling
all_reduce_perf,2,16,65536,16384,float,sum,84.29,0.78,1.46,0,79.72,0.82,1.54,0,RING,LL,8,RING,LL,8,0,RING,A_flag_ceiling
all_reduce_perf,2,16,131072,32768,float,sum,81.15,1.62,3.03,0,81.01,1.62,3.03,0,RING,LL,8,RING,LL,8,0,RING,A_flag_ceiling
all_reduce_perf,2,16,262144,65536,float,sum,83.09,3.16,5.92,0,82.48,3.18,5.96,0,RING,LL,8,RING,LL,8,0,RING,A_flag_ceiling
all_reduce_perf,2,16,524288,131072,float,sum,99.96,5.25,9.83,0,95.75,5.48,10.27,0,RING,LL,8,RING,LL,8,0,RING,A_flag_ceiling
all_reduce_perf,2,16,1048576,262144,float,sum,140.88,7.44,13.96,0,134.41,7.8,14.63,0,RING,LL,8,RING,LL,8,0,RING,A_flag_ceiling
all_reduce_perf,2,16,2097152,524288,float,sum,226.1,9.28,17.39,0,216.02,9.71,18.2,0,RING,LL,8,RING,LL,8,0,RING,A_flag_ceiling
all_reduce_perf,2,16,4194304,1048576,float,sum,423.2,9.91,18.58,0,418.46,10.02,18.79,0,RING,LL,8,RING,LL,8,0,RING,A_flag_ceiling
all_reduce_perf,2,16,8388608,2097152,float,sum,836.43,10.03,18.8,0,830.33,10.1,18.94,0,RING,LL,8,RING,LL,8,0,RING,A_flag_ceiling
all_reduce_perf,2,16,16777216,4194304,float,sum,1668.59,10.05,18.85,0,1662.46,10.09,18.92,0,RING,LL,8,RING,LL,8,0,RING,A_flag_ceiling
all_reduce_perf,2,16,33554432,8388608,float,sum,3345.48,10.03,18.81,0,3332.97,10.07,18.88,0,RING,LL,8,RING,LL,8,0,RING,A_flag_ceiling
all_reduce_perf,2,16,67108864,16777216,float,sum,6725.2,9.98,18.71,0,6678.97,10.05,18.84,0,RING,LL,8,RING,LL,8,0,RING,A_flag_ceiling
all_reduce_perf,2,16,134217728,33554432,float,sum,13479.8,9.96,18.67,0,13464.1,9.97,18.69,0,RING,LL,8,RING,LL,8,0,RING,A_flag_ceiling
all_reduce_perf,2,16,268435456,67108864,float,sum,27003.7,9.94,18.64,0,27031.1,9.93,18.62,0,RING,LL,8,RING,LL,8,0,RING,A_flag_ceiling
all_reduce_perf,2,16,536870912,134217728,float,sum,54061.0,9.93,18.62,0,54173.2,9.91,18.58,0,RING,LL,8,RING,LL,8,0,RING,A_flag_ceiling
all_reduce_perf,2,16,4096,1024,float,sum,93.0,0.04,0.08,0,90.54,0.05,0.08,0,RING,LL128,8,RING,LL128,8,0,RING,A_flag_ceiling
all_reduce_perf,2,16,8192,2048,float,sum,93.47,0.09,0.16,0,90.59,0.09,0.17,0,RING,LL128,8,RING,LL128,8,0,RING,A_flag_ceiling
all_reduce_perf,2,16,16384,4096,float,sum,93.83,0.17,0.33,0,91.08,0.18,0.34,0,RING,LL128,8,RING,LL128,8,0,RING,A_flag_ceiling
all_reduce_perf,2,16,32768,8192,float,sum,96.68,0.34,0.64,0,93.37,0.35,0.66,0,RING,LL128,8,RING,LL128,8,0,RING,A_flag_ceiling
all_reduce_perf,2,16,65536,16384,float,sum,101.36,0.65,1.21,0,97.99,0.67,1.25,0,RING,LL128,8,RING,LL128,8,0,RING,A_flag_ceiling
all_reduce_perf,2,16,131072,32768,float,sum,101.38,1.29,2.42,0,97.79,1.34,2.51,0,RING,LL128,8,RING,LL128,8,0,RING,A_flag_ceiling
all_reduce_perf,2,16,262144,65536,float,sum,99.23,2.64,4.95,0,99.65,2.63,4.93,0,RING,LL128,8,RING,LL128,8,0,RING,A_flag_ceiling
all_reduce_perf,2,16,524288,131072,float,sum,102.85,5.1,9.56,0,102.65,5.11,9.58,0,RING,LL128,8,RING,LL128,8,0,RING,A_flag_ceiling
all_reduce_perf,2,16,1048576,262144,float,sum,105.1,9.98,18.71,0,103.06,10.17,19.08,0,RING,LL128,8,RING,LL128,8,0,RING,A_flag_ceiling
all_reduce_perf,2,16,2097152,524288,float,sum,115.11,18.22,34.16,0,109.14,19.22,36.03,0,RING,LL128,8,RING,LL128,8,0,RING,A_flag_ceiling
all_reduce_perf,2,16,4194304,1048576,float,sum,152.58,27.49,51.54,0,140.64,29.82,55.92,0,RING,LL128,8,RING,LL128,8,0,RING,A_flag_ceiling
all_reduce_perf,2,16,8388608,2097152,float,sum,225.1,37.27,69.88,0,217.3,38.6,72.38,0,RING,LL128,8,RING,LL128,8,0,RING,A_flag_ceiling
all_reduce_perf,2,16,16777216,4194304,float,sum,435.78,38.5,72.19,0,431.06,38.92,72.98,0,RING,LL128,8,RING,LL128,8,0,RING,A_flag_ceiling
all_reduce_perf,2,16,33554432,8388608,float,sum,814.13,41.21,77.28,0,808.97,41.48,77.77,0,RING,LL128,8,RING,LL128,8,0,RING,A_flag_ceiling
all_reduce_perf,2,16,67108864,16777216,float,sum,1600.43,41.93,78.62,0,1601.99,41.89,78.55,0,RING,LL128,8,RING,LL128,8,0,RING,A_flag_ceiling
all_reduce_perf,2,16,134217728,33554432,float,sum,3168.14,42.36,79.43,0,3172.67,42.3,79.32,0,RING,LL128,8,RING,LL128,8,0,RING,A_flag_ceiling
all_reduce_perf,2,16,268435456,67108864,float,sum,6305.45,42.57,79.82,0,6329.94,42.41,79.51,0,RING,LL128,8,RING,LL128,8,0,RING,A_flag_ceiling
all_reduce_perf,2,16,536870912,134217728,float,sum,12582.5,42.67,80.0,0,12649.5,42.44,79.58,0,RING,LL128,8,RING,LL128,8,0,RING,A_flag_ceiling
all_reduce_perf,2,16,4096,1024,float,sum,272.27,0.02,0.03,0,272.4,0.02,0.03,0,RING,SIMPLE,16,RING,SIMPLE,16,0,RING,A_flag_ceiling
all_reduce_perf,2,16,8192,2048,float,sum,274.17,0.03,0.06,0,272.2,0.03,0.06,0,RING,SIMPLE,16,RING,SIMPLE,16,0,RING,A_flag_ceiling
all_reduce_perf,2,16,16384,4096,float,sum,275.0,0.06,0.11,0,272.64,0.06,0.11,0,RING,SIMPLE,16,RING,SIMPLE,16,0,RING,A_flag_ceiling
all_reduce_perf,2,16,32768,8192,float,sum,274.15,0.12,0.22,0,272.8,0.12,0.23,0,RING,SIMPLE,16,RING,SIMPLE,16,0,RING,A_flag_ceiling
all_reduce_perf,2,16,65536,16384,float,sum,291.78,0.22,0.42,0,289.68,0.23,0.42,0,RING,SIMPLE,16,RING,SIMPLE,16,0,RING,A_flag_ceiling
all_reduce_perf,2,16,131072,32768,float,sum,319.63,0.41,0.77,0,318.34,0.41,0.77,0,RING,SIMPLE,16,RING,SIMPLE,16,0,RING,A_flag_ceiling
all_reduce_perf,2,16,262144,65536,float,sum,320.33,0.82,1.53,0,320.03,0.82,1.54,0,RING,SIMPLE,16,RING,SIMPLE,16,0,RING,A_flag_ceiling
all_reduce_perf,2,16,524288,131072,float,sum,322.39,1.63,3.05,0,320.61,1.64,3.07,0,RING,SIMPLE,16,RING,SIMPLE,16,0,RING,A_flag_ceiling
all_reduce_perf,2,16,1048576,262144,float,sum,325.78,3.22,6.03,0,323.96,3.24,6.07,0,RING,SIMPLE,16,RING,SIMPLE,16,0,RING,A_flag_ceiling
all_reduce_perf,2,16,2097152,524288,float,sum,330.47,6.35,11.9,0,328.28,6.39,11.98,0,RING,SIMPLE,16,RING,SIMPLE,16,0,RING,A_flag_ceiling
all_reduce_perf,2,16,4194304,1048576,float,sum,346.01,12.12,22.73,0,343.42,12.21,22.9,0,RING,SIMPLE,16,RING,SIMPLE,16,0,RING,A_flag_ceiling
all_reduce_perf,2,16,8388608,2097152,float,sum,369.8,22.68,42.53,0,368.05,22.79,42.74,0,RING,SIMPLE,16,RING,SIMPLE,16,0,RING,A_flag_ceiling
all_reduce_perf,2,16,16777216,4194304,float,sum,382.38,43.88,82.27,0,381.87,43.93,82.38,0,RING,SIMPLE,16,RING,SIMPLE,16,0,RING,A_flag_ceiling
all_reduce_perf,2,16,33554432,8388608,float,sum,491.11,68.32,128.11,0,489.08,68.61,128.64,0,RING,SIMPLE,16,RING,SIMPLE,16,0,RING,A_flag_ceiling
all_reduce_perf,2,16,67108864,16777216,float,sum,728.98,92.06,172.61,0,728.93,92.06,172.62,0,RING,SIMPLE,16,RING,SIMPLE,16,0,RING,A_flag_ceiling
all_reduce_perf,2,16,134217728,33554432,float,sum,1240.97,108.16,202.79,0,1240.37,108.21,202.89,0,RING,SIMPLE,16,RING,SIMPLE,16,0,RING,A_flag_ceiling
all_reduce_perf,2,16,268435456,67108864,float,sum,2239.43,119.87,224.75,0,2232.65,120.23,225.43,0,RING,SIMPLE,16,RING,SIMPLE,16,0,RING,A_flag_ceiling
all_reduce_perf,2,16,536870912,134217728,float,sum,4155.23,129.2,242.26,0,4135.91,129.81,243.39,0,RING,SIMPLE,16,RING,SIMPLE,16,0,RING,A_flag_ceiling
all_reduce_perf,2,16,4096,1024,float,sum,73.78,0.06,0.1,0,75.57,0.05,0.1,0,RING,LL,16,RING,LL,16,0,RING,A_flag_ceiling
all_reduce_perf,2,16,8192,2048,float,sum,77.13,0.11,0.2,0,76.65,0.11,0.2,0,RING,LL,16,RING,LL,16,0,RING,A_flag_ceiling
all_reduce_perf,2,16,16384,4096,float,sum,81.0,0.2,0.38,0,78.89,0.21,0.39,0,RING,LL,16,RING,LL,16,0,RING,A_flag_ceiling
all_reduce_perf,2,16,32768,8192,float,sum,101.57,0.32,0.6,0,99.42,0.33,0.62,0,RING,LL,16,RING,LL,16,0,RING,A_flag_ceiling
all_reduce_perf,2,16,65536,16384,float,sum,103.05,0.64,1.19,0,101.88,0.64,1.21,0,RING,LL,16,RING,LL,16,0,RING,A_flag_ceiling
all_reduce_perf,2,16,131072,32768,float,sum,108.64,1.21,2.26,0,105.22,1.25,2.34,0,RING,LL,16,RING,LL,16,0,RING,A_flag_ceiling
all_reduce_perf,2,16,262144,65536,float,sum,112.74,2.33,4.36,0,108.7,2.41,4.52,0,RING,LL,16,RING,LL,16,0,RING,A_flag_ceiling
all_reduce_perf,2,16,524288,131072,float,sum,120.51,4.35,8.16,0,115.07,4.56,8.54,0,RING,LL,16,RING,LL,16,0,RING,A_flag_ceiling
all_reduce_perf,2,16,1048576,262144,float,sum,136.54,7.68,14.4,0,135.97,7.71,14.46,0,RING,LL,16,RING,LL,16,0,RING,A_flag_ceiling
all_reduce_perf,2,16,2097152,524288,float,sum,178.55,11.75,22.02,0,174.23,12.04,22.57,0,RING,LL,16,RING,LL,16,0,RING,A_flag_ceiling
all_reduce_perf,2,16,4194304,1048576,float,sum,237.21,17.68,33.15,0,234.74,17.87,33.5,0,RING,LL,16,RING,LL,16,0,RING,A_flag_ceiling
all_reduce_perf,2,16,8388608,2097152,float,sum,451.04,18.6,34.87,0,446.99,18.77,35.19,0,RING,LL,16,RING,LL,16,0,RING,A_flag_ceiling
all_reduce_perf,2,16,16777216,4194304,float,sum,900.82,18.62,34.92,0,879.68,19.07,35.76,0,RING,LL,16,RING,LL,16,0,RING,A_flag_ceiling
all_reduce_perf,2,16,33554432,8388608,float,sum,1794.24,18.7,35.06,0,1738.46,19.3,36.19,0,RING,LL,16,RING,LL,16,0,RING,A_flag_ceiling
all_reduce_perf,2,16,67108864,16777216,float,sum,3482.23,19.27,36.13,0,3468.28,19.35,36.28,0,RING,LL,16,RING,LL,16,0,RING,A_flag_ceiling
all_reduce_perf,2,16,134217728,33554432,float,sum,7159.43,18.75,35.15,0,7276.63,18.45,34.58,0,RING,LL,16,RING,LL,16,0,RING,A_flag_ceiling
all_reduce_perf,2,16,268435456,67108864,float,sum,14139.2,18.99,35.6,0,14135.7,18.99,35.61,0,RING,LL,16,RING,LL,16,0,RING,A_flag_ceiling
all_reduce_perf,2,16,536870912,134217728,float,sum,28226.8,19.02,35.66,0,27927.5,19.22,36.04,0,RING,LL,16,RING,LL,16,0,RING,A_flag_ceiling
all_reduce_perf,2,16,4096,1024,float,sum,91.96,0.04,0.08,0,90.31,0.05,0.09,0,RING,LL128,16,RING,LL128,16,0,RING,A_flag_ceiling
all_reduce_perf,2,16,8192,2048,float,sum,93.42,0.09,0.16,0,93.01,0.09,0.17,0,RING,LL128,16,RING,LL128,16,0,RING,A_flag_ceiling
all_reduce_perf,2,16,16384,4096,float,sum,93.56,0.18,0.33,0,90.4,0.18,0.34,0,RING,LL128,16,RING,LL128,16,0,RING,A_flag_ceiling
all_reduce_perf,2,16,32768,8192,float,sum,93.7,0.35,0.66,0,92.39,0.35,0.66,0,RING,LL128,16,RING,LL128,16,0,RING,A_flag_ceiling
all_reduce_perf,2,16,65536,16384,float,sum,102.37,0.64,1.2,0,97.78,0.67,1.26,0,RING,LL128,16,RING,LL128,16,0,RING,A_flag_ceiling
all_reduce_perf,2,16,131072,32768,float,sum,110.71,1.18,2.22,0,106.71,1.23,2.3,0,RING,LL128,16,RING,LL128,16,0,RING,A_flag_ceiling
all_reduce_perf,2,16,262144,65536,float,sum,108.85,2.41,4.52,0,105.5,2.48,4.66,0,RING,LL128,16,RING,LL128,16,0,RING,A_flag_ceiling
all_reduce_perf,2,16,524288,131072,float,sum,108.83,4.82,9.03,0,105.9,4.95,9.28,0,RING,LL128,16,RING,LL128,16,0,RING,A_flag_ceiling
all_reduce_perf,2,16,1048576,262144,float,sum,110.99,9.45,17.71,0,107.15,9.79,18.35,0,RING,LL128,16,RING,LL128,16,0,RING,A_flag_ceiling
all_reduce_perf,2,16,2097152,524288,float,sum,110.83,18.92,35.48,0,109.22,19.2,36.0,0,RING,LL128,16,RING,LL128,16,0,RING,A_flag_ceiling
all_reduce_perf,2,16,4194304,1048576,float,sum,116.93,35.87,67.26,0,113.65,36.91,69.2,0,RING,LL128,16,RING,LL128,16,0,RING,A_flag_ceiling
all_reduce_perf,2,16,8388608,2097152,float,sum,153.95,54.49,102.17,0,146.32,57.33,107.49,0,RING,LL128,16,RING,LL128,16,0,RING,A_flag_ceiling
all_reduce_perf,2,16,16777216,4194304,float,sum,236.63,70.9,132.94,0,232.62,72.12,135.23,0,RING,LL128,16,RING,LL128,16,0,RING,A_flag_ceiling
all_reduce_perf,2,16,33554432,8388608,float,sum,456.05,73.58,137.96,0,451.18,74.37,139.44,0,RING,LL128,16,RING,LL128,16,0,RING,A_flag_ceiling
all_reduce_perf,2,16,67108864,16777216,float,sum,854.88,78.5,147.19,0,850.55,78.9,147.94,0,RING,LL128,16,RING,LL128,16,0,RING,A_flag_ceiling
all_reduce_perf,2,16,134217728,33554432,float,sum,1681.89,79.8,149.63,0,1677.77,80.0,150.0,0,RING,LL128,16,RING,LL128,16,0,RING,A_flag_ceiling
all_reduce_perf,2,16,268435456,67108864,float,sum,3321.57,80.82,151.53,0,3318.54,80.89,151.67,0,RING,LL128,16,RING,LL128,16,0,RING,A_flag_ceiling
all_reduce_perf,2,16,536870912,134217728,float,sum,6607.04,81.26,152.36,0,6613.33,81.18,152.21,0,RING,LL128,16,RING,LL128,16,0,RING,A_flag_ceiling
all_reduce_perf,2,16,4096,1024,float,sum,270.96,0.02,0.03,0,268.59,0.02,0.03,0,RING,SIMPLE,24,RING,SIMPLE,24,0,RING,A_flag_ceiling
all_reduce_perf,2,16,8192,2048,float,sum,270.9,0.03,0.06,0,269.86,0.03,0.06,0,RING,SIMPLE,24,RING,SIMPLE,24,0,RING,A_flag_ceiling
all_reduce_perf,2,16,16384,4096,float,sum,273.22,0.06,0.11,0,270.19,0.06,0.11,0,RING,SIMPLE,24,RING,SIMPLE,24,0,RING,A_flag_ceiling
all_reduce_perf,2,16,32768,8192,float,sum,273.9,0.12,0.22,0,271.14,0.12,0.23,0,RING,SIMPLE,24,RING,SIMPLE,24,0,RING,A_flag_ceiling
all_reduce_perf,2,16,65536,16384,float,sum,290.12,0.23,0.42,0,454.68,0.14,0.27,0,RING,SIMPLE,24,RING,SIMPLE,24,0,RING,A_flag_ceiling
all_reduce_perf,2,16,131072,32768,float,sum,317.68,0.41,0.77,0,316.02,0.41,0.78,0,RING,SIMPLE,24,RING,SIMPLE,24,0,RING,A_flag_ceiling
all_reduce_perf,2,16,262144,65536,float,sum,318.75,0.82,1.54,0,316.49,0.83,1.55,0,RING,SIMPLE,24,RING,SIMPLE,24,0,RING,A_flag_ceiling
all_reduce_perf,2,16,524288,131072,float,sum,358.04,1.46,2.75,0,523.59,1.0,1.88,0,RING,SIMPLE,24,RING,SIMPLE,24,0,RING,A_flag_ceiling
all_reduce_perf,2,16,1048576,262144,float,sum,360.11,2.91,5.46,0,359.63,2.92,5.47,0,RING,SIMPLE,24,RING,SIMPLE,24,0,RING,A_flag_ceiling
all_reduce_perf,2,16,2097152,524288,float,sum,366.35,5.72,10.73,0,363.73,5.77,10.81,0,RING,SIMPLE,24,RING,SIMPLE,24,0,RING,A_flag_ceiling
all_reduce_perf,2,16,4194304,1048576,float,sum,369.79,11.34,21.27,0,370.06,11.33,21.25,0,RING,SIMPLE,24,RING,SIMPLE,24,0,RING,A_flag_ceiling
all_reduce_perf,2,16,8388608,2097152,float,sum,392.03,21.4,40.12,0,391.26,21.44,40.2,0,RING,SIMPLE,24,RING,SIMPLE,24,0,RING,A_flag_ceiling
all_reduce_perf,2,16,16777216,4194304,float,sum,408.28,41.09,77.05,0,407.19,41.2,77.25,0,RING,SIMPLE,24,RING,SIMPLE,24,0,RING,A_flag_ceiling
all_reduce_perf,2,16,33554432,8388608,float,sum,442.84,75.77,142.07,0,440.9,76.1,142.7,0,RING,SIMPLE,24,RING,SIMPLE,24,0,RING,A_flag_ceiling
all_reduce_perf,2,16,67108864,16777216,float,sum,595.34,112.72,211.36,0,595.0,112.79,211.48,0,RING,SIMPLE,24,RING,SIMPLE,24,0,RING,A_flag_ceiling
all_reduce_perf,2,16,134217728,33554432,float,sum,1338.37,100.28,188.03,0,932.16,143.99,269.97,0,RING,SIMPLE,24,RING,SIMPLE,24,0,RING,A_flag_ceiling
all_reduce_perf,2,16,268435456,67108864,float,sum,1624.12,165.28,309.9,0,1615.19,166.19,311.61,0,RING,SIMPLE,24,RING,SIMPLE,24,0,RING,A_flag_ceiling
all_reduce_perf,2,16,536870912,134217728,float,sum,2983.95,179.92,337.35,0,2959.06,181.43,340.19,0,RING,SIMPLE,24,RING,SIMPLE,24,0,RING,A_flag_ceiling
all_reduce_perf,2,16,4096,1024,float,sum,74.49,0.05,0.1,0,72.67,0.06,0.11,0,RING,LL,24,RING,LL,24,0,RING,A_flag_ceiling
all_reduce_perf,2,16,8192,2048,float,sum,75.59,0.11,0.2,0,72.76,0.11,0.21,0,RING,LL,24,RING,LL,24,0,RING,A_flag_ceiling
all_reduce_perf,2,16,16384,4096,float,sum,83.59,0.2,0.37,0,79.09,0.21,0.39,0,RING,LL,24,RING,LL,24,0,RING,A_flag_ceiling
all_reduce_perf,2,16,32768,8192,float,sum,103.09,0.32,0.6,0,100.14,0.33,0.61,0,RING,LL,24,RING,LL,24,0,RING,A_flag_ceiling
all_reduce_perf,2,16,65536,16384,float,sum,104.46,0.63,1.18,0,103.44,0.63,1.19,0,RING,LL,24,RING,LL,24,0,RING,A_flag_ceiling
all_reduce_perf,2,16,131072,32768,float,sum,145.84,0.9,1.69,0,140.46,0.93,1.75,0,RING,LL,24,RING,LL,24,0,RING,A_flag_ceiling
all_reduce_perf,2,16,262144,65536,float,sum,150.26,1.74,3.27,0,148.93,1.76,3.3,0,RING,LL,24,RING,LL,24,0,RING,A_flag_ceiling
all_reduce_perf,2,16,524288,131072,float,sum,162.56,3.23,6.05,0,157.41,3.33,6.24,0,RING,LL,24,RING,LL,24,0,RING,A_flag_ceiling
all_reduce_perf,2,16,1048576,262144,float,sum,185.38,5.66,10.61,0,182.37,5.75,10.78,0,RING,LL,24,RING,LL,24,0,RING,A_flag_ceiling
all_reduce_perf,2,16,2097152,524288,float,sum,218.13,9.61,18.03,0,214.72,9.77,18.31,0,RING,LL,24,RING,LL,24,0,RING,A_flag_ceiling
all_reduce_perf,2,16,4194304,1048576,float,sum,270.92,15.48,29.03,0,268.19,15.64,29.32,0,RING,LL,24,RING,LL,24,0,RING,A_flag_ceiling
all_reduce_perf,2,16,8388608,2097152,float,sum,505.34,16.6,31.12,0,501.09,16.74,31.39,0,RING,LL,24,RING,LL,24,0,RING,A_flag_ceiling
all_reduce_perf,2,16,16777216,4194304,float,sum,856.88,19.58,36.71,0,854.62,19.63,36.81,0,RING,LL,24,RING,LL,24,0,RING,A_flag_ceiling
all_reduce_perf,2,16,33554432,8388608,float,sum,1669.01,20.1,37.7,0,1659.11,20.22,37.92,0,RING,LL,24,RING,LL,24,0,RING,A_flag_ceiling
all_reduce_perf,2,16,67108864,16777216,float,sum,3174.69,21.14,39.64,0,3145.56,21.33,40.0,0,RING,LL,24,RING,LL,24,0,RING,A_flag_ceiling
all_reduce_perf,2,16,134217728,33554432,float,sum,6274.0,21.39,40.11,0,6276.56,21.38,40.09,0,RING,LL,24,RING,LL,24,0,RING,A_flag_ceiling
all_reduce_perf,2,16,268435456,67108864,float,sum,12484.5,21.5,40.32,0,12633.6,21.25,39.84,0,RING,LL,24,RING,LL,24,0,RING,A_flag_ceiling
all_reduce_perf,2,16,536870912,134217728,float,sum,24590.3,21.83,40.94,0,24529.2,21.89,41.04,0,RING,LL,24,RING,LL,24,0,RING,A_flag_ceiling
all_reduce_perf,2,16,4096,1024,float,sum,92.1,0.04,0.08,0,90.97,0.05,0.08,0,RING,LL128,24,RING,LL128,24,0,RING,A_flag_ceiling
all_reduce_perf,2,16,8192,2048,float,sum,94.72,0.09,0.16,0,91.01,0.09,0.17,0,RING,LL128,24,RING,LL128,24,0,RING,A_flag_ceiling
all_reduce_perf,2,16,16384,4096,float,sum,94.24,0.17,0.33,0,90.69,0.18,0.34,0,RING,LL128,24,RING,LL128,24,0,RING,A_flag_ceiling
all_reduce_perf,2,16,32768,8192,float,sum,98.5,0.33,0.62,0,93.75,0.35,0.66,0,RING,LL128,24,RING,LL128,24,0,RING,A_flag_ceiling
all_reduce_perf,2,16,65536,16384,float,sum,102.59,0.64,1.2,0,98.81,0.66,1.24,0,RING,LL128,24,RING,LL128,24,0,RING,A_flag_ceiling
all_reduce_perf,2,16,131072,32768,float,sum,112.58,1.16,2.18,0,104.85,1.25,2.34,0,RING,LL128,24,RING,LL128,24,0,RING,A_flag_ceiling
all_reduce_perf,2,16,262144,65536,float,sum,107.78,2.43,4.56,0,105.37,2.49,4.66,0,RING,LL128,24,RING,LL128,24,0,RING,A_flag_ceiling
all_reduce_perf,2,16,524288,131072,float,sum,135.96,3.86,7.23,0,135.23,3.88,7.27,0,RING,LL128,24,RING,LL128,24,0,RING,A_flag_ceiling
all_reduce_perf,2,16,1048576,262144,float,sum,136.34,7.69,14.42,0,135.31,7.75,14.53,0,RING,LL128,24,RING,LL128,24,0,RING,A_flag_ceiling
all_reduce_perf,2,16,2097152,524288,float,sum,138.72,15.12,28.35,0,136.55,15.36,28.8,0,RING,LL128,24,RING,LL128,24,0,RING,A_flag_ceiling
all_reduce_perf,2,16,4194304,1048576,float,sum,145.87,28.75,53.91,0,138.37,30.31,56.83,0,RING,LL128,24,RING,LL128,24,0,RING,A_flag_ceiling
all_reduce_perf,2,16,8388608,2097152,float,sum,145.98,57.46,107.75,0,145.79,57.54,107.89,0,RING,LL128,24,RING,LL128,24,0,RING,A_flag_ceiling
all_reduce_perf,2,16,16777216,4194304,float,sum,190.8,87.93,164.87,0,187.61,89.42,167.67,0,RING,LL128,24,RING,LL128,24,0,RING,A_flag_ceiling
all_reduce_perf,2,16,33554432,8388608,float,sum,321.79,104.27,195.51,0,319.44,105.04,196.95,0,RING,LL128,24,RING,LL128,24,0,RING,A_flag_ceiling
all_reduce_perf,2,16,67108864,16777216,float,sum,607.09,110.54,207.26,0,604.0,111.11,208.33,0,RING,LL128,24,RING,LL128,24,0,RING,A_flag_ceiling
all_reduce_perf,2,16,134217728,33554432,float,sum,1190.79,112.71,211.34,0,1185.2,113.24,212.33,0,RING,LL128,24,RING,LL128,24,0,RING,A_flag_ceiling
all_reduce_perf,2,16,268435456,67108864,float,sum,2332.9,115.07,215.75,0,2331.24,115.15,215.9,0,RING,LL128,24,RING,LL128,24,0,RING,A_flag_ceiling
all_reduce_perf,2,16,536870912,134217728,float,sum,4629.62,115.96,217.43,0,4638.47,115.74,217.02,0,RING,LL128,24,RING,LL128,24,0,RING,A_flag_ceiling
all_reduce_perf,2,16,4096,1024,float,sum,274.84,0.01,0.03,0,269.54,0.02,0.03,0,RING,SIMPLE,32,RING,SIMPLE,32,0,RING,A_flag_ceiling
all_reduce_perf,2,16,8192,2048,float,sum,272.13,0.03,0.06,0,270.46,0.03,0.06,0,RING,SIMPLE,32,RING,SIMPLE,32,0,RING,A_flag_ceiling
all_reduce_perf,2,16,16384,4096,float,sum,274.64,0.06,0.11,0,274.81,0.06,0.11,0,RING,SIMPLE,32,RING,SIMPLE,32,0,RING,A_flag_ceiling
all_reduce_perf,2,16,32768,8192,float,sum,276.54,0.12,0.22,0,275.75,0.12,0.22,0,RING,SIMPLE,32,RING,SIMPLE,32,0,RING,A_flag_ceiling
all_reduce_perf,2,16,65536,16384,float,sum,291.48,0.22,0.42,0,290.14,0.23,0.42,0,RING,SIMPLE,32,RING,SIMPLE,32,0,RING,A_flag_ceiling
all_reduce_perf,2,16,131072,32768,float,sum,320.04,0.41,0.77,0,317.99,0.41,0.77,0,RING,SIMPLE,32,RING,SIMPLE,32,0,RING,A_flag_ceiling
all_reduce_perf,2,16,262144,65536,float,sum,421.08,0.62,1.17,0,409.17,0.64,1.2,0,RING,SIMPLE,32,RING,SIMPLE,32,0,RING,A_flag_ceiling
all_reduce_perf,2,16,524288,131072,float,sum,408.54,1.28,2.41,0,418.59,1.25,2.35,0,RING,SIMPLE,32,RING,SIMPLE,32,0,RING,A_flag_ceiling
all_reduce_perf,2,16,1048576,262144,float,sum,417.2,2.51,4.71,0,416.6,2.52,4.72,0,RING,SIMPLE,32,RING,SIMPLE,32,0,RING,A_flag_ceiling
all_reduce_perf,2,16,2097152,524288,float,sum,413.87,5.07,9.5,0,411.16,5.1,9.56,0,RING,SIMPLE,32,RING,SIMPLE,32,0,RING,A_flag_ceiling
all_reduce_perf,2,16,4194304,1048576,float,sum,415.55,10.09,18.93,0,418.6,10.02,18.79,0,RING,SIMPLE,32,RING,SIMPLE,32,0,RING,A_flag_ceiling
all_reduce_perf,2,16,8388608,2097152,float,sum,433.36,19.36,36.29,0,433.84,19.34,36.25,0,RING,SIMPLE,32,RING,SIMPLE,32,0,RING,A_flag_ceiling
all_reduce_perf,2,16,16777216,4194304,float,sum,454.5,36.91,69.21,0,453.39,37.0,69.38,0,RING,SIMPLE,32,RING,SIMPLE,32,0,RING,A_flag_ceiling
all_reduce_perf,2,16,33554432,8388608,float,sum,469.89,71.41,133.89,0,470.16,71.37,133.82,0,RING,SIMPLE,32,RING,SIMPLE,32,0,RING,A_flag_ceiling
all_reduce_perf,2,16,67108864,16777216,float,sum,545.71,122.98,230.58,0,547.14,122.65,229.97,0,RING,SIMPLE,32,RING,SIMPLE,32,0,RING,A_flag_ceiling
all_reduce_perf,2,16,134217728,33554432,float,sum,797.89,168.22,315.4,0,798.07,168.18,315.33,0,RING,SIMPLE,32,RING,SIMPLE,32,0,RING,A_flag_ceiling
all_reduce_perf,2,16,268435456,67108864,float,sum,1387.9,193.41,362.65,0,1388.78,193.29,362.42,0,RING,SIMPLE,32,RING,SIMPLE,32,0,RING,A_flag_ceiling
all_reduce_perf,2,16,536870912,134217728,float,sum,2706.25,198.38,371.97,0,2702.87,198.63,372.43,0,RING,SIMPLE,32,RING,SIMPLE,32,0,RING,A_flag_ceiling
all_reduce_perf,2,16,4096,1024,float,sum,75.03,0.05,0.1,0,79.37,0.05,0.1,0,RING,LL,32,RING,LL,32,0,RING,A_flag_ceiling
all_reduce_perf,2,16,8192,2048,float,sum,74.13,0.11,0.21,0,73.03,0.11,0.21,0,RING,LL,32,RING,LL,32,0,RING,A_flag_ceiling
all_reduce_perf,2,16,16384,4096,float,sum,83.79,0.2,0.37,0,79.37,0.21,0.39,0,RING,LL,32,RING,LL,32,0,RING,A_flag_ceiling
all_reduce_perf,2,16,32768,8192,float,sum,103.74,0.32,0.59,0,98.69,0.33,0.62,0,RING,LL,32,RING,LL,32,0,RING,A_flag_ceiling
all_reduce_perf,2,16,65536,16384,float,sum,161.36,0.41,0.76,0,162.44,0.4,0.76,0,RING,LL,32,RING,LL,32,0,RING,A_flag_ceiling
all_reduce_perf,2,16,131072,32768,float,sum,177.38,0.74,1.39,0,171.35,0.76,1.43,0,RING,LL,32,RING,LL,32,0,RING,A_flag_ceiling
all_reduce_perf,2,16,262144,65536,float,sum,176.29,1.49,2.79,0,179.8,1.46,2.73,0,RING,LL,32,RING,LL,32,0,RING,A_flag_ceiling
all_reduce_perf,2,16,524288,131072,float,sum,191.65,2.74,5.13,0,185.31,2.83,5.3,0,RING,LL,32,RING,LL,32,0,RING,A_flag_ceiling
all_reduce_perf,2,16,1048576,262144,float,sum,209.08,5.02,9.4,0,201.14,5.21,9.77,0,RING,LL,32,RING,LL,32,0,RING,A_flag_ceiling
all_reduce_perf,2,16,2097152,524288,float,sum,236.96,8.85,16.59,0,236.99,8.85,16.59,0,RING,LL,32,RING,LL,32,0,RING,A_flag_ceiling
all_reduce_perf,2,16,4194304,1048576,float,sum,306.33,13.69,25.67,0,307.24,13.65,25.6,0,RING,LL,32,RING,LL,32,0,RING,A_flag_ceiling
all_reduce_perf,2,16,8388608,2097152,float,sum,384.58,21.81,40.9,0,381.5,21.99,41.23,0,RING,LL,32,RING,LL,32,0,RING,A_flag_ceiling
all_reduce_perf,2,16,16777216,4194304,float,sum,771.19,21.76,40.79,0,767.18,21.87,41.0,0,RING,LL,32,RING,LL,32,0,RING,A_flag_ceiling
all_reduce_perf,2,16,33554432,8388608,float,sum,1510.43,22.22,41.65,0,1512.02,22.19,41.61,0,RING,LL,32,RING,LL,32,0,RING,A_flag_ceiling
all_reduce_perf,2,16,67108864,16777216,float,sum,3024.15,22.19,41.61,0,3024.44,22.19,41.6,0,RING,LL,32,RING,LL,32,0,RING,A_flag_ceiling
all_reduce_perf,2,16,134217728,33554432,float,sum,6061.13,22.14,41.52,0,6050.67,22.18,41.59,0,RING,LL,32,RING,LL,32,0,RING,A_flag_ceiling
all_reduce_perf,2,16,268435456,67108864,float,sum,12070.5,22.24,41.7,0,12074.2,22.23,41.69,0,RING,LL,32,RING,LL,32,0,RING,A_flag_ceiling
all_reduce_perf,2,16,536870912,134217728,float,sum,24306.3,22.09,41.41,0,24300.5,22.09,41.42,0,RING,LL,32,RING,LL,32,0,RING,A_flag_ceiling
all_reduce_perf,2,16,4096,1024,float,sum,90.08,0.05,0.09,0,90.33,0.05,0.09,0,RING,LL128,32,RING,LL128,32,0,RING,A_flag_ceiling
all_reduce_perf,2,16,8192,2048,float,sum,91.37,0.09,0.17,0,90.56,0.09,0.17,0,RING,LL128,32,RING,LL128,32,0,RING,A_flag_ceiling
all_reduce_perf,2,16,16384,4096,float,sum,90.82,0.18,0.34,0,90.51,0.18,0.34,0,RING,LL128,32,RING,LL128,32,0,RING,A_flag_ceiling
all_reduce_perf,2,16,32768,8192,float,sum,96.69,0.34,0.64,0,92.38,0.35,0.67,0,RING,LL128,32,RING,LL128,32,0,RING,A_flag_ceiling
all_reduce_perf,2,16,65536,16384,float,sum,102.26,0.64,1.2,0,96.81,0.68,1.27,0,RING,LL128,32,RING,LL128,32,0,RING,A_flag_ceiling
all_reduce_perf,2,16,131072,32768,float,sum,106.35,1.23,2.31,0,105.26,1.25,2.33,0,RING,LL128,32,RING,LL128,32,0,RING,A_flag_ceiling
all_reduce_perf,2,16,262144,65536,float,sum,166.99,1.57,2.94,0,166.07,1.58,2.96,0,RING,LL128,32,RING,LL128,32,0,RING,A_flag_ceiling
all_reduce_perf,2,16,524288,131072,float,sum,170.04,3.08,5.78,0,163.0,3.22,6.03,0,RING,LL128,32,RING,LL128,32,0,RING,A_flag_ceiling
all_reduce_perf,2,16,1048576,262144,float,sum,165.28,6.34,11.9,0,164.76,6.36,11.93,0,RING,LL128,32,RING,LL128,32,0,RING,A_flag_ceiling
all_reduce_perf,2,16,2097152,524288,float,sum,167.01,12.56,23.54,0,169.06,12.4,23.26,0,RING,LL128,32,RING,LL128,32,0,RING,A_flag_ceiling
all_reduce_perf,2,16,4194304,1048576,float,sum,176.56,23.76,44.54,0,168.32,24.92,46.72,0,RING,LL128,32,RING,LL128,32,0,RING,A_flag_ceiling
all_reduce_perf,2,16,8388608,2097152,float,sum,174.58,48.05,90.09,0,172.44,48.65,91.21,0,RING,LL128,32,RING,LL128,32,0,RING,A_flag_ceiling
all_reduce_perf,2,16,16777216,4194304,float,sum,190.25,88.18,165.34,0,189.33,88.61,166.15,0,RING,LL128,32,RING,LL128,32,0,RING,A_flag_ceiling
all_reduce_perf,2,16,33554432,8388608,float,sum,275.56,121.77,228.32,0,272.81,123.0,230.62,0,RING,LL128,32,RING,LL128,32,0,RING,A_flag_ceiling
all_reduce_perf,2,16,67108864,16777216,float,sum,538.24,124.68,233.78,0,537.48,124.86,234.11,0,RING,LL128,32,RING,LL128,32,0,RING,A_flag_ceiling
all_reduce_perf,2,16,134217728,33554432,float,sum,980.63,136.87,256.63,0,978.55,137.16,257.17,0,RING,LL128,32,RING,LL128,32,0,RING,A_flag_ceiling
all_reduce_perf,2,16,268435456,67108864,float,sum,1935.95,138.66,259.98,0,1989.74,134.91,252.96,0,RING,LL128,32,RING,LL128,32,0,RING,A_flag_ceiling
all_reduce_perf,2,16,536870912,134217728,float,sum,3793.23,141.53,265.38,0,3767.19,142.51,267.21,0,RING,LL128,32,RING,LL128,32,0,RING,A_flag_ceiling
all_reduce_perf,2,16,4096,1024,float,sum,273.64,0.01,0.03,0,270.24,0.02,0.03,0,RING,SIMPLE,40,RING,SIMPLE,40,0,RING,A_flag_ceiling
all_reduce_perf,2,16,8192,2048,float,sum,277.74,0.03,0.06,0,273.53,0.03,0.06,0,RING,SIMPLE,40,RING,SIMPLE,40,0,RING,A_flag_ceiling
all_reduce_perf,2,16,16384,4096,float,sum,273.49,0.06,0.11,0,272.45,0.06,0.11,0,RING,SIMPLE,40,RING,SIMPLE,40,0,RING,A_flag_ceiling
all_reduce_perf,2,16,32768,8192,float,sum,273.85,0.12,0.22,0,271.7,0.12,0.23,0,RING,SIMPLE,40,RING,SIMPLE,40,0,RING,A_flag_ceiling
all_reduce_perf,2,16,65536,16384,float,sum,292.36,0.22,0.42,0,292.2,0.22,0.42,0,RING,SIMPLE,40,RING,SIMPLE,40,0,RING,A_flag_ceiling
all_reduce_perf,2,16,131072,32768,float,sum,319.31,0.41,0.77,0,320.97,0.41,0.77,0,RING,SIMPLE,40,RING,SIMPLE,40,0,RING,A_flag_ceiling
all_reduce_perf,2,16,262144,65536,float,sum,416.53,0.63,1.18,0,408.6,0.64,1.2,0,RING,SIMPLE,40,RING,SIMPLE,40,0,RING,A_flag_ceiling
all_reduce_perf,2,16,524288,131072,float,sum,409.64,1.28,2.4,0,408.26,1.28,2.41,0,RING,SIMPLE,40,RING,SIMPLE,40,0,RING,A_flag_ceiling
all_reduce_perf,2,16,1048576,262144,float,sum,413.47,2.54,4.76,0,413.38,2.54,4.76,0,RING,SIMPLE,40,RING,SIMPLE,40,0,RING,A_flag_ceiling
all_reduce_perf,2,16,2097152,524288,float,sum,469.73,4.46,8.37,0,465.56,4.5,8.45,0,RING,SIMPLE,40,RING,SIMPLE,40,0,RING,A_flag_ceiling
all_reduce_perf,2,16,4194304,1048576,float,sum,481.0,8.72,16.35,0,484.29,8.66,16.24,0,RING,SIMPLE,40,RING,SIMPLE,40,0,RING,A_flag_ceiling
all_reduce_perf,2,16,8388608,2097152,float,sum,494.01,16.98,31.84,0,493.47,17.0,31.87,0,RING,SIMPLE,40,RING,SIMPLE,40,0,RING,A_flag_ceiling
all_reduce_perf,2,16,16777216,4194304,float,sum,511.83,32.78,61.46,0,511.15,32.82,61.54,0,RING,SIMPLE,40,RING,SIMPLE,40,0,RING,A_flag_ceiling
all_reduce_perf,2,16,33554432,8388608,float,sum,533.74,62.87,117.88,0,530.57,63.24,118.58,0,RING,SIMPLE,40,RING,SIMPLE,40,0,RING,A_flag_ceiling
all_reduce_perf,2,16,67108864,16777216,float,sum,579.89,115.73,216.99,0,585.46,114.63,214.92,0,RING,SIMPLE,40,RING,SIMPLE,40,0,RING,A_flag_ceiling
all_reduce_perf,2,16,134217728,33554432,float,sum,774.08,173.39,325.11,0,772.71,173.7,325.68,0,RING,SIMPLE,40,RING,SIMPLE,40,0,RING,A_flag_ceiling
all_reduce_perf,2,16,268435456,67108864,float,sum,1372.33,195.61,366.76,0,1368.12,196.21,367.89,0,RING,SIMPLE,40,RING,SIMPLE,40,0,RING,A_flag_ceiling
all_reduce_perf,2,16,536870912,134217728,float,sum,2690.72,199.53,374.11,0,2694.02,199.28,373.65,0,RING,SIMPLE,40,RING,SIMPLE,40,0,RING,A_flag_ceiling
all_reduce_perf,2,16,4096,1024,float,sum,73.24,0.06,0.1,0,70.98,0.06,0.11,0,RING,LL,40,RING,LL,40,0,RING,A_flag_ceiling
all_reduce_perf,2,16,8192,2048,float,sum,75.76,0.11,0.2,0,73.45,0.11,0.21,0,RING,LL,40,RING,LL,40,0,RING,A_flag_ceiling
all_reduce_perf,2,16,16384,4096,float,sum,80.52,0.2,0.38,0,78.83,0.21,0.39,0,RING,LL,40,RING,LL,40,0,RING,A_flag_ceiling
all_reduce_perf,2,16,32768,8192,float,sum,102.18,0.32,0.6,0,98.24,0.33,0.63,0,RING,LL,40,RING,LL,40,0,RING,A_flag_ceiling
all_reduce_perf,2,16,65536,16384,float,sum,164.32,0.4,0.75,0,160.45,0.41,0.77,0,RING,LL,40,RING,LL,40,0,RING,A_flag_ceiling
all_reduce_perf,2,16,131072,32768,float,sum,170.75,0.77,1.44,0,169.64,0.77,1.45,0,RING,LL,40,RING,LL,40,0,RING,A_flag_ceiling
all_reduce_perf,2,16,262144,65536,float,sum,181.08,1.45,2.71,0,172.49,1.52,2.85,0,RING,LL,40,RING,LL,40,0,RING,A_flag_ceiling
all_reduce_perf,2,16,524288,131072,float,sum,209.87,2.5,4.68,0,202.37,2.59,4.86,0,RING,LL,40,RING,LL,40,0,RING,A_flag_ceiling
all_reduce_perf,2,16,1048576,262144,float,sum,235.25,4.46,8.36,0,235.57,4.45,8.35,0,RING,LL,40,RING,LL,40,0,RING,A_flag_ceiling
all_reduce_perf,2,16,2097152,524288,float,sum,271.1,7.74,14.5,0,272.48,7.7,14.43,0,RING,LL,40,RING,LL,40,0,RING,A_flag_ceiling
all_reduce_perf,2,16,4194304,1048576,float,sum,349.46,12.0,22.5,0,349.89,11.99,22.48,0,RING,LL,40,RING,LL,40,0,RING,A_flag_ceiling
all_reduce_perf,2,16,8388608,2097152,float,sum,436.79,19.21,36.01,0,437.91,19.16,35.92,0,RING,LL,40,RING,LL,40,0,RING,A_flag_ceiling
all_reduce_perf,2,16,16777216,4194304,float,sum,852.76,19.67,36.89,0,850.69,19.72,36.98,0,RING,LL,40,RING,LL,40,0,RING,A_flag_ceiling
all_reduce_perf,2,16,33554432,8388608,float,sum,1608.87,20.86,39.1,0,1613.21,20.8,39.0,0,RING,LL,40,RING,LL,40,0,RING,A_flag_ceiling
all_reduce_perf,2,16,67108864,16777216,float,sum,3042.22,22.06,41.36,0,3043.6,22.05,41.34,0,RING,LL,40,RING,LL,40,0,RING,A_flag_ceiling
all_reduce_perf,2,16,134217728,33554432,float,sum,5884.47,22.81,42.77,0,5918.3,22.68,42.52,0,RING,LL,40,RING,LL,40,0,RING,A_flag_ceiling
all_reduce_perf,2,16,268435456,67108864,float,sum,11774.1,22.8,42.75,0,11783.6,22.78,42.71,0,RING,LL,40,RING,LL,40,0,RING,A_flag_ceiling
all_reduce_perf,2,16,536870912,134217728,float,sum,23470.2,22.87,42.89,0,23476.1,22.87,42.88,0,RING,LL,40,RING,LL,40,0,RING,A_flag_ceiling
all_reduce_perf,2,16,4096,1024,float,sum,89.11,0.05,0.09,0,89.54,0.05,0.09,0,RING,LL128,40,RING,LL128,40,0,RING,A_flag_ceiling
all_reduce_perf,2,16,8192,2048,float,sum,91.02,0.09,0.17,0,87.47,0.09,0.18,0,RING,LL128,40,RING,LL128,40,0,RING,A_flag_ceiling
all_reduce_perf,2,16,16384,4096,float,sum,93.53,0.18,0.33,0,89.23,0.18,0.34,0,RING,LL128,40,RING,LL128,40,0,RING,A_flag_ceiling
all_reduce_perf,2,16,32768,8192,float,sum,95.53,0.34,0.64,0,91.66,0.36,0.67,0,RING,LL128,40,RING,LL128,40,0,RING,A_flag_ceiling
all_reduce_perf,2,16,65536,16384,float,sum,101.71,0.64,1.21,0,98.05,0.67,1.25,0,RING,LL128,40,RING,LL128,40,0,RING,A_flag_ceiling
all_reduce_perf,2,16,131072,32768,float,sum,108.08,1.21,2.27,0,104.83,1.25,2.34,0,RING,LL128,40,RING,LL128,40,0,RING,A_flag_ceiling
all_reduce_perf,2,16,262144,65536,float,sum,179.71,1.46,2.74,0,162.8,1.61,3.02,0,RING,LL128,40,RING,LL128,40,0,RING,A_flag_ceiling
all_reduce_perf,2,16,524288,131072,float,sum,165.26,3.17,5.95,0,162.99,3.22,6.03,0,RING,LL128,40,RING,LL128,40,0,RING,A_flag_ceiling
all_reduce_perf,2,16,1048576,262144,float,sum,171.9,6.1,11.44,0,163.37,6.42,12.03,0,RING,LL128,40,RING,LL128,40,0,RING,A_flag_ceiling
all_reduce_perf,2,16,2097152,524288,float,sum,187.2,11.2,21.01,0,180.5,11.62,21.78,0,RING,LL128,40,RING,LL128,40,0,RING,A_flag_ceiling
all_reduce_perf,2,16,4194304,1048576,float,sum,193.9,21.63,40.56,0,193.49,21.68,40.64,0,RING,LL128,40,RING,LL128,40,0,RING,A_flag_ceiling
all_reduce_perf,2,16,8388608,2097152,float,sum,194.96,43.03,80.68,0,195.88,42.82,80.3,0,RING,LL128,40,RING,LL128,40,0,RING,A_flag_ceiling
all_reduce_perf,2,16,16777216,4194304,float,sum,212.51,78.95,148.02,0,211.59,79.29,148.67,0,RING,LL128,40,RING,LL128,40,0,RING,A_flag_ceiling
all_reduce_perf,2,16,33554432,8388608,float,sum,252.4,132.94,249.26,0,250.55,133.92,251.11,0,RING,LL128,40,RING,LL128,40,0,RING,A_flag_ceiling
all_reduce_perf,2,16,67108864,16777216,float,sum,585.2,114.68,215.02,0,583.61,114.99,215.61,0,RING,LL128,40,RING,LL128,40,0,RING,A_flag_ceiling
all_reduce_perf,2,16,134217728,33554432,float,sum,972.27,138.05,258.83,0,970.51,138.3,259.3,0,RING,LL128,40,RING,LL128,40,0,RING,A_flag_ceiling
all_reduce_perf,2,16,268435456,67108864,float,sum,1757.31,152.75,286.41,0,1755.62,152.9,286.69,0,RING,LL128,40,RING,LL128,40,0,RING,A_flag_ceiling
all_reduce_perf,2,16,536870912,134217728,float,sum,3365.56,159.52,299.1,0,3365.45,159.52,299.11,0,RING,LL128,40,RING,LL128,40,0,RING,A_flag_ceiling
all_reduce_perf,2,16,4096,1024,float,sum,272.56,0.02,0.03,0,273.7,0.01,0.03,0,RING,SIMPLE,48,RING,SIMPLE,48,0,RING,A_flag_ceiling
all_reduce_perf,2,16,8192,2048,float,sum,278.05,0.03,0.06,0,272.16,0.03,0.06,0,RING,SIMPLE,48,RING,SIMPLE,48,0,RING,A_flag_ceiling
all_reduce_perf,2,16,16384,4096,float,sum,274.4,0.06,0.11,0,272.14,0.06,0.11,0,RING,SIMPLE,48,RING,SIMPLE,48,0,RING,A_flag_ceiling
all_reduce_perf,2,16,32768,8192,float,sum,274.39,0.12,0.22,0,272.4,0.12,0.23,0,RING,SIMPLE,48,RING,SIMPLE,48,0,RING,A_flag_ceiling
all_reduce_perf,2,16,65536,16384,float,sum,291.18,0.23,0.42,0,289.72,0.23,0.42,0,RING,SIMPLE,48,RING,SIMPLE,48,0,RING,A_flag_ceiling
all_reduce_perf,2,16,131072,32768,float,sum,319.47,0.41,0.77,0,317.34,0.41,0.77,0,RING,SIMPLE,48,RING,SIMPLE,48,0,RING,A_flag_ceiling
all_reduce_perf,2,16,262144,65536,float,sum,417.89,0.63,1.18,0,415.77,0.63,1.18,0,RING,SIMPLE,48,RING,SIMPLE,48,0,RING,A_flag_ceiling
all_reduce_perf,2,16,524288,131072,float,sum,428.63,1.22,2.29,0,421.04,1.25,2.33,0,RING,SIMPLE,48,RING,SIMPLE,48,0,RING,A_flag_ceiling
all_reduce_perf,2,16,1048576,262144,float,sum,525.87,1.99,3.74,0,519.83,2.02,3.78,0,RING,SIMPLE,48,RING,SIMPLE,48,0,RING,A_flag_ceiling
all_reduce_perf,2,16,2097152,524288,float,sum,520.11,4.03,7.56,0,519.02,4.04,7.58,0,RING,SIMPLE,48,RING,SIMPLE,48,0,RING,A_flag_ceiling
all_reduce_perf,2,16,4194304,1048576,float,sum,554.42,7.57,14.18,0,555.39,7.55,14.16,0,RING,SIMPLE,48,RING,SIMPLE,48,0,RING,A_flag_ceiling
all_reduce_perf,2,16,8388608,2097152,float,sum,556.04,15.09,28.29,0,553.78,15.15,28.4,0,RING,SIMPLE,48,RING,SIMPLE,48,0,RING,A_flag_ceiling
all_reduce_perf,2,16,16777216,4194304,float,sum,572.51,29.3,54.95,0,568.99,29.49,55.29,0,RING,SIMPLE,48,RING,SIMPLE,48,0,RING,A_flag_ceiling
all_reduce_perf,2,16,33554432,8388608,float,sum,596.34,56.27,105.5,0,594.44,56.45,105.84,0,RING,SIMPLE,48,RING,SIMPLE,48,0,RING,A_flag_ceiling
all_reduce_perf,2,16,67108864,16777216,float,sum,634.18,105.82,198.41,0,632.55,106.09,198.92,0,RING,SIMPLE,48,RING,SIMPLE,48,0,RING,A_flag_ceiling
all_reduce_perf,2,16,134217728,33554432,float,sum,782.78,171.46,321.49,0,787.63,170.41,319.52,0,RING,SIMPLE,48,RING,SIMPLE,48,0,RING,A_flag_ceiling
all_reduce_perf,2,16,268435456,67108864,float,sum,1421.11,188.89,354.17,0,1361.64,197.14,369.64,0,RING,SIMPLE,48,RING,SIMPLE,48,0,RING,A_flag_ceiling
all_reduce_perf,2,16,536870912,134217728,float,sum,2684.34,200.0,375.0,0,2686.66,199.83,374.68,0,RING,SIMPLE,48,RING,SIMPLE,48,0,RING,A_flag_ceiling
all_reduce_perf,2,16,4096,1024,float,sum,73.36,0.06,0.1,0,71.14,0.06,0.11,0,RING,LL,48,RING,LL,48,0,RING,A_flag_ceiling
all_reduce_perf,2,16,8192,2048,float,sum,76.38,0.11,0.2,0,76.22,0.11,0.2,0,RING,LL,48,RING,LL,48,0,RING,A_flag_ceiling
all_reduce_perf,2,16,16384,4096,float,sum,84.59,0.19,0.36,0,80.05,0.2,0.38,0,RING,LL,48,RING,LL,48,0,RING,A_flag_ceiling
all_reduce_perf,2,16,32768,8192,float,sum,101.78,0.32,0.6,0,98.1,0.33,0.63,0,RING,LL,48,RING,LL,48,0,RING,A_flag_ceiling
all_reduce_perf,2,16,65536,16384,float,sum,164.01,0.4,0.75,0,157.97,0.41,0.78,0,RING,LL,48,RING,LL,48,0,RING,A_flag_ceiling
all_reduce_perf,2,16,131072,32768,float,sum,172.14,0.76,1.43,0,169.14,0.77,1.45,0,RING,LL,48,RING,LL,48,0,RING,A_flag_ceiling
all_reduce_perf,2,16,262144,65536,float,sum,228.26,1.15,2.15,0,226.35,1.16,2.17,0,RING,LL,48,RING,LL,48,0,RING,A_flag_ceiling
all_reduce_perf,2,16,524288,131072,float,sum,241.7,2.17,4.07,0,233.01,2.25,4.22,0,RING,LL,48,RING,LL,48,0,RING,A_flag_ceiling
all_reduce_perf,2,16,1048576,262144,float,sum,274.61,3.82,7.16,0,275.68,3.8,7.13,0,RING,LL,48,RING,LL,48,0,RING,A_flag_ceiling
all_reduce_perf,2,16,2097152,524288,float,sum,313.69,6.69,12.54,0,315.99,6.64,12.44,0,RING,LL,48,RING,LL,48,0,RING,A_flag_ceiling
all_reduce_perf,2,16,4194304,1048576,float,sum,392.94,10.67,20.01,0,391.87,10.7,20.07,0,RING,LL,48,RING,LL,48,0,RING,A_flag_ceiling
all_reduce_perf,2,16,8388608,2097152,float,sum,489.29,17.14,32.15,0,492.02,17.05,31.97,0,RING,LL,48,RING,LL,48,0,RING,A_flag_ceiling
all_reduce_perf,2,16,16777216,4194304,float,sum,931.06,18.02,33.79,0,928.69,18.07,33.87,0,RING,LL,48,RING,LL,48,0,RING,A_flag_ceiling
all_reduce_perf,2,16,33554432,8388608,float,sum,1592.59,21.07,39.5,0,1592.98,21.06,39.49,0,RING,LL,48,RING,LL,48,0,RING,A_flag_ceiling
all_reduce_perf,2,16,67108864,16777216,float,sum,3143.78,21.35,40.02,0,3102.01,21.63,40.56,0,RING,LL,48,RING,LL,48,0,RING,A_flag_ceiling
all_reduce_perf,2,16,134217728,33554432,float,sum,5910.45,22.71,42.58,0,5915.42,22.69,42.54,0,RING,LL,48,RING,LL,48,0,RING,A_flag_ceiling
all_reduce_perf,2,16,268435456,67108864,float,sum,11859.8,22.63,42.44,0,11796.9,22.75,42.66,0,RING,LL,48,RING,LL,48,0,RING,A_flag_ceiling
all_reduce_perf,2,16,536870912,134217728,float,sum,23338.5,23.0,43.13,0,23358.6,22.98,43.09,0,RING,LL,48,RING,LL,48,0,RING,A_flag_ceiling
all_reduce_perf,2,16,4096,1024,float,sum,90.27,0.05,0.09,0,87.04,0.05,0.09,0,RING,LL128,48,RING,LL128,48,0,RING,A_flag_ceiling
all_reduce_perf,2,16,8192,2048,float,sum,91.48,0.09,0.17,0,87.44,0.09,0.18,0,RING,LL128,48,RING,LL128,48,0,RING,A_flag_ceiling
all_reduce_perf,2,16,16384,4096,float,sum,90.25,0.18,0.34,0,88.88,0.18,0.35,0,RING,LL128,48,RING,LL128,48,0,RING,A_flag_ceiling
all_reduce_perf,2,16,32768,8192,float,sum,94.46,0.35,0.65,0,92.01,0.36,0.67,0,RING,LL128,48,RING,LL128,48,0,RING,A_flag_ceiling
all_reduce_perf,2,16,65536,16384,float,sum,99.76,0.66,1.23,0,98.52,0.67,1.25,0,RING,LL128,48,RING,LL128,48,0,RING,A_flag_ceiling
all_reduce_perf,2,16,131072,32768,float,sum,110.4,1.19,2.23,0,105.65,1.24,2.33,0,RING,LL128,48,RING,LL128,48,0,RING,A_flag_ceiling
all_reduce_perf,2,16,262144,65536,float,sum,175.97,1.49,2.79,0,167.44,1.57,2.94,0,RING,LL128,48,RING,LL128,48,0,RING,A_flag_ceiling
all_reduce_perf,2,16,524288,131072,float,sum,236.74,2.21,4.15,0,165.69,3.16,5.93,0,RING,LL128,48,RING,LL128,48,0,RING,A_flag_ceiling
all_reduce_perf,2,16,1048576,262144,float,sum,218.85,4.79,8.98,0,214.39,4.89,9.17,0,RING,LL128,48,RING,LL128,48,0,RING,A_flag_ceiling
all_reduce_perf,2,16,2097152,524288,float,sum,220.28,9.52,17.85,0,212.74,9.86,18.48,0,RING,LL128,48,RING,LL128,48,0,RING,A_flag_ceiling
all_reduce_perf,2,16,4194304,1048576,float,sum,231.99,18.08,33.9,0,232.67,18.03,33.8,0,RING,LL128,48,RING,LL128,48,0,RING,A_flag_ceiling
all_reduce_perf,2,16,8388608,2097152,float,sum,231.09,36.3,68.06,0,233.11,35.99,67.47,0,RING,LL128,48,RING,LL128,48,0,RING,A_flag_ceiling
all_reduce_perf,2,16,16777216,4194304,float,sum,241.81,69.38,130.09,0,240.4,69.79,130.85,0,RING,LL128,48,RING,LL128,48,0,RING,A_flag_ceiling
all_reduce_perf,2,16,33554432,8388608,float,sum,272.3,123.23,231.05,0,271.58,123.55,231.66,0,RING,LL128,48,RING,LL128,48,0,RING,A_flag_ceiling
all_reduce_perf,2,16,67108864,16777216,float,sum,431.14,155.65,291.85,0,432.3,155.24,291.07,0,RING,LL128,48,RING,LL128,48,0,RING,A_flag_ceiling
all_reduce_perf,2,16,134217728,33554432,float,sum,811.57,165.38,310.09,0,811.27,165.44,310.2,0,RING,LL128,48,RING,LL128,48,0,RING,A_flag_ceiling
all_reduce_perf,2,16,268435456,67108864,float,sum,1605.64,167.18,313.47,0,1596.73,168.12,315.22,0,RING,LL128,48,RING,LL128,48,0,RING,A_flag_ceiling
all_reduce_perf,2,16,536870912,134217728,float,sum,3123.57,171.88,322.27,0,3130.5,171.5,321.56,0,RING,LL128,48,RING,LL128,48,0,RING,A_flag_ceiling
all_reduce_perf,2,16,4096,1024,float,sum,70.96,0.06,0.11,0,68.45,0.06,0.11,0,TREE,SIMPLE,1,TREE,SIMPLE,1,0,TREE,A_flag_ceiling
all_reduce_perf,2,16,8192,2048,float,sum,73.37,0.11,0.21,0,72.78,0.11,0.21,0,TREE,SIMPLE,1,TREE,SIMPLE,1,0,TREE,A_flag_ceiling
all_reduce_perf,2,16,16384,4096,float,sum,76.63,0.21,0.4,0,74.7,0.22,0.41,0,TREE,SIMPLE,1,TREE,SIMPLE,1,0,TREE,A_flag_ceiling
all_reduce_perf,2,16,32768,8192,float,sum,96.75,0.34,0.64,0,92.96,0.35,0.66,0,TREE,SIMPLE,1,TREE,SIMPLE,1,0,TREE,A_flag_ceiling
all_reduce_perf,2,16,65536,16384,float,sum,103.94,0.63,1.18,0,102.84,0.64,1.19,0,TREE,SIMPLE,1,TREE,SIMPLE,1,0,TREE,A_flag_ceiling
all_reduce_perf,2,16,131072,32768,float,sum,126.69,1.03,1.94,0,123.55,1.06,1.99,0,TREE,SIMPLE,1,TREE,SIMPLE,1,0,TREE,A_flag_ceiling
all_reduce_perf,2,16,262144,65536,float,sum,171.54,1.53,2.87,0,159.49,1.64,3.08,0,TREE,SIMPLE,1,TREE,SIMPLE,1,0,TREE,A_flag_ceiling
all_reduce_perf,2,16,524288,131072,float,sum,225.67,2.32,4.36,0,213.34,2.46,4.61,0,TREE,SIMPLE,1,TREE,SIMPLE,1,0,TREE,A_flag_ceiling
all_reduce_perf,2,16,1048576,262144,float,sum,340.91,3.08,5.77,0,316.25,3.32,6.22,0,TREE,SIMPLE,1,TREE,SIMPLE,1,0,TREE,A_flag_ceiling
all_reduce_perf,2,16,2097152,524288,float,sum,560.67,3.74,7.01,0,512.33,4.09,7.68,0,TREE,SIMPLE,1,TREE,SIMPLE,1,0,TREE,A_flag_ceiling
all_reduce_perf,2,16,4194304,1048576,float,sum,869.68,4.82,9.04,0,817.34,5.13,9.62,0,TREE,SIMPLE,1,TREE,SIMPLE,1,0,TREE,A_flag_ceiling
all_reduce_perf,2,16,8388608,2097152,float,sum,1546.31,5.42,10.17,0,1503.06,5.58,10.46,0,TREE,SIMPLE,1,TREE,SIMPLE,1,0,TREE,A_flag_ceiling
all_reduce_perf,2,16,16777216,4194304,float,sum,2736.12,6.13,11.5,0,2688.7,6.24,11.7,0,TREE,SIMPLE,1,TREE,SIMPLE,1,0,TREE,A_flag_ceiling
all_reduce_perf,2,16,33554432,8388608,float,sum,5165.42,6.5,12.18,0,5116.51,6.56,12.3,0,TREE,SIMPLE,1,TREE,SIMPLE,1,0,TREE,A_flag_ceiling
all_reduce_perf,2,16,67108864,16777216,float,sum,9810.22,6.84,12.83,0,9781.11,6.86,12.86,0,TREE,SIMPLE,1,TREE,SIMPLE,1,0,TREE,A_flag_ceiling
all_reduce_perf,2,16,134217728,33554432,float,sum,19090.3,7.03,13.18,0,19113.7,7.02,13.17,0,TREE,SIMPLE,1,TREE,SIMPLE,1,0,TREE,A_flag_ceiling
all_reduce_perf,2,16,268435456,67108864,float,sum,37736.0,7.11,13.34,0,37763.1,7.11,13.33,0,TREE,SIMPLE,1,TREE,SIMPLE,1,0,TREE,A_flag_ceiling
all_reduce_perf,2,16,536870912,134217728,float,sum,75026.3,7.16,13.42,0,74971.7,7.16,13.43,0,TREE,SIMPLE,1,TREE,SIMPLE,1,0,TREE,A_flag_ceiling
all_reduce_perf,2,16,4096,1024,float,sum,44.97,0.09,0.17,0,43.27,0.09,0.18,0,TREE,LL,1,TREE,LL,1,0,TREE,A_flag_ceiling
all_reduce_perf,2,16,8192,2048,float,sum,56.29,0.15,0.27,0,52.41,0.16,0.29,0,TREE,LL,1,TREE,LL,1,0,TREE,A_flag_ceiling
all_reduce_perf,2,16,16384,4096,float,sum,71.92,0.23,0.43,0,69.37,0.24,0.44,0,TREE,LL,1,TREE,LL,1,0,TREE,A_flag_ceiling
all_reduce_perf,2,16,32768,8192,float,sum,82.58,0.4,0.74,0,82.41,0.4,0.75,0,TREE,LL,1,TREE,LL,1,0,TREE,A_flag_ceiling
all_reduce_perf,2,16,65536,16384,float,sum,110.68,0.59,1.11,0,108.46,0.6,1.13,0,TREE,LL,1,TREE,LL,1,0,TREE,A_flag_ceiling
all_reduce_perf,2,16,131072,32768,float,sum,165.22,0.79,1.49,0,161.94,0.81,1.52,0,TREE,LL,1,TREE,LL,1,0,TREE,A_flag_ceiling
all_reduce_perf,2,16,262144,65536,float,sum,268.71,0.98,1.83,0,269.42,0.97,1.82,0,TREE,LL,1,TREE,LL,1,0,TREE,A_flag_ceiling
all_reduce_perf,2,16,524288,131072,float,sum,480.72,1.09,2.04,0,481.58,1.09,2.04,0,TREE,LL,1,TREE,LL,1,0,TREE,A_flag_ceiling
all_reduce_perf,2,16,1048576,262144,float,sum,904.38,1.16,2.17,0,904.14,1.16,2.17,0,TREE,LL,1,TREE,LL,1,0,TREE,A_flag_ceiling
all_reduce_perf,2,16,2097152,524288,float,sum,1751.59,1.2,2.24,0,1747.45,1.2,2.25,0,TREE,LL,1,TREE,LL,1,0,TREE,A_flag_ceiling
all_reduce_perf,2,16,4194304,1048576,float,sum,3433.11,1.22,2.29,0,3437.94,1.22,2.29,0,TREE,LL,1,TREE,LL,1,0,TREE,A_flag_ceiling
all_reduce_perf,2,16,8388608,2097152,float,sum,6839.6,1.23,2.3,0,6863.76,1.22,2.29,0,TREE,LL,1,TREE,LL,1,0,TREE,A_flag_ceiling
all_reduce_perf,2,16,16777216,4194304,float,sum,13604.3,1.23,2.31,0,13608.1,1.23,2.31,0,TREE,LL,1,TREE,LL,1,0,TREE,A_flag_ceiling
all_reduce_perf,2,16,33554432,8388608,float,sum,27147.0,1.24,2.32,0,27107.7,1.24,2.32,0,TREE,LL,1,TREE,LL,1,0,TREE,A_flag_ceiling
all_reduce_perf,2,16,67108864,16777216,float,sum,54308.3,1.24,2.32,0,54134.2,1.24,2.32,0,TREE,LL,1,TREE,LL,1,0,TREE,A_flag_ceiling
all_reduce_perf,2,16,134217728,33554432,float,sum,108131.0,1.24,2.33,0,107598.0,1.25,2.34,0,TREE,LL,1,TREE,LL,1,0,TREE,A_flag_ceiling
all_reduce_perf,2,16,268435456,67108864,float,sum,214670.0,1.25,2.34,0,214478.0,1.25,2.35,0,TREE,LL,1,TREE,LL,1,0,TREE,A_flag_ceiling
all_reduce_perf,2,16,536870912,134217728,float,sum,427875.0,1.25,2.35,0,428121.0,1.25,2.35,0,TREE,LL,1,TREE,LL,1,0,TREE,A_flag_ceiling
all_reduce_perf,2,16,4096,1024,float,sum,47.52,0.09,0.16,0,45.94,0.09,0.17,0,TREE,LL128,1,TREE,LL128,1,0,TREE,A_flag_ceiling
all_reduce_perf,2,16,8192,2048,float,sum,48.68,0.17,0.32,0,48.1,0.17,0.32,0,TREE,LL128,1,TREE,LL128,1,0,TREE,A_flag_ceiling
all_reduce_perf,2,16,16384,4096,float,sum,52.02,0.31,0.59,0,51.0,0.32,0.6,0,TREE,LL128,1,TREE,LL128,1,0,TREE,A_flag_ceiling
all_reduce_perf,2,16,32768,8192,float,sum,57.33,0.57,1.07,0,56.99,0.58,1.08,0,TREE,LL128,1,TREE,LL128,1,0,TREE,A_flag_ceiling
all_reduce_perf,2,16,65536,16384,float,sum,66.83,0.98,1.84,0,63.94,1.02,1.92,0,TREE,LL128,1,TREE,LL128,1,0,TREE,A_flag_ceiling
all_reduce_perf,2,16,131072,32768,float,sum,78.92,1.66,3.11,0,78.38,1.67,3.14,0,TREE,LL128,1,TREE,LL128,1,0,TREE,A_flag_ceiling
all_reduce_perf,2,16,262144,65536,float,sum,112.15,2.34,4.38,0,107.28,2.44,4.58,0,TREE,LL128,1,TREE,LL128,1,0,TREE,A_flag_ceiling
all_reduce_perf,2,16,524288,131072,float,sum,159.96,3.28,6.15,0,156.73,3.35,6.27,0,TREE,LL128,1,TREE,LL128,1,0,TREE,A_flag_ceiling
all_reduce_perf,2,16,1048576,262144,float,sum,278.7,3.76,7.05,0,272.78,3.84,7.21,0,TREE,LL128,1,TREE,LL128,1,0,TREE,A_flag_ceiling
all_reduce_perf,2,16,2097152,524288,float,sum,497.95,4.21,7.9,0,490.12,4.28,8.02,0,TREE,LL128,1,TREE,LL128,1,0,TREE,A_flag_ceiling
all_reduce_perf,2,16,4194304,1048576,float,sum,934.21,4.49,8.42,0,919.59,4.56,8.55,0,TREE,LL128,1,TREE,LL128,1,0,TREE,A_flag_ceiling
all_reduce_perf,2,16,8388608,2097152,float,sum,1797.12,4.67,8.75,0,1778.29,4.72,8.84,0,TREE,LL128,1,TREE,LL128,1,0,TREE,A_flag_ceiling
all_reduce_perf,2,16,16777216,4194304,float,sum,3496.1,4.8,9.0,0,3494.42,4.8,9.0,0,TREE,LL128,1,TREE,LL128,1,0,TREE,A_flag_ceiling
all_reduce_perf,2,16,33554432,8388608,float,sum,6966.59,4.82,9.03,0,6963.97,4.82,9.03,0,TREE,LL128,1,TREE,LL128,1,0,TREE,A_flag_ceiling
all_reduce_perf,2,16,67108864,16777216,float,sum,14232.8,4.72,8.84,0,14259.9,4.71,8.82,0,TREE,LL128,1,TREE,LL128,1,0,TREE,A_flag_ceiling
all_reduce_perf,2,16,134217728,33554432,float,sum,28773.2,4.66,8.75,0,28801.5,4.66,8.74,0,TREE,LL128,1,TREE,LL128,1,0,TREE,A_flag_ceiling
all_reduce_perf,2,16,268435456,67108864,float,sum,57763.0,4.65,8.71,0,57910.3,4.64,8.69,0,TREE,LL128,1,TREE,LL128,1,0,TREE,A_flag_ceiling
all_reduce_perf,2,16,536870912,134217728,float,sum,116053.0,4.63,8.67,0,116321.0,4.62,8.65,0,TREE,LL128,1,TREE,LL128,1,0,TREE,A_flag_ceiling
all_reduce_perf,2,16,4096,1024,float,sum,71.35,0.06,0.11,0,68.7,0.06,0.11,0,TREE,SIMPLE,2,TREE,SIMPLE,2,0,TREE,A_flag_ceiling
all_reduce_perf,2,16,8192,2048,float,sum,71.68,0.11,0.21,0,70.96,0.12,0.22,0,TREE,SIMPLE,2,TREE,SIMPLE,2,0,TREE,A_flag_ceiling
all_reduce_perf,2,16,16384,4096,float,sum,75.44,0.22,0.41,0,70.72,0.23,0.43,0,TREE,SIMPLE,2,TREE,SIMPLE,2,0,TREE,A_flag_ceiling
all_reduce_perf,2,16,32768,8192,float,sum,78.11,0.42,0.79,0,75.93,0.43,0.81,0,TREE,SIMPLE,2,TREE,SIMPLE,2,0,TREE,A_flag_ceiling
all_reduce_perf,2,16,65536,16384,float,sum,97.65,0.67,1.26,0,93.41,0.7,1.32,0,TREE,SIMPLE,2,TREE,SIMPLE,2,0,TREE,A_flag_ceiling
all_reduce_perf,2,16,131072,32768,float,sum,108.65,1.21,2.26,0,104.26,1.26,2.36,0,TREE,SIMPLE,2,TREE,SIMPLE,2,0,TREE,A_flag_ceiling
all_reduce_perf,2,16,262144,65536,float,sum,128.0,2.05,3.84,0,124.53,2.1,3.95,0,TREE,SIMPLE,2,TREE,SIMPLE,2,0,TREE,A_flag_ceiling
all_reduce_perf,2,16,524288,131072,float,sum,173.36,3.02,5.67,0,160.98,3.26,6.11,0,TREE,SIMPLE,2,TREE,SIMPLE,2,0,TREE,A_flag_ceiling
all_reduce_perf,2,16,1048576,262144,float,sum,234.12,4.48,8.4,0,215.39,4.87,9.13,0,TREE,SIMPLE,2,TREE,SIMPLE,2,0,TREE,A_flag_ceiling
all_reduce_perf,2,16,2097152,524288,float,sum,343.96,6.1,11.43,0,319.13,6.57,12.32,0,TREE,SIMPLE,2,TREE,SIMPLE,2,0,TREE,A_flag_ceiling
all_reduce_perf,2,16,4194304,1048576,float,sum,566.61,7.4,13.88,0,515.82,8.13,15.25,0,TREE,SIMPLE,2,TREE,SIMPLE,2,0,TREE,A_flag_ceiling
all_reduce_perf,2,16,8388608,2097152,float,sum,876.53,9.57,17.94,0,821.39,10.21,19.15,0,TREE,SIMPLE,2,TREE,SIMPLE,2,0,TREE,A_flag_ceiling
all_reduce_perf,2,16,16777216,4194304,float,sum,1556.54,10.78,20.21,0,1521.62,11.03,20.67,0,TREE,SIMPLE,2,TREE,SIMPLE,2,0,TREE,A_flag_ceiling
all_reduce_perf,2,16,33554432,8388608,float,sum,2751.32,12.2,22.87,0,2738.79,12.25,22.97,0,TREE,SIMPLE,2,TREE,SIMPLE,2,0,TREE,A_flag_ceiling
all_reduce_perf,2,16,67108864,16777216,float,sum,5169.9,12.98,24.34,0,5174.38,12.97,24.32,0,TREE,SIMPLE,2,TREE,SIMPLE,2,0,TREE,A_flag_ceiling
all_reduce_perf,2,16,134217728,33554432,float,sum,9837.45,13.64,25.58,0,9835.0,13.65,25.59,0,TREE,SIMPLE,2,TREE,SIMPLE,2,0,TREE,A_flag_ceiling
all_reduce_perf,2,16,268435456,67108864,float,sum,19138.4,14.03,26.3,0,19132.6,14.03,26.31,0,TREE,SIMPLE,2,TREE,SIMPLE,2,0,TREE,A_flag_ceiling
all_reduce_perf,2,16,536870912,134217728,float,sum,37807.6,14.2,26.63,0,37735.8,14.23,26.68,0,TREE,SIMPLE,2,TREE,SIMPLE,2,0,TREE,A_flag_ceiling
all_reduce_perf,2,16,4096,1024,float,sum,40.22,0.1,0.19,0,38.67,0.11,0.2,0,TREE,LL,2,TREE,LL,2,0,TREE,A_flag_ceiling
all_reduce_perf,2,16,8192,2048,float,sum,43.29,0.19,0.35,0,42.99,0.19,0.36,0,TREE,LL,2,TREE,LL,2,0,TREE,A_flag_ceiling
all_reduce_perf,2,16,16384,4096,float,sum,53.01,0.31,0.58,0,52.41,0.31,0.59,0,TREE,LL,2,TREE,LL,2,0,TREE,A_flag_ceiling
all_reduce_perf,2,16,32768,8192,float,sum,70.77,0.46,0.87,0,68.98,0.48,0.89,0,TREE,LL,2,TREE,LL,2,0,TREE,A_flag_ceiling
all_reduce_perf,2,16,65536,16384,float,sum,84.43,0.78,1.46,0,81.92,0.8,1.5,0,TREE,LL,2,TREE,LL,2,0,TREE,A_flag_ceiling
all_reduce_perf,2,16,131072,32768,float,sum,111.09,1.18,2.21,0,108.46,1.21,2.27,0,TREE,LL,2,TREE,LL,2,0,TREE,A_flag_ceiling
all_reduce_perf,2,16,262144,65536,float,sum,161.72,1.62,3.04,0,162.95,1.61,3.02,0,TREE,LL,2,TREE,LL,2,0,TREE,A_flag_ceiling
all_reduce_perf,2,16,524288,131072,float,sum,275.47,1.9,3.57,0,268.74,1.95,3.66,0,TREE,LL,2,TREE,LL,2,0,TREE,A_flag_ceiling
all_reduce_perf,2,16,1048576,262144,float,sum,482.4,2.17,4.08,0,481.39,2.18,4.08,0,TREE,LL,2,TREE,LL,2,0,TREE,A_flag_ceiling
all_reduce_perf,2,16,2097152,524288,float,sum,905.97,2.31,4.34,0,906.64,2.31,4.34,0,TREE,LL,2,TREE,LL,2,0,TREE,A_flag_ceiling
all_reduce_perf,2,16,4194304,1048576,float,sum,1756.51,2.39,4.48,0,1751.03,2.4,4.49,0,TREE,LL,2,TREE,LL,2,0,TREE,A_flag_ceiling
all_reduce_perf,2,16,8388608,2097152,float,sum,3448.42,2.43,4.56,0,3444.28,2.44,4.57,0,TREE,LL,2,TREE,LL,2,0,TREE,A_flag_ceiling
all_reduce_perf,2,16,16777216,4194304,float,sum,6846.52,2.45,4.59,0,6871.92,2.44,4.58,0,TREE,LL,2,TREE,LL,2,0,TREE,A_flag_ceiling
all_reduce_perf,2,16,33554432,8388608,float,sum,13582.1,2.47,4.63,0,13600.8,2.47,4.63,0,TREE,LL,2,TREE,LL,2,0,TREE,A_flag_ceiling
all_reduce_perf,2,16,67108864,16777216,float,sum,27115.0,2.47,4.64,0,27127.3,2.47,4.64,0,TREE,LL,2,TREE,LL,2,0,TREE,A_flag_ceiling
all_reduce_perf,2,16,134217728,33554432,float,sum,54070.9,2.48,4.65,0,54052.8,2.48,4.66,0,TREE,LL,2,TREE,LL,2,0,TREE,A_flag_ceiling
all_reduce_perf,2,16,268435456,67108864,float,sum,107786.0,2.49,4.67,0,107907.0,2.49,4.66,0,TREE,LL,2,TREE,LL,2,0,TREE,A_flag_ceiling
all_reduce_perf,2,16,536870912,134217728,float,sum,214412.0,2.5,4.69,0,214705.0,2.5,4.69,0,TREE,LL,2,TREE,LL,2,0,TREE,A_flag_ceiling
all_reduce_perf,2,16,4096,1024,float,sum,47.42,0.09,0.16,0,49.68,0.08,0.15,0,TREE,LL128,2,TREE,LL128,2,0,TREE,A_flag_ceiling
all_reduce_perf,2,16,8192,2048,float,sum,47.93,0.17,0.32,0,47.42,0.17,0.32,0,TREE,LL128,2,TREE,LL128,2,0,TREE,A_flag_ceiling
all_reduce_perf,2,16,16384,4096,float,sum,50.5,0.32,0.61,0,48.3,0.34,0.64,0,TREE,LL128,2,TREE,LL128,2,0,TREE,A_flag_ceiling
all_reduce_perf,2,16,32768,8192,float,sum,54.16,0.61,1.13,0,52.25,0.63,1.18,0,TREE,LL128,2,TREE,LL128,2,0,TREE,A_flag_ceiling
all_reduce_perf,2,16,65536,16384,float,sum,62.15,1.05,1.98,0,57.55,1.14,2.14,0,TREE,LL128,2,TREE,LL128,2,0,TREE,A_flag_ceiling
all_reduce_perf,2,16,131072,32768,float,sum,66.88,1.96,3.67,0,64.66,2.03,3.8,0,TREE,LL128,2,TREE,LL128,2,0,TREE,A_flag_ceiling
all_reduce_perf,2,16,262144,65536,float,sum,79.62,3.29,6.17,0,78.21,3.35,6.28,0,TREE,LL128,2,TREE,LL128,2,0,TREE,A_flag_ceiling
all_reduce_perf,2,16,524288,131072,float,sum,109.07,4.81,9.01,0,107.87,4.86,9.11,0,TREE,LL128,2,TREE,LL128,2,0,TREE,A_flag_ceiling
all_reduce_perf,2,16,1048576,262144,float,sum,161.14,6.51,12.2,0,157.68,6.65,12.47,0,TREE,LL128,2,TREE,LL128,2,0,TREE,A_flag_ceiling
all_reduce_perf,2,16,2097152,524288,float,sum,280.19,7.48,14.03,0,273.93,7.66,14.35,0,TREE,LL128,2,TREE,LL128,2,0,TREE,A_flag_ceiling
all_reduce_perf,2,16,4194304,1048576,float,sum,504.11,8.32,15.6,0,491.68,8.53,15.99,0,TREE,LL128,2,TREE,LL128,2,0,TREE,A_flag_ceiling
all_reduce_perf,2,16,8388608,2097152,float,sum,942.82,8.9,16.68,0,922.85,9.09,17.04,0,TREE,LL128,2,TREE,LL128,2,0,TREE,A_flag_ceiling
all_reduce_perf,2,16,16777216,4194304,float,sum,1811.46,9.26,17.37,0,1796.3,9.34,17.51,0,TREE,LL128,2,TREE,LL128,2,0,TREE,A_flag_ceiling
all_reduce_perf,2,16,33554432,8388608,float,sum,3522.22,9.53,17.86,0,3512.51,9.55,17.91,0,TREE,LL128,2,TREE,LL128,2,0,TREE,A_flag_ceiling
all_reduce_perf,2,16,67108864,16777216,float,sum,6976.85,9.62,18.04,0,6970.63,9.63,18.05,0,TREE,LL128,2,TREE,LL128,2,0,TREE,A_flag_ceiling
all_reduce_perf,2,16,134217728,33554432,float,sum,14235.6,9.43,17.68,0,14217.4,9.44,17.7,0,TREE,LL128,2,TREE,LL128,2,0,TREE,A_flag_ceiling
all_reduce_perf,2,16,268435456,67108864,float,sum,28726.2,9.34,17.52,0,28742.9,9.34,17.51,0,TREE,LL128,2,TREE,LL128,2,0,TREE,A_flag_ceiling
all_reduce_perf,2,16,536870912,134217728,float,sum,57673.5,9.31,17.45,0,57844.9,9.28,17.4,0,TREE,LL128,2,TREE,LL128,2,0,TREE,A_flag_ceiling
all_reduce_perf,2,16,4096,1024,float,sum,70.66,0.06,0.11,0,68.24,0.06,0.11,0,TREE,SIMPLE,4,TREE,SIMPLE,4,0,TREE,A_flag_ceiling
all_reduce_perf,2,16,8192,2048,float,sum,73.5,0.11,0.21,0,74.03,0.11,0.21,0,TREE,SIMPLE,4,TREE,SIMPLE,4,0,TREE,A_flag_ceiling
all_reduce_perf,2,16,16384,4096,float,sum,75.68,0.22,0.41,0,70.84,0.23,0.43,0,TREE,SIMPLE,4,TREE,SIMPLE,4,0,TREE,A_flag_ceiling
all_reduce_perf,2,16,32768,8192,float,sum,75.66,0.43,0.81,0,71.43,0.46,0.86,0,TREE,SIMPLE,4,TREE,SIMPLE,4,0,TREE,A_flag_ceiling
all_reduce_perf,2,16,65536,16384,float,sum,79.18,0.83,1.55,0,77.26,0.85,1.59,0,TREE,SIMPLE,4,TREE,SIMPLE,4,0,TREE,A_flag_ceiling
all_reduce_perf,2,16,131072,32768,float,sum,97.53,1.34,2.52,0,95.58,1.37,2.57,0,TREE,SIMPLE,4,TREE,SIMPLE,4,0,TREE,A_flag_ceiling
all_reduce_perf,2,16,262144,65536,float,sum,108.04,2.43,4.55,0,111.2,2.36,4.42,0,TREE,SIMPLE,4,TREE,SIMPLE,4,0,TREE,A_flag_ceiling
all_reduce_perf,2,16,524288,131072,float,sum,129.49,4.05,7.59,0,125.1,4.19,7.86,0,TREE,SIMPLE,4,TREE,SIMPLE,4,0,TREE,A_flag_ceiling
all_reduce_perf,2,16,1048576,262144,float,sum,169.78,6.18,11.58,0,162.61,6.45,12.09,0,TREE,SIMPLE,4,TREE,SIMPLE,4,0,TREE,A_flag_ceiling
all_reduce_perf,2,16,2097152,524288,float,sum,241.88,8.67,16.26,0,223.19,9.4,17.62,0,TREE,SIMPLE,4,TREE,SIMPLE,4,0,TREE,A_flag_ceiling
all_reduce_perf,2,16,4194304,1048576,float,sum,350.0,11.98,22.47,0,329.61,12.72,23.86,0,TREE,SIMPLE,4,TREE,SIMPLE,4,0,TREE,A_flag_ceiling
all_reduce_perf,2,16,8388608,2097152,float,sum,570.47,14.7,27.57,0,540.34,15.52,29.11,0,TREE,SIMPLE,4,TREE,SIMPLE,4,0,TREE,A_flag_ceiling
all_reduce_perf,2,16,16777216,4194304,float,sum,909.8,18.44,34.58,0,886.93,18.92,35.47,0,TREE,SIMPLE,4,TREE,SIMPLE,4,0,TREE,A_flag_ceiling
all_reduce_perf,2,16,33554432,8388608,float,sum,1615.4,20.77,38.95,0,1617.63,20.74,38.89,0,TREE,SIMPLE,4,TREE,SIMPLE,4,0,TREE,A_flag_ceiling
all_reduce_perf,2,16,67108864,16777216,float,sum,2847.99,23.56,44.18,0,2854.08,23.51,44.09,0,TREE,SIMPLE,4,TREE,SIMPLE,4,0,TREE,A_flag_ceiling
all_reduce_perf,2,16,134217728,33554432,float,sum,5317.53,25.24,47.33,0,5324.36,25.21,47.27,0,TREE,SIMPLE,4,TREE,SIMPLE,4,0,TREE,A_flag_ceiling
all_reduce_perf,2,16,268435456,67108864,float,sum,10074.0,26.65,49.96,0,10068.0,26.66,49.99,0,TREE,SIMPLE,4,TREE,SIMPLE,4,0,TREE,A_flag_ceiling
all_reduce_perf,2,16,536870912,134217728,float,sum,19532.0,27.49,51.54,0,19510.6,27.52,51.59,0,TREE,SIMPLE,4,TREE,SIMPLE,4,0,TREE,A_flag_ceiling
all_reduce_perf,2,16,4096,1024,float,sum,40.92,0.1,0.19,0,39.56,0.1,0.19,0,TREE,LL,4,TREE,LL,4,0,TREE,A_flag_ceiling
all_reduce_perf,2,16,8192,2048,float,sum,41.45,0.2,0.37,0,46.67,0.18,0.33,0,TREE,LL,4,TREE,LL,4,0,TREE,A_flag_ceiling
all_reduce_perf,2,16,16384,4096,float,sum,46.72,0.35,0.66,0,43.9,0.37,0.7,0,TREE,LL,4,TREE,LL,4,0,TREE,A_flag_ceiling
all_reduce_perf,2,16,32768,8192,float,sum,53.82,0.61,1.14,0,54.02,0.61,1.14,0,TREE,LL,4,TREE,LL,4,0,TREE,A_flag_ceiling
all_reduce_perf,2,16,65536,16384,float,sum,73.18,0.9,1.68,0,71.08,0.92,1.73,0,TREE,LL,4,TREE,LL,4,0,TREE,A_flag_ceiling
all_reduce_perf,2,16,131072,32768,float,sum,87.64,1.5,2.8,0,84.32,1.55,2.91,0,TREE,LL,4,TREE,LL,4,0,TREE,A_flag_ceiling
all_reduce_perf,2,16,262144,65536,float,sum,114.82,2.28,4.28,0,111.51,2.35,4.41,0,TREE,LL,4,TREE,LL,4,0,TREE,A_flag_ceiling
all_reduce_perf,2,16,524288,131072,float,sum,171.21,3.06,5.74,0,165.57,3.17,5.94,0,TREE,LL,4,TREE,LL,4,0,TREE,A_flag_ceiling
all_reduce_perf,2,16,1048576,262144,float,sum,274.96,3.81,7.15,0,275.1,3.81,7.15,0,TREE,LL,4,TREE,LL,4,0,TREE,A_flag_ceiling
all_reduce_perf,2,16,2097152,524288,float,sum,491.72,4.26,8.0,0,491.27,4.27,8.0,0,TREE,LL,4,TREE,LL,4,0,TREE,A_flag_ceiling
all_reduce_perf,2,16,4194304,1048576,float,sum,922.44,4.55,8.53,0,921.71,4.55,8.53,0,TREE,LL,4,TREE,LL,4,0,TREE,A_flag_ceiling
all_reduce_perf,2,16,8388608,2097152,float,sum,1790.82,4.68,8.78,0,1783.32,4.7,8.82,0,TREE,LL,4,TREE,LL,4,0,TREE,A_flag_ceiling
all_reduce_perf,2,16,16777216,4194304,float,sum,3498.92,4.79,8.99,0,3498.85,4.8,8.99,0,TREE,LL,4,TREE,LL,4,0,TREE,A_flag_ceiling
all_reduce_perf,2,16,33554432,8388608,float,sum,6905.14,4.86,9.11,0,6894.77,4.87,9.12,0,TREE,LL,4,TREE,LL,4,0,TREE,A_flag_ceiling
all_reduce_perf,2,16,67108864,16777216,float,sum,13686.6,4.9,9.19,0,13684.9,4.9,9.19,0,TREE,LL,4,TREE,LL,4,0,TREE,A_flag_ceiling
all_reduce_perf,2,16,134217728,33554432,float,sum,27294.3,4.92,9.22,0,27375.5,4.9,9.19,0,TREE,LL,4,TREE,LL,4,0,TREE,A_flag_ceiling
all_reduce_perf,2,16,268435456,67108864,float,sum,54705.9,4.91,9.2,0,54541.7,4.92,9.23,0,TREE,LL,4,TREE,LL,4,0,TREE,A_flag_ceiling
all_reduce_perf,2,16,536870912,134217728,float,sum,108785.0,4.94,9.25,0,108938.0,4.93,9.24,0,TREE,LL,4,TREE,LL,4,0,TREE,A_flag_ceiling
all_reduce_perf,2,16,4096,1024,float,sum,46.49,0.09,0.17,0,45.31,0.09,0.17,0,TREE,LL128,4,TREE,LL128,4,0,TREE,A_flag_ceiling
all_reduce_perf,2,16,8192,2048,float,sum,50.78,0.16,0.3,0,50.94,0.16,0.3,0,TREE,LL128,4,TREE,LL128,4,0,TREE,A_flag_ceiling
all_reduce_perf,2,16,16384,4096,float,sum,51.27,0.32,0.6,0,47.55,0.34,0.65,0,TREE,LL128,4,TREE,LL128,4,0,TREE,A_flag_ceiling
all_reduce_perf,2,16,32768,8192,float,sum,51.01,0.64,1.2,0,48.66,0.67,1.26,0,TREE,LL128,4,TREE,LL128,4,0,TREE,A_flag_ceiling
all_reduce_perf,2,16,65536,16384,float,sum,54.75,1.2,2.24,0,52.56,1.25,2.34,0,TREE,LL128,4,TREE,LL128,4,0,TREE,A_flag_ceiling
all_reduce_perf,2,16,131072,32768,float,sum,62.34,2.1,3.94,0,59.81,2.19,4.11,0,TREE,LL128,4,TREE,LL128,4,0,TREE,A_flag_ceiling
all_reduce_perf,2,16,262144,65536,float,sum,66.76,3.93,7.36,0,66.52,3.94,7.39,0,TREE,LL128,4,TREE,LL128,4,0,TREE,A_flag_ceiling
all_reduce_perf,2,16,524288,131072,float,sum,85.14,6.16,11.55,0,80.67,6.5,12.19,0,TREE,LL128,4,TREE,LL128,4,0,TREE,A_flag_ceiling
all_reduce_perf,2,16,1048576,262144,float,sum,112.59,9.31,17.46,0,108.57,9.66,18.11,0,TREE,LL128,4,TREE,LL128,4,0,TREE,A_flag_ceiling
all_reduce_perf,2,16,2097152,524288,float,sum,167.13,12.55,23.53,0,162.79,12.88,24.15,0,TREE,LL128,4,TREE,LL128,4,0,TREE,A_flag_ceiling
all_reduce_perf,2,16,4194304,1048576,float,sum,291.24,14.4,27.0,0,285.12,14.71,27.58,0,TREE,LL128,4,TREE,LL128,4,0,TREE,A_flag_ceiling
all_reduce_perf,2,16,8388608,2097152,float,sum,524.11,16.01,30.01,0,513.28,16.34,30.64,0,TREE,LL128,4,TREE,LL128,4,0,TREE,A_flag_ceiling
all_reduce_perf,2,16,16777216,4194304,float,sum,978.57,17.14,32.15,0,971.11,17.28,32.39,0,TREE,LL128,4,TREE,LL128,4,0,TREE,A_flag_ceiling
all_reduce_perf,2,16,33554432,8388608,float,sum,1878.93,17.86,33.48,0,1881.6,17.83,33.44,0,TREE,LL128,4,TREE,LL128,4,0,TREE,A_flag_ceiling
all_reduce_perf,2,16,67108864,16777216,float,sum,3659.37,18.34,34.39,0,3673.39,18.27,34.25,0,TREE,LL128,4,TREE,LL128,4,0,TREE,A_flag_ceiling
all_reduce_perf,2,16,134217728,33554432,float,sum,7213.45,18.61,34.89,0,7215.14,18.6,34.88,0,TREE,LL128,4,TREE,LL128,4,0,TREE,A_flag_ceiling
all_reduce_perf,2,16,268435456,67108864,float,sum,14544.4,18.46,34.61,0,14444.1,18.58,34.85,0,TREE,LL128,4,TREE,LL128,4,0,TREE,A_flag_ceiling
all_reduce_perf,2,16,536870912,134217728,float,sum,29192.1,18.39,34.48,0,29061.3,18.47,34.64,0,TREE,LL128,4,TREE,LL128,4,0,TREE,A_flag_ceiling
all_reduce_perf,2,16,4096,1024,float,sum,71.62,0.06,0.11,0,69.06,0.06,0.11,0,TREE,SIMPLE,8,TREE,SIMPLE,8,0,TREE,A_flag_ceiling
all_reduce_perf,2,16,8192,2048,float,sum,74.28,0.11,0.21,0,70.78,0.12,0.22,0,TREE,SIMPLE,8,TREE,SIMPLE,8,0,TREE,A_flag_ceiling
all_reduce_perf,2,16,16384,4096,float,sum,77.64,0.21,0.4,0,71.74,0.23,0.43,0,TREE,SIMPLE,8,TREE,SIMPLE,8,0,TREE,A_flag_ceiling
all_reduce_perf,2,16,32768,8192,float,sum,76.31,0.43,0.81,0,71.27,0.46,0.86,0,TREE,SIMPLE,8,TREE,SIMPLE,8,0,TREE,A_flag_ceiling
all_reduce_perf,2,16,65536,16384,float,sum,73.66,0.89,1.67,0,71.85,0.91,1.71,0,TREE,SIMPLE,8,TREE,SIMPLE,8,0,TREE,A_flag_ceiling
all_reduce_perf,2,16,131072,32768,float,sum,81.57,1.61,3.01,0,77.4,1.69,3.18,0,TREE,SIMPLE,8,TREE,SIMPLE,8,0,TREE,A_flag_ceiling
all_reduce_perf,2,16,262144,65536,float,sum,100.04,2.62,4.91,0,95.3,2.75,5.16,0,TREE,SIMPLE,8,TREE,SIMPLE,8,0,TREE,A_flag_ceiling
all_reduce_perf,2,16,524288,131072,float,sum,108.39,4.84,9.07,0,105.31,4.98,9.34,0,TREE,SIMPLE,8,TREE,SIMPLE,8,0,TREE,A_flag_ceiling
all_reduce_perf,2,16,1048576,262144,float,sum,129.7,8.08,15.16,0,125.59,8.35,15.65,0,TREE,SIMPLE,8,TREE,SIMPLE,8,0,TREE,A_flag_ceiling
all_reduce_perf,2,16,2097152,524288,float,sum,171.04,12.26,22.99,0,163.43,12.83,24.06,0,TREE,SIMPLE,8,TREE,SIMPLE,8,0,TREE,A_flag_ceiling
all_reduce_perf,2,16,4194304,1048576,float,sum,236.86,17.71,33.2,0,224.37,18.69,35.05,0,TREE,SIMPLE,8,TREE,SIMPLE,8,0,TREE,A_flag_ceiling
all_reduce_perf,2,16,8388608,2097152,float,sum,351.7,23.85,44.72,0,329.53,25.46,47.73,0,TREE,SIMPLE,8,TREE,SIMPLE,8,0,TREE,A_flag_ceiling
all_reduce_perf,2,16,16777216,4194304,float,sum,574.74,29.19,54.73,0,552.78,30.35,56.91,0,TREE,SIMPLE,8,TREE,SIMPLE,8,0,TREE,A_flag_ceiling
all_reduce_perf,2,16,33554432,8388608,float,sum,912.1,36.79,68.98,0,895.77,37.46,70.24,0,TREE,SIMPLE,8,TREE,SIMPLE,8,0,TREE,A_flag_ceiling
all_reduce_perf,2,16,67108864,16777216,float,sum,1624.67,41.31,77.45,0,1617.24,41.5,77.8,0,TREE,SIMPLE,8,TREE,SIMPLE,8,0,TREE,A_flag_ceiling
all_reduce_perf,2,16,134217728,33554432,float,sum,2855.48,47.0,88.13,0,2850.49,47.09,88.29,0,TREE,SIMPLE,8,TREE,SIMPLE,8,0,TREE,A_flag_ceiling
all_reduce_perf,2,16,268435456,67108864,float,sum,5350.01,50.17,94.08,0,5336.06,50.31,94.32,0,TREE,SIMPLE,8,TREE,SIMPLE,8,0,TREE,A_flag_ceiling
all_reduce_perf,2,16,536870912,134217728,float,sum,10125.8,53.02,99.41,0,10111.2,53.1,99.56,0,TREE,SIMPLE,8,TREE,SIMPLE,8,0,TREE,A_flag_ceiling
all_reduce_perf,2,16,4096,1024,float,sum,39.43,0.1,0.19,0,39.04,0.1,0.2,0,TREE,LL,8,TREE,LL,8,0,TREE,A_flag_ceiling
all_reduce_perf,2,16,8192,2048,float,sum,39.44,0.21,0.39,0,39.06,0.21,0.39,0,TREE,LL,8,TREE,LL,8,0,TREE,A_flag_ceiling
all_reduce_perf,2,16,16384,4096,float,sum,41.92,0.39,0.73,0,39.51,0.41,0.78,0,TREE,LL,8,TREE,LL,8,0,TREE,A_flag_ceiling
all_reduce_perf,2,16,32768,8192,float,sum,44.37,0.74,1.38,0,44.35,0.74,1.39,0,TREE,LL,8,TREE,LL,8,0,TREE,A_flag_ceiling
all_reduce_perf,2,16,65536,16384,float,sum,55.95,1.17,2.2,0,54.05,1.21,2.27,0,TREE,LL,8,TREE,LL,8,0,TREE,A_flag_ceiling
all_reduce_perf,2,16,131072,32768,float,sum,73.83,1.78,3.33,0,72.18,1.82,3.4,0,TREE,LL,8,TREE,LL,8,0,TREE,A_flag_ceiling
all_reduce_perf,2,16,262144,65536,float,sum,87.24,3.0,5.63,0,84.67,3.1,5.81,0,TREE,LL,8,TREE,LL,8,0,TREE,A_flag_ceiling
all_reduce_perf,2,16,524288,131072,float,sum,112.2,4.67,8.76,0,112.01,4.68,8.78,0,TREE,LL,8,TREE,LL,8,0,TREE,A_flag_ceiling
all_reduce_perf,2,16,1048576,262144,float,sum,171.06,6.13,11.49,0,165.76,6.33,11.86,0,TREE,LL,8,TREE,LL,8,0,TREE,A_flag_ceiling
all_reduce_perf,2,16,2097152,524288,float,sum,277.18,7.57,14.19,0,275.65,7.61,14.27,0,TREE,LL,8,TREE,LL,8,0,TREE,A_flag_ceiling
all_reduce_perf,2,16,4194304,1048576,float,sum,493.39,8.5,15.94,0,492.58,8.51,15.97,0,TREE,LL,8,TREE,LL,8,0,TREE,A_flag_ceiling
all_reduce_perf,2,16,8388608,2097152,float,sum,926.2,9.06,16.98,0,925.01,9.07,17.0,0,TREE,LL,8,TREE,LL,8,0,TREE,A_flag_ceiling
all_reduce_perf,2,16,16777216,4194304,float,sum,1790.26,9.37,17.57,0,1784.72,9.4,17.63,0,TREE,LL,8,TREE,LL,8,0,TREE,A_flag_ceiling
all_reduce_perf,2,16,33554432,8388608,float,sum,3518.46,9.54,17.88,0,3508.46,9.56,17.93,0,TREE,LL,8,TREE,LL,8,0,TREE,A_flag_ceiling
all_reduce_perf,2,16,67108864,16777216,float,sum,6990.73,9.6,18.0,0,6944.56,9.66,18.12,0,TREE,LL,8,TREE,LL,8,0,TREE,A_flag_ceiling
all_reduce_perf,2,16,134217728,33554432,float,sum,13899.0,9.66,18.11,0,13826.1,9.71,18.2,0,TREE,LL,8,TREE,LL,8,0,TREE,A_flag_ceiling
all_reduce_perf,2,16,268435456,67108864,float,sum,27729.0,9.68,18.15,0,27486.6,9.77,18.31,0,TREE,LL,8,TREE,LL,8,0,TREE,A_flag_ceiling
all_reduce_perf,2,16,536870912,134217728,float,sum,55230.9,9.72,18.23,0,55019.2,9.76,18.3,0,TREE,LL,8,TREE,LL,8,0,TREE,A_flag_ceiling
all_reduce_perf,2,16,4096,1024,float,sum,46.09,0.09,0.17,0,45.35,0.09,0.17,0,TREE,LL128,8,TREE,LL128,8,0,TREE,A_flag_ceiling
all_reduce_perf,2,16,8192,2048,float,sum,47.83,0.17,0.32,0,47.45,0.17,0.32,0,TREE,LL128,8,TREE,LL128,8,0,TREE,A_flag_ceiling
all_reduce_perf,2,16,16384,4096,float,sum,50.63,0.32,0.61,0,48.62,0.34,0.63,0,TREE,LL128,8,TREE,LL128,8,0,TREE,A_flag_ceiling
all_reduce_perf,2,16,32768,8192,float,sum,52.02,0.63,1.18,0,49.38,0.66,1.24,0,TREE,LL128,8,TREE,LL128,8,0,TREE,A_flag_ceiling
all_reduce_perf,2,16,65536,16384,float,sum,49.77,1.32,2.47,0,48.96,1.34,2.51,0,TREE,LL128,8,TREE,LL128,8,0,TREE,A_flag_ceiling
all_reduce_perf,2,16,131072,32768,float,sum,56.64,2.31,4.34,0,53.41,2.45,4.6,0,TREE,LL128,8,TREE,LL128,8,0,TREE,A_flag_ceiling
all_reduce_perf,2,16,262144,65536,float,sum,62.44,4.2,7.87,0,59.99,4.37,8.19,0,TREE,LL128,8,TREE,LL128,8,0,TREE,A_flag_ceiling
all_reduce_perf,2,16,524288,131072,float,sum,69.65,7.53,14.11,0,66.3,7.91,14.83,0,TREE,LL128,8,TREE,LL128,8,0,TREE,A_flag_ceiling
all_reduce_perf,2,16,1048576,262144,float,sum,85.7,12.24,22.94,0,81.11,12.93,24.24,0,TREE,LL128,8,TREE,LL128,8,0,TREE,A_flag_ceiling
all_reduce_perf,2,16,2097152,524288,float,sum,111.94,18.74,35.13,0,109.45,19.16,35.92,0,TREE,LL128,8,TREE,LL128,8,0,TREE,A_flag_ceiling
all_reduce_perf,2,16,4194304,1048576,float,sum,171.98,24.39,45.73,0,163.49,25.65,48.1,0,TREE,LL128,8,TREE,LL128,8,0,TREE,A_flag_ceiling
all_reduce_perf,2,16,8388608,2097152,float,sum,290.95,28.83,54.06,0,284.86,29.45,55.21,0,TREE,LL128,8,TREE,LL128,8,0,TREE,A_flag_ceiling
all_reduce_perf,2,16,16777216,4194304,float,sum,519.7,32.28,60.53,0,518.56,32.35,60.66,0,TREE,LL128,8,TREE,LL128,8,0,TREE,A_flag_ceiling
all_reduce_perf,2,16,33554432,8388608,float,sum,970.36,34.58,64.84,0,969.64,34.6,64.88,0,TREE,LL128,8,TREE,LL128,8,0,TREE,A_flag_ceiling
all_reduce_perf,2,16,67108864,16777216,float,sum,1865.83,35.97,67.44,0,1863.01,36.02,67.54,0,TREE,LL128,8,TREE,LL128,8,0,TREE,A_flag_ceiling
all_reduce_perf,2,16,134217728,33554432,float,sum,3608.12,37.2,69.75,0,3617.04,37.11,69.58,0,TREE,LL128,8,TREE,LL128,8,0,TREE,A_flag_ceiling
all_reduce_perf,2,16,268435456,67108864,float,sum,7250.38,37.02,69.42,0,7270.88,36.92,69.22,0,TREE,LL128,8,TREE,LL128,8,0,TREE,A_flag_ceiling
all_reduce_perf,2,16,536870912,134217728,float,sum,14612.4,36.74,68.89,0,14697.2,36.53,68.49,0,TREE,LL128,8,TREE,LL128,8,0,TREE,A_flag_ceiling
all_reduce_perf,2,16,4096,1024,float,sum,72.39,0.06,0.11,0,69.4,0.06,0.11,0,TREE,SIMPLE,16,TREE,SIMPLE,16,0,TREE,A_flag_ceiling
all_reduce_perf,2,16,8192,2048,float,sum,75.1,0.11,0.2,0,72.46,0.11,0.21,0,TREE,SIMPLE,16,TREE,SIMPLE,16,0,TREE,A_flag_ceiling
all_reduce_perf,2,16,16384,4096,float,sum,73.3,0.22,0.42,0,71.29,0.23,0.43,0,TREE,SIMPLE,16,TREE,SIMPLE,16,0,TREE,A_flag_ceiling
all_reduce_perf,2,16,32768,8192,float,sum,73.23,0.45,0.84,0,71.69,0.46,0.86,0,TREE,SIMPLE,16,TREE,SIMPLE,16,0,TREE,A_flag_ceiling
all_reduce_perf,2,16,65536,16384,float,sum,76.75,0.85,1.6,0,72.92,0.9,1.69,0,TREE,SIMPLE,16,TREE,SIMPLE,16,0,TREE,A_flag_ceiling
all_reduce_perf,2,16,131072,32768,float,sum,99.17,1.32,2.48,0,147.74,0.89,1.66,0,TREE,SIMPLE,16,TREE,SIMPLE,16,0,TREE,A_flag_ceiling
all_reduce_perf,2,16,262144,65536,float,sum,84.13,3.12,5.84,0,81.34,3.22,6.04,0,TREE,SIMPLE,16,TREE,SIMPLE,16,0,TREE,A_flag_ceiling
all_reduce_perf,2,16,524288,131072,float,sum,102.64,5.11,9.58,0,98.32,5.33,10.0,0,TREE,SIMPLE,16,TREE,SIMPLE,16,0,TREE,A_flag_ceiling
all_reduce_perf,2,16,1048576,262144,float,sum,114.12,9.19,17.23,0,107.81,9.73,18.24,0,TREE,SIMPLE,16,TREE,SIMPLE,16,0,TREE,A_flag_ceiling
all_reduce_perf,2,16,2097152,524288,float,sum,132.6,15.82,29.65,0,128.05,16.38,30.71,0,TREE,SIMPLE,16,TREE,SIMPLE,16,0,TREE,A_flag_ceiling
all_reduce_perf,2,16,4194304,1048576,float,sum,173.62,24.16,45.3,0,165.95,25.27,47.39,0,TREE,SIMPLE,16,TREE,SIMPLE,16,0,TREE,A_flag_ceiling
all_reduce_perf,2,16,8388608,2097152,float,sum,240.75,34.84,65.33,0,227.82,36.82,69.04,0,TREE,SIMPLE,16,TREE,SIMPLE,16,0,TREE,A_flag_ceiling
all_reduce_perf,2,16,16777216,4194304,float,sum,357.86,46.88,87.9,0,346.66,48.4,90.74,0,TREE,SIMPLE,16,TREE,SIMPLE,16,0,TREE,A_flag_ceiling
all_reduce_perf,2,16,33554432,8388608,float,sum,584.11,57.45,107.71,0,569.8,58.89,110.42,0,TREE,SIMPLE,16,TREE,SIMPLE,16,0,TREE,A_flag_ceiling
all_reduce_perf,2,16,67108864,16777216,float,sum,930.99,72.08,135.16,0,924.03,72.63,136.17,0,TREE,SIMPLE,16,TREE,SIMPLE,16,0,TREE,A_flag_ceiling
all_reduce_perf,2,16,134217728,33554432,float,sum,1669.46,80.4,150.74,0,1663.83,80.67,151.25,0,TREE,SIMPLE,16,TREE,SIMPLE,16,0,TREE,A_flag_ceiling
all_reduce_perf,2,16,268435456,67108864,float,sum,2927.85,91.68,171.91,0,2935.44,91.45,171.46,0,TREE,SIMPLE,16,TREE,SIMPLE,16,0,TREE,A_flag_ceiling
all_reduce_perf,2,16,536870912,134217728,float,sum,5333.09,100.67,188.75,0,5347.69,100.39,188.24,0,TREE,SIMPLE,16,TREE,SIMPLE,16,0,TREE,A_flag_ceiling
all_reduce_perf,2,16,4096,1024,float,sum,39.81,0.1,0.19,0,39.21,0.1,0.2,0,TREE,LL,16,TREE,LL,16,0,TREE,A_flag_ceiling
all_reduce_perf,2,16,8192,2048,float,sum,43.48,0.19,0.35,0,39.26,0.21,0.39,0,TREE,LL,16,TREE,LL,16,0,TREE,A_flag_ceiling
all_reduce_perf,2,16,16384,4096,float,sum,42.99,0.38,0.71,0,42.7,0.38,0.72,0,TREE,LL,16,TREE,LL,16,0,TREE,A_flag_ceiling
all_reduce_perf,2,16,32768,8192,float,sum,59.03,0.56,1.04,0,44.85,0.73,1.37,0,TREE,LL,16,TREE,LL,16,0,TREE,A_flag_ceiling
all_reduce_perf,2,16,65536,16384,float,sum,46.77,1.4,2.63,0,46.0,1.42,2.67,0,TREE,LL,16,TREE,LL,16,0,TREE,A_flag_ceiling
all_reduce_perf,2,16,131072,32768,float,sum,59.0,2.22,4.17,0,57.44,2.28,4.28,0,TREE,LL,16,TREE,LL,16,0,TREE,A_flag_ceiling
all_reduce_perf,2,16,262144,65536,float,sum,79.02,3.32,6.22,0,75.06,3.49,6.55,0,TREE,LL,16,TREE,LL,16,0,TREE,A_flag_ceiling
all_reduce_perf,2,16,524288,131072,float,sum,90.49,5.79,10.86,0,92.02,5.7,10.68,0,TREE,LL,16,TREE,LL,16,0,TREE,A_flag_ceiling
all_reduce_perf,2,16,1048576,262144,float,sum,118.39,8.86,16.61,0,115.5,9.08,17.02,0,TREE,LL,16,TREE,LL,16,0,TREE,A_flag_ceiling
all_reduce_perf,2,16,2097152,524288,float,sum,169.33,12.39,23.22,0,169.77,12.35,23.16,0,TREE,LL,16,TREE,LL,16,0,TREE,A_flag_ceiling
all_reduce_perf,2,16,4194304,1048576,float,sum,281.01,14.93,27.99,0,279.38,15.01,28.15,0,TREE,LL,16,TREE,LL,16,0,TREE,A_flag_ceiling
all_reduce_perf,2,16,8388608,2097152,float,sum,499.68,16.79,31.48,0,498.72,16.82,31.54,0,TREE,LL,16,TREE,LL,16,0,TREE,A_flag_ceiling
all_reduce_perf,2,16,16777216,4194304,float,sum,943.56,17.78,33.34,0,934.95,17.94,33.65,0,TREE,LL,16,TREE,LL,16,0,TREE,A_flag_ceiling
all_reduce_perf,2,16,33554432,8388608,float,sum,1805.57,18.58,34.84,0,1806.46,18.57,34.83,0,TREE,LL,16,TREE,LL,16,0,TREE,A_flag_ceiling
all_reduce_perf,2,16,67108864,16777216,float,sum,3551.62,18.9,35.43,0,3554.3,18.88,35.4,0,TREE,LL,16,TREE,LL,16,0,TREE,A_flag_ceiling
all_reduce_perf,2,16,134217728,33554432,float,sum,7020.35,19.12,35.85,0,7016.02,19.13,35.87,0,TREE,LL,16,TREE,LL,16,0,TREE,A_flag_ceiling
all_reduce_perf,2,16,268435456,67108864,float,sum,14031.0,19.13,35.87,0,14015.2,19.15,35.91,0,TREE,LL,16,TREE,LL,16,0,TREE,A_flag_ceiling
all_reduce_perf,2,16,536870912,134217728,float,sum,27991.9,19.18,35.96,0,28058.9,19.13,35.88,0,TREE,LL,16,TREE,LL,16,0,TREE,A_flag_ceiling
all_reduce_perf,2,16,4096,1024,float,sum,47.18,0.09,0.16,0,45.5,0.09,0.17,0,TREE,LL128,16,TREE,LL128,16,0,TREE,A_flag_ceiling
all_reduce_perf,2,16,8192,2048,float,sum,48.8,0.17,0.31,0,47.97,0.17,0.32,0,TREE,LL128,16,TREE,LL128,16,0,TREE,A_flag_ceiling
all_reduce_perf,2,16,16384,4096,float,sum,51.17,0.32,0.6,0,47.88,0.34,0.64,0,TREE,LL128,16,TREE,LL128,16,0,TREE,A_flag_ceiling
all_reduce_perf,2,16,32768,8192,float,sum,51.75,0.63,1.19,0,49.25,0.67,1.25,0,TREE,LL128,16,TREE,LL128,16,0,TREE,A_flag_ceiling
all_reduce_perf,2,16,65536,16384,float,sum,49.97,1.31,2.46,0,49.15,1.33,2.5,0,TREE,LL128,16,TREE,LL128,16,0,TREE,A_flag_ceiling
all_reduce_perf,2,16,131072,32768,float,sum,53.45,2.45,4.6,0,51.4,2.55,4.78,0,TREE,LL128,16,TREE,LL128,16,0,TREE,A_flag_ceiling
all_reduce_perf,2,16,262144,65536,float,sum,55.58,4.72,8.84,0,55.31,4.74,8.89,0,TREE,LL128,16,TREE,LL128,16,0,TREE,A_flag_ceiling
all_reduce_perf,2,16,524288,131072,float,sum,64.35,8.15,15.28,0,63.16,8.3,15.56,0,TREE,LL128,16,TREE,LL128,16,0,TREE,A_flag_ceiling
all_reduce_perf,2,16,1048576,262144,float,sum,72.71,14.42,27.04,0,69.43,15.1,28.32,0,TREE,LL128,16,TREE,LL128,16,0,TREE,A_flag_ceiling
all_reduce_perf,2,16,2097152,524288,float,sum,88.63,23.66,44.36,0,83.66,25.07,47.0,0,TREE,LL128,16,TREE,LL128,16,0,TREE,A_flag_ceiling
all_reduce_perf,2,16,4194304,1048576,float,sum,115.52,36.31,68.08,0,112.41,37.31,69.96,0,TREE,LL128,16,TREE,LL128,16,0,TREE,A_flag_ceiling
all_reduce_perf,2,16,8388608,2097152,float,sum,171.94,48.79,91.48,0,167.27,50.15,94.03,0,TREE,LL128,16,TREE,LL128,16,0,TREE,A_flag_ceiling
all_reduce_perf,2,16,16777216,4194304,float,sum,295.96,56.69,106.29,0,293.65,57.13,107.12,0,TREE,LL128,16,TREE,LL128,16,0,TREE,A_flag_ceiling
all_reduce_perf,2,16,33554432,8388608,float,sum,533.4,62.91,117.95,0,527.43,63.62,119.29,0,TREE,LL128,16,TREE,LL128,16,0,TREE,A_flag_ceiling
all_reduce_perf,2,16,67108864,16777216,float,sum,1003.11,66.9,125.44,0,1000.01,67.11,125.83,0,TREE,LL128,16,TREE,LL128,16,0,TREE,A_flag_ceiling
all_reduce_perf,2,16,134217728,33554432,float,sum,1927.07,69.65,130.59,0,1925.87,69.69,130.67,0,TREE,LL128,16,TREE,LL128,16,0,TREE,A_flag_ceiling
all_reduce_perf,2,16,268435456,67108864,float,sum,3737.53,71.82,134.67,0,3731.04,71.95,134.9,0,TREE,LL128,16,TREE,LL128,16,0,TREE,A_flag_ceiling
all_reduce_perf,2,16,536870912,134217728,float,sum,7435.14,72.21,135.39,0,7439.86,72.16,135.3,0,TREE,LL128,16,TREE,LL128,16,0,TREE,A_flag_ceiling
all_reduce_perf,2,16,4096,1024,float,sum,71.37,0.06,0.11,0,72.02,0.06,0.11,0,TREE,SIMPLE,24,TREE,SIMPLE,24,0,TREE,A_flag_ceiling
all_reduce_perf,2,16,8192,2048,float,sum,72.93,0.11,0.21,0,71.66,0.11,0.21,0,TREE,SIMPLE,24,TREE,SIMPLE,24,0,TREE,A_flag_ceiling
all_reduce_perf,2,16,16384,4096,float,sum,76.08,0.22,0.4,0,71.93,0.23,0.43,0,TREE,SIMPLE,24,TREE,SIMPLE,24,0,TREE,A_flag_ceiling
all_reduce_perf,2,16,32768,8192,float,sum,76.6,0.43,0.8,0,72.04,0.45,0.85,0,TREE,SIMPLE,24,TREE,SIMPLE,24,0,TREE,A_flag_ceiling
all_reduce_perf,2,16,65536,16384,float,sum,74.15,0.88,1.66,0,72.22,0.91,1.7,0,TREE,SIMPLE,24,TREE,SIMPLE,24,0,TREE,A_flag_ceiling
all_reduce_perf,2,16,131072,32768,float,sum,77.55,1.69,3.17,0,74.23,1.77,3.31,0,TREE,SIMPLE,24,TREE,SIMPLE,24,0,TREE,A_flag_ceiling
all_reduce_perf,2,16,262144,65536,float,sum,84.54,3.1,5.81,0,79.91,3.28,6.15,0,TREE,SIMPLE,24,TREE,SIMPLE,24,0,TREE,A_flag_ceiling
all_reduce_perf,2,16,524288,131072,float,sum,94.89,5.53,10.36,0,92.26,5.68,10.65,0,TREE,SIMPLE,24,TREE,SIMPLE,24,0,TREE,A_flag_ceiling
all_reduce_perf,2,16,1048576,262144,float,sum,109.34,9.59,17.98,0,106.56,9.84,18.45,0,TREE,SIMPLE,24,TREE,SIMPLE,24,0,TREE,A_flag_ceiling
all_reduce_perf,2,16,2097152,524288,float,sum,121.61,17.25,32.33,0,120.33,17.43,32.68,0,TREE,SIMPLE,24,TREE,SIMPLE,24,0,TREE,A_flag_ceiling
all_reduce_perf,2,16,4194304,1048576,float,sum,157.68,26.6,49.87,0,147.12,28.51,53.46,0,TREE,SIMPLE,24,TREE,SIMPLE,24,0,TREE,A_flag_ceiling
all_reduce_perf,2,16,8388608,2097152,float,sum,206.21,40.68,76.28,0,196.39,42.71,80.09,0,TREE,SIMPLE,24,TREE,SIMPLE,24,0,TREE,A_flag_ceiling
all_reduce_perf,2,16,16777216,4194304,float,sum,287.48,58.36,109.43,0,278.4,60.26,112.99,0,TREE,SIMPLE,24,TREE,SIMPLE,24,0,TREE,A_flag_ceiling
all_reduce_perf,2,16,33554432,8388608,float,sum,443.33,75.69,141.91,0,433.76,77.36,145.04,0,TREE,SIMPLE,24,TREE,SIMPLE,24,0,TREE,A_flag_ceiling
all_reduce_perf,2,16,67108864,16777216,float,sum,741.65,90.49,169.66,0,739.04,90.8,170.26,0,TREE,SIMPLE,24,TREE,SIMPLE,24,0,TREE,A_flag_ceiling
all_reduce_perf,2,16,134217728,33554432,float,sum,1200.66,111.79,209.6,0,1209.24,110.99,208.11,0,TREE,SIMPLE,24,TREE,SIMPLE,24,0,TREE,A_flag_ceiling
all_reduce_perf,2,16,268435456,67108864,float,sum,2201.04,121.96,228.67,0,2223.63,120.72,226.35,0,TREE,SIMPLE,24,TREE,SIMPLE,24,0,TREE,A_flag_ceiling
all_reduce_perf,2,16,536870912,134217728,float,sum,3875.25,138.54,259.76,0,3893.6,137.89,258.54,0,TREE,SIMPLE,24,TREE,SIMPLE,24,0,TREE,A_flag_ceiling
all_reduce_perf,2,16,4096,1024,float,sum,39.44,0.1,0.19,0,38.54,0.11,0.2,0,TREE,LL,24,TREE,LL,24,0,TREE,A_flag_ceiling
all_reduce_perf,2,16,8192,2048,float,sum,40.89,0.2,0.38,0,38.98,0.21,0.39,0,TREE,LL,24,TREE,LL,24,0,TREE,A_flag_ceiling
all_reduce_perf,2,16,16384,4096,float,sum,40.54,0.4,0.76,0,40.99,0.4,0.75,0,TREE,LL,24,TREE,LL,24,0,TREE,A_flag_ceiling
all_reduce_perf,2,16,32768,8192,float,sum,43.54,0.75,1.41,0,40.91,0.8,1.5,0,TREE,LL,24,TREE,LL,24,0,TREE,A_flag_ceiling
all_reduce_perf,2,16,65536,16384,float,sum,46.07,1.42,2.67,0,45.78,1.43,2.68,0,TREE,LL,24,TREE,LL,24,0,TREE,A_flag_ceiling
all_reduce_perf,2,16,131072,32768,float,sum,56.35,2.33,4.36,0,53.44,2.45,4.6,0,TREE,LL,24,TREE,LL,24,0,TREE,A_flag_ceiling
all_reduce_perf,2,16,262144,65536,float,sum,70.57,3.71,6.97,0,67.9,3.86,7.24,0,TREE,LL,24,TREE,LL,24,0,TREE,A_flag_ceiling
all_reduce_perf,2,16,524288,131072,float,sum,89.21,5.88,11.02,0,85.11,6.16,11.55,0,TREE,LL,24,TREE,LL,24,0,TREE,A_flag_ceiling
all_reduce_perf,2,16,1048576,262144,float,sum,106.63,9.83,18.44,0,103.34,10.15,19.03,0,TREE,LL,24,TREE,LL,24,0,TREE,A_flag_ceiling
all_reduce_perf,2,16,2097152,524288,float,sum,143.27,14.64,27.45,0,139.28,15.06,28.23,0,TREE,LL,24,TREE,LL,24,0,TREE,A_flag_ceiling
all_reduce_perf,2,16,4194304,1048576,float,sum,212.11,19.77,37.08,0,212.97,19.69,36.93,0,TREE,LL,24,TREE,LL,24,0,TREE,A_flag_ceiling
all_reduce_perf,2,16,8388608,2097152,float,sum,360.96,23.24,43.57,0,360.46,23.27,43.64,0,TREE,LL,24,TREE,LL,24,0,TREE,A_flag_ceiling
all_reduce_perf,2,16,16777216,4194304,float,sum,658.07,25.49,47.8,0,652.14,25.73,48.24,0,TREE,LL,24,TREE,LL,24,0,TREE,A_flag_ceiling
all_reduce_perf,2,16,33554432,8388608,float,sum,1236.55,27.14,50.88,0,1235.24,27.16,50.93,0,TREE,LL,24,TREE,LL,24,0,TREE,A_flag_ceiling
all_reduce_perf,2,16,67108864,16777216,float,sum,2414.44,27.79,52.12,0,2423.84,27.69,51.91,0,TREE,LL,24,TREE,LL,24,0,TREE,A_flag_ceiling
all_reduce_perf,2,16,134217728,33554432,float,sum,4765.61,28.16,52.81,0,4773.17,28.12,52.72,0,TREE,LL,24,TREE,LL,24,0,TREE,A_flag_ceiling
all_reduce_perf,2,16,268435456,67108864,float,sum,9490.2,28.29,53.04,0,9545.06,28.12,52.73,0,TREE,LL,24,TREE,LL,24,0,TREE,A_flag_ceiling
all_reduce_perf,2,16,536870912,134217728,float,sum,19046.4,28.19,52.85,0,19038.6,28.2,52.87,0,TREE,LL,24,TREE,LL,24,0,TREE,A_flag_ceiling
all_reduce_perf,2,16,4096,1024,float,sum,46.34,0.09,0.17,0,45.69,0.09,0.17,0,TREE,LL128,24,TREE,LL128,24,0,TREE,A_flag_ceiling
all_reduce_perf,2,16,8192,2048,float,sum,52.43,0.16,0.29,0,47.71,0.17,0.32,0,TREE,LL128,24,TREE,LL128,24,0,TREE,A_flag_ceiling
all_reduce_perf,2,16,16384,4096,float,sum,49.94,0.33,0.62,0,48.0,0.34,0.64,0,TREE,LL128,24,TREE,LL128,24,0,TREE,A_flag_ceiling
all_reduce_perf,2,16,32768,8192,float,sum,49.52,0.66,1.24,0,48.8,0.67,1.26,0,TREE,LL128,24,TREE,LL128,24,0,TREE,A_flag_ceiling
all_reduce_perf,2,16,65536,16384,float,sum,53.58,1.22,2.29,0,48.7,1.35,2.52,0,TREE,LL128,24,TREE,LL128,24,0,TREE,A_flag_ceiling
all_reduce_perf,2,16,131072,32768,float,sum,54.68,2.4,4.49,0,50.83,2.58,4.84,0,TREE,LL128,24,TREE,LL128,24,0,TREE,A_flag_ceiling
all_reduce_perf,2,16,262144,65536,float,sum,55.84,4.69,8.8,0,55.53,4.72,8.85,0,TREE,LL128,24,TREE,LL128,24,0,TREE,A_flag_ceiling
all_reduce_perf,2,16,524288,131072,float,sum,60.6,8.65,16.22,0,60.24,8.7,16.32,0,TREE,LL128,24,TREE,LL128,24,0,TREE,A_flag_ceiling
all_reduce_perf,2,16,1048576,262144,float,sum,70.13,14.95,28.04,0,66.79,15.7,29.44,0,TREE,LL128,24,TREE,LL128,24,0,TREE,A_flag_ceiling
all_reduce_perf,2,16,2097152,524288,float,sum,81.05,25.87,48.51,0,77.67,27.0,50.63,0,TREE,LL128,24,TREE,LL128,24,0,TREE,A_flag_ceiling
all_reduce_perf,2,16,4194304,1048576,float,sum,98.96,42.38,79.47,0,95.61,43.87,82.26,0,TREE,LL128,24,TREE,LL128,24,0,TREE,A_flag_ceiling
all_reduce_perf,2,16,8388608,2097152,float,sum,138.42,60.6,113.63,0,134.87,62.2,116.62,0,TREE,LL128,24,TREE,LL128,24,0,TREE,A_flag_ceiling
all_reduce_perf,2,16,16777216,4194304,float,sum,230.3,72.85,136.6,0,228.56,73.4,137.63,0,TREE,LL128,24,TREE,LL128,24,0,TREE,A_flag_ceiling
all_reduce_perf,2,16,33554432,8388608,float,sum,394.78,85.0,159.37,0,395.01,84.95,159.27,0,TREE,LL128,24,TREE,LL128,24,0,TREE,A_flag_ceiling
all_reduce_perf,2,16,67108864,16777216,float,sum,729.88,91.94,172.4,0,728.75,92.09,172.66,0,TREE,LL128,24,TREE,LL128,24,0,TREE,A_flag_ceiling
all_reduce_perf,2,16,134217728,33554432,float,sum,1385.01,96.91,181.7,0,1386.23,96.82,181.54,0,TREE,LL128,24,TREE,LL128,24,0,TREE,A_flag_ceiling
all_reduce_perf,2,16,268435456,67108864,float,sum,2675.55,100.33,188.12,0,2674.84,100.36,188.17,0,TREE,LL128,24,TREE,LL128,24,0,TREE,A_flag_ceiling
all_reduce_perf,2,16,536870912,134217728,float,sum,5192.52,103.39,193.86,0,5214.2,102.96,193.06,0,TREE,LL128,24,TREE,LL128,24,0,TREE,A_flag_ceiling
all_reduce_perf,2,16,4096,1024,float,sum,70.24,0.06,0.11,0,69.01,0.06,0.11,0,TREE,SIMPLE,32,TREE,SIMPLE,32,0,TREE,A_flag_ceiling
all_reduce_perf,2,16,8192,2048,float,sum,72.24,0.11,0.21,0,71.0,0.12,0.22,0,TREE,SIMPLE,32,TREE,SIMPLE,32,0,TREE,A_flag_ceiling
all_reduce_perf,2,16,16384,4096,float,sum,73.52,0.22,0.42,0,71.48,0.23,0.43,0,TREE,SIMPLE,32,TREE,SIMPLE,32,0,TREE,A_flag_ceiling
all_reduce_perf,2,16,32768,8192,float,sum,74.33,0.44,0.83,0,70.96,0.46,0.87,0,TREE,SIMPLE,32,TREE,SIMPLE,32,0,TREE,A_flag_ceiling
all_reduce_perf,2,16,65536,16384,float,sum,77.1,0.85,1.59,0,72.71,0.9,1.69,0,TREE,SIMPLE,32,TREE,SIMPLE,32,0,TREE,A_flag_ceiling
all_reduce_perf,2,16,131072,32768,float,sum,76.8,1.71,3.2,0,73.18,1.79,3.36,0,TREE,SIMPLE,32,TREE,SIMPLE,32,0,TREE,A_flag_ceiling
all_reduce_perf,2,16,262144,65536,float,sum,80.64,3.25,6.1,0,76.79,3.41,6.4,0,TREE,SIMPLE,32,TREE,SIMPLE,32,0,TREE,A_flag_ceiling
all_reduce_perf,2,16,524288,131072,float,sum,88.38,5.93,11.12,0,84.64,6.19,11.61,0,TREE,SIMPLE,32,TREE,SIMPLE,32,0,TREE,A_flag_ceiling
all_reduce_perf,2,16,1048576,262144,float,sum,107.8,9.73,18.24,0,103.31,10.15,19.03,0,TREE,SIMPLE,32,TREE,SIMPLE,32,0,TREE,A_flag_ceiling
all_reduce_perf,2,16,2097152,524288,float,sum,117.41,17.86,33.49,0,115.55,18.15,34.03,0,TREE,SIMPLE,32,TREE,SIMPLE,32,0,TREE,A_flag_ceiling
all_reduce_perf,2,16,4194304,1048576,float,sum,141.51,29.64,55.57,0,136.58,30.71,57.58,0,TREE,SIMPLE,32,TREE,SIMPLE,32,0,TREE,A_flag_ceiling
all_reduce_perf,2,16,8388608,2097152,float,sum,182.68,45.92,86.1,0,174.91,47.96,89.92,0,TREE,SIMPLE,32,TREE,SIMPLE,32,0,TREE,A_flag_ceiling
all_reduce_perf,2,16,16777216,4194304,float,sum,254.26,65.98,123.72,0,247.63,67.75,127.03,0,TREE,SIMPLE,32,TREE,SIMPLE,32,0,TREE,A_flag_ceiling
all_reduce_perf,2,16,33554432,8388608,float,sum,378.29,88.7,166.31,0,371.55,90.31,169.33,0,TREE,SIMPLE,32,TREE,SIMPLE,32,0,TREE,A_flag_ceiling
all_reduce_perf,2,16,67108864,16777216,float,sum,610.02,110.01,206.27,0,608.6,110.27,206.75,0,TREE,SIMPLE,32,TREE,SIMPLE,32,0,TREE,A_flag_ceiling
all_reduce_perf,2,16,134217728,33554432,float,sum,999.02,134.35,251.91,0,1004.78,133.58,250.46,0,TREE,SIMPLE,32,TREE,SIMPLE,32,0,TREE,A_flag_ceiling
all_reduce_perf,2,16,268435456,67108864,float,sum,1779.87,150.82,282.78,0,1798.04,149.29,279.92,0,TREE,SIMPLE,32,TREE,SIMPLE,32,0,TREE,A_flag_ceiling
all_reduce_perf,2,16,536870912,134217728,float,sum,3234.48,165.98,311.22,0,3246.51,165.37,310.07,0,TREE,SIMPLE,32,TREE,SIMPLE,32,0,TREE,A_flag_ceiling
all_reduce_perf,2,16,4096,1024,float,sum,39.57,0.1,0.19,0,39.02,0.1,0.2,0,TREE,LL,32,TREE,LL,32,0,TREE,A_flag_ceiling
all_reduce_perf,2,16,8192,2048,float,sum,41.93,0.2,0.37,0,39.28,0.21,0.39,0,TREE,LL,32,TREE,LL,32,0,TREE,A_flag_ceiling
all_reduce_perf,2,16,16384,4096,float,sum,40.69,0.4,0.75,0,39.85,0.41,0.77,0,TREE,LL,32,TREE,LL,32,0,TREE,A_flag_ceiling
all_reduce_perf,2,16,32768,8192,float,sum,43.06,0.76,1.43,0,41.45,0.79,1.48,0,TREE,LL,32,TREE,LL,32,0,TREE,A_flag_ceiling
all_reduce_perf,2,16,65536,16384,float,sum,45.09,1.45,2.73,0,43.93,1.49,2.8,0,TREE,LL,32,TREE,LL,32,0,TREE,A_flag_ceiling
all_reduce_perf,2,16,131072,32768,float,sum,50.31,2.61,4.88,0,50.17,2.61,4.9,0,TREE,LL,32,TREE,LL,32,0,TREE,A_flag_ceiling
all_reduce_perf,2,16,262144,65536,float,sum,61.42,4.27,8.0,0,61.09,4.29,8.05,0,TREE,LL,32,TREE,LL,32,0,TREE,A_flag_ceiling
all_reduce_perf,2,16,524288,131072,float,sum,80.45,6.52,12.22,0,80.94,6.48,12.14,0,TREE,LL,32,TREE,LL,32,0,TREE,A_flag_ceiling
all_reduce_perf,2,16,1048576,262144,float,sum,99.77,10.51,19.71,0,96.63,10.85,20.35,0,TREE,LL,32,TREE,LL,32,0,TREE,A_flag_ceiling
all_reduce_perf,2,16,2097152,524288,float,sum,128.4,16.33,30.62,0,124.31,16.87,31.63,0,TREE,LL,32,TREE,LL,32,0,TREE,A_flag_ceiling
all_reduce_perf,2,16,4194304,1048576,float,sum,184.44,22.74,42.64,0,179.55,23.36,43.8,0,TREE,LL,32,TREE,LL,32,0,TREE,A_flag_ceiling
all_reduce_perf,2,16,8388608,2097152,float,sum,312.01,26.89,50.41,0,308.62,27.18,50.97,0,TREE,LL,32,TREE,LL,32,0,TREE,A_flag_ceiling
all_reduce_perf,2,16,16777216,4194304,float,sum,544.05,30.84,57.82,0,538.5,31.16,58.42,0,TREE,LL,32,TREE,LL,32,0,TREE,A_flag_ceiling
all_reduce_perf,2,16,33554432,8388608,float,sum,996.37,33.68,63.14,0,995.94,33.69,63.17,0,TREE,LL,32,TREE,LL,32,0,TREE,A_flag_ceiling
all_reduce_perf,2,16,67108864,16777216,float,sum,1883.34,35.63,66.81,0,1889.8,35.51,66.58,0,TREE,LL,32,TREE,LL,32,0,TREE,A_flag_ceiling
all_reduce_perf,2,16,134217728,33554432,float,sum,3675.81,36.51,68.46,0,3672.23,36.55,68.53,0,TREE,LL,32,TREE,LL,32,0,TREE,A_flag_ceiling
all_reduce_perf,2,16,268435456,67108864,float,sum,7231.71,37.12,69.6,0,7212.27,37.22,69.79,0,TREE,LL,32,TREE,LL,32,0,TREE,A_flag_ceiling
all_reduce_perf,2,16,536870912,134217728,float,sum,14291.3,37.57,70.44,0,14289.6,37.57,70.45,0,TREE,LL,32,TREE,LL,32,0,TREE,A_flag_ceiling
all_reduce_perf,2,16,4096,1024,float,sum,46.38,0.09,0.17,0,45.75,0.09,0.17,0,TREE,LL128,32,TREE,LL128,32,0,TREE,A_flag_ceiling
all_reduce_perf,2,16,8192,2048,float,sum,48.15,0.17,0.32,0,47.66,0.17,0.32,0,TREE,LL128,32,TREE,LL128,32,0,TREE,A_flag_ceiling
all_reduce_perf,2,16,16384,4096,float,sum,48.6,0.34,0.63,0,48.07,0.34,0.64,0,TREE,LL128,32,TREE,LL128,32,0,TREE,A_flag_ceiling
all_reduce_perf,2,16,32768,8192,float,sum,51.58,0.64,1.19,0,48.61,0.67,1.26,0,TREE,LL128,32,TREE,LL128,32,0,TREE,A_flag_ceiling
all_reduce_perf,2,16,65536,16384,float,sum,52.07,1.26,2.36,0,49.44,1.33,2.49,0,TREE,LL128,32,TREE,LL128,32,0,TREE,A_flag_ceiling
all_reduce_perf,2,16,131072,32768,float,sum,57.58,2.28,4.27,0,51.05,2.57,4.81,0,TREE,LL128,32,TREE,LL128,32,0,TREE,A_flag_ceiling
all_reduce_perf,2,16,262144,65536,float,sum,53.93,4.86,9.11,0,54.65,4.8,8.99,0,TREE,LL128,32,TREE,LL128,32,0,TREE,A_flag_ceiling
all_reduce_perf,2,16,524288,131072,float,sum,58.65,8.94,16.76,0,58.82,8.91,16.71,0,TREE,LL128,32,TREE,LL128,32,0,TREE,A_flag_ceiling
all_reduce_perf,2,16,1048576,262144,float,sum,65.46,16.02,30.03,0,65.53,16.0,30.0,0,TREE,LL128,32,TREE,LL128,32,0,TREE,A_flag_ceiling
all_reduce_perf,2,16,2097152,524288,float,sum,74.2,28.26,52.99,0,73.97,28.35,53.16,0,TREE,LL128,32,TREE,LL128,32,0,TREE,A_flag_ceiling
all_reduce_perf,2,16,4194304,1048576,float,sum,94.88,44.2,82.88,0,88.97,47.14,88.39,0,TREE,LL128,32,TREE,LL128,32,0,TREE,A_flag_ceiling
all_reduce_perf,2,16,8388608,2097152,float,sum,123.7,67.82,127.16,0,119.98,69.91,131.09,0,TREE,LL128,32,TREE,LL128,32,0,TREE,A_flag_ceiling
all_reduce_perf,2,16,16777216,4194304,float,sum,188.61,88.95,166.79,0,187.13,89.66,168.1,0,TREE,LL128,32,TREE,LL128,32,0,TREE,A_flag_ceiling
all_reduce_perf,2,16,33554432,8388608,float,sum,328.81,102.05,191.34,0,327.92,102.33,191.86,0,TREE,LL128,32,TREE,LL128,32,0,TREE,A_flag_ceiling
all_reduce_perf,2,16,67108864,16777216,float,sum,594.15,112.95,211.78,0,597.75,112.27,210.5,0,TREE,LL128,32,TREE,LL128,32,0,TREE,A_flag_ceiling
all_reduce_perf,2,16,134217728,33554432,float,sum,1130.06,118.77,222.69,0,1126.44,119.15,223.41,0,TREE,LL128,32,TREE,LL128,32,0,TREE,A_flag_ceiling
all_reduce_perf,2,16,268435456,67108864,float,sum,2164.73,124.0,232.51,0,2169.91,123.71,231.95,0,TREE,LL128,32,TREE,LL128,32,0,TREE,A_flag_ceiling
all_reduce_perf,2,16,536870912,134217728,float,sum,4214.36,127.39,238.86,0,4213.38,127.42,238.91,0,TREE,LL128,32,TREE,LL128,32,0,TREE,A_flag_ceiling
all_reduce_perf,2,16,4096,1024,float,sum,72.31,0.06,0.11,0,68.46,0.06,0.11,0,TREE,SIMPLE,40,TREE,SIMPLE,40,0,TREE,A_flag_ceiling
all_reduce_perf,2,16,8192,2048,float,sum,72.46,0.11,0.21,0,74.13,0.11,0.21,0,TREE,SIMPLE,40,TREE,SIMPLE,40,0,TREE,A_flag_ceiling
all_reduce_perf,2,16,16384,4096,float,sum,76.31,0.21,0.4,0,71.9,0.23,0.43,0,TREE,SIMPLE,40,TREE,SIMPLE,40,0,TREE,A_flag_ceiling
all_reduce_perf,2,16,32768,8192,float,sum,74.04,0.44,0.83,0,71.55,0.46,0.86,0,TREE,SIMPLE,40,TREE,SIMPLE,40,0,TREE,A_flag_ceiling
all_reduce_perf,2,16,65536,16384,float,sum,76.35,0.86,1.61,0,71.98,0.91,1.71,0,TREE,SIMPLE,40,TREE,SIMPLE,40,0,TREE,A_flag_ceiling
all_reduce_perf,2,16,131072,32768,float,sum,75.01,1.75,3.28,0,74.3,1.76,3.31,0,TREE,SIMPLE,40,TREE,SIMPLE,40,0,TREE,A_flag_ceiling
all_reduce_perf,2,16,262144,65536,float,sum,83.99,3.12,5.85,0,76.9,3.41,6.39,0,TREE,SIMPLE,40,TREE,SIMPLE,40,0,TREE,A_flag_ceiling
all_reduce_perf,2,16,524288,131072,float,sum,89.15,5.88,11.03,0,83.86,6.25,11.72,0,TREE,SIMPLE,40,TREE,SIMPLE,40,0,TREE,A_flag_ceiling
all_reduce_perf,2,16,1048576,262144,float,sum,108.11,9.7,18.19,0,102.65,10.21,19.15,0,TREE,SIMPLE,40,TREE,SIMPLE,40,0,TREE,A_flag_ceiling
all_reduce_perf,2,16,2097152,524288,float,sum,117.49,17.85,33.47,0,114.64,18.29,34.3,0,TREE,SIMPLE,40,TREE,SIMPLE,40,0,TREE,A_flag_ceiling
all_reduce_perf,2,16,4194304,1048576,float,sum,143.13,29.3,54.94,0,135.42,30.97,58.07,0,TREE,SIMPLE,40,TREE,SIMPLE,40,0,TREE,A_flag_ceiling
all_reduce_perf,2,16,8388608,2097152,float,sum,173.34,48.39,90.74,0,167.18,50.18,94.08,0,TREE,SIMPLE,40,TREE,SIMPLE,40,0,TREE,A_flag_ceiling
all_reduce_perf,2,16,16777216,4194304,float,sum,242.37,69.22,129.79,0,236.94,70.81,132.76,0,TREE,SIMPLE,40,TREE,SIMPLE,40,0,TREE,A_flag_ceiling
all_reduce_perf,2,16,33554432,8388608,float,sum,344.92,97.28,182.4,0,340.58,98.52,184.73,0,TREE,SIMPLE,40,TREE,SIMPLE,40,0,TREE,A_flag_ceiling
all_reduce_perf,2,16,67108864,16777216,float,sum,547.06,122.67,230.01,0,544.09,123.34,231.26,0,TREE,SIMPLE,40,TREE,SIMPLE,40,0,TREE,A_flag_ceiling
all_reduce_perf,2,16,134217728,33554432,float,sum,946.34,141.83,265.93,0,951.82,141.01,264.4,0,TREE,SIMPLE,40,TREE,SIMPLE,40,0,TREE,A_flag_ceiling
all_reduce_perf,2,16,268435456,67108864,float,sum,1665.63,161.16,302.18,0,1659.37,161.77,303.32,0,TREE,SIMPLE,40,TREE,SIMPLE,40,0,TREE,A_flag_ceiling
all_reduce_perf,2,16,536870912,134217728,float,sum,3109.16,172.67,323.76,0,3092.9,173.58,325.47,0,TREE,SIMPLE,40,TREE,SIMPLE,40,0,TREE,A_flag_ceiling
all_reduce_perf,2,16,4096,1024,float,sum,39.48,0.1,0.19,0,39.54,0.1,0.19,0,TREE,LL,40,TREE,LL,40,0,TREE,A_flag_ceiling
all_reduce_perf,2,16,8192,2048,float,sum,42.42,0.19,0.36,0,39.05,0.21,0.39,0,TREE,LL,40,TREE,LL,40,0,TREE,A_flag_ceiling
all_reduce_perf,2,16,16384,4096,float,sum,43.46,0.38,0.71,0,39.75,0.41,0.77,0,TREE,LL,40,TREE,LL,40,0,TREE,A_flag_ceiling
all_reduce_perf,2,16,32768,8192,float,sum,42.78,0.77,1.44,0,40.47,0.81,1.52,0,TREE,LL,40,TREE,LL,40,0,TREE,A_flag_ceiling
all_reduce_perf,2,16,65536,16384,float,sum,45.71,1.43,2.69,0,44.65,1.47,2.75,0,TREE,LL,40,TREE,LL,40,0,TREE,A_flag_ceiling
all_reduce_perf,2,16,131072,32768,float,sum,52.7,2.49,4.66,0,49.77,2.63,4.94,0,TREE,LL,40,TREE,LL,40,0,TREE,A_flag_ceiling
all_reduce_perf,2,16,262144,65536,float,sum,62.98,4.16,7.8,0,60.85,4.31,8.08,0,TREE,LL,40,TREE,LL,40,0,TREE,A_flag_ceiling
all_reduce_perf,2,16,524288,131072,float,sum,77.63,6.75,12.66,0,77.54,6.76,12.68,0,TREE,LL,40,TREE,LL,40,0,TREE,A_flag_ceiling
all_reduce_perf,2,16,1048576,262144,float,sum,96.48,10.87,20.38,0,93.4,11.23,21.05,0,TREE,LL,40,TREE,LL,40,0,TREE,A_flag_ceiling
all_reduce_perf,2,16,2097152,524288,float,sum,122.1,17.18,32.2,0,117.74,17.81,33.4,0,TREE,LL,40,TREE,LL,40,0,TREE,A_flag_ceiling
all_reduce_perf,2,16,4194304,1048576,float,sum,171.37,24.47,45.89,0,163.79,25.61,48.01,0,TREE,LL,40,TREE,LL,40,0,TREE,A_flag_ceiling
all_reduce_perf,2,16,8388608,2097152,float,sum,281.96,29.75,55.78,0,280.47,29.91,56.08,0,TREE,LL,40,TREE,LL,40,0,TREE,A_flag_ceiling
all_reduce_perf,2,16,16777216,4194304,float,sum,501.09,33.48,62.78,0,494.08,33.96,63.67,0,TREE,LL,40,TREE,LL,40,0,TREE,A_flag_ceiling
all_reduce_perf,2,16,33554432,8388608,float,sum,925.34,36.26,67.99,0,921.72,36.4,68.26,0,TREE,LL,40,TREE,LL,40,0,TREE,A_flag_ceiling
all_reduce_perf,2,16,67108864,16777216,float,sum,1767.1,37.98,71.21,0,1767.01,37.98,71.21,0,TREE,LL,40,TREE,LL,40,0,TREE,A_flag_ceiling
all_reduce_perf,2,16,134217728,33554432,float,sum,3369.86,39.83,74.68,0,3340.97,40.17,75.32,0,TREE,LL,40,TREE,LL,40,0,TREE,A_flag_ceiling
all_reduce_perf,2,16,268435456,67108864,float,sum,6581.34,40.79,76.48,0,6573.46,40.84,76.57,0,TREE,LL,40,TREE,LL,40,0,TREE,A_flag_ceiling
all_reduce_perf,2,16,536870912,134217728,float,sum,13053.7,41.13,77.11,0,13045.3,41.15,77.16,0,TREE,LL,40,TREE,LL,40,0,TREE,A_flag_ceiling
all_reduce_perf,2,16,4096,1024,float,sum,46.85,0.09,0.16,0,45.77,0.09,0.17,0,TREE,LL128,40,TREE,LL128,40,0,TREE,A_flag_ceiling
all_reduce_perf,2,16,8192,2048,float,sum,49.44,0.17,0.31,0,47.43,0.17,0.32,0,TREE,LL128,40,TREE,LL128,40,0,TREE,A_flag_ceiling
all_reduce_perf,2,16,16384,4096,float,sum,48.95,0.33,0.63,0,48.23,0.34,0.64,0,TREE,LL128,40,TREE,LL128,40,0,TREE,A_flag_ceiling
all_reduce_perf,2,16,32768,8192,float,sum,51.08,0.64,1.2,0,48.57,0.67,1.27,0,TREE,LL128,40,TREE,LL128,40,0,TREE,A_flag_ceiling
all_reduce_perf,2,16,65536,16384,float,sum,50.03,1.31,2.46,0,49.36,1.33,2.49,0,TREE,LL128,40,TREE,LL128,40,0,TREE,A_flag_ceiling
all_reduce_perf,2,16,131072,32768,float,sum,53.83,2.43,4.57,0,51.18,2.56,4.8,0,TREE,LL128,40,TREE,LL128,40,0,TREE,A_flag_ceiling
all_reduce_perf,2,16,262144,65536,float,sum,56.56,4.63,8.69,0,56.64,4.63,8.68,0,TREE,LL128,40,TREE,LL128,40,0,TREE,A_flag_ceiling
all_reduce_perf,2,16,524288,131072,float,sum,59.67,8.79,16.47,0,58.64,8.94,16.76,0,TREE,LL128,40,TREE,LL128,40,0,TREE,A_flag_ceiling
all_reduce_perf,2,16,1048576,262144,float,sum,68.65,15.27,28.64,0,66.3,15.82,29.66,0,TREE,LL128,40,TREE,LL128,40,0,TREE,A_flag_ceiling
all_reduce_perf,2,16,2097152,524288,float,sum,91.04,23.03,43.19,0,73.93,28.37,53.19,0,TREE,LL128,40,TREE,LL128,40,0,TREE,A_flag_ceiling
all_reduce_perf,2,16,4194304,1048576,float,sum,91.97,45.61,85.51,0,86.49,48.5,90.93,0,TREE,LL128,40,TREE,LL128,40,0,TREE,A_flag_ceiling
all_reduce_perf,2,16,8388608,2097152,float,sum,115.8,72.44,135.82,0,112.16,74.79,140.24,0,TREE,LL128,40,TREE,LL128,40,0,TREE,A_flag_ceiling
all_reduce_perf,2,16,16777216,4194304,float,sum,170.72,98.27,184.26,0,170.18,98.58,184.84,0,TREE,LL128,40,TREE,LL128,40,0,TREE,A_flag_ceiling
all_reduce_perf,2,16,33554432,8388608,float,sum,299.42,112.06,210.12,0,296.44,113.19,212.23,0,TREE,LL128,40,TREE,LL128,40,0,TREE,A_flag_ceiling
all_reduce_perf,2,16,67108864,16777216,float,sum,540.34,124.2,232.87,0,539.39,124.42,233.28,0,TREE,LL128,40,TREE,LL128,40,0,TREE,A_flag_ceiling
all_reduce_perf,2,16,134217728,33554432,float,sum,1017.83,131.87,247.25,0,1013.16,132.47,248.39,0,TREE,LL128,40,TREE,LL128,40,0,TREE,A_flag_ceiling
all_reduce_perf,2,16,268435456,67108864,float,sum,1938.74,138.46,259.61,0,1932.36,138.92,260.47,0,TREE,LL128,40,TREE,LL128,40,0,TREE,A_flag_ceiling
all_reduce_perf,2,16,536870912,134217728,float,sum,3757.6,142.88,267.89,0,3753.76,143.02,268.17,0,TREE,LL128,40,TREE,LL128,40,0,TREE,A_flag_ceiling
all_reduce_perf,2,16,4096,1024,float,sum,71.74,0.06,0.11,0,72.21,0.06,0.11,0,TREE,SIMPLE,48,TREE,SIMPLE,48,0,TREE,A_flag_ceiling
all_reduce_perf,2,16,8192,2048,float,sum,73.5,0.11,0.21,0,71.49,0.11,0.21,0,TREE,SIMPLE,48,TREE,SIMPLE,48,0,TREE,A_flag_ceiling
all_reduce_perf,2,16,16384,4096,float,sum,73.47,0.22,0.42,0,71.38,0.23,0.43,0,TREE,SIMPLE,48,TREE,SIMPLE,48,0,TREE,A_flag_ceiling
all_reduce_perf,2,16,32768,8192,float,sum,76.61,0.43,0.8,0,71.84,0.46,0.86,0,TREE,SIMPLE,48,TREE,SIMPLE,48,0,TREE,A_flag_ceiling
all_reduce_perf,2,16,65536,16384,float,sum,74.55,0.88,1.65,0,71.55,0.92,1.72,0,TREE,SIMPLE,48,TREE,SIMPLE,48,0,TREE,A_flag_ceiling
all_reduce_perf,2,16,131072,32768,float,sum,74.97,1.75,3.28,0,75.04,1.75,3.28,0,TREE,SIMPLE,48,TREE,SIMPLE,48,0,TREE,A_flag_ceiling
all_reduce_perf,2,16,262144,65536,float,sum,78.94,3.32,6.23,0,77.17,3.4,6.37,0,TREE,SIMPLE,48,TREE,SIMPLE,48,0,TREE,A_flag_ceiling
all_reduce_perf,2,16,524288,131072,float,sum,87.87,5.97,11.19,0,83.64,6.27,11.75,0,TREE,SIMPLE,48,TREE,SIMPLE,48,0,TREE,A_flag_ceiling
all_reduce_perf,2,16,1048576,262144,float,sum,103.58,10.12,18.98,0,98.83,10.61,19.89,0,TREE,SIMPLE,48,TREE,SIMPLE,48,0,TREE,A_flag_ceiling
all_reduce_perf,2,16,2097152,524288,float,sum,131.53,15.94,29.9,0,115.33,18.18,34.1,0,TREE,SIMPLE,48,TREE,SIMPLE,48,0,TREE,A_flag_ceiling
all_reduce_perf,2,16,4194304,1048576,float,sum,138.26,30.34,56.88,0,130.24,32.2,60.38,0,TREE,SIMPLE,48,TREE,SIMPLE,48,0,TREE,A_flag_ceiling
all_reduce_perf,2,16,8388608,2097152,float,sum,166.41,50.41,94.52,0,161.17,52.05,97.59,0,TREE,SIMPLE,48,TREE,SIMPLE,48,0,TREE,A_flag_ceiling
all_reduce_perf,2,16,16777216,4194304,float,sum,228.95,73.28,137.4,0,224.25,74.81,140.28,0,TREE,SIMPLE,48,TREE,SIMPLE,48,0,TREE,A_flag_ceiling
all_reduce_perf,2,16,33554432,8388608,float,sum,327.58,102.43,192.06,0,325.2,103.18,193.46,0,TREE,SIMPLE,48,TREE,SIMPLE,48,0,TREE,A_flag_ceiling
all_reduce_perf,2,16,67108864,16777216,float,sum,517.06,129.79,243.35,0,514.43,130.45,244.6,0,TREE,SIMPLE,48,TREE,SIMPLE,48,0,TREE,A_flag_ceiling
all_reduce_perf,2,16,134217728,33554432,float,sum,883.77,151.87,284.76,0,890.57,150.71,282.58,0,TREE,SIMPLE,48,TREE,SIMPLE,48,0,TREE,A_flag_ceiling
all_reduce_perf,2,16,268435456,67108864,float,sum,1619.08,165.8,310.87,0,1615.36,166.18,311.58,0,TREE,SIMPLE,48,TREE,SIMPLE,48,0,TREE,A_flag_ceiling
all_reduce_perf,2,16,536870912,134217728,float,sum,3023.36,177.57,332.95,0,3019.74,177.79,333.35,0,TREE,SIMPLE,48,TREE,SIMPLE,48,0,TREE,A_flag_ceiling
all_reduce_perf,2,16,4096,1024,float,sum,38.94,0.11,0.2,0,38.23,0.11,0.2,0,TREE,LL,48,TREE,LL,48,0,TREE,A_flag_ceiling
all_reduce_perf,2,16,8192,2048,float,sum,40.23,0.2,0.38,0,39.39,0.21,0.39,0,TREE,LL,48,TREE,LL,48,0,TREE,A_flag_ceiling
all_reduce_perf,2,16,16384,4096,float,sum,42.88,0.38,0.72,0,39.79,0.41,0.77,0,TREE,LL,48,TREE,LL,48,0,TREE,A_flag_ceiling
all_reduce_perf,2,16,32768,8192,float,sum,41.04,0.8,1.5,0,40.2,0.82,1.53,0,TREE,LL,48,TREE,LL,48,0,TREE,A_flag_ceiling
all_reduce_perf,2,16,65536,16384,float,sum,46.15,1.42,2.66,0,43.42,1.51,2.83,0,TREE,LL,48,TREE,LL,48,0,TREE,A_flag_ceiling
all_reduce_perf,2,16,131072,32768,float,sum,52.33,2.5,4.7,0,49.82,2.63,4.93,0,TREE,LL,48,TREE,LL,48,0,TREE,A_flag_ceiling
all_reduce_perf,2,16,262144,65536,float,sum,58.33,4.49,8.43,0,57.52,4.56,8.55,0,TREE,LL,48,TREE,LL,48,0,TREE,A_flag_ceiling
all_reduce_perf,2,16,524288,131072,float,sum,75.85,6.91,12.96,0,73.48,7.13,13.38,0,TREE,LL,48,TREE,LL,48,0,TREE,A_flag_ceiling
all_reduce_perf,2,16,1048576,262144,float,sum,93.89,11.17,20.94,0,91.47,11.46,21.49,0,TREE,LL,48,TREE,LL,48,0,TREE,A_flag_ceiling
all_reduce_perf,2,16,2097152,524288,float,sum,116.74,17.96,33.68,0,112.62,18.62,34.91,0,TREE,LL,48,TREE,LL,48,0,TREE,A_flag_ceiling
all_reduce_perf,2,16,4194304,1048576,float,sum,158.3,26.5,49.68,0,152.78,27.45,51.47,0,TREE,LL,48,TREE,LL,48,0,TREE,A_flag_ceiling
all_reduce_perf,2,16,8388608,2097152,float,sum,266.51,31.48,59.02,0,265.4,31.61,59.26,0,TREE,LL,48,TREE,LL,48,0,TREE,A_flag_ceiling
all_reduce_perf,2,16,16777216,4194304,float,sum,461.82,36.33,68.12,0,461.05,36.39,68.23,0,TREE,LL,48,TREE,LL,48,0,TREE,A_flag_ceiling
all_reduce_perf,2,16,33554432,8388608,float,sum,876.62,38.28,71.77,0,874.63,38.36,71.93,0,TREE,LL,48,TREE,LL,48,0,TREE,A_flag_ceiling
all_reduce_perf,2,16,67108864,16777216,float,sum,1672.62,40.12,75.23,0,1675.27,40.06,75.11,0,TREE,LL,48,TREE,LL,48,0,TREE,A_flag_ceiling
all_reduce_perf,2,16,134217728,33554432,float,sum,3360.81,39.94,74.88,0,3286.31,40.84,76.58,0,TREE,LL,48,TREE,LL,48,0,TREE,A_flag_ceiling
all_reduce_perf,2,16,268435456,67108864,float,sum,6435.4,41.71,78.21,0,6441.56,41.67,78.14,0,TREE,LL,48,TREE,LL,48,0,TREE,A_flag_ceiling
all_reduce_perf,2,16,536870912,134217728,float,sum,12775.2,42.02,78.8,0,12767.5,42.05,78.84,0,TREE,LL,48,TREE,LL,48,0,TREE,A_flag_ceiling
all_reduce_perf,2,16,4096,1024,float,sum,46.65,0.09,0.16,0,48.88,0.08,0.16,0,TREE,LL128,48,TREE,LL128,48,0,TREE,A_flag_ceiling
all_reduce_perf,2,16,8192,2048,float,sum,50.75,0.16,0.3,0,48.04,0.17,0.32,0,TREE,LL128,48,TREE,LL128,48,0,TREE,A_flag_ceiling
all_reduce_perf,2,16,16384,4096,float,sum,50.64,0.32,0.61,0,47.83,0.34,0.64,0,TREE,LL128,48,TREE,LL128,48,0,TREE,A_flag_ceiling
all_reduce_perf,2,16,32768,8192,float,sum,51.92,0.63,1.18,0,48.94,0.67,1.26,0,TREE,LL128,48,TREE,LL128,48,0,TREE,A_flag_ceiling
all_reduce_perf,2,16,65536,16384,float,sum,51.73,1.27,2.38,0,50.04,1.31,2.46,0,TREE,LL128,48,TREE,LL128,48,0,TREE,A_flag_ceiling
all_reduce_perf,2,16,131072,32768,float,sum,52.55,2.49,4.68,0,51.38,2.55,4.78,0,TREE,LL128,48,TREE,LL128,48,0,TREE,A_flag_ceiling
all_reduce_perf,2,16,262144,65536,float,sum,59.6,4.4,8.25,0,53.56,4.89,9.18,0,TREE,LL128,48,TREE,LL128,48,0,TREE,A_flag_ceiling
all_reduce_perf,2,16,524288,131072,float,sum,62.21,8.43,15.8,0,58.81,8.92,16.72,0,TREE,LL128,48,TREE,LL128,48,0,TREE,A_flag_ceiling
all_reduce_perf,2,16,1048576,262144,float,sum,67.34,15.57,29.19,0,65.3,16.06,30.11,0,TREE,LL128,48,TREE,LL128,48,0,TREE,A_flag_ceiling
all_reduce_perf,2,16,2097152,524288,float,sum,71.7,29.25,54.84,0,72.52,28.92,54.22,0,TREE,LL128,48,TREE,LL128,48,0,TREE,A_flag_ceiling
all_reduce_perf,2,16,4194304,1048576,float,sum,85.02,49.33,92.49,0,84.35,49.73,93.24,0,TREE,LL128,48,TREE,LL128,48,0,TREE,A_flag_ceiling
all_reduce_perf,2,16,8388608,2097152,float,sum,111.87,74.98,140.59,0,110.01,76.25,142.97,0,TREE,LL128,48,TREE,LL128,48,0,TREE,A_flag_ceiling
all_reduce_perf,2,16,16777216,4194304,float,sum,162.44,103.29,193.66,0,161.09,104.15,195.27,0,TREE,LL128,48,TREE,LL128,48,0,TREE,A_flag_ceiling
all_reduce_perf,2,16,33554432,8388608,float,sum,283.95,118.17,221.57,0,281.15,119.35,223.78,0,TREE,LL128,48,TREE,LL128,48,0,TREE,A_flag_ceiling
all_reduce_perf,2,16,67108864,16777216,float,sum,505.06,132.87,249.14,0,504.33,133.07,249.5,0,TREE,LL128,48,TREE,LL128,48,0,TREE,A_flag_ceiling
all_reduce_perf,2,16,134217728,33554432,float,sum,965.82,138.97,260.57,0,963.08,139.36,261.31,0,TREE,LL128,48,TREE,LL128,48,0,TREE,A_flag_ceiling
all_reduce_perf,2,16,268435456,67108864,float,sum,1811.87,148.15,277.79,0,1814.16,147.97,277.44,0,TREE,LL128,48,TREE,LL128,48,0,TREE,A_flag_ceiling
all_reduce_perf,2,16,536870912,134217728,float,sum,3506.42,153.11,287.08,0,3514.34,152.77,286.44,0,TREE,LL128,48,TREE,LL128,48,0,TREE,A_flag_ceiling
all_reduce_perf,2,16,4096,1024,float,sum,39.35,0.1,0.2,0,38.34,0.11,0.2,0,TREE,LL,2,,,,0,TREE,A_flag_ceiling
all_reduce_perf,2,16,8192,2048,float,sum,39.59,0.21,0.39,0,39.03,0.21,0.39,0,TREE,LL,4,,,,0,TREE,A_flag_ceiling
all_reduce_perf,2,16,16384,4096,float,sum,42.66,0.38,0.72,0,39.78,0.41,0.77,0,TREE,LL,8,,,,0,TREE,A_flag_ceiling
all_reduce_perf,2,16,32768,8192,float,sum,43.21,0.76,1.42,0,40.76,0.8,1.51,0,TREE,LL,16,,,,0,TREE,A_flag_ceiling
all_reduce_perf,2,16,65536,16384,float,sum,44.31,1.48,2.77,0,43.86,1.49,2.8,0,TREE,LL,32,,,,0,TREE,A_flag_ceiling
all_reduce_perf,2,16,131072,32768,float,sum,51.31,2.55,4.79,0,50.39,2.6,4.88,0,TREE,LL,48,,,,0,TREE,A_flag_ceiling
all_reduce_perf,2,16,262144,65536,float,sum,59.22,4.43,8.3,0,57.95,4.52,8.48,0,TREE,LL,48,,,,0,TREE,A_flag_ceiling
all_reduce_perf,2,16,524288,131072,float,sum,63.02,8.32,15.6,0,58.49,8.96,16.81,0,TREE,LL128,48,,,,0,TREE,A_flag_ceiling
all_reduce_perf,2,16,1048576,262144,float,sum,66.43,15.78,29.59,0,65.29,16.06,30.11,0,TREE,LL128,48,,,,0,TREE,A_flag_ceiling
all_reduce_perf,2,16,2097152,524288,float,sum,72.22,29.04,54.45,0,72.24,29.03,54.43,0,TREE,LL128,48,,,,0,TREE,A_flag_ceiling
all_reduce_perf,2,16,4194304,1048576,float,sum,84.61,49.57,92.95,0,84.05,49.9,93.56,0,TREE,LL128,48,,,,0,TREE,A_flag_ceiling
all_reduce_perf,2,16,8388608,2097152,float,sum,111.33,75.35,141.28,0,108.75,77.14,144.64,0,TREE,LL128,48,,,,0,TREE,A_flag_ceiling
all_reduce_perf,2,16,16777216,4194304,float,sum,162.22,103.43,193.92,0,163.31,102.73,192.63,0,TREE,LL128,48,,,,0,TREE,A_flag_ceiling
all_reduce_perf,2,16,33554432,8388608,float,sum,286.69,117.04,219.45,0,284.98,117.74,220.77,0,TREE,LL128,48,,,,0,TREE,A_flag_ceiling
all_reduce_perf,2,16,67108864,16777216,float,sum,431.78,155.43,291.42,0,432.54,155.15,290.91,0,RING,LL128,48,,,,0,RING,A_flag_ceiling
all_reduce_perf,2,16,134217728,33554432,float,sum,790.66,169.75,318.29,0,785.81,170.8,320.26,0,RING,SIMPLE,48,,,,0,RING,A_flag_ceiling
all_reduce_perf,2,16,268435456,67108864,float,sum,1359.65,197.43,370.18,0,1359.76,197.41,370.15,0,RING,SIMPLE,48,,,,0,RING,A_flag_ceiling
all_reduce_perf,2,16,536870912,134217728,float,sum,2687.89,199.74,374.51,0,2685.54,199.91,374.83,0,RING,SIMPLE,48,,,,0,RING,A_flag_ceiling
