collective,num_nodes,num_gpus,size_bytes,count,data_type,redop,time_oop_us,algbw_oop,busbw_oop,errors_oop,time_ip_us,algbw_ip,busbw_ip,errors_ip,algo,proto,nchannels,requested_algo,requested_proto,requested_nchannels,substituted,measured_algo_raw,nchannels_source
all_reduce_perf,3,24,4096,1024,float,sum,515.22,0.01,0.02,0,511.06,0.01,0.02,0,RING,SIMPLE,1,RING,SIMPLE,1,0,RING,A_flag_ceiling
all_reduce_perf,3,24,8192,2048,float,sum,662.7,0.01,0.02,0,511.11,0.02,0.03,0,RING,SIMPLE,1,RING,SIMPLE,1,0,RING,A_flag_ceiling
all_reduce_perf,3,24,16384,4096,float,sum,513.74,0.03,0.06,0,511.77,0.03,0.06,0,RING,SIMPLE,1,RING,SIMPLE,1,0,RING,A_flag_ceiling
all_reduce_perf,3,24,32768,8192,float,sum,821.11,0.04,0.08,0,516.84,0.06,0.12,0,RING,SIMPLE,1,RING,SIMPLE,1,0,RING,A_flag_ceiling
all_reduce_perf,3,24,65536,16384,float,sum,526.47,0.12,0.24,0,525.35,0.12,0.24,0,RING,SIMPLE,1,RING,SIMPLE,1,0,RING,A_flag_ceiling
all_reduce_perf,3,24,131072,32768,float,sum,529.97,0.25,0.47,0,527.74,0.25,0.48,0,RING,SIMPLE,1,RING,SIMPLE,1,0,RING,A_flag_ceiling
all_reduce_perf,3,24,262144,65536,float,sum,534.42,0.49,0.94,0,533.73,0.49,0.94,0,RING,SIMPLE,1,RING,SIMPLE,1,0,RING,A_flag_ceiling
all_reduce_perf,3,24,524288,131072,float,sum,563.45,0.93,1.78,0,559.75,0.94,1.8,0,RING,SIMPLE,1,RING,SIMPLE,1,0,RING,A_flag_ceiling
all_reduce_perf,3,24,1048576,262144,float,sum,579.07,1.81,3.47,0,574.31,1.83,3.5,0,RING,SIMPLE,1,RING,SIMPLE,1,0,RING,A_flag_ceiling
all_reduce_perf,3,24,2097152,524288,float,sum,629.16,3.33,6.39,0,616.28,3.4,6.52,0,RING,SIMPLE,1,RING,SIMPLE,1,0,RING,A_flag_ceiling
all_reduce_perf,3,24,4194304,1048576,float,sum,867.22,4.84,9.27,0,855.62,4.9,9.4,0,RING,SIMPLE,1,RING,SIMPLE,1,0,RING,A_flag_ceiling
all_reduce_perf,3,24,8388608,2097152,float,sum,1282.12,6.54,12.54,0,1268.68,6.61,12.67,0,RING,SIMPLE,1,RING,SIMPLE,1,0,RING,A_flag_ceiling
all_reduce_perf,3,24,16777216,4194304,float,sum,2419.35,6.93,13.29,0,2408.88,6.96,13.35,0,RING,SIMPLE,1,RING,SIMPLE,1,0,RING,A_flag_ceiling
all_reduce_perf,3,24,33554432,8388608,float,sum,4489.34,7.47,14.33,0,4471.83,7.5,14.38,0,RING,SIMPLE,1,RING,SIMPLE,1,0,RING,A_flag_ceiling
all_reduce_perf,3,24,67108864,16777216,float,sum,8677.49,7.73,14.82,0,8656.42,7.75,14.86,0,RING,SIMPLE,1,RING,SIMPLE,1,0,RING,A_flag_ceiling
all_reduce_perf,3,24,134217728,33554432,float,sum,17057.4,7.87,15.08,0,17020.9,7.89,15.11,0,RING,SIMPLE,1,RING,SIMPLE,1,0,RING,A_flag_ceiling
all_reduce_perf,3,24,268435456,67108864,float,sum,33917.5,7.91,15.17,0,33866.5,7.93,15.19,0,RING,SIMPLE,1,RING,SIMPLE,1,0,RING,A_flag_ceiling
all_reduce_perf,3,24,536870912,134217728,float,sum,67514.1,7.95,15.24,0,67479.0,7.96,15.25,0,RING,SIMPLE,1,RING,SIMPLE,1,0,RING,A_flag_ceiling
all_reduce_perf,3,24,4096,1024,float,sum,134.85,0.03,0.06,0,131.11,0.03,0.06,0,RING,LL,1,RING,LL,1,0,RING,A_flag_ceiling
all_reduce_perf,3,24,8192,2048,float,sum,132.8,0.06,0.12,0,131.68,0.06,0.12,0,RING,LL,1,RING,LL,1,0,RING,A_flag_ceiling
all_reduce_perf,3,24,16384,4096,float,sum,133.59,0.12,0.24,0,136.95,0.12,0.23,0,RING,LL,1,RING,LL,1,0,RING,A_flag_ceiling
all_reduce_perf,3,24,32768,8192,float,sum,135.45,0.24,0.46,0,135.16,0.24,0.46,0,RING,LL,1,RING,LL,1,0,RING,A_flag_ceiling
all_reduce_perf,3,24,65536,16384,float,sum,152.07,0.43,0.83,0,150.91,0.43,0.83,0,RING,LL,1,RING,LL,1,0,RING,A_flag_ceiling
all_reduce_perf,3,24,131072,32768,float,sum,173.4,0.76,1.45,0,175.51,0.75,1.43,0,RING,LL,1,RING,LL,1,0,RING,A_flag_ceiling
all_reduce_perf,3,24,262144,65536,float,sum,263.8,0.99,1.9,0,261.82,1.0,1.92,0,RING,LL,1,RING,LL,1,0,RING,A_flag_ceiling
all_reduce_perf,3,24,524288,131072,float,sum,485.08,1.08,2.07,0,478.15,1.1,2.1,0,RING,LL,1,RING,LL,1,0,RING,A_flag_ceiling
all_reduce_perf,3,24,1048576,262144,float,sum,891.17,1.18,2.26,0,873.46,1.2,2.3,0,RING,LL,1,RING,LL,1,0,RING,A_flag_ceiling
all_reduce_perf,3,24,2097152,524288,float,sum,1738.21,1.21,2.31,0,1707.99,1.23,2.35,0,RING,LL,1,RING,LL,1,0,RING,A_flag_ceiling
all_reduce_perf,3,24,4194304,1048576,float,sum,3425.47,1.22,2.35,0,3353.56,1.25,2.4,0,RING,LL,1,RING,LL,1,0,RING,A_flag_ceiling
all_reduce_perf,3,24,8388608,2097152,float,sum,6811.17,1.23,2.36,0,6709.82,1.25,2.4,0,RING,LL,1,RING,LL,1,0,RING,A_flag_ceiling
all_reduce_perf,3,24,16777216,4194304,float,sum,13625.3,1.23,2.36,0,13506.0,1.24,2.38,0,RING,LL,1,RING,LL,1,0,RING,A_flag_ceiling
all_reduce_perf,3,24,33554432,8388608,float,sum,27205.2,1.23,2.36,0,27120.6,1.24,2.37,0,RING,LL,1,RING,LL,1,0,RING,A_flag_ceiling
all_reduce_perf,3,24,67108864,16777216,float,sum,54491.2,1.23,2.36,0,54258.0,1.24,2.37,0,RING,LL,1,RING,LL,1,0,RING,A_flag_ceiling
all_reduce_perf,3,24,134217728,33554432,float,sum,108901.0,1.23,2.36,0,108709.0,1.23,2.37,0,RING,LL,1,RING,LL,1,0,RING,A_flag_ceiling
all_reduce_perf,3,24,268435456,67108864,float,sum,217790.0,1.23,2.36,0,217184.0,1.24,2.37,0,RING,LL,1,RING,LL,1,0,RING,A_flag_ceiling
all_reduce_perf,3,24,536870912,134217728,float,sum,435928.0,1.23,2.36,0,434799.0,1.23,2.37,0,RING,LL,1,RING,LL,1,0,RING,A_flag_ceiling
all_reduce_perf,3,24,4096,1024,float,sum,149.13,0.03,0.05,0,148.27,0.03,0.05,0,RING,LL128,1,RING,LL128,1,0,RING,A_flag_ceiling
all_reduce_perf,3,24,8192,2048,float,sum,149.34,0.05,0.11,0,148.24,0.06,0.11,0,RING,LL128,1,RING,LL128,1,0,RING,A_flag_ceiling
all_reduce_perf,3,24,16384,4096,float,sum,148.33,0.11,0.21,0,147.43,0.11,0.21,0,RING,LL128,1,RING,LL128,1,0,RING,A_flag_ceiling
all_reduce_perf,3,24,32768,8192,float,sum,148.84,0.22,0.42,0,147.9,0.22,0.42,0,RING,LL128,1,RING,LL128,1,0,RING,A_flag_ceiling
all_reduce_perf,3,24,65536,16384,float,sum,148.89,0.44,0.84,0,148.25,0.44,0.85,0,RING,LL128,1,RING,LL128,1,0,RING,A_flag_ceiling
all_reduce_perf,3,24,131072,32768,float,sum,155.04,0.85,1.62,0,155.02,0.85,1.62,0,RING,LL128,1,RING,LL128,1,0,RING,A_flag_ceiling
all_reduce_perf,3,24,262144,65536,float,sum,162.57,1.61,3.09,0,161.57,1.62,3.11,0,RING,LL128,1,RING,LL128,1,0,RING,A_flag_ceiling
all_reduce_perf,3,24,524288,131072,float,sum,179.47,2.92,5.6,0,174.25,3.01,5.77,0,RING,LL128,1,RING,LL128,1,0,RING,A_flag_ceiling
all_reduce_perf,3,24,1048576,262144,float,sum,257.3,4.08,7.81,0,250.85,4.18,8.01,0,RING,LL128,1,RING,LL128,1,0,RING,A_flag_ceiling
all_reduce_perf,3,24,2097152,524288,float,sum,445.72,4.71,9.02,0,434.86,4.82,9.24,0,RING,LL128,1,RING,LL128,1,0,RING,A_flag_ceiling
all_reduce_perf,3,24,4194304,1048576,float,sum,831.03,5.05,9.67,0,803.3,5.22,10.01,0,RING,LL128,1,RING,LL128,1,0,RING,A_flag_ceiling
all_reduce_perf,3,24,8388608,2097152,float,sum,1619.77,5.18,9.93,0,1576.96,5.32,10.2,0,RING,LL128,1,RING,LL128,1,0,RING,A_flag_ceiling
all_reduce_perf,3,24,16777216,4194304,float,sum,3206.12,5.23,10.03,0,3147.07,5.33,10.22,0,RING,LL128,1,RING,LL128,1,0,RING,A_flag_ceiling
all_reduce_perf,3,24,33554432,8388608,float,sum,6385.37,5.25,10.07,0,6300.23,5.33,10.21,0,RING,LL128,1,RING,LL128,1,0,RING,A_flag_ceiling
all_reduce_perf,3,24,67108864,16777216,float,sum,12738.7,5.27,10.1,0,12657.0,5.3,10.16,0,RING,LL128,1,RING,LL128,1,0,RING,A_flag_ceiling
all_reduce_perf,3,24,134217728,33554432,float,sum,25389.8,5.29,10.13,0,25232.4,5.32,10.2,0,RING,LL128,1,RING,LL128,1,0,RING,A_flag_ceiling
all_reduce_perf,3,24,268435456,67108864,float,sum,50742.8,5.29,10.14,0,50413.5,5.32,10.21,0,RING,LL128,1,RING,LL128,1,0,RING,A_flag_ceiling
all_reduce_perf,3,24,536870912,134217728,float,sum,101495.0,5.29,10.14,0,100961.0,5.32,10.19,0,RING,LL128,1,RING,LL128,1,0,RING,A_flag_ceiling
all_reduce_perf,3,24,4096,1024,float,sum,521.14,0.01,0.02,0,515.38,0.01,0.02,0,RING,SIMPLE,2,RING,SIMPLE,2,0,RING,A_flag_ceiling
all_reduce_perf,3,24,8192,2048,float,sum,516.38,0.02,0.03,0,515.5,0.02,0.03,0,RING,SIMPLE,2,RING,SIMPLE,2,0,RING,A_flag_ceiling
all_reduce_perf,3,24,16384,4096,float,sum,518.48,0.03,0.06,0,518.86,0.03,0.06,0,RING,SIMPLE,2,RING,SIMPLE,2,0,RING,A_flag_ceiling
all_reduce_perf,3,24,32768,8192,float,sum,521.56,0.06,0.12,0,519.96,0.06,0.12,0,RING,SIMPLE,2,RING,SIMPLE,2,0,RING,A_flag_ceiling
all_reduce_perf,3,24,65536,16384,float,sum,527.27,0.12,0.24,0,525.55,0.12,0.24,0,RING,SIMPLE,2,RING,SIMPLE,2,0,RING,A_flag_ceiling
all_reduce_perf,3,24,131072,32768,float,sum,531.94,0.25,0.47,0,530.09,0.25,0.47,0,RING,SIMPLE,2,RING,SIMPLE,2,0,RING,A_flag_ceiling
all_reduce_perf,3,24,262144,65536,float,sum,531.83,0.49,0.94,0,531.02,0.49,0.95,0,RING,SIMPLE,2,RING,SIMPLE,2,0,RING,A_flag_ceiling
all_reduce_perf,3,24,524288,131072,float,sum,540.43,0.97,1.86,0,538.24,0.97,1.87,0,RING,SIMPLE,2,RING,SIMPLE,2,0,RING,A_flag_ceiling
all_reduce_perf,3,24,1048576,262144,float,sum,565.42,1.85,3.55,0,561.9,1.87,3.58,0,RING,SIMPLE,2,RING,SIMPLE,2,0,RING,A_flag_ceiling
all_reduce_perf,3,24,2097152,524288,float,sum,584.03,3.59,6.88,0,581.69,3.61,6.91,0,RING,SIMPLE,2,RING,SIMPLE,2,0,RING,A_flag_ceiling
all_reduce_perf,3,24,4194304,1048576,float,sum,629.56,6.66,12.77,0,622.78,6.73,12.91,0,RING,SIMPLE,2,RING,SIMPLE,2,0,RING,A_flag_ceiling
all_reduce_perf,3,24,8388608,2097152,float,sum,873.18,9.61,18.41,0,863.27,9.72,18.62,0,RING,SIMPLE,2,RING,SIMPLE,2,0,RING,A_flag_ceiling
all_reduce_perf,3,24,16777216,4194304,float,sum,1298.31,12.92,24.77,0,1293.04,12.97,24.87,0,RING,SIMPLE,2,RING,SIMPLE,2,0,RING,A_flag_ceiling
all_reduce_perf,3,24,33554432,8388608,float,sum,2419.98,13.87,26.58,0,2419.32,13.87,26.58,0,RING,SIMPLE,2,RING,SIMPLE,2,0,RING,A_flag_ceiling
all_reduce_perf,3,24,67108864,16777216,float,sum,4487.18,14.96,28.67,0,4481.68,14.97,28.7,0,RING,SIMPLE,2,RING,SIMPLE,2,0,RING,A_flag_ceiling
all_reduce_perf,3,24,134217728,33554432,float,sum,8660.44,15.5,29.7,0,8678.13,15.47,29.64,0,RING,SIMPLE,2,RING,SIMPLE,2,0,RING,A_flag_ceiling
all_reduce_perf,3,24,268435456,67108864,float,sum,17048.5,15.75,30.18,0,17040.2,15.75,30.19,0,RING,SIMPLE,2,RING,SIMPLE,2,0,RING,A_flag_ceiling
all_reduce_perf,3,24,536870912,134217728,float,sum,33908.2,15.83,30.35,0,33845.0,15.86,30.4,0,RING,SIMPLE,2,RING,SIMPLE,2,0,RING,A_flag_ceiling
all_reduce_perf,3,24,4096,1024,float,sum,133.09,0.03,0.06,0,132.58,0.03,0.06,0,RING,LL,2,RING,LL,2,0,RING,A_flag_ceiling
all_reduce_perf,3,24,8192,2048,float,sum,132.84,0.06,0.12,0,132.84,0.06,0.12,0,RING,LL,2,RING,LL,2,0,RING,A_flag_ceiling
all_reduce_perf,3,24,16384,4096,float,sum,133.46,0.12,0.24,0,133.12,0.12,0.24,0,RING,LL,2,RING,LL,2,0,RING,A_flag_ceiling
all_reduce_perf,3,24,32768,8192,float,sum,134.51,0.24,0.47,0,134.2,0.24,0.47,0,RING,LL,2,RING,LL,2,0,RING,A_flag_ceiling
all_reduce_perf,3,24,65536,16384,float,sum,138.33,0.47,0.91,0,137.06,0.48,0.92,0,RING,LL,2,RING,LL,2,0,RING,A_flag_ceiling
all_reduce_perf,3,24,131072,32768,float,sum,154.95,0.85,1.62,0,154.27,0.85,1.63,0,RING,LL,2,RING,LL,2,0,RING,A_flag_ceiling
all_reduce_perf,3,24,262144,65536,float,sum,175.57,1.49,2.86,0,224.75,1.17,2.24,0,RING,LL,2,RING,LL,2,0,RING,A_flag_ceiling
all_reduce_perf,3,24,524288,131072,float,sum,267.37,1.96,3.76,0,264.58,1.98,3.8,0,RING,LL,2,RING,LL,2,0,RING,A_flag_ceiling
all_reduce_perf,3,24,1048576,262144,float,sum,488.91,2.14,4.11,0,481.91,2.18,4.17,0,RING,LL,2,RING,LL,2,0,RING,A_flag_ceiling
all_reduce_perf,3,24,2097152,524288,float,sum,892.71,2.35,4.5,0,879.18,2.39,4.57,0,RING,LL,2,RING,LL,2,0,RING,A_flag_ceiling
all_reduce_perf,3,24,4194304,1048576,float,sum,1750.79,2.4,4.59,0,1721.0,2.44,4.67,0,RING,LL,2,RING,LL,2,0,RING,A_flag_ceiling
all_reduce_perf,3,24,8388608,2097152,float,sum,3424.72,2.45,4.69,0,3373.63,2.49,4.77,0,RING,LL,2,RING,LL,2,0,RING,A_flag_ceiling
all_reduce_perf,3,24,16777216,4194304,float,sum,6885.21,2.44,4.67,0,6786.3,2.47,4.74,0,RING,LL,2,RING,LL,2,0,RING,A_flag_ceiling
all_reduce_perf,3,24,33554432,8388608,float,sum,13793.7,2.43,4.66,0,13664.8,2.46,4.71,0,RING,LL,2,RING,LL,2,0,RING,A_flag_ceiling
all_reduce_perf,3,24,67108864,16777216,float,sum,27649.5,2.43,4.65,0,27321.7,2.46,4.71,0,RING,LL,2,RING,LL,2,0,RING,A_flag_ceiling
all_reduce_perf,3,24,134217728,33554432,float,sum,55263.4,2.43,4.65,0,54746.6,2.45,4.7,0,RING,LL,2,RING,LL,2,0,RING,A_flag_ceiling
all_reduce_perf,3,24,268435456,67108864,float,sum,110495.0,2.43,4.66,0,109568.0,2.45,4.7,0,RING,LL,2,RING,LL,2,0,RING,A_flag_ceiling
all_reduce_perf,3,24,536870912,134217728,float,sum,221235.0,2.43,4.65,0,219113.0,2.45,4.7,0,RING,LL,2,RING,LL,2,0,RING,A_flag_ceiling
all_reduce_perf,3,24,4096,1024,float,sum,150.01,0.03,0.05,0,151.27,0.03,0.05,0,RING,LL128,2,RING,LL128,2,0,RING,A_flag_ceiling
all_reduce_perf,3,24,8192,2048,float,sum,149.94,0.05,0.1,0,150.97,0.05,0.1,0,RING,LL128,2,RING,LL128,2,0,RING,A_flag_ceiling
all_reduce_perf,3,24,16384,4096,float,sum,152.72,0.11,0.21,0,151.6,0.11,0.21,0,RING,LL128,2,RING,LL128,2,0,RING,A_flag_ceiling
all_reduce_perf,3,24,32768,8192,float,sum,151.59,0.22,0.41,0,151.34,0.22,0.42,0,RING,LL128,2,RING,LL128,2,0,RING,A_flag_ceiling
all_reduce_perf,3,24,65536,16384,float,sum,152.4,0.43,0.82,0,151.79,0.43,0.83,0,RING,LL128,2,RING,LL128,2,0,RING,A_flag_ceiling
all_reduce_perf,3,24,131072,32768,float,sum,152.82,0.86,1.64,0,150.51,0.87,1.67,0,RING,LL128,2,RING,LL128,2,0,RING,A_flag_ceiling
all_reduce_perf,3,24,262144,65536,float,sum,156.14,1.68,3.22,0,155.02,1.69,3.24,0,RING,LL128,2,RING,LL128,2,0,RING,A_flag_ceiling
all_reduce_perf,3,24,524288,131072,float,sum,163.95,3.2,6.13,0,162.43,3.23,6.19,0,RING,LL128,2,RING,LL128,2,0,RING,A_flag_ceiling
all_reduce_perf,3,24,1048576,262144,float,sum,181.34,5.78,11.08,0,176.13,5.95,11.41,0,RING,LL128,2,RING,LL128,2,0,RING,A_flag_ceiling
all_reduce_perf,3,24,2097152,524288,float,sum,258.32,8.12,15.56,0,248.66,8.43,16.16,0,RING,LL128,2,RING,LL128,2,0,RING,A_flag_ceiling
all_reduce_perf,3,24,4194304,1048576,float,sum,450.37,9.31,17.85,0,431.98,9.71,18.61,0,RING,LL128,2,RING,LL128,2,0,RING,A_flag_ceiling
all_reduce_perf,3,24,8388608,2097152,float,sum,837.96,10.01,19.19,0,806.89,10.4,19.93,0,RING,LL128,2,RING,LL128,2,0,RING,A_flag_ceiling
all_reduce_perf,3,24,16777216,4194304,float,sum,1632.11,10.28,19.7,0,1602.04,10.47,20.07,0,RING,LL128,2,RING,LL128,2,0,RING,A_flag_ceiling
all_reduce_perf,3,24,33554432,8388608,float,sum,3194.81,10.5,20.13,0,3178.34,10.56,20.23,0,RING,LL128,2,RING,LL128,2,0,RING,A_flag_ceiling
all_reduce_perf,3,24,67108864,16777216,float,sum,6354.18,10.56,20.24,0,6358.41,10.55,20.23,0,RING,LL128,2,RING,LL128,2,0,RING,A_flag_ceiling
all_reduce_perf,3,24,134217728,33554432,float,sum,12678.8,10.59,20.29,0,12692.0,10.57,20.27,0,RING,LL128,2,RING,LL128,2,0,RING,A_flag_ceiling
all_reduce_perf,3,24,268435456,67108864,float,sum,25321.5,10.6,20.32,0,25347.3,10.59,20.3,0,RING,LL128,2,RING,LL128,2,0,RING,A_flag_ceiling
all_reduce_perf,3,24,536870912,134217728,float,sum,50639.2,10.6,20.32,0,50708.8,10.59,20.29,0,RING,LL128,2,RING,LL128,2,0,RING,A_flag_ceiling
all_reduce_perf,3,24,4096,1024,float,sum,516.53,0.01,0.02,0,517.75,0.01,0.02,0,RING,SIMPLE,4,RING,SIMPLE,4,0,RING,A_flag_ceiling
all_reduce_perf,3,24,8192,2048,float,sum,514.9,0.02,0.03,0,515.78,0.02,0.03,0,RING,SIMPLE,4,RING,SIMPLE,4,0,RING,A_flag_ceiling
all_reduce_perf,3,24,16384,4096,float,sum,520.75,0.03,0.06,0,519.91,0.03,0.06,0,RING,SIMPLE,4,RING,SIMPLE,4,0,RING,A_flag_ceiling
all_reduce_perf,3,24,32768,8192,float,sum,526.88,0.06,0.12,0,525.95,0.06,0.12,0,RING,SIMPLE,4,RING,SIMPLE,4,0,RING,A_flag_ceiling
all_reduce_perf,3,24,65536,16384,float,sum,530.02,0.12,0.24,0,526.81,0.12,0.24,0,RING,SIMPLE,4,RING,SIMPLE,4,0,RING,A_flag_ceiling
all_reduce_perf,3,24,131072,32768,float,sum,532.58,0.25,0.47,0,529.13,0.25,0.47,0,RING,SIMPLE,4,RING,SIMPLE,4,0,RING,A_flag_ceiling
all_reduce_perf,3,24,262144,65536,float,sum,535.01,0.49,0.94,0,533.97,0.49,0.94,0,RING,SIMPLE,4,RING,SIMPLE,4,0,RING,A_flag_ceiling
all_reduce_perf,3,24,524288,131072,float,sum,537.93,0.97,1.87,0,535.38,0.98,1.88,0,RING,SIMPLE,4,RING,SIMPLE,4,0,RING,A_flag_ceiling
all_reduce_perf,3,24,1048576,262144,float,sum,542.25,1.93,3.71,0,541.08,1.94,3.71,0,RING,SIMPLE,4,RING,SIMPLE,4,0,RING,A_flag_ceiling
all_reduce_perf,3,24,2097152,524288,float,sum,571.22,3.67,7.04,0,569.66,3.68,7.06,0,RING,SIMPLE,4,RING,SIMPLE,4,0,RING,A_flag_ceiling
all_reduce_perf,3,24,4194304,1048576,float,sum,594.09,7.06,13.53,0,593.08,7.07,13.55,0,RING,SIMPLE,4,RING,SIMPLE,4,0,RING,A_flag_ceiling
all_reduce_perf,3,24,8388608,2097152,float,sum,647.21,12.96,24.84,0,639.93,13.11,25.12,0,RING,SIMPLE,4,RING,SIMPLE,4,0,RING,A_flag_ceiling
all_reduce_perf,3,24,16777216,4194304,float,sum,906.84,18.5,35.46,0,899.75,18.65,35.74,0,RING,SIMPLE,4,RING,SIMPLE,4,0,RING,A_flag_ceiling
all_reduce_perf,3,24,33554432,8388608,float,sum,1404.92,23.88,45.78,0,1404.41,23.89,45.79,0,RING,SIMPLE,4,RING,SIMPLE,4,0,RING,A_flag_ceiling
all_reduce_perf,3,24,67108864,16777216,float,sum,2554.73,26.27,50.35,0,2543.34,26.39,50.57,0,RING,SIMPLE,4,RING,SIMPLE,4,0,RING,A_flag_ceiling
all_reduce_perf,3,24,134217728,33554432,float,sum,4606.16,29.14,55.85,0,4587.26,29.26,56.08,0,RING,SIMPLE,4,RING,SIMPLE,4,0,RING,A_flag_ceiling
all_reduce_perf,3,24,268435456,67108864,float,sum,8933.05,30.05,57.6,0,8931.04,30.06,57.61,0,RING,SIMPLE,4,RING,SIMPLE,4,0,RING,A_flag_ceiling
all_reduce_perf,3,24,536870912,134217728,float,sum,17411.7,30.83,59.1,0,17334.9,30.97,59.36,0,RING,SIMPLE,4,RING,SIMPLE,4,0,RING,A_flag_ceiling
all_reduce_perf,3,24,4096,1024,float,sum,135.23,0.03,0.06,0,132.58,0.03,0.06,0,RING,LL,4,RING,LL,4,0,RING,A_flag_ceiling
all_reduce_perf,3,24,8192,2048,float,sum,136.83,0.06,0.11,0,137.26,0.06,0.11,0,RING,LL,4,RING,LL,4,0,RING,A_flag_ceiling
all_reduce_perf,3,24,16384,4096,float,sum,135.7,0.12,0.23,0,135.44,0.12,0.23,0,RING,LL,4,RING,LL,4,0,RING,A_flag_ceiling
all_reduce_perf,3,24,32768,8192,float,sum,137.17,0.24,0.46,0,136.99,0.24,0.46,0,RING,LL,4,RING,LL,4,0,RING,A_flag_ceiling
all_reduce_perf,3,24,65536,16384,float,sum,138.11,0.47,0.91,0,137.94,0.48,0.91,0,RING,LL,4,RING,LL,4,0,RING,A_flag_ceiling
all_reduce_perf,3,24,131072,32768,float,sum,141.27,0.93,1.78,0,139.87,0.94,1.8,0,RING,LL,4,RING,LL,4,0,RING,A_flag_ceiling
all_reduce_perf,3,24,262144,65536,float,sum,156.34,1.68,3.21,0,155.39,1.69,3.23,0,RING,LL,4,RING,LL,4,0,RING,A_flag_ceiling
all_reduce_perf,3,24,524288,131072,float,sum,176.83,2.96,5.68,0,176.6,2.97,5.69,0,RING,LL,4,RING,LL,4,0,RING,A_flag_ceiling
all_reduce_perf,3,24,1048576,262144,float,sum,266.48,3.93,7.54,0,266.15,3.94,7.55,0,RING,LL,4,RING,LL,4,0,RING,A_flag_ceiling
all_reduce_perf,3,24,2097152,524288,float,sum,488.01,4.3,8.24,0,484.4,4.33,8.3,0,RING,LL,4,RING,LL,4,0,RING,A_flag_ceiling
all_reduce_perf,3,24,4194304,1048576,float,sum,898.52,4.67,8.95,0,893.28,4.7,9.0,0,RING,LL,4,RING,LL,4,0,RING,A_flag_ceiling
all_reduce_perf,3,24,8388608,2097152,float,sum,1749.19,4.8,9.19,0,1734.25,4.84,9.27,0,RING,LL,4,RING,LL,4,0,RING,A_flag_ceiling
all_reduce_perf,3,24,16777216,4194304,float,sum,3438.25,4.88,9.35,0,3437.55,4.88,9.35,0,RING,LL,4,RING,LL,4,0,RING,A_flag_ceiling
all_reduce_perf,3,24,33554432,8388608,float,sum,6868.49,4.89,9.36,0,6866.59,4.89,9.37,0,RING,LL,4,RING,LL,4,0,RING,A_flag_ceiling
all_reduce_perf,3,24,67108864,16777216,float,sum,13738.7,4.88,9.36,0,13734.8,4.89,9.36,0,RING,LL,4,RING,LL,4,0,RING,A_flag_ceiling
all_reduce_perf,3,24,134217728,33554432,float,sum,27441.5,4.89,9.37,0,27519.7,4.88,9.35,0,RING,LL,4,RING,LL,4,0,RING,A_flag_ceiling
all_reduce_perf,3,24,268435456,67108864,float,sum,54802.0,4.9,9.39,0,54988.1,4.88,9.36,0,RING,LL,4,RING,LL,4,0,RING,A_flag_ceiling
all_reduce_perf,3,24,536870912,134217728,float,sum,109645.0,4.9,9.38,0,109982.0,4.88,9.36,0,RING,LL,4,RING,LL,4,0,RING,A_flag_ceiling
all_reduce_perf,3,24,4096,1024,float,sum,151.48,0.03,0.05,0,148.2,0.03,0.05,0,RING,LL128,4,RING,LL128,4,0,RING,A_flag_ceiling
all_reduce_perf,3,24,8192,2048,float,sum,150.35,0.05,0.1,0,147.95,0.06,0.11,0,RING,LL128,4,RING,LL128,4,0,RING,A_flag_ceiling
all_reduce_perf,3,24,16384,4096,float,sum,151.23,0.11,0.21,0,149.99,0.11,0.21,0,RING,LL128,4,RING,LL128,4,0,RING,A_flag_ceiling
all_reduce_perf,3,24,32768,8192,float,sum,153.34,0.21,0.41,0,152.21,0.22,0.41,0,RING,LL128,4,RING,LL128,4,0,RING,A_flag_ceiling
all_reduce_perf,3,24,65536,16384,float,sum,152.77,0.43,0.82,0,151.03,0.43,0.83,0,RING,LL128,4,RING,LL128,4,0,RING,A_flag_ceiling
all_reduce_perf,3,24,131072,32768,float,sum,153.52,0.85,1.64,0,152.11,0.86,1.65,0,RING,LL128,4,RING,LL128,4,0,RING,A_flag_ceiling
all_reduce_perf,3,24,262144,65536,float,sum,153.73,1.71,3.27,0,152.09,1.72,3.3,0,RING,LL128,4,RING,LL128,4,0,RING,A_flag_ceiling
all_reduce_perf,3,24,524288,131072,float,sum,160.26,3.27,6.27,0,157.85,3.32,6.37,0,RING,LL128,4,RING,LL128,4,0,RING,A_flag_ceiling
all_reduce_perf,3,24,1048576,262144,float,sum,166.37,6.3,12.08,0,163.06,6.43,12.33,0,RING,LL128,4,RING,LL128,4,0,RING,A_flag_ceiling
all_reduce_perf,3,24,2097152,524288,float,sum,184.48,11.37,21.79,0,178.29,11.76,22.55,0,RING,LL128,4,RING,LL128,4,0,RING,A_flag_ceiling
all_reduce_perf,3,24,4194304,1048576,float,sum,260.44,16.1,30.87,0,251.41,16.68,31.98,0,RING,LL128,4,RING,LL128,4,0,RING,A_flag_ceiling
all_reduce_perf,3,24,8388608,2097152,float,sum,452.82,18.53,35.51,0,436.38,19.22,36.84,0,RING,LL128,4,RING,LL128,4,0,RING,A_flag_ceiling
all_reduce_perf,3,24,16777216,4194304,float,sum,841.25,19.94,38.22,0,819.95,20.46,39.22,0,RING,LL128,4,RING,LL128,4,0,RING,A_flag_ceiling
all_reduce_perf,3,24,33554432,8388608,float,sum,1639.48,20.47,39.23,0,1623.08,20.67,39.62,0,RING,LL128,4,RING,LL128,4,0,RING,A_flag_ceiling
all_reduce_perf,3,24,67108864,16777216,float,sum,3221.0,20.83,39.93,0,3222.69,20.82,39.91,0,RING,LL128,4,RING,LL128,4,0,RING,A_flag_ceiling
all_reduce_perf,3,24,134217728,33554432,float,sum,6420.07,20.91,40.07,0,6424.71,20.89,40.04,0,RING,LL128,4,RING,LL128,4,0,RING,A_flag_ceiling
all_reduce_perf,3,24,268435456,67108864,float,sum,12897.0,20.81,39.89,0,13095.1,20.5,39.29,0,RING,LL128,4,RING,LL128,4,0,RING,A_flag_ceiling
all_reduce_perf,3,24,536870912,134217728,float,sum,25573.8,20.99,40.24,0,25638.1,20.94,40.14,0,RING,LL128,4,RING,LL128,4,0,RING,A_flag_ceiling
all_reduce_perf,3,24,4096,1024,float,sum,513.83,0.01,0.02,0,568.82,0.01,0.01,0,RING,SIMPLE,8,RING,SIMPLE,8,0,RING,A_flag_ceiling
all_reduce_perf,3,24,8192,2048,float,sum,519.72,0.02,0.03,0,517.89,0.02,0.03,0,RING,SIMPLE,8,RING,SIMPLE,8,0,RING,A_flag_ceiling
all_reduce_perf,3,24,16384,4096,float,sum,523.17,0.03,0.06,0,523.25,0.03,0.06,0,RING,SIMPLE,8,RING,SIMPLE,8,0,RING,A_flag_ceiling
all_reduce_perf,3,24,32768,8192,float,sum,595.84,0.05,0.11,0,528.51,0.06,0.12,0,RING,SIMPLE,8,RING,SIMPLE,8,0,RING,A_flag_ceiling
all_reduce_perf,3,24,65536,16384,float,sum,536.51,0.12,0.23,0,534.7,0.12,0.23,0,RING,SIMPLE,8,RING,SIMPLE,8,0,RING,A_flag_ceiling
all_reduce_perf,3,24,131072,32768,float,sum,536.61,0.24,0.47,0,533.85,0.25,0.47,0,RING,SIMPLE,8,RING,SIMPLE,8,0,RING,A_flag_ceiling
all_reduce_perf,3,24,262144,65536,float,sum,581.86,0.45,0.86,0,536.33,0.49,0.94,0,RING,SIMPLE,8,RING,SIMPLE,8,0,RING,A_flag_ceiling
all_reduce_perf,3,24,524288,131072,float,sum,541.61,0.97,1.86,0,539.69,0.97,1.86,0,RING,SIMPLE,8,RING,SIMPLE,8,0,RING,A_flag_ceiling
all_reduce_perf,3,24,1048576,262144,float,sum,546.93,1.92,3.67,0,544.21,1.93,3.69,0,RING,SIMPLE,8,RING,SIMPLE,8,0,RING,A_flag_ceiling
all_reduce_perf,3,24,2097152,524288,float,sum,555.6,3.77,7.23,0,553.89,3.79,7.26,0,RING,SIMPLE,8,RING,SIMPLE,8,0,RING,A_flag_ceiling
all_reduce_perf,3,24,4194304,1048576,float,sum,583.58,7.19,13.78,0,581.1,7.22,13.83,0,RING,SIMPLE,8,RING,SIMPLE,8,0,RING,A_flag_ceiling
all_reduce_perf,3,24,8388608,2097152,float,sum,606.32,13.84,26.52,0,604.23,13.88,26.61,0,RING,SIMPLE,8,RING,SIMPLE,8,0,RING,A_flag_ceiling
all_reduce_perf,3,24,16777216,4194304,float,sum,652.97,25.69,49.25,0,647.85,25.9,49.64,0,RING,SIMPLE,8,RING,SIMPLE,8,0,RING,A_flag_ceiling
all_reduce_perf,3,24,33554432,8388608,float,sum,906.65,37.01,70.93,0,910.7,36.84,70.62,0,RING,SIMPLE,8,RING,SIMPLE,8,0,RING,A_flag_ceiling
all_reduce_perf,3,24,67108864,16777216,float,sum,1410.06,47.59,91.22,0,1412.46,47.51,91.06,0,RING,SIMPLE,8,RING,SIMPLE,8,0,RING,A_flag_ceiling
all_reduce_perf,3,24,134217728,33554432,float,sum,2605.08,51.52,98.75,0,2559.18,52.45,100.52,0,RING,SIMPLE,8,RING,SIMPLE,8,0,RING,A_flag_ceiling
all_reduce_perf,3,24,268435456,67108864,float,sum,4630.25,57.97,111.12,0,4632.66,57.94,111.06,0,RING,SIMPLE,8,RING,SIMPLE,8,0,RING,A_flag_ceiling
all_reduce_perf,3,24,536870912,134217728,float,sum,8959.2,59.92,114.85,0,8942.3,60.04,115.07,0,RING,SIMPLE,8,RING,SIMPLE,8,0,RING,A_flag_ceiling
all_reduce_perf,3,24,4096,1024,float,sum,135.61,0.03,0.06,0,134.76,0.03,0.06,0,RING,LL,8,RING,LL,8,0,RING,A_flag_ceiling
all_reduce_perf,3,24,8192,2048,float,sum,139.8,0.06,0.11,0,137.17,0.06,0.11,0,RING,LL,8,RING,LL,8,0,RING,A_flag_ceiling
all_reduce_perf,3,24,16384,4096,float,sum,141.54,0.12,0.22,0,141.42,0.12,0.22,0,RING,LL,8,RING,LL,8,0,RING,A_flag_ceiling
all_reduce_perf,3,24,32768,8192,float,sum,141.01,0.23,0.45,0,140.64,0.23,0.45,0,RING,LL,8,RING,LL,8,0,RING,A_flag_ceiling
all_reduce_perf,3,24,65536,16384,float,sum,141.64,0.46,0.89,0,141.11,0.46,0.89,0,RING,LL,8,RING,LL,8,0,RING,A_flag_ceiling
all_reduce_perf,3,24,131072,32768,float,sum,142.69,0.92,1.76,0,142.18,0.92,1.77,0,RING,LL,8,RING,LL,8,0,RING,A_flag_ceiling
all_reduce_perf,3,24,262144,65536,float,sum,150.84,1.74,3.33,0,147.9,1.77,3.4,0,RING,LL,8,RING,LL,8,0,RING,A_flag_ceiling
all_reduce_perf,3,24,524288,131072,float,sum,159.96,3.28,6.28,0,158.38,3.31,6.34,0,RING,LL,8,RING,LL,8,0,RING,A_flag_ceiling
all_reduce_perf,3,24,1048576,262144,float,sum,181.47,5.78,11.08,0,178.39,5.88,11.27,0,RING,LL,8,RING,LL,8,0,RING,A_flag_ceiling
all_reduce_perf,3,24,2097152,524288,float,sum,272.02,7.71,14.78,0,268.73,7.8,14.96,0,RING,LL,8,RING,LL,8,0,RING,A_flag_ceiling
all_reduce_perf,3,24,4194304,1048576,float,sum,497.45,8.43,16.16,0,488.02,8.59,16.47,0,RING,LL,8,RING,LL,8,0,RING,A_flag_ceiling
all_reduce_perf,3,24,8388608,2097152,float,sum,907.9,9.24,17.71,0,889.89,9.43,18.07,0,RING,LL,8,RING,LL,8,0,RING,A_flag_ceiling
all_reduce_perf,3,24,16777216,4194304,float,sum,1762.83,9.52,18.24,0,1743.08,9.63,18.45,0,RING,LL,8,RING,LL,8,0,RING,A_flag_ceiling
all_reduce_perf,3,24,33554432,8388608,float,sum,3451.91,9.72,18.63,0,3446.36,9.74,18.66,0,RING,LL,8,RING,LL,8,0,RING,A_flag_ceiling
all_reduce_perf,3,24,67108864,16777216,float,sum,6901.3,9.72,18.64,0,6859.61,9.78,18.75,0,RING,LL,8,RING,LL,8,0,RING,A_flag_ceiling
all_reduce_perf,3,24,134217728,33554432,float,sum,13784.1,9.74,18.66,0,13745.2,9.76,18.72,0,RING,LL,8,RING,LL,8,0,RING,A_flag_ceiling
all_reduce_perf,3,24,268435456,67108864,float,sum,27609.1,9.72,18.64,0,27512.8,9.76,18.7,0,RING,LL,8,RING,LL,8,0,RING,A_flag_ceiling
all_reduce_perf,3,24,536870912,134217728,float,sum,55133.1,9.74,18.66,0,55074.3,9.75,18.68,0,RING,LL,8,RING,LL,8,0,RING,A_flag_ceiling
all_reduce_perf,3,24,4096,1024,float,sum,152.2,0.03,0.05,0,148.11,0.03,0.05,0,RING,LL128,8,RING,LL128,8,0,RING,A_flag_ceiling
all_reduce_perf,3,24,8192,2048,float,sum,173.82,0.05,0.09,0,147.85,0.06,0.11,0,RING,LL128,8,RING,LL128,8,0,RING,A_flag_ceiling
all_reduce_perf,3,24,16384,4096,float,sum,150.33,0.11,0.21,0,148.47,0.11,0.21,0,RING,LL128,8,RING,LL128,8,0,RING,A_flag_ceiling
all_reduce_perf,3,24,32768,8192,float,sum,152.21,0.22,0.41,0,151.0,0.22,0.42,0,RING,LL128,8,RING,LL128,8,0,RING,A_flag_ceiling
all_reduce_perf,3,24,65536,16384,float,sum,159.9,0.41,0.79,0,158.72,0.41,0.79,0,RING,LL128,8,RING,LL128,8,0,RING,A_flag_ceiling
all_reduce_perf,3,24,131072,32768,float,sum,158.36,0.83,1.59,0,158.52,0.83,1.58,0,RING,LL128,8,RING,LL128,8,0,RING,A_flag_ceiling
all_reduce_perf,3,24,262144,65536,float,sum,159.45,1.64,3.15,0,158.42,1.65,3.17,0,RING,LL128,8,RING,LL128,8,0,RING,A_flag_ceiling
all_reduce_perf,3,24,524288,131072,float,sum,160.09,3.27,6.28,0,159.15,3.29,6.31,0,RING,LL128,8,RING,LL128,8,0,RING,A_flag_ceiling
all_reduce_perf,3,24,1048576,262144,float,sum,164.3,6.38,12.23,0,162.97,6.43,12.33,0,RING,LL128,8,RING,LL128,8,0,RING,A_flag_ceiling
all_reduce_perf,3,24,2097152,524288,float,sum,170.69,12.29,23.55,0,167.01,12.56,24.07,0,RING,LL128,8,RING,LL128,8,0,RING,A_flag_ceiling
all_reduce_perf,3,24,4194304,1048576,float,sum,189.23,22.17,42.48,0,182.55,22.98,44.04,0,RING,LL128,8,RING,LL128,8,0,RING,A_flag_ceiling
all_reduce_perf,3,24,8388608,2097152,float,sum,263.57,31.83,61.0,0,253.52,33.09,63.42,0,RING,LL128,8,RING,LL128,8,0,RING,A_flag_ceiling
all_reduce_perf,3,24,16777216,4194304,float,sum,453.14,37.02,70.96,0,448.95,37.37,71.63,0,RING,LL128,8,RING,LL128,8,0,RING,A_flag_ceiling
all_reduce_perf,3,24,33554432,8388608,float,sum,840.31,39.93,76.53,0,837.61,40.06,76.78,0,RING,LL128,8,RING,LL128,8,0,RING,A_flag_ceiling
all_reduce_perf,3,24,67108864,16777216,float,sum,1645.29,40.79,78.18,0,1636.29,41.01,78.61,0,RING,LL128,8,RING,LL128,8,0,RING,A_flag_ceiling
all_reduce_perf,3,24,134217728,33554432,float,sum,3255.05,41.23,79.03,0,3223.55,41.64,79.8,0,RING,LL128,8,RING,LL128,8,0,RING,A_flag_ceiling
all_reduce_perf,3,24,268435456,67108864,float,sum,6483.36,41.4,79.36,0,6426.74,41.77,80.06,0,RING,LL128,8,RING,LL128,8,0,RING,A_flag_ceiling
all_reduce_perf,3,24,536870912,134217728,float,sum,12931.2,41.52,79.57,0,12850.2,41.78,80.08,0,RING,LL128,8,RING,LL128,8,0,RING,A_flag_ceiling
all_reduce_perf,3,24,4096,1024,float,sum,515.96,0.01,0.02,0,511.2,0.01,0.02,0,RING,SIMPLE,16,RING,SIMPLE,16,0,RING,A_flag_ceiling
all_reduce_perf,3,24,8192,2048,float,sum,512.23,0.02,0.03,0,511.1,0.02,0.03,0,RING,SIMPLE,16,RING,SIMPLE,16,0,RING,A_flag_ceiling
all_reduce_perf,3,24,16384,4096,float,sum,512.38,0.03,0.06,0,511.06,0.03,0.06,0,RING,SIMPLE,16,RING,SIMPLE,16,0,RING,A_flag_ceiling
all_reduce_perf,3,24,32768,8192,float,sum,525.35,0.06,0.12,0,523.19,0.06,0.12,0,RING,SIMPLE,16,RING,SIMPLE,16,0,RING,A_flag_ceiling
all_reduce_perf,3,24,65536,16384,float,sum,533.04,0.12,0.24,0,532.5,0.12,0.24,0,RING,SIMPLE,16,RING,SIMPLE,16,0,RING,A_flag_ceiling
all_reduce_perf,3,24,131072,32768,float,sum,567.65,0.23,0.44,0,565.98,0.23,0.44,0,RING,SIMPLE,16,RING,SIMPLE,16,0,RING,A_flag_ceiling
all_reduce_perf,3,24,262144,65536,float,sum,568.87,0.46,0.88,0,567.21,0.46,0.89,0,RING,SIMPLE,16,RING,SIMPLE,16,0,RING,A_flag_ceiling
all_reduce_perf,3,24,524288,131072,float,sum,571.3,0.92,1.76,0,569.26,0.92,1.77,0,RING,SIMPLE,16,RING,SIMPLE,16,0,RING,A_flag_ceiling
all_reduce_perf,3,24,1048576,262144,float,sum,574.37,1.83,3.5,0,571.92,1.83,3.51,0,RING,SIMPLE,16,RING,SIMPLE,16,0,RING,A_flag_ceiling
all_reduce_perf,3,24,2097152,524288,float,sum,583.27,3.6,6.89,0,579.87,3.62,6.93,0,RING,SIMPLE,16,RING,SIMPLE,16,0,RING,A_flag_ceiling
all_reduce_perf,3,24,4194304,1048576,float,sum,595.35,7.05,13.5,0,591.8,7.09,13.58,0,RING,SIMPLE,16,RING,SIMPLE,16,0,RING,A_flag_ceiling
all_reduce_perf,3,24,8388608,2097152,float,sum,627.97,13.36,25.6,0,624.87,13.42,25.73,0,RING,SIMPLE,16,RING,SIMPLE,16,0,RING,A_flag_ceiling
all_reduce_perf,3,24,16777216,4194304,float,sum,647.06,25.93,49.7,0,641.68,26.15,50.11,0,RING,SIMPLE,16,RING,SIMPLE,16,0,RING,A_flag_ceiling
all_reduce_perf,3,24,33554432,8388608,float,sum,690.71,48.58,93.11,0,691.02,48.56,93.07,0,RING,SIMPLE,16,RING,SIMPLE,16,0,RING,A_flag_ceiling
all_reduce_perf,3,24,67108864,16777216,float,sum,928.15,72.3,138.58,0,927.28,72.37,138.71,0,RING,SIMPLE,16,RING,SIMPLE,16,0,RING,A_flag_ceiling
all_reduce_perf,3,24,134217728,33554432,float,sum,1436.54,93.43,179.08,0,1438.52,93.3,178.83,0,RING,SIMPLE,16,RING,SIMPLE,16,0,RING,A_flag_ceiling
all_reduce_perf,3,24,268435456,67108864,float,sum,2548.41,105.33,201.89,0,2557.37,104.97,201.18,0,RING,SIMPLE,16,RING,SIMPLE,16,0,RING,A_flag_ceiling
all_reduce_perf,3,24,536870912,134217728,float,sum,4686.53,114.56,219.57,0,4577.89,117.27,224.78,0,RING,SIMPLE,16,RING,SIMPLE,16,0,RING,A_flag_ceiling
all_reduce_perf,3,24,4096,1024,float,sum,135.39,0.03,0.06,0,130.94,0.03,0.06,0,RING,LL,16,RING,LL,16,0,RING,A_flag_ceiling
all_reduce_perf,3,24,8192,2048,float,sum,140.27,0.06,0.11,0,137.14,0.06,0.11,0,RING,LL,16,RING,LL,16,0,RING,A_flag_ceiling
all_reduce_perf,3,24,16384,4096,float,sum,141.43,0.12,0.22,0,150.44,0.11,0.21,0,RING,LL,16,RING,LL,16,0,RING,A_flag_ceiling
all_reduce_perf,3,24,32768,8192,float,sum,173.68,0.19,0.36,0,171.97,0.19,0.37,0,RING,LL,16,RING,LL,16,0,RING,A_flag_ceiling
all_reduce_perf,3,24,65536,16384,float,sum,171.65,0.38,0.73,0,174.5,0.38,0.72,0,RING,LL,16,RING,LL,16,0,RING,A_flag_ceiling
all_reduce_perf,3,24,131072,32768,float,sum,181.14,0.72,1.39,0,181.6,0.72,1.38,0,RING,LL,16,RING,LL,16,0,RING,A_flag_ceiling
all_reduce_perf,3,24,262144,65536,float,sum,186.97,1.4,2.69,0,184.24,1.42,2.73,0,RING,LL,16,RING,LL,16,0,RING,A_flag_ceiling
all_reduce_perf,3,24,524288,131072,float,sum,193.16,2.71,5.2,0,194.81,2.69,5.16,0,RING,LL,16,RING,LL,16,0,RING,A_flag_ceiling
all_reduce_perf,3,24,1048576,262144,float,sum,226.92,4.62,8.86,0,228.88,4.58,8.78,0,RING,LL,16,RING,LL,16,0,RING,A_flag_ceiling
all_reduce_perf,3,24,2097152,524288,float,sum,261.53,8.02,15.37,0,263.01,7.97,15.28,0,RING,LL,16,RING,LL,16,0,RING,A_flag_ceiling
all_reduce_perf,3,24,4194304,1048576,float,sum,333.57,12.57,24.1,0,331.02,12.67,24.29,0,RING,LL,16,RING,LL,16,0,RING,A_flag_ceiling
all_reduce_perf,3,24,8388608,2097152,float,sum,607.12,13.82,26.48,0,605.96,13.84,26.53,0,RING,LL,16,RING,LL,16,0,RING,A_flag_ceiling
all_reduce_perf,3,24,16777216,4194304,float,sum,1040.62,16.12,30.9,0,1036.67,16.18,31.02,0,RING,LL,16,RING,LL,16,0,RING,A_flag_ceiling
all_reduce_perf,3,24,33554432,8388608,float,sum,2031.25,16.52,31.66,0,2019.87,16.61,31.84,0,RING,LL,16,RING,LL,16,0,RING,A_flag_ceiling
all_reduce_perf,3,24,67108864,16777216,float,sum,3901.33,17.2,32.97,0,3886.46,17.27,33.1,0,RING,LL,16,RING,LL,16,0,RING,A_flag_ceiling
all_reduce_perf,3,24,134217728,33554432,float,sum,8319.72,16.13,30.92,0,7367.72,18.22,34.92,0,RING,LL,16,RING,LL,16,0,RING,A_flag_ceiling
all_reduce_perf,3,24,268435456,67108864,float,sum,14700.7,18.26,35.0,0,14691.3,18.27,35.02,0,RING,LL,16,RING,LL,16,0,RING,A_flag_ceiling
all_reduce_perf,3,24,536870912,134217728,float,sum,29363.0,18.28,35.04,0,29602.4,18.14,34.76,0,RING,LL,16,RING,LL,16,0,RING,A_flag_ceiling
all_reduce_perf,3,24,4096,1024,float,sum,152.75,0.03,0.05,0,148.0,0.03,0.05,0,RING,LL128,16,RING,LL128,16,0,RING,A_flag_ceiling
all_reduce_perf,3,24,8192,2048,float,sum,148.78,0.06,0.11,0,148.65,0.06,0.11,0,RING,LL128,16,RING,LL128,16,0,RING,A_flag_ceiling
all_reduce_perf,3,24,16384,4096,float,sum,150.82,0.11,0.21,0,149.34,0.11,0.21,0,RING,LL128,16,RING,LL128,16,0,RING,A_flag_ceiling
all_reduce_perf,3,24,32768,8192,float,sum,152.57,0.21,0.41,0,152.64,0.21,0.41,0,RING,LL128,16,RING,LL128,16,0,RING,A_flag_ceiling
all_reduce_perf,3,24,65536,16384,float,sum,159.14,0.41,0.79,0,158.16,0.41,0.79,0,RING,LL128,16,RING,LL128,16,0,RING,A_flag_ceiling
all_reduce_perf,3,24,131072,32768,float,sum,185.99,0.7,1.35,0,186.57,0.7,1.35,0,RING,LL128,16,RING,LL128,16,0,RING,A_flag_ceiling
all_reduce_perf,3,24,262144,65536,float,sum,185.08,1.42,2.71,0,187.08,1.4,2.69,0,RING,LL128,16,RING,LL128,16,0,RING,A_flag_ceiling
all_reduce_perf,3,24,524288,131072,float,sum,181.57,2.89,5.53,0,183.06,2.86,5.49,0,RING,LL128,16,RING,LL128,16,0,RING,A_flag_ceiling
all_reduce_perf,3,24,1048576,262144,float,sum,184.28,5.69,10.91,0,186.38,5.63,10.78,0,RING,LL128,16,RING,LL128,16,0,RING,A_flag_ceiling
all_reduce_perf,3,24,2097152,524288,float,sum,184.84,11.35,21.75,0,184.82,11.35,21.75,0,RING,LL128,16,RING,LL128,16,0,RING,A_flag_ceiling
all_reduce_perf,3,24,4194304,1048576,float,sum,182.94,22.93,43.94,0,188.5,22.25,42.65,0,RING,LL128,16,RING,LL128,16,0,RING,A_flag_ceiling
all_reduce_perf,3,24,8388608,2097152,float,sum,197.2,42.54,81.53,0,190.57,44.02,84.37,0,RING,LL128,16,RING,LL128,16,0,RING,A_flag_ceiling
all_reduce_perf,3,24,16777216,4194304,float,sum,276.99,60.57,116.09,0,272.93,61.47,117.82,0,RING,LL128,16,RING,LL128,16,0,RING,A_flag_ceiling
all_reduce_perf,3,24,33554432,8388608,float,sum,475.04,70.64,135.38,0,468.32,71.65,137.33,0,RING,LL128,16,RING,LL128,16,0,RING,A_flag_ceiling
all_reduce_perf,3,24,67108864,16777216,float,sum,881.1,76.16,145.98,0,877.44,76.48,146.59,0,RING,LL128,16,RING,LL128,16,0,RING,A_flag_ceiling
all_reduce_perf,3,24,134217728,33554432,float,sum,1721.3,77.97,149.45,0,1717.92,78.13,149.75,0,RING,LL128,16,RING,LL128,16,0,RING,A_flag_ceiling
all_reduce_perf,3,24,268435456,67108864,float,sum,3394.58,79.08,151.57,0,3379.81,79.42,152.23,0,RING,LL128,16,RING,LL128,16,0,RING,A_flag_ceiling
all_reduce_perf,3,24,536870912,134217728,float,sum,6726.8,79.81,152.97,0,6733.56,79.73,152.82,0,RING,LL128,16,RING,LL128,16,0,RING,A_flag_ceiling
all_reduce_perf,3,24,4096,1024,float,sum,512.1,0.01,0.02,0,508.46,0.01,0.02,0,RING,SIMPLE,24,RING,SIMPLE,24,0,RING,A_flag_ceiling
all_reduce_perf,3,24,8192,2048,float,sum,509.82,0.02,0.03,0,509.23,0.02,0.03,0,RING,SIMPLE,24,RING,SIMPLE,24,0,RING,A_flag_ceiling
all_reduce_perf,3,24,16384,4096,float,sum,513.21,0.03,0.06,0,510.72,0.03,0.06,0,RING,SIMPLE,24,RING,SIMPLE,24,0,RING,A_flag_ceiling
all_reduce_perf,3,24,32768,8192,float,sum,522.17,0.06,0.12,0,520.71,0.06,0.12,0,RING,SIMPLE,24,RING,SIMPLE,24,0,RING,A_flag_ceiling
all_reduce_perf,3,24,65536,16384,float,sum,528.64,0.12,0.24,0,527.51,0.12,0.24,0,RING,SIMPLE,24,RING,SIMPLE,24,0,RING,A_flag_ceiling
all_reduce_perf,3,24,131072,32768,float,sum,564.05,0.23,0.45,0,566.58,0.23,0.44,0,RING,SIMPLE,24,RING,SIMPLE,24,0,RING,A_flag_ceiling
all_reduce_perf,3,24,262144,65536,float,sum,565.79,0.46,0.89,0,565.86,0.46,0.89,0,RING,SIMPLE,24,RING,SIMPLE,24,0,RING,A_flag_ceiling
all_reduce_perf,3,24,524288,131072,float,sum,600.75,0.87,1.67,0,608.12,0.86,1.65,0,RING,SIMPLE,24,RING,SIMPLE,24,0,RING,A_flag_ceiling
all_reduce_perf,3,24,1048576,262144,float,sum,609.96,1.72,3.29,0,607.32,1.73,3.31,0,RING,SIMPLE,24,RING,SIMPLE,24,0,RING,A_flag_ceiling
all_reduce_perf,3,24,2097152,524288,float,sum,625.39,3.35,6.43,0,623.64,3.36,6.45,0,RING,SIMPLE,24,RING,SIMPLE,24,0,RING,A_flag_ceiling
all_reduce_perf,3,24,4194304,1048576,float,sum,628.65,6.67,12.79,0,627.16,6.69,12.82,0,RING,SIMPLE,24,RING,SIMPLE,24,0,RING,A_flag_ceiling
all_reduce_perf,3,24,8388608,2097152,float,sum,651.05,12.88,24.7,0,651.19,12.88,24.69,0,RING,SIMPLE,24,RING,SIMPLE,24,0,RING,A_flag_ceiling
all_reduce_perf,3,24,16777216,4194304,float,sum,692.51,24.23,46.43,0,688.25,24.38,46.72,0,RING,SIMPLE,24,RING,SIMPLE,24,0,RING,A_flag_ceiling
all_reduce_perf,3,24,33554432,8388608,float,sum,692.01,48.49,92.94,0,691.6,48.52,92.99,0,RING,SIMPLE,24,RING,SIMPLE,24,0,RING,A_flag_ceiling
all_reduce_perf,3,24,67108864,16777216,float,sum,786.86,85.29,163.47,0,788.42,85.12,163.14,0,RING,SIMPLE,24,RING,SIMPLE,24,0,RING,A_flag_ceiling
all_reduce_perf,3,24,134217728,33554432,float,sum,1130.11,118.76,227.63,0,1126.88,119.11,228.29,0,RING,SIMPLE,24,RING,SIMPLE,24,0,RING,A_flag_ceiling
all_reduce_perf,3,24,268435456,67108864,float,sum,1840.38,145.86,279.56,0,1837.05,146.12,280.07,0,RING,SIMPLE,24,RING,SIMPLE,24,0,RING,A_flag_ceiling
all_reduce_perf,3,24,536870912,134217728,float,sum,3261.89,164.59,315.46,0,3238.31,165.79,317.76,0,RING,SIMPLE,24,RING,SIMPLE,24,0,RING,A_flag_ceiling
all_reduce_perf,3,24,4096,1024,float,sum,133.74,0.03,0.06,0,132.54,0.03,0.06,0,RING,LL,24,RING,LL,24,0,RING,A_flag_ceiling
all_reduce_perf,3,24,8192,2048,float,sum,136.8,0.06,0.11,0,137.71,0.06,0.11,0,RING,LL,24,RING,LL,24,0,RING,A_flag_ceiling
all_reduce_perf,3,24,16384,4096,float,sum,141.71,0.12,0.22,0,141.42,0.12,0.22,0,RING,LL,24,RING,LL,24,0,RING,A_flag_ceiling
all_reduce_perf,3,24,32768,8192,float,sum,176.75,0.19,0.36,0,177.24,0.18,0.35,0,RING,LL,24,RING,LL,24,0,RING,A_flag_ceiling
all_reduce_perf,3,24,65536,16384,float,sum,175.21,0.37,0.72,0,175.16,0.37,0.72,0,RING,LL,24,RING,LL,24,0,RING,A_flag_ceiling
all_reduce_perf,3,24,131072,32768,float,sum,220.0,0.6,1.14,0,219.08,0.6,1.15,0,RING,LL,24,RING,LL,24,0,RING,A_flag_ceiling
all_reduce_perf,3,24,262144,65536,float,sum,227.07,1.15,2.21,0,227.82,1.15,2.21,0,RING,LL,24,RING,LL,24,0,RING,A_flag_ceiling
all_reduce_perf,3,24,524288,131072,float,sum,242.94,2.16,4.14,0,243.81,2.15,4.12,0,RING,LL,24,RING,LL,24,0,RING,A_flag_ceiling
all_reduce_perf,3,24,1048576,262144,float,sum,266.54,3.93,7.54,0,260.42,4.03,7.72,0,RING,LL,24,RING,LL,24,0,RING,A_flag_ceiling
all_reduce_perf,3,24,2097152,524288,float,sum,308.99,6.79,13.01,0,307.43,6.82,13.07,0,RING,LL,24,RING,LL,24,0,RING,A_flag_ceiling
all_reduce_perf,3,24,4194304,1048576,float,sum,385.01,10.89,20.88,0,387.66,10.82,20.74,0,RING,LL,24,RING,LL,24,0,RING,A_flag_ceiling
all_reduce_perf,3,24,8388608,2097152,float,sum,561.76,14.93,28.62,0,505.46,16.6,31.81,0,RING,LL,24,RING,LL,24,0,RING,A_flag_ceiling
all_reduce_perf,3,24,16777216,4194304,float,sum,945.17,17.75,34.02,0,954.38,17.58,33.69,0,RING,LL,24,RING,LL,24,0,RING,A_flag_ceiling
all_reduce_perf,3,24,33554432,8388608,float,sum,1841.52,18.22,34.92,0,1842.08,18.22,34.91,0,RING,LL,24,RING,LL,24,0,RING,A_flag_ceiling
all_reduce_perf,3,24,67108864,16777216,float,sum,3575.71,18.77,35.97,0,3595.78,18.66,35.77,0,RING,LL,24,RING,LL,24,0,RING,A_flag_ceiling
all_reduce_perf,3,24,134217728,33554432,float,sum,7030.76,19.09,36.59,0,6996.17,19.18,36.77,0,RING,LL,24,RING,LL,24,0,RING,A_flag_ceiling
all_reduce_perf,3,24,268435456,67108864,float,sum,14075.0,19.07,36.55,0,13607.0,19.73,37.81,0,RING,LL,24,RING,LL,24,0,RING,A_flag_ceiling
all_reduce_perf,3,24,536870912,134217728,float,sum,27028.1,19.86,38.07,0,26999.3,19.88,38.11,0,RING,LL,24,RING,LL,24,0,RING,A_flag_ceiling
all_reduce_perf,3,24,4096,1024,float,sum,153.39,0.03,0.05,0,152.73,0.03,0.05,0,RING,LL128,24,RING,LL128,24,0,RING,A_flag_ceiling
all_reduce_perf,3,24,8192,2048,float,sum,152.29,0.05,0.1,0,150.03,0.05,0.1,0,RING,LL128,24,RING,LL128,24,0,RING,A_flag_ceiling
all_reduce_perf,3,24,16384,4096,float,sum,152.13,0.11,0.21,0,150.63,0.11,0.21,0,RING,LL128,24,RING,LL128,24,0,RING,A_flag_ceiling
all_reduce_perf,3,24,32768,8192,float,sum,154.21,0.21,0.41,0,153.27,0.21,0.41,0,RING,LL128,24,RING,LL128,24,0,RING,A_flag_ceiling
all_reduce_perf,3,24,65536,16384,float,sum,158.79,0.41,0.79,0,157.93,0.41,0.8,0,RING,LL128,24,RING,LL128,24,0,RING,A_flag_ceiling
all_reduce_perf,3,24,131072,32768,float,sum,181.48,0.72,1.38,0,183.27,0.72,1.37,0,RING,LL128,24,RING,LL128,24,0,RING,A_flag_ceiling
all_reduce_perf,3,24,262144,65536,float,sum,184.38,1.42,2.72,0,182.67,1.44,2.75,0,RING,LL128,24,RING,LL128,24,0,RING,A_flag_ceiling
all_reduce_perf,3,24,524288,131072,float,sum,220.24,2.38,4.56,0,219.75,2.39,4.57,0,RING,LL128,24,RING,LL128,24,0,RING,A_flag_ceiling
all_reduce_perf,3,24,1048576,262144,float,sum,220.17,4.76,9.13,0,220.57,4.75,9.11,0,RING,LL128,24,RING,LL128,24,0,RING,A_flag_ceiling
all_reduce_perf,3,24,2097152,524288,float,sum,230.11,9.11,17.47,0,228.95,9.16,17.56,0,RING,LL128,24,RING,LL128,24,0,RING,A_flag_ceiling
all_reduce_perf,3,24,4194304,1048576,float,sum,230.39,18.21,34.89,0,231.08,18.15,34.79,0,RING,LL128,24,RING,LL128,24,0,RING,A_flag_ceiling
all_reduce_perf,3,24,8388608,2097152,float,sum,234.14,35.83,68.67,0,235.71,35.59,68.21,0,RING,LL128,24,RING,LL128,24,0,RING,A_flag_ceiling
all_reduce_perf,3,24,16777216,4194304,float,sum,243.93,68.78,131.83,0,243.89,68.79,131.85,0,RING,LL128,24,RING,LL128,24,0,RING,A_flag_ceiling
all_reduce_perf,3,24,33554432,8388608,float,sum,364.28,92.11,176.55,0,363.92,92.2,176.72,0,RING,LL128,24,RING,LL128,24,0,RING,A_flag_ceiling
all_reduce_perf,3,24,67108864,16777216,float,sum,727.94,92.19,176.7,0,724.92,92.57,177.43,0,RING,LL128,24,RING,LL128,24,0,RING,A_flag_ceiling
all_reduce_perf,3,24,134217728,33554432,float,sum,1257.97,106.69,204.5,0,1258.15,106.68,204.47,0,RING,LL128,24,RING,LL128,24,0,RING,A_flag_ceiling
all_reduce_perf,3,24,268435456,67108864,float,sum,2418.48,110.99,212.74,0,2425.88,110.65,212.09,0,RING,LL128,24,RING,LL128,24,0,RING,A_flag_ceiling
all_reduce_perf,3,24,536870912,134217728,float,sum,4787.92,112.13,214.92,0,4807.87,111.66,214.02,0,RING,LL128,24,RING,LL128,24,0,RING,A_flag_ceiling
all_reduce_perf,3,24,4096,1024,float,sum,511.2,0.01,0.02,0,510.87,0.01,0.02,0,RING,SIMPLE,32,RING,SIMPLE,32,0,RING,A_flag_ceiling
all_reduce_perf,3,24,8192,2048,float,sum,511.56,0.02,0.03,0,511.6,0.02,0.03,0,RING,SIMPLE,32,RING,SIMPLE,32,0,RING,A_flag_ceiling
all_reduce_perf,3,24,16384,4096,float,sum,513.33,0.03,0.06,0,511.91,0.03,0.06,0,RING,SIMPLE,32,RING,SIMPLE,32,0,RING,A_flag_ceiling
all_reduce_perf,3,24,32768,8192,float,sum,519.39,0.06,0.12,0,511.82,0.06,0.12,0,RING,SIMPLE,32,RING,SIMPLE,32,0,RING,A_flag_ceiling
all_reduce_perf,3,24,65536,16384,float,sum,532.39,0.12,0.24,0,530.13,0.12,0.24,0,RING,SIMPLE,32,RING,SIMPLE,32,0,RING,A_flag_ceiling
all_reduce_perf,3,24,131072,32768,float,sum,565.17,0.23,0.44,0,564.17,0.23,0.45,0,RING,SIMPLE,32,RING,SIMPLE,32,0,RING,A_flag_ceiling
all_reduce_perf,3,24,262144,65536,float,sum,697.2,0.38,0.72,0,694.68,0.38,0.72,0,RING,SIMPLE,32,RING,SIMPLE,32,0,RING,A_flag_ceiling
all_reduce_perf,3,24,524288,131072,float,sum,698.91,0.75,1.44,0,697.3,0.75,1.44,0,RING,SIMPLE,32,RING,SIMPLE,32,0,RING,A_flag_ceiling
all_reduce_perf,3,24,1048576,262144,float,sum,697.18,1.5,2.88,0,695.88,1.51,2.89,0,RING,SIMPLE,32,RING,SIMPLE,32,0,RING,A_flag_ceiling
all_reduce_perf,3,24,2097152,524288,float,sum,698.59,3.0,5.75,0,698.93,3.0,5.75,0,RING,SIMPLE,32,RING,SIMPLE,32,0,RING,A_flag_ceiling
all_reduce_perf,3,24,4194304,1048576,float,sum,712.94,5.88,11.28,0,724.84,5.79,11.09,0,RING,SIMPLE,32,RING,SIMPLE,32,0,RING,A_flag_ceiling
all_reduce_perf,3,24,8388608,2097152,float,sum,717.37,11.69,22.41,0,714.41,11.74,22.51,0,RING,SIMPLE,32,RING,SIMPLE,32,0,RING,A_flag_ceiling
all_reduce_perf,3,24,16777216,4194304,float,sum,750.54,22.35,42.84,0,751.53,22.32,42.79,0,RING,SIMPLE,32,RING,SIMPLE,32,0,RING,A_flag_ceiling
all_reduce_perf,3,24,33554432,8388608,float,sum,768.71,43.65,83.66,0,767.92,43.7,83.75,0,RING,SIMPLE,32,RING,SIMPLE,32,0,RING,A_flag_ceiling
all_reduce_perf,3,24,67108864,16777216,float,sum,807.36,83.12,159.32,0,806.43,83.22,159.5,0,RING,SIMPLE,32,RING,SIMPLE,32,0,RING,A_flag_ceiling
all_reduce_perf,3,24,134217728,33554432,float,sum,1027.47,130.63,250.37,0,1002.04,133.94,256.73,0,RING,SIMPLE,32,RING,SIMPLE,32,0,RING,A_flag_ceiling
all_reduce_perf,3,24,268435456,67108864,float,sum,1553.89,172.75,331.11,0,1550.96,173.08,331.73,0,RING,SIMPLE,32,RING,SIMPLE,32,0,RING,A_flag_ceiling
all_reduce_perf,3,24,536870912,134217728,float,sum,2810.97,190.99,366.07,0,2810.88,191.0,366.08,0,RING,SIMPLE,32,RING,SIMPLE,32,0,RING,A_flag_ceiling
all_reduce_perf,3,24,4096,1024,float,sum,133.38,0.03,0.06,0,195.36,0.02,0.04,0,RING,LL,32,RING,LL,32,0,RING,A_flag_ceiling
all_reduce_perf,3,24,8192,2048,float,sum,136.83,0.06,0.11,0,137.38,0.06,0.11,0,RING,LL,32,RING,LL,32,0,RING,A_flag_ceiling
all_reduce_perf,3,24,16384,4096,float,sum,141.3,0.12,0.22,0,141.38,0.12,0.22,0,RING,LL,32,RING,LL,32,0,RING,A_flag_ceiling
all_reduce_perf,3,24,32768,8192,float,sum,174.99,0.19,0.36,0,172.9,0.19,0.36,0,RING,LL,32,RING,LL,32,0,RING,A_flag_ceiling
all_reduce_perf,3,24,65536,16384,float,sum,272.33,0.24,0.46,0,271.54,0.24,0.46,0,RING,LL,32,RING,LL,32,0,RING,A_flag_ceiling
all_reduce_perf,3,24,131072,32768,float,sum,269.53,0.49,0.93,0,269.9,0.49,0.93,0,RING,LL,32,RING,LL,32,0,RING,A_flag_ceiling
all_reduce_perf,3,24,262144,65536,float,sum,286.04,0.92,1.76,0,285.58,0.92,1.76,0,RING,LL,32,RING,LL,32,0,RING,A_flag_ceiling
all_reduce_perf,3,24,524288,131072,float,sum,368.96,1.42,2.72,0,292.95,1.79,3.43,0,RING,LL,32,RING,LL,32,0,RING,A_flag_ceiling
all_reduce_perf,3,24,1048576,262144,float,sum,323.22,3.24,6.22,0,322.42,3.25,6.23,0,RING,LL,32,RING,LL,32,0,RING,A_flag_ceiling
all_reduce_perf,3,24,2097152,524288,float,sum,373.12,5.62,10.77,0,374.42,5.6,10.74,0,RING,LL,32,RING,LL,32,0,RING,A_flag_ceiling
all_reduce_perf,3,24,4194304,1048576,float,sum,444.56,9.43,18.08,0,447.36,9.38,17.97,0,RING,LL,32,RING,LL,32,0,RING,A_flag_ceiling
all_reduce_perf,3,24,8388608,2097152,float,sum,560.53,14.97,28.68,0,556.43,15.08,28.9,0,RING,LL,32,RING,LL,32,0,RING,A_flag_ceiling
all_reduce_perf,3,24,16777216,4194304,float,sum,1052.11,15.95,30.56,0,1025.24,16.36,31.36,0,RING,LL,32,RING,LL,32,0,RING,A_flag_ceiling
all_reduce_perf,3,24,33554432,8388608,float,sum,1745.36,19.22,36.85,0,1752.64,19.15,36.69,0,RING,LL,32,RING,LL,32,0,RING,A_flag_ceiling
all_reduce_perf,3,24,67108864,16777216,float,sum,3427.51,19.58,37.53,0,3430.34,19.56,37.5,0,RING,LL,32,RING,LL,32,0,RING,A_flag_ceiling
all_reduce_perf,3,24,134217728,33554432,float,sum,6582.68,20.39,39.08,0,6565.66,20.44,39.18,0,RING,LL,32,RING,LL,32,0,RING,A_flag_ceiling
all_reduce_perf,3,24,268435456,67108864,float,sum,13133.9,20.44,39.17,0,13171.0,20.38,39.06,0,RING,LL,32,RING,LL,32,0,RING,A_flag_ceiling
all_reduce_perf,3,24,536870912,134217728,float,sum,25841.6,20.78,39.82,0,25698.7,20.89,40.04,0,RING,LL,32,RING,LL,32,0,RING,A_flag_ceiling
all_reduce_perf,3,24,4096,1024,float,sum,152.97,0.03,0.05,0,147.76,0.03,0.05,0,RING,LL128,32,RING,LL128,32,0,RING,A_flag_ceiling
all_reduce_perf,3,24,8192,2048,float,sum,149.06,0.05,0.11,0,147.38,0.06,0.11,0,RING,LL128,32,RING,LL128,32,0,RING,A_flag_ceiling
all_reduce_perf,3,24,16384,4096,float,sum,151.42,0.11,0.21,0,150.09,0.11,0.21,0,RING,LL128,32,RING,LL128,32,0,RING,A_flag_ceiling
all_reduce_perf,3,24,32768,8192,float,sum,154.2,0.21,0.41,0,152.64,0.21,0.41,0,RING,LL128,32,RING,LL128,32,0,RING,A_flag_ceiling
all_reduce_perf,3,24,65536,16384,float,sum,157.05,0.42,0.8,0,156.97,0.42,0.8,0,RING,LL128,32,RING,LL128,32,0,RING,A_flag_ceiling
all_reduce_perf,3,24,131072,32768,float,sum,178.32,0.74,1.41,0,183.61,0.71,1.37,0,RING,LL128,32,RING,LL128,32,0,RING,A_flag_ceiling
all_reduce_perf,3,24,262144,65536,float,sum,278.99,0.94,1.8,0,270.72,0.97,1.86,0,RING,LL128,32,RING,LL128,32,0,RING,A_flag_ceiling
all_reduce_perf,3,24,524288,131072,float,sum,269.84,1.94,3.72,0,270.81,1.94,3.71,0,RING,LL128,32,RING,LL128,32,0,RING,A_flag_ceiling
all_reduce_perf,3,24,1048576,262144,float,sum,280.52,3.74,7.16,0,271.27,3.87,7.41,0,RING,LL128,32,RING,LL128,32,0,RING,A_flag_ceiling
all_reduce_perf,3,24,2097152,524288,float,sum,268.9,7.8,14.95,0,270.07,7.77,14.88,0,RING,LL128,32,RING,LL128,32,0,RING,A_flag_ceiling
all_reduce_perf,3,24,4194304,1048576,float,sum,270.18,15.52,29.75,0,270.32,15.52,29.74,0,RING,LL128,32,RING,LL128,32,0,RING,A_flag_ceiling
all_reduce_perf,3,24,8388608,2097152,float,sum,274.64,30.54,58.54,0,273.17,30.71,58.86,0,RING,LL128,32,RING,LL128,32,0,RING,A_flag_ceiling
all_reduce_perf,3,24,16777216,4194304,float,sum,284.04,59.07,113.21,0,284.6,58.95,112.99,0,RING,LL128,32,RING,LL128,32,0,RING,A_flag_ceiling
all_reduce_perf,3,24,33554432,8388608,float,sum,325.75,103.01,197.43,0,315.56,106.33,203.81,0,RING,LL128,32,RING,LL128,32,0,RING,A_flag_ceiling
all_reduce_perf,3,24,67108864,16777216,float,sum,538.42,124.64,238.9,0,570.56,117.62,225.44,0,RING,LL128,32,RING,LL128,32,0,RING,A_flag_ceiling
all_reduce_perf,3,24,134217728,33554432,float,sum,1007.54,133.21,255.32,0,1005.95,133.42,255.73,0,RING,LL128,32,RING,LL128,32,0,RING,A_flag_ceiling
all_reduce_perf,3,24,268435456,67108864,float,sum,1970.41,136.23,261.11,0,1968.2,136.39,261.41,0,RING,LL128,32,RING,LL128,32,0,RING,A_flag_ceiling
all_reduce_perf,3,24,536870912,134217728,float,sum,3861.76,139.02,266.46,0,3867.65,138.81,266.05,0,RING,LL128,32,RING,LL128,32,0,RING,A_flag_ceiling
all_reduce_perf,3,24,4096,1024,float,sum,515.0,0.01,0.02,0,513.39,0.01,0.02,0,RING,SIMPLE,40,RING,SIMPLE,40,0,RING,A_flag_ceiling
all_reduce_perf,3,24,8192,2048,float,sum,513.05,0.02,0.03,0,512.11,0.02,0.03,0,RING,SIMPLE,40,RING,SIMPLE,40,0,RING,A_flag_ceiling
all_reduce_perf,3,24,16384,4096,float,sum,518.02,0.03,0.06,0,516.56,0.03,0.06,0,RING,SIMPLE,40,RING,SIMPLE,40,0,RING,A_flag_ceiling
all_reduce_perf,3,24,32768,8192,float,sum,522.09,0.06,0.12,0,519.13,0.06,0.12,0,RING,SIMPLE,40,RING,SIMPLE,40,0,RING,A_flag_ceiling
all_reduce_perf,3,24,65536,16384,float,sum,531.36,0.12,0.24,0,530.67,0.12,0.24,0,RING,SIMPLE,40,RING,SIMPLE,40,0,RING,A_flag_ceiling
all_reduce_perf,3,24,131072,32768,float,sum,574.86,0.23,0.44,0,564.17,0.23,0.45,0,RING,SIMPLE,40,RING,SIMPLE,40,0,RING,A_flag_ceiling
all_reduce_perf,3,24,262144,65536,float,sum,697.48,0.38,0.72,0,692.24,0.38,0.73,0,RING,SIMPLE,40,RING,SIMPLE,40,0,RING,A_flag_ceiling
all_reduce_perf,3,24,524288,131072,float,sum,697.14,0.75,1.44,0,696.73,0.75,1.44,0,RING,SIMPLE,40,RING,SIMPLE,40,0,RING,A_flag_ceiling
all_reduce_perf,3,24,1048576,262144,float,sum,697.15,1.5,2.88,0,697.1,1.5,2.88,0,RING,SIMPLE,40,RING,SIMPLE,40,0,RING,A_flag_ceiling
all_reduce_perf,3,24,2097152,524288,float,sum,787.15,2.66,5.11,0,785.68,2.67,5.12,0,RING,SIMPLE,40,RING,SIMPLE,40,0,RING,A_flag_ceiling
all_reduce_perf,3,24,4194304,1048576,float,sum,806.4,5.2,9.97,0,807.83,5.19,9.95,0,RING,SIMPLE,40,RING,SIMPLE,40,0,RING,A_flag_ceiling
all_reduce_perf,3,24,8388608,2097152,float,sum,816.09,10.28,19.7,0,812.98,10.32,19.78,0,RING,SIMPLE,40,RING,SIMPLE,40,0,RING,A_flag_ceiling
all_reduce_perf,3,24,16777216,4194304,float,sum,824.96,20.34,38.98,0,831.83,20.17,38.66,0,RING,SIMPLE,40,RING,SIMPLE,40,0,RING,A_flag_ceiling
all_reduce_perf,3,24,33554432,8388608,float,sum,857.09,39.15,75.04,0,857.53,39.13,75.0,0,RING,SIMPLE,40,RING,SIMPLE,40,0,RING,A_flag_ceiling
all_reduce_perf,3,24,67108864,16777216,float,sum,888.13,75.56,144.83,0,891.16,75.3,144.33,0,RING,SIMPLE,40,RING,SIMPLE,40,0,RING,A_flag_ceiling
all_reduce_perf,3,24,134217728,33554432,float,sum,1028.83,130.46,250.04,0,1040.16,129.04,247.32,0,RING,SIMPLE,40,RING,SIMPLE,40,0,RING,A_flag_ceiling
all_reduce_perf,3,24,268435456,67108864,float,sum,1502.09,178.71,342.52,0,1499.94,178.96,343.01,0,RING,SIMPLE,40,RING,SIMPLE,40,0,RING,A_flag_ceiling
all_reduce_perf,3,24,536870912,134217728,float,sum,2763.72,194.26,372.33,0,2767.11,194.02,371.87,0,RING,SIMPLE,40,RING,SIMPLE,40,0,RING,A_flag_ceiling
all_reduce_perf,3,24,4096,1024,float,sum,132.92,0.03,0.06,0,132.93,0.03,0.06,0,RING,LL,40,RING,LL,40,0,RING,A_flag_ceiling
all_reduce_perf,3,24,8192,2048,float,sum,137.28,0.06,0.11,0,137.72,0.06,0.11,0,RING,LL,40,RING,LL,40,0,RING,A_flag_ceiling
all_reduce_perf,3,24,16384,4096,float,sum,141.42,0.12,0.22,0,141.67,0.12,0.22,0,RING,LL,40,RING,LL,40,0,RING,A_flag_ceiling
all_reduce_perf,3,24,32768,8192,float,sum,174.37,0.19,0.36,0,172.53,0.19,0.36,0,RING,LL,40,RING,LL,40,0,RING,A_flag_ceiling
all_reduce_perf,3,24,65536,16384,float,sum,285.07,0.23,0.44,0,264.69,0.25,0.47,0,RING,LL,40,RING,LL,40,0,RING,A_flag_ceiling
all_reduce_perf,3,24,131072,32768,float,sum,270.3,0.48,0.93,0,270.52,0.48,0.93,0,RING,LL,40,RING,LL,40,0,RING,A_flag_ceiling
all_reduce_perf,3,24,262144,65536,float,sum,286.02,0.92,1.76,0,286.01,0.92,1.76,0,RING,LL,40,RING,LL,40,0,RING,A_flag_ceiling
all_reduce_perf,3,24,524288,131072,float,sum,338.46,1.55,2.97,0,335.94,1.56,2.99,0,RING,LL,40,RING,LL,40,0,RING,A_flag_ceiling
all_reduce_perf,3,24,1048576,262144,float,sum,385.13,2.72,5.22,0,376.59,2.78,5.34,0,RING,LL,40,RING,LL,40,0,RING,A_flag_ceiling
all_reduce_perf,3,24,2097152,524288,float,sum,425.12,4.93,9.46,0,423.44,4.95,9.49,0,RING,LL,40,RING,LL,40,0,RING,A_flag_ceiling
all_reduce_perf,3,24,4194304,1048576,float,sum,509.62,8.23,15.77,0,508.74,8.24,15.8,0,RING,LL,40,RING,LL,40,0,RING,A_flag_ceiling
all_reduce_perf,3,24,8388608,2097152,float,sum,634.48,13.22,25.34,0,633.42,13.24,25.38,0,RING,LL,40,RING,LL,40,0,RING,A_flag_ceiling
all_reduce_perf,3,24,16777216,4194304,float,sum,1097.17,15.29,29.31,0,1099.03,15.27,29.26,0,RING,LL,40,RING,LL,40,0,RING,A_flag_ceiling
all_reduce_perf,3,24,33554432,8388608,float,sum,1882.78,17.82,34.16,0,1887.17,17.78,34.08,0,RING,LL,40,RING,LL,40,0,RING,A_flag_ceiling
all_reduce_perf,3,24,67108864,16777216,float,sum,3434.77,19.54,37.45,0,3446.79,19.47,37.32,0,RING,LL,40,RING,LL,40,0,RING,A_flag_ceiling
all_reduce_perf,3,24,134217728,33554432,float,sum,6513.56,20.61,39.49,0,6497.09,20.66,39.59,0,RING,LL,40,RING,LL,40,0,RING,A_flag_ceiling
all_reduce_perf,3,24,268435456,67108864,float,sum,12840.4,20.91,40.07,0,12801.6,20.97,40.19,0,RING,LL,40,RING,LL,40,0,RING,A_flag_ceiling
all_reduce_perf,3,24,536870912,134217728,float,sum,25356.0,21.17,40.58,0,25310.6,21.21,40.65,0,RING,LL,40,RING,LL,40,0,RING,A_flag_ceiling
all_reduce_perf,3,24,4096,1024,float,sum,154.91,0.03,0.05,0,152.57,0.03,0.05,0,RING,LL128,40,RING,LL128,40,0,RING,A_flag_ceiling
all_reduce_perf,3,24,8192,2048,float,sum,151.92,0.05,0.1,0,152.27,0.05,0.1,0,RING,LL128,40,RING,LL128,40,0,RING,A_flag_ceiling
all_reduce_perf,3,24,16384,4096,float,sum,152.17,0.11,0.21,0,152.26,0.11,0.21,0,RING,LL128,40,RING,LL128,40,0,RING,A_flag_ceiling
all_reduce_perf,3,24,32768,8192,float,sum,153.69,0.21,0.41,0,152.88,0.21,0.41,0,RING,LL128,40,RING,LL128,40,0,RING,A_flag_ceiling
all_reduce_perf,3,24,65536,16384,float,sum,159.26,0.41,0.79,0,158.87,0.41,0.79,0,RING,LL128,40,RING,LL128,40,0,RING,A_flag_ceiling
all_reduce_perf,3,24,131072,32768,float,sum,186.01,0.7,1.35,0,188.63,0.69,1.33,0,RING,LL128,40,RING,LL128,40,0,RING,A_flag_ceiling
all_reduce_perf,3,24,262144,65536,float,sum,275.8,0.95,1.82,0,280.62,0.93,1.79,0,RING,LL128,40,RING,LL128,40,0,RING,A_flag_ceiling
all_reduce_perf,3,24,524288,131072,float,sum,277.63,1.89,3.62,0,277.51,1.89,3.62,0,RING,LL128,40,RING,LL128,40,0,RING,A_flag_ceiling
all_reduce_perf,3,24,1048576,262144,float,sum,277.99,3.77,7.23,0,277.71,3.78,7.24,0,RING,LL128,40,RING,LL128,40,0,RING,A_flag_ceiling
all_reduce_perf,3,24,2097152,524288,float,sum,320.92,6.53,12.53,0,320.62,6.54,12.54,0,RING,LL128,40,RING,LL128,40,0,RING,A_flag_ceiling
all_reduce_perf,3,24,4194304,1048576,float,sum,326.43,12.85,24.63,0,327.77,12.8,24.53,0,RING,LL128,40,RING,LL128,40,0,RING,A_flag_ceiling
all_reduce_perf,3,24,8388608,2097152,float,sum,330.61,25.37,48.63,0,327.57,25.61,49.08,0,RING,LL128,40,RING,LL128,40,0,RING,A_flag_ceiling
all_reduce_perf,3,24,16777216,4194304,float,sum,332.66,50.43,96.66,0,333.5,50.31,96.42,0,RING,LL128,40,RING,LL128,40,0,RING,A_flag_ceiling
all_reduce_perf,3,24,33554432,8388608,float,sum,367.11,91.4,175.19,0,358.86,93.5,179.21,0,RING,LL128,40,RING,LL128,40,0,RING,A_flag_ceiling
all_reduce_perf,3,24,67108864,16777216,float,sum,479.62,139.92,268.18,0,489.45,137.11,262.8,0,RING,LL128,40,RING,LL128,40,0,RING,A_flag_ceiling
all_reduce_perf,3,24,134217728,33554432,float,sum,950.25,141.25,270.72,0,949.37,141.38,270.97,0,RING,LL128,40,RING,LL128,40,0,RING,A_flag_ceiling
all_reduce_perf,3,24,268435456,67108864,float,sum,1749.45,153.44,294.09,0,1743.88,153.93,295.03,0,RING,LL128,40,RING,LL128,40,0,RING,A_flag_ceiling
all_reduce_perf,3,24,536870912,134217728,float,sum,3440.62,156.04,299.07,0,3440.99,156.02,299.04,0,RING,LL128,40,RING,LL128,40,0,RING,A_flag_ceiling
all_reduce_perf,3,24,4096,1024,float,sum,514.07,0.01,0.02,0,509.33,0.01,0.02,0,RING,SIMPLE,48,RING,SIMPLE,48,0,RING,A_flag_ceiling
all_reduce_perf,3,24,8192,2048,float,sum,511.71,0.02,0.03,0,510.75,0.02,0.03,0,RING,SIMPLE,48,RING,SIMPLE,48,0,RING,A_flag_ceiling
all_reduce_perf,3,24,16384,4096,float,sum,516.62,0.03,0.06,0,516.46,0.03,0.06,0,RING,SIMPLE,48,RING,SIMPLE,48,0,RING,A_flag_ceiling
all_reduce_perf,3,24,32768,8192,float,sum,527.34,0.06,0.12,0,525.62,0.06,0.12,0,RING,SIMPLE,48,RING,SIMPLE,48,0,RING,A_flag_ceiling
all_reduce_perf,3,24,65536,16384,float,sum,532.08,0.12,0.24,0,531.78,0.12,0.24,0,RING,SIMPLE,48,RING,SIMPLE,48,0,RING,A_flag_ceiling
all_reduce_perf,3,24,131072,32768,float,sum,568.65,0.23,0.44,0,566.54,0.23,0.44,0,RING,SIMPLE,48,RING,SIMPLE,48,0,RING,A_flag_ceiling
all_reduce_perf,3,24,262144,65536,float,sum,707.33,0.37,0.71,0,706.49,0.37,0.71,0,RING,SIMPLE,48,RING,SIMPLE,48,0,RING,A_flag_ceiling
all_reduce_perf,3,24,524288,131072,float,sum,705.86,0.74,1.42,0,706.49,0.74,1.42,0,RING,SIMPLE,48,RING,SIMPLE,48,0,RING,A_flag_ceiling
all_reduce_perf,3,24,1048576,262144,float,sum,836.76,1.25,2.4,0,836.96,1.25,2.4,0,RING,SIMPLE,48,RING,SIMPLE,48,0,RING,A_flag_ceiling
all_reduce_perf,3,24,2097152,524288,float,sum,834.28,2.51,4.82,0,835.29,2.51,4.81,0,RING,SIMPLE,48,RING,SIMPLE,48,0,RING,A_flag_ceiling
all_reduce_perf,3,24,4194304,1048576,float,sum,888.34,4.72,9.05,0,885.92,4.73,9.07,0,RING,SIMPLE,48,RING,SIMPLE,48,0,RING,A_flag_ceiling
all_reduce_perf,3,24,8388608,2097152,float,sum,885.55,9.47,18.16,0,887.88,9.45,18.11,0,RING,SIMPLE,48,RING,SIMPLE,48,0,RING,A_flag_ceiling
all_reduce_perf,3,24,16777216,4194304,float,sum,931.16,18.02,34.53,0,930.32,18.03,34.56,0,RING,SIMPLE,48,RING,SIMPLE,48,0,RING,A_flag_ceiling
all_reduce_perf,3,24,33554432,8388608,float,sum,963.72,34.82,66.73,0,961.54,34.9,66.89,0,RING,SIMPLE,48,RING,SIMPLE,48,0,RING,A_flag_ceiling
all_reduce_perf,3,24,67108864,16777216,float,sum,1003.6,66.87,128.16,0,1001.77,66.99,128.4,0,RING,SIMPLE,48,RING,SIMPLE,48,0,RING,A_flag_ceiling
all_reduce_perf,3,24,134217728,33554432,float,sum,1103.43,121.64,233.14,0,1102.18,121.77,233.4,0,RING,SIMPLE,48,RING,SIMPLE,48,0,RING,A_flag_ceiling
all_reduce_perf,3,24,268435456,67108864,float,sum,1493.44,179.74,344.51,0,1498.63,179.12,343.32,0,RING,SIMPLE,48,RING,SIMPLE,48,0,RING,A_flag_ceiling
all_reduce_perf,3,24,536870912,134217728,float,sum,2749.04,195.29,374.31,0,2746.66,195.46,374.64,0,RING,SIMPLE,48,RING,SIMPLE,48,0,RING,A_flag_ceiling
all_reduce_perf,3,24,4096,1024,float,sum,132.08,0.03,0.06,0,131.4,0.03,0.06,0,RING,LL,48,RING,LL,48,0,RING,A_flag_ceiling
all_reduce_perf,3,24,8192,2048,float,sum,136.64,0.06,0.11,0,143.36,0.06,0.11,0,RING,LL,48,RING,LL,48,0,RING,A_flag_ceiling
all_reduce_perf,3,24,16384,4096,float,sum,143.2,0.11,0.22,0,140.32,0.12,0.22,0,RING,LL,48,RING,LL,48,0,RING,A_flag_ceiling
all_reduce_perf,3,24,32768,8192,float,sum,173.39,0.19,0.36,0,172.1,0.19,0.36,0,RING,LL,48,RING,LL,48,0,RING,A_flag_ceiling
all_reduce_perf,3,24,65536,16384,float,sum,267.51,0.24,0.47,0,265.93,0.25,0.47,0,RING,LL,48,RING,LL,48,0,RING,A_flag_ceiling
all_reduce_perf,3,24,131072,32768,float,sum,268.09,0.49,0.94,0,267.89,0.49,0.94,0,RING,LL,48,RING,LL,48,0,RING,A_flag_ceiling
all_reduce_perf,3,24,262144,65536,float,sum,349.19,0.75,1.44,0,350.29,0.75,1.43,0,RING,LL,48,RING,LL,48,0,RING,A_flag_ceiling
all_reduce_perf,3,24,524288,131072,float,sum,368.47,1.42,2.73,0,370.5,1.42,2.71,0,RING,LL,48,RING,LL,48,0,RING,A_flag_ceiling
all_reduce_perf,3,24,1048576,262144,float,sum,413.47,2.54,4.86,0,406.81,2.58,4.94,0,RING,LL,48,RING,LL,48,0,RING,A_flag_ceiling
all_reduce_perf,3,24,2097152,524288,float,sum,451.58,4.64,8.9,0,438.43,4.78,9.17,0,RING,LL,48,RING,LL,48,0,RING,A_flag_ceiling
all_reduce_perf,3,24,4194304,1048576,float,sum,540.73,7.76,14.87,0,542.36,7.73,14.82,0,RING,LL,48,RING,LL,48,0,RING,A_flag_ceiling
all_reduce_perf,3,24,8388608,2097152,float,sum,683.79,12.27,23.51,0,684.41,12.26,23.49,0,RING,LL,48,RING,LL,48,0,RING,A_flag_ceiling
all_reduce_perf,3,24,16777216,4194304,float,sum,903.62,18.57,35.59,0,901.78,18.6,35.66,0,RING,LL,48,RING,LL,48,0,RING,A_flag_ceiling
all_reduce_perf,3,24,33554432,8388608,float,sum,1724.18,19.46,37.3,0,1752.83,19.14,36.69,0,RING,LL,48,RING,LL,48,0,RING,A_flag_ceiling
all_reduce_perf,3,24,67108864,16777216,float,sum,3376.97,19.87,38.09,0,3362.66,19.96,38.25,0,RING,LL,48,RING,LL,48,0,RING,A_flag_ceiling
all_reduce_perf,3,24,134217728,33554432,float,sum,6590.12,20.37,39.04,0,6616.44,20.29,38.88,0,RING,LL,48,RING,LL,48,0,RING,A_flag_ceiling
all_reduce_perf,3,24,268435456,67108864,float,sum,12879.7,20.84,39.95,0,13039.4,20.59,39.46,0,RING,LL,48,RING,LL,48,0,RING,A_flag_ceiling
all_reduce_perf,3,24,536870912,134217728,float,sum,25964.7,20.68,39.63,0,25773.9,20.83,39.92,0,RING,LL,48,RING,LL,48,0,RING,A_flag_ceiling
all_reduce_perf,3,24,4096,1024,float,sum,157.23,0.03,0.05,0,152.99,0.03,0.05,0,RING,LL128,48,RING,LL128,48,0,RING,A_flag_ceiling
all_reduce_perf,3,24,8192,2048,float,sum,153.87,0.05,0.1,0,152.69,0.05,0.1,0,RING,LL128,48,RING,LL128,48,0,RING,A_flag_ceiling
all_reduce_perf,3,24,16384,4096,float,sum,154.21,0.11,0.2,0,154.0,0.11,0.2,0,RING,LL128,48,RING,LL128,48,0,RING,A_flag_ceiling
all_reduce_perf,3,24,32768,8192,float,sum,154.69,0.21,0.41,0,154.35,0.21,0.41,0,RING,LL128,48,RING,LL128,48,0,RING,A_flag_ceiling
all_reduce_perf,3,24,65536,16384,float,sum,158.7,0.41,0.79,0,158.71,0.41,0.79,0,RING,LL128,48,RING,LL128,48,0,RING,A_flag_ceiling
all_reduce_perf,3,24,131072,32768,float,sum,180.16,0.73,1.39,0,180.54,0.73,1.39,0,RING,LL128,48,RING,LL128,48,0,RING,A_flag_ceiling
all_reduce_perf,3,24,262144,65536,float,sum,269.81,0.97,1.86,0,270.64,0.97,1.86,0,RING,LL128,48,RING,LL128,48,0,RING,A_flag_ceiling
all_reduce_perf,3,24,524288,131072,float,sum,269.01,1.95,3.74,0,269.27,1.95,3.73,0,RING,LL128,48,RING,LL128,48,0,RING,A_flag_ceiling
all_reduce_perf,3,24,1048576,262144,float,sum,344.93,3.04,5.83,0,343.94,3.05,5.84,0,RING,LL128,48,RING,LL128,48,0,RING,A_flag_ceiling
all_reduce_perf,3,24,2097152,524288,float,sum,341.03,6.15,11.79,0,343.95,6.1,11.69,0,RING,LL128,48,RING,LL128,48,0,RING,A_flag_ceiling
all_reduce_perf,3,24,4194304,1048576,float,sum,368.79,11.37,21.8,0,370.09,11.33,21.72,0,RING,LL128,48,RING,LL128,48,0,RING,A_flag_ceiling
all_reduce_perf,3,24,8388608,2097152,float,sum,367.72,22.81,43.72,0,374.32,22.41,42.95,0,RING,LL128,48,RING,LL128,48,0,RING,A_flag_ceiling
all_reduce_perf,3,24,16777216,4194304,float,sum,376.68,44.54,85.37,0,375.76,44.65,85.58,0,RING,LL128,48,RING,LL128,48,0,RING,A_flag_ceiling
all_reduce_perf,3,24,33554432,8388608,float,sum,398.19,84.27,161.51,0,400.75,83.73,160.48,0,RING,LL128,48,RING,LL128,48,0,RING,A_flag_ceiling
all_reduce_perf,3,24,67108864,16777216,float,sum,479.1,140.07,268.47,0,476.96,140.7,269.68,0,RING,LL128,48,RING,LL128,48,0,RING,A_flag_ceiling
all_reduce_perf,3,24,134217728,33554432,float,sum,1055.44,127.17,243.74,0,1057.38,126.93,243.29,0,RING,LL128,48,RING,LL128,48,0,RING,A_flag_ceiling
all_reduce_perf,3,24,268435456,67108864,float,sum,1741.18,154.17,295.49,0,1739.64,154.31,295.75,0,RING,LL128,48,RING,LL128,48,0,RING,A_flag_ceiling
all_reduce_perf,3,24,536870912,134217728,float,sum,3230.44,166.19,318.53,0,3233.26,166.05,318.26,0,RING,LL128,48,RING,LL128,48,0,RING,A_flag_ceiling
all_reduce_perf,3,24,4096,1024,float,sum,115.15,0.04,0.07,0,113.22,0.04,0.07,0,TREE,SIMPLE,1,TREE,SIMPLE,1,0,TREE,A_flag_ceiling
all_reduce_perf,3,24,8192,2048,float,sum,117.02,0.07,0.13,0,115.82,0.07,0.14,0,TREE,SIMPLE,1,TREE,SIMPLE,1,0,TREE,A_flag_ceiling
all_reduce_perf,3,24,16384,4096,float,sum,124.11,0.13,0.25,0,122.46,0.13,0.26,0,TREE,SIMPLE,1,TREE,SIMPLE,1,0,TREE,A_flag_ceiling
all_reduce_perf,3,24,32768,8192,float,sum,146.96,0.22,0.43,0,145.3,0.23,0.43,0,TREE,SIMPLE,1,TREE,SIMPLE,1,0,TREE,A_flag_ceiling
all_reduce_perf,3,24,65536,16384,float,sum,157.97,0.41,0.8,0,156.12,0.42,0.8,0,TREE,SIMPLE,1,TREE,SIMPLE,1,0,TREE,A_flag_ceiling
all_reduce_perf,3,24,131072,32768,float,sum,182.71,0.72,1.37,0,180.27,0.73,1.39,0,TREE,SIMPLE,1,TREE,SIMPLE,1,0,TREE,A_flag_ceiling
all_reduce_perf,3,24,262144,65536,float,sum,229.9,1.14,2.19,0,221.65,1.18,2.27,0,TREE,SIMPLE,1,TREE,SIMPLE,1,0,TREE,A_flag_ceiling
all_reduce_perf,3,24,524288,131072,float,sum,305.4,1.72,3.29,0,294.98,1.78,3.41,0,TREE,SIMPLE,1,TREE,SIMPLE,1,0,TREE,A_flag_ceiling
all_reduce_perf,3,24,1048576,262144,float,sum,439.62,2.39,4.57,0,466.09,2.25,4.31,0,TREE,SIMPLE,1,TREE,SIMPLE,1,0,TREE,A_flag_ceiling
all_reduce_perf,3,24,2097152,524288,float,sum,703.27,2.98,5.72,0,678.31,3.09,5.93,0,TREE,SIMPLE,1,TREE,SIMPLE,1,0,TREE,A_flag_ceiling
all_reduce_perf,3,24,4194304,1048576,float,sum,1107.36,3.79,7.26,0,1082.12,3.88,7.43,0,TREE,SIMPLE,1,TREE,SIMPLE,1,0,TREE,A_flag_ceiling
all_reduce_perf,3,24,8388608,2097152,float,sum,1961.24,4.28,8.2,0,1907.22,4.4,8.43,0,TREE,SIMPLE,1,TREE,SIMPLE,1,0,TREE,A_flag_ceiling
all_reduce_perf,3,24,16777216,4194304,float,sum,3387.54,4.95,9.49,0,3346.6,5.01,9.61,0,TREE,SIMPLE,1,TREE,SIMPLE,1,0,TREE,A_flag_ceiling
all_reduce_perf,3,24,33554432,8388608,float,sum,6329.77,5.3,10.16,0,6270.83,5.35,10.26,0,TREE,SIMPLE,1,TREE,SIMPLE,1,0,TREE,A_flag_ceiling
all_reduce_perf,3,24,67108864,16777216,float,sum,12026.8,5.58,10.69,0,11958.3,5.61,10.76,0,TREE,SIMPLE,1,TREE,SIMPLE,1,0,TREE,A_flag_ceiling
all_reduce_perf,3,24,134217728,33554432,float,sum,23438.2,5.73,10.98,0,23339.7,5.75,11.02,0,TREE,SIMPLE,1,TREE,SIMPLE,1,0,TREE,A_flag_ceiling
all_reduce_perf,3,24,268435456,67108864,float,sum,46322.6,5.79,11.11,0,46032.2,5.83,11.18,0,TREE,SIMPLE,1,TREE,SIMPLE,1,0,TREE,A_flag_ceiling
all_reduce_perf,3,24,536870912,134217728,float,sum,91923.9,5.84,11.19,0,91169.0,5.89,11.29,0,TREE,SIMPLE,1,TREE,SIMPLE,1,0,TREE,A_flag_ceiling
all_reduce_perf,3,24,4096,1024,float,sum,82.89,0.05,0.09,0,79.98,0.05,0.1,0,TREE,LL,1,TREE,LL,1,0,TREE,A_flag_ceiling
all_reduce_perf,3,24,8192,2048,float,sum,98.14,0.08,0.16,0,97.71,0.08,0.16,0,TREE,LL,1,TREE,LL,1,0,TREE,A_flag_ceiling
all_reduce_perf,3,24,16384,4096,float,sum,132.92,0.12,0.24,0,132.43,0.12,0.24,0,TREE,LL,1,TREE,LL,1,0,TREE,A_flag_ceiling
all_reduce_perf,3,24,32768,8192,float,sum,152.64,0.21,0.41,0,151.81,0.22,0.41,0,TREE,LL,1,TREE,LL,1,0,TREE,A_flag_ceiling
all_reduce_perf,3,24,65536,16384,float,sum,192.82,0.34,0.65,0,192.42,0.34,0.65,0,TREE,LL,1,TREE,LL,1,0,TREE,A_flag_ceiling
all_reduce_perf,3,24,131072,32768,float,sum,275.08,0.48,0.91,0,276.39,0.47,0.91,0,TREE,LL,1,TREE,LL,1,0,TREE,A_flag_ceiling
all_reduce_perf,3,24,262144,65536,float,sum,442.22,0.59,1.14,0,441.3,0.59,1.14,0,TREE,LL,1,TREE,LL,1,0,TREE,A_flag_ceiling
all_reduce_perf,3,24,524288,131072,float,sum,768.4,0.68,1.31,0,771.36,0.68,1.3,0,TREE,LL,1,TREE,LL,1,0,TREE,A_flag_ceiling
all_reduce_perf,3,24,1048576,262144,float,sum,1426.86,0.73,1.41,0,1426.53,0.74,1.41,0,TREE,LL,1,TREE,LL,1,0,TREE,A_flag_ceiling
all_reduce_perf,3,24,2097152,524288,float,sum,2745.26,0.76,1.46,0,2753.66,0.76,1.46,0,TREE,LL,1,TREE,LL,1,0,TREE,A_flag_ceiling
all_reduce_perf,3,24,4194304,1048576,float,sum,5378.29,0.78,1.49,0,5375.22,0.78,1.5,0,TREE,LL,1,TREE,LL,1,0,TREE,A_flag_ceiling
all_reduce_perf,3,24,8388608,2097152,float,sum,10676.6,0.79,1.51,0,10713.2,0.78,1.5,0,TREE,LL,1,TREE,LL,1,0,TREE,A_flag_ceiling
all_reduce_perf,3,24,16777216,4194304,float,sum,21275.8,0.79,1.51,0,21276.3,0.79,1.51,0,TREE,LL,1,TREE,LL,1,0,TREE,A_flag_ceiling
all_reduce_perf,3,24,33554432,8388608,float,sum,42529.0,0.79,1.51,0,42453.6,0.79,1.51,0,TREE,LL,1,TREE,LL,1,0,TREE,A_flag_ceiling
all_reduce_perf,3,24,67108864,16777216,float,sum,84872.6,0.79,1.52,0,84885.7,0.79,1.52,0,TREE,LL,1,TREE,LL,1,0,TREE,A_flag_ceiling
all_reduce_perf,3,24,134217728,33554432,float,sum,169757.0,0.79,1.52,0,169854.0,0.79,1.51,0,TREE,LL,1,TREE,LL,1,0,TREE,A_flag_ceiling
all_reduce_perf,3,24,268435456,67108864,float,sum,339645.0,0.79,1.51,0,339317.0,0.79,1.52,0,TREE,LL,1,TREE,LL,1,0,TREE,A_flag_ceiling
all_reduce_perf,3,24,536870912,134217728,float,sum,678499.0,0.79,1.52,0,679152.0,0.79,1.52,0,TREE,LL,1,TREE,LL,1,0,TREE,A_flag_ceiling
all_reduce_perf,3,24,4096,1024,float,sum,81.64,0.05,0.1,0,80.73,0.05,0.1,0,TREE,LL128,1,TREE,LL128,1,0,TREE,A_flag_ceiling
all_reduce_perf,3,24,8192,2048,float,sum,82.99,0.1,0.19,0,82.99,0.1,0.19,0,TREE,LL128,1,TREE,LL128,1,0,TREE,A_flag_ceiling
all_reduce_perf,3,24,16384,4096,float,sum,88.68,0.18,0.35,0,94.92,0.17,0.33,0,TREE,LL128,1,TREE,LL128,1,0,TREE,A_flag_ceiling
all_reduce_perf,3,24,32768,8192,float,sum,96.86,0.34,0.65,0,96.99,0.34,0.65,0,TREE,LL128,1,TREE,LL128,1,0,TREE,A_flag_ceiling
all_reduce_perf,3,24,65536,16384,float,sum,102.93,0.64,1.22,0,102.79,0.64,1.22,0,TREE,LL128,1,TREE,LL128,1,0,TREE,A_flag_ceiling
all_reduce_perf,3,24,131072,32768,float,sum,118.5,1.11,2.12,0,117.94,1.11,2.13,0,TREE,LL128,1,TREE,LL128,1,0,TREE,A_flag_ceiling
all_reduce_perf,3,24,262144,65536,float,sum,153.56,1.71,3.27,0,154.85,1.69,3.24,0,TREE,LL128,1,TREE,LL128,1,0,TREE,A_flag_ceiling
all_reduce_perf,3,24,524288,131072,float,sum,217.93,2.41,4.61,0,215.94,2.43,4.65,0,TREE,LL128,1,TREE,LL128,1,0,TREE,A_flag_ceiling
all_reduce_perf,3,24,1048576,262144,float,sum,353.27,2.97,5.69,0,348.99,3.0,5.76,0,TREE,LL128,1,TREE,LL128,1,0,TREE,A_flag_ceiling
all_reduce_perf,3,24,2097152,524288,float,sum,590.43,3.55,6.81,0,578.93,3.62,6.94,0,TREE,LL128,1,TREE,LL128,1,0,TREE,A_flag_ceiling
all_reduce_perf,3,24,4194304,1048576,float,sum,1066.96,3.93,7.53,0,1050.43,3.99,7.65,0,TREE,LL128,1,TREE,LL128,1,0,TREE,A_flag_ceiling
all_reduce_perf,3,24,8388608,2097152,float,sum,2018.65,4.16,7.96,0,1996.05,4.2,8.05,0,TREE,LL128,1,TREE,LL128,1,0,TREE,A_flag_ceiling
all_reduce_perf,3,24,16777216,4194304,float,sum,3931.33,4.27,8.18,0,3931.48,4.27,8.18,0,TREE,LL128,1,TREE,LL128,1,0,TREE,A_flag_ceiling
all_reduce_perf,3,24,33554432,8388608,float,sum,7642.46,4.39,8.42,0,7666.37,4.38,8.39,0,TREE,LL128,1,TREE,LL128,1,0,TREE,A_flag_ceiling
all_reduce_perf,3,24,67108864,16777216,float,sum,14868.7,4.51,8.65,0,14952.7,4.49,8.6,0,TREE,LL128,1,TREE,LL128,1,0,TREE,A_flag_ceiling
all_reduce_perf,3,24,134217728,33554432,float,sum,29359.5,4.57,8.76,0,29522.9,4.55,8.71,0,TREE,LL128,1,TREE,LL128,1,0,TREE,A_flag_ceiling
all_reduce_perf,3,24,268435456,67108864,float,sum,58269.6,4.61,8.83,0,58613.3,4.58,8.78,0,TREE,LL128,1,TREE,LL128,1,0,TREE,A_flag_ceiling
all_reduce_perf,3,24,536870912,134217728,float,sum,116086.0,4.62,8.86,0,116939.0,4.59,8.8,0,TREE,LL128,1,TREE,LL128,1,0,TREE,A_flag_ceiling
all_reduce_perf,3,24,4096,1024,float,sum,115.32,0.04,0.07,0,112.79,0.04,0.07,0,TREE,SIMPLE,2,TREE,SIMPLE,2,0,TREE,A_flag_ceiling
all_reduce_perf,3,24,8192,2048,float,sum,117.4,0.07,0.13,0,116.19,0.07,0.14,0,TREE,SIMPLE,2,TREE,SIMPLE,2,0,TREE,A_flag_ceiling
all_reduce_perf,3,24,16384,4096,float,sum,118.27,0.14,0.27,0,115.5,0.14,0.27,0,TREE,SIMPLE,2,TREE,SIMPLE,2,0,TREE,A_flag_ceiling
all_reduce_perf,3,24,32768,8192,float,sum,124.5,0.26,0.5,0,122.51,0.27,0.51,0,TREE,SIMPLE,2,TREE,SIMPLE,2,0,TREE,A_flag_ceiling
all_reduce_perf,3,24,65536,16384,float,sum,146.72,0.45,0.86,0,145.19,0.45,0.87,0,TREE,SIMPLE,2,TREE,SIMPLE,2,0,TREE,A_flag_ceiling
all_reduce_perf,3,24,131072,32768,float,sum,159.06,0.82,1.58,0,157.71,0.83,1.59,0,TREE,SIMPLE,2,TREE,SIMPLE,2,0,TREE,A_flag_ceiling
all_reduce_perf,3,24,262144,65536,float,sum,184.72,1.42,2.72,0,179.99,1.46,2.79,0,TREE,SIMPLE,2,TREE,SIMPLE,2,0,TREE,A_flag_ceiling
all_reduce_perf,3,24,524288,131072,float,sum,231.76,2.26,4.34,0,221.69,2.36,4.53,0,TREE,SIMPLE,2,TREE,SIMPLE,2,0,TREE,A_flag_ceiling
all_reduce_perf,3,24,1048576,262144,float,sum,308.86,3.39,6.51,0,298.45,3.51,6.73,0,TREE,SIMPLE,2,TREE,SIMPLE,2,0,TREE,A_flag_ceiling
all_reduce_perf,3,24,2097152,524288,float,sum,447.4,4.69,8.98,0,432.23,4.85,9.3,0,TREE,SIMPLE,2,TREE,SIMPLE,2,0,TREE,A_flag_ceiling
all_reduce_perf,3,24,4194304,1048576,float,sum,715.73,5.86,11.23,0,693.63,6.05,11.59,0,TREE,SIMPLE,2,TREE,SIMPLE,2,0,TREE,A_flag_ceiling
all_reduce_perf,3,24,8388608,2097152,float,sum,1142.18,7.34,14.08,0,1108.88,7.56,14.5,0,TREE,SIMPLE,2,TREE,SIMPLE,2,0,TREE,A_flag_ceiling
all_reduce_perf,3,24,16777216,4194304,float,sum,2037.69,8.23,15.78,0,2005.3,8.37,16.04,0,TREE,SIMPLE,2,TREE,SIMPLE,2,0,TREE,A_flag_ceiling
all_reduce_perf,3,24,33554432,8388608,float,sum,3594.53,9.33,17.89,0,3563.34,9.42,18.05,0,TREE,SIMPLE,2,TREE,SIMPLE,2,0,TREE,A_flag_ceiling
all_reduce_perf,3,24,67108864,16777216,float,sum,6599.68,10.17,19.49,0,6557.5,10.23,19.62,0,TREE,SIMPLE,2,TREE,SIMPLE,2,0,TREE,A_flag_ceiling
all_reduce_perf,3,24,134217728,33554432,float,sum,12575.3,10.67,20.46,0,12511.5,10.73,20.56,0,TREE,SIMPLE,2,TREE,SIMPLE,2,0,TREE,A_flag_ceiling
all_reduce_perf,3,24,268435456,67108864,float,sum,24511.1,10.95,20.99,0,24428.2,10.99,21.06,0,TREE,SIMPLE,2,TREE,SIMPLE,2,0,TREE,A_flag_ceiling
all_reduce_perf,3,24,536870912,134217728,float,sum,48503.4,11.07,21.22,0,48141.6,11.15,21.37,0,TREE,SIMPLE,2,TREE,SIMPLE,2,0,TREE,A_flag_ceiling
all_reduce_perf,3,24,4096,1024,float,sum,73.12,0.06,0.11,0,71.82,0.06,0.11,0,TREE,LL,2,TREE,LL,2,0,TREE,A_flag_ceiling
all_reduce_perf,3,24,8192,2048,float,sum,81.24,0.1,0.19,0,81.09,0.1,0.19,0,TREE,LL,2,TREE,LL,2,0,TREE,A_flag_ceiling
all_reduce_perf,3,24,16384,4096,float,sum,99.59,0.16,0.32,0,98.73,0.17,0.32,0,TREE,LL,2,TREE,LL,2,0,TREE,A_flag_ceiling
all_reduce_perf,3,24,32768,8192,float,sum,133.52,0.25,0.47,0,132.47,0.25,0.47,0,TREE,LL,2,TREE,LL,2,0,TREE,A_flag_ceiling
all_reduce_perf,3,24,65536,16384,float,sum,155.92,0.42,0.81,0,151.98,0.43,0.83,0,TREE,LL,2,TREE,LL,2,0,TREE,A_flag_ceiling
all_reduce_perf,3,24,131072,32768,float,sum,195.85,0.67,1.28,0,195.99,0.67,1.28,0,TREE,LL,2,TREE,LL,2,0,TREE,A_flag_ceiling
all_reduce_perf,3,24,262144,65536,float,sum,282.51,0.93,1.78,0,283.58,0.92,1.77,0,TREE,LL,2,TREE,LL,2,0,TREE,A_flag_ceiling
all_reduce_perf,3,24,524288,131072,float,sum,456.27,1.15,2.2,0,457.39,1.15,2.2,0,TREE,LL,2,TREE,LL,2,0,TREE,A_flag_ceiling
all_reduce_perf,3,24,1048576,262144,float,sum,803.98,1.3,2.5,0,804.62,1.3,2.5,0,TREE,LL,2,TREE,LL,2,0,TREE,A_flag_ceiling
all_reduce_perf,3,24,2097152,524288,float,sum,1505.03,1.39,2.67,0,1501.58,1.4,2.68,0,TREE,LL,2,TREE,LL,2,0,TREE,A_flag_ceiling
all_reduce_perf,3,24,4194304,1048576,float,sum,2892.42,1.45,2.78,0,2895.59,1.45,2.78,0,TREE,LL,2,TREE,LL,2,0,TREE,A_flag_ceiling
all_reduce_perf,3,24,8388608,2097152,float,sum,5665.05,1.48,2.84,0,5675.43,1.48,2.83,0,TREE,LL,2,TREE,LL,2,0,TREE,A_flag_ceiling
all_reduce_perf,3,24,16777216,4194304,float,sum,11256.3,1.49,2.86,0,11252.1,1.49,2.86,0,TREE,LL,2,TREE,LL,2,0,TREE,A_flag_ceiling
all_reduce_perf,3,24,33554432,8388608,float,sum,22459.0,1.49,2.86,0,22439.3,1.5,2.87,0,TREE,LL,2,TREE,LL,2,0,TREE,A_flag_ceiling
all_reduce_perf,3,24,67108864,16777216,float,sum,44673.4,1.5,2.88,0,44781.8,1.5,2.87,0,TREE,LL,2,TREE,LL,2,0,TREE,A_flag_ceiling
all_reduce_perf,3,24,134217728,33554432,float,sum,89215.2,1.5,2.88,0,89245.7,1.5,2.88,0,TREE,LL,2,TREE,LL,2,0,TREE,A_flag_ceiling
all_reduce_perf,3,24,268435456,67108864,float,sum,178119.0,1.51,2.89,0,178328.0,1.51,2.89,0,TREE,LL,2,TREE,LL,2,0,TREE,A_flag_ceiling
all_reduce_perf,3,24,536870912,134217728,float,sum,355720.0,1.51,2.89,0,356558.0,1.51,2.89,0,TREE,LL,2,TREE,LL,2,0,TREE,A_flag_ceiling
all_reduce_perf,3,24,4096,1024,float,sum,83.59,0.05,0.09,0,80.29,0.05,0.1,0,TREE,LL128,2,TREE,LL128,2,0,TREE,A_flag_ceiling
all_reduce_perf,3,24,8192,2048,float,sum,83.82,0.1,0.19,0,83.07,0.1,0.19,0,TREE,LL128,2,TREE,LL128,2,0,TREE,A_flag_ceiling
all_reduce_perf,3,24,16384,4096,float,sum,84.29,0.19,0.37,0,83.03,0.2,0.38,0,TREE,LL128,2,TREE,LL128,2,0,TREE,A_flag_ceiling
all_reduce_perf,3,24,32768,8192,float,sum,89.46,0.37,0.7,0,88.42,0.37,0.71,0,TREE,LL128,2,TREE,LL128,2,0,TREE,A_flag_ceiling
all_reduce_perf,3,24,65536,16384,float,sum,97.51,0.67,1.29,0,97.94,0.67,1.28,0,TREE,LL128,2,TREE,LL128,2,0,TREE,A_flag_ceiling
all_reduce_perf,3,24,131072,32768,float,sum,104.09,1.26,2.41,0,104.23,1.26,2.41,0,TREE,LL128,2,TREE,LL128,2,0,TREE,A_flag_ceiling
all_reduce_perf,3,24,262144,65536,float,sum,120.0,2.18,4.19,0,119.48,2.19,4.21,0,TREE,LL128,2,TREE,LL128,2,0,TREE,A_flag_ceiling
all_reduce_perf,3,24,524288,131072,float,sum,155.7,3.37,6.45,0,155.62,3.37,6.46,0,TREE,LL128,2,TREE,LL128,2,0,TREE,A_flag_ceiling
all_reduce_perf,3,24,1048576,262144,float,sum,219.94,4.77,9.14,0,216.1,4.85,9.3,0,TREE,LL128,2,TREE,LL128,2,0,TREE,A_flag_ceiling
all_reduce_perf,3,24,2097152,524288,float,sum,358.51,5.85,11.21,0,352.68,5.95,11.4,0,TREE,LL128,2,TREE,LL128,2,0,TREE,A_flag_ceiling
all_reduce_perf,3,24,4194304,1048576,float,sum,611.11,6.86,13.15,0,595.48,7.04,13.5,0,TREE,LL128,2,TREE,LL128,2,0,TREE,A_flag_ceiling
all_reduce_perf,3,24,8388608,2097152,float,sum,1109.15,7.56,14.5,0,1090.61,7.69,14.74,0,TREE,LL128,2,TREE,LL128,2,0,TREE,A_flag_ceiling
all_reduce_perf,3,24,16777216,4194304,float,sum,2110.05,7.95,15.24,0,2099.77,7.99,15.31,0,TREE,LL128,2,TREE,LL128,2,0,TREE,A_flag_ceiling
all_reduce_perf,3,24,33554432,8388608,float,sum,4116.12,8.15,15.62,0,4113.6,8.16,15.63,0,TREE,LL128,2,TREE,LL128,2,0,TREE,A_flag_ceiling
all_reduce_perf,3,24,67108864,16777216,float,sum,8042.53,8.34,15.99,0,8066.09,8.32,15.95,0,TREE,LL128,2,TREE,LL128,2,0,TREE,A_flag_ceiling
all_reduce_perf,3,24,134217728,33554432,float,sum,15787.8,8.5,16.29,0,15874.2,8.46,16.21,0,TREE,LL128,2,TREE,LL128,2,0,TREE,A_flag_ceiling
all_reduce_perf,3,24,268435456,67108864,float,sum,31351.9,8.56,16.41,0,31538.7,8.51,16.31,0,TREE,LL128,2,TREE,LL128,2,0,TREE,A_flag_ceiling
all_reduce_perf,3,24,536870912,134217728,float,sum,62358.7,8.61,16.5,0,62799.0,8.55,16.39,0,TREE,LL128,2,TREE,LL128,2,0,TREE,A_flag_ceiling
all_reduce_perf,3,24,4096,1024,float,sum,115.8,0.04,0.07,0,113.9,0.04,0.07,0,TREE,SIMPLE,4,TREE,SIMPLE,4,0,TREE,A_flag_ceiling
all_reduce_perf,3,24,8192,2048,float,sum,117.66,0.07,0.13,0,116.48,0.07,0.13,0,TREE,SIMPLE,4,TREE,SIMPLE,4,0,TREE,A_flag_ceiling
all_reduce_perf,3,24,16384,4096,float,sum,118.97,0.14,0.26,0,116.35,0.14,0.27,0,TREE,SIMPLE,4,TREE,SIMPLE,4,0,TREE,A_flag_ceiling
all_reduce_perf,3,24,32768,8192,float,sum,118.3,0.28,0.53,0,116.29,0.28,0.54,0,TREE,SIMPLE,4,TREE,SIMPLE,4,0,TREE,A_flag_ceiling
all_reduce_perf,3,24,65536,16384,float,sum,125.53,0.52,1.0,0,123.08,0.53,1.02,0,TREE,SIMPLE,4,TREE,SIMPLE,4,0,TREE,A_flag_ceiling
all_reduce_perf,3,24,131072,32768,float,sum,148.45,0.88,1.69,0,146.57,0.89,1.71,0,TREE,SIMPLE,4,TREE,SIMPLE,4,0,TREE,A_flag_ceiling
all_reduce_perf,3,24,262144,65536,float,sum,160.72,1.63,3.13,0,157.83,1.66,3.18,0,TREE,SIMPLE,4,TREE,SIMPLE,4,0,TREE,A_flag_ceiling
all_reduce_perf,3,24,524288,131072,float,sum,184.88,2.84,5.44,0,180.65,2.9,5.56,0,TREE,SIMPLE,4,TREE,SIMPLE,4,0,TREE,A_flag_ceiling
all_reduce_perf,3,24,1048576,262144,float,sum,231.62,4.53,8.68,0,223.79,4.69,8.98,0,TREE,SIMPLE,4,TREE,SIMPLE,4,0,TREE,A_flag_ceiling
all_reduce_perf,3,24,2097152,524288,float,sum,314.9,6.66,12.76,0,305.52,6.86,13.16,0,TREE,SIMPLE,4,TREE,SIMPLE,4,0,TREE,A_flag_ceiling
all_reduce_perf,3,24,4194304,1048576,float,sum,454.23,9.23,17.7,0,441.91,9.49,18.19,0,TREE,SIMPLE,4,TREE,SIMPLE,4,0,TREE,A_flag_ceiling
all_reduce_perf,3,24,8388608,2097152,float,sum,726.15,11.55,22.14,0,709.4,11.82,22.66,0,TREE,SIMPLE,4,TREE,SIMPLE,4,0,TREE,A_flag_ceiling
all_reduce_perf,3,24,16777216,4194304,float,sum,1174.08,14.29,27.39,0,1161.5,14.44,27.69,0,TREE,SIMPLE,4,TREE,SIMPLE,4,0,TREE,A_flag_ceiling
all_reduce_perf,3,24,33554432,8388608,float,sum,2081.88,16.12,30.89,0,2082.07,16.12,30.89,0,TREE,SIMPLE,4,TREE,SIMPLE,4,0,TREE,A_flag_ceiling
all_reduce_perf,3,24,67108864,16777216,float,sum,3713.21,18.07,34.64,0,3731.46,17.98,34.47,0,TREE,SIMPLE,4,TREE,SIMPLE,4,0,TREE,A_flag_ceiling
all_reduce_perf,3,24,134217728,33554432,float,sum,7006.03,19.16,36.72,0,7061.56,19.01,36.43,0,TREE,SIMPLE,4,TREE,SIMPLE,4,0,TREE,A_flag_ceiling
all_reduce_perf,3,24,268435456,67108864,float,sum,13333.1,20.13,38.59,0,13432.5,19.98,38.3,0,TREE,SIMPLE,4,TREE,SIMPLE,4,0,TREE,A_flag_ceiling
all_reduce_perf,3,24,536870912,134217728,float,sum,26018.7,20.63,39.55,0,26153.2,20.53,39.35,0,TREE,SIMPLE,4,TREE,SIMPLE,4,0,TREE,A_flag_ceiling
all_reduce_perf,3,24,4096,1024,float,sum,72.46,0.06,0.11,0,72.01,0.06,0.11,0,TREE,LL,4,TREE,LL,4,0,TREE,A_flag_ceiling
all_reduce_perf,3,24,8192,2048,float,sum,73.64,0.11,0.21,0,73.56,0.11,0.21,0,TREE,LL,4,TREE,LL,4,0,TREE,A_flag_ceiling
all_reduce_perf,3,24,16384,4096,float,sum,81.57,0.2,0.38,0,80.98,0.2,0.39,0,TREE,LL,4,TREE,LL,4,0,TREE,A_flag_ceiling
all_reduce_perf,3,24,32768,8192,float,sum,100.41,0.33,0.63,0,99.86,0.33,0.63,0,TREE,LL,4,TREE,LL,4,0,TREE,A_flag_ceiling
all_reduce_perf,3,24,65536,16384,float,sum,136.01,0.48,0.92,0,135.06,0.49,0.93,0,TREE,LL,4,TREE,LL,4,0,TREE,A_flag_ceiling
all_reduce_perf,3,24,131072,32768,float,sum,155.71,0.84,1.61,0,154.99,0.85,1.62,0,TREE,LL,4,TREE,LL,4,0,TREE,A_flag_ceiling
all_reduce_perf,3,24,262144,65536,float,sum,196.68,1.33,2.55,0,196.66,1.33,2.55,0,TREE,LL,4,TREE,LL,4,0,TREE,A_flag_ceiling
all_reduce_perf,3,24,524288,131072,float,sum,283.06,1.85,3.55,0,284.09,1.85,3.54,0,TREE,LL,4,TREE,LL,4,0,TREE,A_flag_ceiling
all_reduce_perf,3,24,1048576,262144,float,sum,457.24,2.29,4.4,0,457.5,2.29,4.39,0,TREE,LL,4,TREE,LL,4,0,TREE,A_flag_ceiling
all_reduce_perf,3,24,2097152,524288,float,sum,803.52,2.61,5.0,0,807.27,2.6,4.98,0,TREE,LL,4,TREE,LL,4,0,TREE,A_flag_ceiling
all_reduce_perf,3,24,4194304,1048576,float,sum,1498.7,2.8,5.36,0,1499.85,2.8,5.36,0,TREE,LL,4,TREE,LL,4,0,TREE,A_flag_ceiling
all_reduce_perf,3,24,8388608,2097152,float,sum,2889.65,2.9,5.56,0,2891.64,2.9,5.56,0,TREE,LL,4,TREE,LL,4,0,TREE,A_flag_ceiling
all_reduce_perf,3,24,16777216,4194304,float,sum,5669.48,2.96,5.67,0,5676.05,2.96,5.67,0,TREE,LL,4,TREE,LL,4,0,TREE,A_flag_ceiling
all_reduce_perf,3,24,33554432,8388608,float,sum,11255.7,2.98,5.71,0,11246.7,2.98,5.72,0,TREE,LL,4,TREE,LL,4,0,TREE,A_flag_ceiling
all_reduce_perf,3,24,67108864,16777216,float,sum,22468.3,2.99,5.72,0,22466.8,2.99,5.73,0,TREE,LL,4,TREE,LL,4,0,TREE,A_flag_ceiling
all_reduce_perf,3,24,134217728,33554432,float,sum,44694.1,3.0,5.76,0,44733.3,3.0,5.75,0,TREE,LL,4,TREE,LL,4,0,TREE,A_flag_ceiling
all_reduce_perf,3,24,268435456,67108864,float,sum,89207.0,3.01,5.77,0,89250.7,3.01,5.76,0,TREE,LL,4,TREE,LL,4,0,TREE,A_flag_ceiling
all_reduce_perf,3,24,536870912,134217728,float,sum,178244.0,3.01,5.77,0,178462.0,3.01,5.77,0,TREE,LL,4,TREE,LL,4,0,TREE,A_flag_ceiling
all_reduce_perf,3,24,4096,1024,float,sum,80.71,0.05,0.1,0,80.65,0.05,0.1,0,TREE,LL128,4,TREE,LL128,4,0,TREE,A_flag_ceiling
all_reduce_perf,3,24,8192,2048,float,sum,83.66,0.1,0.19,0,83.19,0.1,0.19,0,TREE,LL128,4,TREE,LL128,4,0,TREE,A_flag_ceiling
all_reduce_perf,3,24,16384,4096,float,sum,83.86,0.2,0.37,0,83.57,0.2,0.38,0,TREE,LL128,4,TREE,LL128,4,0,TREE,A_flag_ceiling
all_reduce_perf,3,24,32768,8192,float,sum,85.69,0.38,0.73,0,84.22,0.39,0.75,0,TREE,LL128,4,TREE,LL128,4,0,TREE,A_flag_ceiling
all_reduce_perf,3,24,65536,16384,float,sum,90.33,0.73,1.39,0,90.26,0.73,1.39,0,TREE,LL128,4,TREE,LL128,4,0,TREE,A_flag_ceiling
all_reduce_perf,3,24,131072,32768,float,sum,98.51,1.33,2.55,0,98.36,1.33,2.55,0,TREE,LL128,4,TREE,LL128,4,0,TREE,A_flag_ceiling
all_reduce_perf,3,24,262144,65536,float,sum,105.27,2.49,4.77,0,106.09,2.47,4.74,0,TREE,LL128,4,TREE,LL128,4,0,TREE,A_flag_ceiling
all_reduce_perf,3,24,524288,131072,float,sum,120.54,4.35,8.34,0,120.27,4.36,8.35,0,TREE,LL128,4,TREE,LL128,4,0,TREE,A_flag_ceiling
all_reduce_perf,3,24,1048576,262144,float,sum,159.22,6.59,12.62,0,157.62,6.65,12.75,0,TREE,LL128,4,TREE,LL128,4,0,TREE,A_flag_ceiling
all_reduce_perf,3,24,2097152,524288,float,sum,229.1,9.15,17.54,0,226.73,9.25,17.73,0,TREE,LL128,4,TREE,LL128,4,0,TREE,A_flag_ceiling
all_reduce_perf,3,24,4194304,1048576,float,sum,422.56,9.93,19.02,0,374.43,11.2,21.47,0,TREE,LL128,4,TREE,LL128,4,0,TREE,A_flag_ceiling
all_reduce_perf,3,24,8388608,2097152,float,sum,674.42,12.44,23.84,0,633.52,13.24,25.38,0,TREE,LL128,4,TREE,LL128,4,0,TREE,A_flag_ceiling
all_reduce_perf,3,24,16777216,4194304,float,sum,1175.43,14.27,27.36,0,1170.41,14.33,27.47,0,TREE,LL128,4,TREE,LL128,4,0,TREE,A_flag_ceiling
all_reduce_perf,3,24,33554432,8388608,float,sum,2238.07,14.99,28.74,0,2244.2,14.95,28.66,0,TREE,LL128,4,TREE,LL128,4,0,TREE,A_flag_ceiling
all_reduce_perf,3,24,67108864,16777216,float,sum,4366.59,15.37,29.46,0,4389.34,15.29,29.3,0,TREE,LL128,4,TREE,LL128,4,0,TREE,A_flag_ceiling
all_reduce_perf,3,24,134217728,33554432,float,sum,8565.61,15.67,30.03,0,8610.1,15.59,29.88,0,TREE,LL128,4,TREE,LL128,4,0,TREE,A_flag_ceiling
all_reduce_perf,3,24,268435456,67108864,float,sum,16938.7,15.85,30.37,0,17043.3,15.75,30.19,0,TREE,LL128,4,TREE,LL128,4,0,TREE,A_flag_ceiling
all_reduce_perf,3,24,536870912,134217728,float,sum,33617.4,15.97,30.61,0,33923.0,15.83,30.33,0,TREE,LL128,4,TREE,LL128,4,0,TREE,A_flag_ceiling
all_reduce_perf,3,24,4096,1024,float,sum,118.72,0.03,0.07,0,113.13,0.04,0.07,0,TREE,SIMPLE,8,TREE,SIMPLE,8,0,TREE,A_flag_ceiling
all_reduce_perf,3,24,8192,2048,float,sum,117.23,0.07,0.13,0,115.54,0.07,0.14,0,TREE,SIMPLE,8,TREE,SIMPLE,8,0,TREE,A_flag_ceiling
all_reduce_perf,3,24,16384,4096,float,sum,118.34,0.14,0.27,0,116.33,0.14,0.27,0,TREE,SIMPLE,8,TREE,SIMPLE,8,0,TREE,A_flag_ceiling
all_reduce_perf,3,24,32768,8192,float,sum,118.48,0.28,0.53,0,116.57,0.28,0.54,0,TREE,SIMPLE,8,TREE,SIMPLE,8,0,TREE,A_flag_ceiling
all_reduce_perf,3,24,65536,16384,float,sum,119.13,0.55,1.05,0,116.65,0.56,1.08,0,TREE,SIMPLE,8,TREE,SIMPLE,8,0,TREE,A_flag_ceiling
all_reduce_perf,3,24,131072,32768,float,sum,127.07,1.03,1.98,0,124.22,1.06,2.02,0,TREE,SIMPLE,8,TREE,SIMPLE,8,0,TREE,A_flag_ceiling
all_reduce_perf,3,24,262144,65536,float,sum,149.19,1.76,3.37,0,146.49,1.79,3.43,0,TREE,SIMPLE,8,TREE,SIMPLE,8,0,TREE,A_flag_ceiling
all_reduce_perf,3,24,524288,131072,float,sum,161.14,3.25,6.24,0,160.36,3.27,6.27,0,TREE,SIMPLE,8,TREE,SIMPLE,8,0,TREE,A_flag_ceiling
all_reduce_perf,3,24,1048576,262144,float,sum,186.26,5.63,10.79,0,181.94,5.76,11.05,0,TREE,SIMPLE,8,TREE,SIMPLE,8,0,TREE,A_flag_ceiling
all_reduce_perf,3,24,2097152,524288,float,sum,234.12,8.96,17.17,0,226.32,9.27,17.76,0,TREE,SIMPLE,8,TREE,SIMPLE,8,0,TREE,A_flag_ceiling
all_reduce_perf,3,24,4194304,1048576,float,sum,318.03,13.19,25.28,0,308.82,13.58,26.03,0,TREE,SIMPLE,8,TREE,SIMPLE,8,0,TREE,A_flag_ceiling
all_reduce_perf,3,24,8388608,2097152,float,sum,456.76,18.37,35.2,0,443.74,18.9,36.23,0,TREE,SIMPLE,8,TREE,SIMPLE,8,0,TREE,A_flag_ceiling
all_reduce_perf,3,24,16777216,4194304,float,sum,734.16,22.85,43.8,0,716.9,23.4,44.85,0,TREE,SIMPLE,8,TREE,SIMPLE,8,0,TREE,A_flag_ceiling
all_reduce_perf,3,24,33554432,8388608,float,sum,1181.13,28.41,54.45,0,1166.07,28.78,55.15,0,TREE,SIMPLE,8,TREE,SIMPLE,8,0,TREE,A_flag_ceiling
all_reduce_perf,3,24,67108864,16777216,float,sum,2096.6,32.01,61.35,0,2075.43,32.33,61.98,0,TREE,SIMPLE,8,TREE,SIMPLE,8,0,TREE,A_flag_ceiling
all_reduce_perf,3,24,134217728,33554432,float,sum,3736.46,35.92,68.85,0,3711.78,36.16,69.31,0,TREE,SIMPLE,8,TREE,SIMPLE,8,0,TREE,A_flag_ceiling
all_reduce_perf,3,24,268435456,67108864,float,sum,7059.69,38.02,72.88,0,7028.01,38.2,73.21,0,TREE,SIMPLE,8,TREE,SIMPLE,8,0,TREE,A_flag_ceiling
all_reduce_perf,3,24,536870912,134217728,float,sum,13429.3,39.98,76.62,0,13353.8,40.2,77.06,0,TREE,SIMPLE,8,TREE,SIMPLE,8,0,TREE,A_flag_ceiling
all_reduce_perf,3,24,4096,1024,float,sum,74.45,0.06,0.11,0,72.36,0.06,0.11,0,TREE,LL,8,TREE,LL,8,0,TREE,A_flag_ceiling
all_reduce_perf,3,24,8192,2048,float,sum,72.74,0.11,0.22,0,72.55,0.11,0.22,0,TREE,LL,8,TREE,LL,8,0,TREE,A_flag_ceiling
all_reduce_perf,3,24,16384,4096,float,sum,73.77,0.22,0.43,0,72.76,0.23,0.43,0,TREE,LL,8,TREE,LL,8,0,TREE,A_flag_ceiling
all_reduce_perf,3,24,32768,8192,float,sum,82.15,0.4,0.76,0,81.17,0.4,0.77,0,TREE,LL,8,TREE,LL,8,0,TREE,A_flag_ceiling
all_reduce_perf,3,24,65536,16384,float,sum,102.26,0.64,1.23,0,100.01,0.66,1.26,0,TREE,LL,8,TREE,LL,8,0,TREE,A_flag_ceiling
all_reduce_perf,3,24,131072,32768,float,sum,135.8,0.97,1.85,0,135.57,0.97,1.85,0,TREE,LL,8,TREE,LL,8,0,TREE,A_flag_ceiling
all_reduce_perf,3,24,262144,65536,float,sum,156.45,1.68,3.21,0,155.43,1.69,3.23,0,TREE,LL,8,TREE,LL,8,0,TREE,A_flag_ceiling
all_reduce_perf,3,24,524288,131072,float,sum,204.53,2.56,4.91,0,201.54,2.6,4.99,0,TREE,LL,8,TREE,LL,8,0,TREE,A_flag_ceiling
all_reduce_perf,3,24,1048576,262144,float,sum,292.92,3.58,6.86,0,292.18,3.59,6.88,0,TREE,LL,8,TREE,LL,8,0,TREE,A_flag_ceiling
all_reduce_perf,3,24,2097152,524288,float,sum,473.03,4.43,8.5,0,536.64,3.91,7.49,0,TREE,LL,8,TREE,LL,8,0,TREE,A_flag_ceiling
all_reduce_perf,3,24,4194304,1048576,float,sum,836.93,5.01,9.61,0,836.3,5.02,9.61,0,TREE,LL,8,TREE,LL,8,0,TREE,A_flag_ceiling
all_reduce_perf,3,24,8388608,2097152,float,sum,1557.76,5.39,10.32,0,1552.9,5.4,10.35,0,TREE,LL,8,TREE,LL,8,0,TREE,A_flag_ceiling
all_reduce_perf,3,24,16777216,4194304,float,sum,3005.27,5.58,10.7,0,2999.83,5.59,10.72,0,TREE,LL,8,TREE,LL,8,0,TREE,A_flag_ceiling
all_reduce_perf,3,24,33554432,8388608,float,sum,5908.06,5.68,10.89,0,5887.28,5.7,10.92,0,TREE,LL,8,TREE,LL,8,0,TREE,A_flag_ceiling
all_reduce_perf,3,24,67108864,16777216,float,sum,11715.7,5.73,10.98,0,11664.2,5.75,11.03,0,TREE,LL,8,TREE,LL,8,0,TREE,A_flag_ceiling
all_reduce_perf,3,24,134217728,33554432,float,sum,23373.0,5.74,11.01,0,23300.4,5.76,11.04,0,TREE,LL,8,TREE,LL,8,0,TREE,A_flag_ceiling
all_reduce_perf,3,24,268435456,67108864,float,sum,46521.2,5.77,11.06,0,46338.9,5.79,11.1,0,TREE,LL,8,TREE,LL,8,0,TREE,A_flag_ceiling
all_reduce_perf,3,24,536870912,134217728,float,sum,92744.6,5.79,11.1,0,92469.3,5.81,11.13,0,TREE,LL,8,TREE,LL,8,0,TREE,A_flag_ceiling
all_reduce_perf,3,24,4096,1024,float,sum,80.08,0.05,0.1,0,82.73,0.05,0.09,0,TREE,LL128,8,TREE,LL128,8,0,TREE,A_flag_ceiling
all_reduce_perf,3,24,8192,2048,float,sum,83.2,0.1,0.19,0,82.59,0.1,0.19,0,TREE,LL128,8,TREE,LL128,8,0,TREE,A_flag_ceiling
all_reduce_perf,3,24,16384,4096,float,sum,83.61,0.2,0.38,0,83.39,0.2,0.38,0,TREE,LL128,8,TREE,LL128,8,0,TREE,A_flag_ceiling
all_reduce_perf,3,24,32768,8192,float,sum,84.89,0.39,0.74,0,84.18,0.39,0.75,0,TREE,LL128,8,TREE,LL128,8,0,TREE,A_flag_ceiling
all_reduce_perf,3,24,65536,16384,float,sum,85.04,0.77,1.48,0,84.64,0.77,1.48,0,TREE,LL128,8,TREE,LL128,8,0,TREE,A_flag_ceiling
all_reduce_perf,3,24,131072,32768,float,sum,91.19,1.44,2.76,0,90.74,1.44,2.77,0,TREE,LL128,8,TREE,LL128,8,0,TREE,A_flag_ceiling
all_reduce_perf,3,24,262144,65536,float,sum,99.49,2.63,5.05,0,98.95,2.65,5.08,0,TREE,LL128,8,TREE,LL128,8,0,TREE,A_flag_ceiling
all_reduce_perf,3,24,524288,131072,float,sum,106.81,4.91,9.41,0,106.23,4.94,9.46,0,TREE,LL128,8,TREE,LL128,8,0,TREE,A_flag_ceiling
all_reduce_perf,3,24,1048576,262144,float,sum,121.66,8.62,16.52,0,120.66,8.69,16.66,0,TREE,LL128,8,TREE,LL128,8,0,TREE,A_flag_ceiling
all_reduce_perf,3,24,2097152,524288,float,sum,159.99,13.11,25.12,0,158.6,13.22,25.34,0,TREE,LL128,8,TREE,LL128,8,0,TREE,A_flag_ceiling
all_reduce_perf,3,24,4194304,1048576,float,sum,228.66,18.34,35.16,0,225.16,18.63,35.7,0,TREE,LL128,8,TREE,LL128,8,0,TREE,A_flag_ceiling
all_reduce_perf,3,24,8388608,2097152,float,sum,376.34,22.29,42.72,0,371.18,22.6,43.32,0,TREE,LL128,8,TREE,LL128,8,0,TREE,A_flag_ceiling
all_reduce_perf,3,24,16777216,4194304,float,sum,643.28,26.08,49.99,0,636.66,26.35,50.51,0,TREE,LL128,8,TREE,LL128,8,0,TREE,A_flag_ceiling
all_reduce_perf,3,24,33554432,8388608,float,sum,1177.52,28.5,54.62,0,1170.54,28.67,54.94,0,TREE,LL128,8,TREE,LL128,8,0,TREE,A_flag_ceiling
all_reduce_perf,3,24,67108864,16777216,float,sum,2241.94,29.93,57.37,0,2240.73,29.95,57.4,0,TREE,LL128,8,TREE,LL128,8,0,TREE,A_flag_ceiling
all_reduce_perf,3,24,134217728,33554432,float,sum,4379.64,30.65,58.74,0,4378.42,30.65,58.75,0,TREE,LL128,8,TREE,LL128,8,0,TREE,A_flag_ceiling
all_reduce_perf,3,24,268435456,67108864,float,sum,8594.15,31.23,59.87,0,8615.65,31.16,59.72,0,TREE,LL128,8,TREE,LL128,8,0,TREE,A_flag_ceiling
all_reduce_perf,3,24,536870912,134217728,float,sum,17019.0,31.55,60.46,0,17050.5,31.49,60.35,0,TREE,LL128,8,TREE,LL128,8,0,TREE,A_flag_ceiling
all_reduce_perf,3,24,4096,1024,float,sum,115.36,0.04,0.07,0,113.54,0.04,0.07,0,TREE,SIMPLE,16,TREE,SIMPLE,16,0,TREE,A_flag_ceiling
all_reduce_perf,3,24,8192,2048,float,sum,117.12,0.07,0.13,0,116.28,0.07,0.14,0,TREE,SIMPLE,16,TREE,SIMPLE,16,0,TREE,A_flag_ceiling
all_reduce_perf,3,24,16384,4096,float,sum,118.89,0.14,0.26,0,116.88,0.14,0.27,0,TREE,SIMPLE,16,TREE,SIMPLE,16,0,TREE,A_flag_ceiling
all_reduce_perf,3,24,32768,8192,float,sum,118.27,0.28,0.53,0,116.69,0.28,0.54,0,TREE,SIMPLE,16,TREE,SIMPLE,16,0,TREE,A_flag_ceiling
all_reduce_perf,3,24,65536,16384,float,sum,120.82,0.54,1.04,0,117.5,0.56,1.07,0,TREE,SIMPLE,16,TREE,SIMPLE,16,0,TREE,A_flag_ceiling
all_reduce_perf,3,24,131072,32768,float,sum,120.98,1.08,2.08,0,119.71,1.09,2.1,0,TREE,SIMPLE,16,TREE,SIMPLE,16,0,TREE,A_flag_ceiling
all_reduce_perf,3,24,262144,65536,float,sum,129.81,2.02,3.87,0,127.95,2.05,3.93,0,TREE,SIMPLE,16,TREE,SIMPLE,16,0,TREE,A_flag_ceiling
all_reduce_perf,3,24,524288,131072,float,sum,152.71,3.43,6.58,0,150.87,3.48,6.66,0,TREE,SIMPLE,16,TREE,SIMPLE,16,0,TREE,A_flag_ceiling
all_reduce_perf,3,24,1048576,262144,float,sum,165.4,6.34,12.15,0,169.06,6.2,11.89,0,TREE,SIMPLE,16,TREE,SIMPLE,16,0,TREE,A_flag_ceiling
all_reduce_perf,3,24,2097152,524288,float,sum,192.22,10.91,20.91,0,185.76,11.29,21.64,0,TREE,SIMPLE,16,TREE,SIMPLE,16,0,TREE,A_flag_ceiling
all_reduce_perf,3,24,4194304,1048576,float,sum,237.86,17.63,33.8,0,230.81,18.17,34.83,0,TREE,SIMPLE,16,TREE,SIMPLE,16,0,TREE,A_flag_ceiling
all_reduce_perf,3,24,8388608,2097152,float,sum,320.24,26.19,50.21,0,310.59,27.01,51.77,0,TREE,SIMPLE,16,TREE,SIMPLE,16,0,TREE,A_flag_ceiling
all_reduce_perf,3,24,16777216,4194304,float,sum,462.22,36.3,69.57,0,450.91,37.21,71.31,0,TREE,SIMPLE,16,TREE,SIMPLE,16,0,TREE,A_flag_ceiling
all_reduce_perf,3,24,33554432,8388608,float,sum,741.22,45.27,86.77,0,726.84,46.16,88.48,0,TREE,SIMPLE,16,TREE,SIMPLE,16,0,TREE,A_flag_ceiling
all_reduce_perf,3,24,67108864,16777216,float,sum,1175.85,57.07,109.39,0,1175.16,57.11,109.45,0,TREE,SIMPLE,16,TREE,SIMPLE,16,0,TREE,A_flag_ceiling
all_reduce_perf,3,24,134217728,33554432,float,sum,2082.35,64.45,123.54,0,2088.54,64.26,123.17,0,TREE,SIMPLE,16,TREE,SIMPLE,16,0,TREE,A_flag_ceiling
all_reduce_perf,3,24,268435456,67108864,float,sum,3708.81,72.38,138.72,0,3716.9,72.22,138.42,0,TREE,SIMPLE,16,TREE,SIMPLE,16,0,TREE,A_flag_ceiling
all_reduce_perf,3,24,536870912,134217728,float,sum,6935.47,77.41,148.37,0,6934.14,77.42,148.4,0,TREE,SIMPLE,16,TREE,SIMPLE,16,0,TREE,A_flag_ceiling
all_reduce_perf,3,24,4096,1024,float,sum,72.28,0.06,0.11,0,72.28,0.06,0.11,0,TREE,LL,16,TREE,LL,16,0,TREE,A_flag_ceiling
all_reduce_perf,3,24,8192,2048,float,sum,73.04,0.11,0.21,0,72.66,0.11,0.22,0,TREE,LL,16,TREE,LL,16,0,TREE,A_flag_ceiling
all_reduce_perf,3,24,16384,4096,float,sum,73.65,0.22,0.43,0,73.03,0.22,0.43,0,TREE,LL,16,TREE,LL,16,0,TREE,A_flag_ceiling
all_reduce_perf,3,24,32768,8192,float,sum,76.23,0.43,0.82,0,75.68,0.43,0.83,0,TREE,LL,16,TREE,LL,16,0,TREE,A_flag_ceiling
all_reduce_perf,3,24,65536,16384,float,sum,85.07,0.77,1.48,0,84.97,0.77,1.48,0,TREE,LL,16,TREE,LL,16,0,TREE,A_flag_ceiling
all_reduce_perf,3,24,131072,32768,float,sum,103.61,1.27,2.42,0,104.29,1.26,2.41,0,TREE,LL,16,TREE,LL,16,0,TREE,A_flag_ceiling
all_reduce_perf,3,24,262144,65536,float,sum,139.74,1.88,3.6,0,139.83,1.87,3.59,0,TREE,LL,16,TREE,LL,16,0,TREE,A_flag_ceiling
all_reduce_perf,3,24,524288,131072,float,sum,159.75,3.28,6.29,0,159.57,3.29,6.3,0,TREE,LL,16,TREE,LL,16,0,TREE,A_flag_ceiling
all_reduce_perf,3,24,1048576,262144,float,sum,204.12,5.14,9.85,0,204.51,5.13,9.83,0,TREE,LL,16,TREE,LL,16,0,TREE,A_flag_ceiling
all_reduce_perf,3,24,2097152,524288,float,sum,293.94,7.13,13.67,0,294.99,7.11,13.63,0,TREE,LL,16,TREE,LL,16,0,TREE,A_flag_ceiling
all_reduce_perf,3,24,4194304,1048576,float,sum,472.92,8.87,17.0,0,473.48,8.86,16.98,0,TREE,LL,16,TREE,LL,16,0,TREE,A_flag_ceiling
all_reduce_perf,3,24,8388608,2097152,float,sum,833.49,10.06,19.29,0,833.19,10.07,19.3,0,TREE,LL,16,TREE,LL,16,0,TREE,A_flag_ceiling
all_reduce_perf,3,24,16777216,4194304,float,sum,1554.27,10.79,20.69,0,1550.54,10.82,20.74,0,TREE,LL,16,TREE,LL,16,0,TREE,A_flag_ceiling
all_reduce_perf,3,24,33554432,8388608,float,sum,2996.72,11.2,21.46,0,2993.2,11.21,21.49,0,TREE,LL,16,TREE,LL,16,0,TREE,A_flag_ceiling
all_reduce_perf,3,24,67108864,16777216,float,sum,5882.19,11.41,21.87,0,5879.93,11.41,21.88,0,TREE,LL,16,TREE,LL,16,0,TREE,A_flag_ceiling
all_reduce_perf,3,24,134217728,33554432,float,sum,11654.1,11.52,22.07,0,11652.7,11.52,22.08,0,TREE,LL,16,TREE,LL,16,0,TREE,A_flag_ceiling
all_reduce_perf,3,24,268435456,67108864,float,sum,23245.3,11.55,22.13,0,23183.8,11.58,22.19,0,TREE,LL,16,TREE,LL,16,0,TREE,A_flag_ceiling
all_reduce_perf,3,24,536870912,134217728,float,sum,46172.6,11.63,22.29,0,46159.3,11.63,22.29,0,TREE,LL,16,TREE,LL,16,0,TREE,A_flag_ceiling
all_reduce_perf,3,24,4096,1024,float,sum,80.32,0.05,0.1,0,80.04,0.05,0.1,0,TREE,LL128,16,TREE,LL128,16,0,TREE,A_flag_ceiling
all_reduce_perf,3,24,8192,2048,float,sum,83.58,0.1,0.19,0,82.96,0.1,0.19,0,TREE,LL128,16,TREE,LL128,16,0,TREE,A_flag_ceiling
all_reduce_perf,3,24,16384,4096,float,sum,84.12,0.19,0.37,0,83.65,0.2,0.38,0,TREE,LL128,16,TREE,LL128,16,0,TREE,A_flag_ceiling
all_reduce_perf,3,24,32768,8192,float,sum,84.98,0.39,0.74,0,84.06,0.39,0.75,0,TREE,LL128,16,TREE,LL128,16,0,TREE,A_flag_ceiling
all_reduce_perf,3,24,65536,16384,float,sum,84.86,0.77,1.48,0,84.34,0.78,1.49,0,TREE,LL128,16,TREE,LL128,16,0,TREE,A_flag_ceiling
all_reduce_perf,3,24,131072,32768,float,sum,87.67,1.5,2.87,0,87.64,1.5,2.87,0,TREE,LL128,16,TREE,LL128,16,0,TREE,A_flag_ceiling
all_reduce_perf,3,24,262144,65536,float,sum,93.41,2.81,5.38,0,93.3,2.81,5.39,0,TREE,LL128,16,TREE,LL128,16,0,TREE,A_flag_ceiling
all_reduce_perf,3,24,524288,131072,float,sum,101.89,5.15,9.86,0,102.52,5.11,9.8,0,TREE,LL128,16,TREE,LL128,16,0,TREE,A_flag_ceiling
all_reduce_perf,3,24,1048576,262144,float,sum,109.47,9.58,18.36,0,109.74,9.56,18.31,0,TREE,LL128,16,TREE,LL128,16,0,TREE,A_flag_ceiling
all_reduce_perf,3,24,2097152,524288,float,sum,124.92,16.79,32.18,0,124.81,16.8,32.2,0,TREE,LL128,16,TREE,LL128,16,0,TREE,A_flag_ceiling
all_reduce_perf,3,24,4194304,1048576,float,sum,164.47,25.5,48.88,0,162.09,25.88,49.6,0,TREE,LL128,16,TREE,LL128,16,0,TREE,A_flag_ceiling
all_reduce_perf,3,24,8388608,2097152,float,sum,233.47,35.93,68.87,0,229.09,36.62,70.18,0,TREE,LL128,16,TREE,LL128,16,0,TREE,A_flag_ceiling
all_reduce_perf,3,24,16777216,4194304,float,sum,384.84,43.6,83.56,0,382.84,43.82,83.99,0,TREE,LL128,16,TREE,LL128,16,0,TREE,A_flag_ceiling
all_reduce_perf,3,24,33554432,8388608,float,sum,653.6,51.34,98.4,0,651.55,51.5,98.71,0,TREE,LL128,16,TREE,LL128,16,0,TREE,A_flag_ceiling
all_reduce_perf,3,24,67108864,16777216,float,sum,1197.54,56.04,107.41,0,1194.39,56.19,107.69,0,TREE,LL128,16,TREE,LL128,16,0,TREE,A_flag_ceiling
all_reduce_perf,3,24,134217728,33554432,float,sum,2283.67,58.77,112.65,0,2280.3,58.86,112.81,0,TREE,LL128,16,TREE,LL128,16,0,TREE,A_flag_ceiling
all_reduce_perf,3,24,268435456,67108864,float,sum,4468.06,60.08,115.15,0,4464.52,60.13,115.24,0,TREE,LL128,16,TREE,LL128,16,0,TREE,A_flag_ceiling
all_reduce_perf,3,24,536870912,134217728,float,sum,8755.35,61.32,117.53,0,8791.29,61.07,117.05,0,TREE,LL128,16,TREE,LL128,16,0,TREE,A_flag_ceiling
all_reduce_perf,3,24,4096,1024,float,sum,118.98,0.03,0.07,0,113.44,0.04,0.07,0,TREE,SIMPLE,24,TREE,SIMPLE,24,0,TREE,A_flag_ceiling
all_reduce_perf,3,24,8192,2048,float,sum,117.69,0.07,0.13,0,116.94,0.07,0.13,0,TREE,SIMPLE,24,TREE,SIMPLE,24,0,TREE,A_flag_ceiling
all_reduce_perf,3,24,16384,4096,float,sum,119.23,0.14,0.26,0,117.6,0.14,0.27,0,TREE,SIMPLE,24,TREE,SIMPLE,24,0,TREE,A_flag_ceiling
all_reduce_perf,3,24,32768,8192,float,sum,121.12,0.27,0.52,0,116.54,0.28,0.54,0,TREE,SIMPLE,24,TREE,SIMPLE,24,0,TREE,A_flag_ceiling
all_reduce_perf,3,24,65536,16384,float,sum,119.89,0.55,1.05,0,117.34,0.56,1.07,0,TREE,SIMPLE,24,TREE,SIMPLE,24,0,TREE,A_flag_ceiling
all_reduce_perf,3,24,131072,32768,float,sum,132.54,0.99,1.9,0,119.97,1.09,2.09,0,TREE,SIMPLE,24,TREE,SIMPLE,24,0,TREE,A_flag_ceiling
all_reduce_perf,3,24,262144,65536,float,sum,130.16,2.01,3.86,0,127.93,2.05,3.93,0,TREE,SIMPLE,24,TREE,SIMPLE,24,0,TREE,A_flag_ceiling
all_reduce_perf,3,24,524288,131072,float,sum,145.68,3.6,6.9,0,145.48,3.6,6.91,0,TREE,SIMPLE,24,TREE,SIMPLE,24,0,TREE,A_flag_ceiling
all_reduce_perf,3,24,1048576,262144,float,sum,163.91,6.4,12.26,0,161.35,6.5,12.46,0,TREE,SIMPLE,24,TREE,SIMPLE,24,0,TREE,A_flag_ceiling
all_reduce_perf,3,24,2097152,524288,float,sum,180.08,11.65,22.32,0,175.76,11.93,22.87,0,TREE,SIMPLE,24,TREE,SIMPLE,24,0,TREE,A_flag_ceiling
all_reduce_perf,3,24,4194304,1048576,float,sum,216.61,19.36,37.11,0,210.87,19.89,38.12,0,TREE,SIMPLE,24,TREE,SIMPLE,24,0,TREE,A_flag_ceiling
all_reduce_perf,3,24,8388608,2097152,float,sum,278.05,30.17,57.82,0,270.78,30.98,59.38,0,TREE,SIMPLE,24,TREE,SIMPLE,24,0,TREE,A_flag_ceiling
all_reduce_perf,3,24,16777216,4194304,float,sum,379.23,44.24,84.79,0,370.22,45.32,86.86,0,TREE,SIMPLE,24,TREE,SIMPLE,24,0,TREE,A_flag_ceiling
all_reduce_perf,3,24,33554432,8388608,float,sum,565.31,59.36,113.76,0,557.46,60.19,115.37,0,TREE,SIMPLE,24,TREE,SIMPLE,24,0,TREE,A_flag_ceiling
all_reduce_perf,3,24,67108864,16777216,float,sum,930.51,72.12,138.23,0,928.84,72.25,138.48,0,TREE,SIMPLE,24,TREE,SIMPLE,24,0,TREE,A_flag_ceiling
all_reduce_perf,3,24,134217728,33554432,float,sum,1510.79,88.84,170.28,0,1513.04,88.71,170.02,0,TREE,SIMPLE,24,TREE,SIMPLE,24,0,TREE,A_flag_ceiling
all_reduce_perf,3,24,268435456,67108864,float,sum,2761.4,97.21,186.32,0,2769.68,96.92,185.76,0,TREE,SIMPLE,24,TREE,SIMPLE,24,0,TREE,A_flag_ceiling
all_reduce_perf,3,24,536870912,134217728,float,sum,5130.34,104.65,200.57,0,4923.66,109.04,208.99,0,TREE,SIMPLE,24,TREE,SIMPLE,24,0,TREE,A_flag_ceiling
all_reduce_perf,3,24,4096,1024,float,sum,72.45,0.06,0.11,0,72.58,0.06,0.11,0,TREE,LL,24,TREE,LL,24,0,TREE,A_flag_ceiling
all_reduce_perf,3,24,8192,2048,float,sum,73.16,0.11,0.21,0,72.62,0.11,0.22,0,TREE,LL,24,TREE,LL,24,0,TREE,A_flag_ceiling
all_reduce_perf,3,24,16384,4096,float,sum,73.54,0.22,0.43,0,73.44,0.22,0.43,0,TREE,LL,24,TREE,LL,24,0,TREE,A_flag_ceiling
all_reduce_perf,3,24,32768,8192,float,sum,76.17,0.43,0.82,0,75.62,0.43,0.83,0,TREE,LL,24,TREE,LL,24,0,TREE,A_flag_ceiling
all_reduce_perf,3,24,65536,16384,float,sum,86.38,0.76,1.45,0,84.75,0.77,1.48,0,TREE,LL,24,TREE,LL,24,0,TREE,A_flag_ceiling
all_reduce_perf,3,24,131072,32768,float,sum,102.83,1.27,2.44,0,100.23,1.31,2.51,0,TREE,LL,24,TREE,LL,24,0,TREE,A_flag_ceiling
all_reduce_perf,3,24,262144,65536,float,sum,125.07,2.1,4.02,0,124.89,2.1,4.02,0,TREE,LL,24,TREE,LL,24,0,TREE,A_flag_ceiling
all_reduce_perf,3,24,524288,131072,float,sum,151.55,3.46,6.63,0,151.82,3.45,6.62,0,TREE,LL,24,TREE,LL,24,0,TREE,A_flag_ceiling
all_reduce_perf,3,24,1048576,262144,float,sum,180.65,5.8,11.12,0,180.52,5.81,11.13,0,TREE,LL,24,TREE,LL,24,0,TREE,A_flag_ceiling
all_reduce_perf,3,24,2097152,524288,float,sum,237.6,8.83,16.92,0,236.44,8.87,17.0,0,TREE,LL,24,TREE,LL,24,0,TREE,A_flag_ceiling
all_reduce_perf,3,24,4194304,1048576,float,sum,356.73,11.76,22.54,0,359.28,11.67,22.38,0,TREE,LL,24,TREE,LL,24,0,TREE,A_flag_ceiling
all_reduce_perf,3,24,8388608,2097152,float,sum,598.1,14.03,26.88,0,597.89,14.03,26.89,0,TREE,LL,24,TREE,LL,24,0,TREE,A_flag_ceiling
all_reduce_perf,3,24,16777216,4194304,float,sum,1076.78,15.58,29.86,0,1079.92,15.54,29.78,0,TREE,LL,24,TREE,LL,24,0,TREE,A_flag_ceiling
all_reduce_perf,3,24,33554432,8388608,float,sum,2034.35,16.49,31.61,0,2037.36,16.47,31.57,0,TREE,LL,24,TREE,LL,24,0,TREE,A_flag_ceiling
all_reduce_perf,3,24,67108864,16777216,float,sum,3961.3,16.94,32.47,0,3964.23,16.93,32.45,0,TREE,LL,24,TREE,LL,24,0,TREE,A_flag_ceiling
all_reduce_perf,3,24,134217728,33554432,float,sum,7805.02,17.2,32.96,0,7814.82,17.17,32.92,0,TREE,LL,24,TREE,LL,24,0,TREE,A_flag_ceiling
all_reduce_perf,3,24,268435456,67108864,float,sum,15510.2,17.31,33.17,0,15522.9,17.29,33.14,0,TREE,LL,24,TREE,LL,24,0,TREE,A_flag_ceiling
all_reduce_perf,3,24,536870912,134217728,float,sum,30894.4,17.38,33.31,0,30940.4,17.35,33.26,0,TREE,LL,24,TREE,LL,24,0,TREE,A_flag_ceiling
all_reduce_perf,3,24,4096,1024,float,sum,83.66,0.05,0.09,0,80.24,0.05,0.1,0,TREE,LL128,24,TREE,LL128,24,0,TREE,A_flag_ceiling
all_reduce_perf,3,24,8192,2048,float,sum,83.37,0.1,0.19,0,82.8,0.1,0.19,0,TREE,LL128,24,TREE,LL128,24,0,TREE,A_flag_ceiling
all_reduce_perf,3,24,16384,4096,float,sum,86.41,0.19,0.36,0,83.14,0.2,0.38,0,TREE,LL128,24,TREE,LL128,24,0,TREE,A_flag_ceiling
all_reduce_perf,3,24,32768,8192,float,sum,84.37,0.39,0.74,0,83.95,0.39,0.75,0,TREE,LL128,24,TREE,LL128,24,0,TREE,A_flag_ceiling
all_reduce_perf,3,24,65536,16384,float,sum,85.16,0.77,1.47,0,84.26,0.78,1.49,0,TREE,LL128,24,TREE,LL128,24,0,TREE,A_flag_ceiling
all_reduce_perf,3,24,131072,32768,float,sum,87.37,1.5,2.88,0,88.73,1.48,2.83,0,TREE,LL128,24,TREE,LL128,24,0,TREE,A_flag_ceiling
all_reduce_perf,3,24,262144,65536,float,sum,93.83,2.79,5.35,0,93.58,2.8,5.37,0,TREE,LL128,24,TREE,LL128,24,0,TREE,A_flag_ceiling
all_reduce_perf,3,24,524288,131072,float,sum,101.61,5.16,9.89,0,101.17,5.18,9.93,0,TREE,LL128,24,TREE,LL128,24,0,TREE,A_flag_ceiling
all_reduce_perf,3,24,1048576,262144,float,sum,108.52,9.66,18.52,0,108.67,9.65,18.49,0,TREE,LL128,24,TREE,LL128,24,0,TREE,A_flag_ceiling
all_reduce_perf,3,24,2097152,524288,float,sum,119.49,17.55,33.64,0,118.82,17.65,33.83,0,TREE,LL128,24,TREE,LL128,24,0,TREE,A_flag_ceiling
all_reduce_perf,3,24,4194304,1048576,float,sum,144.53,29.02,55.62,0,142.68,29.4,56.34,0,TREE,LL128,24,TREE,LL128,24,0,TREE,A_flag_ceiling
all_reduce_perf,3,24,8388608,2097152,float,sum,194.53,43.12,82.65,0,192.01,43.69,83.74,0,TREE,LL128,24,TREE,LL128,24,0,TREE,A_flag_ceiling
all_reduce_perf,3,24,16777216,4194304,float,sum,306.96,54.66,104.76,0,306.0,54.83,105.09,0,TREE,LL128,24,TREE,LL128,24,0,TREE,A_flag_ceiling
all_reduce_perf,3,24,33554432,8388608,float,sum,492.39,68.15,130.61,0,488.9,68.63,131.55,0,TREE,LL128,24,TREE,LL128,24,0,TREE,A_flag_ceiling
all_reduce_perf,3,24,67108864,16777216,float,sum,869.37,77.19,147.95,0,866.1,77.48,148.51,0,TREE,LL128,24,TREE,LL128,24,0,TREE,A_flag_ceiling
all_reduce_perf,3,24,134217728,33554432,float,sum,1630.49,82.32,157.78,0,1623.79,82.66,158.43,0,TREE,LL128,24,TREE,LL128,24,0,TREE,A_flag_ceiling
all_reduce_perf,3,24,268435456,67108864,float,sum,3238.52,82.89,158.87,0,3145.02,85.35,163.59,0,TREE,LL128,24,TREE,LL128,24,0,TREE,A_flag_ceiling
all_reduce_perf,3,24,536870912,134217728,float,sum,6180.43,86.87,166.49,0,6171.2,87.0,166.74,0,TREE,LL128,24,TREE,LL128,24,0,TREE,A_flag_ceiling
all_reduce_perf,3,24,4096,1024,float,sum,116.06,0.04,0.07,0,159.21,0.03,0.05,0,TREE,SIMPLE,32,TREE,SIMPLE,32,0,TREE,A_flag_ceiling
all_reduce_perf,3,24,8192,2048,float,sum,117.82,0.07,0.13,0,116.74,0.07,0.13,0,TREE,SIMPLE,32,TREE,SIMPLE,32,0,TREE,A_flag_ceiling
all_reduce_perf,3,24,16384,4096,float,sum,119.32,0.14,0.26,0,116.66,0.14,0.27,0,TREE,SIMPLE,32,TREE,SIMPLE,32,0,TREE,A_flag_ceiling
all_reduce_perf,3,24,32768,8192,float,sum,118.86,0.28,0.53,0,130.59,0.25,0.48,0,TREE,SIMPLE,32,TREE,SIMPLE,32,0,TREE,A_flag_ceiling
all_reduce_perf,3,24,65536,16384,float,sum,119.3,0.55,1.05,0,117.65,0.56,1.07,0,TREE,SIMPLE,32,TREE,SIMPLE,32,0,TREE,A_flag_ceiling
all_reduce_perf,3,24,131072,32768,float,sum,120.92,1.08,2.08,0,119.47,1.1,2.1,0,TREE,SIMPLE,32,TREE,SIMPLE,32,0,TREE,A_flag_ceiling
all_reduce_perf,3,24,262144,65536,float,sum,125.92,2.08,3.99,0,124.76,2.1,4.03,0,TREE,SIMPLE,32,TREE,SIMPLE,32,0,TREE,A_flag_ceiling
all_reduce_perf,3,24,524288,131072,float,sum,136.2,3.85,7.38,0,168.49,3.11,5.96,0,TREE,SIMPLE,32,TREE,SIMPLE,32,0,TREE,A_flag_ceiling
all_reduce_perf,3,24,1048576,262144,float,sum,161.29,6.5,12.46,0,157.75,6.65,12.74,0,TREE,SIMPLE,32,TREE,SIMPLE,32,0,TREE,A_flag_ceiling
all_reduce_perf,3,24,2097152,524288,float,sum,175.79,11.93,22.87,0,171.69,12.21,23.41,0,TREE,SIMPLE,32,TREE,SIMPLE,32,0,TREE,A_flag_ceiling
all_reduce_perf,3,24,4194304,1048576,float,sum,203.64,20.6,39.48,0,198.96,21.08,40.4,0,TREE,SIMPLE,32,TREE,SIMPLE,32,0,TREE,A_flag_ceiling
all_reduce_perf,3,24,8388608,2097152,float,sum,253.94,33.03,63.32,0,301.75,27.8,53.28,0,TREE,SIMPLE,32,TREE,SIMPLE,32,0,TREE,A_flag_ceiling
all_reduce_perf,3,24,16777216,4194304,float,sum,340.9,49.21,94.33,0,335.26,50.04,95.91,0,TREE,SIMPLE,32,TREE,SIMPLE,32,0,TREE,A_flag_ceiling
all_reduce_perf,3,24,33554432,8388608,float,sum,486.9,68.91,132.09,0,481.53,69.68,133.56,0,TREE,SIMPLE,32,TREE,SIMPLE,32,0,TREE,A_flag_ceiling
all_reduce_perf,3,24,67108864,16777216,float,sum,766.99,87.5,167.7,0,765.91,87.62,167.94,0,TREE,SIMPLE,32,TREE,SIMPLE,32,0,TREE,A_flag_ceiling
all_reduce_perf,3,24,134217728,33554432,float,sum,1241.2,108.14,207.26,0,1239.51,108.28,207.54,0,TREE,SIMPLE,32,TREE,SIMPLE,32,0,TREE,A_flag_ceiling
all_reduce_perf,3,24,268435456,67108864,float,sum,2202.45,121.88,233.6,0,2194.7,122.31,234.43,0,TREE,SIMPLE,32,TREE,SIMPLE,32,0,TREE,A_flag_ceiling
all_reduce_perf,3,24,536870912,134217728,float,sum,3931.01,136.57,261.77,0,3919.07,136.99,262.56,0,TREE,SIMPLE,32,TREE,SIMPLE,32,0,TREE,A_flag_ceiling
all_reduce_perf,3,24,4096,1024,float,sum,71.4,0.06,0.11,0,70.62,0.06,0.11,0,TREE,LL,32,TREE,LL,32,0,TREE,A_flag_ceiling
all_reduce_perf,3,24,8192,2048,float,sum,73.59,0.11,0.21,0,72.16,0.11,0.22,0,TREE,LL,32,TREE,LL,32,0,TREE,A_flag_ceiling
all_reduce_perf,3,24,16384,4096,float,sum,74.3,0.22,0.42,0,72.92,0.22,0.43,0,TREE,LL,32,TREE,LL,32,0,TREE,A_flag_ceiling
all_reduce_perf,3,24,32768,8192,float,sum,75.92,0.43,0.83,0,79.28,0.41,0.79,0,TREE,LL,32,TREE,LL,32,0,TREE,A_flag_ceiling
all_reduce_perf,3,24,65536,16384,float,sum,79.96,0.82,1.57,0,79.48,0.82,1.58,0,TREE,LL,32,TREE,LL,32,0,TREE,A_flag_ceiling
all_reduce_perf,3,24,131072,32768,float,sum,91.73,1.43,2.74,0,90.18,1.45,2.79,0,TREE,LL,32,TREE,LL,32,0,TREE,A_flag_ceiling
all_reduce_perf,3,24,262144,65536,float,sum,111.49,2.35,4.51,0,112.97,2.32,4.45,0,TREE,LL,32,TREE,LL,32,0,TREE,A_flag_ceiling
all_reduce_perf,3,24,524288,131072,float,sum,149.22,3.51,6.73,0,151.18,3.47,6.65,0,TREE,LL,32,TREE,LL,32,0,TREE,A_flag_ceiling
all_reduce_perf,3,24,1048576,262144,float,sum,172.4,6.08,11.66,0,174.0,6.03,11.55,0,TREE,LL,32,TREE,LL,32,0,TREE,A_flag_ceiling
all_reduce_perf,3,24,2097152,524288,float,sum,218.88,9.58,18.36,0,218.19,9.61,18.42,0,TREE,LL,32,TREE,LL,32,0,TREE,A_flag_ceiling
all_reduce_perf,3,24,4194304,1048576,float,sum,308.49,13.6,26.06,0,306.17,13.7,26.26,0,TREE,LL,32,TREE,LL,32,0,TREE,A_flag_ceiling
all_reduce_perf,3,24,8388608,2097152,float,sum,529.03,15.86,30.39,0,527.07,15.92,30.51,0,TREE,LL,32,TREE,LL,32,0,TREE,A_flag_ceiling
all_reduce_perf,3,24,16777216,4194304,float,sum,970.37,17.29,33.14,0,964.85,17.39,33.33,0,TREE,LL,32,TREE,LL,32,0,TREE,A_flag_ceiling
all_reduce_perf,3,24,33554432,8388608,float,sum,1858.71,18.05,34.6,0,1839.33,18.24,34.97,0,TREE,LL,32,TREE,LL,32,0,TREE,A_flag_ceiling
all_reduce_perf,3,24,67108864,16777216,float,sum,3604.84,18.62,35.68,0,3586.23,18.71,35.87,0,TREE,LL,32,TREE,LL,32,0,TREE,A_flag_ceiling
all_reduce_perf,3,24,134217728,33554432,float,sum,7065.33,19.0,36.41,0,7050.54,19.04,36.49,0,TREE,LL,32,TREE,LL,32,0,TREE,A_flag_ceiling
all_reduce_perf,3,24,268435456,67108864,float,sum,14029.1,19.13,36.67,0,14031.4,19.13,36.67,0,TREE,LL,32,TREE,LL,32,0,TREE,A_flag_ceiling
all_reduce_perf,3,24,536870912,134217728,float,sum,28006.2,19.17,36.74,0,27971.5,19.19,36.79,0,TREE,LL,32,TREE,LL,32,0,TREE,A_flag_ceiling
all_reduce_perf,3,24,4096,1024,float,sum,80.74,0.05,0.1,0,80.51,0.05,0.1,0,TREE,LL128,32,TREE,LL128,32,0,TREE,A_flag_ceiling
all_reduce_perf,3,24,8192,2048,float,sum,83.7,0.1,0.19,0,83.15,0.1,0.19,0,TREE,LL128,32,TREE,LL128,32,0,TREE,A_flag_ceiling
all_reduce_perf,3,24,16384,4096,float,sum,83.74,0.2,0.37,0,83.55,0.2,0.38,0,TREE,LL128,32,TREE,LL128,32,0,TREE,A_flag_ceiling
all_reduce_perf,3,24,32768,8192,float,sum,84.81,0.39,0.74,0,84.53,0.39,0.74,0,TREE,LL128,32,TREE,LL128,32,0,TREE,A_flag_ceiling
all_reduce_perf,3,24,65536,16384,float,sum,85.6,0.77,1.47,0,85.13,0.77,1.48,0,TREE,LL128,32,TREE,LL128,32,0,TREE,A_flag_ceiling
all_reduce_perf,3,24,131072,32768,float,sum,87.51,1.5,2.87,0,87.71,1.49,2.86,0,TREE,LL128,32,TREE,LL128,32,0,TREE,A_flag_ceiling
all_reduce_perf,3,24,262144,65536,float,sum,91.49,2.87,5.49,0,92.01,2.85,5.46,0,TREE,LL128,32,TREE,LL128,32,0,TREE,A_flag_ceiling
all_reduce_perf,3,24,524288,131072,float,sum,98.62,5.32,10.19,0,97.79,5.36,10.28,0,TREE,LL128,32,TREE,LL128,32,0,TREE,A_flag_ceiling
all_reduce_perf,3,24,1048576,262144,float,sum,108.4,9.67,18.54,0,107.94,9.71,18.62,0,TREE,LL128,32,TREE,LL128,32,0,TREE,A_flag_ceiling
all_reduce_perf,3,24,2097152,524288,float,sum,120.91,17.34,33.24,0,117.3,17.88,34.27,0,TREE,LL128,32,TREE,LL128,32,0,TREE,A_flag_ceiling
all_reduce_perf,3,24,4194304,1048576,float,sum,135.27,31.01,59.43,0,132.87,31.57,60.5,0,TREE,LL128,32,TREE,LL128,32,0,TREE,A_flag_ceiling
all_reduce_perf,3,24,8388608,2097152,float,sum,194.34,43.16,82.73,0,192.49,43.58,83.53,0,TREE,LL128,32,TREE,LL128,32,0,TREE,A_flag_ceiling
all_reduce_perf,3,24,16777216,4194304,float,sum,251.73,66.65,127.74,0,249.24,67.31,129.02,0,TREE,LL128,32,TREE,LL128,32,0,TREE,A_flag_ceiling
all_reduce_perf,3,24,33554432,8388608,float,sum,419.92,79.91,153.15,0,416.5,80.56,154.41,0,TREE,LL128,32,TREE,LL128,32,0,TREE,A_flag_ceiling
all_reduce_perf,3,24,67108864,16777216,float,sum,714.81,93.88,179.94,0,715.08,93.85,179.88,0,TREE,LL128,32,TREE,LL128,32,0,TREE,A_flag_ceiling
all_reduce_perf,3,24,134217728,33554432,float,sum,1320.15,101.67,194.86,0,1322.13,101.52,194.57,0,TREE,LL128,32,TREE,LL128,32,0,TREE,A_flag_ceiling
all_reduce_perf,3,24,268435456,67108864,float,sum,2535.24,105.88,202.94,0,2536.71,105.82,202.82,0,TREE,LL128,32,TREE,LL128,32,0,TREE,A_flag_ceiling
all_reduce_perf,3,24,536870912,134217728,float,sum,4918.97,109.14,209.19,0,4922.8,109.06,209.03,0,TREE,LL128,32,TREE,LL128,32,0,TREE,A_flag_ceiling
all_reduce_perf,3,24,4096,1024,float,sum,116.1,0.04,0.07,0,112.97,0.04,0.07,0,TREE,SIMPLE,40,TREE,SIMPLE,40,0,TREE,A_flag_ceiling
all_reduce_perf,3,24,8192,2048,float,sum,117.31,0.07,0.13,0,116.09,0.07,0.14,0,TREE,SIMPLE,40,TREE,SIMPLE,40,0,TREE,A_flag_ceiling
all_reduce_perf,3,24,16384,4096,float,sum,119.39,0.14,0.26,0,116.97,0.14,0.27,0,TREE,SIMPLE,40,TREE,SIMPLE,40,0,TREE,A_flag_ceiling
all_reduce_perf,3,24,32768,8192,float,sum,118.39,0.28,0.53,0,116.28,0.28,0.54,0,TREE,SIMPLE,40,TREE,SIMPLE,40,0,TREE,A_flag_ceiling
all_reduce_perf,3,24,65536,16384,float,sum,119.15,0.55,1.05,0,116.44,0.56,1.08,0,TREE,SIMPLE,40,TREE,SIMPLE,40,0,TREE,A_flag_ceiling
all_reduce_perf,3,24,131072,32768,float,sum,120.83,1.08,2.08,0,119.71,1.09,2.1,0,TREE,SIMPLE,40,TREE,SIMPLE,40,0,TREE,A_flag_ceiling
all_reduce_perf,3,24,262144,65536,float,sum,126.6,2.07,3.97,0,126.26,2.08,3.98,0,TREE,SIMPLE,40,TREE,SIMPLE,40,0,TREE,A_flag_ceiling
all_reduce_perf,3,24,524288,131072,float,sum,145.2,3.61,6.92,0,134.88,3.89,7.45,0,TREE,SIMPLE,40,TREE,SIMPLE,40,0,TREE,A_flag_ceiling
all_reduce_perf,3,24,1048576,262144,float,sum,161.41,6.5,12.45,0,159.22,6.59,12.62,0,TREE,SIMPLE,40,TREE,SIMPLE,40,0,TREE,A_flag_ceiling
all_reduce_perf,3,24,2097152,524288,float,sum,176.22,11.9,22.81,0,173.43,12.09,23.18,0,TREE,SIMPLE,40,TREE,SIMPLE,40,0,TREE,A_flag_ceiling
all_reduce_perf,3,24,4194304,1048576,float,sum,203.69,20.59,39.47,0,202.48,20.71,39.7,0,TREE,SIMPLE,40,TREE,SIMPLE,40,0,TREE,A_flag_ceiling
all_reduce_perf,3,24,8388608,2097152,float,sum,264.75,31.69,60.73,0,244.06,34.37,65.88,0,TREE,SIMPLE,40,TREE,SIMPLE,40,0,TREE,A_flag_ceiling
all_reduce_perf,3,24,16777216,4194304,float,sum,345.66,48.54,93.03,0,342.49,48.99,93.89,0,TREE,SIMPLE,40,TREE,SIMPLE,40,0,TREE,A_flag_ceiling
all_reduce_perf,3,24,33554432,8388608,float,sum,445.4,75.34,144.39,0,440.77,76.13,145.91,0,TREE,SIMPLE,40,TREE,SIMPLE,40,0,TREE,A_flag_ceiling
all_reduce_perf,3,24,67108864,16777216,float,sum,680.51,98.61,189.01,0,678.58,98.9,189.55,0,TREE,SIMPLE,40,TREE,SIMPLE,40,0,TREE,A_flag_ceiling
all_reduce_perf,3,24,134217728,33554432,float,sum,1152.94,116.41,223.13,0,1222.36,109.8,210.45,0,TREE,SIMPLE,40,TREE,SIMPLE,40,0,TREE,A_flag_ceiling
all_reduce_perf,3,24,268435456,67108864,float,sum,1921.56,139.7,267.75,0,1915.59,140.13,268.59,0,TREE,SIMPLE,40,TREE,SIMPLE,40,0,TREE,A_flag_ceiling
all_reduce_perf,3,24,536870912,134217728,float,sum,3539.84,151.67,290.69,0,3516.79,152.66,292.6,0,TREE,SIMPLE,40,TREE,SIMPLE,40,0,TREE,A_flag_ceiling
all_reduce_perf,3,24,4096,1024,float,sum,71.62,0.06,0.11,0,71.36,0.06,0.11,0,TREE,LL,40,TREE,LL,40,0,TREE,A_flag_ceiling
all_reduce_perf,3,24,8192,2048,float,sum,76.0,0.11,0.21,0,72.31,0.11,0.22,0,TREE,LL,40,TREE,LL,40,0,TREE,A_flag_ceiling
all_reduce_perf,3,24,16384,4096,float,sum,73.78,0.22,0.43,0,73.27,0.22,0.43,0,TREE,LL,40,TREE,LL,40,0,TREE,A_flag_ceiling
all_reduce_perf,3,24,32768,8192,float,sum,76.69,0.43,0.82,0,75.58,0.43,0.83,0,TREE,LL,40,TREE,LL,40,0,TREE,A_flag_ceiling
all_reduce_perf,3,24,65536,16384,float,sum,80.74,0.81,1.56,0,80.0,0.82,1.57,0,TREE,LL,40,TREE,LL,40,0,TREE,A_flag_ceiling
all_reduce_perf,3,24,131072,32768,float,sum,90.24,1.45,2.78,0,92.14,1.42,2.73,0,TREE,LL,40,TREE,LL,40,0,TREE,A_flag_ceiling
all_reduce_perf,3,24,262144,65536,float,sum,110.98,2.36,4.53,0,275.77,0.95,1.82,0,TREE,LL,40,TREE,LL,40,0,TREE,A_flag_ceiling
all_reduce_perf,3,24,524288,131072,float,sum,141.47,3.71,7.1,0,141.53,3.7,7.1,0,TREE,LL,40,TREE,LL,40,0,TREE,A_flag_ceiling
all_reduce_perf,3,24,1048576,262144,float,sum,165.17,6.35,12.17,0,165.56,6.33,12.14,0,TREE,LL,40,TREE,LL,40,0,TREE,A_flag_ceiling
all_reduce_perf,3,24,2097152,524288,float,sum,201.79,10.39,19.92,0,203.98,10.28,19.71,0,TREE,LL,40,TREE,LL,40,0,TREE,A_flag_ceiling
all_reduce_perf,3,24,4194304,1048576,float,sum,276.64,15.16,29.06,0,273.14,15.36,29.43,0,TREE,LL,40,TREE,LL,40,0,TREE,A_flag_ceiling
all_reduce_perf,3,24,8388608,2097152,float,sum,457.18,18.35,35.17,0,454.33,18.46,35.39,0,TREE,LL,40,TREE,LL,40,0,TREE,A_flag_ceiling
all_reduce_perf,3,24,16777216,4194304,float,sum,822.2,20.41,39.11,0,816.69,20.54,39.37,0,TREE,LL,40,TREE,LL,40,0,TREE,A_flag_ceiling
all_reduce_perf,3,24,33554432,8388608,float,sum,1537.09,21.83,41.84,0,1522.7,22.04,42.24,0,TREE,LL,40,TREE,LL,40,0,TREE,A_flag_ceiling
all_reduce_perf,3,24,67108864,16777216,float,sum,2951.48,22.74,43.58,0,2936.84,22.85,43.8,0,TREE,LL,40,TREE,LL,40,0,TREE,A_flag_ceiling
all_reduce_perf,3,24,134217728,33554432,float,sum,5752.51,23.33,44.72,0,5848.12,22.95,43.99,0,TREE,LL,40,TREE,LL,40,0,TREE,A_flag_ceiling
all_reduce_perf,3,24,268435456,67108864,float,sum,11828.8,22.69,43.5,0,11615.4,23.11,44.29,0,TREE,LL,40,TREE,LL,40,0,TREE,A_flag_ceiling
all_reduce_perf,3,24,536870912,134217728,float,sum,23348.1,22.99,44.07,0,23346.6,23.0,44.08,0,TREE,LL,40,TREE,LL,40,0,TREE,A_flag_ceiling
all_reduce_perf,3,24,4096,1024,float,sum,84.35,0.05,0.09,0,81.17,0.05,0.1,0,TREE,LL128,40,TREE,LL128,40,0,TREE,A_flag_ceiling
all_reduce_perf,3,24,8192,2048,float,sum,83.91,0.1,0.19,0,82.89,0.1,0.19,0,TREE,LL128,40,TREE,LL128,40,0,TREE,A_flag_ceiling
all_reduce_perf,3,24,16384,4096,float,sum,84.66,0.19,0.37,0,84.1,0.19,0.37,0,TREE,LL128,40,TREE,LL128,40,0,TREE,A_flag_ceiling
all_reduce_perf,3,24,32768,8192,float,sum,85.73,0.38,0.73,0,84.35,0.39,0.74,0,TREE,LL128,40,TREE,LL128,40,0,TREE,A_flag_ceiling
all_reduce_perf,3,24,65536,16384,float,sum,85.97,0.76,1.46,0,84.54,0.78,1.49,0,TREE,LL128,40,TREE,LL128,40,0,TREE,A_flag_ceiling
all_reduce_perf,3,24,131072,32768,float,sum,87.12,1.5,2.88,0,87.55,1.5,2.87,0,TREE,LL128,40,TREE,LL128,40,0,TREE,A_flag_ceiling
all_reduce_perf,3,24,262144,65536,float,sum,91.7,2.86,5.48,0,92.32,2.84,5.44,0,TREE,LL128,40,TREE,LL128,40,0,TREE,A_flag_ceiling
all_reduce_perf,3,24,524288,131072,float,sum,98.44,5.33,10.21,0,98.36,5.33,10.22,0,TREE,LL128,40,TREE,LL128,40,0,TREE,A_flag_ceiling
all_reduce_perf,3,24,1048576,262144,float,sum,108.59,9.66,18.51,0,109.31,9.59,18.39,0,TREE,LL128,40,TREE,LL128,40,0,TREE,A_flag_ceiling
all_reduce_perf,3,24,2097152,524288,float,sum,121.34,17.28,33.13,0,118.33,17.72,33.97,0,TREE,LL128,40,TREE,LL128,40,0,TREE,A_flag_ceiling
all_reduce_perf,3,24,4194304,1048576,float,sum,131.69,31.85,61.05,0,131.39,31.92,61.19,0,TREE,LL128,40,TREE,LL128,40,0,TREE,A_flag_ceiling
all_reduce_perf,3,24,8388608,2097152,float,sum,183.46,45.72,87.64,0,182.57,45.95,88.06,0,TREE,LL128,40,TREE,LL128,40,0,TREE,A_flag_ceiling
all_reduce_perf,3,24,16777216,4194304,float,sum,231.55,72.46,138.87,0,229.15,73.21,140.33,0,TREE,LL128,40,TREE,LL128,40,0,TREE,A_flag_ceiling
all_reduce_perf,3,24,33554432,8388608,float,sum,375.39,89.39,171.32,0,374.75,89.54,171.62,0,TREE,LL128,40,TREE,LL128,40,0,TREE,A_flag_ceiling
all_reduce_perf,3,24,67108864,16777216,float,sum,630.04,106.52,204.16,0,729.89,91.94,176.23,0,TREE,LL128,40,TREE,LL128,40,0,TREE,A_flag_ceiling
all_reduce_perf,3,24,134217728,33554432,float,sum,1155.61,116.14,222.61,0,1159.73,115.73,221.82,0,TREE,LL128,40,TREE,LL128,40,0,TREE,A_flag_ceiling
all_reduce_perf,3,24,268435456,67108864,float,sum,2199.38,122.05,233.93,0,2205.62,121.71,233.27,0,TREE,LL128,40,TREE,LL128,40,0,TREE,A_flag_ceiling
all_reduce_perf,3,24,536870912,134217728,float,sum,4257.2,126.11,241.71,0,4292.56,125.07,239.72,0,TREE,LL128,40,TREE,LL128,40,0,TREE,A_flag_ceiling
all_reduce_perf,3,24,4096,1024,float,sum,115.5,0.04,0.07,0,113.48,0.04,0.07,0,TREE,SIMPLE,48,TREE,SIMPLE,48,0,TREE,A_flag_ceiling
all_reduce_perf,3,24,8192,2048,float,sum,117.66,0.07,0.13,0,116.2,0.07,0.14,0,TREE,SIMPLE,48,TREE,SIMPLE,48,0,TREE,A_flag_ceiling
all_reduce_perf,3,24,16384,4096,float,sum,119.1,0.14,0.26,0,116.51,0.14,0.27,0,TREE,SIMPLE,48,TREE,SIMPLE,48,0,TREE,A_flag_ceiling
all_reduce_perf,3,24,32768,8192,float,sum,119.05,0.28,0.53,0,117.99,0.28,0.53,0,TREE,SIMPLE,48,TREE,SIMPLE,48,0,TREE,A_flag_ceiling
all_reduce_perf,3,24,65536,16384,float,sum,119.56,0.55,1.05,0,116.61,0.56,1.08,0,TREE,SIMPLE,48,TREE,SIMPLE,48,0,TREE,A_flag_ceiling
all_reduce_perf,3,24,131072,32768,float,sum,121.32,1.08,2.07,0,120.01,1.09,2.09,0,TREE,SIMPLE,48,TREE,SIMPLE,48,0,TREE,A_flag_ceiling
all_reduce_perf,3,24,262144,65536,float,sum,127.08,2.06,3.95,0,125.94,2.08,3.99,0,TREE,SIMPLE,48,TREE,SIMPLE,48,0,TREE,A_flag_ceiling
all_reduce_perf,3,24,524288,131072,float,sum,136.27,3.85,7.37,0,133.67,3.92,7.52,0,TREE,SIMPLE,48,TREE,SIMPLE,48,0,TREE,A_flag_ceiling
all_reduce_perf,3,24,1048576,262144,float,sum,153.75,6.82,13.07,0,152.09,6.89,13.21,0,TREE,SIMPLE,48,TREE,SIMPLE,48,0,TREE,A_flag_ceiling
all_reduce_perf,3,24,2097152,524288,float,sum,176.08,11.91,22.83,0,188.03,11.15,21.38,0,TREE,SIMPLE,48,TREE,SIMPLE,48,0,TREE,A_flag_ceiling
all_reduce_perf,3,24,4194304,1048576,float,sum,198.36,21.15,40.53,0,196.47,21.35,40.92,0,TREE,SIMPLE,48,TREE,SIMPLE,48,0,TREE,A_flag_ceiling
all_reduce_perf,3,24,8388608,2097152,float,sum,242.82,34.55,66.21,0,252.56,33.21,63.66,0,TREE,SIMPLE,48,TREE,SIMPLE,48,0,TREE,A_flag_ceiling
all_reduce_perf,3,24,16777216,4194304,float,sum,333.73,50.27,96.35,0,328.19,51.12,97.98,0,TREE,SIMPLE,48,TREE,SIMPLE,48,0,TREE,A_flag_ceiling
all_reduce_perf,3,24,33554432,8388608,float,sum,426.6,78.66,150.76,0,426.8,78.62,150.69,0,TREE,SIMPLE,48,TREE,SIMPLE,48,0,TREE,A_flag_ceiling
all_reduce_perf,3,24,67108864,16777216,float,sum,638.81,105.05,201.35,0,636.76,105.39,202.0,0,TREE,SIMPLE,48,TREE,SIMPLE,48,0,TREE,A_flag_ceiling
all_reduce_perf,3,24,134217728,33554432,float,sum,1054.53,127.28,243.95,0,1050.68,127.74,244.84,0,TREE,SIMPLE,48,TREE,SIMPLE,48,0,TREE,A_flag_ceiling
all_reduce_perf,3,24,268435456,67108864,float,sum,1801.99,148.97,285.52,0,1800.49,149.09,285.76,0,TREE,SIMPLE,48,TREE,SIMPLE,48,0,TREE,A_flag_ceiling
all_reduce_perf,3,24,536870912,134217728,float,sum,3315.91,161.91,310.32,0,3310.73,162.16,310.81,0,TREE,SIMPLE,48,TREE,SIMPLE,48,0,TREE,A_flag_ceiling
all_reduce_perf,3,24,4096,1024,float,sum,72.44,0.06,0.11,0,72.28,0.06,0.11,0,TREE,LL,48,TREE,LL,48,0,TREE,A_flag_ceiling
all_reduce_perf,3,24,8192,2048,float,sum,73.54,0.11,0.21,0,72.94,0.11,0.22,0,TREE,LL,48,TREE,LL,48,0,TREE,A_flag_ceiling
all_reduce_perf,3,24,16384,4096,float,sum,74.36,0.22,0.42,0,73.28,0.22,0.43,0,TREE,LL,48,TREE,LL,48,0,TREE,A_flag_ceiling
all_reduce_perf,3,24,32768,8192,float,sum,75.66,0.43,0.83,0,75.5,0.43,0.83,0,TREE,LL,48,TREE,LL,48,0,TREE,A_flag_ceiling
all_reduce_perf,3,24,65536,16384,float,sum,81.32,0.81,1.54,0,79.66,0.82,1.58,0,TREE,LL,48,TREE,LL,48,0,TREE,A_flag_ceiling
all_reduce_perf,3,24,131072,32768,float,sum,91.15,1.44,2.76,0,90.61,1.45,2.77,0,TREE,LL,48,TREE,LL,48,0,TREE,A_flag_ceiling
all_reduce_perf,3,24,262144,65536,float,sum,102.85,2.55,4.88,0,102.71,2.55,4.89,0,TREE,LL,48,TREE,LL,48,0,TREE,A_flag_ceiling
all_reduce_perf,3,24,524288,131072,float,sum,132.47,3.96,7.59,0,132.26,3.96,7.6,0,TREE,LL,48,TREE,LL,48,0,TREE,A_flag_ceiling
all_reduce_perf,3,24,1048576,262144,float,sum,161.92,6.48,12.41,0,162.09,6.47,12.4,0,TREE,LL,48,TREE,LL,48,0,TREE,A_flag_ceiling
all_reduce_perf,3,24,2097152,524288,float,sum,189.71,11.05,21.19,0,191.03,10.98,21.04,0,TREE,LL,48,TREE,LL,48,0,TREE,A_flag_ceiling
all_reduce_perf,3,24,4194304,1048576,float,sum,253.29,16.56,31.74,0,253.93,16.52,31.66,0,TREE,LL,48,TREE,LL,48,0,TREE,A_flag_ceiling
all_reduce_perf,3,24,8388608,2097152,float,sum,423.85,19.79,37.93,0,421.49,19.9,38.15,0,TREE,LL,48,TREE,LL,48,0,TREE,A_flag_ceiling
all_reduce_perf,3,24,16777216,4194304,float,sum,748.82,22.4,42.94,0,746.23,22.48,43.09,0,TREE,LL,48,TREE,LL,48,0,TREE,A_flag_ceiling
all_reduce_perf,3,24,33554432,8388608,float,sum,1421.09,23.61,45.26,0,1407.05,23.85,45.71,0,TREE,LL,48,TREE,LL,48,0,TREE,A_flag_ceiling
all_reduce_perf,3,24,67108864,16777216,float,sum,2674.74,25.09,48.09,0,2688.55,24.96,47.84,0,TREE,LL,48,TREE,LL,48,0,TREE,A_flag_ceiling
all_reduce_perf,3,24,134217728,33554432,float,sum,5280.69,25.42,48.72,0,5262.67,25.5,48.88,0,TREE,LL,48,TREE,LL,48,0,TREE,A_flag_ceiling
all_reduce_perf,3,24,268435456,67108864,float,sum,10621.2,25.27,48.44,0,10708.5,25.07,48.05,0,TREE,LL,48,TREE,LL,48,0,TREE,A_flag_ceiling
all_reduce_perf,3,24,536870912,134217728,float,sum,21048.2,25.51,48.89,0,21090.6,25.46,48.79,0,TREE,LL,48,TREE,LL,48,0,TREE,A_flag_ceiling
all_reduce_perf,3,24,4096,1024,float,sum,83.47,0.05,0.09,0,80.56,0.05,0.1,0,TREE,LL128,48,TREE,LL128,48,0,TREE,A_flag_ceiling
all_reduce_perf,3,24,8192,2048,float,sum,83.7,0.1,0.19,0,82.68,0.1,0.19,0,TREE,LL128,48,TREE,LL128,48,0,TREE,A_flag_ceiling
all_reduce_perf,3,24,16384,4096,float,sum,84.93,0.19,0.37,0,83.29,0.2,0.38,0,TREE,LL128,48,TREE,LL128,48,0,TREE,A_flag_ceiling
all_reduce_perf,3,24,32768,8192,float,sum,84.77,0.39,0.74,0,83.8,0.39,0.75,0,TREE,LL128,48,TREE,LL128,48,0,TREE,A_flag_ceiling
all_reduce_perf,3,24,65536,16384,float,sum,85.25,0.77,1.47,0,84.72,0.77,1.48,0,TREE,LL128,48,TREE,LL128,48,0,TREE,A_flag_ceiling
all_reduce_perf,3,24,131072,32768,float,sum,80.85,1.62,3.11,0,87.7,1.49,2.86,0,TREE,LL128,48,TREE,LL128,48,0,TREE,A_flag_ceiling
all_reduce_perf,3,24,262144,65536,float,sum,92.15,2.84,5.45,0,91.33,2.87,5.5,0,TREE,LL128,48,TREE,LL128,48,0,TREE,A_flag_ceiling
all_reduce_perf,3,24,524288,131072,float,sum,97.69,5.37,10.29,0,98.12,5.34,10.24,0,TREE,LL128,48,TREE,LL128,48,0,TREE,A_flag_ceiling
all_reduce_perf,3,24,1048576,262144,float,sum,106.48,9.85,18.87,0,106.67,9.83,18.84,0,TREE,LL128,48,TREE,LL128,48,0,TREE,A_flag_ceiling
all_reduce_perf,3,24,2097152,524288,float,sum,114.57,18.31,35.08,0,114.26,18.35,35.18,0,TREE,LL128,48,TREE,LL128,48,0,TREE,A_flag_ceiling
all_reduce_perf,3,24,4194304,1048576,float,sum,129.64,32.35,62.01,0,130.4,32.17,61.65,0,TREE,LL128,48,TREE,LL128,48,0,TREE,A_flag_ceiling
all_reduce_perf,3,24,8388608,2097152,float,sum,158.84,52.81,101.22,0,157.34,53.32,102.19,0,TREE,LL128,48,TREE,LL128,48,0,TREE,A_flag_ceiling
all_reduce_perf,3,24,16777216,4194304,float,sum,215.87,77.72,148.96,0,215.36,77.9,149.32,0,TREE,LL128,48,TREE,LL128,48,0,TREE,A_flag_ceiling
all_reduce_perf,3,24,33554432,8388608,float,sum,345.26,97.19,186.27,0,356.56,94.11,180.37,0,TREE,LL128,48,TREE,LL128,48,0,TREE,A_flag_ceiling
all_reduce_perf,3,24,67108864,16777216,float,sum,571.96,117.33,224.88,0,571.66,117.39,225.0,0,TREE,LL128,48,TREE,LL128,48,0,TREE,A_flag_ceiling
all_reduce_perf,3,24,134217728,33554432,float,sum,1057.38,126.93,243.29,0,1058.63,126.78,243.0,0,TREE,LL128,48,TREE,LL128,48,0,TREE,A_flag_ceiling
all_reduce_perf,3,24,268435456,67108864,float,sum,2008.65,133.64,256.14,0,2012.12,133.41,255.7,0,TREE,LL128,48,TREE,LL128,48,0,TREE,A_flag_ceiling
all_reduce_perf,3,24,536870912,134217728,float,sum,3889.81,138.02,264.54,0,3895.0,137.84,264.19,0,TREE,LL128,48,TREE,LL128,48,0,TREE,A_flag_ceiling
all_reduce_perf,3,24,4096,1024,float,sum,72.62,0.06,0.11,0,72.34,0.06,0.11,0,TREE,LL,2,,,,0,TREE,A_flag_ceiling
all_reduce_perf,3,24,8192,2048,float,sum,81.49,0.1,0.19,0,72.55,0.11,0.22,0,TREE,LL,4,,,,0,TREE,A_flag_ceiling
all_reduce_perf,3,24,16384,4096,float,sum,74.59,0.22,0.42,0,72.97,0.22,0.43,0,TREE,LL,8,,,,0,TREE,A_flag_ceiling
all_reduce_perf,3,24,32768,8192,float,sum,76.87,0.43,0.82,0,75.57,0.43,0.83,0,TREE,LL,16,,,,0,TREE,A_flag_ceiling
all_reduce_perf,3,24,65536,16384,float,sum,80.87,0.81,1.55,0,129.92,0.5,0.97,0,TREE,LL,32,,,,0,TREE,A_flag_ceiling
all_reduce_perf,3,24,131072,32768,float,sum,91.71,1.43,2.74,0,131.5,1.0,1.91,0,TREE,LL,48,,,,0,TREE,A_flag_ceiling
all_reduce_perf,3,24,262144,65536,float,sum,104.42,2.51,4.81,0,102.72,2.55,4.89,0,TREE,LL,48,,,,0,TREE,A_flag_ceiling
all_reduce_perf,3,24,524288,131072,float,sum,98.55,5.32,10.2,0,98.22,5.34,10.23,0,TREE,LL128,48,,,,0,TREE,A_flag_ceiling
all_reduce_perf,3,24,1048576,262144,float,sum,105.74,9.92,19.01,0,106.53,9.84,18.87,0,TREE,LL128,48,,,,0,TREE,A_flag_ceiling
all_reduce_perf,3,24,2097152,524288,float,sum,116.02,18.08,34.65,0,115.39,18.17,34.83,0,TREE,LL128,48,,,,0,TREE,A_flag_ceiling
all_reduce_perf,3,24,4194304,1048576,float,sum,129.76,32.32,61.95,0,131.01,32.02,61.36,0,TREE,LL128,48,,,,0,TREE,A_flag_ceiling
all_reduce_perf,3,24,8388608,2097152,float,sum,196.19,42.76,81.95,0,158.17,53.04,101.65,0,TREE,LL128,48,,,,0,TREE,A_flag_ceiling
all_reduce_perf,3,24,16777216,4194304,float,sum,217.03,77.3,148.16,0,215.51,77.85,149.21,0,TREE,LL128,48,,,,0,TREE,A_flag_ceiling
all_reduce_perf,3,24,33554432,8388608,float,sum,355.92,94.27,180.69,0,345.08,97.24,186.37,0,TREE,LL128,48,,,,0,TREE,A_flag_ceiling
all_reduce_perf,3,24,67108864,16777216,float,sum,478.69,140.19,268.7,0,478.84,140.15,268.62,0,RING,LL128,48,,,,0,RING,A_flag_ceiling
all_reduce_perf,3,24,134217728,33554432,float,sum,1065.35,125.98,241.47,0,1060.74,126.53,242.52,0,RING,LL128,48,,,,0,RING,A_flag_ceiling
all_reduce_perf,3,24,268435456,67108864,float,sum,1910.16,140.53,269.35,0,1744.0,153.92,295.01,0,RING,LL128,48,,,,0,RING,A_flag_ceiling
all_reduce_perf,3,24,536870912,134217728,float,sum,2749.65,195.25,374.23,0,2750.98,195.16,374.05,0,RING,SIMPLE,48,,,,0,RING,A_flag_ceiling
all_reduce_perf,3,24,4096,1024,float,sum,517.59,0.01,0.02,0,514.26,0.01,0.02,0,RING,SIMPLE,1,RING,SIMPLE,1,0,RING,A_flag_ceiling
all_reduce_perf,3,24,8192,2048,float,sum,513.18,0.02,0.03,0,515.67,0.02,0.03,0,RING,SIMPLE,1,RING,SIMPLE,1,0,RING,A_flag_ceiling
all_reduce_perf,3,24,16384,4096,float,sum,517.45,0.03,0.06,0,516.95,0.03,0.06,0,RING,SIMPLE,1,RING,SIMPLE,1,0,RING,A_flag_ceiling
all_reduce_perf,3,24,32768,8192,float,sum,522.18,0.06,0.12,0,521.12,0.06,0.12,0,RING,SIMPLE,1,RING,SIMPLE,1,0,RING,A_flag_ceiling
all_reduce_perf,3,24,65536,16384,float,sum,528.42,0.12,0.24,0,527.93,0.12,0.24,0,RING,SIMPLE,1,RING,SIMPLE,1,0,RING,A_flag_ceiling
all_reduce_perf,3,24,131072,32768,float,sum,527.94,0.25,0.48,0,525.56,0.25,0.48,0,RING,SIMPLE,1,RING,SIMPLE,1,0,RING,A_flag_ceiling
all_reduce_perf,3,24,262144,65536,float,sum,535.92,0.49,0.94,0,533.06,0.49,0.94,0,RING,SIMPLE,1,RING,SIMPLE,1,0,RING,A_flag_ceiling
all_reduce_perf,3,24,524288,131072,float,sum,562.7,0.93,1.79,0,558.91,0.94,1.8,0,RING,SIMPLE,1,RING,SIMPLE,1,0,RING,A_flag_ceiling
all_reduce_perf,3,24,1048576,262144,float,sum,577.32,1.82,3.48,0,570.16,1.84,3.52,0,RING,SIMPLE,1,RING,SIMPLE,1,0,RING,A_flag_ceiling
all_reduce_perf,3,24,2097152,524288,float,sum,628.67,3.34,6.39,0,618.04,3.39,6.5,0,RING,SIMPLE,1,RING,SIMPLE,1,0,RING,A_flag_ceiling
all_reduce_perf,3,24,4194304,1048576,float,sum,868.58,4.83,9.26,0,857.17,4.89,9.38,0,RING,SIMPLE,1,RING,SIMPLE,1,0,RING,A_flag_ceiling
all_reduce_perf,3,24,8388608,2097152,float,sum,1287.13,6.52,12.49,0,1272.84,6.59,12.63,0,RING,SIMPLE,1,RING,SIMPLE,1,0,RING,A_flag_ceiling
all_reduce_perf,3,24,16777216,4194304,float,sum,2415.45,6.95,13.31,0,2416.52,6.94,13.31,0,RING,SIMPLE,1,RING,SIMPLE,1,0,RING,A_flag_ceiling
all_reduce_perf,3,24,33554432,8388608,float,sum,4484.24,7.48,14.34,0,4488.02,7.48,14.33,0,RING,SIMPLE,1,RING,SIMPLE,1,0,RING,A_flag_ceiling
all_reduce_perf,3,24,67108864,16777216,float,sum,8670.48,7.74,14.83,0,8658.34,7.75,14.86,0,RING,SIMPLE,1,RING,SIMPLE,1,0,RING,A_flag_ceiling
all_reduce_perf,3,24,134217728,33554432,float,sum,17043.4,7.88,15.09,0,17013.6,7.89,15.12,0,RING,SIMPLE,1,RING,SIMPLE,1,0,RING,A_flag_ceiling
all_reduce_perf,3,24,268435456,67108864,float,sum,33864.4,7.93,15.19,0,33863.1,7.93,15.19,0,RING,SIMPLE,1,RING,SIMPLE,1,0,RING,A_flag_ceiling
all_reduce_perf,3,24,536870912,134217728,float,sum,67531.3,7.95,15.24,0,67382.2,7.97,15.27,0,RING,SIMPLE,1,RING,SIMPLE,1,0,RING,A_flag_ceiling
all_reduce_perf,3,24,4096,1024,float,sum,135.79,0.03,0.06,0,131.65,0.03,0.06,0,RING,LL,1,RING,LL,1,0,RING,A_flag_ceiling
all_reduce_perf,3,24,8192,2048,float,sum,132.95,0.06,0.12,0,133.41,0.06,0.12,0,RING,LL,1,RING,LL,1,0,RING,A_flag_ceiling
all_reduce_perf,3,24,16384,4096,float,sum,134.33,0.12,0.23,0,134.15,0.12,0.23,0,RING,LL,1,RING,LL,1,0,RING,A_flag_ceiling
all_reduce_perf,3,24,32768,8192,float,sum,136.75,0.24,0.46,0,136.47,0.24,0.46,0,RING,LL,1,RING,LL,1,0,RING,A_flag_ceiling
all_reduce_perf,3,24,65536,16384,float,sum,155.88,0.42,0.81,0,154.2,0.43,0.81,0,RING,LL,1,RING,LL,1,0,RING,A_flag_ceiling
all_reduce_perf,3,24,131072,32768,float,sum,184.27,0.71,1.36,0,176.86,0.74,1.42,0,RING,LL,1,RING,LL,1,0,RING,A_flag_ceiling
all_reduce_perf,3,24,262144,65536,float,sum,265.13,0.99,1.9,0,264.18,0.99,1.9,0,RING,LL,1,RING,LL,1,0,RING,A_flag_ceiling
all_reduce_perf,3,24,524288,131072,float,sum,488.02,1.07,2.06,0,481.81,1.09,2.09,0,RING,LL,1,RING,LL,1,0,RING,A_flag_ceiling
all_reduce_perf,3,24,1048576,262144,float,sum,890.03,1.18,2.26,0,885.21,1.18,2.27,0,RING,LL,1,RING,LL,1,0,RING,A_flag_ceiling
all_reduce_perf,3,24,2097152,524288,float,sum,1743.42,1.2,2.31,0,1725.26,1.22,2.33,0,RING,LL,1,RING,LL,1,0,RING,A_flag_ceiling
all_reduce_perf,3,24,4194304,1048576,float,sum,3407.82,1.23,2.36,0,3405.93,1.23,2.36,0,RING,LL,1,RING,LL,1,0,RING,A_flag_ceiling
all_reduce_perf,3,24,8388608,2097152,float,sum,6817.15,1.23,2.36,0,6808.66,1.23,2.36,0,RING,LL,1,RING,LL,1,0,RING,A_flag_ceiling
all_reduce_perf,3,24,16777216,4194304,float,sum,13632.9,1.23,2.36,0,13704.4,1.22,2.35,0,RING,LL,1,RING,LL,1,0,RING,A_flag_ceiling
all_reduce_perf,3,24,33554432,8388608,float,sum,27378.1,1.23,2.35,0,27480.8,1.22,2.34,0,RING,LL,1,RING,LL,1,0,RING,A_flag_ceiling
all_reduce_perf,3,24,67108864,16777216,float,sum,54548.5,1.23,2.36,0,55104.8,1.22,2.33,0,RING,LL,1,RING,LL,1,0,RING,A_flag_ceiling
all_reduce_perf,3,24,134217728,33554432,float,sum,109170.0,1.23,2.36,0,110244.0,1.22,2.33,0,RING,LL,1,RING,LL,1,0,RING,A_flag_ceiling
all_reduce_perf,3,24,268435456,67108864,float,sum,218241.0,1.23,2.36,0,220408.0,1.22,2.33,0,RING,LL,1,RING,LL,1,0,RING,A_flag_ceiling
all_reduce_perf,3,24,536870912,134217728,float,sum,436375.0,1.23,2.36,0,441293.0,1.22,2.33,0,RING,LL,1,RING,LL,1,0,RING,A_flag_ceiling
all_reduce_perf,3,24,4096,1024,float,sum,148.79,0.03,0.05,0,150.55,0.03,0.05,0,RING,LL128,1,RING,LL128,1,0,RING,A_flag_ceiling
all_reduce_perf,3,24,8192,2048,float,sum,151.87,0.05,0.1,0,147.15,0.06,0.11,0,RING,LL128,1,RING,LL128,1,0,RING,A_flag_ceiling
all_reduce_perf,3,24,16384,4096,float,sum,148.9,0.11,0.21,0,147.85,0.11,0.21,0,RING,LL128,1,RING,LL128,1,0,RING,A_flag_ceiling
all_reduce_perf,3,24,32768,8192,float,sum,149.28,0.22,0.42,0,148.04,0.22,0.42,0,RING,LL128,1,RING,LL128,1,0,RING,A_flag_ceiling
all_reduce_perf,3,24,65536,16384,float,sum,149.22,0.44,0.84,0,148.45,0.44,0.85,0,RING,LL128,1,RING,LL128,1,0,RING,A_flag_ceiling
all_reduce_perf,3,24,131072,32768,float,sum,155.08,0.85,1.62,0,153.82,0.85,1.63,0,RING,LL128,1,RING,LL128,1,0,RING,A_flag_ceiling
all_reduce_perf,3,24,262144,65536,float,sum,162.86,1.61,3.09,0,161.35,1.62,3.11,0,RING,LL128,1,RING,LL128,1,0,RING,A_flag_ceiling
all_reduce_perf,3,24,524288,131072,float,sum,179.78,2.92,5.59,0,174.58,3.0,5.76,0,RING,LL128,1,RING,LL128,1,0,RING,A_flag_ceiling
all_reduce_perf,3,24,1048576,262144,float,sum,256.38,4.09,7.84,0,246.74,4.25,8.15,0,RING,LL128,1,RING,LL128,1,0,RING,A_flag_ceiling
all_reduce_perf,3,24,2097152,524288,float,sum,448.83,4.67,8.96,0,430.71,4.87,9.33,0,RING,LL128,1,RING,LL128,1,0,RING,A_flag_ceiling
all_reduce_perf,3,24,4194304,1048576,float,sum,838.26,5.0,9.59,0,806.51,5.2,9.97,0,RING,LL128,1,RING,LL128,1,0,RING,A_flag_ceiling
all_reduce_perf,3,24,8388608,2097152,float,sum,1627.85,5.15,9.88,0,1579.79,5.31,10.18,0,RING,LL128,1,RING,LL128,1,0,RING,A_flag_ceiling
all_reduce_perf,3,24,16777216,4194304,float,sum,3205.01,5.23,10.03,0,3184.33,5.27,10.1,0,RING,LL128,1,RING,LL128,1,0,RING,A_flag_ceiling
all_reduce_perf,3,24,33554432,8388608,float,sum,6395.66,5.25,10.06,0,6399.92,5.24,10.05,0,RING,LL128,1,RING,LL128,1,0,RING,A_flag_ceiling
all_reduce_perf,3,24,67108864,16777216,float,sum,12779.9,5.25,10.06,0,12817.8,5.24,10.03,0,RING,LL128,1,RING,LL128,1,0,RING,A_flag_ceiling
all_reduce_perf,3,24,134217728,33554432,float,sum,25506.2,5.26,10.09,0,25611.0,5.24,10.04,0,RING,LL128,1,RING,LL128,1,0,RING,A_flag_ceiling
all_reduce_perf,3,24,268435456,67108864,float,sum,50840.4,5.28,10.12,0,51193.4,5.24,10.05,0,RING,LL128,1,RING,LL128,1,0,RING,A_flag_ceiling
all_reduce_perf,3,24,536870912,134217728,float,sum,101942.0,5.27,10.09,0,102453.0,5.24,10.04,0,RING,LL128,1,RING,LL128,1,0,RING,A_flag_ceiling
all_reduce_perf,3,24,4096,1024,float,sum,518.34,0.01,0.02,0,513.87,0.01,0.02,0,RING,SIMPLE,2,RING,SIMPLE,2,0,RING,A_flag_ceiling
all_reduce_perf,3,24,8192,2048,float,sum,514.0,0.02,0.03,0,512.99,0.02,0.03,0,RING,SIMPLE,2,RING,SIMPLE,2,0,RING,A_flag_ceiling
all_reduce_perf,3,24,16384,4096,float,sum,515.59,0.03,0.06,0,515.36,0.03,0.06,0,RING,SIMPLE,2,RING,SIMPLE,2,0,RING,A_flag_ceiling
all_reduce_perf,3,24,32768,8192,float,sum,520.08,0.06,0.12,0,518.93,0.06,0.12,0,RING,SIMPLE,2,RING,SIMPLE,2,0,RING,A_flag_ceiling
all_reduce_perf,3,24,65536,16384,float,sum,522.67,0.13,0.24,0,521.13,0.13,0.24,0,RING,SIMPLE,2,RING,SIMPLE,2,0,RING,A_flag_ceiling
all_reduce_perf,3,24,131072,32768,float,sum,531.68,0.25,0.47,0,533.17,0.25,0.47,0,RING,SIMPLE,2,RING,SIMPLE,2,0,RING,A_flag_ceiling
all_reduce_perf,3,24,262144,65536,float,sum,532.95,0.49,0.94,0,531.36,0.49,0.95,0,RING,SIMPLE,2,RING,SIMPLE,2,0,RING,A_flag_ceiling
all_reduce_perf,3,24,524288,131072,float,sum,535.17,0.98,1.88,0,534.69,0.98,1.88,0,RING,SIMPLE,2,RING,SIMPLE,2,0,RING,A_flag_ceiling
all_reduce_perf,3,24,1048576,262144,float,sum,565.09,1.86,3.56,0,563.69,1.86,3.57,0,RING,SIMPLE,2,RING,SIMPLE,2,0,RING,A_flag_ceiling
all_reduce_perf,3,24,2097152,524288,float,sum,582.78,3.6,6.9,0,582.58,3.6,6.9,0,RING,SIMPLE,2,RING,SIMPLE,2,0,RING,A_flag_ceiling
all_reduce_perf,3,24,4194304,1048576,float,sum,632.08,6.64,12.72,0,620.98,6.75,12.95,0,RING,SIMPLE,2,RING,SIMPLE,2,0,RING,A_flag_ceiling
all_reduce_perf,3,24,8388608,2097152,float,sum,873.99,9.6,18.4,0,863.16,9.72,18.63,0,RING,SIMPLE,2,RING,SIMPLE,2,0,RING,A_flag_ceiling
all_reduce_perf,3,24,16777216,4194304,float,sum,1287.05,13.04,24.98,0,1282.97,13.08,25.06,0,RING,SIMPLE,2,RING,SIMPLE,2,0,RING,A_flag_ceiling
all_reduce_perf,3,24,33554432,8388608,float,sum,2420.16,13.86,26.57,0,2411.62,13.91,26.67,0,RING,SIMPLE,2,RING,SIMPLE,2,0,RING,A_flag_ceiling
all_reduce_perf,3,24,67108864,16777216,float,sum,4488.15,14.95,28.66,0,4483.7,14.97,28.69,0,RING,SIMPLE,2,RING,SIMPLE,2,0,RING,A_flag_ceiling
all_reduce_perf,3,24,134217728,33554432,float,sum,8658.37,15.5,29.71,0,8650.38,15.52,29.74,0,RING,SIMPLE,2,RING,SIMPLE,2,0,RING,A_flag_ceiling
all_reduce_perf,3,24,268435456,67108864,float,sum,17055.5,15.74,30.17,0,17025.1,15.77,30.22,0,RING,SIMPLE,2,RING,SIMPLE,2,0,RING,A_flag_ceiling
all_reduce_perf,3,24,536870912,134217728,float,sum,33916.5,15.83,30.34,0,33864.5,15.85,30.39,0,RING,SIMPLE,2,RING,SIMPLE,2,0,RING,A_flag_ceiling
all_reduce_perf,3,24,4096,1024,float,sum,135.49,0.03,0.06,0,131.72,0.03,0.06,0,RING,LL,2,RING,LL,2,0,RING,A_flag_ceiling
all_reduce_perf,3,24,8192,2048,float,sum,131.64,0.06,0.12,0,131.3,0.06,0.12,0,RING,LL,2,RING,LL,2,0,RING,A_flag_ceiling
all_reduce_perf,3,24,16384,4096,float,sum,133.56,0.12,0.24,0,132.5,0.12,0.24,0,RING,LL,2,RING,LL,2,0,RING,A_flag_ceiling
all_reduce_perf,3,24,32768,8192,float,sum,134.42,0.24,0.47,0,134.26,0.24,0.47,0,RING,LL,2,RING,LL,2,0,RING,A_flag_ceiling
all_reduce_perf,3,24,65536,16384,float,sum,137.82,0.48,0.91,0,135.8,0.48,0.92,0,RING,LL,2,RING,LL,2,0,RING,A_flag_ceiling
all_reduce_perf,3,24,131072,32768,float,sum,153.07,0.86,1.64,0,151.7,0.86,1.66,0,RING,LL,2,RING,LL,2,0,RING,A_flag_ceiling
all_reduce_perf,3,24,262144,65536,float,sum,174.55,1.5,2.88,0,173.33,1.51,2.9,0,RING,LL,2,RING,LL,2,0,RING,A_flag_ceiling
all_reduce_perf,3,24,524288,131072,float,sum,265.15,1.98,3.79,0,262.34,2.0,3.83,0,RING,LL,2,RING,LL,2,0,RING,A_flag_ceiling
all_reduce_perf,3,24,1048576,262144,float,sum,483.27,2.17,4.16,0,477.59,2.2,4.21,0,RING,LL,2,RING,LL,2,0,RING,A_flag_ceiling
all_reduce_perf,3,24,2097152,524288,float,sum,885.41,2.37,4.54,0,880.56,2.38,4.56,0,RING,LL,2,RING,LL,2,0,RING,A_flag_ceiling
all_reduce_perf,3,24,4194304,1048576,float,sum,1739.45,2.41,4.62,0,1715.26,2.45,4.69,0,RING,LL,2,RING,LL,2,0,RING,A_flag_ceiling
all_reduce_perf,3,24,8388608,2097152,float,sum,3403.33,2.46,4.72,0,3390.92,2.47,4.74,0,RING,LL,2,RING,LL,2,0,RING,A_flag_ceiling
all_reduce_perf,3,24,16777216,4194304,float,sum,6815.73,2.46,4.72,0,6835.9,2.45,4.7,0,RING,LL,2,RING,LL,2,0,RING,A_flag_ceiling
all_reduce_perf,3,24,33554432,8388608,float,sum,13690.4,2.45,4.7,0,13787.3,2.43,4.66,0,RING,LL,2,RING,LL,2,0,RING,A_flag_ceiling
all_reduce_perf,3,24,67108864,16777216,float,sum,27400.2,2.45,4.69,0,27656.7,2.43,4.65,0,RING,LL,2,RING,LL,2,0,RING,A_flag_ceiling
all_reduce_perf,3,24,134217728,33554432,float,sum,54779.3,2.45,4.7,0,55331.1,2.43,4.65,0,RING,LL,2,RING,LL,2,0,RING,A_flag_ceiling
all_reduce_perf,3,24,268435456,67108864,float,sum,109581.0,2.45,4.7,0,110885.0,2.42,4.64,0,RING,LL,2,RING,LL,2,0,RING,A_flag_ceiling
all_reduce_perf,3,24,536870912,134217728,float,sum,219334.0,2.45,4.69,0,221825.0,2.42,4.64,0,RING,LL,2,RING,LL,2,0,RING,A_flag_ceiling
all_reduce_perf,3,24,4096,1024,float,sum,151.76,0.03,0.05,0,151.39,0.03,0.05,0,RING,LL128,2,RING,LL128,2,0,RING,A_flag_ceiling
all_reduce_perf,3,24,8192,2048,float,sum,151.25,0.05,0.1,0,151.21,0.05,0.1,0,RING,LL128,2,RING,LL128,2,0,RING,A_flag_ceiling
all_reduce_perf,3,24,16384,4096,float,sum,151.56,0.11,0.21,0,151.56,0.11,0.21,0,RING,LL128,2,RING,LL128,2,0,RING,A_flag_ceiling
all_reduce_perf,3,24,32768,8192,float,sum,151.38,0.22,0.41,0,150.62,0.22,0.42,0,RING,LL128,2,RING,LL128,2,0,RING,A_flag_ceiling
all_reduce_perf,3,24,65536,16384,float,sum,151.58,0.43,0.83,0,147.29,0.44,0.85,0,RING,LL128,2,RING,LL128,2,0,RING,A_flag_ceiling
all_reduce_perf,3,24,131072,32768,float,sum,153.05,0.86,1.64,0,151.87,0.86,1.65,0,RING,LL128,2,RING,LL128,2,0,RING,A_flag_ceiling
all_reduce_perf,3,24,262144,65536,float,sum,155.89,1.68,3.22,0,155.56,1.69,3.23,0,RING,LL128,2,RING,LL128,2,0,RING,A_flag_ceiling
all_reduce_perf,3,24,524288,131072,float,sum,164.21,3.19,6.12,0,162.9,3.22,6.17,0,RING,LL128,2,RING,LL128,2,0,RING,A_flag_ceiling
all_reduce_perf,3,24,1048576,262144,float,sum,181.49,5.78,11.07,0,176.7,5.93,11.37,0,RING,LL128,2,RING,LL128,2,0,RING,A_flag_ceiling
all_reduce_perf,3,24,2097152,524288,float,sum,257.55,8.14,15.61,0,250.01,8.39,16.08,0,RING,LL128,2,RING,LL128,2,0,RING,A_flag_ceiling
all_reduce_perf,3,24,4194304,1048576,float,sum,447.17,9.38,17.98,0,436.77,9.6,18.41,0,RING,LL128,2,RING,LL128,2,0,RING,A_flag_ceiling
all_reduce_perf,3,24,8388608,2097152,float,sum,832.03,10.08,19.32,0,808.97,10.37,19.87,0,RING,LL128,2,RING,LL128,2,0,RING,A_flag_ceiling
all_reduce_perf,3,24,16777216,4194304,float,sum,1631.11,10.29,19.71,0,1600.24,10.48,20.09,0,RING,LL128,2,RING,LL128,2,0,RING,A_flag_ceiling
all_reduce_perf,3,24,33554432,8388608,float,sum,3235.9,10.37,19.87,0,3183.14,10.54,20.2,0,RING,LL128,2,RING,LL128,2,0,RING,A_flag_ceiling
all_reduce_perf,3,24,67108864,16777216,float,sum,6446.69,10.41,19.95,0,6377.02,10.52,20.17,0,RING,LL128,2,RING,LL128,2,0,RING,A_flag_ceiling
all_reduce_perf,3,24,134217728,33554432,float,sum,12844.9,10.45,20.03,0,12728.0,10.55,20.21,0,RING,LL128,2,RING,LL128,2,0,RING,A_flag_ceiling
all_reduce_perf,3,24,268435456,67108864,float,sum,25659.9,10.46,20.05,0,25430.9,10.56,20.23,0,RING,LL128,2,RING,LL128,2,0,RING,A_flag_ceiling
all_reduce_perf,3,24,536870912,134217728,float,sum,51275.5,10.47,20.07,0,50839.9,10.56,20.24,0,RING,LL128,2,RING,LL128,2,0,RING,A_flag_ceiling
all_reduce_perf,3,24,4096,1024,float,sum,516.57,0.01,0.02,0,512.3,0.01,0.02,0,RING,SIMPLE,4,RING,SIMPLE,4,0,RING,A_flag_ceiling
all_reduce_perf,3,24,8192,2048,float,sum,513.99,0.02,0.03,0,511.67,0.02,0.03,0,RING,SIMPLE,4,RING,SIMPLE,4,0,RING,A_flag_ceiling
all_reduce_perf,3,24,16384,4096,float,sum,519.48,0.03,0.06,0,519.35,0.03,0.06,0,RING,SIMPLE,4,RING,SIMPLE,4,0,RING,A_flag_ceiling
all_reduce_perf,3,24,32768,8192,float,sum,523.45,0.06,0.12,0,523.98,0.06,0.12,0,RING,SIMPLE,4,RING,SIMPLE,4,0,RING,A_flag_ceiling
all_reduce_perf,3,24,65536,16384,float,sum,526.05,0.12,0.24,0,525.85,0.12,0.24,0,RING,SIMPLE,4,RING,SIMPLE,4,0,RING,A_flag_ceiling
all_reduce_perf,3,24,131072,32768,float,sum,529.3,0.25,0.47,0,528.98,0.25,0.47,0,RING,SIMPLE,4,RING,SIMPLE,4,0,RING,A_flag_ceiling
all_reduce_perf,3,24,262144,65536,float,sum,532.95,0.49,0.94,0,532.12,0.49,0.94,0,RING,SIMPLE,4,RING,SIMPLE,4,0,RING,A_flag_ceiling
all_reduce_perf,3,24,524288,131072,float,sum,534.87,0.98,1.88,0,532.96,0.98,1.89,0,RING,SIMPLE,4,RING,SIMPLE,4,0,RING,A_flag_ceiling
all_reduce_perf,3,24,1048576,262144,float,sum,542.93,1.93,3.7,0,539.81,1.94,3.72,0,RING,SIMPLE,4,RING,SIMPLE,4,0,RING,A_flag_ceiling
all_reduce_perf,3,24,2097152,524288,float,sum,569.27,3.68,7.06,0,566.35,3.7,7.1,0,RING,SIMPLE,4,RING,SIMPLE,4,0,RING,A_flag_ceiling
all_reduce_perf,3,24,4194304,1048576,float,sum,591.76,7.09,13.58,0,587.83,7.14,13.68,0,RING,SIMPLE,4,RING,SIMPLE,4,0,RING,A_flag_ceiling
all_reduce_perf,3,24,8388608,2097152,float,sum,648.26,12.94,24.8,0,642.9,13.05,25.01,0,RING,SIMPLE,4,RING,SIMPLE,4,0,RING,A_flag_ceiling
all_reduce_perf,3,24,16777216,4194304,float,sum,909.21,18.45,35.37,0,903.71,18.56,35.58,0,RING,SIMPLE,4,RING,SIMPLE,4,0,RING,A_flag_ceiling
all_reduce_perf,3,24,33554432,8388608,float,sum,1411.5,23.77,45.56,0,1415.13,23.71,45.45,0,RING,SIMPLE,4,RING,SIMPLE,4,0,RING,A_flag_ceiling
all_reduce_perf,3,24,67108864,16777216,float,sum,2544.49,26.37,50.55,0,2546.05,26.36,50.52,0,RING,SIMPLE,4,RING,SIMPLE,4,0,RING,A_flag_ceiling
all_reduce_perf,3,24,134217728,33554432,float,sum,4601.08,29.17,55.91,0,4609.1,29.12,55.81,0,RING,SIMPLE,4,RING,SIMPLE,4,0,RING,A_flag_ceiling
all_reduce_perf,3,24,268435456,67108864,float,sum,8903.74,30.15,57.78,0,8909.0,30.13,57.75,0,RING,SIMPLE,4,RING,SIMPLE,4,0,RING,A_flag_ceiling
all_reduce_perf,3,24,536870912,134217728,float,sum,17337.7,30.97,59.35,0,17374.4,30.9,59.23,0,RING,SIMPLE,4,RING,SIMPLE,4,0,RING,A_flag_ceiling
all_reduce_perf,3,24,4096,1024,float,sum,136.1,0.03,0.06,0,135.59,0.03,0.06,0,RING,LL,4,RING,LL,4,0,RING,A_flag_ceiling
all_reduce_perf,3,24,8192,2048,float,sum,140.82,0.06,0.11,0,137.43,0.06,0.11,0,RING,LL,4,RING,LL,4,0,RING,A_flag_ceiling
all_reduce_perf,3,24,16384,4096,float,sum,137.24,0.12,0.23,0,136.43,0.12,0.23,0,RING,LL,4,RING,LL,4,0,RING,A_flag_ceiling
all_reduce_perf,3,24,32768,8192,float,sum,138.63,0.24,0.45,0,138.16,0.24,0.45,0,RING,LL,4,RING,LL,4,0,RING,A_flag_ceiling
all_reduce_perf,3,24,65536,16384,float,sum,139.05,0.47,0.9,0,138.73,0.47,0.91,0,RING,LL,4,RING,LL,4,0,RING,A_flag_ceiling
all_reduce_perf,3,24,131072,32768,float,sum,140.27,0.93,1.79,0,140.7,0.93,1.79,0,RING,LL,4,RING,LL,4,0,RING,A_flag_ceiling
all_reduce_perf,3,24,262144,65536,float,sum,154.69,1.69,3.25,0,152.96,1.71,3.28,0,RING,LL,4,RING,LL,4,0,RING,A_flag_ceiling
all_reduce_perf,3,24,524288,131072,float,sum,175.2,2.99,5.74,0,174.44,3.01,5.76,0,RING,LL,4,RING,LL,4,0,RING,A_flag_ceiling
all_reduce_perf,3,24,1048576,262144,float,sum,265.84,3.94,7.56,0,263.64,3.98,7.62,0,RING,LL,4,RING,LL,4,0,RING,A_flag_ceiling
all_reduce_perf,3,24,2097152,524288,float,sum,484.93,4.32,8.29,0,478.37,4.38,8.4,0,RING,LL,4,RING,LL,4,0,RING,A_flag_ceiling
all_reduce_perf,3,24,4194304,1048576,float,sum,897.68,4.67,8.96,0,887.16,4.73,9.06,0,RING,LL,4,RING,LL,4,0,RING,A_flag_ceiling
all_reduce_perf,3,24,8388608,2097152,float,sum,1751.02,4.79,9.18,0,1729.61,4.85,9.3,0,RING,LL,4,RING,LL,4,0,RING,A_flag_ceiling
all_reduce_perf,3,24,16777216,4194304,float,sum,3438.21,4.88,9.35,0,3425.28,4.9,9.39,0,RING,LL,4,RING,LL,4,0,RING,A_flag_ceiling
all_reduce_perf,3,24,33554432,8388608,float,sum,6915.14,4.85,9.3,0,6874.5,4.88,9.36,0,RING,LL,4,RING,LL,4,0,RING,A_flag_ceiling
all_reduce_perf,3,24,67108864,16777216,float,sum,13900.0,4.83,9.25,0,13778.2,4.87,9.34,0,RING,LL,4,RING,LL,4,0,RING,A_flag_ceiling
all_reduce_perf,3,24,134217728,33554432,float,sum,28015.3,4.79,9.18,0,27605.5,4.86,9.32,0,RING,LL,4,RING,LL,4,0,RING,A_flag_ceiling
all_reduce_perf,3,24,268435456,67108864,float,sum,55665.1,4.82,9.24,0,55261.7,4.86,9.31,0,RING,LL,4,RING,LL,4,0,RING,A_flag_ceiling
all_reduce_perf,3,24,536870912,134217728,float,sum,111268.0,4.83,9.25,0,110494.0,4.86,9.31,0,RING,LL,4,RING,LL,4,0,RING,A_flag_ceiling
all_reduce_perf,3,24,4096,1024,float,sum,151.03,0.03,0.05,0,149.26,0.03,0.05,0,RING,LL128,4,RING,LL128,4,0,RING,A_flag_ceiling
all_reduce_perf,3,24,8192,2048,float,sum,149.89,0.05,0.1,0,148.89,0.06,0.11,0,RING,LL128,4,RING,LL128,4,0,RING,A_flag_ceiling
all_reduce_perf,3,24,16384,4096,float,sum,151.25,0.11,0.21,0,150.07,0.11,0.21,0,RING,LL128,4,RING,LL128,4,0,RING,A_flag_ceiling
all_reduce_perf,3,24,32768,8192,float,sum,153.37,0.21,0.41,0,151.98,0.22,0.41,0,RING,LL128,4,RING,LL128,4,0,RING,A_flag_ceiling
all_reduce_perf,3,24,65536,16384,float,sum,152.94,0.43,0.82,0,152.96,0.43,0.82,0,RING,LL128,4,RING,LL128,4,0,RING,A_flag_ceiling
all_reduce_perf,3,24,131072,32768,float,sum,153.37,0.85,1.64,0,153.08,0.86,1.64,0,RING,LL128,4,RING,LL128,4,0,RING,A_flag_ceiling
all_reduce_perf,3,24,262144,65536,float,sum,155.13,1.69,3.24,0,152.78,1.72,3.29,0,RING,LL128,4,RING,LL128,4,0,RING,A_flag_ceiling
all_reduce_perf,3,24,524288,131072,float,sum,159.42,3.29,6.3,0,158.54,3.31,6.34,0,RING,LL128,4,RING,LL128,4,0,RING,A_flag_ceiling
all_reduce_perf,3,24,1048576,262144,float,sum,166.09,6.31,12.1,0,163.67,6.41,12.28,0,RING,LL128,4,RING,LL128,4,0,RING,A_flag_ceiling
all_reduce_perf,3,24,2097152,524288,float,sum,185.35,11.31,21.69,0,179.16,11.71,22.44,0,RING,LL128,4,RING,LL128,4,0,RING,A_flag_ceiling
all_reduce_perf,3,24,4194304,1048576,float,sum,261.3,16.05,30.77,0,252.09,16.64,31.89,0,RING,LL128,4,RING,LL128,4,0,RING,A_flag_ceiling
all_reduce_perf,3,24,8388608,2097152,float,sum,451.0,18.6,35.65,0,438.5,19.13,36.67,0,RING,LL128,4,RING,LL128,4,0,RING,A_flag_ceiling
all_reduce_perf,3,24,16777216,4194304,float,sum,838.88,20.0,38.33,0,825.4,20.33,38.96,0,RING,LL128,4,RING,LL128,4,0,RING,A_flag_ceiling
all_reduce_perf,3,24,33554432,8388608,float,sum,1640.91,20.45,39.19,0,1624.63,20.65,39.59,0,RING,LL128,4,RING,LL128,4,0,RING,A_flag_ceiling
all_reduce_perf,3,24,67108864,16777216,float,sum,3246.24,20.67,39.62,0,3221.83,20.83,39.92,0,RING,LL128,4,RING,LL128,4,0,RING,A_flag_ceiling
all_reduce_perf,3,24,134217728,33554432,float,sum,6462.7,20.77,39.81,0,6417.31,20.91,40.09,0,RING,LL128,4,RING,LL128,4,0,RING,A_flag_ceiling
all_reduce_perf,3,24,268435456,67108864,float,sum,12906.4,20.8,39.86,0,12821.5,20.94,40.13,0,RING,LL128,4,RING,LL128,4,0,RING,A_flag_ceiling
all_reduce_perf,3,24,536870912,134217728,float,sum,25751.6,20.85,39.96,0,25631.6,20.95,40.15,0,RING,LL128,4,RING,LL128,4,0,RING,A_flag_ceiling
all_reduce_perf,3,24,4096,1024,float,sum,514.46,0.01,0.02,0,510.05,0.01,0.02,0,RING,SIMPLE,8,RING,SIMPLE,8,0,RING,A_flag_ceiling
all_reduce_perf,3,24,8192,2048,float,sum,514.34,0.02,0.03,0,511.41,0.02,0.03,0,RING,SIMPLE,8,RING,SIMPLE,8,0,RING,A_flag_ceiling
all_reduce_perf,3,24,16384,4096,float,sum,516.43,0.03,0.06,0,514.97,0.03,0.06,0,RING,SIMPLE,8,RING,SIMPLE,8,0,RING,A_flag_ceiling
all_reduce_perf,3,24,32768,8192,float,sum,524.07,0.06,0.12,0,524.09,0.06,0.12,0,RING,SIMPLE,8,RING,SIMPLE,8,0,RING,A_flag_ceiling
all_reduce_perf,3,24,65536,16384,float,sum,535.47,0.12,0.23,0,532.37,0.12,0.24,0,RING,SIMPLE,8,RING,SIMPLE,8,0,RING,A_flag_ceiling
all_reduce_perf,3,24,131072,32768,float,sum,535.88,0.24,0.47,0,534.24,0.25,0.47,0,RING,SIMPLE,8,RING,SIMPLE,8,0,RING,A_flag_ceiling
all_reduce_perf,3,24,262144,65536,float,sum,538.1,0.49,0.93,0,536.67,0.49,0.94,0,RING,SIMPLE,8,RING,SIMPLE,8,0,RING,A_flag_ceiling
all_reduce_perf,3,24,524288,131072,float,sum,540.95,0.97,1.86,0,539.95,0.97,1.86,0,RING,SIMPLE,8,RING,SIMPLE,8,0,RING,A_flag_ceiling
all_reduce_perf,3,24,1048576,262144,float,sum,544.48,1.93,3.69,0,545.26,1.92,3.69,0,RING,SIMPLE,8,RING,SIMPLE,8,0,RING,A_flag_ceiling
all_reduce_perf,3,24,2097152,524288,float,sum,554.26,3.78,7.25,0,551.87,3.8,7.28,0,RING,SIMPLE,8,RING,SIMPLE,8,0,RING,A_flag_ceiling
all_reduce_perf,3,24,4194304,1048576,float,sum,582.58,7.2,13.8,0,579.72,7.24,13.87,0,RING,SIMPLE,8,RING,SIMPLE,8,0,RING,A_flag_ceiling
all_reduce_perf,3,24,8388608,2097152,float,sum,606.19,13.84,26.52,0,604.52,13.88,26.6,0,RING,SIMPLE,8,RING,SIMPLE,8,0,RING,A_flag_ceiling
all_reduce_perf,3,24,16777216,4194304,float,sum,655.26,25.6,49.07,0,651.56,25.75,49.35,0,RING,SIMPLE,8,RING,SIMPLE,8,0,RING,A_flag_ceiling
all_reduce_perf,3,24,33554432,8388608,float,sum,907.95,36.96,70.83,0,914.21,36.7,70.35,0,RING,SIMPLE,8,RING,SIMPLE,8,0,RING,A_flag_ceiling
all_reduce_perf,3,24,67108864,16777216,float,sum,1413.17,47.49,91.02,0,1419.04,47.29,90.64,0,RING,SIMPLE,8,RING,SIMPLE,8,0,RING,A_flag_ceiling
all_reduce_perf,3,24,134217728,33554432,float,sum,2561.79,52.39,100.42,0,2562.34,52.38,100.4,0,RING,SIMPLE,8,RING,SIMPLE,8,0,RING,A_flag_ceiling
all_reduce_perf,3,24,268435456,67108864,float,sum,4619.36,58.11,111.38,0,4629.42,57.98,111.14,0,RING,SIMPLE,8,RING,SIMPLE,8,0,RING,A_flag_ceiling
all_reduce_perf,3,24,536870912,134217728,float,sum,8948.39,60.0,114.99,0,8970.68,59.85,114.71,0,RING,SIMPLE,8,RING,SIMPLE,8,0,RING,A_flag_ceiling
all_reduce_perf,3,24,4096,1024,float,sum,136.07,0.03,0.06,0,135.45,0.03,0.06,0,RING,LL,8,RING,LL,8,0,RING,A_flag_ceiling
all_reduce_perf,3,24,8192,2048,float,sum,140.79,0.06,0.11,0,138.38,0.06,0.11,0,RING,LL,8,RING,LL,8,0,RING,A_flag_ceiling
all_reduce_perf,3,24,16384,4096,float,sum,141.25,0.12,0.22,0,141.39,0.12,0.22,0,RING,LL,8,RING,LL,8,0,RING,A_flag_ceiling
all_reduce_perf,3,24,32768,8192,float,sum,140.08,0.23,0.45,0,139.8,0.23,0.45,0,RING,LL,8,RING,LL,8,0,RING,A_flag_ceiling
all_reduce_perf,3,24,65536,16384,float,sum,141.79,0.46,0.89,0,141.03,0.46,0.89,0,RING,LL,8,RING,LL,8,0,RING,A_flag_ceiling
all_reduce_perf,3,24,131072,32768,float,sum,146.59,0.89,1.71,0,145.15,0.9,1.73,0,RING,LL,8,RING,LL,8,0,RING,A_flag_ceiling
all_reduce_perf,3,24,262144,65536,float,sum,145.35,1.8,3.46,0,144.38,1.82,3.48,0,RING,LL,8,RING,LL,8,0,RING,A_flag_ceiling
all_reduce_perf,3,24,524288,131072,float,sum,160.29,3.27,6.27,0,160.03,3.28,6.28,0,RING,LL,8,RING,LL,8,0,RING,A_flag_ceiling
all_reduce_perf,3,24,1048576,262144,float,sum,181.18,5.79,11.09,0,178.73,5.87,11.24,0,RING,LL,8,RING,LL,8,0,RING,A_flag_ceiling
all_reduce_perf,3,24,2097152,524288,float,sum,271.97,7.71,14.78,0,268.69,7.81,14.96,0,RING,LL,8,RING,LL,8,0,RING,A_flag_ceiling
all_reduce_perf,3,24,4194304,1048576,float,sum,496.12,8.45,16.2,0,486.62,8.62,16.52,0,RING,LL,8,RING,LL,8,0,RING,A_flag_ceiling
all_reduce_perf,3,24,8388608,2097152,float,sum,903.1,9.29,17.8,0,892.22,9.4,18.02,0,RING,LL,8,RING,LL,8,0,RING,A_flag_ceiling
all_reduce_perf,3,24,16777216,4194304,float,sum,1760.26,9.53,18.27,0,1745.22,9.61,18.43,0,RING,LL,8,RING,LL,8,0,RING,A_flag_ceiling
all_reduce_perf,3,24,33554432,8388608,float,sum,3441.3,9.75,18.69,0,3434.73,9.77,18.72,0,RING,LL,8,RING,LL,8,0,RING,A_flag_ceiling
all_reduce_perf,3,24,67108864,16777216,float,sum,6869.91,9.77,18.72,0,6847.0,9.8,18.79,0,RING,LL,8,RING,LL,8,0,RING,A_flag_ceiling
all_reduce_perf,3,24,134217728,33554432,float,sum,13725.5,9.78,18.74,0,13714.0,9.79,18.76,0,RING,LL,8,RING,LL,8,0,RING,A_flag_ceiling
all_reduce_perf,3,24,268435456,67108864,float,sum,27420.5,9.79,18.76,0,27466.6,9.77,18.73,0,RING,LL,8,RING,LL,8,0,RING,A_flag_ceiling
all_reduce_perf,3,24,536870912,134217728,float,sum,54802.4,9.8,18.78,0,54937.3,9.77,18.73,0,RING,LL,8,RING,LL,8,0,RING,A_flag_ceiling
all_reduce_perf,3,24,4096,1024,float,sum,152.15,0.03,0.05,0,148.65,0.03,0.05,0,RING,LL128,8,RING,LL128,8,0,RING,A_flag_ceiling
all_reduce_perf,3,24,8192,2048,float,sum,148.04,0.06,0.11,0,148.93,0.06,0.11,0,RING,LL128,8,RING,LL128,8,0,RING,A_flag_ceiling
all_reduce_perf,3,24,16384,4096,float,sum,150.7,0.11,0.21,0,150.79,0.11,0.21,0,RING,LL128,8,RING,LL128,8,0,RING,A_flag_ceiling
all_reduce_perf,3,24,32768,8192,float,sum,153.27,0.21,0.41,0,154.07,0.21,0.41,0,RING,LL128,8,RING,LL128,8,0,RING,A_flag_ceiling
all_reduce_perf,3,24,65536,16384,float,sum,158.61,0.41,0.79,0,157.62,0.42,0.8,0,RING,LL128,8,RING,LL128,8,0,RING,A_flag_ceiling
all_reduce_perf,3,24,131072,32768,float,sum,158.86,0.83,1.58,0,157.86,0.83,1.59,0,RING,LL128,8,RING,LL128,8,0,RING,A_flag_ceiling
all_reduce_perf,3,24,262144,65536,float,sum,158.4,1.65,3.17,0,157.72,1.66,3.19,0,RING,LL128,8,RING,LL128,8,0,RING,A_flag_ceiling
all_reduce_perf,3,24,524288,131072,float,sum,159.43,3.29,6.3,0,158.69,3.3,6.33,0,RING,LL128,8,RING,LL128,8,0,RING,A_flag_ceiling
all_reduce_perf,3,24,1048576,262144,float,sum,164.28,6.38,12.23,0,162.17,6.47,12.39,0,RING,LL128,8,RING,LL128,8,0,RING,A_flag_ceiling
all_reduce_perf,3,24,2097152,524288,float,sum,170.76,12.28,23.54,0,168.34,12.46,23.88,0,RING,LL128,8,RING,LL128,8,0,RING,A_flag_ceiling
all_reduce_perf,3,24,4194304,1048576,float,sum,190.23,22.05,42.26,0,182.57,22.97,44.03,0,RING,LL128,8,RING,LL128,8,0,RING,A_flag_ceiling
all_reduce_perf,3,24,8388608,2097152,float,sum,263.68,31.81,60.98,0,254.25,32.99,63.24,0,RING,LL128,8,RING,LL128,8,0,RING,A_flag_ceiling
all_reduce_perf,3,24,16777216,4194304,float,sum,454.87,36.88,70.69,0,447.34,37.5,71.88,0,RING,LL128,8,RING,LL128,8,0,RING,A_flag_ceiling
all_reduce_perf,3,24,33554432,8388608,float,sum,849.31,39.51,75.72,0,833.75,40.25,77.14,0,RING,LL128,8,RING,LL128,8,0,RING,A_flag_ceiling
all_reduce_perf,3,24,67108864,16777216,float,sum,1641.24,40.89,78.37,0,1630.48,41.16,78.89,0,RING,LL128,8,RING,LL128,8,0,RING,A_flag_ceiling
all_reduce_perf,3,24,134217728,33554432,float,sum,3245.28,41.36,79.27,0,3233.43,41.51,79.56,0,RING,LL128,8,RING,LL128,8,0,RING,A_flag_ceiling
all_reduce_perf,3,24,268435456,67108864,float,sum,6446.06,41.64,79.82,0,6441.18,41.67,79.88,0,RING,LL128,8,RING,LL128,8,0,RING,A_flag_ceiling
all_reduce_perf,3,24,536870912,134217728,float,sum,12843.8,41.8,80.12,0,12864.7,41.73,79.99,0,RING,LL128,8,RING,LL128,8,0,RING,A_flag_ceiling
all_reduce_perf,3,24,4096,1024,float,sum,514.89,0.01,0.02,0,512.17,0.01,0.02,0,RING,SIMPLE,16,RING,SIMPLE,16,0,RING,A_flag_ceiling
all_reduce_perf,3,24,8192,2048,float,sum,513.42,0.02,0.03,0,512.74,0.02,0.03,0,RING,SIMPLE,16,RING,SIMPLE,16,0,RING,A_flag_ceiling
all_reduce_perf,3,24,16384,4096,float,sum,520.1,0.03,0.06,0,517.78,0.03,0.06,0,RING,SIMPLE,16,RING,SIMPLE,16,0,RING,A_flag_ceiling
all_reduce_perf,3,24,32768,8192,float,sum,521.49,0.06,0.12,0,521.28,0.06,0.12,0,RING,SIMPLE,16,RING,SIMPLE,16,0,RING,A_flag_ceiling
all_reduce_perf,3,24,65536,16384,float,sum,531.24,0.12,0.24,0,530.92,0.12,0.24,0,RING,SIMPLE,16,RING,SIMPLE,16,0,RING,A_flag_ceiling
all_reduce_perf,3,24,131072,32768,float,sum,567.02,0.23,0.44,0,566.94,0.23,0.44,0,RING,SIMPLE,16,RING,SIMPLE,16,0,RING,A_flag_ceiling
all_reduce_perf,3,24,262144,65536,float,sum,570.36,0.46,0.88,0,568.47,0.46,0.88,0,RING,SIMPLE,16,RING,SIMPLE,16,0,RING,A_flag_ceiling
all_reduce_perf,3,24,524288,131072,float,sum,571.12,0.92,1.76,0,569.46,0.92,1.76,0,RING,SIMPLE,16,RING,SIMPLE,16,0,RING,A_flag_ceiling
all_reduce_perf,3,24,1048576,262144,float,sum,575.7,1.82,3.49,0,573.9,1.83,3.5,0,RING,SIMPLE,16,RING,SIMPLE,16,0,RING,A_flag_ceiling
all_reduce_perf,3,24,2097152,524288,float,sum,584.41,3.59,6.88,0,582.9,3.6,6.9,0,RING,SIMPLE,16,RING,SIMPLE,16,0,RING,A_flag_ceiling
all_reduce_perf,3,24,4194304,1048576,float,sum,596.57,7.03,13.48,0,598.71,7.01,13.43,0,RING,SIMPLE,16,RING,SIMPLE,16,0,RING,A_flag_ceiling
all_reduce_perf,3,24,8388608,2097152,float,sum,629.2,13.33,25.55,0,626.19,13.4,25.68,0,RING,SIMPLE,16,RING,SIMPLE,16,0,RING,A_flag_ceiling
all_reduce_perf,3,24,16777216,4194304,float,sum,643.8,26.06,49.95,0,644.38,26.04,49.9,0,RING,SIMPLE,16,RING,SIMPLE,16,0,RING,A_flag_ceiling
all_reduce_perf,3,24,33554432,8388608,float,sum,693.31,48.4,92.76,0,692.25,48.47,92.9,0,RING,SIMPLE,16,RING,SIMPLE,16,0,RING,A_flag_ceiling
all_reduce_perf,3,24,67108864,16777216,float,sum,931.41,72.05,138.1,0,929.9,72.17,138.32,0,RING,SIMPLE,16,RING,SIMPLE,16,0,RING,A_flag_ceiling
all_reduce_perf,3,24,134217728,33554432,float,sum,1442.06,93.07,178.39,0,1445.56,92.85,177.96,0,RING,SIMPLE,16,RING,SIMPLE,16,0,RING,A_flag_ceiling
all_reduce_perf,3,24,268435456,67108864,float,sum,2548.51,105.33,201.88,0,2551.59,105.2,201.64,0,RING,SIMPLE,16,RING,SIMPLE,16,0,RING,A_flag_ceiling
all_reduce_perf,3,24,536870912,134217728,float,sum,4577.44,117.29,224.8,0,4552.05,117.94,226.05,0,RING,SIMPLE,16,RING,SIMPLE,16,0,RING,A_flag_ceiling
all_reduce_perf,3,24,4096,1024,float,sum,159.08,0.03,0.05,0,132.19,0.03,0.06,0,RING,LL,16,RING,LL,16,0,RING,A_flag_ceiling
all_reduce_perf,3,24,8192,2048,float,sum,145.3,0.06,0.11,0,154.07,0.05,0.1,0,RING,LL,16,RING,LL,16,0,RING,A_flag_ceiling
all_reduce_perf,3,24,16384,4096,float,sum,144.56,0.11,0.22,0,140.08,0.12,0.22,0,RING,LL,16,RING,LL,16,0,RING,A_flag_ceiling
all_reduce_perf,3,24,32768,8192,float,sum,174.61,0.19,0.36,0,167.73,0.2,0.37,0,RING,LL,16,RING,LL,16,0,RING,A_flag_ceiling
all_reduce_perf,3,24,65536,16384,float,sum,174.19,0.38,0.72,0,173.65,0.38,0.72,0,RING,LL,16,RING,LL,16,0,RING,A_flag_ceiling
all_reduce_perf,3,24,131072,32768,float,sum,180.79,0.73,1.39,0,181.2,0.72,1.39,0,RING,LL,16,RING,LL,16,0,RING,A_flag_ceiling
all_reduce_perf,3,24,262144,65536,float,sum,197.49,1.33,2.54,0,184.24,1.42,2.73,0,RING,LL,16,RING,LL,16,0,RING,A_flag_ceiling
all_reduce_perf,3,24,524288,131072,float,sum,198.18,2.65,5.07,0,195.92,2.68,5.13,0,RING,LL,16,RING,LL,16,0,RING,A_flag_ceiling
all_reduce_perf,3,24,1048576,262144,float,sum,228.76,4.58,8.79,0,261.33,4.01,7.69,0,RING,LL,16,RING,LL,16,0,RING,A_flag_ceiling
all_reduce_perf,3,24,2097152,524288,float,sum,266.32,7.87,15.09,0,262.43,7.99,15.32,0,RING,LL,16,RING,LL,16,0,RING,A_flag_ceiling
all_reduce_perf,3,24,4194304,1048576,float,sum,332.41,12.62,24.18,0,333.61,12.57,24.1,0,RING,LL,16,RING,LL,16,0,RING,A_flag_ceiling
all_reduce_perf,3,24,8388608,2097152,float,sum,599.43,13.99,26.82,0,599.33,14.0,26.83,0,RING,LL,16,RING,LL,16,0,RING,A_flag_ceiling
all_reduce_perf,3,24,16777216,4194304,float,sum,1009.23,16.62,31.86,0,1010.69,16.6,31.82,0,RING,LL,16,RING,LL,16,0,RING,A_flag_ceiling
all_reduce_perf,3,24,33554432,8388608,float,sum,1954.37,17.17,32.91,0,1985.29,16.9,32.39,0,RING,LL,16,RING,LL,16,0,RING,A_flag_ceiling
all_reduce_perf,3,24,67108864,16777216,float,sum,3706.88,18.1,34.7,0,3714.31,18.07,34.63,0,RING,LL,16,RING,LL,16,0,RING,A_flag_ceiling
all_reduce_perf,3,24,134217728,33554432,float,sum,7320.61,18.33,35.14,0,7311.63,18.36,35.18,0,RING,LL,16,RING,LL,16,0,RING,A_flag_ceiling
all_reduce_perf,3,24,268435456,67108864,float,sum,14503.5,18.51,35.47,0,14508.5,18.5,35.46,0,RING,LL,16,RING,LL,16,0,RING,A_flag_ceiling
all_reduce_perf,3,24,536870912,134217728,float,sum,28963.1,18.54,35.53,0,28953.3,18.54,35.54,0,RING,LL,16,RING,LL,16,0,RING,A_flag_ceiling
all_reduce_perf,3,24,4096,1024,float,sum,150.83,0.03,0.05,0,152.01,0.03,0.05,0,RING,LL128,16,RING,LL128,16,0,RING,A_flag_ceiling
all_reduce_perf,3,24,8192,2048,float,sum,150.62,0.05,0.1,0,151.96,0.05,0.1,0,RING,LL128,16,RING,LL128,16,0,RING,A_flag_ceiling
all_reduce_perf,3,24,16384,4096,float,sum,152.11,0.11,0.21,0,150.85,0.11,0.21,0,RING,LL128,16,RING,LL128,16,0,RING,A_flag_ceiling
all_reduce_perf,3,24,32768,8192,float,sum,154.3,0.21,0.41,0,153.1,0.21,0.41,0,RING,LL128,16,RING,LL128,16,0,RING,A_flag_ceiling
all_reduce_perf,3,24,65536,16384,float,sum,325.18,0.2,0.39,0,159.07,0.41,0.79,0,RING,LL128,16,RING,LL128,16,0,RING,A_flag_ceiling
all_reduce_perf,3,24,131072,32768,float,sum,207.55,0.63,1.21,0,177.82,0.74,1.41,0,RING,LL128,16,RING,LL128,16,0,RING,A_flag_ceiling
all_reduce_perf,3,24,262144,65536,float,sum,175.3,1.5,2.87,0,179.61,1.46,2.8,0,RING,LL128,16,RING,LL128,16,0,RING,A_flag_ceiling
all_reduce_perf,3,24,524288,131072,float,sum,179.84,2.92,5.59,0,181.73,2.88,5.53,0,RING,LL128,16,RING,LL128,16,0,RING,A_flag_ceiling
all_reduce_perf,3,24,1048576,262144,float,sum,179.03,5.86,11.23,0,174.68,6.0,11.51,0,RING,LL128,16,RING,LL128,16,0,RING,A_flag_ceiling
all_reduce_perf,3,24,2097152,524288,float,sum,177.36,11.82,22.66,0,177.41,11.82,22.66,0,RING,LL128,16,RING,LL128,16,0,RING,A_flag_ceiling
all_reduce_perf,3,24,4194304,1048576,float,sum,178.59,23.49,45.01,0,178.98,23.43,44.92,0,RING,LL128,16,RING,LL128,16,0,RING,A_flag_ceiling
all_reduce_perf,3,24,8388608,2097152,float,sum,196.48,42.69,81.83,0,189.94,44.16,84.65,0,RING,LL128,16,RING,LL128,16,0,RING,A_flag_ceiling
all_reduce_perf,3,24,16777216,4194304,float,sum,276.6,60.66,116.26,0,272.15,61.65,118.16,0,RING,LL128,16,RING,LL128,16,0,RING,A_flag_ceiling
all_reduce_perf,3,24,33554432,8388608,float,sum,473.84,70.81,135.73,0,467.72,71.74,137.5,0,RING,LL128,16,RING,LL128,16,0,RING,A_flag_ceiling
all_reduce_perf,3,24,67108864,16777216,float,sum,880.65,76.2,146.06,0,876.85,76.53,146.69,0,RING,LL128,16,RING,LL128,16,0,RING,A_flag_ceiling
all_reduce_perf,3,24,134217728,33554432,float,sum,1721.78,77.95,149.41,0,1720.23,78.02,149.54,0,RING,LL128,16,RING,LL128,16,0,RING,A_flag_ceiling
all_reduce_perf,3,24,268435456,67108864,float,sum,3396.28,79.04,151.49,0,3398.37,78.99,151.4,0,RING,LL128,16,RING,LL128,16,0,RING,A_flag_ceiling
all_reduce_perf,3,24,536870912,134217728,float,sum,6744.06,79.61,152.58,0,6756.45,79.46,152.3,0,RING,LL128,16,RING,LL128,16,0,RING,A_flag_ceiling
all_reduce_perf,3,24,4096,1024,float,sum,511.65,0.01,0.02,0,511.15,0.01,0.02,0,RING,SIMPLE,24,RING,SIMPLE,24,0,RING,A_flag_ceiling
all_reduce_perf,3,24,8192,2048,float,sum,511.67,0.02,0.03,0,508.72,0.02,0.03,0,RING,SIMPLE,24,RING,SIMPLE,24,0,RING,A_flag_ceiling
all_reduce_perf,3,24,16384,4096,float,sum,512.42,0.03,0.06,0,512.61,0.03,0.06,0,RING,SIMPLE,24,RING,SIMPLE,24,0,RING,A_flag_ceiling
all_reduce_perf,3,24,32768,8192,float,sum,523.6,0.06,0.12,0,525.23,0.06,0.12,0,RING,SIMPLE,24,RING,SIMPLE,24,0,RING,A_flag_ceiling
all_reduce_perf,3,24,65536,16384,float,sum,530.79,0.12,0.24,0,528.81,0.12,0.24,0,RING,SIMPLE,24,RING,SIMPLE,24,0,RING,A_flag_ceiling
all_reduce_perf,3,24,131072,32768,float,sum,578.29,0.23,0.43,0,564.74,0.23,0.44,0,RING,SIMPLE,24,RING,SIMPLE,24,0,RING,A_flag_ceiling
all_reduce_perf,3,24,262144,65536,float,sum,567.74,0.46,0.88,0,564.63,0.46,0.89,0,RING,SIMPLE,24,RING,SIMPLE,24,0,RING,A_flag_ceiling
all_reduce_perf,3,24,524288,131072,float,sum,610.55,0.86,1.65,0,608.52,0.86,1.65,0,RING,SIMPLE,24,RING,SIMPLE,24,0,RING,A_flag_ceiling
all_reduce_perf,3,24,1048576,262144,float,sum,609.58,1.72,3.3,0,613.93,1.71,3.27,0,RING,SIMPLE,24,RING,SIMPLE,24,0,RING,A_flag_ceiling
all_reduce_perf,3,24,2097152,524288,float,sum,628.98,3.33,6.39,0,625.5,3.35,6.43,0,RING,SIMPLE,24,RING,SIMPLE,24,0,RING,A_flag_ceiling
all_reduce_perf,3,24,4194304,1048576,float,sum,635.02,6.6,12.66,0,632.79,6.63,12.7,0,RING,SIMPLE,24,RING,SIMPLE,24,0,RING,A_flag_ceiling
all_reduce_perf,3,24,8388608,2097152,float,sum,653.14,12.84,24.62,0,652.17,12.86,24.65,0,RING,SIMPLE,24,RING,SIMPLE,24,0,RING,A_flag_ceiling
all_reduce_perf,3,24,16777216,4194304,float,sum,693.59,24.19,46.36,0,689.07,24.35,46.67,0,RING,SIMPLE,24,RING,SIMPLE,24,0,RING,A_flag_ceiling
all_reduce_perf,3,24,33554432,8388608,float,sum,694.21,48.33,92.64,0,693.66,48.37,92.72,0,RING,SIMPLE,24,RING,SIMPLE,24,0,RING,A_flag_ceiling
all_reduce_perf,3,24,67108864,16777216,float,sum,787.3,85.24,163.38,0,788.0,85.16,163.23,0,RING,SIMPLE,24,RING,SIMPLE,24,0,RING,A_flag_ceiling
all_reduce_perf,3,24,134217728,33554432,float,sum,1130.18,118.76,227.62,0,1131.54,118.61,227.35,0,RING,SIMPLE,24,RING,SIMPLE,24,0,RING,A_flag_ceiling
all_reduce_perf,3,24,268435456,67108864,float,sum,1839.5,145.93,279.7,0,1841.44,145.78,279.4,0,RING,SIMPLE,24,RING,SIMPLE,24,0,RING,A_flag_ceiling
all_reduce_perf,3,24,536870912,134217728,float,sum,3247.32,165.33,316.88,0,3251.05,165.14,316.51,0,RING,SIMPLE,24,RING,SIMPLE,24,0,RING,A_flag_ceiling
all_reduce_perf,3,24,4096,1024,float,sum,133.05,0.03,0.06,0,132.73,0.03,0.06,0,RING,LL,24,RING,LL,24,0,RING,A_flag_ceiling
all_reduce_perf,3,24,8192,2048,float,sum,137.62,0.06,0.11,0,137.94,0.06,0.11,0,RING,LL,24,RING,LL,24,0,RING,A_flag_ceiling
all_reduce_perf,3,24,16384,4096,float,sum,141.12,0.12,0.22,0,141.61,0.12,0.22,0,RING,LL,24,RING,LL,24,0,RING,A_flag_ceiling
all_reduce_perf,3,24,32768,8192,float,sum,173.86,0.19,0.36,0,173.67,0.19,0.36,0,RING,LL,24,RING,LL,24,0,RING,A_flag_ceiling
all_reduce_perf,3,24,65536,16384,float,sum,172.33,0.38,0.73,0,173.37,0.38,0.72,0,RING,LL,24,RING,LL,24,0,RING,A_flag_ceiling
all_reduce_perf,3,24,131072,32768,float,sum,220.56,0.59,1.14,0,221.3,0.59,1.14,0,RING,LL,24,RING,LL,24,0,RING,A_flag_ceiling
all_reduce_perf,3,24,262144,65536,float,sum,226.7,1.16,2.22,0,228.73,1.15,2.2,0,RING,LL,24,RING,LL,24,0,RING,A_flag_ceiling
all_reduce_perf,3,24,524288,131072,float,sum,246.49,2.13,4.08,0,245.63,2.13,4.09,0,RING,LL,24,RING,LL,24,0,RING,A_flag_ceiling
all_reduce_perf,3,24,1048576,262144,float,sum,264.57,3.96,7.6,0,267.94,3.91,7.5,0,RING,LL,24,RING,LL,24,0,RING,A_flag_ceiling
all_reduce_perf,3,24,2097152,524288,float,sum,308.47,6.8,13.03,0,311.64,6.73,12.9,0,RING,LL,24,RING,LL,24,0,RING,A_flag_ceiling
all_reduce_perf,3,24,4194304,1048576,float,sum,384.47,10.91,20.91,0,386.45,10.85,20.8,0,RING,LL,24,RING,LL,24,0,RING,A_flag_ceiling
all_reduce_perf,3,24,8388608,2097152,float,sum,494.2,16.97,32.53,0,495.03,16.95,32.48,0,RING,LL,24,RING,LL,24,0,RING,A_flag_ceiling
all_reduce_perf,3,24,16777216,4194304,float,sum,935.25,17.94,34.38,0,935.63,17.93,34.37,0,RING,LL,24,RING,LL,24,0,RING,A_flag_ceiling
all_reduce_perf,3,24,33554432,8388608,float,sum,1803.17,18.61,35.67,0,1794.18,18.7,35.85,0,RING,LL,24,RING,LL,24,0,RING,A_flag_ceiling
all_reduce_perf,3,24,67108864,16777216,float,sum,3496.25,19.19,36.79,0,3498.29,19.18,36.77,0,RING,LL,24,RING,LL,24,0,RING,A_flag_ceiling
all_reduce_perf,3,24,134217728,33554432,float,sum,6919.61,19.4,37.18,0,6894.73,19.47,37.31,0,RING,LL,24,RING,LL,24,0,RING,A_flag_ceiling
all_reduce_perf,3,24,268435456,67108864,float,sum,13714.3,19.57,37.52,0,13719.5,19.57,37.5,0,RING,LL,24,RING,LL,24,0,RING,A_flag_ceiling
all_reduce_perf,3,24,536870912,134217728,float,sum,27185.0,19.75,37.85,0,27364.2,19.62,37.6,0,RING,LL,24,RING,LL,24,0,RING,A_flag_ceiling
all_reduce_perf,3,24,4096,1024,float,sum,154.23,0.03,0.05,0,147.66,0.03,0.05,0,RING,LL128,24,RING,LL128,24,0,RING,A_flag_ceiling
all_reduce_perf,3,24,8192,2048,float,sum,149.86,0.05,0.1,0,147.8,0.06,0.11,0,RING,LL128,24,RING,LL128,24,0,RING,A_flag_ceiling
all_reduce_perf,3,24,16384,4096,float,sum,152.18,0.11,0.21,0,153.37,0.11,0.2,0,RING,LL128,24,RING,LL128,24,0,RING,A_flag_ceiling
all_reduce_perf,3,24,32768,8192,float,sum,154.32,0.21,0.41,0,153.36,0.21,0.41,0,RING,LL128,24,RING,LL128,24,0,RING,A_flag_ceiling
all_reduce_perf,3,24,65536,16384,float,sum,158.07,0.41,0.79,0,157.29,0.42,0.8,0,RING,LL128,24,RING,LL128,24,0,RING,A_flag_ceiling
all_reduce_perf,3,24,131072,32768,float,sum,182.96,0.72,1.37,0,185.74,0.71,1.35,0,RING,LL128,24,RING,LL128,24,0,RING,A_flag_ceiling
all_reduce_perf,3,24,262144,65536,float,sum,183.07,1.43,2.74,0,180.33,1.45,2.79,0,RING,LL128,24,RING,LL128,24,0,RING,A_flag_ceiling
all_reduce_perf,3,24,524288,131072,float,sum,223.55,2.35,4.5,0,222.86,2.35,4.51,0,RING,LL128,24,RING,LL128,24,0,RING,A_flag_ceiling
all_reduce_perf,3,24,1048576,262144,float,sum,223.57,4.69,8.99,0,223.7,4.69,8.98,0,RING,LL128,24,RING,LL128,24,0,RING,A_flag_ceiling
all_reduce_perf,3,24,2097152,524288,float,sum,228.9,9.16,17.56,0,228.18,9.19,17.62,0,RING,LL128,24,RING,LL128,24,0,RING,A_flag_ceiling
all_reduce_perf,3,24,4194304,1048576,float,sum,230.91,18.16,34.82,0,229.14,18.3,35.08,0,RING,LL128,24,RING,LL128,24,0,RING,A_flag_ceiling
all_reduce_perf,3,24,8388608,2097152,float,sum,236.06,35.54,68.11,0,235.5,35.62,68.27,0,RING,LL128,24,RING,LL128,24,0,RING,A_flag_ceiling
all_reduce_perf,3,24,16777216,4194304,float,sum,246.21,68.14,130.61,0,245.2,68.42,131.15,0,RING,LL128,24,RING,LL128,24,0,RING,A_flag_ceiling
all_reduce_perf,3,24,33554432,8388608,float,sum,364.63,92.02,176.38,0,361.11,92.92,178.1,0,RING,LL128,24,RING,LL128,24,0,RING,A_flag_ceiling
all_reduce_perf,3,24,67108864,16777216,float,sum,724.91,92.58,177.44,0,724.87,92.58,177.45,0,RING,LL128,24,RING,LL128,24,0,RING,A_flag_ceiling
all_reduce_perf,3,24,134217728,33554432,float,sum,1261.32,106.41,203.95,0,1257.7,106.72,204.54,0,RING,LL128,24,RING,LL128,24,0,RING,A_flag_ceiling
all_reduce_perf,3,24,268435456,67108864,float,sum,2440.22,110.0,210.84,0,2414.07,111.2,213.13,0,RING,LL128,24,RING,LL128,24,0,RING,A_flag_ceiling
all_reduce_perf,3,24,536870912,134217728,float,sum,4792.0,112.03,214.73,0,4792.05,112.03,214.73,0,RING,LL128,24,RING,LL128,24,0,RING,A_flag_ceiling
all_reduce_perf,3,24,4096,1024,float,sum,509.74,0.01,0.02,0,508.89,0.01,0.02,0,RING,SIMPLE,32,RING,SIMPLE,32,0,RING,A_flag_ceiling
all_reduce_perf,3,24,8192,2048,float,sum,509.19,0.02,0.03,0,510.03,0.02,0.03,0,RING,SIMPLE,32,RING,SIMPLE,32,0,RING,A_flag_ceiling
all_reduce_perf,3,24,16384,4096,float,sum,519.74,0.03,0.06,0,518.15,0.03,0.06,0,RING,SIMPLE,32,RING,SIMPLE,32,0,RING,A_flag_ceiling
all_reduce_perf,3,24,32768,8192,float,sum,528.28,0.06,0.12,0,527.41,0.06,0.12,0,RING,SIMPLE,32,RING,SIMPLE,32,0,RING,A_flag_ceiling
all_reduce_perf,3,24,65536,16384,float,sum,531.66,0.12,0.24,0,533.03,0.12,0.24,0,RING,SIMPLE,32,RING,SIMPLE,32,0,RING,A_flag_ceiling
all_reduce_perf,3,24,131072,32768,float,sum,570.09,0.23,0.44,0,563.68,0.23,0.45,0,RING,SIMPLE,32,RING,SIMPLE,32,0,RING,A_flag_ceiling
all_reduce_perf,3,24,262144,65536,float,sum,699.64,0.37,0.72,0,712.83,0.37,0.7,0,RING,SIMPLE,32,RING,SIMPLE,32,0,RING,A_flag_ceiling
all_reduce_perf,3,24,524288,131072,float,sum,708.73,0.74,1.42,0,689.67,0.76,1.46,0,RING,SIMPLE,32,RING,SIMPLE,32,0,RING,A_flag_ceiling
all_reduce_perf,3,24,1048576,262144,float,sum,704.33,1.49,2.85,0,709.77,1.48,2.83,0,RING,SIMPLE,32,RING,SIMPLE,32,0,RING,A_flag_ceiling
all_reduce_perf,3,24,2097152,524288,float,sum,697.55,3.01,5.76,0,692.4,3.03,5.81,0,RING,SIMPLE,32,RING,SIMPLE,32,0,RING,A_flag_ceiling
all_reduce_perf,3,24,4194304,1048576,float,sum,704.87,5.95,11.41,0,724.4,5.79,11.1,0,RING,SIMPLE,32,RING,SIMPLE,32,0,RING,A_flag_ceiling
all_reduce_perf,3,24,8388608,2097152,float,sum,736.43,11.39,21.83,0,713.7,11.75,22.53,0,RING,SIMPLE,32,RING,SIMPLE,32,0,RING,A_flag_ceiling
all_reduce_perf,3,24,16777216,4194304,float,sum,757.88,22.14,42.43,0,773.19,21.7,41.59,0,RING,SIMPLE,32,RING,SIMPLE,32,0,RING,A_flag_ceiling
all_reduce_perf,3,24,33554432,8388608,float,sum,783.74,42.81,82.06,0,759.41,44.18,84.69,0,RING,SIMPLE,32,RING,SIMPLE,32,0,RING,A_flag_ceiling
all_reduce_perf,3,24,67108864,16777216,float,sum,811.88,82.66,158.43,0,810.35,82.81,158.73,0,RING,SIMPLE,32,RING,SIMPLE,32,0,RING,A_flag_ceiling
all_reduce_perf,3,24,134217728,33554432,float,sum,1000.47,134.15,257.13,0,1005.72,133.45,255.79,0,RING,SIMPLE,32,RING,SIMPLE,32,0,RING,A_flag_ceiling
all_reduce_perf,3,24,268435456,67108864,float,sum,1546.16,173.61,332.76,0,1544.64,173.79,333.09,0,RING,SIMPLE,32,RING,SIMPLE,32,0,RING,A_flag_ceiling
all_reduce_perf,3,24,536870912,134217728,float,sum,2813.16,190.84,365.78,0,2814.64,190.74,365.59,0,RING,SIMPLE,32,RING,SIMPLE,32,0,RING,A_flag_ceiling
all_reduce_perf,3,24,4096,1024,float,sum,132.31,0.03,0.06,0,132.73,0.03,0.06,0,RING,LL,32,RING,LL,32,0,RING,A_flag_ceiling
all_reduce_perf,3,24,8192,2048,float,sum,137.46,0.06,0.11,0,137.27,0.06,0.11,0,RING,LL,32,RING,LL,32,0,RING,A_flag_ceiling
all_reduce_perf,3,24,16384,4096,float,sum,141.57,0.12,0.22,0,141.07,0.12,0.22,0,RING,LL,32,RING,LL,32,0,RING,A_flag_ceiling
all_reduce_perf,3,24,32768,8192,float,sum,174.95,0.19,0.36,0,173.61,0.19,0.36,0,RING,LL,32,RING,LL,32,0,RING,A_flag_ceiling
all_reduce_perf,3,24,65536,16384,float,sum,269.04,0.24,0.47,0,269.3,0.24,0.47,0,RING,LL,32,RING,LL,32,0,RING,A_flag_ceiling
all_reduce_perf,3,24,131072,32768,float,sum,270.22,0.49,0.93,0,270.17,0.49,0.93,0,RING,LL,32,RING,LL,32,0,RING,A_flag_ceiling
all_reduce_perf,3,24,262144,65536,float,sum,287.1,0.91,1.75,0,285.17,0.92,1.76,0,RING,LL,32,RING,LL,32,0,RING,A_flag_ceiling
all_reduce_perf,3,24,524288,131072,float,sum,295.78,1.77,3.4,0,297.04,1.77,3.38,0,RING,LL,32,RING,LL,32,0,RING,A_flag_ceiling
all_reduce_perf,3,24,1048576,262144,float,sum,321.35,3.26,6.25,0,320.39,3.27,6.27,0,RING,LL,32,RING,LL,32,0,RING,A_flag_ceiling
all_reduce_perf,3,24,2097152,524288,float,sum,379.23,5.53,10.6,0,380.85,5.51,10.55,0,RING,LL,32,RING,LL,32,0,RING,A_flag_ceiling
all_reduce_perf,3,24,4194304,1048576,float,sum,448.02,9.36,17.94,0,448.01,9.36,17.94,0,RING,LL,32,RING,LL,32,0,RING,A_flag_ceiling
all_reduce_perf,3,24,8388608,2097152,float,sum,558.56,15.02,28.79,0,556.27,15.08,28.9,0,RING,LL,32,RING,LL,32,0,RING,A_flag_ceiling
all_reduce_perf,3,24,16777216,4194304,float,sum,1029.37,16.3,31.24,0,1030.62,16.28,31.2,0,RING,LL,32,RING,LL,32,0,RING,A_flag_ceiling
all_reduce_perf,3,24,33554432,8388608,float,sum,1747.21,19.2,36.81,0,1739.59,19.29,36.97,0,RING,LL,32,RING,LL,32,0,RING,A_flag_ceiling
all_reduce_perf,3,24,67108864,16777216,float,sum,3397.51,19.75,37.86,0,3404.91,19.71,37.78,0,RING,LL,32,RING,LL,32,0,RING,A_flag_ceiling
all_reduce_perf,3,24,134217728,33554432,float,sum,6530.03,20.55,39.4,0,6537.16,20.53,39.35,0,RING,LL,32,RING,LL,32,0,RING,A_flag_ceiling
all_reduce_perf,3,24,268435456,67108864,float,sum,12982.4,20.68,39.63,0,12954.9,20.72,39.71,0,RING,LL,32,RING,LL,32,0,RING,A_flag_ceiling
all_reduce_perf,3,24,536870912,134217728,float,sum,25658.3,20.92,40.1,0,25096.3,21.39,41.0,0,RING,LL,32,RING,LL,32,0,RING,A_flag_ceiling
all_reduce_perf,3,24,4096,1024,float,sum,153.79,0.03,0.05,0,147.48,0.03,0.05,0,RING,LL128,32,RING,LL128,32,0,RING,A_flag_ceiling
all_reduce_perf,3,24,8192,2048,float,sum,149.32,0.05,0.11,0,147.53,0.06,0.11,0,RING,LL128,32,RING,LL128,32,0,RING,A_flag_ceiling
all_reduce_perf,3,24,16384,4096,float,sum,150.07,0.11,0.21,0,149.12,0.11,0.21,0,RING,LL128,32,RING,LL128,32,0,RING,A_flag_ceiling
all_reduce_perf,3,24,32768,8192,float,sum,153.08,0.21,0.41,0,152.25,0.22,0.41,0,RING,LL128,32,RING,LL128,32,0,RING,A_flag_ceiling
all_reduce_perf,3,24,65536,16384,float,sum,157.96,0.41,0.8,0,157.35,0.42,0.8,0,RING,LL128,32,RING,LL128,32,0,RING,A_flag_ceiling
all_reduce_perf,3,24,131072,32768,float,sum,187.43,0.7,1.34,0,184.41,0.71,1.36,0,RING,LL128,32,RING,LL128,32,0,RING,A_flag_ceiling
all_reduce_perf,3,24,262144,65536,float,sum,276.86,0.95,1.81,0,272.68,0.96,1.84,0,RING,LL128,32,RING,LL128,32,0,RING,A_flag_ceiling
all_reduce_perf,3,24,524288,131072,float,sum,273.69,1.92,3.67,0,275.01,1.91,3.65,0,RING,LL128,32,RING,LL128,32,0,RING,A_flag_ceiling
all_reduce_perf,3,24,1048576,262144,float,sum,277.4,3.78,7.24,0,272.84,3.84,7.37,0,RING,LL128,32,RING,LL128,32,0,RING,A_flag_ceiling
all_reduce_perf,3,24,2097152,524288,float,sum,271.9,7.71,14.78,0,270.91,7.74,14.84,0,RING,LL128,32,RING,LL128,32,0,RING,A_flag_ceiling
all_reduce_perf,3,24,4194304,1048576,float,sum,276.12,15.19,29.11,0,277.12,15.14,29.01,0,RING,LL128,32,RING,LL128,32,0,RING,A_flag_ceiling
all_reduce_perf,3,24,8388608,2097152,float,sum,280.69,29.89,57.28,0,277.74,30.2,57.89,0,RING,LL128,32,RING,LL128,32,0,RING,A_flag_ceiling
all_reduce_perf,3,24,16777216,4194304,float,sum,291.92,57.47,110.15,0,290.02,57.85,110.88,0,RING,LL128,32,RING,LL128,32,0,RING,A_flag_ceiling
all_reduce_perf,3,24,33554432,8388608,float,sum,317.09,105.82,202.82,0,329.99,101.68,194.89,0,RING,LL128,32,RING,LL128,32,0,RING,A_flag_ceiling
all_reduce_perf,3,24,67108864,16777216,float,sum,536.74,125.03,239.64,0,555.82,120.74,231.41,0,RING,LL128,32,RING,LL128,32,0,RING,A_flag_ceiling
all_reduce_perf,3,24,134217728,33554432,float,sum,1003.2,133.79,256.43,0,1002.02,133.95,256.73,0,RING,LL128,32,RING,LL128,32,0,RING,A_flag_ceiling
all_reduce_perf,3,24,268435456,67108864,float,sum,1958.12,137.09,262.75,0,1960.21,136.94,262.47,0,RING,LL128,32,RING,LL128,32,0,RING,A_flag_ceiling
all_reduce_perf,3,24,536870912,134217728,float,sum,3842.48,139.72,267.8,0,3852.77,139.35,267.08,0,RING,LL128,32,RING,LL128,32,0,RING,A_flag_ceiling
all_reduce_perf,3,24,4096,1024,float,sum,510.06,0.01,0.02,0,507.69,0.01,0.02,0,RING,SIMPLE,40,RING,SIMPLE,40,0,RING,A_flag_ceiling
all_reduce_perf,3,24,8192,2048,float,sum,509.85,0.02,0.03,0,508.22,0.02,0.03,0,RING,SIMPLE,40,RING,SIMPLE,40,0,RING,A_flag_ceiling
all_reduce_perf,3,24,16384,4096,float,sum,512.08,0.03,0.06,0,510.42,0.03,0.06,0,RING,SIMPLE,40,RING,SIMPLE,40,0,RING,A_flag_ceiling
all_reduce_perf,3,24,32768,8192,float,sum,519.13,0.06,0.12,0,518.21,0.06,0.12,0,RING,SIMPLE,40,RING,SIMPLE,40,0,RING,A_flag_ceiling
all_reduce_perf,3,24,65536,16384,float,sum,530.83,0.12,0.24,0,529.69,0.12,0.24,0,RING,SIMPLE,40,RING,SIMPLE,40,0,RING,A_flag_ceiling
all_reduce_perf,3,24,131072,32768,float,sum,563.47,0.23,0.45,0,562.11,0.23,0.45,0,RING,SIMPLE,40,RING,SIMPLE,40,0,RING,A_flag_ceiling
all_reduce_perf,3,24,262144,65536,float,sum,697.62,0.38,0.72,0,689.74,0.38,0.73,0,RING,SIMPLE,40,RING,SIMPLE,40,0,RING,A_flag_ceiling
all_reduce_perf,3,24,524288,131072,float,sum,696.4,0.75,1.44,0,697.92,0.75,1.44,0,RING,SIMPLE,40,RING,SIMPLE,40,0,RING,A_flag_ceiling
all_reduce_perf,3,24,1048576,262144,float,sum,705.01,1.49,2.85,0,690.55,1.52,2.91,0,RING,SIMPLE,40,RING,SIMPLE,40,0,RING,A_flag_ceiling
all_reduce_perf,3,24,2097152,524288,float,sum,786.84,2.67,5.11,0,791.29,2.65,5.08,0,RING,SIMPLE,40,RING,SIMPLE,40,0,RING,A_flag_ceiling
all_reduce_perf,3,24,4194304,1048576,float,sum,811.44,5.17,9.91,0,804.14,5.22,10.0,0,RING,SIMPLE,40,RING,SIMPLE,40,0,RING,A_flag_ceiling
all_reduce_perf,3,24,8388608,2097152,float,sum,817.59,10.26,19.67,0,837.7,10.01,19.19,0,RING,SIMPLE,40,RING,SIMPLE,40,0,RING,A_flag_ceiling
all_reduce_perf,3,24,16777216,4194304,float,sum,842.14,19.92,38.18,0,842.49,19.91,38.17,0,RING,SIMPLE,40,RING,SIMPLE,40,0,RING,A_flag_ceiling
all_reduce_perf,3,24,33554432,8388608,float,sum,878.75,38.18,73.19,0,869.39,38.6,73.97,0,RING,SIMPLE,40,RING,SIMPLE,40,0,RING,A_flag_ceiling
all_reduce_perf,3,24,67108864,16777216,float,sum,887.99,75.57,144.85,0,889.57,75.44,144.59,0,RING,SIMPLE,40,RING,SIMPLE,40,0,RING,A_flag_ceiling
all_reduce_perf,3,24,134217728,33554432,float,sum,1021.42,131.4,251.85,0,1024.91,130.96,251.0,0,RING,SIMPLE,40,RING,SIMPLE,40,0,RING,A_flag_ceiling
all_reduce_perf,3,24,268435456,67108864,float,sum,1504.67,178.4,341.94,0,1504.02,178.48,342.08,0,RING,SIMPLE,40,RING,SIMPLE,40,0,RING,A_flag_ceiling
all_reduce_perf,3,24,536870912,134217728,float,sum,2761.77,194.39,372.59,0,2762.56,194.34,372.48,0,RING,SIMPLE,40,RING,SIMPLE,40,0,RING,A_flag_ceiling
all_reduce_perf,3,24,4096,1024,float,sum,132.58,0.03,0.06,0,131.5,0.03,0.06,0,RING,LL,40,RING,LL,40,0,RING,A_flag_ceiling
all_reduce_perf,3,24,8192,2048,float,sum,137.3,0.06,0.11,0,137.5,0.06,0.11,0,RING,LL,40,RING,LL,40,0,RING,A_flag_ceiling
all_reduce_perf,3,24,16384,4096,float,sum,140.8,0.12,0.22,0,141.38,0.12,0.22,0,RING,LL,40,RING,LL,40,0,RING,A_flag_ceiling
all_reduce_perf,3,24,32768,8192,float,sum,177.05,0.19,0.35,0,176.95,0.19,0.35,0,RING,LL,40,RING,LL,40,0,RING,A_flag_ceiling
all_reduce_perf,3,24,65536,16384,float,sum,268.25,0.24,0.47,0,280.81,0.23,0.45,0,RING,LL,40,RING,LL,40,0,RING,A_flag_ceiling
all_reduce_perf,3,24,131072,32768,float,sum,274.52,0.48,0.92,0,270.99,0.48,0.93,0,RING,LL,40,RING,LL,40,0,RING,A_flag_ceiling
all_reduce_perf,3,24,262144,65536,float,sum,288.84,0.91,1.74,0,287.45,0.91,1.75,0,RING,LL,40,RING,LL,40,0,RING,A_flag_ceiling
all_reduce_perf,3,24,524288,131072,float,sum,336.57,1.56,2.99,0,338.15,1.55,2.97,0,RING,LL,40,RING,LL,40,0,RING,A_flag_ceiling
all_reduce_perf,3,24,1048576,262144,float,sum,371.11,2.83,5.42,0,371.81,2.82,5.41,0,RING,LL,40,RING,LL,40,0,RING,A_flag_ceiling
all_reduce_perf,3,24,2097152,524288,float,sum,417.69,5.02,9.62,0,416.9,5.03,9.64,0,RING,LL,40,RING,LL,40,0,RING,A_flag_ceiling
all_reduce_perf,3,24,4194304,1048576,float,sum,505.93,8.29,15.89,0,507.88,8.26,15.83,0,RING,LL,40,RING,LL,40,0,RING,A_flag_ceiling
all_reduce_perf,3,24,8388608,2097152,float,sum,626.63,13.39,25.66,0,622.45,13.48,25.83,0,RING,LL,40,RING,LL,40,0,RING,A_flag_ceiling
all_reduce_perf,3,24,16777216,4194304,float,sum,1070.68,15.67,30.03,0,1068.24,15.71,30.1,0,RING,LL,40,RING,LL,40,0,RING,A_flag_ceiling
all_reduce_perf,3,24,33554432,8388608,float,sum,1827.68,18.36,35.19,0,1829.85,18.34,35.15,0,RING,LL,40,RING,LL,40,0,RING,A_flag_ceiling
all_reduce_perf,3,24,67108864,16777216,float,sum,3357.67,19.99,38.31,0,3347.45,20.05,38.42,0,RING,LL,40,RING,LL,40,0,RING,A_flag_ceiling
all_reduce_perf,3,24,134217728,33554432,float,sum,6378.96,21.04,40.33,0,6346.67,21.15,40.53,0,RING,LL,40,RING,LL,40,0,RING,A_flag_ceiling
all_reduce_perf,3,24,268435456,67108864,float,sum,12519.3,21.44,41.1,0,12539.3,21.41,41.03,0,RING,LL,40,RING,LL,40,0,RING,A_flag_ceiling
all_reduce_perf,3,24,536870912,134217728,float,sum,24799.4,21.65,41.49,0,24838.9,21.61,41.43,0,RING,LL,40,RING,LL,40,0,RING,A_flag_ceiling
all_reduce_perf,3,24,4096,1024,float,sum,157.83,0.03,0.05,0,156.41,0.03,0.05,0,RING,LL128,40,RING,LL128,40,0,RING,A_flag_ceiling
all_reduce_perf,3,24,8192,2048,float,sum,159.46,0.05,0.1,0,157.56,0.05,0.1,0,RING,LL128,40,RING,LL128,40,0,RING,A_flag_ceiling
all_reduce_perf,3,24,16384,4096,float,sum,157.69,0.1,0.2,0,153.08,0.11,0.21,0,RING,LL128,40,RING,LL128,40,0,RING,A_flag_ceiling
all_reduce_perf,3,24,32768,8192,float,sum,153.89,0.21,0.41,0,153.64,0.21,0.41,0,RING,LL128,40,RING,LL128,40,0,RING,A_flag_ceiling
all_reduce_perf,3,24,65536,16384,float,sum,159.41,0.41,0.79,0,170.83,0.38,0.74,0,RING,LL128,40,RING,LL128,40,0,RING,A_flag_ceiling
all_reduce_perf,3,24,131072,32768,float,sum,173.9,0.75,1.44,0,176.39,0.74,1.42,0,RING,LL128,40,RING,LL128,40,0,RING,A_flag_ceiling
all_reduce_perf,3,24,262144,65536,float,sum,272.22,0.96,1.85,0,271.83,0.96,1.85,0,RING,LL128,40,RING,LL128,40,0,RING,A_flag_ceiling
all_reduce_perf,3,24,524288,131072,float,sum,269.07,1.95,3.73,0,274.99,1.91,3.65,0,RING,LL128,40,RING,LL128,40,0,RING,A_flag_ceiling
all_reduce_perf,3,24,1048576,262144,float,sum,270.84,3.87,7.42,0,290.74,3.61,6.91,0,RING,LL128,40,RING,LL128,40,0,RING,A_flag_ceiling
all_reduce_perf,3,24,2097152,524288,float,sum,312.71,6.71,12.85,0,314.07,6.68,12.8,0,RING,LL128,40,RING,LL128,40,0,RING,A_flag_ceiling
all_reduce_perf,3,24,4194304,1048576,float,sum,332.05,12.63,24.21,0,334.92,12.52,24.0,0,RING,LL128,40,RING,LL128,40,0,RING,A_flag_ceiling
all_reduce_perf,3,24,8388608,2097152,float,sum,317.05,26.46,50.71,0,318.11,26.37,50.54,0,RING,LL128,40,RING,LL128,40,0,RING,A_flag_ceiling
all_reduce_perf,3,24,16777216,4194304,float,sum,325.11,51.6,98.91,0,327.88,51.17,98.07,0,RING,LL128,40,RING,LL128,40,0,RING,A_flag_ceiling
all_reduce_perf,3,24,33554432,8388608,float,sum,351.81,95.38,182.81,0,348.71,96.22,184.43,0,RING,LL128,40,RING,LL128,40,0,RING,A_flag_ceiling
all_reduce_perf,3,24,67108864,16777216,float,sum,479.26,140.03,268.39,0,479.23,140.03,268.4,0,RING,LL128,40,RING,LL128,40,0,RING,A_flag_ceiling
all_reduce_perf,3,24,134217728,33554432,float,sum,944.68,142.08,272.31,0,940.98,142.64,273.39,0,RING,LL128,40,RING,LL128,40,0,RING,A_flag_ceiling
all_reduce_perf,3,24,268435456,67108864,float,sum,1755.89,152.88,293.01,0,1755.22,152.94,293.13,0,RING,LL128,40,RING,LL128,40,0,RING,A_flag_ceiling
all_reduce_perf,3,24,536870912,134217728,float,sum,3460.89,155.13,297.32,0,3467.77,154.82,296.73,0,RING,LL128,40,RING,LL128,40,0,RING,A_flag_ceiling
all_reduce_perf,3,24,4096,1024,float,sum,512.43,0.01,0.02,0,509.3,0.01,0.02,0,RING,SIMPLE,48,RING,SIMPLE,48,0,RING,A_flag_ceiling
all_reduce_perf,3,24,8192,2048,float,sum,509.11,0.02,0.03,0,510.41,0.02,0.03,0,RING,SIMPLE,48,RING,SIMPLE,48,0,RING,A_flag_ceiling
all_reduce_perf,3,24,16384,4096,float,sum,527.9,0.03,0.06,0,519.21,0.03,0.06,0,RING,SIMPLE,48,RING,SIMPLE,48,0,RING,A_flag_ceiling
all_reduce_perf,3,24,32768,8192,float,sum,522.05,0.06,0.12,0,520.41,0.06,0.12,0,RING,SIMPLE,48,RING,SIMPLE,48,0,RING,A_flag_ceiling
all_reduce_perf,3,24,65536,16384,float,sum,534.67,0.12,0.23,0,532.24,0.12,0.24,0,RING,SIMPLE,48,RING,SIMPLE,48,0,RING,A_flag_ceiling
all_reduce_perf,3,24,131072,32768,float,sum,568.13,0.23,0.44,0,565.32,0.23,0.44,0,RING,SIMPLE,48,RING,SIMPLE,48,0,RING,A_flag_ceiling
all_reduce_perf,3,24,262144,65536,float,sum,698.52,0.38,0.72,0,697.73,0.38,0.72,0,RING,SIMPLE,48,RING,SIMPLE,48,0,RING,A_flag_ceiling
all_reduce_perf,3,24,524288,131072,float,sum,697.57,0.75,1.44,0,699.87,0.75,1.44,0,RING,SIMPLE,48,RING,SIMPLE,48,0,RING,A_flag_ceiling
all_reduce_perf,3,24,1048576,262144,float,sum,845.49,1.24,2.38,0,836.5,1.25,2.4,0,RING,SIMPLE,48,RING,SIMPLE,48,0,RING,A_flag_ceiling
all_reduce_perf,3,24,2097152,524288,float,sum,833.3,2.52,4.82,0,833.09,2.52,4.82,0,RING,SIMPLE,48,RING,SIMPLE,48,0,RING,A_flag_ceiling
all_reduce_perf,3,24,4194304,1048576,float,sum,896.11,4.68,8.97,0,892.21,4.7,9.01,0,RING,SIMPLE,48,RING,SIMPLE,48,0,RING,A_flag_ceiling
all_reduce_perf,3,24,8388608,2097152,float,sum,896.99,9.35,17.92,0,897.64,9.35,17.91,0,RING,SIMPLE,48,RING,SIMPLE,48,0,RING,A_flag_ceiling
all_reduce_perf,3,24,16777216,4194304,float,sum,924.84,18.14,34.77,0,922.64,18.18,34.85,0,RING,SIMPLE,48,RING,SIMPLE,48,0,RING,A_flag_ceiling
all_reduce_perf,3,24,33554432,8388608,float,sum,971.44,34.54,66.2,0,992.92,33.79,64.77,0,RING,SIMPLE,48,RING,SIMPLE,48,0,RING,A_flag_ceiling
all_reduce_perf,3,24,67108864,16777216,float,sum,1020.11,65.79,126.09,0,999.5,67.14,128.69,0,RING,SIMPLE,48,RING,SIMPLE,48,0,RING,A_flag_ceiling
all_reduce_perf,3,24,134217728,33554432,float,sum,1094.33,122.65,235.08,0,1097.98,122.24,234.29,0,RING,SIMPLE,48,RING,SIMPLE,48,0,RING,A_flag_ceiling
all_reduce_perf,3,24,268435456,67108864,float,sum,1523.16,176.24,337.79,0,1493.4,179.75,344.52,0,RING,SIMPLE,48,RING,SIMPLE,48,0,RING,A_flag_ceiling
all_reduce_perf,3,24,536870912,134217728,float,sum,2746.69,195.46,374.63,0,2754.79,194.89,373.53,0,RING,SIMPLE,48,RING,SIMPLE,48,0,RING,A_flag_ceiling
all_reduce_perf,3,24,4096,1024,float,sum,136.38,0.03,0.06,0,132.12,0.03,0.06,0,RING,LL,48,RING,LL,48,0,RING,A_flag_ceiling
all_reduce_perf,3,24,8192,2048,float,sum,137.65,0.06,0.11,0,138.13,0.06,0.11,0,RING,LL,48,RING,LL,48,0,RING,A_flag_ceiling
all_reduce_perf,3,24,16384,4096,float,sum,141.11,0.12,0.22,0,141.52,0.12,0.22,0,RING,LL,48,RING,LL,48,0,RING,A_flag_ceiling
all_reduce_perf,3,24,32768,8192,float,sum,176.39,0.19,0.36,0,174.5,0.19,0.36,0,RING,LL,48,RING,LL,48,0,RING,A_flag_ceiling
all_reduce_perf,3,24,65536,16384,float,sum,267.01,0.25,0.47,0,263.65,0.25,0.48,0,RING,LL,48,RING,LL,48,0,RING,A_flag_ceiling
all_reduce_perf,3,24,131072,32768,float,sum,265.88,0.49,0.94,0,266.72,0.49,0.94,0,RING,LL,48,RING,LL,48,0,RING,A_flag_ceiling
all_reduce_perf,3,24,262144,65536,float,sum,357.78,0.73,1.4,0,355.35,0.74,1.41,0,RING,LL,48,RING,LL,48,0,RING,A_flag_ceiling
all_reduce_perf,3,24,524288,131072,float,sum,371.67,1.41,2.7,0,369.94,1.42,2.72,0,RING,LL,48,RING,LL,48,0,RING,A_flag_ceiling
all_reduce_perf,3,24,1048576,262144,float,sum,437.32,2.4,4.6,0,415.47,2.52,4.84,0,RING,LL,48,RING,LL,48,0,RING,A_flag_ceiling
all_reduce_perf,3,24,2097152,524288,float,sum,460.03,4.56,8.74,0,462.76,4.53,8.69,0,RING,LL,48,RING,LL,48,0,RING,A_flag_ceiling
all_reduce_perf,3,24,4194304,1048576,float,sum,750.22,5.59,10.72,0,541.22,7.75,14.85,0,RING,LL,48,RING,LL,48,0,RING,A_flag_ceiling
all_reduce_perf,3,24,8388608,2097152,float,sum,697.32,12.03,23.06,0,702.63,11.94,22.88,0,RING,LL,48,RING,LL,48,0,RING,A_flag_ceiling
all_reduce_perf,3,24,16777216,4194304,float,sum,905.97,18.52,35.49,0,906.43,18.51,35.48,0,RING,LL,48,RING,LL,48,0,RING,A_flag_ceiling
all_reduce_perf,3,24,33554432,8388608,float,sum,1750.62,19.17,36.74,0,1744.35,19.24,36.87,0,RING,LL,48,RING,LL,48,0,RING,A_flag_ceiling
all_reduce_perf,3,24,67108864,16777216,float,sum,3402.15,19.73,37.81,0,3393.96,19.77,37.9,0,RING,LL,48,RING,LL,48,0,RING,A_flag_ceiling
all_reduce_perf,3,24,134217728,33554432,float,sum,6588.27,20.37,39.05,0,6579.08,20.4,39.1,0,RING,LL,48,RING,LL,48,0,RING,A_flag_ceiling
all_reduce_perf,3,24,268435456,67108864,float,sum,12824.7,20.93,40.12,0,12836.5,20.91,40.08,0,RING,LL,48,RING,LL,48,0,RING,A_flag_ceiling
all_reduce_perf,3,24,536870912,134217728,float,sum,25345.2,21.18,40.6,0,25349.1,21.18,40.59,0,RING,LL,48,RING,LL,48,0,RING,A_flag_ceiling
all_reduce_perf,3,24,4096,1024,float,sum,157.88,0.03,0.05,0,156.99,0.03,0.05,0,RING,LL128,48,RING,LL128,48,0,RING,A_flag_ceiling
all_reduce_perf,3,24,8192,2048,float,sum,153.85,0.05,0.1,0,153.49,0.05,0.1,0,RING,LL128,48,RING,LL128,48,0,RING,A_flag_ceiling
all_reduce_perf,3,24,16384,4096,float,sum,153.86,0.11,0.2,0,152.88,0.11,0.21,0,RING,LL128,48,RING,LL128,48,0,RING,A_flag_ceiling
all_reduce_perf,3,24,32768,8192,float,sum,154.71,0.21,0.41,0,154.19,0.21,0.41,0,RING,LL128,48,RING,LL128,48,0,RING,A_flag_ceiling
all_reduce_perf,3,24,65536,16384,float,sum,159.35,0.41,0.79,0,158.21,0.41,0.79,0,RING,LL128,48,RING,LL128,48,0,RING,A_flag_ceiling
all_reduce_perf,3,24,131072,32768,float,sum,179.7,0.73,1.4,0,178.42,0.73,1.41,0,RING,LL128,48,RING,LL128,48,0,RING,A_flag_ceiling
all_reduce_perf,3,24,262144,65536,float,sum,269.34,0.97,1.87,0,271.26,0.97,1.85,0,RING,LL128,48,RING,LL128,48,0,RING,A_flag_ceiling
all_reduce_perf,3,24,524288,131072,float,sum,274.37,1.91,3.66,0,272.53,1.92,3.69,0,RING,LL128,48,RING,LL128,48,0,RING,A_flag_ceiling
all_reduce_perf,3,24,1048576,262144,float,sum,338.09,3.1,5.94,0,337.09,3.11,5.96,0,RING,LL128,48,RING,LL128,48,0,RING,A_flag_ceiling
all_reduce_perf,3,24,2097152,524288,float,sum,329.91,6.36,12.18,0,339.61,6.18,11.84,0,RING,LL128,48,RING,LL128,48,0,RING,A_flag_ceiling
all_reduce_perf,3,24,4194304,1048576,float,sum,372.29,11.27,21.59,0,371.04,11.3,21.67,0,RING,LL128,48,RING,LL128,48,0,RING,A_flag_ceiling
all_reduce_perf,3,24,8388608,2097152,float,sum,366.55,22.89,43.86,0,363.19,23.1,44.27,0,RING,LL128,48,RING,LL128,48,0,RING,A_flag_ceiling
all_reduce_perf,3,24,16777216,4194304,float,sum,372.62,45.03,86.3,0,382.84,43.82,83.99,0,RING,LL128,48,RING,LL128,48,0,RING,A_flag_ceiling
all_reduce_perf,3,24,33554432,8388608,float,sum,404.83,82.89,158.86,0,401.55,83.56,160.16,0,RING,LL128,48,RING,LL128,48,0,RING,A_flag_ceiling
all_reduce_perf,3,24,67108864,16777216,float,sum,478.5,140.25,268.81,0,488.78,137.3,263.16,0,RING,LL128,48,RING,LL128,48,0,RING,A_flag_ceiling
all_reduce_perf,3,24,134217728,33554432,float,sum,1056.03,127.1,243.6,0,1054.13,127.33,244.04,0,RING,LL128,48,RING,LL128,48,0,RING,A_flag_ceiling
all_reduce_perf,3,24,268435456,67108864,float,sum,1742.78,154.03,295.22,0,1738.4,154.41,295.96,0,RING,LL128,48,RING,LL128,48,0,RING,A_flag_ceiling
all_reduce_perf,3,24,536870912,134217728,float,sum,3257.7,164.8,315.87,0,3252.72,165.05,316.35,0,RING,LL128,48,RING,LL128,48,0,RING,A_flag_ceiling
all_reduce_perf,3,24,4096,1024,float,sum,117.77,0.03,0.07,0,112.38,0.04,0.07,0,TREE,SIMPLE,1,TREE,SIMPLE,1,0,TREE,A_flag_ceiling
all_reduce_perf,3,24,8192,2048,float,sum,116.4,0.07,0.13,0,115.64,0.07,0.14,0,TREE,SIMPLE,1,TREE,SIMPLE,1,0,TREE,A_flag_ceiling
all_reduce_perf,3,24,16384,4096,float,sum,123.66,0.13,0.25,0,122.15,0.13,0.26,0,TREE,SIMPLE,1,TREE,SIMPLE,1,0,TREE,A_flag_ceiling
all_reduce_perf,3,24,32768,8192,float,sum,146.19,0.22,0.43,0,144.27,0.23,0.44,0,TREE,SIMPLE,1,TREE,SIMPLE,1,0,TREE,A_flag_ceiling
all_reduce_perf,3,24,65536,16384,float,sum,157.72,0.42,0.8,0,156.19,0.42,0.8,0,TREE,SIMPLE,1,TREE,SIMPLE,1,0,TREE,A_flag_ceiling
all_reduce_perf,3,24,131072,32768,float,sum,182.08,0.72,1.38,0,179.29,0.73,1.4,0,TREE,SIMPLE,1,TREE,SIMPLE,1,0,TREE,A_flag_ceiling
all_reduce_perf,3,24,262144,65536,float,sum,229.58,1.14,2.19,0,221.18,1.19,2.27,0,TREE,SIMPLE,1,TREE,SIMPLE,1,0,TREE,A_flag_ceiling
all_reduce_perf,3,24,524288,131072,float,sum,378.24,1.39,2.66,0,306.41,1.71,3.28,0,TREE,SIMPLE,1,TREE,SIMPLE,1,0,TREE,A_flag_ceiling
all_reduce_perf,3,24,1048576,262144,float,sum,441.41,2.38,4.55,0,487.28,2.15,4.12,0,TREE,SIMPLE,1,TREE,SIMPLE,1,0,TREE,A_flag_ceiling
all_reduce_perf,3,24,2097152,524288,float,sum,707.3,2.96,5.68,0,685.41,3.06,5.86,0,TREE,SIMPLE,1,TREE,SIMPLE,1,0,TREE,A_flag_ceiling
all_reduce_perf,3,24,4194304,1048576,float,sum,1110.51,3.78,7.24,0,1078.67,3.89,7.45,0,TREE,SIMPLE,1,TREE,SIMPLE,1,0,TREE,A_flag_ceiling
all_reduce_perf,3,24,8388608,2097152,float,sum,1968.22,4.26,8.17,0,1938.1,4.33,8.3,0,TREE,SIMPLE,1,TREE,SIMPLE,1,0,TREE,A_flag_ceiling
all_reduce_perf,3,24,16777216,4194304,float,sum,3394.29,4.94,9.47,0,3380.05,4.96,9.51,0,TREE,SIMPLE,1,TREE,SIMPLE,1,0,TREE,A_flag_ceiling
all_reduce_perf,3,24,33554432,8388608,float,sum,6292.76,5.33,10.22,0,6289.85,5.33,10.22,0,TREE,SIMPLE,1,TREE,SIMPLE,1,0,TREE,A_flag_ceiling
all_reduce_perf,3,24,67108864,16777216,float,sum,11949.2,5.62,10.76,0,12008.5,5.59,10.71,0,TREE,SIMPLE,1,TREE,SIMPLE,1,0,TREE,A_flag_ceiling
all_reduce_perf,3,24,134217728,33554432,float,sum,23294.8,5.76,11.04,0,23450.5,5.72,10.97,0,TREE,SIMPLE,1,TREE,SIMPLE,1,0,TREE,A_flag_ceiling
all_reduce_perf,3,24,268435456,67108864,float,sum,45930.8,5.84,11.2,0,46249.9,5.8,11.12,0,TREE,SIMPLE,1,TREE,SIMPLE,1,0,TREE,A_flag_ceiling
all_reduce_perf,3,24,536870912,134217728,float,sum,91347.5,5.88,11.26,0,91803.1,5.85,11.21,0,TREE,SIMPLE,1,TREE,SIMPLE,1,0,TREE,A_flag_ceiling
all_reduce_perf,3,24,4096,1024,float,sum,80.65,0.05,0.1,0,80.95,0.05,0.1,0,TREE,LL,1,TREE,LL,1,0,TREE,A_flag_ceiling
all_reduce_perf,3,24,8192,2048,float,sum,99.08,0.08,0.16,0,98.96,0.08,0.16,0,TREE,LL,1,TREE,LL,1,0,TREE,A_flag_ceiling
all_reduce_perf,3,24,16384,4096,float,sum,133.32,0.12,0.24,0,132.61,0.12,0.24,0,TREE,LL,1,TREE,LL,1,0,TREE,A_flag_ceiling
all_reduce_perf,3,24,32768,8192,float,sum,153.07,0.21,0.41,0,152.07,0.22,0.41,0,TREE,LL,1,TREE,LL,1,0,TREE,A_flag_ceiling
all_reduce_perf,3,24,65536,16384,float,sum,194.52,0.34,0.65,0,194.02,0.34,0.65,0,TREE,LL,1,TREE,LL,1,0,TREE,A_flag_ceiling
all_reduce_perf,3,24,131072,32768,float,sum,275.98,0.47,0.91,0,276.75,0.47,0.91,0,TREE,LL,1,TREE,LL,1,0,TREE,A_flag_ceiling
all_reduce_perf,3,24,262144,65536,float,sum,445.51,0.59,1.13,0,441.59,0.59,1.14,0,TREE,LL,1,TREE,LL,1,0,TREE,A_flag_ceiling
all_reduce_perf,3,24,524288,131072,float,sum,771.01,0.68,1.3,0,772.49,0.68,1.3,0,TREE,LL,1,TREE,LL,1,0,TREE,A_flag_ceiling
all_reduce_perf,3,24,1048576,262144,float,sum,1433.07,0.73,1.4,0,1430.05,0.73,1.41,0,TREE,LL,1,TREE,LL,1,0,TREE,A_flag_ceiling
all_reduce_perf,3,24,2097152,524288,float,sum,2763.02,0.76,1.45,0,2758.37,0.76,1.46,0,TREE,LL,1,TREE,LL,1,0,TREE,A_flag_ceiling
all_reduce_perf,3,24,4194304,1048576,float,sum,5398.28,0.78,1.49,0,5385.76,0.78,1.49,0,TREE,LL,1,TREE,LL,1,0,TREE,A_flag_ceiling
all_reduce_perf,3,24,8388608,2097152,float,sum,10726.8,0.78,1.5,0,10672.4,0.79,1.51,0,TREE,LL,1,TREE,LL,1,0,TREE,A_flag_ceiling
all_reduce_perf,3,24,16777216,4194304,float,sum,21348.4,0.79,1.51,0,21320.6,0.79,1.51,0,TREE,LL,1,TREE,LL,1,0,TREE,A_flag_ceiling
all_reduce_perf,3,24,33554432,8388608,float,sum,42680.3,0.79,1.51,0,42533.9,0.79,1.51,0,TREE,LL,1,TREE,LL,1,0,TREE,A_flag_ceiling
all_reduce_perf,3,24,67108864,16777216,float,sum,85238.2,0.79,1.51,0,85054.0,0.79,1.51,0,TREE,LL,1,TREE,LL,1,0,TREE,A_flag_ceiling
all_reduce_perf,3,24,134217728,33554432,float,sum,170226.0,0.79,1.51,0,170134.0,0.79,1.51,0,TREE,LL,1,TREE,LL,1,0,TREE,A_flag_ceiling
all_reduce_perf,3,24,268435456,67108864,float,sum,340984.0,0.79,1.51,0,339683.0,0.79,1.51,0,TREE,LL,1,TREE,LL,1,0,TREE,A_flag_ceiling
all_reduce_perf,3,24,536870912,134217728,float,sum,681010.0,0.79,1.51,0,680378.0,0.79,1.51,0,TREE,LL,1,TREE,LL,1,0,TREE,A_flag_ceiling
all_reduce_perf,3,24,4096,1024,float,sum,83.51,0.05,0.09,0,83.43,0.05,0.09,0,TREE,LL128,1,TREE,LL128,1,0,TREE,A_flag_ceiling
all_reduce_perf,3,24,8192,2048,float,sum,83.4,0.1,0.19,0,82.7,0.1,0.19,0,TREE,LL128,1,TREE,LL128,1,0,TREE,A_flag_ceiling
all_reduce_perf,3,24,16384,4096,float,sum,88.36,0.19,0.36,0,88.53,0.19,0.35,0,TREE,LL128,1,TREE,LL128,1,0,TREE,A_flag_ceiling
all_reduce_perf,3,24,32768,8192,float,sum,96.93,0.34,0.65,0,96.75,0.34,0.65,0,TREE,LL128,1,TREE,LL128,1,0,TREE,A_flag_ceiling
all_reduce_perf,3,24,65536,16384,float,sum,103.9,0.63,1.21,0,104.09,0.63,1.21,0,TREE,LL128,1,TREE,LL128,1,0,TREE,A_flag_ceiling
all_reduce_perf,3,24,131072,32768,float,sum,119.56,1.1,2.1,0,119.4,1.1,2.1,0,TREE,LL128,1,TREE,LL128,1,0,TREE,A_flag_ceiling
all_reduce_perf,3,24,262144,65536,float,sum,154.89,1.69,3.24,0,154.83,1.69,3.25,0,TREE,LL128,1,TREE,LL128,1,0,TREE,A_flag_ceiling
all_reduce_perf,3,24,524288,131072,float,sum,220.66,2.38,4.55,0,216.2,2.42,4.65,0,TREE,LL128,1,TREE,LL128,1,0,TREE,A_flag_ceiling
all_reduce_perf,3,24,1048576,262144,float,sum,354.53,2.96,5.67,0,347.82,3.01,5.78,0,TREE,LL128,1,TREE,LL128,1,0,TREE,A_flag_ceiling
all_reduce_perf,3,24,2097152,524288,float,sum,596.47,3.52,6.74,0,576.65,3.64,6.97,0,TREE,LL128,1,TREE,LL128,1,0,TREE,A_flag_ceiling
all_reduce_perf,3,24,4194304,1048576,float,sum,1074.5,3.9,7.48,0,1046.44,4.01,7.68,0,TREE,LL128,1,TREE,LL128,1,0,TREE,A_flag_ceiling
all_reduce_perf,3,24,8388608,2097152,float,sum,2027.32,4.14,7.93,0,1984.77,4.23,8.1,0,TREE,LL128,1,TREE,LL128,1,0,TREE,A_flag_ceiling
all_reduce_perf,3,24,16777216,4194304,float,sum,3946.7,4.25,8.15,0,3903.52,4.3,8.24,0,TREE,LL128,1,TREE,LL128,1,0,TREE,A_flag_ceiling
all_reduce_perf,3,24,33554432,8388608,float,sum,7678.48,4.37,8.38,0,7622.11,4.4,8.44,0,TREE,LL128,1,TREE,LL128,1,0,TREE,A_flag_ceiling
all_reduce_perf,3,24,67108864,16777216,float,sum,14918.2,4.5,8.62,0,14859.2,4.52,8.66,0,TREE,LL128,1,TREE,LL128,1,0,TREE,A_flag_ceiling
all_reduce_perf,3,24,134217728,33554432,float,sum,29408.0,4.56,8.75,0,29331.3,4.58,8.77,0,TREE,LL128,1,TREE,LL128,1,0,TREE,A_flag_ceiling
all_reduce_perf,3,24,268435456,67108864,float,sum,58358.7,4.6,8.82,0,58200.1,4.61,8.84,0,TREE,LL128,1,TREE,LL128,1,0,TREE,A_flag_ceiling
all_reduce_perf,3,24,536870912,134217728,float,sum,116356.0,4.61,8.84,0,116103.0,4.62,8.86,0,TREE,LL128,1,TREE,LL128,1,0,TREE,A_flag_ceiling
all_reduce_perf,3,24,4096,1024,float,sum,163.78,0.03,0.05,0,113.1,0.04,0.07,0,TREE,SIMPLE,2,TREE,SIMPLE,2,0,TREE,A_flag_ceiling
all_reduce_perf,3,24,8192,2048,float,sum,117.38,0.07,0.13,0,115.84,0.07,0.14,0,TREE,SIMPLE,2,TREE,SIMPLE,2,0,TREE,A_flag_ceiling
all_reduce_perf,3,24,16384,4096,float,sum,117.71,0.14,0.27,0,159.45,0.1,0.2,0,TREE,SIMPLE,2,TREE,SIMPLE,2,0,TREE,A_flag_ceiling
all_reduce_perf,3,24,32768,8192,float,sum,125.34,0.26,0.5,0,123.2,0.27,0.51,0,TREE,SIMPLE,2,TREE,SIMPLE,2,0,TREE,A_flag_ceiling
all_reduce_perf,3,24,65536,16384,float,sum,147.05,0.45,0.85,0,144.99,0.45,0.87,0,TREE,SIMPLE,2,TREE,SIMPLE,2,0,TREE,A_flag_ceiling
all_reduce_perf,3,24,131072,32768,float,sum,159.48,0.82,1.58,0,157.65,0.83,1.59,0,TREE,SIMPLE,2,TREE,SIMPLE,2,0,TREE,A_flag_ceiling
all_reduce_perf,3,24,262144,65536,float,sum,184.83,1.42,2.72,0,179.79,1.46,2.79,0,TREE,SIMPLE,2,TREE,SIMPLE,2,0,TREE,A_flag_ceiling
all_reduce_perf,3,24,524288,131072,float,sum,230.6,2.27,4.36,0,222.62,2.36,4.51,0,TREE,SIMPLE,2,TREE,SIMPLE,2,0,TREE,A_flag_ceiling
all_reduce_perf,3,24,1048576,262144,float,sum,309.79,3.38,6.49,0,298.3,3.52,6.74,0,TREE,SIMPLE,2,TREE,SIMPLE,2,0,TREE,A_flag_ceiling
all_reduce_perf,3,24,2097152,524288,float,sum,447.18,4.69,8.99,0,432.11,4.85,9.3,0,TREE,SIMPLE,2,TREE,SIMPLE,2,0,TREE,A_flag_ceiling
all_reduce_perf,3,24,4194304,1048576,float,sum,716.74,5.85,11.22,0,693.52,6.05,11.59,0,TREE,SIMPLE,2,TREE,SIMPLE,2,0,TREE,A_flag_ceiling
all_reduce_perf,3,24,8388608,2097152,float,sum,1195.64,7.02,13.45,0,1113.87,7.53,14.43,0,TREE,SIMPLE,2,TREE,SIMPLE,2,0,TREE,A_flag_ceiling
all_reduce_perf,3,24,16777216,4194304,float,sum,2037.95,8.23,15.78,0,2006.63,8.36,16.03,0,TREE,SIMPLE,2,TREE,SIMPLE,2,0,TREE,A_flag_ceiling
all_reduce_perf,3,24,33554432,8388608,float,sum,3659.31,9.17,17.58,0,3570.09,9.4,18.01,0,TREE,SIMPLE,2,TREE,SIMPLE,2,0,TREE,A_flag_ceiling
all_reduce_perf,3,24,67108864,16777216,float,sum,6614.99,10.14,19.44,0,6799.4,9.87,18.92,0,TREE,SIMPLE,2,TREE,SIMPLE,2,0,TREE,A_flag_ceiling
all_reduce_perf,3,24,134217728,33554432,float,sum,12652.6,10.61,20.33,0,12538.2,10.7,20.52,0,TREE,SIMPLE,2,TREE,SIMPLE,2,0,TREE,A_flag_ceiling
all_reduce_perf,3,24,268435456,67108864,float,sum,24551.9,10.93,20.96,0,24443.8,10.98,21.05,0,TREE,SIMPLE,2,TREE,SIMPLE,2,0,TREE,A_flag_ceiling
all_reduce_perf,3,24,536870912,134217728,float,sum,48551.4,11.06,21.19,0,48156.6,11.15,21.37,0,TREE,SIMPLE,2,TREE,SIMPLE,2,0,TREE,A_flag_ceiling
all_reduce_perf,3,24,4096,1024,float,sum,71.84,0.06,0.11,0,72.18,0.06,0.11,0,TREE,LL,2,TREE,LL,2,0,TREE,A_flag_ceiling
all_reduce_perf,3,24,8192,2048,float,sum,81.17,0.1,0.19,0,81.2,0.1,0.19,0,TREE,LL,2,TREE,LL,2,0,TREE,A_flag_ceiling
all_reduce_perf,3,24,16384,4096,float,sum,100.24,0.16,0.31,0,98.91,0.17,0.32,0,TREE,LL,2,TREE,LL,2,0,TREE,A_flag_ceiling
all_reduce_perf,3,24,32768,8192,float,sum,133.16,0.25,0.47,0,132.4,0.25,0.47,0,TREE,LL,2,TREE,LL,2,0,TREE,A_flag_ceiling
all_reduce_perf,3,24,65536,16384,float,sum,152.89,0.43,0.82,0,152.41,0.43,0.82,0,TREE,LL,2,TREE,LL,2,0,TREE,A_flag_ceiling
all_reduce_perf,3,24,131072,32768,float,sum,195.99,0.67,1.28,0,195.65,0.67,1.28,0,TREE,LL,2,TREE,LL,2,0,TREE,A_flag_ceiling
all_reduce_perf,3,24,262144,65536,float,sum,283.08,0.93,1.77,0,283.58,0.92,1.77,0,TREE,LL,2,TREE,LL,2,0,TREE,A_flag_ceiling
all_reduce_perf,3,24,524288,131072,float,sum,456.98,1.15,2.2,0,458.06,1.14,2.19,0,TREE,LL,2,TREE,LL,2,0,TREE,A_flag_ceiling
all_reduce_perf,3,24,1048576,262144,float,sum,802.13,1.31,2.51,0,805.2,1.3,2.5,0,TREE,LL,2,TREE,LL,2,0,TREE,A_flag_ceiling
all_reduce_perf,3,24,2097152,524288,float,sum,1498.0,1.4,2.68,0,1502.3,1.4,2.68,0,TREE,LL,2,TREE,LL,2,0,TREE,A_flag_ceiling
all_reduce_perf,3,24,4194304,1048576,float,sum,2893.43,1.45,2.78,0,2897.82,1.45,2.77,0,TREE,LL,2,TREE,LL,2,0,TREE,A_flag_ceiling
all_reduce_perf,3,24,8388608,2097152,float,sum,5666.97,1.48,2.84,0,5677.23,1.48,2.83,0,TREE,LL,2,TREE,LL,2,0,TREE,A_flag_ceiling
all_reduce_perf,3,24,16777216,4194304,float,sum,11265.8,1.49,2.85,0,11266.1,1.49,2.85,0,TREE,LL,2,TREE,LL,2,0,TREE,A_flag_ceiling
all_reduce_perf,3,24,33554432,8388608,float,sum,22426.2,1.5,2.87,0,22456.0,1.49,2.86,0,TREE,LL,2,TREE,LL,2,0,TREE,A_flag_ceiling
all_reduce_perf,3,24,67108864,16777216,float,sum,44676.0,1.5,2.88,0,44807.9,1.5,2.87,0,TREE,LL,2,TREE,LL,2,0,TREE,A_flag_ceiling
all_reduce_perf,3,24,134217728,33554432,float,sum,89213.2,1.5,2.88,0,89438.8,1.5,2.88,0,TREE,LL,2,TREE,LL,2,0,TREE,A_flag_ceiling
all_reduce_perf,3,24,268435456,67108864,float,sum,178013.0,1.51,2.89,0,178657.0,1.5,2.88,0,TREE,LL,2,TREE,LL,2,0,TREE,A_flag_ceiling
all_reduce_perf,3,24,536870912,134217728,float,sum,356283.0,1.51,2.89,0,357478.0,1.5,2.88,0,TREE,LL,2,TREE,LL,2,0,TREE,A_flag_ceiling
all_reduce_perf,3,24,4096,1024,float,sum,80.28,0.05,0.1,0,80.06,0.05,0.1,0,TREE,LL128,2,TREE,LL128,2,0,TREE,A_flag_ceiling
all_reduce_perf,3,24,8192,2048,float,sum,83.33,0.1,0.19,0,82.85,0.1,0.19,0,TREE,LL128,2,TREE,LL128,2,0,TREE,A_flag_ceiling
all_reduce_perf,3,24,16384,4096,float,sum,83.59,0.2,0.38,0,83.12,0.2,0.38,0,TREE,LL128,2,TREE,LL128,2,0,TREE,A_flag_ceiling
all_reduce_perf,3,24,32768,8192,float,sum,88.48,0.37,0.71,0,88.85,0.37,0.71,0,TREE,LL128,2,TREE,LL128,2,0,TREE,A_flag_ceiling
all_reduce_perf,3,24,65536,16384,float,sum,97.11,0.67,1.29,0,96.83,0.68,1.3,0,TREE,LL128,2,TREE,LL128,2,0,TREE,A_flag_ceiling
all_reduce_perf,3,24,131072,32768,float,sum,103.8,1.26,2.42,0,104.4,1.26,2.41,0,TREE,LL128,2,TREE,LL128,2,0,TREE,A_flag_ceiling
all_reduce_perf,3,24,262144,65536,float,sum,120.09,2.18,4.18,0,118.81,2.21,4.23,0,TREE,LL128,2,TREE,LL128,2,0,TREE,A_flag_ceiling
all_reduce_perf,3,24,524288,131072,float,sum,156.56,3.35,6.42,0,186.76,2.81,5.38,0,TREE,LL128,2,TREE,LL128,2,0,TREE,A_flag_ceiling
all_reduce_perf,3,24,1048576,262144,float,sum,264.36,3.97,7.6,0,218.08,4.81,9.22,0,TREE,LL128,2,TREE,LL128,2,0,TREE,A_flag_ceiling
all_reduce_perf,3,24,2097152,524288,float,sum,358.61,5.85,11.21,0,353.74,5.93,11.36,0,TREE,LL128,2,TREE,LL128,2,0,TREE,A_flag_ceiling
all_reduce_perf,3,24,4194304,1048576,float,sum,608.34,6.89,13.21,0,596.79,7.03,13.47,0,TREE,LL128,2,TREE,LL128,2,0,TREE,A_flag_ceiling
all_reduce_perf,3,24,8388608,2097152,float,sum,1111.42,7.55,14.47,0,1095.44,7.66,14.68,0,TREE,LL128,2,TREE,LL128,2,0,TREE,A_flag_ceiling
all_reduce_perf,3,24,16777216,4194304,float,sum,2119.01,7.92,15.18,0,2114.96,7.93,15.2,0,TREE,LL128,2,TREE,LL128,2,0,TREE,A_flag_ceiling
all_reduce_perf,3,24,33554432,8388608,float,sum,4136.46,8.11,15.55,0,4146.15,8.09,15.51,0,TREE,LL128,2,TREE,LL128,2,0,TREE,A_flag_ceiling
all_reduce_perf,3,24,67108864,16777216,float,sum,8113.13,8.27,15.85,0,8143.38,8.24,15.8,0,TREE,LL128,2,TREE,LL128,2,0,TREE,A_flag_ceiling
all_reduce_perf,3,24,134217728,33554432,float,sum,15995.2,8.39,16.08,0,16086.3,8.34,15.99,0,TREE,LL128,2,TREE,LL128,2,0,TREE,A_flag_ceiling
all_reduce_perf,3,24,268435456,67108864,float,sum,31812.2,8.44,16.17,0,31913.2,8.41,16.12,0,TREE,LL128,2,TREE,LL128,2,0,TREE,A_flag_ceiling
all_reduce_perf,3,24,536870912,134217728,float,sum,63358.7,8.47,16.24,0,63647.0,8.44,16.17,0,TREE,LL128,2,TREE,LL128,2,0,TREE,A_flag_ceiling
all_reduce_perf,3,24,4096,1024,float,sum,116.1,0.04,0.07,0,112.85,0.04,0.07,0,TREE,SIMPLE,4,TREE,SIMPLE,4,0,TREE,A_flag_ceiling
all_reduce_perf,3,24,8192,2048,float,sum,117.09,0.07,0.13,0,115.89,0.07,0.14,0,TREE,SIMPLE,4,TREE,SIMPLE,4,0,TREE,A_flag_ceiling
all_reduce_perf,3,24,16384,4096,float,sum,118.75,0.14,0.26,0,116.7,0.14,0.27,0,TREE,SIMPLE,4,TREE,SIMPLE,4,0,TREE,A_flag_ceiling
all_reduce_perf,3,24,32768,8192,float,sum,117.8,0.28,0.53,0,110.93,0.3,0.57,0,TREE,SIMPLE,4,TREE,SIMPLE,4,0,TREE,A_flag_ceiling
all_reduce_perf,3,24,65536,16384,float,sum,125.02,0.52,1.0,0,122.76,0.53,1.02,0,TREE,SIMPLE,4,TREE,SIMPLE,4,0,TREE,A_flag_ceiling
all_reduce_perf,3,24,131072,32768,float,sum,147.21,0.89,1.71,0,145.74,0.9,1.72,0,TREE,SIMPLE,4,TREE,SIMPLE,4,0,TREE,A_flag_ceiling
all_reduce_perf,3,24,262144,65536,float,sum,159.22,1.65,3.16,0,156.89,1.67,3.2,0,TREE,SIMPLE,4,TREE,SIMPLE,4,0,TREE,A_flag_ceiling
all_reduce_perf,3,24,524288,131072,float,sum,183.87,2.85,5.47,0,180.29,2.91,5.57,0,TREE,SIMPLE,4,TREE,SIMPLE,4,0,TREE,A_flag_ceiling
all_reduce_perf,3,24,1048576,262144,float,sum,230.51,4.55,8.72,0,222.02,4.72,9.05,0,TREE,SIMPLE,4,TREE,SIMPLE,4,0,TREE,A_flag_ceiling
all_reduce_perf,3,24,2097152,524288,float,sum,313.99,6.68,12.8,0,305.65,6.86,13.15,0,TREE,SIMPLE,4,TREE,SIMPLE,4,0,TREE,A_flag_ceiling
all_reduce_perf,3,24,4194304,1048576,float,sum,453.85,9.24,17.71,0,442.95,9.47,18.15,0,TREE,SIMPLE,4,TREE,SIMPLE,4,0,TREE,A_flag_ceiling
all_reduce_perf,3,24,8388608,2097152,float,sum,727.27,11.53,22.11,0,710.48,11.81,22.63,0,TREE,SIMPLE,4,TREE,SIMPLE,4,0,TREE,A_flag_ceiling
all_reduce_perf,3,24,16777216,4194304,float,sum,1174.01,14.29,27.39,0,1162.21,14.44,27.67,0,TREE,SIMPLE,4,TREE,SIMPLE,4,0,TREE,A_flag_ceiling
all_reduce_perf,3,24,33554432,8388608,float,sum,2084.05,16.1,30.86,0,2080.61,16.13,30.91,0,TREE,SIMPLE,4,TREE,SIMPLE,4,0,TREE,A_flag_ceiling
all_reduce_perf,3,24,67108864,16777216,float,sum,3711.97,18.08,34.65,0,3729.86,17.99,34.49,0,TREE,SIMPLE,4,TREE,SIMPLE,4,0,TREE,A_flag_ceiling
all_reduce_perf,3,24,134217728,33554432,float,sum,7003.05,19.17,36.73,0,7049.17,19.04,36.49,0,TREE,SIMPLE,4,TREE,SIMPLE,4,0,TREE,A_flag_ceiling
all_reduce_perf,3,24,268435456,67108864,float,sum,13338.1,20.13,38.57,0,13429.0,19.99,38.31,0,TREE,SIMPLE,4,TREE,SIMPLE,4,0,TREE,A_flag_ceiling
all_reduce_perf,3,24,536870912,134217728,float,sum,26002.1,20.65,39.57,0,26136.9,20.54,39.37,0,TREE,SIMPLE,4,TREE,SIMPLE,4,0,TREE,A_flag_ceiling
all_reduce_perf,3,24,4096,1024,float,sum,74.97,0.05,0.1,0,71.99,0.06,0.11,0,TREE,LL,4,TREE,LL,4,0,TREE,A_flag_ceiling
all_reduce_perf,3,24,8192,2048,float,sum,73.27,0.11,0.21,0,72.74,0.11,0.22,0,TREE,LL,4,TREE,LL,4,0,TREE,A_flag_ceiling
all_reduce_perf,3,24,16384,4096,float,sum,81.92,0.2,0.38,0,81.48,0.2,0.39,0,TREE,LL,4,TREE,LL,4,0,TREE,A_flag_ceiling
all_reduce_perf,3,24,32768,8192,float,sum,100.8,0.33,0.62,0,100.33,0.33,0.63,0,TREE,LL,4,TREE,LL,4,0,TREE,A_flag_ceiling
all_reduce_perf,3,24,65536,16384,float,sum,135.07,0.49,0.93,0,134.4,0.49,0.93,0,TREE,LL,4,TREE,LL,4,0,TREE,A_flag_ceiling
all_reduce_perf,3,24,131072,32768,float,sum,154.84,0.85,1.62,0,153.82,0.85,1.63,0,TREE,LL,4,TREE,LL,4,0,TREE,A_flag_ceiling
all_reduce_perf,3,24,262144,65536,float,sum,195.88,1.34,2.57,0,205.06,1.28,2.45,0,TREE,LL,4,TREE,LL,4,0,TREE,A_flag_ceiling
all_reduce_perf,3,24,524288,131072,float,sum,282.03,1.86,3.56,0,282.66,1.85,3.56,0,TREE,LL,4,TREE,LL,4,0,TREE,A_flag_ceiling
all_reduce_perf,3,24,1048576,262144,float,sum,457.14,2.29,4.4,0,457.5,2.29,4.39,0,TREE,LL,4,TREE,LL,4,0,TREE,A_flag_ceiling
all_reduce_perf,3,24,2097152,524288,float,sum,802.33,2.61,5.01,0,805.13,2.6,4.99,0,TREE,LL,4,TREE,LL,4,0,TREE,A_flag_ceiling
all_reduce_perf,3,24,4194304,1048576,float,sum,1503.39,2.79,5.35,0,1500.35,2.8,5.36,0,TREE,LL,4,TREE,LL,4,0,TREE,A_flag_ceiling
all_reduce_perf,3,24,8388608,2097152,float,sum,2894.66,2.9,5.55,0,2894.27,2.9,5.56,0,TREE,LL,4,TREE,LL,4,0,TREE,A_flag_ceiling
all_reduce_perf,3,24,16777216,4194304,float,sum,5676.32,2.96,5.66,0,5677.76,2.95,5.66,0,TREE,LL,4,TREE,LL,4,0,TREE,A_flag_ceiling
all_reduce_perf,3,24,33554432,8388608,float,sum,11279.2,2.97,5.7,0,11258.4,2.98,5.71,0,TREE,LL,4,TREE,LL,4,0,TREE,A_flag_ceiling
all_reduce_perf,3,24,67108864,16777216,float,sum,22480.8,2.99,5.72,0,22481.0,2.99,5.72,0,TREE,LL,4,TREE,LL,4,0,TREE,A_flag_ceiling
all_reduce_perf,3,24,134217728,33554432,float,sum,44806.9,3.0,5.74,0,44799.6,3.0,5.74,0,TREE,LL,4,TREE,LL,4,0,TREE,A_flag_ceiling
all_reduce_perf,3,24,268435456,67108864,float,sum,89519.8,3.0,5.75,0,89474.8,3.0,5.75,0,TREE,LL,4,TREE,LL,4,0,TREE,A_flag_ceiling
all_reduce_perf,3,24,536870912,134217728,float,sum,178606.0,3.01,5.76,0,178855.0,3.0,5.75,0,TREE,LL,4,TREE,LL,4,0,TREE,A_flag_ceiling
all_reduce_perf,3,24,4096,1024,float,sum,80.36,0.05,0.1,0,80.45,0.05,0.1,0,TREE,LL128,4,TREE,LL128,4,0,TREE,A_flag_ceiling
all_reduce_perf,3,24,8192,2048,float,sum,83.3,0.1,0.19,0,83.4,0.1,0.19,0,TREE,LL128,4,TREE,LL128,4,0,TREE,A_flag_ceiling
all_reduce_perf,3,24,16384,4096,float,sum,84.63,0.19,0.37,0,83.76,0.2,0.37,0,TREE,LL128,4,TREE,LL128,4,0,TREE,A_flag_ceiling
all_reduce_perf,3,24,32768,8192,float,sum,85.32,0.38,0.74,0,84.5,0.39,0.74,0,TREE,LL128,4,TREE,LL128,4,0,TREE,A_flag_ceiling
all_reduce_perf,3,24,65536,16384,float,sum,90.08,0.73,1.39,0,89.64,0.73,1.4,0,TREE,LL128,4,TREE,LL128,4,0,TREE,A_flag_ceiling
all_reduce_perf,3,24,131072,32768,float,sum,99.04,1.32,2.54,0,98.64,1.33,2.55,0,TREE,LL128,4,TREE,LL128,4,0,TREE,A_flag_ceiling
all_reduce_perf,3,24,262144,65536,float,sum,106.27,2.47,4.73,0,106.23,2.47,4.73,0,TREE,LL128,4,TREE,LL128,4,0,TREE,A_flag_ceiling
all_reduce_perf,3,24,524288,131072,float,sum,121.28,4.32,8.29,0,119.67,4.38,8.4,0,TREE,LL128,4,TREE,LL128,4,0,TREE,A_flag_ceiling
all_reduce_perf,3,24,1048576,262144,float,sum,159.43,6.58,12.61,0,158.51,6.62,12.68,0,TREE,LL128,4,TREE,LL128,4,0,TREE,A_flag_ceiling
all_reduce_perf,3,24,2097152,524288,float,sum,229.27,9.15,17.53,0,226.12,9.27,17.78,0,TREE,LL128,4,TREE,LL128,4,0,TREE,A_flag_ceiling
all_reduce_perf,3,24,4194304,1048576,float,sum,379.69,11.05,21.17,0,373.75,11.22,21.51,0,TREE,LL128,4,TREE,LL128,4,0,TREE,A_flag_ceiling
all_reduce_perf,3,24,8388608,2097152,float,sum,644.39,13.02,24.95,0,630.01,13.32,25.52,0,TREE,LL128,4,TREE,LL128,4,0,TREE,A_flag_ceiling
all_reduce_perf,3,24,16777216,4194304,float,sum,1179.89,14.22,27.25,0,1167.85,14.37,27.53,0,TREE,LL128,4,TREE,LL128,4,0,TREE,A_flag_ceiling
all_reduce_perf,3,24,33554432,8388608,float,sum,2248.55,14.92,28.6,0,2234.22,15.02,28.79,0,TREE,LL128,4,TREE,LL128,4,0,TREE,A_flag_ceiling
all_reduce_perf,3,24,67108864,16777216,float,sum,4391.72,15.28,29.29,0,4368.48,15.36,29.44,0,TREE,LL128,4,TREE,LL128,4,0,TREE,A_flag_ceiling
all_reduce_perf,3,24,134217728,33554432,float,sum,8615.69,15.58,29.86,0,8577.52,15.65,29.99,0,TREE,LL128,4,TREE,LL128,4,0,TREE,A_flag_ceiling
all_reduce_perf,3,24,268435456,67108864,float,sum,17023.4,15.77,30.22,0,16955.7,15.83,30.34,0,TREE,LL128,4,TREE,LL128,4,0,TREE,A_flag_ceiling
all_reduce_perf,3,24,536870912,134217728,float,sum,33803.2,15.88,30.44,0,33689.8,15.94,30.54,0,TREE,LL128,4,TREE,LL128,4,0,TREE,A_flag_ceiling
all_reduce_perf,3,24,4096,1024,float,sum,116.21,0.04,0.07,0,112.73,0.04,0.07,0,TREE,SIMPLE,8,TREE,SIMPLE,8,0,TREE,A_flag_ceiling
all_reduce_perf,3,24,8192,2048,float,sum,118.51,0.07,0.13,0,116.02,0.07,0.14,0,TREE,SIMPLE,8,TREE,SIMPLE,8,0,TREE,A_flag_ceiling
all_reduce_perf,3,24,16384,4096,float,sum,118.84,0.14,0.26,0,116.14,0.14,0.27,0,TREE,SIMPLE,8,TREE,SIMPLE,8,0,TREE,A_flag_ceiling
all_reduce_perf,3,24,32768,8192,float,sum,118.22,0.28,0.53,0,116.59,0.28,0.54,0,TREE,SIMPLE,8,TREE,SIMPLE,8,0,TREE,A_flag_ceiling
all_reduce_perf,3,24,65536,16384,float,sum,119.11,0.55,1.05,0,116.52,0.56,1.08,0,TREE,SIMPLE,8,TREE,SIMPLE,8,0,TREE,A_flag_ceiling
all_reduce_perf,3,24,131072,32768,float,sum,125.73,1.04,2.0,0,123.97,1.06,2.03,0,TREE,SIMPLE,8,TREE,SIMPLE,8,0,TREE,A_flag_ceiling
all_reduce_perf,3,24,262144,65536,float,sum,148.04,1.77,3.39,0,147.19,1.78,3.41,0,TREE,SIMPLE,8,TREE,SIMPLE,8,0,TREE,A_flag_ceiling
all_reduce_perf,3,24,524288,131072,float,sum,161.66,3.24,6.22,0,158.16,3.31,6.35,0,TREE,SIMPLE,8,TREE,SIMPLE,8,0,TREE,A_flag_ceiling
all_reduce_perf,3,24,1048576,262144,float,sum,186.35,5.63,10.78,0,181.7,5.77,11.06,0,TREE,SIMPLE,8,TREE,SIMPLE,8,0,TREE,A_flag_ceiling
all_reduce_perf,3,24,2097152,524288,float,sum,233.68,8.97,17.2,0,226.87,9.24,17.72,0,TREE,SIMPLE,8,TREE,SIMPLE,8,0,TREE,A_flag_ceiling
all_reduce_perf,3,24,4194304,1048576,float,sum,317.12,13.23,25.35,0,308.49,13.6,26.06,0,TREE,SIMPLE,8,TREE,SIMPLE,8,0,TREE,A_flag_ceiling
all_reduce_perf,3,24,8388608,2097152,float,sum,457.47,18.34,35.15,0,444.18,18.89,36.2,0,TREE,SIMPLE,8,TREE,SIMPLE,8,0,TREE,A_flag_ceiling
all_reduce_perf,3,24,16777216,4194304,float,sum,735.76,22.8,43.71,0,720.53,23.28,44.63,0,TREE,SIMPLE,8,TREE,SIMPLE,8,0,TREE,A_flag_ceiling
all_reduce_perf,3,24,33554432,8388608,float,sum,1177.69,28.49,54.61,0,1163.21,28.85,55.29,0,TREE,SIMPLE,8,TREE,SIMPLE,8,0,TREE,A_flag_ceiling
all_reduce_perf,3,24,67108864,16777216,float,sum,2093.63,32.05,61.44,0,2075.08,32.34,61.99,0,TREE,SIMPLE,8,TREE,SIMPLE,8,0,TREE,A_flag_ceiling
all_reduce_perf,3,24,134217728,33554432,float,sum,3730.72,35.98,68.95,0,3702.11,36.25,69.49,0,TREE,SIMPLE,8,TREE,SIMPLE,8,0,TREE,A_flag_ceiling
all_reduce_perf,3,24,268435456,67108864,float,sum,7054.49,38.05,72.93,0,7017.29,38.25,73.32,0,TREE,SIMPLE,8,TREE,SIMPLE,8,0,TREE,A_flag_ceiling
all_reduce_perf,3,24,536870912,134217728,float,sum,13439.7,39.95,76.56,0,13333.6,40.26,77.17,0,TREE,SIMPLE,8,TREE,SIMPLE,8,0,TREE,A_flag_ceiling
all_reduce_perf,3,24,4096,1024,float,sum,72.19,0.06,0.11,0,72.21,0.06,0.11,0,TREE,LL,8,TREE,LL,8,0,TREE,A_flag_ceiling
all_reduce_perf,3,24,8192,2048,float,sum,73.54,0.11,0.21,0,73.19,0.11,0.21,0,TREE,LL,8,TREE,LL,8,0,TREE,A_flag_ceiling
all_reduce_perf,3,24,16384,4096,float,sum,118.47,0.14,0.27,0,73.36,0.22,0.43,0,TREE,LL,8,TREE,LL,8,0,TREE,A_flag_ceiling
all_reduce_perf,3,24,32768,8192,float,sum,148.79,0.22,0.42,0,81.85,0.4,0.77,0,TREE,LL,8,TREE,LL,8,0,TREE,A_flag_ceiling
all_reduce_perf,3,24,65536,16384,float,sum,100.35,0.65,1.25,0,100.19,0.65,1.25,0,TREE,LL,8,TREE,LL,8,0,TREE,A_flag_ceiling
all_reduce_perf,3,24,131072,32768,float,sum,191.67,0.68,1.31,0,135.89,0.96,1.85,0,TREE,LL,8,TREE,LL,8,0,TREE,A_flag_ceiling
all_reduce_perf,3,24,262144,65536,float,sum,155.78,1.68,3.23,0,155.6,1.68,3.23,0,TREE,LL,8,TREE,LL,8,0,TREE,A_flag_ceiling
all_reduce_perf,3,24,524288,131072,float,sum,202.4,2.59,4.96,0,200.97,2.61,5.0,0,TREE,LL,8,TREE,LL,8,0,TREE,A_flag_ceiling
all_reduce_perf,3,24,1048576,262144,float,sum,293.49,3.57,6.85,0,293.35,3.57,6.85,0,TREE,LL,8,TREE,LL,8,0,TREE,A_flag_ceiling
all_reduce_perf,3,24,2097152,524288,float,sum,475.11,4.41,8.46,0,473.56,4.43,8.49,0,TREE,LL,8,TREE,LL,8,0,TREE,A_flag_ceiling
all_reduce_perf,3,24,4194304,1048576,float,sum,846.48,4.95,9.5,0,837.6,5.01,9.6,0,TREE,LL,8,TREE,LL,8,0,TREE,A_flag_ceiling
all_reduce_perf,3,24,8388608,2097152,float,sum,1560.57,5.38,10.3,0,1558.0,5.38,10.32,0,TREE,LL,8,TREE,LL,8,0,TREE,A_flag_ceiling
all_reduce_perf,3,24,16777216,4194304,float,sum,3017.25,5.56,10.66,0,3001.11,5.59,10.71,0,TREE,LL,8,TREE,LL,8,0,TREE,A_flag_ceiling
all_reduce_perf,3,24,33554432,8388608,float,sum,5916.24,5.67,10.87,0,5913.36,5.67,10.88,0,TREE,LL,8,TREE,LL,8,0,TREE,A_flag_ceiling
all_reduce_perf,3,24,67108864,16777216,float,sum,11743.8,5.71,10.95,0,11690.2,5.74,11.0,0,TREE,LL,8,TREE,LL,8,0,TREE,A_flag_ceiling
all_reduce_perf,3,24,134217728,33554432,float,sum,23397.7,5.74,10.99,0,23295.8,5.76,11.04,0,TREE,LL,8,TREE,LL,8,0,TREE,A_flag_ceiling
all_reduce_perf,3,24,268435456,67108864,float,sum,46494.2,5.77,11.07,0,46447.0,5.78,11.08,0,TREE,LL,8,TREE,LL,8,0,TREE,A_flag_ceiling
all_reduce_perf,3,24,536870912,134217728,float,sum,92794.6,5.79,11.09,0,92517.1,5.8,11.12,0,TREE,LL,8,TREE,LL,8,0,TREE,A_flag_ceiling
all_reduce_perf,3,24,4096,1024,float,sum,80.26,0.05,0.1,0,83.46,0.05,0.09,0,TREE,LL128,8,TREE,LL128,8,0,TREE,A_flag_ceiling
all_reduce_perf,3,24,8192,2048,float,sum,83.08,0.1,0.19,0,82.58,0.1,0.19,0,TREE,LL128,8,TREE,LL128,8,0,TREE,A_flag_ceiling
all_reduce_perf,3,24,16384,4096,float,sum,83.34,0.2,0.38,0,82.49,0.2,0.38,0,TREE,LL128,8,TREE,LL128,8,0,TREE,A_flag_ceiling
all_reduce_perf,3,24,32768,8192,float,sum,84.68,0.39,0.74,0,83.69,0.39,0.75,0,TREE,LL128,8,TREE,LL128,8,0,TREE,A_flag_ceiling
all_reduce_perf,3,24,65536,16384,float,sum,84.64,0.77,1.48,0,84.5,0.78,1.49,0,TREE,LL128,8,TREE,LL128,8,0,TREE,A_flag_ceiling
all_reduce_perf,3,24,131072,32768,float,sum,90.97,1.44,2.76,0,90.54,1.45,2.77,0,TREE,LL128,8,TREE,LL128,8,0,TREE,A_flag_ceiling
all_reduce_perf,3,24,262144,65536,float,sum,99.07,2.65,5.07,0,98.89,2.65,5.08,0,TREE,LL128,8,TREE,LL128,8,0,TREE,A_flag_ceiling
all_reduce_perf,3,24,524288,131072,float,sum,106.73,4.91,9.42,0,106.94,4.9,9.4,0,TREE,LL128,8,TREE,LL128,8,0,TREE,A_flag_ceiling
all_reduce_perf,3,24,1048576,262144,float,sum,121.84,8.61,16.5,0,121.71,8.62,16.51,0,TREE,LL128,8,TREE,LL128,8,0,TREE,A_flag_ceiling
all_reduce_perf,3,24,2097152,524288,float,sum,160.24,13.09,25.08,0,158.96,13.19,25.29,0,TREE,LL128,8,TREE,LL128,8,0,TREE,A_flag_ceiling
all_reduce_perf,3,24,4194304,1048576,float,sum,227.83,18.41,35.29,0,225.82,18.57,35.6,0,TREE,LL128,8,TREE,LL128,8,0,TREE,A_flag_ceiling
all_reduce_perf,3,24,8388608,2097152,float,sum,377.24,22.24,42.62,0,373.42,22.46,43.06,0,TREE,LL128,8,TREE,LL128,8,0,TREE,A_flag_ceiling
all_reduce_perf,3,24,16777216,4194304,float,sum,644.09,26.05,49.93,0,640.16,26.21,50.23,0,TREE,LL128,8,TREE,LL128,8,0,TREE,A_flag_ceiling
all_reduce_perf,3,24,33554432,8388608,float,sum,1176.1,28.53,54.68,0,1177.19,28.5,54.63,0,TREE,LL128,8,TREE,LL128,8,0,TREE,A_flag_ceiling
all_reduce_perf,3,24,67108864,16777216,float,sum,2242.94,29.92,57.35,0,2252.1,29.8,57.11,0,TREE,LL128,8,TREE,LL128,8,0,TREE,A_flag_ceiling
all_reduce_perf,3,24,134217728,33554432,float,sum,4371.43,30.7,58.85,0,4390.54,30.57,58.59,0,TREE,LL128,8,TREE,LL128,8,0,TREE,A_flag_ceiling
all_reduce_perf,3,24,268435456,67108864,float,sum,8592.42,31.24,59.88,0,8635.79,31.08,59.58,0,TREE,LL128,8,TREE,LL128,8,0,TREE,A_flag_ceiling
all_reduce_perf,3,24,536870912,134217728,float,sum,16997.8,31.58,60.54,0,17107.1,31.38,60.15,0,TREE,LL128,8,TREE,LL128,8,0,TREE,A_flag_ceiling
all_reduce_perf,3,24,4096,1024,float,sum,119.84,0.03,0.07,0,114.29,0.04,0.07,0,TREE,SIMPLE,16,TREE,SIMPLE,16,0,TREE,A_flag_ceiling
all_reduce_perf,3,24,8192,2048,float,sum,117.67,0.07,0.13,0,117.36,0.07,0.13,0,TREE,SIMPLE,16,TREE,SIMPLE,16,0,TREE,A_flag_ceiling
all_reduce_perf,3,24,16384,4096,float,sum,118.7,0.14,0.26,0,116.82,0.14,0.27,0,TREE,SIMPLE,16,TREE,SIMPLE,16,0,TREE,A_flag_ceiling
all_reduce_perf,3,24,32768,8192,float,sum,118.61,0.28,0.53,0,117.56,0.28,0.53,0,TREE,SIMPLE,16,TREE,SIMPLE,16,0,TREE,A_flag_ceiling
all_reduce_perf,3,24,65536,16384,float,sum,128.69,0.51,0.98,0,117.34,0.56,1.07,0,TREE,SIMPLE,16,TREE,SIMPLE,16,0,TREE,A_flag_ceiling
all_reduce_perf,3,24,131072,32768,float,sum,121.04,1.08,2.08,0,120.34,1.09,2.09,0,TREE,SIMPLE,16,TREE,SIMPLE,16,0,TREE,A_flag_ceiling
all_reduce_perf,3,24,262144,65536,float,sum,129.83,2.02,3.87,0,126.76,2.07,3.96,0,TREE,SIMPLE,16,TREE,SIMPLE,16,0,TREE,A_flag_ceiling
all_reduce_perf,3,24,524288,131072,float,sum,153.3,3.42,6.56,0,150.1,3.49,6.69,0,TREE,SIMPLE,16,TREE,SIMPLE,16,0,TREE,A_flag_ceiling
all_reduce_perf,3,24,1048576,262144,float,sum,165.07,6.35,12.18,0,162.53,6.45,12.37,0,TREE,SIMPLE,16,TREE,SIMPLE,16,0,TREE,A_flag_ceiling
all_reduce_perf,3,24,2097152,524288,float,sum,194.79,10.77,20.64,0,185.08,11.33,21.72,0,TREE,SIMPLE,16,TREE,SIMPLE,16,0,TREE,A_flag_ceiling
all_reduce_perf,3,24,4194304,1048576,float,sum,237.64,17.65,33.83,0,229.62,18.27,35.01,0,TREE,SIMPLE,16,TREE,SIMPLE,16,0,TREE,A_flag_ceiling
all_reduce_perf,3,24,8388608,2097152,float,sum,320.79,26.15,50.12,0,309.85,27.07,51.89,0,TREE,SIMPLE,16,TREE,SIMPLE,16,0,TREE,A_flag_ceiling
all_reduce_perf,3,24,16777216,4194304,float,sum,460.38,36.44,69.85,0,450.25,37.26,71.42,0,TREE,SIMPLE,16,TREE,SIMPLE,16,0,TREE,A_flag_ceiling
all_reduce_perf,3,24,33554432,8388608,float,sum,738.37,45.44,87.1,0,725.09,46.28,88.7,0,TREE,SIMPLE,16,TREE,SIMPLE,16,0,TREE,A_flag_ceiling
all_reduce_perf,3,24,67108864,16777216,float,sum,1180.01,56.87,109.0,0,1172.75,57.22,109.68,0,TREE,SIMPLE,16,TREE,SIMPLE,16,0,TREE,A_flag_ceiling
all_reduce_perf,3,24,134217728,33554432,float,sum,2092.71,64.14,122.93,0,2088.08,64.28,123.2,0,TREE,SIMPLE,16,TREE,SIMPLE,16,0,TREE,A_flag_ceiling
all_reduce_perf,3,24,268435456,67108864,float,sum,3733.22,71.9,137.82,0,3728.38,72.0,138.0,0,TREE,SIMPLE,16,TREE,SIMPLE,16,0,TREE,A_flag_ceiling
all_reduce_perf,3,24,536870912,134217728,float,sum,6944.56,77.31,148.17,0,6916.84,77.62,148.77,0,TREE,SIMPLE,16,TREE,SIMPLE,16,0,TREE,A_flag_ceiling
all_reduce_perf,3,24,4096,1024,float,sum,74.71,0.05,0.11,0,71.32,0.06,0.11,0,TREE,LL,16,TREE,LL,16,0,TREE,A_flag_ceiling
all_reduce_perf,3,24,8192,2048,float,sum,72.65,0.11,0.22,0,72.81,0.11,0.22,0,TREE,LL,16,TREE,LL,16,0,TREE,A_flag_ceiling
all_reduce_perf,3,24,16384,4096,float,sum,73.58,0.22,0.43,0,72.77,0.23,0.43,0,TREE,LL,16,TREE,LL,16,0,TREE,A_flag_ceiling
all_reduce_perf,3,24,32768,8192,float,sum,145.9,0.22,0.43,0,131.05,0.25,0.48,0,TREE,LL,16,TREE,LL,16,0,TREE,A_flag_ceiling
all_reduce_perf,3,24,65536,16384,float,sum,84.75,0.77,1.48,0,84.77,0.77,1.48,0,TREE,LL,16,TREE,LL,16,0,TREE,A_flag_ceiling
all_reduce_perf,3,24,131072,32768,float,sum,103.79,1.26,2.42,0,103.61,1.27,2.42,0,TREE,LL,16,TREE,LL,16,0,TREE,A_flag_ceiling
all_reduce_perf,3,24,262144,65536,float,sum,139.85,1.87,3.59,0,139.63,1.88,3.6,0,TREE,LL,16,TREE,LL,16,0,TREE,A_flag_ceiling
all_reduce_perf,3,24,524288,131072,float,sum,204.81,2.56,4.91,0,162.1,3.23,6.2,0,TREE,LL,16,TREE,LL,16,0,TREE,A_flag_ceiling
all_reduce_perf,3,24,1048576,262144,float,sum,242.85,4.32,8.28,0,202.77,5.17,9.91,0,TREE,LL,16,TREE,LL,16,0,TREE,A_flag_ceiling
all_reduce_perf,3,24,2097152,524288,float,sum,316.4,6.63,12.7,0,308.71,6.79,13.02,0,TREE,LL,16,TREE,LL,16,0,TREE,A_flag_ceiling
all_reduce_perf,3,24,4194304,1048576,float,sum,469.33,8.94,17.13,0,469.33,8.94,17.13,0,TREE,LL,16,TREE,LL,16,0,TREE,A_flag_ceiling
all_reduce_perf,3,24,8388608,2097152,float,sum,825.78,10.16,19.47,0,826.06,10.15,19.46,0,TREE,LL,16,TREE,LL,16,0,TREE,A_flag_ceiling
all_reduce_perf,3,24,16777216,4194304,float,sum,1551.75,10.81,20.72,0,1538.79,10.9,20.9,0,TREE,LL,16,TREE,LL,16,0,TREE,A_flag_ceiling
all_reduce_perf,3,24,33554432,8388608,float,sum,2968.96,11.3,21.66,0,2964.51,11.32,21.69,0,TREE,LL,16,TREE,LL,16,0,TREE,A_flag_ceiling
all_reduce_perf,3,24,67108864,16777216,float,sum,5831.82,11.51,22.06,0,5816.84,11.54,22.11,0,TREE,LL,16,TREE,LL,16,0,TREE,A_flag_ceiling
all_reduce_perf,3,24,134217728,33554432,float,sum,11543.8,11.63,22.28,0,11536.9,11.63,22.3,0,TREE,LL,16,TREE,LL,16,0,TREE,A_flag_ceiling
all_reduce_perf,3,24,268435456,67108864,float,sum,22980.0,11.68,22.39,0,22979.9,11.68,22.39,0,TREE,LL,16,TREE,LL,16,0,TREE,A_flag_ceiling
all_reduce_perf,3,24,536870912,134217728,float,sum,45762.3,11.73,22.49,0,45734.2,11.74,22.5,0,TREE,LL,16,TREE,LL,16,0,TREE,A_flag_ceiling
all_reduce_perf,3,24,4096,1024,float,sum,83.25,0.05,0.09,0,79.96,0.05,0.1,0,TREE,LL128,16,TREE,LL128,16,0,TREE,A_flag_ceiling
all_reduce_perf,3,24,8192,2048,float,sum,83.82,0.1,0.19,0,83.85,0.1,0.19,0,TREE,LL128,16,TREE,LL128,16,0,TREE,A_flag_ceiling
all_reduce_perf,3,24,16384,4096,float,sum,84.4,0.19,0.37,0,83.9,0.2,0.37,0,TREE,LL128,16,TREE,LL128,16,0,TREE,A_flag_ceiling
all_reduce_perf,3,24,32768,8192,float,sum,85.01,0.39,0.74,0,84.0,0.39,0.75,0,TREE,LL128,16,TREE,LL128,16,0,TREE,A_flag_ceiling
all_reduce_perf,3,24,65536,16384,float,sum,85.06,0.77,1.48,0,83.93,0.78,1.5,0,TREE,LL128,16,TREE,LL128,16,0,TREE,A_flag_ceiling
all_reduce_perf,3,24,131072,32768,float,sum,86.81,1.51,2.89,0,87.07,1.51,2.89,0,TREE,LL128,16,TREE,LL128,16,0,TREE,A_flag_ceiling
all_reduce_perf,3,24,262144,65536,float,sum,92.76,2.83,5.42,0,93.15,2.81,5.39,0,TREE,LL128,16,TREE,LL128,16,0,TREE,A_flag_ceiling
all_reduce_perf,3,24,524288,131072,float,sum,102.27,5.13,9.83,0,102.08,5.14,9.84,0,TREE,LL128,16,TREE,LL128,16,0,TREE,A_flag_ceiling
all_reduce_perf,3,24,1048576,262144,float,sum,110.08,9.53,18.26,0,110.68,9.47,18.16,0,TREE,LL128,16,TREE,LL128,16,0,TREE,A_flag_ceiling
all_reduce_perf,3,24,2097152,524288,float,sum,126.61,16.56,31.75,0,124.66,16.82,32.24,0,TREE,LL128,16,TREE,LL128,16,0,TREE,A_flag_ceiling
all_reduce_perf,3,24,4194304,1048576,float,sum,164.98,25.42,48.73,0,162.96,25.74,49.33,0,TREE,LL128,16,TREE,LL128,16,0,TREE,A_flag_ceiling
all_reduce_perf,3,24,8388608,2097152,float,sum,236.21,35.51,68.07,0,231.76,36.2,69.38,0,TREE,LL128,16,TREE,LL128,16,0,TREE,A_flag_ceiling
all_reduce_perf,3,24,16777216,4194304,float,sum,387.66,43.28,82.95,0,387.96,43.24,82.89,0,TREE,LL128,16,TREE,LL128,16,0,TREE,A_flag_ceiling
all_reduce_perf,3,24,33554432,8388608,float,sum,657.61,51.02,97.8,0,658.37,50.97,97.68,0,TREE,LL128,16,TREE,LL128,16,0,TREE,A_flag_ceiling
all_reduce_perf,3,24,67108864,16777216,float,sum,1204.44,55.72,106.79,0,1203.28,55.77,106.9,0,TREE,LL128,16,TREE,LL128,16,0,TREE,A_flag_ceiling
all_reduce_perf,3,24,134217728,33554432,float,sum,2297.09,58.43,111.99,0,2300.49,58.34,111.82,0,TREE,LL128,16,TREE,LL128,16,0,TREE,A_flag_ceiling
all_reduce_perf,3,24,268435456,67108864,float,sum,4492.66,59.75,114.52,0,4492.86,59.75,114.52,0,TREE,LL128,16,TREE,LL128,16,0,TREE,A_flag_ceiling
all_reduce_perf,3,24,536870912,134217728,float,sum,8799.91,61.01,116.93,0,8831.1,60.79,116.52,0,TREE,LL128,16,TREE,LL128,16,0,TREE,A_flag_ceiling
all_reduce_perf,3,24,4096,1024,float,sum,117.52,0.03,0.07,0,113.16,0.04,0.07,0,TREE,SIMPLE,24,TREE,SIMPLE,24,0,TREE,A_flag_ceiling
all_reduce_perf,3,24,8192,2048,float,sum,117.72,0.07,0.13,0,116.18,0.07,0.14,0,TREE,SIMPLE,24,TREE,SIMPLE,24,0,TREE,A_flag_ceiling
all_reduce_perf,3,24,16384,4096,float,sum,118.78,0.14,0.26,0,116.54,0.14,0.27,0,TREE,SIMPLE,24,TREE,SIMPLE,24,0,TREE,A_flag_ceiling
all_reduce_perf,3,24,32768,8192,float,sum,118.82,0.28,0.53,0,116.36,0.28,0.54,0,TREE,SIMPLE,24,TREE,SIMPLE,24,0,TREE,A_flag_ceiling
all_reduce_perf,3,24,65536,16384,float,sum,120.09,0.55,1.05,0,116.18,0.56,1.08,0,TREE,SIMPLE,24,TREE,SIMPLE,24,0,TREE,A_flag_ceiling
all_reduce_perf,3,24,131072,32768,float,sum,121.39,1.08,2.07,0,119.63,1.1,2.1,0,TREE,SIMPLE,24,TREE,SIMPLE,24,0,TREE,A_flag_ceiling
all_reduce_perf,3,24,262144,65536,float,sum,132.8,1.97,3.78,0,127.79,2.05,3.93,0,TREE,SIMPLE,24,TREE,SIMPLE,24,0,TREE,A_flag_ceiling
all_reduce_perf,3,24,524288,131072,float,sum,145.5,3.6,6.91,0,144.12,3.64,6.97,0,TREE,SIMPLE,24,TREE,SIMPLE,24,0,TREE,A_flag_ceiling
all_reduce_perf,3,24,1048576,262144,float,sum,165.12,6.35,12.17,0,161.63,6.49,12.43,0,TREE,SIMPLE,24,TREE,SIMPLE,24,0,TREE,A_flag_ceiling
all_reduce_perf,3,24,2097152,524288,float,sum,180.81,11.6,22.23,0,176.79,11.86,22.74,0,TREE,SIMPLE,24,TREE,SIMPLE,24,0,TREE,A_flag_ceiling
all_reduce_perf,3,24,4194304,1048576,float,sum,215.48,19.46,37.31,0,211.0,19.88,38.1,0,TREE,SIMPLE,24,TREE,SIMPLE,24,0,TREE,A_flag_ceiling
all_reduce_perf,3,24,8388608,2097152,float,sum,279.39,30.02,57.55,0,270.37,31.03,59.47,0,TREE,SIMPLE,24,TREE,SIMPLE,24,0,TREE,A_flag_ceiling
all_reduce_perf,3,24,16777216,4194304,float,sum,378.98,44.27,84.85,0,369.5,45.41,87.03,0,TREE,SIMPLE,24,TREE,SIMPLE,24,0,TREE,A_flag_ceiling
all_reduce_perf,3,24,33554432,8388608,float,sum,566.19,59.26,113.59,0,558.14,60.12,115.23,0,TREE,SIMPLE,24,TREE,SIMPLE,24,0,TREE,A_flag_ceiling
all_reduce_perf,3,24,67108864,16777216,float,sum,932.74,71.95,137.9,0,930.73,72.1,138.2,0,TREE,SIMPLE,24,TREE,SIMPLE,24,0,TREE,A_flag_ceiling
all_reduce_perf,3,24,134217728,33554432,float,sum,1514.87,88.6,169.82,0,1517.7,88.44,169.5,0,TREE,SIMPLE,24,TREE,SIMPLE,24,0,TREE,A_flag_ceiling
all_reduce_perf,3,24,268435456,67108864,float,sum,2770.33,96.9,185.72,0,2779.56,96.57,185.1,0,TREE,SIMPLE,24,TREE,SIMPLE,24,0,TREE,A_flag_ceiling
all_reduce_perf,3,24,536870912,134217728,float,sum,4932.6,108.84,208.61,0,4935.7,108.77,208.48,0,TREE,SIMPLE,24,TREE,SIMPLE,24,0,TREE,A_flag_ceiling
all_reduce_perf,3,24,4096,1024,float,sum,72.51,0.06,0.11,0,72.74,0.06,0.11,0,TREE,LL,24,TREE,LL,24,0,TREE,A_flag_ceiling
all_reduce_perf,3,24,8192,2048,float,sum,72.85,0.11,0.22,0,72.18,0.11,0.22,0,TREE,LL,24,TREE,LL,24,0,TREE,A_flag_ceiling
all_reduce_perf,3,24,16384,4096,float,sum,73.01,0.22,0.43,0,72.69,0.23,0.43,0,TREE,LL,24,TREE,LL,24,0,TREE,A_flag_ceiling
all_reduce_perf,3,24,32768,8192,float,sum,75.85,0.43,0.83,0,76.42,0.43,0.82,0,TREE,LL,24,TREE,LL,24,0,TREE,A_flag_ceiling
all_reduce_perf,3,24,65536,16384,float,sum,85.16,0.77,1.47,0,84.51,0.78,1.49,0,TREE,LL,24,TREE,LL,24,0,TREE,A_flag_ceiling
all_reduce_perf,3,24,131072,32768,float,sum,97.68,1.34,2.57,0,97.27,1.35,2.58,0,TREE,LL,24,TREE,LL,24,0,TREE,A_flag_ceiling
all_reduce_perf,3,24,262144,65536,float,sum,124.76,2.1,4.03,0,125.01,2.1,4.02,0,TREE,LL,24,TREE,LL,24,0,TREE,A_flag_ceiling
all_reduce_perf,3,24,524288,131072,float,sum,152.46,3.44,6.59,0,151.3,3.47,6.64,0,TREE,LL,24,TREE,LL,24,0,TREE,A_flag_ceiling
all_reduce_perf,3,24,1048576,262144,float,sum,181.2,5.79,11.09,0,180.15,5.82,11.16,0,TREE,LL,24,TREE,LL,24,0,TREE,A_flag_ceiling
all_reduce_perf,3,24,2097152,524288,float,sum,236.67,8.86,16.98,0,237.58,8.83,16.92,0,TREE,LL,24,TREE,LL,24,0,TREE,A_flag_ceiling
all_reduce_perf,3,24,4194304,1048576,float,sum,358.04,11.71,22.45,0,357.84,11.72,22.47,0,TREE,LL,24,TREE,LL,24,0,TREE,A_flag_ceiling
all_reduce_perf,3,24,8388608,2097152,float,sum,597.41,14.04,26.91,0,596.46,14.06,26.96,0,TREE,LL,24,TREE,LL,24,0,TREE,A_flag_ceiling
all_reduce_perf,3,24,16777216,4194304,float,sum,1080.12,15.53,29.77,0,1074.88,15.61,29.92,0,TREE,LL,24,TREE,LL,24,0,TREE,A_flag_ceiling
all_reduce_perf,3,24,33554432,8388608,float,sum,2036.79,16.47,31.58,0,2032.45,16.51,31.64,0,TREE,LL,24,TREE,LL,24,0,TREE,A_flag_ceiling
all_reduce_perf,3,24,67108864,16777216,float,sum,3963.14,16.93,32.46,0,3945.44,17.01,32.6,0,TREE,LL,24,TREE,LL,24,0,TREE,A_flag_ceiling
all_reduce_perf,3,24,134217728,33554432,float,sum,7802.87,17.2,32.97,0,7772.19,17.27,33.1,0,TREE,LL,24,TREE,LL,24,0,TREE,A_flag_ceiling
all_reduce_perf,3,24,268435456,67108864,float,sum,15485.4,17.33,33.23,0,15467.9,17.35,33.26,0,TREE,LL,24,TREE,LL,24,0,TREE,A_flag_ceiling
all_reduce_perf,3,24,536870912,134217728,float,sum,30826.7,17.42,33.38,0,30725.8,17.47,33.49,0,TREE,LL,24,TREE,LL,24,0,TREE,A_flag_ceiling
all_reduce_perf,3,24,4096,1024,float,sum,83.87,0.05,0.09,0,80.16,0.05,0.1,0,TREE,LL128,24,TREE,LL128,24,0,TREE,A_flag_ceiling
all_reduce_perf,3,24,8192,2048,float,sum,83.06,0.1,0.19,0,82.78,0.1,0.19,0,TREE,LL128,24,TREE,LL128,24,0,TREE,A_flag_ceiling
all_reduce_perf,3,24,16384,4096,float,sum,84.09,0.19,0.37,0,109.71,0.15,0.29,0,TREE,LL128,24,TREE,LL128,24,0,TREE,A_flag_ceiling
all_reduce_perf,3,24,32768,8192,float,sum,84.9,0.39,0.74,0,87.55,0.37,0.72,0,TREE,LL128,24,TREE,LL128,24,0,TREE,A_flag_ceiling
all_reduce_perf,3,24,65536,16384,float,sum,84.91,0.77,1.48,0,85.2,0.77,1.47,0,TREE,LL128,24,TREE,LL128,24,0,TREE,A_flag_ceiling
all_reduce_perf,3,24,131072,32768,float,sum,87.21,1.5,2.88,0,87.4,1.5,2.87,0,TREE,LL128,24,TREE,LL128,24,0,TREE,A_flag_ceiling
all_reduce_perf,3,24,262144,65536,float,sum,123.22,2.13,4.08,0,92.72,2.83,5.42,0,TREE,LL128,24,TREE,LL128,24,0,TREE,A_flag_ceiling
all_reduce_perf,3,24,524288,131072,float,sum,101.28,5.18,9.92,0,134.38,3.9,7.48,0,TREE,LL128,24,TREE,LL128,24,0,TREE,A_flag_ceiling
all_reduce_perf,3,24,1048576,262144,float,sum,108.47,9.67,18.53,0,110.97,9.45,18.11,0,TREE,LL128,24,TREE,LL128,24,0,TREE,A_flag_ceiling
all_reduce_perf,3,24,2097152,524288,float,sum,120.06,17.47,33.48,0,119.46,17.56,33.65,0,TREE,LL128,24,TREE,LL128,24,0,TREE,A_flag_ceiling
all_reduce_perf,3,24,4194304,1048576,float,sum,144.45,29.04,55.65,0,142.4,29.45,56.45,0,TREE,LL128,24,TREE,LL128,24,0,TREE,A_flag_ceiling
all_reduce_perf,3,24,8388608,2097152,float,sum,195.17,42.98,82.38,0,191.53,43.8,83.94,0,TREE,LL128,24,TREE,LL128,24,0,TREE,A_flag_ceiling
all_reduce_perf,3,24,16777216,4194304,float,sum,308.75,54.34,104.15,0,306.65,54.71,104.86,0,TREE,LL128,24,TREE,LL128,24,0,TREE,A_flag_ceiling
all_reduce_perf,3,24,33554432,8388608,float,sum,492.39,68.15,130.61,0,488.9,68.63,131.55,0,TREE,LL128,24,TREE,LL128,24,0,TREE,A_flag_ceiling
all_reduce_perf,3,24,67108864,16777216,float,sum,871.64,76.99,147.57,0,871.16,77.03,147.65,0,TREE,LL128,24,TREE,LL128,24,0,TREE,A_flag_ceiling
all_reduce_perf,3,24,134217728,33554432,float,sum,1639.79,81.85,156.88,0,1626.99,82.49,158.11,0,TREE,LL128,24,TREE,LL128,24,0,TREE,A_flag_ceiling
all_reduce_perf,3,24,268435456,67108864,float,sum,3158.75,84.98,162.88,0,3148.51,85.26,163.41,0,TREE,LL128,24,TREE,LL128,24,0,TREE,A_flag_ceiling
all_reduce_perf,3,24,536870912,134217728,float,sum,6198.2,86.62,166.02,0,6176.55,86.92,166.6,0,TREE,LL128,24,TREE,LL128,24,0,TREE,A_flag_ceiling
all_reduce_perf,3,24,4096,1024,float,sum,115.05,0.04,0.07,0,113.53,0.04,0.07,0,TREE,SIMPLE,32,TREE,SIMPLE,32,0,TREE,A_flag_ceiling
all_reduce_perf,3,24,8192,2048,float,sum,117.25,0.07,0.13,0,116.73,0.07,0.13,0,TREE,SIMPLE,32,TREE,SIMPLE,32,0,TREE,A_flag_ceiling
all_reduce_perf,3,24,16384,4096,float,sum,122.47,0.13,0.26,0,116.06,0.14,0.27,0,TREE,SIMPLE,32,TREE,SIMPLE,32,0,TREE,A_flag_ceiling
all_reduce_perf,3,24,32768,8192,float,sum,118.36,0.28,0.53,0,115.74,0.28,0.54,0,TREE,SIMPLE,32,TREE,SIMPLE,32,0,TREE,A_flag_ceiling
all_reduce_perf,3,24,65536,16384,float,sum,119.51,0.55,1.05,0,117.87,0.56,1.07,0,TREE,SIMPLE,32,TREE,SIMPLE,32,0,TREE,A_flag_ceiling
all_reduce_perf,3,24,131072,32768,float,sum,121.34,1.08,2.07,0,119.54,1.1,2.1,0,TREE,SIMPLE,32,TREE,SIMPLE,32,0,TREE,A_flag_ceiling
all_reduce_perf,3,24,262144,65536,float,sum,126.89,2.07,3.96,0,124.92,2.1,4.02,0,TREE,SIMPLE,32,TREE,SIMPLE,32,0,TREE,A_flag_ceiling
all_reduce_perf,3,24,524288,131072,float,sum,136.58,3.84,7.36,0,134.03,3.91,7.5,0,TREE,SIMPLE,32,TREE,SIMPLE,32,0,TREE,A_flag_ceiling
all_reduce_perf,3,24,1048576,262144,float,sum,160.85,6.52,12.49,0,158.4,6.62,12.69,0,TREE,SIMPLE,32,TREE,SIMPLE,32,0,TREE,A_flag_ceiling
all_reduce_perf,3,24,2097152,524288,float,sum,176.48,11.88,22.78,0,172.78,12.14,23.26,0,TREE,SIMPLE,32,TREE,SIMPLE,32,0,TREE,A_flag_ceiling
all_reduce_perf,3,24,4194304,1048576,float,sum,205.01,20.46,39.21,0,199.19,21.06,40.36,0,TREE,SIMPLE,32,TREE,SIMPLE,32,0,TREE,A_flag_ceiling
all_reduce_perf,3,24,8388608,2097152,float,sum,255.52,32.83,62.92,0,248.79,33.72,64.63,0,TREE,SIMPLE,32,TREE,SIMPLE,32,0,TREE,A_flag_ceiling
all_reduce_perf,3,24,16777216,4194304,float,sum,342.08,49.04,94.0,0,336.12,49.91,95.67,0,TREE,SIMPLE,32,TREE,SIMPLE,32,0,TREE,A_flag_ceiling
all_reduce_perf,3,24,33554432,8388608,float,sum,485.17,69.16,132.56,0,481.33,69.71,133.62,0,TREE,SIMPLE,32,TREE,SIMPLE,32,0,TREE,A_flag_ceiling
all_reduce_perf,3,24,67108864,16777216,float,sum,766.94,87.5,167.71,0,764.22,87.81,168.31,0,TREE,SIMPLE,32,TREE,SIMPLE,32,0,TREE,A_flag_ceiling
all_reduce_perf,3,24,134217728,33554432,float,sum,1241.27,108.13,207.25,0,1238.62,108.36,207.69,0,TREE,SIMPLE,32,TREE,SIMPLE,32,0,TREE,A_flag_ceiling
all_reduce_perf,3,24,268435456,67108864,float,sum,2196.07,122.23,234.28,0,2196.66,122.2,234.22,0,TREE,SIMPLE,32,TREE,SIMPLE,32,0,TREE,A_flag_ceiling
all_reduce_perf,3,24,536870912,134217728,float,sum,3928.4,136.66,261.94,0,3915.8,137.1,262.78,0,TREE,SIMPLE,32,TREE,SIMPLE,32,0,TREE,A_flag_ceiling
all_reduce_perf,3,24,4096,1024,float,sum,74.59,0.05,0.11,0,71.63,0.06,0.11,0,TREE,LL,32,TREE,LL,32,0,TREE,A_flag_ceiling
all_reduce_perf,3,24,8192,2048,float,sum,73.07,0.11,0.21,0,76.39,0.11,0.21,0,TREE,LL,32,TREE,LL,32,0,TREE,A_flag_ceiling
all_reduce_perf,3,24,16384,4096,float,sum,73.57,0.22,0.43,0,73.2,0.22,0.43,0,TREE,LL,32,TREE,LL,32,0,TREE,A_flag_ceiling
all_reduce_perf,3,24,32768,8192,float,sum,76.45,0.43,0.82,0,75.55,0.43,0.83,0,TREE,LL,32,TREE,LL,32,0,TREE,A_flag_ceiling
all_reduce_perf,3,24,65536,16384,float,sum,81.04,0.81,1.55,0,79.64,0.82,1.58,0,TREE,LL,32,TREE,LL,32,0,TREE,A_flag_ceiling
all_reduce_perf,3,24,131072,32768,float,sum,90.18,1.45,2.79,0,92.13,1.42,2.73,0,TREE,LL,32,TREE,LL,32,0,TREE,A_flag_ceiling
all_reduce_perf,3,24,262144,65536,float,sum,110.38,2.37,4.55,0,111.4,2.35,4.51,0,TREE,LL,32,TREE,LL,32,0,TREE,A_flag_ceiling
all_reduce_perf,3,24,524288,131072,float,sum,148.79,3.52,6.75,0,149.72,3.5,6.71,0,TREE,LL,32,TREE,LL,32,0,TREE,A_flag_ceiling
all_reduce_perf,3,24,1048576,262144,float,sum,171.32,6.12,11.73,0,172.22,6.09,11.67,0,TREE,LL,32,TREE,LL,32,0,TREE,A_flag_ceiling
all_reduce_perf,3,24,2097152,524288,float,sum,216.61,9.68,18.56,0,215.44,9.73,18.66,0,TREE,LL,32,TREE,LL,32,0,TREE,A_flag_ceiling
all_reduce_perf,3,24,4194304,1048576,float,sum,305.4,13.73,26.32,0,305.06,13.75,26.35,0,TREE,LL,32,TREE,LL,32,0,TREE,A_flag_ceiling
all_reduce_perf,3,24,8388608,2097152,float,sum,530.36,15.82,30.32,0,527.21,15.91,30.5,0,TREE,LL,32,TREE,LL,32,0,TREE,A_flag_ceiling
all_reduce_perf,3,24,16777216,4194304,float,sum,943.19,17.79,34.09,0,941.79,17.81,34.14,0,TREE,LL,32,TREE,LL,32,0,TREE,A_flag_ceiling
all_reduce_perf,3,24,33554432,8388608,float,sum,1779.17,18.86,36.15,0,1783.44,18.81,36.06,0,TREE,LL,32,TREE,LL,32,0,TREE,A_flag_ceiling
all_reduce_perf,3,24,67108864,16777216,float,sum,3456.47,19.42,37.21,0,3454.9,19.42,37.23,0,TREE,LL,32,TREE,LL,32,0,TREE,A_flag_ceiling
all_reduce_perf,3,24,134217728,33554432,float,sum,6812.96,19.7,37.76,0,6786.96,19.78,37.9,0,TREE,LL,32,TREE,LL,32,0,TREE,A_flag_ceiling
all_reduce_perf,3,24,268435456,67108864,float,sum,13506.5,19.87,38.09,0,13496.7,19.89,38.12,0,TREE,LL,32,TREE,LL,32,0,TREE,A_flag_ceiling
all_reduce_perf,3,24,536870912,134217728,float,sum,26718.0,20.09,38.51,0,26776.5,20.05,38.43,0,TREE,LL,32,TREE,LL,32,0,TREE,A_flag_ceiling
all_reduce_perf,3,24,4096,1024,float,sum,80.21,0.05,0.1,0,80.01,0.05,0.1,0,TREE,LL128,32,TREE,LL128,32,0,TREE,A_flag_ceiling
all_reduce_perf,3,24,8192,2048,float,sum,83.2,0.1,0.19,0,82.85,0.1,0.19,0,TREE,LL128,32,TREE,LL128,32,0,TREE,A_flag_ceiling
all_reduce_perf,3,24,16384,4096,float,sum,83.93,0.2,0.37,0,83.67,0.2,0.38,0,TREE,LL128,32,TREE,LL128,32,0,TREE,A_flag_ceiling
all_reduce_perf,3,24,32768,8192,float,sum,85.98,0.38,0.73,0,84.91,0.39,0.74,0,TREE,LL128,32,TREE,LL128,32,0,TREE,A_flag_ceiling
all_reduce_perf,3,24,65536,16384,float,sum,85.46,0.77,1.47,0,85.86,0.76,1.46,0,TREE,LL128,32,TREE,LL128,32,0,TREE,A_flag_ceiling
all_reduce_perf,3,24,131072,32768,float,sum,89.62,1.46,2.8,0,87.15,1.5,2.88,0,TREE,LL128,32,TREE,LL128,32,0,TREE,A_flag_ceiling
all_reduce_perf,3,24,262144,65536,float,sum,93.18,2.81,5.39,0,91.98,2.85,5.46,0,TREE,LL128,32,TREE,LL128,32,0,TREE,A_flag_ceiling
all_reduce_perf,3,24,524288,131072,float,sum,99.0,5.3,10.15,0,97.89,5.36,10.27,0,TREE,LL128,32,TREE,LL128,32,0,TREE,A_flag_ceiling
all_reduce_perf,3,24,1048576,262144,float,sum,108.88,9.63,18.46,0,108.79,9.64,18.47,0,TREE,LL128,32,TREE,LL128,32,0,TREE,A_flag_ceiling
all_reduce_perf,3,24,2097152,524288,float,sum,118.03,17.77,34.06,0,117.82,17.8,34.11,0,TREE,LL128,32,TREE,LL128,32,0,TREE,A_flag_ceiling
all_reduce_perf,3,24,4194304,1048576,float,sum,135.17,31.03,59.47,0,134.93,31.09,59.58,0,TREE,LL128,32,TREE,LL128,32,0,TREE,A_flag_ceiling
all_reduce_perf,3,24,8388608,2097152,float,sum,195.57,42.89,82.21,0,193.86,43.27,82.94,0,TREE,LL128,32,TREE,LL128,32,0,TREE,A_flag_ceiling
all_reduce_perf,3,24,16777216,4194304,float,sum,253.03,66.31,127.09,0,250.37,67.01,128.44,0,TREE,LL128,32,TREE,LL128,32,0,TREE,A_flag_ceiling
all_reduce_perf,3,24,33554432,8388608,float,sum,447.56,74.97,143.69,0,419.0,80.08,153.49,0,TREE,LL128,32,TREE,LL128,32,0,TREE,A_flag_ceiling
all_reduce_perf,3,24,67108864,16777216,float,sum,714.57,93.91,180.0,0,715.98,93.73,179.65,0,TREE,LL128,32,TREE,LL128,32,0,TREE,A_flag_ceiling
all_reduce_perf,3,24,134217728,33554432,float,sum,1332.59,100.72,193.05,0,1319.2,101.74,195.0,0,TREE,LL128,32,TREE,LL128,32,0,TREE,A_flag_ceiling
all_reduce_perf,3,24,268435456,67108864,float,sum,2533.39,105.96,203.09,0,2530.73,106.07,203.3,0,TREE,LL128,32,TREE,LL128,32,0,TREE,A_flag_ceiling
all_reduce_perf,3,24,536870912,134217728,float,sum,4911.73,109.3,209.5,0,5022.59,106.89,204.87,0,TREE,LL128,32,TREE,LL128,32,0,TREE,A_flag_ceiling
all_reduce_perf,3,24,4096,1024,float,sum,115.63,0.04,0.07,0,112.8,0.04,0.07,0,TREE,SIMPLE,40,TREE,SIMPLE,40,0,TREE,A_flag_ceiling
all_reduce_perf,3,24,8192,2048,float,sum,116.9,0.07,0.13,0,115.1,0.07,0.14,0,TREE,SIMPLE,40,TREE,SIMPLE,40,0,TREE,A_flag_ceiling
all_reduce_perf,3,24,16384,4096,float,sum,118.3,0.14,0.27,0,116.31,0.14,0.27,0,TREE,SIMPLE,40,TREE,SIMPLE,40,0,TREE,A_flag_ceiling
all_reduce_perf,3,24,32768,8192,float,sum,118.16,0.28,0.53,0,116.24,0.28,0.54,0,TREE,SIMPLE,40,TREE,SIMPLE,40,0,TREE,A_flag_ceiling
all_reduce_perf,3,24,65536,16384,float,sum,118.82,0.55,1.06,0,116.39,0.56,1.08,0,TREE,SIMPLE,40,TREE,SIMPLE,40,0,TREE,A_flag_ceiling
all_reduce_perf,3,24,131072,32768,float,sum,127.38,1.03,1.97,0,120.19,1.09,2.09,0,TREE,SIMPLE,40,TREE,SIMPLE,40,0,TREE,A_flag_ceiling
all_reduce_perf,3,24,262144,65536,float,sum,125.72,2.09,4.0,0,125.47,2.09,4.0,0,TREE,SIMPLE,40,TREE,SIMPLE,40,0,TREE,A_flag_ceiling
all_reduce_perf,3,24,524288,131072,float,sum,135.79,3.86,7.4,0,133.38,3.93,7.53,0,TREE,SIMPLE,40,TREE,SIMPLE,40,0,TREE,A_flag_ceiling
all_reduce_perf,3,24,1048576,262144,float,sum,161.01,6.51,12.48,0,158.07,6.63,12.71,0,TREE,SIMPLE,40,TREE,SIMPLE,40,0,TREE,A_flag_ceiling
all_reduce_perf,3,24,2097152,524288,float,sum,177.29,11.83,22.67,0,171.67,12.22,23.41,0,TREE,SIMPLE,40,TREE,SIMPLE,40,0,TREE,A_flag_ceiling
all_reduce_perf,3,24,4194304,1048576,float,sum,204.52,20.51,39.31,0,199.1,21.07,40.38,0,TREE,SIMPLE,40,TREE,SIMPLE,40,0,TREE,A_flag_ceiling
all_reduce_perf,3,24,8388608,2097152,float,sum,246.1,34.09,65.33,0,237.86,35.27,67.6,0,TREE,SIMPLE,40,TREE,SIMPLE,40,0,TREE,A_flag_ceiling
all_reduce_perf,3,24,16777216,4194304,float,sum,344.04,48.77,93.47,0,339.1,49.48,94.83,0,TREE,SIMPLE,40,TREE,SIMPLE,40,0,TREE,A_flag_ceiling
all_reduce_perf,3,24,33554432,8388608,float,sum,445.98,75.24,144.2,0,442.28,75.87,145.41,0,TREE,SIMPLE,40,TREE,SIMPLE,40,0,TREE,A_flag_ceiling
all_reduce_perf,3,24,67108864,16777216,float,sum,681.58,98.46,188.72,0,679.03,98.83,189.43,0,TREE,SIMPLE,40,TREE,SIMPLE,40,0,TREE,A_flag_ceiling
all_reduce_perf,3,24,134217728,33554432,float,sum,1153.11,116.4,223.09,0,1149.7,116.74,223.75,0,TREE,SIMPLE,40,TREE,SIMPLE,40,0,TREE,A_flag_ceiling
all_reduce_perf,3,24,268435456,67108864,float,sum,1917.61,139.98,268.3,0,1914.61,140.2,268.72,0,TREE,SIMPLE,40,TREE,SIMPLE,40,0,TREE,A_flag_ceiling
all_reduce_perf,3,24,536870912,134217728,float,sum,3533.44,151.94,291.22,0,3515.35,152.72,292.72,0,TREE,SIMPLE,40,TREE,SIMPLE,40,0,TREE,A_flag_ceiling
all_reduce_perf,3,24,4096,1024,float,sum,73.16,0.06,0.11,0,73.25,0.06,0.11,0,TREE,LL,40,TREE,LL,40,0,TREE,A_flag_ceiling
all_reduce_perf,3,24,8192,2048,float,sum,73.33,0.11,0.21,0,73.63,0.11,0.21,0,TREE,LL,40,TREE,LL,40,0,TREE,A_flag_ceiling
all_reduce_perf,3,24,16384,4096,float,sum,73.95,0.22,0.42,0,73.93,0.22,0.42,0,TREE,LL,40,TREE,LL,40,0,TREE,A_flag_ceiling
all_reduce_perf,3,24,32768,8192,float,sum,76.87,0.43,0.82,0,75.26,0.44,0.83,0,TREE,LL,40,TREE,LL,40,0,TREE,A_flag_ceiling
all_reduce_perf,3,24,65536,16384,float,sum,80.17,0.82,1.57,0,79.78,0.82,1.57,0,TREE,LL,40,TREE,LL,40,0,TREE,A_flag_ceiling
all_reduce_perf,3,24,131072,32768,float,sum,89.56,1.46,2.81,0,90.45,1.45,2.78,0,TREE,LL,40,TREE,LL,40,0,TREE,A_flag_ceiling
all_reduce_perf,3,24,262144,65536,float,sum,111.47,2.35,4.51,0,111.19,2.36,4.52,0,TREE,LL,40,TREE,LL,40,0,TREE,A_flag_ceiling
all_reduce_perf,3,24,524288,131072,float,sum,143.29,3.66,7.01,0,141.68,3.7,7.09,0,TREE,LL,40,TREE,LL,40,0,TREE,A_flag_ceiling
all_reduce_perf,3,24,1048576,262144,float,sum,163.51,6.41,12.29,0,163.25,6.42,12.31,0,TREE,LL,40,TREE,LL,40,0,TREE,A_flag_ceiling
all_reduce_perf,3,24,2097152,524288,float,sum,200.04,10.48,20.09,0,201.44,10.41,19.95,0,TREE,LL,40,TREE,LL,40,0,TREE,A_flag_ceiling
all_reduce_perf,3,24,4194304,1048576,float,sum,271.78,15.43,29.58,0,272.26,15.41,29.53,0,TREE,LL,40,TREE,LL,40,0,TREE,A_flag_ceiling
all_reduce_perf,3,24,8388608,2097152,float,sum,453.77,18.49,35.43,0,450.92,18.6,35.66,0,TREE,LL,40,TREE,LL,40,0,TREE,A_flag_ceiling
all_reduce_perf,3,24,16777216,4194304,float,sum,824.19,20.36,39.02,0,819.58,20.47,39.23,0,TREE,LL,40,TREE,LL,40,0,TREE,A_flag_ceiling
all_reduce_perf,3,24,33554432,8388608,float,sum,1546.07,21.7,41.6,0,1545.97,21.7,41.6,0,TREE,LL,40,TREE,LL,40,0,TREE,A_flag_ceiling
all_reduce_perf,3,24,67108864,16777216,float,sum,2994.14,22.41,42.96,0,3014.23,22.26,42.67,0,TREE,LL,40,TREE,LL,40,0,TREE,A_flag_ceiling
all_reduce_perf,3,24,134217728,33554432,float,sum,5866.79,22.88,43.85,0,5774.35,23.24,44.55,0,TREE,LL,40,TREE,LL,40,0,TREE,A_flag_ceiling
all_reduce_perf,3,24,268435456,67108864,float,sum,11429.6,23.49,45.01,0,11436.0,23.47,44.99,0,TREE,LL,40,TREE,LL,40,0,TREE,A_flag_ceiling
all_reduce_perf,3,24,536870912,134217728,float,sum,22819.7,23.53,45.09,0,22826.1,23.52,45.08,0,TREE,LL,40,TREE,LL,40,0,TREE,A_flag_ceiling
all_reduce_perf,3,24,4096,1024,float,sum,84.76,0.05,0.09,0,80.73,0.05,0.1,0,TREE,LL128,40,TREE,LL128,40,0,TREE,A_flag_ceiling
all_reduce_perf,3,24,8192,2048,float,sum,84.32,0.1,0.19,0,83.72,0.1,0.19,0,TREE,LL128,40,TREE,LL128,40,0,TREE,A_flag_ceiling
all_reduce_perf,3,24,16384,4096,float,sum,84.09,0.19,0.37,0,83.81,0.2,0.37,0,TREE,LL128,40,TREE,LL128,40,0,TREE,A_flag_ceiling
all_reduce_perf,3,24,32768,8192,float,sum,86.13,0.38,0.73,0,85.05,0.39,0.74,0,TREE,LL128,40,TREE,LL128,40,0,TREE,A_flag_ceiling
all_reduce_perf,3,24,65536,16384,float,sum,86.02,0.76,1.46,0,85.78,0.76,1.46,0,TREE,LL128,40,TREE,LL128,40,0,TREE,A_flag_ceiling
all_reduce_perf,3,24,131072,32768,float,sum,88.22,1.49,2.85,0,87.93,1.49,2.86,0,TREE,LL128,40,TREE,LL128,40,0,TREE,A_flag_ceiling
all_reduce_perf,3,24,262144,65536,float,sum,91.57,2.86,5.49,0,91.76,2.86,5.48,0,TREE,LL128,40,TREE,LL128,40,0,TREE,A_flag_ceiling
all_reduce_perf,3,24,524288,131072,float,sum,98.31,5.33,10.22,0,98.39,5.33,10.21,0,TREE,LL128,40,TREE,LL128,40,0,TREE,A_flag_ceiling
all_reduce_perf,3,24,1048576,262144,float,sum,108.64,9.65,18.5,0,108.52,9.66,18.52,0,TREE,LL128,40,TREE,LL128,40,0,TREE,A_flag_ceiling
all_reduce_perf,3,24,2097152,524288,float,sum,118.54,17.69,33.91,0,118.49,17.7,33.92,0,TREE,LL128,40,TREE,LL128,40,0,TREE,A_flag_ceiling
all_reduce_perf,3,24,4194304,1048576,float,sum,132.05,31.76,60.88,0,131.62,31.87,61.08,0,TREE,LL128,40,TREE,LL128,40,0,TREE,A_flag_ceiling
all_reduce_perf,3,24,8388608,2097152,float,sum,181.95,46.1,88.37,0,181.14,46.31,88.76,0,TREE,LL128,40,TREE,LL128,40,0,TREE,A_flag_ceiling
all_reduce_perf,3,24,16777216,4194304,float,sum,230.29,72.85,139.63,0,228.47,73.43,140.75,0,TREE,LL128,40,TREE,LL128,40,0,TREE,A_flag_ceiling
all_reduce_perf,3,24,33554432,8388608,float,sum,375.24,89.42,171.39,0,372.56,90.06,172.62,0,TREE,LL128,40,TREE,LL128,40,0,TREE,A_flag_ceiling
all_reduce_perf,3,24,67108864,16777216,float,sum,628.67,106.75,204.6,0,630.51,106.44,204.0,0,TREE,LL128,40,TREE,LL128,40,0,TREE,A_flag_ceiling
all_reduce_perf,3,24,134217728,33554432,float,sum,1159.32,115.77,221.9,0,1160.74,115.63,221.63,0,TREE,LL128,40,TREE,LL128,40,0,TREE,A_flag_ceiling
all_reduce_perf,3,24,268435456,67108864,float,sum,2203.39,121.83,233.5,0,2204.05,121.79,233.43,0,TREE,LL128,40,TREE,LL128,40,0,TREE,A_flag_ceiling
all_reduce_perf,3,24,536870912,134217728,float,sum,4260.64,126.01,241.51,0,4262.03,125.97,241.43,0,TREE,LL128,40,TREE,LL128,40,0,TREE,A_flag_ceiling
all_reduce_perf,3,24,4096,1024,float,sum,118.19,0.03,0.07,0,113.33,0.04,0.07,0,TREE,SIMPLE,48,TREE,SIMPLE,48,0,TREE,A_flag_ceiling
all_reduce_perf,3,24,8192,2048,float,sum,117.14,0.07,0.13,0,116.14,0.07,0.14,0,TREE,SIMPLE,48,TREE,SIMPLE,48,0,TREE,A_flag_ceiling
all_reduce_perf,3,24,16384,4096,float,sum,118.93,0.14,0.26,0,119.16,0.14,0.26,0,TREE,SIMPLE,48,TREE,SIMPLE,48,0,TREE,A_flag_ceiling
all_reduce_perf,3,24,32768,8192,float,sum,118.39,0.28,0.53,0,116.57,0.28,0.54,0,TREE,SIMPLE,48,TREE,SIMPLE,48,0,TREE,A_flag_ceiling
all_reduce_perf,3,24,65536,16384,float,sum,119.04,0.55,1.06,0,116.31,0.56,1.08,0,TREE,SIMPLE,48,TREE,SIMPLE,48,0,TREE,A_flag_ceiling
all_reduce_perf,3,24,131072,32768,float,sum,120.84,1.08,2.08,0,120.35,1.09,2.09,0,TREE,SIMPLE,48,TREE,SIMPLE,48,0,TREE,A_flag_ceiling
all_reduce_perf,3,24,262144,65536,float,sum,127.25,2.06,3.95,0,126.18,2.08,3.98,0,TREE,SIMPLE,48,TREE,SIMPLE,48,0,TREE,A_flag_ceiling
all_reduce_perf,3,24,524288,131072,float,sum,136.53,3.84,7.36,0,134.41,3.9,7.48,0,TREE,SIMPLE,48,TREE,SIMPLE,48,0,TREE,A_flag_ceiling
all_reduce_perf,3,24,1048576,262144,float,sum,154.8,6.77,12.98,0,152.0,6.9,13.22,0,TREE,SIMPLE,48,TREE,SIMPLE,48,0,TREE,A_flag_ceiling
all_reduce_perf,3,24,2097152,524288,float,sum,178.44,11.75,22.53,0,175.75,11.93,22.87,0,TREE,SIMPLE,48,TREE,SIMPLE,48,0,TREE,A_flag_ceiling
all_reduce_perf,3,24,4194304,1048576,float,sum,197.44,21.24,40.72,0,194.58,21.56,41.32,0,TREE,SIMPLE,48,TREE,SIMPLE,48,0,TREE,A_flag_ceiling
all_reduce_perf,3,24,8388608,2097152,float,sum,242.81,34.55,66.22,0,236.4,35.48,68.01,0,TREE,SIMPLE,48,TREE,SIMPLE,48,0,TREE,A_flag_ceiling
all_reduce_perf,3,24,16777216,4194304,float,sum,338.4,49.58,95.02,0,322.54,52.02,99.7,0,TREE,SIMPLE,48,TREE,SIMPLE,48,0,TREE,A_flag_ceiling
all_reduce_perf,3,24,33554432,8388608,float,sum,427.14,78.56,150.57,0,423.55,79.22,151.84,0,TREE,SIMPLE,48,TREE,SIMPLE,48,0,TREE,A_flag_ceiling
all_reduce_perf,3,24,67108864,16777216,float,sum,636.55,105.43,202.06,0,636.52,105.43,202.08,0,TREE,SIMPLE,48,TREE,SIMPLE,48,0,TREE,A_flag_ceiling
all_reduce_perf,3,24,134217728,33554432,float,sum,1052.07,127.57,244.52,0,1051.69,127.62,244.61,0,TREE,SIMPLE,48,TREE,SIMPLE,48,0,TREE,A_flag_ceiling
all_reduce_perf,3,24,268435456,67108864,float,sum,1803.57,148.84,285.27,0,1804.23,148.78,285.16,0,TREE,SIMPLE,48,TREE,SIMPLE,48,0,TREE,A_flag_ceiling
all_reduce_perf,3,24,536870912,134217728,float,sum,3322.57,161.58,309.7,0,3315.73,161.92,310.34,0,TREE,SIMPLE,48,TREE,SIMPLE,48,0,TREE,A_flag_ceiling
all_reduce_perf,3,24,4096,1024,float,sum,72.33,0.06,0.11,0,71.47,0.06,0.11,0,TREE,LL,48,TREE,LL,48,0,TREE,A_flag_ceiling
all_reduce_perf,3,24,8192,2048,float,sum,74.4,0.11,0.21,0,74.17,0.11,0.21,0,TREE,LL,48,TREE,LL,48,0,TREE,A_flag_ceiling
all_reduce_perf,3,24,16384,4096,float,sum,74.21,0.22,0.42,0,74.05,0.22,0.42,0,TREE,LL,48,TREE,LL,48,0,TREE,A_flag_ceiling
all_reduce_perf,3,24,32768,8192,float,sum,75.83,0.43,0.83,0,75.1,0.44,0.84,0,TREE,LL,48,TREE,LL,48,0,TREE,A_flag_ceiling
all_reduce_perf,3,24,65536,16384,float,sum,80.92,0.81,1.55,0,79.89,0.82,1.57,0,TREE,LL,48,TREE,LL,48,0,TREE,A_flag_ceiling
all_reduce_perf,3,24,131072,32768,float,sum,89.99,1.46,2.79,0,91.7,1.43,2.74,0,TREE,LL,48,TREE,LL,48,0,TREE,A_flag_ceiling
all_reduce_perf,3,24,262144,65536,float,sum,102.03,2.57,4.92,0,101.54,2.58,4.95,0,TREE,LL,48,TREE,LL,48,0,TREE,A_flag_ceiling
all_reduce_perf,3,24,524288,131072,float,sum,131.78,3.98,7.63,0,132.53,3.96,7.58,0,TREE,LL,48,TREE,LL,48,0,TREE,A_flag_ceiling
all_reduce_perf,3,24,1048576,262144,float,sum,161.12,6.51,12.47,0,161.85,6.48,12.42,0,TREE,LL,48,TREE,LL,48,0,TREE,A_flag_ceiling
all_reduce_perf,3,24,2097152,524288,float,sum,190.12,11.03,21.14,0,190.82,10.99,21.06,0,TREE,LL,48,TREE,LL,48,0,TREE,A_flag_ceiling
all_reduce_perf,3,24,4194304,1048576,float,sum,253.53,16.54,31.71,0,252.24,16.63,31.87,0,TREE,LL,48,TREE,LL,48,0,TREE,A_flag_ceiling
all_reduce_perf,3,24,8388608,2097152,float,sum,416.51,20.14,38.6,0,416.04,20.16,38.65,0,TREE,LL,48,TREE,LL,48,0,TREE,A_flag_ceiling
all_reduce_perf,3,24,16777216,4194304,float,sum,741.5,22.63,43.37,0,740.78,22.65,43.41,0,TREE,LL,48,TREE,LL,48,0,TREE,A_flag_ceiling
all_reduce_perf,3,24,33554432,8388608,float,sum,1407.36,23.84,45.7,0,1405.33,23.88,45.76,0,TREE,LL,48,TREE,LL,48,0,TREE,A_flag_ceiling
all_reduce_perf,3,24,67108864,16777216,float,sum,2704.58,24.81,47.56,0,2696.37,24.89,47.7,0,TREE,LL,48,TREE,LL,48,0,TREE,A_flag_ceiling
all_reduce_perf,3,24,134217728,33554432,float,sum,5304.4,25.3,48.5,0,5307.2,25.29,48.47,0,TREE,LL,48,TREE,LL,48,0,TREE,A_flag_ceiling
all_reduce_perf,3,24,268435456,67108864,float,sum,10736.3,25.0,47.92,0,10733.3,25.01,47.94,0,TREE,LL,48,TREE,LL,48,0,TREE,A_flag_ceiling
all_reduce_perf,3,24,536870912,134217728,float,sum,21538.1,24.93,47.78,0,21575.0,24.88,47.69,0,TREE,LL,48,TREE,LL,48,0,TREE,A_flag_ceiling
all_reduce_perf,3,24,4096,1024,float,sum,80.52,0.05,0.1,0,79.92,0.05,0.1,0,TREE,LL128,48,TREE,LL128,48,0,TREE,A_flag_ceiling
all_reduce_perf,3,24,8192,2048,float,sum,83.71,0.1,0.19,0,83.02,0.1,0.19,0,TREE,LL128,48,TREE,LL128,48,0,TREE,A_flag_ceiling
all_reduce_perf,3,24,16384,4096,float,sum,84.85,0.19,0.37,0,83.69,0.2,0.38,0,TREE,LL128,48,TREE,LL128,48,0,TREE,A_flag_ceiling
all_reduce_perf,3,24,32768,8192,float,sum,84.65,0.39,0.74,0,248.8,0.13,0.25,0,TREE,LL128,48,TREE,LL128,48,0,TREE,A_flag_ceiling
all_reduce_perf,3,24,65536,16384,float,sum,85.08,0.77,1.48,0,87.39,0.75,1.44,0,TREE,LL128,48,TREE,LL128,48,0,TREE,A_flag_ceiling
all_reduce_perf,3,24,131072,32768,float,sum,87.53,1.5,2.87,0,91.45,1.43,2.75,0,TREE,LL128,48,TREE,LL128,48,0,TREE,A_flag_ceiling
all_reduce_perf,3,24,262144,65536,float,sum,92.37,2.84,5.44,0,92.7,2.83,5.42,0,TREE,LL128,48,TREE,LL128,48,0,TREE,A_flag_ceiling
all_reduce_perf,3,24,524288,131072,float,sum,98.38,5.33,10.21,0,98.23,5.34,10.23,0,TREE,LL128,48,TREE,LL128,48,0,TREE,A_flag_ceiling
all_reduce_perf,3,24,1048576,262144,float,sum,106.86,9.81,18.81,0,106.67,9.83,18.84,0,TREE,LL128,48,TREE,LL128,48,0,TREE,A_flag_ceiling
all_reduce_perf,3,24,2097152,524288,float,sum,115.29,18.19,34.86,0,114.53,18.31,35.1,0,TREE,LL128,48,TREE,LL128,48,0,TREE,A_flag_ceiling
all_reduce_perf,3,24,4194304,1048576,float,sum,129.85,32.3,61.91,0,129.82,32.31,61.93,0,TREE,LL128,48,TREE,LL128,48,0,TREE,A_flag_ceiling
all_reduce_perf,3,24,8388608,2097152,float,sum,158.51,52.92,101.43,0,157.03,53.42,102.39,0,TREE,LL128,48,TREE,LL128,48,0,TREE,A_flag_ceiling
all_reduce_perf,3,24,16777216,4194304,float,sum,215.65,77.8,149.11,0,215.17,77.97,149.45,0,TREE,LL128,48,TREE,LL128,48,0,TREE,A_flag_ceiling
all_reduce_perf,3,24,33554432,8388608,float,sum,346.37,96.87,185.68,0,343.93,97.56,186.99,0,TREE,LL128,48,TREE,LL128,48,0,TREE,A_flag_ceiling
all_reduce_perf,3,24,67108864,16777216,float,sum,573.5,117.02,224.28,0,573.55,117.01,224.26,0,TREE,LL128,48,TREE,LL128,48,0,TREE,A_flag_ceiling
all_reduce_perf,3,24,134217728,33554432,float,sum,1055.79,127.13,243.66,0,1054.22,127.31,244.02,0,TREE,LL128,48,TREE,LL128,48,0,TREE,A_flag_ceiling
all_reduce_perf,3,24,268435456,67108864,float,sum,2008.66,133.64,256.14,0,2009.35,133.59,256.05,0,TREE,LL128,48,TREE,LL128,48,0,TREE,A_flag_ceiling
all_reduce_perf,3,24,536870912,134217728,float,sum,3886.0,138.16,264.8,0,3898.11,137.73,263.97,0,TREE,LL128,48,TREE,LL128,48,0,TREE,A_flag_ceiling
all_reduce_perf,3,24,4096,1024,float,sum,71.94,0.06,0.11,0,71.28,0.06,0.11,0,TREE,LL,2,,,,0,TREE,A_flag_ceiling
all_reduce_perf,3,24,8192,2048,float,sum,73.73,0.11,0.21,0,73.17,0.11,0.21,0,TREE,LL,4,,,,0,TREE,A_flag_ceiling
all_reduce_perf,3,24,16384,4096,float,sum,74.61,0.22,0.42,0,77.17,0.21,0.41,0,TREE,LL,8,,,,0,TREE,A_flag_ceiling
all_reduce_perf,3,24,32768,8192,float,sum,76.36,0.43,0.82,0,75.99,0.43,0.83,0,TREE,LL,16,,,,0,TREE,A_flag_ceiling
all_reduce_perf,3,24,65536,16384,float,sum,81.32,0.81,1.54,0,80.66,0.81,1.56,0,TREE,LL,32,,,,0,TREE,A_flag_ceiling
all_reduce_perf,3,24,131072,32768,float,sum,91.3,1.44,2.75,0,91.25,1.44,2.75,0,TREE,LL,48,,,,0,TREE,A_flag_ceiling
all_reduce_perf,3,24,262144,65536,float,sum,102.64,2.55,4.9,0,102.65,2.55,4.89,0,TREE,LL,48,,,,0,TREE,A_flag_ceiling
all_reduce_perf,3,24,524288,131072,float,sum,98.65,5.31,10.19,0,98.4,5.33,10.21,0,TREE,LL128,48,,,,0,TREE,A_flag_ceiling
all_reduce_perf,3,24,1048576,262144,float,sum,106.09,9.88,18.94,0,106.97,9.8,18.79,0,TREE,LL128,48,,,,0,TREE,A_flag_ceiling
all_reduce_perf,3,24,2097152,524288,float,sum,114.99,18.24,34.96,0,114.76,18.27,35.02,0,TREE,LL128,48,,,,0,TREE,A_flag_ceiling
all_reduce_perf,3,24,4194304,1048576,float,sum,130.94,32.03,61.4,0,130.47,32.15,61.61,0,TREE,LL128,48,,,,0,TREE,A_flag_ceiling
all_reduce_perf,3,24,8388608,2097152,float,sum,159.22,52.69,100.98,0,155.96,53.79,103.09,0,TREE,LL128,48,,,,0,TREE,A_flag_ceiling
all_reduce_perf,3,24,16777216,4194304,float,sum,216.14,77.62,148.78,0,216.39,77.53,148.61,0,TREE,LL128,48,,,,0,TREE,A_flag_ceiling
all_reduce_perf,3,24,33554432,8388608,float,sum,351.86,95.36,182.78,0,345.79,97.04,185.99,0,TREE,LL128,48,,,,0,TREE,A_flag_ceiling
all_reduce_perf,3,24,67108864,16777216,float,sum,479.9,139.84,268.03,0,478.91,140.13,268.58,0,RING,LL128,48,,,,0,RING,A_flag_ceiling
all_reduce_perf,3,24,134217728,33554432,float,sum,1053.29,127.43,244.24,0,1051.26,127.67,244.71,0,RING,LL128,48,,,,0,RING,A_flag_ceiling
all_reduce_perf,3,24,268435456,67108864,float,sum,1738.27,154.43,295.99,0,1738.38,154.42,295.97,0,RING,LL128,48,,,,0,RING,A_flag_ceiling
all_reduce_perf,3,24,536870912,134217728,float,sum,2747.55,195.4,374.52,0,2751.22,195.14,374.02,0,RING,SIMPLE,48,,,,0,RING,A_flag_ceiling
all_reduce_perf,3,24,4096,1024,float,sum,514.37,0.01,0.02,0,511.05,0.01,0.02,0,RING,SIMPLE,1,RING,SIMPLE,1,0,RING,A_flag_ceiling
all_reduce_perf,3,24,8192,2048,float,sum,513.13,0.02,0.03,0,582.99,0.01,0.03,0,RING,SIMPLE,1,RING,SIMPLE,1,0,RING,A_flag_ceiling
all_reduce_perf,3,24,16384,4096,float,sum,516.65,0.03,0.06,0,517.6,0.03,0.06,0,RING,SIMPLE,1,RING,SIMPLE,1,0,RING,A_flag_ceiling
all_reduce_perf,3,24,32768,8192,float,sum,521.1,0.06,0.12,0,518.67,0.06,0.12,0,RING,SIMPLE,1,RING,SIMPLE,1,0,RING,A_flag_ceiling
all_reduce_perf,3,24,65536,16384,float,sum,525.66,0.12,0.24,0,526.17,0.12,0.24,0,RING,SIMPLE,1,RING,SIMPLE,1,0,RING,A_flag_ceiling
all_reduce_perf,3,24,131072,32768,float,sum,526.85,0.25,0.48,0,528.54,0.25,0.48,0,RING,SIMPLE,1,RING,SIMPLE,1,0,RING,A_flag_ceiling
all_reduce_perf,3,24,262144,65536,float,sum,537.92,0.49,0.93,0,535.22,0.49,0.94,0,RING,SIMPLE,1,RING,SIMPLE,1,0,RING,A_flag_ceiling
all_reduce_perf,3,24,524288,131072,float,sum,561.95,0.93,1.79,0,559.9,0.94,1.79,0,RING,SIMPLE,1,RING,SIMPLE,1,0,RING,A_flag_ceiling
all_reduce_perf,3,24,1048576,262144,float,sum,579.49,1.81,3.47,0,573.05,1.83,3.51,0,RING,SIMPLE,1,RING,SIMPLE,1,0,RING,A_flag_ceiling
all_reduce_perf,3,24,2097152,524288,float,sum,624.97,3.36,6.43,0,673.02,3.12,5.97,0,RING,SIMPLE,1,RING,SIMPLE,1,0,RING,A_flag_ceiling
all_reduce_perf,3,24,4194304,1048576,float,sum,866.6,4.84,9.28,0,856.61,4.9,9.38,0,RING,SIMPLE,1,RING,SIMPLE,1,0,RING,A_flag_ceiling
all_reduce_perf,3,24,8388608,2097152,float,sum,1286.49,6.52,12.5,0,1269.46,6.61,12.67,0,RING,SIMPLE,1,RING,SIMPLE,1,0,RING,A_flag_ceiling
all_reduce_perf,3,24,16777216,4194304,float,sum,2419.66,6.93,13.29,0,2463.69,6.81,13.05,0,RING,SIMPLE,1,RING,SIMPLE,1,0,RING,A_flag_ceiling
all_reduce_perf,3,24,33554432,8388608,float,sum,4495.83,7.46,14.3,0,4467.49,7.51,14.4,0,RING,SIMPLE,1,RING,SIMPLE,1,0,RING,A_flag_ceiling
all_reduce_perf,3,24,67108864,16777216,float,sum,8675.4,7.74,14.83,0,8613.68,7.79,14.93,0,RING,SIMPLE,1,RING,SIMPLE,1,0,RING,A_flag_ceiling
all_reduce_perf,3,24,134217728,33554432,float,sum,17054.8,7.87,15.08,0,16969.1,7.91,15.16,0,RING,SIMPLE,1,RING,SIMPLE,1,0,RING,A_flag_ceiling
all_reduce_perf,3,24,268435456,67108864,float,sum,33941.8,7.91,15.16,0,33722.3,7.96,15.26,0,RING,SIMPLE,1,RING,SIMPLE,1,0,RING,A_flag_ceiling
all_reduce_perf,3,24,536870912,134217728,float,sum,67535.4,7.95,15.24,0,67167.4,7.99,15.32,0,RING,SIMPLE,1,RING,SIMPLE,1,0,RING,A_flag_ceiling
all_reduce_perf,3,24,4096,1024,float,sum,135.53,0.03,0.06,0,131.4,0.03,0.06,0,RING,LL,1,RING,LL,1,0,RING,A_flag_ceiling
all_reduce_perf,3,24,8192,2048,float,sum,133.09,0.06,0.12,0,132.34,0.06,0.12,0,RING,LL,1,RING,LL,1,0,RING,A_flag_ceiling
all_reduce_perf,3,24,16384,4096,float,sum,135.3,0.12,0.23,0,132.96,0.12,0.24,0,RING,LL,1,RING,LL,1,0,RING,A_flag_ceiling
all_reduce_perf,3,24,32768,8192,float,sum,136.02,0.24,0.46,0,137.03,0.24,0.46,0,RING,LL,1,RING,LL,1,0,RING,A_flag_ceiling
all_reduce_perf,3,24,65536,16384,float,sum,154.4,0.42,0.81,0,153.94,0.43,0.82,0,RING,LL,1,RING,LL,1,0,RING,A_flag_ceiling
all_reduce_perf,3,24,131072,32768,float,sum,174.91,0.75,1.44,0,174.36,0.75,1.44,0,RING,LL,1,RING,LL,1,0,RING,A_flag_ceiling
all_reduce_perf,3,24,262144,65536,float,sum,266.72,0.98,1.88,0,264.76,0.99,1.9,0,RING,LL,1,RING,LL,1,0,RING,A_flag_ceiling
all_reduce_perf,3,24,524288,131072,float,sum,488.97,1.07,2.06,0,481.14,1.09,2.09,0,RING,LL,1,RING,LL,1,0,RING,A_flag_ceiling
all_reduce_perf,3,24,1048576,262144,float,sum,892.93,1.17,2.25,0,879.28,1.19,2.29,0,RING,LL,1,RING,LL,1,0,RING,A_flag_ceiling
all_reduce_perf,3,24,2097152,524288,float,sum,1751.48,1.2,2.29,0,1722.16,1.22,2.33,0,RING,LL,1,RING,LL,1,0,RING,A_flag_ceiling
all_reduce_perf,3,24,4194304,1048576,float,sum,3434.64,1.22,2.34,0,3379.03,1.24,2.38,0,RING,LL,1,RING,LL,1,0,RING,A_flag_ceiling
all_reduce_perf,3,24,8388608,2097152,float,sum,6897.02,1.22,2.33,0,6778.46,1.24,2.37,0,RING,LL,1,RING,LL,1,0,RING,A_flag_ceiling
all_reduce_perf,3,24,16777216,4194304,float,sum,13864.0,1.21,2.32,0,13685.6,1.23,2.35,0,RING,LL,1,RING,LL,1,0,RING,A_flag_ceiling
all_reduce_perf,3,24,33554432,8388608,float,sum,27698.7,1.21,2.32,0,27500.0,1.22,2.34,0,RING,LL,1,RING,LL,1,0,RING,A_flag_ceiling
all_reduce_perf,3,24,67108864,16777216,float,sum,55539.1,1.21,2.32,0,55124.0,1.22,2.33,0,RING,LL,1,RING,LL,1,0,RING,A_flag_ceiling
all_reduce_perf,3,24,134217728,33554432,float,sum,111129.0,1.21,2.31,0,110375.0,1.22,2.33,0,RING,LL,1,RING,LL,1,0,RING,A_flag_ceiling
all_reduce_perf,3,24,268435456,67108864,float,sum,222004.0,1.21,2.32,0,220983.0,1.21,2.33,0,RING,LL,1,RING,LL,1,0,RING,A_flag_ceiling
all_reduce_perf,3,24,536870912,134217728,float,sum,444268.0,1.21,2.32,0,441718.0,1.22,2.33,0,RING,LL,1,RING,LL,1,0,RING,A_flag_ceiling
all_reduce_perf,3,24,4096,1024,float,sum,146.05,0.03,0.05,0,148.42,0.03,0.05,0,RING,LL128,1,RING,LL128,1,0,RING,A_flag_ceiling
all_reduce_perf,3,24,8192,2048,float,sum,149.91,0.05,0.1,0,147.78,0.06,0.11,0,RING,LL128,1,RING,LL128,1,0,RING,A_flag_ceiling
all_reduce_perf,3,24,16384,4096,float,sum,150.48,0.11,0.21,0,150.25,0.11,0.21,0,RING,LL128,1,RING,LL128,1,0,RING,A_flag_ceiling
all_reduce_perf,3,24,32768,8192,float,sum,180.78,0.18,0.35,0,149.01,0.22,0.42,0,RING,LL128,1,RING,LL128,1,0,RING,A_flag_ceiling
all_reduce_perf,3,24,65536,16384,float,sum,151.81,0.43,0.83,0,149.26,0.44,0.84,0,RING,LL128,1,RING,LL128,1,0,RING,A_flag_ceiling
all_reduce_perf,3,24,131072,32768,float,sum,156.23,0.84,1.61,0,155.7,0.84,1.61,0,RING,LL128,1,RING,LL128,1,0,RING,A_flag_ceiling
all_reduce_perf,3,24,262144,65536,float,sum,164.36,1.59,3.06,0,161.75,1.62,3.11,0,RING,LL128,1,RING,LL128,1,0,RING,A_flag_ceiling
all_reduce_perf,3,24,524288,131072,float,sum,252.87,2.07,3.97,0,174.51,3.0,5.76,0,RING,LL128,1,RING,LL128,1,0,RING,A_flag_ceiling
all_reduce_perf,3,24,1048576,262144,float,sum,257.28,4.08,7.81,0,251.75,4.17,7.98,0,RING,LL128,1,RING,LL128,1,0,RING,A_flag_ceiling
all_reduce_perf,3,24,2097152,524288,float,sum,446.25,4.7,9.01,0,462.15,4.54,8.7,0,RING,LL128,1,RING,LL128,1,0,RING,A_flag_ceiling
all_reduce_perf,3,24,4194304,1048576,float,sum,831.86,5.04,9.66,0,812.94,5.16,9.89,0,RING,LL128,1,RING,LL128,1,0,RING,A_flag_ceiling
all_reduce_perf,3,24,8388608,2097152,float,sum,1612.63,5.2,9.97,0,1584.27,5.29,10.15,0,RING,LL128,1,RING,LL128,1,0,RING,A_flag_ceiling
all_reduce_perf,3,24,16777216,4194304,float,sum,3205.24,5.23,10.03,0,3166.79,5.3,10.15,0,RING,LL128,1,RING,LL128,1,0,RING,A_flag_ceiling
all_reduce_perf,3,24,33554432,8388608,float,sum,6380.03,5.26,10.08,0,6363.51,5.27,10.11,0,RING,LL128,1,RING,LL128,1,0,RING,A_flag_ceiling
all_reduce_perf,3,24,67108864,16777216,float,sum,12730.3,5.27,10.1,0,12778.3,5.25,10.07,0,RING,LL128,1,RING,LL128,1,0,RING,A_flag_ceiling
all_reduce_perf,3,24,134217728,33554432,float,sum,25416.6,5.28,10.12,0,25525.9,5.26,10.08,0,RING,LL128,1,RING,LL128,1,0,RING,A_flag_ceiling
all_reduce_perf,3,24,268435456,67108864,float,sum,50764.5,5.29,10.14,0,50993.9,5.26,10.09,0,RING,LL128,1,RING,LL128,1,0,RING,A_flag_ceiling
all_reduce_perf,3,24,536870912,134217728,float,sum,101460.0,5.29,10.14,0,102122.0,5.26,10.08,0,RING,LL128,1,RING,LL128,1,0,RING,A_flag_ceiling
all_reduce_perf,3,24,4096,1024,float,sum,512.7,0.01,0.02,0,510.64,0.01,0.02,0,RING,SIMPLE,2,RING,SIMPLE,2,0,RING,A_flag_ceiling
all_reduce_perf,3,24,8192,2048,float,sum,511.94,0.02,0.03,0,511.13,0.02,0.03,0,RING,SIMPLE,2,RING,SIMPLE,2,0,RING,A_flag_ceiling
all_reduce_perf,3,24,16384,4096,float,sum,518.3,0.03,0.06,0,514.59,0.03,0.06,0,RING,SIMPLE,2,RING,SIMPLE,2,0,RING,A_flag_ceiling
all_reduce_perf,3,24,32768,8192,float,sum,519.3,0.06,0.12,0,518.85,0.06,0.12,0,RING,SIMPLE,2,RING,SIMPLE,2,0,RING,A_flag_ceiling
all_reduce_perf,3,24,65536,16384,float,sum,523.92,0.13,0.24,0,523.07,0.13,0.24,0,RING,SIMPLE,2,RING,SIMPLE,2,0,RING,A_flag_ceiling
all_reduce_perf,3,24,131072,32768,float,sum,529.58,0.25,0.47,0,529.67,0.25,0.47,0,RING,SIMPLE,2,RING,SIMPLE,2,0,RING,A_flag_ceiling
all_reduce_perf,3,24,262144,65536,float,sum,528.15,0.5,0.95,0,530.12,0.49,0.95,0,RING,SIMPLE,2,RING,SIMPLE,2,0,RING,A_flag_ceiling
all_reduce_perf,3,24,524288,131072,float,sum,535.8,0.98,1.88,0,535.9,0.98,1.88,0,RING,SIMPLE,2,RING,SIMPLE,2,0,RING,A_flag_ceiling
all_reduce_perf,3,24,1048576,262144,float,sum,569.46,1.84,3.53,0,570.76,1.84,3.52,0,RING,SIMPLE,2,RING,SIMPLE,2,0,RING,A_flag_ceiling
all_reduce_perf,3,24,2097152,524288,float,sum,581.27,3.61,6.92,0,579.35,3.62,6.94,0,RING,SIMPLE,2,RING,SIMPLE,2,0,RING,A_flag_ceiling
all_reduce_perf,3,24,4194304,1048576,float,sum,636.84,6.59,12.62,0,631.04,6.65,12.74,0,RING,SIMPLE,2,RING,SIMPLE,2,0,RING,A_flag_ceiling
all_reduce_perf,3,24,8388608,2097152,float,sum,875.94,9.58,18.36,0,863.98,9.71,18.61,0,RING,SIMPLE,2,RING,SIMPLE,2,0,RING,A_flag_ceiling
all_reduce_perf,3,24,16777216,4194304,float,sum,1293.01,12.98,24.87,0,1291.85,12.99,24.89,0,RING,SIMPLE,2,RING,SIMPLE,2,0,RING,A_flag_ceiling
all_reduce_perf,3,24,33554432,8388608,float,sum,2415.27,13.89,26.63,0,2417.05,13.88,26.61,0,RING,SIMPLE,2,RING,SIMPLE,2,0,RING,A_flag_ceiling
all_reduce_perf,3,24,67108864,16777216,float,sum,4476.85,14.99,28.73,0,4487.49,14.95,28.66,0,RING,SIMPLE,2,RING,SIMPLE,2,0,RING,A_flag_ceiling
all_reduce_perf,3,24,134217728,33554432,float,sum,8652.45,15.51,29.73,0,8659.93,15.5,29.71,0,RING,SIMPLE,2,RING,SIMPLE,2,0,RING,A_flag_ceiling
all_reduce_perf,3,24,268435456,67108864,float,sum,17011.0,15.78,30.25,0,17040.7,15.75,30.19,0,RING,SIMPLE,2,RING,SIMPLE,2,0,RING,A_flag_ceiling
all_reduce_perf,3,24,536870912,134217728,float,sum,33884.4,15.84,30.37,0,33902.7,15.84,30.35,0,RING,SIMPLE,2,RING,SIMPLE,2,0,RING,A_flag_ceiling
all_reduce_perf,3,24,4096,1024,float,sum,136.81,0.03,0.06,0,132.47,0.03,0.06,0,RING,LL,2,RING,LL,2,0,RING,A_flag_ceiling
all_reduce_perf,3,24,8192,2048,float,sum,132.85,0.06,0.12,0,131.24,0.06,0.12,0,RING,LL,2,RING,LL,2,0,RING,A_flag_ceiling
all_reduce_perf,3,24,16384,4096,float,sum,133.39,0.12,0.24,0,133.13,0.12,0.24,0,RING,LL,2,RING,LL,2,0,RING,A_flag_ceiling
all_reduce_perf,3,24,32768,8192,float,sum,135.34,0.24,0.46,0,133.94,0.24,0.47,0,RING,LL,2,RING,LL,2,0,RING,A_flag_ceiling
all_reduce_perf,3,24,65536,16384,float,sum,136.7,0.48,0.92,0,136.23,0.48,0.92,0,RING,LL,2,RING,LL,2,0,RING,A_flag_ceiling
all_reduce_perf,3,24,131072,32768,float,sum,152.71,0.86,1.65,0,151.44,0.87,1.66,0,RING,LL,2,RING,LL,2,0,RING,A_flag_ceiling
all_reduce_perf,3,24,262144,65536,float,sum,174.81,1.5,2.87,0,172.76,1.52,2.91,0,RING,LL,2,RING,LL,2,0,RING,A_flag_ceiling
all_reduce_perf,3,24,524288,131072,float,sum,264.96,1.98,3.79,0,263.25,1.99,3.82,0,RING,LL,2,RING,LL,2,0,RING,A_flag_ceiling
all_reduce_perf,3,24,1048576,262144,float,sum,485.1,2.16,4.14,0,477.09,2.2,4.21,0,RING,LL,2,RING,LL,2,0,RING,A_flag_ceiling
all_reduce_perf,3,24,2097152,524288,float,sum,888.44,2.36,4.52,0,876.59,2.39,4.59,0,RING,LL,2,RING,LL,2,0,RING,A_flag_ceiling
all_reduce_perf,3,24,4194304,1048576,float,sum,1746.08,2.4,4.6,0,1713.94,2.45,4.69,0,RING,LL,2,RING,LL,2,0,RING,A_flag_ceiling
all_reduce_perf,3,24,8388608,2097152,float,sum,3424.79,2.45,4.69,0,3367.43,2.49,4.77,0,RING,LL,2,RING,LL,2,0,RING,A_flag_ceiling
all_reduce_perf,3,24,16777216,4194304,float,sum,6862.65,2.44,4.69,0,6762.7,2.48,4.75,0,RING,LL,2,RING,LL,2,0,RING,A_flag_ceiling
all_reduce_perf,3,24,33554432,8388608,float,sum,13783.2,2.43,4.67,0,13613.8,2.46,4.72,0,RING,LL,2,RING,LL,2,0,RING,A_flag_ceiling
all_reduce_perf,3,24,67108864,16777216,float,sum,27593.8,2.43,4.66,0,27267.4,2.46,4.72,0,RING,LL,2,RING,LL,2,0,RING,A_flag_ceiling
all_reduce_perf,3,24,134217728,33554432,float,sum,55217.5,2.43,4.66,0,54823.4,2.45,4.69,0,RING,LL,2,RING,LL,2,0,RING,A_flag_ceiling
all_reduce_perf,3,24,268435456,67108864,float,sum,110397.0,2.43,4.66,0,109232.0,2.46,4.71,0,RING,LL,2,RING,LL,2,0,RING,A_flag_ceiling
all_reduce_perf,3,24,536870912,134217728,float,sum,220882.0,2.43,4.66,0,218307.0,2.46,4.71,0,RING,LL,2,RING,LL,2,0,RING,A_flag_ceiling
all_reduce_perf,3,24,4096,1024,float,sum,153.93,0.03,0.05,0,202.57,0.02,0.04,0,RING,LL128,2,RING,LL128,2,0,RING,A_flag_ceiling
all_reduce_perf,3,24,8192,2048,float,sum,153.5,0.05,0.1,0,152.2,0.05,0.1,0,RING,LL128,2,RING,LL128,2,0,RING,A_flag_ceiling
all_reduce_perf,3,24,16384,4096,float,sum,200.69,0.08,0.16,0,152.27,0.11,0.21,0,RING,LL128,2,RING,LL128,2,0,RING,A_flag_ceiling
all_reduce_perf,3,24,32768,8192,float,sum,152.78,0.21,0.41,0,151.98,0.22,0.41,0,RING,LL128,2,RING,LL128,2,0,RING,A_flag_ceiling
all_reduce_perf,3,24,65536,16384,float,sum,152.98,0.43,0.82,0,152.27,0.43,0.82,0,RING,LL128,2,RING,LL128,2,0,RING,A_flag_ceiling
all_reduce_perf,3,24,131072,32768,float,sum,215.93,0.61,1.16,0,153.73,0.85,1.63,0,RING,LL128,2,RING,LL128,2,0,RING,A_flag_ceiling
all_reduce_perf,3,24,262144,65536,float,sum,158.49,1.65,3.17,0,155.42,1.69,3.23,0,RING,LL128,2,RING,LL128,2,0,RING,A_flag_ceiling
all_reduce_perf,3,24,524288,131072,float,sum,164.6,3.19,6.1,0,162.21,3.23,6.19,0,RING,LL128,2,RING,LL128,2,0,RING,A_flag_ceiling
all_reduce_perf,3,24,1048576,262144,float,sum,183.48,5.72,10.95,0,227.44,4.61,8.84,0,RING,LL128,2,RING,LL128,2,0,RING,A_flag_ceiling
all_reduce_perf,3,24,2097152,524288,float,sum,258.67,8.11,15.54,0,245.7,8.54,16.36,0,RING,LL128,2,RING,LL128,2,0,RING,A_flag_ceiling
all_reduce_perf,3,24,4194304,1048576,float,sum,448.06,9.36,17.94,0,431.28,9.73,18.64,0,RING,LL128,2,RING,LL128,2,0,RING,A_flag_ceiling
all_reduce_perf,3,24,8388608,2097152,float,sum,837.61,10.01,19.2,0,803.99,10.43,20.0,0,RING,LL128,2,RING,LL128,2,0,RING,A_flag_ceiling
all_reduce_perf,3,24,16777216,4194304,float,sum,1621.77,10.35,19.83,0,1582.84,10.6,20.32,0,RING,LL128,2,RING,LL128,2,0,RING,A_flag_ceiling
all_reduce_perf,3,24,33554432,8388608,float,sum,3203.04,10.48,20.08,0,3156.18,10.63,20.38,0,RING,LL128,2,RING,LL128,2,0,RING,A_flag_ceiling
all_reduce_perf,3,24,67108864,16777216,float,sum,6362.73,10.55,20.22,0,6323.87,10.61,20.34,0,RING,LL128,2,RING,LL128,2,0,RING,A_flag_ceiling
all_reduce_perf,3,24,134217728,33554432,float,sum,12694.2,10.57,20.27,0,12616.8,10.64,20.39,0,RING,LL128,2,RING,LL128,2,0,RING,A_flag_ceiling
all_reduce_perf,3,24,268435456,67108864,float,sum,25352.1,10.59,20.29,0,25186.0,10.66,20.43,0,RING,LL128,2,RING,LL128,2,0,RING,A_flag_ceiling
all_reduce_perf,3,24,536870912,134217728,float,sum,50674.5,10.59,20.31,0,50445.7,10.64,20.4,0,RING,LL128,2,RING,LL128,2,0,RING,A_flag_ceiling
all_reduce_perf,3,24,4096,1024,float,sum,515.24,0.01,0.02,0,511.15,0.01,0.02,0,RING,SIMPLE,4,RING,SIMPLE,4,0,RING,A_flag_ceiling
all_reduce_perf,3,24,8192,2048,float,sum,513.0,0.02,0.03,0,511.57,0.02,0.03,0,RING,SIMPLE,4,RING,SIMPLE,4,0,RING,A_flag_ceiling
all_reduce_perf,3,24,16384,4096,float,sum,517.12,0.03,0.06,0,516.68,0.03,0.06,0,RING,SIMPLE,4,RING,SIMPLE,4,0,RING,A_flag_ceiling
all_reduce_perf,3,24,32768,8192,float,sum,531.46,0.06,0.12,0,527.16,0.06,0.12,0,RING,SIMPLE,4,RING,SIMPLE,4,0,RING,A_flag_ceiling
all_reduce_perf,3,24,65536,16384,float,sum,531.3,0.12,0.24,0,528.18,0.12,0.24,0,RING,SIMPLE,4,RING,SIMPLE,4,0,RING,A_flag_ceiling
all_reduce_perf,3,24,131072,32768,float,sum,531.18,0.25,0.47,0,531.44,0.25,0.47,0,RING,SIMPLE,4,RING,SIMPLE,4,0,RING,A_flag_ceiling
all_reduce_perf,3,24,262144,65536,float,sum,536.31,0.49,0.94,0,537.26,0.49,0.94,0,RING,SIMPLE,4,RING,SIMPLE,4,0,RING,A_flag_ceiling
all_reduce_perf,3,24,524288,131072,float,sum,543.93,0.96,1.85,0,536.41,0.98,1.87,0,RING,SIMPLE,4,RING,SIMPLE,4,0,RING,A_flag_ceiling
all_reduce_perf,3,24,1048576,262144,float,sum,542.34,1.93,3.71,0,541.24,1.94,3.71,0,RING,SIMPLE,4,RING,SIMPLE,4,0,RING,A_flag_ceiling
all_reduce_perf,3,24,2097152,524288,float,sum,572.44,3.66,7.02,0,573.73,3.66,7.01,0,RING,SIMPLE,4,RING,SIMPLE,4,0,RING,A_flag_ceiling
all_reduce_perf,3,24,4194304,1048576,float,sum,596.01,7.04,13.49,0,598.16,7.01,13.44,0,RING,SIMPLE,4,RING,SIMPLE,4,0,RING,A_flag_ceiling
all_reduce_perf,3,24,8388608,2097152,float,sum,651.35,12.88,24.68,0,643.21,13.04,25.0,0,RING,SIMPLE,4,RING,SIMPLE,4,0,RING,A_flag_ceiling
all_reduce_perf,3,24,16777216,4194304,float,sum,908.01,18.48,35.41,0,904.88,18.54,35.54,0,RING,SIMPLE,4,RING,SIMPLE,4,0,RING,A_flag_ceiling
all_reduce_perf,3,24,33554432,8388608,float,sum,1409.16,23.81,45.64,0,1414.72,23.72,45.46,0,RING,SIMPLE,4,RING,SIMPLE,4,0,RING,A_flag_ceiling
all_reduce_perf,3,24,67108864,16777216,float,sum,2540.29,26.42,50.63,0,2548.04,26.34,50.48,0,RING,SIMPLE,4,RING,SIMPLE,4,0,RING,A_flag_ceiling
all_reduce_perf,3,24,134217728,33554432,float,sum,4594.96,29.21,55.99,0,4621.33,29.04,55.67,0,RING,SIMPLE,4,RING,SIMPLE,4,0,RING,A_flag_ceiling
all_reduce_perf,3,24,268435456,67108864,float,sum,8907.38,30.14,57.76,0,8930.31,30.06,57.61,0,RING,SIMPLE,4,RING,SIMPLE,4,0,RING,A_flag_ceiling
all_reduce_perf,3,24,536870912,134217728,float,sum,17348.7,30.95,59.31,0,17424.5,30.81,59.06,0,RING,SIMPLE,4,RING,SIMPLE,4,0,RING,A_flag_ceiling
all_reduce_perf,3,24,4096,1024,float,sum,133.77,0.03,0.06,0,132.71,0.03,0.06,0,RING,LL,4,RING,LL,4,0,RING,A_flag_ceiling
all_reduce_perf,3,24,8192,2048,float,sum,137.82,0.06,0.11,0,137.72,0.06,0.11,0,RING,LL,4,RING,LL,4,0,RING,A_flag_ceiling
all_reduce_perf,3,24,16384,4096,float,sum,136.76,0.12,0.23,0,136.36,0.12,0.23,0,RING,LL,4,RING,LL,4,0,RING,A_flag_ceiling
all_reduce_perf,3,24,32768,8192,float,sum,137.88,0.24,0.46,0,137.81,0.24,0.46,0,RING,LL,4,RING,LL,4,0,RING,A_flag_ceiling
all_reduce_perf,3,24,65536,16384,float,sum,140.27,0.47,0.9,0,138.96,0.47,0.9,0,RING,LL,4,RING,LL,4,0,RING,A_flag_ceiling
all_reduce_perf,3,24,131072,32768,float,sum,140.91,0.93,1.78,0,139.71,0.94,1.8,0,RING,LL,4,RING,LL,4,0,RING,A_flag_ceiling
all_reduce_perf,3,24,262144,65536,float,sum,155.44,1.69,3.23,0,153.4,1.71,3.28,0,RING,LL,4,RING,LL,4,0,RING,A_flag_ceiling
all_reduce_perf,3,24,524288,131072,float,sum,175.2,2.99,5.74,0,174.1,3.01,5.77,0,RING,LL,4,RING,LL,4,0,RING,A_flag_ceiling
all_reduce_perf,3,24,1048576,262144,float,sum,265.88,3.94,7.56,0,263.48,3.98,7.63,0,RING,LL,4,RING,LL,4,0,RING,A_flag_ceiling
all_reduce_perf,3,24,2097152,524288,float,sum,484.99,4.32,8.29,0,479.35,4.38,8.39,0,RING,LL,4,RING,LL,4,0,RING,A_flag_ceiling
all_reduce_perf,3,24,4194304,1048576,float,sum,896.32,4.68,8.97,0,888.85,4.72,9.04,0,RING,LL,4,RING,LL,4,0,RING,A_flag_ceiling
all_reduce_perf,3,24,8388608,2097152,float,sum,1753.64,4.78,9.17,0,1734.37,4.84,9.27,0,RING,LL,4,RING,LL,4,0,RING,A_flag_ceiling
all_reduce_perf,3,24,16777216,4194304,float,sum,3453.21,4.86,9.31,0,3427.29,4.9,9.38,0,RING,LL,4,RING,LL,4,0,RING,A_flag_ceiling
all_reduce_perf,3,24,33554432,8388608,float,sum,6922.62,4.85,9.29,0,6889.24,4.87,9.34,0,RING,LL,4,RING,LL,4,0,RING,A_flag_ceiling
all_reduce_perf,3,24,67108864,16777216,float,sum,13797.9,4.86,9.32,0,13816.0,4.86,9.31,0,RING,LL,4,RING,LL,4,0,RING,A_flag_ceiling
all_reduce_perf,3,24,134217728,33554432,float,sum,27622.1,4.86,9.31,0,27691.4,4.85,9.29,0,RING,LL,4,RING,LL,4,0,RING,A_flag_ceiling
all_reduce_perf,3,24,268435456,67108864,float,sum,55197.6,4.86,9.32,0,55416.8,4.84,9.28,0,RING,LL,4,RING,LL,4,0,RING,A_flag_ceiling
all_reduce_perf,3,24,536870912,134217728,float,sum,110387.0,4.86,9.32,0,110832.0,4.84,9.28,0,RING,LL,4,RING,LL,4,0,RING,A_flag_ceiling
all_reduce_perf,3,24,4096,1024,float,sum,151.06,0.03,0.05,0,148.71,0.03,0.05,0,RING,LL128,4,RING,LL128,4,0,RING,A_flag_ceiling
all_reduce_perf,3,24,8192,2048,float,sum,150.4,0.05,0.1,0,148.68,0.06,0.11,0,RING,LL128,4,RING,LL128,4,0,RING,A_flag_ceiling
all_reduce_perf,3,24,16384,4096,float,sum,151.49,0.11,0.21,0,150.62,0.11,0.21,0,RING,LL128,4,RING,LL128,4,0,RING,A_flag_ceiling
all_reduce_perf,3,24,32768,8192,float,sum,154.56,0.21,0.41,0,153.46,0.21,0.41,0,RING,LL128,4,RING,LL128,4,0,RING,A_flag_ceiling
all_reduce_perf,3,24,65536,16384,float,sum,154.23,0.42,0.81,0,153.81,0.43,0.82,0,RING,LL128,4,RING,LL128,4,0,RING,A_flag_ceiling
all_reduce_perf,3,24,131072,32768,float,sum,154.82,0.85,1.62,0,165.99,0.79,1.51,0,RING,LL128,4,RING,LL128,4,0,RING,A_flag_ceiling
all_reduce_perf,3,24,262144,65536,float,sum,154.87,1.69,3.24,0,154.34,1.7,3.26,0,RING,LL128,4,RING,LL128,4,0,RING,A_flag_ceiling
all_reduce_perf,3,24,524288,131072,float,sum,159.87,3.28,6.29,0,157.62,3.33,6.38,0,RING,LL128,4,RING,LL128,4,0,RING,A_flag_ceiling
all_reduce_perf,3,24,1048576,262144,float,sum,166.75,6.29,12.05,0,163.54,6.41,12.29,0,RING,LL128,4,RING,LL128,4,0,RING,A_flag_ceiling
all_reduce_perf,3,24,2097152,524288,float,sum,185.37,11.31,21.68,0,179.26,11.7,22.42,0,RING,LL128,4,RING,LL128,4,0,RING,A_flag_ceiling
all_reduce_perf,3,24,4194304,1048576,float,sum,260.7,16.09,30.84,0,251.51,16.68,31.96,0,RING,LL128,4,RING,LL128,4,0,RING,A_flag_ceiling
all_reduce_perf,3,24,8388608,2097152,float,sum,452.04,18.56,35.57,0,435.88,19.25,36.89,0,RING,LL128,4,RING,LL128,4,0,RING,A_flag_ceiling
all_reduce_perf,3,24,16777216,4194304,float,sum,837.4,20.03,38.4,0,821.95,20.41,39.12,0,RING,LL128,4,RING,LL128,4,0,RING,A_flag_ceiling
all_reduce_perf,3,24,33554432,8388608,float,sum,1636.97,20.5,39.29,0,1615.18,20.77,39.82,0,RING,LL128,4,RING,LL128,4,0,RING,A_flag_ceiling
all_reduce_perf,3,24,67108864,16777216,float,sum,3235.23,20.74,39.76,0,3197.01,20.99,40.23,0,RING,LL128,4,RING,LL128,4,0,RING,A_flag_ceiling
all_reduce_perf,3,24,134217728,33554432,float,sum,6439.05,20.84,39.95,0,6378.58,21.04,40.33,0,RING,LL128,4,RING,LL128,4,0,RING,A_flag_ceiling
all_reduce_perf,3,24,268435456,67108864,float,sum,12847.3,20.89,40.05,0,12737.8,21.07,40.39,0,RING,LL128,4,RING,LL128,4,0,RING,A_flag_ceiling
all_reduce_perf,3,24,536870912,134217728,float,sum,25651.5,20.93,40.11,0,25484.5,21.07,40.38,0,RING,LL128,4,RING,LL128,4,0,RING,A_flag_ceiling
all_reduce_perf,3,24,4096,1024,float,sum,512.69,0.01,0.02,0,511.25,0.01,0.02,0,RING,SIMPLE,8,RING,SIMPLE,8,0,RING,A_flag_ceiling
all_reduce_perf,3,24,8192,2048,float,sum,512.77,0.02,0.03,0,511.99,0.02,0.03,0,RING,SIMPLE,8,RING,SIMPLE,8,0,RING,A_flag_ceiling
all_reduce_perf,3,24,16384,4096,float,sum,517.79,0.03,0.06,0,513.52,0.03,0.06,0,RING,SIMPLE,8,RING,SIMPLE,8,0,RING,A_flag_ceiling
all_reduce_perf,3,24,32768,8192,float,sum,521.95,0.06,0.12,0,519.81,0.06,0.12,0,RING,SIMPLE,8,RING,SIMPLE,8,0,RING,A_flag_ceiling
all_reduce_perf,3,24,65536,16384,float,sum,528.29,0.12,0.24,0,528.68,0.12,0.24,0,RING,SIMPLE,8,RING,SIMPLE,8,0,RING,A_flag_ceiling
all_reduce_perf,3,24,131072,32768,float,sum,532.97,0.25,0.47,0,532.44,0.25,0.47,0,RING,SIMPLE,8,RING,SIMPLE,8,0,RING,A_flag_ceiling
all_reduce_perf,3,24,262144,65536,float,sum,532.82,0.49,0.94,0,534.36,0.49,0.94,0,RING,SIMPLE,8,RING,SIMPLE,8,0,RING,A_flag_ceiling
all_reduce_perf,3,24,524288,131072,float,sum,537.79,0.97,1.87,0,536.42,0.98,1.87,0,RING,SIMPLE,8,RING,SIMPLE,8,0,RING,A_flag_ceiling
all_reduce_perf,3,24,1048576,262144,float,sum,544.78,1.92,3.69,0,543.05,1.93,3.7,0,RING,SIMPLE,8,RING,SIMPLE,8,0,RING,A_flag_ceiling
all_reduce_perf,3,24,2097152,524288,float,sum,553.99,3.79,7.26,0,550.9,3.81,7.3,0,RING,SIMPLE,8,RING,SIMPLE,8,0,RING,A_flag_ceiling
all_reduce_perf,3,24,4194304,1048576,float,sum,586.71,7.15,13.7,0,582.33,7.2,13.81,0,RING,SIMPLE,8,RING,SIMPLE,8,0,RING,A_flag_ceiling
all_reduce_perf,3,24,8388608,2097152,float,sum,605.74,13.85,26.54,0,603.01,13.91,26.66,0,RING,SIMPLE,8,RING,SIMPLE,8,0,RING,A_flag_ceiling
all_reduce_perf,3,24,16777216,4194304,float,sum,651.75,25.74,49.34,0,648.64,25.87,49.58,0,RING,SIMPLE,8,RING,SIMPLE,8,0,RING,A_flag_ceiling
all_reduce_perf,3,24,33554432,8388608,float,sum,906.76,37.0,70.93,0,911.98,36.79,70.52,0,RING,SIMPLE,8,RING,SIMPLE,8,0,RING,A_flag_ceiling
all_reduce_perf,3,24,67108864,16777216,float,sum,1409.04,47.63,91.29,0,1411.4,47.55,91.13,0,RING,SIMPLE,8,RING,SIMPLE,8,0,RING,A_flag_ceiling
all_reduce_perf,3,24,134217728,33554432,float,sum,2553.68,52.56,100.74,0,2560.12,52.43,100.48,0,RING,SIMPLE,8,RING,SIMPLE,8,0,RING,A_flag_ceiling
all_reduce_perf,3,24,268435456,67108864,float,sum,4632.98,57.94,111.05,0,4625.61,58.03,111.23,0,RING,SIMPLE,8,RING,SIMPLE,8,0,RING,A_flag_ceiling
all_reduce_perf,3,24,536870912,134217728,float,sum,8944.72,60.02,115.04,0,8950.67,59.98,114.96,0,RING,SIMPLE,8,RING,SIMPLE,8,0,RING,A_flag_ceiling
all_reduce_perf,3,24,4096,1024,float,sum,133.39,0.03,0.06,0,133.14,0.03,0.06,0,RING,LL,8,RING,LL,8,0,RING,A_flag_ceiling
all_reduce_perf,3,24,8192,2048,float,sum,138.05,0.06,0.11,0,138.29,0.06,0.11,0,RING,LL,8,RING,LL,8,0,RING,A_flag_ceiling
all_reduce_perf,3,24,16384,4096,float,sum,141.99,0.12,0.22,0,142.25,0.12,0.22,0,RING,LL,8,RING,LL,8,0,RING,A_flag_ceiling
all_reduce_perf,3,24,32768,8192,float,sum,140.76,0.23,0.45,0,141.28,0.23,0.44,0,RING,LL,8,RING,LL,8,0,RING,A_flag_ceiling
all_reduce_perf,3,24,65536,16384,float,sum,141.64,0.46,0.89,0,142.08,0.46,0.88,0,RING,LL,8,RING,LL,8,0,RING,A_flag_ceiling
all_reduce_perf,3,24,131072,32768,float,sum,143.38,0.91,1.75,0,142.58,0.92,1.76,0,RING,LL,8,RING,LL,8,0,RING,A_flag_ceiling
all_reduce_perf,3,24,262144,65536,float,sum,146.23,1.79,3.44,0,145.12,1.81,3.46,0,RING,LL,8,RING,LL,8,0,RING,A_flag_ceiling
all_reduce_perf,3,24,524288,131072,float,sum,160.21,3.27,6.27,0,158.46,3.31,6.34,0,RING,LL,8,RING,LL,8,0,RING,A_flag_ceiling
all_reduce_perf,3,24,1048576,262144,float,sum,182.34,5.75,11.02,0,180.74,5.8,11.12,0,RING,LL,8,RING,LL,8,0,RING,A_flag_ceiling
all_reduce_perf,3,24,2097152,524288,float,sum,272.75,7.69,14.74,0,269.17,7.79,14.93,0,RING,LL,8,RING,LL,8,0,RING,A_flag_ceiling
all_reduce_perf,3,24,4194304,1048576,float,sum,495.92,8.46,16.21,0,489.53,8.57,16.42,0,RING,LL,8,RING,LL,8,0,RING,A_flag_ceiling
all_reduce_perf,3,24,8388608,2097152,float,sum,914.1,9.18,17.59,0,894.45,9.38,17.98,0,RING,LL,8,RING,LL,8,0,RING,A_flag_ceiling
all_reduce_perf,3,24,16777216,4194304,float,sum,1766.26,9.5,18.21,0,1750.98,9.58,18.36,0,RING,LL,8,RING,LL,8,0,RING,A_flag_ceiling
all_reduce_perf,3,24,33554432,8388608,float,sum,3469.62,9.67,18.54,0,3446.57,9.74,18.66,0,RING,LL,8,RING,LL,8,0,RING,A_flag_ceiling
all_reduce_perf,3,24,67108864,16777216,float,sum,6945.61,9.66,18.52,0,6886.07,9.75,18.68,0,RING,LL,8,RING,LL,8,0,RING,A_flag_ceiling
all_reduce_perf,3,24,134217728,33554432,float,sum,13878.8,9.67,18.54,0,13812.3,9.72,18.62,0,RING,LL,8,RING,LL,8,0,RING,A_flag_ceiling
all_reduce_perf,3,24,268435456,67108864,float,sum,27765.5,9.67,18.53,0,27650.2,9.71,18.61,0,RING,LL,8,RING,LL,8,0,RING,A_flag_ceiling
all_reduce_perf,3,24,536870912,134217728,float,sum,55530.2,9.67,18.53,0,55372.7,9.7,18.58,0,RING,LL,8,RING,LL,8,0,RING,A_flag_ceiling
all_reduce_perf,3,24,4096,1024,float,sum,151.53,0.03,0.05,0,148.46,0.03,0.05,0,RING,LL128,8,RING,LL128,8,0,RING,A_flag_ceiling
all_reduce_perf,3,24,8192,2048,float,sum,147.57,0.06,0.11,0,147.92,0.06,0.11,0,RING,LL128,8,RING,LL128,8,0,RING,A_flag_ceiling
all_reduce_perf,3,24,16384,4096,float,sum,149.03,0.11,0.21,0,148.57,0.11,0.21,0,RING,LL128,8,RING,LL128,8,0,RING,A_flag_ceiling
all_reduce_perf,3,24,32768,8192,float,sum,152.9,0.21,0.41,0,152.28,0.22,0.41,0,RING,LL128,8,RING,LL128,8,0,RING,A_flag_ceiling
all_reduce_perf,3,24,65536,16384,float,sum,158.19,0.41,0.79,0,153.57,0.43,0.82,0,RING,LL128,8,RING,LL128,8,0,RING,A_flag_ceiling
all_reduce_perf,3,24,131072,32768,float,sum,158.83,0.83,1.58,0,160.95,0.81,1.56,0,RING,LL128,8,RING,LL128,8,0,RING,A_flag_ceiling
all_reduce_perf,3,24,262144,65536,float,sum,158.59,1.65,3.17,0,158.28,1.66,3.17,0,RING,LL128,8,RING,LL128,8,0,RING,A_flag_ceiling
all_reduce_perf,3,24,524288,131072,float,sum,159.81,3.28,6.29,0,158.35,3.31,6.35,0,RING,LL128,8,RING,LL128,8,0,RING,A_flag_ceiling
all_reduce_perf,3,24,1048576,262144,float,sum,164.74,6.36,12.2,0,162.68,6.45,12.35,0,RING,LL128,8,RING,LL128,8,0,RING,A_flag_ceiling
all_reduce_perf,3,24,2097152,524288,float,sum,171.64,12.22,23.42,0,167.58,12.51,23.99,0,RING,LL128,8,RING,LL128,8,0,RING,A_flag_ceiling
all_reduce_perf,3,24,4194304,1048576,float,sum,189.29,22.16,42.47,0,182.84,22.94,43.97,0,RING,LL128,8,RING,LL128,8,0,RING,A_flag_ceiling
all_reduce_perf,3,24,8388608,2097152,float,sum,263.85,31.79,60.94,0,255.35,32.85,62.97,0,RING,LL128,8,RING,LL128,8,0,RING,A_flag_ceiling
all_reduce_perf,3,24,16777216,4194304,float,sum,454.22,36.94,70.79,0,446.66,37.56,71.99,0,RING,LL128,8,RING,LL128,8,0,RING,A_flag_ceiling
all_reduce_perf,3,24,33554432,8388608,float,sum,845.62,39.68,76.05,0,832.91,40.29,77.21,0,RING,LL128,8,RING,LL128,8,0,RING,A_flag_ceiling
all_reduce_perf,3,24,67108864,16777216,float,sum,1651.49,40.64,77.88,0,1632.66,41.1,78.78,0,RING,LL128,8,RING,LL128,8,0,RING,A_flag_ceiling
all_reduce_perf,3,24,134217728,33554432,float,sum,3253.47,41.25,79.07,0,3334.54,40.25,77.15,0,RING,LL128,8,RING,LL128,8,0,RING,A_flag_ceiling
all_reduce_perf,3,24,268435456,67108864,float,sum,6479.49,41.43,79.4,0,6464.91,41.52,79.58,0,RING,LL128,8,RING,LL128,8,0,RING,A_flag_ceiling
all_reduce_perf,3,24,536870912,134217728,float,sum,12922.2,41.55,79.63,0,12937.9,41.5,79.53,0,RING,LL128,8,RING,LL128,8,0,RING,A_flag_ceiling
all_reduce_perf,3,24,4096,1024,float,sum,515.82,0.01,0.02,0,511.83,0.01,0.02,0,RING,SIMPLE,16,RING,SIMPLE,16,0,RING,A_flag_ceiling
all_reduce_perf,3,24,8192,2048,float,sum,510.78,0.02,0.03,0,511.28,0.02,0.03,0,RING,SIMPLE,16,RING,SIMPLE,16,0,RING,A_flag_ceiling
all_reduce_perf,3,24,16384,4096,float,sum,521.12,0.03,0.06,0,517.19,0.03,0.06,0,RING,SIMPLE,16,RING,SIMPLE,16,0,RING,A_flag_ceiling
all_reduce_perf,3,24,32768,8192,float,sum,521.85,0.06,0.12,0,522.38,0.06,0.12,0,RING,SIMPLE,16,RING,SIMPLE,16,0,RING,A_flag_ceiling
all_reduce_perf,3,24,65536,16384,float,sum,531.04,0.12,0.24,0,530.06,0.12,0.24,0,RING,SIMPLE,16,RING,SIMPLE,16,0,RING,A_flag_ceiling
all_reduce_perf,3,24,131072,32768,float,sum,565.85,0.23,0.44,0,565.62,0.23,0.44,0,RING,SIMPLE,16,RING,SIMPLE,16,0,RING,A_flag_ceiling
all_reduce_perf,3,24,262144,65536,float,sum,567.89,0.46,0.88,0,586.34,0.45,0.86,0,RING,SIMPLE,16,RING,SIMPLE,16,0,RING,A_flag_ceiling
all_reduce_perf,3,24,524288,131072,float,sum,569.71,0.92,1.76,0,567.83,0.92,1.77,0,RING,SIMPLE,16,RING,SIMPLE,16,0,RING,A_flag_ceiling
all_reduce_perf,3,24,1048576,262144,float,sum,573.45,1.83,3.5,0,662.3,1.58,3.03,0,RING,SIMPLE,16,RING,SIMPLE,16,0,RING,A_flag_ceiling
all_reduce_perf,3,24,2097152,524288,float,sum,579.72,3.62,6.93,0,578.47,3.63,6.95,0,RING,SIMPLE,16,RING,SIMPLE,16,0,RING,A_flag_ceiling
all_reduce_perf,3,24,4194304,1048576,float,sum,592.96,7.07,13.56,0,589.52,7.11,13.64,0,RING,SIMPLE,16,RING,SIMPLE,16,0,RING,A_flag_ceiling
all_reduce_perf,3,24,8388608,2097152,float,sum,625.23,13.42,25.72,0,622.49,13.48,25.83,0,RING,SIMPLE,16,RING,SIMPLE,16,0,RING,A_flag_ceiling
all_reduce_perf,3,24,16777216,4194304,float,sum,641.96,26.13,50.09,0,640.37,26.2,50.22,0,RING,SIMPLE,16,RING,SIMPLE,16,0,RING,A_flag_ceiling
all_reduce_perf,3,24,33554432,8388608,float,sum,692.46,48.46,92.88,0,691.91,48.5,92.95,0,RING,SIMPLE,16,RING,SIMPLE,16,0,RING,A_flag_ceiling
all_reduce_perf,3,24,67108864,16777216,float,sum,933.96,71.85,137.72,0,986.96,68.0,130.32,0,RING,SIMPLE,16,RING,SIMPLE,16,0,RING,A_flag_ceiling
all_reduce_perf,3,24,134217728,33554432,float,sum,1443.26,93.0,178.24,0,1436.5,93.43,179.08,0,RING,SIMPLE,16,RING,SIMPLE,16,0,RING,A_flag_ceiling
all_reduce_perf,3,24,268435456,67108864,float,sum,2557.41,104.96,201.18,0,2540.35,105.67,202.53,0,RING,SIMPLE,16,RING,SIMPLE,16,0,RING,A_flag_ceiling
all_reduce_perf,3,24,536870912,134217728,float,sum,4607.89,116.51,223.31,0,4561.85,117.69,225.57,0,RING,SIMPLE,16,RING,SIMPLE,16,0,RING,A_flag_ceiling
all_reduce_perf,3,24,4096,1024,float,sum,136.12,0.03,0.06,0,132.99,0.03,0.06,0,RING,LL,16,RING,LL,16,0,RING,A_flag_ceiling
all_reduce_perf,3,24,8192,2048,float,sum,135.84,0.06,0.12,0,135.79,0.06,0.12,0,RING,LL,16,RING,LL,16,0,RING,A_flag_ceiling
all_reduce_perf,3,24,16384,4096,float,sum,141.68,0.12,0.22,0,140.28,0.12,0.22,0,RING,LL,16,RING,LL,16,0,RING,A_flag_ceiling
all_reduce_perf,3,24,32768,8192,float,sum,178.42,0.18,0.35,0,176.92,0.19,0.35,0,RING,LL,16,RING,LL,16,0,RING,A_flag_ceiling
all_reduce_perf,3,24,65536,16384,float,sum,177.63,0.37,0.71,0,174.51,0.38,0.72,0,RING,LL,16,RING,LL,16,0,RING,A_flag_ceiling
all_reduce_perf,3,24,131072,32768,float,sum,182.99,0.72,1.37,0,178.66,0.73,1.41,0,RING,LL,16,RING,LL,16,0,RING,A_flag_ceiling
all_reduce_perf,3,24,262144,65536,float,sum,184.7,1.42,2.72,0,184.85,1.42,2.72,0,RING,LL,16,RING,LL,16,0,RING,A_flag_ceiling
all_reduce_perf,3,24,524288,131072,float,sum,196.6,2.67,5.11,0,200.33,2.62,5.02,0,RING,LL,16,RING,LL,16,0,RING,A_flag_ceiling
all_reduce_perf,3,24,1048576,262144,float,sum,229.62,4.57,8.75,0,231.75,4.52,8.67,0,RING,LL,16,RING,LL,16,0,RING,A_flag_ceiling
all_reduce_perf,3,24,2097152,524288,float,sum,265.15,7.91,15.16,0,265.46,7.9,15.14,0,RING,LL,16,RING,LL,16,0,RING,A_flag_ceiling
all_reduce_perf,3,24,4194304,1048576,float,sum,333.81,12.56,24.08,0,338.18,12.4,23.77,0,RING,LL,16,RING,LL,16,0,RING,A_flag_ceiling
all_reduce_perf,3,24,8388608,2097152,float,sum,615.31,13.63,26.13,0,607.95,13.8,26.45,0,RING,LL,16,RING,LL,16,0,RING,A_flag_ceiling
all_reduce_perf,3,24,16777216,4194304,float,sum,1023.46,16.39,31.42,0,1040.7,16.12,30.9,0,RING,LL,16,RING,LL,16,0,RING,A_flag_ceiling
all_reduce_perf,3,24,33554432,8388608,float,sum,1986.74,16.89,32.37,0,2011.63,16.68,31.97,0,RING,LL,16,RING,LL,16,0,RING,A_flag_ceiling
all_reduce_perf,3,24,67108864,16777216,float,sum,3775.1,17.78,34.07,0,3747.51,17.91,34.32,0,RING,LL,16,RING,LL,16,0,RING,A_flag_ceiling
all_reduce_perf,3,24,134217728,33554432,float,sum,7439.76,18.04,34.58,0,7436.34,18.05,34.59,0,RING,LL,16,RING,LL,16,0,RING,A_flag_ceiling
all_reduce_perf,3,24,268435456,67108864,float,sum,14690.2,18.27,35.02,0,14660.8,18.31,35.09,0,RING,LL,16,RING,LL,16,0,RING,A_flag_ceiling
all_reduce_perf,3,24,536870912,134217728,float,sum,29241.4,18.36,35.19,0,29282.1,18.33,35.14,0,RING,LL,16,RING,LL,16,0,RING,A_flag_ceiling
all_reduce_perf,3,24,4096,1024,float,sum,154.33,0.03,0.05,0,147.93,0.03,0.05,0,RING,LL128,16,RING,LL128,16,0,RING,A_flag_ceiling
all_reduce_perf,3,24,8192,2048,float,sum,149.62,0.05,0.1,0,147.8,0.06,0.11,0,RING,LL128,16,RING,LL128,16,0,RING,A_flag_ceiling
all_reduce_perf,3,24,16384,4096,float,sum,149.93,0.11,0.21,0,149.16,0.11,0.21,0,RING,LL128,16,RING,LL128,16,0,RING,A_flag_ceiling
all_reduce_perf,3,24,32768,8192,float,sum,152.57,0.21,0.41,0,151.87,0.22,0.41,0,RING,LL128,16,RING,LL128,16,0,RING,A_flag_ceiling
all_reduce_perf,3,24,65536,16384,float,sum,157.86,0.42,0.8,0,156.87,0.42,0.8,0,RING,LL128,16,RING,LL128,16,0,RING,A_flag_ceiling
all_reduce_perf,3,24,131072,32768,float,sum,186.49,0.7,1.35,0,187.51,0.7,1.34,0,RING,LL128,16,RING,LL128,16,0,RING,A_flag_ceiling
all_reduce_perf,3,24,262144,65536,float,sum,185.57,1.41,2.71,0,185.67,1.41,2.71,0,RING,LL128,16,RING,LL128,16,0,RING,A_flag_ceiling
all_reduce_perf,3,24,524288,131072,float,sum,187.08,2.8,5.37,0,182.98,2.87,5.49,0,RING,LL128,16,RING,LL128,16,0,RING,A_flag_ceiling
all_reduce_perf,3,24,1048576,262144,float,sum,186.23,5.63,10.79,0,185.67,5.65,10.82,0,RING,LL128,16,RING,LL128,16,0,RING,A_flag_ceiling
all_reduce_perf,3,24,2097152,524288,float,sum,188.08,11.15,21.37,0,187.01,11.21,21.49,0,RING,LL128,16,RING,LL128,16,0,RING,A_flag_ceiling
all_reduce_perf,3,24,4194304,1048576,float,sum,183.05,22.91,43.92,0,192.45,21.79,41.77,0,RING,LL128,16,RING,LL128,16,0,RING,A_flag_ceiling
all_reduce_perf,3,24,8388608,2097152,float,sum,196.52,42.69,81.81,0,190.46,44.04,84.42,0,RING,LL128,16,RING,LL128,16,0,RING,A_flag_ceiling
all_reduce_perf,3,24,16777216,4194304,float,sum,277.1,60.55,116.04,0,273.11,61.43,117.74,0,RING,LL128,16,RING,LL128,16,0,RING,A_flag_ceiling
all_reduce_perf,3,24,33554432,8388608,float,sum,473.21,70.91,135.91,0,468.99,71.55,137.13,0,RING,LL128,16,RING,LL128,16,0,RING,A_flag_ceiling
all_reduce_perf,3,24,67108864,16777216,float,sum,881.34,76.14,145.94,0,879.02,76.34,146.33,0,RING,LL128,16,RING,LL128,16,0,RING,A_flag_ceiling
all_reduce_perf,3,24,134217728,33554432,float,sum,1733.14,77.44,148.43,0,1723.76,77.86,149.24,0,RING,LL128,16,RING,LL128,16,0,RING,A_flag_ceiling
all_reduce_perf,3,24,268435456,67108864,float,sum,3406.79,78.79,151.02,0,3407.52,78.78,150.99,0,RING,LL128,16,RING,LL128,16,0,RING,A_flag_ceiling
all_reduce_perf,3,24,536870912,134217728,float,sum,6757.47,79.45,152.28,0,6792.37,79.04,151.49,0,RING,LL128,16,RING,LL128,16,0,RING,A_flag_ceiling
all_reduce_perf,3,24,4096,1024,float,sum,514.18,0.01,0.02,0,511.51,0.01,0.02,0,RING,SIMPLE,24,RING,SIMPLE,24,0,RING,A_flag_ceiling
all_reduce_perf,3,24,8192,2048,float,sum,511.83,0.02,0.03,0,512.26,0.02,0.03,0,RING,SIMPLE,24,RING,SIMPLE,24,0,RING,A_flag_ceiling
all_reduce_perf,3,24,16384,4096,float,sum,513.69,0.03,0.06,0,513.02,0.03,0.06,0,RING,SIMPLE,24,RING,SIMPLE,24,0,RING,A_flag_ceiling
all_reduce_perf,3,24,32768,8192,float,sum,521.69,0.06,0.12,0,521.24,0.06,0.12,0,RING,SIMPLE,24,RING,SIMPLE,24,0,RING,A_flag_ceiling
all_reduce_perf,3,24,65536,16384,float,sum,531.39,0.12,0.24,0,531.75,0.12,0.24,0,RING,SIMPLE,24,RING,SIMPLE,24,0,RING,A_flag_ceiling
all_reduce_perf,3,24,131072,32768,float,sum,565.21,0.23,0.44,0,565.78,0.23,0.44,0,RING,SIMPLE,24,RING,SIMPLE,24,0,RING,A_flag_ceiling
all_reduce_perf,3,24,262144,65536,float,sum,568.28,0.46,0.88,0,565.74,0.46,0.89,0,RING,SIMPLE,24,RING,SIMPLE,24,0,RING,A_flag_ceiling
all_reduce_perf,3,24,524288,131072,float,sum,610.23,0.86,1.65,0,608.09,0.86,1.65,0,RING,SIMPLE,24,RING,SIMPLE,24,0,RING,A_flag_ceiling
all_reduce_perf,3,24,1048576,262144,float,sum,610.31,1.72,3.29,0,607.17,1.73,3.31,0,RING,SIMPLE,24,RING,SIMPLE,24,0,RING,A_flag_ceiling
all_reduce_perf,3,24,2097152,524288,float,sum,627.17,3.34,6.41,0,626.4,3.35,6.42,0,RING,SIMPLE,24,RING,SIMPLE,24,0,RING,A_flag_ceiling
all_reduce_perf,3,24,4194304,1048576,float,sum,631.95,6.64,12.72,0,634.75,6.61,12.67,0,RING,SIMPLE,24,RING,SIMPLE,24,0,RING,A_flag_ceiling
all_reduce_perf,3,24,8388608,2097152,float,sum,655.7,12.79,24.52,0,650.94,12.89,24.7,0,RING,SIMPLE,24,RING,SIMPLE,24,0,RING,A_flag_ceiling
all_reduce_perf,3,24,16777216,4194304,float,sum,690.27,24.31,46.59,0,689.53,24.33,46.64,0,RING,SIMPLE,24,RING,SIMPLE,24,0,RING,A_flag_ceiling
all_reduce_perf,3,24,33554432,8388608,float,sum,694.02,48.35,92.67,0,695.17,48.27,92.51,0,RING,SIMPLE,24,RING,SIMPLE,24,0,RING,A_flag_ceiling
all_reduce_perf,3,24,67108864,16777216,float,sum,785.14,85.47,163.82,0,787.1,85.26,163.42,0,RING,SIMPLE,24,RING,SIMPLE,24,0,RING,A_flag_ceiling
all_reduce_perf,3,24,134217728,33554432,float,sum,1129.83,118.8,227.69,0,1128.79,118.9,227.9,0,RING,SIMPLE,24,RING,SIMPLE,24,0,RING,A_flag_ceiling
all_reduce_perf,3,24,268435456,67108864,float,sum,1837.9,146.06,279.94,0,1839.53,145.93,279.69,0,RING,SIMPLE,24,RING,SIMPLE,24,0,RING,A_flag_ceiling
all_reduce_perf,3,24,536870912,134217728,float,sum,3270.94,164.13,314.59,0,3253.6,165.01,316.27,0,RING,SIMPLE,24,RING,SIMPLE,24,0,RING,A_flag_ceiling
all_reduce_perf,3,24,4096,1024,float,sum,136.3,0.03,0.06,0,132.71,0.03,0.06,0,RING,LL,24,RING,LL,24,0,RING,A_flag_ceiling
all_reduce_perf,3,24,8192,2048,float,sum,136.83,0.06,0.11,0,150.15,0.05,0.1,0,RING,LL,24,RING,LL,24,0,RING,A_flag_ceiling
all_reduce_perf,3,24,16384,4096,float,sum,141.44,0.12,0.22,0,140.73,0.12,0.22,0,RING,LL,24,RING,LL,24,0,RING,A_flag_ceiling
all_reduce_perf,3,24,32768,8192,float,sum,173.2,0.19,0.36,0,173.74,0.19,0.36,0,RING,LL,24,RING,LL,24,0,RING,A_flag_ceiling
all_reduce_perf,3,24,65536,16384,float,sum,171.65,0.38,0.73,0,172.8,0.38,0.73,0,RING,LL,24,RING,LL,24,0,RING,A_flag_ceiling
all_reduce_perf,3,24,131072,32768,float,sum,219.37,0.6,1.15,0,222.77,0.59,1.13,0,RING,LL,24,RING,LL,24,0,RING,A_flag_ceiling
all_reduce_perf,3,24,262144,65536,float,sum,230.0,1.14,2.18,0,229.22,1.14,2.19,0,RING,LL,24,RING,LL,24,0,RING,A_flag_ceiling
all_reduce_perf,3,24,524288,131072,float,sum,245.24,2.14,4.1,0,241.85,2.17,4.15,0,RING,LL,24,RING,LL,24,0,RING,A_flag_ceiling
all_reduce_perf,3,24,1048576,262144,float,sum,262.73,3.99,7.65,0,265.48,3.95,7.57,0,RING,LL,24,RING,LL,24,0,RING,A_flag_ceiling
all_reduce_perf,3,24,2097152,524288,float,sum,311.29,6.74,12.91,0,307.79,6.81,13.06,0,RING,LL,24,RING,LL,24,0,RING,A_flag_ceiling
all_reduce_perf,3,24,4194304,1048576,float,sum,384.89,10.9,20.89,0,384.65,10.9,20.9,0,RING,LL,24,RING,LL,24,0,RING,A_flag_ceiling
all_reduce_perf,3,24,8388608,2097152,float,sum,498.23,16.84,32.27,0,499.96,16.78,32.16,0,RING,LL,24,RING,LL,24,0,RING,A_flag_ceiling
all_reduce_perf,3,24,16777216,4194304,float,sum,943.94,17.77,34.07,0,943.12,17.79,34.1,0,RING,LL,24,RING,LL,24,0,RING,A_flag_ceiling
all_reduce_perf,3,24,33554432,8388608,float,sum,1826.08,18.38,35.22,0,1824.69,18.39,35.25,0,RING,LL,24,RING,LL,24,0,RING,A_flag_ceiling
all_reduce_perf,3,24,67108864,16777216,float,sum,3551.14,18.9,36.22,0,3557.07,18.87,36.16,0,RING,LL,24,RING,LL,24,0,RING,A_flag_ceiling
all_reduce_perf,3,24,134217728,33554432,float,sum,6976.68,19.24,36.87,0,6949.02,19.31,37.02,0,RING,LL,24,RING,LL,24,0,RING,A_flag_ceiling
all_reduce_perf,3,24,268435456,67108864,float,sum,14016.5,19.15,36.71,0,14001.2,19.17,36.75,0,RING,LL,24,RING,LL,24,0,RING,A_flag_ceiling
all_reduce_perf,3,24,536870912,134217728,float,sum,28344.8,18.94,36.3,0,28414.1,18.89,36.21,0,RING,LL,24,RING,LL,24,0,RING,A_flag_ceiling
all_reduce_perf,3,24,4096,1024,float,sum,156.53,0.03,0.05,0,153.04,0.03,0.05,0,RING,LL128,24,RING,LL128,24,0,RING,A_flag_ceiling
all_reduce_perf,3,24,8192,2048,float,sum,153.48,0.05,0.1,0,153.68,0.05,0.1,0,RING,LL128,24,RING,LL128,24,0,RING,A_flag_ceiling
all_reduce_perf,3,24,16384,4096,float,sum,153.55,0.11,0.2,0,153.47,0.11,0.2,0,RING,LL128,24,RING,LL128,24,0,RING,A_flag_ceiling
all_reduce_perf,3,24,32768,8192,float,sum,154.73,0.21,0.41,0,154.11,0.21,0.41,0,RING,LL128,24,RING,LL128,24,0,RING,A_flag_ceiling
all_reduce_perf,3,24,65536,16384,float,sum,158.8,0.41,0.79,0,157.82,0.42,0.8,0,RING,LL128,24,RING,LL128,24,0,RING,A_flag_ceiling
all_reduce_perf,3,24,131072,32768,float,sum,180.47,0.73,1.39,0,182.3,0.72,1.38,0,RING,LL128,24,RING,LL128,24,0,RING,A_flag_ceiling
all_reduce_perf,3,24,262144,65536,float,sum,180.35,1.45,2.79,0,179.67,1.46,2.8,0,RING,LL128,24,RING,LL128,24,0,RING,A_flag_ceiling
all_reduce_perf,3,24,524288,131072,float,sum,220.35,2.38,4.56,0,219.44,2.39,4.58,0,RING,LL128,24,RING,LL128,24,0,RING,A_flag_ceiling
all_reduce_perf,3,24,1048576,262144,float,sum,220.55,4.75,9.11,0,218.83,4.79,9.18,0,RING,LL128,24,RING,LL128,24,0,RING,A_flag_ceiling
all_reduce_perf,3,24,2097152,524288,float,sum,225.44,9.3,17.83,0,225.72,9.29,17.81,0,RING,LL128,24,RING,LL128,24,0,RING,A_flag_ceiling
all_reduce_perf,3,24,4194304,1048576,float,sum,228.9,18.32,35.12,0,227.78,18.41,35.29,0,RING,LL128,24,RING,LL128,24,0,RING,A_flag_ceiling
all_reduce_perf,3,24,8388608,2097152,float,sum,231.82,36.19,69.36,0,233.42,35.94,68.88,0,RING,LL128,24,RING,LL128,24,0,RING,A_flag_ceiling
all_reduce_perf,3,24,16777216,4194304,float,sum,242.97,69.05,132.34,0,241.53,69.46,133.14,0,RING,LL128,24,RING,LL128,24,0,RING,A_flag_ceiling
all_reduce_perf,3,24,33554432,8388608,float,sum,365.21,91.88,176.1,0,361.63,92.79,177.84,0,RING,LL128,24,RING,LL128,24,0,RING,A_flag_ceiling
all_reduce_perf,3,24,67108864,16777216,float,sum,725.04,92.56,177.4,0,724.78,92.59,177.47,0,RING,LL128,24,RING,LL128,24,0,RING,A_flag_ceiling
all_reduce_perf,3,24,134217728,33554432,float,sum,1287.19,104.27,199.85,0,1260.55,106.48,204.08,0,RING,LL128,24,RING,LL128,24,0,RING,A_flag_ceiling
all_reduce_perf,3,24,268435456,67108864,float,sum,2416.9,111.07,212.88,0,2429.23,110.5,211.8,0,RING,LL128,24,RING,LL128,24,0,RING,A_flag_ceiling
all_reduce_perf,3,24,536870912,134217728,float,sum,4787.32,112.14,214.94,0,4822.32,111.33,213.38,0,RING,LL128,24,RING,LL128,24,0,RING,A_flag_ceiling
all_reduce_perf,3,24,4096,1024,float,sum,513.49,0.01,0.02,0,511.52,0.01,0.02,0,RING,SIMPLE,32,RING,SIMPLE,32,0,RING,A_flag_ceiling
all_reduce_perf,3,24,8192,2048,float,sum,514.55,0.02,0.03,0,510.98,0.02,0.03,0,RING,SIMPLE,32,RING,SIMPLE,32,0,RING,A_flag_ceiling
all_reduce_perf,3,24,16384,4096,float,sum,515.38,0.03,0.06,0,514.38,0.03,0.06,0,RING,SIMPLE,32,RING,SIMPLE,32,0,RING,A_flag_ceiling
all_reduce_perf,3,24,32768,8192,float,sum,524.45,0.06,0.12,0,525.59,0.06,0.12,0,RING,SIMPLE,32,RING,SIMPLE,32,0,RING,A_flag_ceiling
all_reduce_perf,3,24,65536,16384,float,sum,534.79,0.12,0.23,0,531.22,0.12,0.24,0,RING,SIMPLE,32,RING,SIMPLE,32,0,RING,A_flag_ceiling
all_reduce_perf,3,24,131072,32768,float,sum,563.32,0.23,0.45,0,563.66,0.23,0.45,0,RING,SIMPLE,32,RING,SIMPLE,32,0,RING,A_flag_ceiling
all_reduce_perf,3,24,262144,65536,float,sum,687.83,0.38,0.73,0,688.8,0.38,0.73,0,RING,SIMPLE,32,RING,SIMPLE,32,0,RING,A_flag_ceiling
all_reduce_perf,3,24,524288,131072,float,sum,688.54,0.76,1.46,0,688.13,0.76,1.46,0,RING,SIMPLE,32,RING,SIMPLE,32,0,RING,A_flag_ceiling
all_reduce_perf,3,24,1048576,262144,float,sum,690.3,1.52,2.91,0,691.05,1.52,2.91,0,RING,SIMPLE,32,RING,SIMPLE,32,0,RING,A_flag_ceiling
all_reduce_perf,3,24,2097152,524288,float,sum,693.89,3.02,5.79,0,692.23,3.03,5.81,0,RING,SIMPLE,32,RING,SIMPLE,32,0,RING,A_flag_ceiling
all_reduce_perf,3,24,4194304,1048576,float,sum,705.67,5.94,11.39,0,707.84,5.93,11.36,0,RING,SIMPLE,32,RING,SIMPLE,32,0,RING,A_flag_ceiling
all_reduce_perf,3,24,8388608,2097152,float,sum,711.72,11.79,22.59,0,708.49,11.84,22.69,0,RING,SIMPLE,32,RING,SIMPLE,32,0,RING,A_flag_ceiling
all_reduce_perf,3,24,16777216,4194304,float,sum,746.93,22.46,43.05,0,745.63,22.5,43.13,0,RING,SIMPLE,32,RING,SIMPLE,32,0,RING,A_flag_ceiling
all_reduce_perf,3,24,33554432,8388608,float,sum,763.1,43.97,84.28,0,766.07,43.8,83.95,0,RING,SIMPLE,32,RING,SIMPLE,32,0,RING,A_flag_ceiling
all_reduce_perf,3,24,67108864,16777216,float,sum,798.66,84.03,161.05,0,800.52,83.83,160.68,0,RING,SIMPLE,32,RING,SIMPLE,32,0,RING,A_flag_ceiling
all_reduce_perf,3,24,134217728,33554432,float,sum,1003.4,133.76,256.38,0,1000.59,134.14,257.1,0,RING,SIMPLE,32,RING,SIMPLE,32,0,RING,A_flag_ceiling
all_reduce_perf,3,24,268435456,67108864,float,sum,1546.1,173.62,332.77,0,1547.48,173.47,332.48,0,RING,SIMPLE,32,RING,SIMPLE,32,0,RING,A_flag_ceiling
all_reduce_perf,3,24,536870912,134217728,float,sum,2813.32,190.83,365.76,0,2815.2,190.7,365.52,0,RING,SIMPLE,32,RING,SIMPLE,32,0,RING,A_flag_ceiling
all_reduce_perf,3,24,4096,1024,float,sum,136.05,0.03,0.06,0,132.4,0.03,0.06,0,RING,LL,32,RING,LL,32,0,RING,A_flag_ceiling
all_reduce_perf,3,24,8192,2048,float,sum,138.07,0.06,0.11,0,137.31,0.06,0.11,0,RING,LL,32,RING,LL,32,0,RING,A_flag_ceiling
all_reduce_perf,3,24,16384,4096,float,sum,141.14,0.12,0.22,0,141.46,0.12,0.22,0,RING,LL,32,RING,LL,32,0,RING,A_flag_ceiling
all_reduce_perf,3,24,32768,8192,float,sum,173.69,0.19,0.36,0,173.17,0.19,0.36,0,RING,LL,32,RING,LL,32,0,RING,A_flag_ceiling
all_reduce_perf,3,24,65536,16384,float,sum,266.35,0.25,0.47,0,265.73,0.25,0.47,0,RING,LL,32,RING,LL,32,0,RING,A_flag_ceiling
all_reduce_perf,3,24,131072,32768,float,sum,278.53,0.47,0.9,0,264.56,0.5,0.95,0,RING,LL,32,RING,LL,32,0,RING,A_flag_ceiling
all_reduce_perf,3,24,262144,65536,float,sum,290.91,0.9,1.73,0,287.3,0.91,1.75,0,RING,LL,32,RING,LL,32,0,RING,A_flag_ceiling
all_reduce_perf,3,24,524288,131072,float,sum,298.74,1.75,3.36,0,294.02,1.78,3.42,0,RING,LL,32,RING,LL,32,0,RING,A_flag_ceiling
all_reduce_perf,3,24,1048576,262144,float,sum,317.31,3.3,6.33,0,314.4,3.34,6.39,0,RING,LL,32,RING,LL,32,0,RING,A_flag_ceiling
all_reduce_perf,3,24,2097152,524288,float,sum,368.79,5.69,10.9,0,374.26,5.6,10.74,0,RING,LL,32,RING,LL,32,0,RING,A_flag_ceiling
all_reduce_perf,3,24,4194304,1048576,float,sum,448.01,9.36,17.94,0,451.12,9.3,17.82,0,RING,LL,32,RING,LL,32,0,RING,A_flag_ceiling
all_reduce_perf,3,24,8388608,2097152,float,sum,567.29,14.79,28.34,0,559.15,15.0,28.75,0,RING,LL,32,RING,LL,32,0,RING,A_flag_ceiling
all_reduce_perf,3,24,16777216,4194304,float,sum,1035.12,16.21,31.07,0,1036.93,16.18,31.01,0,RING,LL,32,RING,LL,32,0,RING,A_flag_ceiling
all_reduce_perf,3,24,33554432,8388608,float,sum,1747.36,19.2,36.81,0,1758.6,19.08,36.57,0,RING,LL,32,RING,LL,32,0,RING,A_flag_ceiling
all_reduce_perf,3,24,67108864,16777216,float,sum,3432.16,19.55,37.48,0,3426.01,19.59,37.54,0,RING,LL,32,RING,LL,32,0,RING,A_flag_ceiling
all_reduce_perf,3,24,134217728,33554432,float,sum,6548.32,20.5,39.28,0,6557.78,20.47,39.23,0,RING,LL,32,RING,LL,32,0,RING,A_flag_ceiling
all_reduce_perf,3,24,268435456,67108864,float,sum,13009.1,20.63,39.55,0,12994.6,20.66,39.59,0,RING,LL,32,RING,LL,32,0,RING,A_flag_ceiling
all_reduce_perf,3,24,536870912,134217728,float,sum,25692.2,20.9,40.05,0,25684.1,20.9,40.06,0,RING,LL,32,RING,LL,32,0,RING,A_flag_ceiling
all_reduce_perf,3,24,4096,1024,float,sum,156.29,0.03,0.05,0,152.31,0.03,0.05,0,RING,LL128,32,RING,LL128,32,0,RING,A_flag_ceiling
all_reduce_perf,3,24,8192,2048,float,sum,153.68,0.05,0.1,0,152.21,0.05,0.1,0,RING,LL128,32,RING,LL128,32,0,RING,A_flag_ceiling
all_reduce_perf,3,24,16384,4096,float,sum,153.47,0.11,0.2,0,153.33,0.11,0.2,0,RING,LL128,32,RING,LL128,32,0,RING,A_flag_ceiling
all_reduce_perf,3,24,32768,8192,float,sum,155.44,0.21,0.4,0,157.27,0.21,0.4,0,RING,LL128,32,RING,LL128,32,0,RING,A_flag_ceiling
all_reduce_perf,3,24,65536,16384,float,sum,158.81,0.41,0.79,0,159.16,0.41,0.79,0,RING,LL128,32,RING,LL128,32,0,RING,A_flag_ceiling
all_reduce_perf,3,24,131072,32768,float,sum,186.1,0.7,1.35,0,181.11,0.72,1.39,0,RING,LL128,32,RING,LL128,32,0,RING,A_flag_ceiling
all_reduce_perf,3,24,262144,65536,float,sum,272.75,0.96,1.84,0,272.66,0.96,1.84,0,RING,LL128,32,RING,LL128,32,0,RING,A_flag_ceiling
all_reduce_perf,3,24,524288,131072,float,sum,273.69,1.92,3.67,0,272.96,1.92,3.68,0,RING,LL128,32,RING,LL128,32,0,RING,A_flag_ceiling
all_reduce_perf,3,24,1048576,262144,float,sum,272.89,3.84,7.36,0,274.1,3.83,7.33,0,RING,LL128,32,RING,LL128,32,0,RING,A_flag_ceiling
all_reduce_perf,3,24,2097152,524288,float,sum,274.95,7.63,14.62,0,272.99,7.68,14.72,0,RING,LL128,32,RING,LL128,32,0,RING,A_flag_ceiling
all_reduce_perf,3,24,4194304,1048576,float,sum,275.79,15.21,29.15,0,275.49,15.22,29.18,0,RING,LL128,32,RING,LL128,32,0,RING,A_flag_ceiling
all_reduce_perf,3,24,8388608,2097152,float,sum,280.56,29.9,57.31,0,280.16,29.94,57.39,0,RING,LL128,32,RING,LL128,32,0,RING,A_flag_ceiling
all_reduce_perf,3,24,16777216,4194304,float,sum,288.96,58.06,111.28,0,288.44,58.16,111.48,0,RING,LL128,32,RING,LL128,32,0,RING,A_flag_ceiling
all_reduce_perf,3,24,33554432,8388608,float,sum,317.02,105.84,202.86,0,314.92,106.55,204.22,0,RING,LL128,32,RING,LL128,32,0,RING,A_flag_ceiling
all_reduce_perf,3,24,67108864,16777216,float,sum,537.13,124.94,239.47,0,534.96,125.45,240.44,0,RING,LL128,32,RING,LL128,32,0,RING,A_flag_ceiling
all_reduce_perf,3,24,134217728,33554432,float,sum,1005.34,133.5,255.88,0,1003.52,133.75,256.35,0,RING,LL128,32,RING,LL128,32,0,RING,A_flag_ceiling
all_reduce_perf,3,24,268435456,67108864,float,sum,1963.38,136.72,262.05,0,1965.94,136.54,261.71,0,RING,LL128,32,RING,LL128,32,0,RING,A_flag_ceiling
all_reduce_perf,3,24,536870912,134217728,float,sum,3857.48,139.18,266.76,0,3860.65,139.06,266.54,0,RING,LL128,32,RING,LL128,32,0,RING,A_flag_ceiling
all_reduce_perf,3,24,4096,1024,float,sum,514.97,0.01,0.02,0,509.15,0.01,0.02,0,RING,SIMPLE,40,RING,SIMPLE,40,0,RING,A_flag_ceiling
all_reduce_perf,3,24,8192,2048,float,sum,510.22,0.02,0.03,0,509.57,0.02,0.03,0,RING,SIMPLE,40,RING,SIMPLE,40,0,RING,A_flag_ceiling
all_reduce_perf,3,24,16384,4096,float,sum,521.63,0.03,0.06,0,519.9,0.03,0.06,0,RING,SIMPLE,40,RING,SIMPLE,40,0,RING,A_flag_ceiling
all_reduce_perf,3,24,32768,8192,float,sum,521.2,0.06,0.12,0,521.59,0.06,0.12,0,RING,SIMPLE,40,RING,SIMPLE,40,0,RING,A_flag_ceiling
all_reduce_perf,3,24,65536,16384,float,sum,531.62,0.12,0.24,0,530.63,0.12,0.24,0,RING,SIMPLE,40,RING,SIMPLE,40,0,RING,A_flag_ceiling
all_reduce_perf,3,24,131072,32768,float,sum,565.66,0.23,0.44,0,565.07,0.23,0.44,0,RING,SIMPLE,40,RING,SIMPLE,40,0,RING,A_flag_ceiling
all_reduce_perf,3,24,262144,65536,float,sum,691.81,0.38,0.73,0,691.95,0.38,0.73,0,RING,SIMPLE,40,RING,SIMPLE,40,0,RING,A_flag_ceiling
all_reduce_perf,3,24,524288,131072,float,sum,693.23,0.76,1.45,0,690.73,0.76,1.45,0,RING,SIMPLE,40,RING,SIMPLE,40,0,RING,A_flag_ceiling
all_reduce_perf,3,24,1048576,262144,float,sum,696.44,1.51,2.89,0,693.99,1.51,2.9,0,RING,SIMPLE,40,RING,SIMPLE,40,0,RING,A_flag_ceiling
all_reduce_perf,3,24,2097152,524288,float,sum,766.87,2.73,5.24,0,765.71,2.74,5.25,0,RING,SIMPLE,40,RING,SIMPLE,40,0,RING,A_flag_ceiling
all_reduce_perf,3,24,4194304,1048576,float,sum,812.71,5.16,9.89,0,805.86,5.2,9.98,0,RING,SIMPLE,40,RING,SIMPLE,40,0,RING,A_flag_ceiling
all_reduce_perf,3,24,8388608,2097152,float,sum,810.63,10.35,19.83,0,811.03,10.34,19.82,0,RING,SIMPLE,40,RING,SIMPLE,40,0,RING,A_flag_ceiling
all_reduce_perf,3,24,16777216,4194304,float,sum,829.36,20.23,38.77,0,827.94,20.26,38.84,0,RING,SIMPLE,40,RING,SIMPLE,40,0,RING,A_flag_ceiling
all_reduce_perf,3,24,33554432,8388608,float,sum,854.34,39.28,75.28,0,855.11,39.24,75.21,0,RING,SIMPLE,40,RING,SIMPLE,40,0,RING,A_flag_ceiling
all_reduce_perf,3,24,67108864,16777216,float,sum,884.31,75.89,145.45,0,887.5,75.62,144.93,0,RING,SIMPLE,40,RING,SIMPLE,40,0,RING,A_flag_ceiling
all_reduce_perf,3,24,134217728,33554432,float,sum,1027.78,130.59,250.3,0,1023.97,131.08,251.23,0,RING,SIMPLE,40,RING,SIMPLE,40,0,RING,A_flag_ceiling
all_reduce_perf,3,24,268435456,67108864,float,sum,1505.9,178.26,341.66,0,1507.85,178.03,341.22,0,RING,SIMPLE,40,RING,SIMPLE,40,0,RING,A_flag_ceiling
all_reduce_perf,3,24,536870912,134217728,float,sum,2758.36,194.63,373.05,0,2774.58,193.5,370.87,0,RING,SIMPLE,40,RING,SIMPLE,40,0,RING,A_flag_ceiling
all_reduce_perf,3,24,4096,1024,float,sum,133.56,0.03,0.06,0,132.87,0.03,0.06,0,RING,LL,40,RING,LL,40,0,RING,A_flag_ceiling
all_reduce_perf,3,24,8192,2048,float,sum,136.35,0.06,0.12,0,136.94,0.06,0.11,0,RING,LL,40,RING,LL,40,0,RING,A_flag_ceiling
all_reduce_perf,3,24,16384,4096,float,sum,142.34,0.12,0.22,0,141.98,0.12,0.22,0,RING,LL,40,RING,LL,40,0,RING,A_flag_ceiling
all_reduce_perf,3,24,32768,8192,float,sum,174.81,0.19,0.36,0,173.93,0.19,0.36,0,RING,LL,40,RING,LL,40,0,RING,A_flag_ceiling
all_reduce_perf,3,24,65536,16384,float,sum,271.84,0.24,0.46,0,261.24,0.25,0.48,0,RING,LL,40,RING,LL,40,0,RING,A_flag_ceiling
all_reduce_perf,3,24,131072,32768,float,sum,264.99,0.49,0.95,0,266.21,0.49,0.94,0,RING,LL,40,RING,LL,40,0,RING,A_flag_ceiling
all_reduce_perf,3,24,262144,65536,float,sum,286.05,0.92,1.76,0,289.11,0.91,1.74,0,RING,LL,40,RING,LL,40,0,RING,A_flag_ceiling
all_reduce_perf,3,24,524288,131072,float,sum,334.53,1.57,3.0,0,330.52,1.59,3.04,0,RING,LL,40,RING,LL,40,0,RING,A_flag_ceiling
all_reduce_perf,3,24,1048576,262144,float,sum,371.29,2.82,5.41,0,373.01,2.81,5.39,0,RING,LL,40,RING,LL,40,0,RING,A_flag_ceiling
all_reduce_perf,3,24,2097152,524288,float,sum,430.67,4.87,9.33,0,420.54,4.99,9.56,0,RING,LL,40,RING,LL,40,0,RING,A_flag_ceiling
all_reduce_perf,3,24,4194304,1048576,float,sum,514.04,8.16,15.64,0,499.92,8.39,16.08,0,RING,LL,40,RING,LL,40,0,RING,A_flag_ceiling
all_reduce_perf,3,24,8388608,2097152,float,sum,634.97,13.21,25.32,0,631.37,13.29,25.47,0,RING,LL,40,RING,LL,40,0,RING,A_flag_ceiling
all_reduce_perf,3,24,16777216,4194304,float,sum,1135.87,14.77,28.31,0,1129.02,14.86,28.48,0,RING,LL,40,RING,LL,40,0,RING,A_flag_ceiling
all_reduce_perf,3,24,33554432,8388608,float,sum,1960.43,17.12,32.81,0,1950.31,17.2,32.98,0,RING,LL,40,RING,LL,40,0,RING,A_flag_ceiling
all_reduce_perf,3,24,67108864,16777216,float,sum,3598.52,18.65,35.74,0,3440.72,19.5,37.38,0,RING,LL,40,RING,LL,40,0,RING,A_flag_ceiling
all_reduce_perf,3,24,134217728,33554432,float,sum,6508.65,20.62,39.52,0,6476.81,20.72,39.72,0,RING,LL,40,RING,LL,40,0,RING,A_flag_ceiling
all_reduce_perf,3,24,268435456,67108864,float,sum,12803.4,20.97,40.18,0,12899.5,20.81,39.89,0,RING,LL,40,RING,LL,40,0,RING,A_flag_ceiling
all_reduce_perf,3,24,536870912,134217728,float,sum,25677.6,20.91,40.07,0,25627.6,20.95,40.15,0,RING,LL,40,RING,LL,40,0,RING,A_flag_ceiling
all_reduce_perf,3,24,4096,1024,float,sum,152.92,0.03,0.05,0,153.73,0.03,0.05,0,RING,LL128,40,RING,LL128,40,0,RING,A_flag_ceiling
all_reduce_perf,3,24,8192,2048,float,sum,152.65,0.05,0.1,0,153.44,0.05,0.1,0,RING,LL128,40,RING,LL128,40,0,RING,A_flag_ceiling
all_reduce_perf,3,24,16384,4096,float,sum,154.1,0.11,0.2,0,153.2,0.11,0.2,0,RING,LL128,40,RING,LL128,40,0,RING,A_flag_ceiling
all_reduce_perf,3,24,32768,8192,float,sum,154.9,0.21,0.41,0,154.58,0.21,0.41,0,RING,LL128,40,RING,LL128,40,0,RING,A_flag_ceiling
all_reduce_perf,3,24,65536,16384,float,sum,157.97,0.41,0.8,0,157.1,0.42,0.8,0,RING,LL128,40,RING,LL128,40,0,RING,A_flag_ceiling
all_reduce_perf,3,24,131072,32768,float,sum,183.53,0.71,1.37,0,185.52,0.71,1.35,0,RING,LL128,40,RING,LL128,40,0,RING,A_flag_ceiling
all_reduce_perf,3,24,262144,65536,float,sum,273.43,0.96,1.84,0,269.23,0.97,1.87,0,RING,LL128,40,RING,LL128,40,0,RING,A_flag_ceiling
all_reduce_perf,3,24,524288,131072,float,sum,269.29,1.95,3.73,0,269.85,1.94,3.72,0,RING,LL128,40,RING,LL128,40,0,RING,A_flag_ceiling
all_reduce_perf,3,24,1048576,262144,float,sum,269.91,3.88,7.45,0,268.77,3.9,7.48,0,RING,LL128,40,RING,LL128,40,0,RING,A_flag_ceiling
all_reduce_perf,3,24,2097152,524288,float,sum,304.0,6.9,13.22,0,304.98,6.88,13.18,0,RING,LL128,40,RING,LL128,40,0,RING,A_flag_ceiling
all_reduce_perf,3,24,4194304,1048576,float,sum,315.28,13.3,25.5,0,317.37,13.22,25.33,0,RING,LL128,40,RING,LL128,40,0,RING,A_flag_ceiling
all_reduce_perf,3,24,8388608,2097152,float,sum,324.03,25.89,49.62,0,320.85,26.14,50.11,0,RING,LL128,40,RING,LL128,40,0,RING,A_flag_ceiling
all_reduce_perf,3,24,16777216,4194304,float,sum,327.65,51.2,98.14,0,326.42,51.4,98.51,0,RING,LL128,40,RING,LL128,40,0,RING,A_flag_ceiling
all_reduce_perf,3,24,33554432,8388608,float,sum,350.87,95.63,183.3,0,350.85,95.64,183.31,0,RING,LL128,40,RING,LL128,40,0,RING,A_flag_ceiling
all_reduce_perf,3,24,67108864,16777216,float,sum,480.16,139.76,267.88,0,479.98,139.82,267.98,0,RING,LL128,40,RING,LL128,40,0,RING,A_flag_ceiling
all_reduce_perf,3,24,134217728,33554432,float,sum,951.0,141.13,270.51,0,947.95,141.59,271.37,0,RING,LL128,40,RING,LL128,40,0,RING,A_flag_ceiling
all_reduce_perf,3,24,268435456,67108864,float,sum,1750.9,153.31,293.85,0,1744.8,153.85,294.88,0,RING,LL128,40,RING,LL128,40,0,RING,A_flag_ceiling
all_reduce_perf,3,24,536870912,134217728,float,sum,3464.69,154.95,297.0,0,3450.8,155.58,298.19,0,RING,LL128,40,RING,LL128,40,0,RING,A_flag_ceiling
all_reduce_perf,3,24,4096,1024,float,sum,514.96,0.01,0.02,0,508.85,0.01,0.02,0,RING,SIMPLE,48,RING,SIMPLE,48,0,RING,A_flag_ceiling
all_reduce_perf,3,24,8192,2048,float,sum,514.0,0.02,0.03,0,514.33,0.02,0.03,0,RING,SIMPLE,48,RING,SIMPLE,48,0,RING,A_flag_ceiling
all_reduce_perf,3,24,16384,4096,float,sum,520.64,0.03,0.06,0,516.81,0.03,0.06,0,RING,SIMPLE,48,RING,SIMPLE,48,0,RING,A_flag_ceiling
all_reduce_perf,3,24,32768,8192,float,sum,525.88,0.06,0.12,0,525.35,0.06,0.12,0,RING,SIMPLE,48,RING,SIMPLE,48,0,RING,A_flag_ceiling
all_reduce_perf,3,24,65536,16384,float,sum,535.16,0.12,0.23,0,531.13,0.12,0.24,0,RING,SIMPLE,48,RING,SIMPLE,48,0,RING,A_flag_ceiling
all_reduce_perf,3,24,131072,32768,float,sum,566.73,0.23,0.44,0,565.97,0.23,0.44,0,RING,SIMPLE,48,RING,SIMPLE,48,0,RING,A_flag_ceiling
all_reduce_perf,3,24,262144,65536,float,sum,705.85,0.37,0.71,0,700.51,0.37,0.72,0,RING,SIMPLE,48,RING,SIMPLE,48,0,RING,A_flag_ceiling
all_reduce_perf,3,24,524288,131072,float,sum,702.95,0.75,1.43,0,699.21,0.75,1.44,0,RING,SIMPLE,48,RING,SIMPLE,48,0,RING,A_flag_ceiling
all_reduce_perf,3,24,1048576,262144,float,sum,840.41,1.25,2.39,0,838.75,1.25,2.4,0,RING,SIMPLE,48,RING,SIMPLE,48,0,RING,A_flag_ceiling
all_reduce_perf,3,24,2097152,524288,float,sum,837.28,2.5,4.8,0,839.27,2.5,4.79,0,RING,SIMPLE,48,RING,SIMPLE,48,0,RING,A_flag_ceiling
all_reduce_perf,3,24,4194304,1048576,float,sum,955.52,4.39,8.41,0,922.85,4.54,8.71,0,RING,SIMPLE,48,RING,SIMPLE,48,0,RING,A_flag_ceiling
all_reduce_perf,3,24,8388608,2097152,float,sum,908.1,9.24,17.71,0,899.29,9.33,17.88,0,RING,SIMPLE,48,RING,SIMPLE,48,0,RING,A_flag_ceiling
all_reduce_perf,3,24,16777216,4194304,float,sum,933.13,17.98,34.46,0,931.88,18.0,34.51,0,RING,SIMPLE,48,RING,SIMPLE,48,0,RING,A_flag_ceiling
all_reduce_perf,3,24,33554432,8388608,float,sum,959.54,34.97,67.02,0,960.14,34.95,66.98,0,RING,SIMPLE,48,RING,SIMPLE,48,0,RING,A_flag_ceiling
all_reduce_perf,3,24,67108864,16777216,float,sum,1000.43,67.08,128.57,0,1005.05,66.77,127.98,0,RING,SIMPLE,48,RING,SIMPLE,48,0,RING,A_flag_ceiling
all_reduce_perf,3,24,134217728,33554432,float,sum,1095.91,122.47,234.74,0,1100.29,121.98,233.8,0,RING,SIMPLE,48,RING,SIMPLE,48,0,RING,A_flag_ceiling
all_reduce_perf,3,24,268435456,67108864,float,sum,1493.58,179.73,344.47,0,1493.25,179.77,344.55,0,RING,SIMPLE,48,RING,SIMPLE,48,0,RING,A_flag_ceiling
all_reduce_perf,3,24,536870912,134217728,float,sum,2747.68,195.39,374.5,0,2750.2,195.21,374.16,0,RING,SIMPLE,48,RING,SIMPLE,48,0,RING,A_flag_ceiling
all_reduce_perf,3,24,4096,1024,float,sum,135.48,0.03,0.06,0,132.12,0.03,0.06,0,RING,LL,48,RING,LL,48,0,RING,A_flag_ceiling
all_reduce_perf,3,24,8192,2048,float,sum,137.02,0.06,0.11,0,137.16,0.06,0.11,0,RING,LL,48,RING,LL,48,0,RING,A_flag_ceiling
all_reduce_perf,3,24,16384,4096,float,sum,141.15,0.12,0.22,0,140.05,0.12,0.22,0,RING,LL,48,RING,LL,48,0,RING,A_flag_ceiling
all_reduce_perf,3,24,32768,8192,float,sum,175.23,0.19,0.36,0,172.82,0.19,0.36,0,RING,LL,48,RING,LL,48,0,RING,A_flag_ceiling
all_reduce_perf,3,24,65536,16384,float,sum,267.61,0.24,0.47,0,265.64,0.25,0.47,0,RING,LL,48,RING,LL,48,0,RING,A_flag_ceiling
all_reduce_perf,3,24,131072,32768,float,sum,269.76,0.49,0.93,0,267.93,0.49,0.94,0,RING,LL,48,RING,LL,48,0,RING,A_flag_ceiling
all_reduce_perf,3,24,262144,65536,float,sum,367.98,0.71,1.37,0,363.19,0.72,1.38,0,RING,LL,48,RING,LL,48,0,RING,A_flag_ceiling
all_reduce_perf,3,24,524288,131072,float,sum,376.89,1.39,2.67,0,373.99,1.4,2.69,0,RING,LL,48,RING,LL,48,0,RING,A_flag_ceiling
all_reduce_perf,3,24,1048576,262144,float,sum,424.04,2.47,4.74,0,422.59,2.48,4.76,0,RING,LL,48,RING,LL,48,0,RING,A_flag_ceiling
all_reduce_perf,3,24,2097152,524288,float,sum,460.87,4.55,8.72,0,458.78,4.57,8.76,0,RING,LL,48,RING,LL,48,0,RING,A_flag_ceiling
all_reduce_perf,3,24,4194304,1048576,float,sum,539.65,7.77,14.9,0,540.23,7.76,14.88,0,RING,LL,48,RING,LL,48,0,RING,A_flag_ceiling
all_reduce_perf,3,24,8388608,2097152,float,sum,695.7,12.06,23.11,0,699.4,11.99,22.99,0,RING,LL,48,RING,LL,48,0,RING,A_flag_ceiling
all_reduce_perf,3,24,16777216,4194304,float,sum,883.28,18.99,36.41,0,885.7,18.94,36.31,0,RING,LL,48,RING,LL,48,0,RING,A_flag_ceiling
all_reduce_perf,3,24,33554432,8388608,float,sum,1710.07,19.62,37.61,0,1703.9,19.69,37.74,0,RING,LL,48,RING,LL,48,0,RING,A_flag_ceiling
all_reduce_perf,3,24,67108864,16777216,float,sum,3297.13,20.35,39.01,0,3298.37,20.35,39.0,0,RING,LL,48,RING,LL,48,0,RING,A_flag_ceiling
all_reduce_perf,3,24,134217728,33554432,float,sum,6442.38,20.83,39.93,0,6429.77,20.87,40.01,0,RING,LL,48,RING,LL,48,0,RING,A_flag_ceiling
all_reduce_perf,3,24,268435456,67108864,float,sum,12628.6,21.26,40.74,0,12535.0,21.41,41.05,0,RING,LL,48,RING,LL,48,0,RING,A_flag_ceiling
all_reduce_perf,3,24,536870912,134217728,float,sum,25271.4,21.24,40.72,0,25370.6,21.16,40.56,0,RING,LL,48,RING,LL,48,0,RING,A_flag_ceiling
all_reduce_perf,3,24,4096,1024,float,sum,151.94,0.03,0.05,0,148.92,0.03,0.05,0,RING,LL128,48,RING,LL128,48,0,RING,A_flag_ceiling
all_reduce_perf,3,24,8192,2048,float,sum,148.97,0.05,0.11,0,148.44,0.06,0.11,0,RING,LL128,48,RING,LL128,48,0,RING,A_flag_ceiling
all_reduce_perf,3,24,16384,4096,float,sum,151.9,0.11,0.21,0,149.85,0.11,0.21,0,RING,LL128,48,RING,LL128,48,0,RING,A_flag_ceiling
all_reduce_perf,3,24,32768,8192,float,sum,155.31,0.21,0.4,0,208.99,0.16,0.3,0,RING,LL128,48,RING,LL128,48,0,RING,A_flag_ceiling
all_reduce_perf,3,24,65536,16384,float,sum,160.8,0.41,0.78,0,158.02,0.41,0.79,0,RING,LL128,48,RING,LL128,48,0,RING,A_flag_ceiling
all_reduce_perf,3,24,131072,32768,float,sum,184.97,0.71,1.36,0,184.61,0.71,1.36,0,RING,LL128,48,RING,LL128,48,0,RING,A_flag_ceiling
all_reduce_perf,3,24,262144,65536,float,sum,281.78,0.93,1.78,0,273.54,0.96,1.84,0,RING,LL128,48,RING,LL128,48,0,RING,A_flag_ceiling
all_reduce_perf,3,24,524288,131072,float,sum,276.94,1.89,3.63,0,271.56,1.93,3.7,0,RING,LL128,48,RING,LL128,48,0,RING,A_flag_ceiling
all_reduce_perf,3,24,1048576,262144,float,sum,343.93,3.05,5.84,0,341.45,3.07,5.89,0,RING,LL128,48,RING,LL128,48,0,RING,A_flag_ceiling
all_reduce_perf,3,24,2097152,524288,float,sum,337.84,6.21,11.9,0,336.89,6.22,11.93,0,RING,LL128,48,RING,LL128,48,0,RING,A_flag_ceiling
all_reduce_perf,3,24,4194304,1048576,float,sum,366.37,11.45,21.94,0,360.98,11.62,22.27,0,RING,LL128,48,RING,LL128,48,0,RING,A_flag_ceiling
all_reduce_perf,3,24,8388608,2097152,float,sum,366.92,22.86,43.82,0,366.46,22.89,43.87,0,RING,LL128,48,RING,LL128,48,0,RING,A_flag_ceiling
all_reduce_perf,3,24,16777216,4194304,float,sum,374.77,44.77,85.8,0,375.31,44.7,85.68,0,RING,LL128,48,RING,LL128,48,0,RING,A_flag_ceiling
all_reduce_perf,3,24,33554432,8388608,float,sum,407.24,82.39,157.92,0,399.77,83.94,160.88,0,RING,LL128,48,RING,LL128,48,0,RING,A_flag_ceiling
all_reduce_perf,3,24,67108864,16777216,float,sum,481.12,139.48,267.35,0,479.43,139.98,268.29,0,RING,LL128,48,RING,LL128,48,0,RING,A_flag_ceiling
all_reduce_perf,3,24,134217728,33554432,float,sum,1052.63,127.51,244.39,0,1054.76,127.25,243.89,0,RING,LL128,48,RING,LL128,48,0,RING,A_flag_ceiling
all_reduce_perf,3,24,268435456,67108864,float,sum,1740.03,154.27,295.68,0,1739.42,154.33,295.79,0,RING,LL128,48,RING,LL128,48,0,RING,A_flag_ceiling
all_reduce_perf,3,24,536870912,134217728,float,sum,3254.87,164.94,316.14,0,3256.13,164.88,316.02,0,RING,LL128,48,RING,LL128,48,0,RING,A_flag_ceiling
all_reduce_perf,3,24,4096,1024,float,sum,118.44,0.03,0.07,0,113.16,0.04,0.07,0,TREE,SIMPLE,1,TREE,SIMPLE,1,0,TREE,A_flag_ceiling
all_reduce_perf,3,24,8192,2048,float,sum,117.85,0.07,0.13,0,116.31,0.07,0.13,0,TREE,SIMPLE,1,TREE,SIMPLE,1,0,TREE,A_flag_ceiling
all_reduce_perf,3,24,16384,4096,float,sum,124.51,0.13,0.25,0,122.64,0.13,0.26,0,TREE,SIMPLE,1,TREE,SIMPLE,1,0,TREE,A_flag_ceiling
all_reduce_perf,3,24,32768,8192,float,sum,146.71,0.22,0.43,0,145.58,0.23,0.43,0,TREE,SIMPLE,1,TREE,SIMPLE,1,0,TREE,A_flag_ceiling
all_reduce_perf,3,24,65536,16384,float,sum,158.67,0.41,0.79,0,156.53,0.42,0.8,0,TREE,SIMPLE,1,TREE,SIMPLE,1,0,TREE,A_flag_ceiling
all_reduce_perf,3,24,131072,32768,float,sum,182.25,0.72,1.38,0,180.15,0.73,1.39,0,TREE,SIMPLE,1,TREE,SIMPLE,1,0,TREE,A_flag_ceiling
all_reduce_perf,3,24,262144,65536,float,sum,230.04,1.14,2.18,0,222.17,1.18,2.26,0,TREE,SIMPLE,1,TREE,SIMPLE,1,0,TREE,A_flag_ceiling
all_reduce_perf,3,24,524288,131072,float,sum,306.96,1.71,3.27,0,294.35,1.78,3.41,0,TREE,SIMPLE,1,TREE,SIMPLE,1,0,TREE,A_flag_ceiling
all_reduce_perf,3,24,1048576,262144,float,sum,442.38,2.37,4.54,0,426.64,2.46,4.71,0,TREE,SIMPLE,1,TREE,SIMPLE,1,0,TREE,A_flag_ceiling
all_reduce_perf,3,24,2097152,524288,float,sum,704.44,2.98,5.71,0,679.48,3.09,5.92,0,TREE,SIMPLE,1,TREE,SIMPLE,1,0,TREE,A_flag_ceiling
all_reduce_perf,3,24,4194304,1048576,float,sum,1114.61,3.76,7.21,0,1082.62,3.87,7.43,0,TREE,SIMPLE,1,TREE,SIMPLE,1,0,TREE,A_flag_ceiling
all_reduce_perf,3,24,8388608,2097152,float,sum,1970.96,4.26,8.16,0,1917.45,4.37,8.39,0,TREE,SIMPLE,1,TREE,SIMPLE,1,0,TREE,A_flag_ceiling
all_reduce_perf,3,24,16777216,4194304,float,sum,3413.39,4.92,9.42,0,3364.43,4.99,9.56,0,TREE,SIMPLE,1,TREE,SIMPLE,1,0,TREE,A_flag_ceiling
all_reduce_perf,3,24,33554432,8388608,float,sum,6344.0,5.29,10.14,0,6266.76,5.35,10.26,0,TREE,SIMPLE,1,TREE,SIMPLE,1,0,TREE,A_flag_ceiling
all_reduce_perf,3,24,67108864,16777216,float,sum,12062.3,5.56,10.66,0,11976.2,5.6,10.74,0,TREE,SIMPLE,1,TREE,SIMPLE,1,0,TREE,A_flag_ceiling
all_reduce_perf,3,24,134217728,33554432,float,sum,23465.4,5.72,10.96,0,23368.0,5.74,11.01,0,TREE,SIMPLE,1,TREE,SIMPLE,1,0,TREE,A_flag_ceiling
all_reduce_perf,3,24,268435456,67108864,float,sum,46342.7,5.79,11.1,0,46080.6,5.83,11.17,0,TREE,SIMPLE,1,TREE,SIMPLE,1,0,TREE,A_flag_ceiling
all_reduce_perf,3,24,536870912,134217728,float,sum,92102.7,5.83,11.17,0,91291.9,5.88,11.27,0,TREE,SIMPLE,1,TREE,SIMPLE,1,0,TREE,A_flag_ceiling
all_reduce_perf,3,24,4096,1024,float,sum,80.96,0.05,0.1,0,80.51,0.05,0.1,0,TREE,LL,1,TREE,LL,1,0,TREE,A_flag_ceiling
all_reduce_perf,3,24,8192,2048,float,sum,98.97,0.08,0.16,0,98.77,0.08,0.16,0,TREE,LL,1,TREE,LL,1,0,TREE,A_flag_ceiling
all_reduce_perf,3,24,16384,4096,float,sum,132.92,0.12,0.24,0,136.13,0.12,0.23,0,TREE,LL,1,TREE,LL,1,0,TREE,A_flag_ceiling
all_reduce_perf,3,24,32768,8192,float,sum,152.76,0.21,0.41,0,151.93,0.22,0.41,0,TREE,LL,1,TREE,LL,1,0,TREE,A_flag_ceiling
all_reduce_perf,3,24,65536,16384,float,sum,193.67,0.34,0.65,0,197.35,0.33,0.64,0,TREE,LL,1,TREE,LL,1,0,TREE,A_flag_ceiling
all_reduce_perf,3,24,131072,32768,float,sum,279.87,0.47,0.9,0,280.17,0.47,0.9,0,TREE,LL,1,TREE,LL,1,0,TREE,A_flag_ceiling
all_reduce_perf,3,24,262144,65536,float,sum,444.51,0.59,1.13,0,446.57,0.59,1.13,0,TREE,LL,1,TREE,LL,1,0,TREE,A_flag_ceiling
all_reduce_perf,3,24,524288,131072,float,sum,771.13,0.68,1.3,0,776.97,0.67,1.29,0,TREE,LL,1,TREE,LL,1,0,TREE,A_flag_ceiling
all_reduce_perf,3,24,1048576,262144,float,sum,1432.89,0.73,1.4,0,1431.93,0.73,1.4,0,TREE,LL,1,TREE,LL,1,0,TREE,A_flag_ceiling
all_reduce_perf,3,24,2097152,524288,float,sum,2756.56,0.76,1.46,0,2762.36,0.76,1.46,0,TREE,LL,1,TREE,LL,1,0,TREE,A_flag_ceiling
all_reduce_perf,3,24,4194304,1048576,float,sum,5401.31,0.78,1.49,0,5397.94,0.78,1.49,0,TREE,LL,1,TREE,LL,1,0,TREE,A_flag_ceiling
all_reduce_perf,3,24,8388608,2097152,float,sum,10714.0,0.78,1.5,0,10683.2,0.79,1.5,0,TREE,LL,1,TREE,LL,1,0,TREE,A_flag_ceiling
all_reduce_perf,3,24,16777216,4194304,float,sum,21333.0,0.79,1.51,0,21348.5,0.79,1.51,0,TREE,LL,1,TREE,LL,1,0,TREE,A_flag_ceiling
all_reduce_perf,3,24,33554432,8388608,float,sum,42653.5,0.79,1.51,0,42601.3,0.79,1.51,0,TREE,LL,1,TREE,LL,1,0,TREE,A_flag_ceiling
all_reduce_perf,3,24,67108864,16777216,float,sum,85197.2,0.79,1.51,0,85137.7,0.79,1.51,0,TREE,LL,1,TREE,LL,1,0,TREE,A_flag_ceiling
all_reduce_perf,3,24,134217728,33554432,float,sum,170248.0,0.79,1.51,0,170395.0,0.79,1.51,0,TREE,LL,1,TREE,LL,1,0,TREE,A_flag_ceiling
all_reduce_perf,3,24,268435456,67108864,float,sum,340825.0,0.79,1.51,0,340375.0,0.79,1.51,0,TREE,LL,1,TREE,LL,1,0,TREE,A_flag_ceiling
all_reduce_perf,3,24,536870912,134217728,float,sum,680327.0,0.79,1.51,0,680748.0,0.79,1.51,0,TREE,LL,1,TREE,LL,1,0,TREE,A_flag_ceiling
all_reduce_perf,3,24,4096,1024,float,sum,83.68,0.05,0.09,0,79.49,0.05,0.1,0,TREE,LL128,1,TREE,LL128,1,0,TREE,A_flag_ceiling
all_reduce_perf,3,24,8192,2048,float,sum,137.46,0.06,0.11,0,82.58,0.1,0.19,0,TREE,LL128,1,TREE,LL128,1,0,TREE,A_flag_ceiling
all_reduce_perf,3,24,16384,4096,float,sum,88.65,0.18,0.35,0,88.28,0.19,0.36,0,TREE,LL128,1,TREE,LL128,1,0,TREE,A_flag_ceiling
all_reduce_perf,3,24,32768,8192,float,sum,96.13,0.34,0.65,0,96.56,0.34,0.65,0,TREE,LL128,1,TREE,LL128,1,0,TREE,A_flag_ceiling
all_reduce_perf,3,24,65536,16384,float,sum,102.89,0.64,1.22,0,102.54,0.64,1.22,0,TREE,LL128,1,TREE,LL128,1,0,TREE,A_flag_ceiling
all_reduce_perf,3,24,131072,32768,float,sum,117.22,1.12,2.14,0,144.39,0.91,1.74,0,TREE,LL128,1,TREE,LL128,1,0,TREE,A_flag_ceiling
all_reduce_perf,3,24,262144,65536,float,sum,153.22,1.71,3.28,0,153.56,1.71,3.27,0,TREE,LL128,1,TREE,LL128,1,0,TREE,A_flag_ceiling
all_reduce_perf,3,24,524288,131072,float,sum,217.61,2.41,4.62,0,214.63,2.44,4.68,0,TREE,LL128,1,TREE,LL128,1,0,TREE,A_flag_ceiling
all_reduce_perf,3,24,1048576,262144,float,sum,351.53,2.98,5.72,0,349.34,3.0,5.75,0,TREE,LL128,1,TREE,LL128,1,0,TREE,A_flag_ceiling
all_reduce_perf,3,24,2097152,524288,float,sum,647.02,3.24,6.21,0,581.02,3.61,6.92,0,TREE,LL128,1,TREE,LL128,1,0,TREE,A_flag_ceiling
all_reduce_perf,3,24,4194304,1048576,float,sum,1067.12,3.93,7.53,0,1050.67,3.99,7.65,0,TREE,LL128,1,TREE,LL128,1,0,TREE,A_flag_ceiling
all_reduce_perf,3,24,8388608,2097152,float,sum,2022.48,4.15,7.95,0,1999.32,4.2,8.04,0,TREE,LL128,1,TREE,LL128,1,0,TREE,A_flag_ceiling
all_reduce_perf,3,24,16777216,4194304,float,sum,3930.63,4.27,8.18,0,3931.34,4.27,8.18,0,TREE,LL128,1,TREE,LL128,1,0,TREE,A_flag_ceiling
all_reduce_perf,3,24,33554432,8388608,float,sum,7629.89,4.4,8.43,0,7650.07,4.39,8.41,0,TREE,LL128,1,TREE,LL128,1,0,TREE,A_flag_ceiling
all_reduce_perf,3,24,67108864,16777216,float,sum,14825.7,4.53,8.68,0,14943.3,4.49,8.61,0,TREE,LL128,1,TREE,LL128,1,0,TREE,A_flag_ceiling
all_reduce_perf,3,24,134217728,33554432,float,sum,29287.7,4.58,8.78,0,29474.5,4.55,8.73,0,TREE,LL128,1,TREE,LL128,1,0,TREE,A_flag_ceiling
all_reduce_perf,3,24,268435456,67108864,float,sum,58129.4,4.62,8.85,0,58494.1,4.59,8.8,0,TREE,LL128,1,TREE,LL128,1,0,TREE,A_flag_ceiling
all_reduce_perf,3,24,536870912,134217728,float,sum,115919.0,4.63,8.88,0,116861.0,4.59,8.81,0,TREE,LL128,1,TREE,LL128,1,0,TREE,A_flag_ceiling
all_reduce_perf,3,24,4096,1024,float,sum,115.09,0.04,0.07,0,113.23,0.04,0.07,0,TREE,SIMPLE,2,TREE,SIMPLE,2,0,TREE,A_flag_ceiling
all_reduce_perf,3,24,8192,2048,float,sum,116.88,0.07,0.13,0,114.52,0.07,0.14,0,TREE,SIMPLE,2,TREE,SIMPLE,2,0,TREE,A_flag_ceiling
all_reduce_perf,3,24,16384,4096,float,sum,117.86,0.14,0.27,0,115.62,0.14,0.27,0,TREE,SIMPLE,2,TREE,SIMPLE,2,0,TREE,A_flag_ceiling
all_reduce_perf,3,24,32768,8192,float,sum,124.07,0.26,0.51,0,122.52,0.27,0.51,0,TREE,SIMPLE,2,TREE,SIMPLE,2,0,TREE,A_flag_ceiling
all_reduce_perf,3,24,65536,16384,float,sum,145.87,0.45,0.86,0,144.26,0.45,0.87,0,TREE,SIMPLE,2,TREE,SIMPLE,2,0,TREE,A_flag_ceiling
all_reduce_perf,3,24,131072,32768,float,sum,159.3,0.82,1.58,0,156.4,0.84,1.61,0,TREE,SIMPLE,2,TREE,SIMPLE,2,0,TREE,A_flag_ceiling
all_reduce_perf,3,24,262144,65536,float,sum,183.65,1.43,2.74,0,179.16,1.46,2.8,0,TREE,SIMPLE,2,TREE,SIMPLE,2,0,TREE,A_flag_ceiling
all_reduce_perf,3,24,524288,131072,float,sum,230.34,2.28,4.36,0,221.61,2.37,4.53,0,TREE,SIMPLE,2,TREE,SIMPLE,2,0,TREE,A_flag_ceiling
all_reduce_perf,3,24,1048576,262144,float,sum,308.71,3.4,6.51,0,298.58,3.51,6.73,0,TREE,SIMPLE,2,TREE,SIMPLE,2,0,TREE,A_flag_ceiling
all_reduce_perf,3,24,2097152,524288,float,sum,447.13,4.69,8.99,0,433.23,4.84,9.28,0,TREE,SIMPLE,2,TREE,SIMPLE,2,0,TREE,A_flag_ceiling
all_reduce_perf,3,24,4194304,1048576,float,sum,719.18,5.83,11.18,0,697.46,6.01,11.53,0,TREE,SIMPLE,2,TREE,SIMPLE,2,0,TREE,A_flag_ceiling
all_reduce_perf,3,24,8388608,2097152,float,sum,1148.79,7.3,14.0,0,1113.69,7.53,14.44,0,TREE,SIMPLE,2,TREE,SIMPLE,2,0,TREE,A_flag_ceiling
all_reduce_perf,3,24,16777216,4194304,float,sum,2044.28,8.21,15.73,0,2011.21,8.34,15.99,0,TREE,SIMPLE,2,TREE,SIMPLE,2,0,TREE,A_flag_ceiling
all_reduce_perf,3,24,33554432,8388608,float,sum,3609.62,9.3,17.82,0,3573.06,9.39,18.0,0,TREE,SIMPLE,2,TREE,SIMPLE,2,0,TREE,A_flag_ceiling
all_reduce_perf,3,24,67108864,16777216,float,sum,6605.65,10.16,19.47,0,6562.93,10.23,19.6,0,TREE,SIMPLE,2,TREE,SIMPLE,2,0,TREE,A_flag_ceiling
all_reduce_perf,3,24,134217728,33554432,float,sum,12574.7,10.67,20.46,0,12537.5,10.71,20.52,0,TREE,SIMPLE,2,TREE,SIMPLE,2,0,TREE,A_flag_ceiling
all_reduce_perf,3,24,268435456,67108864,float,sum,24563.1,10.93,20.95,0,24446.2,10.98,21.05,0,TREE,SIMPLE,2,TREE,SIMPLE,2,0,TREE,A_flag_ceiling
all_reduce_perf,3,24,536870912,134217728,float,sum,48473.6,11.08,21.23,0,48131.1,11.15,21.38,0,TREE,SIMPLE,2,TREE,SIMPLE,2,0,TREE,A_flag_ceiling
all_reduce_perf,3,24,4096,1024,float,sum,72.63,0.06,0.11,0,72.97,0.06,0.11,0,TREE,LL,2,TREE,LL,2,0,TREE,A_flag_ceiling
all_reduce_perf,3,24,8192,2048,float,sum,81.13,0.1,0.19,0,118.23,0.07,0.13,0,TREE,LL,2,TREE,LL,2,0,TREE,A_flag_ceiling
all_reduce_perf,3,24,16384,4096,float,sum,99.01,0.17,0.32,0,98.76,0.17,0.32,0,TREE,LL,2,TREE,LL,2,0,TREE,A_flag_ceiling
all_reduce_perf,3,24,32768,8192,float,sum,133.32,0.25,0.47,0,136.97,0.24,0.46,0,TREE,LL,2,TREE,LL,2,0,TREE,A_flag_ceiling
all_reduce_perf,3,24,65536,16384,float,sum,152.85,0.43,0.82,0,151.84,0.43,0.83,0,TREE,LL,2,TREE,LL,2,0,TREE,A_flag_ceiling
all_reduce_perf,3,24,131072,32768,float,sum,231.4,0.57,1.09,0,195.7,0.67,1.28,0,TREE,LL,2,TREE,LL,2,0,TREE,A_flag_ceiling
all_reduce_perf,3,24,262144,65536,float,sum,282.66,0.93,1.78,0,284.79,0.92,1.76,0,TREE,LL,2,TREE,LL,2,0,TREE,A_flag_ceiling
all_reduce_perf,3,24,524288,131072,float,sum,455.65,1.15,2.21,0,530.54,0.99,1.89,0,TREE,LL,2,TREE,LL,2,0,TREE,A_flag_ceiling
all_reduce_perf,3,24,1048576,262144,float,sum,802.95,1.31,2.5,0,805.07,1.3,2.5,0,TREE,LL,2,TREE,LL,2,0,TREE,A_flag_ceiling
all_reduce_perf,3,24,2097152,524288,float,sum,1496.8,1.4,2.69,0,1545.28,1.36,2.6,0,TREE,LL,2,TREE,LL,2,0,TREE,A_flag_ceiling
all_reduce_perf,3,24,4194304,1048576,float,sum,2891.83,1.45,2.78,0,2901.37,1.45,2.77,0,TREE,LL,2,TREE,LL,2,0,TREE,A_flag_ceiling
all_reduce_perf,3,24,8388608,2097152,float,sum,5670.56,1.48,2.84,0,5680.21,1.48,2.83,0,TREE,LL,2,TREE,LL,2,0,TREE,A_flag_ceiling
all_reduce_perf,3,24,16777216,4194304,float,sum,11267.8,1.49,2.85,0,11275.4,1.49,2.85,0,TREE,LL,2,TREE,LL,2,0,TREE,A_flag_ceiling
all_reduce_perf,3,24,33554432,8388608,float,sum,22441.5,1.5,2.87,0,22466.3,1.49,2.86,0,TREE,LL,2,TREE,LL,2,0,TREE,A_flag_ceiling
all_reduce_perf,3,24,67108864,16777216,float,sum,44722.7,1.5,2.88,0,44787.4,1.5,2.87,0,TREE,LL,2,TREE,LL,2,0,TREE,A_flag_ceiling
all_reduce_perf,3,24,134217728,33554432,float,sum,89142.2,1.51,2.89,0,89451.3,1.5,2.88,0,TREE,LL,2,TREE,LL,2,0,TREE,A_flag_ceiling
all_reduce_perf,3,24,268435456,67108864,float,sum,178148.0,1.51,2.89,0,178613.0,1.5,2.88,0,TREE,LL,2,TREE,LL,2,0,TREE,A_flag_ceiling
all_reduce_perf,3,24,536870912,134217728,float,sum,356220.0,1.51,2.89,0,357286.0,1.5,2.88,0,TREE,LL,2,TREE,LL,2,0,TREE,A_flag_ceiling
all_reduce_perf,3,24,4096,1024,float,sum,83.49,0.05,0.09,0,80.53,0.05,0.1,0,TREE,LL128,2,TREE,LL128,2,0,TREE,A_flag_ceiling
all_reduce_perf,3,24,8192,2048,float,sum,83.57,0.1,0.19,0,83.68,0.1,0.19,0,TREE,LL128,2,TREE,LL128,2,0,TREE,A_flag_ceiling
all_reduce_perf,3,24,16384,4096,float,sum,84.03,0.19,0.37,0,83.76,0.2,0.37,0,TREE,LL128,2,TREE,LL128,2,0,TREE,A_flag_ceiling
all_reduce_perf,3,24,32768,8192,float,sum,88.32,0.37,0.71,0,88.47,0.37,0.71,0,TREE,LL128,2,TREE,LL128,2,0,TREE,A_flag_ceiling
all_reduce_perf,3,24,65536,16384,float,sum,96.79,0.68,1.3,0,97.64,0.67,1.29,0,TREE,LL128,2,TREE,LL128,2,0,TREE,A_flag_ceiling
all_reduce_perf,3,24,131072,32768,float,sum,104.49,1.25,2.4,0,105.37,1.24,2.38,0,TREE,LL128,2,TREE,LL128,2,0,TREE,A_flag_ceiling
all_reduce_perf,3,24,262144,65536,float,sum,120.15,2.18,4.18,0,120.59,2.17,4.17,0,TREE,LL128,2,TREE,LL128,2,0,TREE,A_flag_ceiling
all_reduce_perf,3,24,524288,131072,float,sum,157.22,3.33,6.39,0,157.67,3.33,6.37,0,TREE,LL128,2,TREE,LL128,2,0,TREE,A_flag_ceiling
all_reduce_perf,3,24,1048576,262144,float,sum,221.82,4.73,9.06,0,219.04,4.79,9.18,0,TREE,LL128,2,TREE,LL128,2,0,TREE,A_flag_ceiling
all_reduce_perf,3,24,2097152,524288,float,sum,359.21,5.84,11.19,0,355.53,5.9,11.31,0,TREE,LL128,2,TREE,LL128,2,0,TREE,A_flag_ceiling
all_reduce_perf,3,24,4194304,1048576,float,sum,607.35,6.91,13.24,0,599.61,7.0,13.41,0,TREE,LL128,2,TREE,LL128,2,0,TREE,A_flag_ceiling
all_reduce_perf,3,24,8388608,2097152,float,sum,1110.57,7.55,14.48,0,1095.81,7.66,14.67,0,TREE,LL128,2,TREE,LL128,2,0,TREE,A_flag_ceiling
all_reduce_perf,3,24,16777216,4194304,float,sum,2119.38,7.92,15.17,0,2116.51,7.93,15.19,0,TREE,LL128,2,TREE,LL128,2,0,TREE,A_flag_ceiling
all_reduce_perf,3,24,33554432,8388608,float,sum,4131.31,8.12,15.57,0,4136.6,8.11,15.55,0,TREE,LL128,2,TREE,LL128,2,0,TREE,A_flag_ceiling
all_reduce_perf,3,24,67108864,16777216,float,sum,8094.79,8.29,15.89,0,8135.99,8.25,15.81,0,TREE,LL128,2,TREE,LL128,2,0,TREE,A_flag_ceiling
all_reduce_perf,3,24,134217728,33554432,float,sum,15950.7,8.41,16.13,0,16048.3,8.36,16.03,0,TREE,LL128,2,TREE,LL128,2,0,TREE,A_flag_ceiling
all_reduce_perf,3,24,268435456,67108864,float,sum,31741.5,8.46,16.21,0,31897.4,8.42,16.13,0,TREE,LL128,2,TREE,LL128,2,0,TREE,A_flag_ceiling
all_reduce_perf,3,24,536870912,134217728,float,sum,63167.4,8.5,16.29,0,63669.5,8.43,16.16,0,TREE,LL128,2,TREE,LL128,2,0,TREE,A_flag_ceiling
all_reduce_perf,3,24,4096,1024,float,sum,118.58,0.03,0.07,0,114.01,0.04,0.07,0,TREE,SIMPLE,4,TREE,SIMPLE,4,0,TREE,A_flag_ceiling
all_reduce_perf,3,24,8192,2048,float,sum,117.57,0.07,0.13,0,116.5,0.07,0.13,0,TREE,SIMPLE,4,TREE,SIMPLE,4,0,TREE,A_flag_ceiling
all_reduce_perf,3,24,16384,4096,float,sum,118.72,0.14,0.26,0,116.61,0.14,0.27,0,TREE,SIMPLE,4,TREE,SIMPLE,4,0,TREE,A_flag_ceiling
all_reduce_perf,3,24,32768,8192,float,sum,117.92,0.28,0.53,0,116.96,0.28,0.54,0,TREE,SIMPLE,4,TREE,SIMPLE,4,0,TREE,A_flag_ceiling
all_reduce_perf,3,24,65536,16384,float,sum,125.75,0.52,1.0,0,123.7,0.53,1.02,0,TREE,SIMPLE,4,TREE,SIMPLE,4,0,TREE,A_flag_ceiling
all_reduce_perf,3,24,131072,32768,float,sum,148.15,0.88,1.7,0,147.05,0.89,1.71,0,TREE,SIMPLE,4,TREE,SIMPLE,4,0,TREE,A_flag_ceiling
all_reduce_perf,3,24,262144,65536,float,sum,161.16,1.63,3.12,0,157.88,1.66,3.18,0,TREE,SIMPLE,4,TREE,SIMPLE,4,0,TREE,A_flag_ceiling
all_reduce_perf,3,24,524288,131072,float,sum,184.43,2.84,5.45,0,180.24,2.91,5.58,0,TREE,SIMPLE,4,TREE,SIMPLE,4,0,TREE,A_flag_ceiling
all_reduce_perf,3,24,1048576,262144,float,sum,233.04,4.5,8.62,0,222.91,4.7,9.02,0,TREE,SIMPLE,4,TREE,SIMPLE,4,0,TREE,A_flag_ceiling
all_reduce_perf,3,24,2097152,524288,float,sum,314.92,6.66,12.76,0,304.38,6.89,13.21,0,TREE,SIMPLE,4,TREE,SIMPLE,4,0,TREE,A_flag_ceiling
all_reduce_perf,3,24,4194304,1048576,float,sum,454.58,9.23,17.68,0,439.81,9.54,18.28,0,TREE,SIMPLE,4,TREE,SIMPLE,4,0,TREE,A_flag_ceiling
all_reduce_perf,3,24,8388608,2097152,float,sum,728.86,11.51,22.06,0,705.46,11.89,22.79,0,TREE,SIMPLE,4,TREE,SIMPLE,4,0,TREE,A_flag_ceiling
all_reduce_perf,3,24,16777216,4194304,float,sum,1180.48,14.21,27.24,0,1158.45,14.48,27.76,0,TREE,SIMPLE,4,TREE,SIMPLE,4,0,TREE,A_flag_ceiling
all_reduce_perf,3,24,33554432,8388608,float,sum,2094.54,16.02,30.7,0,2072.48,16.19,31.03,0,TREE,SIMPLE,4,TREE,SIMPLE,4,0,TREE,A_flag_ceiling
all_reduce_perf,3,24,67108864,16777216,float,sum,3741.79,17.93,34.38,0,3714.67,18.07,34.63,0,TREE,SIMPLE,4,TREE,SIMPLE,4,0,TREE,A_flag_ceiling
all_reduce_perf,3,24,134217728,33554432,float,sum,7058.53,19.01,36.45,0,7001.8,19.17,36.74,0,TREE,SIMPLE,4,TREE,SIMPLE,4,0,TREE,A_flag_ceiling
all_reduce_perf,3,24,268435456,67108864,float,sum,13430.8,19.99,38.31,0,13345.8,20.11,38.55,0,TREE,SIMPLE,4,TREE,SIMPLE,4,0,TREE,A_flag_ceiling
all_reduce_perf,3,24,536870912,134217728,float,sum,26208.5,20.48,39.26,0,25972.6,20.67,39.62,0,TREE,SIMPLE,4,TREE,SIMPLE,4,0,TREE,A_flag_ceiling
all_reduce_perf,3,24,4096,1024,float,sum,74.55,0.05,0.11,0,74.63,0.05,0.11,0,TREE,LL,4,TREE,LL,4,0,TREE,A_flag_ceiling
all_reduce_perf,3,24,8192,2048,float,sum,72.75,0.11,0.22,0,72.4,0.11,0.22,0,TREE,LL,4,TREE,LL,4,0,TREE,A_flag_ceiling
all_reduce_perf,3,24,16384,4096,float,sum,108.77,0.15,0.29,0,80.49,0.2,0.39,0,TREE,LL,4,TREE,LL,4,0,TREE,A_flag_ceiling
all_reduce_perf,3,24,32768,8192,float,sum,100.5,0.33,0.62,0,99.2,0.33,0.63,0,TREE,LL,4,TREE,LL,4,0,TREE,A_flag_ceiling
all_reduce_perf,3,24,65536,16384,float,sum,135.41,0.48,0.93,0,134.85,0.49,0.93,0,TREE,LL,4,TREE,LL,4,0,TREE,A_flag_ceiling
all_reduce_perf,3,24,131072,32768,float,sum,154.92,0.85,1.62,0,155.88,0.84,1.61,0,TREE,LL,4,TREE,LL,4,0,TREE,A_flag_ceiling
all_reduce_perf,3,24,262144,65536,float,sum,196.25,1.34,2.56,0,196.59,1.33,2.56,0,TREE,LL,4,TREE,LL,4,0,TREE,A_flag_ceiling
all_reduce_perf,3,24,524288,131072,float,sum,282.81,1.85,3.55,0,283.66,1.85,3.54,0,TREE,LL,4,TREE,LL,4,0,TREE,A_flag_ceiling
all_reduce_perf,3,24,1048576,262144,float,sum,457.4,2.29,4.39,0,526.98,1.99,3.81,0,TREE,LL,4,TREE,LL,4,0,TREE,A_flag_ceiling
all_reduce_perf,3,24,2097152,524288,float,sum,801.83,2.62,5.01,0,806.85,2.6,4.98,0,TREE,LL,4,TREE,LL,4,0,TREE,A_flag_ceiling
all_reduce_perf,3,24,4194304,1048576,float,sum,1501.5,2.79,5.35,0,1500.76,2.79,5.36,0,TREE,LL,4,TREE,LL,4,0,TREE,A_flag_ceiling
all_reduce_perf,3,24,8388608,2097152,float,sum,2891.08,2.9,5.56,0,2897.43,2.9,5.55,0,TREE,LL,4,TREE,LL,4,0,TREE,A_flag_ceiling
all_reduce_perf,3,24,16777216,4194304,float,sum,5667.34,2.96,5.67,0,5681.58,2.95,5.66,0,TREE,LL,4,TREE,LL,4,0,TREE,A_flag_ceiling
all_reduce_perf,3,24,33554432,8388608,float,sum,11256.6,2.98,5.71,0,11258.3,2.98,5.71,0,TREE,LL,4,TREE,LL,4,0,TREE,A_flag_ceiling
all_reduce_perf,3,24,67108864,16777216,float,sum,22414.2,2.99,5.74,0,22494.4,2.98,5.72,0,TREE,LL,4,TREE,LL,4,0,TREE,A_flag_ceiling
all_reduce_perf,3,24,134217728,33554432,float,sum,44766.8,3.0,5.75,0,44804.4,3.0,5.74,0,TREE,LL,4,TREE,LL,4,0,TREE,A_flag_ceiling
all_reduce_perf,3,24,268435456,67108864,float,sum,89228.2,3.01,5.77,0,89345.0,3.0,5.76,0,TREE,LL,4,TREE,LL,4,0,TREE,A_flag_ceiling
all_reduce_perf,3,24,536870912,134217728,float,sum,178072.0,3.01,5.78,0,178584.0,3.01,5.76,0,TREE,LL,4,TREE,LL,4,0,TREE,A_flag_ceiling
all_reduce_perf,3,24,4096,1024,float,sum,103.27,0.04,0.08,0,83.37,0.05,0.09,0,TREE,LL128,4,TREE,LL128,4,0,TREE,A_flag_ceiling
all_reduce_perf,3,24,8192,2048,float,sum,83.1,0.1,0.19,0,130.41,0.06,0.12,0,TREE,LL128,4,TREE,LL128,4,0,TREE,A_flag_ceiling
all_reduce_perf,3,24,16384,4096,float,sum,83.66,0.2,0.38,0,116.67,0.14,0.27,0,TREE,LL128,4,TREE,LL128,4,0,TREE,A_flag_ceiling
all_reduce_perf,3,24,32768,8192,float,sum,84.26,0.39,0.75,0,83.65,0.39,0.75,0,TREE,LL128,4,TREE,LL128,4,0,TREE,A_flag_ceiling
all_reduce_perf,3,24,65536,16384,float,sum,89.85,0.73,1.4,0,90.42,0.72,1.39,0,TREE,LL128,4,TREE,LL128,4,0,TREE,A_flag_ceiling
all_reduce_perf,3,24,131072,32768,float,sum,97.94,1.34,2.56,0,97.87,1.34,2.57,0,TREE,LL128,4,TREE,LL128,4,0,TREE,A_flag_ceiling
all_reduce_perf,3,24,262144,65536,float,sum,173.24,1.51,2.9,0,105.97,2.47,4.74,0,TREE,LL128,4,TREE,LL128,4,0,TREE,A_flag_ceiling
all_reduce_perf,3,24,524288,131072,float,sum,121.69,4.31,8.26,0,120.77,4.34,8.32,0,TREE,LL128,4,TREE,LL128,4,0,TREE,A_flag_ceiling
all_reduce_perf,3,24,1048576,262144,float,sum,159.8,6.56,12.58,0,159.13,6.59,12.63,0,TREE,LL128,4,TREE,LL128,4,0,TREE,A_flag_ceiling
all_reduce_perf,3,24,2097152,524288,float,sum,228.93,9.16,17.56,0,225.84,9.29,17.8,0,TREE,LL128,4,TREE,LL128,4,0,TREE,A_flag_ceiling
all_reduce_perf,3,24,4194304,1048576,float,sum,386.01,10.87,20.83,0,401.35,10.45,20.03,0,TREE,LL128,4,TREE,LL128,4,0,TREE,A_flag_ceiling
all_reduce_perf,3,24,8388608,2097152,float,sum,640.67,13.09,25.1,0,631.76,13.28,25.45,0,TREE,LL128,4,TREE,LL128,4,0,TREE,A_flag_ceiling
all_reduce_perf,3,24,16777216,4194304,float,sum,1175.5,14.27,27.36,0,1169.56,14.34,27.49,0,TREE,LL128,4,TREE,LL128,4,0,TREE,A_flag_ceiling
all_reduce_perf,3,24,33554432,8388608,float,sum,2234.01,15.02,28.79,0,2235.36,15.01,28.77,0,TREE,LL128,4,TREE,LL128,4,0,TREE,A_flag_ceiling
all_reduce_perf,3,24,67108864,16777216,float,sum,4361.58,15.39,29.49,0,4371.85,15.35,29.42,0,TREE,LL128,4,TREE,LL128,4,0,TREE,A_flag_ceiling
all_reduce_perf,3,24,134217728,33554432,float,sum,8563.69,15.67,30.04,0,8594.2,15.62,29.93,0,TREE,LL128,4,TREE,LL128,4,0,TREE,A_flag_ceiling
all_reduce_perf,3,24,268435456,67108864,float,sum,16932.0,15.85,30.39,0,16998.6,15.79,30.27,0,TREE,LL128,4,TREE,LL128,4,0,TREE,A_flag_ceiling
all_reduce_perf,3,24,536870912,134217728,float,sum,33702.6,15.93,30.53,0,33861.1,15.86,30.39,0,TREE,LL128,4,TREE,LL128,4,0,TREE,A_flag_ceiling
all_reduce_perf,3,24,4096,1024,float,sum,118.81,0.03,0.07,0,113.95,0.04,0.07,0,TREE,SIMPLE,8,TREE,SIMPLE,8,0,TREE,A_flag_ceiling
all_reduce_perf,3,24,8192,2048,float,sum,118.1,0.07,0.13,0,116.22,0.07,0.14,0,TREE,SIMPLE,8,TREE,SIMPLE,8,0,TREE,A_flag_ceiling
all_reduce_perf,3,24,16384,4096,float,sum,118.64,0.14,0.26,0,116.29,0.14,0.27,0,TREE,SIMPLE,8,TREE,SIMPLE,8,0,TREE,A_flag_ceiling
all_reduce_perf,3,24,32768,8192,float,sum,119.04,0.28,0.53,0,116.41,0.28,0.54,0,TREE,SIMPLE,8,TREE,SIMPLE,8,0,TREE,A_flag_ceiling
all_reduce_perf,3,24,65536,16384,float,sum,118.25,0.55,1.06,0,116.21,0.56,1.08,0,TREE,SIMPLE,8,TREE,SIMPLE,8,0,TREE,A_flag_ceiling
all_reduce_perf,3,24,131072,32768,float,sum,125.6,1.04,2.0,0,123.84,1.06,2.03,0,TREE,SIMPLE,8,TREE,SIMPLE,8,0,TREE,A_flag_ceiling
all_reduce_perf,3,24,262144,65536,float,sum,148.01,1.77,3.39,0,146.15,1.79,3.44,0,TREE,SIMPLE,8,TREE,SIMPLE,8,0,TREE,A_flag_ceiling
all_reduce_perf,3,24,524288,131072,float,sum,160.72,3.26,6.25,0,157.84,3.32,6.37,0,TREE,SIMPLE,8,TREE,SIMPLE,8,0,TREE,A_flag_ceiling
all_reduce_perf,3,24,1048576,262144,float,sum,185.88,5.64,10.81,0,181.9,5.76,11.05,0,TREE,SIMPLE,8,TREE,SIMPLE,8,0,TREE,A_flag_ceiling
all_reduce_perf,3,24,2097152,524288,float,sum,232.82,9.01,17.26,0,225.73,9.29,17.81,0,TREE,SIMPLE,8,TREE,SIMPLE,8,0,TREE,A_flag_ceiling
all_reduce_perf,3,24,4194304,1048576,float,sum,317.01,13.23,25.36,0,308.36,13.6,26.07,0,TREE,SIMPLE,8,TREE,SIMPLE,8,0,TREE,A_flag_ceiling
all_reduce_perf,3,24,8388608,2097152,float,sum,457.06,18.35,35.18,0,443.31,18.92,36.27,0,TREE,SIMPLE,8,TREE,SIMPLE,8,0,TREE,A_flag_ceiling
all_reduce_perf,3,24,16777216,4194304,float,sum,733.18,22.88,43.86,0,718.46,23.35,44.76,0,TREE,SIMPLE,8,TREE,SIMPLE,8,0,TREE,A_flag_ceiling
all_reduce_perf,3,24,33554432,8388608,float,sum,1239.7,27.07,51.88,0,1163.76,28.83,55.26,0,TREE,SIMPLE,8,TREE,SIMPLE,8,0,TREE,A_flag_ceiling
all_reduce_perf,3,24,67108864,16777216,float,sum,2093.62,32.05,61.44,0,2072.71,32.38,62.06,0,TREE,SIMPLE,8,TREE,SIMPLE,8,0,TREE,A_flag_ceiling
all_reduce_perf,3,24,134217728,33554432,float,sum,3726.78,36.01,69.03,0,3704.14,36.23,69.45,0,TREE,SIMPLE,8,TREE,SIMPLE,8,0,TREE,A_flag_ceiling
all_reduce_perf,3,24,268435456,67108864,float,sum,7049.76,38.08,72.98,0,7011.93,38.28,73.38,0,TREE,SIMPLE,8,TREE,SIMPLE,8,0,TREE,A_flag_ceiling
all_reduce_perf,3,24,536870912,134217728,float,sum,13405.5,40.05,76.76,0,13334.9,40.26,77.17,0,TREE,SIMPLE,8,TREE,SIMPLE,8,0,TREE,A_flag_ceiling
all_reduce_perf,3,24,4096,1024,float,sum,75.49,0.05,0.1,0,72.02,0.06,0.11,0,TREE,LL,8,TREE,LL,8,0,TREE,A_flag_ceiling
all_reduce_perf,3,24,8192,2048,float,sum,72.97,0.11,0.22,0,72.32,0.11,0.22,0,TREE,LL,8,TREE,LL,8,0,TREE,A_flag_ceiling
all_reduce_perf,3,24,16384,4096,float,sum,73.51,0.22,0.43,0,73.54,0.22,0.43,0,TREE,LL,8,TREE,LL,8,0,TREE,A_flag_ceiling
all_reduce_perf,3,24,32768,8192,float,sum,81.94,0.4,0.77,0,81.18,0.4,0.77,0,TREE,LL,8,TREE,LL,8,0,TREE,A_flag_ceiling
all_reduce_perf,3,24,65536,16384,float,sum,99.84,0.66,1.26,0,100.75,0.65,1.25,0,TREE,LL,8,TREE,LL,8,0,TREE,A_flag_ceiling
all_reduce_perf,3,24,131072,32768,float,sum,135.16,0.97,1.86,0,135.89,0.96,1.85,0,TREE,LL,8,TREE,LL,8,0,TREE,A_flag_ceiling
all_reduce_perf,3,24,262144,65536,float,sum,156.7,1.67,3.21,0,156.07,1.68,3.22,0,TREE,LL,8,TREE,LL,8,0,TREE,A_flag_ceiling
all_reduce_perf,3,24,524288,131072,float,sum,203.95,2.57,4.93,0,202.57,2.59,4.96,0,TREE,LL,8,TREE,LL,8,0,TREE,A_flag_ceiling
all_reduce_perf,3,24,1048576,262144,float,sum,293.16,3.58,6.86,0,293.81,3.57,6.84,0,TREE,LL,8,TREE,LL,8,0,TREE,A_flag_ceiling
all_reduce_perf,3,24,2097152,524288,float,sum,475.41,4.41,8.45,0,475.88,4.41,8.45,0,TREE,LL,8,TREE,LL,8,0,TREE,A_flag_ceiling
all_reduce_perf,3,24,4194304,1048576,float,sum,838.63,5.0,9.59,0,840.9,4.99,9.56,0,TREE,LL,8,TREE,LL,8,0,TREE,A_flag_ceiling
all_reduce_perf,3,24,8388608,2097152,float,sum,1563.82,5.36,10.28,0,1561.35,5.37,10.3,0,TREE,LL,8,TREE,LL,8,0,TREE,A_flag_ceiling
all_reduce_perf,3,24,16777216,4194304,float,sum,3016.09,5.56,10.66,0,3012.52,5.57,10.67,0,TREE,LL,8,TREE,LL,8,0,TREE,A_flag_ceiling
all_reduce_perf,3,24,33554432,8388608,float,sum,5922.18,5.67,10.86,0,5912.81,5.67,10.88,0,TREE,LL,8,TREE,LL,8,0,TREE,A_flag_ceiling
all_reduce_perf,3,24,67108864,16777216,float,sum,11770.4,5.7,10.93,0,11738.8,5.72,10.96,0,TREE,LL,8,TREE,LL,8,0,TREE,A_flag_ceiling
all_reduce_perf,3,24,134217728,33554432,float,sum,23441.7,5.73,10.97,0,23384.1,5.74,11.0,0,TREE,LL,8,TREE,LL,8,0,TREE,A_flag_ceiling
all_reduce_perf,3,24,268435456,67108864,float,sum,46737.2,5.74,11.01,0,46639.5,5.76,11.03,0,TREE,LL,8,TREE,LL,8,0,TREE,A_flag_ceiling
all_reduce_perf,3,24,536870912,134217728,float,sum,93214.2,5.76,11.04,0,93099.3,5.77,11.05,0,TREE,LL,8,TREE,LL,8,0,TREE,A_flag_ceiling
all_reduce_perf,3,24,4096,1024,float,sum,80.58,0.05,0.1,0,79.77,0.05,0.1,0,TREE,LL128,8,TREE,LL128,8,0,TREE,A_flag_ceiling
all_reduce_perf,3,24,8192,2048,float,sum,83.45,0.1,0.19,0,83.43,0.1,0.19,0,TREE,LL128,8,TREE,LL128,8,0,TREE,A_flag_ceiling
all_reduce_perf,3,24,16384,4096,float,sum,83.66,0.2,0.38,0,83.94,0.2,0.37,0,TREE,LL128,8,TREE,LL128,8,0,TREE,A_flag_ceiling
all_reduce_perf,3,24,32768,8192,float,sum,84.61,0.39,0.74,0,83.91,0.39,0.75,0,TREE,LL128,8,TREE,LL128,8,0,TREE,A_flag_ceiling
all_reduce_perf,3,24,65536,16384,float,sum,84.76,0.77,1.48,0,84.2,0.78,1.49,0,TREE,LL128,8,TREE,LL128,8,0,TREE,A_flag_ceiling
all_reduce_perf,3,24,131072,32768,float,sum,90.86,1.44,2.76,0,90.5,1.45,2.78,0,TREE,LL128,8,TREE,LL128,8,0,TREE,A_flag_ceiling
all_reduce_perf,3,24,262144,65536,float,sum,99.6,2.63,5.04,0,98.93,2.65,5.08,0,TREE,LL128,8,TREE,LL128,8,0,TREE,A_flag_ceiling
all_reduce_perf,3,24,524288,131072,float,sum,106.01,4.95,9.48,0,106.3,4.93,9.45,0,TREE,LL128,8,TREE,LL128,8,0,TREE,A_flag_ceiling
all_reduce_perf,3,24,1048576,262144,float,sum,121.85,8.61,16.49,0,113.32,9.25,17.74,0,TREE,LL128,8,TREE,LL128,8,0,TREE,A_flag_ceiling
all_reduce_perf,3,24,2097152,524288,float,sum,160.41,13.07,25.06,0,159.6,13.14,25.18,0,TREE,LL128,8,TREE,LL128,8,0,TREE,A_flag_ceiling
all_reduce_perf,3,24,4194304,1048576,float,sum,229.18,18.3,35.08,0,225.79,18.58,35.6,0,TREE,LL128,8,TREE,LL128,8,0,TREE,A_flag_ceiling
all_reduce_perf,3,24,8388608,2097152,float,sum,376.16,22.3,42.74,0,370.61,22.63,43.38,0,TREE,LL128,8,TREE,LL128,8,0,TREE,A_flag_ceiling
all_reduce_perf,3,24,16777216,4194304,float,sum,641.35,26.16,50.14,0,638.37,26.28,50.37,0,TREE,LL128,8,TREE,LL128,8,0,TREE,A_flag_ceiling
all_reduce_perf,3,24,33554432,8388608,float,sum,1171.3,28.65,54.91,0,1169.48,28.69,54.99,0,TREE,LL128,8,TREE,LL128,8,0,TREE,A_flag_ceiling
all_reduce_perf,3,24,67108864,16777216,float,sum,2481.6,27.04,51.83,0,2240.82,29.95,57.4,0,TREE,LL128,8,TREE,LL128,8,0,TREE,A_flag_ceiling
all_reduce_perf,3,24,134217728,33554432,float,sum,4366.02,30.74,58.92,0,4376.15,30.67,58.78,0,TREE,LL128,8,TREE,LL128,8,0,TREE,A_flag_ceiling
all_reduce_perf,3,24,268435456,67108864,float,sum,8586.66,31.26,59.92,0,8620.71,31.14,59.68,0,TREE,LL128,8,TREE,LL128,8,0,TREE,A_flag_ceiling
all_reduce_perf,3,24,536870912,134217728,float,sum,17020.6,31.54,60.46,0,17096.4,31.4,60.19,0,TREE,LL128,8,TREE,LL128,8,0,TREE,A_flag_ceiling
all_reduce_perf,3,24,4096,1024,float,sum,118.45,0.03,0.07,0,114.02,0.04,0.07,0,TREE,SIMPLE,16,TREE,SIMPLE,16,0,TREE,A_flag_ceiling
all_reduce_perf,3,24,8192,2048,float,sum,117.12,0.07,0.13,0,116.61,0.07,0.13,0,TREE,SIMPLE,16,TREE,SIMPLE,16,0,TREE,A_flag_ceiling
all_reduce_perf,3,24,16384,4096,float,sum,122.33,0.13,0.26,0,116.71,0.14,0.27,0,TREE,SIMPLE,16,TREE,SIMPLE,16,0,TREE,A_flag_ceiling
all_reduce_perf,3,24,32768,8192,float,sum,118.65,0.28,0.53,0,125.65,0.26,0.5,0,TREE,SIMPLE,16,TREE,SIMPLE,16,0,TREE,A_flag_ceiling
all_reduce_perf,3,24,65536,16384,float,sum,119.14,0.55,1.05,0,117.22,0.56,1.07,0,TREE,SIMPLE,16,TREE,SIMPLE,16,0,TREE,A_flag_ceiling
all_reduce_perf,3,24,131072,32768,float,sum,131.33,1.0,1.91,0,120.48,1.09,2.09,0,TREE,SIMPLE,16,TREE,SIMPLE,16,0,TREE,A_flag_ceiling
all_reduce_perf,3,24,262144,65536,float,sum,130.27,2.01,3.86,0,126.77,2.07,3.96,0,TREE,SIMPLE,16,TREE,SIMPLE,16,0,TREE,A_flag_ceiling
all_reduce_perf,3,24,524288,131072,float,sum,152.13,3.45,6.61,0,150.58,3.48,6.67,0,TREE,SIMPLE,16,TREE,SIMPLE,16,0,TREE,A_flag_ceiling
all_reduce_perf,3,24,1048576,262144,float,sum,165.22,6.35,12.16,0,161.54,6.49,12.44,0,TREE,SIMPLE,16,TREE,SIMPLE,16,0,TREE,A_flag_ceiling
all_reduce_perf,3,24,2097152,524288,float,sum,191.33,10.96,21.01,0,185.61,11.3,21.66,0,TREE,SIMPLE,16,TREE,SIMPLE,16,0,TREE,A_flag_ceiling
all_reduce_perf,3,24,4194304,1048576,float,sum,237.39,17.67,33.86,0,229.64,18.27,35.01,0,TREE,SIMPLE,16,TREE,SIMPLE,16,0,TREE,A_flag_ceiling
all_reduce_perf,3,24,8388608,2097152,float,sum,321.17,26.12,50.06,0,310.7,27.0,51.75,0,TREE,SIMPLE,16,TREE,SIMPLE,16,0,TREE,A_flag_ceiling
all_reduce_perf,3,24,16777216,4194304,float,sum,462.16,36.3,69.58,0,450.79,37.22,71.33,0,TREE,SIMPLE,16,TREE,SIMPLE,16,0,TREE,A_flag_ceiling
all_reduce_perf,3,24,33554432,8388608,float,sum,738.54,45.43,87.08,0,728.04,46.09,88.34,0,TREE,SIMPLE,16,TREE,SIMPLE,16,0,TREE,A_flag_ceiling
all_reduce_perf,3,24,67108864,16777216,float,sum,1177.76,56.98,109.21,0,1174.83,57.12,109.48,0,TREE,SIMPLE,16,TREE,SIMPLE,16,0,TREE,A_flag_ceiling
all_reduce_perf,3,24,134217728,33554432,float,sum,2093.41,64.11,122.89,0,2096.06,64.03,122.73,0,TREE,SIMPLE,16,TREE,SIMPLE,16,0,TREE,A_flag_ceiling
all_reduce_perf,3,24,268435456,67108864,float,sum,3717.43,72.21,138.4,0,3724.53,72.07,138.14,0,TREE,SIMPLE,16,TREE,SIMPLE,16,0,TREE,A_flag_ceiling
all_reduce_perf,3,24,536870912,134217728,float,sum,6941.56,77.34,148.24,0,6925.17,77.52,148.59,0,TREE,SIMPLE,16,TREE,SIMPLE,16,0,TREE,A_flag_ceiling
all_reduce_perf,3,24,4096,1024,float,sum,75.25,0.05,0.1,0,71.89,0.06,0.11,0,TREE,LL,16,TREE,LL,16,0,TREE,A_flag_ceiling
all_reduce_perf,3,24,8192,2048,float,sum,73.77,0.11,0.21,0,72.81,0.11,0.22,0,TREE,LL,16,TREE,LL,16,0,TREE,A_flag_ceiling
all_reduce_perf,3,24,16384,4096,float,sum,73.26,0.22,0.43,0,72.62,0.23,0.43,0,TREE,LL,16,TREE,LL,16,0,TREE,A_flag_ceiling
all_reduce_perf,3,24,32768,8192,float,sum,76.39,0.43,0.82,0,75.77,0.43,0.83,0,TREE,LL,16,TREE,LL,16,0,TREE,A_flag_ceiling
all_reduce_perf,3,24,65536,16384,float,sum,85.08,0.77,1.48,0,85.62,0.77,1.47,0,TREE,LL,16,TREE,LL,16,0,TREE,A_flag_ceiling
all_reduce_perf,3,24,131072,32768,float,sum,103.83,1.26,2.42,0,103.63,1.26,2.42,0,TREE,LL,16,TREE,LL,16,0,TREE,A_flag_ceiling
all_reduce_perf,3,24,262144,65536,float,sum,139.7,1.88,3.6,0,138.81,1.89,3.62,0,TREE,LL,16,TREE,LL,16,0,TREE,A_flag_ceiling
all_reduce_perf,3,24,524288,131072,float,sum,159.43,3.29,6.3,0,158.9,3.3,6.32,0,TREE,LL,16,TREE,LL,16,0,TREE,A_flag_ceiling
all_reduce_perf,3,24,1048576,262144,float,sum,202.5,5.18,9.92,0,204.55,5.13,9.83,0,TREE,LL,16,TREE,LL,16,0,TREE,A_flag_ceiling
all_reduce_perf,3,24,2097152,524288,float,sum,293.39,7.15,13.7,0,293.5,7.15,13.7,0,TREE,LL,16,TREE,LL,16,0,TREE,A_flag_ceiling
all_reduce_perf,3,24,4194304,1048576,float,sum,472.91,8.87,17.0,0,472.79,8.87,17.0,0,TREE,LL,16,TREE,LL,16,0,TREE,A_flag_ceiling
all_reduce_perf,3,24,8388608,2097152,float,sum,832.88,10.07,19.3,0,832.03,10.08,19.32,0,TREE,LL,16,TREE,LL,16,0,TREE,A_flag_ceiling
all_reduce_perf,3,24,16777216,4194304,float,sum,1554.86,10.79,20.68,0,1554.1,10.8,20.69,0,TREE,LL,16,TREE,LL,16,0,TREE,A_flag_ceiling
all_reduce_perf,3,24,33554432,8388608,float,sum,2993.77,11.21,21.48,0,2993.7,11.21,21.48,0,TREE,LL,16,TREE,LL,16,0,TREE,A_flag_ceiling
all_reduce_perf,3,24,67108864,16777216,float,sum,5875.53,11.42,21.89,0,5871.63,11.43,21.91,0,TREE,LL,16,TREE,LL,16,0,TREE,A_flag_ceiling
all_reduce_perf,3,24,134217728,33554432,float,sum,11661.0,11.51,22.06,0,11630.0,11.54,22.12,0,TREE,LL,16,TREE,LL,16,0,TREE,A_flag_ceiling
all_reduce_perf,3,24,268435456,67108864,float,sum,23209.5,11.57,22.17,0,23196.5,11.57,22.18,0,TREE,LL,16,TREE,LL,16,0,TREE,A_flag_ceiling
all_reduce_perf,3,24,536870912,134217728,float,sum,46106.9,11.64,22.32,0,46157.6,11.63,22.29,0,TREE,LL,16,TREE,LL,16,0,TREE,A_flag_ceiling
all_reduce_perf,3,24,4096,1024,float,sum,80.18,0.05,0.1,0,79.67,0.05,0.1,0,TREE,LL128,16,TREE,LL128,16,0,TREE,A_flag_ceiling
all_reduce_perf,3,24,8192,2048,float,sum,83.0,0.1,0.19,0,85.27,0.1,0.18,0,TREE,LL128,16,TREE,LL128,16,0,TREE,A_flag_ceiling
all_reduce_perf,3,24,16384,4096,float,sum,83.42,0.2,0.38,0,83.35,0.2,0.38,0,TREE,LL128,16,TREE,LL128,16,0,TREE,A_flag_ceiling
all_reduce_perf,3,24,32768,8192,float,sum,84.63,0.39,0.74,0,84.0,0.39,0.75,0,TREE,LL128,16,TREE,LL128,16,0,TREE,A_flag_ceiling
all_reduce_perf,3,24,65536,16384,float,sum,84.54,0.78,1.49,0,84.03,0.78,1.49,0,TREE,LL128,16,TREE,LL128,16,0,TREE,A_flag_ceiling
all_reduce_perf,3,24,131072,32768,float,sum,87.3,1.5,2.88,0,87.06,1.51,2.89,0,TREE,LL128,16,TREE,LL128,16,0,TREE,A_flag_ceiling
all_reduce_perf,3,24,262144,65536,float,sum,93.62,2.8,5.37,0,92.94,2.82,5.41,0,TREE,LL128,16,TREE,LL128,16,0,TREE,A_flag_ceiling
all_reduce_perf,3,24,524288,131072,float,sum,102.19,5.13,9.83,0,102.08,5.14,9.84,0,TREE,LL128,16,TREE,LL128,16,0,TREE,A_flag_ceiling
all_reduce_perf,3,24,1048576,262144,float,sum,110.36,9.5,18.21,0,110.39,9.5,18.21,0,TREE,LL128,16,TREE,LL128,16,0,TREE,A_flag_ceiling
all_reduce_perf,3,24,2097152,524288,float,sum,125.5,16.71,32.03,0,123.93,16.92,32.43,0,TREE,LL128,16,TREE,LL128,16,0,TREE,A_flag_ceiling
all_reduce_perf,3,24,4194304,1048576,float,sum,165.33,25.37,48.62,0,162.58,25.8,49.45,0,TREE,LL128,16,TREE,LL128,16,0,TREE,A_flag_ceiling
all_reduce_perf,3,24,8388608,2097152,float,sum,234.26,35.81,68.63,0,229.63,36.53,70.02,0,TREE,LL128,16,TREE,LL128,16,0,TREE,A_flag_ceiling
all_reduce_perf,3,24,16777216,4194304,float,sum,385.0,43.58,83.52,0,383.02,43.8,83.95,0,TREE,LL128,16,TREE,LL128,16,0,TREE,A_flag_ceiling
all_reduce_perf,3,24,33554432,8388608,float,sum,652.8,51.4,98.52,0,653.09,51.38,98.47,0,TREE,LL128,16,TREE,LL128,16,0,TREE,A_flag_ceiling
all_reduce_perf,3,24,67108864,16777216,float,sum,1198.06,56.01,107.36,0,1195.25,56.15,107.61,0,TREE,LL128,16,TREE,LL128,16,0,TREE,A_flag_ceiling
all_reduce_perf,3,24,134217728,33554432,float,sum,2290.62,58.59,112.31,0,2288.66,58.64,112.4,0,TREE,LL128,16,TREE,LL128,16,0,TREE,A_flag_ceiling
all_reduce_perf,3,24,268435456,67108864,float,sum,4469.54,60.06,115.11,0,4485.51,59.85,114.7,0,TREE,LL128,16,TREE,LL128,16,0,TREE,A_flag_ceiling
all_reduce_perf,3,24,536870912,134217728,float,sum,8799.63,61.01,116.94,0,8816.47,60.89,116.71,0,TREE,LL128,16,TREE,LL128,16,0,TREE,A_flag_ceiling
all_reduce_perf,3,24,4096,1024,float,sum,115.35,0.04,0.07,0,113.26,0.04,0.07,0,TREE,SIMPLE,24,TREE,SIMPLE,24,0,TREE,A_flag_ceiling
all_reduce_perf,3,24,8192,2048,float,sum,117.95,0.07,0.13,0,116.43,0.07,0.13,0,TREE,SIMPLE,24,TREE,SIMPLE,24,0,TREE,A_flag_ceiling
all_reduce_perf,3,24,16384,4096,float,sum,118.57,0.14,0.26,0,116.54,0.14,0.27,0,TREE,SIMPLE,24,TREE,SIMPLE,24,0,TREE,A_flag_ceiling
all_reduce_perf,3,24,32768,8192,float,sum,118.14,0.28,0.53,0,116.79,0.28,0.54,0,TREE,SIMPLE,24,TREE,SIMPLE,24,0,TREE,A_flag_ceiling
all_reduce_perf,3,24,65536,16384,float,sum,119.59,0.55,1.05,0,116.54,0.56,1.08,0,TREE,SIMPLE,24,TREE,SIMPLE,24,0,TREE,A_flag_ceiling
all_reduce_perf,3,24,131072,32768,float,sum,120.49,1.09,2.08,0,120.22,1.09,2.09,0,TREE,SIMPLE,24,TREE,SIMPLE,24,0,TREE,A_flag_ceiling
all_reduce_perf,3,24,262144,65536,float,sum,129.27,2.03,3.89,0,126.92,2.07,3.96,0,TREE,SIMPLE,24,TREE,SIMPLE,24,0,TREE,A_flag_ceiling
all_reduce_perf,3,24,524288,131072,float,sum,145.86,3.59,6.89,0,143.91,3.64,6.98,0,TREE,SIMPLE,24,TREE,SIMPLE,24,0,TREE,A_flag_ceiling
all_reduce_perf,3,24,1048576,262144,float,sum,164.82,6.36,12.19,0,160.69,6.53,12.51,0,TREE,SIMPLE,24,TREE,SIMPLE,24,0,TREE,A_flag_ceiling
all_reduce_perf,3,24,2097152,524288,float,sum,180.12,11.64,22.32,0,176.45,11.89,22.78,0,TREE,SIMPLE,24,TREE,SIMPLE,24,0,TREE,A_flag_ceiling
all_reduce_perf,3,24,4194304,1048576,float,sum,216.81,19.35,37.08,0,210.57,19.92,38.18,0,TREE,SIMPLE,24,TREE,SIMPLE,24,0,TREE,A_flag_ceiling
all_reduce_perf,3,24,8388608,2097152,float,sum,282.58,29.69,56.9,0,369.7,22.69,43.49,0,TREE,SIMPLE,24,TREE,SIMPLE,24,0,TREE,A_flag_ceiling
all_reduce_perf,3,24,16777216,4194304,float,sum,378.61,44.31,84.93,0,369.13,45.45,87.11,0,TREE,SIMPLE,24,TREE,SIMPLE,24,0,TREE,A_flag_ceiling
all_reduce_perf,3,24,33554432,8388608,float,sum,566.03,59.28,113.62,0,556.82,60.26,115.5,0,TREE,SIMPLE,24,TREE,SIMPLE,24,0,TREE,A_flag_ceiling
all_reduce_perf,3,24,67108864,16777216,float,sum,932.83,71.94,137.89,0,925.63,72.5,138.96,0,TREE,SIMPLE,24,TREE,SIMPLE,24,0,TREE,A_flag_ceiling
all_reduce_perf,3,24,134217728,33554432,float,sum,1513.25,88.69,170.0,0,1507.85,89.01,170.61,0,TREE,SIMPLE,24,TREE,SIMPLE,24,0,TREE,A_flag_ceiling
all_reduce_perf,3,24,268435456,67108864,float,sum,2772.86,96.81,185.55,0,2764.44,97.1,186.11,0,TREE,SIMPLE,24,TREE,SIMPLE,24,0,TREE,A_flag_ceiling
all_reduce_perf,3,24,536870912,134217728,float,sum,4940.83,108.66,208.27,0,4910.77,109.33,209.54,0,TREE,SIMPLE,24,TREE,SIMPLE,24,0,TREE,A_flag_ceiling
all_reduce_perf,3,24,4096,1024,float,sum,72.26,0.06,0.11,0,72.4,0.06,0.11,0,TREE,LL,24,TREE,LL,24,0,TREE,A_flag_ceiling
all_reduce_perf,3,24,8192,2048,float,sum,73.33,0.11,0.21,0,72.86,0.11,0.22,0,TREE,LL,24,TREE,LL,24,0,TREE,A_flag_ceiling
all_reduce_perf,3,24,16384,4096,float,sum,77.73,0.21,0.4,0,73.47,0.22,0.43,0,TREE,LL,24,TREE,LL,24,0,TREE,A_flag_ceiling
all_reduce_perf,3,24,32768,8192,float,sum,88.87,0.37,0.71,0,75.78,0.43,0.83,0,TREE,LL,24,TREE,LL,24,0,TREE,A_flag_ceiling
all_reduce_perf,3,24,65536,16384,float,sum,84.79,0.77,1.48,0,84.58,0.77,1.49,0,TREE,LL,24,TREE,LL,24,0,TREE,A_flag_ceiling
all_reduce_perf,3,24,131072,32768,float,sum,98.0,1.34,2.56,0,99.65,1.32,2.52,0,TREE,LL,24,TREE,LL,24,0,TREE,A_flag_ceiling
all_reduce_perf,3,24,262144,65536,float,sum,125.91,2.08,3.99,0,125.28,2.09,4.01,0,TREE,LL,24,TREE,LL,24,0,TREE,A_flag_ceiling
all_reduce_perf,3,24,524288,131072,float,sum,151.09,3.47,6.65,0,152.33,3.44,6.6,0,TREE,LL,24,TREE,LL,24,0,TREE,A_flag_ceiling
all_reduce_perf,3,24,1048576,262144,float,sum,182.67,5.74,11.0,0,180.19,5.82,11.15,0,TREE,LL,24,TREE,LL,24,0,TREE,A_flag_ceiling
all_reduce_perf,3,24,2097152,524288,float,sum,239.82,8.74,16.76,0,237.94,8.81,16.89,0,TREE,LL,24,TREE,LL,24,0,TREE,A_flag_ceiling
all_reduce_perf,3,24,4194304,1048576,float,sum,358.92,11.69,22.4,0,358.95,11.68,22.4,0,TREE,LL,24,TREE,LL,24,0,TREE,A_flag_ceiling
all_reduce_perf,3,24,8388608,2097152,float,sum,598.94,14.01,26.84,0,598.39,14.02,26.87,0,TREE,LL,24,TREE,LL,24,0,TREE,A_flag_ceiling
all_reduce_perf,3,24,16777216,4194304,float,sum,1081.61,15.51,29.73,0,1078.03,15.56,29.83,0,TREE,LL,24,TREE,LL,24,0,TREE,A_flag_ceiling
all_reduce_perf,3,24,33554432,8388608,float,sum,2040.2,16.45,31.52,0,2039.43,16.45,31.53,0,TREE,LL,24,TREE,LL,24,0,TREE,A_flag_ceiling
all_reduce_perf,3,24,67108864,16777216,float,sum,3965.46,16.92,32.44,0,3963.43,16.93,32.45,0,TREE,LL,24,TREE,LL,24,0,TREE,A_flag_ceiling
all_reduce_perf,3,24,134217728,33554432,float,sum,7819.21,17.17,32.9,0,7804.99,17.2,32.96,0,TREE,LL,24,TREE,LL,24,0,TREE,A_flag_ceiling
all_reduce_perf,3,24,268435456,67108864,float,sum,15526.4,17.29,33.14,0,15526.5,17.29,33.14,0,TREE,LL,24,TREE,LL,24,0,TREE,A_flag_ceiling
all_reduce_perf,3,24,536870912,134217728,float,sum,30891.8,17.38,33.31,0,30866.5,17.39,33.34,0,TREE,LL,24,TREE,LL,24,0,TREE,A_flag_ceiling
all_reduce_perf,3,24,4096,1024,float,sum,80.74,0.05,0.1,0,79.49,0.05,0.1,0,TREE,LL128,24,TREE,LL128,24,0,TREE,A_flag_ceiling
all_reduce_perf,3,24,8192,2048,float,sum,82.77,0.1,0.19,0,82.73,0.1,0.19,0,TREE,LL128,24,TREE,LL128,24,0,TREE,A_flag_ceiling
all_reduce_perf,3,24,16384,4096,float,sum,83.38,0.2,0.38,0,83.1,0.2,0.38,0,TREE,LL128,24,TREE,LL128,24,0,TREE,A_flag_ceiling
all_reduce_perf,3,24,32768,8192,float,sum,85.58,0.38,0.73,0,84.32,0.39,0.74,0,TREE,LL128,24,TREE,LL128,24,0,TREE,A_flag_ceiling
all_reduce_perf,3,24,65536,16384,float,sum,84.59,0.77,1.48,0,84.93,0.77,1.48,0,TREE,LL128,24,TREE,LL128,24,0,TREE,A_flag_ceiling
all_reduce_perf,3,24,131072,32768,float,sum,87.2,1.5,2.88,0,87.32,1.5,2.88,0,TREE,LL128,24,TREE,LL128,24,0,TREE,A_flag_ceiling
all_reduce_perf,3,24,262144,65536,float,sum,93.27,2.81,5.39,0,93.59,2.8,5.37,0,TREE,LL128,24,TREE,LL128,24,0,TREE,A_flag_ceiling
all_reduce_perf,3,24,524288,131072,float,sum,101.7,5.16,9.88,0,101.82,5.15,9.87,0,TREE,LL128,24,TREE,LL128,24,0,TREE,A_flag_ceiling
all_reduce_perf,3,24,1048576,262144,float,sum,108.27,9.68,18.56,0,108.25,9.69,18.57,0,TREE,LL128,24,TREE,LL128,24,0,TREE,A_flag_ceiling
all_reduce_perf,3,24,2097152,524288,float,sum,119.63,17.53,33.6,0,118.44,17.71,33.94,0,TREE,LL128,24,TREE,LL128,24,0,TREE,A_flag_ceiling
all_reduce_perf,3,24,4194304,1048576,float,sum,143.59,29.21,55.99,0,142.83,29.37,56.28,0,TREE,LL128,24,TREE,LL128,24,0,TREE,A_flag_ceiling
all_reduce_perf,3,24,8388608,2097152,float,sum,194.53,43.12,82.65,0,192.22,43.64,83.65,0,TREE,LL128,24,TREE,LL128,24,0,TREE,A_flag_ceiling
all_reduce_perf,3,24,16777216,4194304,float,sum,308.63,54.36,104.19,0,301.65,55.62,106.6,0,TREE,LL128,24,TREE,LL128,24,0,TREE,A_flag_ceiling
all_reduce_perf,3,24,33554432,8388608,float,sum,491.42,68.28,130.87,0,489.49,68.55,131.39,0,TREE,LL128,24,TREE,LL128,24,0,TREE,A_flag_ceiling
all_reduce_perf,3,24,67108864,16777216,float,sum,866.65,77.44,148.42,0,868.79,77.24,148.05,0,TREE,LL128,24,TREE,LL128,24,0,TREE,A_flag_ceiling
all_reduce_perf,3,24,134217728,33554432,float,sum,1629.03,82.39,157.92,0,1627.5,82.47,158.06,0,TREE,LL128,24,TREE,LL128,24,0,TREE,A_flag_ceiling
all_reduce_perf,3,24,268435456,67108864,float,sum,3136.16,85.59,164.05,0,3149.26,85.24,163.37,0,TREE,LL128,24,TREE,LL128,24,0,TREE,A_flag_ceiling
all_reduce_perf,3,24,536870912,134217728,float,sum,6145.0,87.37,167.45,0,6175.47,86.94,166.63,0,TREE,LL128,24,TREE,LL128,24,0,TREE,A_flag_ceiling
all_reduce_perf,3,24,4096,1024,float,sum,115.34,0.04,0.07,0,114.47,0.04,0.07,0,TREE,SIMPLE,32,TREE,SIMPLE,32,0,TREE,A_flag_ceiling
all_reduce_perf,3,24,8192,2048,float,sum,117.54,0.07,0.13,0,116.15,0.07,0.14,0,TREE,SIMPLE,32,TREE,SIMPLE,32,0,TREE,A_flag_ceiling
all_reduce_perf,3,24,16384,4096,float,sum,118.75,0.14,0.26,0,116.15,0.14,0.27,0,TREE,SIMPLE,32,TREE,SIMPLE,32,0,TREE,A_flag_ceiling
all_reduce_perf,3,24,32768,8192,float,sum,118.96,0.28,0.53,0,116.29,0.28,0.54,0,TREE,SIMPLE,32,TREE,SIMPLE,32,0,TREE,A_flag_ceiling
all_reduce_perf,3,24,65536,16384,float,sum,119.49,0.55,1.05,0,117.31,0.56,1.07,0,TREE,SIMPLE,32,TREE,SIMPLE,32,0,TREE,A_flag_ceiling
all_reduce_perf,3,24,131072,32768,float,sum,120.67,1.09,2.08,0,119.45,1.1,2.1,0,TREE,SIMPLE,32,TREE,SIMPLE,32,0,TREE,A_flag_ceiling
all_reduce_perf,3,24,262144,65536,float,sum,126.35,2.07,3.98,0,125.72,2.09,4.0,0,TREE,SIMPLE,32,TREE,SIMPLE,32,0,TREE,A_flag_ceiling
all_reduce_perf,3,24,524288,131072,float,sum,136.23,3.85,7.38,0,134.22,3.91,7.49,0,TREE,SIMPLE,32,TREE,SIMPLE,32,0,TREE,A_flag_ceiling
all_reduce_perf,3,24,1048576,262144,float,sum,160.23,6.54,12.54,0,158.15,6.63,12.71,0,TREE,SIMPLE,32,TREE,SIMPLE,32,0,TREE,A_flag_ceiling
all_reduce_perf,3,24,2097152,524288,float,sum,176.03,11.91,22.83,0,172.73,12.14,23.27,0,TREE,SIMPLE,32,TREE,SIMPLE,32,0,TREE,A_flag_ceiling
all_reduce_perf,3,24,4194304,1048576,float,sum,204.44,20.52,39.32,0,199.98,20.97,40.2,0,TREE,SIMPLE,32,TREE,SIMPLE,32,0,TREE,A_flag_ceiling
all_reduce_perf,3,24,8388608,2097152,float,sum,255.17,32.87,63.01,0,246.94,33.97,65.11,0,TREE,SIMPLE,32,TREE,SIMPLE,32,0,TREE,A_flag_ceiling
all_reduce_perf,3,24,16777216,4194304,float,sum,340.37,49.29,94.47,0,335.46,50.01,95.86,0,TREE,SIMPLE,32,TREE,SIMPLE,32,0,TREE,A_flag_ceiling
all_reduce_perf,3,24,33554432,8388608,float,sum,485.04,69.18,132.59,0,481.98,69.62,133.43,0,TREE,SIMPLE,32,TREE,SIMPLE,32,0,TREE,A_flag_ceiling
all_reduce_perf,3,24,67108864,16777216,float,sum,765.93,87.62,167.93,0,767.66,87.42,167.55,0,TREE,SIMPLE,32,TREE,SIMPLE,32,0,TREE,A_flag_ceiling
all_reduce_perf,3,24,134217728,33554432,float,sum,1238.95,108.33,207.64,0,1237.95,108.42,207.8,0,TREE,SIMPLE,32,TREE,SIMPLE,32,0,TREE,A_flag_ceiling
all_reduce_perf,3,24,268435456,67108864,float,sum,2197.86,122.13,234.09,0,2199.22,122.06,233.95,0,TREE,SIMPLE,32,TREE,SIMPLE,32,0,TREE,A_flag_ceiling
all_reduce_perf,3,24,536870912,134217728,float,sum,3942.55,136.17,261.0,0,3935.44,136.42,261.47,0,TREE,SIMPLE,32,TREE,SIMPLE,32,0,TREE,A_flag_ceiling
all_reduce_perf,3,24,4096,1024,float,sum,74.75,0.05,0.11,0,72.7,0.06,0.11,0,TREE,LL,32,TREE,LL,32,0,TREE,A_flag_ceiling
all_reduce_perf,3,24,8192,2048,float,sum,73.38,0.11,0.21,0,72.89,0.11,0.22,0,TREE,LL,32,TREE,LL,32,0,TREE,A_flag_ceiling
all_reduce_perf,3,24,16384,4096,float,sum,75.04,0.22,0.42,0,74.05,0.22,0.42,0,TREE,LL,32,TREE,LL,32,0,TREE,A_flag_ceiling
all_reduce_perf,3,24,32768,8192,float,sum,77.03,0.43,0.82,0,75.27,0.44,0.83,0,TREE,LL,32,TREE,LL,32,0,TREE,A_flag_ceiling
all_reduce_perf,3,24,65536,16384,float,sum,80.49,0.81,1.56,0,79.66,0.82,1.58,0,TREE,LL,32,TREE,LL,32,0,TREE,A_flag_ceiling
all_reduce_perf,3,24,131072,32768,float,sum,90.11,1.45,2.79,0,89.72,1.46,2.8,0,TREE,LL,32,TREE,LL,32,0,TREE,A_flag_ceiling
all_reduce_perf,3,24,262144,65536,float,sum,111.12,2.36,4.52,0,111.02,2.36,4.53,0,TREE,LL,32,TREE,LL,32,0,TREE,A_flag_ceiling
all_reduce_perf,3,24,524288,131072,float,sum,149.23,3.51,6.73,0,149.97,3.5,6.7,0,TREE,LL,32,TREE,LL,32,0,TREE,A_flag_ceiling
all_reduce_perf,3,24,1048576,262144,float,sum,172.72,6.07,11.64,0,172.35,6.08,11.66,0,TREE,LL,32,TREE,LL,32,0,TREE,A_flag_ceiling
all_reduce_perf,3,24,2097152,524288,float,sum,216.04,9.71,18.61,0,218.13,9.61,18.43,0,TREE,LL,32,TREE,LL,32,0,TREE,A_flag_ceiling
all_reduce_perf,3,24,4194304,1048576,float,sum,305.3,13.74,26.33,0,305.06,13.75,26.35,0,TREE,LL,32,TREE,LL,32,0,TREE,A_flag_ceiling
all_reduce_perf,3,24,8388608,2097152,float,sum,530.87,15.8,30.29,0,525.81,15.95,30.58,0,TREE,LL,32,TREE,LL,32,0,TREE,A_flag_ceiling
all_reduce_perf,3,24,16777216,4194304,float,sum,948.4,17.69,33.91,0,948.62,17.69,33.9,0,TREE,LL,32,TREE,LL,32,0,TREE,A_flag_ceiling
all_reduce_perf,3,24,33554432,8388608,float,sum,1779.34,18.86,36.14,0,1779.29,18.86,36.15,0,TREE,LL,32,TREE,LL,32,0,TREE,A_flag_ceiling
all_reduce_perf,3,24,67108864,16777216,float,sum,3448.49,19.46,37.3,0,3446.49,19.47,37.32,0,TREE,LL,32,TREE,LL,32,0,TREE,A_flag_ceiling
all_reduce_perf,3,24,134217728,33554432,float,sum,6787.11,19.78,37.9,0,6791.07,19.76,37.88,0,TREE,LL,32,TREE,LL,32,0,TREE,A_flag_ceiling
all_reduce_perf,3,24,268435456,67108864,float,sum,13592.6,19.75,37.85,0,13721.9,19.56,37.5,0,TREE,LL,32,TREE,LL,32,0,TREE,A_flag_ceiling
all_reduce_perf,3,24,536870912,134217728,float,sum,26922.2,19.94,38.22,0,26720.6,20.09,38.51,0,TREE,LL,32,TREE,LL,32,0,TREE,A_flag_ceiling
all_reduce_perf,3,24,4096,1024,float,sum,80.58,0.05,0.1,0,80.46,0.05,0.1,0,TREE,LL128,32,TREE,LL128,32,0,TREE,A_flag_ceiling
all_reduce_perf,3,24,8192,2048,float,sum,83.45,0.1,0.19,0,83.88,0.1,0.19,0,TREE,LL128,32,TREE,LL128,32,0,TREE,A_flag_ceiling
all_reduce_perf,3,24,16384,4096,float,sum,83.83,0.2,0.37,0,83.5,0.2,0.38,0,TREE,LL128,32,TREE,LL128,32,0,TREE,A_flag_ceiling
all_reduce_perf,3,24,32768,8192,float,sum,84.92,0.39,0.74,0,84.74,0.39,0.74,0,TREE,LL128,32,TREE,LL128,32,0,TREE,A_flag_ceiling
all_reduce_perf,3,24,65536,16384,float,sum,85.06,0.77,1.48,0,85.19,0.77,1.47,0,TREE,LL128,32,TREE,LL128,32,0,TREE,A_flag_ceiling
all_reduce_perf,3,24,131072,32768,float,sum,87.55,1.5,2.87,0,87.5,1.5,2.87,0,TREE,LL128,32,TREE,LL128,32,0,TREE,A_flag_ceiling
all_reduce_perf,3,24,262144,65536,float,sum,91.38,2.87,5.5,0,91.83,2.85,5.47,0,TREE,LL128,32,TREE,LL128,32,0,TREE,A_flag_ceiling
all_reduce_perf,3,24,524288,131072,float,sum,98.16,5.34,10.24,0,97.82,5.36,10.27,0,TREE,LL128,32,TREE,LL128,32,0,TREE,A_flag_ceiling
all_reduce_perf,3,24,1048576,262144,float,sum,108.18,9.69,18.58,0,109.08,9.61,18.43,0,TREE,LL128,32,TREE,LL128,32,0,TREE,A_flag_ceiling
all_reduce_perf,3,24,2097152,524288,float,sum,117.44,17.86,34.23,0,117.96,17.78,34.08,0,TREE,LL128,32,TREE,LL128,32,0,TREE,A_flag_ceiling
all_reduce_perf,3,24,4194304,1048576,float,sum,134.99,31.07,59.55,0,135.23,31.02,59.45,0,TREE,LL128,32,TREE,LL128,32,0,TREE,A_flag_ceiling
all_reduce_perf,3,24,8388608,2097152,float,sum,195.69,42.87,82.16,0,191.95,43.7,83.76,0,TREE,LL128,32,TREE,LL128,32,0,TREE,A_flag_ceiling
all_reduce_perf,3,24,16777216,4194304,float,sum,252.22,66.52,127.49,0,251.7,66.66,127.76,0,TREE,LL128,32,TREE,LL128,32,0,TREE,A_flag_ceiling
all_reduce_perf,3,24,33554432,8388608,float,sum,417.74,80.32,153.95,0,415.62,80.73,154.74,0,TREE,LL128,32,TREE,LL128,32,0,TREE,A_flag_ceiling
all_reduce_perf,3,24,67108864,16777216,float,sum,712.6,94.17,180.5,0,712.73,94.16,180.47,0,TREE,LL128,32,TREE,LL128,32,0,TREE,A_flag_ceiling
all_reduce_perf,3,24,134217728,33554432,float,sum,1318.87,101.77,195.05,0,1318.48,101.8,195.11,0,TREE,LL128,32,TREE,LL128,32,0,TREE,A_flag_ceiling
all_reduce_perf,3,24,268435456,67108864,float,sum,2521.05,106.48,204.08,0,2528.71,106.16,203.46,0,TREE,LL128,32,TREE,LL128,32,0,TREE,A_flag_ceiling
all_reduce_perf,3,24,536870912,134217728,float,sum,4915.58,109.22,209.33,0,4916.09,109.21,209.31,0,TREE,LL128,32,TREE,LL128,32,0,TREE,A_flag_ceiling
all_reduce_perf,3,24,4096,1024,float,sum,116.21,0.04,0.07,0,113.3,0.04,0.07,0,TREE,SIMPLE,40,TREE,SIMPLE,40,0,TREE,A_flag_ceiling
all_reduce_perf,3,24,8192,2048,float,sum,117.92,0.07,0.13,0,117.19,0.07,0.13,0,TREE,SIMPLE,40,TREE,SIMPLE,40,0,TREE,A_flag_ceiling
all_reduce_perf,3,24,16384,4096,float,sum,119.57,0.14,0.26,0,117.0,0.14,0.27,0,TREE,SIMPLE,40,TREE,SIMPLE,40,0,TREE,A_flag_ceiling
all_reduce_perf,3,24,32768,8192,float,sum,118.45,0.28,0.53,0,116.39,0.28,0.54,0,TREE,SIMPLE,40,TREE,SIMPLE,40,0,TREE,A_flag_ceiling
all_reduce_perf,3,24,65536,16384,float,sum,118.99,0.55,1.06,0,117.04,0.56,1.07,0,TREE,SIMPLE,40,TREE,SIMPLE,40,0,TREE,A_flag_ceiling
all_reduce_perf,3,24,131072,32768,float,sum,120.15,1.09,2.09,0,120.28,1.09,2.09,0,TREE,SIMPLE,40,TREE,SIMPLE,40,0,TREE,A_flag_ceiling
all_reduce_perf,3,24,262144,65536,float,sum,126.83,2.07,3.96,0,125.24,2.09,4.01,0,TREE,SIMPLE,40,TREE,SIMPLE,40,0,TREE,A_flag_ceiling
all_reduce_perf,3,24,524288,131072,float,sum,135.9,3.86,7.39,0,134.47,3.9,7.47,0,TREE,SIMPLE,40,TREE,SIMPLE,40,0,TREE,A_flag_ceiling
all_reduce_perf,3,24,1048576,262144,float,sum,161.21,6.5,12.47,0,158.2,6.63,12.7,0,TREE,SIMPLE,40,TREE,SIMPLE,40,0,TREE,A_flag_ceiling
all_reduce_perf,3,24,2097152,524288,float,sum,190.64,11.0,21.08,0,172.37,12.17,23.32,0,TREE,SIMPLE,40,TREE,SIMPLE,40,0,TREE,A_flag_ceiling
all_reduce_perf,3,24,4194304,1048576,float,sum,204.92,20.47,39.23,0,200.57,20.91,40.08,0,TREE,SIMPLE,40,TREE,SIMPLE,40,0,TREE,A_flag_ceiling
all_reduce_perf,3,24,8388608,2097152,float,sum,246.93,33.97,65.11,0,238.6,35.16,67.39,0,TREE,SIMPLE,40,TREE,SIMPLE,40,0,TREE,A_flag_ceiling
all_reduce_perf,3,24,16777216,4194304,float,sum,343.09,48.9,93.73,0,338.63,49.54,94.96,0,TREE,SIMPLE,40,TREE,SIMPLE,40,0,TREE,A_flag_ceiling
all_reduce_perf,3,24,33554432,8388608,float,sum,445.5,75.32,144.36,0,441.98,75.92,145.51,0,TREE,SIMPLE,40,TREE,SIMPLE,40,0,TREE,A_flag_ceiling
all_reduce_perf,3,24,67108864,16777216,float,sum,680.44,98.63,189.03,0,682.16,98.38,188.56,0,TREE,SIMPLE,40,TREE,SIMPLE,40,0,TREE,A_flag_ceiling
all_reduce_perf,3,24,134217728,33554432,float,sum,1154.48,116.26,222.83,0,1154.97,116.21,222.73,0,TREE,SIMPLE,40,TREE,SIMPLE,40,0,TREE,A_flag_ceiling
all_reduce_perf,3,24,268435456,67108864,float,sum,1918.33,139.93,268.2,0,1921.45,139.7,267.77,0,TREE,SIMPLE,40,TREE,SIMPLE,40,0,TREE,A_flag_ceiling
all_reduce_perf,3,24,536870912,134217728,float,sum,3531.38,152.03,291.39,0,3521.14,152.47,292.24,0,TREE,SIMPLE,40,TREE,SIMPLE,40,0,TREE,A_flag_ceiling
all_reduce_perf,3,24,4096,1024,float,sum,75.19,0.05,0.1,0,72.12,0.06,0.11,0,TREE,LL,40,TREE,LL,40,0,TREE,A_flag_ceiling
all_reduce_perf,3,24,8192,2048,float,sum,74.18,0.11,0.21,0,73.3,0.11,0.21,0,TREE,LL,40,TREE,LL,40,0,TREE,A_flag_ceiling
all_reduce_perf,3,24,16384,4096,float,sum,74.22,0.22,0.42,0,74.87,0.22,0.42,0,TREE,LL,40,TREE,LL,40,0,TREE,A_flag_ceiling
all_reduce_perf,3,24,32768,8192,float,sum,76.41,0.43,0.82,0,75.61,0.43,0.83,0,TREE,LL,40,TREE,LL,40,0,TREE,A_flag_ceiling
all_reduce_perf,3,24,65536,16384,float,sum,79.64,0.82,1.58,0,79.63,0.82,1.58,0,TREE,LL,40,TREE,LL,40,0,TREE,A_flag_ceiling
all_reduce_perf,3,24,131072,32768,float,sum,90.83,1.44,2.77,0,90.0,1.46,2.79,0,TREE,LL,40,TREE,LL,40,0,TREE,A_flag_ceiling
all_reduce_perf,3,24,262144,65536,float,sum,115.37,2.27,4.36,0,110.33,2.38,4.55,0,TREE,LL,40,TREE,LL,40,0,TREE,A_flag_ceiling
all_reduce_perf,3,24,524288,131072,float,sum,143.04,3.67,7.03,0,141.17,3.71,7.12,0,TREE,LL,40,TREE,LL,40,0,TREE,A_flag_ceiling
all_reduce_perf,3,24,1048576,262144,float,sum,164.35,6.38,12.23,0,163.73,6.4,12.28,0,TREE,LL,40,TREE,LL,40,0,TREE,A_flag_ceiling
all_reduce_perf,3,24,2097152,524288,float,sum,202.36,10.36,19.86,0,201.05,10.43,19.99,0,TREE,LL,40,TREE,LL,40,0,TREE,A_flag_ceiling
all_reduce_perf,3,24,4194304,1048576,float,sum,274.07,15.3,29.33,0,274.06,15.3,29.33,0,TREE,LL,40,TREE,LL,40,0,TREE,A_flag_ceiling
all_reduce_perf,3,24,8388608,2097152,float,sum,461.29,18.19,34.86,0,459.11,18.27,35.02,0,TREE,LL,40,TREE,LL,40,0,TREE,A_flag_ceiling
all_reduce_perf,3,24,16777216,4194304,float,sum,842.94,19.9,38.15,0,836.71,20.05,38.43,0,TREE,LL,40,TREE,LL,40,0,TREE,A_flag_ceiling
all_reduce_perf,3,24,33554432,8388608,float,sum,1578.28,21.26,40.75,0,1597.69,21.0,40.25,0,TREE,LL,40,TREE,LL,40,0,TREE,A_flag_ceiling
all_reduce_perf,3,24,67108864,16777216,float,sum,2985.37,22.48,43.09,0,2977.12,22.54,43.2,0,TREE,LL,40,TREE,LL,40,0,TREE,A_flag_ceiling
all_reduce_perf,3,24,134217728,33554432,float,sum,5969.85,22.48,43.09,0,5976.24,22.46,43.05,0,TREE,LL,40,TREE,LL,40,0,TREE,A_flag_ceiling
all_reduce_perf,3,24,268435456,67108864,float,sum,11437.3,23.47,44.98,0,11525.7,23.29,44.64,0,TREE,LL,40,TREE,LL,40,0,TREE,A_flag_ceiling
all_reduce_perf,3,24,536870912,134217728,float,sum,23002.3,23.34,44.73,0,22942.1,23.4,44.85,0,TREE,LL,40,TREE,LL,40,0,TREE,A_flag_ceiling
all_reduce_perf,3,24,4096,1024,float,sum,80.94,0.05,0.1,0,79.93,0.05,0.1,0,TREE,LL128,40,TREE,LL128,40,0,TREE,A_flag_ceiling
all_reduce_perf,3,24,8192,2048,float,sum,83.73,0.1,0.19,0,83.21,0.1,0.19,0,TREE,LL128,40,TREE,LL128,40,0,TREE,A_flag_ceiling
all_reduce_perf,3,24,16384,4096,float,sum,83.9,0.2,0.37,0,83.73,0.2,0.38,0,TREE,LL128,40,TREE,LL128,40,0,TREE,A_flag_ceiling
all_reduce_perf,3,24,32768,8192,float,sum,85.98,0.38,0.73,0,84.35,0.39,0.74,0,TREE,LL128,40,TREE,LL128,40,0,TREE,A_flag_ceiling
all_reduce_perf,3,24,65536,16384,float,sum,84.87,0.77,1.48,0,84.7,0.77,1.48,0,TREE,LL128,40,TREE,LL128,40,0,TREE,A_flag_ceiling
all_reduce_perf,3,24,131072,32768,float,sum,87.56,1.5,2.87,0,87.9,1.49,2.86,0,TREE,LL128,40,TREE,LL128,40,0,TREE,A_flag_ceiling
all_reduce_perf,3,24,262144,65536,float,sum,92.03,2.85,5.46,0,92.43,2.84,5.44,0,TREE,LL128,40,TREE,LL128,40,0,TREE,A_flag_ceiling
all_reduce_perf,3,24,524288,131072,float,sum,99.06,5.29,10.14,0,98.63,5.32,10.19,0,TREE,LL128,40,TREE,LL128,40,0,TREE,A_flag_ceiling
all_reduce_perf,3,24,1048576,262144,float,sum,109.7,9.56,18.32,0,109.19,9.6,18.41,0,TREE,LL128,40,TREE,LL128,40,0,TREE,A_flag_ceiling
all_reduce_perf,3,24,2097152,524288,float,sum,120.56,17.39,33.34,0,118.25,17.74,33.99,0,TREE,LL128,40,TREE,LL128,40,0,TREE,A_flag_ceiling
all_reduce_perf,3,24,4194304,1048576,float,sum,147.4,28.45,54.54,0,132.94,31.55,60.47,0,TREE,LL128,40,TREE,LL128,40,0,TREE,A_flag_ceiling
all_reduce_perf,3,24,8388608,2097152,float,sum,183.42,45.73,87.66,0,180.91,46.37,88.88,0,TREE,LL128,40,TREE,LL128,40,0,TREE,A_flag_ceiling
all_reduce_perf,3,24,16777216,4194304,float,sum,229.92,72.97,139.86,0,229.71,73.04,139.99,0,TREE,LL128,40,TREE,LL128,40,0,TREE,A_flag_ceiling
all_reduce_perf,3,24,33554432,8388608,float,sum,373.81,89.76,172.04,0,373.11,89.93,172.37,0,TREE,LL128,40,TREE,LL128,40,0,TREE,A_flag_ceiling
all_reduce_perf,3,24,67108864,16777216,float,sum,630.88,106.37,203.88,0,629.26,106.65,204.41,0,TREE,LL128,40,TREE,LL128,40,0,TREE,A_flag_ceiling
all_reduce_perf,3,24,134217728,33554432,float,sum,1156.7,116.04,222.4,0,1156.31,116.07,222.48,0,TREE,LL128,40,TREE,LL128,40,0,TREE,A_flag_ceiling
all_reduce_perf,3,24,268435456,67108864,float,sum,2205.58,121.71,233.27,0,2198.79,122.08,233.99,0,TREE,LL128,40,TREE,LL128,40,0,TREE,A_flag_ceiling
all_reduce_perf,3,24,536870912,134217728,float,sum,4277.26,125.52,240.57,0,4263.57,125.92,241.35,0,TREE,LL128,40,TREE,LL128,40,0,TREE,A_flag_ceiling
all_reduce_perf,3,24,4096,1024,float,sum,117.5,0.03,0.07,0,112.81,0.04,0.07,0,TREE,SIMPLE,48,TREE,SIMPLE,48,0,TREE,A_flag_ceiling
all_reduce_perf,3,24,8192,2048,float,sum,116.48,0.07,0.13,0,115.18,0.07,0.14,0,TREE,SIMPLE,48,TREE,SIMPLE,48,0,TREE,A_flag_ceiling
all_reduce_perf,3,24,16384,4096,float,sum,118.4,0.14,0.27,0,115.51,0.14,0.27,0,TREE,SIMPLE,48,TREE,SIMPLE,48,0,TREE,A_flag_ceiling
all_reduce_perf,3,24,32768,8192,float,sum,149.66,0.22,0.42,0,115.78,0.28,0.54,0,TREE,SIMPLE,48,TREE,SIMPLE,48,0,TREE,A_flag_ceiling
all_reduce_perf,3,24,65536,16384,float,sum,119.33,0.55,1.05,0,116.65,0.56,1.08,0,TREE,SIMPLE,48,TREE,SIMPLE,48,0,TREE,A_flag_ceiling
all_reduce_perf,3,24,131072,32768,float,sum,120.72,1.09,2.08,0,120.37,1.09,2.09,0,TREE,SIMPLE,48,TREE,SIMPLE,48,0,TREE,A_flag_ceiling
all_reduce_perf,3,24,262144,65536,float,sum,126.58,2.07,3.97,0,125.58,2.09,4.0,0,TREE,SIMPLE,48,TREE,SIMPLE,48,0,TREE,A_flag_ceiling
all_reduce_perf,3,24,524288,131072,float,sum,136.45,3.84,7.36,0,134.04,3.91,7.5,0,TREE,SIMPLE,48,TREE,SIMPLE,48,0,TREE,A_flag_ceiling
all_reduce_perf,3,24,1048576,262144,float,sum,155.19,6.76,12.95,0,173.21,6.05,11.6,0,TREE,SIMPLE,48,TREE,SIMPLE,48,0,TREE,A_flag_ceiling
all_reduce_perf,3,24,2097152,524288,float,sum,177.45,11.82,22.65,0,174.81,12.0,22.99,0,TREE,SIMPLE,48,TREE,SIMPLE,48,0,TREE,A_flag_ceiling
all_reduce_perf,3,24,4194304,1048576,float,sum,197.75,21.21,40.65,0,195.03,21.51,41.22,0,TREE,SIMPLE,48,TREE,SIMPLE,48,0,TREE,A_flag_ceiling
all_reduce_perf,3,24,8388608,2097152,float,sum,240.73,34.85,66.79,0,237.81,35.27,67.61,0,TREE,SIMPLE,48,TREE,SIMPLE,48,0,TREE,A_flag_ceiling
all_reduce_perf,3,24,16777216,4194304,float,sum,333.73,50.27,96.35,0,330.06,50.83,97.43,0,TREE,SIMPLE,48,TREE,SIMPLE,48,0,TREE,A_flag_ceiling
all_reduce_perf,3,24,33554432,8388608,float,sum,425.27,78.9,151.23,0,423.94,79.15,151.7,0,TREE,SIMPLE,48,TREE,SIMPLE,48,0,TREE,A_flag_ceiling
all_reduce_perf,3,24,67108864,16777216,float,sum,638.68,105.07,201.39,0,655.82,102.33,196.13,0,TREE,SIMPLE,48,TREE,SIMPLE,48,0,TREE,A_flag_ceiling
all_reduce_perf,3,24,134217728,33554432,float,sum,1049.02,127.95,245.23,0,1046.65,128.24,245.78,0,TREE,SIMPLE,48,TREE,SIMPLE,48,0,TREE,A_flag_ceiling
all_reduce_perf,3,24,268435456,67108864,float,sum,1800.07,149.13,285.82,0,1795.67,149.49,286.52,0,TREE,SIMPLE,48,TREE,SIMPLE,48,0,TREE,A_flag_ceiling
all_reduce_perf,3,24,536870912,134217728,float,sum,3290.99,163.13,312.67,0,3293.77,163.0,312.41,0,TREE,SIMPLE,48,TREE,SIMPLE,48,0,TREE,A_flag_ceiling
all_reduce_perf,3,24,4096,1024,float,sum,75.23,0.05,0.1,0,72.32,0.06,0.11,0,TREE,LL,48,TREE,LL,48,0,TREE,A_flag_ceiling
all_reduce_perf,3,24,8192,2048,float,sum,73.74,0.11,0.21,0,73.21,0.11,0.21,0,TREE,LL,48,TREE,LL,48,0,TREE,A_flag_ceiling
all_reduce_perf,3,24,16384,4096,float,sum,87.95,0.19,0.36,0,73.08,0.22,0.43,0,TREE,LL,48,TREE,LL,48,0,TREE,A_flag_ceiling
all_reduce_perf,3,24,32768,8192,float,sum,76.2,0.43,0.82,0,75.48,0.43,0.83,0,TREE,LL,48,TREE,LL,48,0,TREE,A_flag_ceiling
all_reduce_perf,3,24,65536,16384,float,sum,80.24,0.82,1.57,0,79.57,0.82,1.58,0,TREE,LL,48,TREE,LL,48,0,TREE,A_flag_ceiling
all_reduce_perf,3,24,131072,32768,float,sum,90.62,1.45,2.77,0,90.0,1.46,2.79,0,TREE,LL,48,TREE,LL,48,0,TREE,A_flag_ceiling
all_reduce_perf,3,24,262144,65536,float,sum,103.12,2.54,4.87,0,101.69,2.58,4.94,0,TREE,LL,48,TREE,LL,48,0,TREE,A_flag_ceiling
all_reduce_perf,3,24,524288,131072,float,sum,131.93,3.97,7.62,0,132.87,3.95,7.56,0,TREE,LL,48,TREE,LL,48,0,TREE,A_flag_ceiling
all_reduce_perf,3,24,1048576,262144,float,sum,161.45,6.49,12.45,0,161.76,6.48,12.42,0,TREE,LL,48,TREE,LL,48,0,TREE,A_flag_ceiling
all_reduce_perf,3,24,2097152,524288,float,sum,190.66,11.0,21.08,0,427.42,4.91,9.4,0,TREE,LL,48,TREE,LL,48,0,TREE,A_flag_ceiling
all_reduce_perf,3,24,4194304,1048576,float,sum,255.68,16.4,31.44,0,251.04,16.71,32.02,0,TREE,LL,48,TREE,LL,48,0,TREE,A_flag_ceiling
all_reduce_perf,3,24,8388608,2097152,float,sum,421.06,19.92,38.18,0,417.96,20.07,38.47,0,TREE,LL,48,TREE,LL,48,0,TREE,A_flag_ceiling
all_reduce_perf,3,24,16777216,4194304,float,sum,735.29,22.82,43.73,0,732.77,22.9,43.88,0,TREE,LL,48,TREE,LL,48,0,TREE,A_flag_ceiling
all_reduce_perf,3,24,33554432,8388608,float,sum,1395.39,24.05,46.09,0,1392.35,24.1,46.19,0,TREE,LL,48,TREE,LL,48,0,TREE,A_flag_ceiling
all_reduce_perf,3,24,67108864,16777216,float,sum,2664.64,25.18,48.27,0,2658.32,25.24,48.39,0,TREE,LL,48,TREE,LL,48,0,TREE,A_flag_ceiling
all_reduce_perf,3,24,134217728,33554432,float,sum,5208.9,25.77,49.39,0,5198.2,25.82,49.49,0,TREE,LL,48,TREE,LL,48,0,TREE,A_flag_ceiling
all_reduce_perf,3,24,268435456,67108864,float,sum,10287.7,26.09,50.01,0,10351.0,25.93,49.71,0,TREE,LL,48,TREE,LL,48,0,TREE,A_flag_ceiling
all_reduce_perf,3,24,536870912,134217728,float,sum,20697.9,25.94,49.72,0,20816.2,25.79,49.43,0,TREE,LL,48,TREE,LL,48,0,TREE,A_flag_ceiling
all_reduce_perf,3,24,4096,1024,float,sum,83.37,0.05,0.09,0,80.12,0.05,0.1,0,TREE,LL128,48,TREE,LL128,48,0,TREE,A_flag_ceiling
all_reduce_perf,3,24,8192,2048,float,sum,82.65,0.1,0.19,0,83.01,0.1,0.19,0,TREE,LL128,48,TREE,LL128,48,0,TREE,A_flag_ceiling
all_reduce_perf,3,24,16384,4096,float,sum,84.16,0.19,0.37,0,83.02,0.2,0.38,0,TREE,LL128,48,TREE,LL128,48,0,TREE,A_flag_ceiling
all_reduce_perf,3,24,32768,8192,float,sum,84.68,0.39,0.74,0,83.4,0.39,0.75,0,TREE,LL128,48,TREE,LL128,48,0,TREE,A_flag_ceiling
all_reduce_perf,3,24,65536,16384,float,sum,85.3,0.77,1.47,0,84.09,0.78,1.49,0,TREE,LL128,48,TREE,LL128,48,0,TREE,A_flag_ceiling
all_reduce_perf,3,24,131072,32768,float,sum,87.06,1.51,2.89,0,86.81,1.51,2.89,0,TREE,LL128,48,TREE,LL128,48,0,TREE,A_flag_ceiling
all_reduce_perf,3,24,262144,65536,float,sum,91.78,2.86,5.47,0,91.27,2.87,5.51,0,TREE,LL128,48,TREE,LL128,48,0,TREE,A_flag_ceiling
all_reduce_perf,3,24,524288,131072,float,sum,98.75,5.31,10.18,0,98.02,5.35,10.25,0,TREE,LL128,48,TREE,LL128,48,0,TREE,A_flag_ceiling
all_reduce_perf,3,24,1048576,262144,float,sum,106.17,9.88,18.93,0,106.24,9.87,18.92,0,TREE,LL128,48,TREE,LL128,48,0,TREE,A_flag_ceiling
all_reduce_perf,3,24,2097152,524288,float,sum,113.98,18.4,35.27,0,114.18,18.37,35.2,0,TREE,LL128,48,TREE,LL128,48,0,TREE,A_flag_ceiling
all_reduce_perf,3,24,4194304,1048576,float,sum,129.88,32.29,61.9,0,129.15,32.48,62.25,0,TREE,LL128,48,TREE,LL128,48,0,TREE,A_flag_ceiling
all_reduce_perf,3,24,8388608,2097152,float,sum,159.94,52.45,100.53,0,167.58,50.06,95.95,0,TREE,LL128,48,TREE,LL128,48,0,TREE,A_flag_ceiling
all_reduce_perf,3,24,16777216,4194304,float,sum,214.75,78.13,149.74,0,214.99,78.04,149.57,0,TREE,LL128,48,TREE,LL128,48,0,TREE,A_flag_ceiling
all_reduce_perf,3,24,33554432,8388608,float,sum,344.59,97.38,186.64,0,344.9,97.29,186.47,0,TREE,LL128,48,TREE,LL128,48,0,TREE,A_flag_ceiling
all_reduce_perf,3,24,67108864,16777216,float,sum,571.48,117.43,225.07,0,571.78,117.37,224.96,0,TREE,LL128,48,TREE,LL128,48,0,TREE,A_flag_ceiling
all_reduce_perf,3,24,134217728,33554432,float,sum,1055.09,127.21,243.82,0,1054.09,127.33,244.05,0,TREE,LL128,48,TREE,LL128,48,0,TREE,A_flag_ceiling
all_reduce_perf,3,24,268435456,67108864,float,sum,2011.56,133.45,255.77,0,2007.29,133.73,256.32,0,TREE,LL128,48,TREE,LL128,48,0,TREE,A_flag_ceiling
all_reduce_perf,3,24,536870912,134217728,float,sum,3895.28,137.83,264.17,0,3891.17,137.97,264.45,0,TREE,LL128,48,TREE,LL128,48,0,TREE,A_flag_ceiling
all_reduce_perf,3,24,4096,1024,float,sum,72.72,0.06,0.11,0,72.65,0.06,0.11,0,TREE,LL,2,,,,0,TREE,A_flag_ceiling
all_reduce_perf,3,24,8192,2048,float,sum,74.1,0.11,0.21,0,72.95,0.11,0.22,0,TREE,LL,4,,,,0,TREE,A_flag_ceiling
all_reduce_perf,3,24,16384,4096,float,sum,73.77,0.22,0.43,0,73.14,0.22,0.43,0,TREE,LL,8,,,,0,TREE,A_flag_ceiling
all_reduce_perf,3,24,32768,8192,float,sum,75.19,0.44,0.84,0,75.62,0.43,0.83,0,TREE,LL,16,,,,0,TREE,A_flag_ceiling
all_reduce_perf,3,24,65536,16384,float,sum,81.2,0.81,1.55,0,81.45,0.8,1.54,0,TREE,LL,32,,,,0,TREE,A_flag_ceiling
all_reduce_perf,3,24,131072,32768,float,sum,95.07,1.38,2.64,0,90.49,1.45,2.78,0,TREE,LL,48,,,,0,TREE,A_flag_ceiling
all_reduce_perf,3,24,262144,65536,float,sum,101.73,2.58,4.94,0,102.61,2.55,4.9,0,TREE,LL,48,,,,0,TREE,A_flag_ceiling
all_reduce_perf,3,24,524288,131072,float,sum,98.09,5.35,10.24,0,97.14,5.4,10.34,0,TREE,LL128,48,,,,0,TREE,A_flag_ceiling
all_reduce_perf,3,24,1048576,262144,float,sum,105.86,9.91,18.99,0,105.65,9.92,19.02,0,TREE,LL128,48,,,,0,TREE,A_flag_ceiling
all_reduce_perf,3,24,2097152,524288,float,sum,114.59,18.3,35.08,0,114.5,18.32,35.11,0,TREE,LL128,48,,,,0,TREE,A_flag_ceiling
all_reduce_perf,3,24,4194304,1048576,float,sum,129.2,32.46,62.22,0,128.18,32.72,62.72,0,TREE,LL128,48,,,,0,TREE,A_flag_ceiling
all_reduce_perf,3,24,8388608,2097152,float,sum,158.38,52.96,101.52,0,156.63,53.56,102.65,0,TREE,LL128,48,,,,0,TREE,A_flag_ceiling
all_reduce_perf,3,24,16777216,4194304,float,sum,215.32,77.92,149.35,0,214.6,78.18,149.84,0,TREE,LL128,48,,,,0,TREE,A_flag_ceiling
all_reduce_perf,3,24,33554432,8388608,float,sum,344.27,97.46,186.81,0,343.62,97.65,187.16,0,TREE,LL128,48,,,,0,TREE,A_flag_ceiling
all_reduce_perf,3,24,67108864,16777216,float,sum,479.28,140.02,268.37,0,478.89,140.13,268.59,0,RING,LL128,48,,,,0,RING,A_flag_ceiling
all_reduce_perf,3,24,134217728,33554432,float,sum,1057.47,126.92,243.27,0,1046.96,128.2,245.71,0,RING,LL128,48,,,,0,RING,A_flag_ceiling
all_reduce_perf,3,24,268435456,67108864,float,sum,1739.92,154.28,295.7,0,1735.65,154.66,296.43,0,RING,LL128,48,,,,0,RING,A_flag_ceiling
all_reduce_perf,3,24,536870912,134217728,float,sum,2748.78,195.31,374.35,0,2752.01,195.08,373.91,0,RING,SIMPLE,48,,,,0,RING,A_flag_ceiling
