collective,num_nodes,num_gpus,size_bytes,algo,proto,nchannels,requested_algo,requested_proto,substituted,busbw_ip,time_ip_us,busbw_oop,time_oop_us,n_repeats,spread_pct,count,data_type,redop,algbw_ip,algbw_oop,errors_ip,errors_oop
all_reduce_perf,3,24,4096,RING,LL,1,RING,LL,0,0.06,131.4,0.06,135.53,3,0.0,1024,float,sum,0.01,0.01,0,0
all_reduce_perf,3,24,4096,RING,LL,2,RING,LL,0,0.06,132.47,0.06,135.49,3,0.0,1024,float,sum,0.01,0.01,0,0
all_reduce_perf,3,24,4096,RING,LL,4,RING,LL,0,0.06,132.71,0.06,135.23,3,0.0,1024,float,sum,0.01,0.01,0,0
all_reduce_perf,3,24,4096,RING,LL,8,RING,LL,0,0.06,134.76,0.06,135.61,3,0.0,1024,float,sum,0.01,0.01,0,0
all_reduce_perf,3,24,4096,RING,LL,16,RING,LL,0,0.06,132.19,0.06,136.12,3,0.0,1024,float,sum,0.01,0.01,0,0
all_reduce_perf,3,24,4096,RING,LL,24,RING,LL,0,0.06,132.71,0.06,133.74,3,0.0,1024,float,sum,0.01,0.01,0,0
all_reduce_perf,3,24,4096,RING,LL,32,RING,LL,0,0.06,132.73,0.06,133.38,3,33.33333333333333,1024,float,sum,0.01,0.01,0,0
all_reduce_perf,3,24,4096,RING,LL,40,RING,LL,0,0.06,132.87,0.06,132.92,3,0.0,1024,float,sum,0.01,0.01,0,0
all_reduce_perf,3,24,4096,RING,LL,48,RING,LL,0,0.06,132.12,0.06,135.48,3,0.0,1024,float,sum,0.01,0.01,0,0
all_reduce_perf,3,24,4096,RING,LL128,1,RING,LL128,0,0.05,148.42,0.05,148.79,3,0.0,1024,float,sum,0.01,0.01,0,0
all_reduce_perf,3,24,4096,RING,LL128,2,RING,LL128,0,0.05,151.39,0.05,151.76,3,20.000000000000004,1024,float,sum,0.01,0.01,0,0
all_reduce_perf,3,24,4096,RING,LL128,4,RING,LL128,0,0.05,148.71,0.05,151.06,3,0.0,1024,float,sum,0.01,0.01,0,0
all_reduce_perf,3,24,4096,RING,LL128,8,RING,LL128,0,0.05,148.46,0.05,152.15,3,0.0,1024,float,sum,0.01,0.01,0,0
all_reduce_perf,3,24,4096,RING,LL128,16,RING,LL128,0,0.05,148.0,0.05,152.75,3,0.0,1024,float,sum,0.01,0.01,0,0
all_reduce_perf,3,24,4096,RING,LL128,24,RING,LL128,0,0.05,152.73,0.05,154.23,3,0.0,1024,float,sum,0.01,0.01,0,0
all_reduce_perf,3,24,4096,RING,LL128,32,RING,LL128,0,0.05,147.76,0.05,153.79,3,0.0,1024,float,sum,0.01,0.01,0,0
all_reduce_perf,3,24,4096,RING,LL128,40,RING,LL128,0,0.05,153.73,0.05,154.91,3,0.0,1024,float,sum,0.01,0.01,0,0
all_reduce_perf,3,24,4096,RING,LL128,48,RING,LL128,0,0.05,152.99,0.05,157.23,3,0.0,1024,float,sum,0.01,0.01,0,0
all_reduce_perf,3,24,4096,RING,SIMPLE,1,RING,SIMPLE,0,0.02,511.06,0.02,515.22,3,0.0,1024,float,sum,0.01,0.01,0,0
all_reduce_perf,3,24,4096,RING,SIMPLE,2,RING,SIMPLE,0,0.02,513.87,0.02,518.34,3,0.0,1024,float,sum,0.01,0.01,0,0
all_reduce_perf,3,24,4096,RING,SIMPLE,4,RING,SIMPLE,0,0.02,512.3,0.02,516.53,3,0.0,1024,float,sum,0.01,0.01,0,0
all_reduce_perf,3,24,4096,RING,SIMPLE,8,RING,SIMPLE,0,0.02,511.25,0.02,513.83,3,50.0,1024,float,sum,0.01,0.01,0,0
all_reduce_perf,3,24,4096,RING,SIMPLE,16,RING,SIMPLE,0,0.02,511.83,0.02,515.82,3,0.0,1024,float,sum,0.01,0.01,0,0
all_reduce_perf,3,24,4096,RING,SIMPLE,24,RING,SIMPLE,0,0.02,511.15,0.02,512.1,3,0.0,1024,float,sum,0.01,0.01,0,0
all_reduce_perf,3,24,4096,RING,SIMPLE,32,RING,SIMPLE,0,0.02,510.87,0.02,511.2,3,0.0,1024,float,sum,0.01,0.01,0,0
all_reduce_perf,3,24,4096,RING,SIMPLE,40,RING,SIMPLE,0,0.02,509.15,0.02,514.97,3,0.0,1024,float,sum,0.01,0.01,0,0
all_reduce_perf,3,24,4096,RING,SIMPLE,48,RING,SIMPLE,0,0.02,509.3,0.02,514.07,3,0.0,1024,float,sum,0.01,0.01,0,0
all_reduce_perf,3,24,4096,TREE,LL,1,TREE,LL,0,0.1,80.51,0.1,80.96,3,0.0,1024,float,sum,0.01,0.01,0,0
all_reduce_perf,3,24,4096,TREE,LL,2,TREE,LL,0,0.11,72.18,0.11,72.63,3,0.0,1024,float,sum,0.01,0.01,0,0
all_reduce_perf,3,24,4096,TREE,LL,2,,,0,0.11,72.34,0.11,72.62,3,0.0,1024,float,sum,0.01,0.01,0,0
all_reduce_perf,3,24,4096,TREE,LL,4,TREE,LL,0,0.11,72.01,0.11,74.55,3,0.0,1024,float,sum,0.01,0.01,0,0
all_reduce_perf,3,24,4096,TREE,LL,8,TREE,LL,0,0.11,72.21,0.11,74.45,3,0.0,1024,float,sum,0.01,0.01,0,0
all_reduce_perf,3,24,4096,TREE,LL,16,TREE,LL,0,0.11,71.89,0.11,74.71,3,0.0,1024,float,sum,0.01,0.01,0,0
all_reduce_perf,3,24,4096,TREE,LL,24,TREE,LL,0,0.11,72.58,0.11,72.45,3,0.0,1024,float,sum,0.01,0.01,0,0
all_reduce_perf,3,24,4096,TREE,LL,32,TREE,LL,0,0.11,71.63,0.11,74.59,3,0.0,1024,float,sum,0.01,0.01,0,0
all_reduce_perf,3,24,4096,TREE,LL,40,TREE,LL,0,0.11,72.12,0.11,73.16,3,0.0,1024,float,sum,0.01,0.01,0,0
all_reduce_perf,3,24,4096,TREE,LL,48,TREE,LL,0,0.11,72.28,0.11,72.44,3,0.0,1024,float,sum,0.01,0.01,0,0
all_reduce_perf,3,24,4096,TREE,LL128,1,TREE,LL128,0,0.1,80.73,0.09,83.51,3,10.000000000000009,1024,float,sum,0.01,0.01,0,0
all_reduce_perf,3,24,4096,TREE,LL128,2,TREE,LL128,0,0.1,80.29,0.09,83.49,3,0.0,1024,float,sum,0.01,0.01,0,0
all_reduce_perf,3,24,4096,TREE,LL128,4,TREE,LL128,0,0.1,80.65,0.1,80.71,3,10.000000000000009,1024,float,sum,0.01,0.01,0,0
all_reduce_perf,3,24,4096,TREE,LL128,8,TREE,LL128,0,0.09,82.73,0.1,80.26,3,11.111111111111121,1024,float,sum,0.01,0.01,0,0
all_reduce_perf,3,24,4096,TREE,LL128,16,TREE,LL128,0,0.1,79.96,0.1,80.32,3,0.0,1024,float,sum,0.01,0.01,0,0
all_reduce_perf,3,24,4096,TREE,LL128,24,TREE,LL128,0,0.1,80.16,0.09,83.66,3,0.0,1024,float,sum,0.01,0.01,0,0
all_reduce_perf,3,24,4096,TREE,LL128,32,TREE,LL128,0,0.1,80.46,0.1,80.58,3,0.0,1024,float,sum,0.01,0.01,0,0
all_reduce_perf,3,24,4096,TREE,LL128,40,TREE,LL128,0,0.1,80.73,0.09,84.35,3,0.0,1024,float,sum,0.01,0.01,0,0
all_reduce_perf,3,24,4096,TREE,LL128,48,TREE,LL128,0,0.1,80.12,0.09,83.37,3,0.0,1024,float,sum,0.01,0.01,0,0
all_reduce_perf,3,24,4096,TREE,SIMPLE,1,TREE,SIMPLE,0,0.07,113.16,0.07,117.77,3,0.0,1024,float,sum,0.01,0.01,0,0
all_reduce_perf,3,24,4096,TREE,SIMPLE,2,TREE,SIMPLE,0,0.07,113.1,0.07,115.32,3,0.0,1024,float,sum,0.01,0.01,0,0
all_reduce_perf,3,24,4096,TREE,SIMPLE,4,TREE,SIMPLE,0,0.07,113.9,0.07,116.1,3,0.0,1024,float,sum,0.01,0.01,0,0
all_reduce_perf,3,24,4096,TREE,SIMPLE,8,TREE,SIMPLE,0,0.07,113.13,0.07,118.72,3,0.0,1024,float,sum,0.01,0.01,0,0
all_reduce_perf,3,24,4096,TREE,SIMPLE,16,TREE,SIMPLE,0,0.07,114.02,0.07,118.45,3,0.0,1024,float,sum,0.01,0.01,0,0
all_reduce_perf,3,24,4096,TREE,SIMPLE,24,TREE,SIMPLE,0,0.07,113.26,0.07,117.52,3,0.0,1024,float,sum,0.01,0.01,0,0
all_reduce_perf,3,24,4096,TREE,SIMPLE,32,TREE,SIMPLE,0,0.07,114.47,0.07,115.34,3,28.571428571428577,1024,float,sum,0.01,0.01,0,0
all_reduce_perf,3,24,4096,TREE,SIMPLE,40,TREE,SIMPLE,0,0.07,112.97,0.07,116.1,3,0.0,1024,float,sum,0.01,0.01,0,0
all_reduce_perf,3,24,4096,TREE,SIMPLE,48,TREE,SIMPLE,0,0.07,113.33,0.07,117.5,3,0.0,1024,float,sum,0.01,0.01,0,0
all_reduce_perf,3,24,8192,RING,LL,1,RING,LL,0,0.12,132.34,0.12,132.95,3,0.0,1024,float,sum,0.01,0.01,0,0
all_reduce_perf,3,24,8192,RING,LL,2,RING,LL,0,0.12,131.3,0.12,132.84,3,0.0,1024,float,sum,0.01,0.01,0,0
all_reduce_perf,3,24,8192,RING,LL,4,RING,LL,0,0.11,137.43,0.11,137.82,3,0.0,1024,float,sum,0.01,0.01,0,0
all_reduce_perf,3,24,8192,RING,LL,8,RING,LL,0,0.11,138.29,0.11,139.8,3,0.0,1024,float,sum,0.01,0.01,0,0
all_reduce_perf,3,24,8192,RING,LL,16,RING,LL,0,0.11,137.14,0.11,140.27,3,18.181818181818173,1024,float,sum,0.01,0.01,0,0
all_reduce_perf,3,24,8192,RING,LL,24,RING,LL,0,0.11,137.94,0.11,136.83,3,9.090909090909086,1024,float,sum,0.01,0.01,0,0
all_reduce_perf,3,24,8192,RING,LL,32,RING,LL,0,0.11,137.31,0.11,137.46,3,0.0,1024,float,sum,0.01,0.01,0,0
all_reduce_perf,3,24,8192,RING,LL,40,RING,LL,0,0.11,137.5,0.11,137.28,3,0.0,1024,float,sum,0.01,0.01,0,0
all_reduce_perf,3,24,8192,RING,LL,48,RING,LL,0,0.11,138.13,0.11,137.02,3,0.0,1024,float,sum,0.01,0.01,0,0
all_reduce_perf,3,24,8192,RING,LL128,1,RING,LL128,0,0.11,147.78,0.1,149.91,3,0.0,1024,float,sum,0.01,0.01,0,0
all_reduce_perf,3,24,8192,RING,LL128,2,RING,LL128,0,0.1,151.21,0.1,151.25,3,0.0,1024,float,sum,0.01,0.01,0,0
all_reduce_perf,3,24,8192,RING,LL128,4,RING,LL128,0,0.11,148.68,0.1,150.35,3,0.0,1024,float,sum,0.01,0.01,0,0
all_reduce_perf,3,24,8192,RING,LL128,8,RING,LL128,0,0.11,147.92,0.11,148.04,3,0.0,1024,float,sum,0.01,0.01,0,0
all_reduce_perf,3,24,8192,RING,LL128,16,RING,LL128,0,0.11,148.65,0.1,149.62,3,9.090909090909086,1024,float,sum,0.01,0.01,0,0
all_reduce_perf,3,24,8192,RING,LL128,24,RING,LL128,0,0.1,150.03,0.1,152.29,3,9.999999999999995,1024,float,sum,0.01,0.01,0,0
all_reduce_perf,3,24,8192,RING,LL128,32,RING,LL128,0,0.11,147.53,0.11,149.32,3,9.090909090909086,1024,float,sum,0.01,0.01,0,0
all_reduce_perf,3,24,8192,RING,LL128,40,RING,LL128,0,0.1,153.44,0.1,152.65,3,0.0,1024,float,sum,0.01,0.01,0,0
all_reduce_perf,3,24,8192,RING,LL128,48,RING,LL128,0,0.1,152.69,0.1,153.85,3,9.999999999999995,1024,float,sum,0.01,0.01,0,0
all_reduce_perf,3,24,8192,RING,SIMPLE,1,RING,SIMPLE,0,0.03,515.67,0.03,513.18,3,0.0,1024,float,sum,0.01,0.01,0,0
all_reduce_perf,3,24,8192,RING,SIMPLE,2,RING,SIMPLE,0,0.03,512.99,0.03,514.0,3,0.0,1024,float,sum,0.01,0.01,0,0
all_reduce_perf,3,24,8192,RING,SIMPLE,4,RING,SIMPLE,0,0.03,511.67,0.03,513.99,3,0.0,1024,float,sum,0.01,0.01,0,0
all_reduce_perf,3,24,8192,RING,SIMPLE,8,RING,SIMPLE,0,0.03,511.99,0.03,514.34,3,0.0,1024,float,sum,0.01,0.01,0,0
all_reduce_perf,3,24,8192,RING,SIMPLE,16,RING,SIMPLE,0,0.03,511.28,0.03,512.23,3,0.0,1024,float,sum,0.01,0.01,0,0
all_reduce_perf,3,24,8192,RING,SIMPLE,24,RING,SIMPLE,0,0.03,509.23,0.03,511.67,3,0.0,1024,float,sum,0.01,0.01,0,0
all_reduce_perf,3,24,8192,RING,SIMPLE,32,RING,SIMPLE,0,0.03,510.98,0.03,511.56,3,0.0,1024,float,sum,0.01,0.01,0,0
all_reduce_perf,3,24,8192,RING,SIMPLE,40,RING,SIMPLE,0,0.03,509.57,0.03,510.22,3,0.0,1024,float,sum,0.01,0.01,0,0
all_reduce_perf,3,24,8192,RING,SIMPLE,48,RING,SIMPLE,0,0.03,510.75,0.03,511.71,3,0.0,1024,float,sum,0.01,0.01,0,0
all_reduce_perf,3,24,8192,TREE,LL,1,TREE,LL,0,0.16,98.77,0.16,98.97,3,0.0,1024,float,sum,0.01,0.01,0,0
all_reduce_perf,3,24,8192,TREE,LL,2,TREE,LL,0,0.19,81.2,0.19,81.17,3,31.57894736842105,1024,float,sum,0.01,0.01,0,0
all_reduce_perf,3,24,8192,TREE,LL,4,TREE,LL,0,0.22,72.74,0.21,73.27,3,4.545454545454549,1024,float,sum,0.01,0.01,0,0
all_reduce_perf,3,24,8192,TREE,LL,4,,,0,0.22,72.95,0.21,74.1,3,4.545454545454549,1024,float,sum,0.01,0.01,0,0
all_reduce_perf,3,24,8192,TREE,LL,8,TREE,LL,0,0.22,72.55,0.22,72.97,3,4.545454545454549,1024,float,sum,0.01,0.01,0,0
all_reduce_perf,3,24,8192,TREE,LL,16,TREE,LL,0,0.22,72.81,0.21,73.04,3,0.0,1024,float,sum,0.01,0.01,0,0
all_reduce_perf,3,24,8192,TREE,LL,24,TREE,LL,0,0.22,72.62,0.21,73.16,3,0.0,1024,float,sum,0.01,0.01,0,0
all_reduce_perf,3,24,8192,TREE,LL,32,TREE,LL,0,0.22,72.89,0.21,73.38,3,4.545454545454549,1024,float,sum,0.01,0.01,0,0
all_reduce_perf,3,24,8192,TREE,LL,40,TREE,LL,0,0.21,73.3,0.21,74.18,3,4.761904761904766,1024,float,sum,0.01,0.01,0,0
all_reduce_perf,3,24,8192,TREE,LL,48,TREE,LL,0,0.21,73.21,0.21,73.74,3,4.761904761904766,1024,float,sum,0.01,0.01,0,0
all_reduce_perf,3,24,8192,TREE,LL128,1,TREE,LL128,0,0.19,82.7,0.19,83.4,3,0.0,1024,float,sum,0.01,0.01,0,0
all_reduce_perf,3,24,8192,TREE,LL128,2,TREE,LL128,0,0.19,83.07,0.19,83.57,3,0.0,1024,float,sum,0.01,0.01,0,0
all_reduce_perf,3,24,8192,TREE,LL128,4,TREE,LL128,0,0.19,83.4,0.19,83.3,3,36.8421052631579,1024,float,sum,0.01,0.01,0,0
all_reduce_perf,3,24,8192,TREE,LL128,8,TREE,LL128,0,0.19,82.59,0.19,83.2,3,0.0,1024,float,sum,0.01,0.01,0,0
all_reduce_perf,3,24,8192,TREE,LL128,16,TREE,LL128,0,0.19,83.85,0.19,83.58,3,5.263157894736847,1024,float,sum,0.01,0.01,0,0
all_reduce_perf,3,24,8192,TREE,LL128,24,TREE,LL128,0,0.19,82.78,0.19,83.06,3,0.0,1024,float,sum,0.01,0.01,0,0
all_reduce_perf,3,24,8192,TREE,LL128,32,TREE,LL128,0,0.19,83.15,0.19,83.45,3,0.0,1024,float,sum,0.01,0.01,0,0
all_reduce_perf,3,24,8192,TREE,LL128,40,TREE,LL128,0,0.19,83.21,0.19,83.91,3,0.0,1024,float,sum,0.01,0.01,0,0
all_reduce_perf,3,24,8192,TREE,LL128,48,TREE,LL128,0,0.19,83.01,0.19,83.7,3,0.0,1024,float,sum,0.01,0.01,0,0
all_reduce_perf,3,24,8192,TREE,SIMPLE,1,TREE,SIMPLE,0,0.14,115.82,0.13,117.02,3,7.142857142857148,1024,float,sum,0.01,0.01,0,0
all_reduce_perf,3,24,8192,TREE,SIMPLE,2,TREE,SIMPLE,0,0.14,115.84,0.13,117.38,3,0.0,1024,float,sum,0.01,0.01,0,0
all_reduce_perf,3,24,8192,TREE,SIMPLE,4,TREE,SIMPLE,0,0.13,116.48,0.13,117.57,3,7.692307692307699,1024,float,sum,0.01,0.01,0,0
all_reduce_perf,3,24,8192,TREE,SIMPLE,8,TREE,SIMPLE,0,0.14,116.02,0.13,118.1,3,0.0,1024,float,sum,0.01,0.01,0,0
all_reduce_perf,3,24,8192,TREE,SIMPLE,16,TREE,SIMPLE,0,0.13,116.61,0.13,117.12,3,7.692307692307699,1024,float,sum,0.01,0.01,0,0
all_reduce_perf,3,24,8192,TREE,SIMPLE,24,TREE,SIMPLE,0,0.13,116.43,0.13,117.72,3,7.692307692307699,1024,float,sum,0.01,0.01,0,0
all_reduce_perf,3,24,8192,TREE,SIMPLE,32,TREE,SIMPLE,0,0.13,116.73,0.13,117.54,3,7.692307692307699,1024,float,sum,0.01,0.01,0,0
all_reduce_perf,3,24,8192,TREE,SIMPLE,40,TREE,SIMPLE,0,0.14,116.09,0.13,117.31,3,7.142857142857148,1024,float,sum,0.01,0.01,0,0
all_reduce_perf,3,24,8192,TREE,SIMPLE,48,TREE,SIMPLE,0,0.14,116.14,0.13,117.14,3,0.0,1024,float,sum,0.01,0.01,0,0
all_reduce_perf,3,24,16384,RING,LL,1,RING,LL,0,0.23,134.15,0.23,134.33,3,4.3478260869565135,1024,float,sum,0.01,0.01,0,0
all_reduce_perf,3,24,16384,RING,LL,2,RING,LL,0,0.24,133.12,0.24,133.46,3,0.0,1024,float,sum,0.01,0.01,0,0
all_reduce_perf,3,24,16384,RING,LL,4,RING,LL,0,0.23,136.36,0.23,136.76,3,0.0,1024,float,sum,0.01,0.01,0,0
all_reduce_perf,3,24,16384,RING,LL,8,RING,LL,0,0.22,141.42,0.22,141.54,3,0.0,1024,float,sum,0.01,0.01,0,0
all_reduce_perf,3,24,16384,RING,LL,16,RING,LL,0,0.22,140.28,0.22,141.68,3,4.545454545454549,1024,float,sum,0.01,0.01,0,0
all_reduce_perf,3,24,16384,RING,LL,24,RING,LL,0,0.22,141.42,0.22,141.44,3,0.0,1024,float,sum,0.01,0.01,0,0
all_reduce_perf,3,24,16384,RING,LL,32,RING,LL,0,0.22,141.38,0.22,141.3,3,0.0,1024,float,sum,0.01,0.01,0,0
all_reduce_perf,3,24,16384,RING,LL,40,RING,LL,0,0.22,141.67,0.22,141.42,3,0.0,1024,float,sum,0.01,0.01,0,0
all_reduce_perf,3,24,16384,RING,LL,48,RING,LL,0,0.22,140.32,0.22,141.15,3,0.0,1024,float,sum,0.01,0.01,0,0
all_reduce_perf,3,24,16384,RING,LL128,1,RING,LL128,0,0.21,147.85,0.21,148.9,3,0.0,1024,float,sum,0.01,0.01,0,0
all_reduce_perf,3,24,16384,RING,LL128,2,RING,LL128,0,0.21,151.6,0.21,152.72,3,0.0,1024,float,sum,0.01,0.01,0,0
all_reduce_perf,3,24,16384,RING,LL128,4,RING,LL128,0,0.21,150.07,0.21,151.25,3,0.0,1024,float,sum,0.01,0.01,0,0
all_reduce_perf,3,24,16384,RING,LL128,8,RING,LL128,0,0.21,148.57,0.21,150.33,3,0.0,1024,float,sum,0.01,0.01,0,0
all_reduce_perf,3,24,16384,RING,LL128,16,RING,LL128,0,0.21,149.34,0.21,150.82,3,0.0,1024,float,sum,0.01,0.01,0,0
all_reduce_perf,3,24,16384,RING,LL128,24,RING,LL128,0,0.2,153.37,0.21,152.18,3,4.99999999999999,1024,float,sum,0.01,0.01,0,0
all_reduce_perf,3,24,16384,RING,LL128,32,RING,LL128,0,0.21,150.09,0.21,151.42,3,4.761904761904753,1024,float,sum,0.01,0.01,0,0
all_reduce_perf,3,24,16384,RING,LL128,40,RING,LL128,0,0.21,153.08,0.2,154.1,3,4.761904761904753,1024,float,sum,0.01,0.01,0,0
all_reduce_perf,3,24,16384,RING,LL128,48,RING,LL128,0,0.21,152.88,0.2,153.86,3,4.761904761904753,1024,float,sum,0.01,0.01,0,0
all_reduce_perf,3,24,16384,RING,SIMPLE,1,RING,SIMPLE,0,0.06,516.95,0.06,516.65,3,0.0,1024,float,sum,0.01,0.01,0,0
all_reduce_perf,3,24,16384,RING,SIMPLE,2,RING,SIMPLE,0,0.06,515.36,0.06,518.3,3,0.0,1024,float,sum,0.01,0.01,0,0
all_reduce_perf,3,24,16384,RING,SIMPLE,4,RING,SIMPLE,0,0.06,519.35,0.06,519.48,3,0.0,1024,float,sum,0.01,0.01,0,0
all_reduce_perf,3,24,16384,RING,SIMPLE,8,RING,SIMPLE,0,0.06,514.97,0.06,517.79,3,0.0,1024,float,sum,0.01,0.01,0,0
all_reduce_perf,3,24,16384,RING,SIMPLE,16,RING,SIMPLE,0,0.06,517.19,0.06,520.1,3,0.0,1024,float,sum,0.01,0.01,0,0
all_reduce_perf,3,24,16384,RING,SIMPLE,24,RING,SIMPLE,0,0.06,512.61,0.06,513.21,3,0.0,1024,float,sum,0.01,0.01,0,0
all_reduce_perf,3,24,16384,RING,SIMPLE,32,RING,SIMPLE,0,0.06,514.38,0.06,515.38,3,0.0,1024,float,sum,0.01,0.01,0,0
all_reduce_perf,3,24,16384,RING,SIMPLE,40,RING,SIMPLE,0,0.06,516.56,0.06,518.02,3,0.0,1024,float,sum,0.01,0.01,0,0
all_reduce_perf,3,24,16384,RING,SIMPLE,48,RING,SIMPLE,0,0.06,516.81,0.06,520.64,3,0.0,1024,float,sum,0.01,0.01,0,0
all_reduce_perf,3,24,16384,TREE,LL,1,TREE,LL,0,0.24,132.61,0.24,132.92,3,4.166666666666659,1024,float,sum,0.01,0.01,0,0
all_reduce_perf,3,24,16384,TREE,LL,2,TREE,LL,0,0.32,98.76,0.32,99.59,3,0.0,1024,float,sum,0.01,0.01,0,0
all_reduce_perf,3,24,16384,TREE,LL,4,TREE,LL,0,0.39,80.98,0.38,81.92,3,0.0,1024,float,sum,0.01,0.01,0,0
all_reduce_perf,3,24,16384,TREE,LL,8,TREE,LL,0,0.43,73.36,0.43,73.77,3,0.0,1024,float,sum,0.01,0.01,0,0
all_reduce_perf,3,24,16384,TREE,LL,8,,,0,0.43,73.14,0.42,74.59,3,4.651162790697678,1024,float,sum,0.01,0.01,0,0
all_reduce_perf,3,24,16384,TREE,LL,16,TREE,LL,0,0.43,72.77,0.43,73.58,3,0.0,1024,float,sum,0.01,0.01,0,0
all_reduce_perf,3,24,16384,TREE,LL,24,TREE,LL,0,0.43,73.44,0.43,73.54,3,0.0,1024,float,sum,0.01,0.01,0,0
all_reduce_perf,3,24,16384,TREE,LL,32,TREE,LL,0,0.43,73.2,0.42,74.3,3,2.325581395348839,1024,float,sum,0.01,0.01,0,0
all_reduce_perf,3,24,16384,TREE,LL,40,TREE,LL,0,0.42,73.93,0.42,73.95,3,2.380952380952383,1024,float,sum,0.01,0.01,0,0
all_reduce_perf,3,24,16384,TREE,LL,48,TREE,LL,0,0.43,73.28,0.42,74.36,3,2.325581395348839,1024,float,sum,0.01,0.01,0,0
all_reduce_perf,3,24,16384,TREE,LL128,1,TREE,LL128,0,0.35,88.53,0.35,88.65,3,8.571428571428562,1024,float,sum,0.01,0.01,0,0
all_reduce_perf,3,24,16384,TREE,LL128,2,TREE,LL128,0,0.38,83.12,0.37,84.03,3,2.6315789473684235,1024,float,sum,0.01,0.01,0,0
all_reduce_perf,3,24,16384,TREE,LL128,4,TREE,LL128,0,0.37,83.76,0.37,83.86,3,29.729729729729726,1024,float,sum,0.01,0.01,0,0
all_reduce_perf,3,24,16384,TREE,LL128,8,TREE,LL128,0,0.38,83.39,0.38,83.61,3,2.6315789473684235,1024,float,sum,0.01,0.01,0,0
all_reduce_perf,3,24,16384,TREE,LL128,16,TREE,LL128,0,0.38,83.65,0.37,84.12,3,2.6315789473684235,1024,float,sum,0.01,0.01,0,0
all_reduce_perf,3,24,16384,TREE,LL128,24,TREE,LL128,0,0.38,83.14,0.37,84.09,3,23.684210526315795,1024,float,sum,0.01,0.01,0,0
all_reduce_perf,3,24,16384,TREE,LL128,32,TREE,LL128,0,0.38,83.55,0.37,83.83,3,0.0,1024,float,sum,0.01,0.01,0,0
all_reduce_perf,3,24,16384,TREE,LL128,40,TREE,LL128,0,0.37,83.81,0.37,84.09,3,2.7027027027027053,1024,float,sum,0.01,0.01,0,0
all_reduce_perf,3,24,16384,TREE,LL128,48,TREE,LL128,0,0.38,83.29,0.37,84.85,3,0.0,1024,float,sum,0.01,0.01,0,0
all_reduce_perf,3,24,16384,TREE,SIMPLE,1,TREE,SIMPLE,0,0.26,122.46,0.25,124.11,3,0.0,1024,float,sum,0.01,0.01,0,0
all_reduce_perf,3,24,16384,TREE,SIMPLE,2,TREE,SIMPLE,0,0.27,115.62,0.27,117.86,3,25.925925925925924,1024,float,sum,0.01,0.01,0,0
all_reduce_perf,3,24,16384,TREE,SIMPLE,4,TREE,SIMPLE,0,0.27,116.61,0.26,118.75,3,0.0,1024,float,sum,0.01,0.01,0,0
all_reduce_perf,3,24,16384,TREE,SIMPLE,8,TREE,SIMPLE,0,0.27,116.29,0.26,118.64,3,0.0,1024,float,sum,0.01,0.01,0,0
all_reduce_perf,3,24,16384,TREE,SIMPLE,16,TREE,SIMPLE,0,0.27,116.82,0.26,118.89,3,0.0,1024,float,sum,0.01,0.01,0,0
all_reduce_perf,3,24,16384,TREE,SIMPLE,24,TREE,SIMPLE,0,0.27,116.54,0.26,118.78,3,0.0,1024,float,sum,0.01,0.01,0,0
all_reduce_perf,3,24,16384,TREE,SIMPLE,32,TREE,SIMPLE,0,0.27,116.15,0.26,119.32,3,0.0,1024,float,sum,0.01,0.01,0,0
all_reduce_perf,3,24,16384,TREE,SIMPLE,40,TREE,SIMPLE,0,0.27,116.97,0.26,119.39,3,0.0,1024,float,sum,0.01,0.01,0,0
all_reduce_perf,3,24,16384,TREE,SIMPLE,48,TREE,SIMPLE,0,0.27,116.51,0.26,118.93,3,3.703703703703707,1024,float,sum,0.01,0.01,0,0
all_reduce_perf,3,24,32768,RING,LL,1,RING,LL,0,0.46,136.47,0.46,136.02,3,0.0,1024,float,sum,0.01,0.01,0,0
all_reduce_perf,3,24,32768,RING,LL,2,RING,LL,0,0.47,134.2,0.47,134.51,3,0.0,1024,float,sum,0.01,0.01,0,0
all_reduce_perf,3,24,32768,RING,LL,4,RING,LL,0,0.46,137.81,0.46,137.88,3,2.1739130434782625,1024,float,sum,0.01,0.01,0,0
all_reduce_perf,3,24,32768,RING,LL,8,RING,LL,0,0.45,140.64,0.45,140.76,3,2.222222222222224,1024,float,sum,0.01,0.01,0,0
all_reduce_perf,3,24,32768,RING,LL,16,RING,LL,0,0.37,171.97,0.36,174.61,3,5.405405405405411,1024,float,sum,0.01,0.01,0,0
all_reduce_perf,3,24,32768,RING,LL,24,RING,LL,0,0.36,173.74,0.36,173.86,3,2.7777777777777803,1024,float,sum,0.01,0.01,0,0
all_reduce_perf,3,24,32768,RING,LL,32,RING,LL,0,0.36,173.17,0.36,174.95,3,0.0,1024,float,sum,0.01,0.01,0,0
all_reduce_perf,3,24,32768,RING,LL,40,RING,LL,0,0.36,173.93,0.36,174.81,3,2.7777777777777803,1024,float,sum,0.01,0.01,0,0
all_reduce_perf,3,24,32768,RING,LL,48,RING,LL,0,0.36,172.82,0.36,175.23,3,0.0,1024,float,sum,0.01,0.01,0,0
all_reduce_perf,3,24,32768,RING,LL128,1,RING,LL128,0,0.42,148.04,0.42,149.28,3,0.0,1024,float,sum,0.01,0.01,0,0
all_reduce_perf,3,24,32768,RING,LL128,2,RING,LL128,0,0.42,151.34,0.41,151.59,3,2.380952380952383,1024,float,sum,0.01,0.01,0,0
all_reduce_perf,3,24,32768,RING,LL128,4,RING,LL128,0,0.41,152.21,0.41,153.37,3,0.0,1024,float,sum,0.01,0.01,0,0
all_reduce_perf,3,24,32768,RING,LL128,8,RING,LL128,0,0.41,152.28,0.41,152.9,3,2.4390243902439046,1024,float,sum,0.01,0.01,0,0
all_reduce_perf,3,24,32768,RING,LL128,16,RING,LL128,0,0.41,152.64,0.41,152.57,3,0.0,1024,float,sum,0.01,0.01,0,0
all_reduce_perf,3,24,32768,RING,LL128,24,RING,LL128,0,0.41,153.36,0.41,154.32,3,0.0,1024,float,sum,0.01,0.01,0,0
all_reduce_perf,3,24,32768,RING,LL128,32,RING,LL128,0,0.41,152.64,0.41,154.2,3,2.4390243902438913,1024,float,sum,0.01,0.01,0,0
all_reduce_perf,3,24,32768,RING,LL128,40,RING,LL128,0,0.41,153.64,0.41,153.89,3,0.0,1024,float,sum,0.01,0.01,0,0
all_reduce_perf,3,24,32768,RING,LL128,48,RING,LL128,0,0.41,154.35,0.41,154.71,3,26.829268292682922,1024,float,sum,0.01,0.01,0,0
all_reduce_perf,3,24,32768,RING,SIMPLE,1,RING,SIMPLE,0,0.12,518.67,0.12,522.18,3,0.0,1024,float,sum,0.01,0.01,0,0
all_reduce_perf,3,24,32768,RING,SIMPLE,2,RING,SIMPLE,0,0.12,518.93,0.12,520.08,3,0.0,1024,float,sum,0.01,0.01,0,0
all_reduce_perf,3,24,32768,RING,SIMPLE,4,RING,SIMPLE,0,0.12,525.95,0.12,526.88,3,0.0,1024,float,sum,0.01,0.01,0,0
all_reduce_perf,3,24,32768,RING,SIMPLE,8,RING,SIMPLE,0,0.12,524.09,0.12,524.07,3,0.0,1024,float,sum,0.01,0.01,0,0
all_reduce_perf,3,24,32768,RING,SIMPLE,16,RING,SIMPLE,0,0.12,522.38,0.12,521.85,3,0.0,1024,float,sum,0.01,0.01,0,0
all_reduce_perf,3,24,32768,RING,SIMPLE,24,RING,SIMPLE,0,0.12,521.24,0.12,522.17,3,0.0,1024,float,sum,0.01,0.01,0,0
all_reduce_perf,3,24,32768,RING,SIMPLE,32,RING,SIMPLE,0,0.12,525.59,0.12,524.45,3,0.0,1024,float,sum,0.01,0.01,0,0
all_reduce_perf,3,24,32768,RING,SIMPLE,40,RING,SIMPLE,0,0.12,519.13,0.12,521.2,3,0.0,1024,float,sum,0.01,0.01,0,0
all_reduce_perf,3,24,32768,RING,SIMPLE,48,RING,SIMPLE,0,0.12,525.35,0.12,525.88,3,0.0,1024,float,sum,0.01,0.01,0,0
all_reduce_perf,3,24,32768,TREE,LL,1,TREE,LL,0,0.41,151.93,0.41,152.76,3,0.0,1024,float,sum,0.01,0.01,0,0
all_reduce_perf,3,24,32768,TREE,LL,2,TREE,LL,0,0.47,132.47,0.47,133.32,3,2.1276595744680753,1024,float,sum,0.01,0.01,0,0
all_reduce_perf,3,24,32768,TREE,LL,4,TREE,LL,0,0.63,99.86,0.62,100.5,3,0.0,1024,float,sum,0.01,0.01,0,0
all_reduce_perf,3,24,32768,TREE,LL,8,TREE,LL,0,0.77,81.18,0.76,82.15,3,0.0,1024,float,sum,0.01,0.01,0,0
all_reduce_perf,3,24,32768,TREE,LL,16,TREE,LL,0,0.83,75.77,0.82,76.39,3,42.16867469879518,1024,float,sum,0.01,0.01,0,0
all_reduce_perf,3,24,32768,TREE,LL,16,,,0,0.83,75.62,0.82,76.36,3,0.0,1024,float,sum,0.01,0.01,0,0
all_reduce_perf,3,24,32768,TREE,LL,24,TREE,LL,0,0.83,75.78,0.82,76.17,3,1.204819277108435,1024,float,sum,0.01,0.01,0,0
all_reduce_perf,3,24,32768,TREE,LL,32,TREE,LL,0,0.83,75.55,0.82,76.45,3,4.8192771084337265,1024,float,sum,0.01,0.01,0,0
all_reduce_perf,3,24,32768,TREE,LL,40,TREE,LL,0,0.83,75.58,0.82,76.69,3,0.0,1024,float,sum,0.01,0.01,0,0
all_reduce_perf,3,24,32768,TREE,LL,48,TREE,LL,0,0.83,75.48,0.83,75.83,3,1.204819277108435,1024,float,sum,0.01,0.01,0,0
all_reduce_perf,3,24,32768,TREE,LL128,1,TREE,LL128,0,0.65,96.75,0.65,96.86,3,0.0,1024,float,sum,0.01,0.01,0,0
all_reduce_perf,3,24,32768,TREE,LL128,2,TREE,LL128,0,0.71,88.47,0.71,88.48,3,0.0,1024,float,sum,0.01,0.01,0,0
all_reduce_perf,3,24,32768,TREE,LL128,4,TREE,LL128,0,0.75,84.22,0.74,85.32,3,1.3333333333333344,1024,float,sum,0.01,0.01,0,0
all_reduce_perf,3,24,32768,TREE,LL128,8,TREE,LL128,0,0.75,83.91,0.74,84.68,3,0.0,1024,float,sum,0.01,0.01,0,0
all_reduce_perf,3,24,32768,TREE,LL128,16,TREE,LL128,0,0.75,84.0,0.74,84.98,3,0.0,1024,float,sum,0.01,0.01,0,0
all_reduce_perf,3,24,32768,TREE,LL128,24,TREE,LL128,0,0.74,84.32,0.74,84.9,3,4.054054054054058,1024,float,sum,0.01,0.01,0,0
all_reduce_perf,3,24,32768,TREE,LL128,32,TREE,LL128,0,0.74,84.74,0.74,84.92,3,0.0,1024,float,sum,0.01,0.01,0,0
all_reduce_perf,3,24,32768,TREE,LL128,40,TREE,LL128,0,0.74,84.35,0.73,85.98,3,0.0,1024,float,sum,0.01,0.01,0,0
all_reduce_perf,3,24,32768,TREE,LL128,48,TREE,LL128,0,0.75,83.8,0.74,84.68,3,66.66666666666666,1024,float,sum,0.01,0.01,0,0
all_reduce_perf,3,24,32768,TREE,SIMPLE,1,TREE,SIMPLE,0,0.43,145.3,0.43,146.71,3,2.325581395348839,1024,float,sum,0.01,0.01,0,0
all_reduce_perf,3,24,32768,TREE,SIMPLE,2,TREE,SIMPLE,0,0.51,122.52,0.5,124.5,3,0.0,1024,float,sum,0.01,0.01,0,0
all_reduce_perf,3,24,32768,TREE,SIMPLE,4,TREE,SIMPLE,0,0.54,116.29,0.53,117.92,3,5.555555555555539,1024,float,sum,0.01,0.01,0,0
all_reduce_perf,3,24,32768,TREE,SIMPLE,8,TREE,SIMPLE,0,0.54,116.57,0.53,118.48,3,0.0,1024,float,sum,0.01,0.01,0,0
all_reduce_perf,3,24,32768,TREE,SIMPLE,16,TREE,SIMPLE,0,0.53,117.56,0.53,118.61,3,7.547169811320761,1024,float,sum,0.01,0.01,0,0
all_reduce_perf,3,24,32768,TREE,SIMPLE,24,TREE,SIMPLE,0,0.54,116.54,0.53,118.82,3,0.0,1024,float,sum,0.01,0.01,0,0
all_reduce_perf,3,24,32768,TREE,SIMPLE,32,TREE,SIMPLE,0,0.54,116.29,0.53,118.86,3,11.11111111111112,1024,float,sum,0.01,0.01,0,0
all_reduce_perf,3,24,32768,TREE,SIMPLE,40,TREE,SIMPLE,0,0.54,116.28,0.53,118.39,3,0.0,1024,float,sum,0.01,0.01,0,0
all_reduce_perf,3,24,32768,TREE,SIMPLE,48,TREE,SIMPLE,0,0.54,116.57,0.53,119.05,3,1.8518518518518534,1024,float,sum,0.01,0.01,0,0
all_reduce_perf,3,24,65536,RING,LL,1,RING,LL,0,0.82,153.94,0.81,154.4,3,2.4390243902438913,1024,float,sum,0.01,0.01,0,0
all_reduce_perf,3,24,65536,RING,LL,2,RING,LL,0,0.92,136.23,0.91,137.82,3,0.0,1024,float,sum,0.01,0.01,0,0
all_reduce_perf,3,24,65536,RING,LL,4,RING,LL,0,0.91,138.73,0.9,139.05,3,1.0989010989010999,1024,float,sum,0.01,0.01,0,0
all_reduce_perf,3,24,65536,RING,LL,8,RING,LL,0,0.89,141.11,0.89,141.64,3,1.1235955056179785,1024,float,sum,0.01,0.01,0,0
all_reduce_perf,3,24,65536,RING,LL,16,RING,LL,0,0.72,174.5,0.72,174.19,3,0.0,1024,float,sum,0.01,0.01,0,0
all_reduce_perf,3,24,65536,RING,LL,24,RING,LL,0,0.72,173.37,0.73,172.33,3,1.3888888888888902,1024,float,sum,0.01,0.01,0,0
all_reduce_perf,3,24,65536,RING,LL,32,RING,LL,0,0.47,269.3,0.47,269.04,3,2.1276595744680753,1024,float,sum,0.01,0.01,0,0
all_reduce_perf,3,24,65536,RING,LL,40,RING,LL,0,0.47,264.69,0.46,271.84,3,6.382978723404249,1024,float,sum,0.01,0.01,0,0
all_reduce_perf,3,24,65536,RING,LL,48,RING,LL,0,0.47,265.64,0.47,267.51,3,2.1276595744680873,1024,float,sum,0.01,0.01,0,0
all_reduce_perf,3,24,65536,RING,LL128,1,RING,LL128,0,0.85,148.45,0.84,149.22,3,1.176470588235295,1024,float,sum,0.01,0.01,0,0
all_reduce_perf,3,24,65536,RING,LL128,2,RING,LL128,0,0.83,151.79,0.82,152.4,3,3.6144578313253044,1024,float,sum,0.01,0.01,0,0
all_reduce_perf,3,24,65536,RING,LL128,4,RING,LL128,0,0.82,152.96,0.82,152.94,3,1.2195121951219523,1024,float,sum,0.01,0.01,0,0
all_reduce_perf,3,24,65536,RING,LL128,8,RING,LL128,0,0.8,157.62,0.79,158.61,3,3.7499999999999893,1024,float,sum,0.01,0.01,0,0
all_reduce_perf,3,24,65536,RING,LL128,16,RING,LL128,0,0.79,158.16,0.79,159.14,3,1.2658227848101276,1024,float,sum,0.01,0.01,0,0
all_reduce_perf,3,24,65536,RING,LL128,24,RING,LL128,0,0.8,157.82,0.79,158.79,3,0.0,1024,float,sum,0.01,0.01,0,0
all_reduce_perf,3,24,65536,RING,LL128,32,RING,LL128,0,0.8,157.35,0.8,157.96,3,1.250000000000001,1024,float,sum,0.01,0.01,0,0
all_reduce_perf,3,24,65536,RING,LL128,40,RING,LL128,0,0.79,158.87,0.79,159.26,3,7.594936708860765,1024,float,sum,0.01,0.01,0,0
all_reduce_perf,3,24,65536,RING,LL128,48,RING,LL128,0,0.79,158.21,0.79,159.35,3,0.0,1024,float,sum,0.01,0.01,0,0
all_reduce_perf,3,24,65536,RING,SIMPLE,1,RING,SIMPLE,0,0.24,526.17,0.24,526.47,3,0.0,1024,float,sum,0.01,0.01,0,0
all_reduce_perf,3,24,65536,RING,SIMPLE,2,RING,SIMPLE,0,0.24,523.07,0.24,523.92,3,0.0,1024,float,sum,0.01,0.01,0,0
all_reduce_perf,3,24,65536,RING,SIMPLE,4,RING,SIMPLE,0,0.24,526.81,0.24,530.02,3,0.0,1024,float,sum,0.01,0.01,0,0
all_reduce_perf,3,24,65536,RING,SIMPLE,8,RING,SIMPLE,0,0.24,532.37,0.23,535.47,3,4.166666666666659,1024,float,sum,0.01,0.01,0,0
all_reduce_perf,3,24,65536,RING,SIMPLE,16,RING,SIMPLE,0,0.24,530.92,0.24,531.24,3,0.0,1024,float,sum,0.01,0.01,0,0
all_reduce_perf,3,24,65536,RING,SIMPLE,24,RING,SIMPLE,0,0.24,528.81,0.24,530.79,3,0.0,1024,float,sum,0.01,0.01,0,0
all_reduce_perf,3,24,65536,RING,SIMPLE,32,RING,SIMPLE,0,0.24,531.22,0.24,532.39,3,0.0,1024,float,sum,0.01,0.01,0,0
all_reduce_perf,3,24,65536,RING,SIMPLE,40,RING,SIMPLE,0,0.24,530.63,0.24,531.36,3,0.0,1024,float,sum,0.01,0.01,0,0
all_reduce_perf,3,24,65536,RING,SIMPLE,48,RING,SIMPLE,0,0.24,531.78,0.23,534.67,3,0.0,1024,float,sum,0.01,0.01,0,0
all_reduce_perf,3,24,65536,TREE,LL,1,TREE,LL,0,0.65,194.02,0.65,193.67,3,1.5384615384615397,1024,float,sum,0.01,0.01,0,0
all_reduce_perf,3,24,65536,TREE,LL,2,TREE,LL,0,0.83,151.98,0.82,152.89,3,1.204819277108435,1024,float,sum,0.01,0.01,0,0
all_reduce_perf,3,24,65536,TREE,LL,4,TREE,LL,0,0.93,134.85,0.93,135.41,3,0.0,1024,float,sum,0.01,0.01,0,0
all_reduce_perf,3,24,65536,TREE,LL,8,TREE,LL,0,1.25,100.19,1.25,100.35,3,0.8000000000000007,1024,float,sum,0.01,0.01,0,0
all_reduce_perf,3,24,65536,TREE,LL,16,TREE,LL,0,1.48,84.97,1.48,85.07,3,0.6756756756756763,1024,float,sum,0.01,0.01,0,0
all_reduce_perf,3,24,65536,TREE,LL,24,TREE,LL,0,1.49,84.58,1.47,85.16,3,0.671140939597316,1024,float,sum,0.01,0.01,0,0
all_reduce_perf,3,24,65536,TREE,LL,32,TREE,LL,0,1.58,79.64,1.56,80.49,3,0.0,1024,float,sum,0.01,0.01,0,0
all_reduce_perf,3,24,65536,TREE,LL,32,,,0,1.54,81.45,1.55,81.2,3,38.311688311688314,1024,float,sum,0.01,0.01,0,0
all_reduce_perf,3,24,65536,TREE,LL,40,TREE,LL,0,1.57,79.78,1.57,80.17,3,0.6369426751592362,1024,float,sum,0.01,0.01,0,0
all_reduce_perf,3,24,65536,TREE,LL,48,TREE,LL,0,1.58,79.66,1.55,80.92,3,0.6329113924050638,1024,float,sum,0.01,0.01,0,0
all_reduce_perf,3,24,65536,TREE,LL128,1,TREE,LL128,0,1.22,102.79,1.22,102.93,3,0.8196721311475417,1024,float,sum,0.01,0.01,0,0
all_reduce_perf,3,24,65536,TREE,LL128,2,TREE,LL128,0,1.29,97.64,1.29,97.11,3,1.5503875968992262,1024,float,sum,0.01,0.01,0,0
all_reduce_perf,3,24,65536,TREE,LL128,4,TREE,LL128,0,1.39,90.26,1.39,90.08,3,0.7194244604316554,1024,float,sum,0.01,0.01,0,0
all_reduce_perf,3,24,65536,TREE,LL128,8,TREE,LL128,0,1.49,84.5,1.48,84.76,3,0.671140939597316,1024,float,sum,0.01,0.01,0,0
all_reduce_perf,3,24,65536,TREE,LL128,16,TREE,LL128,0,1.49,84.03,1.48,84.86,3,0.671140939597316,1024,float,sum,0.01,0.01,0,0
all_reduce_perf,3,24,65536,TREE,LL128,24,TREE,LL128,0,1.48,84.93,1.48,84.91,3,1.3513513513513526,1024,float,sum,0.01,0.01,0,0
all_reduce_perf,3,24,65536,TREE,LL128,32,TREE,LL128,0,1.47,85.19,1.47,85.46,3,1.360544217687076,1024,float,sum,0.01,0.01,0,0
all_reduce_perf,3,24,65536,TREE,LL128,40,TREE,LL128,0,1.48,84.7,1.46,85.97,3,2.027027027027029,1024,float,sum,0.01,0.01,0,0
all_reduce_perf,3,24,65536,TREE,LL128,48,TREE,LL128,0,1.48,84.72,1.47,85.25,3,3.378378378378381,1024,float,sum,0.01,0.01,0,0
all_reduce_perf,3,24,65536,TREE,SIMPLE,1,TREE,SIMPLE,0,0.8,156.19,0.8,157.97,3,0.0,1024,float,sum,0.01,0.01,0,0
all_reduce_perf,3,24,65536,TREE,SIMPLE,2,TREE,SIMPLE,0,0.87,144.99,0.86,146.72,3,0.0,1024,float,sum,0.01,0.01,0,0
all_reduce_perf,3,24,65536,TREE,SIMPLE,4,TREE,SIMPLE,0,1.02,123.08,1.0,125.53,3,0.0,1024,float,sum,0.01,0.01,0,0
all_reduce_perf,3,24,65536,TREE,SIMPLE,8,TREE,SIMPLE,0,1.08,116.52,1.05,119.11,3,0.0,1024,float,sum,0.01,0.01,0,0
all_reduce_perf,3,24,65536,TREE,SIMPLE,16,TREE,SIMPLE,0,1.07,117.34,1.04,120.82,3,0.0,1024,float,sum,0.01,0.01,0,0
all_reduce_perf,3,24,65536,TREE,SIMPLE,24,TREE,SIMPLE,0,1.08,116.54,1.05,119.89,3,0.9259259259259267,1024,float,sum,0.01,0.01,0,0
all_reduce_perf,3,24,65536,TREE,SIMPLE,32,TREE,SIMPLE,0,1.07,117.65,1.05,119.49,3,0.0,1024,float,sum,0.01,0.01,0,0
all_reduce_perf,3,24,65536,TREE,SIMPLE,40,TREE,SIMPLE,0,1.08,116.44,1.06,118.99,3,0.9259259259259267,1024,float,sum,0.01,0.01,0,0
all_reduce_perf,3,24,65536,TREE,SIMPLE,48,TREE,SIMPLE,0,1.08,116.61,1.05,119.33,3,0.0,1024,float,sum,0.01,0.01,0,0
all_reduce_perf,3,24,131072,RING,LL,1,RING,LL,0,1.43,175.51,1.44,174.91,3,1.3986013986014,1024,float,sum,0.01,0.01,0,0
all_reduce_perf,3,24,131072,RING,LL,2,RING,LL,0,1.66,151.7,1.64,153.07,3,1.8072289156626522,1024,float,sum,0.01,0.01,0,0
all_reduce_perf,3,24,131072,RING,LL,4,RING,LL,0,1.8,139.87,1.78,140.91,3,0.555555555555556,1024,float,sum,0.01,0.01,0,0
all_reduce_perf,3,24,131072,RING,LL,8,RING,LL,0,1.76,142.58,1.75,143.38,3,2.2727272727272747,1024,float,sum,0.01,0.01,0,0
all_reduce_perf,3,24,131072,RING,LL,16,RING,LL,0,1.39,181.2,1.39,181.14,3,2.158273381294966,1024,float,sum,0.01,0.01,0,0
all_reduce_perf,3,24,131072,RING,LL,24,RING,LL,0,1.14,221.3,1.14,220.0,3,1.7543859649122824,1024,float,sum,0.01,0.01,0,0
all_reduce_perf,3,24,131072,RING,LL,32,RING,LL,0,0.93,269.9,0.93,270.22,3,2.150537634408592,1024,float,sum,0.01,0.01,0,0
all_reduce_perf,3,24,131072,RING,LL,40,RING,LL,0,0.93,270.52,0.93,270.3,3,1.0752688172042901,1024,float,sum,0.01,0.01,0,0
all_reduce_perf,3,24,131072,RING,LL,48,RING,LL,0,0.94,267.89,0.94,268.09,3,0.0,1024,float,sum,0.01,0.01,0,0
all_reduce_perf,3,24,131072,RING,LL128,1,RING,LL128,0,1.62,155.02,1.62,155.08,3,1.2345679012345552,1024,float,sum,0.01,0.01,0,0
all_reduce_perf,3,24,131072,RING,LL128,2,RING,LL128,0,1.65,151.87,1.64,153.05,3,2.4242424242424265,1024,float,sum,0.01,0.01,0,0
all_reduce_perf,3,24,131072,RING,LL128,4,RING,LL128,0,1.64,153.08,1.64,153.52,3,8.536585365853654,1024,float,sum,0.01,0.01,0,0
all_reduce_perf,3,24,131072,RING,LL128,8,RING,LL128,0,1.58,158.52,1.58,158.83,3,1.8987341772151913,1024,float,sum,0.01,0.01,0,0
all_reduce_perf,3,24,131072,RING,LL128,16,RING,LL128,0,1.35,186.57,1.35,186.49,3,5.185185185185174,1024,float,sum,0.01,0.01,0,0
all_reduce_perf,3,24,131072,RING,LL128,24,RING,LL128,0,1.37,183.27,1.38,181.48,3,2.1897810218977956,1024,float,sum,0.01,0.01,0,0
all_reduce_perf,3,24,131072,RING,LL128,32,RING,LL128,0,1.37,183.61,1.35,186.1,3,2.1897810218977956,1024,float,sum,0.01,0.01,0,0
all_reduce_perf,3,24,131072,RING,LL128,40,RING,LL128,0,1.35,185.52,1.37,183.53,3,6.666666666666655,1024,float,sum,0.01,0.01,0,0
all_reduce_perf,3,24,131072,RING,LL128,48,RING,LL128,0,1.39,180.54,1.39,180.16,3,3.597122302158261,1024,float,sum,0.01,0.01,0,0
all_reduce_perf,3,24,131072,RING,SIMPLE,1,RING,SIMPLE,0,0.48,527.74,0.48,527.94,3,0.0,1024,float,sum,0.01,0.01,0,0
all_reduce_perf,3,24,131072,RING,SIMPLE,2,RING,SIMPLE,0,0.47,530.09,0.47,531.68,3,0.0,1024,float,sum,0.01,0.01,0,0
all_reduce_perf,3,24,131072,RING,SIMPLE,4,RING,SIMPLE,0,0.47,529.13,0.47,531.18,3,0.0,1024,float,sum,0.01,0.01,0,0
all_reduce_perf,3,24,131072,RING,SIMPLE,8,RING,SIMPLE,0,0.47,533.85,0.47,535.88,3,0.0,1024,float,sum,0.01,0.01,0,0
all_reduce_perf,3,24,131072,RING,SIMPLE,16,RING,SIMPLE,0,0.44,565.98,0.44,567.02,3,0.0,1024,float,sum,0.01,0.01,0,0
all_reduce_perf,3,24,131072,RING,SIMPLE,24,RING,SIMPLE,0,0.44,565.78,0.44,565.21,3,0.0,1024,float,sum,0.01,0.01,0,0
all_reduce_perf,3,24,131072,RING,SIMPLE,32,RING,SIMPLE,0,0.45,563.68,0.44,565.17,3,0.0,1024,float,sum,0.01,0.01,0,0
all_reduce_perf,3,24,131072,RING,SIMPLE,40,RING,SIMPLE,0,0.45,564.17,0.44,565.66,3,2.222222222222224,1024,float,sum,0.01,0.01,0,0
all_reduce_perf,3,24,131072,RING,SIMPLE,48,RING,SIMPLE,0,0.44,565.97,0.44,568.13,3,0.0,1024,float,sum,0.01,0.01,0,0
all_reduce_perf,3,24,131072,TREE,LL,1,TREE,LL,0,0.91,276.75,0.91,275.98,3,1.0989010989010999,1024,float,sum,0.01,0.01,0,0
all_reduce_perf,3,24,131072,TREE,LL,2,TREE,LL,0,1.28,195.7,1.28,195.99,3,0.0,1024,float,sum,0.01,0.01,0,0
all_reduce_perf,3,24,131072,TREE,LL,4,TREE,LL,0,1.62,154.99,1.62,154.92,3,1.2345679012345552,1024,float,sum,0.01,0.01,0,0
all_reduce_perf,3,24,131072,TREE,LL,8,TREE,LL,0,1.85,135.89,1.85,135.8,3,0.0,1024,float,sum,0.01,0.01,0,0
all_reduce_perf,3,24,131072,TREE,LL,16,TREE,LL,0,2.42,103.63,2.42,103.79,3,0.41322314049585895,1024,float,sum,0.01,0.01,0,0
all_reduce_perf,3,24,131072,TREE,LL,24,TREE,LL,0,2.52,99.65,2.56,98.0,3,2.7777777777777892,1024,float,sum,0.01,0.01,0,0
all_reduce_perf,3,24,131072,TREE,LL,32,TREE,LL,0,2.79,90.18,2.79,90.18,3,2.508960573476697,1024,float,sum,0.01,0.01,0,0
all_reduce_perf,3,24,131072,TREE,LL,40,TREE,LL,0,2.78,90.45,2.78,90.24,3,2.158273381294966,1024,float,sum,0.01,0.01,0,0
all_reduce_perf,3,24,131072,TREE,LL,48,TREE,LL,0,2.77,90.61,2.77,90.62,3,1.8050541516245424,1024,float,sum,0.01,0.01,0,0
all_reduce_perf,3,24,131072,TREE,LL,48,,,0,2.75,91.25,2.74,91.71,3,31.636363636363633,1024,float,sum,0.01,0.01,0,0
all_reduce_perf,3,24,131072,TREE,LL128,1,TREE,LL128,0,2.1,119.4,2.12,118.5,3,18.571428571428566,1024,float,sum,0.01,0.01,0,0
all_reduce_perf,3,24,131072,TREE,LL128,2,TREE,LL128,0,2.41,104.4,2.41,104.09,3,1.244813278008309,1024,float,sum,0.01,0.01,0,0
all_reduce_perf,3,24,131072,TREE,LL128,4,TREE,LL128,0,2.55,98.36,2.55,98.51,3,0.7843137254901967,1024,float,sum,0.01,0.01,0,0
all_reduce_perf,3,24,131072,TREE,LL128,8,TREE,LL128,0,2.77,90.54,2.76,90.97,3,0.36101083032490205,1024,float,sum,0.01,0.01,0,0
all_reduce_perf,3,24,131072,TREE,LL128,16,TREE,LL128,0,2.89,87.07,2.88,87.3,3,0.6920415224913501,1024,float,sum,0.01,0.01,0,0
all_reduce_perf,3,24,131072,TREE,LL128,24,TREE,LL128,0,2.87,87.4,2.88,87.21,3,1.7421602787456383,1024,float,sum,0.01,0.01,0,0
all_reduce_perf,3,24,131072,TREE,LL128,32,TREE,LL128,0,2.87,87.5,2.87,87.55,3,0.6968641114982584,1024,float,sum,0.01,0.01,0,0
all_reduce_perf,3,24,131072,TREE,LL128,40,TREE,LL128,0,2.86,87.9,2.87,87.56,3,0.34965034965035774,1024,float,sum,0.01,0.01,0,0
all_reduce_perf,3,24,131072,TREE,LL128,48,TREE,LL128,0,2.86,87.7,2.89,87.06,3,4.895104895104899,1024,float,sum,0.01,0.01,0,0
all_reduce_perf,3,24,131072,TREE,SIMPLE,1,TREE,SIMPLE,0,1.39,180.15,1.38,182.25,3,0.7194244604316554,1024,float,sum,0.01,0.01,0,0
all_reduce_perf,3,24,131072,TREE,SIMPLE,2,TREE,SIMPLE,0,1.59,157.65,1.58,159.3,3,1.2578616352201268,1024,float,sum,0.01,0.01,0,0
all_reduce_perf,3,24,131072,TREE,SIMPLE,4,TREE,SIMPLE,0,1.71,146.57,1.7,148.15,3,0.5847953216374274,1024,float,sum,0.01,0.01,0,0
all_reduce_perf,3,24,131072,TREE,SIMPLE,8,TREE,SIMPLE,0,2.03,123.97,2.0,125.73,3,0.49261083743841316,1024,float,sum,0.01,0.01,0,0
all_reduce_perf,3,24,131072,TREE,SIMPLE,16,TREE,SIMPLE,0,2.09,120.34,2.08,121.04,3,0.4784688995215422,1024,float,sum,0.01,0.01,0,0
all_reduce_perf,3,24,131072,TREE,SIMPLE,24,TREE,SIMPLE,0,2.09,119.97,2.07,121.39,3,0.4784688995215422,1024,float,sum,0.01,0.01,0,0
all_reduce_perf,3,24,131072,TREE,SIMPLE,32,TREE,SIMPLE,0,2.1,119.47,2.08,120.92,3,0.0,1024,float,sum,0.01,0.01,0,0
all_reduce_perf,3,24,131072,TREE,SIMPLE,40,TREE,SIMPLE,0,2.09,120.19,2.08,120.83,3,0.4784688995215422,1024,float,sum,0.01,0.01,0,0
all_reduce_perf,3,24,131072,TREE,SIMPLE,48,TREE,SIMPLE,0,2.09,120.35,2.08,120.84,3,0.0,1024,float,sum,0.01,0.01,0,0
all_reduce_perf,3,24,262144,RING,LL,1,RING,LL,0,1.9,264.18,1.9,265.13,3,1.0526315789473695,1024,float,sum,0.01,0.01,0,0
all_reduce_perf,3,24,262144,RING,LL,2,RING,LL,0,2.9,173.33,2.87,174.81,3,23.103448275862068,1024,float,sum,0.01,0.01,0,0
all_reduce_perf,3,24,262144,RING,LL,4,RING,LL,0,3.28,153.4,3.23,155.44,3,1.5243902439024337,1024,float,sum,0.01,0.01,0,0
all_reduce_perf,3,24,262144,RING,LL,8,RING,LL,0,3.46,145.12,3.44,146.23,3,2.3121387283237014,1024,float,sum,0.01,0.01,0,0
all_reduce_perf,3,24,262144,RING,LL,16,RING,LL,0,2.73,184.24,2.69,186.97,3,0.3663003663003585,1024,float,sum,0.01,0.01,0,0
all_reduce_perf,3,24,262144,RING,LL,24,RING,LL,0,2.2,228.73,2.21,227.07,3,0.9090909090909097,1024,float,sum,0.01,0.01,0,0
all_reduce_perf,3,24,262144,RING,LL,32,RING,LL,0,1.76,285.58,1.75,287.1,3,0.5681818181818187,1024,float,sum,0.01,0.01,0,0
all_reduce_perf,3,24,262144,RING,LL,40,RING,LL,0,1.75,287.45,1.76,286.05,3,1.142857142857144,1024,float,sum,0.01,0.01,0,0
all_reduce_perf,3,24,262144,RING,LL,48,RING,LL,0,1.41,355.35,1.4,357.78,3,3.5460992907801447,1024,float,sum,0.01,0.01,0,0
all_reduce_perf,3,24,262144,RING,LL128,1,RING,LL128,0,3.11,161.57,3.09,162.86,3,0.0,1024,float,sum,0.01,0.01,0,0
all_reduce_perf,3,24,262144,RING,LL128,2,RING,LL128,0,3.23,155.42,3.22,156.14,3,0.30959752321982137,1024,float,sum,0.01,0.01,0,0
all_reduce_perf,3,24,262144,RING,LL128,4,RING,LL128,0,3.29,152.78,3.24,154.87,3,1.2158054711246211,1024,float,sum,0.01,0.01,0,0
all_reduce_perf,3,24,262144,RING,LL128,8,RING,LL128,0,3.17,158.28,3.17,158.59,3,0.6309148264984233,1024,float,sum,0.01,0.01,0,0
all_reduce_perf,3,24,262144,RING,LL128,16,RING,LL128,0,2.71,185.67,2.71,185.08,3,4.0590405904059,1024,float,sum,0.01,0.01,0,0
all_reduce_perf,3,24,262144,RING,LL128,24,RING,LL128,0,2.79,180.33,2.74,183.07,3,1.7921146953404954,1024,float,sum,0.01,0.01,0,0
all_reduce_perf,3,24,262144,RING,LL128,32,RING,LL128,0,1.84,272.66,1.81,276.86,3,1.0869565217391313,1024,float,sum,0.01,0.01,0,0
all_reduce_perf,3,24,262144,RING,LL128,40,RING,LL128,0,1.85,271.83,1.84,273.43,3,4.324324324324328,1024,float,sum,0.01,0.01,0,0
all_reduce_perf,3,24,262144,RING,LL128,48,RING,LL128,0,1.85,271.26,1.86,269.81,3,1.081081081081082,1024,float,sum,0.01,0.01,0,0
all_reduce_perf,3,24,262144,RING,SIMPLE,1,RING,SIMPLE,0,0.94,533.73,0.94,535.92,3,0.0,1024,float,sum,0.01,0.01,0,0
all_reduce_perf,3,24,262144,RING,SIMPLE,2,RING,SIMPLE,0,0.95,531.02,0.94,531.83,3,0.0,1024,float,sum,0.01,0.01,0,0
all_reduce_perf,3,24,262144,RING,SIMPLE,4,RING,SIMPLE,0,0.94,533.97,0.94,535.01,3,0.0,1024,float,sum,0.01,0.01,0,0
all_reduce_perf,3,24,262144,RING,SIMPLE,8,RING,SIMPLE,0,0.94,536.33,0.93,538.1,3,0.0,1024,float,sum,0.01,0.01,0,0
all_reduce_perf,3,24,262144,RING,SIMPLE,16,RING,SIMPLE,0,0.88,568.47,0.88,568.87,3,3.4090909090909123,1024,float,sum,0.01,0.01,0,0
all_reduce_perf,3,24,262144,RING,SIMPLE,24,RING,SIMPLE,0,0.89,565.74,0.88,567.74,3,0.0,1024,float,sum,0.01,0.01,0,0
all_reduce_perf,3,24,262144,RING,SIMPLE,32,RING,SIMPLE,0,0.72,694.68,0.72,697.2,3,4.1666666666666705,1024,float,sum,0.01,0.01,0,0
all_reduce_perf,3,24,262144,RING,SIMPLE,40,RING,SIMPLE,0,0.73,691.95,0.72,697.48,3,0.0,1024,float,sum,0.01,0.01,0,0
all_reduce_perf,3,24,262144,RING,SIMPLE,48,RING,SIMPLE,0,0.72,700.51,0.71,705.85,3,1.3888888888888902,1024,float,sum,0.01,0.01,0,0
all_reduce_perf,3,24,262144,TREE,LL,1,TREE,LL,0,1.14,441.59,1.13,444.51,3,0.8771929824561412,1024,float,sum,0.01,0.01,0,0
all_reduce_perf,3,24,262144,TREE,LL,2,TREE,LL,0,1.77,283.58,1.78,282.66,3,0.56497175141243,1024,float,sum,0.01,0.01,0,0
all_reduce_perf,3,24,262144,TREE,LL,4,TREE,LL,0,2.55,196.66,2.56,196.25,3,4.313725490196074,1024,float,sum,0.01,0.01,0,0
all_reduce_perf,3,24,262144,TREE,LL,8,TREE,LL,0,3.23,155.6,3.21,156.45,3,0.3095975232198076,1024,float,sum,0.01,0.01,0,0
all_reduce_perf,3,24,262144,TREE,LL,16,TREE,LL,0,3.6,139.63,3.6,139.74,3,0.8333333333333403,1024,float,sum,0.01,0.01,0,0
all_reduce_perf,3,24,262144,TREE,LL,24,TREE,LL,0,4.02,125.01,4.02,125.07,3,0.24875621890546734,1024,float,sum,0.01,0.01,0,0
all_reduce_perf,3,24,262144,TREE,LL,32,TREE,LL,0,4.51,111.4,4.52,111.12,3,1.7738359201773852,1024,float,sum,0.01,0.01,0,0
all_reduce_perf,3,24,262144,TREE,LL,40,TREE,LL,0,4.52,111.19,4.51,111.47,3,60.39823008849557,1024,float,sum,0.01,0.01,0,0
all_reduce_perf,3,24,262144,TREE,LL,48,TREE,LL,0,4.94,101.69,4.88,102.85,3,1.214574898785435,1024,float,sum,0.01,0.01,0,0
all_reduce_perf,3,24,262144,TREE,LL,48,,,0,4.89,102.65,4.9,102.64,3,0.20449897750512627,1024,float,sum,0.01,0.01,0,0
all_reduce_perf,3,24,262144,TREE,LL128,1,TREE,LL128,0,3.25,154.83,3.27,153.56,3,0.9230769230769171,1024,float,sum,0.01,0.01,0,0
all_reduce_perf,3,24,262144,TREE,LL128,2,TREE,LL128,0,4.21,119.48,4.18,120.09,3,1.4251781472684204,1024,float,sum,0.01,0.01,0,0
all_reduce_perf,3,24,262144,TREE,LL128,4,TREE,LL128,0,4.74,106.09,4.73,106.27,3,0.21097046413501658,1024,float,sum,0.01,0.01,0,0
all_reduce_perf,3,24,262144,TREE,LL128,8,TREE,LL128,0,5.08,98.93,5.05,99.49,3,0.0,1024,float,sum,0.01,0.01,0,0
all_reduce_perf,3,24,262144,TREE,LL128,16,TREE,LL128,0,5.39,93.15,5.38,93.41,3,0.37105751391466535,1024,float,sum,0.01,0.01,0,0
all_reduce_perf,3,24,262144,TREE,LL128,24,TREE,LL128,0,5.37,93.58,5.35,93.83,3,0.9310986964618215,1024,float,sum,0.01,0.01,0,0
all_reduce_perf,3,24,262144,TREE,LL128,32,TREE,LL128,0,5.46,91.98,5.49,91.49,3,0.18315018315017925,1024,float,sum,0.01,0.01,0,0
all_reduce_perf,3,24,262144,TREE,LL128,40,TREE,LL128,0,5.44,92.32,5.48,91.7,3,0.7352941176470594,1024,float,sum,0.01,0.01,0,0
all_reduce_perf,3,24,262144,TREE,LL128,48,TREE,LL128,0,5.5,91.33,5.45,92.15,3,1.6363636363636338,1024,float,sum,0.01,0.01,0,0
all_reduce_perf,3,24,262144,TREE,SIMPLE,1,TREE,SIMPLE,0,2.27,221.65,2.19,229.9,3,0.4405286343612437,1024,float,sum,0.01,0.01,0,0
all_reduce_perf,3,24,262144,TREE,SIMPLE,2,TREE,SIMPLE,0,2.79,179.79,2.72,184.72,3,0.35842293906809275,1024,float,sum,0.01,0.01,0,0
all_reduce_perf,3,24,262144,TREE,SIMPLE,4,TREE,SIMPLE,0,3.18,157.83,3.13,160.72,3,0.6289308176100634,1024,float,sum,0.01,0.01,0,0
all_reduce_perf,3,24,262144,TREE,SIMPLE,8,TREE,SIMPLE,0,3.43,146.49,3.39,148.04,3,0.8746355685131139,1024,float,sum,0.01,0.01,0,0
all_reduce_perf,3,24,262144,TREE,SIMPLE,16,TREE,SIMPLE,0,3.96,126.77,3.87,129.83,3,0.7575757575757527,1024,float,sum,0.01,0.01,0,0
all_reduce_perf,3,24,262144,TREE,SIMPLE,24,TREE,SIMPLE,0,3.93,127.79,3.86,130.16,3,0.7633587786259493,1024,float,sum,0.01,0.01,0,0
all_reduce_perf,3,24,262144,TREE,SIMPLE,32,TREE,SIMPLE,0,4.02,124.92,3.98,126.35,3,0.7462686567164242,1024,float,sum,0.01,0.01,0,0
all_reduce_perf,3,24,262144,TREE,SIMPLE,40,TREE,SIMPLE,0,4.0,125.47,3.97,126.6,3,0.7499999999999951,1024,float,sum,0.01,0.01,0,0
all_reduce_perf,3,24,262144,TREE,SIMPLE,48,TREE,SIMPLE,0,3.99,125.94,3.95,127.08,3,0.5012531328320806,1024,float,sum,0.01,0.01,0,0
all_reduce_perf,3,24,524288,RING,LL,1,RING,LL,0,2.09,481.14,2.06,488.02,3,0.4784688995215422,1024,float,sum,0.01,0.01,0,0
all_reduce_perf,3,24,524288,RING,LL,2,RING,LL,0,3.82,263.25,3.79,265.15,3,0.7853403141361323,1024,float,sum,0.01,0.01,0,0
all_reduce_perf,3,24,524288,RING,LL,4,RING,LL,0,5.76,174.44,5.74,175.2,3,1.3888888888888749,1024,float,sum,0.01,0.01,0,0
all_reduce_perf,3,24,524288,RING,LL,8,RING,LL,0,6.34,158.46,6.27,160.21,3,0.946372239747628,1024,float,sum,0.01,0.01,0,0
all_reduce_perf,3,24,524288,RING,LL,16,RING,LL,0,5.13,195.92,5.11,196.6,3,2.7290448343080036,1024,float,sum,0.01,0.01,0,0
all_reduce_perf,3,24,524288,RING,LL,24,RING,LL,0,4.12,243.81,4.1,245.24,3,1.4563106796116625,1024,float,sum,0.01,0.01,0,0
all_reduce_perf,3,24,524288,RING,LL,32,RING,LL,0,3.42,294.02,3.36,298.74,3,1.461988304093575,1024,float,sum,0.01,0.01,0,0
all_reduce_perf,3,24,524288,RING,LL,40,RING,LL,0,2.99,335.94,2.99,336.57,3,2.341137123745814,1024,float,sum,0.01,0.01,0,0
all_reduce_perf,3,24,524288,RING,LL,48,RING,LL,0,2.71,370.5,2.7,371.67,3,1.1070110701107103,1024,float,sum,0.01,0.01,0,0
all_reduce_perf,3,24,524288,RING,LL128,1,RING,LL128,0,5.76,174.51,5.59,179.78,3,0.1736111111111074,1024,float,sum,0.01,0.01,0,0
all_reduce_perf,3,24,524288,RING,LL128,2,RING,LL128,0,6.19,162.43,6.12,164.21,3,0.32310177705978127,1024,float,sum,0.01,0.01,0,0
all_reduce_perf,3,24,524288,RING,LL128,4,RING,LL128,0,6.37,157.85,6.29,159.87,3,0.6279434850863428,1024,float,sum,0.01,0.01,0,0
all_reduce_perf,3,24,524288,RING,LL128,8,RING,LL128,0,6.33,158.69,6.29,159.81,3,0.6319115323854665,1024,float,sum,0.01,0.01,0,0
all_reduce_perf,3,24,524288,RING,LL128,16,RING,LL128,0,5.49,182.98,5.53,181.57,3,0.7285974499089259,1024,float,sum,0.01,0.01,0,0
all_reduce_perf,3,24,524288,RING,LL128,24,RING,LL128,0,4.57,219.75,4.56,220.35,3,1.5317286652078836,1024,float,sum,0.01,0.01,0,0
all_reduce_perf,3,24,524288,RING,LL128,32,RING,LL128,0,3.68,272.96,3.67,273.69,3,1.630434782608697,1024,float,sum,0.01,0.01,0,0
all_reduce_perf,3,24,524288,RING,LL128,40,RING,LL128,0,3.65,274.99,3.73,269.29,3,2.739726027397263,1024,float,sum,0.01,0.01,0,0
all_reduce_perf,3,24,524288,RING,LL128,48,RING,LL128,0,3.7,271.56,3.66,274.37,3,1.081081081081082,1024,float,sum,0.01,0.01,0,0
all_reduce_perf,3,24,524288,RING,SIMPLE,1,RING,SIMPLE,0,1.8,559.75,1.79,562.7,3,0.555555555555556,1024,float,sum,0.01,0.01,0,0
all_reduce_perf,3,24,524288,RING,SIMPLE,2,RING,SIMPLE,0,1.88,535.9,1.88,535.8,3,0.5319148936170099,1024,float,sum,0.01,0.01,0,0
all_reduce_perf,3,24,524288,RING,SIMPLE,4,RING,SIMPLE,0,1.88,535.38,1.87,537.93,3,1.0638297872340319,1024,float,sum,0.01,0.01,0,0
all_reduce_perf,3,24,524288,RING,SIMPLE,8,RING,SIMPLE,0,1.86,539.69,1.86,540.95,3,0.5376344086021511,1024,float,sum,0.01,0.01,0,0
all_reduce_perf,3,24,524288,RING,SIMPLE,16,RING,SIMPLE,0,1.77,569.26,1.76,571.12,3,0.56497175141243,1024,float,sum,0.01,0.01,0,0
all_reduce_perf,3,24,524288,RING,SIMPLE,24,RING,SIMPLE,0,1.65,608.12,1.65,610.23,3,0.0,1024,float,sum,0.01,0.01,0,0
all_reduce_perf,3,24,524288,RING,SIMPLE,32,RING,SIMPLE,0,1.46,689.67,1.44,698.91,3,1.3698630136986314,1024,float,sum,0.01,0.01,0,0
all_reduce_perf,3,24,524288,RING,SIMPLE,40,RING,SIMPLE,0,1.44,696.73,1.44,696.4,3,0.6944444444444451,1024,float,sum,0.01,0.01,0,0
all_reduce_perf,3,24,524288,RING,SIMPLE,48,RING,SIMPLE,0,1.44,699.87,1.43,702.95,3,1.3888888888888902,1024,float,sum,0.01,0.01,0,0
all_reduce_perf,3,24,524288,TREE,LL,1,TREE,LL,0,1.3,772.49,1.3,771.01,3,0.7692307692307698,1024,float,sum,0.01,0.01,0,0
all_reduce_perf,3,24,524288,TREE,LL,2,TREE,LL,0,2.19,458.06,2.2,456.27,3,14.155251141552524,1024,float,sum,0.01,0.01,0,0
all_reduce_perf,3,24,524288,TREE,LL,4,TREE,LL,0,3.54,283.66,3.55,282.81,3,0.56497175141243,1024,float,sum,0.01,0.01,0,0
all_reduce_perf,3,24,524288,TREE,LL,8,TREE,LL,0,4.99,201.54,4.93,203.95,3,0.8016032064128262,1024,float,sum,0.01,0.01,0,0
all_reduce_perf,3,24,524288,TREE,LL,16,TREE,LL,0,6.3,159.57,6.29,159.75,3,1.9047619047619067,1024,float,sum,0.01,0.01,0,0
all_reduce_perf,3,24,524288,TREE,LL,24,TREE,LL,0,6.62,151.82,6.63,151.55,3,0.6042296072507558,1024,float,sum,0.01,0.01,0,0
all_reduce_perf,3,24,524288,TREE,LL,32,TREE,LL,0,6.7,149.97,6.73,149.22,3,0.8955223880596956,1024,float,sum,0.01,0.01,0,0
all_reduce_perf,3,24,524288,TREE,LL,40,TREE,LL,0,7.1,141.53,7.03,143.04,3,0.4225352112676091,1024,float,sum,0.01,0.01,0,0
all_reduce_perf,3,24,524288,TREE,LL,48,TREE,LL,0,7.58,132.53,7.62,131.93,3,0.5277044854881272,1024,float,sum,0.01,0.01,0,0
all_reduce_perf,3,24,524288,TREE,LL128,1,TREE,LL128,0,4.65,215.94,4.61,217.93,3,0.6451612903225669,1024,float,sum,0.01,0.01,0,0
all_reduce_perf,3,24,524288,TREE,LL128,2,TREE,LL128,0,6.37,157.67,6.42,156.56,3,16.95447409733124,1024,float,sum,0.01,0.01,0,0
all_reduce_perf,3,24,524288,TREE,LL128,4,TREE,LL128,0,8.35,120.27,8.29,121.28,3,0.9580838323353302,1024,float,sum,0.01,0.01,0,0
all_reduce_perf,3,24,524288,TREE,LL128,8,TREE,LL128,0,9.45,106.3,9.42,106.73,3,0.6349206349206402,1024,float,sum,0.01,0.01,0,0
all_reduce_perf,3,24,524288,TREE,LL128,16,TREE,LL128,0,9.84,102.08,9.83,102.19,3,0.4065040650406418,1024,float,sum,0.01,0.01,0,0
all_reduce_perf,3,24,524288,TREE,LL128,24,TREE,LL128,0,9.87,101.82,9.89,101.61,3,24.82269503546099,1024,float,sum,0.01,0.01,0,0
all_reduce_perf,3,24,524288,TREE,LL128,32,TREE,LL128,0,10.27,97.82,10.19,98.62,3,0.09737098344693075,1024,float,sum,0.01,0.01,0,0
all_reduce_perf,3,24,524288,TREE,LL128,40,TREE,LL128,0,10.21,98.39,10.21,98.44,3,0.2938295788442814,1024,float,sum,0.01,0.01,0,0
all_reduce_perf,3,24,524288,TREE,LL128,48,TREE,LL128,0,10.24,98.12,10.21,98.38,3,0.19531249999999584,1024,float,sum,0.01,0.01,0,0
all_reduce_perf,3,24,524288,TREE,LL128,48,,,0,10.23,98.22,10.2,98.55,3,1.2707722385141642,1024,float,sum,0.01,0.01,0,0
all_reduce_perf,3,24,524288,TREE,SIMPLE,1,TREE,SIMPLE,0,3.41,294.98,3.27,306.96,3,3.812316715542532,1024,float,sum,0.01,0.01,0,0
all_reduce_perf,3,24,524288,TREE,SIMPLE,2,TREE,SIMPLE,0,4.53,221.69,4.36,230.6,3,0.4415011037527695,1024,float,sum,0.01,0.01,0,0
all_reduce_perf,3,24,524288,TREE,SIMPLE,4,TREE,SIMPLE,0,5.57,180.29,5.45,184.43,3,0.35906642728905674,1024,float,sum,0.01,0.01,0,0
all_reduce_perf,3,24,524288,TREE,SIMPLE,8,TREE,SIMPLE,0,6.35,158.16,6.24,161.14,3,1.574803149606308,1024,float,sum,0.01,0.01,0,0
all_reduce_perf,3,24,524288,TREE,SIMPLE,16,TREE,SIMPLE,0,6.67,150.58,6.58,152.71,3,0.4497751124437818,1024,float,sum,0.01,0.01,0,0
all_reduce_perf,3,24,524288,TREE,SIMPLE,24,TREE,SIMPLE,0,6.97,144.12,6.9,145.68,3,1.0043041606886698,1024,float,sum,0.01,0.01,0,0
all_reduce_perf,3,24,524288,TREE,SIMPLE,32,TREE,SIMPLE,0,7.49,134.22,7.38,136.23,3,20.5607476635514,1024,float,sum,0.01,0.01,0,0
all_reduce_perf,3,24,524288,TREE,SIMPLE,40,TREE,SIMPLE,0,7.47,134.47,7.39,135.9,3,1.070950468540831,1024,float,sum,0.01,0.01,0,0
all_reduce_perf,3,24,524288,TREE,SIMPLE,48,TREE,SIMPLE,0,7.5,134.04,7.36,136.45,3,0.533333333333322,1024,float,sum,0.01,0.01,0,0
all_reduce_perf,3,24,1048576,RING,LL,1,RING,LL,0,2.29,879.28,2.26,891.17,3,1.3100436681222623,1024,float,sum,0.01,0.01,0,0
all_reduce_perf,3,24,1048576,RING,LL,2,RING,LL,0,4.21,477.59,4.14,485.1,3,0.9501187648456066,1024,float,sum,0.01,0.01,0,0
all_reduce_perf,3,24,1048576,RING,LL,4,RING,LL,0,7.62,263.64,7.56,265.88,3,1.0498687664042003,1024,float,sum,0.01,0.01,0,0
all_reduce_perf,3,24,1048576,RING,LL,8,RING,LL,0,11.24,178.73,11.08,181.47,3,1.3345195729537398,1024,float,sum,0.01,0.01,0,0
all_reduce_perf,3,24,1048576,RING,LL,16,RING,LL,0,8.67,231.75,8.79,228.76,3,12.572087658592837,1024,float,sum,0.01,0.01,0,0
all_reduce_perf,3,24,1048576,RING,LL,24,RING,LL,0,7.57,265.48,7.6,264.57,3,2.9062087186261523,1024,float,sum,0.01,0.01,0,0
all_reduce_perf,3,24,1048576,RING,LL,32,RING,LL,0,6.27,320.39,6.25,321.35,3,2.5518341307814874,1024,float,sum,0.01,0.01,0,0
all_reduce_perf,3,24,1048576,RING,LL,40,RING,LL,0,5.39,373.01,5.41,371.29,3,1.298701298701304,1024,float,sum,0.01,0.01,0,0
all_reduce_perf,3,24,1048576,RING,LL,48,RING,LL,0,4.84,415.47,4.74,424.04,3,3.7190082644628224,1024,float,sum,0.01,0.01,0,0
all_reduce_perf,3,24,1048576,RING,LL128,1,RING,LL128,0,8.01,250.85,7.81,257.28,3,2.1223470661672903,1024,float,sum,0.01,0.01,0,0
all_reduce_perf,3,24,1048576,RING,LL128,2,RING,LL128,0,11.37,176.7,11.07,181.49,3,22.603342128408098,1024,float,sum,0.01,0.01,0,0
all_reduce_perf,3,24,1048576,RING,LL128,4,RING,LL128,0,12.29,163.54,12.08,166.37,3,0.4068348250610311,1024,float,sum,0.01,0.01,0,0
all_reduce_perf,3,24,1048576,RING,LL128,8,RING,LL128,0,12.35,162.68,12.23,164.3,3,0.48582995951417407,1024,float,sum,0.01,0.01,0,0
all_reduce_perf,3,24,1048576,RING,LL128,16,RING,LL128,0,10.82,185.67,10.91,184.28,3,6.746765249537896,1024,float,sum,0.01,0.01,0,0
all_reduce_perf,3,24,1048576,RING,LL128,24,RING,LL128,0,9.11,220.57,9.11,220.55,3,2.1953896816684884,1024,float,sum,0.01,0.01,0,0
all_reduce_perf,3,24,1048576,RING,LL128,32,RING,LL128,0,7.37,272.84,7.24,277.4,3,1.085481682496609,1024,float,sum,0.01,0.01,0,0
all_reduce_perf,3,24,1048576,RING,LL128,40,RING,LL128,0,7.24,277.71,7.42,270.84,3,7.872928176795583,1024,float,sum,0.01,0.01,0,0
all_reduce_perf,3,24,1048576,RING,LL128,48,RING,LL128,0,5.89,341.45,5.84,343.93,3,2.037351443123941,1024,float,sum,0.01,0.01,0,0
all_reduce_perf,3,24,1048576,RING,SIMPLE,1,RING,SIMPLE,0,3.51,573.05,3.47,579.07,3,0.5698005698005704,1024,float,sum,0.01,0.01,0,0
all_reduce_perf,3,24,1048576,RING,SIMPLE,2,RING,SIMPLE,0,3.57,563.69,3.55,565.42,3,1.6806722689075646,1024,float,sum,0.01,0.01,0,0
all_reduce_perf,3,24,1048576,RING,SIMPLE,4,RING,SIMPLE,0,3.71,541.08,3.71,542.34,3,0.26954177897574744,1024,float,sum,0.01,0.01,0,0
all_reduce_perf,3,24,1048576,RING,SIMPLE,8,RING,SIMPLE,0,3.69,544.21,3.69,544.78,3,0.2710027100271065,1024,float,sum,0.01,0.01,0,0
all_reduce_perf,3,24,1048576,RING,SIMPLE,16,RING,SIMPLE,0,3.5,573.9,3.5,574.37,3,13.714285714285715,1024,float,sum,0.01,0.01,0,0
all_reduce_perf,3,24,1048576,RING,SIMPLE,24,RING,SIMPLE,0,3.31,607.32,3.29,609.96,3,1.2084592145015116,1024,float,sum,0.01,0.01,0,0
all_reduce_perf,3,24,1048576,RING,SIMPLE,32,RING,SIMPLE,0,2.89,695.88,2.88,697.18,3,2.7681660899654004,1024,float,sum,0.01,0.01,0,0
all_reduce_perf,3,24,1048576,RING,SIMPLE,40,RING,SIMPLE,0,2.9,693.99,2.88,697.15,3,1.0344827586206984,1024,float,sum,0.01,0.01,0,0
all_reduce_perf,3,24,1048576,RING,SIMPLE,48,RING,SIMPLE,0,2.4,836.96,2.39,840.41,3,0.0,1024,float,sum,0.01,0.01,0,0
all_reduce_perf,3,24,1048576,TREE,LL,1,TREE,LL,0,1.41,1430.05,1.4,1432.89,3,0.7092198581560291,1024,float,sum,0.01,0.01,0,0
all_reduce_perf,3,24,1048576,TREE,LL,2,TREE,LL,0,2.5,805.07,2.5,802.95,3,0.0,1024,float,sum,0.01,0.01,0,0
all_reduce_perf,3,24,1048576,TREE,LL,4,TREE,LL,0,4.39,457.5,4.4,457.24,3,13.211845102505688,1024,float,sum,0.01,0.01,0,0
all_reduce_perf,3,24,1048576,TREE,LL,8,TREE,LL,0,6.85,293.35,6.86,293.16,3,0.5839416058394167,1024,float,sum,0.01,0.01,0,0
all_reduce_perf,3,24,1048576,TREE,LL,16,TREE,LL,0,9.83,204.51,9.85,204.12,3,0.8138351983723303,1024,float,sum,0.01,0.01,0,0
all_reduce_perf,3,24,1048576,TREE,LL,24,TREE,LL,0,11.15,180.19,11.09,181.2,3,0.2690582959641198,1024,float,sum,0.01,0.01,0,0
all_reduce_perf,3,24,1048576,TREE,LL,32,TREE,LL,0,11.66,172.35,11.66,172.4,3,1.0291595197255508,1024,float,sum,0.01,0.01,0,0
all_reduce_perf,3,24,1048576,TREE,LL,40,TREE,LL,0,12.28,163.73,12.23,164.35,3,1.384364820846905,1024,float,sum,0.01,0.01,0,0
all_reduce_perf,3,24,1048576,TREE,LL,48,TREE,LL,0,12.42,161.85,12.45,161.45,3,0.1610305958132011,1024,float,sum,0.01,0.01,0,0
all_reduce_perf,3,24,1048576,TREE,LL128,1,TREE,LL128,0,5.76,348.99,5.69,353.27,3,0.5208333333333376,1024,float,sum,0.01,0.01,0,0
all_reduce_perf,3,24,1048576,TREE,LL128,2,TREE,LL128,0,9.22,218.08,9.06,221.82,3,1.3015184381778848,1024,float,sum,0.01,0.01,0,0
all_reduce_perf,3,24,1048576,TREE,LL128,4,TREE,LL128,0,12.68,158.51,12.61,159.43,3,0.946372239747628,1024,float,sum,0.01,0.01,0,0
all_reduce_perf,3,24,1048576,TREE,LL128,8,TREE,LL128,0,16.66,120.66,16.5,121.84,3,7.382953181272491,1024,float,sum,0.01,0.01,0,0
all_reduce_perf,3,24,1048576,TREE,LL128,16,TREE,LL128,0,18.21,110.39,18.26,110.08,3,0.8237232289950498,1024,float,sum,0.01,0.01,0,0
all_reduce_perf,3,24,1048576,TREE,LL128,24,TREE,LL128,0,18.49,108.67,18.53,108.47,3,2.4878312601406214,1024,float,sum,0.01,0.01,0,0
all_reduce_perf,3,24,1048576,TREE,LL128,32,TREE,LL128,0,18.47,108.79,18.54,108.4,3,1.0286951813752099,1024,float,sum,0.01,0.01,0,0
all_reduce_perf,3,24,1048576,TREE,LL128,40,TREE,LL128,0,18.41,109.19,18.5,108.64,3,0.7061379684953776,1024,float,sum,0.01,0.01,0,0
all_reduce_perf,3,24,1048576,TREE,LL128,48,TREE,LL128,0,18.84,106.67,18.87,106.48,3,0.4246284501061669,1024,float,sum,0.01,0.01,0,0
all_reduce_perf,3,24,1048576,TREE,LL128,48,,,0,18.87,106.53,18.99,105.86,3,1.2188659247482798,1024,float,sum,0.01,0.01,0,0
all_reduce_perf,3,24,1048576,TREE,SIMPLE,1,TREE,SIMPLE,0,4.31,466.09,4.55,441.41,3,13.689095127610207,1024,float,sum,0.01,0.01,0,0
all_reduce_perf,3,24,1048576,TREE,SIMPLE,2,TREE,SIMPLE,0,6.73,298.45,6.51,308.86,3,0.14858841010400872,1024,float,sum,0.01,0.01,0,0
all_reduce_perf,3,24,1048576,TREE,SIMPLE,4,TREE,SIMPLE,0,9.02,222.91,8.68,231.62,3,0.7760532150776085,1024,float,sum,0.01,0.01,0,0
all_reduce_perf,3,24,1048576,TREE,SIMPLE,8,TREE,SIMPLE,0,11.05,181.9,10.79,186.26,3,0.09049773755655915,1024,float,sum,0.01,0.01,0,0
all_reduce_perf,3,24,1048576,TREE,SIMPLE,16,TREE,SIMPLE,0,12.37,162.53,12.16,165.22,3,4.446240905416322,1024,float,sum,0.01,0.01,0,0
all_reduce_perf,3,24,1048576,TREE,SIMPLE,24,TREE,SIMPLE,0,12.46,161.35,12.19,164.82,3,0.6420545746388449,1024,float,sum,0.01,0.01,0,0
all_reduce_perf,3,24,1048576,TREE,SIMPLE,32,TREE,SIMPLE,0,12.71,158.15,12.49,160.85,3,0.3933910306845059,1024,float,sum,0.01,0.01,0,0
all_reduce_perf,3,24,1048576,TREE,SIMPLE,40,TREE,SIMPLE,0,12.7,158.2,12.47,161.21,3,0.7086614173228476,1024,float,sum,0.01,0.01,0,0
all_reduce_perf,3,24,1048576,TREE,SIMPLE,48,TREE,SIMPLE,0,13.21,152.09,12.98,154.8,3,12.263436790310378,1024,float,sum,0.01,0.01,0,0
all_reduce_perf,3,24,2097152,RING,LL,1,RING,LL,0,2.33,1722.16,2.31,1743.42,3,0.858369098712447,1024,float,sum,0.01,0.01,0,0
all_reduce_perf,3,24,2097152,RING,LL,2,RING,LL,0,4.57,879.18,4.52,888.44,3,0.6564551422319529,1024,float,sum,0.01,0.01,0,0
all_reduce_perf,3,24,2097152,RING,LL,4,RING,LL,0,8.39,479.35,8.29,484.99,3,1.1918951132300313,1024,float,sum,0.01,0.01,0,0
all_reduce_perf,3,24,2097152,RING,LL,8,RING,LL,0,14.96,268.73,14.78,272.02,3,0.20053475935829634,1024,float,sum,0.01,0.01,0,0
all_reduce_perf,3,24,2097152,RING,LL,16,RING,LL,0,15.28,263.01,15.16,265.15,3,1.1780104712041866,1024,float,sum,0.01,0.01,0,0
all_reduce_perf,3,24,2097152,RING,LL,24,RING,LL,0,13.06,307.79,13.01,308.99,3,1.3016845329249611,1024,float,sum,0.01,0.01,0,0
all_reduce_perf,3,24,2097152,RING,LL,32,RING,LL,0,10.74,374.42,10.77,373.12,3,1.7690875232774628,1024,float,sum,0.01,0.01,0,0
all_reduce_perf,3,24,2097152,RING,LL,40,RING,LL,0,9.56,420.54,9.46,425.12,3,1.5690376569037694,1024,float,sum,0.01,0.01,0,0
all_reduce_perf,3,24,2097152,RING,LL,48,RING,LL,0,8.76,458.78,8.74,460.03,3,5.479452054794526,1024,float,sum,0.01,0.01,0,0
all_reduce_perf,3,24,2097152,RING,LL128,1,RING,LL128,0,9.24,434.86,9.01,446.25,3,6.818181818181826,1024,float,sum,0.01,0.01,0,0
all_reduce_perf,3,24,2097152,RING,LL128,2,RING,LL128,0,16.16,248.66,15.56,258.32,3,1.7326732673267398,1024,float,sum,0.01,0.01,0,0
all_reduce_perf,3,24,2097152,RING,LL128,4,RING,LL128,0,22.44,179.16,21.69,185.35,3,0.579322638146163,1024,float,sum,0.01,0.01,0,0
all_reduce_perf,3,24,2097152,RING,LL128,8,RING,LL128,0,23.99,167.58,23.54,170.76,3,0.7919966652772041,1024,float,sum,0.01,0.01,0,0
all_reduce_perf,3,24,2097152,RING,LL128,16,RING,LL128,0,21.75,184.82,21.75,184.84,3,5.379310344827594,1024,float,sum,0.01,0.01,0,0
all_reduce_perf,3,24,2097152,RING,LL128,24,RING,LL128,0,17.62,228.18,17.56,228.9,3,1.4188422247446084,1024,float,sum,0.01,0.01,0,0
all_reduce_perf,3,24,2097152,RING,LL128,32,RING,LL128,0,14.84,270.91,14.78,271.9,3,1.078167115902966,1024,float,sum,0.01,0.01,0,0
all_reduce_perf,3,24,2097152,RING,LL128,40,RING,LL128,0,12.8,314.07,12.85,312.71,3,5.000000000000004,1024,float,sum,0.01,0.01,0,0
all_reduce_perf,3,24,2097152,RING,LL128,48,RING,LL128,0,11.84,339.61,11.9,337.84,3,2.027027027027029,1024,float,sum,0.01,0.01,0,0
all_reduce_perf,3,24,2097152,RING,SIMPLE,1,RING,SIMPLE,0,6.5,618.04,6.39,628.67,3,8.46153846153846,1024,float,sum,0.01,0.01,0,0
all_reduce_perf,3,24,2097152,RING,SIMPLE,2,RING,SIMPLE,0,6.91,581.69,6.9,582.78,3,0.5788712011577429,1024,float,sum,0.01,0.01,0,0
all_reduce_perf,3,24,2097152,RING,SIMPLE,4,RING,SIMPLE,0,7.06,569.66,7.04,571.22,3,1.274787535410763,1024,float,sum,0.01,0.01,0,0
all_reduce_perf,3,24,2097152,RING,SIMPLE,8,RING,SIMPLE,0,7.28,551.87,7.25,554.26,3,0.5494505494505499,1024,float,sum,0.01,0.01,0,0
all_reduce_perf,3,24,2097152,RING,SIMPLE,16,RING,SIMPLE,0,6.93,579.87,6.89,583.27,3,0.721500721500719,1024,float,sum,0.01,0.01,0,0
all_reduce_perf,3,24,2097152,RING,SIMPLE,24,RING,SIMPLE,0,6.43,625.5,6.41,627.17,3,0.4665629860031143,1024,float,sum,0.01,0.01,0,0
all_reduce_perf,3,24,2097152,RING,SIMPLE,32,RING,SIMPLE,0,5.81,692.4,5.76,697.55,3,1.032702237521508,1024,float,sum,0.01,0.01,0,0
all_reduce_perf,3,24,2097152,RING,SIMPLE,40,RING,SIMPLE,0,5.12,785.68,5.11,786.84,3,3.3203124999999987,1024,float,sum,0.01,0.01,0,0
all_reduce_perf,3,24,2097152,RING,SIMPLE,48,RING,SIMPLE,0,4.81,835.29,4.82,834.28,3,0.623700623700629,1024,float,sum,0.01,0.01,0,0
all_reduce_perf,3,24,2097152,TREE,LL,1,TREE,LL,0,1.46,2758.37,1.46,2756.56,3,0.0,1024,float,sum,0.01,0.01,0,0
all_reduce_perf,3,24,2097152,TREE,LL,2,TREE,LL,0,2.68,1502.3,2.68,1498.0,3,2.985074626865674,1024,float,sum,0.01,0.01,0,0
all_reduce_perf,3,24,2097152,TREE,LL,4,TREE,LL,0,4.98,806.85,5.01,802.33,3,0.20080321285140132,1024,float,sum,0.01,0.01,0,0
all_reduce_perf,3,24,2097152,TREE,LL,8,TREE,LL,0,8.45,475.88,8.46,475.11,3,11.834319526627219,1024,float,sum,0.01,0.01,0,0
all_reduce_perf,3,24,2097152,TREE,LL,16,TREE,LL,0,13.63,294.99,13.67,293.94,3,4.988994864269991,1024,float,sum,0.01,0.01,0,0
all_reduce_perf,3,24,2097152,TREE,LL,24,TREE,LL,0,16.92,237.58,16.92,237.6,3,0.6501182033096893,1024,float,sum,0.01,0.01,0,0
all_reduce_perf,3,24,2097152,TREE,LL,32,TREE,LL,0,18.43,218.13,18.56,216.61,3,1.3022246337493133,1024,float,sum,0.01,0.01,0,0
all_reduce_perf,3,24,2097152,TREE,LL,40,TREE,LL,0,19.95,201.44,19.92,201.79,3,1.4035087719298125,1024,float,sum,0.01,0.01,0,0
all_reduce_perf,3,24,2097152,TREE,LL,48,TREE,LL,0,21.04,191.03,21.14,190.12,3,55.41825095057034,1024,float,sum,0.01,0.01,0,0
all_reduce_perf,3,24,2097152,TREE,LL128,1,TREE,LL128,0,6.94,578.93,6.74,596.47,3,0.7204610951008619,1024,float,sum,0.01,0.01,0,0
all_reduce_perf,3,24,2097152,TREE,LL128,2,TREE,LL128,0,11.36,353.74,11.21,358.61,3,0.7922535211267593,1024,float,sum,0.01,0.01,0,0
all_reduce_perf,3,24,2097152,TREE,LL128,4,TREE,LL128,0,17.78,226.12,17.54,229.1,3,0.3937007874015764,1024,float,sum,0.01,0.01,0,0
all_reduce_perf,3,24,2097152,TREE,LL128,8,TREE,LL128,0,25.29,158.96,25.08,160.24,3,0.6326611308817721,1024,float,sum,0.01,0.01,0,0
all_reduce_perf,3,24,2097152,TREE,LL128,16,TREE,LL128,0,32.24,124.66,32.03,125.5,3,0.7133995037220746,1024,float,sum,0.01,0.01,0,0
all_reduce_perf,3,24,2097152,TREE,LL128,24,TREE,LL128,0,33.83,118.82,33.6,119.63,3,0.8572273130357646,1024,float,sum,0.01,0.01,0,0
all_reduce_perf,3,24,2097152,TREE,LL128,32,TREE,LL128,0,34.11,117.82,34.06,118.03,3,0.5570214013485922,1024,float,sum,0.01,0.01,0,0
all_reduce_perf,3,24,2097152,TREE,LL128,40,TREE,LL128,0,33.97,118.33,33.34,120.56,3,0.20606417427141682,1024,float,sum,0.01,0.01,0,0
all_reduce_perf,3,24,2097152,TREE,LL128,48,TREE,LL128,0,35.18,114.26,35.08,114.57,3,0.28425241614554125,1024,float,sum,0.01,0.01,0,0
all_reduce_perf,3,24,2097152,TREE,LL128,48,,,0,35.02,114.76,34.96,114.99,3,0.7995431182181643,1024,float,sum,0.01,0.01,0,0
all_reduce_perf,3,24,2097152,TREE,SIMPLE,1,TREE,SIMPLE,0,5.92,679.48,5.71,704.44,3,1.1824324324324222,1024,float,sum,0.01,0.01,0,0
all_reduce_perf,3,24,2097152,TREE,SIMPLE,2,TREE,SIMPLE,0,9.3,432.23,8.99,447.18,3,0.2150537634408747,1024,float,sum,0.01,0.01,0,0
all_reduce_perf,3,24,2097152,TREE,SIMPLE,4,TREE,SIMPLE,0,13.16,305.52,12.76,314.9,3,0.4559270516717363,1024,float,sum,0.01,0.01,0,0
all_reduce_perf,3,24,2097152,TREE,SIMPLE,8,TREE,SIMPLE,0,17.76,226.32,17.2,233.68,3,0.5067567567567559,1024,float,sum,0.01,0.01,0,0
all_reduce_perf,3,24,2097152,TREE,SIMPLE,16,TREE,SIMPLE,0,21.66,185.61,20.91,192.22,3,0.36934441366573545,1024,float,sum,0.01,0.01,0,0
all_reduce_perf,3,24,2097152,TREE,SIMPLE,24,TREE,SIMPLE,0,22.78,176.45,22.32,180.12,3,0.5706760316066838,1024,float,sum,0.01,0.01,0,0
all_reduce_perf,3,24,2097152,TREE,SIMPLE,32,TREE,SIMPLE,0,23.27,172.73,22.83,176.03,3,0.6446067898581804,1024,float,sum,0.01,0.01,0,0
all_reduce_perf,3,24,2097152,TREE,SIMPLE,40,TREE,SIMPLE,0,23.32,172.37,22.67,177.29,3,0.9862778730703277,1024,float,sum,0.01,0.01,0,0
all_reduce_perf,3,24,2097152,TREE,SIMPLE,48,TREE,SIMPLE,0,22.87,175.75,22.65,177.45,3,7.03979011805859,1024,float,sum,0.01,0.01,0,0
all_reduce_perf,3,24,4194304,RING,LL,1,RING,LL,0,2.38,3379.03,2.35,3425.47,3,1.6806722689075646,1024,float,sum,0.01,0.01,0,0
all_reduce_perf,3,24,4194304,RING,LL,2,RING,LL,0,4.69,1715.26,4.6,1746.08,3,0.42643923240939147,1024,float,sum,0.01,0.01,0,0
all_reduce_perf,3,24,4194304,RING,LL,4,RING,LL,0,9.04,888.85,8.96,897.68,3,0.6637168141592976,1024,float,sum,0.01,0.01,0,0
all_reduce_perf,3,24,4194304,RING,LL,8,RING,LL,0,16.47,488.02,16.2,496.12,3,0.6071645415907583,1024,float,sum,0.01,0.01,0,0
all_reduce_perf,3,24,4194304,RING,LL,16,RING,LL,0,24.1,333.61,24.1,333.57,3,2.157676348547716,1024,float,sum,0.01,0.01,0,0
all_reduce_perf,3,24,4194304,RING,LL,24,RING,LL,0,20.8,386.45,20.89,384.89,3,0.7692307692307698,1024,float,sum,0.01,0.01,0,0
all_reduce_perf,3,24,4194304,RING,LL,32,RING,LL,0,17.94,448.01,17.94,448.01,3,0.8361204013377846,1024,float,sum,0.01,0.01,0,0
all_reduce_perf,3,24,4194304,RING,LL,40,RING,LL,0,15.83,507.88,15.77,509.62,3,1.7687934301958155,1024,float,sum,0.01,0.01,0,0
all_reduce_perf,3,24,4194304,RING,LL,48,RING,LL,0,14.85,541.22,14.87,540.73,3,0.4040404040404074,1024,float,sum,0.01,0.01,0,0
all_reduce_perf,3,24,4194304,RING,LL128,1,RING,LL128,0,9.97,806.51,9.66,831.86,3,1.2036108324974846,1024,float,sum,0.01,0.01,0,0
all_reduce_perf,3,24,4194304,RING,LL128,2,RING,LL128,0,18.61,431.98,17.94,448.06,3,1.235894680279422,1024,float,sum,0.01,0.01,0,0
all_reduce_perf,3,24,4194304,RING,LL128,4,RING,LL128,0,31.96,251.51,30.84,260.7,3,0.28160200250312845,1024,float,sum,0.01,0.01,0,0
all_reduce_perf,3,24,4194304,RING,LL128,8,RING,LL128,0,44.03,182.57,42.47,189.29,3,0.15898251192368903,1024,float,sum,0.01,0.01,0,0
all_reduce_perf,3,24,4194304,RING,LL128,16,RING,LL128,0,42.65,188.5,43.94,182.94,3,7.385697538100818,1024,float,sum,0.01,0.01,0,0
all_reduce_perf,3,24,4194304,RING,LL128,24,RING,LL128,0,35.08,229.14,34.89,230.39,3,1.4253135689851768,1024,float,sum,0.01,0.01,0,0
all_reduce_perf,3,24,4194304,RING,LL128,32,RING,LL128,0,29.18,275.49,29.15,275.79,3,2.501713502398893,1024,float,sum,0.01,0.01,0,0
all_reduce_perf,3,24,4194304,RING,LL128,40,RING,LL128,0,24.53,327.77,24.63,326.43,3,5.421932327761917,1024,float,sum,0.01,0.01,0,0
all_reduce_perf,3,24,4194304,RING,LL128,48,RING,LL128,0,21.72,370.09,21.8,368.79,3,2.7624309392265096,1024,float,sum,0.01,0.01,0,0
all_reduce_perf,3,24,4194304,RING,SIMPLE,1,RING,SIMPLE,0,9.38,856.61,9.27,867.22,3,0.21321961620468627,1024,float,sum,0.01,0.01,0,0
all_reduce_perf,3,24,4194304,RING,SIMPLE,2,RING,SIMPLE,0,12.91,622.78,12.72,632.08,3,1.6266460108442995,1024,float,sum,0.01,0.01,0,0
all_reduce_perf,3,24,4194304,RING,SIMPLE,4,RING,SIMPLE,0,13.55,593.08,13.53,594.09,3,1.771217712177123,1024,float,sum,0.01,0.01,0,0
all_reduce_perf,3,24,4194304,RING,SIMPLE,8,RING,SIMPLE,0,13.83,581.1,13.78,583.58,3,0.43383947939261547,1024,float,sum,0.01,0.01,0,0
all_reduce_perf,3,24,4194304,RING,SIMPLE,16,RING,SIMPLE,0,13.58,591.8,13.5,595.35,3,1.5463917525773259,1024,float,sum,0.01,0.01,0,0
all_reduce_perf,3,24,4194304,RING,SIMPLE,24,RING,SIMPLE,0,12.7,632.79,12.72,631.95,3,1.1811023622047274,1024,float,sum,0.01,0.01,0,0
all_reduce_perf,3,24,4194304,RING,SIMPLE,32,RING,SIMPLE,0,11.1,724.4,11.39,705.67,3,2.432432432432429,1024,float,sum,0.01,0.01,0,0
all_reduce_perf,3,24,4194304,RING,SIMPLE,40,RING,SIMPLE,0,9.98,805.86,9.91,811.44,3,0.5010020040080231,1024,float,sum,0.01,0.01,0,0
all_reduce_perf,3,24,4194304,RING,SIMPLE,48,RING,SIMPLE,0,9.01,892.21,8.97,896.11,3,3.995560488346276,1024,float,sum,0.01,0.01,0,0
all_reduce_perf,3,24,4194304,TREE,LL,1,TREE,LL,0,1.49,5385.76,1.49,5398.28,3,0.671140939597316,1024,float,sum,0.01,0.01,0,0
all_reduce_perf,3,24,4194304,TREE,LL,2,TREE,LL,0,2.77,2897.82,2.78,2892.42,3,0.36101083032490205,1024,float,sum,0.01,0.01,0,0
all_reduce_perf,3,24,4194304,TREE,LL,4,TREE,LL,0,5.36,1500.35,5.35,1501.5,3,0.0,1024,float,sum,0.01,0.01,0,0
all_reduce_perf,3,24,4194304,TREE,LL,8,TREE,LL,0,9.6,837.6,9.59,838.63,3,0.5208333333333223,1024,float,sum,0.01,0.01,0,0
all_reduce_perf,3,24,4194304,TREE,LL,16,TREE,LL,0,17.0,472.79,17.0,472.91,3,0.8823529411764622,1024,float,sum,0.01,0.01,0,0
all_reduce_perf,3,24,4194304,TREE,LL,24,TREE,LL,0,22.4,358.95,22.45,358.04,3,0.40178571428571364,1024,float,sum,0.01,0.01,0,0
all_reduce_perf,3,24,4194304,TREE,LL,32,TREE,LL,0,26.35,305.06,26.32,305.4,3,0.34155597722960096,1024,float,sum,0.01,0.01,0,0
all_reduce_perf,3,24,4194304,TREE,LL,40,TREE,LL,0,29.43,273.14,29.33,274.07,3,0.6795786612300471,1024,float,sum,0.01,0.01,0,0
all_reduce_perf,3,24,4194304,TREE,LL,48,TREE,LL,0,31.87,252.24,31.71,253.53,3,1.1295889551302258,1024,float,sum,0.01,0.01,0,0
all_reduce_perf,3,24,4194304,TREE,LL128,1,TREE,LL128,0,7.65,1050.43,7.53,1067.12,3,0.3921568627450896,1024,float,sum,0.01,0.01,0,0
all_reduce_perf,3,24,4194304,TREE,LL128,2,TREE,LL128,0,13.47,596.79,13.21,608.34,3,0.6681514476614688,1024,float,sum,0.01,0.01,0,0
all_reduce_perf,3,24,4194304,TREE,LL128,4,TREE,LL128,0,21.47,374.43,20.83,386.01,3,6.89333954354914,1024,float,sum,0.01,0.01,0,0
all_reduce_perf,3,24,4194304,TREE,LL128,8,TREE,LL128,0,35.6,225.79,35.16,228.66,3,0.28089887640449834,1024,float,sum,0.01,0.01,0,0
all_reduce_perf,3,24,4194304,TREE,LL128,16,TREE,LL128,0,49.45,162.58,48.73,164.98,3,0.5460060667340811,1024,float,sum,0.01,0.01,0,0
all_reduce_perf,3,24,4194304,TREE,LL128,24,TREE,LL128,0,56.34,142.68,55.65,144.45,3,0.30173943911963386,1024,float,sum,0.01,0.01,0,0
all_reduce_perf,3,24,4194304,TREE,LL128,32,TREE,LL128,0,59.58,134.93,59.47,135.17,3,1.7623363544813648,1024,float,sum,0.01,0.01,0,0
all_reduce_perf,3,24,4194304,TREE,LL128,40,TREE,LL128,0,61.08,131.62,60.88,132.05,3,1.1787819253438094,1024,float,sum,0.01,0.01,0,0
all_reduce_perf,3,24,4194304,TREE,LL128,48,TREE,LL128,0,61.93,129.82,61.91,129.85,3,0.9688357823348965,1024,float,sum,0.01,0.01,0,0
all_reduce_perf,3,24,4194304,TREE,LL128,48,,,0,61.61,130.47,61.95,129.76,3,2.2074338581399116,1024,float,sum,0.01,0.01,0,0
all_reduce_perf,3,24,4194304,TREE,SIMPLE,1,TREE,SIMPLE,0,7.43,1082.12,7.24,1110.51,3,0.2691790040376913,1024,float,sum,0.01,0.01,0,0
all_reduce_perf,3,24,4194304,TREE,SIMPLE,2,TREE,SIMPLE,0,11.59,693.63,11.22,716.74,3,0.5176876617773986,1024,float,sum,0.01,0.01,0,0
all_reduce_perf,3,24,4194304,TREE,SIMPLE,4,TREE,SIMPLE,0,18.19,441.91,17.7,454.23,3,0.7146783947223889,1024,float,sum,0.01,0.01,0,0
all_reduce_perf,3,24,4194304,TREE,SIMPLE,8,TREE,SIMPLE,0,26.06,308.49,25.35,317.12,3,0.1534919416730589,1024,float,sum,0.01,0.01,0,0
all_reduce_perf,3,24,4194304,TREE,SIMPLE,16,TREE,SIMPLE,0,35.01,229.64,33.83,237.64,3,0.514138817480719,1024,float,sum,0.01,0.01,0,0
all_reduce_perf,3,24,4194304,TREE,SIMPLE,24,TREE,SIMPLE,0,38.12,210.87,37.11,216.61,3,0.20986358866736174,1024,float,sum,0.01,0.01,0,0
all_reduce_perf,3,24,4194304,TREE,SIMPLE,32,TREE,SIMPLE,0,40.36,199.19,39.32,204.44,3,0.49554013875122827,1024,float,sum,0.01,0.01,0,0
all_reduce_perf,3,24,4194304,TREE,SIMPLE,40,TREE,SIMPLE,0,40.08,200.57,39.31,204.52,3,1.696606786427145,1024,float,sum,0.01,0.01,0,0
all_reduce_perf,3,24,4194304,TREE,SIMPLE,48,TREE,SIMPLE,0,41.22,195.03,40.65,197.75,3,0.9704027171276046,1024,float,sum,0.01,0.01,0,0
all_reduce_perf,3,24,8388608,RING,LL,1,RING,LL,0,2.37,6778.46,2.36,6817.15,3,1.6877637130801704,1024,float,sum,0.01,0.01,0,0
all_reduce_perf,3,24,8388608,RING,LL,2,RING,LL,0,4.77,3373.63,4.69,3424.72,3,0.6289308176100495,1024,float,sum,0.01,0.01,0,0
all_reduce_perf,3,24,8388608,RING,LL,4,RING,LL,0,9.27,1734.25,9.18,1751.02,3,0.323624595469268,1024,float,sum,0.01,0.01,0,0
all_reduce_perf,3,24,8388608,RING,LL,8,RING,LL,0,18.02,892.22,17.71,907.9,3,0.4994450610432845,1024,float,sum,0.01,0.01,0,0
all_reduce_perf,3,24,8388608,RING,LL,16,RING,LL,0,26.53,605.96,26.48,607.12,3,1.4323407463249114,1024,float,sum,0.01,0.01,0,0
all_reduce_perf,3,24,8388608,RING,LL,24,RING,LL,0,32.16,499.96,32.27,498.23,3,2.0833333333333277,1024,float,sum,0.01,0.01,0,0
all_reduce_perf,3,24,8388608,RING,LL,32,RING,LL,0,28.9,556.43,28.68,560.53,3,0.5190311418685072,1024,float,sum,0.01,0.01,0,0
all_reduce_perf,3,24,8388608,RING,LL,40,RING,LL,0,25.47,631.37,25.34,634.48,3,1.766784452296817,1024,float,sum,0.01,0.01,0,0
all_reduce_perf,3,24,8388608,RING,LL,48,RING,LL,0,22.99,699.4,23.11,695.7,3,2.6533275337103066,1024,float,sum,0.01,0.01,0,0
all_reduce_perf,3,24,8388608,RING,LL128,1,RING,LL128,0,10.18,1579.79,9.93,1619.77,3,0.491159135559911,1024,float,sum,0.01,0.01,0,0
all_reduce_perf,3,24,8388608,RING,LL128,2,RING,LL128,0,19.93,806.89,19.2,837.61,3,0.6522829904666282,1024,float,sum,0.01,0.01,0,0
all_reduce_perf,3,24,8388608,RING,LL128,4,RING,LL128,0,36.84,436.38,35.57,452.04,3,0.5971769815417993,1024,float,sum,0.01,0.01,0,0
all_reduce_perf,3,24,8388608,RING,LL128,8,RING,LL128,0,63.24,254.25,60.98,263.68,3,0.7115749525616744,1024,float,sum,0.01,0.01,0,0
all_reduce_perf,3,24,8388608,RING,LL128,16,RING,LL128,0,84.42,190.46,81.81,196.52,3,0.33167495854063156,1024,float,sum,0.01,0.01,0,0
all_reduce_perf,3,24,8388608,RING,LL128,24,RING,LL128,0,68.27,235.5,68.67,234.14,3,0.9813973927054369,1024,float,sum,0.01,0.01,0,0
all_reduce_perf,3,24,8388608,RING,LL128,32,RING,LL128,0,57.89,277.74,57.31,280.56,3,2.539298669891171,1024,float,sum,0.01,0.01,0,0
all_reduce_perf,3,24,8388608,RING,LL128,40,RING,LL128,0,50.11,320.85,49.62,324.03,3,2.9135901017760943,1024,float,sum,0.01,0.01,0,0
all_reduce_perf,3,24,8388608,RING,LL128,48,RING,LL128,0,43.87,366.46,43.82,366.92,3,3.0088899019831326,1024,float,sum,0.01,0.01,0,0
all_reduce_perf,3,24,8388608,RING,SIMPLE,1,RING,SIMPLE,0,12.67,1269.46,12.5,1286.49,3,0.31570639305445264,1024,float,sum,0.01,0.01,0,0
all_reduce_perf,3,24,8388608,RING,SIMPLE,2,RING,SIMPLE,0,18.62,863.27,18.4,873.99,3,0.10741138560687202,1024,float,sum,0.01,0.01,0,0
all_reduce_perf,3,24,8388608,RING,SIMPLE,4,RING,SIMPLE,0,25.01,642.9,24.8,648.26,3,0.47980807676929627,1024,float,sum,0.01,0.01,0,0
all_reduce_perf,3,24,8388608,RING,SIMPLE,8,RING,SIMPLE,0,26.61,604.23,26.52,606.19,3,0.22547914317925113,1024,float,sum,0.01,0.01,0,0
all_reduce_perf,3,24,8388608,RING,SIMPLE,16,RING,SIMPLE,0,25.73,624.87,25.6,627.97,3,0.5829770695685914,1024,float,sum,0.01,0.01,0,0
all_reduce_perf,3,24,8388608,RING,SIMPLE,24,RING,SIMPLE,0,24.69,651.19,24.62,653.14,3,0.20251113811259905,1024,float,sum,0.01,0.01,0,0
all_reduce_perf,3,24,8388608,RING,SIMPLE,32,RING,SIMPLE,0,22.53,713.7,22.41,717.37,3,0.7989347536617829,1024,float,sum,0.01,0.01,0,0
all_reduce_perf,3,24,8388608,RING,SIMPLE,40,RING,SIMPLE,0,19.78,812.98,19.7,816.09,3,3.185035389282098,1024,float,sum,0.01,0.01,0,0
all_reduce_perf,3,24,8388608,RING,SIMPLE,48,RING,SIMPLE,0,17.91,897.64,17.92,896.99,3,1.28419877163596,1024,float,sum,0.01,0.01,0,0
all_reduce_perf,3,24,8388608,TREE,LL,1,TREE,LL,0,1.5,10683.2,1.5,10714.0,3,0.6666666666666672,1024,float,sum,0.01,0.01,0,0
all_reduce_perf,3,24,8388608,TREE,LL,2,TREE,LL,0,2.83,5677.23,2.84,5666.97,3,0.0,1024,float,sum,0.01,0.01,0,0
all_reduce_perf,3,24,8388608,TREE,LL,4,TREE,LL,0,5.56,2894.27,5.56,2891.08,3,0.17985611510790983,1024,float,sum,0.01,0.01,0,0
all_reduce_perf,3,24,8388608,TREE,LL,8,TREE,LL,0,10.32,1558.0,10.3,1560.57,3,0.4844961240309974,1024,float,sum,0.01,0.01,0,0
all_reduce_perf,3,24,8388608,TREE,LL,16,TREE,LL,0,19.32,832.03,19.3,832.88,3,0.828157349896481,1024,float,sum,0.01,0.01,0,0
all_reduce_perf,3,24,8388608,TREE,LL,24,TREE,LL,0,26.89,597.89,26.88,598.1,3,0.33469691335068746,1024,float,sum,0.01,0.01,0,0
all_reduce_perf,3,24,8388608,TREE,LL,32,TREE,LL,0,30.51,527.07,30.32,530.36,3,0.2622091117666283,1024,float,sum,0.01,0.01,0,0
all_reduce_perf,3,24,8388608,TREE,LL,40,TREE,LL,0,35.39,454.33,35.17,457.18,3,1.80842045775641,1024,float,sum,0.01,0.01,0,0
all_reduce_perf,3,24,8388608,TREE,LL,48,TREE,LL,0,38.47,417.96,38.18,421.06,3,1.2997140629061608,1024,float,sum,0.01,0.01,0,0
all_reduce_perf,3,24,8388608,TREE,LL128,1,TREE,LL128,0,8.05,1996.05,7.95,2022.48,3,0.7453416149068385,1024,float,sum,0.01,0.01,0,0
all_reduce_perf,3,24,8388608,TREE,LL128,2,TREE,LL128,0,14.68,1095.44,14.48,1110.57,3,0.47683923705722264,1024,float,sum,0.01,0.01,0,0
all_reduce_perf,3,24,8388608,TREE,LL128,4,TREE,LL128,0,25.45,631.76,24.95,644.39,3,0.5500982318271143,1024,float,sum,0.01,0.01,0,0
all_reduce_perf,3,24,8388608,TREE,LL128,8,TREE,LL128,0,43.32,371.18,42.72,376.34,3,0.7386888273314873,1024,float,sum,0.01,0.01,0,0
all_reduce_perf,3,24,8388608,TREE,LL128,16,TREE,LL128,0,70.02,229.63,68.63,234.26,3,1.142530705512727,1024,float,sum,0.01,0.01,0,0
all_reduce_perf,3,24,8388608,TREE,LL128,24,TREE,LL128,0,83.74,192.01,82.65,194.53,3,0.34631000716502514,1024,float,sum,0.01,0.01,0,0
all_reduce_perf,3,24,8388608,TREE,LL128,32,TREE,LL128,0,83.53,192.49,82.21,195.57,3,0.9816832275829132,1024,float,sum,0.01,0.01,0,0
all_reduce_perf,3,24,8388608,TREE,LL128,40,TREE,LL128,0,88.76,181.14,87.66,183.42,3,0.9238395673726826,1024,float,sum,0.01,0.01,0,0
all_reduce_perf,3,24,8388608,TREE,LL128,48,TREE,LL128,0,102.19,157.34,101.22,158.84,3,6.301986495743221,1024,float,sum,0.01,0.01,0,0
all_reduce_perf,3,24,8388608,TREE,LL128,48,,,0,102.65,156.63,100.98,159.22,3,1.4028251339503144,1024,float,sum,0.01,0.01,0,0
all_reduce_perf,3,24,8388608,TREE,SIMPLE,1,TREE,SIMPLE,0,8.39,1917.45,8.17,1968.22,3,1.5494636471990346,1024,float,sum,0.01,0.01,0,0
all_reduce_perf,3,24,8388608,TREE,SIMPLE,2,TREE,SIMPLE,0,14.44,1113.69,14.0,1148.79,3,0.48476454293629007,1024,float,sum,0.01,0.01,0,0
all_reduce_perf,3,24,8388608,TREE,SIMPLE,4,TREE,SIMPLE,0,22.66,709.4,22.11,727.27,3,0.7060900264783766,1024,float,sum,0.01,0.01,0,0
all_reduce_perf,3,24,8388608,TREE,SIMPLE,8,TREE,SIMPLE,0,36.23,443.74,35.18,457.06,3,0.1932100469224408,1024,float,sum,0.01,0.01,0,0
all_reduce_perf,3,24,8388608,TREE,SIMPLE,16,TREE,SIMPLE,0,51.77,310.59,50.12,320.79,3,0.2704268881591666,1024,float,sum,0.01,0.01,0,0
all_reduce_perf,3,24,8388608,TREE,SIMPLE,24,TREE,SIMPLE,0,59.38,270.78,57.55,279.39,3,26.911417985853813,1024,float,sum,0.01,0.01,0,0
all_reduce_perf,3,24,8388608,TREE,SIMPLE,32,TREE,SIMPLE,0,64.63,248.79,63.01,255.17,3,18.304193099179948,1024,float,sum,0.01,0.01,0,0
all_reduce_perf,3,24,8388608,TREE,SIMPLE,40,TREE,SIMPLE,0,67.39,238.6,65.11,246.93,3,2.552307464015431,1024,float,sum,0.01,0.01,0,0
all_reduce_perf,3,24,8388608,TREE,SIMPLE,48,TREE,SIMPLE,0,67.61,237.81,66.22,242.81,3,6.4339594734506855,1024,float,sum,0.01,0.01,0,0
all_reduce_perf,3,24,16777216,RING,LL,1,RING,LL,0,2.35,13685.6,2.36,13632.9,3,1.2765957446808427,1024,float,sum,0.01,0.01,0,0
all_reduce_perf,3,24,16777216,RING,LL,2,RING,LL,0,4.74,6786.3,4.69,6862.65,3,1.0548523206751017,1024,float,sum,0.01,0.01,0,0
all_reduce_perf,3,24,16777216,RING,LL,4,RING,LL,0,9.38,3427.29,9.35,3438.25,3,0.42643923240939147,1024,float,sum,0.01,0.01,0,0
all_reduce_perf,3,24,16777216,RING,LL,8,RING,LL,0,18.43,1745.22,18.24,1762.83,3,0.4883342376559949,1024,float,sum,0.01,0.01,0,0
all_reduce_perf,3,24,16777216,RING,LL,16,RING,LL,0,31.02,1036.67,31.42,1023.46,3,2.965828497743397,1024,float,sum,0.01,0.01,0,0
all_reduce_perf,3,24,16777216,RING,LL,24,RING,LL,0,34.1,943.12,34.07,943.94,3,1.994134897360703,1024,float,sum,0.01,0.01,0,0
all_reduce_perf,3,24,16777216,RING,LL,32,RING,LL,0,31.2,1030.62,31.07,1035.12,3,1.1217948717948651,1024,float,sum,0.01,0.01,0,0
all_reduce_perf,3,24,16777216,RING,LL,40,RING,LL,0,29.26,1099.03,29.31,1097.17,3,5.536568694463435,1024,float,sum,0.01,0.01,0,0
all_reduce_perf,3,24,16777216,RING,LL,48,RING,LL,0,35.66,901.78,35.59,903.62,3,2.3275378575434815,1024,float,sum,0.01,0.01,0,0
all_reduce_perf,3,24,16777216,RING,LL128,1,RING,LL128,0,10.15,3166.79,10.03,3205.24,3,1.1822660098522266,1024,float,sum,0.01,0.01,0,0
all_reduce_perf,3,24,16777216,RING,LL128,2,RING,LL128,0,20.09,1600.24,19.71,1631.11,3,1.2444001991040319,1024,float,sum,0.01,0.01,0,0
all_reduce_perf,3,24,16777216,RING,LL128,4,RING,LL128,0,39.12,821.95,38.33,838.88,3,0.6646216768916106,1024,float,sum,0.01,0.01,0,0
all_reduce_perf,3,24,16777216,RING,LL128,8,RING,LL128,0,71.88,447.34,70.79,454.22,3,0.5008347245409007,1024,float,sum,0.01,0.01,0,0
all_reduce_perf,3,24,16777216,RING,LL128,16,RING,LL128,0,117.82,272.93,116.09,276.99,3,0.35647598030894734,1024,float,sum,0.01,0.01,0,0
all_reduce_perf,3,24,16777216,RING,LL128,24,RING,LL128,0,131.85,243.89,131.83,243.93,3,1.5092908608266824,1024,float,sum,0.01,0.01,0,0
all_reduce_perf,3,24,16777216,RING,LL128,32,RING,LL128,0,111.48,288.44,111.28,288.96,3,1.8927161822748468,1024,float,sum,0.01,0.01,0,0
all_reduce_perf,3,24,16777216,RING,LL128,40,RING,LL128,0,98.07,327.88,98.14,327.65,3,2.1311308249209784,1024,float,sum,0.01,0.01,0,0
all_reduce_perf,3,24,16777216,RING,LL128,48,RING,LL128,0,85.58,375.76,85.8,374.77,3,1.9747604580509603,1024,float,sum,0.01,0.01,0,0
all_reduce_perf,3,24,16777216,RING,SIMPLE,1,RING,SIMPLE,0,13.31,2416.52,13.29,2419.35,3,2.2539444027047253,1024,float,sum,0.01,0.01,0,0
all_reduce_perf,3,24,16777216,RING,SIMPLE,2,RING,SIMPLE,0,24.89,1291.85,24.87,1293.01,3,0.763358778625945,1024,float,sum,0.01,0.01,0,0
all_reduce_perf,3,24,16777216,RING,SIMPLE,4,RING,SIMPLE,0,35.58,903.71,35.41,908.01,3,0.5621135469364892,1024,float,sum,0.01,0.01,0,0
all_reduce_perf,3,24,16777216,RING,SIMPLE,8,RING,SIMPLE,0,49.58,648.64,49.25,652.97,3,0.5849132714804339,1024,float,sum,0.01,0.01,0,0
all_reduce_perf,3,24,16777216,RING,SIMPLE,16,RING,SIMPLE,0,50.11,641.68,49.95,643.8,3,0.63859509080024,1024,float,sum,0.01,0.01,0,0
all_reduce_perf,3,24,16777216,RING,SIMPLE,24,RING,SIMPLE,0,46.67,689.07,46.43,692.51,3,0.1714163274051817,1024,float,sum,0.01,0.01,0,0
all_reduce_perf,3,24,16777216,RING,SIMPLE,32,RING,SIMPLE,0,42.79,751.53,42.84,750.54,3,3.598971722365037,1024,float,sum,0.01,0.01,0,0
all_reduce_perf,3,24,16777216,RING,SIMPLE,40,RING,SIMPLE,0,38.66,831.83,38.77,829.36,3,1.733057423693745,1024,float,sum,0.01,0.01,0,0
all_reduce_perf,3,24,16777216,RING,SIMPLE,48,RING,SIMPLE,0,34.56,930.32,34.53,931.16,3,0.983796296296306,1024,float,sum,0.01,0.01,0,0
all_reduce_perf,3,24,16777216,TREE,LL,1,TREE,LL,0,1.51,21320.6,1.51,21333.0,3,0.0,1024,float,sum,0.01,0.01,0,0
all_reduce_perf,3,24,16777216,TREE,LL,2,TREE,LL,0,2.85,11266.1,2.85,11265.8,3,0.3508771929824486,1024,float,sum,0.01,0.01,0,0
all_reduce_perf,3,24,16777216,TREE,LL,4,TREE,LL,0,5.66,5677.76,5.67,5669.48,3,0.1766784452296782,1024,float,sum,0.01,0.01,0,0
all_reduce_perf,3,24,16777216,TREE,LL,8,TREE,LL,0,10.71,3001.11,10.66,3016.09,3,0.4668534080298852,1024,float,sum,0.01,0.01,0,0
all_reduce_perf,3,24,16777216,TREE,LL,16,TREE,LL,0,20.74,1550.54,20.69,1554.27,3,1.0125361620057731,1024,float,sum,0.01,0.01,0,0
all_reduce_perf,3,24,16777216,TREE,LL,24,TREE,LL,0,29.83,1078.03,29.77,1080.12,3,0.4693261816962809,1024,float,sum,0.01,0.01,0,0
all_reduce_perf,3,24,16777216,TREE,LL,32,TREE,LL,0,33.9,948.62,33.91,948.4,3,2.389380530973458,1024,float,sum,0.01,0.01,0,0
all_reduce_perf,3,24,16777216,TREE,LL,40,TREE,LL,0,39.23,819.58,39.02,824.19,3,2.396125414223803,1024,float,sum,0.01,0.01,0,0
all_reduce_perf,3,24,16777216,TREE,LL,48,TREE,LL,0,43.41,740.78,43.37,741.5,3,1.8198571757659507,1024,float,sum,0.01,0.01,0,0
all_reduce_perf,3,24,16777216,TREE,LL128,1,TREE,LL128,0,8.18,3931.34,8.18,3931.33,3,0.7334963325183435,1024,float,sum,0.01,0.01,0,0
all_reduce_perf,3,24,16777216,TREE,LL128,2,TREE,LL128,0,15.2,2114.96,15.18,2119.01,3,0.789473684210533,1024,float,sum,0.01,0.01,0,0
all_reduce_perf,3,24,16777216,TREE,LL128,4,TREE,LL128,0,27.49,1169.56,27.36,1175.5,3,0.21826118588578491,1024,float,sum,0.01,0.01,0,0
all_reduce_perf,3,24,16777216,TREE,LL128,8,TREE,LL128,0,50.37,638.37,49.99,643.28,3,0.5558864403414754,1024,float,sum,0.01,0.01,0,0
all_reduce_perf,3,24,16777216,TREE,LL128,16,TREE,LL128,0,83.95,383.02,83.52,385.0,3,1.3103037522334655,1024,float,sum,0.01,0.01,0,0
all_reduce_perf,3,24,16777216,TREE,LL128,24,TREE,LL128,0,105.09,306.0,104.19,308.63,3,1.655723665429627,1024,float,sum,0.01,0.01,0,0
all_reduce_perf,3,24,16777216,TREE,LL128,32,TREE,LL128,0,128.44,250.37,127.49,252.22,3,0.981002802865155,1024,float,sum,0.01,0.01,0,0
all_reduce_perf,3,24,16777216,TREE,LL128,40,TREE,LL128,0,140.33,229.15,139.63,230.29,3,0.5415805601083096,1024,float,sum,0.01,0.01,0,0
all_reduce_perf,3,24,16777216,TREE,LL128,48,TREE,LL128,0,149.45,215.17,149.11,215.65,3,0.1672800267648043,1024,float,sum,0.01,0.01,0,0
all_reduce_perf,3,24,16777216,TREE,LL128,48,,,0,149.21,215.51,148.78,216.14,3,0.8243415320688893,1024,float,sum,0.01,0.01,0,0
all_reduce_perf,3,24,16777216,TREE,SIMPLE,1,TREE,SIMPLE,0,9.56,3364.43,9.47,3394.29,3,1.0460251046025069,1024,float,sum,0.01,0.01,0,0
all_reduce_perf,3,24,16777216,TREE,SIMPLE,2,TREE,SIMPLE,0,16.03,2006.63,15.78,2037.95,3,0.31191515907672446,1024,float,sum,0.01,0.01,0,0
all_reduce_perf,3,24,16777216,TREE,SIMPLE,4,TREE,SIMPLE,0,27.69,1161.5,27.39,1174.08,3,0.32502708559046534,1024,float,sum,0.01,0.01,0,0
all_reduce_perf,3,24,16777216,TREE,SIMPLE,8,TREE,SIMPLE,0,44.76,718.46,43.8,734.16,3,0.49151027703306277,1024,float,sum,0.01,0.01,0,0
all_reduce_perf,3,24,16777216,TREE,SIMPLE,16,TREE,SIMPLE,0,71.33,450.79,69.58,462.16,3,0.1542128136828816,1024,float,sum,0.01,0.01,0,0
all_reduce_perf,3,24,16777216,TREE,SIMPLE,24,TREE,SIMPLE,0,87.03,369.5,84.85,378.98,3,0.2872572676088705,1024,float,sum,0.01,0.01,0,0
all_reduce_perf,3,24,16777216,TREE,SIMPLE,32,TREE,SIMPLE,0,95.86,335.46,94.33,340.9,3,0.2503651157938607,1024,float,sum,0.01,0.01,0,0
all_reduce_perf,3,24,16777216,TREE,SIMPLE,40,TREE,SIMPLE,0,94.83,339.1,93.47,344.04,3,1.1283349151112445,1024,float,sum,0.01,0.01,0,0
all_reduce_perf,3,24,16777216,TREE,SIMPLE,48,TREE,SIMPLE,0,97.98,328.19,96.35,333.73,3,2.316799346805466,1024,float,sum,0.01,0.01,0,0
all_reduce_perf,3,24,33554432,RING,LL,1,RING,LL,0,2.34,27480.8,2.35,27378.1,3,1.2820512820512928,1024,float,sum,0.01,0.01,0,0
all_reduce_perf,3,24,33554432,RING,LL,2,RING,LL,0,4.71,13664.8,4.67,13783.2,3,1.273885350318463,1024,float,sum,0.01,0.01,0,0
all_reduce_perf,3,24,33554432,RING,LL,4,RING,LL,0,9.36,6874.5,9.3,6915.14,3,0.3205128205128137,1024,float,sum,0.01,0.01,0,0
all_reduce_perf,3,24,33554432,RING,LL,8,RING,LL,0,18.66,3446.36,18.63,3451.91,3,0.32154340836012174,1024,float,sum,0.01,0.01,0,0
all_reduce_perf,3,24,33554432,RING,LL,16,RING,LL,0,31.97,2011.63,32.37,1986.74,3,1.7203628401626547,1024,float,sum,0.01,0.01,0,0
all_reduce_perf,3,24,33554432,RING,LL,24,RING,LL,0,35.25,1824.69,35.22,1826.08,3,2.6666666666666803,1024,float,sum,0.01,0.01,0,0
all_reduce_perf,3,24,33554432,RING,LL,32,RING,LL,0,36.69,1752.64,36.81,1747.21,3,1.0902153175252074,1024,float,sum,0.01,0.01,0,0
all_reduce_perf,3,24,33554432,RING,LL,40,RING,LL,0,34.08,1887.17,34.16,1882.78,3,6.367370892018785,1024,float,sum,0.01,0.01,0,0
all_reduce_perf,3,24,33554432,RING,LL,48,RING,LL,0,36.87,1744.35,37.3,1724.18,3,2.8478437754271884,1024,float,sum,0.01,0.01,0,0
all_reduce_perf,3,24,33554432,RING,LL128,1,RING,LL128,0,10.11,6363.51,10.07,6385.37,3,1.5825914935707235,1024,float,sum,0.01,0.01,0,0
all_reduce_perf,3,24,33554432,RING,LL128,2,RING,LL128,0,20.23,3178.34,20.08,3203.04,3,0.8897676717745908,1024,float,sum,0.01,0.01,0,0
all_reduce_perf,3,24,33554432,RING,LL128,4,RING,LL128,0,39.62,1623.08,39.23,1639.48,3,0.5805148914689472,1024,float,sum,0.01,0.01,0,0
all_reduce_perf,3,24,33554432,RING,LL128,8,RING,LL128,0,77.14,833.75,76.05,845.62,3,0.5574280528908382,1024,float,sum,0.01,0.01,0,0
all_reduce_perf,3,24,33554432,RING,LL128,16,RING,LL128,0,137.33,468.32,135.73,473.84,3,0.269424015146002,1024,float,sum,0.01,0.01,0,0
all_reduce_perf,3,24,33554432,RING,LL128,24,RING,LL128,0,177.84,361.63,176.38,364.63,3,0.7759784075573524,1024,float,sum,0.01,0.01,0,0
all_reduce_perf,3,24,33554432,RING,LL128,32,RING,LL128,0,203.81,315.56,202.82,317.09,3,4.577793042539626,1024,float,sum,0.01,0.01,0,0
all_reduce_perf,3,24,33554432,RING,LL128,40,RING,LL128,0,183.31,350.85,182.81,351.81,3,2.847635153564999,1024,float,sum,0.01,0.01,0,0
all_reduce_perf,3,24,33554432,RING,LL128,48,RING,LL128,0,160.48,400.75,158.86,404.83,3,0.4486540378863403,1024,float,sum,0.01,0.01,0,0
all_reduce_perf,3,24,33554432,RING,SIMPLE,1,RING,SIMPLE,0,14.38,4471.83,14.33,4489.34,3,0.48678720445062784,1024,float,sum,0.01,0.01,0,0
all_reduce_perf,3,24,33554432,RING,SIMPLE,2,RING,SIMPLE,0,26.61,2417.05,26.58,2419.98,3,0.3382187147688967,1024,float,sum,0.01,0.01,0,0
all_reduce_perf,3,24,33554432,RING,SIMPLE,4,RING,SIMPLE,0,45.46,1414.72,45.64,1409.16,3,0.7479102507698995,1024,float,sum,0.01,0.01,0,0
all_reduce_perf,3,24,33554432,RING,SIMPLE,8,RING,SIMPLE,0,70.52,911.98,70.93,906.76,3,0.38287010777085967,1024,float,sum,0.01,0.01,0,0
all_reduce_perf,3,24,33554432,RING,SIMPLE,16,RING,SIMPLE,0,92.95,691.91,92.88,692.46,3,0.18289402904786173,1024,float,sum,0.01,0.01,0,0
all_reduce_perf,3,24,33554432,RING,SIMPLE,24,RING,SIMPLE,0,92.72,693.66,92.67,694.02,3,0.5176876617773832,1024,float,sum,0.01,0.01,0,0
all_reduce_perf,3,24,33554432,RING,SIMPLE,32,RING,SIMPLE,0,83.95,766.07,83.66,768.71,3,1.1197141155449646,1024,float,sum,0.01,0.01,0,0
all_reduce_perf,3,24,33554432,RING,SIMPLE,40,RING,SIMPLE,0,75.0,857.53,75.04,857.09,3,1.6533333333333264,1024,float,sum,0.01,0.01,0,0
all_reduce_perf,3,24,33554432,RING,SIMPLE,48,RING,SIMPLE,0,66.89,961.54,66.73,963.72,3,3.3039318283749557,1024,float,sum,0.01,0.01,0,0
all_reduce_perf,3,24,33554432,TREE,LL,1,TREE,LL,0,1.51,42533.9,1.51,42653.5,3,0.0,1024,float,sum,0.01,0.01,0,0
all_reduce_perf,3,24,33554432,TREE,LL,2,TREE,LL,0,2.86,22456.0,2.87,22441.5,3,0.34965034965035774,1024,float,sum,0.01,0.01,0,0
all_reduce_perf,3,24,33554432,TREE,LL,4,TREE,LL,0,5.71,11258.3,5.71,11256.6,3,0.17513134851137982,1024,float,sum,0.01,0.01,0,0
all_reduce_perf,3,24,33554432,TREE,LL,8,TREE,LL,0,10.88,5912.81,10.87,5916.24,3,0.36764705882352156,1024,float,sum,0.01,0.01,0,0
all_reduce_perf,3,24,33554432,TREE,LL,16,TREE,LL,0,21.49,2993.2,21.48,2993.77,3,0.977198697068408,1024,float,sum,0.01,0.01,0,0
all_reduce_perf,3,24,33554432,TREE,LL,24,TREE,LL,0,31.57,2037.36,31.58,2036.79,3,0.3484320557491271,1024,float,sum,0.01,0.01,0,0
all_reduce_perf,3,24,33554432,TREE,LL,32,TREE,LL,0,36.06,1783.44,36.14,1779.34,3,3.272323904603438,1024,float,sum,0.01,0.01,0,0
all_reduce_perf,3,24,33554432,TREE,LL,40,TREE,LL,0,41.6,1545.97,41.6,1546.07,3,4.78365384615385,1024,float,sum,0.01,0.01,0,0
all_reduce_perf,3,24,33554432,TREE,LL,48,TREE,LL,0,45.76,1405.33,45.7,1407.36,3,1.0489510489510423,1024,float,sum,0.01,0.01,0,0
all_reduce_perf,3,24,33554432,TREE,LL128,1,TREE,LL128,0,8.41,7650.07,8.42,7642.46,3,0.5945303210463606,1024,float,sum,0.01,0.01,0,0
all_reduce_perf,3,24,33554432,TREE,LL128,2,TREE,LL128,0,15.55,4136.6,15.57,4131.31,3,0.7717041800643151,1024,float,sum,0.01,0.01,0,0
all_reduce_perf,3,24,33554432,TREE,LL128,4,TREE,LL128,0,28.77,2235.36,28.74,2238.07,3,0.45185957594716375,1024,float,sum,0.01,0.01,0,0
all_reduce_perf,3,24,33554432,TREE,LL128,8,TREE,LL128,0,54.94,1170.54,54.68,1176.1,3,0.655260283946122,1024,float,sum,0.01,0.01,0,0
all_reduce_perf,3,24,33554432,TREE,LL128,16,TREE,LL128,0,98.47,653.09,98.4,653.6,3,1.0460038590433502,1024,float,sum,0.01,0.01,0,0
all_reduce_perf,3,24,33554432,TREE,LL128,24,TREE,LL128,0,131.55,488.9,130.61,492.39,3,0.12162675788675407,1024,float,sum,0.01,0.01,0,0
all_reduce_perf,3,24,33554432,TREE,LL128,32,TREE,LL128,0,154.41,416.5,153.15,419.92,3,0.8095330613302247,1024,float,sum,0.01,0.01,0,0
all_reduce_perf,3,24,33554432,TREE,LL128,40,TREE,LL128,0,172.37,373.11,171.39,375.24,3,0.5801473574287869,1024,float,sum,0.01,0.01,0,0
all_reduce_perf,3,24,33554432,TREE,LL128,48,TREE,LL128,0,186.47,344.9,186.27,345.26,3,3.5501689279776936,1024,float,sum,0.01,0.01,0,0
all_reduce_perf,3,24,33554432,TREE,LL128,48,,,0,186.37,345.08,182.78,351.86,3,0.6277834415410138,1024,float,sum,0.01,0.01,0,0
all_reduce_perf,3,24,33554432,TREE,SIMPLE,1,TREE,SIMPLE,0,10.26,6270.83,10.16,6329.77,3,0.3898635477582763,1024,float,sum,0.01,0.01,0,0
all_reduce_perf,3,24,33554432,TREE,SIMPLE,2,TREE,SIMPLE,0,18.01,3570.09,17.82,3609.62,3,0.2776235424764059,1024,float,sum,0.01,0.01,0,0
all_reduce_perf,3,24,33554432,TREE,SIMPLE,4,TREE,SIMPLE,0,30.91,2080.61,30.86,2084.05,3,0.45292785506308825,1024,float,sum,0.01,0.01,0,0
all_reduce_perf,3,24,33554432,TREE,SIMPLE,8,TREE,SIMPLE,0,55.26,1163.76,54.45,1181.13,3,0.2533478103510687,1024,float,sum,0.01,0.01,0,0
all_reduce_perf,3,24,33554432,TREE,SIMPLE,16,TREE,SIMPLE,0,88.48,726.84,87.08,738.54,3,0.4068716094032543,1024,float,sum,0.01,0.01,0,0
all_reduce_perf,3,24,33554432,TREE,SIMPLE,24,TREE,SIMPLE,0,115.37,557.46,113.62,566.03,3,0.23402964375487217,1024,float,sum,0.01,0.01,0,0
all_reduce_perf,3,24,33554432,TREE,SIMPLE,32,TREE,SIMPLE,0,133.56,481.53,132.56,485.17,3,0.14225816112608394,1024,float,sum,0.01,0.01,0,0
all_reduce_perf,3,24,33554432,TREE,SIMPLE,40,TREE,SIMPLE,0,145.51,441.98,144.36,445.5,3,0.3436189952580579,1024,float,sum,0.01,0.01,0,0
all_reduce_perf,3,24,33554432,TREE,SIMPLE,48,TREE,SIMPLE,0,151.7,423.94,150.76,426.6,3,0.7580751483190545,1024,float,sum,0.01,0.01,0,0
all_reduce_perf,3,24,67108864,RING,LL,1,RING,LL,0,2.33,55104.8,2.36,54548.5,3,1.716738197424894,1024,float,sum,0.01,0.01,0,0
all_reduce_perf,3,24,67108864,RING,LL,2,RING,LL,0,4.71,27321.7,4.66,27593.8,3,1.4861995753715371,1024,float,sum,0.01,0.01,0,0
all_reduce_perf,3,24,67108864,RING,LL,4,RING,LL,0,9.34,13778.2,9.32,13797.9,3,0.5353319057815732,1024,float,sum,0.01,0.01,0,0
all_reduce_perf,3,24,67108864,RING,LL,8,RING,LL,0,18.75,6859.61,18.64,6901.3,3,0.5866666666666637,1024,float,sum,0.01,0.01,0,0
all_reduce_perf,3,24,67108864,RING,LL,16,RING,LL,0,34.32,3747.51,34.07,3775.1,3,4.458041958041961,1024,float,sum,0.01,0.01,0,0
all_reduce_perf,3,24,67108864,RING,LL,24,RING,LL,0,36.16,3557.07,36.22,3551.14,3,2.765486725663717,1024,float,sum,0.01,0.01,0,0
all_reduce_perf,3,24,67108864,RING,LL,32,RING,LL,0,37.54,3426.01,37.53,3427.51,3,0.7458710708577547,1024,float,sum,0.01,0.01,0,0
all_reduce_perf,3,24,67108864,RING,LL,40,RING,LL,0,37.38,3440.72,37.45,3434.77,3,2.9427501337613733,1024,float,sum,0.01,0.01,0,0
all_reduce_perf,3,24,67108864,RING,LL,48,RING,LL,0,38.25,3362.66,38.09,3376.97,3,2.875816993464056,1024,float,sum,0.01,0.01,0,0
all_reduce_perf,3,24,67108864,RING,LL128,1,RING,LL128,0,10.07,12778.3,10.1,12738.7,3,1.2909632571996106,1024,float,sum,0.01,0.01,0,0
all_reduce_perf,3,24,67108864,RING,LL128,2,RING,LL128,0,20.23,6358.41,20.22,6362.73,3,0.8403361344537723,1024,float,sum,0.01,0.01,0,0
all_reduce_perf,3,24,67108864,RING,LL128,4,RING,LL128,0,39.92,3221.83,39.76,3235.23,3,0.8016032064128262,1024,float,sum,0.01,0.01,0,0
all_reduce_perf,3,24,67108864,RING,LL128,8,RING,LL128,0,78.78,1632.66,78.18,1645.29,3,0.3554201574003569,1024,float,sum,0.01,0.01,0,0
all_reduce_perf,3,24,67108864,RING,LL128,16,RING,LL128,0,146.59,877.44,145.98,881.1,3,0.24558291834366955,1024,float,sum,0.01,0.01,0,0
all_reduce_perf,3,24,67108864,RING,LL128,24,RING,LL128,0,177.45,724.87,177.4,725.04,3,0.02254156100309498,1024,float,sum,0.01,0.01,0,0
all_reduce_perf,3,24,67108864,RING,LL128,32,RING,LL128,0,231.41,555.82,239.47,537.13,3,6.4820016421070825,1024,float,sum,0.01,0.01,0,0
all_reduce_perf,3,24,67108864,RING,LL128,40,RING,LL128,0,267.98,479.98,268.18,479.62,3,2.0897081871781347,1024,float,sum,0.01,0.01,0,0
all_reduce_perf,3,24,67108864,RING,LL128,48,RING,LL128,0,268.29,479.43,268.47,479.1,3,2.4302061202430134,1024,float,sum,0.01,0.01,0,0
all_reduce_perf,3,24,67108864,RING,LL128,48,,,0,268.59,478.89,268.37,479.28,3,0.014892587214721496,1024,float,sum,0.01,0.01,0,0
all_reduce_perf,3,24,67108864,RING,SIMPLE,1,RING,SIMPLE,0,14.86,8656.42,14.83,8675.4,3,0.47106325706595076,1024,float,sum,0.01,0.01,0,0
all_reduce_perf,3,24,67108864,RING,SIMPLE,2,RING,SIMPLE,0,28.69,4483.7,28.67,4487.18,3,0.13942140118507895,1024,float,sum,0.01,0.01,0,0
all_reduce_perf,3,24,67108864,RING,SIMPLE,4,RING,SIMPLE,0,50.52,2546.05,50.55,2544.49,3,0.1781472684085578,1024,float,sum,0.01,0.01,0,0
all_reduce_perf,3,24,67108864,RING,SIMPLE,8,RING,SIMPLE,0,91.06,1412.46,91.22,1410.06,3,0.5381067428069349,1024,float,sum,0.01,0.01,0,0
all_reduce_perf,3,24,67108864,RING,SIMPLE,16,RING,SIMPLE,0,138.32,929.9,138.1,931.41,3,6.065644881434366,1024,float,sum,0.01,0.01,0,0
all_reduce_perf,3,24,67108864,RING,SIMPLE,24,RING,SIMPLE,0,163.23,788.0,163.47,786.86,3,0.17153709489677213,1024,float,sum,0.01,0.01,0,0
all_reduce_perf,3,24,67108864,RING,SIMPLE,32,RING,SIMPLE,0,159.5,806.43,159.32,807.36,3,1.222570532915371,1024,float,sum,0.01,0.01,0,0
all_reduce_perf,3,24,67108864,RING,SIMPLE,40,RING,SIMPLE,0,144.59,889.57,144.85,887.99,3,0.4149664568780651,1024,float,sum,0.01,0.01,0,0
all_reduce_perf,3,24,67108864,RING,SIMPLE,48,RING,SIMPLE,0,128.4,1001.77,128.16,1003.6,3,0.5529595015576274,1024,float,sum,0.01,0.01,0,0
all_reduce_perf,3,24,67108864,TREE,LL,1,TREE,LL,0,1.51,85054.0,1.51,85197.2,3,0.6622516556291397,1024,float,sum,0.01,0.01,0,0
all_reduce_perf,3,24,67108864,TREE,LL,2,TREE,LL,0,2.87,44787.4,2.88,44676.0,3,0.0,1024,float,sum,0.01,0.01,0,0
all_reduce_perf,3,24,67108864,TREE,LL,4,TREE,LL,0,5.72,22481.0,5.72,22468.3,3,0.17482517482518664,1024,float,sum,0.01,0.01,0,0
all_reduce_perf,3,24,67108864,TREE,LL,8,TREE,LL,0,11.0,11690.2,10.95,11743.8,3,0.6363636363636228,1024,float,sum,0.01,0.01,0,0
all_reduce_perf,3,24,67108864,TREE,LL,16,TREE,LL,0,21.91,5871.63,21.89,5875.53,3,1.0497489730716587,1024,float,sum,0.01,0.01,0,0
all_reduce_perf,3,24,67108864,TREE,LL,24,TREE,LL,0,32.45,3963.43,32.46,3963.14,3,0.4622496147919833,1024,float,sum,0.01,0.01,0,0
all_reduce_perf,3,24,67108864,TREE,LL,32,TREE,LL,0,37.23,3454.9,37.21,3456.47,3,3.8947085683588583,1024,float,sum,0.01,0.01,0,0
all_reduce_perf,3,24,67108864,TREE,LL,40,TREE,LL,0,43.2,2977.12,43.09,2985.37,3,2.61574074074073,1024,float,sum,0.01,0.01,0,0
all_reduce_perf,3,24,67108864,TREE,LL,48,TREE,LL,0,47.84,2688.55,48.09,2674.74,3,1.4423076923076876,1024,float,sum,0.01,0.01,0,0
all_reduce_perf,3,24,67108864,TREE,LL128,1,TREE,LL128,0,8.61,14943.3,8.65,14868.7,3,0.6968641114982637,1024,float,sum,0.01,0.01,0,0
all_reduce_perf,3,24,67108864,TREE,LL128,2,TREE,LL128,0,15.81,8135.99,15.89,8094.79,3,0.9487666034155507,1024,float,sum,0.01,0.01,0,0
all_reduce_perf,3,24,67108864,TREE,LL128,4,TREE,LL128,0,29.42,4371.85,29.46,4366.59,3,0.4758667573079557,1024,float,sum,0.01,0.01,0,0
all_reduce_perf,3,24,67108864,TREE,LL128,8,TREE,LL128,0,57.4,2240.82,57.35,2242.94,3,0.5052264808362354,1024,float,sum,0.01,0.01,0,0
all_reduce_perf,3,24,67108864,TREE,LL128,16,TREE,LL128,0,107.61,1195.25,107.36,1198.06,3,0.7341325155654604,1024,float,sum,0.01,0.01,0,0
all_reduce_perf,3,24,67108864,TREE,LL128,24,TREE,LL128,0,148.05,868.79,147.95,869.37,3,0.5808848362039751,1024,float,sum,0.01,0.01,0,0
all_reduce_perf,3,24,67108864,TREE,LL128,32,TREE,LL128,0,179.88,715.08,180.0,714.57,3,0.4558594618634607,1024,float,sum,0.01,0.01,0,0
all_reduce_perf,3,24,67108864,TREE,LL128,40,TREE,LL128,0,204.0,630.51,204.16,630.04,3,13.813725490196083,1024,float,sum,0.01,0.01,0,0
all_reduce_perf,3,24,67108864,TREE,LL128,48,TREE,LL128,0,224.96,571.78,224.88,571.96,3,0.32894736842105665,1024,float,sum,0.01,0.01,0,0
all_reduce_perf,3,24,67108864,TREE,SIMPLE,1,TREE,SIMPLE,0,10.74,11976.2,10.69,12026.8,3,0.46554934823090255,1024,float,sum,0.01,0.01,0,0
all_reduce_perf,3,24,67108864,TREE,SIMPLE,2,TREE,SIMPLE,0,19.6,6562.93,19.47,6605.65,3,3.5714285714285676,1024,float,sum,0.01,0.01,0,0
all_reduce_perf,3,24,67108864,TREE,SIMPLE,4,TREE,SIMPLE,0,34.49,3729.86,34.64,3713.21,3,0.46390258045811444,1024,float,sum,0.01,0.01,0,0
all_reduce_perf,3,24,67108864,TREE,SIMPLE,8,TREE,SIMPLE,0,61.99,2075.08,61.44,2093.63,3,0.12905307307631134,1024,float,sum,0.01,0.01,0,0
all_reduce_perf,3,24,67108864,TREE,SIMPLE,16,TREE,SIMPLE,0,109.48,1174.83,109.21,1177.76,3,0.21008403361344902,1024,float,sum,0.01,0.01,0,0
all_reduce_perf,3,24,67108864,TREE,SIMPLE,24,TREE,SIMPLE,0,138.48,928.84,137.9,932.74,3,0.5488157134604414,1024,float,sum,0.01,0.01,0,0
all_reduce_perf,3,24,67108864,TREE,SIMPLE,32,TREE,SIMPLE,0,167.94,765.91,167.71,766.94,3,0.45254257472906445,1024,float,sum,0.01,0.01,0,0
all_reduce_perf,3,24,67108864,TREE,SIMPLE,40,TREE,SIMPLE,0,189.43,679.03,189.01,680.51,3,0.5226204930581265,1024,float,sum,0.01,0.01,0,0
all_reduce_perf,3,24,67108864,TREE,SIMPLE,48,TREE,SIMPLE,0,202.0,636.76,201.39,638.68,3,2.945544554455454,1024,float,sum,0.01,0.01,0,0
all_reduce_perf,3,24,134217728,RING,LL,1,RING,LL,0,2.33,110244.0,2.36,109170.0,3,1.716738197424894,1024,float,sum,0.01,0.01,0,0
all_reduce_perf,3,24,134217728,RING,LL,2,RING,LL,0,4.69,54823.4,4.66,55217.5,3,1.0660980810234504,1024,float,sum,0.01,0.01,0,0
all_reduce_perf,3,24,134217728,RING,LL,4,RING,LL,0,9.32,27605.5,9.31,27622.1,3,0.64377682403434,1024,float,sum,0.01,0.01,0,0
all_reduce_perf,3,24,134217728,RING,LL,8,RING,LL,0,18.72,13745.2,18.66,13784.1,3,0.747863247863251,1024,float,sum,0.01,0.01,0,0
all_reduce_perf,3,24,134217728,RING,LL,16,RING,LL,0,34.92,7367.72,34.58,7439.76,3,1.6895761741122461,1024,float,sum,0.01,0.01,0,0
all_reduce_perf,3,24,134217728,RING,LL,24,RING,LL,0,37.02,6949.02,36.87,6976.68,3,1.4586709886547788,1024,float,sum,0.01,0.01,0,0
all_reduce_perf,3,24,134217728,RING,LL,32,RING,LL,0,39.23,6557.78,39.28,6548.32,3,0.43334183023196976,1024,float,sum,0.01,0.01,0,0
all_reduce_perf,3,24,134217728,RING,LL,40,RING,LL,0,39.72,6476.81,39.52,6508.65,3,2.3665659617321193,1024,float,sum,0.01,0.01,0,0
all_reduce_perf,3,24,134217728,RING,LL,48,RING,LL,0,39.1,6579.08,39.05,6588.27,3,2.8900255754475586,1024,float,sum,0.01,0.01,0,0
all_reduce_perf,3,24,134217728,RING,LL128,1,RING,LL128,0,10.08,25525.9,10.12,25416.6,3,1.5873015873015885,1024,float,sum,0.01,0.01,0,0
all_reduce_perf,3,24,134217728,RING,LL128,2,RING,LL128,0,20.27,12692.0,20.27,12694.2,3,0.8880118401578674,1024,float,sum,0.01,0.01,0,0
all_reduce_perf,3,24,134217728,RING,LL128,4,RING,LL128,0,40.09,6417.31,39.95,6439.05,3,0.7233724120728339,1024,float,sum,0.01,0.01,0,0
all_reduce_perf,3,24,134217728,RING,LL128,8,RING,LL128,0,79.56,3233.43,79.07,3253.47,3,3.3308195072900846,1024,float,sum,0.01,0.01,0,0
all_reduce_perf,3,24,134217728,RING,LL128,16,RING,LL128,0,149.54,1720.23,149.41,1721.78,3,0.3410458740136358,1024,float,sum,0.01,0.01,0,0
all_reduce_perf,3,24,134217728,RING,LL128,24,RING,LL128,0,204.47,1258.15,203.95,1261.32,3,0.2249718785151756,1024,float,sum,0.01,0.01,0,0
all_reduce_perf,3,24,134217728,RING,LL128,32,RING,LL128,0,256.35,1003.52,255.88,1005.34,3,0.3900916715428236,1024,float,sum,0.01,0.01,0,0
all_reduce_perf,3,24,134217728,RING,LL128,40,RING,LL128,0,271.37,947.95,270.72,950.25,3,0.8917713822456274,1024,float,sum,0.01,0.01,0,0
all_reduce_perf,3,24,134217728,RING,LL128,48,RING,LL128,0,243.89,1054.76,243.74,1055.44,3,0.3075156832998483,1024,float,sum,0.01,0.01,0,0
all_reduce_perf,3,24,134217728,RING,LL128,48,,,0,244.71,1051.26,243.27,1057.47,3,1.3035838339258705,1024,float,sum,0.01,0.01,0,0
all_reduce_perf,3,24,134217728,RING,SIMPLE,1,RING,SIMPLE,0,15.12,17013.6,15.08,17054.8,3,0.3306878306878354,1024,float,sum,0.01,0.01,0,0
all_reduce_perf,3,24,134217728,RING,SIMPLE,2,RING,SIMPLE,0,29.71,8659.93,29.71,8658.37,3,0.33658700774149397,1024,float,sum,0.01,0.01,0,0
all_reduce_perf,3,24,134217728,RING,SIMPLE,4,RING,SIMPLE,0,55.81,4609.1,55.91,4601.08,3,0.7346353700053692,1024,float,sum,0.01,0.01,0,0
all_reduce_perf,3,24,134217728,RING,SIMPLE,8,RING,SIMPLE,0,100.48,2560.12,100.42,2561.79,3,0.11942675159234706,1024,float,sum,0.01,0.01,0,0
all_reduce_perf,3,24,134217728,RING,SIMPLE,16,RING,SIMPLE,0,178.83,1438.52,178.39,1442.06,3,0.6262931275513082,1024,float,sum,0.01,0.01,0,0
all_reduce_perf,3,24,134217728,RING,SIMPLE,24,RING,SIMPLE,0,227.9,1128.79,227.63,1130.11,3,0.41246160596752857,1024,float,sum,0.01,0.01,0,0
all_reduce_perf,3,24,134217728,RING,SIMPLE,32,RING,SIMPLE,0,256.73,1002.04,256.38,1003.4,3,0.5102637011646596,1024,float,sum,0.01,0.01,0,0
all_reduce_perf,3,24,134217728,RING,SIMPLE,40,RING,SIMPLE,0,251.0,1024.91,250.3,1027.78,3,1.5577689243027875,1024,float,sum,0.01,0.01,0,0
all_reduce_perf,3,24,134217728,RING,SIMPLE,48,RING,SIMPLE,0,233.8,1100.29,234.74,1095.91,3,0.38066723695465626,1024,float,sum,0.01,0.01,0,0
all_reduce_perf,3,24,134217728,TREE,LL,1,TREE,LL,0,1.51,170134.0,1.51,170226.0,3,0.0,1024,float,sum,0.01,0.01,0,0
all_reduce_perf,3,24,134217728,TREE,LL,2,TREE,LL,0,2.88,89438.8,2.88,89213.2,3,0.0,1024,float,sum,0.01,0.01,0,0
all_reduce_perf,3,24,134217728,TREE,LL,4,TREE,LL,0,5.74,44799.6,5.75,44766.8,3,0.17421602787456072,1024,float,sum,0.01,0.01,0,0
all_reduce_perf,3,24,134217728,TREE,LL,8,TREE,LL,0,11.04,23300.4,10.99,23397.7,3,0.36231884057970243,1024,float,sum,0.01,0.01,0,0
all_reduce_perf,3,24,134217728,TREE,LL,16,TREE,LL,0,22.12,11630.0,22.07,11654.1,3,0.9945750452079676,1024,float,sum,0.01,0.01,0,0
all_reduce_perf,3,24,134217728,TREE,LL,24,TREE,LL,0,32.96,7804.99,32.96,7805.02,3,0.5461165048543681,1024,float,sum,0.01,0.01,0,0
all_reduce_perf,3,24,134217728,TREE,LL,32,TREE,LL,0,37.88,6791.07,37.76,6812.96,3,3.7222808870116064,1024,float,sum,0.01,0.01,0,0
all_reduce_perf,3,24,134217728,TREE,LL,40,TREE,LL,0,43.99,5848.12,43.85,5866.79,3,3.4098658786087745,1024,float,sum,0.01,0.01,0,0
all_reduce_perf,3,24,134217728,TREE,LL,48,TREE,LL,0,48.88,5262.67,48.72,5280.69,3,2.086743044189859,1024,float,sum,0.01,0.01,0,0
all_reduce_perf,3,24,134217728,TREE,LL128,1,TREE,LL128,0,8.73,29474.5,8.76,29359.5,3,0.6872852233676829,1024,float,sum,0.01,0.01,0,0
all_reduce_perf,3,24,134217728,TREE,LL128,2,TREE,LL128,0,16.03,16048.3,16.13,15950.7,3,1.372426699937621,1024,float,sum,0.01,0.01,0,0
all_reduce_perf,3,24,134217728,TREE,LL128,4,TREE,LL128,0,29.93,8594.2,30.03,8565.61,3,0.3675242231874355,1024,float,sum,0.01,0.01,0,0
all_reduce_perf,3,24,134217728,TREE,LL128,8,TREE,LL128,0,58.75,4378.42,58.85,4371.43,3,0.3234042553191451,1024,float,sum,0.01,0.01,0,0
all_reduce_perf,3,24,134217728,TREE,LL128,16,TREE,LL128,0,112.4,2288.66,112.31,2290.62,3,0.8807829181494743,1024,float,sum,0.01,0.01,0,0
all_reduce_perf,3,24,134217728,TREE,LL128,24,TREE,LL128,0,158.11,1626.99,157.78,1630.49,3,0.23401429384605937,1024,float,sum,0.01,0.01,0,0
all_reduce_perf,3,24,134217728,TREE,LL128,32,TREE,LL128,0,195.0,1319.2,194.86,1320.15,3,0.2769230769230874,1024,float,sum,0.01,0.01,0,0
all_reduce_perf,3,24,134217728,TREE,LL128,40,TREE,LL128,0,221.82,1159.73,222.4,1156.7,3,0.3831935803804862,1024,float,sum,0.01,0.01,0,0
all_reduce_perf,3,24,134217728,TREE,LL128,48,TREE,LL128,0,244.02,1054.22,243.66,1055.79,3,0.43029259896730243,1024,float,sum,0.01,0.01,0,0
all_reduce_perf,3,24,134217728,TREE,SIMPLE,1,TREE,SIMPLE,0,11.01,23368.0,10.98,23438.2,3,0.4541326067211529,1024,float,sum,0.01,0.01,0,0
all_reduce_perf,3,24,134217728,TREE,SIMPLE,2,TREE,SIMPLE,0,20.52,12537.5,20.46,12575.3,3,0.19493177387913815,1024,float,sum,0.01,0.01,0,0
all_reduce_perf,3,24,134217728,TREE,SIMPLE,4,TREE,SIMPLE,0,36.49,7049.17,36.72,7006.03,3,0.849547821320916,1024,float,sum,0.01,0.01,0,0
all_reduce_perf,3,24,134217728,TREE,SIMPLE,8,TREE,SIMPLE,0,69.45,3704.14,68.95,3730.72,3,0.2591792656587366,1024,float,sum,0.01,0.01,0,0
all_reduce_perf,3,24,134217728,TREE,SIMPLE,16,TREE,SIMPLE,0,123.17,2088.54,122.93,2092.71,3,0.3815864252658917,1024,float,sum,0.01,0.01,0,0
all_reduce_perf,3,24,134217728,TREE,SIMPLE,24,TREE,SIMPLE,0,170.02,1513.04,170.0,1513.25,3,0.6528643688977847,1024,float,sum,0.01,0.01,0,0
all_reduce_perf,3,24,134217728,TREE,SIMPLE,32,TREE,SIMPLE,0,207.69,1238.62,207.26,1241.2,3,0.1251865761471517,1024,float,sum,0.01,0.01,0,0
all_reduce_perf,3,24,134217728,TREE,SIMPLE,40,TREE,SIMPLE,0,222.73,1154.97,223.09,1153.11,3,5.971355452790379,1024,float,sum,0.01,0.01,0,0
all_reduce_perf,3,24,134217728,TREE,SIMPLE,48,TREE,SIMPLE,0,244.84,1050.68,244.52,1052.07,3,0.4778630942656377,1024,float,sum,0.01,0.01,0,0
all_reduce_perf,3,24,268435456,RING,LL,1,RING,LL,0,2.33,220408.0,2.36,218241.0,3,1.716738197424894,1024,float,sum,0.01,0.01,0,0
all_reduce_perf,3,24,268435456,RING,LL,2,RING,LL,0,4.7,109568.0,4.66,110397.0,3,1.4893617021276655,1024,float,sum,0.01,0.01,0,0
all_reduce_perf,3,24,268435456,RING,LL,4,RING,LL,0,9.31,55261.7,9.32,55197.6,3,0.8592910848549953,1024,float,sum,0.01,0.01,0,0
all_reduce_perf,3,24,268435456,RING,LL,8,RING,LL,0,18.7,27512.8,18.64,27609.1,3,0.6417112299465294,1024,float,sum,0.01,0.01,0,0
all_reduce_perf,3,24,268435456,RING,LL,16,RING,LL,0,35.09,14660.8,35.02,14690.2,3,1.253918495297799,1024,float,sum,0.01,0.01,0,0
all_reduce_perf,3,24,268435456,RING,LL,24,RING,LL,0,37.5,13719.5,36.71,14016.5,3,2.826666666666673,1024,float,sum,0.01,0.01,0,0
all_reduce_perf,3,24,268435456,RING,LL,32,RING,LL,0,39.59,12994.6,39.55,13009.1,3,1.6418287446324793,1024,float,sum,0.01,0.01,0,0
all_reduce_perf,3,24,268435456,RING,LL,40,RING,LL,0,40.19,12801.6,40.18,12803.4,3,2.836526499129138,1024,float,sum,0.01,0.01,0,0
all_reduce_perf,3,24,268435456,RING,LL,48,RING,LL,0,40.08,12836.5,40.12,12824.7,3,3.967065868263464,1024,float,sum,0.01,0.01,0,0
all_reduce_perf,3,24,268435456,RING,LL128,1,RING,LL128,0,10.09,50993.9,10.14,50764.5,3,1.5857284440039656,1024,float,sum,0.01,0.01,0,0
all_reduce_perf,3,24,268435456,RING,LL128,2,RING,LL128,0,20.3,25347.3,20.29,25352.1,3,0.9852216748768439,1024,float,sum,0.01,0.01,0,0
all_reduce_perf,3,24,268435456,RING,LL128,4,RING,LL128,0,40.13,12821.5,39.89,12897.0,3,2.7410914527784733,1024,float,sum,0.01,0.01,0,0
all_reduce_perf,3,24,268435456,RING,LL128,8,RING,LL128,0,79.88,6441.18,79.4,6479.49,3,0.6009013520280471,1024,float,sum,0.01,0.01,0,0
all_reduce_perf,3,24,268435456,RING,LL128,16,RING,LL128,0,151.4,3398.37,151.49,3396.28,3,0.8190224570673584,1024,float,sum,0.01,0.01,0,0
all_reduce_perf,3,24,268435456,RING,LL128,24,RING,LL128,0,212.09,2425.88,212.74,2418.48,3,0.6270922721486086,1024,float,sum,0.01,0.01,0,0
all_reduce_perf,3,24,268435456,RING,LL128,32,RING,LL128,0,261.71,1965.94,262.05,1963.38,3,0.40502846662336267,1024,float,sum,0.01,0.01,0,0
all_reduce_perf,3,24,268435456,RING,LL128,40,RING,LL128,0,294.88,1744.8,293.85,1750.9,3,0.6443298969072089,1024,float,sum,0.01,0.01,0,0
all_reduce_perf,3,24,268435456,RING,LL128,48,RING,LL128,0,295.79,1739.42,295.49,1741.18,3,0.07099631495316933,1024,float,sum,0.01,0.01,0,0
all_reduce_perf,3,24,268435456,RING,LL128,48,,,0,295.97,1738.38,295.7,1739.92,3,0.4797783559144561,1024,float,sum,0.01,0.01,0,0
all_reduce_perf,3,24,268435456,RING,SIMPLE,1,RING,SIMPLE,0,15.19,33863.1,15.17,33917.5,3,0.4608294930875595,1024,float,sum,0.01,0.01,0,0
all_reduce_perf,3,24,268435456,RING,SIMPLE,2,RING,SIMPLE,0,30.19,17040.2,30.18,17048.5,3,0.09937065253394363,1024,float,sum,0.01,0.01,0,0
all_reduce_perf,3,24,268435456,RING,SIMPLE,4,RING,SIMPLE,0,57.61,8930.31,57.76,8907.38,3,0.2430133657351164,1024,float,sum,0.01,0.01,0,0
all_reduce_perf,3,24,268435456,RING,SIMPLE,8,RING,SIMPLE,0,111.14,4629.42,111.12,4630.25,3,0.1529602303401131,1024,float,sum,0.01,0.01,0,0
all_reduce_perf,3,24,268435456,RING,SIMPLE,16,RING,SIMPLE,0,201.64,2551.59,201.88,2548.51,3,0.6695100178535976,1024,float,sum,0.01,0.01,0,0
all_reduce_perf,3,24,268435456,RING,SIMPLE,24,RING,SIMPLE,0,279.69,1839.53,279.7,1839.5,3,0.2395509313883285,1024,float,sum,0.01,0.01,0,0
all_reduce_perf,3,24,268435456,RING,SIMPLE,32,RING,SIMPLE,0,332.48,1547.48,332.76,1546.16,3,0.4090471607314595,1024,float,sum,0.01,0.01,0,0
all_reduce_perf,3,24,268435456,RING,SIMPLE,40,RING,SIMPLE,0,342.08,1504.02,341.94,1504.67,3,0.5232694106641615,1024,float,sum,0.01,0.01,0,0
all_reduce_perf,3,24,268435456,RING,SIMPLE,48,RING,SIMPLE,0,344.52,1493.4,344.47,1493.58,3,0.3570184604667416,1024,float,sum,0.01,0.01,0,0
all_reduce_perf,3,24,268435456,TREE,LL,1,TREE,LL,0,1.51,339683.0,1.51,340825.0,3,0.6622516556291397,1024,float,sum,0.01,0.01,0,0
all_reduce_perf,3,24,268435456,TREE,LL,2,TREE,LL,0,2.88,178613.0,2.89,178119.0,3,0.34722222222223026,1024,float,sum,0.01,0.01,0,0
all_reduce_perf,3,24,268435456,TREE,LL,4,TREE,LL,0,5.76,89345.0,5.77,89228.2,3,0.1736111111111074,1024,float,sum,0.01,0.01,0,0
all_reduce_perf,3,24,268435456,TREE,LL,8,TREE,LL,0,11.08,46447.0,11.06,46521.2,3,0.6317689530685946,1024,float,sum,0.01,0.01,0,0
all_reduce_perf,3,24,268435456,TREE,LL,16,TREE,LL,0,22.19,23183.8,22.17,23209.5,3,0.946372239747638,1024,float,sum,0.01,0.01,0,0
all_reduce_perf,3,24,268435456,TREE,LL,24,TREE,LL,0,33.14,15522.9,33.17,15510.2,3,0.3621001810500828,1024,float,sum,0.01,0.01,0,0
all_reduce_perf,3,24,268435456,TREE,LL,32,TREE,LL,0,37.5,13721.9,37.85,13592.6,3,3.866666666666655,1024,float,sum,0.01,0.01,0,0
all_reduce_perf,3,24,268435456,TREE,LL,40,TREE,LL,0,44.64,11525.7,44.98,11437.3,3,1.5681003584229456,1024,float,sum,0.01,0.01,0,0
all_reduce_perf,3,24,268435456,TREE,LL,48,TREE,LL,0,48.05,10708.5,48.44,10621.2,3,3.683662851196677,1024,float,sum,0.01,0.01,0,0
all_reduce_perf,3,24,268435456,TREE,LL128,1,TREE,LL128,0,8.8,58494.1,8.83,58269.6,3,0.6818181818181874,1024,float,sum,0.01,0.01,0,0
all_reduce_perf,3,24,268435456,TREE,LL128,2,TREE,LL128,0,16.13,31897.4,16.21,31741.5,3,1.1779293242405315,1024,float,sum,0.01,0.01,0,0
all_reduce_perf,3,24,268435456,TREE,LL128,4,TREE,LL128,0,30.27,16998.6,30.37,16938.7,3,0.49554013875123415,1024,float,sum,0.01,0.01,0,0
all_reduce_perf,3,24,268435456,TREE,LL128,8,TREE,LL128,0,59.68,8620.71,59.88,8592.42,3,0.2345844504021457,1024,float,sum,0.01,0.01,0,0
all_reduce_perf,3,24,268435456,TREE,LL128,16,TREE,LL128,0,114.7,4485.51,115.11,4469.54,3,0.6277244986922397,1024,float,sum,0.01,0.01,0,0
all_reduce_perf,3,24,268435456,TREE,LL128,24,TREE,LL128,0,163.41,3148.51,162.88,3158.75,3,0.13463068355669716,1024,float,sum,0.01,0.01,0,0
all_reduce_perf,3,24,268435456,TREE,LL128,32,TREE,LL128,0,203.3,2530.73,203.09,2533.39,3,0.3148057058534258,1024,float,sum,0.01,0.01,0,0
all_reduce_perf,3,24,268435456,TREE,LL128,40,TREE,LL128,0,233.43,2204.05,233.5,2203.39,3,0.30844364477573527,1024,float,sum,0.01,0.01,0,0
all_reduce_perf,3,24,268435456,TREE,LL128,48,TREE,LL128,0,256.05,2009.35,256.14,2008.66,3,0.24214020699082384,1024,float,sum,0.01,0.01,0,0
all_reduce_perf,3,24,268435456,TREE,SIMPLE,1,TREE,SIMPLE,0,11.17,46080.6,11.11,46322.6,3,0.5371530886302641,1024,float,sum,0.01,0.01,0,0
all_reduce_perf,3,24,268435456,TREE,SIMPLE,2,TREE,SIMPLE,0,21.05,24443.8,20.96,24551.9,3,0.04750593824227083,1024,float,sum,0.01,0.01,0,0
all_reduce_perf,3,24,268435456,TREE,SIMPLE,4,TREE,SIMPLE,0,38.31,13429.0,38.57,13338.1,3,0.6525711302531976,1024,float,sum,0.01,0.01,0,0
all_reduce_perf,3,24,268435456,TREE,SIMPLE,8,TREE,SIMPLE,0,73.32,7017.29,72.93,7054.49,3,0.2318603382433193,1024,float,sum,0.01,0.01,0,0
all_reduce_perf,3,24,268435456,TREE,SIMPLE,16,TREE,SIMPLE,0,138.14,3724.53,138.4,3717.43,3,0.3040393803387777,1024,float,sum,0.01,0.01,0,0
all_reduce_perf,3,24,268435456,TREE,SIMPLE,24,TREE,SIMPLE,0,185.76,2769.68,185.72,2770.33,3,0.5437123169681414,1024,float,sum,0.01,0.01,0,0
all_reduce_perf,3,24,268435456,TREE,SIMPLE,32,TREE,SIMPLE,0,234.22,2196.66,234.09,2197.86,3,0.20493553069764248,1024,float,sum,0.01,0.01,0,0
all_reduce_perf,3,24,268435456,TREE,SIMPLE,40,TREE,SIMPLE,0,268.59,1915.59,268.2,1918.33,3,0.3536989463494715,1024,float,sum,0.01,0.01,0,0
all_reduce_perf,3,24,268435456,TREE,SIMPLE,48,TREE,SIMPLE,0,285.76,1800.49,285.52,1801.99,3,0.47592385218363553,1024,float,sum,0.01,0.01,0,0
all_reduce_perf,3,24,536870912,RING,LL,1,RING,LL,0,2.33,441293.0,2.36,436375.0,3,1.716738197424894,1024,float,sum,0.01,0.01,0,0
all_reduce_perf,3,24,536870912,RING,LL,2,RING,LL,0,4.7,219113.0,4.66,220882.0,3,1.4893617021276655,1024,float,sum,0.01,0.01,0,0
all_reduce_perf,3,24,536870912,RING,LL,4,RING,LL,0,9.31,110494.0,9.32,110387.0,3,0.8592910848549953,1024,float,sum,0.01,0.01,0,0
all_reduce_perf,3,24,536870912,RING,LL,8,RING,LL,0,18.68,55074.3,18.66,55133.1,3,0.8029978586723883,1024,float,sum,0.01,0.01,0,0
all_reduce_perf,3,24,536870912,RING,LL,16,RING,LL,0,35.14,29282.1,35.19,29241.4,3,2.219692657939673,1024,float,sum,0.01,0.01,0,0
all_reduce_perf,3,24,536870912,RING,LL,24,RING,LL,0,37.6,27364.2,37.85,27185.0,3,5.053191489361699,1024,float,sum,0.01,0.01,0,0
all_reduce_perf,3,24,536870912,RING,LL,32,RING,LL,0,40.06,25684.1,40.05,25692.2,3,2.3964053919121335,1024,float,sum,0.01,0.01,0,0
all_reduce_perf,3,24,536870912,RING,LL,40,RING,LL,0,40.65,25310.6,40.58,25356.0,3,3.1488314883148862,1024,float,sum,0.01,0.01,0,0
all_reduce_perf,3,24,536870912,RING,LL,48,RING,LL,0,40.56,25370.6,40.6,25345.2,3,1.651873767258387,1024,float,sum,0.01,0.01,0,0
all_reduce_perf,3,24,536870912,RING,LL128,1,RING,LL128,0,10.08,102122.0,10.14,101495.0,3,1.4880952380952417,1024,float,sum,0.01,0.01,0,0
all_reduce_perf,3,24,536870912,RING,LL128,2,RING,LL128,0,20.29,50708.8,20.31,50674.5,3,0.788565795958601,1024,float,sum,0.01,0.01,0,0
all_reduce_perf,3,24,536870912,RING,LL128,4,RING,LL128,0,40.15,25631.6,40.11,25651.5,3,0.597758405977589,1024,float,sum,0.01,0.01,0,0
all_reduce_perf,3,24,536870912,RING,LL128,8,RING,LL128,0,79.99,12864.7,79.63,12922.2,3,0.6875859482435269,1024,float,sum,0.01,0.01,0,0
all_reduce_perf,3,24,536870912,RING,LL128,16,RING,LL128,0,152.3,6756.45,152.58,6744.06,3,0.8732764281024189,1024,float,sum,0.01,0.01,0,0
all_reduce_perf,3,24,536870912,RING,LL128,24,RING,LL128,0,214.02,4807.87,214.92,4787.92,3,0.6307821698906617,1024,float,sum,0.01,0.01,0,0
all_reduce_perf,3,24,536870912,RING,LL128,32,RING,LL128,0,266.54,3860.65,266.76,3857.48,3,0.3864335559390608,1024,float,sum,0.01,0.01,0,0
all_reduce_perf,3,24,536870912,RING,LL128,40,RING,LL128,0,298.19,3450.8,297.32,3460.89,3,0.7746738656561261,1024,float,sum,0.01,0.01,0,0
all_reduce_perf,3,24,536870912,RING,LL128,48,RING,LL128,0,316.35,3252.72,316.14,3254.87,3,0.7080764975501845,1024,float,sum,0.01,0.01,0,0
all_reduce_perf,3,24,536870912,RING,SIMPLE,1,RING,SIMPLE,0,15.27,67382.2,15.24,67531.3,3,0.4584151931892618,1024,float,sum,0.01,0.01,0,0
all_reduce_perf,3,24,536870912,RING,SIMPLE,2,RING,SIMPLE,0,30.39,33864.5,30.35,33908.2,3,0.1645278051990693,1024,float,sum,0.01,0.01,0,0
all_reduce_perf,3,24,536870912,RING,SIMPLE,4,RING,SIMPLE,0,59.23,17374.4,59.31,17348.7,3,0.506500084416676,1024,float,sum,0.01,0.01,0,0
all_reduce_perf,3,24,536870912,RING,SIMPLE,8,RING,SIMPLE,0,114.96,8950.67,114.99,8948.39,3,0.3131524008350726,1024,float,sum,0.01,0.01,0,0
all_reduce_perf,3,24,536870912,RING,SIMPLE,16,RING,SIMPLE,0,225.57,4561.85,223.31,4607.89,3,0.5630181318437781,1024,float,sum,0.01,0.01,0,0
all_reduce_perf,3,24,536870912,RING,SIMPLE,24,RING,SIMPLE,0,316.51,3251.05,315.46,3261.89,3,0.4707592177182424,1024,float,sum,0.01,0.01,0,0
all_reduce_perf,3,24,536870912,RING,SIMPLE,32,RING,SIMPLE,0,365.59,2814.64,365.78,2813.16,3,0.15317705626521577,1024,float,sum,0.01,0.01,0,0
all_reduce_perf,3,24,536870912,RING,SIMPLE,40,RING,SIMPLE,0,371.87,2767.11,372.59,2761.77,3,0.43294699760669414,1024,float,sum,0.01,0.01,0,0
all_reduce_perf,3,24,536870912,RING,SIMPLE,48,RING,SIMPLE,0,374.16,2750.2,374.5,2747.68,3,0.29666452854394204,1024,float,sum,0.01,0.01,0,0
all_reduce_perf,3,24,536870912,RING,SIMPLE,48,,,0,374.02,2751.22,374.35,2748.78,3,0.03743115341425227,1024,float,sum,0.01,0.01,0,0
all_reduce_perf,3,24,536870912,TREE,LL,1,TREE,LL,0,1.51,680378.0,1.51,680327.0,3,0.6622516556291397,1024,float,sum,0.01,0.01,0,0
all_reduce_perf,3,24,536870912,TREE,LL,2,TREE,LL,0,2.88,357286.0,2.89,356220.0,3,0.34722222222223026,1024,float,sum,0.01,0.01,0,0
all_reduce_perf,3,24,536870912,TREE,LL,4,TREE,LL,0,5.76,178584.0,5.77,178244.0,3,0.3472222222222148,1024,float,sum,0.01,0.01,0,0
all_reduce_perf,3,24,536870912,TREE,LL,8,TREE,LL,0,11.12,92517.1,11.09,92794.6,3,0.7194244604316554,1024,float,sum,0.01,0.01,0,0
all_reduce_perf,3,24,536870912,TREE,LL,16,TREE,LL,0,22.29,46157.6,22.32,46106.9,3,0.9421265141319015,1024,float,sum,0.01,0.01,0,0
all_reduce_perf,3,24,536870912,TREE,LL,24,TREE,LL,0,33.34,30866.5,33.31,30891.8,3,0.689862027594493,1024,float,sum,0.01,0.01,0,0
all_reduce_perf,3,24,536870912,TREE,LL,32,TREE,LL,0,38.43,26776.5,38.22,26922.2,3,4.475670049440538,1024,float,sum,0.01,0.01,0,0
all_reduce_perf,3,24,536870912,TREE,LL,40,TREE,LL,0,44.85,22942.1,44.73,23002.3,3,2.229654403567447,1024,float,sum,0.01,0.01,0,0
all_reduce_perf,3,24,536870912,TREE,LL,48,TREE,LL,0,48.79,21090.6,48.89,21048.2,3,3.566304570608735,1024,float,sum,0.01,0.01,0,0
all_reduce_perf,3,24,536870912,TREE,LL128,1,TREE,LL128,0,8.81,116861.0,8.86,116086.0,3,0.6810442678773975,1024,float,sum,0.01,0.01,0,0
all_reduce_perf,3,24,536870912,TREE,LL128,2,TREE,LL128,0,16.17,63647.0,16.29,63167.4,3,1.4223871366728533,1024,float,sum,0.01,0.01,0,0
all_reduce_perf,3,24,536870912,TREE,LL128,4,TREE,LL128,0,30.39,33861.1,30.53,33702.6,3,0.6910167818361331,1024,float,sum,0.01,0.01,0,0
all_reduce_perf,3,24,536870912,TREE,LL128,8,TREE,LL128,0,60.19,17096.4,60.46,17019.0,3,0.33228110981891157,1024,float,sum,0.01,0.01,0,0
all_reduce_perf,3,24,536870912,TREE,LL128,16,TREE,LL128,0,116.71,8816.47,116.94,8799.63,3,0.45411704224145416,1024,float,sum,0.01,0.01,0,0
all_reduce_perf,3,24,536870912,TREE,LL128,24,TREE,LL128,0,166.63,6175.47,166.49,6180.43,3,0.0840184840665035,1024,float,sum,0.01,0.01,0,0
all_reduce_perf,3,24,536870912,TREE,LL128,32,TREE,LL128,0,209.03,4922.8,209.33,4915.58,3,2.1240970195665683,1024,float,sum,0.01,0.01,0,0
all_reduce_perf,3,24,536870912,TREE,LL128,40,TREE,LL128,0,241.35,4263.57,241.51,4260.64,3,0.708514605344938,1024,float,sum,0.01,0.01,0,0
all_reduce_perf,3,24,536870912,TREE,LL128,48,TREE,LL128,0,264.19,3895.0,264.54,3889.81,3,0.18168742193117127,1024,float,sum,0.01,0.01,0,0
all_reduce_perf,3,24,536870912,TREE,SIMPLE,1,TREE,SIMPLE,0,11.27,91291.9,11.19,91923.9,3,0.7098491570541109,1024,float,sum,0.01,0.01,0,0
all_reduce_perf,3,24,536870912,TREE,SIMPLE,2,TREE,SIMPLE,0,21.37,48141.6,21.22,48503.4,3,0.046794571829658446,1024,float,sum,0.01,0.01,0,0
all_reduce_perf,3,24,536870912,TREE,SIMPLE,4,TREE,SIMPLE,0,39.37,26136.9,39.55,26018.7,3,0.6858013716027331,1024,float,sum,0.01,0.01,0,0
all_reduce_perf,3,24,536870912,TREE,SIMPLE,8,TREE,SIMPLE,0,77.17,13334.9,76.62,13429.3,3,0.1425424387715426,1024,float,sum,0.01,0.01,0,0
all_reduce_perf,3,24,536870912,TREE,SIMPLE,16,TREE,SIMPLE,0,148.59,6925.17,148.24,6941.56,3,0.24900733562151192,1024,float,sum,0.01,0.01,0,0
all_reduce_perf,3,24,536870912,TREE,SIMPLE,24,TREE,SIMPLE,0,208.99,4923.66,208.27,4940.83,3,0.5072013014976804,1024,float,sum,0.01,0.01,0,0
all_reduce_perf,3,24,536870912,TREE,SIMPLE,32,TREE,SIMPLE,0,262.56,3919.07,261.77,3931.01,3,0.49893357708712116,1024,float,sum,0.01,0.01,0,0
all_reduce_perf,3,24,536870912,TREE,SIMPLE,40,TREE,SIMPLE,0,292.6,3516.79,291.22,3533.44,3,0.16404647983595974,1024,float,sum,0.01,0.01,0,0
all_reduce_perf,3,24,536870912,TREE,SIMPLE,48,TREE,SIMPLE,0,310.81,3310.73,310.32,3315.91,3,0.6660017373958528,1024,float,sum,0.01,0.01,0,0
