collective,num_nodes,num_gpus,size_bytes,count,data_type,redop,time_oop_us,algbw_oop,busbw_oop,errors_oop,time_ip_us,algbw_ip,busbw_ip,errors_ip,algo,proto,nchannels,requested_algo,requested_proto,requested_nchannels,substituted,measured_algo_raw,nchannels_source,n_repeats,spread_pct
all_reduce_perf,2,16,4096,1024,float,sum,272.39,0.02,0.03,0,270.75,0.02,0.03,0,RING,SIMPLE,1,RING,SIMPLE,1,0,RING,A_flag_ceiling,3,0
all_reduce_perf,2,16,8192,2048,float,sum,271.18,0.03,0.06,0,271.48,0.03,0.06,0,RING,SIMPLE,1,RING,SIMPLE,1,0,RING,A_flag_ceiling,3,0
all_reduce_perf,2,16,16384,4096,float,sum,274.22,0.06,0.11,0,271.42,0.06,0.11,0,RING,SIMPLE,1,RING,SIMPLE,1,0,RING,A_flag_ceiling,3,0
all_reduce_perf,2,16,32768,8192,float,sum,275.49,0.12,0.22,0,270.82,0.12,0.23,0,RING,SIMPLE,1,RING,SIMPLE,1,0,RING,A_flag_ceiling,3,4.34783
all_reduce_perf,2,16,65536,16384,float,sum,277.99,0.24,0.44,0,277.15,0.24,0.44,0,RING,SIMPLE,1,RING,SIMPLE,1,0,RING,A_flag_ceiling,3,2.27273
all_reduce_perf,2,16,131072,32768,float,sum,282.83,0.46,0.87,0,280.39,0.47,0.88,0,RING,SIMPLE,1,RING,SIMPLE,1,0,RING,A_flag_ceiling,3,2.27273
all_reduce_perf,2,16,262144,65536,float,sum,290.56,0.9,1.69,0,289.61,0.91,1.7,0,RING,SIMPLE,1,RING,SIMPLE,1,0,RING,A_flag_ceiling,3,0.588235
all_reduce_perf,2,16,524288,131072,float,sum,309.22,1.7,3.18,0,308.17,1.7,3.19,0,RING,SIMPLE,1,RING,SIMPLE,1,0,RING,A_flag_ceiling,3,0.940439
all_reduce_perf,2,16,1048576,262144,float,sum,353.3,2.97,5.56,0,346.77,3.02,5.67,0,RING,SIMPLE,1,RING,SIMPLE,1,0,RING,A_flag_ceiling,3,0.881834
all_reduce_perf,2,16,2097152,524288,float,sum,452.94,4.63,8.68,0,445,4.71,8.84,0,RING,SIMPLE,1,RING,SIMPLE,1,0,RING,A_flag_ceiling,3,0.339367
all_reduce_perf,2,16,4194304,1048576,float,sum,671.97,6.24,11.7,0,658.7,6.37,11.94,0,RING,SIMPLE,1,RING,SIMPLE,1,0,RING,A_flag_ceiling,3,0.167504
all_reduce_perf,2,16,8388608,2097152,float,sum,1111.2,7.55,14.15,0,1098.44,7.64,14.32,0,RING,SIMPLE,1,RING,SIMPLE,1,0,RING,A_flag_ceiling,3,0.488827
all_reduce_perf,2,16,16777216,4194304,float,sum,1979.67,8.47,15.89,0,1972.63,8.51,15.95,0,RING,SIMPLE,1,RING,SIMPLE,1,0,RING,A_flag_ceiling,3,0.31348
all_reduce_perf,2,16,33554432,8388608,float,sum,3597.56,9.33,17.49,0,3585.43,9.36,17.55,0,RING,SIMPLE,1,RING,SIMPLE,1,0,RING,A_flag_ceiling,3,0.22792
all_reduce_perf,2,16,67108864,16777216,float,sum,7135.49,9.4,17.63,0,7128.52,9.41,17.65,0,RING,SIMPLE,1,RING,SIMPLE,1,0,RING,A_flag_ceiling,3,0.226629
all_reduce_perf,2,16,134217728,33554432,float,sum,14205.9,9.45,17.72,0,14204.6,9.45,17.72,0,RING,SIMPLE,1,RING,SIMPLE,1,0,RING,A_flag_ceiling,3,0.0564334
all_reduce_perf,2,16,268435456,67108864,float,sum,28370.5,9.46,17.74,0,28351.4,9.47,17.75,0,RING,SIMPLE,1,RING,SIMPLE,1,0,RING,A_flag_ceiling,3,0.169014
all_reduce_perf,2,16,536870912,134217728,float,sum,56806,9.45,17.72,0,56727.9,9.46,17.74,0,RING,SIMPLE,1,RING,SIMPLE,1,0,RING,A_flag_ceiling,3,0.338219
all_reduce_perf,2,16,4096,1024,float,sum,74.29,0.06,0.1,0,74.53,0.05,0.1,0,RING,LL,1,RING,LL,1,0,RING,A_flag_ceiling,3,10
all_reduce_perf,2,16,8192,2048,float,sum,74.98,0.11,0.2,0,73.07,0.11,0.21,0,RING,LL,1,RING,LL,1,0,RING,A_flag_ceiling,3,9.52381
all_reduce_perf,2,16,16384,4096,float,sum,74.53,0.22,0.41,0,73.65,0.22,0.42,0,RING,LL,1,RING,LL,1,0,RING,A_flag_ceiling,3,0
all_reduce_perf,2,16,32768,8192,float,sum,77.41,0.42,0.79,0,75.01,0.44,0.82,0,RING,LL,1,RING,LL,1,0,RING,A_flag_ceiling,3,1.21951
all_reduce_perf,2,16,65536,16384,float,sum,91.99,0.71,1.34,0,87.42,0.75,1.41,0,RING,LL,1,RING,LL,1,0,RING,A_flag_ceiling,3,0.70922
all_reduce_perf,2,16,131072,32768,float,sum,132.58,0.99,1.85,0,126.36,1.04,1.94,0,RING,LL,1,RING,LL,1,0,RING,A_flag_ceiling,3,2.06186
all_reduce_perf,2,16,262144,65536,float,sum,213.96,1.23,2.3,0,207.79,1.26,2.37,0,RING,LL,1,RING,LL,1,0,RING,A_flag_ceiling,3,0.843882
all_reduce_perf,2,16,524288,131072,float,sum,412.06,1.27,2.39,0,407.87,1.29,2.41,0,RING,LL,1,RING,LL,1,0,RING,A_flag_ceiling,3,0.829876
all_reduce_perf,2,16,1048576,262144,float,sum,815.55,1.29,2.41,0,807.66,1.3,2.43,0,RING,LL,1,RING,LL,1,0,RING,A_flag_ceiling,3,0.823045
all_reduce_perf,2,16,2097152,524288,float,sum,1628.19,1.29,2.42,0,1609.73,1.3,2.44,0,RING,LL,1,RING,LL,1,0,RING,A_flag_ceiling,3,0.819672
all_reduce_perf,2,16,4194304,1048576,float,sum,3254.55,1.29,2.42,0,3215.81,1.3,2.45,0,RING,LL,1,RING,LL,1,0,RING,A_flag_ceiling,3,1.22449
all_reduce_perf,2,16,8388608,2097152,float,sum,6500.82,1.29,2.42,0,6424.31,1.31,2.45,0,RING,LL,1,RING,LL,1,0,RING,A_flag_ceiling,3,1.22449
all_reduce_perf,2,16,16777216,4194304,float,sum,13013.5,1.29,2.42,0,12923.7,1.3,2.43,0,RING,LL,1,RING,LL,1,0,RING,A_flag_ceiling,3,0.823045
all_reduce_perf,2,16,33554432,8388608,float,sum,26026.5,1.29,2.42,0,25997.4,1.29,2.42,0,RING,LL,1,RING,LL,1,0,RING,A_flag_ceiling,3,0.826446
all_reduce_perf,2,16,67108864,16777216,float,sum,52030.5,1.29,2.42,0,52014,1.29,2.42,0,RING,LL,1,RING,LL,1,0,RING,A_flag_ceiling,3,0.826446
all_reduce_perf,2,16,134217728,33554432,float,sum,104186,1.29,2.42,0,104183,1.29,2.42,0,RING,LL,1,RING,LL,1,0,RING,A_flag_ceiling,3,1.23967
all_reduce_perf,2,16,268435456,67108864,float,sum,208202,1.29,2.42,0,208303,1.29,2.42,0,RING,LL,1,RING,LL,1,0,RING,A_flag_ceiling,3,0.826446
all_reduce_perf,2,16,536870912,134217728,float,sum,416478,1.29,2.42,0,416295,1.29,2.42,0,RING,LL,1,RING,LL,1,0,RING,A_flag_ceiling,3,0.826446
all_reduce_perf,2,16,4096,1024,float,sum,90.68,0.05,0.08,0,90.12,0.05,0.09,0,RING,LL128,1,RING,LL128,1,0,RING,A_flag_ceiling,3,11.1111
all_reduce_perf,2,16,8192,2048,float,sum,90.88,0.09,0.17,0,89.9,0.09,0.17,0,RING,LL128,1,RING,LL128,1,0,RING,A_flag_ceiling,3,0
all_reduce_perf,2,16,16384,4096,float,sum,93.13,0.18,0.33,0,89.17,0.18,0.34,0,RING,LL128,1,RING,LL128,1,0,RING,A_flag_ceiling,3,2.94118
all_reduce_perf,2,16,32768,8192,float,sum,91.66,0.36,0.67,0,89.54,0.37,0.69,0,RING,LL128,1,RING,LL128,1,0,RING,A_flag_ceiling,3,2.89855
all_reduce_perf,2,16,65536,16384,float,sum,96.15,0.68,1.28,0,92.23,0.71,1.33,0,RING,LL128,1,RING,LL128,1,0,RING,A_flag_ceiling,3,1.50376
all_reduce_perf,2,16,131072,32768,float,sum,98.98,1.32,2.48,0,94.99,1.38,2.59,0,RING,LL128,1,RING,LL128,1,0,RING,A_flag_ceiling,3,1.9305
all_reduce_perf,2,16,262144,65536,float,sum,102.53,2.56,4.79,0,101.74,2.58,4.83,0,RING,LL128,1,RING,LL128,1,0,RING,A_flag_ceiling,3,0.621118
all_reduce_perf,2,16,524288,131072,float,sum,137.93,3.8,7.13,0,127.59,4.11,7.7,0,RING,LL128,1,RING,LL128,1,0,RING,A_flag_ceiling,3,37.4026
all_reduce_perf,2,16,1048576,262144,float,sum,211.91,4.95,9.28,0,197.38,5.31,9.96,0,RING,LL128,1,RING,LL128,1,0,RING,A_flag_ceiling,3,1.00402
all_reduce_perf,2,16,2097152,524288,float,sum,399.73,5.25,9.84,0,382.63,5.48,10.28,0,RING,LL128,1,RING,LL128,1,0,RING,A_flag_ceiling,3,0.0972763
all_reduce_perf,2,16,4194304,1048576,float,sum,735.11,5.71,10.7,0,710.09,5.91,11.08,0,RING,LL128,1,RING,LL128,1,0,RING,A_flag_ceiling,3,0.902527
all_reduce_perf,2,16,8388608,2097152,float,sum,1425.17,5.89,11.04,0,1382.89,6.07,11.37,0,RING,LL128,1,RING,LL128,1,0,RING,A_flag_ceiling,3,0.703606
all_reduce_perf,2,16,16777216,4194304,float,sum,2749.34,6.1,11.44,0,2748.6,6.1,11.44,0,RING,LL128,1,RING,LL128,1,0,RING,A_flag_ceiling,3,0.874126
all_reduce_perf,2,16,33554432,8388608,float,sum,5429.22,6.18,11.59,0,5463.79,6.14,11.51,0,RING,LL128,1,RING,LL128,1,0,RING,A_flag_ceiling,3,2.17202
all_reduce_perf,2,16,67108864,16777216,float,sum,10817.3,6.2,11.63,0,10845.7,6.19,11.6,0,RING,LL128,1,RING,LL128,1,0,RING,A_flag_ceiling,3,1.81034
all_reduce_perf,2,16,134217728,33554432,float,sum,21544.7,6.23,11.68,0,21689.8,6.19,11.6,0,RING,LL128,1,RING,LL128,1,0,RING,A_flag_ceiling,3,2.24138
all_reduce_perf,2,16,268435456,67108864,float,sum,43130.5,6.22,11.67,0,43412,6.18,11.59,0,RING,LL128,1,RING,LL128,1,0,RING,A_flag_ceiling,3,2.24331
all_reduce_perf,2,16,536870912,134217728,float,sum,86250.5,6.22,11.67,0,86641.3,6.2,11.62,0,RING,LL128,1,RING,LL128,1,0,RING,A_flag_ceiling,3,1.89329
all_reduce_perf,2,16,4096,1024,float,sum,271.44,0.02,0.03,0,272.43,0.02,0.03,0,RING,SIMPLE,2,RING,SIMPLE,2,0,RING,A_flag_ceiling,3,0
all_reduce_perf,2,16,8192,2048,float,sum,273.83,0.03,0.06,0,269.93,0.03,0.06,0,RING,SIMPLE,2,RING,SIMPLE,2,0,RING,A_flag_ceiling,3,0
all_reduce_perf,2,16,16384,4096,float,sum,273.26,0.06,0.11,0,272.66,0.06,0.11,0,RING,SIMPLE,2,RING,SIMPLE,2,0,RING,A_flag_ceiling,3,0
all_reduce_perf,2,16,32768,8192,float,sum,275.87,0.12,0.22,0,274.96,0.12,0.22,0,RING,SIMPLE,2,RING,SIMPLE,2,0,RING,A_flag_ceiling,3,4.54545
all_reduce_perf,2,16,65536,16384,float,sum,278.17,0.24,0.44,0,278.66,0.24,0.44,0,RING,SIMPLE,2,RING,SIMPLE,2,0,RING,A_flag_ceiling,3,0
all_reduce_perf,2,16,131072,32768,float,sum,283.71,0.46,0.87,0,282.14,0.46,0.87,0,RING,SIMPLE,2,RING,SIMPLE,2,0,RING,A_flag_ceiling,3,0
all_reduce_perf,2,16,262144,65536,float,sum,285.12,0.92,1.72,0,284.43,0.92,1.73,0,RING,SIMPLE,2,RING,SIMPLE,2,0,RING,A_flag_ceiling,3,1.15607
all_reduce_perf,2,16,524288,131072,float,sum,291.43,1.8,3.37,0,288.65,1.82,3.41,0,RING,SIMPLE,2,RING,SIMPLE,2,0,RING,A_flag_ceiling,3,0.879765
all_reduce_perf,2,16,1048576,262144,float,sum,314.24,3.34,6.26,0,313.48,3.34,6.27,0,RING,SIMPLE,2,RING,SIMPLE,2,0,RING,A_flag_ceiling,3,0.637959
all_reduce_perf,2,16,2097152,524288,float,sum,351.96,5.96,11.17,0,345.96,6.06,11.37,0,RING,SIMPLE,2,RING,SIMPLE,2,0,RING,A_flag_ceiling,3,0.527704
all_reduce_perf,2,16,4194304,1048576,float,sum,451.96,9.28,17.4,0,443.33,9.46,17.74,0,RING,SIMPLE,2,RING,SIMPLE,2,0,RING,A_flag_ceiling,3,0.507328
all_reduce_perf,2,16,8388608,2097152,float,sum,670.01,12.52,23.48,0,657.83,12.75,23.91,0,RING,SIMPLE,2,RING,SIMPLE,2,0,RING,A_flag_ceiling,3,0.543706
all_reduce_perf,2,16,16777216,4194304,float,sum,1114.38,15.06,28.23,0,1107.5,15.15,28.4,0,RING,SIMPLE,2,RING,SIMPLE,2,0,RING,A_flag_ceiling,3,0.246479
all_reduce_perf,2,16,33554432,8388608,float,sum,2097.22,16,30,0,2094.69,16.02,30.04,0,RING,SIMPLE,2,RING,SIMPLE,2,0,RING,A_flag_ceiling,3,0.0998668
all_reduce_perf,2,16,67108864,16777216,float,sum,3983.69,16.85,31.59,0,3982.86,16.85,31.59,0,RING,SIMPLE,2,RING,SIMPLE,2,0,RING,A_flag_ceiling,3,0.0949668
all_reduce_perf,2,16,134217728,33554432,float,sum,7924.85,16.94,31.76,0,7929.97,16.93,31.74,0,RING,SIMPLE,2,RING,SIMPLE,2,0,RING,A_flag_ceiling,3,0.126024
all_reduce_perf,2,16,268435456,67108864,float,sum,15827.3,16.96,31.8,0,15834.5,16.95,31.79,0,RING,SIMPLE,2,RING,SIMPLE,2,0,RING,A_flag_ceiling,3,0.220195
all_reduce_perf,2,16,536870912,134217728,float,sum,31633.8,16.97,31.82,0,31676.7,16.95,31.78,0,RING,SIMPLE,2,RING,SIMPLE,2,0,RING,A_flag_ceiling,3,0.220264
all_reduce_perf,2,16,4096,1024,float,sum,75.63,0.05,0.1,0,72.18,0.06,0.11,0,RING,LL,2,RING,LL,2,0,RING,A_flag_ceiling,3,9.09091
all_reduce_perf,2,16,8192,2048,float,sum,73.96,0.11,0.21,0,72.95,0.11,0.21,0,RING,LL,2,RING,LL,2,0,RING,A_flag_ceiling,3,4.7619
all_reduce_perf,2,16,16384,4096,float,sum,76.13,0.22,0.4,0,73.19,0.22,0.42,0,RING,LL,2,RING,LL,2,0,RING,A_flag_ceiling,3,0
all_reduce_perf,2,16,32768,8192,float,sum,76.35,0.43,0.8,0,74.27,0.44,0.83,0,RING,LL,2,RING,LL,2,0,RING,A_flag_ceiling,3,0
all_reduce_perf,2,16,65536,16384,float,sum,79.13,0.83,1.55,0,75.48,0.87,1.63,0,RING,LL,2,RING,LL,2,0,RING,A_flag_ceiling,3,1.22699
all_reduce_perf,2,16,131072,32768,float,sum,92.3,1.42,2.66,0,88.2,1.49,2.79,0,RING,LL,2,RING,LL,2,0,RING,A_flag_ceiling,3,1.43369
all_reduce_perf,2,16,262144,65536,float,sum,133.33,1.97,3.69,0,127.35,2.06,3.86,0,RING,LL,2,RING,LL,2,0,RING,A_flag_ceiling,3,1.29534
all_reduce_perf,2,16,524288,131072,float,sum,213.47,2.46,4.61,0,207.32,2.53,4.74,0,RING,LL,2,RING,LL,2,0,RING,A_flag_ceiling,3,0.843882
all_reduce_perf,2,16,1048576,262144,float,sum,410.97,2.55,4.78,0,407.09,2.58,4.83,0,RING,LL,2,RING,LL,2,0,RING,A_flag_ceiling,3,0.621118
all_reduce_perf,2,16,2097152,524288,float,sum,817.89,2.56,4.81,0,809.64,2.59,4.86,0,RING,LL,2,RING,LL,2,0,RING,A_flag_ceiling,3,0.617284
all_reduce_perf,2,16,4194304,1048576,float,sum,1634.07,2.57,4.81,0,1611.84,2.6,4.88,0,RING,LL,2,RING,LL,2,0,RING,A_flag_ceiling,3,0.409836
all_reduce_perf,2,16,8388608,2097152,float,sum,3252.7,2.58,4.84,0,3224.06,2.6,4.88,0,RING,LL,2,RING,LL,2,0,RING,A_flag_ceiling,3,0.614754
all_reduce_perf,2,16,16777216,4194304,float,sum,6500.42,2.58,4.84,0,6467.06,2.59,4.86,0,RING,LL,2,RING,LL,2,0,RING,A_flag_ceiling,3,0.823045
all_reduce_perf,2,16,33554432,8388608,float,sum,12983.9,2.58,4.85,0,13024.2,2.58,4.83,0,RING,LL,2,RING,LL,2,0,RING,A_flag_ceiling,3,0.414079
all_reduce_perf,2,16,67108864,16777216,float,sum,25994.7,2.58,4.84,0,26124.1,2.57,4.82,0,RING,LL,2,RING,LL,2,0,RING,A_flag_ceiling,3,0.622407
all_reduce_perf,2,16,134217728,33554432,float,sum,51953,2.58,4.84,0,52243.4,2.57,4.82,0,RING,LL,2,RING,LL,2,0,RING,A_flag_ceiling,3,0.622407
all_reduce_perf,2,16,268435456,67108864,float,sum,103914,2.58,4.84,0,104461,2.57,4.82,0,RING,LL,2,RING,LL,2,0,RING,A_flag_ceiling,3,0.622407
all_reduce_perf,2,16,536870912,134217728,float,sum,207943,2.58,4.84,0,209203,2.57,4.81,0,RING,LL,2,RING,LL,2,0,RING,A_flag_ceiling,3,0.4158
all_reduce_perf,2,16,4096,1024,float,sum,91.44,0.04,0.08,0,90.51,0.05,0.08,0,RING,LL128,2,RING,LL128,2,0,RING,A_flag_ceiling,3,12.5
all_reduce_perf,2,16,8192,2048,float,sum,92.1,0.09,0.17,0,89.92,0.09,0.17,0,RING,LL128,2,RING,LL128,2,0,RING,A_flag_ceiling,3,5.88235
all_reduce_perf,2,16,16384,4096,float,sum,92.17,0.18,0.33,0,90.71,0.18,0.34,0,RING,LL128,2,RING,LL128,2,0,RING,A_flag_ceiling,3,2.94118
all_reduce_perf,2,16,32768,8192,float,sum,94.1,0.35,0.65,0,90.14,0.36,0.68,0,RING,LL128,2,RING,LL128,2,0,RING,A_flag_ceiling,3,0
all_reduce_perf,2,16,65536,16384,float,sum,94.48,0.69,1.3,0,90.74,0.72,1.35,0,RING,LL128,2,RING,LL128,2,0,RING,A_flag_ceiling,3,0.740741
all_reduce_perf,2,16,131072,32768,float,sum,96.37,1.36,2.55,0,93.42,1.4,2.63,0,RING,LL128,2,RING,LL128,2,0,RING,A_flag_ceiling,3,0.380228
all_reduce_perf,2,16,262144,65536,float,sum,99.02,2.65,4.96,0,94.74,2.77,5.19,0,RING,LL128,2,RING,LL128,2,0,RING,A_flag_ceiling,3,0.963391
all_reduce_perf,2,16,524288,131072,float,sum,106.98,4.9,9.19,0,101.25,5.18,9.71,0,RING,LL128,2,RING,LL128,2,0,RING,A_flag_ceiling,3,1.23584
all_reduce_perf,2,16,1048576,262144,float,sum,141.83,7.39,13.86,0,130.68,8.02,15.05,0,RING,LL128,2,RING,LL128,2,0,RING,A_flag_ceiling,3,0.863787
all_reduce_perf,2,16,2097152,524288,float,sum,214.77,9.76,18.31,0,207.15,10.12,18.98,0,RING,LL128,2,RING,LL128,2,0,RING,A_flag_ceiling,3,1.31718
all_reduce_perf,2,16,4194304,1048576,float,sum,417.59,10.04,18.83,0,402.82,10.41,19.52,0,RING,LL128,2,RING,LL128,2,0,RING,A_flag_ceiling,3,1.79303
all_reduce_perf,2,16,8388608,2097152,float,sum,779.52,10.76,20.18,0,750.7,11.17,20.95,0,RING,LL128,2,RING,LL128,2,0,RING,A_flag_ceiling,3,1.76611
all_reduce_perf,2,16,16777216,4194304,float,sum,1531.92,10.95,20.53,0,1506.87,11.13,20.88,0,RING,LL128,2,RING,LL128,2,0,RING,A_flag_ceiling,3,1.19732
all_reduce_perf,2,16,33554432,8388608,float,sum,3024.52,11.09,20.8,0,2996.1,11.2,21,0,RING,LL128,2,RING,LL128,2,0,RING,A_flag_ceiling,3,1.57143
all_reduce_perf,2,16,67108864,16777216,float,sum,6010.25,11.17,20.94,0,5984.53,11.21,21.03,0,RING,LL128,2,RING,LL128,2,0,RING,A_flag_ceiling,3,1.14123
all_reduce_perf,2,16,134217728,33554432,float,sum,11996.9,11.19,20.98,0,11983.8,11.2,21,0,RING,LL128,2,RING,LL128,2,0,RING,A_flag_ceiling,3,1.19048
all_reduce_perf,2,16,268435456,67108864,float,sum,24023.1,11.17,20.95,0,23943.3,11.21,21.02,0,RING,LL128,2,RING,LL128,2,0,RING,A_flag_ceiling,3,1.23692
all_reduce_perf,2,16,536870912,134217728,float,sum,47966.4,11.19,20.99,0,47970.9,11.19,20.98,0,RING,LL128,2,RING,LL128,2,0,RING,A_flag_ceiling,3,1.09628
all_reduce_perf,2,16,4096,1024,float,sum,273.13,0.01,0.03,0,269.37,0.02,0.03,0,RING,SIMPLE,4,RING,SIMPLE,4,0,RING,A_flag_ceiling,3,0
all_reduce_perf,2,16,8192,2048,float,sum,272.59,0.03,0.06,0,269.88,0.03,0.06,0,RING,SIMPLE,4,RING,SIMPLE,4,0,RING,A_flag_ceiling,3,0
all_reduce_perf,2,16,16384,4096,float,sum,273.79,0.06,0.11,0,271.98,0.06,0.11,0,RING,SIMPLE,4,RING,SIMPLE,4,0,RING,A_flag_ceiling,3,0
all_reduce_perf,2,16,32768,8192,float,sum,274.52,0.12,0.22,0,271.88,0.12,0.23,0,RING,SIMPLE,4,RING,SIMPLE,4,0,RING,A_flag_ceiling,3,4.34783
all_reduce_perf,2,16,65536,16384,float,sum,275.76,0.24,0.45,0,274.66,0.24,0.45,0,RING,SIMPLE,4,RING,SIMPLE,4,0,RING,A_flag_ceiling,3,2.22222
all_reduce_perf,2,16,131072,32768,float,sum,279.08,0.47,0.88,0,277.36,0.47,0.89,0,RING,SIMPLE,4,RING,SIMPLE,4,0,RING,A_flag_ceiling,3,1.1236
all_reduce_perf,2,16,262144,65536,float,sum,283.86,0.92,1.73,0,283.06,0.93,1.74,0,RING,SIMPLE,4,RING,SIMPLE,4,0,RING,A_flag_ceiling,3,0
all_reduce_perf,2,16,524288,131072,float,sum,285.57,1.84,3.44,0,284.95,1.84,3.45,0,RING,SIMPLE,4,RING,SIMPLE,4,0,RING,A_flag_ceiling,3,0.869565
all_reduce_perf,2,16,1048576,262144,float,sum,292.39,3.59,6.72,0,290.16,3.61,6.78,0,RING,SIMPLE,4,RING,SIMPLE,4,0,RING,A_flag_ceiling,3,1.17994
all_reduce_perf,2,16,2097152,524288,float,sum,314.37,6.67,12.51,0,314.11,6.68,12.52,0,RING,SIMPLE,4,RING,SIMPLE,4,0,RING,A_flag_ceiling,3,0.958466
all_reduce_perf,2,16,4194304,1048576,float,sum,353.45,11.87,22.25,0,346.35,12.11,22.71,0,RING,SIMPLE,4,RING,SIMPLE,4,0,RING,A_flag_ceiling,3,0.616469
all_reduce_perf,2,16,8388608,2097152,float,sum,464.17,18.07,33.89,0,459.89,18.24,34.2,0,RING,SIMPLE,4,RING,SIMPLE,4,0,RING,A_flag_ceiling,3,0.438596
all_reduce_perf,2,16,16777216,4194304,float,sum,715.25,23.46,43.98,0,714.45,23.48,44.03,0,RING,SIMPLE,4,RING,SIMPLE,4,0,RING,A_flag_ceiling,3,0.24983
all_reduce_perf,2,16,33554432,8388608,float,sum,1221.21,27.48,51.52,0,1227.43,27.34,51.26,0,RING,SIMPLE,4,RING,SIMPLE,4,0,RING,A_flag_ceiling,3,0.253609
all_reduce_perf,2,16,67108864,16777216,float,sum,2244.94,29.89,56.05,0,2247.37,29.86,55.99,0,RING,SIMPLE,4,RING,SIMPLE,4,0,RING,A_flag_ceiling,3,0.446508
all_reduce_perf,2,16,134217728,33554432,float,sum,4198.55,31.97,59.94,0,4203.08,31.93,59.87,0,RING,SIMPLE,4,RING,SIMPLE,4,0,RING,A_flag_ceiling,3,0.183731
all_reduce_perf,2,16,268435456,67108864,float,sum,8351.3,32.14,60.27,0,8364.12,32.09,60.18,0,RING,SIMPLE,4,RING,SIMPLE,4,0,RING,A_flag_ceiling,3,0.0332336
all_reduce_perf,2,16,536870912,134217728,float,sum,16662.1,32.22,60.41,0,16697.7,32.15,60.29,0,RING,SIMPLE,4,RING,SIMPLE,4,0,RING,A_flag_ceiling,3,0.116105
all_reduce_perf,2,16,4096,1024,float,sum,75.38,0.05,0.1,0,73.11,0.06,0.11,0,RING,LL,4,RING,LL,4,0,RING,A_flag_ceiling,3,9.09091
all_reduce_perf,2,16,8192,2048,float,sum,77.05,0.11,0.2,0,74.42,0.11,0.21,0,RING,LL,4,RING,LL,4,0,RING,A_flag_ceiling,3,4.7619
all_reduce_perf,2,16,16384,4096,float,sum,77.5,0.21,0.4,0,74.93,0.22,0.41,0,RING,LL,4,RING,LL,4,0,RING,A_flag_ceiling,3,0
all_reduce_perf,2,16,32768,8192,float,sum,78.46,0.42,0.78,0,74.71,0.44,0.82,0,RING,LL,4,RING,LL,4,0,RING,A_flag_ceiling,3,1.21951
all_reduce_perf,2,16,65536,16384,float,sum,77.42,0.85,1.59,0,75.68,0.87,1.62,0,RING,LL,4,RING,LL,4,0,RING,A_flag_ceiling,3,1.85185
all_reduce_perf,2,16,131072,32768,float,sum,77.47,1.69,3.17,0,77.48,1.69,3.17,0,RING,LL,4,RING,LL,4,0,RING,A_flag_ceiling,3,2.2082
all_reduce_perf,2,16,262144,65536,float,sum,94.05,2.79,5.23,0,89.64,2.92,5.48,0,RING,LL,4,RING,LL,4,0,RING,A_flag_ceiling,3,0.912409
all_reduce_perf,2,16,524288,131072,float,sum,133.8,3.92,7.35,0,127.6,4.11,7.7,0,RING,LL,4,RING,LL,4,0,RING,A_flag_ceiling,3,2.20779
all_reduce_perf,2,16,1048576,262144,float,sum,221.28,4.74,8.89,0,212.62,4.93,9.25,0,RING,LL,4,RING,LL,4,0,RING,A_flag_ceiling,3,0.324324
all_reduce_perf,2,16,2097152,524288,float,sum,421.69,4.97,9.32,0,417.43,5.02,9.42,0,RING,LL,4,RING,LL,4,0,RING,A_flag_ceiling,3,7.431
all_reduce_perf,2,16,4194304,1048576,float,sum,837.34,5.01,9.39,0,825.94,5.08,9.52,0,RING,LL,4,RING,LL,4,0,RING,A_flag_ceiling,3,3.2563
all_reduce_perf,2,16,8388608,2097152,float,sum,1665.78,5.04,9.44,0,1640.94,5.11,9.59,0,RING,LL,4,RING,LL,4,0,RING,A_flag_ceiling,3,0.938478
all_reduce_perf,2,16,16777216,4194304,float,sum,3345.04,5.02,9.4,0,3296.29,5.09,9.54,0,RING,LL,4,RING,LL,4,0,RING,A_flag_ceiling,3,1.04822
all_reduce_perf,2,16,33554432,8388608,float,sum,6732.87,4.98,9.34,0,6632.25,5.06,9.49,0,RING,LL,4,RING,LL,4,0,RING,A_flag_ceiling,3,1.05374
all_reduce_perf,2,16,67108864,16777216,float,sum,13473.7,4.98,9.34,0,13331.5,5.03,9.44,0,RING,LL,4,RING,LL,4,0,RING,A_flag_ceiling,3,1.48305
all_reduce_perf,2,16,134217728,33554432,float,sum,27024.7,4.97,9.31,0,26731.9,5.02,9.41,0,RING,LL,4,RING,LL,4,0,RING,A_flag_ceiling,3,1.59405
all_reduce_perf,2,16,268435456,67108864,float,sum,54036.7,4.97,9.31,0,53465,5.02,9.41,0,RING,LL,4,RING,LL,4,0,RING,A_flag_ceiling,3,1.59405
all_reduce_perf,2,16,536870912,134217728,float,sum,108086,4.97,9.31,0,106965,5.02,9.41,0,RING,LL,4,RING,LL,4,0,RING,A_flag_ceiling,3,1.59405
all_reduce_perf,2,16,4096,1024,float,sum,91.89,0.04,0.08,0,90.08,0.05,0.09,0,RING,LL128,4,RING,LL128,4,0,RING,A_flag_ceiling,3,11.1111
all_reduce_perf,2,16,8192,2048,float,sum,91.81,0.09,0.17,0,89.59,0.09,0.17,0,RING,LL128,4,RING,LL128,4,0,RING,A_flag_ceiling,3,0
all_reduce_perf,2,16,16384,4096,float,sum,93,0.18,0.33,0,90.16,0.18,0.34,0,RING,LL128,4,RING,LL128,4,0,RING,A_flag_ceiling,3,2.94118
all_reduce_perf,2,16,32768,8192,float,sum,97.48,0.34,0.63,0,93.05,0.35,0.66,0,RING,LL128,4,RING,LL128,4,0,RING,A_flag_ceiling,3,1.51515
all_reduce_perf,2,16,65536,16384,float,sum,96.83,0.68,1.27,0,93.4,0.7,1.32,0,RING,LL128,4,RING,LL128,4,0,RING,A_flag_ceiling,3,0.757576
all_reduce_perf,2,16,131072,32768,float,sum,97.63,1.34,2.52,0,93.93,1.4,2.62,0,RING,LL128,4,RING,LL128,4,0,RING,A_flag_ceiling,3,0.381679
all_reduce_perf,2,16,262144,65536,float,sum,100.2,2.62,4.91,0,95.96,2.73,5.12,0,RING,LL128,4,RING,LL128,4,0,RING,A_flag_ceiling,3,1.5625
all_reduce_perf,2,16,524288,131072,float,sum,103.25,5.08,9.52,0,98.17,5.34,10.01,0,RING,LL128,4,RING,LL128,4,0,RING,A_flag_ceiling,3,0.699301
all_reduce_perf,2,16,1048576,262144,float,sum,105.97,9.9,18.55,0,103.69,10.11,18.96,0,RING,LL128,4,RING,LL128,4,0,RING,A_flag_ceiling,3,0.158228
all_reduce_perf,2,16,2097152,524288,float,sum,150.04,13.98,26.21,0,138.19,15.18,28.45,0,RING,LL128,4,RING,LL128,4,0,RING,A_flag_ceiling,3,0.632689
all_reduce_perf,2,16,4194304,1048576,float,sum,221.99,18.89,35.43,0,214.77,19.53,36.62,0,RING,LL128,4,RING,LL128,4,0,RING,A_flag_ceiling,3,1.11961
all_reduce_perf,2,16,8388608,2097152,float,sum,433.48,19.35,36.28,0,416,20.16,37.81,0,RING,LL128,4,RING,LL128,4,0,RING,A_flag_ceiling,3,1.56043
all_reduce_perf,2,16,16777216,4194304,float,sum,808.67,20.75,38.9,0,791.82,21.19,39.73,0,RING,LL128,4,RING,LL128,4,0,RING,A_flag_ceiling,3,0.729927
all_reduce_perf,2,16,33554432,8388608,float,sum,1589.13,21.11,39.59,0,1576.69,21.28,39.9,0,RING,LL128,4,RING,LL128,4,0,RING,A_flag_ceiling,3,0.601504
all_reduce_perf,2,16,67108864,16777216,float,sum,3135.67,21.4,40.13,0,3122.59,21.49,40.3,0,RING,LL128,4,RING,LL128,4,0,RING,A_flag_ceiling,3,0.8933
all_reduce_perf,2,16,134217728,33554432,float,sum,6264.32,21.43,40.17,0,6227.33,21.55,40.41,0,RING,LL128,4,RING,LL128,4,0,RING,A_flag_ceiling,3,0.890869
all_reduce_perf,2,16,268435456,67108864,float,sum,12497.5,21.48,40.27,0,12418.4,21.62,40.53,0,RING,LL128,4,RING,LL128,4,0,RING,A_flag_ceiling,3,0.96225
all_reduce_perf,2,16,536870912,134217728,float,sum,24984.1,21.49,40.29,0,24867.8,21.59,40.48,0,RING,LL128,4,RING,LL128,4,0,RING,A_flag_ceiling,3,1.08696
all_reduce_perf,2,16,4096,1024,float,sum,271.95,0.02,0.03,0,269.37,0.02,0.03,0,RING,SIMPLE,8,RING,SIMPLE,8,0,RING,A_flag_ceiling,3,0
all_reduce_perf,2,16,8192,2048,float,sum,275.34,0.03,0.06,0,270.41,0.03,0.06,0,RING,SIMPLE,8,RING,SIMPLE,8,0,RING,A_flag_ceiling,3,0
all_reduce_perf,2,16,16384,4096,float,sum,276.23,0.06,0.11,0,273.85,0.06,0.11,0,RING,SIMPLE,8,RING,SIMPLE,8,0,RING,A_flag_ceiling,3,0
all_reduce_perf,2,16,32768,8192,float,sum,275.73,0.12,0.22,0,274.42,0.12,0.22,0,RING,SIMPLE,8,RING,SIMPLE,8,0,RING,A_flag_ceiling,3,4.54545
all_reduce_perf,2,16,65536,16384,float,sum,291.52,0.22,0.42,0,290.26,0.23,0.42,0,RING,SIMPLE,8,RING,SIMPLE,8,0,RING,A_flag_ceiling,3,0
all_reduce_perf,2,16,131072,32768,float,sum,292.14,0.45,0.84,0,291.73,0.45,0.84,0,RING,SIMPLE,8,RING,SIMPLE,8,0,RING,A_flag_ceiling,3,0
all_reduce_perf,2,16,262144,65536,float,sum,293.33,0.89,1.68,0,291.69,0.9,1.69,0,RING,SIMPLE,8,RING,SIMPLE,8,0,RING,A_flag_ceiling,3,0.591716
all_reduce_perf,2,16,524288,131072,float,sum,296.38,1.77,3.32,0,295.83,1.77,3.32,0,RING,SIMPLE,8,RING,SIMPLE,8,0,RING,A_flag_ceiling,3,0.60241
all_reduce_perf,2,16,1048576,262144,float,sum,300.34,3.49,6.55,0,298.82,3.51,6.58,0,RING,SIMPLE,8,RING,SIMPLE,8,0,RING,A_flag_ceiling,3,0.607903
all_reduce_perf,2,16,2097152,524288,float,sum,314.47,6.67,12.5,0,313.16,6.7,12.56,0,RING,SIMPLE,8,RING,SIMPLE,8,0,RING,A_flag_ceiling,3,0.636943
all_reduce_perf,2,16,4194304,1048576,float,sum,336.92,12.45,23.34,0,336.04,12.48,23.4,0,RING,SIMPLE,8,RING,SIMPLE,8,0,RING,A_flag_ceiling,3,1.15385
all_reduce_perf,2,16,8388608,2097152,float,sum,362.97,23.11,43.33,0,355.31,23.61,44.27,0,RING,SIMPLE,8,RING,SIMPLE,8,0,RING,A_flag_ceiling,3,0.67766
all_reduce_perf,2,16,16777216,4194304,float,sum,474.72,35.34,66.26,0,470.75,35.64,66.82,0,RING,SIMPLE,8,RING,SIMPLE,8,0,RING,A_flag_ceiling,3,0.374139
all_reduce_perf,2,16,33554432,8388608,float,sum,712.92,47.07,88.25,0,718.08,46.73,87.61,0,RING,SIMPLE,8,RING,SIMPLE,8,0,RING,A_flag_ceiling,3,0.21687
all_reduce_perf,2,16,67108864,16777216,float,sum,1224.26,54.82,102.78,0,1229.33,54.59,102.36,0,RING,SIMPLE,8,RING,SIMPLE,8,0,RING,A_flag_ceiling,3,0.615475
all_reduce_perf,2,16,134217728,33554432,float,sum,2248.27,59.7,111.93,0,2254.73,59.53,111.61,0,RING,SIMPLE,8,RING,SIMPLE,8,0,RING,A_flag_ceiling,3,0.250874
all_reduce_perf,2,16,268435456,67108864,float,sum,4220.1,63.61,119.27,0,4219.67,63.62,119.28,0,RING,SIMPLE,8,RING,SIMPLE,8,0,RING,A_flag_ceiling,3,0.167673
all_reduce_perf,2,16,536870912,134217728,float,sum,8399.11,63.92,119.85,0,8388.37,64,120,0,RING,SIMPLE,8,RING,SIMPLE,8,0,RING,A_flag_ceiling,3,0.158333
all_reduce_perf,2,16,4096,1024,float,sum,73.91,0.06,0.1,0,72.96,0.06,0.11,0,RING,LL,8,RING,LL,8,0,RING,A_flag_ceiling,3,9.09091
all_reduce_perf,2,16,8192,2048,float,sum,76.45,0.11,0.2,0,74.21,0.11,0.21,0,RING,LL,8,RING,LL,8,0,RING,A_flag_ceiling,3,0
all_reduce_perf,2,16,16384,4096,float,sum,82.27,0.2,0.37,0,78.71,0.21,0.39,0,RING,LL,8,RING,LL,8,0,RING,A_flag_ceiling,3,0
all_reduce_perf,2,16,32768,8192,float,sum,83.04,0.39,0.74,0,79.24,0.41,0.78,0,RING,LL,8,RING,LL,8,0,RING,A_flag_ceiling,3,1.28205
all_reduce_perf,2,16,65536,16384,float,sum,84.12,0.78,1.46,0,79.64,0.82,1.54,0,RING,LL,8,RING,LL,8,0,RING,A_flag_ceiling,3,0.649351
all_reduce_perf,2,16,131072,32768,float,sum,81.23,1.61,3.03,0,81.01,1.62,3.03,0,RING,LL,8,RING,LL,8,0,RING,A_flag_ceiling,3,0.990099
all_reduce_perf,2,16,262144,65536,float,sum,83.66,3.13,5.88,0,82.48,3.18,5.96,0,RING,LL,8,RING,LL,8,0,RING,A_flag_ceiling,3,1.00671
all_reduce_perf,2,16,524288,131072,float,sum,99.96,5.25,9.83,0,95.75,5.48,10.27,0,RING,LL,8,RING,LL,8,0,RING,A_flag_ceiling,3,1.46056
all_reduce_perf,2,16,1048576,262144,float,sum,140.88,7.44,13.96,0,134.41,7.8,14.63,0,RING,LL,8,RING,LL,8,0,RING,A_flag_ceiling,3,0.205058
all_reduce_perf,2,16,2097152,524288,float,sum,226.1,9.28,17.39,0,216.02,9.71,18.2,0,RING,LL,8,RING,LL,8,0,RING,A_flag_ceiling,3,0.494505
all_reduce_perf,2,16,4194304,1048576,float,sum,423.31,9.91,18.58,0,419.56,10,18.74,0,RING,LL,8,RING,LL,8,0,RING,A_flag_ceiling,3,0.373533
all_reduce_perf,2,16,8388608,2097152,float,sum,837.05,10.02,18.79,0,831.34,10.09,18.92,0,RING,LL,8,RING,LL,8,0,RING,A_flag_ceiling,3,0.634249
all_reduce_perf,2,16,16777216,4194304,float,sum,1667.16,10.06,18.87,0,1666.75,10.07,18.87,0,RING,LL,8,RING,LL,8,0,RING,A_flag_ceiling,3,0.741918
all_reduce_perf,2,16,33554432,8388608,float,sum,3345.48,10.03,18.81,0,3342.02,10.04,18.83,0,RING,LL,8,RING,LL,8,0,RING,A_flag_ceiling,3,0.796601
all_reduce_perf,2,16,67108864,16777216,float,sum,6725.2,9.98,18.71,0,6710.94,10,18.75,0,RING,LL,8,RING,LL,8,0,RING,A_flag_ceiling,3,0.8
all_reduce_perf,2,16,134217728,33554432,float,sum,13479.8,9.96,18.67,0,13538.4,9.91,18.59,0,RING,LL,8,RING,LL,8,0,RING,A_flag_ceiling,3,0.806885
all_reduce_perf,2,16,268435456,67108864,float,sum,27003.7,9.94,18.64,0,27193.7,9.87,18.51,0,RING,LL,8,RING,LL,8,0,RING,A_flag_ceiling,3,0.648298
all_reduce_perf,2,16,536870912,134217728,float,sum,54061,9.93,18.62,0,54451.1,9.86,18.49,0,RING,LL,8,RING,LL,8,0,RING,A_flag_ceiling,3,0.648999
all_reduce_perf,2,16,4096,1024,float,sum,91.88,0.04,0.08,0,91.65,0.04,0.08,0,RING,LL128,8,RING,LL128,8,0,RING,A_flag_ceiling,3,0
all_reduce_perf,2,16,8192,2048,float,sum,92.65,0.09,0.17,0,90.59,0.09,0.17,0,RING,LL128,8,RING,LL128,8,0,RING,A_flag_ceiling,3,0
all_reduce_perf,2,16,16384,4096,float,sum,93.51,0.18,0.33,0,89.82,0.18,0.34,0,RING,LL128,8,RING,LL128,8,0,RING,A_flag_ceiling,3,0
all_reduce_perf,2,16,32768,8192,float,sum,97.58,0.34,0.63,0,93.37,0.35,0.66,0,RING,LL128,8,RING,LL128,8,0,RING,A_flag_ceiling,3,1.51515
all_reduce_perf,2,16,65536,16384,float,sum,102.53,0.64,1.2,0,97.99,0.67,1.25,0,RING,LL128,8,RING,LL128,8,0,RING,A_flag_ceiling,3,1.6
all_reduce_perf,2,16,131072,32768,float,sum,102.43,1.28,2.4,0,97.79,1.34,2.51,0,RING,LL128,8,RING,LL128,8,0,RING,A_flag_ceiling,3,2.78884
all_reduce_perf,2,16,262144,65536,float,sum,102.49,2.56,4.8,0,99.26,2.64,4.95,0,RING,LL128,8,RING,LL128,8,0,RING,A_flag_ceiling,3,1.0101
all_reduce_perf,2,16,524288,131072,float,sum,102.85,5.1,9.56,0,101.43,5.17,9.69,0,RING,LL128,8,RING,LL128,8,0,RING,A_flag_ceiling,3,1.34159
all_reduce_perf,2,16,1048576,262144,float,sum,105.18,9.97,18.69,0,103.22,10.16,19.05,0,RING,LL128,8,RING,LL128,8,0,RING,A_flag_ceiling,3,0.472441
all_reduce_perf,2,16,2097152,524288,float,sum,115.11,18.22,34.16,0,109.12,19.22,36.04,0,RING,LL128,8,RING,LL128,8,0,RING,A_flag_ceiling,3,0.0554939
all_reduce_perf,2,16,4194304,1048576,float,sum,153.1,27.4,51.37,0,140.5,29.85,55.97,0,RING,LL128,8,RING,LL128,8,0,RING,A_flag_ceiling,3,0.696802
all_reduce_perf,2,16,8388608,2097152,float,sum,224.43,37.38,70.08,0,217.36,38.59,72.36,0,RING,LL128,8,RING,LL128,8,0,RING,A_flag_ceiling,3,0.138198
all_reduce_perf,2,16,16777216,4194304,float,sum,436.59,38.43,72.05,0,430.93,38.93,73,0,RING,LL128,8,RING,LL128,8,0,RING,A_flag_ceiling,3,0.150685
all_reduce_perf,2,16,33554432,8388608,float,sum,812.86,41.28,77.4,0,806.75,41.59,77.99,0,RING,LL128,8,RING,LL128,8,0,RING,A_flag_ceiling,3,0.397487
all_reduce_perf,2,16,67108864,16777216,float,sum,1601.73,41.9,78.56,0,1597.46,42.01,78.77,0,RING,LL128,8,RING,LL128,8,0,RING,A_flag_ceiling,3,0.304685
all_reduce_perf,2,16,134217728,33554432,float,sum,3168.14,42.36,79.43,0,3167.02,42.38,79.46,0,RING,LL128,8,RING,LL128,8,0,RING,A_flag_ceiling,3,0.276869
all_reduce_perf,2,16,268435456,67108864,float,sum,6305.45,42.57,79.82,0,6308.12,42.55,79.79,0,RING,LL128,8,RING,LL128,8,0,RING,A_flag_ceiling,3,0.350921
all_reduce_perf,2,16,536870912,134217728,float,sum,12582.5,42.67,80,0,12599.4,42.61,79.9,0,RING,LL128,8,RING,LL128,8,0,RING,A_flag_ceiling,3,0.425532
all_reduce_perf,2,16,4096,1024,float,sum,271.35,0.02,0.03,0,270.36,0.02,0.03,0,RING,SIMPLE,16,RING,SIMPLE,16,0,RING,A_flag_ceiling,3,0
all_reduce_perf,2,16,8192,2048,float,sum,275.93,0.03,0.06,0,272.2,0.03,0.06,0,RING,SIMPLE,16,RING,SIMPLE,16,0,RING,A_flag_ceiling,3,0
all_reduce_perf,2,16,16384,4096,float,sum,275,0.06,0.11,0,272.89,0.06,0.11,0,RING,SIMPLE,16,RING,SIMPLE,16,0,RING,A_flag_ceiling,3,0
all_reduce_perf,2,16,32768,8192,float,sum,274.45,0.12,0.22,0,273.69,0.12,0.22,0,RING,SIMPLE,16,RING,SIMPLE,16,0,RING,A_flag_ceiling,3,4.54545
all_reduce_perf,2,16,65536,16384,float,sum,291.78,0.22,0.42,0,289.68,0.23,0.42,0,RING,SIMPLE,16,RING,SIMPLE,16,0,RING,A_flag_ceiling,3,2.38095
all_reduce_perf,2,16,131072,32768,float,sum,318.41,0.41,0.77,0,318.34,0.41,0.77,0,RING,SIMPLE,16,RING,SIMPLE,16,0,RING,A_flag_ceiling,3,1.2987
all_reduce_perf,2,16,262144,65536,float,sum,318.2,0.82,1.54,0,318.26,0.82,1.54,0,RING,SIMPLE,16,RING,SIMPLE,16,0,RING,A_flag_ceiling,3,0.649351
all_reduce_perf,2,16,524288,131072,float,sum,319.76,1.64,3.07,0,319.13,1.64,3.08,0,RING,SIMPLE,16,RING,SIMPLE,16,0,RING,A_flag_ceiling,3,0.324675
all_reduce_perf,2,16,1048576,262144,float,sum,323.6,3.24,6.08,0,322.89,3.25,6.09,0,RING,SIMPLE,16,RING,SIMPLE,16,0,RING,A_flag_ceiling,3,0.492611
all_reduce_perf,2,16,2097152,524288,float,sum,328.04,6.39,11.99,0,326.51,6.42,12.04,0,RING,SIMPLE,16,RING,SIMPLE,16,0,RING,A_flag_ceiling,3,0.664452
all_reduce_perf,2,16,4194304,1048576,float,sum,342.98,12.23,22.93,0,341.16,12.29,23.05,0,RING,SIMPLE,16,RING,SIMPLE,16,0,RING,A_flag_ceiling,3,1.21475
all_reduce_perf,2,16,8388608,2097152,float,sum,369.76,22.69,42.54,0,367.88,22.8,42.75,0,RING,SIMPLE,16,RING,SIMPLE,16,0,RING,A_flag_ceiling,3,0.912281
all_reduce_perf,2,16,16777216,4194304,float,sum,381.21,44.01,82.52,0,377.78,44.41,83.27,0,RING,SIMPLE,16,RING,SIMPLE,16,0,RING,A_flag_ceiling,3,1.22493
all_reduce_perf,2,16,33554432,8388608,float,sum,491.71,68.24,127.95,0,489.08,68.61,128.64,0,RING,SIMPLE,16,RING,SIMPLE,16,0,RING,A_flag_ceiling,3,0.25653
all_reduce_perf,2,16,67108864,16777216,float,sum,731.1,91.79,172.11,0,729.61,91.98,172.46,0,RING,SIMPLE,16,RING,SIMPLE,16,0,RING,A_flag_ceiling,3,0.208744
all_reduce_perf,2,16,134217728,33554432,float,sum,1240.97,108.16,202.79,0,1241.91,108.07,202.64,0,RING,SIMPLE,16,RING,SIMPLE,16,0,RING,A_flag_ceiling,3,0.330636
all_reduce_perf,2,16,268435456,67108864,float,sum,2234.74,120.12,225.22,0,2231.45,120.3,225.56,0,RING,SIMPLE,16,RING,SIMPLE,16,0,RING,A_flag_ceiling,3,0.19507
all_reduce_perf,2,16,536870912,134217728,float,sum,4155.23,129.2,242.26,0,4135.91,129.81,243.39,0,RING,SIMPLE,16,RING,SIMPLE,16,0,RING,A_flag_ceiling,3,0.160237
all_reduce_perf,2,16,4096,1024,float,sum,74.14,0.06,0.1,0,75.57,0.05,0.1,0,RING,LL,16,RING,LL,16,0,RING,A_flag_ceiling,3,10
all_reduce_perf,2,16,8192,2048,float,sum,77.13,0.11,0.2,0,75.95,0.11,0.2,0,RING,LL,16,RING,LL,16,0,RING,A_flag_ceiling,3,5
all_reduce_perf,2,16,16384,4096,float,sum,84.18,0.19,0.36,0,79.61,0.21,0.39,0,RING,LL,16,RING,LL,16,0,RING,A_flag_ceiling,3,2.5641
all_reduce_perf,2,16,32768,8192,float,sum,101.57,0.32,0.6,0,98.65,0.33,0.62,0,RING,LL,16,RING,LL,16,0,RING,A_flag_ceiling,3,1.6129
all_reduce_perf,2,16,65536,16384,float,sum,103.05,0.64,1.19,0,101.88,0.64,1.21,0,RING,LL,16,RING,LL,16,0,RING,A_flag_ceiling,3,2.47934
all_reduce_perf,2,16,131072,32768,float,sum,108.64,1.21,2.26,0,105.22,1.25,2.34,0,RING,LL,16,RING,LL,16,0,RING,A_flag_ceiling,3,2.13675
all_reduce_perf,2,16,262144,65536,float,sum,112.74,2.33,4.36,0,108.7,2.41,4.52,0,RING,LL,16,RING,LL,16,0,RING,A_flag_ceiling,3,1.54867
all_reduce_perf,2,16,524288,131072,float,sum,120.51,4.35,8.16,0,115.07,4.56,8.54,0,RING,LL,16,RING,LL,16,0,RING,A_flag_ceiling,3,1.99063
all_reduce_perf,2,16,1048576,262144,float,sum,139.99,7.49,14.04,0,135.2,7.76,14.54,0,RING,LL,16,RING,LL,16,0,RING,A_flag_ceiling,3,1.30674
all_reduce_perf,2,16,2097152,524288,float,sum,178.55,11.75,22.02,0,174.1,12.05,22.59,0,RING,LL,16,RING,LL,16,0,RING,A_flag_ceiling,3,0.531208
all_reduce_perf,2,16,4194304,1048576,float,sum,238.01,17.62,33.04,0,236.5,17.74,33.25,0,RING,LL,16,RING,LL,16,0,RING,A_flag_ceiling,3,1.92481
all_reduce_perf,2,16,8388608,2097152,float,sum,455.05,18.43,34.56,0,451.7,18.57,34.82,0,RING,LL,16,RING,LL,16,0,RING,A_flag_ceiling,3,1.9529
all_reduce_perf,2,16,16777216,4194304,float,sum,900.82,18.62,34.92,0,882.6,19.01,35.64,0,RING,LL,16,RING,LL,16,0,RING,A_flag_ceiling,3,2.13244
all_reduce_perf,2,16,33554432,8388608,float,sum,1778.8,18.86,35.37,0,1740.94,19.27,36.14,0,RING,LL,16,RING,LL,16,0,RING,A_flag_ceiling,3,2.4073
all_reduce_perf,2,16,67108864,16777216,float,sum,3486.06,19.25,36.09,0,3474.48,19.31,36.22,0,RING,LL,16,RING,LL,16,0,RING,A_flag_ceiling,3,1.43567
all_reduce_perf,2,16,134217728,33554432,float,sum,7044.76,19.05,35.72,0,7053.38,19.03,35.68,0,RING,LL,16,RING,LL,16,0,RING,A_flag_ceiling,3,4.3722
all_reduce_perf,2,16,268435456,67108864,float,sum,14061.3,19.09,35.79,0,14057.1,19.1,35.81,0,RING,LL,16,RING,LL,16,0,RING,A_flag_ceiling,3,1.31248
all_reduce_perf,2,16,536870912,134217728,float,sum,28106.7,19.1,35.81,0,27946.1,19.21,36.02,0,RING,LL,16,RING,LL,16,0,RING,A_flag_ceiling,3,0.666297
all_reduce_perf,2,16,4096,1024,float,sum,91.96,0.04,0.08,0,90.49,0.05,0.08,0,RING,LL128,16,RING,LL128,16,0,RING,A_flag_ceiling,3,12.5
all_reduce_perf,2,16,8192,2048,float,sum,93.42,0.09,0.16,0,93.01,0.09,0.17,0,RING,LL128,16,RING,LL128,16,0,RING,A_flag_ceiling,3,5.88235
all_reduce_perf,2,16,16384,4096,float,sum,95.58,0.17,0.32,0,90.4,0.18,0.34,0,RING,LL128,16,RING,LL128,16,0,RING,A_flag_ceiling,3,0
all_reduce_perf,2,16,32768,8192,float,sum,98.62,0.33,0.62,0,92.39,0.35,0.66,0,RING,LL128,16,RING,LL128,16,0,RING,A_flag_ceiling,3,1.51515
all_reduce_perf,2,16,65536,16384,float,sum,102.37,0.64,1.2,0,99.43,0.66,1.24,0,RING,LL128,16,RING,LL128,16,0,RING,A_flag_ceiling,3,3.22581
all_reduce_perf,2,16,131072,32768,float,sum,110.71,1.18,2.22,0,106.26,1.23,2.31,0,RING,LL128,16,RING,LL128,16,0,RING,A_flag_ceiling,3,0.865801
all_reduce_perf,2,16,262144,65536,float,sum,108.85,2.41,4.52,0,106.53,2.46,4.61,0,RING,LL128,16,RING,LL128,16,0,RING,A_flag_ceiling,3,41.4317
all_reduce_perf,2,16,524288,131072,float,sum,108.83,4.82,9.03,0,105.9,4.95,9.28,0,RING,LL128,16,RING,LL128,16,0,RING,A_flag_ceiling,3,42.1336
all_reduce_perf,2,16,1048576,262144,float,sum,110.99,9.45,17.71,0,107.15,9.79,18.35,0,RING,LL128,16,RING,LL128,16,0,RING,A_flag_ceiling,3,0.599455
all_reduce_perf,2,16,2097152,524288,float,sum,114.1,18.38,34.46,0,108.86,19.27,36.12,0,RING,LL128,16,RING,LL128,16,0,RING,A_flag_ceiling,3,0.775194
all_reduce_perf,2,16,4194304,1048576,float,sum,116.93,35.87,67.26,0,113.65,36.91,69.2,0,RING,LL128,16,RING,LL128,16,0,RING,A_flag_ceiling,3,1.44509
all_reduce_perf,2,16,8388608,2097152,float,sum,154.27,54.38,101.95,0,146.76,57.16,107.17,0,RING,LL128,16,RING,LL128,16,0,RING,A_flag_ceiling,3,0.401232
all_reduce_perf,2,16,16777216,4194304,float,sum,236.4,70.97,133.07,0,232.16,72.26,135.5,0,RING,LL128,16,RING,LL128,16,0,RING,A_flag_ceiling,3,0.369004
all_reduce_perf,2,16,33554432,8388608,float,sum,455.79,73.62,138.04,0,451.46,74.32,139.36,0,RING,LL128,16,RING,LL128,16,0,RING,A_flag_ceiling,3,0.0932836
all_reduce_perf,2,16,67108864,16777216,float,sum,854.88,78.5,147.19,0,850.81,78.88,147.89,0,RING,LL128,16,RING,LL128,16,0,RING,A_flag_ceiling,3,0.175806
all_reduce_perf,2,16,134217728,33554432,float,sum,1684,79.7,149.44,0,1677.77,80,150,0,RING,LL128,16,RING,LL128,16,0,RING,A_flag_ceiling,3,0.266667
all_reduce_perf,2,16,268435456,67108864,float,sum,3320.45,80.84,151.58,0,3318.54,80.89,151.67,0,RING,LL128,16,RING,LL128,16,0,RING,A_flag_ceiling,3,0.461528
all_reduce_perf,2,16,536870912,134217728,float,sum,6587.4,81.5,152.81,0,6592.2,81.44,152.7,0,RING,LL128,16,RING,LL128,16,0,RING,A_flag_ceiling,3,0.399476
all_reduce_perf,2,16,4096,1024,float,sum,271.64,0.02,0.03,0,269.31,0.02,0.03,0,RING,SIMPLE,24,RING,SIMPLE,24,0,RING,A_flag_ceiling,3,0
all_reduce_perf,2,16,8192,2048,float,sum,271.02,0.03,0.06,0,273.41,0.03,0.06,0,RING,SIMPLE,24,RING,SIMPLE,24,0,RING,A_flag_ceiling,3,16.6667
all_reduce_perf,2,16,16384,4096,float,sum,274.74,0.06,0.11,0,271.16,0.06,0.11,0,RING,SIMPLE,24,RING,SIMPLE,24,0,RING,A_flag_ceiling,3,0
all_reduce_perf,2,16,32768,8192,float,sum,273.41,0.12,0.22,0,272.61,0.12,0.23,0,RING,SIMPLE,24,RING,SIMPLE,24,0,RING,A_flag_ceiling,3,0
all_reduce_perf,2,16,65536,16384,float,sum,291.17,0.23,0.42,0,290.47,0.23,0.42,0,RING,SIMPLE,24,RING,SIMPLE,24,0,RING,A_flag_ceiling,3,35.7143
all_reduce_perf,2,16,131072,32768,float,sum,317.68,0.41,0.77,0,316.46,0.41,0.78,0,RING,SIMPLE,24,RING,SIMPLE,24,0,RING,A_flag_ceiling,3,1.28205
all_reduce_perf,2,16,262144,65536,float,sum,318.95,0.82,1.54,0,318.79,0.82,1.54,0,RING,SIMPLE,24,RING,SIMPLE,24,0,RING,A_flag_ceiling,3,1.94805
all_reduce_perf,2,16,524288,131072,float,sum,358.75,1.46,2.74,0,360.45,1.45,2.73,0,RING,SIMPLE,24,RING,SIMPLE,24,0,RING,A_flag_ceiling,3,32.2344
all_reduce_perf,2,16,1048576,262144,float,sum,360.11,2.91,5.46,0,359.63,2.92,5.47,0,RING,SIMPLE,24,RING,SIMPLE,24,0,RING,A_flag_ceiling,3,1.46252
all_reduce_perf,2,16,2097152,524288,float,sum,368.15,5.7,10.68,0,365.6,5.74,10.76,0,RING,SIMPLE,24,RING,SIMPLE,24,0,RING,A_flag_ceiling,3,0.650558
all_reduce_perf,2,16,4194304,1048576,float,sum,372.5,11.26,21.11,0,370.83,11.31,21.21,0,RING,SIMPLE,24,RING,SIMPLE,24,0,RING,A_flag_ceiling,3,0.895804
all_reduce_perf,2,16,8388608,2097152,float,sum,392.78,21.36,40.04,0,391.26,21.44,40.2,0,RING,SIMPLE,24,RING,SIMPLE,24,0,RING,A_flag_ceiling,3,0.348259
all_reduce_perf,2,16,16777216,4194304,float,sum,408.55,41.07,77,0,408.5,41.07,77.01,0,RING,SIMPLE,24,RING,SIMPLE,24,0,RING,A_flag_ceiling,3,0.714193
all_reduce_perf,2,16,33554432,8388608,float,sum,442.84,75.77,142.07,0,442.33,75.86,142.24,0,RING,SIMPLE,24,RING,SIMPLE,24,0,RING,A_flag_ceiling,3,0.464004
all_reduce_perf,2,16,67108864,16777216,float,sum,595.47,112.7,211.31,0,594.43,112.9,211.68,0,RING,SIMPLE,24,RING,SIMPLE,24,0,RING,A_flag_ceiling,3,0.155896
all_reduce_perf,2,16,134217728,33554432,float,sum,929.85,144.34,270.64,0,932.16,143.99,269.97,0,RING,SIMPLE,24,RING,SIMPLE,24,0,RING,A_flag_ceiling,3,0.470423
all_reduce_perf,2,16,268435456,67108864,float,sum,1618.05,165.9,311.06,0,1624.75,165.22,309.78,0,RING,SIMPLE,24,RING,SIMPLE,24,0,RING,A_flag_ceiling,3,1.52366
all_reduce_perf,2,16,536870912,134217728,float,sum,2969.01,180.82,339.05,0,2967.32,180.93,339.24,0,RING,SIMPLE,24,RING,SIMPLE,24,0,RING,A_flag_ceiling,3,0.368471
all_reduce_perf,2,16,4096,1024,float,sum,74.32,0.06,0.1,0,72.29,0.06,0.11,0,RING,LL,24,RING,LL,24,0,RING,A_flag_ceiling,3,0
all_reduce_perf,2,16,8192,2048,float,sum,75.59,0.11,0.2,0,73.34,0.11,0.21,0,RING,LL,24,RING,LL,24,0,RING,A_flag_ceiling,3,0
all_reduce_perf,2,16,16384,4096,float,sum,83.59,0.2,0.37,0,79.6,0.21,0.39,0,RING,LL,24,RING,LL,24,0,RING,A_flag_ceiling,3,0
all_reduce_perf,2,16,32768,8192,float,sum,102.82,0.32,0.6,0,99.32,0.33,0.62,0,RING,LL,24,RING,LL,24,0,RING,A_flag_ceiling,3,1.6129
all_reduce_perf,2,16,65536,16384,float,sum,104.46,0.63,1.18,0,101.56,0.65,1.21,0,RING,LL,24,RING,LL,24,0,RING,A_flag_ceiling,3,3.30579
all_reduce_perf,2,16,131072,32768,float,sum,141.01,0.93,1.74,0,137.78,0.95,1.78,0,RING,LL,24,RING,LL,24,0,RING,A_flag_ceiling,3,2.24719
all_reduce_perf,2,16,262144,65536,float,sum,144.51,1.81,3.4,0,141.6,1.85,3.47,0,RING,LL,24,RING,LL,24,0,RING,A_flag_ceiling,3,4.89914
all_reduce_perf,2,16,524288,131072,float,sum,159.89,3.28,6.15,0,154.55,3.39,6.36,0,RING,LL,24,RING,LL,24,0,RING,A_flag_ceiling,3,2.35849
all_reduce_perf,2,16,1048576,262144,float,sum,185.38,5.66,10.61,0,182.37,5.75,10.78,0,RING,LL,24,RING,LL,24,0,RING,A_flag_ceiling,3,15.6772
all_reduce_perf,2,16,2097152,524288,float,sum,215.46,9.73,18.25,0,214.72,9.77,18.31,0,RING,LL,24,RING,LL,24,0,RING,A_flag_ceiling,3,4.31458
all_reduce_perf,2,16,4194304,1048576,float,sum,263.84,15.9,29.81,0,268.19,15.64,29.32,0,RING,LL,24,RING,LL,24,0,RING,A_flag_ceiling,3,3.58117
all_reduce_perf,2,16,8388608,2097152,float,sum,505.34,16.6,31.12,0,497.92,16.85,31.59,0,RING,LL,24,RING,LL,24,0,RING,A_flag_ceiling,3,1.48781
all_reduce_perf,2,16,16777216,4194304,float,sum,844.16,19.87,37.26,0,842.58,19.91,37.33,0,RING,LL,24,RING,LL,24,0,RING,A_flag_ceiling,3,1.44656
all_reduce_perf,2,16,33554432,8388608,float,sum,1648.61,20.35,38.16,0,1648.94,20.35,38.15,0,RING,LL,24,RING,LL,24,0,RING,A_flag_ceiling,3,2.3329
all_reduce_perf,2,16,67108864,16777216,float,sum,3164.9,21.2,39.76,0,3145.56,21.33,40,0,RING,LL,24,RING,LL,24,0,RING,A_flag_ceiling,3,2.925
all_reduce_perf,2,16,134217728,33554432,float,sum,6274,21.39,40.11,0,6266.7,21.42,40.16,0,RING,LL,24,RING,LL,24,0,RING,A_flag_ceiling,3,2.61454
all_reduce_perf,2,16,268435456,67108864,float,sum,12464.4,21.54,40.38,0,12439,21.58,40.46,0,RING,LL,24,RING,LL,24,0,RING,A_flag_ceiling,3,3.53435
all_reduce_perf,2,16,536870912,134217728,float,sum,24590.3,21.83,40.94,0,24529.2,21.89,41.04,0,RING,LL,24,RING,LL,24,0,RING,A_flag_ceiling,3,1.82749
all_reduce_perf,2,16,4096,1024,float,sum,92.1,0.04,0.08,0,90.85,0.05,0.08,0,RING,LL128,24,RING,LL128,24,0,RING,A_flag_ceiling,3,0
all_reduce_perf,2,16,8192,2048,float,sum,92.31,0.09,0.17,0,90.82,0.09,0.17,0,RING,LL128,24,RING,LL128,24,0,RING,A_flag_ceiling,3,0
all_reduce_perf,2,16,16384,4096,float,sum,94.24,0.17,0.33,0,90.69,0.18,0.34,0,RING,LL128,24,RING,LL128,24,0,RING,A_flag_ceiling,3,0
all_reduce_perf,2,16,32768,8192,float,sum,97.46,0.34,0.63,0,93.75,0.35,0.66,0,RING,LL128,24,RING,LL128,24,0,RING,A_flag_ceiling,3,3.0303
all_reduce_perf,2,16,65536,16384,float,sum,102.44,0.64,1.2,0,98.41,0.67,1.25,0,RING,LL128,24,RING,LL128,24,0,RING,A_flag_ceiling,3,0.8
all_reduce_perf,2,16,131072,32768,float,sum,109.73,1.19,2.24,0,105.24,1.25,2.34,0,RING,LL128,24,RING,LL128,24,0,RING,A_flag_ceiling,3,0.42735
all_reduce_perf,2,16,262144,65536,float,sum,108.62,2.41,4.53,0,105.37,2.49,4.66,0,RING,LL128,24,RING,LL128,24,0,RING,A_flag_ceiling,3,1.50215
all_reduce_perf,2,16,524288,131072,float,sum,135.96,3.86,7.23,0,135,3.88,7.28,0,RING,LL128,24,RING,LL128,24,0,RING,A_flag_ceiling,3,2.33516
all_reduce_perf,2,16,1048576,262144,float,sum,137.13,7.65,14.34,0,135.31,7.75,14.53,0,RING,LL128,24,RING,LL128,24,0,RING,A_flag_ceiling,3,5.6435
all_reduce_perf,2,16,2097152,524288,float,sum,142.15,14.75,27.66,0,136.55,15.36,28.8,0,RING,LL128,24,RING,LL128,24,0,RING,A_flag_ceiling,3,1.875
all_reduce_perf,2,16,4194304,1048576,float,sum,145.84,28.76,53.93,0,139.15,30.14,56.52,0,RING,LL128,24,RING,LL128,24,0,RING,A_flag_ceiling,3,1.66313
all_reduce_perf,2,16,8388608,2097152,float,sum,146.04,57.44,107.7,0,145.79,57.54,107.89,0,RING,LL128,24,RING,LL128,24,0,RING,A_flag_ceiling,3,0.648809
all_reduce_perf,2,16,16777216,4194304,float,sum,190.8,87.93,164.87,0,187.33,89.56,167.93,0,RING,LL128,24,RING,LL128,24,0,RING,A_flag_ceiling,3,0.22033
all_reduce_perf,2,16,33554432,8388608,float,sum,321.85,104.25,195.48,0,319.44,105.04,196.95,0,RING,LL128,24,RING,LL128,24,0,RING,A_flag_ceiling,3,0.137091
all_reduce_perf,2,16,67108864,16777216,float,sum,605.9,110.76,207.67,0,604.48,111.02,208.16,0,RING,LL128,24,RING,LL128,24,0,RING,A_flag_ceiling,3,0.129708
all_reduce_perf,2,16,134217728,33554432,float,sum,1190.15,112.77,211.45,0,1185.32,113.23,212.31,0,RING,LL128,24,RING,LL128,24,0,RING,A_flag_ceiling,3,0.0847817
all_reduce_perf,2,16,268435456,67108864,float,sum,2333.46,115.04,215.7,0,2335.29,114.95,215.53,0,RING,LL128,24,RING,LL128,24,0,RING,A_flag_ceiling,3,0.190229
all_reduce_perf,2,16,536870912,134217728,float,sum,4629.62,115.96,217.43,0,4640.19,115.7,216.94,0,RING,LL128,24,RING,LL128,24,0,RING,A_flag_ceiling,3,0.129068
all_reduce_perf,2,16,4096,1024,float,sum,272.11,0.02,0.03,0,269.54,0.02,0.03,0,RING,SIMPLE,32,RING,SIMPLE,32,0,RING,A_flag_ceiling,3,0
all_reduce_perf,2,16,8192,2048,float,sum,276.43,0.03,0.06,0,270.54,0.03,0.06,0,RING,SIMPLE,32,RING,SIMPLE,32,0,RING,A_flag_ceiling,3,0
all_reduce_perf,2,16,16384,4096,float,sum,273.44,0.06,0.11,0,272.24,0.06,0.11,0,RING,SIMPLE,32,RING,SIMPLE,32,0,RING,A_flag_ceiling,3,0
all_reduce_perf,2,16,32768,8192,float,sum,273.73,0.12,0.22,0,272.12,0.12,0.23,0,RING,SIMPLE,32,RING,SIMPLE,32,0,RING,A_flag_ceiling,3,4.34783
all_reduce_perf,2,16,65536,16384,float,sum,291.19,0.23,0.42,0,290.14,0.23,0.42,0,RING,SIMPLE,32,RING,SIMPLE,32,0,RING,A_flag_ceiling,3,0
all_reduce_perf,2,16,131072,32768,float,sum,318.72,0.41,0.77,0,317.89,0.41,0.77,0,RING,SIMPLE,32,RING,SIMPLE,32,0,RING,A_flag_ceiling,3,1.2987
all_reduce_perf,2,16,262144,65536,float,sum,419.56,0.62,1.17,0,409.82,0.64,1.2,0,RING,SIMPLE,32,RING,SIMPLE,32,0,RING,A_flag_ceiling,3,0
all_reduce_perf,2,16,524288,131072,float,sum,408.98,1.28,2.4,0,414.22,1.27,2.37,0,RING,SIMPLE,32,RING,SIMPLE,32,0,RING,A_flag_ceiling,3,1.68776
all_reduce_perf,2,16,1048576,262144,float,sum,414.84,2.53,4.74,0,414.73,2.53,4.74,0,RING,SIMPLE,32,RING,SIMPLE,32,0,RING,A_flag_ceiling,3,0.632911
all_reduce_perf,2,16,2097152,524288,float,sum,414.52,5.06,9.49,0,413.05,5.08,9.52,0,RING,SIMPLE,32,RING,SIMPLE,32,0,RING,A_flag_ceiling,3,0.840336
all_reduce_perf,2,16,4194304,1048576,float,sum,417.52,10.05,18.84,0,418.89,10.01,18.77,0,RING,SIMPLE,32,RING,SIMPLE,32,0,RING,A_flag_ceiling,3,0.799148
all_reduce_perf,2,16,8388608,2097152,float,sum,434.17,19.32,36.23,0,433.84,19.34,36.25,0,RING,SIMPLE,32,RING,SIMPLE,32,0,RING,A_flag_ceiling,3,0.110345
all_reduce_perf,2,16,16777216,4194304,float,sum,455.13,36.86,69.12,0,453.91,36.96,69.3,0,RING,SIMPLE,32,RING,SIMPLE,32,0,RING,A_flag_ceiling,3,0.27417
all_reduce_perf,2,16,33554432,8388608,float,sum,471.32,71.19,133.49,0,470.2,71.36,133.81,0,RING,SIMPLE,32,RING,SIMPLE,32,0,RING,A_flag_ceiling,3,0.373664
all_reduce_perf,2,16,67108864,16777216,float,sum,546.3,122.84,230.33,0,546.08,122.89,230.42,0,RING,SIMPLE,32,RING,SIMPLE,32,0,RING,A_flag_ceiling,3,0.507768
all_reduce_perf,2,16,134217728,33554432,float,sum,799.41,167.9,314.81,0,802.34,167.28,313.66,0,RING,SIMPLE,32,RING,SIMPLE,32,0,RING,A_flag_ceiling,3,0.714149
all_reduce_perf,2,16,268435456,67108864,float,sum,1391.45,192.92,361.72,0,1397.57,192.07,360.14,0,RING,SIMPLE,32,RING,SIMPLE,32,0,RING,A_flag_ceiling,3,1.91314
all_reduce_perf,2,16,536870912,134217728,float,sum,2707.18,198.31,371.84,0,2704.71,198.49,372.18,0,RING,SIMPLE,32,RING,SIMPLE,32,0,RING,A_flag_ceiling,3,0.333172
all_reduce_perf,2,16,4096,1024,float,sum,75.03,0.05,0.1,0,72.03,0.06,0.11,0,RING,LL,32,RING,LL,32,0,RING,A_flag_ceiling,3,9.09091
all_reduce_perf,2,16,8192,2048,float,sum,74.79,0.11,0.21,0,73.41,0.11,0.21,0,RING,LL,32,RING,LL,32,0,RING,A_flag_ceiling,3,0
all_reduce_perf,2,16,16384,4096,float,sum,83.79,0.2,0.37,0,79.37,0.21,0.39,0,RING,LL,32,RING,LL,32,0,RING,A_flag_ceiling,3,2.5641
all_reduce_perf,2,16,32768,8192,float,sum,103.59,0.32,0.59,0,98.69,0.33,0.62,0,RING,LL,32,RING,LL,32,0,RING,A_flag_ceiling,3,1.6129
all_reduce_perf,2,16,65536,16384,float,sum,161.36,0.41,0.76,0,162.44,0.4,0.76,0,RING,LL,32,RING,LL,32,0,RING,A_flag_ceiling,3,3.94737
all_reduce_perf,2,16,131072,32768,float,sum,177.38,0.74,1.39,0,171.35,0.76,1.43,0,RING,LL,32,RING,LL,32,0,RING,A_flag_ceiling,3,1.3986
all_reduce_perf,2,16,262144,65536,float,sum,180.65,1.45,2.72,0,179.01,1.46,2.75,0,RING,LL,32,RING,LL,32,0,RING,A_flag_ceiling,3,1.45455
all_reduce_perf,2,16,524288,131072,float,sum,191.87,2.73,5.12,0,185.31,2.83,5.3,0,RING,LL,32,RING,LL,32,0,RING,A_flag_ceiling,3,1.13208
all_reduce_perf,2,16,1048576,262144,float,sum,206.21,5.08,9.53,0,201.14,5.21,9.77,0,RING,LL,32,RING,LL,32,0,RING,A_flag_ceiling,3,1.1259
all_reduce_perf,2,16,2097152,524288,float,sum,236.96,8.85,16.59,0,236.22,8.88,16.65,0,RING,LL,32,RING,LL,32,0,RING,A_flag_ceiling,3,2.04204
all_reduce_perf,2,16,4194304,1048576,float,sum,306.02,13.71,25.7,0,305.78,13.72,25.72,0,RING,LL,32,RING,LL,32,0,RING,A_flag_ceiling,3,0.466563
all_reduce_perf,2,16,8388608,2097152,float,sum,384.58,21.81,40.9,0,381.5,21.99,41.23,0,RING,LL,32,RING,LL,32,0,RING,A_flag_ceiling,3,3.61387
all_reduce_perf,2,16,16777216,4194304,float,sum,756.75,22.17,41.57,0,760.87,22.05,41.34,0,RING,LL,32,RING,LL,32,0,RING,A_flag_ceiling,3,3.0479
all_reduce_perf,2,16,33554432,8388608,float,sum,1510.43,22.22,41.65,0,1507.53,22.26,41.73,0,RING,LL,32,RING,LL,32,0,RING,A_flag_ceiling,3,3.16319
all_reduce_perf,2,16,67108864,16777216,float,sum,3024.15,22.19,41.61,0,3024.44,22.19,41.6,0,RING,LL,32,RING,LL,32,0,RING,A_flag_ceiling,3,3.00481
all_reduce_perf,2,16,134217728,33554432,float,sum,6061.13,22.14,41.52,0,6128.56,21.9,41.06,0,RING,LL,32,RING,LL,32,0,RING,A_flag_ceiling,3,1.97272
all_reduce_perf,2,16,268435456,67108864,float,sum,12070.5,22.24,41.7,0,12074.2,22.23,41.69,0,RING,LL,32,RING,LL,32,0,RING,A_flag_ceiling,3,2.06284
all_reduce_perf,2,16,536870912,134217728,float,sum,24306.3,22.09,41.41,0,24278.2,22.11,41.46,0,RING,LL,32,RING,LL,32,0,RING,A_flag_ceiling,3,1.5919
all_reduce_perf,2,16,4096,1024,float,sum,91.43,0.04,0.08,0,94.88,0.04,0.08,0,RING,LL128,32,RING,LL128,32,0,RING,A_flag_ceiling,3,12.5
all_reduce_perf,2,16,8192,2048,float,sum,94.97,0.09,0.16,0,91.23,0.09,0.17,0,RING,LL128,32,RING,LL128,32,0,RING,A_flag_ceiling,3,5.88235
all_reduce_perf,2,16,16384,4096,float,sum,91.11,0.18,0.34,0,151.53,0.11,0.2,0,RING,LL128,32,RING,LL128,32,0,RING,A_flag_ceiling,3,80
all_reduce_perf,2,16,32768,8192,float,sum,98.21,0.33,0.63,0,93.15,0.35,0.66,0,RING,LL128,32,RING,LL128,32,0,RING,A_flag_ceiling,3,3.0303
all_reduce_perf,2,16,65536,16384,float,sum,102.26,0.64,1.2,0,98.39,0.67,1.25,0,RING,LL128,32,RING,LL128,32,0,RING,A_flag_ceiling,3,2.4
all_reduce_perf,2,16,131072,32768,float,sum,106.35,1.23,2.31,0,110.45,1.19,2.23,0,RING,LL128,32,RING,LL128,32,0,RING,A_flag_ceiling,3,41.2556
all_reduce_perf,2,16,262144,65536,float,sum,164.77,1.59,2.98,0,163.79,1.6,3,0,RING,LL128,32,RING,LL128,32,0,RING,A_flag_ceiling,3,2.66667
all_reduce_perf,2,16,524288,131072,float,sum,164.99,3.18,5.96,0,163,3.22,6.03,0,RING,LL128,32,RING,LL128,32,0,RING,A_flag_ceiling,3,3.15091
all_reduce_perf,2,16,1048576,262144,float,sum,168.79,6.21,11.65,0,164.76,6.36,11.93,0,RING,LL128,32,RING,LL128,32,0,RING,A_flag_ceiling,3,1.5088
all_reduce_perf,2,16,2097152,524288,float,sum,171.35,12.24,22.95,0,168.01,12.48,23.4,0,RING,LL128,32,RING,LL128,32,0,RING,A_flag_ceiling,3,2.64957
all_reduce_perf,2,16,4194304,1048576,float,sum,176.56,23.76,44.54,0,168.32,24.92,46.72,0,RING,LL128,32,RING,LL128,32,0,RING,A_flag_ceiling,3,1.36986
all_reduce_perf,2,16,8388608,2097152,float,sum,174.29,48.13,90.24,0,172.44,48.65,91.21,0,RING,LL128,32,RING,LL128,32,0,RING,A_flag_ceiling,3,0.888061
all_reduce_perf,2,16,16777216,4194304,float,sum,189.55,88.51,165.96,0,188.99,88.77,166.45,0,RING,LL128,32,RING,LL128,32,0,RING,A_flag_ceiling,3,1.3878
all_reduce_perf,2,16,33554432,8388608,float,sum,275.62,121.74,228.27,0,272.81,123,230.62,0,RING,LL128,32,RING,LL128,32,0,RING,A_flag_ceiling,3,0.741479
all_reduce_perf,2,16,67108864,16777216,float,sum,537.1,124.95,234.28,0,535.46,125.33,234.99,0,RING,LL128,32,RING,LL128,32,0,RING,A_flag_ceiling,3,0.540449
all_reduce_perf,2,16,134217728,33554432,float,sum,980.63,136.87,256.63,0,979.32,137.05,256.97,0,RING,LL128,32,RING,LL128,32,0,RING,A_flag_ceiling,3,0.167335
all_reduce_perf,2,16,268435456,67108864,float,sum,1935.28,138.71,260.07,0,1936.68,138.61,259.89,0,RING,LL128,32,RING,LL128,32,0,RING,A_flag_ceiling,3,2.80503
all_reduce_perf,2,16,536870912,134217728,float,sum,3778.14,142.1,266.44,0,3768.92,142.45,267.09,0,RING,LL128,32,RING,LL128,32,0,RING,A_flag_ceiling,3,0.23962
all_reduce_perf,2,16,4096,1024,float,sum,273.64,0.01,0.03,0,270.24,0.02,0.03,0,RING,SIMPLE,40,RING,SIMPLE,40,0,RING,A_flag_ceiling,3,0
all_reduce_perf,2,16,8192,2048,float,sum,277.74,0.03,0.06,0,273.06,0.03,0.06,0,RING,SIMPLE,40,RING,SIMPLE,40,0,RING,A_flag_ceiling,3,0
all_reduce_perf,2,16,16384,4096,float,sum,275.07,0.06,0.11,0,271.56,0.06,0.11,0,RING,SIMPLE,40,RING,SIMPLE,40,0,RING,A_flag_ceiling,3,0
all_reduce_perf,2,16,32768,8192,float,sum,273.85,0.12,0.22,0,272.73,0.12,0.23,0,RING,SIMPLE,40,RING,SIMPLE,40,0,RING,A_flag_ceiling,3,4.34783
all_reduce_perf,2,16,65536,16384,float,sum,292.09,0.22,0.42,0,291.26,0.23,0.42,0,RING,SIMPLE,40,RING,SIMPLE,40,0,RING,A_flag_ceiling,3,2.38095
all_reduce_perf,2,16,131072,32768,float,sum,319.31,0.41,0.77,0,318.19,0.41,0.77,0,RING,SIMPLE,40,RING,SIMPLE,40,0,RING,A_flag_ceiling,3,1.2987
all_reduce_perf,2,16,262144,65536,float,sum,414.09,0.63,1.19,0,408.6,0.64,1.2,0,RING,SIMPLE,40,RING,SIMPLE,40,0,RING,A_flag_ceiling,3,0.833333
all_reduce_perf,2,16,524288,131072,float,sum,409.64,1.28,2.4,0,408.26,1.28,2.41,0,RING,SIMPLE,40,RING,SIMPLE,40,0,RING,A_flag_ceiling,3,3.3195
all_reduce_perf,2,16,1048576,262144,float,sum,460.24,2.28,4.27,0,413.69,2.53,4.75,0,RING,SIMPLE,40,RING,SIMPLE,40,0,RING,A_flag_ceiling,3,7.78947
all_reduce_perf,2,16,2097152,524288,float,sum,469.73,4.46,8.37,0,465.56,4.5,8.45,0,RING,SIMPLE,40,RING,SIMPLE,40,0,RING,A_flag_ceiling,3,0.946746
all_reduce_perf,2,16,4194304,1048576,float,sum,487.03,8.61,16.15,0,484.29,8.66,16.24,0,RING,SIMPLE,40,RING,SIMPLE,40,0,RING,A_flag_ceiling,3,0.738916
all_reduce_perf,2,16,8388608,2097152,float,sum,507.91,16.52,30.97,0,493.64,16.99,31.86,0,RING,SIMPLE,40,RING,SIMPLE,40,0,RING,A_flag_ceiling,3,0.878845
all_reduce_perf,2,16,16777216,4194304,float,sum,510.28,32.88,61.65,0,508.98,32.96,61.8,0,RING,SIMPLE,40,RING,SIMPLE,40,0,RING,A_flag_ceiling,3,0.825243
all_reduce_perf,2,16,33554432,8388608,float,sum,535.26,62.69,117.54,0,532.85,62.97,118.07,0,RING,SIMPLE,40,RING,SIMPLE,40,0,RING,A_flag_ceiling,3,10.841
all_reduce_perf,2,16,67108864,16777216,float,sum,584.02,114.91,215.45,0,585.19,114.68,215.02,0,RING,SIMPLE,40,RING,SIMPLE,40,0,RING,A_flag_ceiling,3,1.82309
all_reduce_perf,2,16,134217728,33554432,float,sum,774.08,173.39,325.11,0,779.06,172.28,323.03,0,RING,SIMPLE,40,RING,SIMPLE,40,0,RING,A_flag_ceiling,3,5.61248
all_reduce_perf,2,16,268435456,67108864,float,sum,1367.64,196.28,368.02,0,1367.17,196.34,368.14,0,RING,SIMPLE,40,RING,SIMPLE,40,0,RING,A_flag_ceiling,3,0.127669
all_reduce_perf,2,16,536870912,134217728,float,sum,2690.72,199.53,374.11,0,2694.82,199.22,373.54,0,RING,SIMPLE,40,RING,SIMPLE,40,0,RING,A_flag_ceiling,3,0.240938
all_reduce_perf,2,16,4096,1024,float,sum,73.51,0.06,0.1,0,72.26,0.06,0.11,0,RING,LL,40,RING,LL,40,0,RING,A_flag_ceiling,3,9.09091
all_reduce_perf,2,16,8192,2048,float,sum,77.72,0.11,0.2,0,73.71,0.11,0.21,0,RING,LL,40,RING,LL,40,0,RING,A_flag_ceiling,3,0
all_reduce_perf,2,16,16384,4096,float,sum,80.52,0.2,0.38,0,78.83,0.21,0.39,0,RING,LL,40,RING,LL,40,0,RING,A_flag_ceiling,3,0
all_reduce_perf,2,16,32768,8192,float,sum,102.18,0.32,0.6,0,100.58,0.33,0.61,0,RING,LL,40,RING,LL,40,0,RING,A_flag_ceiling,3,4.91803
all_reduce_perf,2,16,65536,16384,float,sum,164.32,0.4,0.75,0,161.05,0.41,0.76,0,RING,LL,40,RING,LL,40,0,RING,A_flag_ceiling,3,2.63158
all_reduce_perf,2,16,131072,32768,float,sum,172.74,0.76,1.42,0,170.97,0.77,1.44,0,RING,LL,40,RING,LL,40,0,RING,A_flag_ceiling,3,0.694444
all_reduce_perf,2,16,262144,65536,float,sum,180.05,1.46,2.73,0,177.44,1.48,2.77,0,RING,LL,40,RING,LL,40,0,RING,A_flag_ceiling,3,3.2491
all_reduce_perf,2,16,524288,131072,float,sum,209.69,2.5,4.69,0,203,2.58,4.84,0,RING,LL,40,RING,LL,40,0,RING,A_flag_ceiling,3,1.23967
all_reduce_perf,2,16,1048576,262144,float,sum,241.39,4.34,8.14,0,237.67,4.41,8.27,0,RING,LL,40,RING,LL,40,0,RING,A_flag_ceiling,3,2.41838
all_reduce_perf,2,16,2097152,524288,float,sum,275.42,7.61,14.28,0,277.5,7.56,14.17,0,RING,LL,40,RING,LL,40,0,RING,A_flag_ceiling,3,3.88144
all_reduce_perf,2,16,4194304,1048576,float,sum,353.84,11.85,22.23,0,354.29,11.84,22.2,0,RING,LL,40,RING,LL,40,0,RING,A_flag_ceiling,3,1.3964
all_reduce_perf,2,16,8388608,2097152,float,sum,447.38,18.75,35.16,0,446.87,18.77,35.2,0,RING,LL,40,RING,LL,40,0,RING,A_flag_ceiling,3,8.72159
all_reduce_perf,2,16,16777216,4194304,float,sum,890.38,18.84,35.33,0,882.21,19.02,35.66,0,RING,LL,40,RING,LL,40,0,RING,A_flag_ceiling,3,9.53449
all_reduce_perf,2,16,33554432,8388608,float,sum,1683.02,19.94,37.38,0,1684.86,19.92,37.34,0,RING,LL,40,RING,LL,40,0,RING,A_flag_ceiling,3,9.58757
all_reduce_perf,2,16,67108864,16777216,float,sum,3188.46,21.05,39.46,0,3188.49,21.05,39.46,0,RING,LL,40,RING,LL,40,0,RING,A_flag_ceiling,3,10.0862
all_reduce_perf,2,16,134217728,33554432,float,sum,6188.22,21.69,40.67,0,6201.04,21.64,40.58,0,RING,LL,40,RING,LL,40,0,RING,A_flag_ceiling,3,9.21636
all_reduce_perf,2,16,268435456,67108864,float,sum,12372.1,21.7,40.68,0,12376.6,21.69,40.67,0,RING,LL,40,RING,LL,40,0,RING,A_flag_ceiling,3,9.3435
all_reduce_perf,2,16,536870912,134217728,float,sum,24675.9,21.76,40.79,0,23902.7,22.46,42.11,0,RING,LL,40,RING,LL,40,0,RING,A_flag_ceiling,3,4.67822
all_reduce_perf,2,16,4096,1024,float,sum,91.33,0.04,0.08,0,89.59,0.05,0.09,0,RING,LL128,40,RING,LL128,40,0,RING,A_flag_ceiling,3,0
all_reduce_perf,2,16,8192,2048,float,sum,91.4,0.09,0.17,0,88.96,0.09,0.17,0,RING,LL128,40,RING,LL128,40,0,RING,A_flag_ceiling,3,5.88235
all_reduce_perf,2,16,16384,4096,float,sum,93.53,0.18,0.33,0,90.09,0.18,0.34,0,RING,LL128,40,RING,LL128,40,0,RING,A_flag_ceiling,3,0
all_reduce_perf,2,16,32768,8192,float,sum,96.47,0.34,0.64,0,92.31,0.35,0.67,0,RING,LL128,40,RING,LL128,40,0,RING,A_flag_ceiling,3,1.49254
all_reduce_perf,2,16,65536,16384,float,sum,101.71,0.64,1.21,0,98.79,0.66,1.24,0,RING,LL128,40,RING,LL128,40,0,RING,A_flag_ceiling,3,0.806452
all_reduce_perf,2,16,131072,32768,float,sum,109.28,1.2,2.25,0,105.9,1.24,2.32,0,RING,LL128,40,RING,LL128,40,0,RING,A_flag_ceiling,3,0.862069
all_reduce_perf,2,16,262144,65536,float,sum,172.23,1.52,2.85,0,163.22,1.61,3.01,0,RING,LL128,40,RING,LL128,40,0,RING,A_flag_ceiling,3,0.996678
all_reduce_perf,2,16,524288,131072,float,sum,170.29,3.08,5.77,0,165.47,3.17,5.94,0,RING,LL128,40,RING,LL128,40,0,RING,A_flag_ceiling,3,7.23906
all_reduce_perf,2,16,1048576,262144,float,sum,171.9,6.1,11.44,0,167.88,6.25,11.71,0,RING,LL128,40,RING,LL128,40,0,RING,A_flag_ceiling,3,2.73271
all_reduce_perf,2,16,2097152,524288,float,sum,188.53,11.12,20.86,0,181.44,11.56,21.67,0,RING,LL128,40,RING,LL128,40,0,RING,A_flag_ceiling,3,1.29211
all_reduce_perf,2,16,4194304,1048576,float,sum,197.17,21.27,39.89,0,195.75,21.43,40.18,0,RING,LL128,40,RING,LL128,40,0,RING,A_flag_ceiling,3,2.0657
all_reduce_perf,2,16,8388608,2097152,float,sum,200.1,41.92,78.6,0,199.11,42.13,79,0,RING,LL128,40,RING,LL128,40,0,RING,A_flag_ceiling,3,2.74684
all_reduce_perf,2,16,16777216,4194304,float,sum,214.64,78.16,146.56,0,214.46,78.23,146.68,0,RING,LL128,40,RING,LL128,40,0,RING,A_flag_ceiling,3,1.76575
all_reduce_perf,2,16,33554432,8388608,float,sum,252.4,132.94,249.26,0,250.77,133.81,250.89,0,RING,LL128,40,RING,LL128,40,0,RING,A_flag_ceiling,3,0.613815
all_reduce_perf,2,16,67108864,16777216,float,sum,587.3,114.27,214.25,0,586.04,114.51,214.71,0,RING,LL128,40,RING,LL128,40,0,RING,A_flag_ceiling,3,0.922174
all_reduce_perf,2,16,134217728,33554432,float,sum,976.26,137.48,257.78,0,973.41,137.88,258.53,0,RING,LL128,40,RING,LL128,40,0,RING,A_flag_ceiling,3,0.707848
all_reduce_perf,2,16,268435456,67108864,float,sum,1761.25,152.41,285.77,0,1758.7,152.63,286.19,0,RING,LL128,40,RING,LL128,40,0,RING,A_flag_ceiling,3,0.373877
all_reduce_perf,2,16,536870912,134217728,float,sum,3362.34,159.67,299.39,0,3360.21,159.77,299.57,0,RING,LL128,40,RING,LL128,40,0,RING,A_flag_ceiling,3,0.423941
all_reduce_perf,2,16,4096,1024,float,sum,272.42,0.02,0.03,0,272.18,0.02,0.03,0,RING,SIMPLE,48,RING,SIMPLE,48,0,RING,A_flag_ceiling,3,0
all_reduce_perf,2,16,8192,2048,float,sum,274.33,0.03,0.06,0,271.17,0.03,0.06,0,RING,SIMPLE,48,RING,SIMPLE,48,0,RING,A_flag_ceiling,3,0
all_reduce_perf,2,16,16384,4096,float,sum,273.01,0.06,0.11,0,271.98,0.06,0.11,0,RING,SIMPLE,48,RING,SIMPLE,48,0,RING,A_flag_ceiling,3,0
all_reduce_perf,2,16,32768,8192,float,sum,273.31,0.12,0.22,0,271.95,0.12,0.23,0,RING,SIMPLE,48,RING,SIMPLE,48,0,RING,A_flag_ceiling,3,0
all_reduce_perf,2,16,65536,16384,float,sum,291.18,0.23,0.42,0,289.72,0.23,0.42,0,RING,SIMPLE,48,RING,SIMPLE,48,0,RING,A_flag_ceiling,3,0
all_reduce_perf,2,16,131072,32768,float,sum,318.41,0.41,0.77,0,316.55,0.41,0.78,0,RING,SIMPLE,48,RING,SIMPLE,48,0,RING,A_flag_ceiling,3,1.28205
all_reduce_perf,2,16,262144,65536,float,sum,415.76,0.63,1.18,0,411.97,0.64,1.19,0,RING,SIMPLE,48,RING,SIMPLE,48,0,RING,A_flag_ceiling,3,1.68067
all_reduce_perf,2,16,524288,131072,float,sum,410.58,1.28,2.39,0,412.31,1.27,2.38,0,RING,SIMPLE,48,RING,SIMPLE,48,0,RING,A_flag_ceiling,3,2.10084
all_reduce_perf,2,16,1048576,262144,float,sum,526.94,1.99,3.73,0,519.83,2.02,3.78,0,RING,SIMPLE,48,RING,SIMPLE,48,0,RING,A_flag_ceiling,3,2.38095
all_reduce_perf,2,16,2097152,524288,float,sum,517.19,4.05,7.6,0,519.02,4.04,7.58,0,RING,SIMPLE,48,RING,SIMPLE,48,0,RING,A_flag_ceiling,3,1.31926
all_reduce_perf,2,16,4194304,1048576,float,sum,556,7.54,14.14,0,555.39,7.55,14.16,0,RING,SIMPLE,48,RING,SIMPLE,48,0,RING,A_flag_ceiling,3,5.86158
all_reduce_perf,2,16,8388608,2097152,float,sum,556.04,15.09,28.29,0,553.78,15.15,28.4,0,RING,SIMPLE,48,RING,SIMPLE,48,0,RING,A_flag_ceiling,3,0.880282
all_reduce_perf,2,16,16777216,4194304,float,sum,572.51,29.3,54.95,0,568.99,29.49,55.29,0,RING,SIMPLE,48,RING,SIMPLE,48,0,RING,A_flag_ceiling,3,15.9884
all_reduce_perf,2,16,33554432,8388608,float,sum,596.34,56.27,105.5,0,594.44,56.45,105.84,0,RING,SIMPLE,48,RING,SIMPLE,48,0,RING,A_flag_ceiling,3,1.62509
all_reduce_perf,2,16,67108864,16777216,float,sum,634.18,105.82,198.41,0,632.55,106.09,198.92,0,RING,SIMPLE,48,RING,SIMPLE,48,0,RING,A_flag_ceiling,3,4.93666
all_reduce_perf,2,16,134217728,33554432,float,sum,782.78,171.46,321.49,0,787.63,170.41,319.52,0,RING,SIMPLE,48,RING,SIMPLE,48,0,RING,A_flag_ceiling,3,0.904482
all_reduce_perf,2,16,268435456,67108864,float,sum,1410.88,190.26,356.74,0,1361.64,197.14,369.64,0,RING,SIMPLE,48,RING,SIMPLE,48,0,RING,A_flag_ceiling,3,0.0973921
all_reduce_perf,2,16,536870912,134217728,float,sum,2684.34,200,375,0,2689.83,199.59,374.24,0,RING,SIMPLE,48,RING,SIMPLE,48,0,RING,A_flag_ceiling,3,1.52576
all_reduce_perf,2,16,4096,1024,float,sum,74.58,0.05,0.1,0,73.15,0.06,0.1,0,RING,LL,48,RING,LL,48,0,RING,A_flag_ceiling,3,10
all_reduce_perf,2,16,8192,2048,float,sum,76.38,0.11,0.2,0,76.22,0.11,0.2,0,RING,LL,48,RING,LL,48,0,RING,A_flag_ceiling,3,5
all_reduce_perf,2,16,16384,4096,float,sum,84.49,0.19,0.36,0,79.8,0.21,0.38,0,RING,LL,48,RING,LL,48,0,RING,A_flag_ceiling,3,2.63158
all_reduce_perf,2,16,32768,8192,float,sum,103.41,0.32,0.59,0,98.36,0.33,0.62,0,RING,LL,48,RING,LL,48,0,RING,A_flag_ceiling,3,1.6129
all_reduce_perf,2,16,65536,16384,float,sum,164.01,0.4,0.75,0,161.64,0.41,0.76,0,RING,LL,48,RING,LL,48,0,RING,A_flag_ceiling,3,2.63158
all_reduce_perf,2,16,131072,32768,float,sum,172.14,0.76,1.43,0,171.4,0.76,1.43,0,RING,LL,48,RING,LL,48,0,RING,A_flag_ceiling,3,2.7972
all_reduce_perf,2,16,262144,65536,float,sum,239.46,1.09,2.05,0,230.94,1.14,2.13,0,RING,LL,48,RING,LL,48,0,RING,A_flag_ceiling,3,2.8169
all_reduce_perf,2,16,524288,131072,float,sum,242.85,2.16,4.05,0,237.21,2.21,4.14,0,RING,LL,48,RING,LL,48,0,RING,A_flag_ceiling,3,2.17391
all_reduce_perf,2,16,1048576,262144,float,sum,278.3,3.77,7.06,0,277.65,3.78,7.08,0,RING,LL,48,RING,LL,48,0,RING,A_flag_ceiling,3,0.988701
all_reduce_perf,2,16,2097152,524288,float,sum,321.19,6.53,12.24,0,319.34,6.57,12.31,0,RING,LL,48,RING,LL,48,0,RING,A_flag_ceiling,3,1.94963
all_reduce_perf,2,16,4194304,1048576,float,sum,397.12,10.56,19.8,0,397.49,10.55,19.79,0,RING,LL,48,RING,LL,48,0,RING,A_flag_ceiling,3,2.17281
all_reduce_perf,2,16,8388608,2097152,float,sum,500,16.78,31.46,0,498.65,16.82,31.54,0,RING,LL,48,RING,LL,48,0,RING,A_flag_ceiling,3,1.6487
all_reduce_perf,2,16,16777216,4194304,float,sum,950.13,17.66,33.11,0,951.48,17.63,33.06,0,RING,LL,48,RING,LL,48,0,RING,A_flag_ceiling,3,3.05505
all_reduce_perf,2,16,33554432,8388608,float,sum,1641.01,20.45,38.34,0,1638.33,20.48,38.4,0,RING,LL,48,RING,LL,48,0,RING,A_flag_ceiling,3,3.22917
all_reduce_perf,2,16,67108864,16777216,float,sum,3189.41,21.04,39.45,0,3196.02,21,39.37,0,RING,LL,48,RING,LL,48,0,RING,A_flag_ceiling,3,3.50521
all_reduce_perf,2,16,134217728,33554432,float,sum,6136.56,21.87,41.01,0,6091.77,22.03,41.31,0,RING,LL,48,RING,LL,48,0,RING,A_flag_ceiling,3,4.09102
all_reduce_perf,2,16,268435456,67108864,float,sum,12132.6,22.13,41.48,0,12133.5,22.12,41.48,0,RING,LL,48,RING,LL,48,0,RING,A_flag_ceiling,3,4.45998
all_reduce_perf,2,16,536870912,134217728,float,sum,24071.5,22.3,41.82,0,24084.7,22.29,41.8,0,RING,LL,48,RING,LL,48,0,RING,A_flag_ceiling,3,4.30622
all_reduce_perf,2,16,4096,1024,float,sum,92.19,0.04,0.08,0,91.15,0.04,0.08,0,RING,LL128,48,RING,LL128,48,0,RING,A_flag_ceiling,3,12.5
all_reduce_perf,2,16,8192,2048,float,sum,91.98,0.09,0.17,0,90.77,0.09,0.17,0,RING,LL128,48,RING,LL128,48,0,RING,A_flag_ceiling,3,11.7647
all_reduce_perf,2,16,16384,4096,float,sum,90.69,0.18,0.34,0,90.11,0.18,0.34,0,RING,LL128,48,RING,LL128,48,0,RING,A_flag_ceiling,3,2.94118
all_reduce_perf,2,16,32768,8192,float,sum,96.7,0.34,0.64,0,92.55,0.35,0.66,0,RING,LL128,48,RING,LL128,48,0,RING,A_flag_ceiling,3,1.51515
all_reduce_perf,2,16,65536,16384,float,sum,102,0.64,1.2,0,98.52,0.67,1.25,0,RING,LL128,48,RING,LL128,48,0,RING,A_flag_ceiling,3,2.4
all_reduce_perf,2,16,131072,32768,float,sum,111.41,1.18,2.21,0,105.65,1.24,2.33,0,RING,LL128,48,RING,LL128,48,0,RING,A_flag_ceiling,3,0.858369
all_reduce_perf,2,16,262144,65536,float,sum,173.53,1.51,2.83,0,165.92,1.58,2.96,0,RING,LL128,48,RING,LL128,48,0,RING,A_flag_ceiling,3,2.36486
all_reduce_perf,2,16,524288,131072,float,sum,173.24,3.03,5.67,0,165.49,3.17,5.94,0,RING,LL128,48,RING,LL128,48,0,RING,A_flag_ceiling,3,0.673401
all_reduce_perf,2,16,1048576,262144,float,sum,218.85,4.79,8.98,0,214.39,4.89,9.17,0,RING,LL128,48,RING,LL128,48,0,RING,A_flag_ceiling,3,3.27154
all_reduce_perf,2,16,2097152,524288,float,sum,220.28,9.52,17.85,0,212.74,9.86,18.48,0,RING,LL128,48,RING,LL128,48,0,RING,A_flag_ceiling,3,3.78788
all_reduce_perf,2,16,4194304,1048576,float,sum,231.99,18.08,33.9,0,232.67,18.03,33.8,0,RING,LL128,48,RING,LL128,48,0,RING,A_flag_ceiling,3,1.39053
all_reduce_perf,2,16,8388608,2097152,float,sum,234.41,35.79,67.1,0,233.11,35.99,67.47,0,RING,LL128,48,RING,LL128,48,0,RING,A_flag_ceiling,3,0.859641
all_reduce_perf,2,16,16777216,4194304,float,sum,241.43,69.49,130.3,0,240.4,69.79,130.85,0,RING,LL128,48,RING,LL128,48,0,RING,A_flag_ceiling,3,2.094
all_reduce_perf,2,16,33554432,8388608,float,sum,269.87,124.34,233.13,0,270.34,124.12,232.72,0,RING,LL128,48,RING,LL128,48,0,RING,A_flag_ceiling,3,1.03558
all_reduce_perf,2,16,67108864,16777216,float,sum,430.81,155.77,292.08,0,432.16,155.29,291.16,0,RING,LL128,48,RING,LL128,48,0,RING,A_flag_ceiling,3,0.59074
all_reduce_perf,2,16,134217728,33554432,float,sum,812.04,165.29,309.91,0,811.27,165.44,310.2,0,RING,LL128,48,RING,LL128,48,0,RING,A_flag_ceiling,3,0.364281
all_reduce_perf,2,16,268435456,67108864,float,sum,1599.03,167.87,314.76,0,1596.73,168.12,315.22,0,RING,LL128,48,RING,LL128,48,0,RING,A_flag_ceiling,3,0.120551
all_reduce_perf,2,16,536870912,134217728,float,sum,3123.57,171.88,322.27,0,3122.68,171.93,322.36,0,RING,LL128,48,RING,LL128,48,0,RING,A_flag_ceiling,3,0.30711
all_reduce_perf,2,16,4096,1024,float,sum,71.7,0.06,0.11,0,68.1,0.06,0.11,0,TREE,SIMPLE,1,TREE,SIMPLE,1,0,TREE,A_flag_ceiling,3,0
all_reduce_perf,2,16,8192,2048,float,sum,71.4,0.11,0.22,0,70.9,0.12,0.22,0,TREE,SIMPLE,1,TREE,SIMPLE,1,0,TREE,A_flag_ceiling,3,4.54545
all_reduce_perf,2,16,16384,4096,float,sum,76.79,0.21,0.4,0,74.83,0.22,0.41,0,TREE,SIMPLE,1,TREE,SIMPLE,1,0,TREE,A_flag_ceiling,3,0
all_reduce_perf,2,16,32768,8192,float,sum,96.75,0.34,0.64,0,92.74,0.35,0.66,0,TREE,SIMPLE,1,TREE,SIMPLE,1,0,TREE,A_flag_ceiling,3,1.51515
all_reduce_perf,2,16,65536,16384,float,sum,103.98,0.63,1.18,0,102.84,0.64,1.19,0,TREE,SIMPLE,1,TREE,SIMPLE,1,0,TREE,A_flag_ceiling,3,0.840336
all_reduce_perf,2,16,131072,32768,float,sum,126.69,1.03,1.94,0,124.31,1.05,1.98,0,TREE,SIMPLE,1,TREE,SIMPLE,1,0,TREE,A_flag_ceiling,3,0.505051
all_reduce_perf,2,16,262144,65536,float,sum,172.43,1.52,2.85,0,159.49,1.64,3.08,0,TREE,SIMPLE,1,TREE,SIMPLE,1,0,TREE,A_flag_ceiling,3,0.324675
all_reduce_perf,2,16,524288,131072,float,sum,228.41,2.3,4.3,0,213.54,2.46,4.6,0,TREE,SIMPLE,1,TREE,SIMPLE,1,0,TREE,A_flag_ceiling,3,0.217391
all_reduce_perf,2,16,1048576,262144,float,sum,343.96,3.05,5.72,0,317.09,3.31,6.2,0,TREE,SIMPLE,1,TREE,SIMPLE,1,0,TREE,A_flag_ceiling,3,0.483871
all_reduce_perf,2,16,2097152,524288,float,sum,563.74,3.72,6.98,0,516.26,4.06,7.62,0,TREE,SIMPLE,1,TREE,SIMPLE,1,0,TREE,A_flag_ceiling,3,0.918635
all_reduce_perf,2,16,4194304,1048576,float,sum,876.97,4.78,8.97,0,820.7,5.11,9.58,0,TREE,SIMPLE,1,TREE,SIMPLE,1,0,TREE,A_flag_ceiling,3,0.626305
all_reduce_perf,2,16,8388608,2097152,float,sum,1557.62,5.39,10.1,0,1513.6,5.54,10.39,0,TREE,SIMPLE,1,TREE,SIMPLE,1,0,TREE,A_flag_ceiling,3,0.962464
all_reduce_perf,2,16,16777216,4194304,float,sum,2736.12,6.13,11.5,0,2695.86,6.22,11.67,0,TREE,SIMPLE,1,TREE,SIMPLE,1,0,TREE,A_flag_ceiling,3,0.257069
all_reduce_perf,2,16,33554432,8388608,float,sum,5165.42,6.5,12.18,0,5121.95,6.55,12.28,0,TREE,SIMPLE,1,TREE,SIMPLE,1,0,TREE,A_flag_ceiling,3,0.325733
all_reduce_perf,2,16,67108864,16777216,float,sum,9810.22,6.84,12.83,0,9798.14,6.85,12.84,0,TREE,SIMPLE,1,TREE,SIMPLE,1,0,TREE,A_flag_ceiling,3,0.233645
all_reduce_perf,2,16,134217728,33554432,float,sum,19090.3,7.03,13.18,0,19118.6,7.02,13.16,0,TREE,SIMPLE,1,TREE,SIMPLE,1,0,TREE,A_flag_ceiling,3,0.0759878
all_reduce_perf,2,16,268435456,67108864,float,sum,37736,7.11,13.34,0,37762.5,7.11,13.33,0,TREE,SIMPLE,1,TREE,SIMPLE,1,0,TREE,A_flag_ceiling,3,0
all_reduce_perf,2,16,536870912,134217728,float,sum,75026.3,7.16,13.42,0,75025.6,7.16,13.42,0,TREE,SIMPLE,1,TREE,SIMPLE,1,0,TREE,A_flag_ceiling,3,0.223547
all_reduce_perf,2,16,4096,1024,float,sum,44.65,0.09,0.17,0,43.05,0.1,0.18,0,TREE,LL,1,TREE,LL,1,0,TREE,A_flag_ceiling,3,0
all_reduce_perf,2,16,8192,2048,float,sum,53.6,0.15,0.29,0,52.99,0.15,0.29,0,TREE,LL,1,TREE,LL,1,0,TREE,A_flag_ceiling,3,0
all_reduce_perf,2,16,16384,4096,float,sum,71.44,0.23,0.43,0,69.37,0.24,0.44,0,TREE,LL,1,TREE,LL,1,0,TREE,A_flag_ceiling,3,0
all_reduce_perf,2,16,32768,8192,float,sum,82.58,0.4,0.74,0,82.41,0.4,0.75,0,TREE,LL,1,TREE,LL,1,0,TREE,A_flag_ceiling,3,5.33333
all_reduce_perf,2,16,65536,16384,float,sum,110.68,0.59,1.11,0,108.46,0.6,1.13,0,TREE,LL,1,TREE,LL,1,0,TREE,A_flag_ceiling,3,0.884956
all_reduce_perf,2,16,131072,32768,float,sum,165.22,0.79,1.49,0,162.03,0.81,1.52,0,TREE,LL,1,TREE,LL,1,0,TREE,A_flag_ceiling,3,1.97368
all_reduce_perf,2,16,262144,65536,float,sum,274.35,0.96,1.79,0,269.42,0.97,1.82,0,TREE,LL,1,TREE,LL,1,0,TREE,A_flag_ceiling,3,1.0989
all_reduce_perf,2,16,524288,131072,float,sum,481.03,1.09,2.04,0,482.55,1.09,2.04,0,TREE,LL,1,TREE,LL,1,0,TREE,A_flag_ceiling,3,0.490196
all_reduce_perf,2,16,1048576,262144,float,sum,906.08,1.16,2.17,0,908.77,1.15,2.16,0,TREE,LL,1,TREE,LL,1,0,TREE,A_flag_ceiling,3,0.462963
all_reduce_perf,2,16,2097152,524288,float,sum,1753.18,1.2,2.24,0,1752.32,1.2,2.24,0,TREE,LL,1,TREE,LL,1,0,TREE,A_flag_ceiling,3,0.446429
all_reduce_perf,2,16,4194304,1048576,float,sum,3435.36,1.22,2.29,0,3438.06,1.22,2.29,0,TREE,LL,1,TREE,LL,1,0,TREE,A_flag_ceiling,3,0.436681
all_reduce_perf,2,16,8388608,2097152,float,sum,6837.89,1.23,2.3,0,6863.76,1.22,2.29,0,TREE,LL,1,TREE,LL,1,0,TREE,A_flag_ceiling,3,0
all_reduce_perf,2,16,16777216,4194304,float,sum,13573.7,1.24,2.32,0,13608.1,1.23,2.31,0,TREE,LL,1,TREE,LL,1,0,TREE,A_flag_ceiling,3,0.4329
all_reduce_perf,2,16,33554432,8388608,float,sum,27069.5,1.24,2.32,0,27107.7,1.24,2.32,0,TREE,LL,1,TREE,LL,1,0,TREE,A_flag_ceiling,3,0.431034
all_reduce_perf,2,16,67108864,16777216,float,sum,54120.5,1.24,2.32,0,54134.2,1.24,2.32,0,TREE,LL,1,TREE,LL,1,0,TREE,A_flag_ceiling,3,0.431034
all_reduce_perf,2,16,134217728,33554432,float,sum,108119,1.24,2.33,0,107851,1.24,2.33,0,TREE,LL,1,TREE,LL,1,0,TREE,A_flag_ceiling,3,0.858369
all_reduce_perf,2,16,268435456,67108864,float,sum,214756,1.25,2.34,0,215496,1.25,2.34,0,TREE,LL,1,TREE,LL,1,0,TREE,A_flag_ceiling,3,0.854701
all_reduce_perf,2,16,536870912,134217728,float,sum,428692,1.25,2.35,0,430562,1.25,2.34,0,TREE,LL,1,TREE,LL,1,0,TREE,A_flag_ceiling,3,0.42735
all_reduce_perf,2,16,4096,1024,float,sum,47.24,0.09,0.16,0,45.74,0.09,0.17,0,TREE,LL128,1,TREE,LL128,1,0,TREE,A_flag_ceiling,3,0
all_reduce_perf,2,16,8192,2048,float,sum,48.68,0.17,0.32,0,48.26,0.17,0.32,0,TREE,LL128,1,TREE,LL128,1,0,TREE,A_flag_ceiling,3,6.25
all_reduce_perf,2,16,16384,4096,float,sum,53.86,0.3,0.57,0,51.33,0.32,0.6,0,TREE,LL128,1,TREE,LL128,1,0,TREE,A_flag_ceiling,3,0
all_reduce_perf,2,16,32768,8192,float,sum,59.42,0.55,1.03,0,56.99,0.58,1.08,0,TREE,LL128,1,TREE,LL128,1,0,TREE,A_flag_ceiling,3,0.925926
all_reduce_perf,2,16,65536,16384,float,sum,65.49,1,1.88,0,63.65,1.03,1.93,0,TREE,LL128,1,TREE,LL128,1,0,TREE,A_flag_ceiling,3,0.518135
all_reduce_perf,2,16,131072,32768,float,sum,79.44,1.65,3.09,0,78.08,1.68,3.15,0,TREE,LL128,1,TREE,LL128,1,0,TREE,A_flag_ceiling,3,0.31746
all_reduce_perf,2,16,262144,65536,float,sum,108.32,2.42,4.54,0,106.82,2.45,4.6,0,TREE,LL128,1,TREE,LL128,1,0,TREE,A_flag_ceiling,3,0.652174
all_reduce_perf,2,16,524288,131072,float,sum,163.24,3.21,6.02,0,157.29,3.33,6.25,0,TREE,LL128,1,TREE,LL128,1,0,TREE,A_flag_ceiling,3,0.8
all_reduce_perf,2,16,1048576,262144,float,sum,278.7,3.76,7.05,0,272.82,3.84,7.21,0,TREE,LL128,1,TREE,LL128,1,0,TREE,A_flag_ceiling,3,0.277393
all_reduce_perf,2,16,2097152,524288,float,sum,498.44,4.21,7.89,0,491.45,4.27,8,0,TREE,LL128,1,TREE,LL128,1,0,TREE,A_flag_ceiling,3,0.375
all_reduce_perf,2,16,4194304,1048576,float,sum,934.86,4.49,8.41,0,919.44,4.56,8.55,0,TREE,LL128,1,TREE,LL128,1,0,TREE,A_flag_ceiling,3,0.233918
all_reduce_perf,2,16,8388608,2097152,float,sum,1798.75,4.66,8.74,0,1778.29,4.72,8.84,0,TREE,LL128,1,TREE,LL128,1,0,TREE,A_flag_ceiling,3,0.226244
all_reduce_perf,2,16,16777216,4194304,float,sum,3496.1,4.8,9,0,3494.42,4.8,9,0,TREE,LL128,1,TREE,LL128,1,0,TREE,A_flag_ceiling,3,1.33333
all_reduce_perf,2,16,33554432,8388608,float,sum,6960.93,4.82,9.04,0,6938.8,4.84,9.07,0,TREE,LL128,1,TREE,LL128,1,0,TREE,A_flag_ceiling,3,0.551268
all_reduce_perf,2,16,67108864,16777216,float,sum,14192.5,4.73,8.87,0,14218.5,4.72,8.85,0,TREE,LL128,1,TREE,LL128,1,0,TREE,A_flag_ceiling,3,0.903955
all_reduce_perf,2,16,134217728,33554432,float,sum,28689.4,4.68,8.77,0,28709.7,4.67,8.77,0,TREE,LL128,1,TREE,LL128,1,0,TREE,A_flag_ceiling,3,0.912201
all_reduce_perf,2,16,268435456,67108864,float,sum,57544.3,4.66,8.75,0,57747.2,4.65,8.72,0,TREE,LL128,1,TREE,LL128,1,0,TREE,A_flag_ceiling,3,1.03211
all_reduce_perf,2,16,536870912,134217728,float,sum,115754,4.64,8.7,0,116184,4.62,8.66,0,TREE,LL128,1,TREE,LL128,1,0,TREE,A_flag_ceiling,3,0.923788
all_reduce_perf,2,16,4096,1024,float,sum,71.35,0.06,0.11,0,68.7,0.06,0.11,0,TREE,SIMPLE,2,TREE,SIMPLE,2,0,TREE,A_flag_ceiling,3,0
all_reduce_perf,2,16,8192,2048,float,sum,71.9,0.11,0.21,0,71.18,0.12,0.22,0,TREE,SIMPLE,2,TREE,SIMPLE,2,0,TREE,A_flag_ceiling,3,0
all_reduce_perf,2,16,16384,4096,float,sum,75.44,0.22,0.41,0,70.78,0.23,0.43,0,TREE,SIMPLE,2,TREE,SIMPLE,2,0,TREE,A_flag_ceiling,3,0
all_reduce_perf,2,16,32768,8192,float,sum,80.39,0.41,0.76,0,75.93,0.43,0.81,0,TREE,SIMPLE,2,TREE,SIMPLE,2,0,TREE,A_flag_ceiling,3,0
all_reduce_perf,2,16,65536,16384,float,sum,98.22,0.67,1.25,0,93.41,0.7,1.32,0,TREE,SIMPLE,2,TREE,SIMPLE,2,0,TREE,A_flag_ceiling,3,0.757576
all_reduce_perf,2,16,131072,32768,float,sum,108.56,1.21,2.26,0,104.26,1.26,2.36,0,TREE,SIMPLE,2,TREE,SIMPLE,2,0,TREE,A_flag_ceiling,3,0.847458
all_reduce_perf,2,16,262144,65536,float,sum,131,2,3.75,0,124.53,2.1,3.95,0,TREE,SIMPLE,2,TREE,SIMPLE,2,0,TREE,A_flag_ceiling,3,0.759494
all_reduce_perf,2,16,524288,131072,float,sum,173.36,3.02,5.67,0,160.19,3.27,6.14,0,TREE,SIMPLE,2,TREE,SIMPLE,2,0,TREE,A_flag_ceiling,3,0.488599
all_reduce_perf,2,16,1048576,262144,float,sum,234.46,4.47,8.39,0,215.5,4.87,9.12,0,TREE,SIMPLE,2,TREE,SIMPLE,2,0,TREE,A_flag_ceiling,3,0.328947
all_reduce_perf,2,16,2097152,524288,float,sum,343.96,6.1,11.43,0,319.47,6.56,12.31,0,TREE,SIMPLE,2,TREE,SIMPLE,2,0,TREE,A_flag_ceiling,3,0.243704
all_reduce_perf,2,16,4194304,1048576,float,sum,566.61,7.4,13.88,0,516.26,8.12,15.23,0,TREE,SIMPLE,2,TREE,SIMPLE,2,0,TREE,A_flag_ceiling,3,0.26264
all_reduce_perf,2,16,8388608,2097152,float,sum,878.89,9.54,17.9,0,822.37,10.2,19.13,0,TREE,SIMPLE,2,TREE,SIMPLE,2,0,TREE,A_flag_ceiling,3,0.365917
all_reduce_perf,2,16,16777216,4194304,float,sum,1557.61,10.77,20.2,0,1521.62,11.03,20.67,0,TREE,SIMPLE,2,TREE,SIMPLE,2,0,TREE,A_flag_ceiling,3,0.435414
all_reduce_perf,2,16,33554432,8388608,float,sum,2751.32,12.2,22.87,0,2731.38,12.28,23.03,0,TREE,SIMPLE,2,TREE,SIMPLE,2,0,TREE,A_flag_ceiling,3,0.303951
all_reduce_perf,2,16,67108864,16777216,float,sum,5172.45,12.97,24.33,0,5174.38,12.97,24.32,0,TREE,SIMPLE,2,TREE,SIMPLE,2,0,TREE,A_flag_ceiling,3,0.164474
all_reduce_perf,2,16,134217728,33554432,float,sum,9865.89,13.6,25.51,0,9835,13.65,25.59,0,TREE,SIMPLE,2,TREE,SIMPLE,2,0,TREE,A_flag_ceiling,3,0.273544
all_reduce_perf,2,16,268435456,67108864,float,sum,19182.5,13.99,26.24,0,19170.1,14,26.26,0,TREE,SIMPLE,2,TREE,SIMPLE,2,0,TREE,A_flag_ceiling,3,0.304646
all_reduce_perf,2,16,536870912,134217728,float,sum,37865.1,14.18,26.58,0,37843.7,14.19,26.6,0,TREE,SIMPLE,2,TREE,SIMPLE,2,0,TREE,A_flag_ceiling,3,0.451128
all_reduce_perf,2,16,4096,1024,float,sum,40.22,0.1,0.19,0,38.8,0.11,0.2,0,TREE,LL,2,TREE,LL,2,0,TREE,A_flag_ceiling,3,70
all_reduce_perf,2,16,8192,2048,float,sum,43.29,0.19,0.35,0,42.91,0.19,0.36,0,TREE,LL,2,TREE,LL,2,0,TREE,A_flag_ceiling,3,0
all_reduce_perf,2,16,16384,4096,float,sum,53.01,0.31,0.58,0,52.57,0.31,0.58,0,TREE,LL,2,TREE,LL,2,0,TREE,A_flag_ceiling,3,1.72414
all_reduce_perf,2,16,32768,8192,float,sum,70.77,0.46,0.87,0,69.46,0.47,0.88,0,TREE,LL,2,TREE,LL,2,0,TREE,A_flag_ceiling,3,1.13636
all_reduce_perf,2,16,65536,16384,float,sum,82.57,0.79,1.49,0,82.11,0.8,1.5,0,TREE,LL,2,TREE,LL,2,0,TREE,A_flag_ceiling,3,40.6667
all_reduce_perf,2,16,131072,32768,float,sum,111.09,1.18,2.21,0,108.52,1.21,2.26,0,TREE,LL,2,TREE,LL,2,0,TREE,A_flag_ceiling,3,0.884956
all_reduce_perf,2,16,262144,65536,float,sum,162.05,1.62,3.03,0,162.61,1.61,3.02,0,TREE,LL,2,TREE,LL,2,0,TREE,A_flag_ceiling,3,0.331126
all_reduce_perf,2,16,524288,131072,float,sum,270.17,1.94,3.64,0,269.46,1.95,3.65,0,TREE,LL,2,TREE,LL,2,0,TREE,A_flag_ceiling,3,0.821918
all_reduce_perf,2,16,1048576,262144,float,sum,482.4,2.17,4.08,0,481.99,2.18,4.08,0,TREE,LL,2,TREE,LL,2,0,TREE,A_flag_ceiling,3,0.245098
all_reduce_perf,2,16,2097152,524288,float,sum,905.97,2.31,4.34,0,906.53,2.31,4.34,0,TREE,LL,2,TREE,LL,2,0,TREE,A_flag_ceiling,3,0
all_reduce_perf,2,16,4194304,1048576,float,sum,1753.06,2.39,4.49,0,1747.92,2.4,4.5,0,TREE,LL,2,TREE,LL,2,0,TREE,A_flag_ceiling,3,0.222222
all_reduce_perf,2,16,8388608,2097152,float,sum,3447.65,2.43,4.56,0,3437.44,2.44,4.58,0,TREE,LL,2,TREE,LL,2,0,TREE,A_flag_ceiling,3,0.218341
all_reduce_perf,2,16,16777216,4194304,float,sum,6846.52,2.45,4.59,0,6871.74,2.44,4.58,0,TREE,LL,2,TREE,LL,2,0,TREE,A_flag_ceiling,3,0.218341
all_reduce_perf,2,16,33554432,8388608,float,sum,13582.1,2.47,4.63,0,13610.7,2.47,4.62,0,TREE,LL,2,TREE,LL,2,0,TREE,A_flag_ceiling,3,0.21645
all_reduce_perf,2,16,67108864,16777216,float,sum,27145.5,2.47,4.64,0,27136.1,2.47,4.64,0,TREE,LL,2,TREE,LL,2,0,TREE,A_flag_ceiling,3,0.215517
all_reduce_perf,2,16,134217728,33554432,float,sum,54185.2,2.48,4.64,0,54077.4,2.48,4.65,0,TREE,LL,2,TREE,LL,2,0,TREE,A_flag_ceiling,3,0.430108
all_reduce_perf,2,16,268435456,67108864,float,sum,107786,2.49,4.67,0,107907,2.49,4.66,0,TREE,LL,2,TREE,LL,2,0,TREE,A_flag_ceiling,3,0.214592
all_reduce_perf,2,16,536870912,134217728,float,sum,214412,2.5,4.69,0,214894,2.5,4.68,0,TREE,LL,2,TREE,LL,2,0,TREE,A_flag_ceiling,3,0.42735
all_reduce_perf,2,16,4096,1024,float,sum,46.59,0.09,0.16,0,49.26,0.08,0.16,0,TREE,LL128,2,TREE,LL128,2,0,TREE,A_flag_ceiling,3,12.5
all_reduce_perf,2,16,8192,2048,float,sum,48.57,0.17,0.32,0,48.07,0.17,0.32,0,TREE,LL128,2,TREE,LL128,2,0,TREE,A_flag_ceiling,3,6.25
all_reduce_perf,2,16,16384,4096,float,sum,49.7,0.33,0.62,0,47.92,0.34,0.64,0,TREE,LL128,2,TREE,LL128,2,0,TREE,A_flag_ceiling,3,0
all_reduce_perf,2,16,32768,8192,float,sum,54.13,0.61,1.14,0,52.12,0.63,1.18,0,TREE,LL128,2,TREE,LL128,2,0,TREE,A_flag_ceiling,3,0
all_reduce_perf,2,16,65536,16384,float,sum,59.5,1.1,2.07,0,57.55,1.14,2.14,0,TREE,LL128,2,TREE,LL128,2,0,TREE,A_flag_ceiling,3,1.40187
all_reduce_perf,2,16,131072,32768,float,sum,64.55,2.03,3.81,0,64.1,2.04,3.83,0,TREE,LL128,2,TREE,LL128,2,0,TREE,A_flag_ceiling,3,1.04439
all_reduce_perf,2,16,262144,65536,float,sum,79.62,3.29,6.17,0,78.23,3.35,6.28,0,TREE,LL128,2,TREE,LL128,2,0,TREE,A_flag_ceiling,3,0.477707
all_reduce_perf,2,16,524288,131072,float,sum,111.16,4.72,8.84,0,107.1,4.9,9.18,0,TREE,LL128,2,TREE,LL128,2,0,TREE,A_flag_ceiling,3,0.87146
all_reduce_perf,2,16,1048576,262144,float,sum,164.82,6.36,11.93,0,157.68,6.65,12.47,0,TREE,LL128,2,TREE,LL128,2,0,TREE,A_flag_ceiling,3,0.801925
all_reduce_perf,2,16,2097152,524288,float,sum,279.26,7.51,14.08,0,273.93,7.66,14.35,0,TREE,LL128,2,TREE,LL128,2,0,TREE,A_flag_ceiling,3,0.487805
all_reduce_perf,2,16,4194304,1048576,float,sum,502.95,8.34,15.64,0,492.37,8.52,15.97,0,TREE,LL128,2,TREE,LL128,2,0,TREE,A_flag_ceiling,3,0.375704
all_reduce_perf,2,16,8388608,2097152,float,sum,942.82,8.9,16.68,0,921.32,9.1,17.07,0,TREE,LL128,2,TREE,LL128,2,0,TREE,A_flag_ceiling,3,0.234329
all_reduce_perf,2,16,16777216,4194304,float,sum,1810.3,9.27,17.38,0,1796.3,9.34,17.51,0,TREE,LL128,2,TREE,LL128,2,0,TREE,A_flag_ceiling,3,0.456882
all_reduce_perf,2,16,33554432,8388608,float,sum,3510.83,9.56,17.92,0,3511.15,9.56,17.92,0,TREE,LL128,2,TREE,LL128,2,0,TREE,A_flag_ceiling,3,0.111607
all_reduce_perf,2,16,67108864,16777216,float,sum,6987.04,9.6,18.01,0,6990.04,9.6,18,0,TREE,LL128,2,TREE,LL128,2,0,TREE,A_flag_ceiling,3,0.444444
all_reduce_perf,2,16,134217728,33554432,float,sum,14259.1,9.41,17.65,0,14225.4,9.44,17.69,0,TREE,LL128,2,TREE,LL128,2,0,TREE,A_flag_ceiling,3,0.226116
all_reduce_perf,2,16,268435456,67108864,float,sum,28810.4,9.32,17.47,0,28742.9,9.34,17.51,0,TREE,LL128,2,TREE,LL128,2,0,TREE,A_flag_ceiling,3,0.342661
all_reduce_perf,2,16,536870912,134217728,float,sum,57884.4,9.27,17.39,0,57844.9,9.28,17.4,0,TREE,LL128,2,TREE,LL128,2,0,TREE,A_flag_ceiling,3,0.45977
all_reduce_perf,2,16,4096,1024,float,sum,70.84,0.06,0.11,0,68.33,0.06,0.11,0,TREE,SIMPLE,4,TREE,SIMPLE,4,0,TREE,A_flag_ceiling,3,0
all_reduce_perf,2,16,8192,2048,float,sum,75.19,0.11,0.2,0,70.96,0.12,0.22,0,TREE,SIMPLE,4,TREE,SIMPLE,4,0,TREE,A_flag_ceiling,3,4.54545
all_reduce_perf,2,16,16384,4096,float,sum,75.68,0.22,0.41,0,70.87,0.23,0.43,0,TREE,SIMPLE,4,TREE,SIMPLE,4,0,TREE,A_flag_ceiling,3,0
all_reduce_perf,2,16,32768,8192,float,sum,75.66,0.43,0.81,0,71.43,0.46,0.86,0,TREE,SIMPLE,4,TREE,SIMPLE,4,0,TREE,A_flag_ceiling,3,0
all_reduce_perf,2,16,65536,16384,float,sum,79.18,0.83,1.55,0,76.66,0.85,1.6,0,TREE,SIMPLE,4,TREE,SIMPLE,4,0,TREE,A_flag_ceiling,3,0.625
all_reduce_perf,2,16,131072,32768,float,sum,97.53,1.34,2.52,0,95.16,1.38,2.58,0,TREE,SIMPLE,4,TREE,SIMPLE,4,0,TREE,A_flag_ceiling,3,0.775194
all_reduce_perf,2,16,262144,65536,float,sum,107.93,2.43,4.55,0,104.95,2.5,4.68,0,TREE,SIMPLE,4,TREE,SIMPLE,4,0,TREE,A_flag_ceiling,3,5.98291
all_reduce_perf,2,16,524288,131072,float,sum,129.49,4.05,7.59,0,125.1,4.19,7.86,0,TREE,SIMPLE,4,TREE,SIMPLE,4,0,TREE,A_flag_ceiling,3,1.14504
all_reduce_perf,2,16,1048576,262144,float,sum,170.13,6.16,11.56,0,161.83,6.48,12.15,0,TREE,SIMPLE,4,TREE,SIMPLE,4,0,TREE,A_flag_ceiling,3,1.15226
all_reduce_perf,2,16,2097152,524288,float,sum,241.88,8.67,16.26,0,222.41,9.43,17.68,0,TREE,SIMPLE,4,TREE,SIMPLE,4,0,TREE,A_flag_ceiling,3,0.395928
all_reduce_perf,2,16,4194304,1048576,float,sum,350,11.98,22.47,0,329.61,12.72,23.86,0,TREE,SIMPLE,4,TREE,SIMPLE,4,0,TREE,A_flag_ceiling,3,0.3772
all_reduce_perf,2,16,8388608,2097152,float,sum,572.31,14.66,27.48,0,537.31,15.61,29.27,0,TREE,SIMPLE,4,TREE,SIMPLE,4,0,TREE,A_flag_ceiling,3,0.683293
all_reduce_perf,2,16,16777216,4194304,float,sum,912.72,18.38,34.47,0,886.66,18.92,35.48,0,TREE,SIMPLE,4,TREE,SIMPLE,4,0,TREE,A_flag_ceiling,3,0.197294
all_reduce_perf,2,16,33554432,8388608,float,sum,1619.2,20.72,38.86,0,1610.17,20.84,39.07,0,TREE,SIMPLE,4,TREE,SIMPLE,4,0,TREE,A_flag_ceiling,3,0.614282
all_reduce_perf,2,16,67108864,16777216,float,sum,2844.75,23.59,44.23,0,2850.1,23.55,44.15,0,TREE,SIMPLE,4,TREE,SIMPLE,4,0,TREE,A_flag_ceiling,3,0.294451
all_reduce_perf,2,16,134217728,33554432,float,sum,5317.53,25.24,47.33,0,5314.96,25.25,47.35,0,TREE,SIMPLE,4,TREE,SIMPLE,4,0,TREE,A_flag_ceiling,3,0.443506
all_reduce_perf,2,16,268435456,67108864,float,sum,10059.7,26.68,50.03,0,10046.7,26.72,50.1,0,TREE,SIMPLE,4,TREE,SIMPLE,4,0,TREE,A_flag_ceiling,3,0.299401
all_reduce_perf,2,16,536870912,134217728,float,sum,19532,27.49,51.54,0,19471.5,27.57,51.7,0,TREE,SIMPLE,4,TREE,SIMPLE,4,0,TREE,A_flag_ceiling,3,0.290135
all_reduce_perf,2,16,4096,1024,float,sum,40.25,0.1,0.19,0,39.56,0.1,0.19,0,TREE,LL,4,TREE,LL,4,0,TREE,A_flag_ceiling,3,5.26316
all_reduce_perf,2,16,8192,2048,float,sum,40.42,0.2,0.38,0,39.21,0.21,0.39,0,TREE,LL,4,TREE,LL,4,0,TREE,A_flag_ceiling,3,15.3846
all_reduce_perf,2,16,16384,4096,float,sum,46.72,0.35,0.66,0,43.91,0.37,0.7,0,TREE,LL,4,TREE,LL,4,0,TREE,A_flag_ceiling,3,0
all_reduce_perf,2,16,32768,8192,float,sum,54.3,0.6,1.13,0,53.44,0.61,1.15,0,TREE,LL,4,TREE,LL,4,0,TREE,A_flag_ceiling,3,1.73913
all_reduce_perf,2,16,65536,16384,float,sum,73.18,0.9,1.68,0,71.08,0.92,1.73,0,TREE,LL,4,TREE,LL,4,0,TREE,A_flag_ceiling,3,1.15607
all_reduce_perf,2,16,131072,32768,float,sum,87.64,1.5,2.8,0,84.93,1.54,2.89,0,TREE,LL,4,TREE,LL,4,0,TREE,A_flag_ceiling,3,0.692042
all_reduce_perf,2,16,262144,65536,float,sum,114.36,2.29,4.3,0,111.05,2.36,4.43,0,TREE,LL,4,TREE,LL,4,0,TREE,A_flag_ceiling,3,0.451467
all_reduce_perf,2,16,524288,131072,float,sum,170.63,3.07,5.76,0,165.45,3.17,5.94,0,TREE,LL,4,TREE,LL,4,0,TREE,A_flag_ceiling,3,0
all_reduce_perf,2,16,1048576,262144,float,sum,275.29,3.81,7.14,0,275.1,3.81,7.15,0,TREE,LL,4,TREE,LL,4,0,TREE,A_flag_ceiling,3,4.8951
all_reduce_perf,2,16,2097152,524288,float,sum,491.72,4.26,8,0,490.53,4.28,8.02,0,TREE,LL,4,TREE,LL,4,0,TREE,A_flag_ceiling,3,0.249377
all_reduce_perf,2,16,4194304,1048576,float,sum,922.31,4.55,8.53,0,920.77,4.56,8.54,0,TREE,LL,4,TREE,LL,4,0,TREE,A_flag_ceiling,3,0.117096
all_reduce_perf,2,16,8388608,2097152,float,sum,1787.9,4.69,8.8,0,1781.11,4.71,8.83,0,TREE,LL,4,TREE,LL,4,0,TREE,A_flag_ceiling,3,0.453001
all_reduce_perf,2,16,16777216,4194304,float,sum,3497.03,4.8,9,0,3498.85,4.8,8.99,0,TREE,LL,4,TREE,LL,4,0,TREE,A_flag_ceiling,3,0.111235
all_reduce_perf,2,16,33554432,8388608,float,sum,6890.23,4.87,9.13,0,6894.77,4.87,9.12,0,TREE,LL,4,TREE,LL,4,0,TREE,A_flag_ceiling,3,0.328947
all_reduce_perf,2,16,67108864,16777216,float,sum,13686.6,4.9,9.19,0,13722,4.89,9.17,0,TREE,LL,4,TREE,LL,4,0,TREE,A_flag_ceiling,3,0.327154
all_reduce_perf,2,16,134217728,33554432,float,sum,27405.6,4.9,9.18,0,27337.7,4.91,9.21,0,TREE,LL,4,TREE,LL,4,0,TREE,A_flag_ceiling,3,0.325733
all_reduce_perf,2,16,268435456,67108864,float,sum,54705.9,4.91,9.2,0,54631.7,4.91,9.21,0,TREE,LL,4,TREE,LL,4,0,TREE,A_flag_ceiling,3,0.434311
all_reduce_perf,2,16,536870912,134217728,float,sum,108974,4.93,9.24,0,109350,4.91,9.21,0,TREE,LL,4,TREE,LL,4,0,TREE,A_flag_ceiling,3,0.434311
all_reduce_perf,2,16,4096,1024,float,sum,46.61,0.09,0.16,0,45.49,0.09,0.17,0,TREE,LL128,4,TREE,LL128,4,0,TREE,A_flag_ceiling,3,0
all_reduce_perf,2,16,8192,2048,float,sum,48.42,0.17,0.32,0,48.08,0.17,0.32,0,TREE,LL128,4,TREE,LL128,4,0,TREE,A_flag_ceiling,3,6.25
all_reduce_perf,2,16,16384,4096,float,sum,51.27,0.32,0.6,0,47.72,0.34,0.64,0,TREE,LL128,4,TREE,LL128,4,0,TREE,A_flag_ceiling,3,1.5625
all_reduce_perf,2,16,32768,8192,float,sum,49.83,0.66,1.23,0,48.78,0.67,1.26,0,TREE,LL128,4,TREE,LL128,4,0,TREE,A_flag_ceiling,3,0
all_reduce_perf,2,16,65536,16384,float,sum,55.32,1.18,2.22,0,52.99,1.24,2.32,0,TREE,LL128,4,TREE,LL128,4,0,TREE,A_flag_ceiling,3,0.862069
all_reduce_perf,2,16,131072,32768,float,sum,61.36,2.14,4.01,0,59.81,2.19,4.11,0,TREE,LL128,4,TREE,LL128,4,0,TREE,A_flag_ceiling,3,0.729927
all_reduce_perf,2,16,262144,65536,float,sum,66.76,3.93,7.36,0,66.52,3.94,7.39,0,TREE,LL128,4,TREE,LL128,4,0,TREE,A_flag_ceiling,3,0.405954
all_reduce_perf,2,16,524288,131072,float,sum,83.95,6.25,11.71,0,80.67,6.5,12.19,0,TREE,LL128,4,TREE,LL128,4,0,TREE,A_flag_ceiling,3,1.72272
all_reduce_perf,2,16,1048576,262144,float,sum,112.59,9.31,17.46,0,108.57,9.66,18.11,0,TREE,LL128,4,TREE,LL128,4,0,TREE,A_flag_ceiling,3,1.43567
all_reduce_perf,2,16,2097152,524288,float,sum,167.13,12.55,23.53,0,162.79,12.88,24.15,0,TREE,LL128,4,TREE,LL128,4,0,TREE,A_flag_ceiling,3,1.20083
all_reduce_perf,2,16,4194304,1048576,float,sum,290.75,14.43,27.05,0,285.12,14.71,27.58,0,TREE,LL128,4,TREE,LL128,4,0,TREE,A_flag_ceiling,3,1.59536
all_reduce_perf,2,16,8388608,2097152,float,sum,523.31,16.03,30.06,0,512.3,16.37,30.7,0,TREE,LL128,4,TREE,LL128,4,0,TREE,A_flag_ceiling,3,1.66124
all_reduce_perf,2,16,16777216,4194304,float,sum,978.57,17.14,32.15,0,971.11,17.28,32.39,0,TREE,LL128,4,TREE,LL128,4,0,TREE,A_flag_ceiling,3,1.97592
all_reduce_perf,2,16,33554432,8388608,float,sum,1878.93,17.86,33.48,0,1881.2,17.84,33.44,0,TREE,LL128,4,TREE,LL128,4,0,TREE,A_flag_ceiling,3,1.67464
all_reduce_perf,2,16,67108864,16777216,float,sum,3652.58,18.37,34.45,0,3673.39,18.27,34.25,0,TREE,LL128,4,TREE,LL128,4,0,TREE,A_flag_ceiling,3,1.45985
all_reduce_perf,2,16,134217728,33554432,float,sum,7158.07,18.75,35.16,0,7190.97,18.66,35,0,TREE,LL128,4,TREE,LL128,4,0,TREE,A_flag_ceiling,3,0.514286
all_reduce_perf,2,16,268435456,67108864,float,sum,14360.2,18.69,35.05,0,14406.4,18.63,34.94,0,TREE,LL128,4,TREE,LL128,4,0,TREE,A_flag_ceiling,3,0.372066
all_reduce_perf,2,16,536870912,134217728,float,sum,28852.7,18.61,34.89,0,28970.9,18.53,34.75,0,TREE,LL128,4,TREE,LL128,4,0,TREE,A_flag_ceiling,3,0.460432
all_reduce_perf,2,16,4096,1024,float,sum,71.62,0.06,0.11,0,69.06,0.06,0.11,0,TREE,SIMPLE,8,TREE,SIMPLE,8,0,TREE,A_flag_ceiling,3,0
all_reduce_perf,2,16,8192,2048,float,sum,74.28,0.11,0.21,0,70.92,0.12,0.22,0,TREE,SIMPLE,8,TREE,SIMPLE,8,0,TREE,A_flag_ceiling,3,4.54545
all_reduce_perf,2,16,16384,4096,float,sum,76.21,0.21,0.4,0,71.53,0.23,0.43,0,TREE,SIMPLE,8,TREE,SIMPLE,8,0,TREE,A_flag_ceiling,3,0
all_reduce_perf,2,16,32768,8192,float,sum,76.01,0.43,0.81,0,71.27,0.46,0.86,0,TREE,SIMPLE,8,TREE,SIMPLE,8,0,TREE,A_flag_ceiling,3,1.16279
all_reduce_perf,2,16,65536,16384,float,sum,73.94,0.89,1.66,0,72.11,0.91,1.7,0,TREE,SIMPLE,8,TREE,SIMPLE,8,0,TREE,A_flag_ceiling,3,0.588235
all_reduce_perf,2,16,131072,32768,float,sum,81.57,1.61,3.01,0,77.41,1.69,3.17,0,TREE,SIMPLE,8,TREE,SIMPLE,8,0,TREE,A_flag_ceiling,3,0.630915
all_reduce_perf,2,16,262144,65536,float,sum,100.04,2.62,4.91,0,95.3,2.75,5.16,0,TREE,SIMPLE,8,TREE,SIMPLE,8,0,TREE,A_flag_ceiling,3,0.387597
all_reduce_perf,2,16,524288,131072,float,sum,111.44,4.7,8.82,0,105.4,4.97,9.33,0,TREE,SIMPLE,8,TREE,SIMPLE,8,0,TREE,A_flag_ceiling,3,0.750268
all_reduce_perf,2,16,1048576,262144,float,sum,130.81,8.02,15.03,0,126.54,8.29,15.54,0,TREE,SIMPLE,8,TREE,SIMPLE,8,0,TREE,A_flag_ceiling,3,1.287
all_reduce_perf,2,16,2097152,524288,float,sum,171.63,12.22,22.91,0,163.94,12.79,23.99,0,TREE,SIMPLE,8,TREE,SIMPLE,8,0,TREE,A_flag_ceiling,3,0.541892
all_reduce_perf,2,16,4194304,1048576,float,sum,236.86,17.71,33.2,0,223.97,18.73,35.11,0,TREE,SIMPLE,8,TREE,SIMPLE,8,0,TREE,A_flag_ceiling,3,0.512674
all_reduce_perf,2,16,8388608,2097152,float,sum,350.75,23.92,44.84,0,329.65,25.45,47.71,0,TREE,SIMPLE,8,TREE,SIMPLE,8,0,TREE,A_flag_ceiling,3,0.335359
all_reduce_perf,2,16,16777216,4194304,float,sum,574.74,29.19,54.73,0,554.58,30.25,56.72,0,TREE,SIMPLE,8,TREE,SIMPLE,8,0,TREE,A_flag_ceiling,3,0.423131
all_reduce_perf,2,16,33554432,8388608,float,sum,912.1,36.79,68.98,0,897.82,37.37,70.07,0,TREE,SIMPLE,8,TREE,SIMPLE,8,0,TREE,A_flag_ceiling,3,0.413872
all_reduce_perf,2,16,67108864,16777216,float,sum,1624.67,41.31,77.45,0,1617.24,41.5,77.8,0,TREE,SIMPLE,8,TREE,SIMPLE,8,0,TREE,A_flag_ceiling,3,0.282776
all_reduce_perf,2,16,134217728,33554432,float,sum,2858.16,46.96,88.05,0,2860.04,46.93,87.99,0,TREE,SIMPLE,8,TREE,SIMPLE,8,0,TREE,A_flag_ceiling,3,0.386408
all_reduce_perf,2,16,268435456,67108864,float,sum,5342.84,50.24,94.2,0,5336.06,50.31,94.32,0,TREE,SIMPLE,8,TREE,SIMPLE,8,0,TREE,A_flag_ceiling,3,0.254453
all_reduce_perf,2,16,536870912,134217728,float,sum,10113.7,53.08,99.53,0,10104.4,53.13,99.62,0,TREE,SIMPLE,8,TREE,SIMPLE,8,0,TREE,A_flag_ceiling,3,0.180687
all_reduce_perf,2,16,4096,1024,float,sum,39.77,0.1,0.19,0,38.95,0.11,0.2,0,TREE,LL,8,TREE,LL,8,0,TREE,A_flag_ceiling,3,0
all_reduce_perf,2,16,8192,2048,float,sum,39.62,0.21,0.39,0,38.97,0.21,0.39,0,TREE,LL,8,TREE,LL,8,0,TREE,A_flag_ceiling,3,2.5641
all_reduce_perf,2,16,16384,4096,float,sum,42.26,0.39,0.73,0,39.37,0.42,0.78,0,TREE,LL,8,TREE,LL,8,0,TREE,A_flag_ceiling,3,0
all_reduce_perf,2,16,32768,8192,float,sum,44.68,0.73,1.38,0,44.35,0.74,1.39,0,TREE,LL,8,TREE,LL,8,0,TREE,A_flag_ceiling,3,2.15827
all_reduce_perf,2,16,65536,16384,float,sum,55.89,1.17,2.2,0,54.03,1.21,2.27,0,TREE,LL,8,TREE,LL,8,0,TREE,A_flag_ceiling,3,0.440529
all_reduce_perf,2,16,131072,32768,float,sum,73.7,1.78,3.33,0,72.18,1.82,3.4,0,TREE,LL,8,TREE,LL,8,0,TREE,A_flag_ceiling,3,1.17647
all_reduce_perf,2,16,262144,65536,float,sum,87.89,2.98,5.59,0,85.15,3.08,5.77,0,TREE,LL,8,TREE,LL,8,0,TREE,A_flag_ceiling,3,1.38648
all_reduce_perf,2,16,524288,131072,float,sum,112.03,4.68,8.77,0,112.01,4.68,8.78,0,TREE,LL,8,TREE,LL,8,0,TREE,A_flag_ceiling,3,0.683371
all_reduce_perf,2,16,1048576,262144,float,sum,170.72,6.14,11.52,0,166.69,6.29,11.79,0,TREE,LL,8,TREE,LL,8,0,TREE,A_flag_ceiling,3,0.593723
all_reduce_perf,2,16,2097152,524288,float,sum,276.49,7.58,14.22,0,275.66,7.61,14.26,0,TREE,LL,8,TREE,LL,8,0,TREE,A_flag_ceiling,3,0.0701262
all_reduce_perf,2,16,4194304,1048576,float,sum,493.39,8.5,15.94,0,491.68,8.53,15.99,0,TREE,LL,8,TREE,LL,8,0,TREE,A_flag_ceiling,3,0.187617
all_reduce_perf,2,16,8388608,2097152,float,sum,926.2,9.06,16.98,0,925.01,9.07,17,0,TREE,LL,8,TREE,LL,8,0,TREE,A_flag_ceiling,3,0.352941
all_reduce_perf,2,16,16777216,4194304,float,sum,1790.35,9.37,17.57,0,1784.9,9.4,17.62,0,TREE,LL,8,TREE,LL,8,0,TREE,A_flag_ceiling,3,0.340522
all_reduce_perf,2,16,33554432,8388608,float,sum,3514.25,9.55,17.9,0,3508.46,9.56,17.93,0,TREE,LL,8,TREE,LL,8,0,TREE,A_flag_ceiling,3,0.167317
all_reduce_perf,2,16,67108864,16777216,float,sum,6953.39,9.65,18.1,0,6947.22,9.66,18.11,0,TREE,LL,8,TREE,LL,8,0,TREE,A_flag_ceiling,3,0.496963
all_reduce_perf,2,16,134217728,33554432,float,sum,13852.8,9.69,18.17,0,13827.9,9.71,18.2,0,TREE,LL,8,TREE,LL,8,0,TREE,A_flag_ceiling,3,0
all_reduce_perf,2,16,268435456,67108864,float,sum,27729,9.68,18.15,0,27614.8,9.72,18.23,0,TREE,LL,8,TREE,LL,8,0,TREE,A_flag_ceiling,3,0.548546
all_reduce_perf,2,16,536870912,134217728,float,sum,55230.9,9.72,18.23,0,55093.4,9.74,18.27,0,TREE,LL,8,TREE,LL,8,0,TREE,A_flag_ceiling,3,1.31363
all_reduce_perf,2,16,4096,1024,float,sum,46.37,0.09,0.17,0,45.25,0.09,0.17,0,TREE,LL128,8,TREE,LL128,8,0,TREE,A_flag_ceiling,3,0
all_reduce_perf,2,16,8192,2048,float,sum,47.83,0.17,0.32,0,47.26,0.17,0.32,0,TREE,LL128,8,TREE,LL128,8,0,TREE,A_flag_ceiling,3,3.125
all_reduce_perf,2,16,16384,4096,float,sum,50.34,0.33,0.61,0,48.28,0.34,0.64,0,TREE,LL128,8,TREE,LL128,8,0,TREE,A_flag_ceiling,3,1.5625
all_reduce_perf,2,16,32768,8192,float,sum,51.96,0.63,1.18,0,49.14,0.67,1.25,0,TREE,LL128,8,TREE,LL128,8,0,TREE,A_flag_ceiling,3,0.8
all_reduce_perf,2,16,65536,16384,float,sum,49.82,1.32,2.47,0,49.03,1.34,2.51,0,TREE,LL128,8,TREE,LL128,8,0,TREE,A_flag_ceiling,3,0.796813
all_reduce_perf,2,16,131072,32768,float,sum,55.78,2.35,4.41,0,53.9,2.43,4.56,0,TREE,LL128,8,TREE,LL128,8,0,TREE,A_flag_ceiling,3,1.53509
all_reduce_perf,2,16,262144,65536,float,sum,62.44,4.2,7.87,0,59.68,4.39,8.24,0,TREE,LL128,8,TREE,LL128,8,0,TREE,A_flag_ceiling,3,1.33495
all_reduce_perf,2,16,524288,131072,float,sum,67.26,7.8,14.62,0,66.28,7.91,14.83,0,TREE,LL128,8,TREE,LL128,8,0,TREE,A_flag_ceiling,3,0.0674309
all_reduce_perf,2,16,1048576,262144,float,sum,85.7,12.24,22.94,0,81.11,12.93,24.24,0,TREE,LL128,8,TREE,LL128,8,0,TREE,A_flag_ceiling,3,1.15512
all_reduce_perf,2,16,2097152,524288,float,sum,112.7,18.61,34.89,0,109.45,19.16,35.92,0,TREE,LL128,8,TREE,LL128,8,0,TREE,A_flag_ceiling,3,1.92094
all_reduce_perf,2,16,4194304,1048576,float,sum,171.98,24.39,45.73,0,163.49,25.65,48.1,0,TREE,LL128,8,TREE,LL128,8,0,TREE,A_flag_ceiling,3,3.18087
all_reduce_perf,2,16,8388608,2097152,float,sum,290.95,28.83,54.06,0,284.86,29.45,55.21,0,TREE,LL128,8,TREE,LL128,8,0,TREE,A_flag_ceiling,3,1.84749
all_reduce_perf,2,16,16777216,4194304,float,sum,519.7,32.28,60.53,0,518.56,32.35,60.66,0,TREE,LL128,8,TREE,LL128,8,0,TREE,A_flag_ceiling,3,2.11012
all_reduce_perf,2,16,33554432,8388608,float,sum,971.63,34.53,64.75,0,969.64,34.6,64.88,0,TREE,LL128,8,TREE,LL128,8,0,TREE,A_flag_ceiling,3,1.84957
all_reduce_perf,2,16,67108864,16777216,float,sum,1865.83,35.97,67.44,0,1864.13,36,67.5,0,TREE,LL128,8,TREE,LL128,8,0,TREE,A_flag_ceiling,3,1.7037
all_reduce_perf,2,16,134217728,33554432,float,sum,3608.12,37.2,69.75,0,3629.15,36.98,69.34,0,TREE,LL128,8,TREE,LL128,8,0,TREE,A_flag_ceiling,3,1.3989
all_reduce_perf,2,16,268435456,67108864,float,sum,7250.38,37.02,69.42,0,7236.58,37.09,69.55,0,TREE,LL128,8,TREE,LL128,8,0,TREE,A_flag_ceiling,3,0.632638
all_reduce_perf,2,16,536870912,134217728,float,sum,14561.7,36.87,69.13,0,14592.2,36.79,68.98,0,TREE,LL128,8,TREE,LL128,8,0,TREE,A_flag_ceiling,3,0.724848
all_reduce_perf,2,16,4096,1024,float,sum,72.39,0.06,0.11,0,73.02,0.06,0.11,0,TREE,SIMPLE,16,TREE,SIMPLE,16,0,TREE,A_flag_ceiling,3,45.4545
all_reduce_perf,2,16,8192,2048,float,sum,74.27,0.11,0.21,0,70.74,0.12,0.22,0,TREE,SIMPLE,16,TREE,SIMPLE,16,0,TREE,A_flag_ceiling,3,4.54545
all_reduce_perf,2,16,16384,4096,float,sum,73.83,0.22,0.42,0,71.98,0.23,0.43,0,TREE,SIMPLE,16,TREE,SIMPLE,16,0,TREE,A_flag_ceiling,3,48.8372
all_reduce_perf,2,16,32768,8192,float,sum,73.23,0.45,0.84,0,71.91,0.46,0.85,0,TREE,SIMPLE,16,TREE,SIMPLE,16,0,TREE,A_flag_ceiling,3,3.52941
all_reduce_perf,2,16,65536,16384,float,sum,76.75,0.85,1.6,0,72.4,0.91,1.7,0,TREE,SIMPLE,16,TREE,SIMPLE,16,0,TREE,A_flag_ceiling,3,1.17647
all_reduce_perf,2,16,131072,32768,float,sum,77.61,1.69,3.17,0,74.02,1.77,3.32,0,TREE,SIMPLE,16,TREE,SIMPLE,16,0,TREE,A_flag_ceiling,3,50.9036
all_reduce_perf,2,16,262144,65536,float,sum,84.47,3.1,5.82,0,80.39,3.26,6.11,0,TREE,SIMPLE,16,TREE,SIMPLE,16,0,TREE,A_flag_ceiling,3,2.45499
all_reduce_perf,2,16,524288,131072,float,sum,102.64,5.11,9.58,0,98.32,5.33,10,0,TREE,SIMPLE,16,TREE,SIMPLE,16,0,TREE,A_flag_ceiling,3,2.6
all_reduce_perf,2,16,1048576,262144,float,sum,114.12,9.19,17.23,0,107.81,9.73,18.24,0,TREE,SIMPLE,16,TREE,SIMPLE,16,0,TREE,A_flag_ceiling,3,4.93421
all_reduce_perf,2,16,2097152,524288,float,sum,133.24,15.74,29.51,0,128.06,16.38,30.71,0,TREE,SIMPLE,16,TREE,SIMPLE,16,0,TREE,A_flag_ceiling,3,0.390752
all_reduce_perf,2,16,4194304,1048576,float,sum,173.62,24.16,45.3,0,164.72,25.46,47.74,0,TREE,SIMPLE,16,TREE,SIMPLE,16,0,TREE,A_flag_ceiling,3,0.858819
all_reduce_perf,2,16,8388608,2097152,float,sum,240.07,34.94,65.52,0,227.82,36.82,69.04,0,TREE,SIMPLE,16,TREE,SIMPLE,16,0,TREE,A_flag_ceiling,3,0.622827
all_reduce_perf,2,16,16777216,4194304,float,sum,399.64,41.98,78.71,0,345.55,48.55,91.04,0,TREE,SIMPLE,16,TREE,SIMPLE,16,0,TREE,A_flag_ceiling,3,0.516257
all_reduce_perf,2,16,33554432,8388608,float,sum,584.11,57.45,107.71,0,570.75,58.79,110.23,0,TREE,SIMPLE,16,TREE,SIMPLE,16,0,TREE,A_flag_ceiling,3,0.217727
all_reduce_perf,2,16,67108864,16777216,float,sum,925.86,72.48,135.91,0,923.3,72.68,136.28,0,TREE,SIMPLE,16,TREE,SIMPLE,16,0,TREE,A_flag_ceiling,3,0.359554
all_reduce_perf,2,16,134217728,33554432,float,sum,1651.58,81.27,152.37,0,1665.87,80.57,151.07,0,TREE,SIMPLE,16,TREE,SIMPLE,16,0,TREE,A_flag_ceiling,3,0.297875
all_reduce_perf,2,16,268435456,67108864,float,sum,2924.07,91.8,172.13,0,2935.44,91.45,171.46,0,TREE,SIMPLE,16,TREE,SIMPLE,16,0,TREE,A_flag_ceiling,3,0.390762
all_reduce_perf,2,16,536870912,134217728,float,sum,5325.84,100.8,189.01,0,5346.06,100.42,188.29,0,TREE,SIMPLE,16,TREE,SIMPLE,16,0,TREE,A_flag_ceiling,3,0.0584205
all_reduce_perf,2,16,4096,1024,float,sum,39.81,0.1,0.19,0,39.56,0.1,0.19,0,TREE,LL,16,TREE,LL,16,0,TREE,A_flag_ceiling,3,5.26316
all_reduce_perf,2,16,8192,2048,float,sum,41.64,0.2,0.37,0,39.37,0.21,0.39,0,TREE,LL,16,TREE,LL,16,0,TREE,A_flag_ceiling,3,10.2564
all_reduce_perf,2,16,16384,4096,float,sum,42.33,0.39,0.73,0,39.56,0.41,0.78,0,TREE,LL,16,TREE,LL,16,0,TREE,A_flag_ceiling,3,7.69231
all_reduce_perf,2,16,32768,8192,float,sum,43.89,0.75,1.4,0,44.82,0.73,1.37,0,TREE,LL,16,TREE,LL,16,0,TREE,A_flag_ceiling,3,9.48905
all_reduce_perf,2,16,65536,16384,float,sum,46.77,1.4,2.63,0,46.58,1.41,2.64,0,TREE,LL,16,TREE,LL,16,0,TREE,A_flag_ceiling,3,1.51515
all_reduce_perf,2,16,131072,32768,float,sum,59.47,2.2,4.13,0,57.13,2.29,4.3,0,TREE,LL,16,TREE,LL,16,0,TREE,A_flag_ceiling,3,0.697674
all_reduce_perf,2,16,262144,65536,float,sum,77.64,3.38,6.33,0,75.06,3.49,6.55,0,TREE,LL,16,TREE,LL,16,0,TREE,A_flag_ceiling,3,0.763359
all_reduce_perf,2,16,524288,131072,float,sum,90.49,5.79,10.86,0,88.6,5.92,11.1,0,TREE,LL,16,TREE,LL,16,0,TREE,A_flag_ceiling,3,4.05405
all_reduce_perf,2,16,1048576,262144,float,sum,118.39,8.86,16.61,0,115.5,9.08,17.02,0,TREE,LL,16,TREE,LL,16,0,TREE,A_flag_ceiling,3,0.293772
all_reduce_perf,2,16,2097152,524288,float,sum,174.79,12,22.5,0,170.1,12.33,23.12,0,TREE,LL,16,TREE,LL,16,0,TREE,A_flag_ceiling,3,0.389273
all_reduce_perf,2,16,4194304,1048576,float,sum,280.32,14.96,28.05,0,279.78,14.99,28.11,0,TREE,LL,16,TREE,LL,16,0,TREE,A_flag_ceiling,3,0.177873
all_reduce_perf,2,16,8388608,2097152,float,sum,499.68,16.79,31.48,0,498.46,16.83,31.55,0,TREE,LL,16,TREE,LL,16,0,TREE,A_flag_ceiling,3,0.158479
all_reduce_perf,2,16,16777216,4194304,float,sum,940.46,17.84,33.45,0,934.95,17.94,33.65,0,TREE,LL,16,TREE,LL,16,0,TREE,A_flag_ceiling,3,0.148588
all_reduce_perf,2,16,33554432,8388608,float,sum,1807.55,18.56,34.81,0,1806.61,18.57,34.82,0,TREE,LL,16,TREE,LL,16,0,TREE,A_flag_ceiling,3,0.0574383
all_reduce_perf,2,16,67108864,16777216,float,sum,3555.49,18.87,35.39,0,3556.35,18.87,35.38,0,TREE,LL,16,TREE,LL,16,0,TREE,A_flag_ceiling,3,0.113058
all_reduce_perf,2,16,134217728,33554432,float,sum,7050.17,19.04,35.7,0,7055.58,19.02,35.67,0,TREE,LL,16,TREE,LL,16,0,TREE,A_flag_ceiling,3,0.6448
all_reduce_perf,2,16,268435456,67108864,float,sum,14058.4,19.09,35.8,0,14062.6,19.09,35.79,0,TREE,LL,16,TREE,LL,16,0,TREE,A_flag_ceiling,3,0.474993
all_reduce_perf,2,16,536870912,134217728,float,sum,28077,19.12,35.85,0,28081.8,19.12,35.85,0,TREE,LL,16,TREE,LL,16,0,TREE,A_flag_ceiling,3,0.446304
all_reduce_perf,2,16,4096,1024,float,sum,47.18,0.09,0.16,0,45.5,0.09,0.17,0,TREE,LL128,16,TREE,LL128,16,0,TREE,A_flag_ceiling,3,0
all_reduce_perf,2,16,8192,2048,float,sum,48.8,0.17,0.31,0,47.76,0.17,0.32,0,TREE,LL128,16,TREE,LL128,16,0,TREE,A_flag_ceiling,3,3.125
all_reduce_perf,2,16,16384,4096,float,sum,49.44,0.33,0.62,0,47.58,0.34,0.65,0,TREE,LL128,16,TREE,LL128,16,0,TREE,A_flag_ceiling,3,1.53846
all_reduce_perf,2,16,32768,8192,float,sum,50.06,0.65,1.23,0,48.96,0.67,1.25,0,TREE,LL128,16,TREE,LL128,16,0,TREE,A_flag_ceiling,3,0.8
all_reduce_perf,2,16,65536,16384,float,sum,50.03,1.31,2.46,0,49.01,1.34,2.51,0,TREE,LL128,16,TREE,LL128,16,0,TREE,A_flag_ceiling,3,0.796813
all_reduce_perf,2,16,131072,32768,float,sum,53.45,2.45,4.6,0,51.34,2.55,4.79,0,TREE,LL128,16,TREE,LL128,16,0,TREE,A_flag_ceiling,3,0.626305
all_reduce_perf,2,16,262144,65536,float,sum,56,4.68,8.78,0,55.35,4.74,8.88,0,TREE,LL128,16,TREE,LL128,16,0,TREE,A_flag_ceiling,3,0.45045
all_reduce_perf,2,16,524288,131072,float,sum,64.19,8.17,15.32,0,62.09,8.44,15.83,0,TREE,LL128,16,TREE,LL128,16,0,TREE,A_flag_ceiling,3,2.46368
all_reduce_perf,2,16,1048576,262144,float,sum,72.29,14.51,27.2,0,69.54,15.08,28.27,0,TREE,LL128,16,TREE,LL128,16,0,TREE,A_flag_ceiling,3,0.389105
all_reduce_perf,2,16,2097152,524288,float,sum,88.21,23.77,44.58,0,83.66,25.07,47,0,TREE,LL128,16,TREE,LL128,16,0,TREE,A_flag_ceiling,3,0.851064
all_reduce_perf,2,16,4194304,1048576,float,sum,115.11,36.44,68.32,0,111.89,37.49,70.29,0,TREE,LL128,16,TREE,LL128,16,0,TREE,A_flag_ceiling,3,1.06701
all_reduce_perf,2,16,8388608,2097152,float,sum,171.99,48.77,91.45,0,167.95,49.95,93.65,0,TREE,LL128,16,TREE,LL128,16,0,TREE,A_flag_ceiling,3,0.896957
all_reduce_perf,2,16,16777216,4194304,float,sum,297.39,56.41,105.78,0,294.16,57.03,106.94,0,TREE,LL128,16,TREE,LL128,16,0,TREE,A_flag_ceiling,3,0.645222
all_reduce_perf,2,16,33554432,8388608,float,sum,533.4,62.91,117.95,0,528.8,63.45,118.98,0,TREE,LL128,16,TREE,LL128,16,0,TREE,A_flag_ceiling,3,0.647168
all_reduce_perf,2,16,67108864,16777216,float,sum,1003.11,66.9,125.44,0,1000.01,67.11,125.83,0,TREE,LL128,16,TREE,LL128,16,0,TREE,A_flag_ceiling,3,0.898037
all_reduce_perf,2,16,134217728,33554432,float,sum,1927.07,69.65,130.59,0,1925.87,69.69,130.67,0,TREE,LL128,16,TREE,LL128,16,0,TREE,A_flag_ceiling,3,0.895385
all_reduce_perf,2,16,268435456,67108864,float,sum,3744.64,71.69,134.41,0,3743.06,71.72,134.47,0,TREE,LL128,16,TREE,LL128,16,0,TREE,A_flag_ceiling,3,1.50219
all_reduce_perf,2,16,536870912,134217728,float,sum,7420.37,72.35,135.66,0,7434.51,72.21,135.4,0,TREE,LL128,16,TREE,LL128,16,0,TREE,A_flag_ceiling,3,0.21418
all_reduce_perf,2,16,4096,1024,float,sum,71.37,0.06,0.11,0,68.7,0.06,0.11,0,TREE,SIMPLE,24,TREE,SIMPLE,24,0,TREE,A_flag_ceiling,3,0
all_reduce_perf,2,16,8192,2048,float,sum,73.05,0.11,0.21,0,71.12,0.12,0.22,0,TREE,SIMPLE,24,TREE,SIMPLE,24,0,TREE,A_flag_ceiling,3,4.54545
all_reduce_perf,2,16,16384,4096,float,sum,75.85,0.22,0.41,0,70.68,0.23,0.43,0,TREE,SIMPLE,24,TREE,SIMPLE,24,0,TREE,A_flag_ceiling,3,2.32558
all_reduce_perf,2,16,32768,8192,float,sum,74.04,0.44,0.83,0,71.09,0.46,0.86,0,TREE,SIMPLE,24,TREE,SIMPLE,24,0,TREE,A_flag_ceiling,3,2.32558
all_reduce_perf,2,16,65536,16384,float,sum,74.15,0.88,1.66,0,72.22,0.91,1.7,0,TREE,SIMPLE,24,TREE,SIMPLE,24,0,TREE,A_flag_ceiling,3,1.76471
all_reduce_perf,2,16,131072,32768,float,sum,76.62,1.71,3.21,0,73.62,1.78,3.34,0,TREE,SIMPLE,24,TREE,SIMPLE,24,0,TREE,A_flag_ceiling,3,0.898204
all_reduce_perf,2,16,262144,65536,float,sum,84.35,3.11,5.83,0,79.91,3.28,6.15,0,TREE,SIMPLE,24,TREE,SIMPLE,24,0,TREE,A_flag_ceiling,3,0.97561
all_reduce_perf,2,16,524288,131072,float,sum,96.59,5.43,10.18,0,92.37,5.68,10.64,0,TREE,SIMPLE,24,TREE,SIMPLE,24,0,TREE,A_flag_ceiling,3,0.281955
all_reduce_perf,2,16,1048576,262144,float,sum,109.34,9.59,17.98,0,106.6,9.84,18.44,0,TREE,SIMPLE,24,TREE,SIMPLE,24,0,TREE,A_flag_ceiling,3,0.37961
all_reduce_perf,2,16,2097152,524288,float,sum,122.14,17.17,32.19,0,118.88,17.64,33.08,0,TREE,SIMPLE,24,TREE,SIMPLE,24,0,TREE,A_flag_ceiling,3,1.33011
all_reduce_perf,2,16,4194304,1048576,float,sum,157.68,26.6,49.87,0,146.66,28.6,53.62,0,TREE,SIMPLE,24,TREE,SIMPLE,24,0,TREE,A_flag_ceiling,3,0.503543
all_reduce_perf,2,16,8388608,2097152,float,sum,206.21,40.68,76.28,0,195.99,42.8,80.25,0,TREE,SIMPLE,24,TREE,SIMPLE,24,0,TREE,A_flag_ceiling,3,0.261682
all_reduce_perf,2,16,16777216,4194304,float,sum,287.51,58.35,109.41,0,278.82,60.17,112.82,0,TREE,SIMPLE,24,TREE,SIMPLE,24,0,TREE,A_flag_ceiling,3,0.319092
all_reduce_perf,2,16,33554432,8388608,float,sum,443.33,75.69,141.91,0,434.01,77.31,144.96,0,TREE,SIMPLE,24,TREE,SIMPLE,24,0,TREE,A_flag_ceiling,3,0.503587
all_reduce_perf,2,16,67108864,16777216,float,sum,741.65,90.49,169.66,0,739.54,90.74,170.14,0,TREE,SIMPLE,24,TREE,SIMPLE,24,0,TREE,A_flag_ceiling,3,0.158693
all_reduce_perf,2,16,134217728,33554432,float,sum,1200.66,111.79,209.6,0,1209.78,110.94,208.02,0,TREE,SIMPLE,24,TREE,SIMPLE,24,0,TREE,A_flag_ceiling,3,0.0769157
all_reduce_perf,2,16,268435456,67108864,float,sum,2199.72,122.03,228.81,0,2224.92,120.65,226.22,0,TREE,SIMPLE,24,TREE,SIMPLE,24,0,TREE,A_flag_ceiling,3,6.14004
all_reduce_perf,2,16,536870912,134217728,float,sum,3867.35,138.82,260.29,0,3893.6,137.89,258.54,0,TREE,SIMPLE,24,TREE,SIMPLE,24,0,TREE,A_flag_ceiling,3,0.518295
all_reduce_perf,2,16,4096,1024,float,sum,40.09,0.1,0.19,0,38.54,0.11,0.2,0,TREE,LL,24,TREE,LL,24,0,TREE,A_flag_ceiling,3,0
all_reduce_perf,2,16,8192,2048,float,sum,39.82,0.21,0.39,0,39.29,0.21,0.39,0,TREE,LL,24,TREE,LL,24,0,TREE,A_flag_ceiling,3,0
all_reduce_perf,2,16,16384,4096,float,sum,40.54,0.4,0.76,0,39.88,0.41,0.77,0,TREE,LL,24,TREE,LL,24,0,TREE,A_flag_ceiling,3,3.8961
all_reduce_perf,2,16,32768,8192,float,sum,42.95,0.76,1.43,0,41.07,0.8,1.5,0,TREE,LL,24,TREE,LL,24,0,TREE,A_flag_ceiling,3,0
all_reduce_perf,2,16,65536,16384,float,sum,48.46,1.35,2.54,0,46.22,1.42,2.66,0,TREE,LL,24,TREE,LL,24,0,TREE,A_flag_ceiling,3,1.12782
all_reduce_perf,2,16,131072,32768,float,sum,55.87,2.35,4.4,0,53.44,2.45,4.6,0,TREE,LL,24,TREE,LL,24,0,TREE,A_flag_ceiling,3,2.3913
all_reduce_perf,2,16,262144,65536,float,sum,70.57,3.71,6.97,0,68.19,3.84,7.21,0,TREE,LL,24,TREE,LL,24,0,TREE,A_flag_ceiling,3,1.38696
all_reduce_perf,2,16,524288,131072,float,sum,88.64,5.91,11.09,0,85.11,6.16,11.55,0,TREE,LL,24,TREE,LL,24,0,TREE,A_flag_ceiling,3,0.606061
all_reduce_perf,2,16,1048576,262144,float,sum,104.76,10.01,18.77,0,104.62,10.02,18.79,0,TREE,LL,24,TREE,LL,24,0,TREE,A_flag_ceiling,3,2.60777
all_reduce_perf,2,16,2097152,524288,float,sum,144.37,14.53,27.24,0,139.73,15.01,28.14,0,TREE,LL,24,TREE,LL,24,0,TREE,A_flag_ceiling,3,0.746269
all_reduce_perf,2,16,4194304,1048576,float,sum,212.98,19.69,36.93,0,213.57,19.64,36.82,0,TREE,LL,24,TREE,LL,24,0,TREE,A_flag_ceiling,3,1.22216
all_reduce_perf,2,16,8388608,2097152,float,sum,361.1,23.23,43.56,0,360.46,23.27,43.64,0,TREE,LL,24,TREE,LL,24,0,TREE,A_flag_ceiling,3,0.252062
all_reduce_perf,2,16,16777216,4194304,float,sum,657.25,25.53,47.86,0,652.82,25.7,48.19,0,TREE,LL,24,TREE,LL,24,0,TREE,A_flag_ceiling,3,0.249014
all_reduce_perf,2,16,33554432,8388608,float,sum,1238.62,27.09,50.79,0,1236.34,27.14,50.89,0,TREE,LL,24,TREE,LL,24,0,TREE,A_flag_ceiling,3,0.117901
all_reduce_perf,2,16,67108864,16777216,float,sum,2416.93,27.77,52.06,0,2414.98,27.79,52.1,0,TREE,LL,24,TREE,LL,24,0,TREE,A_flag_ceiling,3,0.729367
all_reduce_perf,2,16,134217728,33554432,float,sum,4777.84,28.09,52.67,0,4773.17,28.12,52.72,0,TREE,LL,24,TREE,LL,24,0,TREE,A_flag_ceiling,3,0.246586
all_reduce_perf,2,16,268435456,67108864,float,sum,9501.89,28.25,52.97,0,9525.91,28.18,52.84,0,TREE,LL,24,TREE,LL,24,0,TREE,A_flag_ceiling,3,0.586677
all_reduce_perf,2,16,536870912,134217728,float,sum,19016.2,28.23,52.94,0,19001.8,28.25,52.98,0,TREE,LL,24,TREE,LL,24,0,TREE,A_flag_ceiling,3,0.660627
all_reduce_perf,2,16,4096,1024,float,sum,47.23,0.09,0.16,0,46.16,0.09,0.17,0,TREE,LL128,24,TREE,LL128,24,0,TREE,A_flag_ceiling,3,0
all_reduce_perf,2,16,8192,2048,float,sum,48.66,0.17,0.32,0,47.71,0.17,0.32,0,TREE,LL128,24,TREE,LL128,24,0,TREE,A_flag_ceiling,3,0
all_reduce_perf,2,16,16384,4096,float,sum,50.79,0.32,0.6,0,47.74,0.34,0.64,0,TREE,LL128,24,TREE,LL128,24,0,TREE,A_flag_ceiling,3,0
all_reduce_perf,2,16,32768,8192,float,sum,49.52,0.66,1.24,0,48.8,0.67,1.26,0,TREE,LL128,24,TREE,LL128,24,0,TREE,A_flag_ceiling,3,0
all_reduce_perf,2,16,65536,16384,float,sum,51.7,1.27,2.38,0,48.7,1.35,2.52,0,TREE,LL128,24,TREE,LL128,24,0,TREE,A_flag_ceiling,3,1.19048
all_reduce_perf,2,16,131072,32768,float,sum,54.68,2.4,4.49,0,50.9,2.57,4.83,0,TREE,LL128,24,TREE,LL128,24,0,TREE,A_flag_ceiling,3,0.414079
all_reduce_perf,2,16,262144,65536,float,sum,55.61,4.71,8.84,0,55.53,4.72,8.85,0,TREE,LL128,24,TREE,LL128,24,0,TREE,A_flag_ceiling,3,0.564972
all_reduce_perf,2,16,524288,131072,float,sum,62.44,8.4,15.74,0,60.53,8.66,16.24,0,TREE,LL128,24,TREE,LL128,24,0,TREE,A_flag_ceiling,3,0.67734
all_reduce_perf,2,16,1048576,262144,float,sum,69.62,15.06,28.24,0,66.79,15.7,29.44,0,TREE,LL128,24,TREE,LL128,24,0,TREE,A_flag_ceiling,3,1.93614
all_reduce_perf,2,16,2097152,524288,float,sum,79.99,26.22,49.16,0,77.36,27.11,50.83,0,TREE,LL128,24,TREE,LL128,24,0,TREE,A_flag_ceiling,3,1.29845
all_reduce_perf,2,16,4194304,1048576,float,sum,98.96,42.38,79.47,0,96.33,43.54,81.64,0,TREE,LL128,24,TREE,LL128,24,0,TREE,A_flag_ceiling,3,3.57668
all_reduce_perf,2,16,8388608,2097152,float,sum,138.22,60.69,113.8,0,134.87,62.2,116.62,0,TREE,LL128,24,TREE,LL128,24,0,TREE,A_flag_ceiling,3,0.908935
all_reduce_perf,2,16,16777216,4194304,float,sum,229.23,73.19,137.23,0,227.61,73.71,138.21,0,TREE,LL128,24,TREE,LL128,24,0,TREE,A_flag_ceiling,3,0.520946
all_reduce_perf,2,16,33554432,8388608,float,sum,394.78,85,159.37,0,393.28,85.32,159.98,0,TREE,LL128,24,TREE,LL128,24,0,TREE,A_flag_ceiling,3,0.693837
all_reduce_perf,2,16,67108864,16777216,float,sum,725.78,92.46,173.37,0,725.75,92.47,173.38,0,TREE,LL128,24,TREE,LL128,24,0,TREE,A_flag_ceiling,3,0.553697
all_reduce_perf,2,16,134217728,33554432,float,sum,1385.01,96.91,181.7,0,1383.89,96.99,181.85,0,TREE,LL128,24,TREE,LL128,24,0,TREE,A_flag_ceiling,3,1.17679
all_reduce_perf,2,16,268435456,67108864,float,sum,2660.76,100.89,189.16,0,2667.92,100.62,188.65,0,TREE,LL128,24,TREE,LL128,24,0,TREE,A_flag_ceiling,3,0.598993
all_reduce_perf,2,16,536870912,134217728,float,sum,5185.92,103.52,194.11,0,5209.74,103.05,193.22,0,TREE,LL128,24,TREE,LL128,24,0,TREE,A_flag_ceiling,3,0.40886
all_reduce_perf,2,16,4096,1024,float,sum,69.89,0.06,0.11,0,68.59,0.06,0.11,0,TREE,SIMPLE,32,TREE,SIMPLE,32,0,TREE,A_flag_ceiling,3,0
all_reduce_perf,2,16,8192,2048,float,sum,73.28,0.11,0.21,0,71,0.12,0.22,0,TREE,SIMPLE,32,TREE,SIMPLE,32,0,TREE,A_flag_ceiling,3,4.54545
all_reduce_perf,2,16,16384,4096,float,sum,73.52,0.22,0.42,0,71.48,0.23,0.43,0,TREE,SIMPLE,32,TREE,SIMPLE,32,0,TREE,A_flag_ceiling,3,0
all_reduce_perf,2,16,32768,8192,float,sum,74.36,0.44,0.83,0,70.96,0.46,0.87,0,TREE,SIMPLE,32,TREE,SIMPLE,32,0,TREE,A_flag_ceiling,3,1.14943
all_reduce_perf,2,16,65536,16384,float,sum,76.89,0.85,1.6,0,72.02,0.91,1.71,0,TREE,SIMPLE,32,TREE,SIMPLE,32,0,TREE,A_flag_ceiling,3,1.16959
all_reduce_perf,2,16,131072,32768,float,sum,75.07,1.75,3.27,0,73.2,1.79,3.36,0,TREE,SIMPLE,32,TREE,SIMPLE,32,0,TREE,A_flag_ceiling,3,1.4881
all_reduce_perf,2,16,262144,65536,float,sum,80.64,3.25,6.1,0,76.79,3.41,6.4,0,TREE,SIMPLE,32,TREE,SIMPLE,32,0,TREE,A_flag_ceiling,3,1.09375
all_reduce_perf,2,16,524288,131072,float,sum,88.88,5.9,11.06,0,84.14,6.23,11.68,0,TREE,SIMPLE,32,TREE,SIMPLE,32,0,TREE,A_flag_ceiling,3,1.45548
all_reduce_perf,2,16,1048576,262144,float,sum,107.8,9.73,18.24,0,103.08,10.17,19.07,0,TREE,SIMPLE,32,TREE,SIMPLE,32,0,TREE,A_flag_ceiling,3,0.31463
all_reduce_perf,2,16,2097152,524288,float,sum,117.56,17.84,33.45,0,115.33,18.18,34.1,0,TREE,SIMPLE,32,TREE,SIMPLE,32,0,TREE,A_flag_ceiling,3,0.527859
all_reduce_perf,2,16,4194304,1048576,float,sum,145.99,28.73,53.87,0,135.83,30.88,57.9,0,TREE,SIMPLE,32,TREE,SIMPLE,32,0,TREE,A_flag_ceiling,3,1.12263
all_reduce_perf,2,16,8388608,2097152,float,sum,181.84,46.13,86.5,0,174.4,48.1,90.19,0,TREE,SIMPLE,32,TREE,SIMPLE,32,0,TREE,A_flag_ceiling,3,0.620911
all_reduce_perf,2,16,16777216,4194304,float,sum,254.26,65.98,123.72,0,247.63,67.75,127.03,0,TREE,SIMPLE,32,TREE,SIMPLE,32,0,TREE,A_flag_ceiling,3,0.11021
all_reduce_perf,2,16,33554432,8388608,float,sum,377.26,88.94,166.77,0,371.55,90.31,169.33,0,TREE,SIMPLE,32,TREE,SIMPLE,32,0,TREE,A_flag_ceiling,3,0.301187
all_reduce_perf,2,16,67108864,16777216,float,sum,610.02,110.01,206.27,0,608.43,110.3,206.81,0,TREE,SIMPLE,32,TREE,SIMPLE,32,0,TREE,A_flag_ceiling,3,0.111213
all_reduce_perf,2,16,134217728,33554432,float,sum,997.34,134.58,252.33,0,1001.97,133.95,251.16,0,TREE,SIMPLE,32,TREE,SIMPLE,32,0,TREE,A_flag_ceiling,3,0.402134
all_reduce_perf,2,16,268435456,67108864,float,sum,1778.47,150.94,283.01,0,1795.88,149.47,280.26,0,TREE,SIMPLE,32,TREE,SIMPLE,32,0,TREE,A_flag_ceiling,3,0.18911
all_reduce_perf,2,16,536870912,134217728,float,sum,3231.78,166.12,311.48,0,3246.51,165.37,310.07,0,TREE,SIMPLE,32,TREE,SIMPLE,32,0,TREE,A_flag_ceiling,3,0.374109
all_reduce_perf,2,16,4096,1024,float,sum,38.74,0.11,0.2,0,39.02,0.1,0.2,0,TREE,LL,32,TREE,LL,32,0,TREE,A_flag_ceiling,3,5
all_reduce_perf,2,16,8192,2048,float,sum,40.13,0.2,0.38,0,39.1,0.21,0.39,0,TREE,LL,32,TREE,LL,32,0,TREE,A_flag_ceiling,3,0
all_reduce_perf,2,16,16384,4096,float,sum,40.69,0.4,0.75,0,39.77,0.41,0.77,0,TREE,LL,32,TREE,LL,32,0,TREE,A_flag_ceiling,3,1.2987
all_reduce_perf,2,16,32768,8192,float,sum,41.61,0.79,1.48,0,40.97,0.8,1.5,0,TREE,LL,32,TREE,LL,32,0,TREE,A_flag_ceiling,3,1.33333
all_reduce_perf,2,16,65536,16384,float,sum,45.09,1.45,2.73,0,43.93,1.49,2.8,0,TREE,LL,32,TREE,LL,32,0,TREE,A_flag_ceiling,3,2.14286
all_reduce_perf,2,16,131072,32768,float,sum,51.84,2.53,4.74,0,50.17,2.61,4.9,0,TREE,LL,32,TREE,LL,32,0,TREE,A_flag_ceiling,3,0.816327
all_reduce_perf,2,16,262144,65536,float,sum,61.42,4.27,8,0,61.09,4.29,8.05,0,TREE,LL,32,TREE,LL,32,0,TREE,A_flag_ceiling,3,1.36646
all_reduce_perf,2,16,524288,131072,float,sum,82.27,6.37,11.95,0,80.94,6.48,12.14,0,TREE,LL,32,TREE,LL,32,0,TREE,A_flag_ceiling,3,0.411862
all_reduce_perf,2,16,1048576,262144,float,sum,98.88,10.6,19.88,0,97.12,10.8,20.24,0,TREE,LL,32,TREE,LL,32,0,TREE,A_flag_ceiling,3,1.13636
all_reduce_perf,2,16,2097152,524288,float,sum,128.87,16.27,30.51,0,125.23,16.75,31.4,0,TREE,LL,32,TREE,LL,32,0,TREE,A_flag_ceiling,3,0.89172
all_reduce_perf,2,16,4194304,1048576,float,sum,179.9,23.32,43.72,0,179.63,23.35,43.78,0,TREE,LL,32,TREE,LL,32,0,TREE,A_flag_ceiling,3,0.708086
all_reduce_perf,2,16,8388608,2097152,float,sum,310.1,27.05,50.72,0,308.12,27.23,51.05,0,TREE,LL,32,TREE,LL,32,0,TREE,A_flag_ceiling,3,0.391773
all_reduce_perf,2,16,16777216,4194304,float,sum,544.05,30.84,57.82,0,538.5,31.16,58.42,0,TREE,LL,32,TREE,LL,32,0,TREE,A_flag_ceiling,3,0.547758
all_reduce_perf,2,16,33554432,8388608,float,sum,996.37,33.68,63.14,0,992.52,33.81,63.39,0,TREE,LL,32,TREE,LL,32,0,TREE,A_flag_ceiling,3,0.978072
all_reduce_perf,2,16,67108864,16777216,float,sum,1886.43,35.57,66.7,0,1885,35.6,66.75,0,TREE,LL,32,TREE,LL,32,0,TREE,A_flag_ceiling,3,0.374532
all_reduce_perf,2,16,134217728,33554432,float,sum,3675.81,36.51,68.46,0,3672.23,36.55,68.53,0,TREE,LL,32,TREE,LL,32,0,TREE,A_flag_ceiling,3,4.6403
all_reduce_perf,2,16,268435456,67108864,float,sum,7225.14,37.15,69.66,0,7217.42,37.19,69.74,0,TREE,LL,32,TREE,LL,32,0,TREE,A_flag_ceiling,3,0.215085
all_reduce_perf,2,16,536870912,134217728,float,sum,14315.8,37.5,70.32,0,14300.9,37.54,70.39,0,TREE,LL,32,TREE,LL,32,0,TREE,A_flag_ceiling,3,0.326751
all_reduce_perf,2,16,4096,1024,float,sum,46.38,0.09,0.17,0,45.59,0.09,0.17,0,TREE,LL128,32,TREE,LL128,32,0,TREE,A_flag_ceiling,3,0
all_reduce_perf,2,16,8192,2048,float,sum,49.65,0.16,0.31,0,48.03,0.17,0.32,0,TREE,LL128,32,TREE,LL128,32,0,TREE,A_flag_ceiling,3,0
all_reduce_perf,2,16,16384,4096,float,sum,50.94,0.32,0.6,0,48.07,0.34,0.64,0,TREE,LL128,32,TREE,LL128,32,0,TREE,A_flag_ceiling,3,0
all_reduce_perf,2,16,32768,8192,float,sum,49.75,0.66,1.23,0,49.09,0.67,1.25,0,TREE,LL128,32,TREE,LL128,32,0,TREE,A_flag_ceiling,3,1.6
all_reduce_perf,2,16,65536,16384,float,sum,52.07,1.26,2.36,0,49.44,1.33,2.49,0,TREE,LL128,32,TREE,LL128,32,0,TREE,A_flag_ceiling,3,0.803213
all_reduce_perf,2,16,131072,32768,float,sum,53.23,2.46,4.62,0,51.15,2.56,4.8,0,TREE,LL128,32,TREE,LL128,32,0,TREE,A_flag_ceiling,3,0.416667
all_reduce_perf,2,16,262144,65536,float,sum,53.43,4.91,9.2,0,53.75,4.88,9.15,0,TREE,LL128,32,TREE,LL128,32,0,TREE,A_flag_ceiling,3,2.0765
all_reduce_perf,2,16,524288,131072,float,sum,58.65,8.94,16.76,0,58.65,8.94,16.76,0,TREE,LL128,32,TREE,LL128,32,0,TREE,A_flag_ceiling,3,0.417661
all_reduce_perf,2,16,1048576,262144,float,sum,65.46,16.02,30.03,0,65.53,16,30,0,TREE,LL128,32,TREE,LL128,32,0,TREE,A_flag_ceiling,3,0.666667
all_reduce_perf,2,16,2097152,524288,float,sum,74.33,28.21,52.9,0,74.1,28.3,53.07,0,TREE,LL128,32,TREE,LL128,32,0,TREE,A_flag_ceiling,3,0.716035
all_reduce_perf,2,16,4194304,1048576,float,sum,94.88,44.2,82.88,0,88.97,47.14,88.39,0,TREE,LL128,32,TREE,LL128,32,0,TREE,A_flag_ceiling,3,0.859826
all_reduce_perf,2,16,8388608,2097152,float,sum,123.7,67.82,127.16,0,120.23,69.77,130.82,0,TREE,LL128,32,TREE,LL128,32,0,TREE,A_flag_ceiling,3,0.236967
all_reduce_perf,2,16,16777216,4194304,float,sum,188.61,88.95,166.79,0,186.65,89.89,168.54,0,TREE,LL128,32,TREE,LL128,32,0,TREE,A_flag_ceiling,3,0.272932
all_reduce_perf,2,16,33554432,8388608,float,sum,329.17,101.94,191.13,0,328.93,102.01,191.27,0,TREE,LL128,32,TREE,LL128,32,0,TREE,A_flag_ceiling,3,1.05087
all_reduce_perf,2,16,67108864,16777216,float,sum,595.81,112.63,211.19,0,597.75,112.27,210.5,0,TREE,LL128,32,TREE,LL128,32,0,TREE,A_flag_ceiling,3,0.950119
all_reduce_perf,2,16,134217728,33554432,float,sum,1130.06,118.77,222.69,0,1126.44,119.15,223.41,0,TREE,LL128,32,TREE,LL128,32,0,TREE,A_flag_ceiling,3,0.716172
all_reduce_perf,2,16,268435456,67108864,float,sum,2164.73,124,232.51,0,2169.91,123.71,231.95,0,TREE,LL128,32,TREE,LL128,32,0,TREE,A_flag_ceiling,3,0.870877
all_reduce_perf,2,16,536870912,134217728,float,sum,4218,127.28,238.65,0,4219.99,127.22,238.54,0,TREE,LL128,32,TREE,LL128,32,0,TREE,A_flag_ceiling,3,0.582711
all_reduce_perf,2,16,4096,1024,float,sum,71.82,0.06,0.11,0,68.32,0.06,0.11,0,TREE,SIMPLE,40,TREE,SIMPLE,40,0,TREE,A_flag_ceiling,3,0
all_reduce_perf,2,16,8192,2048,float,sum,72.46,0.11,0.21,0,70.77,0.12,0.22,0,TREE,SIMPLE,40,TREE,SIMPLE,40,0,TREE,A_flag_ceiling,3,4.54545
all_reduce_perf,2,16,16384,4096,float,sum,76.31,0.21,0.4,0,71.49,0.23,0.43,0,TREE,SIMPLE,40,TREE,SIMPLE,40,0,TREE,A_flag_ceiling,3,2.32558
all_reduce_perf,2,16,32768,8192,float,sum,74.04,0.44,0.83,0,71.55,0.46,0.86,0,TREE,SIMPLE,40,TREE,SIMPLE,40,0,TREE,A_flag_ceiling,3,1.16279
all_reduce_perf,2,16,65536,16384,float,sum,76.35,0.86,1.61,0,72.26,0.91,1.7,0,TREE,SIMPLE,40,TREE,SIMPLE,40,0,TREE,A_flag_ceiling,3,0.588235
all_reduce_perf,2,16,131072,32768,float,sum,76.56,1.71,3.21,0,73.9,1.77,3.33,0,TREE,SIMPLE,40,TREE,SIMPLE,40,0,TREE,A_flag_ceiling,3,0.900901
all_reduce_perf,2,16,262144,65536,float,sum,82.48,3.18,5.96,0,76.9,3.41,6.39,0,TREE,SIMPLE,40,TREE,SIMPLE,40,0,TREE,A_flag_ceiling,3,0.156495
all_reduce_perf,2,16,524288,131072,float,sum,89,5.89,11.05,0,83.34,6.29,11.8,0,TREE,SIMPLE,40,TREE,SIMPLE,40,0,TREE,A_flag_ceiling,3,0.932203
all_reduce_perf,2,16,1048576,262144,float,sum,108.11,9.7,18.19,0,102.65,10.21,19.15,0,TREE,SIMPLE,40,TREE,SIMPLE,40,0,TREE,A_flag_ceiling,3,0.104439
all_reduce_perf,2,16,2097152,524288,float,sum,117.49,17.85,33.47,0,113.8,18.43,34.55,0,TREE,SIMPLE,40,TREE,SIMPLE,40,0,TREE,A_flag_ceiling,3,0.926194
all_reduce_perf,2,16,4194304,1048576,float,sum,143.13,29.3,54.94,0,135.42,30.97,58.07,0,TREE,SIMPLE,40,TREE,SIMPLE,40,0,TREE,A_flag_ceiling,3,0.551059
all_reduce_perf,2,16,8388608,2097152,float,sum,171.8,48.83,91.55,0,166.42,50.41,94.51,0,TREE,SIMPLE,40,TREE,SIMPLE,40,0,TREE,A_flag_ceiling,3,0.687758
all_reduce_perf,2,16,16777216,4194304,float,sum,242.09,69.3,129.94,0,236.01,71.09,133.29,0,TREE,SIMPLE,40,TREE,SIMPLE,40,0,TREE,A_flag_ceiling,3,0.427639
all_reduce_perf,2,16,33554432,8388608,float,sum,343.36,97.72,183.23,0,339.85,98.73,185.13,0,TREE,SIMPLE,40,TREE,SIMPLE,40,0,TREE,A_flag_ceiling,3,0.318695
all_reduce_perf,2,16,67108864,16777216,float,sum,546.85,122.72,230.1,0,544.46,123.26,231.11,0,TREE,SIMPLE,40,TREE,SIMPLE,40,0,TREE,A_flag_ceiling,3,0.246636
all_reduce_perf,2,16,134217728,33554432,float,sum,946.34,141.83,265.93,0,951.17,141.11,264.58,0,TREE,SIMPLE,40,TREE,SIMPLE,40,0,TREE,A_flag_ceiling,3,0.0944894
all_reduce_perf,2,16,268435456,67108864,float,sum,1665.63,161.16,302.18,0,1657.74,161.93,303.62,0,TREE,SIMPLE,40,TREE,SIMPLE,40,0,TREE,A_flag_ceiling,3,0.263487
all_reduce_perf,2,16,536870912,134217728,float,sum,3109.16,172.67,323.76,0,3088.06,173.85,325.98,0,TREE,SIMPLE,40,TREE,SIMPLE,40,0,TREE,A_flag_ceiling,3,0.217805
all_reduce_perf,2,16,4096,1024,float,sum,39.48,0.1,0.19,0,39.26,0.1,0.2,0,TREE,LL,40,TREE,LL,40,0,TREE,A_flag_ceiling,3,5
all_reduce_perf,2,16,8192,2048,float,sum,40.19,0.2,0.38,0,39.28,0.21,0.39,0,TREE,LL,40,TREE,LL,40,0,TREE,A_flag_ceiling,3,0
all_reduce_perf,2,16,16384,4096,float,sum,41.9,0.39,0.73,0,39.72,0.41,0.77,0,TREE,LL,40,TREE,LL,40,0,TREE,A_flag_ceiling,3,2.5974
all_reduce_perf,2,16,32768,8192,float,sum,42.36,0.77,1.45,0,40.78,0.8,1.51,0,TREE,LL,40,TREE,LL,40,0,TREE,A_flag_ceiling,3,1.3245
all_reduce_perf,2,16,65536,16384,float,sum,45.91,1.43,2.68,0,43.66,1.5,2.81,0,TREE,LL,40,TREE,LL,40,0,TREE,A_flag_ceiling,3,3.55872
all_reduce_perf,2,16,131072,32768,float,sum,50.97,2.57,4.82,0,49.53,2.65,4.96,0,TREE,LL,40,TREE,LL,40,0,TREE,A_flag_ceiling,3,1.00806
all_reduce_perf,2,16,262144,65536,float,sum,62.98,4.16,7.8,0,61.03,4.3,8.05,0,TREE,LL,40,TREE,LL,40,0,TREE,A_flag_ceiling,3,2.1118
all_reduce_perf,2,16,524288,131072,float,sum,78.99,6.64,12.45,0,77.75,6.74,12.64,0,TREE,LL,40,TREE,LL,40,0,TREE,A_flag_ceiling,3,2.45253
all_reduce_perf,2,16,1048576,262144,float,sum,96.48,10.87,20.38,0,93.4,11.23,21.05,0,TREE,LL,40,TREE,LL,40,0,TREE,A_flag_ceiling,3,2.85036
all_reduce_perf,2,16,2097152,524288,float,sum,127.67,16.43,30.8,0,117.74,17.81,33.4,0,TREE,LL,40,TREE,LL,40,0,TREE,A_flag_ceiling,3,5.20958
all_reduce_perf,2,16,4194304,1048576,float,sum,171.37,24.47,45.89,0,163.79,25.61,48.01,0,TREE,LL,40,TREE,LL,40,0,TREE,A_flag_ceiling,3,8.81066
all_reduce_perf,2,16,8388608,2097152,float,sum,283.58,29.58,55.46,0,280.57,29.9,56.06,0,TREE,LL,40,TREE,LL,40,0,TREE,A_flag_ceiling,3,13.0931
all_reduce_perf,2,16,16777216,4194304,float,sum,501.09,33.48,62.78,0,494.08,33.96,63.67,0,TREE,LL,40,TREE,LL,40,0,TREE,A_flag_ceiling,3,6.64363
all_reduce_perf,2,16,33554432,8388608,float,sum,925.34,36.26,67.99,0,921.72,36.4,68.26,0,TREE,LL,40,TREE,LL,40,0,TREE,A_flag_ceiling,3,6.60709
all_reduce_perf,2,16,67108864,16777216,float,sum,1767.1,37.98,71.21,0,1746.36,38.43,72.05,0,TREE,LL,40,TREE,LL,40,0,TREE,A_flag_ceiling,3,2.24844
all_reduce_perf,2,16,134217728,33554432,float,sum,3369.86,39.83,74.68,0,3340.97,40.17,75.32,0,TREE,LL,40,TREE,LL,40,0,TREE,A_flag_ceiling,3,2.03133
all_reduce_perf,2,16,268435456,67108864,float,sum,6593.74,40.71,76.33,0,6586.32,40.76,76.42,0,TREE,LL,40,TREE,LL,40,0,TREE,A_flag_ceiling,3,2.06752
all_reduce_perf,2,16,536870912,134217728,float,sum,13053.7,41.13,77.11,0,13099.7,40.98,76.84,0,TREE,LL,40,TREE,LL,40,0,TREE,A_flag_ceiling,3,2.23842
all_reduce_perf,2,16,4096,1024,float,sum,46.62,0.09,0.16,0,45.77,0.09,0.17,0,TREE,LL128,40,TREE,LL128,40,0,TREE,A_flag_ceiling,3,0
all_reduce_perf,2,16,8192,2048,float,sum,48.76,0.17,0.31,0,47.43,0.17,0.32,0,TREE,LL128,40,TREE,LL128,40,0,TREE,A_flag_ceiling,3,3.125
all_reduce_perf,2,16,16384,4096,float,sum,48.95,0.33,0.63,0,48.23,0.34,0.64,0,TREE,LL128,40,TREE,LL128,40,0,TREE,A_flag_ceiling,3,3.125
all_reduce_perf,2,16,32768,8192,float,sum,51.08,0.64,1.2,0,48.91,0.67,1.26,0,TREE,LL128,40,TREE,LL128,40,0,TREE,A_flag_ceiling,3,1.5873
all_reduce_perf,2,16,65536,16384,float,sum,50.03,1.31,2.46,0,49.36,1.33,2.49,0,TREE,LL128,40,TREE,LL128,40,0,TREE,A_flag_ceiling,3,1.20482
all_reduce_perf,2,16,131072,32768,float,sum,53.83,2.43,4.57,0,51.18,2.56,4.8,0,TREE,LL128,40,TREE,LL128,40,0,TREE,A_flag_ceiling,3,0
all_reduce_perf,2,16,262144,65536,float,sum,56.39,4.65,8.72,0,53.85,4.87,9.13,0,TREE,LL128,40,TREE,LL128,40,0,TREE,A_flag_ceiling,3,5.36692
all_reduce_perf,2,16,524288,131072,float,sum,61.98,8.46,15.86,0,58.71,8.93,16.75,0,TREE,LL128,40,TREE,LL128,40,0,TREE,A_flag_ceiling,3,4.95522
all_reduce_perf,2,16,1048576,262144,float,sum,68.45,15.32,28.72,0,66,15.89,29.79,0,TREE,LL128,40,TREE,LL128,40,0,TREE,A_flag_ceiling,3,0.637798
all_reduce_perf,2,16,2097152,524288,float,sum,91.04,23.03,43.19,0,74.24,28.25,52.97,0,TREE,LL128,40,TREE,LL128,40,0,TREE,A_flag_ceiling,3,0.453087
all_reduce_perf,2,16,4194304,1048576,float,sum,91.31,45.94,86.13,0,86.49,48.5,90.93,0,TREE,LL128,40,TREE,LL128,40,0,TREE,A_flag_ceiling,3,0.340922
all_reduce_perf,2,16,8388608,2097152,float,sum,115.8,72.44,135.82,0,112.16,74.79,140.24,0,TREE,LL128,40,TREE,LL128,40,0,TREE,A_flag_ceiling,3,0.213919
all_reduce_perf,2,16,16777216,4194304,float,sum,170.72,98.27,184.26,0,170.18,98.58,184.84,0,TREE,LL128,40,TREE,LL128,40,0,TREE,A_flag_ceiling,3,0.378706
all_reduce_perf,2,16,33554432,8388608,float,sum,299,112.22,210.42,0,295.97,113.37,212.57,0,TREE,LL128,40,TREE,LL128,40,0,TREE,A_flag_ceiling,3,0.239921
all_reduce_perf,2,16,67108864,16777216,float,sum,542.63,123.67,231.89,0,540.19,124.23,232.94,0,TREE,LL128,40,TREE,LL128,40,0,TREE,A_flag_ceiling,3,0.210355
all_reduce_perf,2,16,134217728,33554432,float,sum,1017.1,131.96,247.43,0,1016.38,132.06,247.6,0,TREE,LL128,40,TREE,LL128,40,0,TREE,A_flag_ceiling,3,0.379645
all_reduce_perf,2,16,268435456,67108864,float,sum,1938.74,138.46,259.61,0,1934.97,138.73,260.12,0,TREE,LL128,40,TREE,LL128,40,0,TREE,A_flag_ceiling,3,0.253729
all_reduce_perf,2,16,536870912,134217728,float,sum,3757.6,142.88,267.89,0,3768.9,142.45,267.09,0,TREE,LL128,40,TREE,LL128,40,0,TREE,A_flag_ceiling,3,8.6001
all_reduce_perf,2,16,4096,1024,float,sum,71.34,0.06,0.11,0,69.01,0.06,0.11,0,TREE,SIMPLE,48,TREE,SIMPLE,48,0,TREE,A_flag_ceiling,3,0
all_reduce_perf,2,16,8192,2048,float,sum,73.5,0.11,0.21,0,71.18,0.12,0.22,0,TREE,SIMPLE,48,TREE,SIMPLE,48,0,TREE,A_flag_ceiling,3,4.54545
all_reduce_perf,2,16,16384,4096,float,sum,73.95,0.22,0.42,0,71.3,0.23,0.43,0,TREE,SIMPLE,48,TREE,SIMPLE,48,0,TREE,A_flag_ceiling,3,0
all_reduce_perf,2,16,32768,8192,float,sum,77.09,0.43,0.8,0,71.84,0.46,0.86,0,TREE,SIMPLE,48,TREE,SIMPLE,48,0,TREE,A_flag_ceiling,3,0
all_reduce_perf,2,16,65536,16384,float,sum,77.08,0.85,1.59,0,71.85,0.91,1.71,0,TREE,SIMPLE,48,TREE,SIMPLE,48,0,TREE,A_flag_ceiling,3,1.75439
all_reduce_perf,2,16,131072,32768,float,sum,77.25,1.7,3.18,0,74.83,1.75,3.28,0,TREE,SIMPLE,48,TREE,SIMPLE,48,0,TREE,A_flag_ceiling,3,0.914634
all_reduce_perf,2,16,262144,65536,float,sum,78.1,3.36,6.29,0,77.17,3.4,6.37,0,TREE,SIMPLE,48,TREE,SIMPLE,48,0,TREE,A_flag_ceiling,3,1.72684
all_reduce_perf,2,16,524288,131072,float,sum,87.87,5.97,11.19,0,84.75,6.19,11.6,0,TREE,SIMPLE,48,TREE,SIMPLE,48,0,TREE,A_flag_ceiling,3,2.84483
all_reduce_perf,2,16,1048576,262144,float,sum,103.58,10.12,18.98,0,98.83,10.61,19.89,0,TREE,SIMPLE,48,TREE,SIMPLE,48,0,TREE,A_flag_ceiling,3,0.854701
all_reduce_perf,2,16,2097152,524288,float,sum,121.89,17.21,32.26,0,116.01,18.08,33.9,0,TREE,SIMPLE,48,TREE,SIMPLE,48,0,TREE,A_flag_ceiling,3,0.737463
all_reduce_perf,2,16,4194304,1048576,float,sum,138.26,30.34,56.88,0,130.22,32.21,60.39,0,TREE,SIMPLE,48,TREE,SIMPLE,48,0,TREE,A_flag_ceiling,3,0.149031
all_reduce_perf,2,16,8388608,2097152,float,sum,166.02,50.53,94.74,0,161.68,51.88,97.28,0,TREE,SIMPLE,48,TREE,SIMPLE,48,0,TREE,A_flag_ceiling,3,0.637336
all_reduce_perf,2,16,16777216,4194304,float,sum,228.95,73.28,137.4,0,223.66,75.01,140.65,0,TREE,SIMPLE,48,TREE,SIMPLE,48,0,TREE,A_flag_ceiling,3,0.398151
all_reduce_perf,2,16,33554432,8388608,float,sum,327.58,102.43,192.06,0,325.57,103.06,193.24,0,TREE,SIMPLE,48,TREE,SIMPLE,48,0,TREE,A_flag_ceiling,3,0.740012
all_reduce_perf,2,16,67108864,16777216,float,sum,517.06,129.79,243.35,0,514.43,130.45,244.6,0,TREE,SIMPLE,48,TREE,SIMPLE,48,0,TREE,A_flag_ceiling,3,0.273917
all_reduce_perf,2,16,134217728,33554432,float,sum,883.77,151.87,284.76,0,890.57,150.71,282.58,0,TREE,SIMPLE,48,TREE,SIMPLE,48,0,TREE,A_flag_ceiling,3,0.403426
all_reduce_perf,2,16,268435456,67108864,float,sum,1622.14,165.48,310.28,0,1617.61,165.95,311.15,0,TREE,SIMPLE,48,TREE,SIMPLE,48,0,TREE,A_flag_ceiling,3,0.311747
all_reduce_perf,2,16,536870912,134217728,float,sum,3030.59,177.15,332.16,0,3025.09,177.47,332.76,0,TREE,SIMPLE,48,TREE,SIMPLE,48,0,TREE,A_flag_ceiling,3,0.228393
all_reduce_perf,2,16,4096,1024,float,sum,39.28,0.1,0.2,0,38.29,0.11,0.2,0,TREE,LL,48,TREE,LL,48,0,TREE,A_flag_ceiling,3,0
all_reduce_perf,2,16,8192,2048,float,sum,40.99,0.2,0.37,0,39.39,0.21,0.39,0,TREE,LL,48,TREE,LL,48,0,TREE,A_flag_ceiling,3,0
all_reduce_perf,2,16,16384,4096,float,sum,42.88,0.38,0.72,0,39.79,0.41,0.77,0,TREE,LL,48,TREE,LL,48,0,TREE,A_flag_ceiling,3,1.2987
all_reduce_perf,2,16,32768,8192,float,sum,45.79,0.72,1.34,0,41.16,0.8,1.49,0,TREE,LL,48,TREE,LL,48,0,TREE,A_flag_ceiling,3,2.68456
all_reduce_perf,2,16,65536,16384,float,sum,46.15,1.42,2.66,0,43.41,1.51,2.83,0,TREE,LL,48,TREE,LL,48,0,TREE,A_flag_ceiling,3,0.353357
all_reduce_perf,2,16,131072,32768,float,sum,52.33,2.5,4.7,0,49.82,2.63,4.93,0,TREE,LL,48,TREE,LL,48,0,TREE,A_flag_ceiling,3,0.20284
all_reduce_perf,2,16,262144,65536,float,sum,58.33,4.49,8.43,0,57.43,4.56,8.56,0,TREE,LL,48,TREE,LL,48,0,TREE,A_flag_ceiling,3,0.233645
all_reduce_perf,2,16,524288,131072,float,sum,75.52,6.94,13.02,0,73.48,7.13,13.38,0,TREE,LL,48,TREE,LL,48,0,TREE,A_flag_ceiling,3,1.64425
all_reduce_perf,2,16,1048576,262144,float,sum,92.16,11.38,21.33,0,92.02,11.39,21.37,0,TREE,LL,48,TREE,LL,48,0,TREE,A_flag_ceiling,3,1.6846
all_reduce_perf,2,16,2097152,524288,float,sum,116.74,17.96,33.68,0,113.35,18.5,34.69,0,TREE,LL,48,TREE,LL,48,0,TREE,A_flag_ceiling,3,0.634189
all_reduce_perf,2,16,4194304,1048576,float,sum,152.85,27.44,51.45,0,152.33,27.53,51.63,0,TREE,LL,48,TREE,LL,48,0,TREE,A_flag_ceiling,3,0.697269
all_reduce_perf,2,16,8388608,2097152,float,sum,266.51,31.48,59.02,0,265.61,31.58,59.22,0,TREE,LL,48,TREE,LL,48,0,TREE,A_flag_ceiling,3,0.151976
all_reduce_perf,2,16,16777216,4194304,float,sum,463.55,36.19,67.86,0,461.05,36.39,68.23,0,TREE,LL,48,TREE,LL,48,0,TREE,A_flag_ceiling,3,0.659534
all_reduce_perf,2,16,33554432,8388608,float,sum,875.77,38.31,71.84,0,870.61,38.54,72.26,0,TREE,LL,48,TREE,LL,48,0,TREE,A_flag_ceiling,3,0.470523
all_reduce_perf,2,16,67108864,16777216,float,sum,1675.2,40.06,75.11,0,1676.95,40.02,75.03,0,TREE,LL,48,TREE,LL,48,0,TREE,A_flag_ceiling,3,0.386512
all_reduce_perf,2,16,134217728,33554432,float,sum,3317.89,40.45,75.85,0,3286.31,40.84,76.58,0,TREE,LL,48,TREE,LL,48,0,TREE,A_flag_ceiling,3,1.27971
all_reduce_perf,2,16,268435456,67108864,float,sum,6435.4,41.71,78.21,0,6441.56,41.67,78.14,0,TREE,LL,48,TREE,LL,48,0,TREE,A_flag_ceiling,3,2.49552
all_reduce_perf,2,16,536870912,134217728,float,sum,12775.2,42.02,78.8,0,12767.5,42.05,78.84,0,TREE,LL,48,TREE,LL,48,0,TREE,A_flag_ceiling,3,3.28513
all_reduce_perf,2,16,4096,1024,float,sum,46.64,0.09,0.16,0,45.79,0.09,0.17,0,TREE,LL128,48,TREE,LL128,48,0,TREE,A_flag_ceiling,3,5.88235
all_reduce_perf,2,16,8192,2048,float,sum,49.71,0.16,0.31,0,47.95,0.17,0.32,0,TREE,LL128,48,TREE,LL128,48,0,TREE,A_flag_ceiling,3,0
all_reduce_perf,2,16,16384,4096,float,sum,51.25,0.32,0.6,0,47.74,0.34,0.64,0,TREE,LL128,48,TREE,LL128,48,0,TREE,A_flag_ceiling,3,1.5625
all_reduce_perf,2,16,32768,8192,float,sum,51.19,0.64,1.2,0,48.94,0.67,1.26,0,TREE,LL128,48,TREE,LL128,48,0,TREE,A_flag_ceiling,3,0.793651
all_reduce_perf,2,16,65536,16384,float,sum,52.01,1.26,2.36,0,49.09,1.33,2.5,0,TREE,LL128,48,TREE,LL128,48,0,TREE,A_flag_ceiling,3,2
all_reduce_perf,2,16,131072,32768,float,sum,52.55,2.49,4.68,0,51.2,2.56,4.8,0,TREE,LL128,48,TREE,LL128,48,0,TREE,A_flag_ceiling,3,0.416667
all_reduce_perf,2,16,262144,65536,float,sum,56.06,4.68,8.77,0,53.56,4.89,9.18,0,TREE,LL128,48,TREE,LL128,48,0,TREE,A_flag_ceiling,3,11.8736
all_reduce_perf,2,16,524288,131072,float,sum,60.56,8.66,16.23,0,58.44,8.97,16.82,0,TREE,LL128,48,TREE,LL128,48,0,TREE,A_flag_ceiling,3,1.0107
all_reduce_perf,2,16,1048576,262144,float,sum,67.31,15.58,29.21,0,64.86,16.17,30.31,0,TREE,LL128,48,TREE,LL128,48,0,TREE,A_flag_ceiling,3,2.11151
all_reduce_perf,2,16,2097152,524288,float,sum,71.44,29.36,55.04,0,72.05,29.11,54.57,0,TREE,LL128,48,TREE,LL128,48,0,TREE,A_flag_ceiling,3,1.09951
all_reduce_perf,2,16,4194304,1048576,float,sum,85.02,49.33,92.49,0,84.74,49.49,92.8,0,TREE,LL128,48,TREE,LL128,48,0,TREE,A_flag_ceiling,3,1.65948
all_reduce_perf,2,16,8388608,2097152,float,sum,110.89,75.65,141.84,0,108.68,77.18,144.72,0,TREE,LL128,48,TREE,LL128,48,0,TREE,A_flag_ceiling,3,1.24378
all_reduce_perf,2,16,16777216,4194304,float,sum,162.13,103.48,194.03,0,161.09,104.15,195.27,0,TREE,LL128,48,TREE,LL128,48,0,TREE,A_flag_ceiling,3,1.11128
all_reduce_perf,2,16,33554432,8388608,float,sum,283.95,118.17,221.57,0,279.3,120.14,225.26,0,TREE,LL128,48,TREE,LL128,48,0,TREE,A_flag_ceiling,3,0.954453
all_reduce_perf,2,16,67108864,16777216,float,sum,505.06,132.87,249.14,0,505.43,132.77,248.95,0,TREE,LL128,48,TREE,LL128,48,0,TREE,A_flag_ceiling,3,0.373569
all_reduce_perf,2,16,134217728,33554432,float,sum,961.81,139.55,261.65,0,961.15,139.64,261.83,0,TREE,LL128,48,TREE,LL128,48,0,TREE,A_flag_ceiling,3,0.458313
all_reduce_perf,2,16,268435456,67108864,float,sum,1811.33,148.2,277.87,0,1811.95,148.15,277.78,0,TREE,LL128,48,TREE,LL128,48,0,TREE,A_flag_ceiling,3,0.302398
all_reduce_perf,2,16,536870912,134217728,float,sum,3515.77,152.7,286.32,0,3514.34,152.77,286.44,0,TREE,LL128,48,TREE,LL128,48,0,TREE,A_flag_ceiling,3,0.363078
all_reduce_perf,2,16,4096,1024,float,sum,39.35,0.1,0.2,0,38.37,0.11,0.2,0,TREE,LL,2,,,,0,TREE,A_flag_ceiling,3,0
all_reduce_perf,2,16,8192,2048,float,sum,39.93,0.21,0.38,0,39.06,0.21,0.39,0,TREE,LL,4,,,,0,TREE,A_flag_ceiling,3,0
all_reduce_perf,2,16,16384,4096,float,sum,42.66,0.38,0.72,0,39.41,0.42,0.78,0,TREE,LL,8,,,,0,TREE,A_flag_ceiling,3,1.28205
all_reduce_perf,2,16,32768,8192,float,sum,43.21,0.76,1.42,0,40.78,0.8,1.51,0,TREE,LL,16,,,,0,TREE,A_flag_ceiling,3,1.3245
all_reduce_perf,2,16,65536,16384,float,sum,44.31,1.48,2.77,0,43.86,1.49,2.8,0,TREE,LL,32,,,,0,TREE,A_flag_ceiling,3,4.28571
all_reduce_perf,2,16,131072,32768,float,sum,51.31,2.55,4.79,0,50.39,2.6,4.88,0,TREE,LL,48,,,,0,TREE,A_flag_ceiling,3,2.2541
all_reduce_perf,2,16,262144,65536,float,sum,59.21,4.43,8.3,0,57.95,4.52,8.48,0,TREE,LL,48,,,,0,TREE,A_flag_ceiling,3,1.65094
all_reduce_perf,2,16,524288,131072,float,sum,61.34,8.55,16.03,0,58.49,8.96,16.81,0,TREE,LL128,48,,,,0,TREE,A_flag_ceiling,3,1.66568
all_reduce_perf,2,16,1048576,262144,float,sum,66.43,15.78,29.59,0,65.29,16.06,30.11,0,TREE,LL128,48,,,,0,TREE,A_flag_ceiling,3,0.996347
all_reduce_perf,2,16,2097152,524288,float,sum,72.3,29.01,54.39,0,72.37,28.98,54.33,0,TREE,LL128,48,,,,0,TREE,A_flag_ceiling,3,1.73017
all_reduce_perf,2,16,4194304,1048576,float,sum,84.8,49.46,92.74,0,84.23,49.8,93.37,0,TREE,LL128,48,,,,0,TREE,A_flag_ceiling,3,1.28521
all_reduce_perf,2,16,8388608,2097152,float,sum,111.14,75.48,141.52,0,108.75,77.14,144.64,0,TREE,LL128,48,,,,0,TREE,A_flag_ceiling,3,0.815819
all_reduce_perf,2,16,16777216,4194304,float,sum,162.22,103.43,193.92,0,162.61,103.18,193.45,0,TREE,LL128,48,,,,0,TREE,A_flag_ceiling,3,1.49393
all_reduce_perf,2,16,33554432,8388608,float,sum,284.98,117.74,220.77,0,279.3,120.14,225.25,0,TREE,LL128,48,,,,0,TREE,A_flag_ceiling,3,2.06881
all_reduce_perf,2,16,67108864,16777216,float,sum,431.78,155.43,291.42,0,430.61,155.85,292.21,0,RING,LL128,48,,,,0,RING,A_flag_ceiling,3,0.465419
all_reduce_perf,2,16,134217728,33554432,float,sum,790.66,169.75,318.29,0,785.5,170.87,320.38,0,RING,SIMPLE,48,,,,0,RING,A_flag_ceiling,3,0.636744
all_reduce_perf,2,16,268435456,67108864,float,sum,1360.68,197.28,369.9,0,1359.76,197.41,370.15,0,RING,SIMPLE,48,,,,0,RING,A_flag_ceiling,3,0.416048
all_reduce_perf,2,16,536870912,134217728,float,sum,2685.87,199.89,374.79,0,2685.54,199.91,374.83,0,RING,SIMPLE,48,,,,0,RING,A_flag_ceiling,3,0.109383
