collective,num_nodes,num_gpus,size_bytes,count,data_type,redop,time_oop_us,algbw_oop,busbw_oop,errors_oop,time_ip_us,algbw_ip,busbw_ip,errors_ip,algo,proto,nchannels,requested_algo,requested_proto,requested_nchannels,substituted,measured_algo_raw,nchannels_source,n_repeats,spread_pct
all_reduce_perf,3,24,4096,1024,float,sum,515.22,0.01,0.02,0,511.06,0.01,0.02,0,RING,SIMPLE,1,RING,SIMPLE,1,0,RING,A_flag_ceiling,3,0
all_reduce_perf,3,24,8192,2048,float,sum,513.18,0.02,0.03,0,515.67,0.02,0.03,0,RING,SIMPLE,1,RING,SIMPLE,1,0,RING,A_flag_ceiling,3,0
all_reduce_perf,3,24,16384,4096,float,sum,516.65,0.03,0.06,0,516.95,0.03,0.06,0,RING,SIMPLE,1,RING,SIMPLE,1,0,RING,A_flag_ceiling,3,0
all_reduce_perf,3,24,32768,8192,float,sum,522.18,0.06,0.12,0,518.67,0.06,0.12,0,RING,SIMPLE,1,RING,SIMPLE,1,0,RING,A_flag_ceiling,3,0
all_reduce_perf,3,24,65536,16384,float,sum,526.47,0.12,0.24,0,526.17,0.12,0.24,0,RING,SIMPLE,1,RING,SIMPLE,1,0,RING,A_flag_ceiling,3,0
all_reduce_perf,3,24,131072,32768,float,sum,527.94,0.25,0.48,0,527.74,0.25,0.48,0,RING,SIMPLE,1,RING,SIMPLE,1,0,RING,A_flag_ceiling,3,0
all_reduce_perf,3,24,262144,65536,float,sum,535.92,0.49,0.94,0,533.73,0.49,0.94,0,RING,SIMPLE,1,RING,SIMPLE,1,0,RING,A_flag_ceiling,3,0
all_reduce_perf,3,24,524288,131072,float,sum,562.7,0.93,1.79,0,559.75,0.94,1.8,0,RING,SIMPLE,1,RING,SIMPLE,1,0,RING,A_flag_ceiling,3,0.555556
all_reduce_perf,3,24,1048576,262144,float,sum,579.07,1.81,3.47,0,573.05,1.83,3.51,0,RING,SIMPLE,1,RING,SIMPLE,1,0,RING,A_flag_ceiling,3,0.569801
all_reduce_perf,3,24,2097152,524288,float,sum,628.67,3.34,6.39,0,618.04,3.39,6.5,0,RING,SIMPLE,1,RING,SIMPLE,1,0,RING,A_flag_ceiling,3,8.46154
all_reduce_perf,3,24,4194304,1048576,float,sum,867.22,4.84,9.27,0,856.61,4.9,9.38,0,RING,SIMPLE,1,RING,SIMPLE,1,0,RING,A_flag_ceiling,3,0.21322
all_reduce_perf,3,24,8388608,2097152,float,sum,1286.49,6.52,12.5,0,1269.46,6.61,12.67,0,RING,SIMPLE,1,RING,SIMPLE,1,0,RING,A_flag_ceiling,3,0.315706
all_reduce_perf,3,24,16777216,4194304,float,sum,2419.35,6.93,13.29,0,2416.52,6.94,13.31,0,RING,SIMPLE,1,RING,SIMPLE,1,0,RING,A_flag_ceiling,3,2.25394
all_reduce_perf,3,24,33554432,8388608,float,sum,4489.34,7.47,14.33,0,4471.83,7.5,14.38,0,RING,SIMPLE,1,RING,SIMPLE,1,0,RING,A_flag_ceiling,3,0.486787
all_reduce_perf,3,24,67108864,16777216,float,sum,8675.4,7.74,14.83,0,8656.42,7.75,14.86,0,RING,SIMPLE,1,RING,SIMPLE,1,0,RING,A_flag_ceiling,3,0.471063
all_reduce_perf,3,24,134217728,33554432,float,sum,17054.8,7.87,15.08,0,17013.6,7.89,15.12,0,RING,SIMPLE,1,RING,SIMPLE,1,0,RING,A_flag_ceiling,3,0.330688
all_reduce_perf,3,24,268435456,67108864,float,sum,33917.5,7.91,15.17,0,33863.1,7.93,15.19,0,RING,SIMPLE,1,RING,SIMPLE,1,0,RING,A_flag_ceiling,3,0.460829
all_reduce_perf,3,24,536870912,134217728,float,sum,67531.3,7.95,15.24,0,67382.2,7.97,15.27,0,RING,SIMPLE,1,RING,SIMPLE,1,0,RING,A_flag_ceiling,3,0.458415
all_reduce_perf,3,24,4096,1024,float,sum,135.53,0.03,0.06,0,131.4,0.03,0.06,0,RING,LL,1,RING,LL,1,0,RING,A_flag_ceiling,3,0
all_reduce_perf,3,24,8192,2048,float,sum,132.95,0.06,0.12,0,132.34,0.06,0.12,0,RING,LL,1,RING,LL,1,0,RING,A_flag_ceiling,3,0
all_reduce_perf,3,24,16384,4096,float,sum,134.33,0.12,0.23,0,134.15,0.12,0.23,0,RING,LL,1,RING,LL,1,0,RING,A_flag_ceiling,3,4.34783
all_reduce_perf,3,24,32768,8192,float,sum,136.02,0.24,0.46,0,136.47,0.24,0.46,0,RING,LL,1,RING,LL,1,0,RING,A_flag_ceiling,3,0
all_reduce_perf,3,24,65536,16384,float,sum,154.4,0.42,0.81,0,153.94,0.43,0.82,0,RING,LL,1,RING,LL,1,0,RING,A_flag_ceiling,3,2.43902
all_reduce_perf,3,24,131072,32768,float,sum,174.91,0.75,1.44,0,175.51,0.75,1.43,0,RING,LL,1,RING,LL,1,0,RING,A_flag_ceiling,3,1.3986
all_reduce_perf,3,24,262144,65536,float,sum,265.13,0.99,1.9,0,264.18,0.99,1.9,0,RING,LL,1,RING,LL,1,0,RING,A_flag_ceiling,3,1.05263
all_reduce_perf,3,24,524288,131072,float,sum,488.02,1.07,2.06,0,481.14,1.09,2.09,0,RING,LL,1,RING,LL,1,0,RING,A_flag_ceiling,3,0.478469
all_reduce_perf,3,24,1048576,262144,float,sum,891.17,1.18,2.26,0,879.28,1.19,2.29,0,RING,LL,1,RING,LL,1,0,RING,A_flag_ceiling,3,1.31004
all_reduce_perf,3,24,2097152,524288,float,sum,1743.42,1.2,2.31,0,1722.16,1.22,2.33,0,RING,LL,1,RING,LL,1,0,RING,A_flag_ceiling,3,0.858369
all_reduce_perf,3,24,4194304,1048576,float,sum,3425.47,1.22,2.35,0,3379.03,1.24,2.38,0,RING,LL,1,RING,LL,1,0,RING,A_flag_ceiling,3,1.68067
all_reduce_perf,3,24,8388608,2097152,float,sum,6817.15,1.23,2.36,0,6778.46,1.24,2.37,0,RING,LL,1,RING,LL,1,0,RING,A_flag_ceiling,3,1.68776
all_reduce_perf,3,24,16777216,4194304,float,sum,13632.9,1.23,2.36,0,13685.6,1.23,2.35,0,RING,LL,1,RING,LL,1,0,RING,A_flag_ceiling,3,1.2766
all_reduce_perf,3,24,33554432,8388608,float,sum,27378.1,1.23,2.35,0,27480.8,1.22,2.34,0,RING,LL,1,RING,LL,1,0,RING,A_flag_ceiling,3,1.28205
all_reduce_perf,3,24,67108864,16777216,float,sum,54548.5,1.23,2.36,0,55104.8,1.22,2.33,0,RING,LL,1,RING,LL,1,0,RING,A_flag_ceiling,3,1.71674
all_reduce_perf,3,24,134217728,33554432,float,sum,109170,1.23,2.36,0,110244,1.22,2.33,0,RING,LL,1,RING,LL,1,0,RING,A_flag_ceiling,3,1.71674
all_reduce_perf,3,24,268435456,67108864,float,sum,218241,1.23,2.36,0,220408,1.22,2.33,0,RING,LL,1,RING,LL,1,0,RING,A_flag_ceiling,3,1.71674
all_reduce_perf,3,24,536870912,134217728,float,sum,436375,1.23,2.36,0,441293,1.22,2.33,0,RING,LL,1,RING,LL,1,0,RING,A_flag_ceiling,3,1.71674
all_reduce_perf,3,24,4096,1024,float,sum,148.79,0.03,0.05,0,148.42,0.03,0.05,0,RING,LL128,1,RING,LL128,1,0,RING,A_flag_ceiling,3,0
all_reduce_perf,3,24,8192,2048,float,sum,149.91,0.05,0.1,0,147.78,0.06,0.11,0,RING,LL128,1,RING,LL128,1,0,RING,A_flag_ceiling,3,0
all_reduce_perf,3,24,16384,4096,float,sum,148.9,0.11,0.21,0,147.85,0.11,0.21,0,RING,LL128,1,RING,LL128,1,0,RING,A_flag_ceiling,3,0
all_reduce_perf,3,24,32768,8192,float,sum,149.28,0.22,0.42,0,148.04,0.22,0.42,0,RING,LL128,1,RING,LL128,1,0,RING,A_flag_ceiling,3,0
all_reduce_perf,3,24,65536,16384,float,sum,149.22,0.44,0.84,0,148.45,0.44,0.85,0,RING,LL128,1,RING,LL128,1,0,RING,A_flag_ceiling,3,1.17647
all_reduce_perf,3,24,131072,32768,float,sum,155.08,0.85,1.62,0,155.02,0.85,1.62,0,RING,LL128,1,RING,LL128,1,0,RING,A_flag_ceiling,3,1.23457
all_reduce_perf,3,24,262144,65536,float,sum,162.86,1.61,3.09,0,161.57,1.62,3.11,0,RING,LL128,1,RING,LL128,1,0,RING,A_flag_ceiling,3,0
all_reduce_perf,3,24,524288,131072,float,sum,179.78,2.92,5.59,0,174.51,3,5.76,0,RING,LL128,1,RING,LL128,1,0,RING,A_flag_ceiling,3,0.173611
all_reduce_perf,3,24,1048576,262144,float,sum,257.28,4.08,7.81,0,250.85,4.18,8.01,0,RING,LL128,1,RING,LL128,1,0,RING,A_flag_ceiling,3,2.12235
all_reduce_perf,3,24,2097152,524288,float,sum,446.25,4.7,9.01,0,434.86,4.82,9.24,0,RING,LL128,1,RING,LL128,1,0,RING,A_flag_ceiling,3,6.81818
all_reduce_perf,3,24,4194304,1048576,float,sum,831.86,5.04,9.66,0,806.51,5.2,9.97,0,RING,LL128,1,RING,LL128,1,0,RING,A_flag_ceiling,3,1.20361
all_reduce_perf,3,24,8388608,2097152,float,sum,1619.77,5.18,9.93,0,1579.79,5.31,10.18,0,RING,LL128,1,RING,LL128,1,0,RING,A_flag_ceiling,3,0.491159
all_reduce_perf,3,24,16777216,4194304,float,sum,3205.24,5.23,10.03,0,3166.79,5.3,10.15,0,RING,LL128,1,RING,LL128,1,0,RING,A_flag_ceiling,3,1.18227
all_reduce_perf,3,24,33554432,8388608,float,sum,6385.37,5.25,10.07,0,6363.51,5.27,10.11,0,RING,LL128,1,RING,LL128,1,0,RING,A_flag_ceiling,3,1.58259
all_reduce_perf,3,24,67108864,16777216,float,sum,12738.7,5.27,10.1,0,12778.3,5.25,10.07,0,RING,LL128,1,RING,LL128,1,0,RING,A_flag_ceiling,3,1.29096
all_reduce_perf,3,24,134217728,33554432,float,sum,25416.6,5.28,10.12,0,25525.9,5.26,10.08,0,RING,LL128,1,RING,LL128,1,0,RING,A_flag_ceiling,3,1.5873
all_reduce_perf,3,24,268435456,67108864,float,sum,50764.5,5.29,10.14,0,50993.9,5.26,10.09,0,RING,LL128,1,RING,LL128,1,0,RING,A_flag_ceiling,3,1.58573
all_reduce_perf,3,24,536870912,134217728,float,sum,101495,5.29,10.14,0,102122,5.26,10.08,0,RING,LL128,1,RING,LL128,1,0,RING,A_flag_ceiling,3,1.4881
all_reduce_perf,3,24,4096,1024,float,sum,518.34,0.01,0.02,0,513.87,0.01,0.02,0,RING,SIMPLE,2,RING,SIMPLE,2,0,RING,A_flag_ceiling,3,0
all_reduce_perf,3,24,8192,2048,float,sum,514,0.02,0.03,0,512.99,0.02,0.03,0,RING,SIMPLE,2,RING,SIMPLE,2,0,RING,A_flag_ceiling,3,0
all_reduce_perf,3,24,16384,4096,float,sum,518.3,0.03,0.06,0,515.36,0.03,0.06,0,RING,SIMPLE,2,RING,SIMPLE,2,0,RING,A_flag_ceiling,3,0
all_reduce_perf,3,24,32768,8192,float,sum,520.08,0.06,0.12,0,518.93,0.06,0.12,0,RING,SIMPLE,2,RING,SIMPLE,2,0,RING,A_flag_ceiling,3,0
all_reduce_perf,3,24,65536,16384,float,sum,523.92,0.13,0.24,0,523.07,0.13,0.24,0,RING,SIMPLE,2,RING,SIMPLE,2,0,RING,A_flag_ceiling,3,0
all_reduce_perf,3,24,131072,32768,float,sum,531.68,0.25,0.47,0,530.09,0.25,0.47,0,RING,SIMPLE,2,RING,SIMPLE,2,0,RING,A_flag_ceiling,3,0
all_reduce_perf,3,24,262144,65536,float,sum,531.83,0.49,0.94,0,531.02,0.49,0.95,0,RING,SIMPLE,2,RING,SIMPLE,2,0,RING,A_flag_ceiling,3,0
all_reduce_perf,3,24,524288,131072,float,sum,535.8,0.98,1.88,0,535.9,0.98,1.88,0,RING,SIMPLE,2,RING,SIMPLE,2,0,RING,A_flag_ceiling,3,0.531915
all_reduce_perf,3,24,1048576,262144,float,sum,565.42,1.85,3.55,0,563.69,1.86,3.57,0,RING,SIMPLE,2,RING,SIMPLE,2,0,RING,A_flag_ceiling,3,1.68067
all_reduce_perf,3,24,2097152,524288,float,sum,582.78,3.6,6.9,0,581.69,3.61,6.91,0,RING,SIMPLE,2,RING,SIMPLE,2,0,RING,A_flag_ceiling,3,0.578871
all_reduce_perf,3,24,4194304,1048576,float,sum,632.08,6.64,12.72,0,622.78,6.73,12.91,0,RING,SIMPLE,2,RING,SIMPLE,2,0,RING,A_flag_ceiling,3,1.62665
all_reduce_perf,3,24,8388608,2097152,float,sum,873.99,9.6,18.4,0,863.27,9.72,18.62,0,RING,SIMPLE,2,RING,SIMPLE,2,0,RING,A_flag_ceiling,3,0.107411
all_reduce_perf,3,24,16777216,4194304,float,sum,1293.01,12.98,24.87,0,1291.85,12.99,24.89,0,RING,SIMPLE,2,RING,SIMPLE,2,0,RING,A_flag_ceiling,3,0.763359
all_reduce_perf,3,24,33554432,8388608,float,sum,2419.98,13.87,26.58,0,2417.05,13.88,26.61,0,RING,SIMPLE,2,RING,SIMPLE,2,0,RING,A_flag_ceiling,3,0.338219
all_reduce_perf,3,24,67108864,16777216,float,sum,4487.18,14.96,28.67,0,4483.7,14.97,28.69,0,RING,SIMPLE,2,RING,SIMPLE,2,0,RING,A_flag_ceiling,3,0.139421
all_reduce_perf,3,24,134217728,33554432,float,sum,8658.37,15.5,29.71,0,8659.93,15.5,29.71,0,RING,SIMPLE,2,RING,SIMPLE,2,0,RING,A_flag_ceiling,3,0.336587
all_reduce_perf,3,24,268435456,67108864,float,sum,17048.5,15.75,30.18,0,17040.2,15.75,30.19,0,RING,SIMPLE,2,RING,SIMPLE,2,0,RING,A_flag_ceiling,3,0.0993707
all_reduce_perf,3,24,536870912,134217728,float,sum,33908.2,15.83,30.35,0,33864.5,15.85,30.39,0,RING,SIMPLE,2,RING,SIMPLE,2,0,RING,A_flag_ceiling,3,0.164528
all_reduce_perf,3,24,4096,1024,float,sum,135.49,0.03,0.06,0,132.47,0.03,0.06,0,RING,LL,2,RING,LL,2,0,RING,A_flag_ceiling,3,0
all_reduce_perf,3,24,8192,2048,float,sum,132.84,0.06,0.12,0,131.3,0.06,0.12,0,RING,LL,2,RING,LL,2,0,RING,A_flag_ceiling,3,0
all_reduce_perf,3,24,16384,4096,float,sum,133.46,0.12,0.24,0,133.12,0.12,0.24,0,RING,LL,2,RING,LL,2,0,RING,A_flag_ceiling,3,0
all_reduce_perf,3,24,32768,8192,float,sum,134.51,0.24,0.47,0,134.2,0.24,0.47,0,RING,LL,2,RING,LL,2,0,RING,A_flag_ceiling,3,0
all_reduce_perf,3,24,65536,16384,float,sum,137.82,0.48,0.91,0,136.23,0.48,0.92,0,RING,LL,2,RING,LL,2,0,RING,A_flag_ceiling,3,0
all_reduce_perf,3,24,131072,32768,float,sum,153.07,0.86,1.64,0,151.7,0.86,1.66,0,RING,LL,2,RING,LL,2,0,RING,A_flag_ceiling,3,1.80723
all_reduce_perf,3,24,262144,65536,float,sum,174.81,1.5,2.87,0,173.33,1.51,2.9,0,RING,LL,2,RING,LL,2,0,RING,A_flag_ceiling,3,23.1034
all_reduce_perf,3,24,524288,131072,float,sum,265.15,1.98,3.79,0,263.25,1.99,3.82,0,RING,LL,2,RING,LL,2,0,RING,A_flag_ceiling,3,0.78534
all_reduce_perf,3,24,1048576,262144,float,sum,485.1,2.16,4.14,0,477.59,2.2,4.21,0,RING,LL,2,RING,LL,2,0,RING,A_flag_ceiling,3,0.950119
all_reduce_perf,3,24,2097152,524288,float,sum,888.44,2.36,4.52,0,879.18,2.39,4.57,0,RING,LL,2,RING,LL,2,0,RING,A_flag_ceiling,3,0.656455
all_reduce_perf,3,24,4194304,1048576,float,sum,1746.08,2.4,4.6,0,1715.26,2.45,4.69,0,RING,LL,2,RING,LL,2,0,RING,A_flag_ceiling,3,0.426439
all_reduce_perf,3,24,8388608,2097152,float,sum,3424.72,2.45,4.69,0,3373.63,2.49,4.77,0,RING,LL,2,RING,LL,2,0,RING,A_flag_ceiling,3,0.628931
all_reduce_perf,3,24,16777216,4194304,float,sum,6862.65,2.44,4.69,0,6786.3,2.47,4.74,0,RING,LL,2,RING,LL,2,0,RING,A_flag_ceiling,3,1.05485
all_reduce_perf,3,24,33554432,8388608,float,sum,13783.2,2.43,4.67,0,13664.8,2.46,4.71,0,RING,LL,2,RING,LL,2,0,RING,A_flag_ceiling,3,1.27389
all_reduce_perf,3,24,67108864,16777216,float,sum,27593.8,2.43,4.66,0,27321.7,2.46,4.71,0,RING,LL,2,RING,LL,2,0,RING,A_flag_ceiling,3,1.4862
all_reduce_perf,3,24,134217728,33554432,float,sum,55217.5,2.43,4.66,0,54823.4,2.45,4.69,0,RING,LL,2,RING,LL,2,0,RING,A_flag_ceiling,3,1.0661
all_reduce_perf,3,24,268435456,67108864,float,sum,110397,2.43,4.66,0,109568,2.45,4.7,0,RING,LL,2,RING,LL,2,0,RING,A_flag_ceiling,3,1.48936
all_reduce_perf,3,24,536870912,134217728,float,sum,220882,2.43,4.66,0,219113,2.45,4.7,0,RING,LL,2,RING,LL,2,0,RING,A_flag_ceiling,3,1.48936
all_reduce_perf,3,24,4096,1024,float,sum,151.76,0.03,0.05,0,151.39,0.03,0.05,0,RING,LL128,2,RING,LL128,2,0,RING,A_flag_ceiling,3,20
all_reduce_perf,3,24,8192,2048,float,sum,151.25,0.05,0.1,0,151.21,0.05,0.1,0,RING,LL128,2,RING,LL128,2,0,RING,A_flag_ceiling,3,0
all_reduce_perf,3,24,16384,4096,float,sum,152.72,0.11,0.21,0,151.6,0.11,0.21,0,RING,LL128,2,RING,LL128,2,0,RING,A_flag_ceiling,3,0
all_reduce_perf,3,24,32768,8192,float,sum,151.59,0.22,0.41,0,151.34,0.22,0.42,0,RING,LL128,2,RING,LL128,2,0,RING,A_flag_ceiling,3,2.38095
all_reduce_perf,3,24,65536,16384,float,sum,152.4,0.43,0.82,0,151.79,0.43,0.83,0,RING,LL128,2,RING,LL128,2,0,RING,A_flag_ceiling,3,3.61446
all_reduce_perf,3,24,131072,32768,float,sum,153.05,0.86,1.64,0,151.87,0.86,1.65,0,RING,LL128,2,RING,LL128,2,0,RING,A_flag_ceiling,3,2.42424
all_reduce_perf,3,24,262144,65536,float,sum,156.14,1.68,3.22,0,155.42,1.69,3.23,0,RING,LL128,2,RING,LL128,2,0,RING,A_flag_ceiling,3,0.309598
all_reduce_perf,3,24,524288,131072,float,sum,164.21,3.19,6.12,0,162.43,3.23,6.19,0,RING,LL128,2,RING,LL128,2,0,RING,A_flag_ceiling,3,0.323102
all_reduce_perf,3,24,1048576,262144,float,sum,181.49,5.78,11.07,0,176.7,5.93,11.37,0,RING,LL128,2,RING,LL128,2,0,RING,A_flag_ceiling,3,22.6033
all_reduce_perf,3,24,2097152,524288,float,sum,258.32,8.12,15.56,0,248.66,8.43,16.16,0,RING,LL128,2,RING,LL128,2,0,RING,A_flag_ceiling,3,1.73267
all_reduce_perf,3,24,4194304,1048576,float,sum,448.06,9.36,17.94,0,431.98,9.71,18.61,0,RING,LL128,2,RING,LL128,2,0,RING,A_flag_ceiling,3,1.23589
all_reduce_perf,3,24,8388608,2097152,float,sum,837.61,10.01,19.2,0,806.89,10.4,19.93,0,RING,LL128,2,RING,LL128,2,0,RING,A_flag_ceiling,3,0.652283
all_reduce_perf,3,24,16777216,4194304,float,sum,1631.11,10.29,19.71,0,1600.24,10.48,20.09,0,RING,LL128,2,RING,LL128,2,0,RING,A_flag_ceiling,3,1.2444
all_reduce_perf,3,24,33554432,8388608,float,sum,3203.04,10.48,20.08,0,3178.34,10.56,20.23,0,RING,LL128,2,RING,LL128,2,0,RING,A_flag_ceiling,3,0.889768
all_reduce_perf,3,24,67108864,16777216,float,sum,6362.73,10.55,20.22,0,6358.41,10.55,20.23,0,RING,LL128,2,RING,LL128,2,0,RING,A_flag_ceiling,3,0.840336
all_reduce_perf,3,24,134217728,33554432,float,sum,12694.2,10.57,20.27,0,12692,10.57,20.27,0,RING,LL128,2,RING,LL128,2,0,RING,A_flag_ceiling,3,0.888012
all_reduce_perf,3,24,268435456,67108864,float,sum,25352.1,10.59,20.29,0,25347.3,10.59,20.3,0,RING,LL128,2,RING,LL128,2,0,RING,A_flag_ceiling,3,0.985222
all_reduce_perf,3,24,536870912,134217728,float,sum,50674.5,10.59,20.31,0,50708.8,10.59,20.29,0,RING,LL128,2,RING,LL128,2,0,RING,A_flag_ceiling,3,0.788566
all_reduce_perf,3,24,4096,1024,float,sum,516.53,0.01,0.02,0,512.3,0.01,0.02,0,RING,SIMPLE,4,RING,SIMPLE,4,0,RING,A_flag_ceiling,3,0
all_reduce_perf,3,24,8192,2048,float,sum,513.99,0.02,0.03,0,511.67,0.02,0.03,0,RING,SIMPLE,4,RING,SIMPLE,4,0,RING,A_flag_ceiling,3,0
all_reduce_perf,3,24,16384,4096,float,sum,519.48,0.03,0.06,0,519.35,0.03,0.06,0,RING,SIMPLE,4,RING,SIMPLE,4,0,RING,A_flag_ceiling,3,0
all_reduce_perf,3,24,32768,8192,float,sum,526.88,0.06,0.12,0,525.95,0.06,0.12,0,RING,SIMPLE,4,RING,SIMPLE,4,0,RING,A_flag_ceiling,3,0
all_reduce_perf,3,24,65536,16384,float,sum,530.02,0.12,0.24,0,526.81,0.12,0.24,0,RING,SIMPLE,4,RING,SIMPLE,4,0,RING,A_flag_ceiling,3,0
all_reduce_perf,3,24,131072,32768,float,sum,531.18,0.25,0.47,0,529.13,0.25,0.47,0,RING,SIMPLE,4,RING,SIMPLE,4,0,RING,A_flag_ceiling,3,0
all_reduce_perf,3,24,262144,65536,float,sum,535.01,0.49,0.94,0,533.97,0.49,0.94,0,RING,SIMPLE,4,RING,SIMPLE,4,0,RING,A_flag_ceiling,3,0
all_reduce_perf,3,24,524288,131072,float,sum,537.93,0.97,1.87,0,535.38,0.98,1.88,0,RING,SIMPLE,4,RING,SIMPLE,4,0,RING,A_flag_ceiling,3,1.06383
all_reduce_perf,3,24,1048576,262144,float,sum,542.34,1.93,3.71,0,541.08,1.94,3.71,0,RING,SIMPLE,4,RING,SIMPLE,4,0,RING,A_flag_ceiling,3,0.269542
all_reduce_perf,3,24,2097152,524288,float,sum,571.22,3.67,7.04,0,569.66,3.68,7.06,0,RING,SIMPLE,4,RING,SIMPLE,4,0,RING,A_flag_ceiling,3,1.27479
all_reduce_perf,3,24,4194304,1048576,float,sum,594.09,7.06,13.53,0,593.08,7.07,13.55,0,RING,SIMPLE,4,RING,SIMPLE,4,0,RING,A_flag_ceiling,3,1.77122
all_reduce_perf,3,24,8388608,2097152,float,sum,648.26,12.94,24.8,0,642.9,13.05,25.01,0,RING,SIMPLE,4,RING,SIMPLE,4,0,RING,A_flag_ceiling,3,0.479808
all_reduce_perf,3,24,16777216,4194304,float,sum,908.01,18.48,35.41,0,903.71,18.56,35.58,0,RING,SIMPLE,4,RING,SIMPLE,4,0,RING,A_flag_ceiling,3,0.562114
all_reduce_perf,3,24,33554432,8388608,float,sum,1409.16,23.81,45.64,0,1414.72,23.72,45.46,0,RING,SIMPLE,4,RING,SIMPLE,4,0,RING,A_flag_ceiling,3,0.74791
all_reduce_perf,3,24,67108864,16777216,float,sum,2544.49,26.37,50.55,0,2546.05,26.36,50.52,0,RING,SIMPLE,4,RING,SIMPLE,4,0,RING,A_flag_ceiling,3,0.178147
all_reduce_perf,3,24,134217728,33554432,float,sum,4601.08,29.17,55.91,0,4609.1,29.12,55.81,0,RING,SIMPLE,4,RING,SIMPLE,4,0,RING,A_flag_ceiling,3,0.734635
all_reduce_perf,3,24,268435456,67108864,float,sum,8907.38,30.14,57.76,0,8930.31,30.06,57.61,0,RING,SIMPLE,4,RING,SIMPLE,4,0,RING,A_flag_ceiling,3,0.243013
all_reduce_perf,3,24,536870912,134217728,float,sum,17348.7,30.95,59.31,0,17374.4,30.9,59.23,0,RING,SIMPLE,4,RING,SIMPLE,4,0,RING,A_flag_ceiling,3,0.5065
all_reduce_perf,3,24,4096,1024,float,sum,135.23,0.03,0.06,0,132.71,0.03,0.06,0,RING,LL,4,RING,LL,4,0,RING,A_flag_ceiling,3,0
all_reduce_perf,3,24,8192,2048,float,sum,137.82,0.06,0.11,0,137.43,0.06,0.11,0,RING,LL,4,RING,LL,4,0,RING,A_flag_ceiling,3,0
all_reduce_perf,3,24,16384,4096,float,sum,136.76,0.12,0.23,0,136.36,0.12,0.23,0,RING,LL,4,RING,LL,4,0,RING,A_flag_ceiling,3,0
all_reduce_perf,3,24,32768,8192,float,sum,137.88,0.24,0.46,0,137.81,0.24,0.46,0,RING,LL,4,RING,LL,4,0,RING,A_flag_ceiling,3,2.17391
all_reduce_perf,3,24,65536,16384,float,sum,139.05,0.47,0.9,0,138.73,0.47,0.91,0,RING,LL,4,RING,LL,4,0,RING,A_flag_ceiling,3,1.0989
all_reduce_perf,3,24,131072,32768,float,sum,140.91,0.93,1.78,0,139.87,0.94,1.8,0,RING,LL,4,RING,LL,4,0,RING,A_flag_ceiling,3,0.555556
all_reduce_perf,3,24,262144,65536,float,sum,155.44,1.69,3.23,0,153.4,1.71,3.28,0,RING,LL,4,RING,LL,4,0,RING,A_flag_ceiling,3,1.52439
all_reduce_perf,3,24,524288,131072,float,sum,175.2,2.99,5.74,0,174.44,3.01,5.76,0,RING,LL,4,RING,LL,4,0,RING,A_flag_ceiling,3,1.38889
all_reduce_perf,3,24,1048576,262144,float,sum,265.88,3.94,7.56,0,263.64,3.98,7.62,0,RING,LL,4,RING,LL,4,0,RING,A_flag_ceiling,3,1.04987
all_reduce_perf,3,24,2097152,524288,float,sum,484.99,4.32,8.29,0,479.35,4.38,8.39,0,RING,LL,4,RING,LL,4,0,RING,A_flag_ceiling,3,1.1919
all_reduce_perf,3,24,4194304,1048576,float,sum,897.68,4.67,8.96,0,888.85,4.72,9.04,0,RING,LL,4,RING,LL,4,0,RING,A_flag_ceiling,3,0.663717
all_reduce_perf,3,24,8388608,2097152,float,sum,1751.02,4.79,9.18,0,1734.25,4.84,9.27,0,RING,LL,4,RING,LL,4,0,RING,A_flag_ceiling,3,0.323625
all_reduce_perf,3,24,16777216,4194304,float,sum,3438.25,4.88,9.35,0,3427.29,4.9,9.38,0,RING,LL,4,RING,LL,4,0,RING,A_flag_ceiling,3,0.426439
all_reduce_perf,3,24,33554432,8388608,float,sum,6915.14,4.85,9.3,0,6874.5,4.88,9.36,0,RING,LL,4,RING,LL,4,0,RING,A_flag_ceiling,3,0.320513
all_reduce_perf,3,24,67108864,16777216,float,sum,13797.9,4.86,9.32,0,13778.2,4.87,9.34,0,RING,LL,4,RING,LL,4,0,RING,A_flag_ceiling,3,0.535332
all_reduce_perf,3,24,134217728,33554432,float,sum,27622.1,4.86,9.31,0,27605.5,4.86,9.32,0,RING,LL,4,RING,LL,4,0,RING,A_flag_ceiling,3,0.643777
all_reduce_perf,3,24,268435456,67108864,float,sum,55197.6,4.86,9.32,0,55261.7,4.86,9.31,0,RING,LL,4,RING,LL,4,0,RING,A_flag_ceiling,3,0.859291
all_reduce_perf,3,24,536870912,134217728,float,sum,110387,4.86,9.32,0,110494,4.86,9.31,0,RING,LL,4,RING,LL,4,0,RING,A_flag_ceiling,3,0.859291
all_reduce_perf,3,24,4096,1024,float,sum,151.06,0.03,0.05,0,148.71,0.03,0.05,0,RING,LL128,4,RING,LL128,4,0,RING,A_flag_ceiling,3,0
all_reduce_perf,3,24,8192,2048,float,sum,150.35,0.05,0.1,0,148.68,0.06,0.11,0,RING,LL128,4,RING,LL128,4,0,RING,A_flag_ceiling,3,0
all_reduce_perf,3,24,16384,4096,float,sum,151.25,0.11,0.21,0,150.07,0.11,0.21,0,RING,LL128,4,RING,LL128,4,0,RING,A_flag_ceiling,3,0
all_reduce_perf,3,24,32768,8192,float,sum,153.37,0.21,0.41,0,152.21,0.22,0.41,0,RING,LL128,4,RING,LL128,4,0,RING,A_flag_ceiling,3,0
all_reduce_perf,3,24,65536,16384,float,sum,152.94,0.43,0.82,0,152.96,0.43,0.82,0,RING,LL128,4,RING,LL128,4,0,RING,A_flag_ceiling,3,1.21951
all_reduce_perf,3,24,131072,32768,float,sum,153.52,0.85,1.64,0,153.08,0.86,1.64,0,RING,LL128,4,RING,LL128,4,0,RING,A_flag_ceiling,3,8.53659
all_reduce_perf,3,24,262144,65536,float,sum,154.87,1.69,3.24,0,152.78,1.72,3.29,0,RING,LL128,4,RING,LL128,4,0,RING,A_flag_ceiling,3,1.21581
all_reduce_perf,3,24,524288,131072,float,sum,159.87,3.28,6.29,0,157.85,3.32,6.37,0,RING,LL128,4,RING,LL128,4,0,RING,A_flag_ceiling,3,0.627943
all_reduce_perf,3,24,1048576,262144,float,sum,166.37,6.3,12.08,0,163.54,6.41,12.29,0,RING,LL128,4,RING,LL128,4,0,RING,A_flag_ceiling,3,0.406835
all_reduce_perf,3,24,2097152,524288,float,sum,185.35,11.31,21.69,0,179.16,11.71,22.44,0,RING,LL128,4,RING,LL128,4,0,RING,A_flag_ceiling,3,0.579323
all_reduce_perf,3,24,4194304,1048576,float,sum,260.7,16.09,30.84,0,251.51,16.68,31.96,0,RING,LL128,4,RING,LL128,4,0,RING,A_flag_ceiling,3,0.281602
all_reduce_perf,3,24,8388608,2097152,float,sum,452.04,18.56,35.57,0,436.38,19.22,36.84,0,RING,LL128,4,RING,LL128,4,0,RING,A_flag_ceiling,3,0.597177
all_reduce_perf,3,24,16777216,4194304,float,sum,838.88,20,38.33,0,821.95,20.41,39.12,0,RING,LL128,4,RING,LL128,4,0,RING,A_flag_ceiling,3,0.664622
all_reduce_perf,3,24,33554432,8388608,float,sum,1639.48,20.47,39.23,0,1623.08,20.67,39.62,0,RING,LL128,4,RING,LL128,4,0,RING,A_flag_ceiling,3,0.580515
all_reduce_perf,3,24,67108864,16777216,float,sum,3235.23,20.74,39.76,0,3221.83,20.83,39.92,0,RING,LL128,4,RING,LL128,4,0,RING,A_flag_ceiling,3,0.801603
all_reduce_perf,3,24,134217728,33554432,float,sum,6439.05,20.84,39.95,0,6417.31,20.91,40.09,0,RING,LL128,4,RING,LL128,4,0,RING,A_flag_ceiling,3,0.723372
all_reduce_perf,3,24,268435456,67108864,float,sum,12897,20.81,39.89,0,12821.5,20.94,40.13,0,RING,LL128,4,RING,LL128,4,0,RING,A_flag_ceiling,3,2.74109
all_reduce_perf,3,24,536870912,134217728,float,sum,25651.5,20.93,40.11,0,25631.6,20.95,40.15,0,RING,LL128,4,RING,LL128,4,0,RING,A_flag_ceiling,3,0.597758
all_reduce_perf,3,24,4096,1024,float,sum,513.83,0.01,0.02,0,511.25,0.01,0.02,0,RING,SIMPLE,8,RING,SIMPLE,8,0,RING,A_flag_ceiling,3,50
all_reduce_perf,3,24,8192,2048,float,sum,514.34,0.02,0.03,0,511.99,0.02,0.03,0,RING,SIMPLE,8,RING,SIMPLE,8,0,RING,A_flag_ceiling,3,0
all_reduce_perf,3,24,16384,4096,float,sum,517.79,0.03,0.06,0,514.97,0.03,0.06,0,RING,SIMPLE,8,RING,SIMPLE,8,0,RING,A_flag_ceiling,3,0
all_reduce_perf,3,24,32768,8192,float,sum,524.07,0.06,0.12,0,524.09,0.06,0.12,0,RING,SIMPLE,8,RING,SIMPLE,8,0,RING,A_flag_ceiling,3,0
all_reduce_perf,3,24,65536,16384,float,sum,535.47,0.12,0.23,0,532.37,0.12,0.24,0,RING,SIMPLE,8,RING,SIMPLE,8,0,RING,A_flag_ceiling,3,4.16667
all_reduce_perf,3,24,131072,32768,float,sum,535.88,0.24,0.47,0,533.85,0.25,0.47,0,RING,SIMPLE,8,RING,SIMPLE,8,0,RING,A_flag_ceiling,3,0
all_reduce_perf,3,24,262144,65536,float,sum,538.1,0.49,0.93,0,536.33,0.49,0.94,0,RING,SIMPLE,8,RING,SIMPLE,8,0,RING,A_flag_ceiling,3,0
all_reduce_perf,3,24,524288,131072,float,sum,540.95,0.97,1.86,0,539.69,0.97,1.86,0,RING,SIMPLE,8,RING,SIMPLE,8,0,RING,A_flag_ceiling,3,0.537634
all_reduce_perf,3,24,1048576,262144,float,sum,544.78,1.92,3.69,0,544.21,1.93,3.69,0,RING,SIMPLE,8,RING,SIMPLE,8,0,RING,A_flag_ceiling,3,0.271003
all_reduce_perf,3,24,2097152,524288,float,sum,554.26,3.78,7.25,0,551.87,3.8,7.28,0,RING,SIMPLE,8,RING,SIMPLE,8,0,RING,A_flag_ceiling,3,0.549451
all_reduce_perf,3,24,4194304,1048576,float,sum,583.58,7.19,13.78,0,581.1,7.22,13.83,0,RING,SIMPLE,8,RING,SIMPLE,8,0,RING,A_flag_ceiling,3,0.433839
all_reduce_perf,3,24,8388608,2097152,float,sum,606.19,13.84,26.52,0,604.23,13.88,26.61,0,RING,SIMPLE,8,RING,SIMPLE,8,0,RING,A_flag_ceiling,3,0.225479
all_reduce_perf,3,24,16777216,4194304,float,sum,652.97,25.69,49.25,0,648.64,25.87,49.58,0,RING,SIMPLE,8,RING,SIMPLE,8,0,RING,A_flag_ceiling,3,0.584913
all_reduce_perf,3,24,33554432,8388608,float,sum,906.76,37,70.93,0,911.98,36.79,70.52,0,RING,SIMPLE,8,RING,SIMPLE,8,0,RING,A_flag_ceiling,3,0.38287
all_reduce_perf,3,24,67108864,16777216,float,sum,1410.06,47.59,91.22,0,1412.46,47.51,91.06,0,RING,SIMPLE,8,RING,SIMPLE,8,0,RING,A_flag_ceiling,3,0.538107
all_reduce_perf,3,24,134217728,33554432,float,sum,2561.79,52.39,100.42,0,2560.12,52.43,100.48,0,RING,SIMPLE,8,RING,SIMPLE,8,0,RING,A_flag_ceiling,3,0.119427
all_reduce_perf,3,24,268435456,67108864,float,sum,4630.25,57.97,111.12,0,4629.42,57.98,111.14,0,RING,SIMPLE,8,RING,SIMPLE,8,0,RING,A_flag_ceiling,3,0.15296
all_reduce_perf,3,24,536870912,134217728,float,sum,8948.39,60,114.99,0,8950.67,59.98,114.96,0,RING,SIMPLE,8,RING,SIMPLE,8,0,RING,A_flag_ceiling,3,0.313152
all_reduce_perf,3,24,4096,1024,float,sum,135.61,0.03,0.06,0,134.76,0.03,0.06,0,RING,LL,8,RING,LL,8,0,RING,A_flag_ceiling,3,0
all_reduce_perf,3,24,8192,2048,float,sum,139.8,0.06,0.11,0,138.29,0.06,0.11,0,RING,LL,8,RING,LL,8,0,RING,A_flag_ceiling,3,0
all_reduce_perf,3,24,16384,4096,float,sum,141.54,0.12,0.22,0,141.42,0.12,0.22,0,RING,LL,8,RING,LL,8,0,RING,A_flag_ceiling,3,0
all_reduce_perf,3,24,32768,8192,float,sum,140.76,0.23,0.45,0,140.64,0.23,0.45,0,RING,LL,8,RING,LL,8,0,RING,A_flag_ceiling,3,2.22222
all_reduce_perf,3,24,65536,16384,float,sum,141.64,0.46,0.89,0,141.11,0.46,0.89,0,RING,LL,8,RING,LL,8,0,RING,A_flag_ceiling,3,1.1236
all_reduce_perf,3,24,131072,32768,float,sum,143.38,0.91,1.75,0,142.58,0.92,1.76,0,RING,LL,8,RING,LL,8,0,RING,A_flag_ceiling,3,2.27273
all_reduce_perf,3,24,262144,65536,float,sum,146.23,1.79,3.44,0,145.12,1.81,3.46,0,RING,LL,8,RING,LL,8,0,RING,A_flag_ceiling,3,2.31214
all_reduce_perf,3,24,524288,131072,float,sum,160.21,3.27,6.27,0,158.46,3.31,6.34,0,RING,LL,8,RING,LL,8,0,RING,A_flag_ceiling,3,0.946372
all_reduce_perf,3,24,1048576,262144,float,sum,181.47,5.78,11.08,0,178.73,5.87,11.24,0,RING,LL,8,RING,LL,8,0,RING,A_flag_ceiling,3,1.33452
all_reduce_perf,3,24,2097152,524288,float,sum,272.02,7.71,14.78,0,268.73,7.8,14.96,0,RING,LL,8,RING,LL,8,0,RING,A_flag_ceiling,3,0.200535
all_reduce_perf,3,24,4194304,1048576,float,sum,496.12,8.45,16.2,0,488.02,8.59,16.47,0,RING,LL,8,RING,LL,8,0,RING,A_flag_ceiling,3,0.607165
all_reduce_perf,3,24,8388608,2097152,float,sum,907.9,9.24,17.71,0,892.22,9.4,18.02,0,RING,LL,8,RING,LL,8,0,RING,A_flag_ceiling,3,0.499445
all_reduce_perf,3,24,16777216,4194304,float,sum,1762.83,9.52,18.24,0,1745.22,9.61,18.43,0,RING,LL,8,RING,LL,8,0,RING,A_flag_ceiling,3,0.488334
all_reduce_perf,3,24,33554432,8388608,float,sum,3451.91,9.72,18.63,0,3446.36,9.74,18.66,0,RING,LL,8,RING,LL,8,0,RING,A_flag_ceiling,3,0.321543
all_reduce_perf,3,24,67108864,16777216,float,sum,6901.3,9.72,18.64,0,6859.61,9.78,18.75,0,RING,LL,8,RING,LL,8,0,RING,A_flag_ceiling,3,0.586667
all_reduce_perf,3,24,134217728,33554432,float,sum,13784.1,9.74,18.66,0,13745.2,9.76,18.72,0,RING,LL,8,RING,LL,8,0,RING,A_flag_ceiling,3,0.747863
all_reduce_perf,3,24,268435456,67108864,float,sum,27609.1,9.72,18.64,0,27512.8,9.76,18.7,0,RING,LL,8,RING,LL,8,0,RING,A_flag_ceiling,3,0.641711
all_reduce_perf,3,24,536870912,134217728,float,sum,55133.1,9.74,18.66,0,55074.3,9.75,18.68,0,RING,LL,8,RING,LL,8,0,RING,A_flag_ceiling,3,0.802998
all_reduce_perf,3,24,4096,1024,float,sum,152.15,0.03,0.05,0,148.46,0.03,0.05,0,RING,LL128,8,RING,LL128,8,0,RING,A_flag_ceiling,3,0
all_reduce_perf,3,24,8192,2048,float,sum,148.04,0.06,0.11,0,147.92,0.06,0.11,0,RING,LL128,8,RING,LL128,8,0,RING,A_flag_ceiling,3,0
all_reduce_perf,3,24,16384,4096,float,sum,150.33,0.11,0.21,0,148.57,0.11,0.21,0,RING,LL128,8,RING,LL128,8,0,RING,A_flag_ceiling,3,0
all_reduce_perf,3,24,32768,8192,float,sum,152.9,0.21,0.41,0,152.28,0.22,0.41,0,RING,LL128,8,RING,LL128,8,0,RING,A_flag_ceiling,3,2.43902
all_reduce_perf,3,24,65536,16384,float,sum,158.61,0.41,0.79,0,157.62,0.42,0.8,0,RING,LL128,8,RING,LL128,8,0,RING,A_flag_ceiling,3,3.75
all_reduce_perf,3,24,131072,32768,float,sum,158.83,0.83,1.58,0,158.52,0.83,1.58,0,RING,LL128,8,RING,LL128,8,0,RING,A_flag_ceiling,3,1.89873
all_reduce_perf,3,24,262144,65536,float,sum,158.59,1.65,3.17,0,158.28,1.66,3.17,0,RING,LL128,8,RING,LL128,8,0,RING,A_flag_ceiling,3,0.630915
all_reduce_perf,3,24,524288,131072,float,sum,159.81,3.28,6.29,0,158.69,3.3,6.33,0,RING,LL128,8,RING,LL128,8,0,RING,A_flag_ceiling,3,0.631912
all_reduce_perf,3,24,1048576,262144,float,sum,164.3,6.38,12.23,0,162.68,6.45,12.35,0,RING,LL128,8,RING,LL128,8,0,RING,A_flag_ceiling,3,0.48583
all_reduce_perf,3,24,2097152,524288,float,sum,170.76,12.28,23.54,0,167.58,12.51,23.99,0,RING,LL128,8,RING,LL128,8,0,RING,A_flag_ceiling,3,0.791997
all_reduce_perf,3,24,4194304,1048576,float,sum,189.29,22.16,42.47,0,182.57,22.97,44.03,0,RING,LL128,8,RING,LL128,8,0,RING,A_flag_ceiling,3,0.158983
all_reduce_perf,3,24,8388608,2097152,float,sum,263.68,31.81,60.98,0,254.25,32.99,63.24,0,RING,LL128,8,RING,LL128,8,0,RING,A_flag_ceiling,3,0.711575
all_reduce_perf,3,24,16777216,4194304,float,sum,454.22,36.94,70.79,0,447.34,37.5,71.88,0,RING,LL128,8,RING,LL128,8,0,RING,A_flag_ceiling,3,0.500835
all_reduce_perf,3,24,33554432,8388608,float,sum,845.62,39.68,76.05,0,833.75,40.25,77.14,0,RING,LL128,8,RING,LL128,8,0,RING,A_flag_ceiling,3,0.557428
all_reduce_perf,3,24,67108864,16777216,float,sum,1645.29,40.79,78.18,0,1632.66,41.1,78.78,0,RING,LL128,8,RING,LL128,8,0,RING,A_flag_ceiling,3,0.35542
all_reduce_perf,3,24,134217728,33554432,float,sum,3253.47,41.25,79.07,0,3233.43,41.51,79.56,0,RING,LL128,8,RING,LL128,8,0,RING,A_flag_ceiling,3,3.33082
all_reduce_perf,3,24,268435456,67108864,float,sum,6479.49,41.43,79.4,0,6441.18,41.67,79.88,0,RING,LL128,8,RING,LL128,8,0,RING,A_flag_ceiling,3,0.600901
all_reduce_perf,3,24,536870912,134217728,float,sum,12922.2,41.55,79.63,0,12864.7,41.73,79.99,0,RING,LL128,8,RING,LL128,8,0,RING,A_flag_ceiling,3,0.687586
all_reduce_perf,3,24,4096,1024,float,sum,515.82,0.01,0.02,0,511.83,0.01,0.02,0,RING,SIMPLE,16,RING,SIMPLE,16,0,RING,A_flag_ceiling,3,0
all_reduce_perf,3,24,8192,2048,float,sum,512.23,0.02,0.03,0,511.28,0.02,0.03,0,RING,SIMPLE,16,RING,SIMPLE,16,0,RING,A_flag_ceiling,3,0
all_reduce_perf,3,24,16384,4096,float,sum,520.1,0.03,0.06,0,517.19,0.03,0.06,0,RING,SIMPLE,16,RING,SIMPLE,16,0,RING,A_flag_ceiling,3,0
all_reduce_perf,3,24,32768,8192,float,sum,521.85,0.06,0.12,0,522.38,0.06,0.12,0,RING,SIMPLE,16,RING,SIMPLE,16,0,RING,A_flag_ceiling,3,0
all_reduce_perf,3,24,65536,16384,float,sum,531.24,0.12,0.24,0,530.92,0.12,0.24,0,RING,SIMPLE,16,RING,SIMPLE,16,0,RING,A_flag_ceiling,3,0
all_reduce_perf,3,24,131072,32768,float,sum,567.02,0.23,0.44,0,565.98,0.23,0.44,0,RING,SIMPLE,16,RING,SIMPLE,16,0,RING,A_flag_ceiling,3,0
all_reduce_perf,3,24,262144,65536,float,sum,568.87,0.46,0.88,0,568.47,0.46,0.88,0,RING,SIMPLE,16,RING,SIMPLE,16,0,RING,A_flag_ceiling,3,3.40909
all_reduce_perf,3,24,524288,131072,float,sum,571.12,0.92,1.76,0,569.26,0.92,1.77,0,RING,SIMPLE,16,RING,SIMPLE,16,0,RING,A_flag_ceiling,3,0.564972
all_reduce_perf,3,24,1048576,262144,float,sum,574.37,1.83,3.5,0,573.9,1.83,3.5,0,RING,SIMPLE,16,RING,SIMPLE,16,0,RING,A_flag_ceiling,3,13.7143
all_reduce_perf,3,24,2097152,524288,float,sum,583.27,3.6,6.89,0,579.87,3.62,6.93,0,RING,SIMPLE,16,RING,SIMPLE,16,0,RING,A_flag_ceiling,3,0.721501
all_reduce_perf,3,24,4194304,1048576,float,sum,595.35,7.05,13.5,0,591.8,7.09,13.58,0,RING,SIMPLE,16,RING,SIMPLE,16,0,RING,A_flag_ceiling,3,1.54639
all_reduce_perf,3,24,8388608,2097152,float,sum,627.97,13.36,25.6,0,624.87,13.42,25.73,0,RING,SIMPLE,16,RING,SIMPLE,16,0,RING,A_flag_ceiling,3,0.582977
all_reduce_perf,3,24,16777216,4194304,float,sum,643.8,26.06,49.95,0,641.68,26.15,50.11,0,RING,SIMPLE,16,RING,SIMPLE,16,0,RING,A_flag_ceiling,3,0.638595
all_reduce_perf,3,24,33554432,8388608,float,sum,692.46,48.46,92.88,0,691.91,48.5,92.95,0,RING,SIMPLE,16,RING,SIMPLE,16,0,RING,A_flag_ceiling,3,0.182894
all_reduce_perf,3,24,67108864,16777216,float,sum,931.41,72.05,138.1,0,929.9,72.17,138.32,0,RING,SIMPLE,16,RING,SIMPLE,16,0,RING,A_flag_ceiling,3,6.06564
all_reduce_perf,3,24,134217728,33554432,float,sum,1442.06,93.07,178.39,0,1438.52,93.3,178.83,0,RING,SIMPLE,16,RING,SIMPLE,16,0,RING,A_flag_ceiling,3,0.626293
all_reduce_perf,3,24,268435456,67108864,float,sum,2548.51,105.33,201.88,0,2551.59,105.2,201.64,0,RING,SIMPLE,16,RING,SIMPLE,16,0,RING,A_flag_ceiling,3,0.66951
all_reduce_perf,3,24,536870912,134217728,float,sum,4607.89,116.51,223.31,0,4561.85,117.69,225.57,0,RING,SIMPLE,16,RING,SIMPLE,16,0,RING,A_flag_ceiling,3,0.563018
all_reduce_perf,3,24,4096,1024,float,sum,136.12,0.03,0.06,0,132.19,0.03,0.06,0,RING,LL,16,RING,LL,16,0,RING,A_flag_ceiling,3,0
all_reduce_perf,3,24,8192,2048,float,sum,140.27,0.06,0.11,0,137.14,0.06,0.11,0,RING,LL,16,RING,LL,16,0,RING,A_flag_ceiling,3,18.1818
all_reduce_perf,3,24,16384,4096,float,sum,141.68,0.12,0.22,0,140.28,0.12,0.22,0,RING,LL,16,RING,LL,16,0,RING,A_flag_ceiling,3,4.54545
all_reduce_perf,3,24,32768,8192,float,sum,174.61,0.19,0.36,0,171.97,0.19,0.37,0,RING,LL,16,RING,LL,16,0,RING,A_flag_ceiling,3,5.40541
all_reduce_perf,3,24,65536,16384,float,sum,174.19,0.38,0.72,0,174.5,0.38,0.72,0,RING,LL,16,RING,LL,16,0,RING,A_flag_ceiling,3,0
all_reduce_perf,3,24,131072,32768,float,sum,181.14,0.72,1.39,0,181.2,0.72,1.39,0,RING,LL,16,RING,LL,16,0,RING,A_flag_ceiling,3,2.15827
all_reduce_perf,3,24,262144,65536,float,sum,186.97,1.4,2.69,0,184.24,1.42,2.73,0,RING,LL,16,RING,LL,16,0,RING,A_flag_ceiling,3,0.3663
all_reduce_perf,3,24,524288,131072,float,sum,196.6,2.67,5.11,0,195.92,2.68,5.13,0,RING,LL,16,RING,LL,16,0,RING,A_flag_ceiling,3,2.72904
all_reduce_perf,3,24,1048576,262144,float,sum,228.76,4.58,8.79,0,231.75,4.52,8.67,0,RING,LL,16,RING,LL,16,0,RING,A_flag_ceiling,3,12.5721
all_reduce_perf,3,24,2097152,524288,float,sum,265.15,7.91,15.16,0,263.01,7.97,15.28,0,RING,LL,16,RING,LL,16,0,RING,A_flag_ceiling,3,1.17801
all_reduce_perf,3,24,4194304,1048576,float,sum,333.57,12.57,24.1,0,333.61,12.57,24.1,0,RING,LL,16,RING,LL,16,0,RING,A_flag_ceiling,3,2.15768
all_reduce_perf,3,24,8388608,2097152,float,sum,607.12,13.82,26.48,0,605.96,13.84,26.53,0,RING,LL,16,RING,LL,16,0,RING,A_flag_ceiling,3,1.43234
all_reduce_perf,3,24,16777216,4194304,float,sum,1023.46,16.39,31.42,0,1036.67,16.18,31.02,0,RING,LL,16,RING,LL,16,0,RING,A_flag_ceiling,3,2.96583
all_reduce_perf,3,24,33554432,8388608,float,sum,1986.74,16.89,32.37,0,2011.63,16.68,31.97,0,RING,LL,16,RING,LL,16,0,RING,A_flag_ceiling,3,1.72036
all_reduce_perf,3,24,67108864,16777216,float,sum,3775.1,17.78,34.07,0,3747.51,17.91,34.32,0,RING,LL,16,RING,LL,16,0,RING,A_flag_ceiling,3,4.45804
all_reduce_perf,3,24,134217728,33554432,float,sum,7439.76,18.04,34.58,0,7367.72,18.22,34.92,0,RING,LL,16,RING,LL,16,0,RING,A_flag_ceiling,3,1.68958
all_reduce_perf,3,24,268435456,67108864,float,sum,14690.2,18.27,35.02,0,14660.8,18.31,35.09,0,RING,LL,16,RING,LL,16,0,RING,A_flag_ceiling,3,1.25392
all_reduce_perf,3,24,536870912,134217728,float,sum,29241.4,18.36,35.19,0,29282.1,18.33,35.14,0,RING,LL,16,RING,LL,16,0,RING,A_flag_ceiling,3,2.21969
all_reduce_perf,3,24,4096,1024,float,sum,152.75,0.03,0.05,0,148,0.03,0.05,0,RING,LL128,16,RING,LL128,16,0,RING,A_flag_ceiling,3,0
all_reduce_perf,3,24,8192,2048,float,sum,149.62,0.05,0.1,0,148.65,0.06,0.11,0,RING,LL128,16,RING,LL128,16,0,RING,A_flag_ceiling,3,9.09091
all_reduce_perf,3,24,16384,4096,float,sum,150.82,0.11,0.21,0,149.34,0.11,0.21,0,RING,LL128,16,RING,LL128,16,0,RING,A_flag_ceiling,3,0
all_reduce_perf,3,24,32768,8192,float,sum,152.57,0.21,0.41,0,152.64,0.21,0.41,0,RING,LL128,16,RING,LL128,16,0,RING,A_flag_ceiling,3,0
all_reduce_perf,3,24,65536,16384,float,sum,159.14,0.41,0.79,0,158.16,0.41,0.79,0,RING,LL128,16,RING,LL128,16,0,RING,A_flag_ceiling,3,1.26582
all_reduce_perf,3,24,131072,32768,float,sum,186.49,0.7,1.35,0,186.57,0.7,1.35,0,RING,LL128,16,RING,LL128,16,0,RING,A_flag_ceiling,3,5.18519
all_reduce_perf,3,24,262144,65536,float,sum,185.08,1.42,2.71,0,185.67,1.41,2.71,0,RING,LL128,16,RING,LL128,16,0,RING,A_flag_ceiling,3,4.05904
all_reduce_perf,3,24,524288,131072,float,sum,181.57,2.89,5.53,0,182.98,2.87,5.49,0,RING,LL128,16,RING,LL128,16,0,RING,A_flag_ceiling,3,0.728597
all_reduce_perf,3,24,1048576,262144,float,sum,184.28,5.69,10.91,0,185.67,5.65,10.82,0,RING,LL128,16,RING,LL128,16,0,RING,A_flag_ceiling,3,6.74677
all_reduce_perf,3,24,2097152,524288,float,sum,184.84,11.35,21.75,0,184.82,11.35,21.75,0,RING,LL128,16,RING,LL128,16,0,RING,A_flag_ceiling,3,5.37931
all_reduce_perf,3,24,4194304,1048576,float,sum,182.94,22.93,43.94,0,188.5,22.25,42.65,0,RING,LL128,16,RING,LL128,16,0,RING,A_flag_ceiling,3,7.3857
all_reduce_perf,3,24,8388608,2097152,float,sum,196.52,42.69,81.81,0,190.46,44.04,84.42,0,RING,LL128,16,RING,LL128,16,0,RING,A_flag_ceiling,3,0.331675
all_reduce_perf,3,24,16777216,4194304,float,sum,276.99,60.57,116.09,0,272.93,61.47,117.82,0,RING,LL128,16,RING,LL128,16,0,RING,A_flag_ceiling,3,0.356476
all_reduce_perf,3,24,33554432,8388608,float,sum,473.84,70.81,135.73,0,468.32,71.65,137.33,0,RING,LL128,16,RING,LL128,16,0,RING,A_flag_ceiling,3,0.269424
all_reduce_perf,3,24,67108864,16777216,float,sum,881.1,76.16,145.98,0,877.44,76.48,146.59,0,RING,LL128,16,RING,LL128,16,0,RING,A_flag_ceiling,3,0.245583
all_reduce_perf,3,24,134217728,33554432,float,sum,1721.78,77.95,149.41,0,1720.23,78.02,149.54,0,RING,LL128,16,RING,LL128,16,0,RING,A_flag_ceiling,3,0.341046
all_reduce_perf,3,24,268435456,67108864,float,sum,3396.28,79.04,151.49,0,3398.37,78.99,151.4,0,RING,LL128,16,RING,LL128,16,0,RING,A_flag_ceiling,3,0.819022
all_reduce_perf,3,24,536870912,134217728,float,sum,6744.06,79.61,152.58,0,6756.45,79.46,152.3,0,RING,LL128,16,RING,LL128,16,0,RING,A_flag_ceiling,3,0.873276
all_reduce_perf,3,24,4096,1024,float,sum,512.1,0.01,0.02,0,511.15,0.01,0.02,0,RING,SIMPLE,24,RING,SIMPLE,24,0,RING,A_flag_ceiling,3,0
all_reduce_perf,3,24,8192,2048,float,sum,511.67,0.02,0.03,0,509.23,0.02,0.03,0,RING,SIMPLE,24,RING,SIMPLE,24,0,RING,A_flag_ceiling,3,0
all_reduce_perf,3,24,16384,4096,float,sum,513.21,0.03,0.06,0,512.61,0.03,0.06,0,RING,SIMPLE,24,RING,SIMPLE,24,0,RING,A_flag_ceiling,3,0
all_reduce_perf,3,24,32768,8192,float,sum,522.17,0.06,0.12,0,521.24,0.06,0.12,0,RING,SIMPLE,24,RING,SIMPLE,24,0,RING,A_flag_ceiling,3,0
all_reduce_perf,3,24,65536,16384,float,sum,530.79,0.12,0.24,0,528.81,0.12,0.24,0,RING,SIMPLE,24,RING,SIMPLE,24,0,RING,A_flag_ceiling,3,0
all_reduce_perf,3,24,131072,32768,float,sum,565.21,0.23,0.44,0,565.78,0.23,0.44,0,RING,SIMPLE,24,RING,SIMPLE,24,0,RING,A_flag_ceiling,3,0
all_reduce_perf,3,24,262144,65536,float,sum,567.74,0.46,0.88,0,565.74,0.46,0.89,0,RING,SIMPLE,24,RING,SIMPLE,24,0,RING,A_flag_ceiling,3,0
all_reduce_perf,3,24,524288,131072,float,sum,610.23,0.86,1.65,0,608.12,0.86,1.65,0,RING,SIMPLE,24,RING,SIMPLE,24,0,RING,A_flag_ceiling,3,0
all_reduce_perf,3,24,1048576,262144,float,sum,609.96,1.72,3.29,0,607.32,1.73,3.31,0,RING,SIMPLE,24,RING,SIMPLE,24,0,RING,A_flag_ceiling,3,1.20846
all_reduce_perf,3,24,2097152,524288,float,sum,627.17,3.34,6.41,0,625.5,3.35,6.43,0,RING,SIMPLE,24,RING,SIMPLE,24,0,RING,A_flag_ceiling,3,0.466563
all_reduce_perf,3,24,4194304,1048576,float,sum,631.95,6.64,12.72,0,632.79,6.63,12.7,0,RING,SIMPLE,24,RING,SIMPLE,24,0,RING,A_flag_ceiling,3,1.1811
all_reduce_perf,3,24,8388608,2097152,float,sum,653.14,12.84,24.62,0,651.19,12.88,24.69,0,RING,SIMPLE,24,RING,SIMPLE,24,0,RING,A_flag_ceiling,3,0.202511
all_reduce_perf,3,24,16777216,4194304,float,sum,692.51,24.23,46.43,0,689.07,24.35,46.67,0,RING,SIMPLE,24,RING,SIMPLE,24,0,RING,A_flag_ceiling,3,0.171416
all_reduce_perf,3,24,33554432,8388608,float,sum,694.02,48.35,92.67,0,693.66,48.37,92.72,0,RING,SIMPLE,24,RING,SIMPLE,24,0,RING,A_flag_ceiling,3,0.517688
all_reduce_perf,3,24,67108864,16777216,float,sum,786.86,85.29,163.47,0,788,85.16,163.23,0,RING,SIMPLE,24,RING,SIMPLE,24,0,RING,A_flag_ceiling,3,0.171537
all_reduce_perf,3,24,134217728,33554432,float,sum,1130.11,118.76,227.63,0,1128.79,118.9,227.9,0,RING,SIMPLE,24,RING,SIMPLE,24,0,RING,A_flag_ceiling,3,0.412462
all_reduce_perf,3,24,268435456,67108864,float,sum,1839.5,145.93,279.7,0,1839.53,145.93,279.69,0,RING,SIMPLE,24,RING,SIMPLE,24,0,RING,A_flag_ceiling,3,0.239551
all_reduce_perf,3,24,536870912,134217728,float,sum,3261.89,164.59,315.46,0,3251.05,165.14,316.51,0,RING,SIMPLE,24,RING,SIMPLE,24,0,RING,A_flag_ceiling,3,0.470759
all_reduce_perf,3,24,4096,1024,float,sum,133.74,0.03,0.06,0,132.71,0.03,0.06,0,RING,LL,24,RING,LL,24,0,RING,A_flag_ceiling,3,0
all_reduce_perf,3,24,8192,2048,float,sum,136.83,0.06,0.11,0,137.94,0.06,0.11,0,RING,LL,24,RING,LL,24,0,RING,A_flag_ceiling,3,9.09091
all_reduce_perf,3,24,16384,4096,float,sum,141.44,0.12,0.22,0,141.42,0.12,0.22,0,RING,LL,24,RING,LL,24,0,RING,A_flag_ceiling,3,0
all_reduce_perf,3,24,32768,8192,float,sum,173.86,0.19,0.36,0,173.74,0.19,0.36,0,RING,LL,24,RING,LL,24,0,RING,A_flag_ceiling,3,2.77778
all_reduce_perf,3,24,65536,16384,float,sum,172.33,0.38,0.73,0,173.37,0.38,0.72,0,RING,LL,24,RING,LL,24,0,RING,A_flag_ceiling,3,1.38889
all_reduce_perf,3,24,131072,32768,float,sum,220,0.6,1.14,0,221.3,0.59,1.14,0,RING,LL,24,RING,LL,24,0,RING,A_flag_ceiling,3,1.75439
all_reduce_perf,3,24,262144,65536,float,sum,227.07,1.15,2.21,0,228.73,1.15,2.2,0,RING,LL,24,RING,LL,24,0,RING,A_flag_ceiling,3,0.909091
all_reduce_perf,3,24,524288,131072,float,sum,245.24,2.14,4.1,0,243.81,2.15,4.12,0,RING,LL,24,RING,LL,24,0,RING,A_flag_ceiling,3,1.45631
all_reduce_perf,3,24,1048576,262144,float,sum,264.57,3.96,7.6,0,265.48,3.95,7.57,0,RING,LL,24,RING,LL,24,0,RING,A_flag_ceiling,3,2.90621
all_reduce_perf,3,24,2097152,524288,float,sum,308.99,6.79,13.01,0,307.79,6.81,13.06,0,RING,LL,24,RING,LL,24,0,RING,A_flag_ceiling,3,1.30168
all_reduce_perf,3,24,4194304,1048576,float,sum,384.89,10.9,20.89,0,386.45,10.85,20.8,0,RING,LL,24,RING,LL,24,0,RING,A_flag_ceiling,3,0.769231
all_reduce_perf,3,24,8388608,2097152,float,sum,498.23,16.84,32.27,0,499.96,16.78,32.16,0,RING,LL,24,RING,LL,24,0,RING,A_flag_ceiling,3,2.08333
all_reduce_perf,3,24,16777216,4194304,float,sum,943.94,17.77,34.07,0,943.12,17.79,34.1,0,RING,LL,24,RING,LL,24,0,RING,A_flag_ceiling,3,1.99413
all_reduce_perf,3,24,33554432,8388608,float,sum,1826.08,18.38,35.22,0,1824.69,18.39,35.25,0,RING,LL,24,RING,LL,24,0,RING,A_flag_ceiling,3,2.66667
all_reduce_perf,3,24,67108864,16777216,float,sum,3551.14,18.9,36.22,0,3557.07,18.87,36.16,0,RING,LL,24,RING,LL,24,0,RING,A_flag_ceiling,3,2.76549
all_reduce_perf,3,24,134217728,33554432,float,sum,6976.68,19.24,36.87,0,6949.02,19.31,37.02,0,RING,LL,24,RING,LL,24,0,RING,A_flag_ceiling,3,1.45867
all_reduce_perf,3,24,268435456,67108864,float,sum,14016.5,19.15,36.71,0,13719.5,19.57,37.5,0,RING,LL,24,RING,LL,24,0,RING,A_flag_ceiling,3,2.82667
all_reduce_perf,3,24,536870912,134217728,float,sum,27185,19.75,37.85,0,27364.2,19.62,37.6,0,RING,LL,24,RING,LL,24,0,RING,A_flag_ceiling,3,5.05319
all_reduce_perf,3,24,4096,1024,float,sum,154.23,0.03,0.05,0,152.73,0.03,0.05,0,RING,LL128,24,RING,LL128,24,0,RING,A_flag_ceiling,3,0
all_reduce_perf,3,24,8192,2048,float,sum,152.29,0.05,0.1,0,150.03,0.05,0.1,0,RING,LL128,24,RING,LL128,24,0,RING,A_flag_ceiling,3,10
all_reduce_perf,3,24,16384,4096,float,sum,152.18,0.11,0.21,0,153.37,0.11,0.2,0,RING,LL128,24,RING,LL128,24,0,RING,A_flag_ceiling,3,5
all_reduce_perf,3,24,32768,8192,float,sum,154.32,0.21,0.41,0,153.36,0.21,0.41,0,RING,LL128,24,RING,LL128,24,0,RING,A_flag_ceiling,3,0
all_reduce_perf,3,24,65536,16384,float,sum,158.79,0.41,0.79,0,157.82,0.42,0.8,0,RING,LL128,24,RING,LL128,24,0,RING,A_flag_ceiling,3,0
all_reduce_perf,3,24,131072,32768,float,sum,181.48,0.72,1.38,0,183.27,0.72,1.37,0,RING,LL128,24,RING,LL128,24,0,RING,A_flag_ceiling,3,2.18978
all_reduce_perf,3,24,262144,65536,float,sum,183.07,1.43,2.74,0,180.33,1.45,2.79,0,RING,LL128,24,RING,LL128,24,0,RING,A_flag_ceiling,3,1.79211
all_reduce_perf,3,24,524288,131072,float,sum,220.35,2.38,4.56,0,219.75,2.39,4.57,0,RING,LL128,24,RING,LL128,24,0,RING,A_flag_ceiling,3,1.53173
all_reduce_perf,3,24,1048576,262144,float,sum,220.55,4.75,9.11,0,220.57,4.75,9.11,0,RING,LL128,24,RING,LL128,24,0,RING,A_flag_ceiling,3,2.19539
all_reduce_perf,3,24,2097152,524288,float,sum,228.9,9.16,17.56,0,228.18,9.19,17.62,0,RING,LL128,24,RING,LL128,24,0,RING,A_flag_ceiling,3,1.41884
all_reduce_perf,3,24,4194304,1048576,float,sum,230.39,18.21,34.89,0,229.14,18.3,35.08,0,RING,LL128,24,RING,LL128,24,0,RING,A_flag_ceiling,3,1.42531
all_reduce_perf,3,24,8388608,2097152,float,sum,234.14,35.83,68.67,0,235.5,35.62,68.27,0,RING,LL128,24,RING,LL128,24,0,RING,A_flag_ceiling,3,0.981397
all_reduce_perf,3,24,16777216,4194304,float,sum,243.93,68.78,131.83,0,243.89,68.79,131.85,0,RING,LL128,24,RING,LL128,24,0,RING,A_flag_ceiling,3,1.50929
all_reduce_perf,3,24,33554432,8388608,float,sum,364.63,92.02,176.38,0,361.63,92.79,177.84,0,RING,LL128,24,RING,LL128,24,0,RING,A_flag_ceiling,3,0.775978
all_reduce_perf,3,24,67108864,16777216,float,sum,725.04,92.56,177.4,0,724.87,92.58,177.45,0,RING,LL128,24,RING,LL128,24,0,RING,A_flag_ceiling,3,0.0225416
all_reduce_perf,3,24,134217728,33554432,float,sum,1261.32,106.41,203.95,0,1258.15,106.68,204.47,0,RING,LL128,24,RING,LL128,24,0,RING,A_flag_ceiling,3,0.224972
all_reduce_perf,3,24,268435456,67108864,float,sum,2418.48,110.99,212.74,0,2425.88,110.65,212.09,0,RING,LL128,24,RING,LL128,24,0,RING,A_flag_ceiling,3,0.627092
all_reduce_perf,3,24,536870912,134217728,float,sum,4787.92,112.13,214.92,0,4807.87,111.66,214.02,0,RING,LL128,24,RING,LL128,24,0,RING,A_flag_ceiling,3,0.630782
all_reduce_perf,3,24,4096,1024,float,sum,511.2,0.01,0.02,0,510.87,0.01,0.02,0,RING,SIMPLE,32,RING,SIMPLE,32,0,RING,A_flag_ceiling,3,0
all_reduce_perf,3,24,8192,2048,float,sum,511.56,0.02,0.03,0,510.98,0.02,0.03,0,RING,SIMPLE,32,RING,SIMPLE,32,0,RING,A_flag_ceiling,3,0
all_reduce_perf,3,24,16384,4096,float,sum,515.38,0.03,0.06,0,514.38,0.03,0.06,0,RING,SIMPLE,32,RING,SIMPLE,32,0,RING,A_flag_ceiling,3,0
all_reduce_perf,3,24,32768,8192,float,sum,524.45,0.06,0.12,0,525.59,0.06,0.12,0,RING,SIMPLE,32,RING,SIMPLE,32,0,RING,A_flag_ceiling,3,0
all_reduce_perf,3,24,65536,16384,float,sum,532.39,0.12,0.24,0,531.22,0.12,0.24,0,RING,SIMPLE,32,RING,SIMPLE,32,0,RING,A_flag_ceiling,3,0
all_reduce_perf,3,24,131072,32768,float,sum,565.17,0.23,0.44,0,563.68,0.23,0.45,0,RING,SIMPLE,32,RING,SIMPLE,32,0,RING,A_flag_ceiling,3,0
all_reduce_perf,3,24,262144,65536,float,sum,697.2,0.38,0.72,0,694.68,0.38,0.72,0,RING,SIMPLE,32,RING,SIMPLE,32,0,RING,A_flag_ceiling,3,4.16667
all_reduce_perf,3,24,524288,131072,float,sum,698.91,0.75,1.44,0,689.67,0.76,1.46,0,RING,SIMPLE,32,RING,SIMPLE,32,0,RING,A_flag_ceiling,3,1.36986
all_reduce_perf,3,24,1048576,262144,float,sum,697.18,1.5,2.88,0,695.88,1.51,2.89,0,RING,SIMPLE,32,RING,SIMPLE,32,0,RING,A_flag_ceiling,3,2.76817
all_reduce_perf,3,24,2097152,524288,float,sum,697.55,3.01,5.76,0,692.4,3.03,5.81,0,RING,SIMPLE,32,RING,SIMPLE,32,0,RING,A_flag_ceiling,3,1.0327
all_reduce_perf,3,24,4194304,1048576,float,sum,705.67,5.94,11.39,0,724.4,5.79,11.1,0,RING,SIMPLE,32,RING,SIMPLE,32,0,RING,A_flag_ceiling,3,2.43243
all_reduce_perf,3,24,8388608,2097152,float,sum,717.37,11.69,22.41,0,713.7,11.75,22.53,0,RING,SIMPLE,32,RING,SIMPLE,32,0,RING,A_flag_ceiling,3,0.798935
all_reduce_perf,3,24,16777216,4194304,float,sum,750.54,22.35,42.84,0,751.53,22.32,42.79,0,RING,SIMPLE,32,RING,SIMPLE,32,0,RING,A_flag_ceiling,3,3.59897
all_reduce_perf,3,24,33554432,8388608,float,sum,768.71,43.65,83.66,0,766.07,43.8,83.95,0,RING,SIMPLE,32,RING,SIMPLE,32,0,RING,A_flag_ceiling,3,1.11971
all_reduce_perf,3,24,67108864,16777216,float,sum,807.36,83.12,159.32,0,806.43,83.22,159.5,0,RING,SIMPLE,32,RING,SIMPLE,32,0,RING,A_flag_ceiling,3,1.22257
all_reduce_perf,3,24,134217728,33554432,float,sum,1003.4,133.76,256.38,0,1002.04,133.94,256.73,0,RING,SIMPLE,32,RING,SIMPLE,32,0,RING,A_flag_ceiling,3,0.510264
all_reduce_perf,3,24,268435456,67108864,float,sum,1546.16,173.61,332.76,0,1547.48,173.47,332.48,0,RING,SIMPLE,32,RING,SIMPLE,32,0,RING,A_flag_ceiling,3,0.409047
all_reduce_perf,3,24,536870912,134217728,float,sum,2813.16,190.84,365.78,0,2814.64,190.74,365.59,0,RING,SIMPLE,32,RING,SIMPLE,32,0,RING,A_flag_ceiling,3,0.153177
all_reduce_perf,3,24,4096,1024,float,sum,133.38,0.03,0.06,0,132.73,0.03,0.06,0,RING,LL,32,RING,LL,32,0,RING,A_flag_ceiling,3,33.3333
all_reduce_perf,3,24,8192,2048,float,sum,137.46,0.06,0.11,0,137.31,0.06,0.11,0,RING,LL,32,RING,LL,32,0,RING,A_flag_ceiling,3,0
all_reduce_perf,3,24,16384,4096,float,sum,141.3,0.12,0.22,0,141.38,0.12,0.22,0,RING,LL,32,RING,LL,32,0,RING,A_flag_ceiling,3,0
all_reduce_perf,3,24,32768,8192,float,sum,174.95,0.19,0.36,0,173.17,0.19,0.36,0,RING,LL,32,RING,LL,32,0,RING,A_flag_ceiling,3,0
all_reduce_perf,3,24,65536,16384,float,sum,269.04,0.24,0.47,0,269.3,0.24,0.47,0,RING,LL,32,RING,LL,32,0,RING,A_flag_ceiling,3,2.12766
all_reduce_perf,3,24,131072,32768,float,sum,270.22,0.49,0.93,0,269.9,0.49,0.93,0,RING,LL,32,RING,LL,32,0,RING,A_flag_ceiling,3,2.15054
all_reduce_perf,3,24,262144,65536,float,sum,287.1,0.91,1.75,0,285.58,0.92,1.76,0,RING,LL,32,RING,LL,32,0,RING,A_flag_ceiling,3,0.568182
all_reduce_perf,3,24,524288,131072,float,sum,298.74,1.75,3.36,0,294.02,1.78,3.42,0,RING,LL,32,RING,LL,32,0,RING,A_flag_ceiling,3,1.46199
all_reduce_perf,3,24,1048576,262144,float,sum,321.35,3.26,6.25,0,320.39,3.27,6.27,0,RING,LL,32,RING,LL,32,0,RING,A_flag_ceiling,3,2.55183
all_reduce_perf,3,24,2097152,524288,float,sum,373.12,5.62,10.77,0,374.42,5.6,10.74,0,RING,LL,32,RING,LL,32,0,RING,A_flag_ceiling,3,1.76909
all_reduce_perf,3,24,4194304,1048576,float,sum,448.01,9.36,17.94,0,448.01,9.36,17.94,0,RING,LL,32,RING,LL,32,0,RING,A_flag_ceiling,3,0.83612
all_reduce_perf,3,24,8388608,2097152,float,sum,560.53,14.97,28.68,0,556.43,15.08,28.9,0,RING,LL,32,RING,LL,32,0,RING,A_flag_ceiling,3,0.519031
all_reduce_perf,3,24,16777216,4194304,float,sum,1035.12,16.21,31.07,0,1030.62,16.28,31.2,0,RING,LL,32,RING,LL,32,0,RING,A_flag_ceiling,3,1.12179
all_reduce_perf,3,24,33554432,8388608,float,sum,1747.21,19.2,36.81,0,1752.64,19.15,36.69,0,RING,LL,32,RING,LL,32,0,RING,A_flag_ceiling,3,1.09022
all_reduce_perf,3,24,67108864,16777216,float,sum,3427.51,19.58,37.53,0,3426.01,19.59,37.54,0,RING,LL,32,RING,LL,32,0,RING,A_flag_ceiling,3,0.745871
all_reduce_perf,3,24,134217728,33554432,float,sum,6548.32,20.5,39.28,0,6557.78,20.47,39.23,0,RING,LL,32,RING,LL,32,0,RING,A_flag_ceiling,3,0.433342
all_reduce_perf,3,24,268435456,67108864,float,sum,13009.1,20.63,39.55,0,12994.6,20.66,39.59,0,RING,LL,32,RING,LL,32,0,RING,A_flag_ceiling,3,1.64183
all_reduce_perf,3,24,536870912,134217728,float,sum,25692.2,20.9,40.05,0,25684.1,20.9,40.06,0,RING,LL,32,RING,LL,32,0,RING,A_flag_ceiling,3,2.39641
all_reduce_perf,3,24,4096,1024,float,sum,153.79,0.03,0.05,0,147.76,0.03,0.05,0,RING,LL128,32,RING,LL128,32,0,RING,A_flag_ceiling,3,0
all_reduce_perf,3,24,8192,2048,float,sum,149.32,0.05,0.11,0,147.53,0.06,0.11,0,RING,LL128,32,RING,LL128,32,0,RING,A_flag_ceiling,3,9.09091
all_reduce_perf,3,24,16384,4096,float,sum,151.42,0.11,0.21,0,150.09,0.11,0.21,0,RING,LL128,32,RING,LL128,32,0,RING,A_flag_ceiling,3,4.7619
all_reduce_perf,3,24,32768,8192,float,sum,154.2,0.21,0.41,0,152.64,0.21,0.41,0,RING,LL128,32,RING,LL128,32,0,RING,A_flag_ceiling,3,2.43902
all_reduce_perf,3,24,65536,16384,float,sum,157.96,0.41,0.8,0,157.35,0.42,0.8,0,RING,LL128,32,RING,LL128,32,0,RING,A_flag_ceiling,3,1.25
all_reduce_perf,3,24,131072,32768,float,sum,186.1,0.7,1.35,0,183.61,0.71,1.37,0,RING,LL128,32,RING,LL128,32,0,RING,A_flag_ceiling,3,2.18978
all_reduce_perf,3,24,262144,65536,float,sum,276.86,0.95,1.81,0,272.66,0.96,1.84,0,RING,LL128,32,RING,LL128,32,0,RING,A_flag_ceiling,3,1.08696
all_reduce_perf,3,24,524288,131072,float,sum,273.69,1.92,3.67,0,272.96,1.92,3.68,0,RING,LL128,32,RING,LL128,32,0,RING,A_flag_ceiling,3,1.63043
all_reduce_perf,3,24,1048576,262144,float,sum,277.4,3.78,7.24,0,272.84,3.84,7.37,0,RING,LL128,32,RING,LL128,32,0,RING,A_flag_ceiling,3,1.08548
all_reduce_perf,3,24,2097152,524288,float,sum,271.9,7.71,14.78,0,270.91,7.74,14.84,0,RING,LL128,32,RING,LL128,32,0,RING,A_flag_ceiling,3,1.07817
all_reduce_perf,3,24,4194304,1048576,float,sum,275.79,15.21,29.15,0,275.49,15.22,29.18,0,RING,LL128,32,RING,LL128,32,0,RING,A_flag_ceiling,3,2.50171
all_reduce_perf,3,24,8388608,2097152,float,sum,280.56,29.9,57.31,0,277.74,30.2,57.89,0,RING,LL128,32,RING,LL128,32,0,RING,A_flag_ceiling,3,2.5393
all_reduce_perf,3,24,16777216,4194304,float,sum,288.96,58.06,111.28,0,288.44,58.16,111.48,0,RING,LL128,32,RING,LL128,32,0,RING,A_flag_ceiling,3,1.89272
all_reduce_perf,3,24,33554432,8388608,float,sum,317.09,105.82,202.82,0,315.56,106.33,203.81,0,RING,LL128,32,RING,LL128,32,0,RING,A_flag_ceiling,3,4.57779
all_reduce_perf,3,24,67108864,16777216,float,sum,537.13,124.94,239.47,0,555.82,120.74,231.41,0,RING,LL128,32,RING,LL128,32,0,RING,A_flag_ceiling,3,6.482
all_reduce_perf,3,24,134217728,33554432,float,sum,1005.34,133.5,255.88,0,1003.52,133.75,256.35,0,RING,LL128,32,RING,LL128,32,0,RING,A_flag_ceiling,3,0.390092
all_reduce_perf,3,24,268435456,67108864,float,sum,1963.38,136.72,262.05,0,1965.94,136.54,261.71,0,RING,LL128,32,RING,LL128,32,0,RING,A_flag_ceiling,3,0.405028
all_reduce_perf,3,24,536870912,134217728,float,sum,3857.48,139.18,266.76,0,3860.65,139.06,266.54,0,RING,LL128,32,RING,LL128,32,0,RING,A_flag_ceiling,3,0.386434
all_reduce_perf,3,24,4096,1024,float,sum,514.97,0.01,0.02,0,509.15,0.01,0.02,0,RING,SIMPLE,40,RING,SIMPLE,40,0,RING,A_flag_ceiling,3,0
all_reduce_perf,3,24,8192,2048,float,sum,510.22,0.02,0.03,0,509.57,0.02,0.03,0,RING,SIMPLE,40,RING,SIMPLE,40,0,RING,A_flag_ceiling,3,0
all_reduce_perf,3,24,16384,4096,float,sum,518.02,0.03,0.06,0,516.56,0.03,0.06,0,RING,SIMPLE,40,RING,SIMPLE,40,0,RING,A_flag_ceiling,3,0
all_reduce_perf,3,24,32768,8192,float,sum,521.2,0.06,0.12,0,519.13,0.06,0.12,0,RING,SIMPLE,40,RING,SIMPLE,40,0,RING,A_flag_ceiling,3,0
all_reduce_perf,3,24,65536,16384,float,sum,531.36,0.12,0.24,0,530.63,0.12,0.24,0,RING,SIMPLE,40,RING,SIMPLE,40,0,RING,A_flag_ceiling,3,0
all_reduce_perf,3,24,131072,32768,float,sum,565.66,0.23,0.44,0,564.17,0.23,0.45,0,RING,SIMPLE,40,RING,SIMPLE,40,0,RING,A_flag_ceiling,3,2.22222
all_reduce_perf,3,24,262144,65536,float,sum,697.48,0.38,0.72,0,691.95,0.38,0.73,0,RING,SIMPLE,40,RING,SIMPLE,40,0,RING,A_flag_ceiling,3,0
all_reduce_perf,3,24,524288,131072,float,sum,696.4,0.75,1.44,0,696.73,0.75,1.44,0,RING,SIMPLE,40,RING,SIMPLE,40,0,RING,A_flag_ceiling,3,0.694444
all_reduce_perf,3,24,1048576,262144,float,sum,697.15,1.5,2.88,0,693.99,1.51,2.9,0,RING,SIMPLE,40,RING,SIMPLE,40,0,RING,A_flag_ceiling,3,1.03448
all_reduce_perf,3,24,2097152,524288,float,sum,786.84,2.67,5.11,0,785.68,2.67,5.12,0,RING,SIMPLE,40,RING,SIMPLE,40,0,RING,A_flag_ceiling,3,3.32031
all_reduce_perf,3,24,4194304,1048576,float,sum,811.44,5.17,9.91,0,805.86,5.2,9.98,0,RING,SIMPLE,40,RING,SIMPLE,40,0,RING,A_flag_ceiling,3,0.501002
all_reduce_perf,3,24,8388608,2097152,float,sum,816.09,10.28,19.7,0,812.98,10.32,19.78,0,RING,SIMPLE,40,RING,SIMPLE,40,0,RING,A_flag_ceiling,3,3.18504
all_reduce_perf,3,24,16777216,4194304,float,sum,829.36,20.23,38.77,0,831.83,20.17,38.66,0,RING,SIMPLE,40,RING,SIMPLE,40,0,RING,A_flag_ceiling,3,1.73306
all_reduce_perf,3,24,33554432,8388608,float,sum,857.09,39.15,75.04,0,857.53,39.13,75,0,RING,SIMPLE,40,RING,SIMPLE,40,0,RING,A_flag_ceiling,3,1.65333
all_reduce_perf,3,24,67108864,16777216,float,sum,887.99,75.57,144.85,0,889.57,75.44,144.59,0,RING,SIMPLE,40,RING,SIMPLE,40,0,RING,A_flag_ceiling,3,0.414966
all_reduce_perf,3,24,134217728,33554432,float,sum,1027.78,130.59,250.3,0,1024.91,130.96,251,0,RING,SIMPLE,40,RING,SIMPLE,40,0,RING,A_flag_ceiling,3,1.55777
all_reduce_perf,3,24,268435456,67108864,float,sum,1504.67,178.4,341.94,0,1504.02,178.48,342.08,0,RING,SIMPLE,40,RING,SIMPLE,40,0,RING,A_flag_ceiling,3,0.523269
all_reduce_perf,3,24,536870912,134217728,float,sum,2761.77,194.39,372.59,0,2767.11,194.02,371.87,0,RING,SIMPLE,40,RING,SIMPLE,40,0,RING,A_flag_ceiling,3,0.432947
all_reduce_perf,3,24,4096,1024,float,sum,132.92,0.03,0.06,0,132.87,0.03,0.06,0,RING,LL,40,RING,LL,40,0,RING,A_flag_ceiling,3,0
all_reduce_perf,3,24,8192,2048,float,sum,137.28,0.06,0.11,0,137.5,0.06,0.11,0,RING,LL,40,RING,LL,40,0,RING,A_flag_ceiling,3,0
all_reduce_perf,3,24,16384,4096,float,sum,141.42,0.12,0.22,0,141.67,0.12,0.22,0,RING,LL,40,RING,LL,40,0,RING,A_flag_ceiling,3,0
all_reduce_perf,3,24,32768,8192,float,sum,174.81,0.19,0.36,0,173.93,0.19,0.36,0,RING,LL,40,RING,LL,40,0,RING,A_flag_ceiling,3,2.77778
all_reduce_perf,3,24,65536,16384,float,sum,271.84,0.24,0.46,0,264.69,0.25,0.47,0,RING,LL,40,RING,LL,40,0,RING,A_flag_ceiling,3,6.38298
all_reduce_perf,3,24,131072,32768,float,sum,270.3,0.48,0.93,0,270.52,0.48,0.93,0,RING,LL,40,RING,LL,40,0,RING,A_flag_ceiling,3,1.07527
all_reduce_perf,3,24,262144,65536,float,sum,286.05,0.92,1.76,0,287.45,0.91,1.75,0,RING,LL,40,RING,LL,40,0,RING,A_flag_ceiling,3,1.14286
all_reduce_perf,3,24,524288,131072,float,sum,336.57,1.56,2.99,0,335.94,1.56,2.99,0,RING,LL,40,RING,LL,40,0,RING,A_flag_ceiling,3,2.34114
all_reduce_perf,3,24,1048576,262144,float,sum,371.29,2.82,5.41,0,373.01,2.81,5.39,0,RING,LL,40,RING,LL,40,0,RING,A_flag_ceiling,3,1.2987
all_reduce_perf,3,24,2097152,524288,float,sum,425.12,4.93,9.46,0,420.54,4.99,9.56,0,RING,LL,40,RING,LL,40,0,RING,A_flag_ceiling,3,1.56904
all_reduce_perf,3,24,4194304,1048576,float,sum,509.62,8.23,15.77,0,507.88,8.26,15.83,0,RING,LL,40,RING,LL,40,0,RING,A_flag_ceiling,3,1.76879
all_reduce_perf,3,24,8388608,2097152,float,sum,634.48,13.22,25.34,0,631.37,13.29,25.47,0,RING,LL,40,RING,LL,40,0,RING,A_flag_ceiling,3,1.76678
all_reduce_perf,3,24,16777216,4194304,float,sum,1097.17,15.29,29.31,0,1099.03,15.27,29.26,0,RING,LL,40,RING,LL,40,0,RING,A_flag_ceiling,3,5.53657
all_reduce_perf,3,24,33554432,8388608,float,sum,1882.78,17.82,34.16,0,1887.17,17.78,34.08,0,RING,LL,40,RING,LL,40,0,RING,A_flag_ceiling,3,6.36737
all_reduce_perf,3,24,67108864,16777216,float,sum,3434.77,19.54,37.45,0,3440.72,19.5,37.38,0,RING,LL,40,RING,LL,40,0,RING,A_flag_ceiling,3,2.94275
all_reduce_perf,3,24,134217728,33554432,float,sum,6508.65,20.62,39.52,0,6476.81,20.72,39.72,0,RING,LL,40,RING,LL,40,0,RING,A_flag_ceiling,3,2.36657
all_reduce_perf,3,24,268435456,67108864,float,sum,12803.4,20.97,40.18,0,12801.6,20.97,40.19,0,RING,LL,40,RING,LL,40,0,RING,A_flag_ceiling,3,2.83653
all_reduce_perf,3,24,536870912,134217728,float,sum,25356,21.17,40.58,0,25310.6,21.21,40.65,0,RING,LL,40,RING,LL,40,0,RING,A_flag_ceiling,3,3.14883
all_reduce_perf,3,24,4096,1024,float,sum,154.91,0.03,0.05,0,153.73,0.03,0.05,0,RING,LL128,40,RING,LL128,40,0,RING,A_flag_ceiling,3,0
all_reduce_perf,3,24,8192,2048,float,sum,152.65,0.05,0.1,0,153.44,0.05,0.1,0,RING,LL128,40,RING,LL128,40,0,RING,A_flag_ceiling,3,0
all_reduce_perf,3,24,16384,4096,float,sum,154.1,0.11,0.2,0,153.08,0.11,0.21,0,RING,LL128,40,RING,LL128,40,0,RING,A_flag_ceiling,3,4.7619
all_reduce_perf,3,24,32768,8192,float,sum,153.89,0.21,0.41,0,153.64,0.21,0.41,0,RING,LL128,40,RING,LL128,40,0,RING,A_flag_ceiling,3,0
all_reduce_perf,3,24,65536,16384,float,sum,159.26,0.41,0.79,0,158.87,0.41,0.79,0,RING,LL128,40,RING,LL128,40,0,RING,A_flag_ceiling,3,7.59494
all_reduce_perf,3,24,131072,32768,float,sum,183.53,0.71,1.37,0,185.52,0.71,1.35,0,RING,LL128,40,RING,LL128,40,0,RING,A_flag_ceiling,3,6.66667
all_reduce_perf,3,24,262144,65536,float,sum,273.43,0.96,1.84,0,271.83,0.96,1.85,0,RING,LL128,40,RING,LL128,40,0,RING,A_flag_ceiling,3,4.32432
all_reduce_perf,3,24,524288,131072,float,sum,269.29,1.95,3.73,0,274.99,1.91,3.65,0,RING,LL128,40,RING,LL128,40,0,RING,A_flag_ceiling,3,2.73973
all_reduce_perf,3,24,1048576,262144,float,sum,270.84,3.87,7.42,0,277.71,3.78,7.24,0,RING,LL128,40,RING,LL128,40,0,RING,A_flag_ceiling,3,7.87293
all_reduce_perf,3,24,2097152,524288,float,sum,312.71,6.71,12.85,0,314.07,6.68,12.8,0,RING,LL128,40,RING,LL128,40,0,RING,A_flag_ceiling,3,5
all_reduce_perf,3,24,4194304,1048576,float,sum,326.43,12.85,24.63,0,327.77,12.8,24.53,0,RING,LL128,40,RING,LL128,40,0,RING,A_flag_ceiling,3,5.42193
all_reduce_perf,3,24,8388608,2097152,float,sum,324.03,25.89,49.62,0,320.85,26.14,50.11,0,RING,LL128,40,RING,LL128,40,0,RING,A_flag_ceiling,3,2.91359
all_reduce_perf,3,24,16777216,4194304,float,sum,327.65,51.2,98.14,0,327.88,51.17,98.07,0,RING,LL128,40,RING,LL128,40,0,RING,A_flag_ceiling,3,2.13113
all_reduce_perf,3,24,33554432,8388608,float,sum,351.81,95.38,182.81,0,350.85,95.64,183.31,0,RING,LL128,40,RING,LL128,40,0,RING,A_flag_ceiling,3,2.84764
all_reduce_perf,3,24,67108864,16777216,float,sum,479.62,139.92,268.18,0,479.98,139.82,267.98,0,RING,LL128,40,RING,LL128,40,0,RING,A_flag_ceiling,3,2.08971
all_reduce_perf,3,24,134217728,33554432,float,sum,950.25,141.25,270.72,0,947.95,141.59,271.37,0,RING,LL128,40,RING,LL128,40,0,RING,A_flag_ceiling,3,0.891771
all_reduce_perf,3,24,268435456,67108864,float,sum,1750.9,153.31,293.85,0,1744.8,153.85,294.88,0,RING,LL128,40,RING,LL128,40,0,RING,A_flag_ceiling,3,0.64433
all_reduce_perf,3,24,536870912,134217728,float,sum,3460.89,155.13,297.32,0,3450.8,155.58,298.19,0,RING,LL128,40,RING,LL128,40,0,RING,A_flag_ceiling,3,0.774674
all_reduce_perf,3,24,4096,1024,float,sum,514.07,0.01,0.02,0,509.3,0.01,0.02,0,RING,SIMPLE,48,RING,SIMPLE,48,0,RING,A_flag_ceiling,3,0
all_reduce_perf,3,24,8192,2048,float,sum,511.71,0.02,0.03,0,510.75,0.02,0.03,0,RING,SIMPLE,48,RING,SIMPLE,48,0,RING,A_flag_ceiling,3,0
all_reduce_perf,3,24,16384,4096,float,sum,520.64,0.03,0.06,0,516.81,0.03,0.06,0,RING,SIMPLE,48,RING,SIMPLE,48,0,RING,A_flag_ceiling,3,0
all_reduce_perf,3,24,32768,8192,float,sum,525.88,0.06,0.12,0,525.35,0.06,0.12,0,RING,SIMPLE,48,RING,SIMPLE,48,0,RING,A_flag_ceiling,3,0
all_reduce_perf,3,24,65536,16384,float,sum,534.67,0.12,0.23,0,531.78,0.12,0.24,0,RING,SIMPLE,48,RING,SIMPLE,48,0,RING,A_flag_ceiling,3,0
all_reduce_perf,3,24,131072,32768,float,sum,568.13,0.23,0.44,0,565.97,0.23,0.44,0,RING,SIMPLE,48,RING,SIMPLE,48,0,RING,A_flag_ceiling,3,0
all_reduce_perf,3,24,262144,65536,float,sum,705.85,0.37,0.71,0,700.51,0.37,0.72,0,RING,SIMPLE,48,RING,SIMPLE,48,0,RING,A_flag_ceiling,3,1.38889
all_reduce_perf,3,24,524288,131072,float,sum,702.95,0.75,1.43,0,699.87,0.75,1.44,0,RING,SIMPLE,48,RING,SIMPLE,48,0,RING,A_flag_ceiling,3,1.38889
all_reduce_perf,3,24,1048576,262144,float,sum,840.41,1.25,2.39,0,836.96,1.25,2.4,0,RING,SIMPLE,48,RING,SIMPLE,48,0,RING,A_flag_ceiling,3,0
all_reduce_perf,3,24,2097152,524288,float,sum,834.28,2.51,4.82,0,835.29,2.51,4.81,0,RING,SIMPLE,48,RING,SIMPLE,48,0,RING,A_flag_ceiling,3,0.623701
all_reduce_perf,3,24,4194304,1048576,float,sum,896.11,4.68,8.97,0,892.21,4.7,9.01,0,RING,SIMPLE,48,RING,SIMPLE,48,0,RING,A_flag_ceiling,3,3.99556
all_reduce_perf,3,24,8388608,2097152,float,sum,896.99,9.35,17.92,0,897.64,9.35,17.91,0,RING,SIMPLE,48,RING,SIMPLE,48,0,RING,A_flag_ceiling,3,1.2842
all_reduce_perf,3,24,16777216,4194304,float,sum,931.16,18.02,34.53,0,930.32,18.03,34.56,0,RING,SIMPLE,48,RING,SIMPLE,48,0,RING,A_flag_ceiling,3,0.983796
all_reduce_perf,3,24,33554432,8388608,float,sum,963.72,34.82,66.73,0,961.54,34.9,66.89,0,RING,SIMPLE,48,RING,SIMPLE,48,0,RING,A_flag_ceiling,3,3.30393
all_reduce_perf,3,24,67108864,16777216,float,sum,1003.6,66.87,128.16,0,1001.77,66.99,128.4,0,RING,SIMPLE,48,RING,SIMPLE,48,0,RING,A_flag_ceiling,3,0.55296
all_reduce_perf,3,24,134217728,33554432,float,sum,1095.91,122.47,234.74,0,1100.29,121.98,233.8,0,RING,SIMPLE,48,RING,SIMPLE,48,0,RING,A_flag_ceiling,3,0.380667
all_reduce_perf,3,24,268435456,67108864,float,sum,1493.58,179.73,344.47,0,1493.4,179.75,344.52,0,RING,SIMPLE,48,RING,SIMPLE,48,0,RING,A_flag_ceiling,3,0.357018
all_reduce_perf,3,24,536870912,134217728,float,sum,2747.68,195.39,374.5,0,2750.2,195.21,374.16,0,RING,SIMPLE,48,RING,SIMPLE,48,0,RING,A_flag_ceiling,3,0.296665
all_reduce_perf,3,24,4096,1024,float,sum,135.48,0.03,0.06,0,132.12,0.03,0.06,0,RING,LL,48,RING,LL,48,0,RING,A_flag_ceiling,3,0
all_reduce_perf,3,24,8192,2048,float,sum,137.02,0.06,0.11,0,138.13,0.06,0.11,0,RING,LL,48,RING,LL,48,0,RING,A_flag_ceiling,3,0
all_reduce_perf,3,24,16384,4096,float,sum,141.15,0.12,0.22,0,140.32,0.12,0.22,0,RING,LL,48,RING,LL,48,0,RING,A_flag_ceiling,3,0
all_reduce_perf,3,24,32768,8192,float,sum,175.23,0.19,0.36,0,172.82,0.19,0.36,0,RING,LL,48,RING,LL,48,0,RING,A_flag_ceiling,3,0
all_reduce_perf,3,24,65536,16384,float,sum,267.51,0.24,0.47,0,265.64,0.25,0.47,0,RING,LL,48,RING,LL,48,0,RING,A_flag_ceiling,3,2.12766
all_reduce_perf,3,24,131072,32768,float,sum,268.09,0.49,0.94,0,267.89,0.49,0.94,0,RING,LL,48,RING,LL,48,0,RING,A_flag_ceiling,3,0
all_reduce_perf,3,24,262144,65536,float,sum,357.78,0.73,1.4,0,355.35,0.74,1.41,0,RING,LL,48,RING,LL,48,0,RING,A_flag_ceiling,3,3.5461
all_reduce_perf,3,24,524288,131072,float,sum,371.67,1.41,2.7,0,370.5,1.42,2.71,0,RING,LL,48,RING,LL,48,0,RING,A_flag_ceiling,3,1.10701
all_reduce_perf,3,24,1048576,262144,float,sum,424.04,2.47,4.74,0,415.47,2.52,4.84,0,RING,LL,48,RING,LL,48,0,RING,A_flag_ceiling,3,3.71901
all_reduce_perf,3,24,2097152,524288,float,sum,460.03,4.56,8.74,0,458.78,4.57,8.76,0,RING,LL,48,RING,LL,48,0,RING,A_flag_ceiling,3,5.47945
all_reduce_perf,3,24,4194304,1048576,float,sum,540.73,7.76,14.87,0,541.22,7.75,14.85,0,RING,LL,48,RING,LL,48,0,RING,A_flag_ceiling,3,0.40404
all_reduce_perf,3,24,8388608,2097152,float,sum,695.7,12.06,23.11,0,699.4,11.99,22.99,0,RING,LL,48,RING,LL,48,0,RING,A_flag_ceiling,3,2.65333
all_reduce_perf,3,24,16777216,4194304,float,sum,903.62,18.57,35.59,0,901.78,18.6,35.66,0,RING,LL,48,RING,LL,48,0,RING,A_flag_ceiling,3,2.32754
all_reduce_perf,3,24,33554432,8388608,float,sum,1724.18,19.46,37.3,0,1744.35,19.24,36.87,0,RING,LL,48,RING,LL,48,0,RING,A_flag_ceiling,3,2.84784
all_reduce_perf,3,24,67108864,16777216,float,sum,3376.97,19.87,38.09,0,3362.66,19.96,38.25,0,RING,LL,48,RING,LL,48,0,RING,A_flag_ceiling,3,2.87582
all_reduce_perf,3,24,134217728,33554432,float,sum,6588.27,20.37,39.05,0,6579.08,20.4,39.1,0,RING,LL,48,RING,LL,48,0,RING,A_flag_ceiling,3,2.89003
all_reduce_perf,3,24,268435456,67108864,float,sum,12824.7,20.93,40.12,0,12836.5,20.91,40.08,0,RING,LL,48,RING,LL,48,0,RING,A_flag_ceiling,3,3.96707
all_reduce_perf,3,24,536870912,134217728,float,sum,25345.2,21.18,40.6,0,25370.6,21.16,40.56,0,RING,LL,48,RING,LL,48,0,RING,A_flag_ceiling,3,1.65187
all_reduce_perf,3,24,4096,1024,float,sum,157.23,0.03,0.05,0,152.99,0.03,0.05,0,RING,LL128,48,RING,LL128,48,0,RING,A_flag_ceiling,3,0
all_reduce_perf,3,24,8192,2048,float,sum,153.85,0.05,0.1,0,152.69,0.05,0.1,0,RING,LL128,48,RING,LL128,48,0,RING,A_flag_ceiling,3,10
all_reduce_perf,3,24,16384,4096,float,sum,153.86,0.11,0.2,0,152.88,0.11,0.21,0,RING,LL128,48,RING,LL128,48,0,RING,A_flag_ceiling,3,4.7619
all_reduce_perf,3,24,32768,8192,float,sum,154.71,0.21,0.41,0,154.35,0.21,0.41,0,RING,LL128,48,RING,LL128,48,0,RING,A_flag_ceiling,3,26.8293
all_reduce_perf,3,24,65536,16384,float,sum,159.35,0.41,0.79,0,158.21,0.41,0.79,0,RING,LL128,48,RING,LL128,48,0,RING,A_flag_ceiling,3,0
all_reduce_perf,3,24,131072,32768,float,sum,180.16,0.73,1.39,0,180.54,0.73,1.39,0,RING,LL128,48,RING,LL128,48,0,RING,A_flag_ceiling,3,3.59712
all_reduce_perf,3,24,262144,65536,float,sum,269.81,0.97,1.86,0,271.26,0.97,1.85,0,RING,LL128,48,RING,LL128,48,0,RING,A_flag_ceiling,3,1.08108
all_reduce_perf,3,24,524288,131072,float,sum,274.37,1.91,3.66,0,271.56,1.93,3.7,0,RING,LL128,48,RING,LL128,48,0,RING,A_flag_ceiling,3,1.08108
all_reduce_perf,3,24,1048576,262144,float,sum,343.93,3.05,5.84,0,341.45,3.07,5.89,0,RING,LL128,48,RING,LL128,48,0,RING,A_flag_ceiling,3,2.03735
all_reduce_perf,3,24,2097152,524288,float,sum,337.84,6.21,11.9,0,339.61,6.18,11.84,0,RING,LL128,48,RING,LL128,48,0,RING,A_flag_ceiling,3,2.02703
all_reduce_perf,3,24,4194304,1048576,float,sum,368.79,11.37,21.8,0,370.09,11.33,21.72,0,RING,LL128,48,RING,LL128,48,0,RING,A_flag_ceiling,3,2.76243
all_reduce_perf,3,24,8388608,2097152,float,sum,366.92,22.86,43.82,0,366.46,22.89,43.87,0,RING,LL128,48,RING,LL128,48,0,RING,A_flag_ceiling,3,3.00889
all_reduce_perf,3,24,16777216,4194304,float,sum,374.77,44.77,85.8,0,375.76,44.65,85.58,0,RING,LL128,48,RING,LL128,48,0,RING,A_flag_ceiling,3,1.97476
all_reduce_perf,3,24,33554432,8388608,float,sum,404.83,82.89,158.86,0,400.75,83.73,160.48,0,RING,LL128,48,RING,LL128,48,0,RING,A_flag_ceiling,3,0.448654
all_reduce_perf,3,24,67108864,16777216,float,sum,479.1,140.07,268.47,0,479.43,139.98,268.29,0,RING,LL128,48,RING,LL128,48,0,RING,A_flag_ceiling,3,2.43021
all_reduce_perf,3,24,134217728,33554432,float,sum,1055.44,127.17,243.74,0,1054.76,127.25,243.89,0,RING,LL128,48,RING,LL128,48,0,RING,A_flag_ceiling,3,0.307516
all_reduce_perf,3,24,268435456,67108864,float,sum,1741.18,154.17,295.49,0,1739.42,154.33,295.79,0,RING,LL128,48,RING,LL128,48,0,RING,A_flag_ceiling,3,0.0709963
all_reduce_perf,3,24,536870912,134217728,float,sum,3254.87,164.94,316.14,0,3252.72,165.05,316.35,0,RING,LL128,48,RING,LL128,48,0,RING,A_flag_ceiling,3,0.708076
all_reduce_perf,3,24,4096,1024,float,sum,117.77,0.03,0.07,0,113.16,0.04,0.07,0,TREE,SIMPLE,1,TREE,SIMPLE,1,0,TREE,A_flag_ceiling,3,0
all_reduce_perf,3,24,8192,2048,float,sum,117.02,0.07,0.13,0,115.82,0.07,0.14,0,TREE,SIMPLE,1,TREE,SIMPLE,1,0,TREE,A_flag_ceiling,3,7.14286
all_reduce_perf,3,24,16384,4096,float,sum,124.11,0.13,0.25,0,122.46,0.13,0.26,0,TREE,SIMPLE,1,TREE,SIMPLE,1,0,TREE,A_flag_ceiling,3,0
all_reduce_perf,3,24,32768,8192,float,sum,146.71,0.22,0.43,0,145.3,0.23,0.43,0,TREE,SIMPLE,1,TREE,SIMPLE,1,0,TREE,A_flag_ceiling,3,2.32558
all_reduce_perf,3,24,65536,16384,float,sum,157.97,0.41,0.8,0,156.19,0.42,0.8,0,TREE,SIMPLE,1,TREE,SIMPLE,1,0,TREE,A_flag_ceiling,3,0
all_reduce_perf,3,24,131072,32768,float,sum,182.25,0.72,1.38,0,180.15,0.73,1.39,0,TREE,SIMPLE,1,TREE,SIMPLE,1,0,TREE,A_flag_ceiling,3,0.719424
all_reduce_perf,3,24,262144,65536,float,sum,229.9,1.14,2.19,0,221.65,1.18,2.27,0,TREE,SIMPLE,1,TREE,SIMPLE,1,0,TREE,A_flag_ceiling,3,0.440529
all_reduce_perf,3,24,524288,131072,float,sum,306.96,1.71,3.27,0,294.98,1.78,3.41,0,TREE,SIMPLE,1,TREE,SIMPLE,1,0,TREE,A_flag_ceiling,3,3.81232
all_reduce_perf,3,24,1048576,262144,float,sum,441.41,2.38,4.55,0,466.09,2.25,4.31,0,TREE,SIMPLE,1,TREE,SIMPLE,1,0,TREE,A_flag_ceiling,3,13.6891
all_reduce_perf,3,24,2097152,524288,float,sum,704.44,2.98,5.71,0,679.48,3.09,5.92,0,TREE,SIMPLE,1,TREE,SIMPLE,1,0,TREE,A_flag_ceiling,3,1.18243
all_reduce_perf,3,24,4194304,1048576,float,sum,1110.51,3.78,7.24,0,1082.12,3.88,7.43,0,TREE,SIMPLE,1,TREE,SIMPLE,1,0,TREE,A_flag_ceiling,3,0.269179
all_reduce_perf,3,24,8388608,2097152,float,sum,1968.22,4.26,8.17,0,1917.45,4.37,8.39,0,TREE,SIMPLE,1,TREE,SIMPLE,1,0,TREE,A_flag_ceiling,3,1.54946
all_reduce_perf,3,24,16777216,4194304,float,sum,3394.29,4.94,9.47,0,3364.43,4.99,9.56,0,TREE,SIMPLE,1,TREE,SIMPLE,1,0,TREE,A_flag_ceiling,3,1.04603
all_reduce_perf,3,24,33554432,8388608,float,sum,6329.77,5.3,10.16,0,6270.83,5.35,10.26,0,TREE,SIMPLE,1,TREE,SIMPLE,1,0,TREE,A_flag_ceiling,3,0.389864
all_reduce_perf,3,24,67108864,16777216,float,sum,12026.8,5.58,10.69,0,11976.2,5.6,10.74,0,TREE,SIMPLE,1,TREE,SIMPLE,1,0,TREE,A_flag_ceiling,3,0.465549
all_reduce_perf,3,24,134217728,33554432,float,sum,23438.2,5.73,10.98,0,23368,5.74,11.01,0,TREE,SIMPLE,1,TREE,SIMPLE,1,0,TREE,A_flag_ceiling,3,0.454133
all_reduce_perf,3,24,268435456,67108864,float,sum,46322.6,5.79,11.11,0,46080.6,5.83,11.17,0,TREE,SIMPLE,1,TREE,SIMPLE,1,0,TREE,A_flag_ceiling,3,0.537153
all_reduce_perf,3,24,536870912,134217728,float,sum,91923.9,5.84,11.19,0,91291.9,5.88,11.27,0,TREE,SIMPLE,1,TREE,SIMPLE,1,0,TREE,A_flag_ceiling,3,0.709849
all_reduce_perf,3,24,4096,1024,float,sum,80.96,0.05,0.1,0,80.51,0.05,0.1,0,TREE,LL,1,TREE,LL,1,0,TREE,A_flag_ceiling,3,0
all_reduce_perf,3,24,8192,2048,float,sum,98.97,0.08,0.16,0,98.77,0.08,0.16,0,TREE,LL,1,TREE,LL,1,0,TREE,A_flag_ceiling,3,0
all_reduce_perf,3,24,16384,4096,float,sum,132.92,0.12,0.24,0,132.61,0.12,0.24,0,TREE,LL,1,TREE,LL,1,0,TREE,A_flag_ceiling,3,4.16667
all_reduce_perf,3,24,32768,8192,float,sum,152.76,0.21,0.41,0,151.93,0.22,0.41,0,TREE,LL,1,TREE,LL,1,0,TREE,A_flag_ceiling,3,0
all_reduce_perf,3,24,65536,16384,float,sum,193.67,0.34,0.65,0,194.02,0.34,0.65,0,TREE,LL,1,TREE,LL,1,0,TREE,A_flag_ceiling,3,1.53846
all_reduce_perf,3,24,131072,32768,float,sum,275.98,0.47,0.91,0,276.75,0.47,0.91,0,TREE,LL,1,TREE,LL,1,0,TREE,A_flag_ceiling,3,1.0989
all_reduce_perf,3,24,262144,65536,float,sum,444.51,0.59,1.13,0,441.59,0.59,1.14,0,TREE,LL,1,TREE,LL,1,0,TREE,A_flag_ceiling,3,0.877193
all_reduce_perf,3,24,524288,131072,float,sum,771.01,0.68,1.3,0,772.49,0.68,1.3,0,TREE,LL,1,TREE,LL,1,0,TREE,A_flag_ceiling,3,0.769231
all_reduce_perf,3,24,1048576,262144,float,sum,1432.89,0.73,1.4,0,1430.05,0.73,1.41,0,TREE,LL,1,TREE,LL,1,0,TREE,A_flag_ceiling,3,0.70922
all_reduce_perf,3,24,2097152,524288,float,sum,2756.56,0.76,1.46,0,2758.37,0.76,1.46,0,TREE,LL,1,TREE,LL,1,0,TREE,A_flag_ceiling,3,0
all_reduce_perf,3,24,4194304,1048576,float,sum,5398.28,0.78,1.49,0,5385.76,0.78,1.49,0,TREE,LL,1,TREE,LL,1,0,TREE,A_flag_ceiling,3,0.671141
all_reduce_perf,3,24,8388608,2097152,float,sum,10714,0.78,1.5,0,10683.2,0.79,1.5,0,TREE,LL,1,TREE,LL,1,0,TREE,A_flag_ceiling,3,0.666667
all_reduce_perf,3,24,16777216,4194304,float,sum,21333,0.79,1.51,0,21320.6,0.79,1.51,0,TREE,LL,1,TREE,LL,1,0,TREE,A_flag_ceiling,3,0
all_reduce_perf,3,24,33554432,8388608,float,sum,42653.5,0.79,1.51,0,42533.9,0.79,1.51,0,TREE,LL,1,TREE,LL,1,0,TREE,A_flag_ceiling,3,0
all_reduce_perf,3,24,67108864,16777216,float,sum,85197.2,0.79,1.51,0,85054,0.79,1.51,0,TREE,LL,1,TREE,LL,1,0,TREE,A_flag_ceiling,3,0.662252
all_reduce_perf,3,24,134217728,33554432,float,sum,170226,0.79,1.51,0,170134,0.79,1.51,0,TREE,LL,1,TREE,LL,1,0,TREE,A_flag_ceiling,3,0
all_reduce_perf,3,24,268435456,67108864,float,sum,340825,0.79,1.51,0,339683,0.79,1.51,0,TREE,LL,1,TREE,LL,1,0,TREE,A_flag_ceiling,3,0.662252
all_reduce_perf,3,24,536870912,134217728,float,sum,680327,0.79,1.51,0,680378,0.79,1.51,0,TREE,LL,1,TREE,LL,1,0,TREE,A_flag_ceiling,3,0.662252
all_reduce_perf,3,24,4096,1024,float,sum,83.51,0.05,0.09,0,80.73,0.05,0.1,0,TREE,LL128,1,TREE,LL128,1,0,TREE,A_flag_ceiling,3,10
all_reduce_perf,3,24,8192,2048,float,sum,83.4,0.1,0.19,0,82.7,0.1,0.19,0,TREE,LL128,1,TREE,LL128,1,0,TREE,A_flag_ceiling,3,0
all_reduce_perf,3,24,16384,4096,float,sum,88.65,0.18,0.35,0,88.53,0.19,0.35,0,TREE,LL128,1,TREE,LL128,1,0,TREE,A_flag_ceiling,3,8.57143
all_reduce_perf,3,24,32768,8192,float,sum,96.86,0.34,0.65,0,96.75,0.34,0.65,0,TREE,LL128,1,TREE,LL128,1,0,TREE,A_flag_ceiling,3,0
all_reduce_perf,3,24,65536,16384,float,sum,102.93,0.64,1.22,0,102.79,0.64,1.22,0,TREE,LL128,1,TREE,LL128,1,0,TREE,A_flag_ceiling,3,0.819672
all_reduce_perf,3,24,131072,32768,float,sum,118.5,1.11,2.12,0,119.4,1.1,2.1,0,TREE,LL128,1,TREE,LL128,1,0,TREE,A_flag_ceiling,3,18.5714
all_reduce_perf,3,24,262144,65536,float,sum,153.56,1.71,3.27,0,154.83,1.69,3.25,0,TREE,LL128,1,TREE,LL128,1,0,TREE,A_flag_ceiling,3,0.923077
all_reduce_perf,3,24,524288,131072,float,sum,217.93,2.41,4.61,0,215.94,2.43,4.65,0,TREE,LL128,1,TREE,LL128,1,0,TREE,A_flag_ceiling,3,0.645161
all_reduce_perf,3,24,1048576,262144,float,sum,353.27,2.97,5.69,0,348.99,3,5.76,0,TREE,LL128,1,TREE,LL128,1,0,TREE,A_flag_ceiling,3,0.520833
all_reduce_perf,3,24,2097152,524288,float,sum,596.47,3.52,6.74,0,578.93,3.62,6.94,0,TREE,LL128,1,TREE,LL128,1,0,TREE,A_flag_ceiling,3,0.720461
all_reduce_perf,3,24,4194304,1048576,float,sum,1067.12,3.93,7.53,0,1050.43,3.99,7.65,0,TREE,LL128,1,TREE,LL128,1,0,TREE,A_flag_ceiling,3,0.392157
all_reduce_perf,3,24,8388608,2097152,float,sum,2022.48,4.15,7.95,0,1996.05,4.2,8.05,0,TREE,LL128,1,TREE,LL128,1,0,TREE,A_flag_ceiling,3,0.745342
all_reduce_perf,3,24,16777216,4194304,float,sum,3931.33,4.27,8.18,0,3931.34,4.27,8.18,0,TREE,LL128,1,TREE,LL128,1,0,TREE,A_flag_ceiling,3,0.733496
all_reduce_perf,3,24,33554432,8388608,float,sum,7642.46,4.39,8.42,0,7650.07,4.39,8.41,0,TREE,LL128,1,TREE,LL128,1,0,TREE,A_flag_ceiling,3,0.59453
all_reduce_perf,3,24,67108864,16777216,float,sum,14868.7,4.51,8.65,0,14943.3,4.49,8.61,0,TREE,LL128,1,TREE,LL128,1,0,TREE,A_flag_ceiling,3,0.696864
all_reduce_perf,3,24,134217728,33554432,float,sum,29359.5,4.57,8.76,0,29474.5,4.55,8.73,0,TREE,LL128,1,TREE,LL128,1,0,TREE,A_flag_ceiling,3,0.687285
all_reduce_perf,3,24,268435456,67108864,float,sum,58269.6,4.61,8.83,0,58494.1,4.59,8.8,0,TREE,LL128,1,TREE,LL128,1,0,TREE,A_flag_ceiling,3,0.681818
all_reduce_perf,3,24,536870912,134217728,float,sum,116086,4.62,8.86,0,116861,4.59,8.81,0,TREE,LL128,1,TREE,LL128,1,0,TREE,A_flag_ceiling,3,0.681044
all_reduce_perf,3,24,4096,1024,float,sum,115.32,0.04,0.07,0,113.1,0.04,0.07,0,TREE,SIMPLE,2,TREE,SIMPLE,2,0,TREE,A_flag_ceiling,3,0
all_reduce_perf,3,24,8192,2048,float,sum,117.38,0.07,0.13,0,115.84,0.07,0.14,0,TREE,SIMPLE,2,TREE,SIMPLE,2,0,TREE,A_flag_ceiling,3,0
all_reduce_perf,3,24,16384,4096,float,sum,117.86,0.14,0.27,0,115.62,0.14,0.27,0,TREE,SIMPLE,2,TREE,SIMPLE,2,0,TREE,A_flag_ceiling,3,25.9259
all_reduce_perf,3,24,32768,8192,float,sum,124.5,0.26,0.5,0,122.52,0.27,0.51,0,TREE,SIMPLE,2,TREE,SIMPLE,2,0,TREE,A_flag_ceiling,3,0
all_reduce_perf,3,24,65536,16384,float,sum,146.72,0.45,0.86,0,144.99,0.45,0.87,0,TREE,SIMPLE,2,TREE,SIMPLE,2,0,TREE,A_flag_ceiling,3,0
all_reduce_perf,3,24,131072,32768,float,sum,159.3,0.82,1.58,0,157.65,0.83,1.59,0,TREE,SIMPLE,2,TREE,SIMPLE,2,0,TREE,A_flag_ceiling,3,1.25786
all_reduce_perf,3,24,262144,65536,float,sum,184.72,1.42,2.72,0,179.79,1.46,2.79,0,TREE,SIMPLE,2,TREE,SIMPLE,2,0,TREE,A_flag_ceiling,3,0.358423
all_reduce_perf,3,24,524288,131072,float,sum,230.6,2.27,4.36,0,221.69,2.36,4.53,0,TREE,SIMPLE,2,TREE,SIMPLE,2,0,TREE,A_flag_ceiling,3,0.441501
all_reduce_perf,3,24,1048576,262144,float,sum,308.86,3.39,6.51,0,298.45,3.51,6.73,0,TREE,SIMPLE,2,TREE,SIMPLE,2,0,TREE,A_flag_ceiling,3,0.148588
all_reduce_perf,3,24,2097152,524288,float,sum,447.18,4.69,8.99,0,432.23,4.85,9.3,0,TREE,SIMPLE,2,TREE,SIMPLE,2,0,TREE,A_flag_ceiling,3,0.215054
all_reduce_perf,3,24,4194304,1048576,float,sum,716.74,5.85,11.22,0,693.63,6.05,11.59,0,TREE,SIMPLE,2,TREE,SIMPLE,2,0,TREE,A_flag_ceiling,3,0.517688
all_reduce_perf,3,24,8388608,2097152,float,sum,1148.79,7.3,14,0,1113.69,7.53,14.44,0,TREE,SIMPLE,2,TREE,SIMPLE,2,0,TREE,A_flag_ceiling,3,0.484765
all_reduce_perf,3,24,16777216,4194304,float,sum,2037.95,8.23,15.78,0,2006.63,8.36,16.03,0,TREE,SIMPLE,2,TREE,SIMPLE,2,0,TREE,A_flag_ceiling,3,0.311915
all_reduce_perf,3,24,33554432,8388608,float,sum,3609.62,9.3,17.82,0,3570.09,9.4,18.01,0,TREE,SIMPLE,2,TREE,SIMPLE,2,0,TREE,A_flag_ceiling,3,0.277624
all_reduce_perf,3,24,67108864,16777216,float,sum,6605.65,10.16,19.47,0,6562.93,10.23,19.6,0,TREE,SIMPLE,2,TREE,SIMPLE,2,0,TREE,A_flag_ceiling,3,3.57143
all_reduce_perf,3,24,134217728,33554432,float,sum,12575.3,10.67,20.46,0,12537.5,10.71,20.52,0,TREE,SIMPLE,2,TREE,SIMPLE,2,0,TREE,A_flag_ceiling,3,0.194932
all_reduce_perf,3,24,268435456,67108864,float,sum,24551.9,10.93,20.96,0,24443.8,10.98,21.05,0,TREE,SIMPLE,2,TREE,SIMPLE,2,0,TREE,A_flag_ceiling,3,0.0475059
all_reduce_perf,3,24,536870912,134217728,float,sum,48503.4,11.07,21.22,0,48141.6,11.15,21.37,0,TREE,SIMPLE,2,TREE,SIMPLE,2,0,TREE,A_flag_ceiling,3,0.0467946
all_reduce_perf,3,24,4096,1024,float,sum,72.63,0.06,0.11,0,72.18,0.06,0.11,0,TREE,LL,2,TREE,LL,2,0,TREE,A_flag_ceiling,3,0
all_reduce_perf,3,24,8192,2048,float,sum,81.17,0.1,0.19,0,81.2,0.1,0.19,0,TREE,LL,2,TREE,LL,2,0,TREE,A_flag_ceiling,3,31.5789
all_reduce_perf,3,24,16384,4096,float,sum,99.59,0.16,0.32,0,98.76,0.17,0.32,0,TREE,LL,2,TREE,LL,2,0,TREE,A_flag_ceiling,3,0
all_reduce_perf,3,24,32768,8192,float,sum,133.32,0.25,0.47,0,132.47,0.25,0.47,0,TREE,LL,2,TREE,LL,2,0,TREE,A_flag_ceiling,3,2.12766
all_reduce_perf,3,24,65536,16384,float,sum,152.89,0.43,0.82,0,151.98,0.43,0.83,0,TREE,LL,2,TREE,LL,2,0,TREE,A_flag_ceiling,3,1.20482
all_reduce_perf,3,24,131072,32768,float,sum,195.99,0.67,1.28,0,195.7,0.67,1.28,0,TREE,LL,2,TREE,LL,2,0,TREE,A_flag_ceiling,3,0
all_reduce_perf,3,24,262144,65536,float,sum,282.66,0.93,1.78,0,283.58,0.92,1.77,0,TREE,LL,2,TREE,LL,2,0,TREE,A_flag_ceiling,3,0.564972
all_reduce_perf,3,24,524288,131072,float,sum,456.27,1.15,2.2,0,458.06,1.14,2.19,0,TREE,LL,2,TREE,LL,2,0,TREE,A_flag_ceiling,3,14.1553
all_reduce_perf,3,24,1048576,262144,float,sum,802.95,1.31,2.5,0,805.07,1.3,2.5,0,TREE,LL,2,TREE,LL,2,0,TREE,A_flag_ceiling,3,0
all_reduce_perf,3,24,2097152,524288,float,sum,1498,1.4,2.68,0,1502.3,1.4,2.68,0,TREE,LL,2,TREE,LL,2,0,TREE,A_flag_ceiling,3,2.98507
all_reduce_perf,3,24,4194304,1048576,float,sum,2892.42,1.45,2.78,0,2897.82,1.45,2.77,0,TREE,LL,2,TREE,LL,2,0,TREE,A_flag_ceiling,3,0.361011
all_reduce_perf,3,24,8388608,2097152,float,sum,5666.97,1.48,2.84,0,5677.23,1.48,2.83,0,TREE,LL,2,TREE,LL,2,0,TREE,A_flag_ceiling,3,0
all_reduce_perf,3,24,16777216,4194304,float,sum,11265.8,1.49,2.85,0,11266.1,1.49,2.85,0,TREE,LL,2,TREE,LL,2,0,TREE,A_flag_ceiling,3,0.350877
all_reduce_perf,3,24,33554432,8388608,float,sum,22441.5,1.5,2.87,0,22456,1.49,2.86,0,TREE,LL,2,TREE,LL,2,0,TREE,A_flag_ceiling,3,0.34965
all_reduce_perf,3,24,67108864,16777216,float,sum,44676,1.5,2.88,0,44787.4,1.5,2.87,0,TREE,LL,2,TREE,LL,2,0,TREE,A_flag_ceiling,3,0
all_reduce_perf,3,24,134217728,33554432,float,sum,89213.2,1.5,2.88,0,89438.8,1.5,2.88,0,TREE,LL,2,TREE,LL,2,0,TREE,A_flag_ceiling,3,0
all_reduce_perf,3,24,268435456,67108864,float,sum,178119,1.51,2.89,0,178613,1.5,2.88,0,TREE,LL,2,TREE,LL,2,0,TREE,A_flag_ceiling,3,0.347222
all_reduce_perf,3,24,536870912,134217728,float,sum,356220,1.51,2.89,0,357286,1.5,2.88,0,TREE,LL,2,TREE,LL,2,0,TREE,A_flag_ceiling,3,0.347222
all_reduce_perf,3,24,4096,1024,float,sum,83.49,0.05,0.09,0,80.29,0.05,0.1,0,TREE,LL128,2,TREE,LL128,2,0,TREE,A_flag_ceiling,3,0
all_reduce_perf,3,24,8192,2048,float,sum,83.57,0.1,0.19,0,83.07,0.1,0.19,0,TREE,LL128,2,TREE,LL128,2,0,TREE,A_flag_ceiling,3,0
all_reduce_perf,3,24,16384,4096,float,sum,84.03,0.19,0.37,0,83.12,0.2,0.38,0,TREE,LL128,2,TREE,LL128,2,0,TREE,A_flag_ceiling,3,2.63158
all_reduce_perf,3,24,32768,8192,float,sum,88.48,0.37,0.71,0,88.47,0.37,0.71,0,TREE,LL128,2,TREE,LL128,2,0,TREE,A_flag_ceiling,3,0
all_reduce_perf,3,24,65536,16384,float,sum,97.11,0.67,1.29,0,97.64,0.67,1.29,0,TREE,LL128,2,TREE,LL128,2,0,TREE,A_flag_ceiling,3,1.55039
all_reduce_perf,3,24,131072,32768,float,sum,104.09,1.26,2.41,0,104.4,1.26,2.41,0,TREE,LL128,2,TREE,LL128,2,0,TREE,A_flag_ceiling,3,1.24481
all_reduce_perf,3,24,262144,65536,float,sum,120.09,2.18,4.18,0,119.48,2.19,4.21,0,TREE,LL128,2,TREE,LL128,2,0,TREE,A_flag_ceiling,3,1.42518
all_reduce_perf,3,24,524288,131072,float,sum,156.56,3.35,6.42,0,157.67,3.33,6.37,0,TREE,LL128,2,TREE,LL128,2,0,TREE,A_flag_ceiling,3,16.9545
all_reduce_perf,3,24,1048576,262144,float,sum,221.82,4.73,9.06,0,218.08,4.81,9.22,0,TREE,LL128,2,TREE,LL128,2,0,TREE,A_flag_ceiling,3,1.30152
all_reduce_perf,3,24,2097152,524288,float,sum,358.61,5.85,11.21,0,353.74,5.93,11.36,0,TREE,LL128,2,TREE,LL128,2,0,TREE,A_flag_ceiling,3,0.792254
all_reduce_perf,3,24,4194304,1048576,float,sum,608.34,6.89,13.21,0,596.79,7.03,13.47,0,TREE,LL128,2,TREE,LL128,2,0,TREE,A_flag_ceiling,3,0.668151
all_reduce_perf,3,24,8388608,2097152,float,sum,1110.57,7.55,14.48,0,1095.44,7.66,14.68,0,TREE,LL128,2,TREE,LL128,2,0,TREE,A_flag_ceiling,3,0.476839
all_reduce_perf,3,24,16777216,4194304,float,sum,2119.01,7.92,15.18,0,2114.96,7.93,15.2,0,TREE,LL128,2,TREE,LL128,2,0,TREE,A_flag_ceiling,3,0.789474
all_reduce_perf,3,24,33554432,8388608,float,sum,4131.31,8.12,15.57,0,4136.6,8.11,15.55,0,TREE,LL128,2,TREE,LL128,2,0,TREE,A_flag_ceiling,3,0.771704
all_reduce_perf,3,24,67108864,16777216,float,sum,8094.79,8.29,15.89,0,8135.99,8.25,15.81,0,TREE,LL128,2,TREE,LL128,2,0,TREE,A_flag_ceiling,3,0.948767
all_reduce_perf,3,24,134217728,33554432,float,sum,15950.7,8.41,16.13,0,16048.3,8.36,16.03,0,TREE,LL128,2,TREE,LL128,2,0,TREE,A_flag_ceiling,3,1.37243
all_reduce_perf,3,24,268435456,67108864,float,sum,31741.5,8.46,16.21,0,31897.4,8.42,16.13,0,TREE,LL128,2,TREE,LL128,2,0,TREE,A_flag_ceiling,3,1.17793
all_reduce_perf,3,24,536870912,134217728,float,sum,63167.4,8.5,16.29,0,63647,8.44,16.17,0,TREE,LL128,2,TREE,LL128,2,0,TREE,A_flag_ceiling,3,1.42239
all_reduce_perf,3,24,4096,1024,float,sum,116.1,0.04,0.07,0,113.9,0.04,0.07,0,TREE,SIMPLE,4,TREE,SIMPLE,4,0,TREE,A_flag_ceiling,3,0
all_reduce_perf,3,24,8192,2048,float,sum,117.57,0.07,0.13,0,116.48,0.07,0.13,0,TREE,SIMPLE,4,TREE,SIMPLE,4,0,TREE,A_flag_ceiling,3,7.69231
all_reduce_perf,3,24,16384,4096,float,sum,118.75,0.14,0.26,0,116.61,0.14,0.27,0,TREE,SIMPLE,4,TREE,SIMPLE,4,0,TREE,A_flag_ceiling,3,0
all_reduce_perf,3,24,32768,8192,float,sum,117.92,0.28,0.53,0,116.29,0.28,0.54,0,TREE,SIMPLE,4,TREE,SIMPLE,4,0,TREE,A_flag_ceiling,3,5.55556
all_reduce_perf,3,24,65536,16384,float,sum,125.53,0.52,1,0,123.08,0.53,1.02,0,TREE,SIMPLE,4,TREE,SIMPLE,4,0,TREE,A_flag_ceiling,3,0
all_reduce_perf,3,24,131072,32768,float,sum,148.15,0.88,1.7,0,146.57,0.89,1.71,0,TREE,SIMPLE,4,TREE,SIMPLE,4,0,TREE,A_flag_ceiling,3,0.584795
all_reduce_perf,3,24,262144,65536,float,sum,160.72,1.63,3.13,0,157.83,1.66,3.18,0,TREE,SIMPLE,4,TREE,SIMPLE,4,0,TREE,A_flag_ceiling,3,0.628931
all_reduce_perf,3,24,524288,131072,float,sum,184.43,2.84,5.45,0,180.29,2.91,5.57,0,TREE,SIMPLE,4,TREE,SIMPLE,4,0,TREE,A_flag_ceiling,3,0.359066
all_reduce_perf,3,24,1048576,262144,float,sum,231.62,4.53,8.68,0,222.91,4.7,9.02,0,TREE,SIMPLE,4,TREE,SIMPLE,4,0,TREE,A_flag_ceiling,3,0.776053
all_reduce_perf,3,24,2097152,524288,float,sum,314.9,6.66,12.76,0,305.52,6.86,13.16,0,TREE,SIMPLE,4,TREE,SIMPLE,4,0,TREE,A_flag_ceiling,3,0.455927
all_reduce_perf,3,24,4194304,1048576,float,sum,454.23,9.23,17.7,0,441.91,9.49,18.19,0,TREE,SIMPLE,4,TREE,SIMPLE,4,0,TREE,A_flag_ceiling,3,0.714678
all_reduce_perf,3,24,8388608,2097152,float,sum,727.27,11.53,22.11,0,709.4,11.82,22.66,0,TREE,SIMPLE,4,TREE,SIMPLE,4,0,TREE,A_flag_ceiling,3,0.70609
all_reduce_perf,3,24,16777216,4194304,float,sum,1174.08,14.29,27.39,0,1161.5,14.44,27.69,0,TREE,SIMPLE,4,TREE,SIMPLE,4,0,TREE,A_flag_ceiling,3,0.325027
all_reduce_perf,3,24,33554432,8388608,float,sum,2084.05,16.1,30.86,0,2080.61,16.13,30.91,0,TREE,SIMPLE,4,TREE,SIMPLE,4,0,TREE,A_flag_ceiling,3,0.452928
all_reduce_perf,3,24,67108864,16777216,float,sum,3713.21,18.07,34.64,0,3729.86,17.99,34.49,0,TREE,SIMPLE,4,TREE,SIMPLE,4,0,TREE,A_flag_ceiling,3,0.463903
all_reduce_perf,3,24,134217728,33554432,float,sum,7006.03,19.16,36.72,0,7049.17,19.04,36.49,0,TREE,SIMPLE,4,TREE,SIMPLE,4,0,TREE,A_flag_ceiling,3,0.849548
all_reduce_perf,3,24,268435456,67108864,float,sum,13338.1,20.13,38.57,0,13429,19.99,38.31,0,TREE,SIMPLE,4,TREE,SIMPLE,4,0,TREE,A_flag_ceiling,3,0.652571
all_reduce_perf,3,24,536870912,134217728,float,sum,26018.7,20.63,39.55,0,26136.9,20.54,39.37,0,TREE,SIMPLE,4,TREE,SIMPLE,4,0,TREE,A_flag_ceiling,3,0.685801
all_reduce_perf,3,24,4096,1024,float,sum,74.55,0.05,0.11,0,72.01,0.06,0.11,0,TREE,LL,4,TREE,LL,4,0,TREE,A_flag_ceiling,3,0
all_reduce_perf,3,24,8192,2048,float,sum,73.27,0.11,0.21,0,72.74,0.11,0.22,0,TREE,LL,4,TREE,LL,4,0,TREE,A_flag_ceiling,3,4.54545
all_reduce_perf,3,24,16384,4096,float,sum,81.92,0.2,0.38,0,80.98,0.2,0.39,0,TREE,LL,4,TREE,LL,4,0,TREE,A_flag_ceiling,3,0
all_reduce_perf,3,24,32768,8192,float,sum,100.5,0.33,0.62,0,99.86,0.33,0.63,0,TREE,LL,4,TREE,LL,4,0,TREE,A_flag_ceiling,3,0
all_reduce_perf,3,24,65536,16384,float,sum,135.41,0.48,0.93,0,134.85,0.49,0.93,0,TREE,LL,4,TREE,LL,4,0,TREE,A_flag_ceiling,3,0
all_reduce_perf,3,24,131072,32768,float,sum,154.92,0.85,1.62,0,154.99,0.85,1.62,0,TREE,LL,4,TREE,LL,4,0,TREE,A_flag_ceiling,3,1.23457
all_reduce_perf,3,24,262144,65536,float,sum,196.25,1.34,2.56,0,196.66,1.33,2.55,0,TREE,LL,4,TREE,LL,4,0,TREE,A_flag_ceiling,3,4.31373
all_reduce_perf,3,24,524288,131072,float,sum,282.81,1.85,3.55,0,283.66,1.85,3.54,0,TREE,LL,4,TREE,LL,4,0,TREE,A_flag_ceiling,3,0.564972
all_reduce_perf,3,24,1048576,262144,float,sum,457.24,2.29,4.4,0,457.5,2.29,4.39,0,TREE,LL,4,TREE,LL,4,0,TREE,A_flag_ceiling,3,13.2118
all_reduce_perf,3,24,2097152,524288,float,sum,802.33,2.61,5.01,0,806.85,2.6,4.98,0,TREE,LL,4,TREE,LL,4,0,TREE,A_flag_ceiling,3,0.200803
all_reduce_perf,3,24,4194304,1048576,float,sum,1501.5,2.79,5.35,0,1500.35,2.8,5.36,0,TREE,LL,4,TREE,LL,4,0,TREE,A_flag_ceiling,3,0
all_reduce_perf,3,24,8388608,2097152,float,sum,2891.08,2.9,5.56,0,2894.27,2.9,5.56,0,TREE,LL,4,TREE,LL,4,0,TREE,A_flag_ceiling,3,0.179856
all_reduce_perf,3,24,16777216,4194304,float,sum,5669.48,2.96,5.67,0,5677.76,2.95,5.66,0,TREE,LL,4,TREE,LL,4,0,TREE,A_flag_ceiling,3,0.176678
all_reduce_perf,3,24,33554432,8388608,float,sum,11256.6,2.98,5.71,0,11258.3,2.98,5.71,0,TREE,LL,4,TREE,LL,4,0,TREE,A_flag_ceiling,3,0.175131
all_reduce_perf,3,24,67108864,16777216,float,sum,22468.3,2.99,5.72,0,22481,2.99,5.72,0,TREE,LL,4,TREE,LL,4,0,TREE,A_flag_ceiling,3,0.174825
all_reduce_perf,3,24,134217728,33554432,float,sum,44766.8,3,5.75,0,44799.6,3,5.74,0,TREE,LL,4,TREE,LL,4,0,TREE,A_flag_ceiling,3,0.174216
all_reduce_perf,3,24,268435456,67108864,float,sum,89228.2,3.01,5.77,0,89345,3,5.76,0,TREE,LL,4,TREE,LL,4,0,TREE,A_flag_ceiling,3,0.173611
all_reduce_perf,3,24,536870912,134217728,float,sum,178244,3.01,5.77,0,178584,3.01,5.76,0,TREE,LL,4,TREE,LL,4,0,TREE,A_flag_ceiling,3,0.347222
all_reduce_perf,3,24,4096,1024,float,sum,80.71,0.05,0.1,0,80.65,0.05,0.1,0,TREE,LL128,4,TREE,LL128,4,0,TREE,A_flag_ceiling,3,10
all_reduce_perf,3,24,8192,2048,float,sum,83.3,0.1,0.19,0,83.4,0.1,0.19,0,TREE,LL128,4,TREE,LL128,4,0,TREE,A_flag_ceiling,3,36.8421
all_reduce_perf,3,24,16384,4096,float,sum,83.86,0.2,0.37,0,83.76,0.2,0.37,0,TREE,LL128,4,TREE,LL128,4,0,TREE,A_flag_ceiling,3,29.7297
all_reduce_perf,3,24,32768,8192,float,sum,85.32,0.38,0.74,0,84.22,0.39,0.75,0,TREE,LL128,4,TREE,LL128,4,0,TREE,A_flag_ceiling,3,1.33333
all_reduce_perf,3,24,65536,16384,float,sum,90.08,0.73,1.39,0,90.26,0.73,1.39,0,TREE,LL128,4,TREE,LL128,4,0,TREE,A_flag_ceiling,3,0.719424
all_reduce_perf,3,24,131072,32768,float,sum,98.51,1.33,2.55,0,98.36,1.33,2.55,0,TREE,LL128,4,TREE,LL128,4,0,TREE,A_flag_ceiling,3,0.784314
all_reduce_perf,3,24,262144,65536,float,sum,106.27,2.47,4.73,0,106.09,2.47,4.74,0,TREE,LL128,4,TREE,LL128,4,0,TREE,A_flag_ceiling,3,0.21097
all_reduce_perf,3,24,524288,131072,float,sum,121.28,4.32,8.29,0,120.27,4.36,8.35,0,TREE,LL128,4,TREE,LL128,4,0,TREE,A_flag_ceiling,3,0.958084
all_reduce_perf,3,24,1048576,262144,float,sum,159.43,6.58,12.61,0,158.51,6.62,12.68,0,TREE,LL128,4,TREE,LL128,4,0,TREE,A_flag_ceiling,3,0.946372
all_reduce_perf,3,24,2097152,524288,float,sum,229.1,9.15,17.54,0,226.12,9.27,17.78,0,TREE,LL128,4,TREE,LL128,4,0,TREE,A_flag_ceiling,3,0.393701
all_reduce_perf,3,24,4194304,1048576,float,sum,386.01,10.87,20.83,0,374.43,11.2,21.47,0,TREE,LL128,4,TREE,LL128,4,0,TREE,A_flag_ceiling,3,6.89334
all_reduce_perf,3,24,8388608,2097152,float,sum,644.39,13.02,24.95,0,631.76,13.28,25.45,0,TREE,LL128,4,TREE,LL128,4,0,TREE,A_flag_ceiling,3,0.550098
all_reduce_perf,3,24,16777216,4194304,float,sum,1175.5,14.27,27.36,0,1169.56,14.34,27.49,0,TREE,LL128,4,TREE,LL128,4,0,TREE,A_flag_ceiling,3,0.218261
all_reduce_perf,3,24,33554432,8388608,float,sum,2238.07,14.99,28.74,0,2235.36,15.01,28.77,0,TREE,LL128,4,TREE,LL128,4,0,TREE,A_flag_ceiling,3,0.45186
all_reduce_perf,3,24,67108864,16777216,float,sum,4366.59,15.37,29.46,0,4371.85,15.35,29.42,0,TREE,LL128,4,TREE,LL128,4,0,TREE,A_flag_ceiling,3,0.475867
all_reduce_perf,3,24,134217728,33554432,float,sum,8565.61,15.67,30.03,0,8594.2,15.62,29.93,0,TREE,LL128,4,TREE,LL128,4,0,TREE,A_flag_ceiling,3,0.367524
all_reduce_perf,3,24,268435456,67108864,float,sum,16938.7,15.85,30.37,0,16998.6,15.79,30.27,0,TREE,LL128,4,TREE,LL128,4,0,TREE,A_flag_ceiling,3,0.49554
all_reduce_perf,3,24,536870912,134217728,float,sum,33702.6,15.93,30.53,0,33861.1,15.86,30.39,0,TREE,LL128,4,TREE,LL128,4,0,TREE,A_flag_ceiling,3,0.691017
all_reduce_perf,3,24,4096,1024,float,sum,118.72,0.03,0.07,0,113.13,0.04,0.07,0,TREE,SIMPLE,8,TREE,SIMPLE,8,0,TREE,A_flag_ceiling,3,0
all_reduce_perf,3,24,8192,2048,float,sum,118.1,0.07,0.13,0,116.02,0.07,0.14,0,TREE,SIMPLE,8,TREE,SIMPLE,8,0,TREE,A_flag_ceiling,3,0
all_reduce_perf,3,24,16384,4096,float,sum,118.64,0.14,0.26,0,116.29,0.14,0.27,0,TREE,SIMPLE,8,TREE,SIMPLE,8,0,TREE,A_flag_ceiling,3,0
all_reduce_perf,3,24,32768,8192,float,sum,118.48,0.28,0.53,0,116.57,0.28,0.54,0,TREE,SIMPLE,8,TREE,SIMPLE,8,0,TREE,A_flag_ceiling,3,0
all_reduce_perf,3,24,65536,16384,float,sum,119.11,0.55,1.05,0,116.52,0.56,1.08,0,TREE,SIMPLE,8,TREE,SIMPLE,8,0,TREE,A_flag_ceiling,3,0
all_reduce_perf,3,24,131072,32768,float,sum,125.73,1.04,2,0,123.97,1.06,2.03,0,TREE,SIMPLE,8,TREE,SIMPLE,8,0,TREE,A_flag_ceiling,3,0.492611
all_reduce_perf,3,24,262144,65536,float,sum,148.04,1.77,3.39,0,146.49,1.79,3.43,0,TREE,SIMPLE,8,TREE,SIMPLE,8,0,TREE,A_flag_ceiling,3,0.874636
all_reduce_perf,3,24,524288,131072,float,sum,161.14,3.25,6.24,0,158.16,3.31,6.35,0,TREE,SIMPLE,8,TREE,SIMPLE,8,0,TREE,A_flag_ceiling,3,1.5748
all_reduce_perf,3,24,1048576,262144,float,sum,186.26,5.63,10.79,0,181.9,5.76,11.05,0,TREE,SIMPLE,8,TREE,SIMPLE,8,0,TREE,A_flag_ceiling,3,0.0904977
all_reduce_perf,3,24,2097152,524288,float,sum,233.68,8.97,17.2,0,226.32,9.27,17.76,0,TREE,SIMPLE,8,TREE,SIMPLE,8,0,TREE,A_flag_ceiling,3,0.506757
all_reduce_perf,3,24,4194304,1048576,float,sum,317.12,13.23,25.35,0,308.49,13.6,26.06,0,TREE,SIMPLE,8,TREE,SIMPLE,8,0,TREE,A_flag_ceiling,3,0.153492
all_reduce_perf,3,24,8388608,2097152,float,sum,457.06,18.35,35.18,0,443.74,18.9,36.23,0,TREE,SIMPLE,8,TREE,SIMPLE,8,0,TREE,A_flag_ceiling,3,0.19321
all_reduce_perf,3,24,16777216,4194304,float,sum,734.16,22.85,43.8,0,718.46,23.35,44.76,0,TREE,SIMPLE,8,TREE,SIMPLE,8,0,TREE,A_flag_ceiling,3,0.49151
all_reduce_perf,3,24,33554432,8388608,float,sum,1181.13,28.41,54.45,0,1163.76,28.83,55.26,0,TREE,SIMPLE,8,TREE,SIMPLE,8,0,TREE,A_flag_ceiling,3,0.253348
all_reduce_perf,3,24,67108864,16777216,float,sum,2093.63,32.05,61.44,0,2075.08,32.34,61.99,0,TREE,SIMPLE,8,TREE,SIMPLE,8,0,TREE,A_flag_ceiling,3,0.129053
all_reduce_perf,3,24,134217728,33554432,float,sum,3730.72,35.98,68.95,0,3704.14,36.23,69.45,0,TREE,SIMPLE,8,TREE,SIMPLE,8,0,TREE,A_flag_ceiling,3,0.259179
all_reduce_perf,3,24,268435456,67108864,float,sum,7054.49,38.05,72.93,0,7017.29,38.25,73.32,0,TREE,SIMPLE,8,TREE,SIMPLE,8,0,TREE,A_flag_ceiling,3,0.23186
all_reduce_perf,3,24,536870912,134217728,float,sum,13429.3,39.98,76.62,0,13334.9,40.26,77.17,0,TREE,SIMPLE,8,TREE,SIMPLE,8,0,TREE,A_flag_ceiling,3,0.142542
all_reduce_perf,3,24,4096,1024,float,sum,74.45,0.06,0.11,0,72.21,0.06,0.11,0,TREE,LL,8,TREE,LL,8,0,TREE,A_flag_ceiling,3,0
all_reduce_perf,3,24,8192,2048,float,sum,72.97,0.11,0.22,0,72.55,0.11,0.22,0,TREE,LL,8,TREE,LL,8,0,TREE,A_flag_ceiling,3,4.54545
all_reduce_perf,3,24,16384,4096,float,sum,73.77,0.22,0.43,0,73.36,0.22,0.43,0,TREE,LL,8,TREE,LL,8,0,TREE,A_flag_ceiling,3,0
all_reduce_perf,3,24,32768,8192,float,sum,82.15,0.4,0.76,0,81.18,0.4,0.77,0,TREE,LL,8,TREE,LL,8,0,TREE,A_flag_ceiling,3,0
all_reduce_perf,3,24,65536,16384,float,sum,100.35,0.65,1.25,0,100.19,0.65,1.25,0,TREE,LL,8,TREE,LL,8,0,TREE,A_flag_ceiling,3,0.8
all_reduce_perf,3,24,131072,32768,float,sum,135.8,0.97,1.85,0,135.89,0.96,1.85,0,TREE,LL,8,TREE,LL,8,0,TREE,A_flag_ceiling,3,0
all_reduce_perf,3,24,262144,65536,float,sum,156.45,1.68,3.21,0,155.6,1.68,3.23,0,TREE,LL,8,TREE,LL,8,0,TREE,A_flag_ceiling,3,0.309598
all_reduce_perf,3,24,524288,131072,float,sum,203.95,2.57,4.93,0,201.54,2.6,4.99,0,TREE,LL,8,TREE,LL,8,0,TREE,A_flag_ceiling,3,0.801603
all_reduce_perf,3,24,1048576,262144,float,sum,293.16,3.58,6.86,0,293.35,3.57,6.85,0,TREE,LL,8,TREE,LL,8,0,TREE,A_flag_ceiling,3,0.583942
all_reduce_perf,3,24,2097152,524288,float,sum,475.11,4.41,8.46,0,475.88,4.41,8.45,0,TREE,LL,8,TREE,LL,8,0,TREE,A_flag_ceiling,3,11.8343
all_reduce_perf,3,24,4194304,1048576,float,sum,838.63,5,9.59,0,837.6,5.01,9.6,0,TREE,LL,8,TREE,LL,8,0,TREE,A_flag_ceiling,3,0.520833
all_reduce_perf,3,24,8388608,2097152,float,sum,1560.57,5.38,10.3,0,1558,5.38,10.32,0,TREE,LL,8,TREE,LL,8,0,TREE,A_flag_ceiling,3,0.484496
all_reduce_perf,3,24,16777216,4194304,float,sum,3016.09,5.56,10.66,0,3001.11,5.59,10.71,0,TREE,LL,8,TREE,LL,8,0,TREE,A_flag_ceiling,3,0.466853
all_reduce_perf,3,24,33554432,8388608,float,sum,5916.24,5.67,10.87,0,5912.81,5.67,10.88,0,TREE,LL,8,TREE,LL,8,0,TREE,A_flag_ceiling,3,0.367647
all_reduce_perf,3,24,67108864,16777216,float,sum,11743.8,5.71,10.95,0,11690.2,5.74,11,0,TREE,LL,8,TREE,LL,8,0,TREE,A_flag_ceiling,3,0.636364
all_reduce_perf,3,24,134217728,33554432,float,sum,23397.7,5.74,10.99,0,23300.4,5.76,11.04,0,TREE,LL,8,TREE,LL,8,0,TREE,A_flag_ceiling,3,0.362319
all_reduce_perf,3,24,268435456,67108864,float,sum,46521.2,5.77,11.06,0,46447,5.78,11.08,0,TREE,LL,8,TREE,LL,8,0,TREE,A_flag_ceiling,3,0.631769
all_reduce_perf,3,24,536870912,134217728,float,sum,92794.6,5.79,11.09,0,92517.1,5.8,11.12,0,TREE,LL,8,TREE,LL,8,0,TREE,A_flag_ceiling,3,0.719424
all_reduce_perf,3,24,4096,1024,float,sum,80.26,0.05,0.1,0,82.73,0.05,0.09,0,TREE,LL128,8,TREE,LL128,8,0,TREE,A_flag_ceiling,3,11.1111
all_reduce_perf,3,24,8192,2048,float,sum,83.2,0.1,0.19,0,82.59,0.1,0.19,0,TREE,LL128,8,TREE,LL128,8,0,TREE,A_flag_ceiling,3,0
all_reduce_perf,3,24,16384,4096,float,sum,83.61,0.2,0.38,0,83.39,0.2,0.38,0,TREE,LL128,8,TREE,LL128,8,0,TREE,A_flag_ceiling,3,2.63158
all_reduce_perf,3,24,32768,8192,float,sum,84.68,0.39,0.74,0,83.91,0.39,0.75,0,TREE,LL128,8,TREE,LL128,8,0,TREE,A_flag_ceiling,3,0
all_reduce_perf,3,24,65536,16384,float,sum,84.76,0.77,1.48,0,84.5,0.78,1.49,0,TREE,LL128,8,TREE,LL128,8,0,TREE,A_flag_ceiling,3,0.671141
all_reduce_perf,3,24,131072,32768,float,sum,90.97,1.44,2.76,0,90.54,1.45,2.77,0,TREE,LL128,8,TREE,LL128,8,0,TREE,A_flag_ceiling,3,0.361011
all_reduce_perf,3,24,262144,65536,float,sum,99.49,2.63,5.05,0,98.93,2.65,5.08,0,TREE,LL128,8,TREE,LL128,8,0,TREE,A_flag_ceiling,3,0
all_reduce_perf,3,24,524288,131072,float,sum,106.73,4.91,9.42,0,106.3,4.93,9.45,0,TREE,LL128,8,TREE,LL128,8,0,TREE,A_flag_ceiling,3,0.634921
all_reduce_perf,3,24,1048576,262144,float,sum,121.84,8.61,16.5,0,120.66,8.69,16.66,0,TREE,LL128,8,TREE,LL128,8,0,TREE,A_flag_ceiling,3,7.38295
all_reduce_perf,3,24,2097152,524288,float,sum,160.24,13.09,25.08,0,158.96,13.19,25.29,0,TREE,LL128,8,TREE,LL128,8,0,TREE,A_flag_ceiling,3,0.632661
all_reduce_perf,3,24,4194304,1048576,float,sum,228.66,18.34,35.16,0,225.79,18.58,35.6,0,TREE,LL128,8,TREE,LL128,8,0,TREE,A_flag_ceiling,3,0.280899
all_reduce_perf,3,24,8388608,2097152,float,sum,376.34,22.29,42.72,0,371.18,22.6,43.32,0,TREE,LL128,8,TREE,LL128,8,0,TREE,A_flag_ceiling,3,0.738689
all_reduce_perf,3,24,16777216,4194304,float,sum,643.28,26.08,49.99,0,638.37,26.28,50.37,0,TREE,LL128,8,TREE,LL128,8,0,TREE,A_flag_ceiling,3,0.555886
all_reduce_perf,3,24,33554432,8388608,float,sum,1176.1,28.53,54.68,0,1170.54,28.67,54.94,0,TREE,LL128,8,TREE,LL128,8,0,TREE,A_flag_ceiling,3,0.65526
all_reduce_perf,3,24,67108864,16777216,float,sum,2242.94,29.92,57.35,0,2240.82,29.95,57.4,0,TREE,LL128,8,TREE,LL128,8,0,TREE,A_flag_ceiling,3,0.505226
all_reduce_perf,3,24,134217728,33554432,float,sum,4371.43,30.7,58.85,0,4378.42,30.65,58.75,0,TREE,LL128,8,TREE,LL128,8,0,TREE,A_flag_ceiling,3,0.323404
all_reduce_perf,3,24,268435456,67108864,float,sum,8592.42,31.24,59.88,0,8620.71,31.14,59.68,0,TREE,LL128,8,TREE,LL128,8,0,TREE,A_flag_ceiling,3,0.234584
all_reduce_perf,3,24,536870912,134217728,float,sum,17019,31.55,60.46,0,17096.4,31.4,60.19,0,TREE,LL128,8,TREE,LL128,8,0,TREE,A_flag_ceiling,3,0.332281
all_reduce_perf,3,24,4096,1024,float,sum,118.45,0.03,0.07,0,114.02,0.04,0.07,0,TREE,SIMPLE,16,TREE,SIMPLE,16,0,TREE,A_flag_ceiling,3,0
all_reduce_perf,3,24,8192,2048,float,sum,117.12,0.07,0.13,0,116.61,0.07,0.13,0,TREE,SIMPLE,16,TREE,SIMPLE,16,0,TREE,A_flag_ceiling,3,7.69231
all_reduce_perf,3,24,16384,4096,float,sum,118.89,0.14,0.26,0,116.82,0.14,0.27,0,TREE,SIMPLE,16,TREE,SIMPLE,16,0,TREE,A_flag_ceiling,3,0
all_reduce_perf,3,24,32768,8192,float,sum,118.61,0.28,0.53,0,117.56,0.28,0.53,0,TREE,SIMPLE,16,TREE,SIMPLE,16,0,TREE,A_flag_ceiling,3,7.54717
all_reduce_perf,3,24,65536,16384,float,sum,120.82,0.54,1.04,0,117.34,0.56,1.07,0,TREE,SIMPLE,16,TREE,SIMPLE,16,0,TREE,A_flag_ceiling,3,0
all_reduce_perf,3,24,131072,32768,float,sum,121.04,1.08,2.08,0,120.34,1.09,2.09,0,TREE,SIMPLE,16,TREE,SIMPLE,16,0,TREE,A_flag_ceiling,3,0.478469
all_reduce_perf,3,24,262144,65536,float,sum,129.83,2.02,3.87,0,126.77,2.07,3.96,0,TREE,SIMPLE,16,TREE,SIMPLE,16,0,TREE,A_flag_ceiling,3,0.757576
all_reduce_perf,3,24,524288,131072,float,sum,152.71,3.43,6.58,0,150.58,3.48,6.67,0,TREE,SIMPLE,16,TREE,SIMPLE,16,0,TREE,A_flag_ceiling,3,0.449775
all_reduce_perf,3,24,1048576,262144,float,sum,165.22,6.35,12.16,0,162.53,6.45,12.37,0,TREE,SIMPLE,16,TREE,SIMPLE,16,0,TREE,A_flag_ceiling,3,4.44624
all_reduce_perf,3,24,2097152,524288,float,sum,192.22,10.91,20.91,0,185.61,11.3,21.66,0,TREE,SIMPLE,16,TREE,SIMPLE,16,0,TREE,A_flag_ceiling,3,0.369344
all_reduce_perf,3,24,4194304,1048576,float,sum,237.64,17.65,33.83,0,229.64,18.27,35.01,0,TREE,SIMPLE,16,TREE,SIMPLE,16,0,TREE,A_flag_ceiling,3,0.514139
all_reduce_perf,3,24,8388608,2097152,float,sum,320.79,26.15,50.12,0,310.59,27.01,51.77,0,TREE,SIMPLE,16,TREE,SIMPLE,16,0,TREE,A_flag_ceiling,3,0.270427
all_reduce_perf,3,24,16777216,4194304,float,sum,462.16,36.3,69.58,0,450.79,37.22,71.33,0,TREE,SIMPLE,16,TREE,SIMPLE,16,0,TREE,A_flag_ceiling,3,0.154213
all_reduce_perf,3,24,33554432,8388608,float,sum,738.54,45.43,87.08,0,726.84,46.16,88.48,0,TREE,SIMPLE,16,TREE,SIMPLE,16,0,TREE,A_flag_ceiling,3,0.406872
all_reduce_perf,3,24,67108864,16777216,float,sum,1177.76,56.98,109.21,0,1174.83,57.12,109.48,0,TREE,SIMPLE,16,TREE,SIMPLE,16,0,TREE,A_flag_ceiling,3,0.210084
all_reduce_perf,3,24,134217728,33554432,float,sum,2092.71,64.14,122.93,0,2088.54,64.26,123.17,0,TREE,SIMPLE,16,TREE,SIMPLE,16,0,TREE,A_flag_ceiling,3,0.381586
all_reduce_perf,3,24,268435456,67108864,float,sum,3717.43,72.21,138.4,0,3724.53,72.07,138.14,0,TREE,SIMPLE,16,TREE,SIMPLE,16,0,TREE,A_flag_ceiling,3,0.304039
all_reduce_perf,3,24,536870912,134217728,float,sum,6941.56,77.34,148.24,0,6925.17,77.52,148.59,0,TREE,SIMPLE,16,TREE,SIMPLE,16,0,TREE,A_flag_ceiling,3,0.249007
all_reduce_perf,3,24,4096,1024,float,sum,74.71,0.05,0.11,0,71.89,0.06,0.11,0,TREE,LL,16,TREE,LL,16,0,TREE,A_flag_ceiling,3,0
all_reduce_perf,3,24,8192,2048,float,sum,73.04,0.11,0.21,0,72.81,0.11,0.22,0,TREE,LL,16,TREE,LL,16,0,TREE,A_flag_ceiling,3,0
all_reduce_perf,3,24,16384,4096,float,sum,73.58,0.22,0.43,0,72.77,0.23,0.43,0,TREE,LL,16,TREE,LL,16,0,TREE,A_flag_ceiling,3,0
all_reduce_perf,3,24,32768,8192,float,sum,76.39,0.43,0.82,0,75.77,0.43,0.83,0,TREE,LL,16,TREE,LL,16,0,TREE,A_flag_ceiling,3,42.1687
all_reduce_perf,3,24,65536,16384,float,sum,85.07,0.77,1.48,0,84.97,0.77,1.48,0,TREE,LL,16,TREE,LL,16,0,TREE,A_flag_ceiling,3,0.675676
all_reduce_perf,3,24,131072,32768,float,sum,103.79,1.26,2.42,0,103.63,1.26,2.42,0,TREE,LL,16,TREE,LL,16,0,TREE,A_flag_ceiling,3,0.413223
all_reduce_perf,3,24,262144,65536,float,sum,139.74,1.88,3.6,0,139.63,1.88,3.6,0,TREE,LL,16,TREE,LL,16,0,TREE,A_flag_ceiling,3,0.833333
all_reduce_perf,3,24,524288,131072,float,sum,159.75,3.28,6.29,0,159.57,3.29,6.3,0,TREE,LL,16,TREE,LL,16,0,TREE,A_flag_ceiling,3,1.90476
all_reduce_perf,3,24,1048576,262144,float,sum,204.12,5.14,9.85,0,204.51,5.13,9.83,0,TREE,LL,16,TREE,LL,16,0,TREE,A_flag_ceiling,3,0.813835
all_reduce_perf,3,24,2097152,524288,float,sum,293.94,7.13,13.67,0,294.99,7.11,13.63,0,TREE,LL,16,TREE,LL,16,0,TREE,A_flag_ceiling,3,4.98899
all_reduce_perf,3,24,4194304,1048576,float,sum,472.91,8.87,17,0,472.79,8.87,17,0,TREE,LL,16,TREE,LL,16,0,TREE,A_flag_ceiling,3,0.882353
all_reduce_perf,3,24,8388608,2097152,float,sum,832.88,10.07,19.3,0,832.03,10.08,19.32,0,TREE,LL,16,TREE,LL,16,0,TREE,A_flag_ceiling,3,0.828157
all_reduce_perf,3,24,16777216,4194304,float,sum,1554.27,10.79,20.69,0,1550.54,10.82,20.74,0,TREE,LL,16,TREE,LL,16,0,TREE,A_flag_ceiling,3,1.01254
all_reduce_perf,3,24,33554432,8388608,float,sum,2993.77,11.21,21.48,0,2993.2,11.21,21.49,0,TREE,LL,16,TREE,LL,16,0,TREE,A_flag_ceiling,3,0.977199
all_reduce_perf,3,24,67108864,16777216,float,sum,5875.53,11.42,21.89,0,5871.63,11.43,21.91,0,TREE,LL,16,TREE,LL,16,0,TREE,A_flag_ceiling,3,1.04975
all_reduce_perf,3,24,134217728,33554432,float,sum,11654.1,11.52,22.07,0,11630,11.54,22.12,0,TREE,LL,16,TREE,LL,16,0,TREE,A_flag_ceiling,3,0.994575
all_reduce_perf,3,24,268435456,67108864,float,sum,23209.5,11.57,22.17,0,23183.8,11.58,22.19,0,TREE,LL,16,TREE,LL,16,0,TREE,A_flag_ceiling,3,0.946372
all_reduce_perf,3,24,536870912,134217728,float,sum,46106.9,11.64,22.32,0,46157.6,11.63,22.29,0,TREE,LL,16,TREE,LL,16,0,TREE,A_flag_ceiling,3,0.942127
all_reduce_perf,3,24,4096,1024,float,sum,80.32,0.05,0.1,0,79.96,0.05,0.1,0,TREE,LL128,16,TREE,LL128,16,0,TREE,A_flag_ceiling,3,0
all_reduce_perf,3,24,8192,2048,float,sum,83.58,0.1,0.19,0,83.85,0.1,0.19,0,TREE,LL128,16,TREE,LL128,16,0,TREE,A_flag_ceiling,3,5.26316
all_reduce_perf,3,24,16384,4096,float,sum,84.12,0.19,0.37,0,83.65,0.2,0.38,0,TREE,LL128,16,TREE,LL128,16,0,TREE,A_flag_ceiling,3,2.63158
all_reduce_perf,3,24,32768,8192,float,sum,84.98,0.39,0.74,0,84,0.39,0.75,0,TREE,LL128,16,TREE,LL128,16,0,TREE,A_flag_ceiling,3,0
all_reduce_perf,3,24,65536,16384,float,sum,84.86,0.77,1.48,0,84.03,0.78,1.49,0,TREE,LL128,16,TREE,LL128,16,0,TREE,A_flag_ceiling,3,0.671141
all_reduce_perf,3,24,131072,32768,float,sum,87.3,1.5,2.88,0,87.07,1.51,2.89,0,TREE,LL128,16,TREE,LL128,16,0,TREE,A_flag_ceiling,3,0.692042
all_reduce_perf,3,24,262144,65536,float,sum,93.41,2.81,5.38,0,93.15,2.81,5.39,0,TREE,LL128,16,TREE,LL128,16,0,TREE,A_flag_ceiling,3,0.371058
all_reduce_perf,3,24,524288,131072,float,sum,102.19,5.13,9.83,0,102.08,5.14,9.84,0,TREE,LL128,16,TREE,LL128,16,0,TREE,A_flag_ceiling,3,0.406504
all_reduce_perf,3,24,1048576,262144,float,sum,110.08,9.53,18.26,0,110.39,9.5,18.21,0,TREE,LL128,16,TREE,LL128,16,0,TREE,A_flag_ceiling,3,0.823723
all_reduce_perf,3,24,2097152,524288,float,sum,125.5,16.71,32.03,0,124.66,16.82,32.24,0,TREE,LL128,16,TREE,LL128,16,0,TREE,A_flag_ceiling,3,0.7134
all_reduce_perf,3,24,4194304,1048576,float,sum,164.98,25.42,48.73,0,162.58,25.8,49.45,0,TREE,LL128,16,TREE,LL128,16,0,TREE,A_flag_ceiling,3,0.546006
all_reduce_perf,3,24,8388608,2097152,float,sum,234.26,35.81,68.63,0,229.63,36.53,70.02,0,TREE,LL128,16,TREE,LL128,16,0,TREE,A_flag_ceiling,3,1.14253
all_reduce_perf,3,24,16777216,4194304,float,sum,385,43.58,83.52,0,383.02,43.8,83.95,0,TREE,LL128,16,TREE,LL128,16,0,TREE,A_flag_ceiling,3,1.3103
all_reduce_perf,3,24,33554432,8388608,float,sum,653.6,51.34,98.4,0,653.09,51.38,98.47,0,TREE,LL128,16,TREE,LL128,16,0,TREE,A_flag_ceiling,3,1.046
all_reduce_perf,3,24,67108864,16777216,float,sum,1198.06,56.01,107.36,0,1195.25,56.15,107.61,0,TREE,LL128,16,TREE,LL128,16,0,TREE,A_flag_ceiling,3,0.734133
all_reduce_perf,3,24,134217728,33554432,float,sum,2290.62,58.59,112.31,0,2288.66,58.64,112.4,0,TREE,LL128,16,TREE,LL128,16,0,TREE,A_flag_ceiling,3,0.880783
all_reduce_perf,3,24,268435456,67108864,float,sum,4469.54,60.06,115.11,0,4485.51,59.85,114.7,0,TREE,LL128,16,TREE,LL128,16,0,TREE,A_flag_ceiling,3,0.627724
all_reduce_perf,3,24,536870912,134217728,float,sum,8799.63,61.01,116.94,0,8816.47,60.89,116.71,0,TREE,LL128,16,TREE,LL128,16,0,TREE,A_flag_ceiling,3,0.454117
all_reduce_perf,3,24,4096,1024,float,sum,117.52,0.03,0.07,0,113.26,0.04,0.07,0,TREE,SIMPLE,24,TREE,SIMPLE,24,0,TREE,A_flag_ceiling,3,0
all_reduce_perf,3,24,8192,2048,float,sum,117.72,0.07,0.13,0,116.43,0.07,0.13,0,TREE,SIMPLE,24,TREE,SIMPLE,24,0,TREE,A_flag_ceiling,3,7.69231
all_reduce_perf,3,24,16384,4096,float,sum,118.78,0.14,0.26,0,116.54,0.14,0.27,0,TREE,SIMPLE,24,TREE,SIMPLE,24,0,TREE,A_flag_ceiling,3,0
all_reduce_perf,3,24,32768,8192,float,sum,118.82,0.28,0.53,0,116.54,0.28,0.54,0,TREE,SIMPLE,24,TREE,SIMPLE,24,0,TREE,A_flag_ceiling,3,0
all_reduce_perf,3,24,65536,16384,float,sum,119.89,0.55,1.05,0,116.54,0.56,1.08,0,TREE,SIMPLE,24,TREE,SIMPLE,24,0,TREE,A_flag_ceiling,3,0.925926
all_reduce_perf,3,24,131072,32768,float,sum,121.39,1.08,2.07,0,119.97,1.09,2.09,0,TREE,SIMPLE,24,TREE,SIMPLE,24,0,TREE,A_flag_ceiling,3,0.478469
all_reduce_perf,3,24,262144,65536,float,sum,130.16,2.01,3.86,0,127.79,2.05,3.93,0,TREE,SIMPLE,24,TREE,SIMPLE,24,0,TREE,A_flag_ceiling,3,0.763359
all_reduce_perf,3,24,524288,131072,float,sum,145.68,3.6,6.9,0,144.12,3.64,6.97,0,TREE,SIMPLE,24,TREE,SIMPLE,24,0,TREE,A_flag_ceiling,3,1.0043
all_reduce_perf,3,24,1048576,262144,float,sum,164.82,6.36,12.19,0,161.35,6.5,12.46,0,TREE,SIMPLE,24,TREE,SIMPLE,24,0,TREE,A_flag_ceiling,3,0.642055
all_reduce_perf,3,24,2097152,524288,float,sum,180.12,11.64,22.32,0,176.45,11.89,22.78,0,TREE,SIMPLE,24,TREE,SIMPLE,24,0,TREE,A_flag_ceiling,3,0.570676
all_reduce_perf,3,24,4194304,1048576,float,sum,216.61,19.36,37.11,0,210.87,19.89,38.12,0,TREE,SIMPLE,24,TREE,SIMPLE,24,0,TREE,A_flag_ceiling,3,0.209864
all_reduce_perf,3,24,8388608,2097152,float,sum,279.39,30.02,57.55,0,270.78,30.98,59.38,0,TREE,SIMPLE,24,TREE,SIMPLE,24,0,TREE,A_flag_ceiling,3,26.9114
all_reduce_perf,3,24,16777216,4194304,float,sum,378.98,44.27,84.85,0,369.5,45.41,87.03,0,TREE,SIMPLE,24,TREE,SIMPLE,24,0,TREE,A_flag_ceiling,3,0.287257
all_reduce_perf,3,24,33554432,8388608,float,sum,566.03,59.28,113.62,0,557.46,60.19,115.37,0,TREE,SIMPLE,24,TREE,SIMPLE,24,0,TREE,A_flag_ceiling,3,0.23403
all_reduce_perf,3,24,67108864,16777216,float,sum,932.74,71.95,137.9,0,928.84,72.25,138.48,0,TREE,SIMPLE,24,TREE,SIMPLE,24,0,TREE,A_flag_ceiling,3,0.548816
all_reduce_perf,3,24,134217728,33554432,float,sum,1513.25,88.69,170,0,1513.04,88.71,170.02,0,TREE,SIMPLE,24,TREE,SIMPLE,24,0,TREE,A_flag_ceiling,3,0.652864
all_reduce_perf,3,24,268435456,67108864,float,sum,2770.33,96.9,185.72,0,2769.68,96.92,185.76,0,TREE,SIMPLE,24,TREE,SIMPLE,24,0,TREE,A_flag_ceiling,3,0.543712
all_reduce_perf,3,24,536870912,134217728,float,sum,4940.83,108.66,208.27,0,4923.66,109.04,208.99,0,TREE,SIMPLE,24,TREE,SIMPLE,24,0,TREE,A_flag_ceiling,3,0.507201
all_reduce_perf,3,24,4096,1024,float,sum,72.45,0.06,0.11,0,72.58,0.06,0.11,0,TREE,LL,24,TREE,LL,24,0,TREE,A_flag_ceiling,3,0
all_reduce_perf,3,24,8192,2048,float,sum,73.16,0.11,0.21,0,72.62,0.11,0.22,0,TREE,LL,24,TREE,LL,24,0,TREE,A_flag_ceiling,3,0
all_reduce_perf,3,24,16384,4096,float,sum,73.54,0.22,0.43,0,73.44,0.22,0.43,0,TREE,LL,24,TREE,LL,24,0,TREE,A_flag_ceiling,3,0
all_reduce_perf,3,24,32768,8192,float,sum,76.17,0.43,0.82,0,75.78,0.43,0.83,0,TREE,LL,24,TREE,LL,24,0,TREE,A_flag_ceiling,3,1.20482
all_reduce_perf,3,24,65536,16384,float,sum,85.16,0.77,1.47,0,84.58,0.77,1.49,0,TREE,LL,24,TREE,LL,24,0,TREE,A_flag_ceiling,3,0.671141
all_reduce_perf,3,24,131072,32768,float,sum,98,1.34,2.56,0,99.65,1.32,2.52,0,TREE,LL,24,TREE,LL,24,0,TREE,A_flag_ceiling,3,2.77778
all_reduce_perf,3,24,262144,65536,float,sum,125.07,2.1,4.02,0,125.01,2.1,4.02,0,TREE,LL,24,TREE,LL,24,0,TREE,A_flag_ceiling,3,0.248756
all_reduce_perf,3,24,524288,131072,float,sum,151.55,3.46,6.63,0,151.82,3.45,6.62,0,TREE,LL,24,TREE,LL,24,0,TREE,A_flag_ceiling,3,0.60423
all_reduce_perf,3,24,1048576,262144,float,sum,181.2,5.79,11.09,0,180.19,5.82,11.15,0,TREE,LL,24,TREE,LL,24,0,TREE,A_flag_ceiling,3,0.269058
all_reduce_perf,3,24,2097152,524288,float,sum,237.6,8.83,16.92,0,237.58,8.83,16.92,0,TREE,LL,24,TREE,LL,24,0,TREE,A_flag_ceiling,3,0.650118
all_reduce_perf,3,24,4194304,1048576,float,sum,358.04,11.71,22.45,0,358.95,11.68,22.4,0,TREE,LL,24,TREE,LL,24,0,TREE,A_flag_ceiling,3,0.401786
all_reduce_perf,3,24,8388608,2097152,float,sum,598.1,14.03,26.88,0,597.89,14.03,26.89,0,TREE,LL,24,TREE,LL,24,0,TREE,A_flag_ceiling,3,0.334697
all_reduce_perf,3,24,16777216,4194304,float,sum,1080.12,15.53,29.77,0,1078.03,15.56,29.83,0,TREE,LL,24,TREE,LL,24,0,TREE,A_flag_ceiling,3,0.469326
all_reduce_perf,3,24,33554432,8388608,float,sum,2036.79,16.47,31.58,0,2037.36,16.47,31.57,0,TREE,LL,24,TREE,LL,24,0,TREE,A_flag_ceiling,3,0.348432
all_reduce_perf,3,24,67108864,16777216,float,sum,3963.14,16.93,32.46,0,3963.43,16.93,32.45,0,TREE,LL,24,TREE,LL,24,0,TREE,A_flag_ceiling,3,0.46225
all_reduce_perf,3,24,134217728,33554432,float,sum,7805.02,17.2,32.96,0,7804.99,17.2,32.96,0,TREE,LL,24,TREE,LL,24,0,TREE,A_flag_ceiling,3,0.546117
all_reduce_perf,3,24,268435456,67108864,float,sum,15510.2,17.31,33.17,0,15522.9,17.29,33.14,0,TREE,LL,24,TREE,LL,24,0,TREE,A_flag_ceiling,3,0.3621
all_reduce_perf,3,24,536870912,134217728,float,sum,30891.8,17.38,33.31,0,30866.5,17.39,33.34,0,TREE,LL,24,TREE,LL,24,0,TREE,A_flag_ceiling,3,0.689862
all_reduce_perf,3,24,4096,1024,float,sum,83.66,0.05,0.09,0,80.16,0.05,0.1,0,TREE,LL128,24,TREE,LL128,24,0,TREE,A_flag_ceiling,3,0
all_reduce_perf,3,24,8192,2048,float,sum,83.06,0.1,0.19,0,82.78,0.1,0.19,0,TREE,LL128,24,TREE,LL128,24,0,TREE,A_flag_ceiling,3,0
all_reduce_perf,3,24,16384,4096,float,sum,84.09,0.19,0.37,0,83.14,0.2,0.38,0,TREE,LL128,24,TREE,LL128,24,0,TREE,A_flag_ceiling,3,23.6842
all_reduce_perf,3,24,32768,8192,float,sum,84.9,0.39,0.74,0,84.32,0.39,0.74,0,TREE,LL128,24,TREE,LL128,24,0,TREE,A_flag_ceiling,3,4.05405
all_reduce_perf,3,24,65536,16384,float,sum,84.91,0.77,1.48,0,84.93,0.77,1.48,0,TREE,LL128,24,TREE,LL128,24,0,TREE,A_flag_ceiling,3,1.35135
all_reduce_perf,3,24,131072,32768,float,sum,87.21,1.5,2.88,0,87.4,1.5,2.87,0,TREE,LL128,24,TREE,LL128,24,0,TREE,A_flag_ceiling,3,1.74216
all_reduce_perf,3,24,262144,65536,float,sum,93.83,2.79,5.35,0,93.58,2.8,5.37,0,TREE,LL128,24,TREE,LL128,24,0,TREE,A_flag_ceiling,3,0.931099
all_reduce_perf,3,24,524288,131072,float,sum,101.61,5.16,9.89,0,101.82,5.15,9.87,0,TREE,LL128,24,TREE,LL128,24,0,TREE,A_flag_ceiling,3,24.8227
all_reduce_perf,3,24,1048576,262144,float,sum,108.47,9.67,18.53,0,108.67,9.65,18.49,0,TREE,LL128,24,TREE,LL128,24,0,TREE,A_flag_ceiling,3,2.48783
all_reduce_perf,3,24,2097152,524288,float,sum,119.63,17.53,33.6,0,118.82,17.65,33.83,0,TREE,LL128,24,TREE,LL128,24,0,TREE,A_flag_ceiling,3,0.857227
all_reduce_perf,3,24,4194304,1048576,float,sum,144.45,29.04,55.65,0,142.68,29.4,56.34,0,TREE,LL128,24,TREE,LL128,24,0,TREE,A_flag_ceiling,3,0.301739
all_reduce_perf,3,24,8388608,2097152,float,sum,194.53,43.12,82.65,0,192.01,43.69,83.74,0,TREE,LL128,24,TREE,LL128,24,0,TREE,A_flag_ceiling,3,0.34631
all_reduce_perf,3,24,16777216,4194304,float,sum,308.63,54.36,104.19,0,306,54.83,105.09,0,TREE,LL128,24,TREE,LL128,24,0,TREE,A_flag_ceiling,3,1.65572
all_reduce_perf,3,24,33554432,8388608,float,sum,492.39,68.15,130.61,0,488.9,68.63,131.55,0,TREE,LL128,24,TREE,LL128,24,0,TREE,A_flag_ceiling,3,0.121627
all_reduce_perf,3,24,67108864,16777216,float,sum,869.37,77.19,147.95,0,868.79,77.24,148.05,0,TREE,LL128,24,TREE,LL128,24,0,TREE,A_flag_ceiling,3,0.580885
all_reduce_perf,3,24,134217728,33554432,float,sum,1630.49,82.32,157.78,0,1626.99,82.49,158.11,0,TREE,LL128,24,TREE,LL128,24,0,TREE,A_flag_ceiling,3,0.234014
all_reduce_perf,3,24,268435456,67108864,float,sum,3158.75,84.98,162.88,0,3148.51,85.26,163.41,0,TREE,LL128,24,TREE,LL128,24,0,TREE,A_flag_ceiling,3,0.134631
all_reduce_perf,3,24,536870912,134217728,float,sum,6180.43,86.87,166.49,0,6175.47,86.94,166.63,0,TREE,LL128,24,TREE,LL128,24,0,TREE,A_flag_ceiling,3,0.0840185
all_reduce_perf,3,24,4096,1024,float,sum,115.34,0.04,0.07,0,114.47,0.04,0.07,0,TREE,SIMPLE,32,TREE,SIMPLE,32,0,TREE,A_flag_ceiling,3,28.5714
all_reduce_perf,3,24,8192,2048,float,sum,117.54,0.07,0.13,0,116.73,0.07,0.13,0,TREE,SIMPLE,32,TREE,SIMPLE,32,0,TREE,A_flag_ceiling,3,7.69231
all_reduce_perf,3,24,16384,4096,float,sum,119.32,0.14,0.26,0,116.15,0.14,0.27,0,TREE,SIMPLE,32,TREE,SIMPLE,32,0,TREE,A_flag_ceiling,3,0
all_reduce_perf,3,24,32768,8192,float,sum,118.86,0.28,0.53,0,116.29,0.28,0.54,0,TREE,SIMPLE,32,TREE,SIMPLE,32,0,TREE,A_flag_ceiling,3,11.1111
all_reduce_perf,3,24,65536,16384,float,sum,119.49,0.55,1.05,0,117.65,0.56,1.07,0,TREE,SIMPLE,32,TREE,SIMPLE,32,0,TREE,A_flag_ceiling,3,0
all_reduce_perf,3,24,131072,32768,float,sum,120.92,1.08,2.08,0,119.47,1.1,2.1,0,TREE,SIMPLE,32,TREE,SIMPLE,32,0,TREE,A_flag_ceiling,3,0
all_reduce_perf,3,24,262144,65536,float,sum,126.35,2.07,3.98,0,124.92,2.1,4.02,0,TREE,SIMPLE,32,TREE,SIMPLE,32,0,TREE,A_flag_ceiling,3,0.746269
all_reduce_perf,3,24,524288,131072,float,sum,136.23,3.85,7.38,0,134.22,3.91,7.49,0,TREE,SIMPLE,32,TREE,SIMPLE,32,0,TREE,A_flag_ceiling,3,20.5607
all_reduce_perf,3,24,1048576,262144,float,sum,160.85,6.52,12.49,0,158.15,6.63,12.71,0,TREE,SIMPLE,32,TREE,SIMPLE,32,0,TREE,A_flag_ceiling,3,0.393391
all_reduce_perf,3,24,2097152,524288,float,sum,176.03,11.91,22.83,0,172.73,12.14,23.27,0,TREE,SIMPLE,32,TREE,SIMPLE,32,0,TREE,A_flag_ceiling,3,0.644607
all_reduce_perf,3,24,4194304,1048576,float,sum,204.44,20.52,39.32,0,199.19,21.06,40.36,0,TREE,SIMPLE,32,TREE,SIMPLE,32,0,TREE,A_flag_ceiling,3,0.49554
all_reduce_perf,3,24,8388608,2097152,float,sum,255.17,32.87,63.01,0,248.79,33.72,64.63,0,TREE,SIMPLE,32,TREE,SIMPLE,32,0,TREE,A_flag_ceiling,3,18.3042
all_reduce_perf,3,24,16777216,4194304,float,sum,340.9,49.21,94.33,0,335.46,50.01,95.86,0,TREE,SIMPLE,32,TREE,SIMPLE,32,0,TREE,A_flag_ceiling,3,0.250365
all_reduce_perf,3,24,33554432,8388608,float,sum,485.17,69.16,132.56,0,481.53,69.68,133.56,0,TREE,SIMPLE,32,TREE,SIMPLE,32,0,TREE,A_flag_ceiling,3,0.142258
all_reduce_perf,3,24,67108864,16777216,float,sum,766.94,87.5,167.71,0,765.91,87.62,167.94,0,TREE,SIMPLE,32,TREE,SIMPLE,32,0,TREE,A_flag_ceiling,3,0.452543
all_reduce_perf,3,24,134217728,33554432,float,sum,1241.2,108.14,207.26,0,1238.62,108.36,207.69,0,TREE,SIMPLE,32,TREE,SIMPLE,32,0,TREE,A_flag_ceiling,3,0.125187
all_reduce_perf,3,24,268435456,67108864,float,sum,2197.86,122.13,234.09,0,2196.66,122.2,234.22,0,TREE,SIMPLE,32,TREE,SIMPLE,32,0,TREE,A_flag_ceiling,3,0.204936
all_reduce_perf,3,24,536870912,134217728,float,sum,3931.01,136.57,261.77,0,3919.07,136.99,262.56,0,TREE,SIMPLE,32,TREE,SIMPLE,32,0,TREE,A_flag_ceiling,3,0.498934
all_reduce_perf,3,24,4096,1024,float,sum,74.59,0.05,0.11,0,71.63,0.06,0.11,0,TREE,LL,32,TREE,LL,32,0,TREE,A_flag_ceiling,3,0
all_reduce_perf,3,24,8192,2048,float,sum,73.38,0.11,0.21,0,72.89,0.11,0.22,0,TREE,LL,32,TREE,LL,32,0,TREE,A_flag_ceiling,3,4.54545
all_reduce_perf,3,24,16384,4096,float,sum,74.3,0.22,0.42,0,73.2,0.22,0.43,0,TREE,LL,32,TREE,LL,32,0,TREE,A_flag_ceiling,3,2.32558
all_reduce_perf,3,24,32768,8192,float,sum,76.45,0.43,0.82,0,75.55,0.43,0.83,0,TREE,LL,32,TREE,LL,32,0,TREE,A_flag_ceiling,3,4.81928
all_reduce_perf,3,24,65536,16384,float,sum,80.49,0.81,1.56,0,79.64,0.82,1.58,0,TREE,LL,32,TREE,LL,32,0,TREE,A_flag_ceiling,3,0
all_reduce_perf,3,24,131072,32768,float,sum,90.18,1.45,2.79,0,90.18,1.45,2.79,0,TREE,LL,32,TREE,LL,32,0,TREE,A_flag_ceiling,3,2.50896
all_reduce_perf,3,24,262144,65536,float,sum,111.12,2.36,4.52,0,111.4,2.35,4.51,0,TREE,LL,32,TREE,LL,32,0,TREE,A_flag_ceiling,3,1.77384
all_reduce_perf,3,24,524288,131072,float,sum,149.22,3.51,6.73,0,149.97,3.5,6.7,0,TREE,LL,32,TREE,LL,32,0,TREE,A_flag_ceiling,3,0.895522
all_reduce_perf,3,24,1048576,262144,float,sum,172.4,6.08,11.66,0,172.35,6.08,11.66,0,TREE,LL,32,TREE,LL,32,0,TREE,A_flag_ceiling,3,1.02916
all_reduce_perf,3,24,2097152,524288,float,sum,216.61,9.68,18.56,0,218.13,9.61,18.43,0,TREE,LL,32,TREE,LL,32,0,TREE,A_flag_ceiling,3,1.30222
all_reduce_perf,3,24,4194304,1048576,float,sum,305.4,13.73,26.32,0,305.06,13.75,26.35,0,TREE,LL,32,TREE,LL,32,0,TREE,A_flag_ceiling,3,0.341556
all_reduce_perf,3,24,8388608,2097152,float,sum,530.36,15.82,30.32,0,527.07,15.92,30.51,0,TREE,LL,32,TREE,LL,32,0,TREE,A_flag_ceiling,3,0.262209
all_reduce_perf,3,24,16777216,4194304,float,sum,948.4,17.69,33.91,0,948.62,17.69,33.9,0,TREE,LL,32,TREE,LL,32,0,TREE,A_flag_ceiling,3,2.38938
all_reduce_perf,3,24,33554432,8388608,float,sum,1779.34,18.86,36.14,0,1783.44,18.81,36.06,0,TREE,LL,32,TREE,LL,32,0,TREE,A_flag_ceiling,3,3.27232
all_reduce_perf,3,24,67108864,16777216,float,sum,3456.47,19.42,37.21,0,3454.9,19.42,37.23,0,TREE,LL,32,TREE,LL,32,0,TREE,A_flag_ceiling,3,3.89471
all_reduce_perf,3,24,134217728,33554432,float,sum,6812.96,19.7,37.76,0,6791.07,19.76,37.88,0,TREE,LL,32,TREE,LL,32,0,TREE,A_flag_ceiling,3,3.72228
all_reduce_perf,3,24,268435456,67108864,float,sum,13592.6,19.75,37.85,0,13721.9,19.56,37.5,0,TREE,LL,32,TREE,LL,32,0,TREE,A_flag_ceiling,3,3.86667
all_reduce_perf,3,24,536870912,134217728,float,sum,26922.2,19.94,38.22,0,26776.5,20.05,38.43,0,TREE,LL,32,TREE,LL,32,0,TREE,A_flag_ceiling,3,4.47567
all_reduce_perf,3,24,4096,1024,float,sum,80.58,0.05,0.1,0,80.46,0.05,0.1,0,TREE,LL128,32,TREE,LL128,32,0,TREE,A_flag_ceiling,3,0
all_reduce_perf,3,24,8192,2048,float,sum,83.45,0.1,0.19,0,83.15,0.1,0.19,0,TREE,LL128,32,TREE,LL128,32,0,TREE,A_flag_ceiling,3,0
all_reduce_perf,3,24,16384,4096,float,sum,83.83,0.2,0.37,0,83.55,0.2,0.38,0,TREE,LL128,32,TREE,LL128,32,0,TREE,A_flag_ceiling,3,0
all_reduce_perf,3,24,32768,8192,float,sum,84.92,0.39,0.74,0,84.74,0.39,0.74,0,TREE,LL128,32,TREE,LL128,32,0,TREE,A_flag_ceiling,3,0
all_reduce_perf,3,24,65536,16384,float,sum,85.46,0.77,1.47,0,85.19,0.77,1.47,0,TREE,LL128,32,TREE,LL128,32,0,TREE,A_flag_ceiling,3,1.36054
all_reduce_perf,3,24,131072,32768,float,sum,87.55,1.5,2.87,0,87.5,1.5,2.87,0,TREE,LL128,32,TREE,LL128,32,0,TREE,A_flag_ceiling,3,0.696864
all_reduce_perf,3,24,262144,65536,float,sum,91.49,2.87,5.49,0,91.98,2.85,5.46,0,TREE,LL128,32,TREE,LL128,32,0,TREE,A_flag_ceiling,3,0.18315
all_reduce_perf,3,24,524288,131072,float,sum,98.62,5.32,10.19,0,97.82,5.36,10.27,0,TREE,LL128,32,TREE,LL128,32,0,TREE,A_flag_ceiling,3,0.097371
all_reduce_perf,3,24,1048576,262144,float,sum,108.4,9.67,18.54,0,108.79,9.64,18.47,0,TREE,LL128,32,TREE,LL128,32,0,TREE,A_flag_ceiling,3,1.0287
all_reduce_perf,3,24,2097152,524288,float,sum,118.03,17.77,34.06,0,117.82,17.8,34.11,0,TREE,LL128,32,TREE,LL128,32,0,TREE,A_flag_ceiling,3,0.557021
all_reduce_perf,3,24,4194304,1048576,float,sum,135.17,31.03,59.47,0,134.93,31.09,59.58,0,TREE,LL128,32,TREE,LL128,32,0,TREE,A_flag_ceiling,3,1.76234
all_reduce_perf,3,24,8388608,2097152,float,sum,195.57,42.89,82.21,0,192.49,43.58,83.53,0,TREE,LL128,32,TREE,LL128,32,0,TREE,A_flag_ceiling,3,0.981683
all_reduce_perf,3,24,16777216,4194304,float,sum,252.22,66.52,127.49,0,250.37,67.01,128.44,0,TREE,LL128,32,TREE,LL128,32,0,TREE,A_flag_ceiling,3,0.981003
all_reduce_perf,3,24,33554432,8388608,float,sum,419.92,79.91,153.15,0,416.5,80.56,154.41,0,TREE,LL128,32,TREE,LL128,32,0,TREE,A_flag_ceiling,3,0.809533
all_reduce_perf,3,24,67108864,16777216,float,sum,714.57,93.91,180,0,715.08,93.85,179.88,0,TREE,LL128,32,TREE,LL128,32,0,TREE,A_flag_ceiling,3,0.455859
all_reduce_perf,3,24,134217728,33554432,float,sum,1320.15,101.67,194.86,0,1319.2,101.74,195,0,TREE,LL128,32,TREE,LL128,32,0,TREE,A_flag_ceiling,3,0.276923
all_reduce_perf,3,24,268435456,67108864,float,sum,2533.39,105.96,203.09,0,2530.73,106.07,203.3,0,TREE,LL128,32,TREE,LL128,32,0,TREE,A_flag_ceiling,3,0.314806
all_reduce_perf,3,24,536870912,134217728,float,sum,4915.58,109.22,209.33,0,4922.8,109.06,209.03,0,TREE,LL128,32,TREE,LL128,32,0,TREE,A_flag_ceiling,3,2.1241
all_reduce_perf,3,24,4096,1024,float,sum,116.1,0.04,0.07,0,112.97,0.04,0.07,0,TREE,SIMPLE,40,TREE,SIMPLE,40,0,TREE,A_flag_ceiling,3,0
all_reduce_perf,3,24,8192,2048,float,sum,117.31,0.07,0.13,0,116.09,0.07,0.14,0,TREE,SIMPLE,40,TREE,SIMPLE,40,0,TREE,A_flag_ceiling,3,7.14286
all_reduce_perf,3,24,16384,4096,float,sum,119.39,0.14,0.26,0,116.97,0.14,0.27,0,TREE,SIMPLE,40,TREE,SIMPLE,40,0,TREE,A_flag_ceiling,3,0
all_reduce_perf,3,24,32768,8192,float,sum,118.39,0.28,0.53,0,116.28,0.28,0.54,0,TREE,SIMPLE,40,TREE,SIMPLE,40,0,TREE,A_flag_ceiling,3,0
all_reduce_perf,3,24,65536,16384,float,sum,118.99,0.55,1.06,0,116.44,0.56,1.08,0,TREE,SIMPLE,40,TREE,SIMPLE,40,0,TREE,A_flag_ceiling,3,0.925926
all_reduce_perf,3,24,131072,32768,float,sum,120.83,1.08,2.08,0,120.19,1.09,2.09,0,TREE,SIMPLE,40,TREE,SIMPLE,40,0,TREE,A_flag_ceiling,3,0.478469
all_reduce_perf,3,24,262144,65536,float,sum,126.6,2.07,3.97,0,125.47,2.09,4,0,TREE,SIMPLE,40,TREE,SIMPLE,40,0,TREE,A_flag_ceiling,3,0.75
all_reduce_perf,3,24,524288,131072,float,sum,135.9,3.86,7.39,0,134.47,3.9,7.47,0,TREE,SIMPLE,40,TREE,SIMPLE,40,0,TREE,A_flag_ceiling,3,1.07095
all_reduce_perf,3,24,1048576,262144,float,sum,161.21,6.5,12.47,0,158.2,6.63,12.7,0,TREE,SIMPLE,40,TREE,SIMPLE,40,0,TREE,A_flag_ceiling,3,0.708661
all_reduce_perf,3,24,2097152,524288,float,sum,177.29,11.83,22.67,0,172.37,12.17,23.32,0,TREE,SIMPLE,40,TREE,SIMPLE,40,0,TREE,A_flag_ceiling,3,0.986278
all_reduce_perf,3,24,4194304,1048576,float,sum,204.52,20.51,39.31,0,200.57,20.91,40.08,0,TREE,SIMPLE,40,TREE,SIMPLE,40,0,TREE,A_flag_ceiling,3,1.69661
all_reduce_perf,3,24,8388608,2097152,float,sum,246.93,33.97,65.11,0,238.6,35.16,67.39,0,TREE,SIMPLE,40,TREE,SIMPLE,40,0,TREE,A_flag_ceiling,3,2.55231
all_reduce_perf,3,24,16777216,4194304,float,sum,344.04,48.77,93.47,0,339.1,49.48,94.83,0,TREE,SIMPLE,40,TREE,SIMPLE,40,0,TREE,A_flag_ceiling,3,1.12833
all_reduce_perf,3,24,33554432,8388608,float,sum,445.5,75.32,144.36,0,441.98,75.92,145.51,0,TREE,SIMPLE,40,TREE,SIMPLE,40,0,TREE,A_flag_ceiling,3,0.343619
all_reduce_perf,3,24,67108864,16777216,float,sum,680.51,98.61,189.01,0,679.03,98.83,189.43,0,TREE,SIMPLE,40,TREE,SIMPLE,40,0,TREE,A_flag_ceiling,3,0.52262
all_reduce_perf,3,24,134217728,33554432,float,sum,1153.11,116.4,223.09,0,1154.97,116.21,222.73,0,TREE,SIMPLE,40,TREE,SIMPLE,40,0,TREE,A_flag_ceiling,3,5.97136
all_reduce_perf,3,24,268435456,67108864,float,sum,1918.33,139.93,268.2,0,1915.59,140.13,268.59,0,TREE,SIMPLE,40,TREE,SIMPLE,40,0,TREE,A_flag_ceiling,3,0.353699
all_reduce_perf,3,24,536870912,134217728,float,sum,3533.44,151.94,291.22,0,3516.79,152.66,292.6,0,TREE,SIMPLE,40,TREE,SIMPLE,40,0,TREE,A_flag_ceiling,3,0.164046
all_reduce_perf,3,24,4096,1024,float,sum,73.16,0.06,0.11,0,72.12,0.06,0.11,0,TREE,LL,40,TREE,LL,40,0,TREE,A_flag_ceiling,3,0
all_reduce_perf,3,24,8192,2048,float,sum,74.18,0.11,0.21,0,73.3,0.11,0.21,0,TREE,LL,40,TREE,LL,40,0,TREE,A_flag_ceiling,3,4.7619
all_reduce_perf,3,24,16384,4096,float,sum,73.95,0.22,0.42,0,73.93,0.22,0.42,0,TREE,LL,40,TREE,LL,40,0,TREE,A_flag_ceiling,3,2.38095
all_reduce_perf,3,24,32768,8192,float,sum,76.69,0.43,0.82,0,75.58,0.43,0.83,0,TREE,LL,40,TREE,LL,40,0,TREE,A_flag_ceiling,3,0
all_reduce_perf,3,24,65536,16384,float,sum,80.17,0.82,1.57,0,79.78,0.82,1.57,0,TREE,LL,40,TREE,LL,40,0,TREE,A_flag_ceiling,3,0.636943
all_reduce_perf,3,24,131072,32768,float,sum,90.24,1.45,2.78,0,90.45,1.45,2.78,0,TREE,LL,40,TREE,LL,40,0,TREE,A_flag_ceiling,3,2.15827
all_reduce_perf,3,24,262144,65536,float,sum,111.47,2.35,4.51,0,111.19,2.36,4.52,0,TREE,LL,40,TREE,LL,40,0,TREE,A_flag_ceiling,3,60.3982
all_reduce_perf,3,24,524288,131072,float,sum,143.04,3.67,7.03,0,141.53,3.7,7.1,0,TREE,LL,40,TREE,LL,40,0,TREE,A_flag_ceiling,3,0.422535
all_reduce_perf,3,24,1048576,262144,float,sum,164.35,6.38,12.23,0,163.73,6.4,12.28,0,TREE,LL,40,TREE,LL,40,0,TREE,A_flag_ceiling,3,1.38436
all_reduce_perf,3,24,2097152,524288,float,sum,201.79,10.39,19.92,0,201.44,10.41,19.95,0,TREE,LL,40,TREE,LL,40,0,TREE,A_flag_ceiling,3,1.40351
all_reduce_perf,3,24,4194304,1048576,float,sum,274.07,15.3,29.33,0,273.14,15.36,29.43,0,TREE,LL,40,TREE,LL,40,0,TREE,A_flag_ceiling,3,0.679579
all_reduce_perf,3,24,8388608,2097152,float,sum,457.18,18.35,35.17,0,454.33,18.46,35.39,0,TREE,LL,40,TREE,LL,40,0,TREE,A_flag_ceiling,3,1.80842
all_reduce_perf,3,24,16777216,4194304,float,sum,824.19,20.36,39.02,0,819.58,20.47,39.23,0,TREE,LL,40,TREE,LL,40,0,TREE,A_flag_ceiling,3,2.39613
all_reduce_perf,3,24,33554432,8388608,float,sum,1546.07,21.7,41.6,0,1545.97,21.7,41.6,0,TREE,LL,40,TREE,LL,40,0,TREE,A_flag_ceiling,3,4.78365
all_reduce_perf,3,24,67108864,16777216,float,sum,2985.37,22.48,43.09,0,2977.12,22.54,43.2,0,TREE,LL,40,TREE,LL,40,0,TREE,A_flag_ceiling,3,2.61574
all_reduce_perf,3,24,134217728,33554432,float,sum,5866.79,22.88,43.85,0,5848.12,22.95,43.99,0,TREE,LL,40,TREE,LL,40,0,TREE,A_flag_ceiling,3,3.40987
all_reduce_perf,3,24,268435456,67108864,float,sum,11437.3,23.47,44.98,0,11525.7,23.29,44.64,0,TREE,LL,40,TREE,LL,40,0,TREE,A_flag_ceiling,3,1.5681
all_reduce_perf,3,24,536870912,134217728,float,sum,23002.3,23.34,44.73,0,22942.1,23.4,44.85,0,TREE,LL,40,TREE,LL,40,0,TREE,A_flag_ceiling,3,2.22965
all_reduce_perf,3,24,4096,1024,float,sum,84.35,0.05,0.09,0,80.73,0.05,0.1,0,TREE,LL128,40,TREE,LL128,40,0,TREE,A_flag_ceiling,3,0
all_reduce_perf,3,24,8192,2048,float,sum,83.91,0.1,0.19,0,83.21,0.1,0.19,0,TREE,LL128,40,TREE,LL128,40,0,TREE,A_flag_ceiling,3,0
all_reduce_perf,3,24,16384,4096,float,sum,84.09,0.19,0.37,0,83.81,0.2,0.37,0,TREE,LL128,40,TREE,LL128,40,0,TREE,A_flag_ceiling,3,2.7027
all_reduce_perf,3,24,32768,8192,float,sum,85.98,0.38,0.73,0,84.35,0.39,0.74,0,TREE,LL128,40,TREE,LL128,40,0,TREE,A_flag_ceiling,3,0
all_reduce_perf,3,24,65536,16384,float,sum,85.97,0.76,1.46,0,84.7,0.77,1.48,0,TREE,LL128,40,TREE,LL128,40,0,TREE,A_flag_ceiling,3,2.02703
all_reduce_perf,3,24,131072,32768,float,sum,87.56,1.5,2.87,0,87.9,1.49,2.86,0,TREE,LL128,40,TREE,LL128,40,0,TREE,A_flag_ceiling,3,0.34965
all_reduce_perf,3,24,262144,65536,float,sum,91.7,2.86,5.48,0,92.32,2.84,5.44,0,TREE,LL128,40,TREE,LL128,40,0,TREE,A_flag_ceiling,3,0.735294
all_reduce_perf,3,24,524288,131072,float,sum,98.44,5.33,10.21,0,98.39,5.33,10.21,0,TREE,LL128,40,TREE,LL128,40,0,TREE,A_flag_ceiling,3,0.29383
all_reduce_perf,3,24,1048576,262144,float,sum,108.64,9.65,18.5,0,109.19,9.6,18.41,0,TREE,LL128,40,TREE,LL128,40,0,TREE,A_flag_ceiling,3,0.706138
all_reduce_perf,3,24,2097152,524288,float,sum,120.56,17.39,33.34,0,118.33,17.72,33.97,0,TREE,LL128,40,TREE,LL128,40,0,TREE,A_flag_ceiling,3,0.206064
all_reduce_perf,3,24,4194304,1048576,float,sum,132.05,31.76,60.88,0,131.62,31.87,61.08,0,TREE,LL128,40,TREE,LL128,40,0,TREE,A_flag_ceiling,3,1.17878
all_reduce_perf,3,24,8388608,2097152,float,sum,183.42,45.73,87.66,0,181.14,46.31,88.76,0,TREE,LL128,40,TREE,LL128,40,0,TREE,A_flag_ceiling,3,0.92384
all_reduce_perf,3,24,16777216,4194304,float,sum,230.29,72.85,139.63,0,229.15,73.21,140.33,0,TREE,LL128,40,TREE,LL128,40,0,TREE,A_flag_ceiling,3,0.541581
all_reduce_perf,3,24,33554432,8388608,float,sum,375.24,89.42,171.39,0,373.11,89.93,172.37,0,TREE,LL128,40,TREE,LL128,40,0,TREE,A_flag_ceiling,3,0.580147
all_reduce_perf,3,24,67108864,16777216,float,sum,630.04,106.52,204.16,0,630.51,106.44,204,0,TREE,LL128,40,TREE,LL128,40,0,TREE,A_flag_ceiling,3,13.8137
all_reduce_perf,3,24,134217728,33554432,float,sum,1156.7,116.04,222.4,0,1159.73,115.73,221.82,0,TREE,LL128,40,TREE,LL128,40,0,TREE,A_flag_ceiling,3,0.383194
all_reduce_perf,3,24,268435456,67108864,float,sum,2203.39,121.83,233.5,0,2204.05,121.79,233.43,0,TREE,LL128,40,TREE,LL128,40,0,TREE,A_flag_ceiling,3,0.308444
all_reduce_perf,3,24,536870912,134217728,float,sum,4260.64,126.01,241.51,0,4263.57,125.92,241.35,0,TREE,LL128,40,TREE,LL128,40,0,TREE,A_flag_ceiling,3,0.708515
all_reduce_perf,3,24,4096,1024,float,sum,117.5,0.03,0.07,0,113.33,0.04,0.07,0,TREE,SIMPLE,48,TREE,SIMPLE,48,0,TREE,A_flag_ceiling,3,0
all_reduce_perf,3,24,8192,2048,float,sum,117.14,0.07,0.13,0,116.14,0.07,0.14,0,TREE,SIMPLE,48,TREE,SIMPLE,48,0,TREE,A_flag_ceiling,3,0
all_reduce_perf,3,24,16384,4096,float,sum,118.93,0.14,0.26,0,116.51,0.14,0.27,0,TREE,SIMPLE,48,TREE,SIMPLE,48,0,TREE,A_flag_ceiling,3,3.7037
all_reduce_perf,3,24,32768,8192,float,sum,119.05,0.28,0.53,0,116.57,0.28,0.54,0,TREE,SIMPLE,48,TREE,SIMPLE,48,0,TREE,A_flag_ceiling,3,1.85185
all_reduce_perf,3,24,65536,16384,float,sum,119.33,0.55,1.05,0,116.61,0.56,1.08,0,TREE,SIMPLE,48,TREE,SIMPLE,48,0,TREE,A_flag_ceiling,3,0
all_reduce_perf,3,24,131072,32768,float,sum,120.84,1.08,2.08,0,120.35,1.09,2.09,0,TREE,SIMPLE,48,TREE,SIMPLE,48,0,TREE,A_flag_ceiling,3,0
all_reduce_perf,3,24,262144,65536,float,sum,127.08,2.06,3.95,0,125.94,2.08,3.99,0,TREE,SIMPLE,48,TREE,SIMPLE,48,0,TREE,A_flag_ceiling,3,0.501253
all_reduce_perf,3,24,524288,131072,float,sum,136.45,3.84,7.36,0,134.04,3.91,7.5,0,TREE,SIMPLE,48,TREE,SIMPLE,48,0,TREE,A_flag_ceiling,3,0.533333
all_reduce_perf,3,24,1048576,262144,float,sum,154.8,6.77,12.98,0,152.09,6.89,13.21,0,TREE,SIMPLE,48,TREE,SIMPLE,48,0,TREE,A_flag_ceiling,3,12.2634
all_reduce_perf,3,24,2097152,524288,float,sum,177.45,11.82,22.65,0,175.75,11.93,22.87,0,TREE,SIMPLE,48,TREE,SIMPLE,48,0,TREE,A_flag_ceiling,3,7.03979
all_reduce_perf,3,24,4194304,1048576,float,sum,197.75,21.21,40.65,0,195.03,21.51,41.22,0,TREE,SIMPLE,48,TREE,SIMPLE,48,0,TREE,A_flag_ceiling,3,0.970403
all_reduce_perf,3,24,8388608,2097152,float,sum,242.81,34.55,66.22,0,237.81,35.27,67.61,0,TREE,SIMPLE,48,TREE,SIMPLE,48,0,TREE,A_flag_ceiling,3,6.43396
all_reduce_perf,3,24,16777216,4194304,float,sum,333.73,50.27,96.35,0,328.19,51.12,97.98,0,TREE,SIMPLE,48,TREE,SIMPLE,48,0,TREE,A_flag_ceiling,3,2.3168
all_reduce_perf,3,24,33554432,8388608,float,sum,426.6,78.66,150.76,0,423.94,79.15,151.7,0,TREE,SIMPLE,48,TREE,SIMPLE,48,0,TREE,A_flag_ceiling,3,0.758075
all_reduce_perf,3,24,67108864,16777216,float,sum,638.68,105.07,201.39,0,636.76,105.39,202,0,TREE,SIMPLE,48,TREE,SIMPLE,48,0,TREE,A_flag_ceiling,3,2.94554
all_reduce_perf,3,24,134217728,33554432,float,sum,1052.07,127.57,244.52,0,1050.68,127.74,244.84,0,TREE,SIMPLE,48,TREE,SIMPLE,48,0,TREE,A_flag_ceiling,3,0.477863
all_reduce_perf,3,24,268435456,67108864,float,sum,1801.99,148.97,285.52,0,1800.49,149.09,285.76,0,TREE,SIMPLE,48,TREE,SIMPLE,48,0,TREE,A_flag_ceiling,3,0.475924
all_reduce_perf,3,24,536870912,134217728,float,sum,3315.91,161.91,310.32,0,3310.73,162.16,310.81,0,TREE,SIMPLE,48,TREE,SIMPLE,48,0,TREE,A_flag_ceiling,3,0.666002
all_reduce_perf,3,24,4096,1024,float,sum,72.44,0.06,0.11,0,72.28,0.06,0.11,0,TREE,LL,48,TREE,LL,48,0,TREE,A_flag_ceiling,3,0
all_reduce_perf,3,24,8192,2048,float,sum,73.74,0.11,0.21,0,73.21,0.11,0.21,0,TREE,LL,48,TREE,LL,48,0,TREE,A_flag_ceiling,3,4.7619
all_reduce_perf,3,24,16384,4096,float,sum,74.36,0.22,0.42,0,73.28,0.22,0.43,0,TREE,LL,48,TREE,LL,48,0,TREE,A_flag_ceiling,3,2.32558
all_reduce_perf,3,24,32768,8192,float,sum,75.83,0.43,0.83,0,75.48,0.43,0.83,0,TREE,LL,48,TREE,LL,48,0,TREE,A_flag_ceiling,3,1.20482
all_reduce_perf,3,24,65536,16384,float,sum,80.92,0.81,1.55,0,79.66,0.82,1.58,0,TREE,LL,48,TREE,LL,48,0,TREE,A_flag_ceiling,3,0.632911
all_reduce_perf,3,24,131072,32768,float,sum,90.62,1.45,2.77,0,90.61,1.45,2.77,0,TREE,LL,48,TREE,LL,48,0,TREE,A_flag_ceiling,3,1.80505
all_reduce_perf,3,24,262144,65536,float,sum,102.85,2.55,4.88,0,101.69,2.58,4.94,0,TREE,LL,48,TREE,LL,48,0,TREE,A_flag_ceiling,3,1.21457
all_reduce_perf,3,24,524288,131072,float,sum,131.93,3.97,7.62,0,132.53,3.96,7.58,0,TREE,LL,48,TREE,LL,48,0,TREE,A_flag_ceiling,3,0.527704
all_reduce_perf,3,24,1048576,262144,float,sum,161.45,6.49,12.45,0,161.85,6.48,12.42,0,TREE,LL,48,TREE,LL,48,0,TREE,A_flag_ceiling,3,0.161031
all_reduce_perf,3,24,2097152,524288,float,sum,190.12,11.03,21.14,0,191.03,10.98,21.04,0,TREE,LL,48,TREE,LL,48,0,TREE,A_flag_ceiling,3,55.4183
all_reduce_perf,3,24,4194304,1048576,float,sum,253.53,16.54,31.71,0,252.24,16.63,31.87,0,TREE,LL,48,TREE,LL,48,0,TREE,A_flag_ceiling,3,1.12959
all_reduce_perf,3,24,8388608,2097152,float,sum,421.06,19.92,38.18,0,417.96,20.07,38.47,0,TREE,LL,48,TREE,LL,48,0,TREE,A_flag_ceiling,3,1.29971
all_reduce_perf,3,24,16777216,4194304,float,sum,741.5,22.63,43.37,0,740.78,22.65,43.41,0,TREE,LL,48,TREE,LL,48,0,TREE,A_flag_ceiling,3,1.81986
all_reduce_perf,3,24,33554432,8388608,float,sum,1407.36,23.84,45.7,0,1405.33,23.88,45.76,0,TREE,LL,48,TREE,LL,48,0,TREE,A_flag_ceiling,3,1.04895
all_reduce_perf,3,24,67108864,16777216,float,sum,2674.74,25.09,48.09,0,2688.55,24.96,47.84,0,TREE,LL,48,TREE,LL,48,0,TREE,A_flag_ceiling,3,1.44231
all_reduce_perf,3,24,134217728,33554432,float,sum,5280.69,25.42,48.72,0,5262.67,25.5,48.88,0,TREE,LL,48,TREE,LL,48,0,TREE,A_flag_ceiling,3,2.08674
all_reduce_perf,3,24,268435456,67108864,float,sum,10621.2,25.27,48.44,0,10708.5,25.07,48.05,0,TREE,LL,48,TREE,LL,48,0,TREE,A_flag_ceiling,3,3.68366
all_reduce_perf,3,24,536870912,134217728,float,sum,21048.2,25.51,48.89,0,21090.6,25.46,48.79,0,TREE,LL,48,TREE,LL,48,0,TREE,A_flag_ceiling,3,3.5663
all_reduce_perf,3,24,4096,1024,float,sum,83.37,0.05,0.09,0,80.12,0.05,0.1,0,TREE,LL128,48,TREE,LL128,48,0,TREE,A_flag_ceiling,3,0
all_reduce_perf,3,24,8192,2048,float,sum,83.7,0.1,0.19,0,83.01,0.1,0.19,0,TREE,LL128,48,TREE,LL128,48,0,TREE,A_flag_ceiling,3,0
all_reduce_perf,3,24,16384,4096,float,sum,84.85,0.19,0.37,0,83.29,0.2,0.38,0,TREE,LL128,48,TREE,LL128,48,0,TREE,A_flag_ceiling,3,0
all_reduce_perf,3,24,32768,8192,float,sum,84.68,0.39,0.74,0,83.8,0.39,0.75,0,TREE,LL128,48,TREE,LL128,48,0,TREE,A_flag_ceiling,3,66.6667
all_reduce_perf,3,24,65536,16384,float,sum,85.25,0.77,1.47,0,84.72,0.77,1.48,0,TREE,LL128,48,TREE,LL128,48,0,TREE,A_flag_ceiling,3,3.37838
all_reduce_perf,3,24,131072,32768,float,sum,87.06,1.51,2.89,0,87.7,1.49,2.86,0,TREE,LL128,48,TREE,LL128,48,0,TREE,A_flag_ceiling,3,4.8951
all_reduce_perf,3,24,262144,65536,float,sum,92.15,2.84,5.45,0,91.33,2.87,5.5,0,TREE,LL128,48,TREE,LL128,48,0,TREE,A_flag_ceiling,3,1.63636
all_reduce_perf,3,24,524288,131072,float,sum,98.38,5.33,10.21,0,98.12,5.34,10.24,0,TREE,LL128,48,TREE,LL128,48,0,TREE,A_flag_ceiling,3,0.195312
all_reduce_perf,3,24,1048576,262144,float,sum,106.48,9.85,18.87,0,106.67,9.83,18.84,0,TREE,LL128,48,TREE,LL128,48,0,TREE,A_flag_ceiling,3,0.424628
all_reduce_perf,3,24,2097152,524288,float,sum,114.57,18.31,35.08,0,114.26,18.35,35.18,0,TREE,LL128,48,TREE,LL128,48,0,TREE,A_flag_ceiling,3,0.284252
all_reduce_perf,3,24,4194304,1048576,float,sum,129.85,32.3,61.91,0,129.82,32.31,61.93,0,TREE,LL128,48,TREE,LL128,48,0,TREE,A_flag_ceiling,3,0.968836
all_reduce_perf,3,24,8388608,2097152,float,sum,158.84,52.81,101.22,0,157.34,53.32,102.19,0,TREE,LL128,48,TREE,LL128,48,0,TREE,A_flag_ceiling,3,6.30199
all_reduce_perf,3,24,16777216,4194304,float,sum,215.65,77.8,149.11,0,215.17,77.97,149.45,0,TREE,LL128,48,TREE,LL128,48,0,TREE,A_flag_ceiling,3,0.16728
all_reduce_perf,3,24,33554432,8388608,float,sum,345.26,97.19,186.27,0,344.9,97.29,186.47,0,TREE,LL128,48,TREE,LL128,48,0,TREE,A_flag_ceiling,3,3.55017
all_reduce_perf,3,24,67108864,16777216,float,sum,571.96,117.33,224.88,0,571.78,117.37,224.96,0,TREE,LL128,48,TREE,LL128,48,0,TREE,A_flag_ceiling,3,0.328947
all_reduce_perf,3,24,134217728,33554432,float,sum,1055.79,127.13,243.66,0,1054.22,127.31,244.02,0,TREE,LL128,48,TREE,LL128,48,0,TREE,A_flag_ceiling,3,0.430293
all_reduce_perf,3,24,268435456,67108864,float,sum,2008.66,133.64,256.14,0,2009.35,133.59,256.05,0,TREE,LL128,48,TREE,LL128,48,0,TREE,A_flag_ceiling,3,0.24214
all_reduce_perf,3,24,536870912,134217728,float,sum,3889.81,138.02,264.54,0,3895,137.84,264.19,0,TREE,LL128,48,TREE,LL128,48,0,TREE,A_flag_ceiling,3,0.181687
all_reduce_perf,3,24,4096,1024,float,sum,72.62,0.06,0.11,0,72.34,0.06,0.11,0,TREE,LL,2,,,,0,TREE,A_flag_ceiling,3,0
all_reduce_perf,3,24,8192,2048,float,sum,74.1,0.11,0.21,0,72.95,0.11,0.22,0,TREE,LL,4,,,,0,TREE,A_flag_ceiling,3,4.54545
all_reduce_perf,3,24,16384,4096,float,sum,74.59,0.22,0.42,0,73.14,0.22,0.43,0,TREE,LL,8,,,,0,TREE,A_flag_ceiling,3,4.65116
all_reduce_perf,3,24,32768,8192,float,sum,76.36,0.43,0.82,0,75.62,0.43,0.83,0,TREE,LL,16,,,,0,TREE,A_flag_ceiling,3,0
all_reduce_perf,3,24,65536,16384,float,sum,81.2,0.81,1.55,0,81.45,0.8,1.54,0,TREE,LL,32,,,,0,TREE,A_flag_ceiling,3,38.3117
all_reduce_perf,3,24,131072,32768,float,sum,91.71,1.43,2.74,0,91.25,1.44,2.75,0,TREE,LL,48,,,,0,TREE,A_flag_ceiling,3,31.6364
all_reduce_perf,3,24,262144,65536,float,sum,102.64,2.55,4.9,0,102.65,2.55,4.89,0,TREE,LL,48,,,,0,TREE,A_flag_ceiling,3,0.204499
all_reduce_perf,3,24,524288,131072,float,sum,98.55,5.32,10.2,0,98.22,5.34,10.23,0,TREE,LL128,48,,,,0,TREE,A_flag_ceiling,3,1.27077
all_reduce_perf,3,24,1048576,262144,float,sum,105.86,9.91,18.99,0,106.53,9.84,18.87,0,TREE,LL128,48,,,,0,TREE,A_flag_ceiling,3,1.21887
all_reduce_perf,3,24,2097152,524288,float,sum,114.99,18.24,34.96,0,114.76,18.27,35.02,0,TREE,LL128,48,,,,0,TREE,A_flag_ceiling,3,0.799543
all_reduce_perf,3,24,4194304,1048576,float,sum,129.76,32.32,61.95,0,130.47,32.15,61.61,0,TREE,LL128,48,,,,0,TREE,A_flag_ceiling,3,2.20743
all_reduce_perf,3,24,8388608,2097152,float,sum,159.22,52.69,100.98,0,156.63,53.56,102.65,0,TREE,LL128,48,,,,0,TREE,A_flag_ceiling,3,1.40283
all_reduce_perf,3,24,16777216,4194304,float,sum,216.14,77.62,148.78,0,215.51,77.85,149.21,0,TREE,LL128,48,,,,0,TREE,A_flag_ceiling,3,0.824342
all_reduce_perf,3,24,33554432,8388608,float,sum,351.86,95.36,182.78,0,345.08,97.24,186.37,0,TREE,LL128,48,,,,0,TREE,A_flag_ceiling,3,0.627783
all_reduce_perf,3,24,67108864,16777216,float,sum,479.28,140.02,268.37,0,478.89,140.13,268.59,0,RING,LL128,48,,,,0,RING,A_flag_ceiling,3,0.0148926
all_reduce_perf,3,24,134217728,33554432,float,sum,1057.47,126.92,243.27,0,1051.26,127.67,244.71,0,RING,LL128,48,,,,0,RING,A_flag_ceiling,3,1.30358
all_reduce_perf,3,24,268435456,67108864,float,sum,1739.92,154.28,295.7,0,1738.38,154.42,295.97,0,RING,LL128,48,,,,0,RING,A_flag_ceiling,3,0.479778
all_reduce_perf,3,24,536870912,134217728,float,sum,2748.78,195.31,374.35,0,2751.22,195.14,374.02,0,RING,SIMPLE,48,,,,0,RING,A_flag_ceiling,3,0.0374312
